time,"V(B1|XDUT)","V(B2|XDUT)","V(B1|XLOAD)","V(B2|XLOAD)","P(B1|XDUT)","P(B2|XDUT)","P(B1|XLOAD)","P(B2|XLOAD)"
0.000000e+00,0.000000e+00,0.000000e+00,0.000000e+00,0.000000e+00,0.000000e+00,0.000000e+00,0.000000e+00,0.000000e+00
5.000000e-14,2.629074e-07,2.881130e-07,2.867246e-07,2.577710e-07,2.662844e-05,2.918138e-05,2.904076e-05,2.610820e-05
1.000000e-13,8.706306e-07,9.540001e-07,9.493609e-07,8.527833e-07,1.236860e-04,1.355339e-04,1.348766e-04,1.211847e-04
1.500000e-13,1.842067e-06,2.018852e-06,2.008930e-06,1.802259e-06,3.426113e-04,3.754632e-04,3.736286e-04,3.354177e-04
2.000000e-13,3.170516e-06,3.476659e-06,3.459360e-06,3.098007e-06,7.367105e-04,8.075712e-04,8.035921e-04,7.206088e-04
2.500000e-13,4.836427e-06,5.308207e-06,5.281423e-06,4.718997e-06,1.357932e-03,1.489246e-03,1.481840e-03,1.326967e-03
3.000000e-13,6.812056e-06,7.486093e-06,7.447714e-06,6.635972e-06,2.254962e-03,2.474697e-03,2.462260e-03,2.201208e-03
3.500000e-13,9.063523e-06,9.976805e-06,9.924731e-06,8.813520e-06,3.471966e-03,3.813676e-03,3.794288e-03,3.385294e-03
4.000000e-13,1.155206e-05,1.274189e-05,1.267403e-05,1.121135e-05,5.047679e-03,5.550558e-03,5.521981e-03,4.915526e-03
4.500000e-13,1.423507e-05,1.573887e-05,1.565314e-05,1.378539e-05,7.014709e-03,7.723623e-03,7.683298e-03,6.821849e-03
5.000000e-13,1.706707e-05,1.892205e-05,1.881636e-05,1.648877e-05,9.399014e-03,1.036449e-02,1.030954e-02,9.127347e-03
5.500000e-13,2.000070e-05,2.224339e-05,2.211565e-05,1.927292e-05,1.221954e-02,1.349769e-02,1.342493e-02,1.184789e-02
6.000000e-13,2.298772e-05,2.565333e-05,2.550142e-05,2.208858e-05,1.548802e-02,1.714037e-02,1.704629e-02,1.499197e-02
6.500000e-13,2.597995e-05,2.910166e-05,2.892343e-05,2.488683e-05,1.920888e-02,2.130215e-02,2.118291e-02,1.856065e-02
7.000000e-13,2.893024e-05,3.253832e-05,3.233159e-05,2.762008e-05,2.337935e-02,2.598503e-02,2.583647e-02,2.254769e-02
7.500000e-13,3.179333e-05,3.591427e-05,3.567682e-05,3.024305e-05,2.798968e-02,3.118355e-02,3.100116e-02,2.693986e-02
8.000000e-13,3.452673e-05,3.918226e-05,3.891180e-05,3.271361e-05,3.302348e-02,3.688495e-02,3.666389e-02,3.171730e-02
8.500000e-13,3.709142e-05,4.229756e-05,4.199176e-05,3.499357e-05,3.845819e-02,4.306950e-02,4.280458e-02,3.685408e-02
9.000000e-13,3.945255e-05,4.521866e-05,4.487514e-05,3.704940e-05,4.426570e-02,4.971097e-02,4.939663e-02,4.231888e-02
9.500000e-13,4.158001e-05,4.790791e-05,4.752423e-05,3.885281e-05,5.041294e-02,5.677712e-02,5.640745e-02,4.807566e-02
1.000000e-12,4.344885e-05,5.033201e-05,4.990573e-05,4.038115e-05,5.686272e-02,6.423035e-02,6.379907e-02,5.408457e-02
1.050000e-12,4.503963e-05,5.246256e-05,5.199121e-05,4.161780e-05,6.357446e-02,7.202841e-02,7.152884e-02,6.030278e-02
1.100000e-12,4.633865e-05,5.427636e-05,5.375752e-05,4.255235e-05,7.050510e-02,8.012512e-02,7.955024e-02,6.668541e-02
1.150000e-12,4.733805e-05,5.575575e-05,5.518703e-05,4.318062e-05,7.760992e-02,8.847121e-02,8.781363e-02,7.318648e-02
1.200000e-12,4.803576e-05,5.688874e-05,5.626788e-05,4.350464e-05,8.484347e-02,9.701519e-02,9.626715e-02,7.975985e-02
1.250000e-12,4.843540e-05,5.766917e-05,5.699402e-05,4.353240e-05,9.216041e-02,1.057042e-01,1.048576e-01,8.636013e-02
1.300000e-12,4.854601e-05,5.809663e-05,5.736525e-05,4.327759e-05,9.951635e-02,1.144848e-01,1.135313e-01,9.294357e-02
1.350000e-12,4.838172e-05,5.817639e-05,5.738712e-05,4.275909e-05,1.068686e-01,1.233040e-01,1.222350e-01,9.946889e-02
1.400000e-12,4.796131e-05,5.791920e-05,5.707069e-05,4.200052e-05,1.141771e-01,1.321101e-01,1.309166e-01,1.058980e-01
1.450000e-12,4.730770e-05,5.734102e-05,5.643228e-05,4.102959e-05,1.214048e-01,1.408532e-01,1.395261e-01,1.121967e-01
1.500000e-12,4.644736e-05,5.646259e-05,5.549311e-05,3.987741e-05,1.285185e-01,1.494864e-01,1.480166e-01,1.183352e-01
1.550000e-12,4.540968e-05,5.530909e-05,5.427885e-05,3.857777e-05,1.354890e-01,1.579660e-01,1.563443e-01,1.242887e-01
1.600000e-12,4.422634e-05,5.390956e-05,5.281911e-05,3.716639e-05,1.422919e-01,1.662528e-01,1.644700e-01,1.300376e-01
1.650000e-12,4.293055e-05,5.229637e-05,5.114690e-05,3.568008e-05,1.489078e-01,1.743119e-01,1.723590e-01,1.355677e-01
1.700000e-12,4.155644e-05,5.050465e-05,4.929800e-05,3.415602e-05,1.553221e-01,1.821136e-01,1.799817e-01,1.408706e-01
1.750000e-12,4.013829e-05,4.857160e-05,4.731035e-05,3.263095e-05,1.615256e-01,1.896337e-01,1.873145e-01,1.459432e-01
1.800000e-12,3.870992e-05,4.653592e-05,4.522337e-05,3.114042e-05,1.675141e-01,1.968537e-01,1.943391e-01,1.507881e-01
1.850000e-12,3.730401e-05,4.443708e-05,4.307729e-05,2.971814e-05,1.732886e-01,2.037612e-01,2.010438e-01,1.554131e-01
1.900000e-12,3.595157e-05,4.231471e-05,4.091249e-05,2.839531e-05,1.788548e-01,2.103495e-01,2.074224e-01,1.598308e-01
1.950000e-12,3.468133e-05,4.020793e-05,3.876882e-05,2.720006e-05,1.842229e-01,2.166181e-01,2.134753e-01,1.640583e-01
2.000000e-12,3.351932e-05,3.815474e-05,3.668500e-05,2.615699e-05,1.894072e-01,2.225721e-01,2.192086e-01,1.681167e-01
2.050000e-12,3.248847e-05,3.619141e-05,3.469796e-05,2.528675e-05,1.944259e-01,2.282224e-01,2.246340e-01,1.720307e-01
2.100000e-12,3.160824e-05,3.435196e-05,3.284228e-05,2.460577e-05,1.993002e-01,2.335851e-01,2.297689e-01,1.758275e-01
2.150000e-12,3.089442e-05,3.266763e-05,3.114973e-05,2.412603e-05,2.040541e-01,2.386814e-01,2.346356e-01,1.795367e-01
2.200000e-12,3.035896e-05,3.116643e-05,2.964870e-05,2.385496e-05,2.087136e-01,2.435369e-01,2.392607e-01,1.831893e-01
2.250000e-12,3.000985e-05,2.987279e-05,2.836390e-05,2.379546e-05,2.133064e-01,2.481810e-01,2.436753e-01,1.868169e-01
2.300000e-12,2.985117e-05,2.880719e-05,2.731595e-05,2.394595e-05,2.178607e-01,2.526468e-01,2.479135e-01,1.904515e-01
2.350000e-12,2.988314e-05,2.798591e-05,2.652113e-05,2.430058e-05,2.224055e-01,2.569699e-01,2.520124e-01,1.941243e-01
2.400000e-12,3.010225e-05,2.742089e-05,2.599121e-05,2.484948e-05,2.269694e-01,2.611883e-01,2.560112e-01,1.978654e-01
2.450000e-12,3.050150e-05,2.711959e-05,2.573332e-05,2.557911e-05,2.315800e-01,2.653412e-01,2.599505e-01,2.017032e-01
2.500000e-12,3.107067e-05,2.708495e-05,2.574990e-05,2.647265e-05,2.362638e-01,2.694688e-01,2.638717e-01,2.056637e-01
2.550000e-12,3.179666e-05,2.731545e-05,2.603877e-05,2.751046e-05,2.410456e-01,2.736113e-01,2.678161e-01,2.097703e-01
2.600000e-12,3.266385e-05,2.780519e-05,2.659320e-05,2.867061e-05,2.459479e-01,2.778083e-01,2.718243e-01,2.140430e-01
2.650000e-12,3.365448e-05,2.854413e-05,2.740214e-05,2.992940e-05,2.509906e-01,2.820984e-01,2.759358e-01,2.184987e-01
2.700000e-12,3.474915e-05,2.951827e-05,2.845046e-05,3.126193e-05,2.561911e-01,2.865182e-01,2.801879e-01,2.231502e-01
2.750000e-12,3.592721e-05,3.070997e-05,2.971928e-05,3.264263e-05,2.615635e-01,2.911019e-01,2.846154e-01,2.280069e-01
2.800000e-12,3.716726e-05,3.209837e-05,3.118631e-05,3.404586e-05,2.671187e-01,2.958809e-01,2.892499e-01,2.330742e-01
2.850000e-12,3.844754e-05,3.365970e-05,3.282634e-05,3.544644e-05,2.728646e-01,3.008831e-01,2.941195e-01,2.383534e-01
2.900000e-12,3.974646e-05,3.536782e-05,3.461168e-05,3.682016e-05,2.788056e-01,3.061327e-01,2.992484e-01,2.438425e-01
2.950000e-12,4.104292e-05,3.719463e-05,3.651268e-05,3.814424e-05,2.849430e-01,3.116498e-01,3.046562e-01,2.495356e-01
3.000000e-12,4.231679e-05,3.911062e-05,3.849826e-05,3.939778e-05,2.912748e-01,3.174501e-01,3.103580e-01,2.554237e-01
3.050000e-12,4.354920e-05,4.108538e-05,4.053645e-05,4.056212e-05,2.977962e-01,3.235449e-01,3.163644e-01,2.614947e-01
3.100000e-12,4.472288e-05,4.308812e-05,4.259498e-05,4.162115e-05,3.044998e-01,3.299406e-01,3.226807e-01,2.677339e-01
3.150000e-12,4.582243e-05,4.508819e-05,4.464183e-05,4.256157e-05,3.113754e-01,3.366393e-01,3.293077e-01,2.741245e-01
3.200000e-12,4.683454e-05,4.705561e-05,4.664573e-05,4.337302e-05,3.184109e-01,3.436382e-01,3.362411e-01,2.806477e-01
3.250000e-12,4.774812e-05,4.896152e-05,4.857676e-05,4.404824e-05,3.255922e-01,3.509302e-01,3.434724e-01,2.872835e-01
3.300000e-12,4.855449e-05,5.077870e-05,5.040674e-05,4.458305e-05,3.329038e-01,3.585039e-01,3.509882e-01,2.940110e-01
3.350000e-12,4.924734e-05,5.248196e-05,5.210977e-05,4.497637e-05,3.403290e-01,3.663441e-01,3.587714e-01,3.008089e-01
3.400000e-12,4.982283e-05,5.404849e-05,5.366259e-05,4.523005e-05,3.478503e-01,3.744318e-01,3.668010e-01,3.076560e-01
3.450000e-12,5.027950e-05,5.545828e-05,5.504493e-05,4.534879e-05,3.554500e-01,3.827448e-01,3.750527e-01,3.145315e-01
3.500000e-12,5.061820e-05,5.669430e-05,5.623979e-05,4.533985e-05,3.631100e-01,3.912580e-01,3.834995e-01,3.214156e-01
3.550000e-12,5.084193e-05,5.774280e-05,5.723371e-05,4.521285e-05,3.708129e-01,3.999442e-01,3.921120e-01,3.282896e-01
3.600000e-12,5.095574e-05,5.859341e-05,5.801688e-05,4.497943e-05,3.785415e-01,4.087742e-01,4.008590e-01,3.351367e-01
3.650000e-12,5.096645e-05,5.923927e-05,5.858327e-05,4.465291e-05,3.862799e-01,4.177176e-01,4.097083e-01,3.419417e-01
3.700000e-12,5.088249e-05,5.967708e-05,5.893062e-05,4.424798e-05,3.940129e-01,4.267430e-01,4.186268e-01,3.486916e-01
3.750000e-12,5.071363e-05,5.990703e-05,5.906045e-05,4.378027e-05,4.017271e-01,4.358192e-01,4.275815e-01,3.553759e-01
3.800000e-12,5.047070e-05,5.993275e-05,5.897791e-05,4.326603e-05,4.094104e-01,4.449148e-01,4.365400e-01,3.619861e-01
3.850000e-12,5.016537e-05,5.976114e-05,5.869161e-05,4.272172e-05,4.170525e-01,4.539996e-01,4.454707e-01,3.685166e-01
3.900000e-12,4.980985e-05,5.940224e-05,5.821346e-05,4.216368e-05,4.246448e-01,4.630444e-01,4.543437e-01,3.749640e-01
3.950000e-12,4.941663e-05,5.886889e-05,5.755831e-05,4.160775e-05,4.321807e-01,4.720218e-01,4.631312e-01,3.813273e-01
4.000000e-12,4.899821e-05,5.817655e-05,5.674370e-05,4.106900e-05,4.396554e-01,4.809066e-01,4.718076e-01,3.876081e-01
4.050000e-12,4.856691e-05,5.734294e-05,5.578947e-05,4.056139e-05,4.470661e-01,4.896762e-01,4.803503e-01,3.938099e-01
4.100000e-12,4.813457e-05,5.638765e-05,5.471739e-05,4.009759e-05,4.544116e-01,4.983106e-01,4.887399e-01,3.999384e-01
4.150000e-12,4.771243e-05,5.533188e-05,5.355074e-05,3.968870e-05,4.616926e-01,5.067930e-01,4.969603e-01,4.060011e-01
4.200000e-12,4.731087e-05,5.419795e-05,5.231389e-05,3.934415e-05,4.689115e-01,5.151099e-01,5.049990e-01,4.120070e-01
4.250000e-12,4.693934e-05,5.300899e-05,5.103188e-05,3.907153e-05,4.760720e-01,5.232512e-01,5.128473e-01,4.179663e-01
4.300000e-12,4.660617e-05,5.178848e-05,4.972998e-05,3.887654e-05,4.831793e-01,5.312103e-01,5.205003e-01,4.238903e-01
4.350000e-12,4.631853e-05,5.055993e-05,4.843325e-05,3.876296e-05,4.902398e-01,5.389843e-01,5.279568e-01,4.297911e-01
4.400000e-12,4.608233e-05,4.934645e-05,4.716614e-05,3.873264e-05,4.972607e-01,5.465736e-01,5.352195e-01,4.356810e-01
4.450000e-12,4.590221e-05,4.817042e-05,4.595214e-05,3.878559e-05,5.042502e-01,5.539823e-01,5.422947e-01,4.415727e-01
4.500000e-12,4.578151e-05,4.705314e-05,4.481333e-05,3.892007e-05,5.112170e-01,5.612176e-01,5.491920e-01,4.474786e-01
4.550000e-12,4.572233e-05,4.601452e-05,4.377015e-05,3.913266e-05,5.181702e-01,5.682900e-01,5.559243e-01,4.534107e-01
4.600000e-12,4.572554e-05,4.507280e-05,4.284100e-05,3.941852e-05,5.251192e-01,5.752126e-01,5.625075e-01,4.593806e-01
4.650000e-12,4.579084e-05,4.424431e-05,4.204207e-05,3.977149e-05,5.320735e-01,5.820014e-01,5.689602e-01,4.653988e-01
4.700000e-12,4.591689e-05,4.354323e-05,4.138709e-05,4.018434e-05,5.390422e-01,5.886746e-01,5.753029e-01,4.714749e-01
4.750000e-12,4.610138e-05,4.298148e-05,4.088716e-05,4.064895e-05,5.460345e-01,5.952523e-01,5.815584e-01,4.776174e-01
4.800000e-12,4.634115e-05,4.256851e-05,4.055064e-05,4.115660e-05,5.530589e-01,6.017565e-01,5.877507e-01,4.838334e-01
4.850000e-12,4.663232e-05,4.231128e-05,4.038306e-05,4.169814e-05,5.601235e-01,6.082100e-01,5.939050e-01,4.901288e-01
4.900000e-12,4.697040e-05,4.221417e-05,4.038712e-05,4.226425e-05,5.672357e-01,6.146368e-01,6.000470e-01,4.965080e-01
4.950000e-12,4.735048e-05,4.227903e-05,4.056273e-05,4.284567e-05,5.744023e-01,6.210613e-01,6.062027e-01,5.029740e-01
5.000000e-12,4.776731e-05,4.250514e-05,4.090703e-05,4.343338e-05,5.816293e-01,6.275079e-01,6.123979e-01,5.095284e-01
5.050000e-12,4.795253e-05,4.260123e-05,4.112781e-05,4.376107e-05,5.888951e-01,6.339716e-01,6.186285e-01,5.161456e-01
5.100000e-12,4.781791e-05,4.247111e-05,4.112695e-05,4.374070e-05,5.961603e-01,6.404278e-01,6.248709e-01,5.227815e-01
5.150000e-12,4.733782e-05,4.208430e-05,4.087169e-05,4.334691e-05,6.033766e-01,6.468424e-01,6.310914e-01,5.293839e-01
5.200000e-12,4.651172e-05,4.143470e-05,4.035352e-05,4.258018e-05,6.104929e-01,6.531773e-01,6.372521e-01,5.358974e-01
5.250000e-12,4.535149e-05,4.052674e-05,3.957450e-05,4.145426e-05,6.174585e-01,6.593936e-01,6.433139e-01,5.422672e-01
5.300000e-12,4.387681e-05,3.937058e-05,3.854252e-05,3.999168e-05,6.242243e-01,6.654534e-01,6.492383e-01,5.484411e-01
5.350000e-12,4.211328e-05,3.798038e-05,3.726957e-05,3.822174e-05,6.307451e-01,6.713201e-01,6.549879e-01,5.543703e-01
5.400000e-12,4.009126e-05,3.637343e-05,3.577102e-05,3.617932e-05,6.369793e-01,6.769598e-01,6.605275e-01,5.600111e-01
5.450000e-12,3.784501e-05,3.456970e-05,3.406511e-05,3.390385e-05,6.428904e-01,6.823410e-01,6.658243e-01,5.653253e-01
5.500000e-12,3.541185e-05,3.259138e-05,3.217261e-05,3.143843e-05,6.484475e-01,6.874358e-01,6.708485e-01,5.702809e-01
5.550000e-12,3.283138e-05,3.046251e-05,3.011642e-05,2.882876e-05,6.536252e-01,6.922194e-01,6.755736e-01,5.748527e-01
5.600000e-12,3.014464e-05,2.820861e-05,2.792128e-05,2.612223e-05,6.584042e-01,6.966710e-01,6.799766e-01,5.790224e-01
5.650000e-12,2.739332e-05,2.585629e-05,2.561332e-05,2.336692e-05,6.627718e-01,7.007738e-01,6.840385e-01,5.827790e-01
5.700000e-12,2.461898e-05,2.343285e-05,2.321978e-05,2.061064e-05,6.667211e-01,7.045147e-01,6.877442e-01,5.861187e-01
5.750000e-12,2.186232e-05,2.096599e-05,2.076858e-05,1.789998e-05,6.702519e-01,7.078852e-01,6.910830e-01,5.890450e-01
5.800000e-12,1.916248e-05,1.848335e-05,1.828800e-05,1.527952e-05,6.733697e-01,7.108808e-01,6.940483e-01,5.915680e-01
5.850000e-12,1.655640e-05,1.601226e-05,1.580630e-05,1.279091e-05,6.760859e-01,7.135011e-01,6.966376e-01,5.937045e-01
5.900000e-12,1.407820e-05,1.357938e-05,1.335140e-05,1.047223e-05,6.784172e-01,7.157500e-01,6.988530e-01,5.954773e-01
5.950000e-12,1.175877e-05,1.121036e-05,1.095051e-05,8.357327e-06,6.803852e-01,7.176350e-01,7.007006e-01,5.969147e-01
6.000000e-12,9.625230e-06,8.929610e-06,8.629839e-06,6.475257e-06,6.820162e-01,7.191678e-01,7.021905e-01,5.980497e-01
6.050000e-12,7.700660e-06,6.759998e-06,6.414271e-06,4.849871e-06,6.833398e-01,7.203634e-01,7.033368e-01,5.989193e-01
6.100000e-12,6.003793e-06,4.722618e-06,4.327085e-06,3.499488e-06,6.843890e-01,7.212402e-01,7.041572e-01,5.995636e-01
6.150000e-12,4.548846e-06,2.836572e-06,2.389687e-06,2.436688e-06,6.851995e-01,7.218198e-01,7.046727e-01,6.000251e-01
6.200000e-12,3.345423e-06,1.118777e-06,6.213627e-07,1.668223e-06,6.858085e-01,7.221263e-01,7.049075e-01,6.003479e-01
6.250000e-12,2.398502e-06,-4.161968e-07,-9.609395e-07,1.195041e-06,6.862545e-01,7.221864e-01,7.048884e-01,6.005766e-01
6.300000e-12,1.708506e-06,-1.756264e-06,-2.342804e-06,1.012423e-06,6.865762e-01,7.220285e-01,7.046447e-01,6.007553e-01
6.350000e-12,1.271448e-06,-2.891932e-06,-3.512512e-06,1.110231e-06,6.868122e-01,7.216830e-01,7.042078e-01,6.009274e-01
6.400000e-12,1.079158e-06,-3.816377e-06,-4.461171e-06,1.473253e-06,6.870001e-01,7.211812e-01,7.036102e-01,6.011339e-01
6.450000e-12,1.119567e-06,-4.525490e-06,-5.182817e-06,2.081640e-06,6.871762e-01,7.205556e-01,7.028861e-01,6.014136e-01
6.500000e-12,1.377065e-06,-5.017891e-06,-5.674479e-06,2.911430e-06,6.873743e-01,7.198389e-01,7.020700e-01,6.018018e-01
6.550000e-12,1.832895e-06,-5.294915e-06,-5.936201e-06,3.935130e-06,6.876260e-01,7.190637e-01,7.011968e-01,6.023297e-01
6.600000e-12,2.465609e-06,-5.360560e-06,-5.971039e-06,5.122369e-06,6.879597e-01,7.182623e-01,7.003009e-01,6.030245e-01
6.650000e-12,3.251545e-06,-5.221410e-06,-5.785006e-06,6.440580e-06,6.884002e-01,7.174663e-01,6.994163e-01,6.039084e-01
6.700000e-12,4.165336e-06,-4.886519e-06,-5.386985e-06,7.855714e-06,6.889689e-01,7.167061e-01,6.985759e-01,6.049987e-01
6.750000e-12,5.180432e-06,-4.367277e-06,-4.788602e-06,9.332968e-06,6.896832e-01,7.160103e-01,6.978107e-01,6.063074e-01
6.800000e-12,6.269623e-06,-3.677233e-06,-4.004060e-06,1.083750e-05,6.905563e-01,7.154060e-01,6.971501e-01,6.078414e-01
6.850000e-12,7.405565e-06,-2.831901e-06,-3.049936e-06,1.233513e-05,6.915974e-01,7.149177e-01,6.966210e-01,6.096020e-01
6.900000e-12,8.561279e-06,-1.848541e-06,-1.944945e-06,1.379302e-05,6.928116e-01,7.145677e-01,6.962476e-01,6.115859e-01
6.950000e-12,9.710632e-06,-7.459115e-07,-7.096710e-07,1.518026e-05,6.941998e-01,7.143755e-01,6.960513e-01,6.137847e-01
7.000000e-12,1.082879e-05,4.559875e-07,6.337279e-07,1.646849e-05,6.957594e-01,7.143576e-01,6.960500e-01,6.161857e-01
7.050000e-12,1.189260e-05,1.736196e-06,2.061842e-06,1.763231e-05,6.974838e-01,7.145275e-01,6.962584e-01,6.187719e-01
7.100000e-12,1.288100e-05,3.073080e-06,3.550349e-06,1.864977e-05,6.993632e-01,7.148954e-01,6.966875e-01,6.215229e-01
7.150000e-12,1.377525e-05,4.444630e-06,5.074370e-06,1.950267e-05,7.013849e-01,7.154682e-01,6.973445e-01,6.244152e-01
7.200000e-12,1.455923e-05,5.828760e-06,6.608829e-06,2.017678e-05,7.035334e-01,7.162495e-01,6.982328e-01,6.274229e-01
7.250000e-12,1.521964e-05,7.203605e-06,8.128822e-06,2.066203e-05,7.057911e-01,7.172395e-01,6.993523e-01,6.305182e-01
7.300000e-12,1.574608e-05,8.547818e-06,9.609981e-06,2.095254e-05,7.081385e-01,7.184353e-01,7.006988e-01,6.336721e-01
7.350000e-12,1.613115e-05,9.840851e-06,1.102883e-05,2.104661e-05,7.105548e-01,7.198306e-01,7.022647e-01,6.368552e-01
7.450000e-12,1.646250e-05,1.219680e-05,1.359212e-05,2.065876e-05,7.155069e-01,7.231801e-01,7.060069e-01,6.431910e-01
7.500000e-12,1.640871e-05,1.322496e-05,1.469700e-05,2.019290e-05,7.179984e-01,7.251076e-01,7.081515e-01,6.462873e-01
7.550000e-12,1.621315e-05,1.413288e-05,1.566101e-05,1.956212e-05,7.204710e-01,7.271815e-01,7.104525e-01,6.493008e-01
7.600000e-12,1.588237e-05,1.490767e-05,1.646973e-05,1.878241e-05,7.229038e-01,7.293827e-01,7.128877e-01,6.522076e-01
7.650000e-12,1.542519e-05,1.553853e-05,1.711127e-05,1.787221e-05,7.252771e-01,7.316903e-01,7.154325e-01,6.549867e-01
7.700000e-12,1.485241e-05,1.601688e-05,1.757643e-05,1.685195e-05,7.275725e-01,7.340817e-01,7.180610e-01,6.576200e-01
7.750000e-12,1.417651e-05,1.633644e-05,1.785881e-05,1.574356e-05,7.297735e-01,7.365335e-01,7.207460e-01,6.600923e-01
7.800000e-12,1.341136e-05,1.649328e-05,1.795484e-05,1.456997e-05,7.318656e-01,7.390213e-01,7.234595e-01,6.623921e-01
7.850000e-12,1.257188e-05,1.648584e-05,1.786383e-05,1.335461e-05,7.338362e-01,7.415203e-01,7.261734e-01,6.645113e-01
7.900000e-12,1.167371e-05,1.631493e-05,1.758797e-05,1.212091e-05,7.356755e-01,7.440058e-01,7.288594e-01,6.664454e-01
7.950000e-12,1.073288e-05,1.598367e-05,1.713221e-05,1.089182e-05,7.373757e-01,7.464531e-01,7.314900e-01,6.681932e-01
8.000000e-12,9.765513e-06,1.549741e-05,1.650418e-05,9.689364e-06,7.389315e-01,7.488386e-01,7.340384e-01,6.697572e-01
8.050000e-12,8.787491e-06,1.486364e-05,1.571403e-05,8.534228e-06,7.403401e-01,7.511392e-01,7.364795e-01,6.711430e-01
8.100000e-12,7.814179e-06,1.409183e-05,1.477429e-05,7.445370e-06,7.416011e-01,7.533333e-01,7.387896e-01,6.723590e-01
8.150000e-12,6.860162e-06,1.319330e-05,1.369957e-05,6.439710e-06,7.427163e-01,7.554010e-01,7.409472e-01,6.734165e-01
8.200000e-12,5.939003e-06,1.218102e-05,1.250640e-05,5.531845e-06,7.436895e-01,7.573240e-01,7.429331e-01,6.743294e-01
8.250000e-12,5.063037e-06,1.106941e-05,1.121291e-05,4.733839e-06,7.445267e-01,7.590861e-01,7.447307e-01,6.751131e-01
8.300000e-12,4.243196e-06,9.874115e-06,9.838524e-06,4.055059e-06,7.452356e-01,7.606736e-01,7.463265e-01,6.757851e-01
8.350000e-12,3.488869e-06,8.611785e-06,8.403708e-06,3.502082e-06,7.458252e-01,7.620750e-01,7.477095e-01,6.763638e-01
8.400000e-12,2.807799e-06,7.299826e-06,6.929596e-06,3.078655e-06,7.463062e-01,7.632815e-01,7.488724e-01,6.768685e-01
8.450000e-12,2.206010e-06,5.956149e-06,5.437689e-06,2.785719e-06,7.466899e-01,7.642869e-01,7.498108e-01,6.773189e-01
8.500000e-12,1.687781e-06,4.598917e-06,3.949518e-06,2.621487e-06,7.469888e-01,7.650879e-01,7.505236e-01,6.777345e-01
8.550000e-12,1.255643e-06,3.246289e-06,2.486318e-06,2.581579e-06,7.472156e-01,7.656836e-01,7.510130e-01,6.781345e-01
8.600000e-12,9.104212e-07,1.916168e-06,1.068710e-06,2.659207e-06,7.473834e-01,7.660763e-01,7.512844e-01,6.785372e-01
8.650000e-12,6.512968e-07,6.259561e-07,-2.836072e-07,2.845398e-06,7.475053e-01,7.662706e-01,7.513462e-01,6.789596e-01
8.700000e-12,4.759074e-07,-6.076860e-07,-1.552150e-06,3.129267e-06,7.475941e-01,7.662738e-01,7.512095e-01,6.794174e-01
8.750000e-12,3.804683e-07,-1.769063e-06,-2.719918e-06,3.498311e-06,7.476623e-01,7.660957e-01,7.508885e-01,6.799243e-01
8.800000e-12,3.599180e-07,-2.843657e-06,-3.771643e-06,3.938734e-06,7.477215e-01,7.657483e-01,7.503995e-01,6.804922e-01
8.850000e-12,4.080807e-07,-3.818321e-06,-4.694005e-06,4.435786e-06,7.477825e-01,7.652458e-01,7.497611e-01,6.811308e-01
8.900000e-12,5.178458e-07,-4.681454e-06,-5.475822e-06,4.974114e-06,7.478553e-01,7.646041e-01,7.489936e-01,6.818474e-01
8.950000e-12,6.813556e-07,-5.423152e-06,-6.108201e-06,5.538112e-06,7.479486e-01,7.638410e-01,7.481192e-01,6.826472e-01
9.000000e-12,8.902011e-07,-6.035335e-06,-6.584657e-06,6.112268e-06,7.480698e-01,7.629753e-01,7.471607e-01,6.835329e-01
9.050000e-12,1.135619e-06,-6.511850e-06,-6.901187e-06,6.681492e-06,7.482253e-01,7.620272e-01,7.461423e-01,6.845049e-01
9.100000e-12,1.408686e-06,-6.848543e-06,-7.056315e-06,7.231435e-06,7.484198e-01,7.610175e-01,7.450881e-01,6.855613e-01
9.150000e-12,1.700511e-06,-7.043302e-06,-7.051084e-06,7.748767e-06,7.486568e-01,7.599675e-01,7.440225e-01,6.866983e-01
9.200000e-12,2.002411e-06,-7.096080e-06,-6.889020e-06,8.221437e-06,7.489387e-01,7.588988e-01,7.429696e-01,6.879100e-01
9.250000e-12,2.306081e-06,-7.008870e-06,-6.576043e-06,8.638888e-06,7.492662e-01,7.578327e-01,7.419526e-01,6.891888e-01
9.300000e-12,2.603745e-06,-6.785668e-06,-6.120355e-06,8.992236e-06,7.496391e-01,7.567901e-01,7.409937e-01,6.905259e-01
9.350000e-12,2.888287e-06,-6.432397e-06,-5.532277e-06,9.274404e-06,7.500559e-01,7.557910e-01,7.401137e-01,6.919110e-01
9.400000e-12,3.153365e-06,-5.956803e-06,-4.824064e-06,9.480214e-06,7.505143e-01,7.548546e-01,7.393318e-01,6.933328e-01
9.450000e-12,3.393502e-06,-5.368327e-06,-4.009679e-06,9.606434e-06,7.510107e-01,7.539988e-01,7.386650e-01,6.947798e-01
9.500000e-12,3.604154e-06,-4.677953e-06,-3.104550e-06,9.651778e-06,7.515413e-01,7.532397e-01,7.381283e-01,6.962397e-01
9.550000e-12,3.781750e-06,-3.898026e-06,-2.125299e-06,9.616867e-06,7.521012e-01,7.525919e-01,7.377342e-01,6.977003e-01
9.600000e-12,3.923720e-06,-3.042059e-06,-1.089456e-06,9.504147e-06,7.526852e-01,7.520678e-01,7.374924e-01,6.991498e-01
9.650000e-12,4.028489e-06,-2.124518e-06,-1.515599e-08,9.317767e-06,7.532879e-01,7.516780e-01,7.374103e-01,7.005768e-01
9.700000e-12,4.095455e-06,-1.160594e-06,1.079161e-06,9.063429e-06,7.539036e-01,7.514304e-01,7.374922e-01,7.019704e-01
9.750000e-12,4.124945e-06,-1.659684e-07,2.175060e-06,8.748204e-06,7.545266e-01,7.513311e-01,7.377399e-01,7.033210e-01
9.800000e-12,4.118152e-06,8.434336e-07,3.254418e-06,8.380324e-06,7.551514e-01,7.513835e-01,7.381520e-01,7.046200e-01
9.850000e-12,4.077058e-06,1.851685e-06,4.299711e-06,7.968959e-06,7.557726e-01,7.515884e-01,7.387249e-01,7.058601e-01
9.900000e-12,4.004342e-06,2.843101e-06,5.294299e-06,7.523973e-06,7.563853e-01,7.519447e-01,7.394521e-01,7.070356e-01
9.950000e-12,3.903275e-06,3.802476e-06,6.222682e-06,7.055681e-06,7.569848e-01,7.524486e-01,7.403247e-01,7.081420e-01
1.000000e-11,3.777609e-06,4.715308e-06,7.070740e-06,6.574597e-06,7.575673e-01,7.530942e-01,7.413318e-01,7.091767e-01
1.005000e-11,3.764010e-06,5.575858e-06,7.826401e-06,6.091213e-06,7.581427e-01,7.538741e-01,7.424602e-01,7.101386e-01
1.010000e-11,4.078524e-06,6.384548e-06,8.479682e-06,5.615757e-06,7.587476e-01,7.547808e-01,7.436951e-01,7.110280e-01
1.015000e-11,4.964528e-06,7.145527e-06,9.022700e-06,5.157960e-06,7.594520e-01,7.558067e-01,7.450207e-01,7.118469e-01
1.020000e-11,6.662105e-06,7.865481e-06,9.449736e-06,4.726850e-06,7.603616e-01,7.569453e-01,7.464196e-01,7.125986e-01
1.025000e-11,9.391903e-06,8.553230e-06,9.757306e-06,4.330570e-06,7.616161e-01,7.581912e-01,7.478742e-01,7.132878e-01
1.030000e-11,1.334660e-05,9.219697e-06,9.944218e-06,3.976222e-06,7.633860e-01,7.595403e-01,7.493663e-01,7.139202e-01
1.035000e-11,1.868617e-05,9.877969e-06,1.001160e-05,3.669743e-06,7.658686e-01,7.609905e-01,7.508776e-01,7.145027e-01
1.040000e-11,2.553523e-05,1.054337e-05,9.962894e-06,3.415802e-06,7.692825e-01,7.625417e-01,7.523905e-01,7.150429e-01
1.045000e-11,3.398169e-05,1.123344e-05,9.803806e-06,3.217742e-06,7.738622e-01,7.641966e-01,7.538878e-01,7.155488e-01
1.050000e-11,4.407642e-05,1.196789e-05,9.542221e-06,3.077547e-06,7.798531e-01,7.659604e-01,7.553533e-01,7.160292e-01
1.055000e-11,5.583396e-05,1.276837e-05,9.188085e-06,2.995838e-06,7.875052e-01,7.678416e-01,7.567725e-01,7.164927e-01
1.060000e-11,6.923393e-05,1.365823e-05,8.753245e-06,2.971908e-06,7.970682e-01,7.698520e-01,7.581321e-01,7.169483e-01
1.065000e-11,8.422350e-05,1.466217e-05,8.251262e-06,3.003782e-06,8.087864e-01,7.720072e-01,7.594210e-01,7.174044e-01
1.070000e-11,1.007205e-04,1.580579e-05,7.697197e-06,3.088306e-06,8.228939e-01,7.743264e-01,7.606303e-01,7.178692e-01
1.075000e-11,1.186175e-04,1.711508e-05,7.107369e-06,3.221265e-06,8.396105e-01,7.768330e-01,7.617532e-01,7.183504e-01
1.080000e-11,1.377861e-04,1.861593e-05,6.499099e-06,3.397512e-06,8.591383e-01,7.795541e-01,7.627858e-01,7.188549e-01
1.085000e-11,1.580827e-04,2.033351e-05,5.890429e-06,3.611129e-06,8.816589e-01,7.825205e-01,7.637266e-01,7.193888e-01
1.090000e-11,1.793537e-04,2.229174e-05,5.299839e-06,3.855598e-06,9.073315e-01,7.857672e-01,7.645770e-01,7.199573e-01
1.095000e-11,2.014418e-04,2.451267e-05,4.745952e-06,4.123971e-06,9.362920e-01,7.893321e-01,7.653411e-01,7.205645e-01
1.100000e-11,2.241923e-04,2.701597e-05,4.247240e-06,4.409068e-06,9.686527e-01,7.932568e-01,7.660260e-01,7.212135e-01
1.105000e-11,2.473266e-04,2.981066e-05,3.821266e-06,4.703628e-06,1.004490e+00,7.975843e-01,7.666414e-01,7.219062e-01
1.110000e-11,2.705021e-04,3.289742e-05,3.484542e-06,5.000507e-06,1.043833e+00,8.023588e-01,7.671994e-01,7.226436e-01
1.115000e-11,2.933686e-04,3.627095e-05,3.252389e-06,5.292855e-06,1.086662e+00,8.076240e-01,7.677148e-01,7.234255e-01
1.120000e-11,3.156035e-04,3.992107e-05,3.138726e-06,5.574287e-06,1.132903e+00,8.134225e-01,7.682046e-01,7.242507e-01
1.125000e-11,3.369315e-04,4.383320e-05,3.155838e-06,5.839033e-06,1.182443e+00,8.197949e-01,7.686874e-01,7.251171e-01
1.130000e-11,3.571344e-04,4.798852e-05,3.314151e-06,6.082063e-06,1.235129e+00,8.267796e-01,7.691841e-01,7.260220e-01
1.135000e-11,3.760572e-04,5.236412e-05,3.622022e-06,6.299202e-06,1.290779e+00,8.344115e-01,7.697165e-01,7.269616e-01
1.140000e-11,3.936094e-04,5.693328e-05,4.085564e-06,6.487212e-06,1.349196e+00,8.427219e-01,7.703077e-01,7.279319e-01
1.145000e-11,4.097654e-04,6.166592e-05,4.708514e-06,6.643855e-06,1.410171e+00,8.517378e-01,7.709817e-01,7.289282e-01
1.150000e-11,4.245612e-04,6.652911e-05,5.492142e-06,6.767928e-06,1.473498e+00,8.614815e-01,7.717626e-01,7.299458e-01
1.155000e-11,4.380910e-04,7.148787e-05,6.435209e-06,6.859271e-06,1.538978e+00,8.719700e-01,7.726747e-01,7.309798e-01
1.160000e-11,4.505017e-04,7.650597e-05,7.533969e-06,6.918754e-06,1.606434e+00,8.832150e-01,7.737419e-01,7.320252e-01
1.165000e-11,4.619864e-04,8.154692e-05,8.782222e-06,6.948237e-06,1.675711e+00,8.952228e-01,7.749871e-01,7.330774e-01
1.170000e-11,4.727783e-04,8.657498e-05,1.017142e-05,6.950500e-06,1.746689e+00,9.079941e-01,7.764323e-01,7.341321e-01
1.175000e-11,4.831435e-04,9.155629e-05,1.169080e-05,6.929164e-06,1.819283e+00,9.215245e-01,7.780982e-01,7.351855e-01
1.180000e-11,4.933747e-04,9.645992e-05,1.332762e-05,6.888580e-06,1.893452e+00,9.358045e-01,7.800034e-01,7.362343e-01
1.185000e-11,5.037850e-04,1.012590e-04,1.506733e-05,6.833714e-06,1.969201e+00,9.508204e-01,7.821645e-01,7.372761e-01
1.190000e-11,5.147027e-04,1.059315e-04,1.689392e-05,6.770005e-06,2.046582e+00,9.665550e-01,7.845960e-01,7.383090e-01
1.195000e-11,5.264664e-04,1.104618e-04,1.879020e-05,6.703230e-06,2.125698e+00,9.829879e-01,7.873096e-01,7.393323e-01
1.200000e-11,5.394210e-04,1.148408e-04,2.073811e-05,6.639345e-06,2.206706e+00,1.000097e+00,7.903146e-01,7.403458e-01
1.205000e-11,5.539151e-04,1.190672e-04,2.271915e-05,6.584340e-06,2.289811e+00,1.017860e+00,7.936174e-01,7.413506e-01
1.210000e-11,5.702977e-04,1.231478e-04,2.471473e-05,6.544085e-06,2.375275e+00,1.036254e+00,7.972215e-01,7.423483e-01
1.215000e-11,5.889162e-04,1.270983e-04,2.670657e-05,6.524184e-06,2.463411e+00,1.055258e+00,8.011279e-01,7.433417e-01
1.220000e-11,6.101133e-04,1.309437e-04,2.867711e-05,6.529841e-06,2.554585e+00,1.074855e+00,8.053345e-01,7.443342e-01
1.225000e-11,6.342239e-04,1.347180e-04,3.060989e-05,6.565736e-06,2.649213e+00,1.095033e+00,8.098370e-01,7.453300e-01
1.230000e-11,6.615702e-04,1.384653e-04,3.249000e-05,6.635913e-06,2.747763e+00,1.115783e+00,8.146286e-01,7.463341e-01
1.235000e-11,6.924542e-04,1.422389e-04,3.430436e-05,6.743695e-06,2.850748e+00,1.137106e+00,8.197003e-01,7.473518e-01
1.240000e-11,7.271475e-04,1.461017e-04,3.604218e-05,6.891605e-06,2.958725e+00,1.159012e+00,8.250414e-01,7.483890e-01
1.245000e-11,7.658752e-04,1.501259e-04,3.769522e-05,7.081326e-06,3.072288e+00,1.181519e+00,8.306397e-01,7.494520e-01
1.250000e-11,8.087950e-04,1.543925e-04,3.925807e-05,7.313670e-06,3.192061e+00,1.204659e+00,8.364820e-01,7.505471e-01
1.255000e-11,8.559669e-04,1.589912e-04,4.072844e-05,7.588576e-06,3.318682e+00,1.228476e+00,8.425546e-01,7.516807e-01
1.260000e-11,9.073149e-04,1.640191e-04,4.210733e-05,7.905135e-06,3.452785e+00,1.253027e+00,8.488437e-01,7.528593e-01
1.265000e-11,9.625780e-04,1.695805e-04,4.339915e-05,8.261629e-06,3.594981e+00,1.278387e+00,8.553357e-01,7.540889e-01
1.270000e-11,1.021252e-03,1.757853e-04,4.461180e-05,8.655601e-06,3.745816e+00,1.304645e+00,8.620181e-01,7.553755e-01
1.275000e-11,1.082523e-03,1.827473e-04,4.575666e-05,9.083939e-06,3.905738e+00,1.331907e+00,8.688801e-01,7.567244e-01
1.280000e-11,1.145203e-03,1.905828e-04,4.684851e-05,9.542978e-06,4.075036e+00,1.360297e+00,8.759124e-01,7.581406e-01
1.285000e-11,1.207673e-03,1.994076e-04,4.790533e-05,1.002862e-05,4.253787e+00,1.389957e+00,8.831086e-01,7.596284e-01
1.290000e-11,1.267847e-03,2.093342e-04,4.894803e-05,1.053644e-05,4.441784e+00,1.421046e+00,8.904650e-01,7.611915e-01
1.295000e-11,1.323188e-03,2.204681e-04,5.000008e-05,1.106187e-05,4.638469e+00,1.453739e+00,8.979814e-01,7.628329e-01
1.300000e-11,1.370784e-03,2.329041e-04,5.108703e-05,1.160027e-05,4.842869e+00,1.488227e+00,9.056611e-01,7.645550e-01
1.305000e-11,1.407365e-03,2.467138e-04,5.223547e-05,1.214708e-05,5.053547e+00,1.524711e+00,9.135117e-01,7.663593e-01
1.310000e-11,1.429586e-03,2.619447e-04,5.347259e-05,1.269797e-05,5.268568e+00,1.563403e+00,9.215445e-01,7.682469e-01
1.315000e-11,1.434373e-03,2.786192e-04,5.482562e-05,1.324892e-05,5.485521e+00,1.604520e+00,9.297751e-01,7.702180e-01
1.320000e-11,1.419256e-03,2.967332e-04,5.632124e-05,1.379638e-05,5.701587e+00,1.648280e+00,9.382231e-01,7.722724e-01
1.325000e-11,1.382655e-03,3.162565e-04,5.798492e-05,1.433738e-05,5.913651e+00,1.694899e+00,9.469121e-01,7.744093e-01
1.330000e-11,1.324057e-03,3.371334e-04,5.984045e-05,1.486959e-05,6.118445e+00,1.744585e+00,9.558693e-01,7.766277e-01
1.335000e-11,1.244059e-03,3.592868e-04,6.190937e-05,1.539141e-05,6.312714e+00,1.797537e+00,9.651255e-01,7.789261e-01
1.340000e-11,1.144275e-03,3.826230e-04,6.421072e-05,1.590203e-05,6.493367e+00,1.853942e+00,9.747145e-01,7.813028e-01
1.345000e-11,1.027131e-03,4.070389e-04,6.676080e-05,1.640148e-05,6.657618e+00,1.913970e+00,9.846726e-01,7.837563e-01
1.350000e-11,8.955981e-04,4.324303e-04,6.957310e-05,1.689067e-05,6.803078e+00,1.977778e+00,9.950387e-01,7.862849e-01
1.355000e-11,7.529327e-04,4.586997e-04,7.265840e-05,1.737136e-05,6.927825e+00,2.045506e+00,1.005853e+00,7.888872e-01
1.360000e-11,6.024440e-04,4.857651e-04,7.602491e-05,1.784620e-05,7.030426e+00,2.117283e+00,1.017158e+00,7.915622e-01
1.365000e-11,4.473319e-04,5.135662e-04,7.967858e-05,1.831865e-05,7.109934e+00,2.193225e+00,1.028997e+00,7.943092e-01
1.370000e-11,2.905924e-04,5.420703e-04,8.362349e-05,1.879298e-05,7.165869e+00,2.273442e+00,1.041413e+00,7.971283e-01
1.375000e-11,1.349839e-04,5.712751e-04,8.786230e-05,1.927421e-05,7.198186e+00,2.358042e+00,1.054450e+00,8.000202e-01
1.380000e-11,-1.696234e-05,6.012096e-04,9.239684e-05,1.976800e-05,7.207240e+00,2.447136e+00,1.068155e+00,8.029864e-01
1.385000e-11,-1.629056e-04,6.319321e-04,9.722874e-05,2.028060e-05,7.193758e+00,2.540838e+00,1.082571e+00,8.060292e-01
1.390000e-11,-3.006517e-04,6.635256e-04,1.023601e-04,2.081877e-05,7.158813e+00,2.639278e+00,1.097743e+00,8.091521e-01
1.395000e-11,-4.281166e-04,6.960893e-04,1.077944e-04,2.138967e-05,7.103803e+00,2.742594e+00,1.113719e+00,8.123595e-01
1.400000e-11,-5.433097e-04,7.297278e-04,1.135369e-04,2.200077e-05,7.030438e+00,2.850942e+00,1.130543e+00,8.156570e-01
1.405000e-11,-6.442134e-04,7.645430e-04,1.195966e-04,2.265981e-05,6.940734e+00,2.964495e+00,1.148265e+00,8.190512e-01
1.410000e-11,-7.288796e-04,8.006123e-04,1.259859e-04,2.337468e-05,6.837008e+00,3.083436e+00,1.166933e+00,8.225501e-01
1.415000e-11,-7.955547e-04,8.379622e-04,1.327221e-04,2.415333e-05,6.721855e+00,3.207955e+00,1.186598e+00,8.261628e-01
1.420000e-11,-8.428034e-04,8.765374e-04,1.398270e-04,2.500372e-05,6.598108e+00,3.338241e+00,1.207315e+00,8.298995e-01
1.425000e-11,-8.696211e-04,9.161676e-04,1.473280e-04,2.593372e-05,6.468780e+00,3.474463e+00,1.229143e+00,8.337718e-01
1.430000e-11,-8.755248e-04,9.565290e-04,1.552573e-04,2.695103e-05,6.336994e+00,3.616752e+00,1.252144e+00,8.377922e-01
1.435000e-11,-8.606073e-04,9.971056e-04,1.636522e-04,2.806313e-05,6.205899e+00,3.765173e+00,1.276387e+00,8.419748e-01
1.440000e-11,-8.255442e-04,1.037151e-03,1.725541e-04,2.927715e-05,6.078586e+00,3.919694e+00,1.301944e+00,8.463342e-01
1.445000e-11,-7.715535e-04,1.075658e-03,1.820073e-04,3.059983e-05,5.958001e+00,4.080149e+00,1.328898e+00,8.508867e-01
1.450000e-11,-7.003144e-04,1.111344e-03,1.920573e-04,3.203735e-05,5.846876e+00,4.246196e+00,1.357335e+00,8.556491e-01
1.455000e-11,-6.138608e-04,1.142653e-03,2.027485e-04,3.359524e-05,5.747659e+00,4.417277e+00,1.387350e+00,8.606392e-01
1.460000e-11,-5.144680e-04,1.167802e-03,2.141217e-04,3.527823e-05,5.662479e+00,4.592585e+00,1.419042e+00,8.658757e-01
1.465000e-11,-4.045492e-04,1.184850e-03,2.262115e-04,3.709007e-05,5.593112e+00,4.771028e+00,1.452517e+00,8.713779e-01
1.470000e-11,-2.865732e-04,1.191818e-03,2.390427e-04,3.903335e-05,5.540964e+00,4.951221e+00,1.487887e+00,8.771654e-01
1.475000e-11,-1.630097e-04,1.186833e-03,2.526281e-04,4.110938e-05,5.507071e+00,5.131494e+00,1.525264e+00,8.832583e-01
1.480000e-11,-3.630138e-05,1.168299e-03,2.669663e-04,4.331796e-05,5.492096e+00,5.309915e+00,1.564763e+00,8.896767e-01
1.485000e-11,9.114311e-05,1.135052e-03,2.820400e-04,4.565736e-05,5.496336e+00,5.484352e+00,1.606496e+00,8.964406e-01
1.490000e-11,2.169429e-04,1.086499e-03,2.978156e-04,4.812414e-05,5.519722e+00,5.652543e+00,1.650570e+00,9.035694e-01
1.495000e-11,3.387361e-04,1.022691e-03,3.142445e-04,5.071323e-05,5.561826e+00,5.812190e+00,1.697090e+00,9.110822e-01
1.500000e-11,4.541777e-04,9.443486e-04,3.312649e-04,5.341793e-05,5.621862e+00,5.961053e+00,1.746149e+00,9.189968e-01
1.505000e-11,5.609553e-04,8.528128e-04,3.488054e-04,5.623009e-05,5.698690e+00,6.097051e+00,1.797830e+00,9.273303e-01
1.510000e-11,6.568267e-04,7.499497e-04,3.667895e-04,5.914028e-05,5.790826e+00,6.218342e+00,1.852207e+00,9.360981e-01
1.515000e-11,7.396846e-04,6.380217e-04,3.851405e-04,6.213813e-05,5.896456e+00,6.323394e+00,1.909342e+00,9.453143e-01
1.520000e-11,8.076438e-04,5.195490e-04,4.037871e-04,6.521260e-05,6.013468e+00,6.411033e+00,1.969284e+00,9.549914e-01
1.525000e-11,8.591421e-04,3.971795e-04,4.226689e-04,6.835247e-05,6.139490e+00,6.480475e+00,2.032075e+00,9.651402e-01
1.530000e-11,8.930414e-04,2.735793e-04,4.417413e-04,7.154668e-05,6.271949e+00,6.531331e+00,2.097746e+00,9.757697e-01
1.535000e-11,9.087097e-04,1.513483e-04,4.609799e-04,7.478487e-05,6.408140e+00,6.563613e+00,2.166327e+00,9.868874e-01
1.540000e-11,9.060701e-04,3.296087e-05,4.803843e-04,7.805784e-05,6.545308e+00,6.577711e+00,2.237843e+00,9.984993e-01
1.545000e-11,8.856047e-04,-7.927485e-05,4.999801e-04,8.135806e-05,6.680728e+00,6.574382e+00,2.312322e+00,1.010610e+00
1.550000e-11,8.483114e-04,-1.832463e-04,5.198205e-04,8.468017e-05,6.811789e+00,6.554712e+00,2.389798e+00,1.023224e+00
1.555000e-11,7.956216e-04,-2.770605e-04,5.399864e-04,8.802152e-05,6.936060e+00,6.520093e+00,2.470315e+00,1.036344e+00
1.560000e-11,7.292913e-04,-3.590684e-04,5.605850e-04,9.138262e-05,7.051350e+00,6.472186e+00,2.553933e+00,1.049973e+00
1.565000e-11,6.512842e-04,-4.278924e-04,5.817472e-04,9.476762e-05,7.155745e+00,6.412878e+00,2.640728e+00,1.064114e+00
1.570000e-11,5.636611e-04,-4.824550e-04,6.036236e-04,9.818476e-05,7.247633e+00,6.344243e+00,2.730797e+00,1.078773e+00
1.575000e-11,4.684897e-04,-5.220078e-04,6.263783e-04,1.016467e-04,7.325714e+00,6.268494e+00,2.824262e+00,1.093954e+00
1.580000e-11,3.677788e-04,-5.461534e-04,6.501807e-04,1.051708e-04,7.388991e+00,6.187927e+00,2.921271e+00,1.109667e+00
1.585000e-11,2.634411e-04,-5.548574e-04,6.751960e-04,1.087795e-04,7.436765e+00,6.104873e+00,3.021994e+00,1.125922e+00
1.590000e-11,1.572786e-04,-5.484444e-04,7.015713e-04,1.125001e-04,7.468620e+00,6.021639e+00,3.126626e+00,1.142735e+00
1.595000e-11,5.098776e-05,-5.275780e-04,7.294207e-04,1.163651e-04,7.484403e+00,5.940459e+00,3.235383e+00,1.160125e+00
1.600000e-11,-5.382255e-05,-4.932246e-04,7.588057e-04,1.204116e-04,7.484212e+00,5.863443e+00,3.348490e+00,1.178118e+00
1.605000e-11,-1.556075e-04,-4.466047e-04,7.897131e-04,1.246816e-04,7.468388e+00,5.792537e+00,3.466179e+00,1.196744e+00
1.610000e-11,-2.528622e-04,-3.891381e-04,8.220296e-04,1.292206e-04,7.437502e+00,5.729488e+00,3.588667e+00,1.216040e+00
1.615000e-11,-3.441027e-04,-3.223873e-04,8.555144e-04,1.340778e-04,7.392355e+00,5.675819e+00,3.716147e+00,1.236052e+00
1.620000e-11,-4.278573e-04,-2.480058e-04,8.897704e-04,1.393041e-04,7.333970e+00,5.632810e+00,3.848760e+00,1.256833e+00
1.625000e-11,-5.026716e-04,-1.676949e-04,9.242168e-04,1.449519e-04,7.263596e+00,5.601489e+00,3.986573e+00,1.278441e+00
1.630000e-11,-5.671298e-04,-8.316959e-05,9.580672e-04,1.510727e-04,7.182696e+00,5.582625e+00,4.129548e+00,1.300945e+00
1.635000e-11,-6.198932e-04,3.863553e-06,9.903159e-04,1.577156e-04,7.092944e+00,5.576728e+00,4.277510e+00,1.324420e+00
1.640000e-11,-6.597536e-04,9.172154e-05,1.019740e-03,1.649255e-04,6.996204e+00,5.584052e+00,4.430115e+00,1.348950e+00
1.645000e-11,-6.856974e-04,1.787534e-04,1.044920e-03,1.727402e-04,6.894507e+00,5.604599e+00,4.586817e+00,1.374622e+00
1.650000e-11,-6.969723e-04,2.633469e-04,1.064289e-03,1.811882e-04,6.790015e+00,5.638120e+00,4.746847e+00,1.401531e+00
1.655000e-11,-6.931494e-04,3.439366e-04,1.076204e-03,1.902866e-04,6.684980e+00,5.684130e+00,4.909193e+00,1.429774e+00
1.660000e-11,-6.741691e-04,4.190168e-04,1.079046e-03,2.000379e-04,6.581685e+00,5.741906e+00,5.072599e+00,1.459449e+00
1.665000e-11,-6.403672e-04,4.871625e-04,1.071338e-03,2.104289e-04,6.482394e+00,5.810507e+00,5.235578e+00,1.490654e+00
1.670000e-11,-5.924749e-04,5.470581e-04,1.051865e-03,2.214285e-04,6.389288e+00,5.888782e+00,5.396442e+00,1.523483e+00
1.675000e-11,-5.315954e-04,5.975344e-04,1.019787e-03,2.329875e-04,6.304411e+00,5.975395e+00,5.553352e+00,1.558024e+00
1.680000e-11,-4.591596e-04,6.376109e-04,9.747265e-04,2.450386e-04,6.229613e+00,6.068846e+00,5.704380e+00,1.594356e+00
1.685000e-11,-3.768698e-04,6.665375e-04,9.168164e-04,2.574976e-04,6.166509e+00,6.167507e+00,5.847582e+00,1.632547e+00
1.690000e-11,-2.866369e-04,6.838326e-04,8.467021e-04,2.702656e-04,6.116442e+00,6.269655e+00,5.981073e+00,1.672651e+00
1.695000e-11,-1.905192e-04,6.893090e-04,7.655019e-04,2.832326e-04,6.080457e+00,6.373521e+00,6.103104e+00,1.714706e+00
1.700000e-11,-9.066646e-05,6.830847e-04,6.747333e-04,2.962807e-04,6.059279e+00,6.477328e+00,6.212121e+00,1.758733e+00
1.705000e-11,1.072870e-05,6.655756e-04,5.762184e-04,3.092890e-04,6.053306e+00,6.579344e+00,6.306822e+00,1.804735e+00
1.710000e-11,1.114733e-04,6.374696e-04,4.719832e-04,3.221382e-04,6.062605e+00,6.677914e+00,6.386194e+00,1.852697e+00
1.715000e-11,2.094126e-04,5.996861e-04,3.641624e-04,3.347154e-04,6.086915e+00,6.771510e+00,6.449535e+00,1.902585e+00
1.720000e-11,3.024679e-04,5.533248e-04,2.549191e-04,3.469181e-04,6.125654e+00,6.858752e+00,6.496468e+00,1.954352e+00
1.725000e-11,3.886775e-04,4.996105e-04,1.463806e-04,3.586583e-04,6.177934e+00,6.938435e+00,6.526938e+00,2.007935e+00
1.730000e-11,4.662420e-04,4.398386e-04,4.059249e-05,3.698659e-04,6.242584e+00,7.009545e+00,6.541206e+00,2.063257e+00
1.735000e-11,5.335729e-04,3.753275e-04,-6.051522e-05,3.804913e-04,6.318176e+00,7.071264e+00,6.539833e+00,2.120236e+00
1.740000e-11,5.893443e-04,3.073793e-04,-1.551529e-04,3.905069e-04,6.403065e+00,7.122969e+00,6.523661e+00,2.178781e+00
1.745000e-11,6.325393e-04,2.372524e-04,-2.416927e-04,3.999089e-04,6.495428e+00,7.164234e+00,6.493790e+00,2.238801e+00
1.750000e-11,6.624887e-04,1.661432e-04,-3.186902e-04,4.087171e-04,6.593315e+00,7.194817e+00,6.451555e+00,2.300204e+00
1.755000e-11,6.788933e-04,9.517776e-05,-3.849075e-04,4.169756e-04,6.694706e+00,7.214651e+00,6.398492e+00,2.362905e+00
1.760000e-11,6.818257e-04,2.541079e-05,-4.393391e-04,4.247512e-04,6.797561e+00,7.223836e+00,6.336306e+00,2.426826e+00
1.765000e-11,6.717114e-04,-4.217145e-05,-4.812373e-04,4.321332e-04,6.899880e+00,7.222627e+00,6.266835e+00,2.491901e+00
1.770000e-11,6.492888e-04,-1.066454e-04,-5.101336e-04,4.392312e-04,6.999749e+00,7.211422e+00,6.192010e+00,2.558080e+00
1.775000e-11,6.155532e-04,-1.671447e-04,-5.258534e-04,4.461736e-04,7.095385e+00,7.190758e+00,6.113807e+00,2.625330e+00
1.780000e-11,5.716924e-04,-2.228570e-04,-5.285191e-04,4.531045e-04,7.185167e+00,7.161298e+00,6.034209e+00,2.693640e+00
1.785000e-11,5.190202e-04,-2.730240e-04,-5.185404e-04,4.601820e-04,7.267663e+00,7.123825e+00,5.955156e+00,2.763019e+00
1.790000e-11,4.589141e-04,-3.169464e-04,-4.965907e-04,4.675739e-04,7.341643e+00,7.079232e+00,5.878508e+00,2.833503e+00
1.795000e-11,3.927644e-04,-3.539929e-04,-4.635730e-04,4.754552e-04,7.406084e+00,7.028514e+00,5.806006e+00,2.905154e+00
1.800000e-11,3.219343e-04,-3.836144e-04,-4.205763e-04,4.840034e-04,7.460171e+00,6.972754e+00,5.739241e+00,2.978060e+00
1.805000e-11,2.477349e-04,-4.053612e-04,-3.688294e-04,4.933946e-04,7.503292e+00,6.913110e+00,5.679629e+00,3.052335e+00
1.810000e-11,1.714120e-04,-4.189012e-04,-3.096554e-04,5.037982e-04,7.535027e+00,6.850801e+00,5.628395e+00,3.128120e+00
1.815000e-11,9.414409e-05,-4.240387e-04,-2.444298e-04,5.153718e-04,7.555140e+00,6.787082e+00,5.586560e+00,3.205581e+00
1.820000e-11,1.704723e-05,-4.207299e-04,-1.745468e-04,5.282545e-04,7.563572e+00,6.723230e+00,5.554936e+00,3.284905e+00
1.825000e-11,-5.881386e-05,-4.090940e-04,-1.013937e-04,5.425606e-04,7.560425e+00,6.660510e+00,5.534125e+00,3.366300e+00
1.830000e-11,-1.324135e-04,-3.894185e-04,-2.633288e-05,5.583710e-04,7.545965e+00,6.600162e+00,5.524521e+00,3.449986e+00
1.835000e-11,-2.027531e-04,-3.621573e-04,4.930828e-05,5.757246e-04,7.520609e+00,6.543365e+00,5.526314e+00,3.536193e+00
1.840000e-11,-2.688520e-04,-3.279224e-04,1.242434e-04,5.946086e-04,7.484926e+00,6.491219e+00,5.539495e+00,3.625153e+00
1.845000e-11,-3.297434e-04,-2.874690e-04,1.972304e-04,6.149471e-04,7.439634e+00,6.444721e+00,5.563866e+00,3.717091e+00
1.850000e-11,-3.844775e-04,-2.416757e-04,2.670747e-04,6.365899e-04,7.385595e+00,6.404744e+00,5.599040e+00,3.812214e+00
1.855000e-11,-4.321322e-04,-1.915215e-04,3.326351e-04,6.592999e-04,7.323814e+00,6.372020e+00,5.644455e+00,3.910698e+00
1.860000e-11,-4.718320e-04,-1.380606e-04,3.928345e-04,6.827422e-04,7.255431e+00,6.347128e+00,5.699382e+00,4.012678e+00
1.865000e-11,-5.027749e-04,-8.239644e-05,4.466748e-04,7.064732e-04,7.181713e+00,6.330486e+00,5.762932e+00,4.118226e+00
1.870000e-11,-5.242655e-04,-2.565670e-05,4.932587e-04,7.299333e-04,7.104041e+00,6.322340e+00,5.834074e+00,4.227339e+00
1.875000e-11,-5.357514e-04,3.103160e-05,5.318146e-04,7.524441e-04,7.023887e+00,6.322767e+00,5.911653e+00,4.339921e+00
1.880000e-11,-5.368597e-04,8.656535e-05,5.617245e-04,7.732122e-04,6.942793e+00,6.331677e+00,5.994407e+00,4.455763e+00
1.885000e-11,-5.274289e-04,1.398876e-04,5.825501e-04,7.913411e-04,6.862342e+00,6.348816e+00,6.080995e+00,4.574528e+00
1.890000e-11,-5.075336e-04,1.900090e-04,5.940554e-04,8.058536e-04,6.784119e+00,6.373774e+00,6.170026e+00,4.695736e+00
1.895000e-11,-4.774985e-04,2.360272e-04,5.962203e-04,8.157261e-04,6.709682e+00,6.405999e+00,6.260091e+00,4.818760e+00
1.900000e-11,-4.378995e-04,2.771466e-04,5.892450e-04,8.199327e-04,6.640517e+00,6.444811e+00,6.349794e+00,4.942814e+00
1.905000e-11,-3.895527e-04,3.126941e-04,5.735417e-04,8.174992e-04,6.578006e+00,6.489420e+00,6.437786e+00,5.066965e+00
1.910000e-11,-3.334926e-04,3.421342e-04,5.497152e-04,8.075631e-04,6.523392e+00,6.538942e+00,6.522794e+00,5.190143e+00
1.915000e-11,-2.709408e-04,3.650794e-04,5.185343e-04,7.894337e-04,6.477745e+00,6.592427e+00,6.603650e+00,5.311159e+00
1.920000e-11,-2.032698e-04,3.812966e-04,4.808958e-04,7.626467e-04,6.441941e+00,6.648874e+00,6.679309e+00,5.428742e+00
1.925000e-11,-1.319628e-04,3.907086e-04,4.377856e-04,7.270088e-04,6.416641e+00,6.707263e+00,6.748869e+00,5.541571e+00
1.930000e-11,-5.857311e-05,3.933896e-04,3.902396e-04,6.826246e-04,6.402275e+00,6.766570e+00,6.811581e+00,5.648320e+00
1.935000e-11,1.531567e-05,3.895559e-04,3.393081e-04,6.299062e-04,6.399037e+00,6.825795e+00,6.866852e+00,5.747703e+00
1.940000e-11,8.812866e-05,3.795515e-04,2.860258e-04,5.695619e-04,6.406884e+00,6.883979e+00,6.914246e+00,5.838518e+00
1.945000e-11,1.583369e-04,3.638295e-04,2.313874e-04,5.025693e-04,6.425537e+00,6.940224e+00,6.953480e+00,5.919693e+00
1.950000e-11,2.244930e-04,3.429318e-04,1.763310e-04,4.301334e-04,6.454492e+00,6.993706e+00,6.984417e+00,5.990317e+00
1.955000e-11,2.852663e-04,3.174666e-04,1.217268e-04,3.536373e-04,6.493037e+00,7.043688e+00,7.007059e+00,6.049676e+00
1.960000e-11,3.394746e-04,2.880871e-04,6.837191e-05,2.745887e-04,6.540269e+00,7.089527e+00,7.021531e+00,6.097274e+00
1.965000e-11,3.861149e-04,2.554710e-04,1.698876e-05,1.945667e-04,6.595120e+00,7.130682e+00,7.028076e+00,6.132847e+00
1.970000e-11,4.243880e-04,2.203030e-04,-3.177395e-05,1.151717e-04,6.656388e+00,7.166714e+00,7.027039e+00,6.156369e+00
1.975000e-11,4.537183e-04,1.832596e-04,-7.733864e-05,3.797993e-05,6.722765e+00,7.197286e+00,7.018860e+00,6.168057e+00
1.980000e-11,4.737642e-04,1.449978e-04,-1.191961e-04,-3.549746e-05,6.792876e+00,7.222163e+00,7.004061e+00,6.168357e+00
1.985000e-11,4.844200e-04,1.061464e-04,-1.569035e-04,-1.038503e-04,6.865310e+00,7.241206e+00,6.983236e+00,6.157939e+00
1.990000e-11,4.858067e-04,6.730050e-05,-1.900826e-04,-1.658015e-04,6.938660e+00,7.254370e+00,6.957042e+00,6.137673e+00
1.995000e-11,4.782543e-04,2.901809e-05,-2.184210e-04,-2.202353e-04,7.011549e+00,7.261697e+00,6.926188e+00,6.108612e+00
2.000000e-11,4.622751e-04,-8.181311e-06,-2.416723e-04,-2.662217e-04,7.082667e+00,7.263311e+00,6.891426e+00,6.071960e+00
2.005000e-11,4.385317e-04,-4.381716e-05,-2.596599e-04,-3.030366e-04,7.150790e+00,7.259411e+00,6.853539e+00,6.029050e+00
2.010000e-11,4.078026e-04,-7.744768e-05,-2.722790e-04,-3.301759e-04,7.214801e+00,7.250267e+00,6.813332e+00,5.981305e+00
2.015000e-11,3.709466e-04,-1.086696e-04,-2.795000e-04,-3.473640e-04,7.273709e+00,7.236212e+00,6.771621e+00,5.930208e+00
2.020000e-11,3.288711e-04,-1.371185e-04,-2.813712e-04,-3.545539e-04,7.326655e+00,7.217639e+00,6.729219e+00,5.877264e+00
2.025000e-11,2.825043e-04,-1.624695e-04,-2.780195e-04,-3.519201e-04,7.372917e+00,7.194993e+00,6.686926e+00,5.823972e+00
2.030000e-11,2.327726e-04,-1.844389e-04,-2.696502e-04,-3.398439e-04,7.411914e+00,7.168763e+00,6.645517e+00,5.771787e+00
2.035000e-11,1.805846e-04,-2.027873e-04,-2.565442e-04,-3.188923e-04,7.443203e+00,7.139480e+00,6.605730e+00,5.722094e+00
2.040000e-11,1.268205e-04,-2.173222e-04,-2.390540e-04,-2.897924e-04,7.466478e+00,7.107708e+00,6.568255e+00,5.676178e+00
2.045000e-11,7.232665e-05,-2.279026e-04,-2.175965e-04,-2.534033e-04,7.481562e+00,7.074035e+00,6.533724e+00,5.635206e+00
2.050000e-11,1.791371e-05,-2.344422e-04,-1.926453e-04,-2.106872e-04,7.488404e+00,7.039065e+00,6.502702e+00,5.600210e+00
2.055000e-11,-3.564220e-05,-2.369141e-04,-1.647205e-04,-1.626830e-04,7.487075e+00,7.003412e+00,6.475677e+00,5.572067e+00
2.060000e-11,-8.759726e-05,-2.353530e-04,-1.343779e-04,-1.104817e-04,7.477760e+00,6.967691e+00,6.453059e+00,5.551496e+00
2.065000e-11,-1.372374e-04,-2.298576e-04,-1.021982e-04,-5.520587e-05,7.460754e+00,6.932502e+00,6.435168e+00,5.539048e+00
2.070000e-11,-1.838769e-04,-2.205910e-04,-6.877553e-05,2.006833e-06,7.436462e+00,6.898430e+00,6.422239e+00,5.535102e+00
2.075000e-11,-2.268587e-04,-2.077796e-04,-3.470592e-05,6.001776e-05,7.405387e+00,6.866028e+00,6.414414e+00,5.539865e+00
2.080000e-11,-2.655575e-04,-1.917100e-04,-5.770919e-07,1.176985e-04,7.368132e+00,6.835810e+00,6.411747e+00,5.553374e+00
2.085000e-11,-2.993863e-04,-1.727242e-04,3.304171e-05,1.739415e-04,7.325391e+00,6.808243e+00,6.414205e+00,5.575494e+00
2.090000e-11,-3.278053e-04,-1.512131e-04,6.560894e-05,2.276707e-04,7.277942e+00,6.783739e+00,6.421669e+00,5.605927e+00
2.095000e-11,-3.503349e-04,-1.276082e-04,9.661909e-05,2.778544e-04,7.226642e+00,6.762646e+00,6.433943e+00,5.644214e+00
2.100000e-11,-3.665701e-04,-1.023725e-04,1.256102e-04,3.235194e-04,7.172415e+00,6.745246e+00,6.450757e+00,5.689744e+00
2.105000e-11,-3.761970e-04,-7.599039e-05,1.521702e-04,3.637692e-04,7.116236e+00,6.731750e+00,6.471774e+00,5.741765e+00
2.110000e-11,-3.790086e-04,-4.895683e-05,1.759427e-04,3.978040e-04,7.059122e+00,6.722292e+00,6.496600e+00,5.799396e+00
2.115000e-11,-3.749196e-04,-2.176661e-05,1.966311e-04,4.249425e-04,7.002110e+00,6.716935e+00,6.524791e+00,5.861647e+00
2.120000e-11,-3.639785e-04,5.096268e-06,2.140015e-04,4.446442e-04,6.946241e+00,6.715666e+00,6.555863e+00,5.927433e+00
2.125000e-11,-3.463746e-04,3.116874e-05,2.278852e-04,4.565296e-04,6.892535e+00,6.718399e+00,6.589302e+00,5.995601e+00
2.130000e-11,-3.224412e-04,5.601801e-05,2.381784e-04,4.603969e-04,6.841975e+00,6.724984e+00,6.624572e+00,6.064954e+00
2.135000e-11,-2.926525e-04,7.924991e-05,2.448414e-04,4.562327e-04,6.795481e+00,6.735206e+00,6.661127e+00,6.134281e+00
2.140000e-11,-2.576145e-04,1.005160e-04,2.478963e-04,4.442155e-04,6.753890e+00,6.748794e+00,6.698420e+00,6.202383e+00
2.145000e-11,-2.180522e-04,1.195195e-04,2.474231e-04,4.247116e-04,6.717941e+00,6.765429e+00,6.735911e+00,6.268100e+00
2.150000e-11,-1.747909e-04,1.360193e-04,2.435548e-04,3.982628e-04,6.688255e+00,6.784751e+00,6.773077e+00,6.330343e+00
2.155000e-11,-1.287356e-04,1.498328e-04,2.364714e-04,3.655674e-04,6.665320e+00,6.806367e+00,6.809416e+00,6.388117e+00
2.160000e-11,-8.084752e-05,1.608372e-04,2.263938e-04,3.274562e-04,6.649487e+00,6.829863e+00,6.844459e+00,6.440542e+00
2.165000e-11,-3.211908e-05,1.689686e-04,2.135767e-04,2.848650e-04,6.640956e+00,6.854808e+00,6.877772e+00,6.486869e+00
2.170000e-11,1.645068e-05,1.742201e-04,1.983017e-04,2.388052e-04,6.639779e+00,6.880769e+00,6.908962e+00,6.526499e+00
2.175000e-11,6.388098e-05,1.766388e-04,1.808710e-04,1.903362e-04,6.645856e+00,6.907314e+00,6.937678e+00,6.558987e+00
2.180000e-11,1.092330e-04,1.763205e-04,1.616008e-04,1.405375e-04,6.658946e+00,6.934021e+00,6.963617e+00,6.584050e+00
2.185000e-11,1.516321e-04,1.734046e-04,1.408164e-04,9.048423e-05,6.678667e+00,6.960486e+00,6.986526e+00,6.601569e+00
2.190000e-11,1.902883e-04,1.680680e-04,1.188468e-04,4.122557e-05,6.704514e+00,6.986330e+00,7.006200e+00,6.611585e+00
2.195000e-11,2.245138e-04,1.605179e-04,9.602144e-05,-6.235313e-06,6.735869e+00,7.011203e+00,7.022483e+00,6.614291e+00
2.200000e-11,2.537376e-04,1.509855e-04,7.266635e-05,-5.095835e-05,6.772021e+00,7.034787e+00,7.035271e+00,6.610032e+00
2.205000e-11,2.775168e-04,1.397190e-04,4.910211e-05,-9.208222e-05,6.812180e+00,7.056799e+00,7.044507e+00,6.599286e+00
2.210000e-11,2.955430e-04,1.269776e-04,2.564166e-05,-1.288384e-04,6.855500e+00,7.076998e+00,7.050183e+00,6.582655e+00
2.215000e-11,3.076450e-04,1.130254e-04,2.588770e-06,-1.605642e-04,6.901099e+00,7.095178e+00,7.052337e+00,6.560848e+00
2.220000e-11,3.137862e-04,9.812629e-05,-1.976336e-05,-1.867142e-04,6.948081e+00,7.111177e+00,7.051053e+00,6.534668e+00
2.225000e-11,3.140585e-04,8.253974e-05,-4.113338e-05,-2.068701e-04,6.995551e+00,7.124870e+00,7.046459e+00,6.504989e+00
2.230000e-11,3.086711e-04,6.651693e-05,-6.125328e-05,-2.207490e-04,7.042638e+00,7.136171e+00,7.038724e+00,6.472737e+00
2.235000e-11,2.979377e-04,5.029794e-05,-7.987000e-05,-2.282086e-04,7.088510e+00,7.145033e+00,7.028056e+00,6.438873e+00
2.240000e-11,2.822604e-04,3.410944e-05,-9.674750e-05,-2.292492e-04,7.132389e+00,7.151441e+00,7.014701e+00,6.404365e+00
2.245000e-11,2.621128e-04,1.816311e-05,-1.116690e-04,-2.240129e-04,7.173563e+00,7.155417e+00,6.998939e+00,6.370174e+00
2.250000e-11,2.380233e-04,2.654520e-06,-1.244400e-04,-2.127783e-04,7.211396e+00,7.157011e+00,6.981081e+00,6.337225e+00
2.255000e-11,2.105591e-04,-1.223758e-05,-1.348908e-04,-1.959519e-04,7.245334e+00,7.156303e+00,6.961466e+00,6.306396e+00
2.260000e-11,1.803113e-04,-2.635165e-05,-1.428804e-04,-1.740562e-04,7.274909e+00,7.153398e+00,6.940456e+00,6.278490e+00
2.265000e-11,1.478824e-04,-3.954352e-05,-1.482995e-04,-1.477148e-04,7.299745e+00,7.148425e+00,6.918432e+00,6.254227e+00
2.270000e-11,1.138755e-04,-5.168642e-05,-1.510734e-04,-1.176356e-04,7.319558e+00,7.141532e+00,6.895789e+00,6.234224e+00
2.275000e-11,7.888663e-05,-6.267091e-05,-1.511658e-04,-8.459206e-05,7.334152e+00,7.132887e+00,6.872931e+00,6.218989e+00
2.280000e-11,4.349737e-05,-7.240485e-05,-1.485803e-04,-4.940414e-05,7.343423e+00,7.122672e+00,6.850263e+00,6.208907e+00
2.285000e-11,8.270665e-06,-8.081321e-05,-1.433628e-04,-1.291864e-05,7.347350e+00,7.111081e+00,6.828186e+00,6.204238e+00
2.290000e-11,-2.625307e-05,-8.783807e-05,-1.356024e-04,2.401009e-05,7.346001e+00,7.098321e+00,6.807093e+00,6.205113e+00
2.295000e-11,-5.955882e-05,-9.343848e-05,-1.254311e-04,6.053900e-05,7.339518e+00,7.084604e+00,6.787358e+00,6.211537e+00
2.300000e-11,-9.115960e-05,-9.759036e-05,-1.130231e-04,9.585441e-05,7.328124e+00,7.070147e+00,6.769332e+00,6.223386e+00
2.305000e-11,-1.205991e-04,-1.002864e-04,-9.859277e-05,1.291892e-04,7.312112e+00,7.055171e+00,6.753337e+00,6.240421e+00
2.310000e-11,-1.474550e-04,-1.015356e-04,-8.239124e-05,1.598388e-04,7.291839e+00,7.039895e+00,6.739661e+00,6.262288e+00
2.315000e-11,-1.713422e-04,-1.013635e-04,-6.470275e-05,1.871758e-04,7.267727e+00,7.024536e+00,6.728549e+00,6.288536e+00
2.320000e-11,-1.919180e-04,-9.981092e-05,-4.583950e-05,2.106631e-04,7.240252e+00,7.009307e+00,6.720202e+00,6.318622e+00
2.325000e-11,-2.088865e-04,-9.693413e-05,-2.613596e-05,2.298648e-04,7.209936e+00,6.994413e+00,6.714772e+00,6.351932e+00
2.330000e-11,-2.220047e-04,-9.280352e-05,-5.942548e-06,2.444547e-04,7.177346e+00,6.980049e+00,6.712360e+00,6.387795e+00
2.335000e-11,-2.310881e-04,-8.750289e-05,1.438119e-05,2.542219e-04,7.143076e+00,6.966398e+00,6.713013e+00,6.425498e+00
2.340000e-11,-2.360163e-04,-8.112822e-05,3.447367e-05,2.590733e-04,7.107748e+00,6.953631e+00,6.716722e+00,6.464306e+00
2.345000e-11,-2.367382e-04,-7.378634e-05,5.397855e-05,2.590331e-04,7.071995e+00,6.941902e+00,6.723426e+00,6.503478e+00
2.350000e-11,-2.332761e-04,-6.559354e-05,7.255186e-05,2.542379e-04,7.036449e+00,6.931348e+00,6.733009e+00,6.542285e+00
2.355000e-11,-2.257278e-04,-5.667389e-05,8.986897e-05,2.449303e-04,7.001738e+00,6.922090e+00,6.745306e+00,6.580029e+00
2.360000e-11,-2.142674e-04,-4.715760e-05,1.056311e-04,2.314480e-04,6.968466e+00,6.914228e+00,6.760103e+00,6.616052e+00
2.365000e-11,-1.991440e-04,-3.717925e-05,1.195712e-04,2.142119e-04,6.937205e+00,6.907842e+00,6.777146e+00,6.649756e+00
2.370000e-11,-1.806778e-04,-2.687603e-05,1.314592e-04,1.937121e-04,6.908485e+00,6.902991e+00,6.796142e+00,6.680611e+00
2.375000e-11,-1.592540e-04,-1.638596e-05,1.411061e-04,1.704934e-04,6.882781e+00,6.899714e+00,6.816766e+00,6.708164e+00
2.380000e-11,-1.353155e-04,-5.846130e-06,1.483671e-04,1.451398e-04,6.860508e+00,6.898030e+00,6.838668e+00,6.732049e+00
2.385000e-11,-1.093524e-04,4.608945e-06,1.531439e-04,1.182598e-04,6.842008e+00,6.897935e+00,6.861480e+00,6.751989e+00
2.390000e-11,-8.189139e-05,1.484893e-05,1.553857e-04,9.047243e-05,6.827547e+00,6.899407e+00,6.884822e+00,6.767799e+00
2.395000e-11,-5.348315e-05,2.474913e-05,1.550885e-04,6.239365e-05,6.817310e+00,6.902405e+00,6.908311e+00,6.779388e+00
2.400000e-11,-2.468984e-05,3.419187e-05,1.522947e-04,3.462432e-05,6.811397e+00,6.906867e+00,6.931565e+00,6.786758e+00
2.405000e-11,3.928071e-06,4.306766e-05,1.470904e-04,7.739080e-06,6.809823e+00,6.912717e+00,6.954215e+00,6.789999e+00
2.410000e-11,3.182461e-05,5.127627e-05,1.396023e-04,-1.772370e-05,6.812522e+00,6.919860e+00,6.975904e+00,6.789284e+00
2.415000e-11,5.848050e-05,5.872766e-05,1.299946e-04,-4.127084e-05,6.819345e+00,6.928189e+00,6.996300e+00,6.784865e+00
2.420000e-11,8.341449e-05,6.534266e-05,1.184646e-04,-6.246236e-05,6.830068e+00,6.937584e+00,7.015098e+00,6.777066e+00
2.425000e-11,1.061934e-04,7.105359e-05,1.052380e-04,-8.091845e-05,6.844398e+00,6.947912e+00,7.032023e+00,6.766271e+00
2.430000e-11,1.264406e-04,7.580467e-05,9.056487e-05,-9.632553e-05,6.861981e+00,6.959033e+00,7.046837e+00,6.752916e+00
2.435000e-11,1.438431e-04,7.955229e-05,7.471445e-05,-1.084411e-04,6.882411e+00,6.970797e+00,7.059343e+00,6.737481e+00
2.440000e-11,1.581559e-04,8.226513e-05,5.797084e-05,-1.170977e-04,6.905240e+00,6.983051e+00,7.069383e+00,6.720476e+00
2.445000e-11,1.692056e-04,8.392415e-05,4.062836e-05,-1.222050e-04,6.929988e+00,6.995635e+00,7.076844e+00,6.702430e+00
2.450000e-11,1.768907e-04,8.452251e-05,2.298708e-05,-1.237512e-04,6.956153e+00,7.008391e+00,7.081660e+00,6.683880e+00
2.455000e-11,1.811808e-04,8.406530e-05,5.348593e-06,-1.218018e-04,6.983226e+00,7.021158e+00,7.083807e+00,6.665361e+00
2.460000e-11,1.821133e-04,8.256925e-05,-1.198822e-05,-1.164977e-04,7.010695e+00,7.033776e+00,7.083308e+00,6.647388e+00
2.465000e-11,1.797894e-04,8.006233e-05,-2.873134e-05,-1.080513e-04,7.038062e+00,7.046091e+00,7.080232e+00,6.630453e+00
2.470000e-11,1.743678e-04,7.658335e-05,-4.459965e-05,-9.673985e-05,7.064844e+00,7.057953e+00,7.074689e+00,6.615010e+00
2.475000e-11,1.660579e-04,7.218139e-05,-5.932706e-05,-8.289924e-05,7.090591e+00,7.069218e+00,7.066833e+00,6.601466e+00
2.480000e-11,1.551124e-04,6.691531e-05,-7.266646e-05,-6.691456e-05,7.114884e+00,7.079750e+00,7.056854e+00,6.590174e+00
2.485000e-11,1.418196e-04,6.085316e-05,-8.439378e-05,-4.921059e-05,7.137346e+00,7.089424e+00,7.044980e+00,6.581425e+00
2.490000e-11,1.264950e-04,5.407160e-05,-9.431187e-05,-3.024102e-05,7.157645e+00,7.098126e+00,7.031470e+00,6.575446e+00
2.495000e-11,1.094746e-04,4.665520e-05,-1.022542e-04,-1.047724e-05,7.175499e+00,7.105752e+00,7.016609e+00,6.572392e+00
2.500000e-11,9.110708e-05,3.869584e-05,-1.080884e-04,9.603160e-06,7.190678e+00,7.112213e+00,7.000708e+00,6.572347e+00
2.505000e-11,7.174753e-05,3.029191e-05,-1.117191e-04,2.952786e-05,7.203005e+00,7.117435e+00,6.984092e+00,6.575322e+00
2.510000e-11,5.175170e-05,2.154761e-05,-1.130911e-04,4.884089e-05,7.212356e+00,7.121358e+00,6.967100e+00,6.581261e+00
2.515000e-11,3.147069e-05,1.257205e-05,-1.121905e-04,6.711304e-05,7.218660e+00,7.123939e+00,6.950072e+00,6.590038e+00
2.520000e-11,1.124635e-05,3.478366e-06,-1.090462e-04,8.395148e-05,7.221900e+00,7.125152e+00,6.933352e+00,6.601467e+00
2.525000e-11,-8.592704e-06,-5.617305e-06,-1.037305e-04,9.900814e-05,7.222110e+00,7.124987e+00,6.917272e+00,6.615304e+00
2.530000e-11,-2.773465e-05,-1.459691e-05,-9.635774e-05,1.119868e-04,7.219371e+00,7.123454e+00,6.902152e+00,6.631259e+00
2.535000e-11,-4.588768e-05,-2.334170e-05,-8.708301e-05,1.226487e-04,7.213810e+00,7.120578e+00,6.888292e+00,6.649000e+00
2.540000e-11,-6.278291e-05,-3.173355e-05,-7.609932e-05,1.308163e-04,7.205598e+00,7.116406e+00,6.875965e+00,6.668163e+00
2.545000e-11,-7.817711e-05,-3.965640e-05,-6.363383e-05,1.363760e-04,7.194942e+00,7.110998e+00,6.865410e+00,6.688364e+00
2.550000e-11,-9.185522e-05,-4.699777e-05,-4.994328e-05,1.392781e-04,7.182087e+00,7.104436e+00,6.856834e+00,6.709204e+00
2.555000e-11,-1.036328e-04,-5.365043e-05,-3.530859e-05,1.395358e-04,7.167305e+00,7.096814e+00,6.850399e+00,6.730284e+00
2.560000e-11,-1.133581e-04,-5.951403e-05,-2.002871e-05,1.372227e-04,7.150897e+00,7.088246e+00,6.846225e+00,6.751209e+00
2.565000e-11,-1.209143e-04,-6.449689e-05,-4.414162e-06,1.324684e-04,7.133181e+00,7.078857e+00,6.844387e+00,6.771601e+00
2.570000e-11,-1.262212e-04,-6.851773e-05,1.121990e-05,1.254532e-04,7.114491e+00,7.068788e+00,6.844910e+00,6.791104e+00
2.575000e-11,-1.292361e-04,-7.150738e-05,2.656063e-05,1.164020e-04,7.095171e+00,7.058189e+00,6.847775e+00,6.809395e+00
2.580000e-11,-1.299552e-04,-7.341039e-05,4.130441e-05,1.055769e-04,7.075569e+00,7.047220e+00,6.852913e+00,6.826186e+00
2.585000e-11,-1.284135e-04,-7.418655e-05,5.516346e-05,9.326993e-05,7.056029e+00,7.036050e+00,6.860213e+00,6.841229e+00
2.590000e-11,-1.246847e-04,-7.381217e-05,6.787202e-05,7.979540e-05,7.036887e+00,7.024851e+00,6.869521e+00,6.854326e+00
2.595000e-11,-1.188795e-04,-7.228115e-05,7.919190e-05,6.548192e-05,7.018465e+00,7.013797e+00,6.880645e+00,6.865324e+00
2.600000e-11,-1.111440e-04,-6.960578e-05,8.891725e-05,5.066492e-05,7.001068e+00,7.003062e+00,6.893358e+00,6.874121e+00
2.605000e-11,-1.016568e-04,-6.581716e-05,9.687847e-05,3.567928e-05,6.984972e+00,6.992818e+00,6.907409e+00,6.880667e+00
2.610000e-11,-9.062573e-05,-6.096528e-05,1.029452e-04,2.085248e-05,6.970428e+00,6.983228e+00,6.922519e+00,6.884962e+00
2.615000e-11,-7.828329e-05,-5.511871e-05,1.070280e-04,6.498073e-06,6.957651e+00,6.974449e+00,6.938396e+00,6.887051e+00
2.620000e-11,-6.488206e-05,-4.836388e-05,1.090796e-04,-7.090140e-06,6.946821e+00,6.966624e+00,6.954736e+00,6.887029e+00
2.625000e-11,-5.068942e-05,-4.080396e-05,1.090946e-04,-1.964347e-05,6.938076e+00,6.959883e+00,6.971233e+00,6.885033e+00
2.630000e-11,-3.598189e-05,-3.255729e-05,1.071082e-04,-3.092302e-05,6.931517e+00,6.954338e+00,6.987580e+00,6.881235e+00
2.635000e-11,-2.103939e-05,-2.375551e-05,1.031946e-04,-4.072373e-05,6.927200e+00,6.950084e+00,7.003481e+00,6.875845e+00
2.640000e-11,-6.139448e-06,-1.454134e-05,9.746421e-05,-4.887769e-05,6.925139e+00,6.947193e+00,7.018653e+00,6.869097e+00
2.645000e-11,8.448450e-06,-5.065997e-06,9.006031e-05,-5.525677e-05,6.925308e+00,6.945716e+00,7.032832e+00,6.861251e+00
2.650000e-11,2.246821e-05,4.513498e-06,8.115524e-05,-5.977441e-05,6.927640e+00,6.945681e+00,7.045778e+00,6.852582e+00
2.655000e-11,3.568205e-05,1.403727e-05,7.094632e-05,-6.238665e-05,6.932031e+00,6.947091e+00,7.057279e+00,6.843373e+00
2.660000e-11,4.787484e-05,2.334560e-05,5.965140e-05,-6.309221e-05,6.938344e+00,6.949926e+00,7.067155e+00,6.833913e+00
2.665000e-11,5.885783e-05,3.228194e-05,4.750433e-05,-6.193177e-05,6.946409e+00,6.954140e+00,7.075258e+00,6.824487e+00
2.670000e-11,6.847158e-05,4.069592e-05,3.475038e-05,-5.898633e-05,6.956033e+00,6.959667e+00,7.081479e+00,6.815371e+00
2.675000e-11,7.658817e-05,4.844616e-05,2.164165e-05,-5.437472e-05,6.966998e+00,6.966416e+00,7.085744e+00,6.806825e+00
2.680000e-11,8.311252e-05,5.540297e-05,8.432568e-06,-4.825021e-05,6.979071e+00,6.974277e+00,7.088020e+00,6.799089e+00
2.685000e-11,8.798298e-05,6.145073e-05,-4.624517e-06,-4.079649e-05,6.992007e+00,6.983122e+00,7.088310e+00,6.792379e+00
2.690000e-11,9.117107e-05,6.648998e-05,-1.728358e-05,-3.222285e-05,7.005553e+00,6.992804e+00,7.086657e+00,6.786878e+00
2.695000e-11,9.268050e-05,7.043918e-05,-2.930905e-05,-2.275886e-05,7.019455e+00,7.003166e+00,7.083137e+00,6.782739e+00
2.700000e-11,9.254556e-05,7.323604e-05,-4.047970e-05,-1.264870e-05,7.033463e+00,7.014038e+00,7.077863e+00,6.780079e+00
2.705000e-11,9.082892e-05,7.483849e-05,-5.059243e-05,-2.145080e-06,7.047332e+00,7.025242e+00,7.070981e+00,6.778975e+00
2.710000e-11,8.761898e-05,7.522522e-05,-5.946568e-05,8.496828e-06,7.060829e+00,7.036595e+00,7.062665e+00,6.779467e+00
2.715000e-11,8.302683e-05,7.439584e-05,-6.694266e-05,1.902546e-05,7.073737e+00,7.047915e+00,7.053112e+00,6.781558e+00
2.720000e-11,7.718300e-05,7.237057e-05,-7.289418e-05,2.919869e-05,7.085858e+00,7.059018e+00,7.042545e+00,6.785213e+00
2.725000e-11,7.023406e-05,6.918967e-05,-7.722112e-05,3.878938e-05,7.097011e+00,7.069727e+00,7.031201e+00,6.790360e+00
2.730000e-11,6.233916e-05,6.491248e-05,-7.985637e-05,4.759028e-05,7.107043e+00,7.079872e+00,7.019332e+00,6.796895e+00
2.735000e-11,5.366658e-05,5.961616e-05,-8.076630e-05,5.541844e-05,7.115823e+00,7.089291e+00,7.007195e+00,6.804687e+00
2.740000e-11,4.439046e-05,5.339421e-05,-7.995152e-05,6.211886e-05,7.123245e+00,7.097839e+00,6.995051e+00,6.813576e+00
2.745000e-11,3.468759e-05,4.635470e-05,-7.744707e-05,6.756728e-05,7.129233e+00,7.105383e+00,6.983159e+00,6.823382e+00
2.750000e-11,2.473444e-05,3.861843e-05,-7.332182e-05,7.167220e-05,7.133734e+00,7.111810e+00,6.971769e+00,6.833911e+00
2.755000e-11,1.470445e-05,3.031686e-05,-6.767717e-05,7.437594e-05,7.136724e+00,7.117022e+00,6.961117e+00,6.844953e+00
2.760000e-11,4.765454e-06,2.158997e-05,-6.064498e-05,7.565492e-05,7.138203e+00,7.120947e+00,6.951425e+00,6.856297e+00
2.765000e-11,-4.922578e-06,1.258402e-05,-5.238483e-05,7.551903e-05,7.138197e+00,7.123529e+00,6.942888e+00,6.867727e+00
2.770000e-11,-1.420960e-05,3.449283e-06,-4.308059e-05,7.401022e-05,7.136756e+00,7.124740e+00,6.935679e+00,6.879033e+00
2.775000e-11,-2.295730e-05,-5.662312e-06,-3.293637e-05,7.120045e-05,7.133951e+00,7.124569e+00,6.929940e+00,6.890013e+00
2.780000e-11,-3.104072e-05,-1.459950e-05,-2.217205e-05,6.718889e-05,7.129872e+00,7.123034e+00,6.925781e+00,6.900478e+00
2.785000e-11,-3.834957e-05,-2.321402e-05,-1.101832e-05,6.209875e-05,7.124628e+00,7.120171e+00,6.923279e+00,6.910256e+00
2.790000e-11,-4.478942e-05,-3.136296e-05,2.883980e-07,5.607362e-05,7.118343e+00,7.116040e+00,6.922474e+00,6.919195e+00
2.795000e-11,-5.028262e-05,-3.891104e-05,1.151126e-05,4.927351e-05,7.111156e+00,7.110722e+00,6.923372e+00,6.927165e+00
2.800000e-11,-5.476896e-05,-4.573279e-05,2.241822e-05,4.187078e-05,7.103212e+00,7.104317e+00,6.925942e+00,6.934063e+00
2.805000e-11,-5.820616e-05,-5.171475e-05,3.278709e-05,3.404587e-05,7.094669e+00,7.096945e+00,6.930119e+00,6.939810e+00
2.810000e-11,-6.057004e-05,-5.675739e-05,4.241033e-05,2.598312e-05,7.085687e+00,7.088738e+00,6.935807e+00,6.944358e+00
2.815000e-11,-6.185451e-05,-6.077698e-05,5.109937e-05,1.786665e-05,7.076428e+00,7.079847e+00,6.942879e+00,6.947683e+00
2.820000e-11,-6.207126e-05,-6.370722e-05,5.868845e-05,9.876398e-06,7.067055e+00,7.070431e+00,6.951180e+00,6.949792e+00
2.825000e-11,-6.124915e-05,-6.550059e-05,6.503779e-05,2.184408e-06,7.057727e+00,7.060658e+00,6.960534e+00,6.950716e+00
2.830000e-11,-5.943341e-05,-6.612943e-05,7.003613e-05,-5.048654e-06,7.048598e+00,7.050702e+00,6.970746e+00,6.950513e+00
2.835000e-11,-5.668451e-05,-6.558670e-05,7.360249e-05,-1.167660e-05,7.039813e+00,7.040741e+00,6.981605e+00,6.949263e+00
2.840000e-11,-5.307683e-05,-6.388632e-05,7.568720e-05,-1.757045e-05,7.031509e+00,7.030950e+00,6.992890e+00,6.947066e+00
2.845000e-11,-4.869707e-05,-6.106318e-05,7.627220e-05,-2.262079e-05,7.023809e+00,7.021501e+00,7.004377e+00,6.944043e+00
2.850000e-11,-4.364247e-05,-5.717262e-05,7.537062e-05,-2.673966e-05,7.016822e+00,7.012561e+00,7.015840e+00,6.940327e+00
2.855000e-11,-3.801888e-05,-5.228963e-05,7.302570e-05,-2.986193e-05,7.010642e+00,7.004285e+00,7.027058e+00,6.936064e+00
2.860000e-11,-3.193865e-05,-4.650747e-05,6.930905e-05,-3.194627e-05,7.005348e+00,6.996816e+00,7.037817e+00,6.931407e+00
2.865000e-11,-2.551852e-05,-3.993601e-05,6.431848e-05,-3.297550e-05,7.000998e+00,6.990281e+00,7.047918e+00,6.926515e+00
2.870000e-11,-1.887738e-05,-3.269959e-05,5.817534e-05,-3.295652e-05,6.997636e+00,6.984791e+00,7.057177e+00,6.921546e+00
2.875000e-11,-1.213409e-05,-2.493464e-05,5.102145e-05,-3.191964e-05,6.995287e+00,6.980435e+00,7.065431e+00,6.916657e+00
2.880000e-11,-5.405366e-06,-1.678695e-05,4.301589e-05,-2.991748e-05,6.993956e+00,6.977283e+00,7.072539e+00,6.911997e+00
2.885000e-11,1.196283e-06,-8.408723e-06,3.433145e-05,-2.702331e-05,6.993633e+00,6.975381e+00,7.078386e+00,6.907707e+00
2.890000e-11,7.564426e-06,4.442324e-08,2.515108e-05,-2.332901e-05,6.994292e+00,6.974751e+00,7.082882e+00,6.903914e+00
2.895000e-11,1.360042e-05,8.416660e-06,1.566424e-05,-1.894260e-05,6.995889e+00,6.975394e+00,7.085967e+00,6.900731e+00
2.900000e-11,1.921490e-05,1.655504e-05,6.063222e-06,-1.398545e-05,6.998368e+00,6.977285e+00,7.087610e+00,6.898253e+00
2.905000e-11,2.432904e-05,2.431258e-05,-3.460440e-06,-8.589171e-06,7.001658e+00,6.980378e+00,7.087807e+00,6.896557e+00
2.910000e-11,2.887555e-05,3.155108e-05,-1.271946e-05,-2.892392e-06,7.005680e+00,6.984604e+00,7.086584e+00,6.895699e+00
2.915000e-11,3.279942e-05,3.814387e-05,-2.153418e-05,2.962637e-06,7.010342e+00,6.989876e+00,7.083996e+00,6.895713e+00
2.920000e-11,3.605833e-05,4.397812e-05,-2.973580e-05,8.833449e-06,7.015548e+00,6.996088e+00,7.080121e+00,6.896612e+00
2.925000e-11,3.862292e-05,4.895690e-05,-3.716936e-05,1.458070e-05,7.021196e+00,7.003117e+00,7.075065e+00,6.898389e+00
2.930000e-11,4.047667e-05,5.300083e-05,-4.369653e-05,2.007135e-05,7.027178e+00,7.010829e+00,7.068954e+00,6.901014e+00
2.935000e-11,4.161561e-05,5.604932e-05,-4.919805e-05,2.518168e-05,7.033387e+00,7.019076e+00,7.061933e+00,6.904440e+00
2.940000e-11,4.204782e-05,5.806140e-05,-5.357597e-05,2.979995e-05,7.039715e+00,7.027706e+00,7.054167e+00,6.908600e+00
2.945000e-11,4.179270e-05,5.901612e-05,-5.675539e-05,3.382871e-05,7.046058e+00,7.036560e+00,7.045830e+00,6.913413e+00
2.950000e-11,4.088008e-05,5.891252e-05,-5.868586e-05,3.718675e-05,7.052312e+00,7.045478e+00,7.037107e+00,6.918784e+00
2.955000e-11,3.934923e-05,5.776920e-05,-5.934234e-05,3.981060e-05,7.058383e+00,7.054302e+00,7.028189e+00,6.924606e+00
2.960000e-11,3.724774e-05,5.562352e-05,-5.872564e-05,4.165548e-05,7.064179e+00,7.062877e+00,7.019268e+00,6.930766e+00
2.965000e-11,3.463031e-05,5.253052e-05,-5.686235e-05,4.269591e-05,7.069618e+00,7.071056e+00,7.010535e+00,6.937144e+00
2.970000e-11,3.155754e-05,4.856145e-05,-5.380427e-05,4.292570e-05,7.074628e+00,7.078701e+00,7.002175e+00,6.943617e+00
2.975000e-11,2.809465e-05,4.380208e-05,-4.962726e-05,4.235763e-05,7.079143e+00,7.085685e+00,6.994361e+00,6.950065e+00
2.980000e-11,2.431023e-05,3.835091e-05,-4.442961e-05,4.102258e-05,7.083111e+00,7.091898e+00,6.987257e+00,6.956370e+00
2.985000e-11,2.027503e-05,3.231704e-05,-3.832986e-05,3.896830e-05,7.086487e+00,7.097242e+00,6.981006e+00,6.962418e+00
2.990000e-11,1.606075e-05,2.581808e-05,-3.146420e-05,3.625789e-05,7.089239e+00,7.101638e+00,6.975736e+00,6.968106e+00
2.995000e-11,1.173895e-05,1.897790e-05,-2.398347e-05,3.296790e-05,7.091345e+00,7.105026e+00,6.971550e+00,6.973342e+00
3.000000e-11,7.379953e-06,1.192437e-05,-1.604979e-05,2.918624e-05,7.092795e+00,7.107363e+00,6.968529e+00,6.978043e+00
3.005000e-11,3.051911e-06,4.787100e-06,-7.833015e-06,2.500988e-05,7.093587e+00,7.108627e+00,6.966729e+00,6.982143e+00
3.010000e-11,-1.180124e-06,-2.304831e-06,4.930770e-07,2.054242e-05,7.093731e+00,7.108815e+00,6.966179e+00,6.985591e+00
3.015000e-11,-5.254982e-06,-9.225056e-06,8.754547e-06,1.589163e-05,7.093247e+00,7.107943e+00,6.966882e+00,6.988349e+00
3.020000e-11,-9.116091e-06,-1.585204e-05,1.678110e-05,1.116690e-05,7.092163e+00,7.106047e+00,6.968816e+00,6.990400e+00
3.025000e-11,-1.271208e-05,-2.207112e-05,2.440972e-05,6.476808e-06,7.090514e+00,7.103179e+00,6.971933e+00,6.991739e+00
3.030000e-11,-1.599732e-05,-2.777636e-05,3.148810e-05,1.926680e-06,7.088344e+00,7.099410e+00,6.976162e+00,6.992381e+00
3.035000e-11,-1.893231e-05,-3.287235e-05,3.787780e-05,-2.383637e-06,7.085703e+00,7.094824e+00,6.981407e+00,6.992353e+00
3.040000e-11,-2.148404e-05,-3.727573e-05,4.345694e-05,-6.361890e-06,7.082647e+00,7.089520e+00,6.987557e+00,6.991700e+00
3.045000e-11,-2.362619e-05,-4.091662e-05,4.812254e-05,-9.925307e-06,7.079235e+00,7.083608e+00,6.994482e+00,6.990477e+00
3.050000e-11,-2.533929e-05,-4.373973e-05,5.179235e-05,-1.300225e-05,7.075531e+00,7.077207e+00,7.002035e+00,6.988752e+00
3.055000e-11,-2.661077e-05,-4.570530e-05,5.440617e-05,-1.553358e-05,7.071601e+00,7.070444e+00,7.010064e+00,6.986604e+00
3.060000e-11,-2.743488e-05,-4.678975e-05,5.592662e-05,-1.747378e-05,7.067513e+00,7.063451e+00,7.018404e+00,6.984118e+00
3.065000e-11,-2.781259e-05,-4.698599e-05,5.633943e-05,-1.879171e-05,7.063333e+00,7.056361e+00,7.026891e+00,6.981386e+00
3.070000e-11,-2.775139e-05,-4.630352e-05,5.565317e-05,-1.947106e-05,7.059129e+00,7.049308e+00,7.035357e+00,6.978503e+00
3.075000e-11,-2.726494e-05,-4.476815e-05,5.389855e-05,-1.951047e-05,7.054966e+00,7.042422e+00,7.043638e+00,6.975566e+00
3.080000e-11,-2.637275e-05,-4.242143e-05,5.112726e-05,-1.892333e-05,7.050907e+00,7.035830e+00,7.051576e+00,6.972671e+00
3.085000e-11,-2.509969e-05,-3.931977e-05,4.741043e-05,-1.773722e-05,7.047012e+00,7.029651e+00,7.059025e+00,6.969909e+00
3.090000e-11,-2.347555e-05,-3.553321e-05,4.283669e-05,-1.599304e-05,7.043336e+00,7.023992e+00,7.065846e+00,6.967369e+00
3.095000e-11,-2.153443e-05,-3.114403e-05,3.751009e-05,-1.374391e-05,7.039929e+00,7.018951e+00,7.071919e+00,6.965130e+00
3.100000e-11,-1.931414e-05,-2.624496e-05,3.154764e-05,-1.105368e-05,7.036838e+00,7.014613e+00,7.077139e+00,6.963264e+00
3.105000e-11,-1.685558e-05,-2.093730e-05,2.507682e-05,-7.995359e-06,7.034100e+00,7.011046e+00,7.081418e+00,6.961832e+00
3.110000e-11,-1.420203e-05,-1.532877e-05,1.823286e-05,-4.649206e-06,7.031749e+00,7.008304e+00,7.084692e+00,6.960884e+00
3.115000e-11,-1.139850e-05,-9.531328e-06,1.115607e-05,-1.100789e-06,7.029811e+00,7.006425e+00,7.086913e+00,6.960456e+00
3.120000e-11,-8.491005e-06,-3.658830e-06,3.989058e-06,2.561114e-06,7.028305e+00,7.005428e+00,7.088057e+00,6.960573e+00
3.125000e-11,-5.525858e-06,2.175270e-06,-3.125971e-06,6.246633e-06,7.027243e+00,7.005316e+00,7.088122e+00,6.961245e+00
3.130000e-11,-2.549018e-06,7.860211e-06,-1.004986e-05,9.866932e-06,7.026631e+00,7.006075e+00,7.087126e+00,6.962468e+00
3.135000e-11,3.945941e-07,1.329012e-05,-1.664908e-05,1.333626e-05,7.026467e+00,7.007674e+00,7.085107e+00,6.964227e+00
3.140000e-11,3.261717e-06,1.836609e-05,-2.279810e-05,1.657390e-05,7.026742e+00,7.010067e+00,7.082125e+00,6.966492e+00
3.145000e-11,6.011337e-06,2.299800e-05,-2.838173e-05,1.950598e-05,7.027443e+00,7.013194e+00,7.078257e+00,6.969222e+00
3.150000e-11,8.605226e-06,2.710623e-05,-3.329709e-05,2.206705e-05,7.028548e+00,7.016982e+00,7.073595e+00,6.972367e+00
3.155000e-11,1.100842e-05,3.062300e-05,-3.745554e-05,2.420147e-05,7.030032e+00,7.021346e+00,7.068247e+00,6.975867e+00
3.160000e-11,1.318966e-05,3.349351e-05,-4.078416e-05,2.586450e-05,7.031862e+00,7.026193e+00,7.062334e+00,6.979653e+00
3.165000e-11,1.512172e-05,3.567672e-05,-4.322714e-05,2.702315e-05,7.034004e+00,7.031423e+00,7.055984e+00,6.983652e+00
3.170000e-11,1.678169e-05,3.714585e-05,-4.474668e-05,2.765672e-05,7.036417e+00,7.036928e+00,7.049336e+00,6.987787e+00
3.175000e-11,1.815123e-05,3.788859e-05,-4.532367e-05,2.775702e-05,7.039060e+00,7.042601e+00,7.042529e+00,6.991976e+00
3.180000e-11,1.921669e-05,3.790697e-05,-4.495792e-05,2.732834e-05,7.041888e+00,7.048331e+00,7.035706e+00,6.996140e+00
3.185000e-11,1.996916e-05,3.721693e-05,-4.366813e-05,2.638713e-05,7.044853e+00,7.054010e+00,7.029009e+00,7.000201e+00
3.190000e-11,2.040451e-05,3.584769e-05,-4.149134e-05,2.496134e-05,7.047908e+00,7.059535e+00,7.022575e+00,7.004083e+00
3.195000e-11,2.052331e-05,3.384082e-05,-3.848211e-05,2.308962e-05,7.051005e+00,7.064803e+00,7.016532e+00,7.007716e+00
3.200000e-11,2.033070e-05,3.124911e-05,-3.471130e-05,2.082024e-05,7.054096e+00,7.069725e+00,7.011002e+00,7.011035e+00
3.205000e-11,1.983621e-05,2.813525e-05,-3.026445e-05,1.820983e-05,7.057136e+00,7.074215e+00,7.006094e+00,7.013986e+00
3.210000e-11,1.905351e-05,2.457042e-05,-2.523995e-05,1.532192e-05,7.060079e+00,7.078200e+00,7.001901e+00,7.016522e+00
3.215000e-11,1.800014e-05,2.063268e-05,-1.974685e-05,1.222549e-05,7.062883e+00,7.081618e+00,6.998503e+00,7.018605e+00
3.220000e-11,1.669715e-05,1.640535e-05,-1.390247e-05,8.993237e-06,7.065509e+00,7.084419e+00,6.995963e+00,7.020210e+00
3.225000e-11,1.516878e-05,1.197531e-05,-7.829866e-06,5.699983e-06,7.067921e+00,7.086566e+00,6.994323e+00,7.021323e+00
3.230000e-11,1.344199e-05,7.431288e-06,-1.655147e-06,2.420930e-06,7.070086e+00,7.088034e+00,6.993608e+00,7.021939e+00
3.235000e-11,1.154612e-05,2.862175e-06,4.495217e-06,-7.699949e-07,7.071977e+00,7.088813e+00,6.993826e+00,7.022066e+00
3.240000e-11,9.512380e-06,-1.644634e-06,1.049708e-05,-3.801768e-06,7.073571e+00,7.088907e+00,6.994961e+00,7.021724e+00
3.245000e-11,7.373406e-06,-6.004825e-06,1.623122e-05,-6.607804e-06,7.074849e+00,7.088330e+00,6.996984e+00,7.020940e+00
3.250000e-11,5.162815e-06,-1.013867e-05,2.158577e-05,-9.127379e-06,7.075798e+00,7.087110e+00,6.999844e+00,7.019754e+00
3.255000e-11,2.914718e-06,-1.397242e-05,2.645848e-05,-1.130691e-05,7.076410e+00,7.085289e+00,7.003478e+00,7.018214e+00
3.260000e-11,6.632552e-07,-1.743953e-05,3.075867e-05,-1.310108e-05,7.076681e+00,7.082915e+00,7.007804e+00,7.016374e+00
3.265000e-11,-1.557872e-06,-2.048183e-05,3.440893e-05,-1.447374e-05,7.076613e+00,7.080049e+00,7.012731e+00,7.014294e+00
3.270000e-11,-3.715848e-06,-2.305039e-05,3.734648e-05,-1.539863e-05,7.076214e+00,7.076760e+00,7.018156e+00,7.012041e+00
3.275000e-11,-5.779189e-06,-2.510635e-05,3.952417e-05,-1.585989e-05,7.075496e+00,7.073120e+00,7.023968e+00,7.009684e+00
3.280000e-11,-7.718155e-06,-2.662144e-05,4.091109e-05,-1.585230e-05,7.074475e+00,7.069211e+00,7.030049e+00,7.007293e+00
3.285000e-11,-9.505153e-06,-2.757839e-05,4.149290e-05,-1.538132e-05,7.073172e+00,7.065114e+00,7.036278e+00,7.004938e+00
3.290000e-11,-1.111510e-05,-2.797105e-05,4.127167e-05,-1.446284e-05,7.071612e+00,7.060916e+00,7.042535e+00,7.002688e+00
3.295000e-11,-1.252577e-05,-2.780435e-05,4.026553e-05,-1.312277e-05,7.069823e+00,7.056700e+00,7.048699e+00,7.000609e+00
3.300000e-11,-1.371808e-05,-2.709402e-05,3.850784e-05,-1.139634e-05,7.067837e+00,7.052550e+00,7.054654e+00,6.998761e+00
3.305000e-11,-1.467637e-05,-2.586613e-05,3.604625e-05,-9.327239e-06,7.065689e+00,7.048548e+00,7.060290e+00,6.997201e+00
3.310000e-11,-1.538859e-05,-2.415641e-05,3.294132e-05,-6.966526e-06,7.063414e+00,7.044767e+00,7.065505e+00,6.995975e+00
3.315000e-11,-1.584651e-05,-2.200935e-05,2.926511e-05,-4.371419e-06,7.061051e+00,7.041277e+00,7.070207e+00,6.995124e+00
3.320000e-11,-1.604580e-05,-1.947724e-05,2.509943e-05,-1.603928e-06,7.058638e+00,7.038141e+00,7.074317e+00,6.994678e+00
3.325000e-11,-1.598609e-05,-1.661891e-05,2.053408e-05,1.270599e-06,7.056214e+00,7.035413e+00,7.077766e+00,6.994658e+00
3.330000e-11,-1.567101e-05,-1.349848e-05,1.566493e-05,4.184998e-06,7.053819e+00,7.033136e+00,7.080503e+00,6.995075e+00
3.335000e-11,-1.510811e-05,-1.018398e-05,1.059196e-05,7.071835e-06,7.051491e+00,7.031345e+00,7.082488e+00,6.995930e+00
3.340000e-11,-1.430873e-05,-6.745847e-06,5.417250e-06,9.864945e-06,7.049265e+00,7.030065e+00,7.083698e+00,6.997214e+00
3.345000e-11,-1.328787e-05,-3.255470e-06,2.430448e-07,1.250092e-05,7.047178e+00,7.029309e+00,7.084126e+00,6.998909e+00
3.350000e-11,-1.206391e-05,2.162829e-07,-4.830207e-06,1.492050e-05,7.045260e+00,7.029079e+00,7.083780e+00,7.000985e+00
3.355000e-11,-1.065835e-05,3.600517e-06,-9.705704e-06,1.706989e-05,7.043541e+00,7.029367e+00,7.082681e+00,7.003406e+00
3.360000e-11,-9.095471e-06,6.831681e-06,-1.429206e-05,1.890190e-05,7.042047e+00,7.030155e+00,7.080867e+00,7.006127e+00
3.365000e-11,-7.401915e-06,9.848841e-06,-1.850492e-05,2.037691e-05,7.040799e+00,7.031415e+00,7.078389e+00,7.009098e+00
3.370000e-11,-5.606291e-06,1.259683e-05,-2.226849e-05,2.146368e-05,7.039815e+00,7.033111e+00,7.075307e+00,7.012262e+00
3.375000e-11,-3.738688e-06,1.502725e-05,-2.551681e-05,2.213993e-05,7.039109e+00,7.035198e+00,7.071695e+00,7.015559e+00
3.380000e-11,-1.830184e-06,1.709930e-05,-2.819493e-05,2.239275e-05,7.038688e+00,7.037626e+00,7.067636e+00,7.018927e+00
3.385000e-11,8.766227e-08,1.878045e-05,-3.025976e-05,2.221873e-05,7.038557e+00,7.040337e+00,7.063217e+00,7.022299e+00
3.390000e-11,1.983339e-06,2.004687e-05,-3.168084e-05,2.162393e-05,7.038714e+00,7.043271e+00,7.058536e+00,7.025614e+00
3.395000e-11,3.825901e-06,2.088372e-05,-3.244070e-05,2.062363e-05,7.039153e+00,7.046365e+00,7.053690e+00,7.028807e+00
3.400000e-11,5.585486e-06,2.128523e-05,-3.253512e-05,1.924187e-05,7.039866e+00,7.049552e+00,7.048779e+00,7.031821e+00
3.405000e-11,7.233811e-06,2.125457e-05,-3.197305e-05,1.751082e-05,7.040836e+00,7.052767e+00,7.043904e+00,7.034599e+00
3.410000e-11,8.744635e-06,2.080354e-05,-3.077627e-05,1.547001e-05,7.042045e+00,7.055945e+00,7.039162e+00,7.037092e+00
3.415000e-11,1.009420e-05,1.995212e-05,-2.897885e-05,1.316536e-05,7.043470e+00,7.059026e+00,7.034646e+00,7.039256e+00
3.420000e-11,1.126160e-05,1.872784e-05,-2.662627e-05,1.064811e-05,7.045086e+00,7.061949e+00,7.030444e+00,7.041056e+00
3.425000e-11,1.222915e-05,1.716505e-05,-2.377443e-05,7.973715e-06,7.046863e+00,7.064663e+00,7.026635e+00,7.042464e+00
3.430000e-11,1.298262e-05,1.530399e-05,-2.048836e-05,5.200572e-06,7.048771e+00,7.067117e+00,7.023290e+00,7.043460e+00
3.435000e-11,1.351151e-05,1.318990e-05,-1.684078e-05,2.388762e-06,7.050775e+00,7.069271e+00,7.020470e+00,7.044034e+00
3.440000e-11,1.380914e-05,1.087192e-05,-1.291051e-05,-4.012396e-07,7.052842e+00,7.071090e+00,7.018222e+00,7.044184e+00
3.445000e-11,1.387279e-05,8.402057e-06,-8.780765e-06,-3.109859e-06,7.054936e+00,7.072548e+00,7.016583e+00,7.043920e+00
3.450000e-11,1.370369e-05,5.834055e-06,-4.537383e-06,-5.679673e-06,7.057022e+00,7.073624e+00,7.015577e+00,7.043256e+00
3.455000e-11,1.330697e-05,3.222276e-06,-2.669959e-07,-8.056618e-06,7.059065e+00,7.074310e+00,7.015215e+00,7.042219e+00
3.460000e-11,1.269156e-05,6.206150e-07,3.944765e-06,-1.019111e-05,7.061031e+00,7.074601e+00,7.015494e+00,7.040841e+00
3.465000e-11,1.187000e-05,-1.918563e-06,8.015029e-06,-1.203906e-05,7.062889e+00,7.074504e+00,7.016399e+00,7.039162e+00
3.470000e-11,1.085819e-05,-4.345429e-06,1.186535e-05,-1.356281e-05,7.064608e+00,7.074031e+00,7.017902e+00,7.037229e+00
3.475000e-11,9.675149e-06,-6.613620e-06,1.542325e-05,-1.473184e-05,7.066161e+00,7.073204e+00,7.019965e+00,7.035092e+00
3.480000e-11,8.342604e-06,-8.681084e-06,1.862359e-05,-1.552344e-05,7.067524e+00,7.072049e+00,7.022539e+00,7.032808e+00
3.485000e-11,6.884654e-06,-1.051082e-05,2.140979e-05,-1.592312e-05,7.068675e+00,7.070599e+00,7.025566e+00,7.030434e+00
3.490000e-11,5.327333e-06,-1.207152e-05,2.373477e-05,-1.592489e-05,7.069599e+00,7.068893e+00,7.028978e+00,7.028029e+00
3.495000e-11,3.698159e-06,-1.333805e-05,2.556173e-05,-1.553136e-05,7.070281e+00,7.066974e+00,7.032705e+00,7.025655e+00
3.500000e-11,2.025665e-06,-1.429184e-05,2.686467e-05,-1.475359e-05,7.070714e+00,7.064886e+00,7.036668e+00,7.023369e+00
3.505000e-11,3.389087e-07,-1.492114e-05,2.762867e-05,-1.361089e-05,7.070892e+00,7.062679e+00,7.040788e+00,7.021229e+00
3.510000e-11,-1.333020e-06,-1.522106e-05,2.784989e-05,-1.213027e-05,7.070817e+00,7.060402e+00,7.044982e+00,7.019286e+00
3.515000e-11,-2.961492e-06,-1.519360e-05,2.753543e-05,-1.034590e-05,7.070492e+00,7.058104e+00,7.049168e+00,7.017591e+00
3.520000e-11,-4.518822e-06,-1.484740e-05,2.670288e-05,-8.298247e-06,7.069925e+00,7.055834e+00,7.053269e+00,7.016186e+00
3.525000e-11,-5.978741e-06,-1.419751e-05,2.537970e-05,-6.033222e-06,7.069131e+00,7.053639e+00,7.057206e+00,7.015106e+00
3.530000e-11,-7.316832e-06,-1.326486e-05,2.360243e-05,-3.601108e-06,7.068125e+00,7.051564e+00,7.060909e+00,7.014381e+00
3.535000e-11,-8.510951e-06,-1.207576e-05,2.141577e-05,-1.055452e-06,7.066928e+00,7.049650e+00,7.064312e+00,7.014033e+00
3.540000e-11,-9.541593e-06,-1.066125e-05,1.887142e-05,1.548132e-06,7.065563e+00,7.047932e+00,7.067358e+00,7.014074e+00
3.545000e-11,-1.039223e-05,-9.056348e-06,1.602696e-05,4.153183e-06,7.064055e+00,7.046442e+00,7.069997e+00,7.014508e+00
3.550000e-11,-1.104957e-05,-7.299212e-06,1.294452e-05,6.703632e-06,7.062433e+00,7.045206e+00,7.072187e+00,7.015332e+00
3.555000e-11,-1.150383e-05,-5.430315e-06,9.689527e-06,9.145016e-06,7.060727e+00,7.044244e+00,7.073899e+00,7.016532e+00
3.560000e-11,-1.174882e-05,-3.491528e-06,6.329274e-06,1.142564e-05,7.058969e+00,7.043569e+00,7.075111e+00,7.018090e+00
3.565000e-11,-1.178211e-05,-1.525212e-06,2.931635e-06,1.349769e-05,7.057189e+00,7.043190e+00,7.075811e+00,7.019976e+00
3.570000e-11,-1.160504e-05,4.266796e-07,-4.362827e-07,1.531818e-05,7.055421e+00,7.043107e+00,7.076001e+00,7.022156e+00
3.575000e-11,-1.122268e-05,2.323480e-06,-3.709413e-06,1.684988e-05,7.053695e+00,7.043315e+00,7.075688e+00,7.024590e+00
3.580000e-11,-1.064371e-05,4.126638e-06,-6.825938e-06,1.806203e-05,7.052041e+00,7.043802e+00,7.074893e+00,7.027230e+00
3.585000e-11,-9.880309e-06,5.800481e-06,-9.728414e-06,1.893090e-05,7.050489e+00,7.044552e+00,7.073642e+00,7.030028e+00
3.590000e-11,-8.947852e-06,7.312906e-06,-1.236479e-05,1.944026e-05,7.049066e+00,7.045542e+00,7.071973e+00,7.032929e+00
3.595000e-11,-7.864668e-06,8.635973e-06,-1.468929e-05,1.958161e-05,7.047795e+00,7.046747e+00,7.069929e+00,7.035880e+00
3.600000e-11,-6.651672e-06,9.746399e-06,-1.666321e-05,1.935426e-05,7.046697e+00,7.048136e+00,7.067560e+00,7.038824e+00
3.605000e-11,-5.331972e-06,1.062594e-05,-1.825550e-05,1.876527e-05,7.045791e+00,7.049675e+00,7.064921e+00,7.041706e+00
3.610000e-11,-3.930438e-06,1.126165e-05,-1.944326e-05,1.782920e-05,7.045091e+00,7.051329e+00,7.062072e+00,7.044472e+00
3.615000e-11,-2.473227e-06,1.164603e-05,-2.021200e-05,1.656770e-05,7.044607e+00,7.053060e+00,7.059075e+00,7.047072e+00
3.620000e-11,-9.872961e-07,1.177706e-05,-2.055581e-05,1.500900e-05,7.044346e+00,7.054829e+00,7.055994e+00,7.049459e+00
3.625000e-11,5.001016e-07,1.165811e-05,-2.047729e-05,1.318722e-05,7.044310e+00,7.056600e+00,7.052893e+00,7.051590e+00
3.630000e-11,1.961928e-06,1.129770e-05,-1.998740e-05,1.114164e-05,7.044496e+00,7.058335e+00,7.049835e+00,7.053429e+00
3.635000e-11,3.371859e-06,1.070927e-05,-1.910500e-05,8.915784e-06,7.044900e+00,7.059997e+00,7.046881e+00,7.054945e+00
3.640000e-11,4.704771e-06,9.910709e-06,-1.785645e-05,6.556512e-06,7.045511e+00,7.061556e+00,7.044087e+00,7.056115e+00
3.645000e-11,5.937196e-06,8.923901e-06,-1.627483e-05,4.113020e-06,7.046316e+00,7.062979e+00,7.041508e+00,7.056921e+00
3.650000e-11,7.047746e-06,7.774179e-06,-1.439922e-05,1.635813e-06,7.047298e+00,7.064241e+00,7.039190e+00,7.057356e+00
3.655000e-11,8.017494e-06,6.489701e-06,-1.227378e-05,-8.243328e-07,7.048438e+00,7.065318e+00,7.037174e+00,7.057417e+00
3.660000e-11,8.830301e-06,5.100802e-06,-9.946751e-06,-3.217411e-06,7.049712e+00,7.066194e+00,7.035494e+00,7.057112e+00
3.665000e-11,9.473089e-06,3.639310e-06,-7.469373e-06,-5.495187e-06,7.051096e+00,7.066855e+00,7.034178e+00,7.056453e+00
3.670000e-11,9.936056e-06,2.137849e-06,-4.894806e-06,-7.612169e-06,7.052564e+00,7.067292e+00,7.033243e+00,7.055463e+00
3.675000e-11,1.021282e-05,6.291389e-07,-2.276982e-06,-9.526505e-06,7.054087e+00,7.067501e+00,7.032701e+00,7.054168e+00
3.680000e-11,1.030049e-05,-8.546824e-07,3.305171e-07,-1.120081e-05,7.055639e+00,7.067484e+00,7.032554e+00,7.052602e+00
3.685000e-11,1.019972e-05,-2.282719e-06,2.875555e-06,-1.260291e-05,7.057189e+00,7.067247e+00,7.032796e+00,7.050803e+00
3.690000e-11,9.914611e-06,-3.625930e-06,5.308488e-06,-1.370642e-05,7.058710e+00,7.066801e+00,7.033415e+00,7.048815e+00
3.695000e-11,9.452607e-06,-4.857699e-06,7.583128e-06,-1.449129e-05,7.060174e+00,7.066160e+00,7.034389e+00,7.046685e+00
3.700000e-11,8.824341e-06,-5.954334e-06,9.657623e-06,-1.494417e-05,7.061556e+00,7.065344e+00,7.035692e+00,7.044461e+00
3.705000e-11,8.043382e-06,-6.895500e-06,1.149521e-05,-1.505861e-05,7.062831e+00,7.064373e+00,7.037290e+00,7.042195e+00
3.710000e-11,7.125957e-06,-7.664583e-06,1.306486e-05,-1.483518e-05,7.063978e+00,7.063273e+00,7.039146e+00,7.039937e+00
3.715000e-11,6.090621e-06,-8.248951e-06,1.434176e-05,-1.428139e-05,7.064977e+00,7.062071e+00,7.041218e+00,7.037738e+00
3.720000e-11,4.957891e-06,-8.640150e-06,1.530768e-05,-1.341153e-05,7.065812e+00,7.060795e+00,7.043459e+00,7.035646e+00
3.725000e-11,3.749840e-06,-8.833991e-06,1.595118e-05,-1.224627e-05,7.066471e+00,7.059475e+00,7.045821e+00,7.033709e+00
3.730000e-11,2.489682e-06,-8.830560e-06,1.626765e-05,-1.081224e-05,7.066942e+00,7.058141e+00,7.048256e+00,7.031968e+00
3.735000e-11,1.201327e-06,-8.634129e-06,1.625925e-05,-9.141410e-06,7.067221e+00,7.056822e+00,7.050715e+00,7.030461e+00
3.740000e-11,-9.106520e-08,-8.252987e-06,1.593465e-05,-7.270365e-06,7.067305e+00,7.055546e+00,7.053148e+00,7.029223e+00
3.745000e-11,-1.363530e-06,-7.699184e-06,1.530870e-05,-5.239530e-06,7.067195e+00,7.054341e+00,7.055510e+00,7.028279e+00
3.750000e-11,-2.592742e-06,-6.988206e-06,1.440197e-05,-3.092282e-06,7.066895e+00,7.053232e+00,7.057756e+00,7.027652e+00
3.755000e-11,-3.756436e-06,-6.138579e-06,1.324013e-05,-8.740096e-07,7.066415e+00,7.052240e+00,7.059846e+00,7.027354e+00
3.760000e-11,-4.833806e-06,-5.171412e-06,1.185334e-05,1.368854e-06,7.065765e+00,7.051386e+00,7.061743e+00,7.027393e+00
3.765000e-11,-5.805882e-06,-4.109901e-06,1.027551e-05,3.589817e-06,7.064961e+00,7.050685e+00,7.063416e+00,7.027770e+00
3.770000e-11,-6.655860e-06,-2.978792e-06,8.543470e-06,5.743304e-06,7.064018e+00,7.050149e+00,7.064839e+00,7.028477e+00
3.775000e-11,-7.369392e-06,-1.803820e-06,6.696195e-06,7.785605e-06,7.062958e+00,7.049788e+00,7.065991e+00,7.029502e+00
3.780000e-11,-7.934839e-06,-6.111386e-07,4.773943e-06,9.675767e-06,7.061801e+00,7.049606e+00,7.066859e+00,7.030823e+00
3.785000e-11,-8.343453e-06,5.732470e-07,2.817412e-06,1.137642e-05,7.060570e+00,7.049603e+00,7.067434e+00,7.032416e+00
3.790000e-11,-8.589524e-06,1.724036e-06,8.669144e-07,1.285451e-05,7.059290e+00,7.049777e+00,7.067713e+00,7.034249e+00
3.795000e-11,-8.670455e-06,2.817159e-06,-1.038428e-06,1.408196e-05,7.057985e+00,7.050120e+00,7.067701e+00,7.036286e+00
3.800000e-11,-8.586782e-06,3.830273e-06,-2.861437e-06,1.503612e-05,7.056680e+00,7.050622e+00,7.067407e+00,7.038488e+00
3.805000e-11,-8.342137e-06,4.743201e-06,-4.567574e-06,1.570026e-05,7.055400e+00,7.051270e+00,7.066847e+00,7.040812e+00
3.810000e-11,-7.943153e-06,5.538323e-06,-6.125571e-06,1.606376e-05,7.054169e+00,7.052047e+00,7.066039e+00,7.043214e+00
3.815000e-11,-7.399305e-06,6.200901e-06,-7.507978e-06,1.612227e-05,7.053009e+00,7.052934e+00,7.065010e+00,7.045648e+00
3.820000e-11,-6.722705e-06,6.719333e-06,-8.691621e-06,1.587772e-05,7.051942e+00,7.053910e+00,7.063786e+00,7.048067e+00
3.825000e-11,-5.927848e-06,7.085341e-06,-9.657970e-06,1.533818e-05,7.050986e+00,7.054953e+00,7.062400e+00,7.050427e+00
3.830000e-11,-5.031304e-06,7.294073e-06,-1.039340e-05,1.451760e-05,7.050157e+00,7.056040e+00,7.060886e+00,7.052684e+00
3.835000e-11,-4.051387e-06,7.344140e-06,-1.088934e-05,1.343548e-05,7.049471e+00,7.057146e+00,7.059278e+00,7.054797e+00
3.840000e-11,-3.007779e-06,7.237568e-06,-1.114236e-05,1.211633e-05,7.048937e+00,7.058248e+00,7.057613e+00,7.056729e+00
3.845000e-11,-1.921139e-06,6.979691e-06,-1.115407e-05,1.058918e-05,7.048565e+00,7.059322e+00,7.055929e+00,7.058445e+00
3.850000e-11,-8.126943e-07,6.578961e-06,-1.093100e-05,8.886859e-06,7.048359e+00,7.060346e+00,7.054260e+00,7.059917e+00
3.855000e-11,2.961782e-07,6.046711e-06,-1.048436e-05,7.045351e-06,7.048320e+00,7.061300e+00,7.052642e+00,7.061122e+00
3.860000e-11,1.384364e-06,5.396846e-06,-9.829645e-06,5.102984e-06,7.048447e+00,7.062165e+00,7.051107e+00,7.062040e+00
3.865000e-11,2.431417e-06,4.645505e-06,-8.986282e-06,3.099654e-06,7.048736e+00,7.062923e+00,7.049685e+00,7.062660e+00
3.870000e-11,3.417949e-06,3.810665e-06,-7.977077e-06,1.076002e-06,7.049178e+00,7.063562e+00,7.048403e+00,7.062976e+00
3.875000e-11,4.325987e-06,2.911729e-06,-6.827687e-06,-9.273985e-07,7.049764e+00,7.064070e+00,7.047284e+00,7.062987e+00
3.880000e-11,5.139307e-06,1.969086e-06,-5.566004e-06,-2.870857e-06,7.050479e+00,7.064439e+00,7.046348e+00,7.062700e+00
3.885000e-11,5.843721e-06,1.003656e-06,-4.221522e-06,-4.716339e-06,7.051310e+00,7.064663e+00,7.045608e+00,7.062126e+00
3.890000e-11,6.427329e-06,3.644431e-08,-2.824674e-06,-6.428208e-06,7.052238e+00,7.064742e+00,7.045075e+00,7.061284e+00
3.895000e-11,6.880711e-06,-9.119073e-07,-1.406170e-06,-7.973903e-06,7.053244e+00,7.064676e+00,7.044755e+00,7.060196e+00
3.900000e-11,7.197079e-06,-1.821549e-06,3.658068e-09,-9.324562e-06,7.054308e+00,7.064469e+00,7.044649e+00,7.058889e+00
3.905000e-11,7.372370e-06,-2.673827e-06,1.375488e-06,-1.045555e-05,7.055410e+00,7.064130e+00,7.044753e+00,7.057394e+00
3.910000e-11,7.405281e-06,-3.451654e-06,2.681603e-06,-1.134692e-05,7.056527e+00,7.063667e+00,7.045059e+00,7.055746e+00
3.915000e-11,7.297260e-06,-4.139841e-06,3.896437e-06,-1.198375e-05,7.057638e+00,7.063093e+00,7.045556e+00,7.053984e+00
3.920000e-11,7.052435e-06,-4.725384e-06,4.997060e-06,-1.235641e-05,7.058723e+00,7.062423e+00,7.046227e+00,7.052144e+00
3.925000e-11,6.677494e-06,-5.197699e-06,5.963598e-06,-1.246068e-05,7.059761e+00,7.061674e+00,7.047055e+00,7.050269e+00
3.930000e-11,6.181520e-06,-5.548801e-06,6.779571e-06,-1.229779e-05,7.060733e+00,7.060862e+00,7.048018e+00,7.048399e+00
3.935000e-11,5.575782e-06,-5.773429e-06,7.432154e-06,-1.187438e-05,7.061622e+00,7.060006e+00,7.049092e+00,7.046572e+00
3.940000e-11,4.873488e-06,-5.869106e-06,7.912349e-06,-1.120223e-05,7.062412e+00,7.059127e+00,7.050251e+00,7.044829e+00
3.945000e-11,4.089499e-06,-5.836144e-06,8.215075e-06,-1.029805e-05,7.063089e+00,7.058242e+00,7.051469e+00,7.043205e+00
3.950000e-11,3.240024e-06,-5.677589e-06,8.339165e-06,-9.183041e-06,7.063643e+00,7.057373e+00,7.052720e+00,7.041733e+00
3.955000e-11,2.342292e-06,-5.399104e-06,8.287282e-06,-7.882418e-06,7.064065e+00,7.056536e+00,7.053977e+00,7.040445e+00
3.960000e-11,1.414202e-06,-5.008807e-06,8.065759e-06,-6.424870e-06,7.064349e+00,7.055750e+00,7.055212e+00,7.039364e+00
3.965000e-11,4.739789e-07,-4.517055e-06,7.684362e-06,-4.841920e-06,7.064492e+00,7.055030e+00,7.056402e+00,7.038514e+00
3.970000e-11,-4.601869e-07,-3.936179e-06,7.155981e-06,-3.167246e-06,7.064493e+00,7.054392e+00,7.057524e+00,7.037909e+00
3.975000e-11,-1.370481e-06,-3.280190e-06,6.496277e-06,-1.435966e-06,7.064354e+00,7.053846e+00,7.058556e+00,7.037562e+00
3.980000e-11,-2.239805e-06,-2.564449e-06,5.723264e-06,3.161047e-07,7.064081e+00,7.053405e+00,7.059479e+00,7.037479e+00
3.985000e-11,-3.052088e-06,-1.805313e-06,4.856865e-06,2.053197e-06,7.063681e+00,7.053075e+00,7.060279e+00,7.037659e+00
3.990000e-11,-3.792588e-06,-1.019770e-06,3.918433e-06,3.740325e-06,7.063164e+00,7.052862e+00,7.060943e+00,7.038098e+00
3.995000e-11,-4.448149e-06,-2.250611e-07,2.930257e-06,5.343997e-06,7.062540e+00,7.052768e+00,7.061461e+00,7.038785e+00
4.000000e-11,-5.007438e-06,5.616910e-07,1.915063e-06,6.832879e-06,7.061826e+00,7.052793e+00,7.061827e+00,7.039707e+00
4.005000e-11,-5.461137e-06,1.323848e-06,8.955167e-07,8.178415e-06,7.061034e+00,7.052936e+00,7.062040e+00,7.040842e+00
4.010000e-11,-5.802092e-06,2.045601e-06,-1.062600e-07,9.355366e-06,7.060183e+00,7.053191e+00,7.062100e+00,7.042168e+00
4.015000e-11,-6.025430e-06,2.712298e-06,-1.069144e-06,1.034228e-05,7.059289e+00,7.053550e+00,7.062012e+00,7.043658e+00
4.020000e-11,-6.128615e-06,3.310733e-06,-1.973438e-06,1.112187e-05,7.058370e+00,7.054006e+00,7.061783e+00,7.045281e+00
4.025000e-11,-6.111472e-06,3.829400e-06,-2.801253e-06,1.168132e-05,7.057445e+00,7.054545e+00,7.061423e+00,7.047005e+00
4.030000e-11,-5.976156e-06,4.258712e-06,-3.536847e-06,1.201244e-05,7.056531e+00,7.055156e+00,7.060944e+00,7.048796e+00
4.035000e-11,-5.727081e-06,4.591166e-06,-4.166908e-06,1.211178e-05,7.055646e+00,7.055825e+00,7.060363e+00,7.050620e+00
4.040000e-11,-5.370806e-06,4.821465e-06,-4.680773e-06,1.198063e-05,7.054807e+00,7.056536e+00,7.059695e+00,7.052441e+00
4.045000e-11,-4.915872e-06,4.946586e-06,-5.070596e-06,1.162490e-05,7.054030e+00,7.057275e+00,7.058959e+00,7.054226e+00
4.050000e-11,-4.372616e-06,4.965807e-06,-5.331448e-06,1.105493e-05,7.053328e+00,7.058023e+00,7.058173e+00,7.055940e+00
4.055000e-11,-3.752940e-06,4.880672e-06,-5.461344e-06,1.028518e-05,7.052714e+00,7.058767e+00,7.057358e+00,7.057554e+00
4.060000e-11,-3.070058e-06,4.694919e-06,-5.461219e-06,9.333939e-06,7.052198e+00,7.059491e+00,7.056534e+00,7.059037e+00
4.065000e-11,-2.338218e-06,4.414354e-06,-5.334834e-06,8.222812e-06,7.051789e+00,7.060179e+00,7.055718e+00,7.060364e+00
4.070000e-11,-1.572407e-06,4.046691e-06,-5.088627e-06,6.976290e-06,7.051494e+00,7.060819e+00,7.054931e+00,7.061513e+00
4.075000e-11,-7.880492e-07,3.601350e-06,-4.731502e-06,5.621185e-06,7.051316e+00,7.061396e+00,7.054190e+00,7.062465e+00
4.080000e-11,-6.917945e-10,3.089225e-06,-4.274582e-06,4.186070e-06,7.051256e+00,7.061902e+00,7.053509e+00,7.063207e+00
4.085000e-11,7.742987e-07,2.522422e-06,-3.730906e-06,2.700671e-06,7.051315e+00,7.062326e+00,7.052905e+00,7.063728e+00
4.090000e-11,1.522038e-06,1.913983e-06,-3.115097e-06,1.195266e-06,7.051488e+00,7.062661e+00,7.052388e+00,7.064022e+00
4.095000e-11,2.228409e-06,1.277588e-06,-2.443005e-06,-2.999316e-07,7.051772e+00,7.062902e+00,7.051968e+00,7.064090e+00
4.100000e-11,2.880329e-06,6.272565e-07,-1.731326e-06,-1.755370e-06,7.052158e+00,7.063046e+00,7.051653e+00,7.063935e+00
4.105000e-11,3.465989e-06,-2.295980e-08,-9.972122e-07,-3.142736e-06,7.052638e+00,7.063092e+00,7.051447e+00,7.063565e+00
4.110000e-11,3.975068e-06,-6.592721e-07,-2.578815e-07,-4.435503e-06,7.053201e+00,7.063040e+00,7.051352e+00,7.062992e+00
4.115000e-11,4.398909e-06,-1.268443e-06,4.697651e-07,-5.609427e-06,7.053834e+00,7.062895e+00,7.051368e+00,7.062233e+00
4.120000e-11,4.730665e-06,-1.838058e-06,1.169512e-06,-6.642999e-06,7.054524e+00,7.062660e+00,7.051492e+00,7.061307e+00
4.125000e-11,4.965404e-06,-2.356771e-06,1.826175e-06,-7.517833e-06,7.055257e+00,7.062343e+00,7.051718e+00,7.060237e+00
4.130000e-11,5.100171e-06,-2.814528e-06,2.425911e-06,-8.218993e-06,7.056018e+00,7.061952e+00,7.052039e+00,7.059048e+00
4.135000e-11,5.134016e-06,-3.202754e-06,2.956501e-06,-8.735236e-06,7.056791e+00,7.061498e+00,7.052445e+00,7.057767e+00
4.140000e-11,5.067975e-06,-3.514514e-06,3.407579e-06,-9.059194e-06,7.057562e+00,7.060990e+00,7.052926e+00,7.056422e+00
4.145000e-11,4.905020e-06,-3.744622e-06,3.770827e-06,-9.187460e-06,7.058316e+00,7.060442e+00,7.053468e+00,7.055044e+00
4.150000e-11,4.649967e-06,-3.889729e-06,4.040104e-06,-9.120611e-06,7.059039e+00,7.059865e+00,7.054058e+00,7.053660e+00
4.155000e-11,4.309347e-06,-3.948357e-06,4.211542e-06,-8.863133e-06,7.059716e+00,7.059273e+00,7.054681e+00,7.052301e+00
4.160000e-11,3.891251e-06,-3.920895e-06,4.283574e-06,-8.423284e-06,7.060336e+00,7.058678e+00,7.055323e+00,7.050995e+00
4.165000e-11,3.405147e-06,-3.809564e-06,4.256921e-06,-7.812869e-06,7.060887e+00,7.058094e+00,7.055968e+00,7.049769e+00
4.170000e-11,2.861667e-06,-3.618332e-06,4.134520e-06,-7.046956e-06,7.061361e+00,7.057533e+00,7.056602e+00,7.048646e+00
4.175000e-11,2.272384e-06,-3.352799e-06,3.921410e-06,-6.143520e-06,7.061749e+00,7.057006e+00,7.057210e+00,7.047650e+00
4.180000e-11,1.649566e-06,-3.020050e-06,3.624573e-06,-5.123039e-06,7.062045e+00,7.056525e+00,7.057780e+00,7.046799e+00
4.185000e-11,1.005929e-06,-2.628475e-06,3.252736e-06,-4.008038e-06,7.062246e+00,7.056098e+00,7.058299e+00,7.046109e+00
4.190000e-11,3.543775e-07,-2.187570e-06,2.816131e-06,-2.822600e-06,7.062349e+00,7.055734e+00,7.058758e+00,7.045593e+00
4.195000e-11,-2.922496e-07,-1.707708e-06,2.326243e-06,-1.591855e-06,7.062353e+00,7.055440e+00,7.059146e+00,7.045260e+00
4.200000e-11,-9.214266e-07,-1.199904e-06,1.795518e-06,-3.414418e-07,7.062262e+00,7.055221e+00,7.059458e+00,7.045114e+00
4.205000e-11,-1.521182e-06,-6.755689e-07,1.237069e-06,9.030159e-07,7.062077e+00,7.055079e+00,7.059687e+00,7.045157e+00
4.210000e-11,-2.080321e-06,-1.462527e-07,6.643653e-07,2.116438e-06,7.061805e+00,7.055017e+00,7.059830e+00,7.045386e+00
4.215000e-11,-2.588636e-06,3.766024e-07,9.092548e-08,3.274793e-06,7.061452e+00,7.055034e+00,7.059887e+00,7.045794e+00
4.220000e-11,-3.037083e-06,8.819078e-07,-4.699873e-07,4.355569e-06,7.061027e+00,7.055130e+00,7.059859e+00,7.046371e+00
4.225000e-11,-3.417946e-06,1.359160e-06,-1.005657e-06,5.338211e-06,7.060539e+00,7.055299e+00,7.059747e+00,7.047104e+00
4.230000e-11,-3.724961e-06,1.798655e-06,-1.504192e-06,6.204510e-06,7.059999e+00,7.055538e+00,7.059558e+00,7.047977e+00
4.235000e-11,-3.953419e-06,2.191686e-06,-1.954770e-06,6.938929e-06,7.059418e+00,7.055839e+00,7.059297e+00,7.048971e+00
4.240000e-11,-4.100230e-06,2.530704e-06,-2.347867e-06,7.528879e-06,7.058810e+00,7.056196e+00,7.058972e+00,7.050064e+00
4.245000e-11,-4.163960e-06,2.809470e-06,-2.675446e-06,7.964918e-06,7.058185e+00,7.056599e+00,7.058593e+00,7.051236e+00
4.250000e-11,-4.144830e-06,3.023155e-06,-2.931108e-06,8.240889e-06,7.057557e+00,7.057040e+00,7.058169e+00,7.052461e+00
4.255000e-11,-4.044685e-06,3.168421e-06,-3.110207e-06,8.353986e-06,7.056938e+00,7.057508e+00,7.057713e+00,7.053715e+00
4.260000e-11,-3.866931e-06,3.243468e-06,-3.209926e-06,8.304745e-06,7.056340e+00,7.057992e+00,7.057236e+00,7.054975e+00
4.265000e-11,-3.616442e-06,3.248039e-06,-3.229309e-06,8.096978e-06,7.055774e+00,7.058483e+00,7.056750e+00,7.056214e+00
4.270000e-11,-3.299441e-06,3.183397e-06,-3.169248e-06,7.737626e-06,7.055251e+00,7.058969e+00,7.056267e+00,7.057411e+00
4.275000e-11,-2.923353e-06,3.052272e-06,-3.032433e-06,7.236567e-06,7.054781e+00,7.059440e+00,7.055799e+00,7.058543e+00
4.280000e-11,-2.496635e-06,2.858775e-06,-2.823264e-06,6.606358e-06,7.054371e+00,7.059886e+00,7.055357e+00,7.059590e+00
4.285000e-11,-2.028597e-06,2.608278e-06,-2.547722e-06,5.861932e-06,7.054029e+00,7.060300e+00,7.054951e+00,7.060532e+00
4.290000e-11,-1.529197e-06,2.307282e-06,-2.213209e-06,5.020251e-06,7.053761e+00,7.060671e+00,7.054592e+00,7.061355e+00
4.295000e-11,-1.008838e-06,1.963251e-06,-1.828359e-06,4.099929e-06,7.053569e+00,7.060994e+00,7.054287e+00,7.062044e+00
4.300000e-11,-4.781471e-07,1.584436e-06,-1.402824e-06,3.120826e-06,7.053456e+00,7.061262e+00,7.054043e+00,7.062590e+00
4.305000e-11,5.223503e-08,1.179684e-06,-9.470401e-07,2.103626e-06,7.053424e+00,7.061470e+00,7.053866e+00,7.062985e+00
4.310000e-11,5.718673e-07,7.582340e-07,-4.719814e-07,1.069406e-06,7.053471e+00,7.061617e+00,7.053759e+00,7.063225e+00
4.315000e-11,1.070713e-06,3.295121e-07,1.109741e-08,3.920519e-08,7.053596e+00,7.061699e+00,7.053725e+00,7.063309e+00
4.320000e-11,1.539330e-06,-9.707307e-08,4.909181e-07,-9.663944e-07,7.053793e+00,7.061717e+00,7.053763e+00,7.063240e+00
4.325000e-11,1.969053e-06,-5.123337e-07,9.564337e-07,-1.927675e-06,7.054058e+00,7.061670e+00,7.053873e+00,7.063021e+00
4.330000e-11,2.352145e-06,-9.074963e-07,1.397074e-06,-2.826164e-06,7.054385e+00,7.061563e+00,7.054051e+00,7.062662e+00
4.335000e-11,2.681938e-06,-1.274383e-06,1.802976e-06,-3.644980e-06,7.054765e+00,7.061398e+00,7.054293e+00,7.062173e+00
4.340000e-11,2.952947e-06,-1.605578e-06,2.165198e-06,-4.369149e-06,7.055191e+00,7.061181e+00,7.054593e+00,7.061568e+00
4.345000e-11,3.160953e-06,-1.894572e-06,2.475905e-06,-4.985870e-06,7.055653e+00,7.060916e+00,7.054943e+00,7.060861e+00
4.350000e-11,3.303066e-06,-2.135888e-06,2.728530e-06,-5.484736e-06,7.056142e+00,7.060612e+00,7.055337e+00,7.060070e+00
4.355000e-11,3.377756e-06,-2.325181e-06,2.917903e-06,-5.857904e-06,7.056647e+00,7.060275e+00,7.055763e+00,7.059213e+00
4.360000e-11,3.384858e-06,-2.459313e-06,3.040352e-06,-6.100208e-06,7.057158e+00,7.059914e+00,7.056214e+00,7.058309e+00
4.365000e-11,3.325547e-06,-2.536399e-06,3.093757e-06,-6.209223e-06,7.057665e+00,7.059536e+00,7.056677e+00,7.057379e+00
4.370000e-11,3.202292e-06,-2.555825e-06,3.077583e-06,-6.185261e-06,7.058159e+00,7.059151e+00,7.057143e+00,7.056442e+00
4.375000e-11,3.018779e-06,-2.518242e-06,2.992870e-06,-6.031327e-06,7.058629e+00,7.058768e+00,7.057602e+00,7.055519e+00
4.380000e-11,2.779814e-06,-2.425530e-06,2.842185e-06,-5.753004e-06,7.059067e+00,7.058395e+00,7.058042e+00,7.054629e+00
4.385000e-11,2.491208e-06,-2.280735e-06,2.629550e-06,-5.358303e-06,7.059466e+00,7.058039e+00,7.058456e+00,7.053790e+00
4.390000e-11,2.159642e-06,-2.087982e-06,2.360331e-06,-4.857456e-06,7.059817e+00,7.057709e+00,7.058832e+00,7.053018e+00
4.395000e-11,1.792513e-06,-1.852372e-06,2.041103e-06,-4.262669e-06,7.060116e+00,7.057412e+00,7.059165e+00,7.052329e+00
4.400000e-11,1.397780e-06,-1.579849e-06,1.679488e-06,-3.587839e-06,7.060357e+00,7.057153e+00,7.059446e+00,7.051736e+00
4.405000e-11,9.837896e-07,-1.277061e-06,1.283974e-06,-2.848241e-06,7.060537e+00,7.056937e+00,7.059669e+00,7.051249e+00
4.410000e-11,5.591048e-07,-9.511999e-07,8.637173e-07,-2.060191e-06,7.060654e+00,7.056768e+00,7.059831e+00,7.050879e+00
4.415000e-11,1.323321e-07,-6.098391e-07,4.283305e-07,-1.240693e-06,7.060706e+00,7.056651e+00,7.059929e+00,7.050630e+00
4.420000e-11,-2.880518e-07,-2.607591e-07,-1.233348e-08,-4.070774e-07,7.060694e+00,7.056585e+00,7.059960e+00,7.050505e+00
4.425000e-11,-6.938647e-07,8.822376e-08,-4.484022e-07,4.233602e-07,7.060620e+00,7.056572e+00,7.059925e+00,7.050507e+00
4.430000e-11,-1.077376e-06,4.294293e-07,-8.702015e-07,1.233713e-06,7.060486e+00,7.056611e+00,7.059825e+00,7.050632e+00
4.435000e-11,-1.431450e-06,7.554785e-07,-1.268466e-06,2.007807e-06,7.060297e+00,7.056701e+00,7.059663e+00,7.050877e+00
4.440000e-11,-1.749681e-06,1.059450e-06,-1.634540e-06,2.730513e-06,7.060056e+00,7.056838e+00,7.059444e+00,7.051236e+00
4.445000e-11,-2.026497e-06,1.335022e-06,-1.960559e-06,3.388046e-06,7.059771e+00,7.057019e+00,7.059172e+00,7.051698e+00
4.450000e-11,-2.257265e-06,1.576605e-06,-2.239613e-06,3.968219e-06,7.059447e+00,7.057239e+00,7.058855e+00,7.052254e+00
4.455000e-11,-2.438359e-06,1.779445e-06,-2.465895e-06,4.460663e-06,7.059092e+00,7.057492e+00,7.058499e+00,7.052891e+00
4.460000e-11,-2.567211e-06,1.939719e-06,-2.634808e-06,4.857005e-06,7.058714e+00,7.057773e+00,7.058114e+00,7.053596e+00
4.465000e-11,-2.642348e-06,2.054601e-06,-2.743061e-06,5.151002e-06,7.058320e+00,7.058075e+00,7.057708e+00,7.054352e+00
4.470000e-11,-2.663394e-06,2.122309e-06,-2.788723e-06,5.338628e-06,7.057919e+00,7.058391e+00,7.057290e+00,7.055145e+00
4.475000e-11,-2.631060e-06,2.142125e-06,-2.771255e-06,5.418112e-06,7.057519e+00,7.058713e+00,7.056870e+00,7.055958e+00
4.480000e-11,-2.547106e-06,2.114392e-06,-2.691507e-06,5.389928e-06,7.057128e+00,7.059034e+00,7.056457e+00,7.056775e+00
4.485000e-11,-2.414287e-06,2.040495e-06,-2.551686e-06,5.256744e-06,7.056753e+00,7.059348e+00,7.056061e+00,7.057580e+00
4.490000e-11,-2.236276e-06,1.922808e-06,-2.355294e-06,5.023320e-06,7.056401e+00,7.059648e+00,7.055691e+00,7.058357e+00
4.495000e-11,-2.017576e-06,1.764630e-06,-2.107042e-06,4.696371e-06,7.056080e+00,7.059926e+00,7.055354e+00,7.059092e+00
4.500000e-11,-1.763409e-06,1.570098e-06,-1.812732e-06,4.284391e-06,7.055794e+00,7.060178e+00,7.055058e+00,7.059770e+00
4.505000e-11,-1.479600e-06,1.344081e-06,-1.479121e-06,3.797441e-06,7.055549e+00,7.060398e+00,7.054809e+00,7.060381e+00
4.510000e-11,-1.172445e-06,1.092064e-06,-1.113768e-06,3.246915e-06,7.055348e+00,7.060582e+00,7.054614e+00,7.060914e+00
4.515000e-11,-8.485780e-07,8.200213e-07,-7.248563e-07,2.645280e-06,7.055195e+00,7.060726e+00,7.054475e+00,7.061359e+00
4.520000e-11,-5.148265e-07,5.342731e-07,-3.210135e-07,2.005800e-06,7.055092e+00,7.060829e+00,7.054396e+00,7.061711e+00
4.525000e-11,-1.780742e-07,2.413470e-07,8.888180e-08,1.342249e-06,7.055040e+00,7.060887e+00,7.054379e+00,7.061964e+00
4.530000e-11,1.548816e-07,-5.216929e-08,4.958949e-07,6.686226e-07,7.055038e+00,7.060901e+00,7.054424e+00,7.062116e+00
4.535000e-11,4.774642e-07,-3.397725e-07,8.912296e-07,-1.154689e-09,7.055086e+00,7.060872e+00,7.054529e+00,7.062167e+00
4.540000e-11,7.834463e-07,-6.151845e-07,1.266417e-06,-6.535103e-07,7.055181e+00,7.060800e+00,7.054692e+00,7.062117e+00
4.545000e-11,1.067068e-06,-8.724856e-07,1.613497e-06,-1.275494e-06,7.055321e+00,7.060687e+00,7.054910e+00,7.061972e+00
4.550000e-11,1.323143e-06,-1.106239e-06,1.925184e-06,-1.855030e-06,7.055502e+00,7.060538e+00,7.055177e+00,7.061735e+00
4.555000e-11,1.547153e-06,-1.311602e-06,2.195017e-06,-2.381146e-06,7.055719e+00,7.060355e+00,7.055489e+00,7.061415e+00
4.560000e-11,1.735322e-06,-1.484425e-06,2.417494e-06,-2.844178e-06,7.055967e+00,7.060144e+00,7.055838e+00,7.061021e+00
4.565000e-11,1.884679e-06,-1.621329e-06,2.588177e-06,-3.235942e-06,7.056240e+00,7.059909e+00,7.056216e+00,7.060561e+00
4.570000e-11,1.993100e-06,-1.719773e-06,2.703779e-06,-3.549872e-06,7.056533e+00,7.059657e+00,7.056616e+00,7.060049e+00
4.575000e-11,2.059332e-06,-1.778094e-06,2.762224e-06,-3.781128e-06,7.056840e+00,7.059392e+00,7.057029e+00,7.059495e+00
4.580000e-11,2.083001e-06,-1.795535e-06,2.762678e-06,-3.926657e-06,7.057153e+00,7.059122e+00,7.057447e+00,7.058912e+00
4.585000e-11,2.064598e-06,-1.772247e-06,2.705552e-06,-3.985228e-06,7.057466e+00,7.058853e+00,7.057860e+00,7.058315e+00
4.590000e-11,2.005452e-06,-1.709274e-06,2.592487e-06,-3.957419e-06,7.057774e+00,7.058590e+00,7.058260e+00,7.057715e+00
4.595000e-11,1.907687e-06,-1.608520e-06,2.426300e-06,-3.845576e-06,7.058070e+00,7.058339e+00,7.058639e+00,7.057125e+00
4.600000e-11,1.774153e-06,-1.472694e-06,2.210917e-06,-3.653724e-06,7.058348e+00,7.058107e+00,7.058990e+00,7.056558e+00
4.605000e-11,1.608365e-06,-1.305241e-06,1.951274e-06,-3.387463e-06,7.058603e+00,7.057897e+00,7.059304e+00,7.056027e+00
4.610000e-11,1.414403e-06,-1.110260e-06,1.653206e-06,-3.053813e-06,7.058832e+00,7.057715e+00,7.059576e+00,7.055540e+00
4.615000e-11,1.196830e-06,-8.923992e-07,1.323310e-06,-2.661050e-06,7.059029e+00,7.057563e+00,7.059801e+00,7.055108e+00
4.620000e-11,9.605799e-07,-6.567561e-07,9.688015e-07,-2.218507e-06,7.059192e+00,7.057447e+00,7.059974e+00,7.054740e+00
4.625000e-11,7.108520e-07,-4.087539e-07,5.973513e-07,-1.736363e-06,7.059319e+00,7.057366e+00,7.060092e+00,7.054441e+00
4.630000e-11,4.530011e-07,-1.540213e-07,2.169213e-07,-1.225412e-06,7.059407e+00,7.057324e+00,7.060154e+00,7.054217e+00
4.635000e-11,1.924237e-07,1.017330e-07,-1.644081e-07,-6.968353e-07,7.059456e+00,7.057320e+00,7.060157e+00,7.054072e+00
4.640000e-11,-6.555169e-08,3.528466e-07,-5.386095e-07,-1.619536e-07,7.059465e+00,7.057354e+00,7.060104e+00,7.054007e+00
4.645000e-11,-3.157713e-07,5.938261e-07,-8.978777e-07,3.680053e-07,7.059436e+00,7.057426e+00,7.059995e+00,7.054023e+00
4.650000e-11,-5.533569e-07,8.194652e-07,-1.234793e-06,8.821401e-07,7.059371e+00,7.057533e+00,7.059834e+00,7.054117e+00
4.655000e-11,-7.737988e-07,1.024955e-06,-1.542472e-06,1.370095e-06,7.059271e+00,7.057672e+00,7.059624e+00,7.054288e+00
4.660000e-11,-9.730395e-07,1.205982e-06,-1.814710e-06,1.822266e-06,7.059139e+00,7.057841e+00,7.059370e+00,7.054529e+00
4.665000e-11,-1.147546e-06,1.358822e-06,-2.046105e-06,2.229985e-06,7.058978e+00,7.058035e+00,7.059079e+00,7.054835e+00
4.670000e-11,-1.294370e-06,1.480404e-06,-2.232160e-06,2.585678e-06,7.058794e+00,7.058249e+00,7.058755e+00,7.055199e+00
4.675000e-11,-1.411194e-06,1.568381e-06,-2.369376e-06,2.883007e-06,7.058589e+00,7.058480e+00,7.058407e+00,7.055613e+00
4.680000e-11,-1.496368e-06,1.621164e-06,-2.455308e-06,3.116974e-06,7.058370e+00,7.058721e+00,7.058043e+00,7.056066e+00
4.685000e-11,-1.548925e-06,1.637949e-06,-2.488613e-06,3.283997e-06,7.058140e+00,7.058967e+00,7.057669e+00,7.056550e+00
4.690000e-11,-1.568584e-06,1.618730e-06,-2.469064e-06,3.381956e-06,7.057904e+00,7.059213e+00,7.057295e+00,7.057054e+00
4.695000e-11,-1.555745e-06,1.564282e-06,-2.397544e-06,3.410209e-06,7.057668e+00,7.059453e+00,7.056927e+00,7.057567e+00
4.700000e-11,-1.511464e-06,1.476143e-06,-2.276018e-06,3.369575e-06,7.057436e+00,7.059683e+00,7.056574e+00,7.058080e+00
4.705000e-11,-1.437413e-06,1.356567e-06,-2.107482e-06,3.262288e-06,7.057213e+00,7.059897e+00,7.056243e+00,7.058581e+00
4.710000e-11,-1.335836e-06,1.208467e-06,-1.895886e-06,3.091918e-06,7.057004e+00,7.060091e+00,7.055940e+00,7.059061e+00
4.715000e-11,-1.209490e-06,1.035346e-06,-1.646045e-06,2.863274e-06,7.056811e+00,7.060260e+00,7.055673e+00,7.059511e+00
4.720000e-11,-1.061573e-06,8.412162e-07,-1.363527e-06,2.582278e-06,7.056640e+00,7.060402e+00,7.055445e+00,7.059923e+00
4.725000e-11,-8.956518e-07,6.305024e-07,-1.054532e-06,2.255818e-06,7.056492e+00,7.060513e+00,7.055263e+00,7.060288e+00
4.730000e-11,-7.155780e-07,4.079451e-07,-7.257491e-07,1.891588e-06,7.056370e+00,7.060591e+00,7.055128e+00,7.060602e+00
4.735000e-11,-5.254030e-07,1.784935e-07,-3.842164e-07,1.497910e-06,7.056276e+00,7.060636e+00,7.055045e+00,7.060858e+00
4.740000e-11,-3.292895e-07,-5.280318e-08,-3.716726e-08,1.083548e-06,7.056212e+00,7.060645e+00,7.055013e+00,7.061053e+00
4.745000e-11,-1.314229e-07,-2.809057e-07,3.081232e-07,6.575216e-07,7.056177e+00,7.060620e+00,7.055034e+00,7.061185e+00
4.750000e-11,6.407591e-08,-5.008933e-07,6.444911e-07,2.289095e-07,7.056172e+00,7.060560e+00,7.055106e+00,7.061252e+00
4.755000e-11,2.532342e-07,-7.080684e-07,9.650329e-07,-1.933378e-07,7.056196e+00,7.060469e+00,7.055228e+00,7.061255e+00
4.760000e-11,4.323063e-07,-8.980551e-07,1.263247e-06,-6.005819e-07,7.056247e+00,7.060348e+00,7.055396e+00,7.061195e+00
4.765000e-11,5.978463e-07,-1.066890e-06,1.533166e-06,-9.846692e-07,7.056325e+00,7.060199e+00,7.055608e+00,7.061075e+00
4.770000e-11,7.467722e-07,-1.211105e-06,1.769475e-06,-1.338091e-06,7.056427e+00,7.060027e+00,7.055857e+00,7.060900e+00
4.775000e-11,8.764215e-07,-1.327793e-06,1.967616e-06,-1.654126e-06,7.056549e+00,7.059835e+00,7.056140e+00,7.060674e+00
4.780000e-11,9.845971e-07,-1.414667e-06,2.123874e-06,-1.926966e-06,7.056690e+00,7.059628e+00,7.056449e+00,7.060403e+00
4.785000e-11,1.069601e-06,-1.470105e-06,2.235445e-06,-2.151817e-06,7.056845e+00,7.059410e+00,7.056779e+00,7.060095e+00
4.790000e-11,1.130260e-06,-1.493173e-06,2.300486e-06,-2.324982e-06,7.057011e+00,7.059186e+00,7.057122e+00,7.059757e+00
4.795000e-11,1.165935e-06,-1.483645e-06,2.318140e-06,-2.443914e-06,7.057185e+00,7.058961e+00,7.057471e+00,7.059397e+00
4.800000e-11,1.176524e-06,-1.441994e-06,2.288542e-06,-2.507248e-06,7.057362e+00,7.058740e+00,7.057819e+00,7.059022e+00
4.805000e-11,1.162449e-06,-1.369381e-06,2.212806e-06,-2.514809e-06,7.057539e+00,7.058528e+00,7.058159e+00,7.058643e+00
4.810000e-11,1.124638e-06,-1.267618e-06,2.092991e-06,-2.467588e-06,7.057711e+00,7.058328e+00,7.058484e+00,7.058267e+00
4.815000e-11,1.064492e-06,-1.139127e-06,1.932046e-06,-2.367704e-06,7.057877e+00,7.058147e+00,7.058789e+00,7.057901e+00
4.820000e-11,9.838419e-07,-9.868810e-07,1.733737e-06,-2.218335e-06,7.058032e+00,7.057986e+00,7.059066e+00,7.057555e+00
4.825000e-11,8.849050e-07,-8.143352e-07,1.502561e-06,-2.023632e-06,7.058173e+00,7.057850e+00,7.059310e+00,7.057235e+00
4.830000e-11,7.702256e-07,-6.253475e-07,1.243644e-06,-1.788615e-06,7.058298e+00,7.057741e+00,7.059518e+00,7.056947e+00
4.835000e-11,6.426151e-07,-4.240931e-07,9.626266e-07,-1.519048e-06,7.058405e+00,7.057662e+00,7.059684e+00,7.056697e+00
4.840000e-11,5.050869e-07,-2.149718e-07,6.655399e-07,-1.221308e-06,7.058491e+00,7.057614e+00,7.059807e+00,7.056490e+00
4.845000e-11,3.607880e-07,-2.512384e-09,3.586784e-07,-9.022359e-07,7.058557e+00,7.057598e+00,7.059884e+00,7.056329e+00
4.850000e-11,2.129297e-07,2.087259e-07,4.846516e-08,-5.689853e-07,7.058600e+00,7.057613e+00,7.059915e+00,7.056218e+00
4.855000e-11,6.471914e-08,4.142502e-07,-2.586823e-07,-2.288669e-07,7.058621e+00,7.057661e+00,7.059899e+00,7.056158e+00
4.860000e-11,-8.070894e-08,6.097298e-07,-5.564849e-07,1.108092e-07,7.058620e+00,7.057738e+00,7.059837e+00,7.056149e+00
4.865000e-11,-2.203559e-07,7.910862e-07,-8.389298e-07,4.428867e-07,7.058597e+00,7.057844e+00,7.059732e+00,7.056191e+00
4.870000e-11,-3.514192e-07,9.545777e-07,-1.100392e-06,7.605109e-07,7.058554e+00,7.057976e+00,7.059585e+00,7.056282e+00
4.875000e-11,-4.713475e-07,1.096875e-06,-1.335744e-06,1.057267e-06,7.058492e+00,7.058131e+00,7.059401e+00,7.056420e+00
4.880000e-11,-5.778876e-07,1.215130e-06,-1.540461e-06,1.327306e-06,7.058413e+00,7.058306e+00,7.059184e+00,7.056600e+00
4.885000e-11,-6.691263e-07,1.307029e-06,-1.710699e-06,1.565457e-06,7.058319e+00,7.058497e+00,7.058938e+00,7.056818e+00
4.890000e-11,-7.435217e-07,1.370836e-06,-1.843375e-06,1.767325e-06,7.058212e+00,7.058699e+00,7.058669e+00,7.057070e+00
4.895000e-11,-7.999280e-07,1.405428e-06,-1.936216e-06,1.929363e-06,7.058095e+00,7.058909e+00,7.058384e+00,7.057350e+00
4.900000e-11,-8.376103e-07,1.410308e-06,-1.987796e-06,2.048936e-06,7.057972e+00,7.059122e+00,7.058087e+00,7.057650e+00
4.905000e-11,-8.562503e-07,1.385612e-06,-1.997560e-06,2.124354e-06,7.057844e+00,7.059333e+00,7.057786e+00,7.057966e+00
4.910000e-11,-8.559438e-07,1.332099e-06,-1.965819e-06,2.154891e-06,7.057714e+00,7.059538e+00,7.057486e+00,7.058289e+00
4.915000e-11,-8.371887e-07,1.251128e-06,-1.893740e-06,2.140781e-06,7.057586e+00,7.059733e+00,7.057195e+00,7.058614e+00
4.920000e-11,-8.008650e-07,1.144626e-06,-1.783303e-06,2.083194e-06,7.057463e+00,7.059914e+00,7.056917e+00,7.058933e+00
4.925000e-11,-7.482074e-07,1.015039e-06,-1.637260e-06,1.984194e-06,7.057346e+00,7.060077e+00,7.056659e+00,7.059240e+00
4.930000e-11,-6.807704e-07,8.652760e-07,-1.459058e-06,1.846675e-06,7.057238e+00,7.060219e+00,7.056425e+00,7.059530e+00
4.935000e-11,-6.003879e-07,6.986450e-07,-1.252769e-06,1.674289e-06,7.057141e+00,7.060338e+00,7.056220e+00,7.059796e+00
4.940000e-11,-5.091271e-07,5.187773e-07,-1.022991e-06,1.471347e-06,7.057057e+00,7.060429e+00,7.056048e+00,7.060034e+00
4.945000e-11,-4.092392e-07,3.295494e-07,-7.747487e-07,1.242723e-06,7.056988e+00,7.060493e+00,7.055912e+00,7.060239e+00
4.950000e-11,-3.031066e-07,1.349985e-07,-5.133855e-07,9.937356e-07,7.056934e+00,7.060529e+00,7.055815e+00,7.060408e+00
4.955000e-11,-1.931887e-07,-6.076312e-08,-2.444464e-07,7.300295e-07,7.056896e+00,7.060534e+00,7.055758e+00,7.060538e+00
4.960000e-11,-8.196725e-08,-2.536355e-07,2.643829e-08,4.574497e-07,7.056876e+00,7.060510e+00,7.055741e+00,7.060628e+00
4.965000e-11,2.810748e-08,-4.396164e-07,2.936705e-07,1.819149e-07,7.056871e+00,7.060458e+00,7.055766e+00,7.060676e+00
4.970000e-11,1.346690e-07,-6.148844e-07,5.518000e-07,-9.070837e-08,7.056884e+00,7.060378e+00,7.055830e+00,7.060683e+00
4.975000e-11,2.354838e-07,-7.758768e-07,7.956357e-07,-3.547282e-07,7.056912e+00,7.060273e+00,7.055931e+00,7.060649e+00
4.980000e-11,3.284961e-07,-9.193619e-07,1.020349e-06,-6.047436e-07,7.056954e+00,7.060145e+00,7.056069e+00,7.060577e+00
4.985000e-11,4.118690e-07,-1.042503e-06,1.221570e-06,-8.357531e-07,7.057010e+00,7.059996e+00,7.056238e+00,7.060468e+00
4.990000e-11,4.840185e-07,-1.142914e-06,1.395469e-06,-1.043252e-06,7.057078e+00,7.059831e+00,7.056436e+00,7.060326e+00
4.995000e-11,5.436428e-07,-1.218705e-06,1.538833e-06,-1.223318e-06,7.057155e+00,7.059653e+00,7.056658e+00,7.060155e+00
