time,"V(B1|XDUT)","V(B2|XDUT)","V(B1|XLOAD)","V(B2|XLOAD)","P(B1|XDUT)","P(B2|XDUT)","P(B1|XLOAD)","P(B2|XLOAD)"
0.000000e+00,0.000000e+00,0.000000e+00,0.000000e+00,0.000000e+00,0.000000e+00,0.000000e+00,0.000000e+00,0.000000e+00
2.500000e-14,6.574403e-08,7.207891e-08,7.173521e-08,6.453348e-08,3.329426e-06,3.650238e-06,3.632832e-06,3.268120e-06
5.000000e-14,2.189123e-07,2.399320e-07,2.387835e-07,2.147892e-07,1.552545e-05,1.701768e-05,1.693631e-05,1.523490e-05
7.500000e-14,4.663237e-07,5.109732e-07,5.085165e-07,4.573221e-07,4.320647e-05,4.735033e-05,4.712322e-05,4.238365e-05
1.000000e-13,8.095314e-07,8.868939e-07,8.826095e-07,7.934918e-07,9.342997e-05,1.023755e-04,1.018828e-04,9.161744e-05
1.250000e-13,1.248020e-06,1.367183e-06,1.360544e-06,1.222608e-06,1.733737e-04,1.899545e-04,1.890371e-04,1.699443e-04
1.500000e-13,1.780277e-06,1.950305e-06,1.940783e-06,1.742986e-06,2.901788e-04,3.179153e-04,3.163741e-04,2.843220e-04
1.750000e-13,2.404158e-06,2.634103e-06,2.621166e-06,2.352305e-06,4.508659e-04,4.939658e-04,4.915615e-04,4.415739e-04
2.000000e-13,3.117022e-06,3.415937e-06,3.399054e-06,3.047744e-06,6.622812e-04,7.256400e-04,7.220930e-04,6.483358e-04
2.250000e-13,3.915789e-06,4.292748e-06,4.271389e-06,3.826038e-06,9.310574e-04,1.020259e-03,1.015250e-03,9.110156e-04
2.500000e-13,4.796974e-06,5.261089e-06,5.234724e-06,4.683514e-06,1.263579e-03,1.384899e-03,1.378067e-03,1.235759e-03
2.750000e-13,5.756714e-06,6.317147e-06,6.285248e-06,5.616115e-06,1.665952e-03,1.826360e-03,1.817305e-03,1.628420e-03
3.000000e-13,6.790795e-06,7.456764e-06,7.418805e-06,6.619433e-06,2.143978e-03,2.351141e-03,2.339422e-03,2.094530e-03
3.250000e-13,7.894676e-06,8.675463e-06,8.630919e-06,7.688730e-06,2.703124e-03,2.965413e-03,2.950551e-03,2.639274e-03
3.500000e-13,9.063521e-06,9.968465e-06,9.916813e-06,8.818972e-06,3.348503e-03,3.674996e-03,3.656470e-03,3.267468e-03
3.750000e-13,1.029222e-05,1.133072e-05,1.127144e-05,1.000485e-05,4.084851e-03,4.485337e-03,4.462587e-03,3.983534e-03
4.000000e-13,1.157543e-05,1.275692e-05,1.268949e-05,1.124084e-05,4.916506e-03,5.401489e-03,5.373917e-03,4.791485e-03
4.250000e-13,1.290759e-05,1.424153e-05,1.416543e-05,1.252117e-05,5.847394e-03,6.428096e-03,6.395063e-03,5.694902e-03
4.500000e-13,1.428296e-05,1.577883e-05,1.569354e-05,1.383994e-05,6.881011e-03,7.569374e-03,7.530201e-03,6.696927e-03
4.750000e-13,1.569566e-05,1.736290e-05,1.726791e-05,1.519108e-05,8.020413e-03,8.829097e-03,8.783066e-03,7.800245e-03
5.000000e-13,1.713968e-05,1.898770e-05,1.888248e-05,1.656842e-05,9.268206e-03,1.021058e-02,1.015694e-02,9.007080e-03
5.250000e-13,1.860894e-05,2.064704e-05,2.053107e-05,1.796571e-05,1.062654e-02,1.171669e-02,1.165464e-02,1.031918e-02
5.500000e-13,2.009729e-05,2.233466e-05,2.220741e-05,1.937667e-05,1.209708e-02,1.334981e-02,1.327850e-02,1.173783e-02
5.750000e-13,2.159857e-05,2.404421e-05,2.390517e-05,2.079501e-05,1.368107e-02,1.511183e-02,1.503040e-02,1.326382e-02
6.000000e-13,2.310662e-05,2.576933e-05,2.561796e-05,2.221447e-05,1.537923e-02,1.700419e-02,1.691172e-02,1.489747e-02
6.250000e-13,2.461532e-05,2.750361e-05,2.733938e-05,2.362883e-05,1.719186e-02,1.902782e-02,1.892335e-02,1.663864e-02
6.500000e-13,2.611863e-05,2.924069e-05,2.906305e-05,2.503197e-05,1.911878e-02,2.118318e-02,2.106572e-02,1.848670e-02
6.750000e-13,2.761059e-05,3.097423e-05,3.078264e-05,2.641790e-05,2.115935e-02,2.347023e-02,2.333874e-02,2.044058e-02
7.000000e-13,2.908538e-05,3.269795e-05,3.249187e-05,2.778077e-05,2.331249e-02,2.588848e-02,2.574187e-02,2.249876e-02
7.250000e-13,3.053733e-05,3.440569e-05,3.418455e-05,2.911492e-05,2.557668e-02,2.843695e-02,2.827410e-02,2.465926e-02
7.500000e-13,3.196095e-05,3.609137e-05,3.585461e-05,3.041487e-05,2.794998e-02,3.111419e-02,3.093394e-02,2.691971e-02
7.750000e-13,3.335096e-05,3.774909e-05,3.749613e-05,3.167541e-05,3.043005e-02,3.391830e-02,3.371944e-02,2.927730e-02
8.000000e-13,3.470228e-05,3.937307e-05,3.910334e-05,3.289155e-05,3.301414e-02,3.684694e-02,3.662822e-02,3.172887e-02
8.250000e-13,3.601012e-05,4.095776e-05,4.067066e-05,3.405862e-05,3.569914e-02,3.989735e-02,3.965746e-02,3.427087e-02
8.500000e-13,3.726994e-05,4.249780e-05,4.219274e-05,3.517223e-05,3.848158e-02,4.306634e-02,4.280395e-02,3.689940e-02
8.750000e-13,3.847749e-05,4.398804e-05,4.366442e-05,3.622830e-05,4.135764e-02,4.635032e-02,4.606404e-02,3.961026e-02
9.000000e-13,3.962882e-05,4.542361e-05,4.508082e-05,3.722310e-05,4.432322e-02,4.974533e-02,4.943373e-02,4.239894e-02
9.250000e-13,4.072031e-05,4.679988e-05,4.643730e-05,3.815328e-05,4.737391e-02,5.324706e-02,5.290865e-02,4.526067e-02
9.500000e-13,4.174867e-05,4.811252e-05,4.772954e-05,3.901580e-05,5.050506e-02,5.685082e-02,5.648409e-02,4.819043e-02
9.750000e-13,4.271096e-05,4.935750e-05,4.895348e-05,3.980805e-05,5.371175e-02,6.055165e-02,6.015502e-02,5.118298e-02
1.000000e-12,4.360460e-05,5.053107e-05,5.010541e-05,4.052779e-05,5.698889e-02,6.434427e-02,6.391611e-02,5.423292e-02
1.025000e-12,4.442735e-05,5.162985e-05,5.118190e-05,4.117316e-05,6.033117e-02,6.822313e-02,6.776177e-02,5.733466e-02
1.050000e-12,4.517737e-05,5.265077e-05,5.217991e-05,4.174272e-05,6.373314e-02,7.218243e-02,7.168617e-02,6.048253e-02
1.075000e-12,4.585318e-05,5.359110e-05,5.309671e-05,4.223543e-05,6.718924e-02,7.621618e-02,7.568324e-02,6.367071e-02
1.100000e-12,4.645365e-05,5.444848e-05,5.392993e-05,4.265062e-05,7.069379e-02,8.031815e-02,7.974673e-02,6.689336e-02
1.125000e-12,4.697806e-05,5.522090e-05,5.467759e-05,4.298807e-05,7.424105e-02,8.448199e-02,8.387022e-02,7.014459e-02
1.150000e-12,4.742605e-05,5.590672e-05,5.533804e-05,4.324793e-05,7.782523e-02,8.870117e-02,8.804716e-02,7.341851e-02
1.175000e-12,4.779762e-05,5.650466e-05,5.591002e-05,4.343073e-05,8.144054e-02,9.296909e-02,9.227088e-02,7.670924e-02
1.200000e-12,4.809313e-05,5.701382e-05,5.639266e-05,4.353740e-05,8.508118e-02,9.727904e-02,9.653464e-02,8.001098e-02
1.225000e-12,4.831332e-05,5.743366e-05,5.678543e-05,4.356924e-05,8.874143e-02,1.016243e-01,1.008316e-01,8.331801e-02
1.250000e-12,4.845924e-05,5.776403e-05,5.708819e-05,4.352791e-05,9.241559e-02,1.059980e-01,1.051550e-01,8.662470e-02
1.275000e-12,4.853231e-05,5.800512e-05,5.730117e-05,4.341540e-05,9.609810e-02,1.103934e-01,1.094980e-01,8.992559e-02
1.300000e-12,4.853425e-05,5.815749e-05,5.742496e-05,4.323407e-05,9.978349e-02,1.148037e-01,1.138538e-01,9.321535e-02
1.325000e-12,4.846708e-05,5.822206e-05,5.746051e-05,4.298656e-05,1.034664e-01,1.192224e-01,1.182157e-01,9.648888e-02
1.350000e-12,4.833315e-05,5.820011e-05,5.740914e-05,4.267583e-05,1.071418e-01,1.236426e-01,1.225770e-01,9.974125e-02
1.375000e-12,4.813506e-05,5.809322e-05,5.727248e-05,4.230509e-05,1.108046e-01,1.280580e-01,1.269311e-01,1.029678e-01
1.400000e-12,4.787567e-05,5.790335e-05,5.705252e-05,4.187785e-05,1.144500e-01,1.324622e-01,1.312718e-01,1.061641e-01
1.425000e-12,4.755809e-05,5.763274e-05,5.675157e-05,4.139781e-05,1.180736e-01,1.368489e-01,1.355927e-01,1.093260e-01
1.450000e-12,4.718566e-05,5.728395e-05,5.637224e-05,4.086890e-05,1.216711e-01,1.412121e-01,1.398878e-01,1.124497e-01
1.475000e-12,4.676190e-05,5.685983e-05,5.591744e-05,4.029526e-05,1.252384e-01,1.455460e-01,1.441513e-01,1.155315e-01
1.500000e-12,4.629052e-05,5.636351e-05,5.539036e-05,3.968117e-05,1.287717e-01,1.498450e-01,1.483776e-01,1.185684e-01
1.525000e-12,4.577541e-05,5.579839e-05,5.479445e-05,3.903105e-05,1.322677e-01,1.541038e-01,1.525612e-01,1.215573e-01
1.550000e-12,4.522057e-05,5.516808e-05,5.413343e-05,3.834945e-05,1.357230e-01,1.583172e-01,1.566972e-01,1.244957e-01
1.575000e-12,4.463012e-05,5.447646e-05,5.341123e-05,3.764099e-05,1.391350e-01,1.624805e-01,1.607808e-01,1.273814e-01
1.600000e-12,4.400830e-05,5.372760e-05,5.263200e-05,3.691037e-05,1.425010e-01,1.665891e-01,1.648074e-01,1.302125e-01
1.625000e-12,4.335938e-05,5.292574e-05,5.180008e-05,3.616232e-05,1.458188e-01,1.706390e-01,1.687728e-01,1.329875e-01
1.650000e-12,4.268772e-05,5.207532e-05,5.091998e-05,3.540158e-05,1.490866e-01,1.746261e-01,1.726733e-01,1.357054e-01
1.675000e-12,4.199767e-05,5.118092e-05,4.999636e-05,3.463290e-05,1.523027e-01,1.785471e-01,1.765054e-01,1.383652e-01
1.700000e-12,4.129361e-05,5.024724e-05,4.903404e-05,3.386096e-05,1.554659e-01,1.823987e-01,1.802660e-01,1.409666e-01
1.725000e-12,4.057988e-05,4.927910e-05,4.803791e-05,3.309040e-05,1.585754e-01,1.861782e-01,1.839523e-01,1.435095e-01
1.750000e-12,3.986080e-05,4.828141e-05,4.701298e-05,3.232578e-05,1.616305e-01,1.898831e-01,1.875619e-01,1.459942e-01
1.775000e-12,3.914064e-05,4.725913e-05,4.596431e-05,3.157154e-05,1.646311e-01,1.935114e-01,1.910928e-01,1.484213e-01
1.800000e-12,3.842356e-05,4.621728e-05,4.489702e-05,3.083200e-05,1.675771e-01,1.970613e-01,1.945435e-01,1.507917e-01
1.825000e-12,3.771363e-05,4.516089e-05,4.381624e-05,3.011133e-05,1.704690e-01,2.005317e-01,1.979126e-01,1.531068e-01
1.850000e-12,3.701484e-05,4.409502e-05,4.272712e-05,2.941354e-05,1.733075e-01,2.039216e-01,2.011995e-01,1.553680e-01
1.875000e-12,3.633099e-05,4.302469e-05,4.163477e-05,2.874244e-05,1.760935e-01,2.072304e-01,2.044036e-01,1.575773e-01
1.900000e-12,3.566578e-05,4.195488e-05,4.054429e-05,2.810163e-05,1.788284e-01,2.104580e-01,2.075249e-01,1.597369e-01
1.925000e-12,3.502271e-05,4.089053e-05,3.946069e-05,2.749453e-05,1.815137e-01,2.136047e-01,2.105637e-01,1.618492e-01
1.950000e-12,3.440511e-05,3.983648e-05,3.838893e-05,2.692428e-05,1.841511e-01,2.166710e-01,2.135207e-01,1.639168e-01
1.975000e-12,3.381613e-05,3.879749e-05,3.733384e-05,2.639379e-05,1.867428e-01,2.196579e-01,2.163971e-01,1.659426e-01
2.000000e-12,3.325871e-05,3.777821e-05,3.630015e-05,2.590574e-05,1.892910e-01,2.225667e-01,2.191942e-01,1.679298e-01
2.025000e-12,3.273557e-05,3.678313e-05,3.529245e-05,2.546250e-05,1.917982e-01,2.253991e-01,2.219138e-01,1.698817e-01
2.050000e-12,3.224919e-05,3.581661e-05,3.431518e-05,2.506620e-05,1.942671e-01,2.281570e-01,2.245582e-01,1.718017e-01
2.075000e-12,3.180186e-05,3.488285e-05,3.337260e-05,2.471865e-05,1.967006e-01,2.308429e-01,2.271297e-01,1.736935e-01
2.100000e-12,3.139559e-05,3.398584e-05,3.246879e-05,2.442142e-05,1.991017e-01,2.334593e-01,2.296312e-01,1.755609e-01
2.125000e-12,3.103217e-05,3.312941e-05,3.160761e-05,2.417574e-05,2.014736e-01,2.360092e-01,2.320657e-01,1.774077e-01
2.150000e-12,3.071314e-05,3.231715e-05,3.079272e-05,2.398259e-05,2.038196e-01,2.384958e-01,2.344366e-01,1.792378e-01
2.175000e-12,3.043977e-05,3.155244e-05,3.002754e-05,2.384263e-05,2.061431e-01,2.409225e-01,2.367475e-01,1.810553e-01
2.200000e-12,3.021309e-05,3.083843e-05,2.931527e-05,2.375624e-05,2.084477e-01,2.432931e-01,2.390025e-01,1.828642e-01
2.225000e-12,3.003389e-05,3.017800e-05,2.865882e-05,2.372350e-05,2.107369e-01,2.456116e-01,2.412054e-01,1.846685e-01
2.250000e-12,2.990269e-05,2.957382e-05,2.806087e-05,2.374423e-05,2.130143e-01,2.478822e-01,2.433608e-01,1.864725e-01
2.275000e-12,2.981978e-05,2.902825e-05,2.752380e-05,2.381795e-05,2.152836e-01,2.501090e-01,2.454732e-01,1.882800e-01
2.300000e-12,2.978517e-05,2.854341e-05,2.704973e-05,2.394391e-05,2.175484e-01,2.522968e-01,2.475471e-01,1.900950e-01
2.325000e-12,2.979868e-05,2.812114e-05,2.664049e-05,2.412112e-05,2.198124e-01,2.544502e-01,2.495876e-01,1.919216e-01
2.350000e-12,2.985984e-05,2.776298e-05,2.629761e-05,2.434830e-05,2.220792e-01,2.565740e-01,2.515995e-01,1.937635e-01
2.375000e-12,2.996801e-05,2.747022e-05,2.602233e-05,2.462395e-05,2.243525e-01,2.586731e-01,2.535880e-01,1.956245e-01
2.400000e-12,3.012228e-05,2.724382e-05,2.581561e-05,2.494635e-05,2.266357e-01,2.607525e-01,2.555582e-01,1.975082e-01
2.425000e-12,3.032155e-05,2.708449e-05,2.567807e-05,2.531355e-05,2.289323e-01,2.628172e-01,2.575153e-01,1.994180e-01
2.450000e-12,3.056453e-05,2.699263e-05,2.561008e-05,2.572339e-05,2.312457e-01,2.648724e-01,2.594646e-01,2.013573e-01
2.475000e-12,3.084973e-05,2.696837e-05,2.561166e-05,2.617353e-05,2.335791e-01,2.669232e-01,2.614114e-01,2.033292e-01
2.500000e-12,3.117546e-05,2.701153e-05,2.568258e-05,2.666148e-05,2.359357e-01,2.689748e-01,2.633610e-01,2.053367e-01
2.525000e-12,3.153991e-05,2.712167e-05,2.582229e-05,2.718455e-05,2.383185e-01,2.710321e-01,2.653185e-01,2.073826e-01
2.550000e-12,3.194106e-05,2.729807e-05,2.602996e-05,2.773994e-05,2.407304e-01,2.731003e-01,2.672893e-01,2.094693e-01
2.575000e-12,3.237680e-05,2.753972e-05,2.630448e-05,2.832474e-05,2.431739e-01,2.751844e-01,2.692783e-01,2.115993e-01
2.600000e-12,3.284487e-05,2.784538e-05,2.664447e-05,2.893590e-05,2.456518e-01,2.772893e-01,2.712907e-01,2.137747e-01
2.625000e-12,3.334287e-05,2.821352e-05,2.704826e-05,2.957032e-05,2.481663e-01,2.794197e-01,2.733312e-01,2.159974e-01
2.650000e-12,3.386836e-05,2.864238e-05,2.751396e-05,3.022481e-05,2.507197e-01,2.815803e-01,2.754048e-01,2.182689e-01
2.675000e-12,3.441876e-05,2.912996e-05,2.803940e-05,3.089615e-05,2.533138e-01,2.837757e-01,2.775159e-01,2.205907e-01
2.700000e-12,3.499144e-05,2.967402e-05,2.862219e-05,3.158107e-05,2.559506e-01,2.860103e-01,2.796692e-01,2.229640e-01
2.725000e-12,3.558373e-05,3.027212e-05,2.925971e-05,3.227630e-05,2.586315e-01,2.882882e-01,2.818687e-01,2.253896e-01
2.750000e-12,3.619291e-05,3.092162e-05,2.994914e-05,3.297857e-05,2.613581e-01,2.906135e-01,2.841185e-01,2.278683e-01
2.775000e-12,3.681620e-05,3.161967e-05,3.068745e-05,3.368463e-05,2.641314e-01,2.929898e-01,2.864226e-01,2.304004e-01
2.800000e-12,3.745087e-05,3.236325e-05,3.147143e-05,3.439128e-05,2.669524e-01,2.954209e-01,2.887844e-01,2.329861e-01
2.825000e-12,3.809414e-05,3.314919e-05,3.229770e-05,3.509537e-05,2.698219e-01,2.979100e-01,2.912073e-01,2.356253e-01
2.850000e-12,3.874326e-05,3.397415e-05,3.316275e-05,3.579381e-05,2.727405e-01,3.004602e-01,2.936943e-01,2.383177e-01
2.875000e-12,3.939553e-05,3.483468e-05,3.406291e-05,3.648363e-05,2.757084e-01,3.030744e-01,2.962484e-01,2.410628e-01
2.900000e-12,4.004827e-05,3.572720e-05,3.499440e-05,3.716192e-05,2.787259e-01,3.057551e-01,2.988719e-01,2.438597e-01
2.925000e-12,4.069887e-05,3.664804e-05,3.595334e-05,3.782592e-05,2.817928e-01,3.085046e-01,3.015672e-01,2.467077e-01
2.950000e-12,4.134476e-05,3.759344e-05,3.693577e-05,3.847298e-05,2.849088e-01,3.113249e-01,3.043361e-01,2.496053e-01
2.975000e-12,4.198348e-05,3.855956e-05,3.793766e-05,3.910060e-05,2.880737e-01,3.142178e-01,3.071803e-01,2.525514e-01
3.000000e-12,4.261264e-05,3.954255e-05,3.895494e-05,3.970642e-05,2.912866e-01,3.171846e-01,3.101012e-01,2.555442e-01
3.025000e-12,4.322995e-05,4.053848e-05,3.998349e-05,4.028824e-05,2.945469e-01,3.202265e-01,3.130997e-01,2.585821e-01
3.050000e-12,4.383325e-05,4.154343e-05,4.101920e-05,4.084405e-05,2.978534e-01,3.233443e-01,3.161765e-01,2.616632e-01
3.075000e-12,4.442045e-05,4.255348e-05,4.205796e-05,4.137200e-05,3.012052e-01,3.265386e-01,3.193320e-01,2.647854e-01
3.100000e-12,4.498964e-05,4.356473e-05,4.309568e-05,4.187042e-05,3.046008e-01,3.298096e-01,3.225663e-01,2.679465e-01
3.125000e-12,4.553900e-05,4.457329e-05,4.412832e-05,4.233784e-05,3.080389e-01,3.331572e-01,3.258791e-01,2.711443e-01
3.150000e-12,4.606686e-05,4.557536e-05,4.515189e-05,4.277299e-05,3.115178e-01,3.365811e-01,3.292700e-01,2.743763e-01
3.175000e-12,4.657169e-05,4.656717e-05,4.616249e-05,4.317477e-05,3.150360e-01,3.400807e-01,3.327381e-01,2.776402e-01
3.200000e-12,4.705212e-05,4.754504e-05,4.715628e-05,4.354230e-05,3.185915e-01,3.436550e-01,3.362822e-01,2.809332e-01
3.225000e-12,4.750692e-05,4.850541e-05,4.812957e-05,4.387489e-05,3.221825e-01,3.473028e-01,3.399009e-01,2.842528e-01
3.250000e-12,4.793500e-05,4.944480e-05,4.907876e-05,4.417206e-05,3.258071e-01,3.510228e-01,3.435927e-01,2.875963e-01
3.275000e-12,4.833544e-05,5.035986e-05,5.000040e-05,4.443352e-05,3.294631e-01,3.548131e-01,3.473554e-01,2.909610e-01
3.300000e-12,4.870747e-05,5.124740e-05,5.089119e-05,4.465917e-05,3.331484e-01,3.586718e-01,3.511868e-01,2.943442e-01
3.325000e-12,4.905049e-05,5.210435e-05,5.174801e-05,4.484911e-05,3.368609e-01,3.625967e-01,3.550846e-01,2.977432e-01
3.350000e-12,4.936403e-05,5.292782e-05,5.256788e-05,4.500362e-05,3.405983e-01,3.665854e-01,3.590461e-01,3.011553e-01
3.375000e-12,4.964779e-05,5.371507e-05,5.334805e-05,4.512317e-05,3.443583e-01,3.706352e-01,3.630682e-01,3.045778e-01
3.400000e-12,4.990161e-05,5.446358e-05,5.408592e-05,4.520840e-05,3.481388e-01,3.747433e-01,3.671479e-01,3.080081e-01
3.425000e-12,5.012549e-05,5.517098e-05,5.477915e-05,4.526011e-05,3.519375e-01,3.789067e-01,3.712820e-01,3.114436e-01
3.450000e-12,5.031957e-05,5.583513e-05,5.542557e-05,4.527928e-05,3.557520e-01,3.831221e-01,3.754669e-01,3.148818e-01
3.475000e-12,5.048412e-05,5.645406e-05,5.602327e-05,4.526703e-05,3.595801e-01,3.873862e-01,3.796990e-01,3.183203e-01
3.500000e-12,5.061956e-05,5.702605e-05,5.657053e-05,4.522461e-05,3.634196e-01,3.916955e-01,3.839746e-01,3.217567e-01
3.525000e-12,5.072643e-05,5.754956e-05,5.706589e-05,4.515342e-05,3.672684e-01,3.960463e-01,3.882897e-01,3.251889e-01
3.550000e-12,5.080540e-05,5.802331e-05,5.750814e-05,4.505499e-05,3.711242e-01,4.004351e-01,3.926404e-01,3.286146e-01
3.575000e-12,5.085724e-05,5.844621e-05,5.789627e-05,4.493093e-05,3.749850e-01,4.048578e-01,3.970226e-01,3.320319e-01
3.600000e-12,5.088287e-05,5.881741e-05,5.822955e-05,4.478297e-05,3.788487e-01,4.093107e-01,4.014323e-01,3.354390e-01
3.625000e-12,5.088326e-05,5.913628e-05,5.850747e-05,4.461293e-05,3.827135e-01,4.137898e-01,4.058651e-01,3.388339e-01
3.650000e-12,5.085951e-05,5.940243e-05,5.872979e-05,4.442270e-05,3.865774e-01,4.182911e-01,4.103169e-01,3.422152e-01
3.675000e-12,5.081280e-05,5.961569e-05,5.889647e-05,4.421423e-05,3.904386e-01,4.228106e-01,4.147835e-01,3.455815e-01
3.725000e-12,5.065560e-05,5.988395e-05,5.906409e-05,4.375066e-05,3.981465e-01,4.318882e-01,4.237442e-01,3.522635e-01
3.750000e-12,5.054782e-05,5.993971e-05,5.906617e-05,4.349967e-05,4.019900e-01,4.364383e-01,4.282299e-01,3.555772e-01
3.775000e-12,5.042250e-05,5.994410e-05,5.901491e-05,4.323866e-05,4.058246e-01,4.409907e-01,4.327138e-01,3.588714e-01
3.800000e-12,5.028113e-05,5.989802e-05,5.891145e-05,4.296974e-05,4.096492e-01,4.455416e-01,4.371919e-01,3.621456e-01
3.825000e-12,5.012522e-05,5.980259e-05,5.875713e-05,4.269498e-05,4.134625e-01,4.500871e-01,4.416601e-01,3.653991e-01
3.850000e-12,4.995633e-05,5.965912e-05,5.855350e-05,4.241645e-05,4.172635e-01,4.546235e-01,4.461148e-01,3.686317e-01
3.875000e-12,4.977604e-05,5.946908e-05,5.830231e-05,4.213619e-05,4.210513e-01,4.591473e-01,4.505523e-01,3.718431e-01
3.900000e-12,4.958592e-05,5.923416e-05,5.800549e-05,4.185621e-05,4.248250e-01,4.636550e-01,4.549690e-01,3.750333e-01
3.925000e-12,4.938756e-05,5.895619e-05,5.766514e-05,4.157845e-05,4.285841e-01,4.681432e-01,4.593615e-01,3.782023e-01
3.950000e-12,4.918254e-05,5.863717e-05,5.728353e-05,4.130480e-05,4.323278e-01,4.726088e-01,4.637266e-01,3.813504e-01
3.975000e-12,4.897242e-05,5.827925e-05,5.686309e-05,4.103708e-05,4.360558e-01,4.770487e-01,4.680614e-01,3.844780e-01
4.000000e-12,4.875875e-05,5.788469e-05,5.640637e-05,4.077704e-05,4.397677e-01,4.814601e-01,4.723628e-01,3.875856e-01
4.025000e-12,4.854306e-05,5.745593e-05,5.591606e-05,4.052634e-05,4.434633e-01,4.858403e-01,4.766283e-01,3.906738e-01
4.050000e-12,4.832682e-05,5.699547e-05,5.539497e-05,4.028655e-05,4.471426e-01,4.901867e-01,4.808555e-01,3.937434e-01
4.075000e-12,4.811148e-05,5.650596e-05,5.484600e-05,4.005912e-05,4.508054e-01,4.944971e-01,4.850421e-01,3.967952e-01
4.100000e-12,4.789845e-05,5.599009e-05,5.427214e-05,3.984544e-05,4.544521e-01,4.987694e-01,4.891861e-01,3.998304e-01
4.125000e-12,4.768906e-05,5.545068e-05,5.367646e-05,3.964676e-05,4.580827e-01,5.030016e-01,4.932857e-01,4.028499e-01
4.150000e-12,4.748462e-05,5.489059e-05,5.306208e-05,3.946423e-05,4.616977e-01,5.071921e-01,4.973394e-01,4.058550e-01
4.175000e-12,4.728635e-05,5.431273e-05,5.243218e-05,3.929886e-05,4.652973e-01,5.113395e-01,5.013460e-01,4.088469e-01
4.200000e-12,4.709541e-05,5.372006e-05,5.178995e-05,3.915158e-05,4.688822e-01,5.154424e-01,5.053042e-01,4.118269e-01
4.225000e-12,4.691290e-05,5.311557e-05,5.113864e-05,3.902316e-05,4.724530e-01,5.195000e-01,5.092134e-01,4.147964e-01
4.250000e-12,4.673985e-05,5.250225e-05,5.048145e-05,3.891428e-05,4.760102e-01,5.235113e-01,5.130730e-01,4.177570e-01
4.275000e-12,4.657720e-05,5.188311e-05,4.982161e-05,3.882547e-05,4.795548e-01,5.274759e-01,5.168826e-01,4.207101e-01
4.300000e-12,4.642583e-05,5.126115e-05,4.916232e-05,3.875715e-05,4.830874e-01,5.313934e-01,5.206421e-01,4.236572e-01
4.325000e-12,4.628652e-05,5.063934e-05,4.850674e-05,3.870962e-05,4.866090e-01,5.352638e-01,5.243518e-01,4.265999e-01
4.350000e-12,4.615999e-05,5.002062e-05,4.785797e-05,3.868305e-05,4.901205e-01,5.390870e-01,5.280120e-01,4.295398e-01
4.375000e-12,4.604686e-05,4.940789e-05,4.721907e-05,3.867750e-05,4.936229e-01,5.428636e-01,5.316234e-01,4.324784e-01
4.400000e-12,4.594769e-05,4.880399e-05,4.659301e-05,3.869290e-05,4.971173e-01,5.465940e-01,5.351867e-01,4.354175e-01
4.425000e-12,4.586294e-05,4.821169e-05,4.598268e-05,3.872909e-05,5.006047e-01,5.502790e-01,5.387032e-01,4.383585e-01
4.450000e-12,4.579300e-05,4.763369e-05,4.539089e-05,3.878578e-05,5.040862e-01,5.539196e-01,5.421740e-01,4.413031e-01
4.475000e-12,4.573818e-05,4.707259e-05,4.482032e-05,3.886258e-05,5.075630e-01,5.575170e-01,5.456008e-01,4.442527e-01
4.500000e-12,4.569870e-05,4.653093e-05,4.427353e-05,3.895902e-05,5.110362e-01,5.610726e-01,5.489851e-01,4.472088e-01
4.525000e-12,4.567471e-05,4.601109e-05,4.375299e-05,3.907451e-05,5.145070e-01,5.645879e-01,5.523290e-01,4.501730e-01
4.550000e-12,4.566628e-05,4.551538e-05,4.326100e-05,3.920838e-05,5.179766e-01,5.680646e-01,5.556345e-01,4.531467e-01
4.575000e-12,4.567342e-05,4.504597e-05,4.279973e-05,3.935989e-05,5.214461e-01,5.715048e-01,5.589037e-01,4.561312e-01
4.600000e-12,4.569606e-05,4.460491e-05,4.237120e-05,3.952820e-05,5.249168e-01,5.749104e-01,5.621393e-01,4.591278e-01
4.625000e-12,4.573406e-05,4.419410e-05,4.197727e-05,3.971244e-05,5.283897e-01,5.782837e-01,5.653436e-01,4.621378e-01
4.650000e-12,4.578721e-05,4.381532e-05,4.161964e-05,3.991163e-05,5.318662e-01,5.816270e-01,5.685194e-01,4.651624e-01
4.675000e-12,4.585527e-05,4.347018e-05,4.129985e-05,4.012478e-05,5.353472e-01,5.849429e-01,5.716696e-01,4.682026e-01
4.700000e-12,4.593790e-05,4.316015e-05,4.101924e-05,4.035083e-05,5.388339e-01,5.882339e-01,5.747969e-01,4.712594e-01
4.725000e-12,4.603475e-05,4.288655e-05,4.077901e-05,4.058867e-05,5.423275e-01,5.915028e-01,5.779045e-01,4.743339e-01
4.750000e-12,4.614537e-05,4.265055e-05,4.058016e-05,4.083719e-05,5.458289e-01,5.947523e-01,5.809954e-01,4.774268e-01
4.775000e-12,4.626932e-05,4.245312e-05,4.042352e-05,4.109522e-05,5.493392e-01,5.979854e-01,5.840729e-01,4.805389e-01
4.800000e-12,4.640608e-05,4.229511e-05,4.030972e-05,4.136160e-05,5.528594e-01,6.012051e-01,5.871401e-01,4.836709e-01
4.825000e-12,4.655510e-05,4.217718e-05,4.023922e-05,4.163515e-05,5.563905e-01,6.044142e-01,5.902003e-01,4.868234e-01
4.850000e-12,4.671580e-05,4.209984e-05,4.021230e-05,4.191468e-05,5.599333e-01,6.076160e-01,5.932568e-01,4.899969e-01
4.875000e-12,4.688759e-05,4.206343e-05,4.022907e-05,4.219902e-05,5.634887e-01,6.108134e-01,5.963129e-01,4.931918e-01
4.900000e-12,4.706983e-05,4.206812e-05,4.028943e-05,4.248700e-05,5.670576e-01,6.140096e-01,5.993720e-01,4.964084e-01
4.925000e-12,4.726186e-05,4.211391e-05,4.039312e-05,4.277747e-05,5.706407e-01,6.172078e-01,6.024373e-01,4.996470e-01
4.950000e-12,4.746303e-05,4.220067e-05,4.053971e-05,4.306930e-05,5.742387e-01,6.204110e-01,6.055120e-01,5.029076e-01
4.975000e-12,4.767266e-05,4.232809e-05,4.072861e-05,4.336140e-05,5.778522e-01,6.236223e-01,6.085996e-01,5.061904e-01
5.000000e-12,4.789006e-05,4.249570e-05,4.095904e-05,4.365271e-05,5.814820e-01,6.268448e-01,6.117030e-01,5.094953e-01
5.025000e-12,4.804881e-05,4.263081e-05,4.115834e-05,4.387768e-05,5.851253e-01,6.300779e-01,6.148218e-01,5.128190e-01
5.050000e-12,4.812647e-05,4.270892e-05,4.130179e-05,4.401412e-05,5.887769e-01,6.333185e-01,6.179530e-01,5.161559e-01
5.075000e-12,4.811548e-05,4.272160e-05,4.138070e-05,4.405448e-05,5.924308e-01,6.365622e-01,6.210924e-01,5.194992e-01
5.100000e-12,4.801349e-05,4.266598e-05,4.139190e-05,4.399645e-05,5.960803e-01,6.398041e-01,6.242350e-01,5.228417e-01
5.125000e-12,4.782017e-05,4.254120e-05,4.133419e-05,4.383979e-05,5.997185e-01,6.430392e-01,6.273758e-01,5.261761e-01
5.150000e-12,4.753618e-05,4.234724e-05,4.120725e-05,4.358527e-05,6.033386e-01,6.462621e-01,6.305096e-01,5.294948e-01
5.175000e-12,4.716277e-05,4.208454e-05,4.101118e-05,4.323435e-05,6.069337e-01,6.494676e-01,6.336311e-01,5.327905e-01
5.200000e-12,4.670165e-05,4.175383e-05,4.074642e-05,4.278899e-05,6.104971e-01,6.526506e-01,6.367351e-01,5.360560e-01
5.225000e-12,4.615495e-05,4.135611e-05,4.041367e-05,4.225163e-05,6.140223e-01,6.558060e-01,6.398164e-01,5.392842e-01
5.250000e-12,4.552518e-05,4.089262e-05,4.001386e-05,4.162517e-05,6.175029e-01,6.589287e-01,6.428698e-01,5.424683e-01
5.275000e-12,4.481522e-05,4.036482e-05,3.954817e-05,4.091293e-05,6.209326e-01,6.620138e-01,6.458905e-01,5.456015e-01
5.300000e-12,4.402827e-05,3.977440e-05,3.901800e-05,4.011860e-05,6.243056e-01,6.650564e-01,6.488733e-01,5.486777e-01
5.325000e-12,4.316785e-05,3.912322e-05,3.842496e-05,3.924626e-05,6.276160e-01,6.680519e-01,6.518135e-01,5.516906e-01
5.350000e-12,4.223777e-05,3.841336e-05,3.777087e-05,3.830032e-05,6.308585e-01,6.709957e-01,6.547064e-01,5.546345e-01
5.375000e-12,4.124212e-05,3.764707e-05,3.705776e-05,3.728550e-05,6.340279e-01,6.738835e-01,6.575474e-01,5.575040e-01
5.400000e-12,4.018520e-05,3.682676e-05,3.628783e-05,3.620683e-05,6.371195e-01,6.767111e-01,6.603321e-01,5.602941e-01
5.425000e-12,3.907158e-05,3.595503e-05,3.546346e-05,3.506956e-05,6.401286e-01,6.794745e-01,6.630563e-01,5.630001e-01
5.450000e-12,3.790596e-05,3.503459e-05,3.458720e-05,3.387921e-05,6.430514e-01,6.821698e-01,6.657159e-01,5.656179e-01
5.475000e-12,3.669327e-05,3.406831e-05,3.366176e-05,3.264144e-05,6.458838e-01,6.847936e-01,6.683071e-01,5.681435e-01
5.500000e-12,3.543852e-05,3.305917e-05,3.268998e-05,3.136212e-05,6.486227e-01,6.873424e-01,6.708264e-01,5.705736e-01
5.525000e-12,3.414689e-05,3.201027e-05,3.167484e-05,3.004722e-05,6.512649e-01,6.898130e-01,6.732702e-01,5.729053e-01
5.550000e-12,3.282360e-05,3.092482e-05,3.061946e-05,2.870283e-05,6.538079e-01,6.922027e-01,6.756355e-01,5.751361e-01
5.575000e-12,3.147397e-05,2.980608e-05,2.952704e-05,2.733509e-05,6.562495e-01,6.945087e-01,6.779192e-01,5.772640e-01
5.600000e-12,3.010333e-05,2.865743e-05,2.840091e-05,2.595019e-05,6.585878e-01,6.967286e-01,6.801187e-01,5.792875e-01
5.625000e-12,2.871704e-05,2.748229e-05,2.724445e-05,2.455431e-05,6.608216e-01,6.988604e-01,6.822316e-01,5.812055e-01
5.650000e-12,2.732043e-05,2.628412e-05,2.606115e-05,2.315363e-05,6.629497e-01,7.009020e-01,6.842557e-01,5.830174e-01
5.675000e-12,2.591880e-05,2.506645e-05,2.485454e-05,2.175423e-05,6.649717e-01,7.028520e-01,6.861891e-01,5.847230e-01
5.700000e-12,2.451739e-05,2.383280e-05,2.362821e-05,2.036214e-05,6.668873e-01,7.047090e-01,6.880302e-01,5.863227e-01
5.725000e-12,2.312135e-05,2.258675e-05,2.238579e-05,1.898327e-05,6.686967e-01,7.064718e-01,6.897775e-01,5.878173e-01
5.750000e-12,2.173574e-05,2.133185e-05,2.113095e-05,1.762337e-05,6.704006e-01,7.081397e-01,6.914301e-01,5.892080e-01
5.775000e-12,2.036547e-05,2.007166e-05,1.986734e-05,1.628803e-05,6.720000e-01,7.097121e-01,6.929871e-01,5.904964e-01
5.800000e-12,1.901531e-05,1.880970e-05,1.859865e-05,1.498266e-05,6.734961e-01,7.111888e-01,6.944479e-01,5.916847e-01
5.825000e-12,1.768989e-05,1.754950e-05,1.732854e-05,1.371244e-05,6.748906e-01,7.125698e-01,6.958124e-01,5.927752e-01
5.850000e-12,1.639360e-05,1.629452e-05,1.606066e-05,1.248230e-05,6.761857e-01,7.138553e-01,6.970806e-01,5.937708e-01
5.875000e-12,1.513069e-05,1.504818e-05,1.479865e-05,1.129692e-05,6.773836e-01,7.150459e-01,6.982528e-01,5.946748e-01
5.900000e-12,1.390516e-05,1.381385e-05,1.354606e-05,1.016071e-05,6.784871e-01,7.161423e-01,6.993295e-01,5.954907e-01
5.925000e-12,1.272079e-05,1.259481e-05,1.230644e-05,9.077757e-06,6.794991e-01,7.171456e-01,7.003116e-01,5.962224e-01
5.950000e-12,1.158111e-05,1.139428e-05,1.108324e-05,8.051851e-06,6.804230e-01,7.180571e-01,7.012003e-01,5.968740e-01
5.975000e-12,1.048939e-05,1.021538e-05,9.879861e-06,7.086449e-06,6.812621e-01,7.188783e-01,7.019969e-01,5.974501e-01
6.000000e-12,9.448664e-06,9.061163e-06,8.699613e-06,6.184664e-06,6.820204e-01,7.196109e-01,7.027030e-01,5.979553e-01
6.025000e-12,8.461661e-06,7.934543e-06,7.545711e-06,5.349262e-06,6.827016e-01,7.202569e-01,7.033204e-01,5.983947e-01
6.050000e-12,7.530844e-06,6.838342e-06,6.421272e-06,4.582643e-06,6.833101e-01,7.208185e-01,7.038515e-01,5.987732e-01
6.075000e-12,6.658386e-06,5.775257e-06,5.329301e-06,3.886842e-06,6.838501e-01,7.212982e-01,7.042984e-01,5.990962e-01
6.100000e-12,5.846167e-06,4.747862e-06,4.272682e-06,3.263522e-06,6.843262e-01,7.216986e-01,7.046637e-01,5.993691e-01
6.125000e-12,5.095771e-06,3.758597e-06,3.254172e-06,2.713970e-06,6.847429e-01,7.220224e-01,7.049503e-01,5.995975e-01
6.150000e-12,4.408488e-06,2.809763e-06,2.276391e-06,2.239093e-06,6.851051e-01,7.222726e-01,7.051611e-01,5.997871e-01
6.175000e-12,3.785307e-06,1.903517e-06,1.341815e-06,1.839427e-06,6.854175e-01,7.224524e-01,7.052993e-01,5.999434e-01
6.200000e-12,3.226922e-06,1.041865e-06,4.527695e-07,1.515129e-06,6.856851e-01,7.225651e-01,7.053683e-01,6.000722e-01
6.225000e-12,2.733730e-06,2.266590e-07,-3.885793e-07,1.265990e-06,6.859127e-01,7.226141e-01,7.053716e-01,6.001793e-01
6.250000e-12,2.305837e-06,-5.404081e-07,-1.180229e-06,1.091438e-06,6.861053e-01,7.226031e-01,7.053130e-01,6.002703e-01
6.275000e-12,1.943064e-06,-1.257807e-06,-1.920347e-06,9.905420e-07,6.862680e-01,7.225357e-01,7.051962e-01,6.003507e-01
6.300000e-12,1.644948e-06,-1.924177e-06,-2.607277e-06,9.620292e-07,6.864055e-01,7.224158e-01,7.050252e-01,6.004263e-01
6.325000e-12,1.410754e-06,-2.538323e-06,-3.239544e-06,1.004290e-06,6.865228e-01,7.222473e-01,7.048041e-01,6.005023e-01
6.350000e-12,1.239480e-06,-3.099227e-06,-3.815856e-06,1.115394e-06,6.866246e-01,7.220342e-01,7.045372e-01,6.005842e-01
6.375000e-12,1.129868e-06,-3.606042e-06,-4.335112e-06,1.293102e-06,6.867158e-01,7.217805e-01,7.042287e-01,6.006769e-01
6.400000e-12,1.080412e-06,-4.058099e-06,-4.796399e-06,1.534884e-06,6.868009e-01,7.214905e-01,7.038830e-01,6.007856e-01
6.425000e-12,1.089374e-06,-4.454903e-06,-5.199003e-06,1.837934e-06,6.868844e-01,7.211682e-01,7.035044e-01,6.009149e-01
6.450000e-12,1.154791e-06,-4.796140e-06,-5.542403e-06,2.199189e-06,6.869708e-01,7.208179e-01,7.030976e-01,6.010693e-01
6.475000e-12,1.274490e-06,-5.081670e-06,-5.826279e-06,2.615347e-06,6.870641e-01,7.204437e-01,7.026669e-01,6.012533e-01
6.500000e-12,1.446101e-06,-5.311532e-06,-6.050506e-06,3.082890e-06,6.871684e-01,7.200500e-01,7.022169e-01,6.014707e-01
6.525000e-12,1.667075e-06,-5.485940e-06,-6.215160e-06,3.598101e-06,6.872876e-01,7.196410e-01,7.017522e-01,6.017254e-01
6.550000e-12,1.934694e-06,-5.605281e-06,-6.320515e-06,4.157090e-06,6.874253e-01,7.192208e-01,7.012772e-01,6.020208e-01
6.575000e-12,2.246089e-06,-5.670115e-06,-6.367043e-06,4.755813e-06,6.875850e-01,7.187936e-01,7.007964e-01,6.023602e-01
6.600000e-12,2.598255e-06,-5.681170e-06,-6.355409e-06,5.390095e-06,6.877698e-01,7.183634e-01,7.003143e-01,6.027462e-01
6.625000e-12,2.988070e-06,-5.639342e-06,-6.286472e-06,6.055656e-06,6.879827e-01,7.179345e-01,6.998352e-01,6.031816e-01
6.650000e-12,3.412309e-06,-5.545687e-06,-6.161282e-06,6.748130e-06,6.882265e-01,7.175106e-01,6.993635e-01,6.036685e-01
6.675000e-12,3.867660e-06,-5.401421e-06,-5.981073e-06,7.463095e-06,6.885036e-01,7.170958e-01,6.989034e-01,6.042087e-01
6.700000e-12,4.350746e-06,-5.207912e-06,-5.747261e-06,8.196089e-06,6.888163e-01,7.166938e-01,6.984590e-01,6.048038e-01
6.725000e-12,4.858136e-06,-4.966677e-06,-5.461438e-06,8.942638e-06,6.891666e-01,7.163083e-01,6.980342e-01,6.054551e-01
6.750000e-12,5.386365e-06,-4.679377e-06,-5.125368e-06,9.698280e-06,6.895561e-01,7.159428e-01,6.976331e-01,6.061633e-01
6.775000e-12,5.931951e-06,-4.347807e-06,-4.740977e-06,1.045858e-05,6.899864e-01,7.156008e-01,6.972593e-01,6.069290e-01
6.800000e-12,6.491410e-06,-3.973893e-06,-4.310350e-06,1.121918e-05,6.904585e-01,7.152855e-01,6.969164e-01,6.077524e-01
6.825000e-12,7.061273e-06,-3.559684e-06,-3.835721e-06,1.197576e-05,6.909735e-01,7.150002e-01,6.966079e-01,6.086334e-01
6.850000e-12,7.638105e-06,-3.107347e-06,-3.319466e-06,1.272412e-05,6.915320e-01,7.147477e-01,6.963369e-01,6.095714e-01
6.875000e-12,8.218513e-06,-2.619153e-06,-2.764093e-06,1.346020e-05,6.921343e-01,7.145309e-01,6.961066e-01,6.105658e-01
6.900000e-12,8.799170e-06,-2.097475e-06,-2.172236e-06,1.418003e-05,6.927807e-01,7.143524e-01,6.959199e-01,6.116153e-01
6.925000e-12,9.376823e-06,-1.544779e-06,-1.546641e-06,1.487983e-05,6.934711e-01,7.142147e-01,6.957793e-01,6.127187e-01
6.950000e-12,9.948309e-06,-9.636111e-07,-8.901578e-07,1.555598e-05,6.942050e-01,7.141200e-01,6.956873e-01,6.138743e-01
6.975000e-12,1.051057e-05,-3.565934e-07,-2.057323e-07,1.620505e-05,6.949819e-01,7.140704e-01,6.956463e-01,6.150802e-01
7.000000e-12,1.106065e-05,2.735883e-07,5.036088e-07,1.682382e-05,6.958010e-01,7.140677e-01,6.956581e-01,6.163341e-01
7.025000e-12,1.159575e-05,9.241926e-07,1.234767e-06,1.740926e-05,6.966613e-01,7.141136e-01,6.957245e-01,6.176337e-01
7.050000e-12,1.211317e-05,1.592432e-06,1.984583e-06,1.795859e-05,6.975615e-01,7.142095e-01,6.958472e-01,6.189764e-01
7.075000e-12,1.261039e-05,2.275484e-06,2.749850e-06,1.846928e-05,6.985002e-01,7.143567e-01,6.960274e-01,6.203593e-01
7.100000e-12,1.308502e-05,2.970498e-06,3.527324e-06,1.893901e-05,6.994757e-01,7.145562e-01,6.962660e-01,6.217794e-01
7.125000e-12,1.353486e-05,3.674609e-06,4.313737e-06,1.936575e-05,7.004863e-01,7.148088e-01,6.965641e-01,6.232334e-01
7.150000e-12,1.395786e-05,4.384944e-06,5.105809e-06,1.974771e-05,7.015301e-01,7.151151e-01,6.969220e-01,6.247182e-01
7.175000e-12,1.435214e-05,5.098635e-06,5.900259e-06,2.008338e-05,7.026048e-01,7.154754e-01,6.973401e-01,6.262302e-01
7.200000e-12,1.471604e-05,5.812825e-06,6.693820e-06,2.037151e-05,7.037083e-01,7.158899e-01,6.978184e-01,6.277658e-01
7.225000e-12,1.504805e-05,6.524682e-06,7.483247e-06,2.061111e-05,7.048382e-01,7.163585e-01,6.983568e-01,6.293215e-01
7.250000e-12,1.534685e-05,7.231407e-06,8.265334e-06,2.080149e-05,7.059920e-01,7.168809e-01,6.989549e-01,6.308935e-01
7.275000e-12,1.561134e-05,7.930241e-06,9.036920e-06,2.094221e-05,7.071672e-01,7.174566e-01,6.996119e-01,6.324781e-01
7.300000e-12,1.584058e-05,8.618477e-06,9.794908e-06,2.103309e-05,7.083612e-01,7.180850e-01,7.003269e-01,6.340714e-01
7.325000e-12,1.603383e-05,9.293472e-06,1.053627e-05,2.107424e-05,7.095711e-01,7.187651e-01,7.010989e-01,6.356698e-01
7.350000e-12,1.619057e-05,9.952649e-06,1.125806e-05,2.106599e-05,7.107944e-01,7.194958e-01,7.019263e-01,6.372694e-01
7.375000e-12,1.631042e-05,1.059351e-05,1.195742e-05,2.100896e-05,7.120281e-01,7.202759e-01,7.028077e-01,6.388666e-01
7.400000e-12,1.639322e-05,1.121364e-05,1.263161e-05,2.090398e-05,7.132696e-01,7.211038e-01,7.037411e-01,6.404576e-01
7.425000e-12,1.643899e-05,1.181073e-05,1.327800e-05,2.075215e-05,7.145159e-01,7.219778e-01,7.047247e-01,6.420388e-01
7.450000e-12,1.644793e-05,1.238255e-05,1.389407e-05,2.055476e-05,7.157643e-01,7.228963e-01,7.057562e-01,6.436069e-01
7.475000e-12,1.642039e-05,1.292701e-05,1.447744e-05,2.031332e-05,7.170120e-01,7.238571e-01,7.068332e-01,6.451582e-01
7.500000e-12,1.635691e-05,1.344211e-05,1.502588e-05,2.002957e-05,7.182562e-01,7.248581e-01,7.079532e-01,6.466897e-01
7.525000e-12,1.625820e-05,1.392597e-05,1.553730e-05,1.970540e-05,7.194943e-01,7.258970e-01,7.091133e-01,6.481981e-01
7.550000e-12,1.612510e-05,1.437687e-05,1.600976e-05,1.934291e-05,7.207236e-01,7.269714e-01,7.103108e-01,6.496805e-01
7.575000e-12,1.595861e-05,1.479318e-05,1.644149e-05,1.894434e-05,7.219416e-01,7.280787e-01,7.115426e-01,6.511340e-01
7.600000e-12,1.575987e-05,1.517344e-05,1.683088e-05,1.851207e-05,7.231457e-01,7.292162e-01,7.128056e-01,6.525560e-01
7.625000e-12,1.553014e-05,1.551631e-05,1.717651e-05,1.804863e-05,7.243335e-01,7.303811e-01,7.140964e-01,6.539440e-01
7.650000e-12,1.527081e-05,1.582062e-05,1.747713e-05,1.755667e-05,7.255028e-01,7.315706e-01,7.154118e-01,6.552958e-01
7.675000e-12,1.498337e-05,1.608531e-05,1.773165e-05,1.703891e-05,7.266514e-01,7.327817e-01,7.167482e-01,6.566093e-01
7.700000e-12,1.466943e-05,1.630952e-05,1.793921e-05,1.649818e-05,7.277771e-01,7.340114e-01,7.181021e-01,6.578826e-01
7.725000e-12,1.433066e-05,1.649249e-05,1.809910e-05,1.593738e-05,7.288781e-01,7.352565e-01,7.194700e-01,6.591142e-01
7.750000e-12,1.396884e-05,1.663367e-05,1.821081e-05,1.535943e-05,7.299525e-01,7.365139e-01,7.208482e-01,6.603025e-01
7.775000e-12,1.358580e-05,1.673262e-05,1.827401e-05,1.476731e-05,7.309987e-01,7.377804e-01,7.222331e-01,6.614465e-01
7.800000e-12,1.318345e-05,1.678907e-05,1.828859e-05,1.416403e-05,7.320150e-01,7.390528e-01,7.236209e-01,6.625451e-01
7.825000e-12,1.276373e-05,1.680292e-05,1.825459e-05,1.355256e-05,7.330002e-01,7.403279e-01,7.250079e-01,6.635977e-01
7.850000e-12,1.232861e-05,1.677422e-05,1.817226e-05,1.293590e-05,7.339530e-01,7.416024e-01,7.263906e-01,6.646036e-01
7.875000e-12,1.188013e-05,1.670315e-05,1.804204e-05,1.231701e-05,7.348722e-01,7.428731e-01,7.277651e-01,6.655627e-01
7.900000e-12,1.142030e-05,1.659006e-05,1.786453e-05,1.169878e-05,7.357569e-01,7.441368e-01,7.291280e-01,6.664748e-01
7.925000e-12,1.095116e-05,1.643547e-05,1.764053e-05,1.108407e-05,7.366064e-01,7.453904e-01,7.304757e-01,6.673402e-01
7.950000e-12,1.047474e-05,1.624000e-05,1.737102e-05,1.047567e-05,7.374201e-01,7.466307e-01,7.318046e-01,6.681592e-01
7.975000e-12,9.993068e-06,1.600445e-05,1.705711e-05,9.876265e-06,7.381974e-01,7.478546e-01,7.331114e-01,6.689323e-01
8.000000e-12,9.508140e-06,1.572975e-05,1.670013e-05,9.288458e-06,7.389380e-01,7.490592e-01,7.343927e-01,6.696604e-01
8.025000e-12,9.021922e-06,1.541696e-05,1.630152e-05,8.714738e-06,7.396417e-01,7.502415e-01,7.356454e-01,6.703445e-01
8.050000e-12,8.536342e-06,1.506727e-05,1.586291e-05,8.157473e-06,7.403086e-01,7.513986e-01,7.368662e-01,6.709856e-01
8.075000e-12,8.053279e-06,1.468201e-05,1.538605e-05,7.618901e-06,7.409387e-01,7.525278e-01,7.380524e-01,6.715851e-01
8.100000e-12,7.574553e-06,1.426260e-05,1.487283e-05,7.101118e-06,7.415324e-01,7.536266e-01,7.392010e-01,6.721446e-01
8.125000e-12,7.101925e-06,1.381061e-05,1.432528e-05,6.606076e-06,7.420899e-01,7.546922e-01,7.403093e-01,6.726656e-01
8.150000e-12,6.637080e-06,1.332768e-05,1.374554e-05,6.135566e-06,7.426119e-01,7.557223e-01,7.413748e-01,6.731500e-01
8.175000e-12,6.181631e-06,1.281559e-05,1.313587e-05,5.691220e-06,7.430989e-01,7.567147e-01,7.423952e-01,6.735997e-01
8.200000e-12,5.737102e-06,1.227618e-05,1.249863e-05,5.274500e-06,7.435518e-01,7.576672e-01,7.433683e-01,6.740167e-01
8.225000e-12,5.304934e-06,1.171139e-05,1.183627e-05,4.886695e-06,7.439714e-01,7.585778e-01,7.442921e-01,6.744032e-01
8.250000e-12,4.886471e-06,1.112326e-05,1.115131e-05,4.528919e-06,7.443587e-01,7.594447e-01,7.451648e-01,6.747614e-01
8.275000e-12,4.482960e-06,1.051386e-05,1.044637e-05,4.202103e-06,7.447149e-01,7.602660e-01,7.459847e-01,6.750936e-01
8.300000e-12,4.095547e-06,9.885356e-06,9.724106e-06,3.907002e-06,7.450410e-01,7.610405e-01,7.467504e-01,6.754022e-01
8.325000e-12,3.725273e-06,9.239962e-06,8.987242e-06,3.644185e-06,7.453384e-01,7.617665e-01,7.474608e-01,6.756896e-01
8.350000e-12,3.373074e-06,8.579935e-06,8.238535e-06,3.414041e-06,7.456083e-01,7.624431e-01,7.481148e-01,6.759583e-01
8.375000e-12,3.039774e-06,7.907576e-06,7.480771e-06,3.216779e-06,7.458522e-01,7.630690e-01,7.487117e-01,6.762107e-01
8.400000e-12,2.726089e-06,7.225215e-06,6.716757e-06,3.052431e-06,7.460716e-01,7.636436e-01,7.492508e-01,6.764495e-01
8.425000e-12,2.432622e-06,6.535208e-06,5.949307e-06,2.920851e-06,7.462679e-01,7.641661e-01,7.497318e-01,6.766770e-01
8.450000e-12,2.159868e-06,5.839921e-06,5.181231e-06,2.821724e-06,7.464427e-01,7.646360e-01,7.501545e-01,6.768957e-01
8.475000e-12,1.908209e-06,5.141730e-06,4.415327e-06,2.754569e-06,7.465976e-01,7.650530e-01,7.505190e-01,6.771081e-01
8.500000e-12,1.677915e-06,4.443006e-06,3.654367e-06,2.718741e-06,7.467342e-01,7.654170e-01,7.508256e-01,6.773166e-01
8.525000e-12,1.469152e-06,3.746110e-06,2.901087e-06,2.713445e-06,7.468542e-01,7.657280e-01,7.510747e-01,6.775235e-01
8.550000e-12,1.281977e-06,3.053386e-06,2.158181e-06,2.737736e-06,7.469591e-01,7.659864e-01,7.512670e-01,6.777311e-01
8.575000e-12,1.116342e-06,2.367147e-06,1.428282e-06,2.790529e-06,7.470506e-01,7.661923e-01,7.514034e-01,6.779417e-01
8.600000e-12,9.720988e-07,1.689673e-06,7.139625e-07,2.870610e-06,7.471303e-01,7.663466e-01,7.514851e-01,6.781572e-01
8.625000e-12,8.490016e-07,1.023202e-06,1.771641e-08,2.976641e-06,7.471999e-01,7.664498e-01,7.515132e-01,6.783798e-01
8.650000e-12,7.467099e-07,3.699180e-07,-6.580456e-07,3.107172e-06,7.472609e-01,7.665029e-01,7.514892e-01,6.786114e-01
8.675000e-12,6.647931e-07,-2.680509e-07,-1.311006e-06,3.260649e-06,7.473149e-01,7.665071e-01,7.514149e-01,6.788537e-01
8.700000e-12,6.027353e-07,-8.886433e-07,-1.938951e-06,3.435428e-06,7.473634e-01,7.664635e-01,7.512919e-01,6.791084e-01
8.725000e-12,5.599397e-07,-1.489870e-06,-2.539774e-06,3.629780e-06,7.474080e-01,7.663735e-01,7.511223e-01,6.793771e-01
8.750000e-12,5.357339e-07,-2.069822e-06,-3.111489e-06,3.841908e-06,7.474499e-01,7.662387e-01,7.509082e-01,6.796613e-01
8.775000e-12,5.293754e-07,-2.626676e-06,-3.652233e-06,4.069953e-06,7.474907e-01,7.660607e-01,7.506518e-01,6.799621e-01
8.800000e-12,5.400571e-07,-3.158701e-06,-4.160275e-06,4.312008e-06,7.475317e-01,7.658414e-01,7.503557e-01,6.802808e-01
8.825000e-12,5.669132e-07,-3.664262e-06,-4.634022e-06,4.566131e-06,7.475740e-01,7.655827e-01,7.500223e-01,6.806182e-01
8.850000e-12,6.090251e-07,-4.141830e-06,-5.072024e-06,4.830351e-06,7.476190e-01,7.652868e-01,7.496543e-01,6.809753e-01
8.875000e-12,6.654275e-07,-4.589983e-06,-5.472979e-06,5.102684e-06,7.476677e-01,7.649557e-01,7.492545e-01,6.813528e-01
8.900000e-12,7.351150e-07,-5.007412e-06,-5.835739e-06,5.381145e-06,7.477211e-01,7.645917e-01,7.488257e-01,6.817511e-01
8.925000e-12,8.170476e-07,-5.392927e-06,-6.159310e-06,5.663754e-06,7.477803e-01,7.641973e-01,7.483708e-01,6.821707e-01
8.950000e-12,9.101581e-07,-5.745457e-06,-6.442861e-06,5.948550e-06,7.478462e-01,7.637748e-01,7.478929e-01,6.826118e-01
8.975000e-12,1.013357e-06,-6.064057e-06,-6.685719e-06,6.233603e-06,7.479194e-01,7.633269e-01,7.473950e-01,6.830745e-01
9.000000e-12,1.125541e-06,-6.347909e-06,-6.887378e-06,6.517021e-06,7.480008e-01,7.628562e-01,7.468803e-01,6.835588e-01
9.025000e-12,1.245596e-06,-6.596326e-06,-7.047496e-06,6.796962e-06,7.480911e-01,7.623652e-01,7.463518e-01,6.840644e-01
9.050000e-12,1.372407e-06,-6.808752e-06,-7.165896e-06,7.071644e-06,7.481906e-01,7.618567e-01,7.458128e-01,6.845911e-01
9.075000e-12,1.504859e-06,-6.984765e-06,-7.242567e-06,7.339351e-06,7.483000e-01,7.613335e-01,7.452663e-01,6.851384e-01
9.100000e-12,1.641850e-06,-7.124078e-06,-7.277664e-06,7.598443e-06,7.484197e-01,7.607983e-01,7.447156e-01,6.857056e-01
9.125000e-12,1.782290e-06,-7.226539e-06,-7.271503e-06,7.847364e-06,7.485498e-01,7.602540e-01,7.441638e-01,6.862921e-01
9.150000e-12,1.925108e-06,-7.292131e-06,-7.224562e-06,8.084652e-06,7.486907e-01,7.597032e-01,7.436139e-01,6.868970e-01
9.175000e-12,2.069261e-06,-7.320973e-06,-7.137476e-06,8.308938e-06,7.488424e-01,7.591489e-01,7.430692e-01,6.875194e-01
9.200000e-12,2.213733e-06,-7.313316e-06,-7.011038e-06,8.518960e-06,7.490051e-01,7.585937e-01,7.425326e-01,6.881583e-01
9.225000e-12,2.357546e-06,-7.269545e-06,-6.846187e-06,8.713563e-06,7.491787e-01,7.580405e-01,7.420070e-01,6.888125e-01
9.250000e-12,2.499756e-06,-7.190175e-06,-6.644013e-06,8.891708e-06,7.493632e-01,7.574920e-01,7.414953e-01,6.894809e-01
9.275000e-12,2.639468e-06,-7.075849e-06,-6.405742e-06,9.052470e-06,7.495583e-01,7.569508e-01,7.410004e-01,6.901621e-01
9.300000e-12,2.775828e-06,-6.927335e-06,-6.132737e-06,9.195047e-06,7.497640e-01,7.564196e-01,7.405248e-01,6.908549e-01
9.325000e-12,2.908037e-06,-6.745525e-06,-5.826491e-06,9.318759e-06,7.499798e-01,7.559010e-01,7.400712e-01,6.915577e-01
9.350000e-12,3.035345e-06,-6.531425e-06,-5.488617e-06,9.423049e-06,7.502054e-01,7.553973e-01,7.396421e-01,6.922692e-01
9.375000e-12,3.157059e-06,-6.286158e-06,-5.120842e-06,9.507487e-06,7.504405e-01,7.549111e-01,7.392397e-01,6.929878e-01
9.400000e-12,3.272544e-06,-6.010954e-06,-4.724999e-06,9.571768e-06,7.506846e-01,7.544446e-01,7.388663e-01,6.937121e-01
9.425000e-12,3.381225e-06,-5.707150e-06,-4.303020e-06,9.615713e-06,7.509372e-01,7.540001e-01,7.385239e-01,6.944405e-01
9.450000e-12,3.482587e-06,-5.376178e-06,-3.856928e-06,9.639264e-06,7.511978e-01,7.535796e-01,7.382145e-01,6.951714e-01
9.475000e-12,3.576178e-06,-5.019563e-06,-3.388824e-06,9.642489e-06,7.514657e-01,7.531853e-01,7.379397e-01,6.959034e-01
9.500000e-12,3.661608e-06,-4.638920e-06,-2.900882e-06,9.625571e-06,7.517405e-01,7.528189e-01,7.377012e-01,6.966349e-01
9.525000e-12,3.738552e-06,-4.235940e-06,-2.395337e-06,9.588812e-06,7.520214e-01,7.524823e-01,7.375004e-01,6.973643e-01
9.550000e-12,3.806746e-06,-3.812388e-06,-1.874476e-06,9.532625e-06,7.523078e-01,7.521770e-01,7.373385e-01,6.980902e-01
9.575000e-12,3.865991e-06,-3.370096e-06,-1.340630e-06,9.457532e-06,7.525991e-01,7.519046e-01,7.372167e-01,6.988111e-01
9.600000e-12,3.916148e-06,-2.910954e-06,-7.961597e-07,9.364158e-06,7.528945e-01,7.516663e-01,7.371357e-01,6.995256e-01
9.625000e-12,3.957142e-06,-2.436904e-06,-2.434496e-07,9.253223e-06,7.531934e-01,7.514635e-01,7.370964e-01,7.002324e-01
9.650000e-12,3.988955e-06,-1.949929e-06,3.151043e-07,9.125544e-06,7.534950e-01,7.512972e-01,7.370993e-01,7.009301e-01
9.675000e-12,4.011627e-06,-1.452050e-06,8.771040e-07,8.982017e-06,7.537987e-01,7.511682e-01,7.371447e-01,7.016176e-01
9.700000e-12,4.025257e-06,-9.453157e-07,1.440160e-06,8.823622e-06,7.541038e-01,7.510773e-01,7.372327e-01,7.022936e-01
9.725000e-12,4.029994e-06,-4.317923e-07,2.001899e-06,8.651409e-06,7.544096e-01,7.510251e-01,7.373635e-01,7.029570e-01
9.750000e-12,4.026041e-06,8.644083e-08,2.559979e-06,8.466491e-06,7.547154e-01,7.510121e-01,7.375367e-01,7.036069e-01
9.775000e-12,4.013648e-06,6.073014e-07,3.112093e-06,8.270040e-06,7.550206e-01,7.510385e-01,7.377520e-01,7.042424e-01
9.800000e-12,3.993111e-06,1.128712e-06,3.655982e-06,8.063276e-06,7.553245e-01,7.511045e-01,7.380089e-01,7.048626e-01
9.825000e-12,3.964768e-06,1.648608e-06,4.189441e-06,7.847459e-06,7.556266e-01,7.512100e-01,7.383068e-01,7.054667e-01
9.850000e-12,3.928996e-06,2.164944e-06,4.710331e-06,7.623885e-06,7.559263e-01,7.513548e-01,7.386446e-01,7.060542e-01
9.875000e-12,3.886209e-06,2.675706e-06,5.216588e-06,7.393871e-06,7.562230e-01,7.515386e-01,7.390213e-01,7.066244e-01
9.900000e-12,3.836850e-06,3.178913e-06,5.706226e-06,7.158755e-06,7.565162e-01,7.517608e-01,7.394359e-01,7.071770e-01
9.925000e-12,3.781393e-06,3.672630e-06,6.177349e-06,6.919881e-06,7.568054e-01,7.520209e-01,7.398869e-01,7.077117e-01
9.950000e-12,3.720334e-06,4.154971e-06,6.628157e-06,6.678595e-06,7.570903e-01,7.523180e-01,7.403730e-01,7.082281e-01
9.975000e-12,3.654193e-06,4.624110e-06,7.056953e-06,6.436235e-06,7.573703e-01,7.526512e-01,7.408923e-01,7.087262e-01
1.000000e-11,3.583502e-06,5.078285e-06,7.462147e-06,6.194125e-06,7.576451e-01,7.530194e-01,7.414434e-01,7.092059e-01
1.002500e-11,3.508809e-06,5.515803e-06,7.842267e-06,5.953565e-06,7.579144e-01,7.534215e-01,7.420242e-01,7.096673e-01
1.005000e-11,3.430671e-06,5.935051e-06,8.195955e-06,5.715828e-06,7.581779e-01,7.538561e-01,7.426329e-01,7.101106e-01
1.007500e-11,3.349648e-06,6.334498e-06,8.521982e-06,5.482147e-06,7.584353e-01,7.543218e-01,7.432673e-01,7.105360e-01
1.010000e-11,3.266303e-06,6.712701e-06,8.819245e-06,5.253715e-06,7.586866e-01,7.548169e-01,7.439254e-01,7.109438e-01
1.012500e-11,3.181195e-06,7.068312e-06,9.086771e-06,5.031671e-06,7.589314e-01,7.553399e-01,7.446050e-01,7.113346e-01
1.015000e-11,3.094879e-06,7.400078e-06,9.323722e-06,4.817103e-06,7.591698e-01,7.558890e-01,7.453037e-01,7.117088e-01
1.017500e-11,3.007900e-06,7.706852e-06,9.529397e-06,4.611033e-06,7.594015e-01,7.564624e-01,7.460192e-01,7.120671e-01
1.020000e-11,2.920787e-06,7.987591e-06,9.703231e-06,4.414420e-06,7.596267e-01,7.570580e-01,7.467490e-01,7.124100e-01
1.022500e-11,2.834058e-06,8.241362e-06,9.844797e-06,4.228150e-06,7.598453e-01,7.576739e-01,7.474909e-01,7.127385e-01
1.025000e-11,2.748209e-06,8.467343e-06,9.953810e-06,4.053034e-06,7.600573e-01,7.583080e-01,7.482423e-01,7.130532e-01
1.027500e-11,2.663713e-06,8.664827e-06,1.003012e-05,3.889803e-06,7.602629e-01,7.589582e-01,7.490007e-01,7.133551e-01
1.030000e-11,2.581021e-06,8.833225e-06,1.007371e-05,3.739107e-06,7.604621e-01,7.596222e-01,7.497636e-01,7.136451e-01
1.032500e-11,2.500555e-06,8.972064e-06,1.008472e-05,3.601510e-06,7.606552e-01,7.602979e-01,7.505287e-01,7.139242e-01
1.035000e-11,2.422709e-06,9.080991e-06,1.006340e-05,3.477489e-06,7.608422e-01,7.609831e-01,7.512933e-01,7.141933e-01
1.037500e-11,2.347846e-06,9.159772e-06,1.001013e-05,3.367432e-06,7.610235e-01,7.616753e-01,7.520551e-01,7.144535e-01
1.040000e-11,2.276295e-06,9.208290e-06,9.925442e-06,3.271636e-06,7.611992e-01,7.623724e-01,7.528117e-01,7.147060e-01
1.042500e-11,2.208351e-06,9.226551e-06,9.809975e-06,3.190309e-06,7.613696e-01,7.630720e-01,7.535607e-01,7.149517e-01
1.045000e-11,2.144272e-06,9.214676e-06,9.664492e-06,3.123566e-06,7.615350e-01,7.637719e-01,7.542998e-01,7.151917e-01
1.047500e-11,2.084282e-06,9.172902e-06,9.489872e-06,3.071435e-06,7.616956e-01,7.644697e-01,7.550268e-01,7.154273e-01
1.050000e-11,2.028564e-06,9.101583e-06,9.287106e-06,3.033851e-06,7.618519e-01,7.651632e-01,7.557394e-01,7.156595e-01
1.052500e-11,1.977267e-06,9.001183e-06,9.057288e-06,3.010664e-06,7.620042e-01,7.658502e-01,7.564356e-01,7.158893e-01
1.055000e-11,1.930498e-06,8.872276e-06,8.801613e-06,3.001636e-06,7.621527e-01,7.665285e-01,7.571134e-01,7.161180e-01
1.057500e-11,1.888327e-06,8.715544e-06,8.521370e-06,3.006449e-06,7.622978e-01,7.671960e-01,7.577709e-01,7.163464e-01
1.060000e-11,1.850788e-06,8.531769e-06,8.217933e-06,3.024700e-06,7.624399e-01,7.678506e-01,7.584062e-01,7.165758e-01
1.062500e-11,1.817874e-06,8.321835e-06,7.892758e-06,3.055913e-06,7.625793e-01,7.684902e-01,7.590177e-01,7.168070e-01
1.065000e-11,1.789543e-06,8.086719e-06,7.547373e-06,3.099535e-06,7.627164e-01,7.691129e-01,7.596038e-01,7.170410e-01
1.067500e-11,1.765718e-06,7.827488e-06,7.183370e-06,3.154947e-06,7.628516e-01,7.697169e-01,7.601629e-01,7.172788e-01
1.070000e-11,1.746285e-06,7.545296e-06,6.802403e-06,3.221464e-06,7.629850e-01,7.703004e-01,7.606938e-01,7.175212e-01
1.072500e-11,1.731099e-06,7.241375e-06,6.406173e-06,3.298339e-06,7.631172e-01,7.708616e-01,7.611951e-01,7.177690e-01
1.075000e-11,1.719981e-06,6.917033e-06,5.996426e-06,3.384774e-06,7.632483e-01,7.713989e-01,7.616659e-01,7.180231e-01
1.077500e-11,1.712723e-06,6.573648e-06,5.574943e-06,3.479917e-06,7.633788e-01,7.719109e-01,7.621052e-01,7.182840e-01
1.080000e-11,1.709089e-06,6.212658e-06,5.143531e-06,3.582876e-06,7.635088e-01,7.723962e-01,7.625121e-01,7.185524e-01
1.082500e-11,1.708817e-06,5.835560e-06,4.704018e-06,3.692720e-06,7.636387e-01,7.728535e-01,7.628860e-01,7.188288e-01
1.085000e-11,1.711621e-06,5.443902e-06,4.258243e-06,3.808483e-06,7.637687e-01,7.732817e-01,7.632262e-01,7.191139e-01
1.087500e-11,1.717193e-06,5.039276e-06,3.808047e-06,3.929176e-06,7.638990e-01,7.736796e-01,7.635325e-01,7.194079e-01
1.090000e-11,1.725207e-06,4.623311e-06,3.355269e-06,4.053789e-06,7.640298e-01,7.740463e-01,7.638045e-01,7.197112e-01
1.092500e-11,1.735318e-06,4.197667e-06,2.901735e-06,4.181298e-06,7.641613e-01,7.743812e-01,7.640421e-01,7.200240e-01
1.095000e-11,1.747171e-06,3.764030e-06,2.449253e-06,4.310672e-06,7.642936e-01,7.746834e-01,7.642454e-01,7.203466e-01
1.097500e-11,1.760397e-06,3.324102e-06,1.999603e-06,4.440878e-06,7.644268e-01,7.749525e-01,7.644144e-01,7.206790e-01
1.100000e-11,1.774619e-06,2.879596e-06,1.554534e-06,4.570887e-06,7.645611e-01,7.751880e-01,7.645494e-01,7.210213e-01
1.102500e-11,1.789455e-06,2.432230e-06,1.115752e-06,4.699684e-06,7.646965e-01,7.753897e-01,7.646510e-01,7.213734e-01
1.105000e-11,1.804519e-06,1.983720e-06,6.849154e-07,4.826267e-06,7.648330e-01,7.755574e-01,7.647195e-01,7.217352e-01
1.107500e-11,1.819426e-06,1.535771e-06,2.636320e-07,4.949658e-06,7.649707e-01,7.756910e-01,7.647557e-01,7.221064e-01
1.110000e-11,1.833793e-06,1.090074e-06,-1.465522e-07,5.068909e-06,7.651094e-01,7.757908e-01,7.647603e-01,7.224869e-01
1.112500e-11,1.847241e-06,6.482954e-07,-5.441555e-07,5.183103e-06,7.652492e-01,7.758569e-01,7.647343e-01,7.228762e-01
1.115000e-11,1.859403e-06,2.120760e-07,-9.277674e-07,5.291363e-06,7.653900e-01,7.758897e-01,7.646787e-01,7.232739e-01
1.117500e-11,1.869917e-06,-2.169799e-07,-1.296053e-06,5.392854e-06,7.655316e-01,7.758896e-01,7.645945e-01,7.236796e-01
1.120000e-11,1.878438e-06,-6.373082e-07,-1.647757e-06,5.486792e-06,7.656739e-01,7.758573e-01,7.644830e-01,7.240927e-01
1.122500e-11,1.884634e-06,-1.047391e-06,-1.981709e-06,5.572441e-06,7.658168e-01,7.757935e-01,7.643454e-01,7.245126e-01
1.125000e-11,1.888193e-06,-1.445764e-06,-2.296828e-06,5.649126e-06,7.659601e-01,7.756990e-01,7.641833e-01,7.249387e-01
1.127500e-11,1.888820e-06,-1.831017e-06,-2.592125e-06,5.716229e-06,7.661035e-01,7.755748e-01,7.639980e-01,7.253701e-01
1.130000e-11,1.886245e-06,-2.201805e-06,-2.866704e-06,5.773195e-06,7.662468e-01,7.754219e-01,7.637910e-01,7.258064e-01
1.132500e-11,1.880219e-06,-2.556850e-06,-3.119767e-06,5.819534e-06,7.663898e-01,7.752414e-01,7.635640e-01,7.262465e-01
1.135000e-11,1.870519e-06,-2.894945e-06,-3.350617e-06,5.854827e-06,7.665322e-01,7.750347e-01,7.633187e-01,7.266897e-01
1.137500e-11,1.856949e-06,-3.214958e-06,-3.558658e-06,5.878722e-06,7.666737e-01,7.748029e-01,7.630567e-01,7.271351e-01
1.140000e-11,1.839342e-06,-3.515839e-06,-3.743395e-06,5.890940e-06,7.668140e-01,7.745476e-01,7.627798e-01,7.275819e-01
1.142500e-11,1.817559e-06,-3.796619e-06,-3.904437e-06,5.891274e-06,7.669528e-01,7.742703e-01,7.624898e-01,7.280292e-01
1.145000e-11,1.791494e-06,-4.056418e-06,-4.041498e-06,5.879590e-06,7.670898e-01,7.739724e-01,7.621884e-01,7.284761e-01
1.147500e-11,1.761068e-06,-4.294443e-06,-4.154393e-06,5.855830e-06,7.672247e-01,7.736556e-01,7.618776e-01,7.289216e-01
1.150000e-11,1.726238e-06,-4.509994e-06,-4.243043e-06,5.820006e-06,7.673570e-01,7.733216e-01,7.615591e-01,7.293648e-01
1.152500e-11,1.686991e-06,-4.702464e-06,-4.307468e-06,5.772206e-06,7.674866e-01,7.729721e-01,7.612348e-01,7.298049e-01
1.155000e-11,1.643346e-06,-4.871343e-06,-4.347790e-06,5.712587e-06,7.676130e-01,7.726090e-01,7.609065e-01,7.302409e-01
1.157500e-11,1.595355e-06,-5.016216e-06,-4.364229e-06,5.641378e-06,7.677359e-01,7.722339e-01,7.605761e-01,7.306719e-01
1.160000e-11,1.543103e-06,-5.136768e-06,-4.357103e-06,5.558878e-06,7.678550e-01,7.718487e-01,7.602453e-01,7.310971e-01
1.162500e-11,1.486706e-06,-5.232780e-06,-4.326823e-06,5.465449e-06,7.679700e-01,7.714553e-01,7.599159e-01,7.315156e-01
1.165000e-11,1.426310e-06,-5.304133e-06,-4.273891e-06,5.361521e-06,7.680806e-01,7.710556e-01,7.595896e-01,7.319266e-01
1.167500e-11,1.362094e-06,-5.350807e-06,-4.198895e-06,5.247582e-06,7.681864e-01,7.706513e-01,7.592682e-01,7.323294e-01
1.170000e-11,1.294263e-06,-5.372877e-06,-4.102509e-06,5.124180e-06,7.682873e-01,7.702445e-01,7.589534e-01,7.327231e-01
1.172500e-11,1.223053e-06,-5.370516e-06,-3.985486e-06,4.991917e-06,7.683828e-01,7.698369e-01,7.586466e-01,7.331072e-01
1.175000e-11,1.148726e-06,-5.343993e-06,-3.848654e-06,4.851444e-06,7.684728e-01,7.694304e-01,7.583494e-01,7.334809e-01
1.177500e-11,1.071568e-06,-5.293668e-06,-3.692914e-06,4.703461e-06,7.685571e-01,7.690268e-01,7.580633e-01,7.338436e-01
1.180000e-11,9.918904e-07,-5.219996e-06,-3.519230e-06,4.548709e-06,7.686354e-01,7.686280e-01,7.577897e-01,7.341949e-01
1.182500e-11,9.100266e-07,-5.123515e-06,-3.328630e-06,4.387968e-06,7.687076e-01,7.682355e-01,7.575300e-01,7.345342e-01
1.185000e-11,8.263292e-07,-5.004855e-06,-3.122196e-06,4.222050e-06,7.687735e-01,7.678513e-01,7.572853e-01,7.348611e-01
1.187500e-11,7.411689e-07,-4.864724e-06,-2.901061e-06,4.051797e-06,7.688330e-01,7.674768e-01,7.570568e-01,7.351753e-01
1.190000e-11,6.549324e-07,-4.703912e-06,-2.666404e-06,3.878072e-06,7.688860e-01,7.671138e-01,7.568456e-01,7.354764e-01
1.192500e-11,5.680201e-07,-4.523283e-06,-2.419440e-06,3.701759e-06,7.689325e-01,7.667637e-01,7.566527e-01,7.357643e-01
1.195000e-11,4.808434e-07,-4.323772e-06,-2.161420e-06,3.523755e-06,7.689723e-01,7.664281e-01,7.564789e-01,7.360387e-01
1.197500e-11,3.938227e-07,-4.106382e-06,-1.893622e-06,3.344963e-06,7.690055e-01,7.661082e-01,7.563251e-01,7.362995e-01
1.200000e-11,3.073847e-07,-3.872178e-06,-1.617346e-06,3.166291e-06,7.690322e-01,7.658055e-01,7.561919e-01,7.365468e-01
1.202500e-11,2.219600e-07,-3.622283e-06,-1.333905e-06,2.988646e-06,7.690523e-01,7.655212e-01,7.560800e-01,7.367806e-01
1.205000e-11,1.379805e-07,-3.357871e-06,-1.044624e-06,2.812924e-06,7.690660e-01,7.652563e-01,7.559897e-01,7.370010e-01
1.207500e-11,5.587722e-08,-3.080166e-06,-7.508326e-07,2.640014e-06,7.690734e-01,7.650121e-01,7.559216e-01,7.372081e-01
1.210000e-11,-2.392299e-08,-2.790430e-06,-4.538562e-07,2.470782e-06,7.690746e-01,7.647893e-01,7.558760e-01,7.374023e-01
1.212500e-11,-1.009993e-07,-2.489966e-06,-1.550136e-07,2.306076e-06,7.690699e-01,7.645890e-01,7.558529e-01,7.375838e-01
1.215000e-11,-1.749396e-07,-2.180105e-06,1.443896e-07,2.146717e-06,7.690595e-01,7.644118e-01,7.558525e-01,7.377530e-01
1.217500e-11,-2.453431e-07,-1.862204e-06,4.430668e-07,1.993493e-06,7.690436e-01,7.642584e-01,7.558748e-01,7.379104e-01
1.220000e-11,-3.118226e-07,-1.537640e-06,7.397553e-07,1.847158e-06,7.690225e-01,7.641294e-01,7.559197e-01,7.380564e-01
1.222500e-11,-3.740068e-07,-1.207803e-06,1.033221e-06,1.708427e-06,7.689965e-01,7.640253e-01,7.559870e-01,7.381916e-01
1.225000e-11,-4.315426e-07,-8.740905e-07,1.322266e-06,1.577969e-06,7.689660e-01,7.639463e-01,7.560764e-01,7.383166e-01
1.227500e-11,-4.840971e-07,-5.379032e-07,1.605727e-06,1.456410e-06,7.689313e-01,7.638927e-01,7.561875e-01,7.384320e-01
1.230000e-11,-5.313600e-07,-2.006373e-07,1.882488e-06,1.344323e-06,7.688929e-01,7.638647e-01,7.563199e-01,7.385385e-01
1.232500e-11,-5.730452e-07,1.363200e-07,2.151478e-06,1.242229e-06,7.688510e-01,7.638623e-01,7.564730e-01,7.386370e-01
1.235000e-11,-6.088925e-07,4.715964e-07,2.411677e-06,1.150591e-06,7.688062e-01,7.638853e-01,7.566461e-01,7.387280e-01
1.237500e-11,-6.386696e-07,8.038404e-07,2.662121e-06,1.069818e-06,7.687590e-01,7.639337e-01,7.568387e-01,7.388126e-01
1.240000e-11,-6.621734e-07,1.131726e-06,2.901903e-06,1.000254e-06,7.687097e-01,7.640072e-01,7.570498e-01,7.388914e-01
1.242500e-11,-6.792313e-07,1.453958e-06,3.130178e-06,9.421852e-07,7.686589e-01,7.641053e-01,7.572787e-01,7.389654e-01
1.245000e-11,-6.897026e-07,1.769279e-06,3.346163e-06,8.958314e-07,7.686070e-01,7.642276e-01,7.575244e-01,7.390354e-01
1.247500e-11,-6.934793e-07,2.076469e-06,3.549142e-06,8.613495e-07,7.685546e-01,7.643735e-01,7.577861e-01,7.391024e-01
1.250000e-11,-6.904868e-07,2.374358e-06,3.738467e-06,8.388312e-07,7.685021e-01,7.645424e-01,7.580626e-01,7.391672e-01
1.252500e-11,-6.806850e-07,2.661821e-06,3.913560e-06,8.283031e-07,7.684502e-01,7.647335e-01,7.583530e-01,7.392307e-01
1.255000e-11,-6.640684e-07,2.937792e-06,4.073913e-06,8.297265e-07,7.683992e-01,7.649460e-01,7.586561e-01,7.392939e-01
1.257500e-11,-6.406665e-07,3.201259e-06,4.219090e-06,8.429980e-07,7.683498e-01,7.651789e-01,7.589708e-01,7.393577e-01
1.260000e-11,-6.105438e-07,3.451274e-06,4.348729e-06,8.679504e-07,7.683024e-01,7.654313e-01,7.592959e-01,7.394229e-01
1.262500e-11,-5.738000e-07,3.686953e-06,4.462538e-06,9.043535e-07,7.682576e-01,7.657022e-01,7.596303e-01,7.394904e-01
1.265000e-11,-5.305691e-07,3.907478e-06,4.560301e-06,9.519161e-07,7.682157e-01,7.659904e-01,7.599727e-01,7.395612e-01
1.267500e-11,-4.810197e-07,4.112106e-06,4.641871e-06,1.010287e-06,7.681774e-01,7.662947e-01,7.603219e-01,7.396359e-01
1.270000e-11,-4.253536e-07,4.300162e-06,4.707176e-06,1.079058e-06,7.681431e-01,7.666139e-01,7.606767e-01,7.397155e-01
1.272500e-11,-3.638056e-07,4.471049e-06,4.756213e-06,1.157766e-06,7.681133e-01,7.669467e-01,7.610358e-01,7.398006e-01
1.275000e-11,-2.966419e-07,4.624245e-06,4.789048e-06,1.245896e-06,7.680883e-01,7.672918e-01,7.613981e-01,7.398921e-01
1.277500e-11,-2.241593e-07,4.759307e-06,4.805817e-06,1.342881e-06,7.680686e-01,7.676479e-01,7.617622e-01,7.399906e-01
1.280000e-11,-1.466836e-07,4.875871e-06,4.806720e-06,1.448112e-06,7.680546e-01,7.680135e-01,7.621270e-01,7.400968e-01
1.282500e-11,-6.456843e-08,4.973652e-06,4.792021e-06,1.560934e-06,7.680467e-01,7.683873e-01,7.624913e-01,7.402112e-01
1.285000e-11,2.180696e-08,5.052445e-06,4.762046e-06,1.680655e-06,7.680452e-01,7.687677e-01,7.628539e-01,7.403345e-01
1.287500e-11,1.120391e-07,5.112126e-06,4.717182e-06,1.806546e-06,7.680503e-01,7.691534e-01,7.632136e-01,7.404670e-01
1.290000e-11,2.057023e-07,5.152648e-06,4.657868e-06,1.937850e-06,7.680625e-01,7.695429e-01,7.635694e-01,7.406094e-01
1.292500e-11,3.023509e-07,5.174047e-06,4.584600e-06,2.073780e-06,7.680818e-01,7.699348e-01,7.639202e-01,7.407618e-01
1.295000e-11,4.015214e-07,5.176433e-06,4.497923e-06,2.213527e-06,7.681086e-01,7.703276e-01,7.642649e-01,7.409247e-01
1.297500e-11,5.027344e-07,5.159995e-06,4.398426e-06,2.356266e-06,7.681430e-01,7.707198e-01,7.646025e-01,7.410984e-01
1.300000e-11,6.054974e-07,5.124997e-06,4.286745e-06,2.501156e-06,7.681851e-01,7.711101e-01,7.649322e-01,7.412829e-01
1.302500e-11,7.093073e-07,5.071775e-06,4.163553e-06,2.647348e-06,7.682351e-01,7.714970e-01,7.652529e-01,7.414785e-01
1.305000e-11,8.136522e-07,5.000737e-06,4.029561e-06,2.793988e-06,7.682929e-01,7.718792e-01,7.655639e-01,7.416852e-01
1.307500e-11,9.180149e-07,4.912358e-06,3.885509e-06,2.940221e-06,7.683587e-01,7.722554e-01,7.658643e-01,7.419030e-01
1.310000e-11,1.021875e-06,4.807181e-06,3.732168e-06,3.085198e-06,7.684324e-01,7.726243e-01,7.661535e-01,7.421318e-01
1.312500e-11,1.124711e-06,4.685811e-06,3.570331e-06,3.228080e-06,7.685139e-01,7.729845e-01,7.664307e-01,7.423716e-01
1.315000e-11,1.226003e-06,4.548910e-06,3.400814e-06,3.368038e-06,7.686032e-01,7.733350e-01,7.666953e-01,7.426221e-01
1.317500e-11,1.325239e-06,4.397201e-06,3.224447e-06,3.504265e-06,7.687000e-01,7.736745e-01,7.669468e-01,7.428830e-01
1.320000e-11,1.421909e-06,4.231454e-06,3.042074e-06,3.635972e-06,7.688043e-01,7.740019e-01,7.671847e-01,7.431541e-01
1.322500e-11,1.515517e-06,4.052493e-06,2.854545e-06,3.762399e-06,7.689158e-01,7.743163e-01,7.674085e-01,7.434350e-01
1.325000e-11,1.605579e-06,3.861184e-06,2.662717e-06,3.882814e-06,7.690343e-01,7.746166e-01,7.676180e-01,7.437253e-01
1.327500e-11,1.691622e-06,3.658433e-06,2.467448e-06,3.996521e-06,7.691595e-01,7.749020e-01,7.678128e-01,7.440245e-01
1.330000e-11,1.773196e-06,3.445186e-06,2.269590e-06,4.102859e-06,7.692910e-01,7.751716e-01,7.679926e-01,7.443320e-01
1.332500e-11,1.849865e-06,3.222417e-06,2.069992e-06,4.201210e-06,7.694285e-01,7.754247e-01,7.681574e-01,7.446472e-01
1.335000e-11,1.921218e-06,2.991132e-06,1.869490e-06,4.290996e-06,7.695717e-01,7.756605e-01,7.683070e-01,7.449696e-01
1.337500e-11,1.986866e-06,2.752357e-06,1.668908e-06,4.371689e-06,7.697200e-01,7.758785e-01,7.684414e-01,7.452985e-01
1.340000e-11,2.046448e-06,2.507138e-06,1.469052e-06,4.442809e-06,7.698731e-01,7.760781e-01,7.685606e-01,7.456331e-01
1.342500e-11,2.099629e-06,2.256537e-06,1.270709e-06,4.503927e-06,7.700304e-01,7.762590e-01,7.686647e-01,7.459727e-01
1.345000e-11,2.146102e-06,2.001624e-06,1.074642e-06,4.554667e-06,7.701916e-01,7.764206e-01,7.687538e-01,7.463166e-01
1.347500e-11,2.185594e-06,1.743474e-06,8.815882e-07,4.594711e-06,7.703560e-01,7.765628e-01,7.688282e-01,7.466639e-01
1.350000e-11,2.217862e-06,1.483164e-06,6.922561e-07,4.623793e-06,7.705231e-01,7.766853e-01,7.688880e-01,7.470138e-01
1.352500e-11,2.242698e-06,1.221766e-06,5.073237e-07,4.641709e-06,7.706924e-01,7.767880e-01,7.689336e-01,7.473655e-01
1.355000e-11,2.259928e-06,9.603464e-07,3.274350e-07,4.648311e-06,7.708632e-01,7.768708e-01,7.689654e-01,7.477182e-01
1.357500e-11,2.269412e-06,6.999563e-07,1.531989e-07,4.643511e-06,7.710351e-01,7.769339e-01,7.689838e-01,7.480709e-01
1.360000e-11,2.271050e-06,4.416317e-07,-1.481309e-08,4.627279e-06,7.712074e-01,7.769773e-01,7.689892e-01,7.484228e-01
1.362500e-11,2.264777e-06,1.863878e-07,-1.760685e-07,4.599647e-06,7.713796e-01,7.770012e-01,7.689820e-01,7.487730e-01
1.365000e-11,2.250564e-06,-6.478518e-08,-3.300752e-07,4.560703e-06,7.715509e-01,7.770059e-01,7.689629e-01,7.491207e-01
1.367500e-11,2.228421e-06,-3.109252e-07,-4.763830e-07,4.510593e-06,7.717209e-01,7.769917e-01,7.689325e-01,7.494650e-01
1.370000e-11,2.198396e-06,-5.511024e-07,-6.145842e-07,4.449522e-06,7.718889e-01,7.769591e-01,7.688912e-01,7.498052e-01
1.372500e-11,2.160573e-06,-7.844226e-07,-7.443148e-07,4.377750e-06,7.720543e-01,7.769085e-01,7.688397e-01,7.501402e-01
1.375000e-11,2.115074e-06,-1.010031e-06,-8.652549e-07,4.295589e-06,7.722165e-01,7.768404e-01,7.687787e-01,7.504694e-01
1.377500e-11,2.062057e-06,-1.227113e-06,-9.771291e-07,4.203405e-06,7.723750e-01,7.767556e-01,7.687089e-01,7.507921e-01
1.380000e-11,2.001717e-06,-1.434902e-06,-1.079707e-06,4.101615e-06,7.725292e-01,7.766547e-01,7.686310e-01,7.511073e-01
1.382500e-11,1.934282e-06,-1.632675e-06,-1.172802e-06,3.990682e-06,7.726786e-01,7.765384e-01,7.685456e-01,7.514145e-01
1.385000e-11,1.860015e-06,-1.819764e-06,-1.256274e-06,3.871114e-06,7.728226e-01,7.764074e-01,7.684535e-01,7.517129e-01
1.387500e-11,1.779211e-06,-1.995548e-06,-1.330024e-06,3.743463e-06,7.729607e-01,7.762627e-01,7.683555e-01,7.520020e-01
1.390000e-11,1.692197e-06,-2.159464e-06,-1.394000e-06,3.608318e-06,7.730924e-01,7.761051e-01,7.682522e-01,7.522811e-01
1.392500e-11,1.599330e-06,-2.311004e-06,-1.448189e-06,3.466307e-06,7.732173e-01,7.759356e-01,7.681444e-01,7.525496e-01
1.395000e-11,1.500994e-06,-2.449716e-06,-1.492622e-06,3.318087e-06,7.733350e-01,7.757550e-01,7.680329e-01,7.528072e-01
1.397500e-11,1.397600e-06,-2.575207e-06,-1.527370e-06,3.164348e-06,7.734450e-01,7.755644e-01,7.679184e-01,7.530533e-01
1.400000e-11,1.289582e-06,-2.687146e-06,-1.552543e-06,3.005803e-06,7.735469e-01,7.753648e-01,7.678016e-01,7.532876e-01
1.402500e-11,1.177399e-06,-2.785260e-06,-1.568290e-06,2.843188e-06,7.736405e-01,7.751572e-01,7.676833e-01,7.535096e-01
1.405000e-11,1.061528e-06,-2.869337e-06,-1.574794e-06,2.677256e-06,7.737255e-01,7.749427e-01,7.675640e-01,7.537192e-01
1.407500e-11,9.424644e-07,-2.939225e-06,-1.572275e-06,2.508776e-06,7.738016e-01,7.747223e-01,7.674447e-01,7.539162e-01
1.410000e-11,8.207195e-07,-2.994835e-06,-1.560984e-06,2.338523e-06,7.738685e-01,7.744972e-01,7.673259e-01,7.541002e-01
1.412500e-11,6.968174e-07,-3.036137e-06,-1.541203e-06,2.167284e-06,7.739261e-01,7.742684e-01,7.672082e-01,7.542713e-01
1.415000e-11,5.712932e-07,-3.063162e-06,-1.513242e-06,1.995842e-06,7.739742e-01,7.740370e-01,7.670923e-01,7.544294e-01
1.417500e-11,4.446900e-07,-3.075998e-06,-1.477441e-06,1.824983e-06,7.740128e-01,7.738041e-01,7.669789e-01,7.545746e-01
1.420000e-11,3.175567e-07,-3.074792e-06,-1.434161e-06,1.655485e-06,7.740417e-01,7.735708e-01,7.668685e-01,7.547068e-01
1.422500e-11,1.904450e-07,-3.059749e-06,-1.383786e-06,1.488116e-06,7.740610e-01,7.733380e-01,7.667616e-01,7.548262e-01
1.425000e-11,6.390750e-08,-3.031127e-06,-1.326720e-06,1.323632e-06,7.740706e-01,7.731069e-01,7.666587e-01,7.549331e-01
1.427500e-11,-6.150574e-08,-2.989239e-06,-1.263386e-06,1.162769e-06,7.740708e-01,7.728785e-01,7.665605e-01,7.550276e-01
1.430000e-11,-1.852491e-07,-2.934447e-06,-1.194221e-06,1.006244e-06,7.740614e-01,7.726538e-01,7.664673e-01,7.551100e-01
1.432500e-11,-3.067844e-07,-2.867166e-06,-1.119674e-06,8.547507e-07,7.740428e-01,7.724337e-01,7.663795e-01,7.551808e-01
1.435000e-11,-4.255830e-07,-2.787853e-06,-1.040207e-06,7.089526e-07,7.740150e-01,7.722191e-01,7.662975e-01,7.552403e-01
1.437500e-11,-5.411287e-07,-2.697015e-06,-9.562879e-07,5.694837e-07,7.739783e-01,7.720110e-01,7.662218e-01,7.552890e-01
1.440000e-11,-6.529198e-07,-2.595196e-06,-8.683923e-07,4.369434e-07,7.739330e-01,7.718102e-01,7.661526e-01,7.553273e-01
1.442500e-11,-7.604716e-07,-2.482981e-06,-7.769985e-07,3.118946e-07,7.738794e-01,7.716175e-01,7.660902e-01,7.553559e-01
1.445000e-11,-8.633188e-07,-2.360990e-06,-6.825865e-07,1.948606e-07,7.738178e-01,7.714338e-01,7.660348e-01,7.553753e-01
1.447500e-11,-9.610173e-07,-2.229876e-06,-5.856354e-07,8.632301e-08,7.737486e-01,7.712596e-01,7.659867e-01,7.553861e-01
1.450000e-11,-1.053146e-06,-2.090323e-06,-4.866215e-07,-1.328084e-08,7.736722e-01,7.710956e-01,7.659460e-01,7.553891e-01
1.452500e-11,-1.139311e-06,-1.943039e-06,-3.860161e-07,-1.035595e-07,7.735891e-01,7.709426e-01,7.659129e-01,7.553848e-01
1.455000e-11,-1.219144e-06,-1.788757e-06,-2.842838e-07,-1.841692e-07,7.734996e-01,7.708010e-01,7.658874e-01,7.553740e-01
1.457500e-11,-1.292304e-06,-1.628228e-06,-1.818800e-07,-2.548156e-07,7.734044e-01,7.706713e-01,7.658697e-01,7.553576e-01
1.460000e-11,-1.358485e-06,-1.462220e-06,-7.924992e-08,-3.152543e-07,7.733038e-01,7.705541e-01,7.658598e-01,7.553361e-01
1.462500e-11,-1.417409e-06,-1.291513e-06,2.317370e-08,-3.652927e-07,7.731985e-01,7.704496e-01,7.658577e-01,7.553104e-01
1.465000e-11,-1.468833e-06,-1.116897e-06,1.249719e-07,-4.047899e-07,7.730890e-01,7.703582e-01,7.658633e-01,7.552814e-01
1.467500e-11,-1.512547e-06,-9.391662e-07,2.257411e-07,-4.336576e-07,7.729759e-01,7.702802e-01,7.658766e-01,7.552497e-01
1.470000e-11,-1.548377e-06,-7.591179e-07,3.250942e-07,-4.518600e-07,7.728598e-01,7.702157e-01,7.658975e-01,7.552163e-01
1.472500e-11,-1.576185e-06,-5.775479e-07,4.226624e-07,-4.594137e-07,7.727413e-01,7.701650e-01,7.659259e-01,7.551819e-01
1.475000e-11,-1.595868e-06,-3.952471e-07,5.180954e-07,-4.563875e-07,7.726210e-01,7.701280e-01,7.659616e-01,7.551473e-01
1.477500e-11,-1.607363e-06,-2.129984e-07,6.110632e-07,-4.429016e-07,7.724995e-01,7.701050e-01,7.660044e-01,7.551134e-01
1.480000e-11,-1.610642e-06,-3.157347e-08,7.012567e-07,-4.191267e-07,7.723774e-01,7.700957e-01,7.660542e-01,7.550808e-01
1.482500e-11,-1.605713e-06,1.482707e-07,7.883884e-07,-3.852829e-07,7.722554e-01,7.701001e-01,7.661108e-01,7.550505e-01
1.485000e-11,-1.592624e-06,3.257947e-07,8.721927e-07,-3.416384e-07,7.721341e-01,7.701180e-01,7.661738e-01,7.550230e-01
1.487500e-11,-1.571459e-06,5.002794e-07,9.524270e-07,-2.885077e-07,7.720140e-01,7.701494e-01,7.662430e-01,7.549993e-01
1.490000e-11,-1.542338e-06,6.710293e-07,1.028872e-06,-2.262497e-07,7.718959e-01,7.701938e-01,7.663182e-01,7.549799e-01
1.492500e-11,-1.505416e-06,8.373749e-07,1.101330e-06,-1.552662e-07,7.717803e-01,7.702510e-01,7.663990e-01,7.549656e-01
1.495000e-11,-1.460885e-06,9.986749e-07,1.169630e-06,-7.599885e-08,7.716678e-01,7.703206e-01,7.664852e-01,7.549570e-01
1.497500e-11,-1.408970e-06,1.154319e-06,1.233621e-06,1.107270e-08,7.715589e-01,7.704023e-01,7.665764e-01,7.549547e-01
1.500000e-11,-1.349928e-06,1.303731e-06,1.293178e-06,1.054337e-07,7.714543e-01,7.704956e-01,7.666723e-01,7.549592e-01
1.502500e-11,-1.284049e-06,1.446369e-06,1.348196e-06,2.065370e-07,7.713544e-01,7.705999e-01,7.667725e-01,7.549712e-01
1.505000e-11,-1.211653e-06,1.581727e-06,1.398595e-06,3.138060e-07,7.712597e-01,7.707148e-01,7.668768e-01,7.549911e-01
1.507500e-11,-1.133090e-06,1.709340e-06,1.444317e-06,4.266375e-07,7.711708e-01,7.708396e-01,7.669847e-01,7.550193e-01
1.510000e-11,-1.048734e-06,1.828781e-06,1.485326e-06,5.444053e-07,7.710880e-01,7.709739e-01,7.670958e-01,7.550563e-01
1.512500e-11,-9.589873e-07,1.939667e-06,1.521606e-06,6.664630e-07,7.710119e-01,7.711168e-01,7.672100e-01,7.551024e-01
1.515000e-11,-8.642738e-07,2.041654e-06,1.553161e-06,7.921477e-07,7.709427e-01,7.712679e-01,7.673267e-01,7.551579e-01
1.517500e-11,-7.650393e-07,2.134444e-06,1.580017e-06,9.207832e-07,7.708809e-01,7.714263e-01,7.674456e-01,7.552230e-01
1.520000e-11,-6.617489e-07,2.217782e-06,1.602218e-06,1.051683e-06,7.708268e-01,7.715915e-01,7.675664e-01,7.552979e-01
1.522500e-11,-5.548844e-07,2.291459e-06,1.619823e-06,1.184156e-06,7.707807e-01,7.717625e-01,7.676886e-01,7.553829e-01
1.525000e-11,-4.449428e-07,2.355307e-06,1.632913e-06,1.317505e-06,7.707428e-01,7.719389e-01,7.678121e-01,7.554779e-01
1.527500e-11,-3.324331e-07,2.409207e-06,1.641580e-06,1.451037e-06,7.707133e-01,7.721196e-01,7.679364e-01,7.555831e-01
1.530000e-11,-2.178744e-07,2.453082e-06,1.645933e-06,1.584060e-06,7.706924e-01,7.723041e-01,7.680612e-01,7.556984e-01
1.532500e-11,-1.017937e-07,2.486900e-06,1.646096e-06,1.715891e-06,7.706803e-01,7.724916e-01,7.681861e-01,7.558237e-01
1.535000e-11,1.527733e-08,2.510673e-06,1.642204e-06,1.845859e-06,7.706771e-01,7.726812e-01,7.683109e-01,7.559590e-01
1.537500e-11,1.328040e-07,2.524457e-06,1.634404e-06,1.973303e-06,7.706827e-01,7.728722e-01,7.684353e-01,7.561040e-01
1.540000e-11,2.502514e-07,2.528347e-06,1.622852e-06,2.097584e-06,7.706972e-01,7.730640e-01,7.685590e-01,7.562585e-01
1.542500e-11,3.670872e-07,2.522482e-06,1.607716e-06,2.218079e-06,7.707207e-01,7.732556e-01,7.686816e-01,7.564224e-01
1.545000e-11,4.827835e-07,2.507040e-06,1.589168e-06,2.334190e-06,7.707530e-01,7.734465e-01,7.688030e-01,7.565952e-01
1.547500e-11,5.968195e-07,2.482238e-06,1.567391e-06,2.445347e-06,7.707939e-01,7.736358e-01,7.689228e-01,7.567767e-01
1.550000e-11,7.086841e-07,2.448329e-06,1.542572e-06,2.551004e-06,7.708435e-01,7.738229e-01,7.690408e-01,7.569663e-01
1.552500e-11,8.178779e-07,2.405602e-06,1.514901e-06,2.650649e-06,7.709014e-01,7.740071e-01,7.691569e-01,7.571638e-01
1.555000e-11,9.239156e-07,2.354378e-06,1.484573e-06,2.743803e-06,7.709675e-01,7.741877e-01,7.692708e-01,7.573686e-01
1.557500e-11,1.026328e-06,2.295012e-06,1.451786e-06,2.830022e-06,7.710415e-01,7.743641e-01,7.693823e-01,7.575801e-01
1.560000e-11,1.124664e-06,2.227885e-06,1.416737e-06,2.908900e-06,7.711231e-01,7.745358e-01,7.694912e-01,7.577980e-01
1.562500e-11,1.218494e-06,2.153409e-06,1.379627e-06,2.980068e-06,7.712121e-01,7.747020e-01,7.695973e-01,7.580215e-01
1.565000e-11,1.307410e-06,2.072019e-06,1.340652e-06,3.043200e-06,7.713079e-01,7.748624e-01,7.697006e-01,7.582501e-01
1.567500e-11,1.391026e-06,1.984173e-06,1.300010e-06,3.098011e-06,7.714103e-01,7.750163e-01,7.698009e-01,7.584832e-01
1.570000e-11,1.468986e-06,1.890349e-06,1.257894e-06,3.144257e-06,7.715188e-01,7.751634e-01,7.698980e-01,7.587202e-01
1.572500e-11,1.540957e-06,1.791045e-06,1.214495e-06,3.181742e-06,7.716330e-01,7.753031e-01,7.699919e-01,7.589603e-01
1.575000e-11,1.606636e-06,1.686772e-06,1.170001e-06,3.210309e-06,7.717525e-01,7.754351e-01,7.700824e-01,7.592029e-01
1.577500e-11,1.665752e-06,1.578056e-06,1.124594e-06,3.229851e-06,7.718766e-01,7.755590e-01,7.701696e-01,7.594473e-01
1.580000e-11,1.718062e-06,1.465431e-06,1.078450e-06,3.240303e-06,7.720050e-01,7.756745e-01,7.702532e-01,7.596929e-01
1.582500e-11,1.763356e-06,1.349442e-06,1.031740e-06,3.241644e-06,7.721371e-01,7.757814e-01,7.703334e-01,7.599389e-01
1.585000e-11,1.801458e-06,1.230637e-06,9.846297e-07,3.233901e-06,7.722724e-01,7.758793e-01,7.704099e-01,7.601847e-01
1.587500e-11,1.832223e-06,1.109568e-06,9.372763e-07,3.217142e-06,7.724103e-01,7.759681e-01,7.704829e-01,7.604296e-01
1.590000e-11,1.855542e-06,9.867881e-07,8.898303e-07,3.191479e-06,7.725502e-01,7.760477e-01,7.705523e-01,7.606728e-01
1.592500e-11,1.871340e-06,8.628472e-07,8.424347e-07,3.157069e-06,7.726916e-01,7.761179e-01,7.706181e-01,7.609138e-01
1.595000e-11,1.879574e-06,7.382915e-07,7.952246e-07,3.114107e-06,7.728339e-01,7.761787e-01,7.706803e-01,7.611518e-01
1.597500e-11,1.880240e-06,6.136602e-07,7.483273e-07,3.062829e-06,7.729766e-01,7.762301e-01,7.707390e-01,7.613862e-01
1.600000e-11,1.873365e-06,4.894836e-07,7.018616e-07,3.003511e-06,7.731190e-01,7.762720e-01,7.707940e-01,7.616165e-01
1.602500e-11,1.859009e-06,3.662810e-07,6.559384e-07,2.936465e-06,7.732606e-01,7.763045e-01,7.708456e-01,7.618419e-01
1.605000e-11,1.837270e-06,2.445580e-07,6.106600e-07,2.862038e-06,7.734009e-01,7.763277e-01,7.708937e-01,7.620620e-01
1.607500e-11,1.808274e-06,1.248054e-07,5.661209e-07,2.780610e-06,7.735392e-01,7.763418e-01,7.709384e-01,7.622762e-01
1.610000e-11,1.772182e-06,7.496448e-09,5.224071e-07,2.692591e-06,7.736751e-01,7.763468e-01,7.709798e-01,7.624840e-01
1.612500e-11,1.729186e-06,-1.069146e-07,4.795967e-07,2.598421e-06,7.738079e-01,7.763431e-01,7.710179e-01,7.626848e-01
1.615000e-11,1.679508e-06,-2.179940e-07,4.377600e-07,2.498566e-06,7.739373e-01,7.763308e-01,7.710527e-01,7.628783e-01
1.617500e-11,1.623399e-06,-3.253307e-07,3.969597e-07,2.393515e-06,7.740626e-01,7.763103e-01,7.710845e-01,7.630640e-01
1.620000e-11,1.561137e-06,-4.285369e-07,3.572510e-07,2.283778e-06,7.741834e-01,7.762817e-01,7.711131e-01,7.632416e-01
1.622500e-11,1.493027e-06,-5.272502e-07,3.186822e-07,2.169885e-06,7.742993e-01,7.762455e-01,7.711388e-01,7.634106e-01
1.625000e-11,1.419399e-06,-6.211344e-07,2.812948e-07,2.052380e-06,7.744098e-01,7.762020e-01,7.711616e-01,7.635709e-01
1.627500e-11,1.340607e-06,-7.098805e-07,2.451238e-07,1.931821e-06,7.745146e-01,7.761515e-01,7.711817e-01,7.637222e-01
1.630000e-11,1.257024e-06,-7.932077e-07,2.101983e-07,1.808774e-06,7.746131e-01,7.760945e-01,7.711990e-01,7.638642e-01
1.632500e-11,1.169044e-06,-8.708642e-07,1.765419e-07,1.683815e-06,7.747052e-01,7.760314e-01,7.712137e-01,7.639968e-01
1.635000e-11,1.077078e-06,-9.426279e-07,1.441726e-07,1.557523e-06,7.747904e-01,7.759626e-01,7.712259e-01,7.641199e-01
1.637500e-11,9.815549e-07,-1.008306e-06,1.131039e-07,1.430477e-06,7.748685e-01,7.758887e-01,7.712357e-01,7.642334e-01
1.640000e-11,8.829140e-07,-1.067738e-06,8.334490e-08,1.303257e-06,7.749393e-01,7.758099e-01,7.712432e-01,7.643372e-01
1.642500e-11,7.816080e-07,-1.120792e-06,5.490072e-08,1.176438e-06,7.750025e-01,7.757269e-01,7.712484e-01,7.644314e-01
1.645000e-11,6.780986e-07,-1.167367e-06,2.777300e-08,1.050587e-06,7.750579e-01,7.756401e-01,7.712516e-01,7.645160e-01
1.647500e-11,5.728548e-07,-1.207394e-06,1.960309e-09,9.262627e-07,7.751053e-01,7.755501e-01,7.712528e-01,7.645911e-01
1.650000e-11,4.663507e-07,-1.240833e-06,-2.254142e-08,8.040106e-07,7.751448e-01,7.754572e-01,7.712520e-01,7.646568e-01
1.652500e-11,3.590631e-07,-1.267674e-06,-4.573850e-08,6.843618e-07,7.751761e-01,7.753620e-01,7.712494e-01,7.647134e-01
1.655000e-11,2.514697e-07,-1.287936e-06,-6.763904e-08,5.678299e-07,7.751993e-01,7.752651e-01,7.712452e-01,7.647610e-01
1.657500e-11,1.440464e-07,-1.301669e-06,-8.825261e-08,4.549090e-07,7.752143e-01,7.751669e-01,7.712393e-01,7.647999e-01
1.660000e-11,3.726563e-08,-1.308948e-06,-1.075899e-07,3.460711e-07,7.752212e-01,7.750678e-01,7.712319e-01,7.648304e-01
1.662500e-11,-6.840593e-08,-1.309879e-06,-1.256622e-07,2.417644e-07,7.752200e-01,7.749685e-01,7.712230e-01,7.648528e-01
1.665000e-11,-1.725096e-07,-1.304591e-06,-1.424814e-07,1.424112e-07,7.752109e-01,7.748693e-01,7.712129e-01,7.648675e-01
1.667500e-11,-2.745966e-07,-1.293239e-06,-1.580594e-07,4.840613e-08,7.751940e-01,7.747708e-01,7.712015e-01,7.648749e-01
1.670000e-11,-3.742302e-07,-1.276003e-06,-1.724080e-07,-3.988580e-08,7.751694e-01,7.746733e-01,7.711889e-01,7.648753e-01
1.672500e-11,-4.709872e-07,-1.253085e-06,-1.855385e-07,-1.221303e-07,7.751373e-01,7.745773e-01,7.711754e-01,7.648693e-01
1.675000e-11,-5.644603e-07,-1.224708e-06,-1.974618e-07,-1.980252e-07,7.750980e-01,7.744833e-01,7.711608e-01,7.648572e-01
1.677500e-11,-6.542597e-07,-1.191116e-06,-2.081880e-07,-2.673021e-07,7.750518e-01,7.743917e-01,7.711455e-01,7.648397e-01
1.680000e-11,-7.400145e-07,-1.152572e-06,-2.177262e-07,-3.297265e-07,7.749989e-01,7.743028e-01,7.711293e-01,7.648171e-01
1.682500e-11,-8.213747e-07,-1.109353e-06,-2.260846e-07,-3.850993e-07,7.749397e-01,7.742169e-01,7.711125e-01,7.647901e-01
1.685000e-11,-8.980121e-07,-1.061756e-06,-2.332703e-07,-4.332573e-07,7.748745e-01,7.741346e-01,7.710950e-01,7.647591e-01
1.687500e-11,-9.696224e-07,-1.010087e-06,-2.392892e-07,-4.740734e-07,7.748036e-01,7.740559e-01,7.710771e-01,7.647248e-01
1.690000e-11,-1.035926e-06,-9.546671e-07,-2.441462e-07,-5.074571e-07,7.747276e-01,7.739814e-01,7.710588e-01,7.646877e-01
1.692500e-11,-1.096668e-06,-8.958267e-07,-2.478450e-07,-5.333545e-07,7.746467e-01,7.739112e-01,7.710401e-01,7.646483e-01
1.695000e-11,-1.151623e-06,-8.339051e-07,-2.503882e-07,-5.517481e-07,7.745614e-01,7.738455e-01,7.710212e-01,7.646072e-01
1.697500e-11,-1.200590e-06,-7.692481e-07,-2.517776e-07,-5.626567e-07,7.744722e-01,7.737847e-01,7.710022e-01,7.645650e-01
1.700000e-11,-1.243399e-06,-7.022071e-07,-2.520141e-07,-5.661350e-07,7.743794e-01,7.737289e-01,7.709830e-01,7.645223e-01
1.702500e-11,-1.279908e-06,-6.331367e-07,-2.510977e-07,-5.622727e-07,7.742837e-01,7.736782e-01,7.709640e-01,7.644796e-01
1.705000e-11,-1.310004e-06,-5.623931e-07,-2.490281e-07,-5.511939e-07,7.741855e-01,7.736328e-01,7.709450e-01,7.644374e-01
1.707500e-11,-1.333604e-06,-4.903329e-07,-2.458045e-07,-5.330561e-07,7.740852e-01,7.735929e-01,7.709262e-01,7.643964e-01
1.710000e-11,-1.350656e-06,-4.173106e-07,-2.414259e-07,-5.080491e-07,7.739834e-01,7.735584e-01,7.709077e-01,7.643570e-01
1.712500e-11,-1.361137e-06,-3.436780e-07,-2.358916e-07,-4.763938e-07,7.738805e-01,7.735295e-01,7.708896e-01,7.643197e-01
1.715000e-11,-1.365054e-06,-2.697816e-07,-2.292011e-07,-4.383408e-07,7.737771e-01,7.735062e-01,7.708720e-01,7.642851e-01
1.717500e-11,-1.362443e-06,-1.959618e-07,-2.213544e-07,-3.941687e-07,7.736736e-01,7.734885e-01,7.708549e-01,7.642536e-01
1.720000e-11,-1.353371e-06,-1.225511e-07,-2.123524e-07,-3.441825e-07,7.735706e-01,7.734764e-01,7.708384e-01,7.642257e-01
1.722500e-11,-1.337933e-06,-4.987291e-08,-2.021972e-07,-2.887123e-07,7.734685e-01,7.734699e-01,7.708227e-01,7.642017e-01
1.725000e-11,-1.316251e-06,2.175995e-08,-1.908924e-07,-2.281106e-07,7.733678e-01,7.734688e-01,7.708078e-01,7.641822e-01
1.727500e-11,-1.288475e-06,9.204647e-08,-1.784431e-07,-1.627510e-07,7.732690e-01,7.734731e-01,7.707938e-01,7.641675e-01
1.730000e-11,-1.254783e-06,1.606986e-07,-1.648565e-07,-9.302603e-08,7.731725e-01,7.734827e-01,7.707808e-01,7.641578e-01
1.732500e-11,-1.215376e-06,2.274422e-07,-1.501420e-07,-1.934467e-08,7.730788e-01,7.734974e-01,7.707688e-01,7.641536e-01
1.735000e-11,-1.170481e-06,2.920184e-07,-1.343119e-07,5.786935e-08,7.729883e-01,7.735171e-01,7.707581e-01,7.641552e-01
1.737500e-11,-1.120347e-06,3.541841e-07,-1.173808e-07,1.381801e-07,7.729013e-01,7.735416e-01,7.707485e-01,7.641627e-01
1.740000e-11,-1.065247e-06,4.137130e-07,-9.936679e-08,2.211414e-07,7.728184e-01,7.735707e-01,7.707403e-01,7.641764e-01
1.742500e-11,-1.005471e-06,4.703964e-07,-8.029112e-08,3.062996e-07,7.727399e-01,7.736042e-01,7.707335e-01,7.641965e-01
1.745000e-11,-9.413310e-07,5.240436e-07,-6.017866e-08,3.931954e-07,7.726660e-01,7.736419e-01,7.707282e-01,7.642231e-01
1.747500e-11,-8.731550e-07,5.744825e-07,-3.905802e-08,4.813665e-07,7.725972e-01,7.736836e-01,7.707244e-01,7.642563e-01
1.750000e-11,-8.012869e-07,6.215600e-07,-1.696178e-08,5.703494e-07,7.725337e-01,7.737290e-01,7.707223e-01,7.642963e-01
1.752500e-11,-7.260844e-07,6.651427e-07,6.073354e-09,6.596826e-07,7.724757e-01,7.737778e-01,7.707219e-01,7.643430e-01
1.755000e-11,-6.479178e-07,7.051162e-07,3.000643e-08,7.489077e-07,7.724236e-01,7.738297e-01,7.707233e-01,7.643965e-01
1.757500e-11,-5.671677e-07,7.413864e-07,5.479211e-08,8.375725e-07,7.723775e-01,7.738846e-01,7.707266e-01,7.644568e-01
1.760000e-11,-4.842233e-07,7.738785e-07,8.038061e-08,9.252328e-07,7.723376e-01,7.739421e-01,7.707317e-01,7.645237e-01
1.762500e-11,-3.994807e-07,8.025375e-07,1.067177e-07,1.011454e-06,7.723041e-01,7.740019e-01,7.707388e-01,7.645972e-01
1.765000e-11,-3.133408e-07,8.273278e-07,1.337444e-07,1.095815e-06,7.722770e-01,7.740637e-01,7.707480e-01,7.646772e-01
1.767500e-11,-2.262075e-07,8.482331e-07,1.613976e-07,1.177908e-06,7.722566e-01,7.741273e-01,7.707592e-01,7.647636e-01
1.770000e-11,-1.384860e-07,8.652559e-07,1.896094e-07,1.257339e-06,7.722427e-01,7.741923e-01,7.707725e-01,7.648560e-01
1.772500e-11,-5.058039e-08,8.784171e-07,2.183077e-07,1.333736e-06,7.722355e-01,7.742585e-01,7.707880e-01,7.649544e-01
1.775000e-11,3.710746e-08,8.877556e-07,2.474160e-07,1.406742e-06,7.722350e-01,7.743255e-01,7.708057e-01,7.650584e-01
1.777500e-11,1.241803e-07,8.933274e-07,2.768538e-07,1.476023e-06,7.722411e-01,7.743930e-01,7.708257e-01,7.651678e-01
1.780000e-11,2.102470e-07,8.952053e-07,3.065366e-07,1.541268e-06,7.722538e-01,7.744609e-01,7.708478e-01,7.652823e-01
1.782500e-11,2.949246e-07,8.934780e-07,3.363762e-07,1.602187e-06,7.722730e-01,7.745288e-01,7.708722e-01,7.654017e-01
1.785000e-11,3.778396e-07,8.882491e-07,3.662810e-07,1.658516e-06,7.722985e-01,7.745964e-01,7.708989e-01,7.655254e-01
1.787500e-11,4.586300e-07,8.796366e-07,3.961560e-07,1.710016e-06,7.723303e-01,7.746635e-01,7.709279e-01,7.656533e-01
1.790000e-11,5.369465e-07,8.677718e-07,4.259037e-07,1.756477e-06,7.723680e-01,7.747298e-01,7.709591e-01,7.657848e-01
1.792500e-11,6.124543e-07,8.527983e-07,4.554236e-07,1.797712e-06,7.724116e-01,7.747951e-01,7.709926e-01,7.659197e-01
1.795000e-11,6.848345e-07,8.348710e-07,4.846134e-07,1.833565e-06,7.724608e-01,7.748591e-01,7.710283e-01,7.660576e-01
1.797500e-11,7.537852e-07,8.141554e-07,5.133690e-07,1.863906e-06,7.725154e-01,7.749217e-01,7.710662e-01,7.661979e-01
1.800000e-11,8.190230e-07,7.908258e-07,5.415849e-07,1.888637e-06,7.725751e-01,7.749826e-01,7.711062e-01,7.663403e-01
1.802500e-11,8.802840e-07,7.650651e-07,5.691546e-07,1.907683e-06,7.726396e-01,7.750416e-01,7.711484e-01,7.664844e-01
1.805000e-11,9.373249e-07,7.370630e-07,5.959714e-07,1.921004e-06,7.727085e-01,7.750986e-01,7.711927e-01,7.666297e-01
1.807500e-11,9.899239e-07,7.070151e-07,6.219284e-07,1.928584e-06,7.727816e-01,7.751534e-01,7.712389e-01,7.667758e-01
1.810000e-11,1.037882e-06,6.751220e-07,6.469195e-07,1.930436e-06,7.728586e-01,7.752059e-01,7.712871e-01,7.669223e-01
1.812500e-11,1.081022e-06,6.415878e-07,6.708395e-07,1.926604e-06,7.729390e-01,7.752559e-01,7.713371e-01,7.670687e-01
1.815000e-11,1.119192e-06,6.066192e-07,6.935847e-07,1.917155e-06,7.730224e-01,7.753033e-01,7.713889e-01,7.672146e-01
1.817500e-11,1.152263e-06,5.704245e-07,7.150537e-07,1.902184e-06,7.731086e-01,7.753479e-01,7.714424e-01,7.673595e-01
1.820000e-11,1.180133e-06,5.332121e-07,7.351476e-07,1.881815e-06,7.731971e-01,7.753898e-01,7.714974e-01,7.675031e-01
1.822500e-11,1.202720e-06,4.951899e-07,7.537707e-07,1.856191e-06,7.732875e-01,7.754289e-01,7.715540e-01,7.676450e-01
1.825000e-11,1.219973e-06,4.565640e-07,7.708309e-07,1.825484e-06,7.733794e-01,7.754650e-01,7.716118e-01,7.677847e-01
1.827500e-11,1.231861e-06,4.175376e-07,7.862402e-07,1.789887e-06,7.734725e-01,7.754982e-01,7.716710e-01,7.679220e-01
1.830000e-11,1.238380e-06,3.783104e-07,7.999155e-07,1.749613e-06,7.735662e-01,7.755284e-01,7.717312e-01,7.680563e-01
1.832500e-11,1.239551e-06,3.390771e-07,8.117788e-07,1.704898e-06,7.736602e-01,7.755557e-01,7.717924e-01,7.681874e-01
1.835000e-11,1.235419e-06,3.000272e-07,8.217577e-07,1.655994e-06,7.737541e-01,7.755800e-01,7.718544e-01,7.683150e-01
1.837500e-11,1.226052e-06,2.613436e-07,8.297860e-07,1.603172e-06,7.738475e-01,7.756013e-01,7.719171e-01,7.684387e-01
1.840000e-11,1.211544e-06,2.232021e-07,8.358041e-07,1.546719e-06,7.739400e-01,7.756197e-01,7.719803e-01,7.685583e-01
1.842500e-11,1.192008e-06,1.857704e-07,8.397591e-07,1.486934e-06,7.740312e-01,7.756352e-01,7.720439e-01,7.686734e-01
1.845000e-11,1.167581e-06,1.492077e-07,8.416058e-07,1.424131e-06,7.741207e-01,7.756480e-01,7.721077e-01,7.687840e-01
1.847500e-11,1.138422e-06,1.136642e-07,8.413066e-07,1.358633e-06,7.742082e-01,7.756580e-01,7.721716e-01,7.688896e-01
1.850000e-11,1.104710e-06,7.928010e-08,8.388318e-07,1.290774e-06,7.742933e-01,7.756653e-01,7.722354e-01,7.689902e-01
1.852500e-11,1.066640e-06,4.618537e-08,8.341603e-07,1.220892e-06,7.743757e-01,7.756701e-01,7.722989e-01,7.690855e-01
1.855000e-11,1.024430e-06,1.449937e-08,8.272793e-07,1.149334e-06,7.744550e-01,7.756724e-01,7.723619e-01,7.691755e-01
1.857500e-11,9.783105e-07,-1.566956e-08,8.181849e-07,1.076449e-06,7.745310e-01,7.756724e-01,7.724244e-01,7.692600e-01
1.860000e-11,9.285310e-07,-4.422443e-08,8.068824e-07,1.002587e-06,7.746034e-01,7.756702e-01,7.724861e-01,7.693390e-01
1.862500e-11,8.753537e-07,-7.107976e-08,7.933858e-07,9.281011e-07,7.746718e-01,7.756658e-01,7.725468e-01,7.694123e-01
1.865000e-11,8.190542e-07,-9.616178e-08,7.777187e-07,8.533403e-07,7.747361e-01,7.756595e-01,7.726064e-01,7.694799e-01
1.867500e-11,7.599196e-07,-1.194085e-07,7.599135e-07,7.786515e-07,7.747960e-01,7.756514e-01,7.726648e-01,7.695419e-01
1.870000e-11,6.982473e-07,-1.407697e-07,7.400123e-07,7.043764e-07,7.748514e-01,7.756415e-01,7.727217e-01,7.695983e-01
1.872500e-11,6.343435e-07,-1.602070e-07,7.180661e-07,6.308503e-07,7.749019e-01,7.756301e-01,7.727771e-01,7.696490e-01
1.875000e-11,5.685213e-07,-1.776935e-07,6.941350e-07,5.584003e-07,7.749476e-01,7.756173e-01,7.728307e-01,7.696942e-01
1.877500e-11,5.010998e-07,-1.932141e-07,6.682883e-07,4.873441e-07,7.749882e-01,7.756033e-01,7.728824e-01,7.697339e-01
1.880000e-11,4.324019e-07,-2.067647e-07,6.406038e-07,4.179882e-07,7.750236e-01,7.755881e-01,7.729320e-01,7.697683e-01
1.882500e-11,3.627534e-07,-2.183522e-07,6.111680e-07,3.506267e-07,7.750538e-01,7.755720e-01,7.729796e-01,7.697976e-01
1.885000e-11,2.924810e-07,-2.279942e-07,5.800758e-07,2.855401e-07,7.750787e-01,7.755551e-01,7.730248e-01,7.698218e-01
1.887500e-11,2.219109e-07,-2.357187e-07,5.474297e-07,2.229940e-07,7.750982e-01,7.755375e-01,7.730676e-01,7.698411e-01
1.890000e-11,1.513673e-07,-2.415634e-07,5.133403e-07,1.632378e-07,7.751124e-01,7.755194e-01,7.731078e-01,7.698558e-01
1.892500e-11,8.117108e-08,-2.455752e-07,4.779249e-07,1.065042e-07,7.751212e-01,7.755010e-01,7.731454e-01,7.698661e-01
1.895000e-11,1.163802e-08,-2.478100e-07,4.413079e-07,5.300758e-08,7.751247e-01,7.754823e-01,7.731803e-01,7.698723e-01
1.897500e-11,-5.692236e-08,-2.483320e-07,4.036199e-07,2.943864e-09,7.751230e-01,7.754634e-01,7.732124e-01,7.698744e-01
1.900000e-11,-1.242083e-07,-2.472129e-07,3.649972e-07,-4.351071e-08,7.751162e-01,7.754447e-01,7.732416e-01,7.698730e-01
1.902500e-11,-1.899271e-07,-2.445316e-07,3.255815e-07,-8.619996e-08,7.751043e-01,7.754260e-01,7.732678e-01,7.698681e-01
1.905000e-11,-2.537963e-07,-2.403733e-07,2.855188e-07,-1.249883e-07,7.750874e-01,7.754076e-01,7.732910e-01,7.698602e-01
1.907500e-11,-3.155452e-07,-2.348290e-07,2.449596e-07,-1.597611e-07,7.750658e-01,7.753896e-01,7.733111e-01,7.698494e-01
1.910000e-11,-3.749154e-07,-2.279946e-07,2.040573e-07,-1.904252e-07,7.750397e-01,7.753720e-01,7.733282e-01,7.698362e-01
1.912500e-11,-4.316626e-07,-2.199705e-07,1.629685e-07,-2.169086e-07,7.750091e-01,7.753551e-01,7.733421e-01,7.698208e-01
1.915000e-11,-4.855572e-07,-2.108605e-07,1.218515e-07,-2.391610e-07,7.749743e-01,7.753387e-01,7.733529e-01,7.698036e-01
1.917500e-11,-5.363851e-07,-2.007716e-07,8.086634e-08,-2.571537e-07,7.749355e-01,7.753231e-01,7.733606e-01,7.697848e-01
1.920000e-11,-5.839488e-07,-1.898128e-07,4.017341e-08,-2.708790e-07,7.748930e-01,7.753083e-01,7.733652e-01,7.697648e-01
1.922500e-11,-6.280681e-07,-1.780946e-07,-6.675011e-11,-2.803505e-07,7.748471e-01,7.752943e-01,7.733668e-01,7.697440e-01
1.925000e-11,-6.685806e-07,-1.657282e-07,-3.969441e-08,-2.856025e-07,7.747979e-01,7.752813e-01,7.733653e-01,7.697226e-01
1.927500e-11,-7.053427e-07,-1.528250e-07,-7.855130e-08,-2.866894e-07,7.747458e-01,7.752692e-01,7.733608e-01,7.697009e-01
1.930000e-11,-7.382294e-07,-1.394956e-07,-1.164814e-07,-2.836856e-07,7.746910e-01,7.752581e-01,7.733534e-01,7.696793e-01
1.932500e-11,-7.671352e-07,-1.258496e-07,-1.533315e-07,-2.766842e-07,7.746339e-01,7.752480e-01,7.733432e-01,7.696581e-01
1.935000e-11,-7.919744e-07,-1.119944e-07,-1.889521e-07,-2.657969e-07,7.745748e-01,7.752390e-01,7.733302e-01,7.696376e-01
1.937500e-11,-8.126810e-07,-9.803508e-08,-2.231980e-07,-2.511528e-07,7.745139e-01,7.752310e-01,7.733146e-01,7.696180e-01
1.940000e-11,-8.292090e-07,-8.407342e-08,-2.559290e-07,-2.328976e-07,7.744516e-01,7.752241e-01,7.732964e-01,7.695997e-01
1.942500e-11,-8.415322e-07,-7.020763e-08,-2.870105e-07,-2.111928e-07,7.743882e-01,7.752182e-01,7.732758e-01,7.695829e-01
1.945000e-11,-8.496446e-07,-5.653170e-08,-3.163143e-07,-1.862144e-07,7.743241e-01,7.752134e-01,7.732529e-01,7.695679e-01
1.947500e-11,-8.535596e-07,-4.313489e-08,-3.437191e-07,-1.581520e-07,7.742595e-01,7.752096e-01,7.732279e-01,7.695548e-01
1.950000e-11,-8.533100e-07,-3.010138e-08,-3.691110e-07,-1.272076e-07,7.741947e-01,7.752068e-01,7.732008e-01,7.695441e-01
1.952500e-11,-8.489479e-07,-1.750978e-08,-3.923842e-07,-9.359453e-08,7.741302e-01,7.752050e-01,7.731720e-01,7.695357e-01
1.955000e-11,-8.405438e-07,-5.432771e-09,-4.134415e-07,-5.753598e-08,7.740661e-01,7.752042e-01,7.731414e-01,7.695300e-01
1.957500e-11,-8.281863e-07,6.063163e-09,-4.321948e-07,-1.926395e-08,7.740028e-01,7.752042e-01,7.731093e-01,7.695272e-01
1.960000e-11,-8.119815e-07,1.691806e-08,-4.485653e-07,2.098212e-08,7.739405e-01,7.752050e-01,7.730759e-01,7.695273e-01
1.962500e-11,-7.920522e-07,2.707869e-08,-4.624844e-07,6.295664e-08,7.738797e-01,7.752067e-01,7.730413e-01,7.695305e-01
1.965000e-11,-7.685374e-07,3.649876e-08,-4.738934e-07,1.064092e-07,7.738205e-01,7.752091e-01,7.730058e-01,7.695370e-01
1.967500e-11,-7.415910e-07,4.513902e-08,-4.827444e-07,1.510859e-07,7.737632e-01,7.752122e-01,7.729695e-01,7.695468e-01
1.970000e-11,-7.113814e-07,5.296738e-08,-4.890003e-07,1.967306e-07,7.737081e-01,7.752159e-01,7.729327e-01,7.695600e-01
1.972500e-11,-6.780904e-07,5.995893e-08,-4.926349e-07,2.430865e-07,7.736553e-01,7.752202e-01,7.728954e-01,7.695767e-01
1.975000e-11,-6.419118e-07,6.609599e-08,-4.936333e-07,2.898970e-07,7.736053e-01,7.752249e-01,7.728580e-01,7.695970e-01
1.977500e-11,-6.030510e-07,7.136799e-08,-4.919918e-07,3.369074e-07,7.735580e-01,7.752301e-01,7.728207e-01,7.696208e-01
1.980000e-11,-5.617235e-07,7.577145e-08,-4.877182e-07,3.838658e-07,7.735138e-01,7.752357e-01,7.727835e-01,7.696482e-01
1.982500e-11,-5.181539e-07,7.930978e-08,-4.808315e-07,4.305249e-07,7.734729e-01,7.752416e-01,7.727468e-01,7.696791e-01
1.985000e-11,-4.725747e-07,8.199316e-08,-4.713622e-07,4.766423e-07,7.734353e-01,7.752477e-01,7.727106e-01,7.697135e-01
1.987500e-11,-4.252249e-07,8.383830e-08,-4.593517e-07,5.219825e-07,7.734012e-01,7.752540e-01,7.726753e-01,7.697515e-01
1.990000e-11,-3.763493e-07,8.486817e-08,-4.448528e-07,5.663176e-07,7.733708e-01,7.752604e-01,7.726410e-01,7.697928e-01
1.992500e-11,-3.261968e-07,8.511174e-08,-4.279289e-07,6.094281e-07,7.733442e-01,7.752668e-01,7.726079e-01,7.698374e-01
1.995000e-11,-2.750194e-07,8.460365e-08,-4.086541e-07,6.511045e-07,7.733213e-01,7.752732e-01,7.725762e-01,7.698853e-01
1.997500e-11,-2.230710e-07,8.338382e-08,-3.871127e-07,6.911476e-07,7.733024e-01,7.752796e-01,7.725460e-01,7.699362e-01
2.000000e-11,-1.706059e-07,8.149713e-08,-3.633990e-07,7.293697e-07,7.732875e-01,7.752859e-01,7.725176e-01,7.699901e-01
2.002500e-11,-1.178780e-07,7.899294e-08,-3.376167e-07,7.655953e-07,7.732765e-01,7.752919e-01,7.724910e-01,7.700469e-01
2.005000e-11,-6.513934e-08,7.592472e-08,-3.098787e-07,7.996618e-07,7.732696e-01,7.752978e-01,7.724664e-01,7.701063e-01
2.007500e-11,-1.263884e-08,7.234953e-08,-2.803062e-07,8.314202e-07,7.732666e-01,7.753034e-01,7.724440e-01,7.701682e-01
2.010000e-11,3.937859e-08,6.832762e-08,-2.490289e-07,8.607353e-07,7.732676e-01,7.753088e-01,7.724240e-01,7.702324e-01
2.012500e-11,9.067335e-08,6.392189e-08,-2.161835e-07,8.874868e-07,7.732726e-01,7.753138e-01,7.724063e-01,7.702988e-01
2.015000e-11,1.410122e-07,5.919742e-08,-1.819138e-07,9.115690e-07,7.732814e-01,7.753185e-01,7.723912e-01,7.703671e-01
2.017500e-11,1.901691e-07,5.422096e-08,-1.463697e-07,9.328917e-07,7.732939e-01,7.753228e-01,7.723788e-01,7.704371e-01
2.020000e-11,2.379267e-07,4.906043e-08,-1.097068e-07,9.513801e-07,7.733102e-01,7.753267e-01,7.723691e-01,7.705086e-01
2.022500e-11,2.840767e-07,4.378439e-08,-7.208543e-08,9.669749e-07,7.733300e-01,7.753302e-01,7.723622e-01,7.705814e-01
2.025000e-11,3.284210e-07,3.846154e-08,-3.366997e-08,9.796326e-07,7.733532e-01,7.753333e-01,7.723582e-01,7.706553e-01
2.027500e-11,3.707727e-07,3.316022e-08,5.371684e-09,9.893254e-07,7.733797e-01,7.753360e-01,7.723571e-01,7.707300e-01
2.030000e-11,4.109565e-07,2.794794e-08,4.486906e-08,9.960408e-07,7.734094e-01,7.753384e-01,7.723591e-01,7.708053e-01
2.032500e-11,4.488096e-07,2.289084e-08,8.464981e-08,9.997819e-07,7.734420e-01,7.753403e-01,7.723640e-01,7.708811e-01
2.035000e-11,4.841824e-07,1.805324e-08,1.245405e-07,1.000567e-06,7.734774e-01,7.753419e-01,7.723719e-01,7.709570e-01
2.037500e-11,5.169389e-07,1.349723e-08,1.643675e-07,9.984289e-07,7.735153e-01,7.753431e-01,7.723829e-01,7.710329e-01
2.040000e-11,5.469573e-07,9.282158e-09,2.039574e-07,9.934150e-07,7.735557e-01,7.753439e-01,7.723969e-01,7.711085e-01
2.042500e-11,5.741303e-07,5.464273e-09,2.431384e-07,9.855867e-07,7.735982e-01,7.753445e-01,7.724139e-01,7.711836e-01
2.045000e-11,5.983655e-07,2.096312e-09,2.817405e-07,9.750187e-07,7.736427e-01,7.753448e-01,7.724338e-01,7.712580e-01
2.047500e-11,6.195859e-07,-7.728637e-10,3.195966e-07,9.617984e-07,7.736889e-01,7.753448e-01,7.724566e-01,7.713315e-01
2.050000e-11,6.377296e-07,-3.098599e-09,3.565431e-07,9.460256e-07,7.737366e-01,7.753447e-01,7.724823e-01,7.714039e-01
2.052500e-11,6.527503e-07,-4.840755e-09,3.924208e-07,9.278114e-07,7.737856e-01,7.753444e-01,7.725107e-01,7.714751e-01
2.055000e-11,6.646171e-07,-5.963982e-09,4.270754e-07,9.072776e-07,7.738355e-01,7.753440e-01,7.725418e-01,7.715447e-01
2.057500e-11,6.733148e-07,-6.437961e-09,4.603583e-07,8.845561e-07,7.738863e-01,7.753436e-01,7.725755e-01,7.716127e-01
2.060000e-11,6.788433e-07,-6.237611e-09,4.921274e-07,8.597877e-07,7.739376e-01,7.753431e-01,7.726117e-01,7.716789e-01
2.062500e-11,6.812179e-07,-5.343260e-09,5.222475e-07,8.331215e-07,7.739892e-01,7.753427e-01,7.726502e-01,7.717432e-01
2.065000e-11,6.804686e-07,-3.740780e-09,5.505909e-07,8.047140e-07,7.740408e-01,7.753423e-01,7.726909e-01,7.718054e-01
2.067500e-11,6.766401e-07,-1.421685e-09,5.770383e-07,7.747279e-07,7.740923e-01,7.753422e-01,7.727337e-01,7.718653e-01
2.070000e-11,6.697914e-07,1.616806e-09,6.014788e-07,7.433316e-07,7.741434e-01,7.753422e-01,7.727784e-01,7.719230e-01
2.072500e-11,6.599951e-07,5.371746e-09,6.238108e-07,7.106979e-07,7.741939e-01,7.753425e-01,7.728249e-01,7.719782e-01
2.075000e-11,6.473370e-07,9.834474e-09,6.439424e-07,6.770031e-07,7.742435e-01,7.753430e-01,7.728730e-01,7.720309e-01
2.077500e-11,6.319156e-07,1.499067e-08,6.617916e-07,6.424263e-07,7.742920e-01,7.753440e-01,7.729226e-01,7.720809e-01
2.080000e-11,6.138414e-07,2.082042e-08,6.772866e-07,6.071479e-07,7.743393e-01,7.753454e-01,7.729734e-01,7.721284e-01
2.082500e-11,5.932362e-07,2.729838e-08,6.903665e-07,5.713493e-07,7.743851e-01,7.753472e-01,7.730253e-01,7.721731e-01
2.085000e-11,5.702326e-07,3.439389e-08,7.009812e-07,5.352114e-07,7.744292e-01,7.753496e-01,7.730781e-01,7.722152e-01
2.087500e-11,5.449727e-07,4.207119e-08,7.090915e-07,4.989140e-07,7.744715e-01,7.753525e-01,7.731316e-01,7.722544e-01
2.090000e-11,5.176080e-07,5.028965e-08,7.146697e-07,4.626347e-07,7.745118e-01,7.753560e-01,7.731856e-01,7.722910e-01
2.092500e-11,4.882977e-07,5.900400e-08,7.176993e-07,4.265482e-07,7.745500e-01,7.753602e-01,7.732400e-01,7.723247e-01
2.095000e-11,4.572088e-07,6.816464e-08,7.181751e-07,3.908252e-07,7.745859e-01,7.753650e-01,7.732945e-01,7.723558e-01
2.097500e-11,4.245144e-07,7.771791e-08,7.161034e-07,3.556319e-07,7.746193e-01,7.753705e-01,7.733489e-01,7.723841e-01
2.100000e-11,3.903933e-07,8.760650e-08,7.115016e-07,3.211288e-07,7.746503e-01,7.753768e-01,7.734031e-01,7.724099e-01
2.102500e-11,3.550285e-07,9.776974e-08,7.043984e-07,2.874704e-07,7.746785e-01,7.753839e-01,7.734568e-01,7.724330e-01
2.105000e-11,3.186071e-07,1.081440e-07,6.948333e-07,2.548040e-07,7.747041e-01,7.753917e-01,7.735099e-01,7.724536e-01
2.107500e-11,2.813184e-07,1.186632e-07,6.828569e-07,2.232697e-07,7.747269e-01,7.754003e-01,7.735622e-01,7.724718e-01
2.110000e-11,2.433537e-07,1.292589e-07,6.685299e-07,1.929992e-07,7.747468e-01,7.754097e-01,7.736134e-01,7.724876e-01
2.112500e-11,2.049049e-07,1.398612e-07,6.519235e-07,1.641154e-07,7.747638e-01,7.754200e-01,7.736636e-01,7.725012e-01
2.115000e-11,1.661638e-07,1.503987e-07,6.331186e-07,1.367321e-07,7.747779e-01,7.754310e-01,7.737123e-01,7.725127e-01
2.117500e-11,1.273210e-07,1.607996e-07,6.122054e-07,1.109533e-07,7.747890e-01,7.754428e-01,7.737596e-01,7.725221e-01
2.120000e-11,8.856520e-08,1.709912e-07,5.892832e-07,8.687309e-08,7.747972e-01,7.754554e-01,7.738052e-01,7.725296e-01
2.122500e-11,5.008196e-08,1.809013e-07,5.644597e-07,6.457502e-08,7.748025e-01,7.754688e-01,7.738490e-01,7.725354e-01
2.125000e-11,1.205320e-08,1.904582e-07,5.378506e-07,4.413204e-08,7.748049e-01,7.754829e-01,7.738908e-01,7.725396e-01
2.127500e-11,-2.534384e-08,1.995911e-07,5.095790e-07,2.560619e-08,7.748044e-01,7.754977e-01,7.739305e-01,7.725423e-01
2.130000e-11,-6.193736e-08,2.082307e-07,4.797746e-07,9.048524e-09,7.748011e-01,7.755132e-01,7.739681e-01,7.725436e-01
2.132500e-11,-9.756179e-08,2.163098e-07,4.485735e-07,-5.501055e-09,7.747950e-01,7.755293e-01,7.740033e-01,7.725438e-01
2.135000e-11,-1.320585e-07,2.237633e-07,4.161172e-07,-1.801377e-08,7.747863e-01,7.755460e-01,7.740361e-01,7.725429e-01
2.137500e-11,-1.652764e-07,2.305290e-07,3.825521e-07,-2.847197e-08,7.747751e-01,7.755632e-01,7.740665e-01,7.725412e-01
2.140000e-11,-1.970729e-07,2.365479e-07,3.480285e-07,-3.686904e-08,7.747613e-01,7.755809e-01,7.740942e-01,7.725388e-01
2.142500e-11,-2.273140e-07,2.417646e-07,3.127006e-07,-4.320922e-08,7.747452e-01,7.755991e-01,7.741193e-01,7.725358e-01
2.145000e-11,-2.558753e-07,2.461276e-07,2.767250e-07,-4.750747e-08,7.747269e-01,7.756176e-01,7.741416e-01,7.725324e-01
2.147500e-11,-2.826422e-07,2.495895e-07,2.402604e-07,-4.978918e-08,7.747065e-01,7.756364e-01,7.741613e-01,7.725287e-01
2.150000e-11,-3.075106e-07,2.521079e-07,2.034667e-07,-5.008986e-08,7.746841e-01,7.756555e-01,7.741781e-01,7.725250e-01
2.152500e-11,-3.303870e-07,2.536450e-07,1.665045e-07,-4.845482e-08,7.746599e-01,7.756747e-01,7.741922e-01,7.725212e-01
2.155000e-11,-3.511888e-07,2.541682e-07,1.295340e-07,-4.493875e-08,7.746341e-01,7.756939e-01,7.742034e-01,7.725177e-01
2.157500e-11,-3.698450e-07,2.536504e-07,9.271458e-08,-3.960528e-08,7.746067e-01,7.757132e-01,7.742118e-01,7.725146e-01
2.160000e-11,-3.862960e-07,2.520702e-07,5.620395e-08,-3.252650e-08,7.745780e-01,7.757324e-01,7.742175e-01,7.725119e-01
2.162500e-11,-4.004937e-07,2.494117e-07,2.015743e-08,-2.378246e-08,7.745482e-01,7.757514e-01,7.742204e-01,7.725097e-01
2.165000e-11,-4.124019e-07,2.456653e-07,-1.527268e-08,-1.346059e-08,7.745174e-01,7.757702e-01,7.742206e-01,7.725084e-01
2.167500e-11,-4.219962e-07,2.408272e-07,-4.993783e-08,-1.655136e-09,7.744857e-01,7.757886e-01,7.742181e-01,7.725078e-01
2.170000e-11,-4.292639e-07,2.348998e-07,-8.369388e-08,1.153346e-08,7.744534e-01,7.758067e-01,7.742131e-01,7.725082e-01
2.172500e-11,-4.342039e-07,2.278916e-07,-1.164017e-07,2.599920e-08,7.744207e-01,7.758242e-01,7.742055e-01,7.725097e-01
2.175000e-11,-4.368267e-07,2.198175e-07,-1.479277e-07,4.163114e-08,7.743876e-01,7.758412e-01,7.741955e-01,7.725123e-01
2.177500e-11,-4.371541e-07,2.106983e-07,-1.781447e-07,5.831414e-08,7.743545e-01,7.758576e-01,7.741831e-01,7.725161e-01
2.180000e-11,-4.352190e-07,2.005609e-07,-2.069321e-07,7.592945e-08,7.743214e-01,7.758732e-01,7.741685e-01,7.725212e-01
2.182500e-11,-4.310648e-07,1.894383e-07,-2.341766e-07,9.435550e-08,7.742885e-01,7.758880e-01,7.741518e-01,7.725277e-01
2.185000e-11,-4.247457e-07,1.773694e-07,-2.597725e-07,1.134685e-07,7.742561e-01,7.759019e-01,7.741331e-01,7.725356e-01
2.187500e-11,-4.163256e-07,1.643984e-07,-2.836224e-07,1.331432e-07,7.742242e-01,7.759148e-01,7.741125e-01,7.725450e-01
2.190000e-11,-4.058781e-07,1.505755e-07,-3.056375e-07,1.532535e-07,7.741930e-01,7.759268e-01,7.740901e-01,7.725559e-01
2.192500e-11,-3.934858e-07,1.359557e-07,-3.257377e-07,1.736734e-07,7.741627e-01,7.759377e-01,7.740662e-01,7.725683e-01
2.195000e-11,-3.792399e-07,1.205992e-07,-3.438523e-07,1.942771e-07,7.741333e-01,7.759474e-01,7.740408e-01,7.725823e-01
2.197500e-11,-3.632394e-07,1.045709e-07,-3.599199e-07,2.149405e-07,7.741052e-01,7.759559e-01,7.740141e-01,7.725978e-01
2.200000e-11,-3.455908e-07,8.794003e-08,-3.738887e-07,2.355410e-07,7.740783e-01,7.759632e-01,7.739862e-01,7.726149e-01
2.202500e-11,-3.264075e-07,7.077982e-08,-3.857171e-07,2.559587e-07,7.740528e-01,7.759692e-01,7.739574e-01,7.726336e-01
2.205000e-11,-3.058088e-07,5.316720e-08,-3.953731e-07,2.760768e-07,7.740288e-01,7.759739e-01,7.739278e-01,7.726538e-01
2.207500e-11,-2.839194e-07,3.518238e-08,-4.028348e-07,2.957821e-07,7.740064e-01,7.759773e-01,7.738975e-01,7.726755e-01
2.210000e-11,-2.608688e-07,1.690841e-08,-4.080906e-07,3.149657e-07,7.739858e-01,7.759793e-01,7.738668e-01,7.726987e-01
2.212500e-11,-2.367906e-07,-1.569194e-09,-4.111386e-07,3.335235e-07,7.739669e-01,7.759798e-01,7.738357e-01,7.727233e-01
2.215000e-11,-2.118215e-07,-2.016295e-08,-4.119871e-07,3.513565e-07,7.739499e-01,7.759790e-01,7.738045e-01,7.727493e-01
2.217500e-11,-1.861010e-07,-3.878380e-08,-4.106542e-07,3.683716e-07,7.739348e-01,7.759768e-01,7.737733e-01,7.727766e-01
2.220000e-11,-1.597703e-07,-5.734164e-08,-4.071677e-07,3.844815e-07,7.739216e-01,7.759731e-01,7.737423e-01,7.728052e-01
2.222500e-11,-1.329716e-07,-7.574574e-08,-4.015649e-07,3.996057e-07,7.739105e-01,7.759681e-01,7.737116e-01,7.728350e-01
2.225000e-11,-1.058477e-07,-9.390524e-08,-3.938922e-07,4.136702e-07,7.739015e-01,7.759616e-01,7.736814e-01,7.728658e-01
2.227500e-11,-7.854101e-08,-1.117297e-07,-3.842052e-07,4.266084e-07,7.738945e-01,7.759538e-01,7.736519e-01,7.728977e-01
2.230000e-11,-5.119275e-08,-1.291293e-07,-3.725680e-07,4.383607e-07,7.738896e-01,7.759447e-01,7.736232e-01,7.729306e-01
2.232500e-11,-2.394249e-08,-1.460158e-07,-3.590529e-07,4.488753e-07,7.738867e-01,7.759342e-01,7.735954e-01,7.729642e-01
2.235000e-11,3.072667e-09,-1.623027e-07,-3.437403e-07,4.581080e-07,7.738859e-01,7.759225e-01,7.735688e-01,7.729987e-01
2.237500e-11,2.971871e-08,-1.779055e-07,-3.267176e-07,4.660224e-07,7.738871e-01,7.759096e-01,7.735433e-01,7.730337e-01
2.240000e-11,5.586535e-08,-1.927427e-07,-3.080797e-07,4.725901e-07,7.738904e-01,7.758956e-01,7.735193e-01,7.730694e-01
2.242500e-11,8.138665e-08,-2.067359e-07,-2.879276e-07,4.777904e-07,7.738956e-01,7.758804e-01,7.734967e-01,7.731054e-01
2.245000e-11,1.061616e-07,-2.198100e-07,-2.663682e-07,4.816107e-07,7.739027e-01,7.758642e-01,7.734756e-01,7.731419e-01
2.247500e-11,1.300746e-07,-2.318942e-07,-2.435141e-07,4.840462e-07,7.739117e-01,7.758471e-01,7.734563e-01,7.731785e-01
2.250000e-11,1.530162e-07,-2.429220e-07,-2.194825e-07,4.850998e-07,7.739224e-01,7.758291e-01,7.734387e-01,7.732153e-01
2.252500e-11,1.748832e-07,-2.528315e-07,-1.943948e-07,4.847820e-07,7.739348e-01,7.758103e-01,7.734230e-01,7.732521e-01
2.255000e-11,1.955794e-07,-2.615661e-07,-1.683762e-07,4.831107e-07,7.739489e-01,7.757907e-01,7.734093e-01,7.732888e-01
2.257500e-11,2.150159e-07,-2.690745e-07,-1.415548e-07,4.801113e-07,7.739644e-01,7.757706e-01,7.733975e-01,7.733254e-01
2.260000e-11,2.331114e-07,-2.753110e-07,-1.140612e-07,4.758157e-07,7.739814e-01,7.757500e-01,7.733878e-01,7.733617e-01
2.262500e-11,2.497928e-07,-2.802362e-07,-8.602786e-08,4.702628e-07,7.739998e-01,7.757289e-01,7.733802e-01,7.733976e-01
2.265000e-11,2.649949e-07,-2.838165e-07,-5.758812e-08,4.634976e-07,7.740193e-01,7.757075e-01,7.733748e-01,7.734330e-01
2.267500e-11,2.786611e-07,-2.860249e-07,-2.887607e-08,4.555715e-07,7.740399e-01,7.756859e-01,7.733715e-01,7.734679e-01
2.270000e-11,2.907436e-07,-2.868411e-07,-2.559505e-11,4.465412e-07,7.740615e-01,7.756641e-01,7.733704e-01,7.735022e-01
2.272500e-11,3.012031e-07,-2.862512e-07,2.883011e-08,4.364686e-07,7.740840e-01,7.756424e-01,7.733715e-01,7.735357e-01
2.275000e-11,3.100093e-07,-2.842485e-07,5.755920e-08,4.254207e-07,7.741071e-01,7.756207e-01,7.733748e-01,7.735684e-01
2.277500e-11,3.171410e-07,-2.808328e-07,8.603178e-08,4.134685e-07,7.741309e-01,7.755993e-01,7.733802e-01,7.736002e-01
2.280000e-11,3.225854e-07,-2.760111e-07,1.141205e-07,4.006873e-07,7.741552e-01,7.755782e-01,7.733878e-01,7.736311e-01
2.282500e-11,3.263391e-07,-2.697971e-07,1.417010e-07,3.871556e-07,7.741798e-01,7.755575e-01,7.733975e-01,7.736610e-01
2.285000e-11,3.284070e-07,-2.622115e-07,1.686527e-07,3.729548e-07,7.742046e-01,7.755373e-01,7.734093e-01,7.736899e-01
2.287500e-11,3.288028e-07,-2.532817e-07,1.948591e-07,3.581688e-07,7.742296e-01,7.755178e-01,7.734231e-01,7.737177e-01
2.290000e-11,3.275488e-07,-2.430421e-07,2.202084e-07,3.428837e-07,7.742545e-01,7.754989e-01,7.734389e-01,7.737443e-01
2.292500e-11,3.246752e-07,-2.315331e-07,2.445939e-07,3.271866e-07,7.742792e-01,7.754809e-01,7.734565e-01,7.737697e-01
2.295000e-11,3.202203e-07,-2.188019e-07,2.679145e-07,3.111658e-07,7.743037e-01,7.754638e-01,7.734759e-01,7.737940e-01
2.297500e-11,3.142301e-07,-2.049017e-07,2.900753e-07,2.949101e-07,7.743277e-01,7.754478e-01,7.734971e-01,7.738170e-01
2.300000e-11,3.067578e-07,-1.898916e-07,3.109874e-07,2.785081e-07,7.743513e-01,7.754328e-01,7.735199e-01,7.738388e-01
2.302500e-11,2.978636e-07,-1.738364e-07,3.305689e-07,2.620479e-07,7.743742e-01,7.754190e-01,7.735443e-01,7.738593e-01
2.305000e-11,2.876143e-07,-1.568063e-07,3.487449e-07,2.456167e-07,7.743964e-01,7.754065e-01,7.735700e-01,7.738786e-01
2.307500e-11,2.760826e-07,-1.388762e-07,3.654477e-07,2.292999e-07,7.744178e-01,7.753953e-01,7.735971e-01,7.738966e-01
2.310000e-11,2.633473e-07,-1.201261e-07,3.806174e-07,2.131812e-07,7.744383e-01,7.753854e-01,7.736254e-01,7.739134e-01
2.312500e-11,2.494919e-07,-1.006400e-07,3.942016e-07,1.973418e-07,7.744578e-01,7.753771e-01,7.736548e-01,7.739290e-01
2.315000e-11,2.346050e-07,-8.050572e-08,4.061559e-07,1.818603e-07,7.744761e-01,7.753702e-01,7.736852e-01,7.739434e-01
2.317500e-11,2.187791e-07,-5.981472e-08,4.164440e-07,1.668118e-07,7.744933e-01,7.753649e-01,7.737164e-01,7.739567e-01
2.320000e-11,2.021104e-07,-3.866135e-08,4.250377e-07,1.522682e-07,7.745093e-01,7.753611e-01,7.737484e-01,7.739688e-01
2.322500e-11,1.846985e-07,-1.714255e-08,4.319170e-07,1.382971e-07,7.745240e-01,7.753590e-01,7.737809e-01,7.739798e-01
2.325000e-11,1.666451e-07,4.642659e-09,4.370699e-07,1.249621e-07,7.745373e-01,7.753586e-01,7.738138e-01,7.739899e-01
2.327500e-11,1.480541e-07,2.659366e-08,4.404926e-07,1.123223e-07,7.745492e-01,7.753598e-01,7.738471e-01,7.739989e-01
2.330000e-11,1.290309e-07,4.860872e-08,4.421895e-07,1.004320e-07,7.745598e-01,7.753626e-01,7.738806e-01,7.740070e-01
2.332500e-11,1.096817e-07,7.058549e-08,4.421728e-07,8.934038e-08,7.745688e-01,7.753671e-01,7.739142e-01,7.740142e-01
2.335000e-11,9.011293e-08,9.242151e-08,4.404626e-07,7.909147e-08,7.745764e-01,7.753733e-01,7.739477e-01,7.740206e-01
2.337500e-11,7.043086e-08,1.140147e-07,4.370864e-07,6.972392e-08,7.745825e-01,7.753812e-01,7.739810e-01,7.740263e-01
2.340000e-11,5.074092e-08,1.352638e-07,4.320794e-07,6.127086e-08,7.745871e-01,7.753906e-01,7.740140e-01,7.740313e-01
2.342500e-11,3.114720e-08,1.560691e-07,4.254836e-07,5.375976e-08,7.745902e-01,7.754017e-01,7.740465e-01,7.740357e-01
2.345000e-11,1.175190e-08,1.763326e-07,4.173482e-07,4.721242e-08,7.745918e-01,7.754143e-01,7.740785e-01,7.740395e-01
2.347500e-11,-7.345124e-09,1.959586e-07,4.077288e-07,4.164486e-08,7.745920e-01,7.754284e-01,7.741098e-01,7.740429e-01
2.350000e-11,-2.604690e-08,2.148544e-07,3.966870e-07,3.706737e-08,7.745908e-01,7.754440e-01,7.741403e-01,7.740459e-01
2.352500e-11,-4.425979e-08,2.329305e-07,3.842906e-07,3.348451e-08,7.745881e-01,7.754610e-01,7.741700e-01,7.740486e-01
2.355000e-11,-6.189396e-08,2.501011e-07,3.706127e-07,3.089515e-08,7.745841e-01,7.754793e-01,7.741986e-01,7.740511e-01
2.357500e-11,-7.886376e-08,2.662844e-07,3.557314e-07,2.929259e-08,7.745787e-01,7.754989e-01,7.742262e-01,7.740534e-01
2.360000e-11,-9.508816e-08,2.814033e-07,3.397294e-07,2.866464e-08,7.745721e-01,7.755197e-01,7.742526e-01,7.740556e-01
2.362500e-11,-1.104911e-07,2.953856e-07,3.226937e-07,2.899380e-08,7.745643e-01,7.755416e-01,7.742777e-01,7.740578e-01
2.365000e-11,-1.250019e-07,3.081643e-07,3.047147e-07,3.025738e-08,7.745554e-01,7.755645e-01,7.743015e-01,7.740601e-01
2.367500e-11,-1.385553e-07,3.196781e-07,2.858865e-07,3.242777e-08,7.745454e-01,7.755883e-01,7.743239e-01,7.740625e-01
2.370000e-11,-1.510922e-07,3.298714e-07,2.663055e-07,3.547259e-08,7.745344e-01,7.756130e-01,7.743449e-01,7.740651e-01
2.372500e-11,-1.625594e-07,3.386949e-07,2.460706e-07,3.935499e-08,7.745225e-01,7.756384e-01,7.743643e-01,7.740679e-01
2.375000e-11,-1.729102e-07,3.461057e-07,2.252823e-07,4.403389e-08,7.745098e-01,7.756643e-01,7.743822e-01,7.740711e-01
2.377500e-11,-1.821044e-07,3.520675e-07,2.040424e-07,4.946427e-08,7.744964e-01,7.756908e-01,7.743985e-01,7.740747e-01
2.380000e-11,-1.901083e-07,3.565509e-07,1.824536e-07,5.559748e-08,7.744822e-01,7.757177e-01,7.744132e-01,7.740787e-01
2.382500e-11,-1.968951e-07,3.595331e-07,1.606187e-07,6.238158e-08,7.744676e-01,7.757449e-01,7.744262e-01,7.740832e-01
2.385000e-11,-2.024447e-07,3.609989e-07,1.386402e-07,6.976164e-08,7.744524e-01,7.757722e-01,7.744376e-01,7.740882e-01
2.387500e-11,-2.067438e-07,3.609397e-07,1.166201e-07,7.768009e-08,7.744369e-01,7.757996e-01,7.744473e-01,7.740938e-01
2.390000e-11,-2.097862e-07,3.593543e-07,9.465893e-08,8.607713e-08,7.744211e-01,7.758269e-01,7.744553e-01,7.741000e-01
2.392500e-11,-2.115721e-07,3.562487e-07,7.285583e-08,9.489104e-08,7.744051e-01,7.758541e-01,7.744617e-01,7.741069e-01
2.395000e-11,-2.121086e-07,3.516360e-07,5.130766e-08,1.040586e-07,7.743891e-01,7.758809e-01,7.744664e-01,7.741145e-01
2.397500e-11,-2.114093e-07,3.455364e-07,3.010877e-08,1.135153e-07,7.743730e-01,7.759074e-01,7.744695e-01,7.741228e-01
2.400000e-11,-2.094943e-07,3.379769e-07,9.350554e-09,1.231961e-07,7.743570e-01,7.759333e-01,7.744710e-01,7.741318e-01
2.402500e-11,-2.063900e-07,3.289917e-07,-1.087895e-08,1.330353e-07,7.743413e-01,7.759586e-01,7.744709e-01,7.741415e-01
2.405000e-11,-2.021287e-07,3.186215e-07,-3.049545e-08,1.429674e-07,7.743258e-01,7.759832e-01,7.744694e-01,7.741520e-01
2.407500e-11,-1.967486e-07,3.069133e-07,-4.941873e-08,1.529271e-07,7.743106e-01,7.760069e-01,7.744664e-01,7.741632e-01
2.410000e-11,-1.902933e-07,2.939206e-07,-6.757300e-08,1.628498e-07,7.742960e-01,7.760297e-01,7.744619e-01,7.741752e-01
2.412500e-11,-1.828119e-07,2.797028e-07,-8.488720e-08,1.726720e-07,7.742818e-01,7.760515e-01,7.744562e-01,7.741880e-01
2.415000e-11,-1.743582e-07,2.643250e-07,-1.012952e-07,1.823316e-07,7.742683e-01,7.760721e-01,7.744491e-01,7.742014e-01
2.417500e-11,-1.649907e-07,2.478578e-07,-1.167363e-07,1.917684e-07,7.742554e-01,7.760916e-01,7.744408e-01,7.742156e-01
2.420000e-11,-1.547721e-07,2.303767e-07,-1.311550e-07,2.009239e-07,7.742433e-01,7.761097e-01,7.744314e-01,7.742305e-01
2.422500e-11,-1.437688e-07,2.119620e-07,-1.445017e-07,2.097423e-07,7.742319e-01,7.761265e-01,7.744210e-01,7.742461e-01
2.425000e-11,-1.320509e-07,1.926983e-07,-1.567324e-07,2.181701e-07,7.742215e-01,7.761419e-01,7.744096e-01,7.742624e-01
2.427500e-11,-1.196913e-07,1.726738e-07,-1.678092e-07,2.261571e-07,7.742119e-01,7.761557e-01,7.743973e-01,7.742793e-01
2.430000e-11,-1.067657e-07,1.519806e-07,-1.777001e-07,2.336560e-07,7.742033e-01,7.761680e-01,7.743842e-01,7.742967e-01
2.432500e-11,-9.335201e-08,1.307136e-07,-1.863795e-07,2.406228e-07,7.741958e-01,7.761788e-01,7.743704e-01,7.743147e-01
2.435000e-11,-7.952967e-08,1.089702e-07,-1.938275e-07,2.470174e-07,7.741892e-01,7.761879e-01,7.743559e-01,7.743332e-01
2.437500e-11,-6.537963e-08,8.685006e-08,-2.000308e-07,2.528033e-07,7.741837e-01,7.761953e-01,7.743410e-01,7.743522e-01
2.440000e-11,-5.098361e-08,6.445435e-08,-2.049820e-07,2.579479e-07,7.741793e-01,7.762010e-01,7.743256e-01,7.743716e-01
2.442500e-11,-3.642380e-08,4.188541e-08,-2.086798e-07,2.624227e-07,7.741760e-01,7.762051e-01,7.743100e-01,7.743913e-01
2.445000e-11,-2.178234e-08,1.924625e-08,-2.111288e-07,2.662033e-07,7.741738e-01,7.762074e-01,7.742940e-01,7.744114e-01
2.447500e-11,-7.140917e-09,-3.359990e-09,-2.123397e-07,2.692699e-07,7.741727e-01,7.762080e-01,7.742780e-01,7.744317e-01
2.450000e-11,7.419660e-09,-2.583048e-08,-2.123289e-07,2.716065e-07,7.741727e-01,7.762069e-01,7.742619e-01,7.744523e-01
2.452500e-11,2.181990e-08,-4.806323e-08,-2.111182e-07,2.732020e-07,7.741738e-01,7.762041e-01,7.742458e-01,7.744729e-01
2.455000e-11,3.598203e-08,-6.995751e-08,-2.087351e-07,2.740494e-07,7.741760e-01,7.761996e-01,7.742299e-01,7.744937e-01
2.457500e-11,4.983040e-08,-9.141440e-08,-2.052119e-07,2.741461e-07,7.741792e-01,7.761935e-01,7.742142e-01,7.745145e-01
2.460000e-11,6.329184e-08,-1.123372e-07,-2.005861e-07,2.734937e-07,7.741835e-01,7.761857e-01,7.741988e-01,7.745353e-01
2.462500e-11,7.629607e-08,-1.326319e-07,-1.948999e-07,2.720985e-07,7.741888e-01,7.761764e-01,7.741838e-01,7.745560e-01
2.465000e-11,8.877599e-08,-1.522077e-07,-1.881999e-07,2.699705e-07,7.741951e-01,7.761656e-01,7.741693e-01,7.745766e-01
2.467500e-11,1.006681e-07,-1.709772e-07,-1.805366e-07,2.671242e-07,7.742023e-01,7.761534e-01,7.741553e-01,7.745970e-01
2.470000e-11,1.119126e-07,-1.888571e-07,-1.719646e-07,2.635777e-07,7.742103e-01,7.761397e-01,7.741419e-01,7.746171e-01
2.472500e-11,1.224539e-07,-2.057684e-07,-1.625419e-07,2.593533e-07,7.742192e-01,7.761248e-01,7.741292e-01,7.746370e-01
2.475000e-11,1.322409e-07,-2.216367e-07,-1.523294e-07,2.544765e-07,7.742289e-01,7.761085e-01,7.741173e-01,7.746565e-01
2.477500e-11,1.412269e-07,-2.363928e-07,-1.413912e-07,2.489767e-07,7.742392e-01,7.760912e-01,7.741061e-01,7.746756e-01
2.480000e-11,1.493701e-07,-2.499729e-07,-1.297936e-07,2.428863e-07,7.742503e-01,7.760727e-01,7.740958e-01,7.746942e-01
2.482500e-11,1.566337e-07,-2.623186e-07,-1.176049e-07,2.362408e-07,7.742619e-01,7.760533e-01,7.740865e-01,7.747124e-01
2.485000e-11,1.629861e-07,-2.733777e-07,-1.048954e-07,2.290787e-07,7.742740e-01,7.760330e-01,7.740780e-01,7.747301e-01
2.487500e-11,1.684007e-07,-2.831039e-07,-9.173641e-08,2.214406e-07,7.742866e-01,7.760118e-01,7.740706e-01,7.747472e-01
2.490000e-11,1.728565e-07,-2.914573e-07,-7.820041e-08,2.133700e-07,7.742995e-01,7.759901e-01,7.740641e-01,7.747637e-01
2.492500e-11,1.763378e-07,-2.984047e-07,-6.436041e-08,2.049120e-07,7.743127e-01,7.759677e-01,7.740587e-01,7.747796e-01
2.495000e-11,1.788345e-07,-3.039193e-07,-5.028962e-08,1.961138e-07,7.743262e-01,7.759448e-01,7.740544e-01,7.747948e-01
2.497500e-11,1.803416e-07,-3.079811e-07,-3.606113e-08,1.870237e-07,7.743398e-01,7.759216e-01,7.740511e-01,7.748094e-01
2.500000e-11,1.808598e-07,-3.105770e-07,-2.174751e-08,1.776915e-07,7.743535e-01,7.758981e-01,7.740489e-01,7.748232e-01
2.502500e-11,1.803952e-07,-3.117007e-07,-7.420490e-09,1.681679e-07,7.743672e-01,7.758745e-01,7.740478e-01,7.748363e-01
2.505000e-11,1.789588e-07,-3.113529e-07,6.849425e-09,1.585041e-07,7.743809e-01,7.758509e-01,7.740478e-01,7.748487e-01
2.507500e-11,1.765673e-07,-3.095409e-07,2.099324e-08,1.487517e-07,7.743944e-01,7.758273e-01,7.740488e-01,7.748604e-01
2.510000e-11,1.732421e-07,-3.062790e-07,3.494381e-08,1.389623e-07,7.744076e-01,7.758040e-01,7.740509e-01,7.748713e-01
2.512500e-11,1.690094e-07,-3.015880e-07,4.863615e-08,1.291873e-07,7.744206e-01,7.757809e-01,7.740541e-01,7.748815e-01
2.515000e-11,1.639004e-07,-2.954955e-07,6.200769e-08,1.194775e-07,7.744332e-01,7.757583e-01,7.740583e-01,7.748910e-01
2.517500e-11,1.579506e-07,-2.880354e-07,7.499861e-08,1.098829e-07,7.744454e-01,7.757361e-01,7.740635e-01,7.748997e-01
2.520000e-11,1.511997e-07,-2.792477e-07,8.755202e-08,1.004525e-07,7.744572e-01,7.757146e-01,7.740697e-01,7.749077e-01
2.522500e-11,1.436915e-07,-2.691786e-07,9.961424e-08,9.123372e-08,7.744684e-01,7.756938e-01,7.740768e-01,7.749150e-01
2.525000e-11,1.354736e-07,-2.578800e-07,1.111350e-07,8.227268e-08,7.744789e-01,7.756738e-01,7.740848e-01,7.749215e-01
2.527500e-11,1.265968e-07,-2.454093e-07,1.220677e-07,7.361348e-08,7.744889e-01,7.756547e-01,7.740936e-01,7.749275e-01
2.530000e-11,1.171153e-07,-2.318292e-07,1.323694e-07,6.529822e-08,7.744981e-01,7.756366e-01,7.741033e-01,7.749328e-01
2.532500e-11,1.070861e-07,-2.172072e-07,1.420011e-07,5.736669e-08,7.745066e-01,7.756196e-01,7.741137e-01,7.749374e-01
2.535000e-11,9.656840e-08,-2.016153e-07,1.509280e-07,4.985623e-08,7.745144e-01,7.756037e-01,7.741248e-01,7.749415e-01
2.537500e-11,8.562393e-08,-1.851299e-07,1.591194e-07,4.280150e-08,7.745213e-01,7.755890e-01,7.741365e-01,7.749450e-01
2.540000e-11,7.431603e-08,-1.678311e-07,1.665489e-07,3.623436e-08,7.745273e-01,7.755756e-01,7.741489e-01,7.749480e-01
2.542500e-11,6.270956e-08,-1.498023e-07,1.731941e-07,3.018366e-08,7.745325e-01,7.755636e-01,7.741618e-01,7.749506e-01
2.545000e-11,5.087043e-08,-1.311302e-07,1.790374e-07,2.467517e-08,7.745368e-01,7.755529e-01,7.741751e-01,7.749527e-01
2.547500e-11,3.886534e-08,-1.119038e-07,1.840653e-07,1.973144e-08,7.745403e-01,7.755437e-01,7.741889e-01,7.749544e-01
2.550000e-11,2.676131e-08,-9.221445e-08,1.882687e-07,1.537171e-08,7.745427e-01,7.755360e-01,7.742031e-01,7.749557e-01
2.552500e-11,1.462541e-08,-7.215518e-08,1.916428e-07,1.161182e-08,7.745443e-01,7.755297e-01,7.742175e-01,7.749567e-01
2.555000e-11,2.524341e-09,-5.182026e-08,1.941872e-07,8.464179e-09,7.745450e-01,7.755250e-01,7.742321e-01,7.749575e-01
2.557500e-11,-9.475896e-09,-3.130480e-08,1.959055e-07,5.937714e-09,7.745447e-01,7.755219e-01,7.742469e-01,7.749581e-01
2.560000e-11,-2.131035e-08,-1.070428e-08,1.968054e-07,4.037857e-09,7.745435e-01,7.755203e-01,7.742618e-01,7.749585e-01
2.562500e-11,-3.291545e-08,9.885927e-09,1.968989e-07,2.766553e-09,7.745415e-01,7.755202e-01,7.742767e-01,7.749587e-01
2.565000e-11,-4.422934e-08,3.037095e-08,1.962016e-07,2.122273e-09,7.745386e-01,7.755218e-01,7.742917e-01,7.749589e-01
2.567500e-11,-5.519223e-08,5.065692e-08,1.947328e-07,2.100064e-09,7.745348e-01,7.755248e-01,7.743065e-01,7.749591e-01
2.570000e-11,-6.574662e-08,7.065137e-08,1.925154e-07,2.691601e-09,7.745302e-01,7.755295e-01,7.743212e-01,7.749593e-01
2.572500e-11,-7.583767e-08,9.026370e-08,1.895757e-07,3.885267e-09,7.745248e-01,7.755356e-01,7.743357e-01,7.749596e-01
2.575000e-11,-8.541344e-08,1.094056e-07,1.859431e-07,5.666250e-09,7.745187e-01,7.755431e-01,7.743499e-01,7.749599e-01
2.577500e-11,-9.442512e-08,1.279913e-07,1.816500e-07,8.016649e-09,7.745119e-01,7.755521e-01,7.743639e-01,7.749605e-01
2.580000e-11,-1.028273e-07,1.459383e-07,1.767316e-07,1.091560e-08,7.745044e-01,7.755625e-01,7.743775e-01,7.749612e-01
2.582500e-11,-1.105782e-07,1.631673e-07,1.712254e-07,1.433944e-08,7.744963e-01,7.755743e-01,7.743907e-01,7.749622e-01
2.585000e-11,-1.176398e-07,1.796031e-07,1.651713e-07,1.826181e-08,7.744877e-01,7.755873e-01,7.744035e-01,7.749634e-01
2.587500e-11,-1.239782e-07,1.951743e-07,1.586113e-07,2.265388e-08,7.744785e-01,7.756015e-01,7.744157e-01,7.749650e-01
2.590000e-11,-1.295633e-07,2.098141e-07,1.515890e-07,2.748451e-08,7.744689e-01,7.756168e-01,7.744275e-01,7.749669e-01
2.592500e-11,-1.343697e-07,2.234604e-07,1.441496e-07,3.272043e-08,7.744589e-01,7.756333e-01,7.744387e-01,7.749692e-01
2.595000e-11,-1.383760e-07,2.360562e-07,1.363394e-07,3.832644e-08,7.744485e-01,7.756507e-01,7.744494e-01,7.749719e-01
2.597500e-11,-1.415655e-07,2.475496e-07,1.282058e-07,4.426564e-08,7.744379e-01,7.756691e-01,7.744594e-01,7.749750e-01
2.600000e-11,-1.439258e-07,2.578941e-07,1.197968e-07,5.049964e-08,7.744271e-01,7.756882e-01,7.744688e-01,7.749786e-01
2.602500e-11,-1.454491e-07,2.670491e-07,1.111611e-07,5.698878e-08,7.744161e-01,7.757082e-01,7.744776e-01,7.749827e-01
2.605000e-11,-1.461323e-07,2.749796e-07,1.023472e-07,6.369234e-08,7.744050e-01,7.757287e-01,7.744857e-01,7.749873e-01
2.607500e-11,-1.459766e-07,2.816566e-07,9.340380e-08,7.056880e-08,7.743940e-01,7.757498e-01,7.744931e-01,7.749924e-01
2.610000e-11,-1.449879e-07,2.870570e-07,8.437910e-08,7.757607e-08,7.743829e-01,7.757714e-01,7.744999e-01,7.749980e-01
2.612500e-11,-1.431764e-07,2.911640e-07,7.532080e-08,8.467169e-08,7.743720e-01,7.757934e-01,7.745060e-01,7.750042e-01
2.615000e-11,-1.405566e-07,2.939669e-07,6.627573e-08,9.181311e-08,7.743612e-01,7.758156e-01,7.745113e-01,7.750109e-01
2.617500e-11,-1.371475e-07,2.954611e-07,5.728969e-08,9.895789e-08,7.743507e-01,7.758379e-01,7.745160e-01,7.750182e-01
2.620000e-11,-1.329719e-07,2.956480e-07,4.840719e-08,1.060640e-07,7.743405e-01,7.758603e-01,7.745200e-01,7.750260e-01
2.622500e-11,-1.280567e-07,2.945356e-07,3.967123e-08,1.130898e-07,7.743306e-01,7.758827e-01,7.745234e-01,7.750343e-01
2.625000e-11,-1.224326e-07,2.921373e-07,3.112314e-08,1.199947e-07,7.743211e-01,7.759050e-01,7.745261e-01,7.750431e-01
2.627500e-11,-1.161339e-07,2.884728e-07,2.280233e-08,1.267389e-07,7.743120e-01,7.759270e-01,7.745281e-01,7.750525e-01
2.630000e-11,-1.091983e-07,2.835676e-07,1.474621e-08,1.332841e-07,7.743035e-01,7.759487e-01,7.745296e-01,7.750624e-01
2.632500e-11,-1.016667e-07,2.774526e-07,6.989907e-09,1.395929e-07,7.742955e-01,7.759700e-01,7.745304e-01,7.750727e-01
2.635000e-11,-9.358276e-08,2.701644e-07,-4.337649e-10,1.456301e-07,7.742881e-01,7.759908e-01,7.745307e-01,7.750836e-01
2.637500e-11,-8.499310e-08,2.617446e-07,-7.494510e-09,1.513619e-07,7.742813e-01,7.760110e-01,7.745304e-01,7.750948e-01
2.640000e-11,-7.594659e-08,2.522401e-07,-1.416464e-08,1.567566e-07,7.742752e-01,7.760305e-01,7.745295e-01,7.751065e-01
2.642500e-11,-6.649429e-08,2.417023e-07,-2.041916e-08,1.617843e-07,7.742698e-01,7.760492e-01,7.745282e-01,7.751186e-01
2.645000e-11,-5.668912e-08,2.301871e-07,-2.623589e-08,1.664179e-07,7.742651e-01,7.760671e-01,7.745265e-01,7.751311e-01
2.647500e-11,-4.658558e-08,2.177548e-07,-3.159549e-08,1.706321e-07,7.742612e-01,7.760841e-01,7.745243e-01,7.751439e-01
2.650000e-11,-3.623944e-08,2.044694e-07,-3.648153e-08,1.744044e-07,7.742581e-01,7.761001e-01,7.745217e-01,7.751570e-01
2.652500e-11,-2.570745e-08,1.903983e-07,-4.088052e-08,1.777148e-07,7.742557e-01,7.761151e-01,7.745188e-01,7.751703e-01
2.655000e-11,-1.504702e-08,1.756125e-07,-4.478191e-08,1.805459e-07,7.742542e-01,7.761290e-01,7.745155e-01,7.751839e-01
2.657500e-11,-4.315921e-09,1.601854e-07,-4.817814e-08,1.828831e-07,7.742534e-01,7.761417e-01,7.745120e-01,7.751977e-01
2.660000e-11,6.428021e-09,1.441932e-07,-5.106456e-08,1.847146e-07,7.742535e-01,7.761533e-01,7.745083e-01,7.752117e-01
2.662500e-11,1.712724e-08,1.277140e-07,-5.343942e-08,1.860314e-07,7.742544e-01,7.761636e-01,7.745043e-01,7.752257e-01
2.665000e-11,2.772471e-08,1.108277e-07,-5.530385e-08,1.868273e-07,7.742561e-01,7.761727e-01,7.745002e-01,7.752399e-01
2.667500e-11,3.816427e-08,9.361550e-08,-5.666176e-08,1.870990e-07,7.742586e-01,7.761804e-01,7.744959e-01,7.752541e-01
2.670000e-11,4.839090e-08,7.615949e-08,-5.751980e-08,1.868460e-07,7.742619e-01,7.761869e-01,7.744916e-01,7.752683e-01
2.672500e-11,5.835100e-08,5.854231e-08,-5.788723e-08,1.860707e-07,7.742659e-01,7.761920e-01,7.744872e-01,7.752824e-01
2.675000e-11,6.799267e-08,4.084674e-08,-5.777584e-08,1.847782e-07,7.742707e-01,7.761957e-01,7.744828e-01,7.752965e-01
2.677500e-11,7.726596e-08,2.315527e-08,-5.719984e-08,1.829763e-07,7.742763e-01,7.761982e-01,7.744785e-01,7.753105e-01
2.680000e-11,8.612316e-08,5.549782e-09,-5.617570e-08,1.806757e-07,7.742824e-01,7.761993e-01,7.744742e-01,7.753243e-01
2.682500e-11,9.451897e-08,-1.188892e-08,-5.472207e-08,1.778893e-07,7.742893e-01,7.761990e-01,7.744700e-01,7.753379e-01
2.685000e-11,1.024108e-07,-2.908143e-08,-5.285958e-08,1.746328e-07,7.742968e-01,7.761975e-01,7.744659e-01,7.753513e-01
2.687500e-11,1.097589e-07,-4.595012e-08,-5.061071e-08,1.709241e-07,7.743048e-01,7.761946e-01,7.744620e-01,7.753644e-01
2.690000e-11,1.165266e-07,-6.241948e-08,-4.799961e-08,1.667835e-07,7.743134e-01,7.761905e-01,7.744582e-01,7.753772e-01
2.692500e-11,1.226806e-07,-7.841649e-08,-4.505196e-08,1.622334e-07,7.743225e-01,7.761852e-01,7.744547e-01,7.753897e-01
2.695000e-11,1.281907e-07,-9.387093e-08,-4.179477e-08,1.572981e-07,7.743320e-01,7.761787e-01,7.744514e-01,7.754018e-01
2.697500e-11,1.330305e-07,-1.087157e-07,-3.825621e-08,1.520039e-07,7.743419e-01,7.761710e-01,7.744484e-01,7.754136e-01
2.700000e-11,1.371773e-07,-1.228871e-07,-3.446542e-08,1.463786e-07,7.743522e-01,7.761622e-01,7.744456e-01,7.754249e-01
2.702500e-11,1.406119e-07,-1.363251e-07,-3.045233e-08,1.404516e-07,7.743627e-01,7.761524e-01,7.744432e-01,7.754358e-01
2.705000e-11,1.433191e-07,-1.489737e-07,-2.624747e-08,1.342538e-07,7.743735e-01,7.761415e-01,7.744410e-01,7.754462e-01
2.707500e-11,1.452876e-07,-1.607809e-07,-2.188180e-08,1.278172e-07,7.743844e-01,7.761298e-01,7.744392e-01,7.754562e-01
2.710000e-11,1.465099e-07,-1.716994e-07,-1.738650e-08,1.211746e-07,7.743955e-01,7.761172e-01,7.744377e-01,7.754656e-01
2.712500e-11,1.469826e-07,-1.816860e-07,-1.279279e-08,1.143599e-07,7.744066e-01,7.761038e-01,7.744366e-01,7.754745e-01
2.715000e-11,1.467062e-07,-1.907028e-07,-8.131775e-09,1.074074e-07,7.744178e-01,7.760896e-01,7.744358e-01,7.754830e-01
2.717500e-11,1.456849e-07,-1.987164e-07,-3.434225e-09,1.003521e-07,7.744288e-01,7.760749e-01,7.744353e-01,7.754909e-01
2.720000e-11,1.439272e-07,-2.056985e-07,1.269561e-09,9.322898e-08,7.744398e-01,7.760595e-01,7.744353e-01,7.754982e-01
2.722500e-11,1.414450e-07,-2.116261e-07,5.949941e-09,8.607324e-08,7.744507e-01,7.760437e-01,7.744355e-01,7.755050e-01
2.725000e-11,1.382541e-07,-2.164811e-07,1.057808e-08,7.891991e-08,7.744613e-01,7.760275e-01,7.744362e-01,7.755113e-01
2.727500e-11,1.343738e-07,-2.202508e-07,1.512612e-08,7.180371e-08,7.744716e-01,7.760109e-01,7.744371e-01,7.755170e-01
2.730000e-11,1.298272e-07,-2.229277e-07,1.956730e-08,6.475889e-08,7.744816e-01,7.759941e-01,7.744384e-01,7.755222e-01
2.732500e-11,1.246404e-07,-2.245094e-07,2.387610e-08,5.781900e-08,7.744913e-01,7.759771e-01,7.744401e-01,7.755269e-01
2.735000e-11,1.188429e-07,-2.249990e-07,2.802840e-08,5.101678e-08,7.745005e-01,7.759600e-01,7.744421e-01,7.755310e-01
2.737500e-11,1.124670e-07,-2.244043e-07,3.200155e-08,4.438397e-08,7.745093e-01,7.759430e-01,7.744443e-01,7.755346e-01
2.740000e-11,1.055483e-07,-2.227385e-07,3.577449e-08,3.795113e-08,7.745176e-01,7.759260e-01,7.744469e-01,7.755377e-01
2.742500e-11,9.812462e-08,-2.200198e-07,3.932786e-08,3.174753e-08,7.745253e-01,7.759092e-01,7.744498e-01,7.755404e-01
2.745000e-11,9.023638e-08,-2.162708e-07,4.264409e-08,2.580097e-08,7.745324e-01,7.758927e-01,7.744529e-01,7.755426e-01
2.747500e-11,8.192620e-08,-2.115193e-07,4.570742e-08,2.013769e-08,7.745390e-01,7.758765e-01,7.744562e-01,7.755443e-01
2.750000e-11,7.323869e-08,-2.057972e-07,4.850403e-08,1.478221e-08,7.745449e-01,7.758606e-01,7.744598e-01,7.755457e-01
2.752500e-11,6.422018e-08,-1.991408e-07,5.102205e-08,9.757212e-09,7.745501e-01,7.758453e-01,7.744636e-01,7.755466e-01
2.755000e-11,5.491851e-08,-1.915907e-07,5.325158e-08,5.083491e-09,7.745546e-01,7.758304e-01,7.744675e-01,7.755472e-01
2.757500e-11,4.538274e-08,-1.831911e-07,5.518476e-08,7.798101e-10,7.745584e-01,7.758162e-01,7.744716e-01,7.755474e-01
2.760000e-11,3.566291e-08,-1.739901e-07,5.681574e-08,-3.137154e-09,7.745615e-01,7.758027e-01,7.744759e-01,7.755473e-01
2.762500e-11,2.580977e-08,-1.640387e-07,5.814071e-08,-6.652881e-09,7.745638e-01,7.757898e-01,7.744802e-01,7.755470e-01
2.765000e-11,1.587450e-08,-1.533916e-07,5.915786e-08,-9.755066e-09,7.745654e-01,7.757778e-01,7.744847e-01,7.755463e-01
2.767500e-11,5.908476e-09,-1.421057e-07,5.986737e-08,-1.243366e-08,7.745662e-01,7.757666e-01,7.744892e-01,7.755455e-01
2.770000e-11,-4.037015e-09,-1.302409e-07,6.027138e-08,-1.468089e-08,7.745663e-01,7.757563e-01,7.744938e-01,7.755445e-01
2.772500e-11,-1.391104e-08,-1.178589e-07,6.037394e-08,-1.649130e-08,7.745656e-01,7.757468e-01,7.744983e-01,7.755433e-01
2.775000e-11,-2.366329e-08,-1.050235e-07,6.018095e-08,-1.786174e-08,7.745642e-01,7.757384e-01,7.745029e-01,7.755420e-01
2.777500e-11,-3.324430e-08,-9.180002e-08,5.970007e-08,-1.879136e-08,7.745620e-01,7.757309e-01,7.745075e-01,7.755406e-01
2.780000e-11,-4.260574e-08,-7.825488e-08,5.894070e-08,-1.928159e-08,7.745591e-01,7.757245e-01,7.745120e-01,7.755392e-01
2.782500e-11,-5.170064e-08,-6.445550e-08,5.791384e-08,-1.933613e-08,7.745556e-01,7.757191e-01,7.745164e-01,7.755377e-01
2.785000e-11,-6.048361e-08,-5.046985e-08,5.663201e-08,-1.896087e-08,7.745513e-01,7.757147e-01,7.745207e-01,7.755363e-01
2.787500e-11,-6.891109e-08,-3.636609e-08,5.510918e-08,-1.816387e-08,7.745464e-01,7.757114e-01,7.745250e-01,7.755349e-01
2.790000e-11,-7.694155e-08,-2.221229e-08,5.336061e-08,-1.695528e-08,7.745409e-01,7.757092e-01,7.745291e-01,7.755336e-01
2.792500e-11,-8.453569e-08,-8.076115e-09,5.140277e-08,-1.534727e-08,7.745347e-01,7.757080e-01,7.745331e-01,7.755323e-01
2.795000e-11,-9.165664e-08,5.975556e-09,4.925319e-08,-1.335395e-08,7.745280e-01,7.757079e-01,7.745369e-01,7.755313e-01
2.797500e-11,-9.827012e-08,1.987689e-08,4.693040e-08,-1.099128e-08,7.745208e-01,7.757089e-01,7.745405e-01,7.755303e-01
2.800000e-11,-1.043446e-07,3.356343e-08,4.445370e-08,-8.276922e-09,7.745132e-01,7.757110e-01,7.745440e-01,7.755296e-01
2.802500e-11,-1.098516e-07,4.697240e-08,4.184310e-08,-5.230205e-09,7.745050e-01,7.757140e-01,7.745473e-01,7.755291e-01
2.805000e-11,-1.147653e-07,6.004296e-08,3.911919e-08,-1.871952e-09,7.744965e-01,7.757181e-01,7.745504e-01,7.755288e-01
2.807500e-11,-1.190635e-07,7.271651e-08,3.630294e-08,1.775627e-09,7.744876e-01,7.757231e-01,7.745532e-01,7.755289e-01
2.810000e-11,-1.227270e-07,8.493696e-08,3.341561e-08,5.689063e-09,7.744785e-01,7.757291e-01,7.745559e-01,7.755291e-01
2.812500e-11,-1.257400e-07,9.665093e-08,3.047863e-08,9.843772e-09,7.744690e-01,7.757360e-01,7.745583e-01,7.755297e-01
2.815000e-11,-1.280899e-07,1.078080e-07,2.751341e-08,1.421419e-08,7.744594e-01,7.757437e-01,7.745605e-01,7.755307e-01
2.817500e-11,-1.297678e-07,1.183611e-07,2.454123e-08,1.877390e-08,7.744496e-01,7.757523e-01,7.745625e-01,7.755319e-01
2.820000e-11,-1.307682e-07,1.282662e-07,2.158312e-08,2.349583e-08,7.744398e-01,7.757617e-01,7.745642e-01,7.755335e-01
2.822500e-11,-1.310891e-07,1.374831e-07,1.865973e-08,2.835233e-08,7.744298e-01,7.757717e-01,7.745658e-01,7.755355e-01
2.825000e-11,-1.307317e-07,1.459753e-07,1.579118e-08,3.331539e-08,7.744199e-01,7.757825e-01,7.745671e-01,7.755378e-01
2.827500e-11,-1.297010e-07,1.537101e-07,1.299695e-08,3.835674e-08,7.744100e-01,7.757939e-01,7.745682e-01,7.755406e-01
2.830000e-11,-1.280052e-07,1.606587e-07,1.029578e-08,4.344802e-08,7.744002e-01,7.758058e-01,7.745690e-01,7.755437e-01
2.832500e-11,-1.256560e-07,1.667966e-07,7.705548e-09,4.856093e-08,7.743906e-01,7.758182e-01,7.745697e-01,7.755472e-01
2.835000e-11,-1.226681e-07,1.721032e-07,5.243169e-09,5.366738e-08,7.743812e-01,7.758311e-01,7.745702e-01,7.755510e-01
2.837500e-11,-1.190595e-07,1.765624e-07,2.924495e-09,5.873962e-08,7.743720e-01,7.758443e-01,7.745705e-01,7.755553e-01
2.840000e-11,-1.148514e-07,1.801620e-07,7.642310e-10,6.375039e-08,7.743632e-01,7.758578e-01,7.745707e-01,7.755600e-01
2.842500e-11,-1.100677e-07,1.828944e-07,-1.224147e-09,6.867307e-08,7.743546e-01,7.758716e-01,7.745707e-01,7.755650e-01
2.845000e-11,-1.047353e-07,1.847560e-07,-3.028463e-09,7.348177e-08,7.743465e-01,7.758855e-01,7.745705e-01,7.755704e-01
2.847500e-11,-9.888349e-08,1.857477e-07,-4.637907e-09,7.815150e-08,7.743387e-01,7.758996e-01,7.745702e-01,7.755761e-01
2.850000e-11,-9.254431e-08,1.858743e-07,-6.043085e-09,8.265827e-08,7.743315e-01,7.759137e-01,7.745698e-01,7.755823e-01
2.852500e-11,-8.575195e-08,1.851449e-07,-7.236069e-09,8.697920e-08,7.743247e-01,7.759278e-01,7.745693e-01,7.755887e-01
2.855000e-11,-7.854277e-08,1.835726e-07,-8.210434e-09,9.109264e-08,7.743185e-01,7.759418e-01,7.745687e-01,7.755955e-01
2.857500e-11,-7.095501e-08,1.811745e-07,-8.961278e-09,9.497826e-08,7.743128e-01,7.759556e-01,7.745681e-01,7.756025e-01
2.860000e-11,-6.302868e-08,1.779713e-07,-9.485245e-09,9.861714e-08,7.743077e-01,7.759692e-01,7.745674e-01,7.756099e-01
2.862500e-11,-5.480525e-08,1.739875e-07,-9.780531e-09,1.019918e-07,7.743033e-01,7.759826e-01,7.745667e-01,7.756175e-01
2.865000e-11,-4.632750e-08,1.692511e-07,-9.846880e-09,1.050865e-07,7.742994e-01,7.759956e-01,7.745659e-01,7.756253e-01
2.867500e-11,-3.763927e-08,1.637935e-07,-9.685573e-09,1.078869e-07,7.742962e-01,7.760082e-01,7.745652e-01,7.756334e-01
2.870000e-11,-2.878523e-08,1.576492e-07,-9.299411e-09,1.103805e-07,7.742937e-01,7.760204e-01,7.745645e-01,7.756417e-01
2.872500e-11,-1.981066e-08,1.508555e-07,-8.692680e-09,1.125565e-07,7.742919e-01,7.760321e-01,7.745638e-01,7.756502e-01
2.875000e-11,-1.076120e-08,1.434526e-07,-7.871116e-09,1.144059e-07,7.742907e-01,7.760433e-01,7.745632e-01,7.756588e-01
2.877500e-11,-1.682644e-09,1.354832e-07,-6.841855e-09,1.159213e-07,7.742903e-01,7.760539e-01,7.745626e-01,7.756675e-01
2.880000e-11,7.379326e-09,1.269921e-07,-5.613380e-09,1.170974e-07,7.742905e-01,7.760638e-01,7.745621e-01,7.756764e-01
2.882500e-11,1.637934e-08,1.180264e-07,-4.195458e-09,1.179305e-07,7.742914e-01,7.760731e-01,7.745618e-01,7.756853e-01
2.885000e-11,2.527257e-08,1.086348e-07,-2.599069e-09,1.184188e-07,7.742930e-01,7.760817e-01,7.745615e-01,7.756943e-01
2.887500e-11,3.401499e-08,9.886756e-08,-8.363279e-10,1.185623e-07,7.742952e-01,7.760896e-01,7.745614e-01,7.757033e-01
2.890000e-11,4.256354e-08,8.877614e-08,1.079597e-09,1.183628e-07,7.742981e-01,7.760967e-01,7.745614e-01,7.757122e-01
2.892500e-11,5.087638e-08,7.841308e-08,3.134575e-09,1.178238e-07,7.743017e-01,7.761031e-01,7.745616e-01,7.757212e-01
2.895000e-11,5.891306e-08,6.783160e-08,5.313606e-09,1.169505e-07,7.743058e-01,7.761086e-01,7.745619e-01,7.757301e-01
2.897500e-11,6.663476e-08,5.708538e-08,7.600918e-09,1.157499e-07,7.743106e-01,7.761134e-01,7.745624e-01,7.757390e-01
2.900000e-11,7.400442e-08,4.622831e-08,9.980075e-09,1.142303e-07,7.743159e-01,7.761173e-01,7.745630e-01,7.757477e-01
2.902500e-11,8.098698e-08,3.531416e-08,1.243408e-08,1.124020e-07,7.743218e-01,7.761204e-01,7.745639e-01,7.757563e-01
2.905000e-11,8.754948e-08,2.439640e-08,1.494548e-08,1.102763e-07,7.743282e-01,7.761227e-01,7.745649e-01,7.757647e-01
2.907500e-11,9.366127e-08,1.352787e-08,1.749649e-08,1.078662e-07,7.743351e-01,7.761241e-01,7.745662e-01,7.757730e-01
2.910000e-11,9.929410e-08,2.760580e-09,2.006909e-08,1.051859e-07,7.743424e-01,7.761247e-01,7.745676e-01,7.757811e-01
2.912500e-11,1.044223e-07,-7.854575e-09,2.264515e-08,1.022509e-07,7.743501e-01,7.761245e-01,7.745692e-01,7.757890e-01
2.915000e-11,1.090229e-07,-1.826803e-08,2.520653e-08,9.907759e-08,7.743582e-01,7.761235e-01,7.745710e-01,7.757966e-01
2.917500e-11,1.130755e-07,-2.843178e-08,2.773522e-08,9.568370e-08,7.743666e-01,7.761218e-01,7.745731e-01,7.758040e-01
2.920000e-11,1.165629e-07,-3.829962e-08,3.021340e-08,9.208768e-08,7.743753e-01,7.761192e-01,7.745753e-01,7.758111e-01
2.922500e-11,1.194706e-07,-4.782733e-08,3.262360e-08,8.830884e-08,7.743843e-01,7.761160e-01,7.745776e-01,7.758180e-01
2.925000e-11,1.217870e-07,-5.697286e-08,3.494881e-08,8.436719e-08,7.743935e-01,7.761120e-01,7.745802e-01,7.758245e-01
2.927500e-11,1.235037e-07,-6.569656e-08,3.717251e-08,8.028335e-08,7.744028e-01,7.761074e-01,7.745829e-01,7.758308e-01
2.930000e-11,1.246153e-07,-7.396131e-08,3.927888e-08,7.607837e-08,7.744122e-01,7.761021e-01,7.745858e-01,7.758367e-01
2.932500e-11,1.251194e-07,-8.173267e-08,4.125279e-08,7.177369e-08,7.744216e-01,7.760962e-01,7.745889e-01,7.758423e-01
2.935000e-11,1.250167e-07,-8.897904e-08,4.307996e-08,6.739099e-08,7.744311e-01,7.760897e-01,7.745921e-01,7.758476e-01
2.937500e-11,1.243108e-07,-9.567179e-08,4.474701e-08,6.295206e-08,7.744406e-01,7.760827e-01,7.745954e-01,7.758526e-01
2.940000e-11,1.230085e-07,-1.017853e-07,4.624157e-08,5.847872e-08,7.744500e-01,7.760752e-01,7.745989e-01,7.758572e-01
2.942500e-11,1.211195e-07,-1.072973e-07,4.755233e-08,5.399268e-08,7.744592e-01,7.760673e-01,7.746024e-01,7.758615e-01
2.945000e-11,1.186561e-07,-1.121884e-07,4.866910e-08,4.951544e-08,7.744683e-01,7.760589e-01,7.746061e-01,7.758654e-01
2.947500e-11,1.156337e-07,-1.164429e-07,4.958289e-08,4.506816e-08,7.744772e-01,7.760503e-01,7.746098e-01,7.758690e-01
2.950000e-11,1.120703e-07,-1.200481e-07,5.028596e-08,4.067160e-08,7.744859e-01,7.760413e-01,7.746136e-01,7.758722e-01
2.952500e-11,1.079864e-07,-1.229949e-07,5.077185e-08,3.634596e-08,7.744942e-01,7.760321e-01,7.746174e-01,7.758752e-01
2.955000e-11,1.034050e-07,-1.252774e-07,5.103542e-08,3.211084e-08,7.745022e-01,7.760227e-01,7.746213e-01,7.758778e-01
2.957500e-11,9.835169e-08,-1.268931e-07,5.107290e-08,2.798510e-08,7.745099e-01,7.760131e-01,7.746252e-01,7.758801e-01
2.960000e-11,9.285389e-08,-1.278429e-07,5.088188e-08,2.398680e-08,7.745171e-01,7.760034e-01,7.746291e-01,7.758820e-01
2.962500e-11,8.694127e-08,-1.281308e-07,5.046136e-08,2.013309e-08,7.745240e-01,7.759937e-01,7.746329e-01,7.758837e-01
2.965000e-11,8.064535e-08,-1.277643e-07,4.981172e-08,1.644017e-08,7.745303e-01,7.759840e-01,7.746367e-01,7.758851e-01
2.967500e-11,7.399938e-08,-1.267539e-07,4.893471e-08,1.292319e-08,7.745362e-01,7.759744e-01,7.746404e-01,7.758862e-01
2.970000e-11,6.703813e-08,-1.251131e-07,4.783349e-08,9.596177e-09,7.745415e-01,7.759648e-01,7.746441e-01,7.758871e-01
2.972500e-11,5.979774e-08,-1.228584e-07,4.651256e-08,6.472024e-09,7.745463e-01,7.759554e-01,7.746477e-01,7.758877e-01
2.975000e-11,5.231551e-08,-1.200092e-07,4.497775e-08,3.562389e-09,7.745506e-01,7.759462e-01,7.746512e-01,7.758881e-01
2.977500e-11,4.462972e-08,-1.165877e-07,4.323620e-08,8.776753e-10,7.745543e-01,7.759372e-01,7.746545e-01,7.758882e-01
2.980000e-11,3.677943e-08,-1.126184e-07,4.129628e-08,-1.573010e-09,7.745574e-01,7.759285e-01,7.746577e-01,7.758882e-01
2.982500e-11,2.880428e-08,-1.081284e-07,3.916757e-08,-3.781886e-09,7.745598e-01,7.759201e-01,7.746608e-01,7.758880e-01
2.985000e-11,2.074428e-08,-1.031471e-07,3.686081e-08,-5.742518e-09,7.745617e-01,7.759121e-01,7.746637e-01,7.758877e-01
2.987500e-11,1.263962e-08,-9.770591e-08,3.438781e-08,-7.449836e-09,7.745630e-01,7.759045e-01,7.746664e-01,7.758872e-01
2.990000e-11,4.530445e-09,-9.183811e-08,3.176139e-08,-8.900138e-09,7.745636e-01,7.758973e-01,7.746689e-01,7.758866e-01
2.992500e-11,-3.543297e-09,-8.557874e-08,2.899531e-08,-1.009109e-08,7.745637e-01,7.758906e-01,7.746712e-01,7.758858e-01
2.995000e-11,-1.154210e-08,-7.896433e-08,2.610419e-08,-1.102173e-08,7.745631e-01,7.758843e-01,7.746733e-01,7.758850e-01
2.997500e-11,-1.942708e-08,-7.203275e-08,2.310342e-08,-1.169243e-08,7.745619e-01,7.758786e-01,7.746751e-01,7.758842e-01
3.000000e-11,-2.716016e-08,-6.482295e-08,2.000909e-08,-1.210489e-08,7.745602e-01,7.758734e-01,7.746768e-01,7.758833e-01
3.002500e-11,-3.470424e-08,-5.737481e-08,1.683786e-08,-1.226213e-08,7.745578e-01,7.758688e-01,7.746782e-01,7.758824e-01
3.005000e-11,-4.202342e-08,-4.972888e-08,1.360690e-08,-1.216841e-08,7.745549e-01,7.758647e-01,7.746793e-01,7.758814e-01
3.007500e-11,-4.908311e-08,-4.192619e-08,1.033375e-08,-1.182922e-08,7.745515e-01,7.758612e-01,7.746802e-01,7.758805e-01
3.010000e-11,-5.585025e-08,-3.400805e-08,7.036295e-09,-1.125124e-08,7.745475e-01,7.758584e-01,7.746809e-01,7.758797e-01
3.012500e-11,-6.229344e-08,-2.601579e-08,3.732565e-09,-1.044227e-08,7.745430e-01,7.758561e-01,7.746813e-01,7.758788e-01
3.015000e-11,-6.838307e-08,-1.799062e-08,4.407056e-10,-9.411157e-09,7.745380e-01,7.758544e-01,7.746815e-01,7.758781e-01
3.017500e-11,-7.409148e-08,-9.973384e-09,-2.821157e-09,-8.167787e-09,7.745326e-01,7.758533e-01,7.746814e-01,7.758774e-01
3.020000e-11,-7.939308e-08,-2.004350e-09,-6.035012e-09,-6.722968e-09,7.745268e-01,7.758529e-01,7.746810e-01,7.758769e-01
3.022500e-11,-8.426445e-08,5.876960e-09,-9.183065e-09,-5.088380e-09,7.745206e-01,7.758530e-01,7.746805e-01,7.758764e-01
3.025000e-11,-8.868447e-08,1.363198e-08,-1.224784e-08,-3.276500e-09,7.745140e-01,7.758538e-01,7.746796e-01,7.758761e-01
3.027500e-11,-9.263437e-08,2.122326e-08,-1.521229e-08,-1.300521e-09,7.745072e-01,7.758551e-01,7.746786e-01,7.758759e-01
3.030000e-11,-9.609784e-08,2.861469e-08,-1.805986e-08,8.257243e-10,7.745000e-01,7.758570e-01,7.746773e-01,7.758759e-01
3.032500e-11,-9.906108e-08,3.577159e-08,-2.077461e-08,3.087848e-09,7.744926e-01,7.758594e-01,7.746759e-01,7.758761e-01
3.035000e-11,-1.015129e-07,4.266095e-08,-2.334132e-08,5.470990e-09,7.744850e-01,7.758624e-01,7.746742e-01,7.758764e-01
3.037500e-11,-1.034445e-07,4.925152e-08,-2.574552e-08,7.959903e-09,7.744772e-01,7.758659e-01,7.746723e-01,7.758769e-01
3.040000e-11,-1.048501e-07,5.551398e-08,-2.797362e-08,1.053904e-08,7.744693e-01,7.758699e-01,7.746703e-01,7.758776e-01
3.042500e-11,-1.057262e-07,6.142103e-08,-3.001297e-08,1.319263e-08,7.744613e-01,7.758743e-01,7.746681e-01,7.758785e-01
3.045000e-11,-1.060722e-07,6.694754e-08,-3.185192e-08,1.590479e-08,7.744533e-01,7.758792e-01,7.746658e-01,7.758796e-01
3.047500e-11,-1.058898e-07,7.207064e-08,-3.347989e-08,1.865958e-08,7.744453e-01,7.758844e-01,7.746633e-01,7.758809e-01
3.050000e-11,-1.051837e-07,7.676981e-08,-3.488746e-08,2.144111e-08,7.744373e-01,7.758901e-01,7.746607e-01,7.758825e-01
3.052500e-11,-1.039609e-07,8.102693e-08,-3.606637e-08,2.423361e-08,7.744293e-01,7.758961e-01,7.746580e-01,7.758842e-01
3.055000e-11,-1.022309e-07,8.482638e-08,-3.700960e-08,2.702151e-08,7.744215e-01,7.759024e-01,7.746552e-01,7.758862e-01
3.057500e-11,-1.000057e-07,8.815507e-08,-3.771141e-08,2.978954e-08,7.744138e-01,7.759089e-01,7.746524e-01,7.758883e-01
3.060000e-11,-9.729970e-08,9.100249e-08,-3.816735e-08,3.252277e-08,7.744063e-01,7.759157e-01,7.746495e-01,7.758907e-01
3.062500e-11,-9.412953e-08,9.336070e-08,-3.837429e-08,3.520672e-08,7.743991e-01,7.759227e-01,7.746466e-01,7.758932e-01
3.065000e-11,-9.051401e-08,9.522437e-08,-3.833047e-08,3.782741e-08,7.743921e-01,7.759299e-01,7.746437e-01,7.758960e-01
3.067500e-11,-8.647399e-08,9.659079e-08,-3.803545e-08,4.037142e-08,7.743854e-01,7.759371e-01,7.746408e-01,7.758990e-01
3.070000e-11,-8.203232e-08,9.745979e-08,-3.749017e-08,4.282596e-08,7.743790e-01,7.759445e-01,7.746379e-01,7.759021e-01
3.072500e-11,-7.721364e-08,9.783376e-08,-3.669691e-08,4.517894e-08,7.743729e-01,7.759519e-01,7.746351e-01,7.759055e-01
3.075000e-11,-7.204429e-08,9.771761e-08,-3.565930e-08,4.741900e-08,7.743673e-01,7.759593e-01,7.746324e-01,7.759090e-01
3.077500e-11,-6.655214e-08,9.711868e-08,-3.438226e-08,4.953559e-08,7.743620e-01,7.759667e-01,7.746297e-01,7.759127e-01
3.080000e-11,-6.076647e-08,9.604670e-08,-3.287203e-08,5.151895e-08,7.743572e-01,7.759740e-01,7.746272e-01,7.759165e-01
3.082500e-11,-5.471780e-08,9.451370e-08,-3.113610e-08,5.336024e-08,7.743528e-01,7.759813e-01,7.746247e-01,7.759205e-01
3.085000e-11,-4.843771e-08,9.253392e-08,-2.918315e-08,5.505149e-08,7.743489e-01,7.759884e-01,7.746225e-01,7.759246e-01
3.087500e-11,-4.195872e-08,9.012371e-08,-2.702307e-08,5.658566e-08,7.743455e-01,7.759953e-01,7.746203e-01,7.759289e-01
3.090000e-11,-3.531407e-08,8.730143e-08,-2.466683e-08,5.795668e-08,7.743425e-01,7.760020e-01,7.746184e-01,7.759332e-01
3.092500e-11,-2.853760e-08,8.408731e-08,-2.212647e-08,5.915944e-08,7.743401e-01,7.760085e-01,7.746166e-01,7.759376e-01
3.095000e-11,-2.166354e-08,8.050334e-08,-1.941502e-08,6.018982e-08,7.743382e-01,7.760148e-01,7.746150e-01,7.759422e-01
3.097500e-11,-1.472635e-08,7.657314e-08,-1.654641e-08,6.104466e-08,7.743368e-01,7.760207e-01,7.746137e-01,7.759468e-01
3.100000e-11,-7.760561e-09,7.232181e-08,-1.353545e-08,6.172181e-08,7.743360e-01,7.760264e-01,7.746125e-01,7.759514e-01
3.102500e-11,-8.005836e-10,6.777575e-08,-1.039768e-08,6.222009e-08,7.743356e-01,7.760317e-01,7.746116e-01,7.759561e-01
3.105000e-11,6.119454e-09,6.296259e-08,-7.149338e-09,6.253930e-08,7.743358e-01,7.760367e-01,7.746109e-01,7.759609e-01
3.107500e-11,1.296587e-08,5.791094e-08,-3.807243e-09,6.268019e-08,7.743366e-01,7.760412e-01,7.746105e-01,7.759656e-01
3.110000e-11,1.970561e-08,5.265029e-08,-3.887258e-10,6.264444e-08,7.743378e-01,7.760454e-01,7.746104e-01,7.759704e-01
3.112500e-11,2.630637e-08,4.721084e-08,3.088477e-09,6.243464e-08,7.743395e-01,7.760492e-01,7.746105e-01,7.759751e-01
3.115000e-11,3.273678e-08,4.162329e-08,6.606313e-09,6.205426e-08,7.743418e-01,7.760526e-01,7.746109e-01,7.759799e-01
3.117500e-11,3.896656e-08,3.591875e-08,1.014651e-08,6.150764e-08,7.743445e-01,7.760555e-01,7.746115e-01,7.759845e-01
3.120000e-11,4.496663e-08,3.012849e-08,1.369068e-08,6.079990e-08,7.743477e-01,7.760580e-01,7.746124e-01,7.759892e-01
3.122500e-11,5.070928e-08,2.428386e-08,1.722041e-08,5.993693e-08,7.743513e-01,7.760601e-01,7.746136e-01,7.759938e-01
3.125000e-11,5.616826e-08,1.841607e-08,2.071735e-08,5.892536e-08,7.743554e-01,7.760617e-01,7.746150e-01,7.759983e-01
3.127500e-11,6.131893e-08,1.255602e-08,2.416332e-08,5.777248e-08,7.743598e-01,7.760629e-01,7.746167e-01,7.760027e-01
3.130000e-11,6.613835e-08,6.734207e-09,2.754044e-08,5.648621e-08,7.743647e-01,7.760636e-01,7.746187e-01,7.760070e-01
3.132500e-11,7.060540e-08,9.805073e-10,3.083115e-08,5.507504e-08,7.743698e-01,7.760639e-01,7.746209e-01,7.760113e-01
3.135000e-11,7.470086e-08,-4.675936e-09,3.401836e-08,5.354796e-08,7.743754e-01,7.760638e-01,7.746234e-01,7.760154e-01
3.137500e-11,7.840748e-08,-1.020687e-08,3.708553e-08,5.191443e-08,7.743812e-01,7.760632e-01,7.746260e-01,7.760194e-01
3.140000e-11,8.171008e-08,-1.558506e-08,4.001672e-08,5.018430e-08,7.743872e-01,7.760623e-01,7.746290e-01,7.760233e-01
3.142500e-11,8.459555e-08,-2.078443e-08,4.279674e-08,4.836777e-08,7.743936e-01,7.760609e-01,7.746321e-01,7.760270e-01
3.145000e-11,8.705299e-08,-2.578017e-08,4.541117e-08,4.647530e-08,7.744001e-01,7.760591e-01,7.746355e-01,7.760306e-01
3.147500e-11,8.907366e-08,-3.054886e-08,4.784644e-08,4.451756e-08,7.744067e-01,7.760570e-01,7.746390e-01,7.760341e-01
3.150000e-11,9.065106e-08,-3.506858e-08,5.008994e-08,4.250539e-08,7.744136e-01,7.760545e-01,7.746427e-01,7.760374e-01
3.152500e-11,9.178091e-08,-3.931899e-08,5.213004e-08,4.044970e-08,7.744205e-01,7.760517e-01,7.746466e-01,7.760405e-01
3.155000e-11,9.246120e-08,-4.328144e-08,5.395619e-08,3.836144e-08,7.744275e-01,7.760485e-01,7.746506e-01,7.760435e-01
3.157500e-11,9.269211e-08,-4.693902e-08,5.555891e-08,3.625153e-08,7.744345e-01,7.760451e-01,7.746548e-01,7.760464e-01
3.160000e-11,9.247608e-08,-5.027666e-08,5.692993e-08,3.413079e-08,7.744415e-01,7.760414e-01,7.746590e-01,7.760490e-01
3.162500e-11,9.181771e-08,-5.328113e-08,5.806213e-08,3.200990e-08,7.744485e-01,7.760375e-01,7.746634e-01,7.760515e-01
3.165000e-11,9.072375e-08,-5.594118e-08,5.894966e-08,2.989935e-08,7.744554e-01,7.760334e-01,7.746679e-01,7.760539e-01
3.167500e-11,8.920303e-08,-5.824749e-08,5.958792e-08,2.780933e-08,7.744623e-01,7.760290e-01,7.746723e-01,7.760561e-01
3.170000e-11,8.726644e-08,-6.019271e-08,5.997357e-08,2.574978e-08,7.744690e-01,7.760245e-01,7.746769e-01,7.760581e-01
3.172500e-11,8.492682e-08,-6.177154e-08,6.010461e-08,2.373023e-08,7.744755e-01,7.760199e-01,7.746814e-01,7.760600e-01
3.175000e-11,8.219889e-08,-6.298064e-08,5.998030e-08,2.175984e-08,7.744818e-01,7.760152e-01,7.746860e-01,7.760617e-01
3.177500e-11,7.909918e-08,-6.381870e-08,5.960125e-08,1.984731e-08,7.744880e-01,7.760104e-01,7.746905e-01,7.760633e-01
3.180000e-11,7.564591e-08,-6.428636e-08,5.896934e-08,1.800087e-08,7.744938e-01,7.760055e-01,7.746950e-01,7.760648e-01
3.182500e-11,7.185888e-08,-6.438626e-08,5.808773e-08,1.622820e-08,7.744994e-01,7.760006e-01,7.746995e-01,7.760661e-01
3.185000e-11,6.775941e-08,-6.412291e-08,5.696088e-08,1.453645e-08,7.745047e-01,7.759958e-01,7.747038e-01,7.760672e-01
3.187500e-11,6.337017e-08,-6.350272e-08,5.559447e-08,1.293218e-08,7.745097e-01,7.759909e-01,7.747081e-01,7.760683e-01
3.190000e-11,5.871506e-08,-6.253392e-08,5.399539e-08,1.142134e-08,7.745143e-01,7.759861e-01,7.747123e-01,7.760692e-01
3.192500e-11,5.381912e-08,-6.122647e-08,5.217169e-08,1.000925e-08,7.745186e-01,7.759814e-01,7.747163e-01,7.760700e-01
3.195000e-11,4.870835e-08,-5.959202e-08,5.013258e-08,8.700586e-09,7.745225e-01,7.759769e-01,7.747202e-01,7.760707e-01
3.197500e-11,4.340960e-08,-5.764380e-08,4.788829e-08,7.499352e-09,7.745260e-01,7.759724e-01,7.747239e-01,7.760713e-01
3.200000e-11,3.795044e-08,-5.539659e-08,4.545013e-08,6.408889e-09,7.745291e-01,7.759681e-01,7.747274e-01,7.760719e-01
3.202500e-11,3.235898e-08,-5.286652e-08,4.283032e-08,5.431862e-09,7.745317e-01,7.759640e-01,7.747308e-01,7.760723e-01
3.205000e-11,2.666377e-08,-5.007108e-08,4.004199e-08,4.570252e-09,7.745340e-01,7.759601e-01,7.747339e-01,7.760727e-01
3.207500e-11,2.089361e-08,-4.702893e-08,3.709910e-08,3.825366e-09,7.745358e-01,7.759564e-01,7.747369e-01,7.760730e-01
3.210000e-11,1.507744e-08,-4.375983e-08,3.401634e-08,3.197839e-09,7.745371e-01,7.759530e-01,7.747396e-01,7.760733e-01
3.212500e-11,9.244196e-09,-4.028452e-08,3.080910e-08,2.687643e-09,7.745381e-01,7.759498e-01,7.747420e-01,7.760735e-01
3.215000e-11,3.422629e-09,-3.662457e-08,2.749332e-08,2.294103e-09,7.745385e-01,7.759469e-01,7.747442e-01,7.760737e-01
3.217500e-11,-2.358795e-09,-3.280228e-08,2.408547e-08,2.015910e-09,7.745386e-01,7.759443e-01,7.747462e-01,7.760739e-01
3.220000e-11,-8.072053e-09,-2.884057e-08,2.060244e-08,1.851143e-09,7.745382e-01,7.759419e-01,7.747479e-01,7.760740e-01
3.222500e-11,-1.368970e-08,-2.476279e-08,1.706145e-08,1.797288e-09,7.745374e-01,7.759399e-01,7.747493e-01,7.760742e-01
3.225000e-11,-1.918499e-08,-2.059267e-08,1.347995e-08,1.851271e-09,7.745361e-01,7.759382e-01,7.747505e-01,7.760743e-01
3.227500e-11,-2.453202e-08,-1.635411e-08,9.875560e-09,2.009478e-09,7.745345e-01,7.759368e-01,7.747514e-01,7.760745e-01
3.230000e-11,-2.970583e-08,-1.207112e-08,6.265948e-09,2.267792e-09,7.745324e-01,7.759357e-01,7.747520e-01,7.760746e-01
3.232500e-11,-3.468255e-08,-7.767647e-09,2.668763e-09,2.621624e-09,7.745300e-01,7.759349e-01,7.747523e-01,7.760748e-01
3.235000e-11,-3.943947e-08,-3.467463e-09,-8.984674e-10,3.065948e-09,7.745271e-01,7.759345e-01,7.747524e-01,7.760750e-01
3.237500e-11,-4.395516e-08,8.059609e-10,-4.418424e-09,3.595339e-09,7.745240e-01,7.759344e-01,7.747522e-01,7.760753e-01
3.240000e-11,-4.820959e-08,5.029578e-09,-7.874082e-09,4.204013e-09,7.745205e-01,7.759346e-01,7.747517e-01,7.760756e-01
3.242500e-11,-5.218418e-08,9.180882e-09,-1.124880e-08,4.885864e-09,7.745167e-01,7.759352e-01,7.747510e-01,7.760759e-01
3.245000e-11,-5.586189e-08,1.323802e-08,-1.452639e-08,5.634509e-09,7.745126e-01,7.759360e-01,7.747500e-01,7.760763e-01
3.247500e-11,-5.922731e-08,1.717992e-08,-1.769122e-08,6.443327e-09,7.745082e-01,7.759372e-01,7.747488e-01,7.760768e-01
3.250000e-11,-6.226670e-08,2.098636e-08,-2.072827e-08,7.305504e-09,7.745036e-01,7.759386e-01,7.747473e-01,7.760773e-01
3.252500e-11,-6.496806e-08,2.463809e-08,-2.362323e-08,8.214075e-09,7.744988e-01,7.759403e-01,7.747456e-01,7.760779e-01
3.255000e-11,-6.732116e-08,2.811693e-08,-2.636255e-08,9.161968e-09,7.744938e-01,7.759423e-01,7.747438e-01,7.760786e-01
3.257500e-11,-6.931758e-08,3.140584e-08,-2.893349e-08,1.014205e-08,7.744886e-01,7.759446e-01,7.747417e-01,7.760793e-01
3.260000e-11,-7.095075e-08,3.448901e-08,-3.132424e-08,1.114715e-08,7.744833e-01,7.759471e-01,7.747394e-01,7.760801e-01
3.262500e-11,-7.221595e-08,3.735193e-08,-3.352391e-08,1.217014e-08,7.744778e-01,7.759498e-01,7.747369e-01,7.760810e-01
3.265000e-11,-7.311031e-08,3.998143e-08,-3.552262e-08,1.320394e-08,7.744723e-01,7.759528e-01,7.747343e-01,7.760820e-01
3.267500e-11,-7.363285e-08,4.236577e-08,-3.731153e-08,1.424158e-08,7.744668e-01,7.759559e-01,7.747315e-01,7.760830e-01
3.270000e-11,-7.378442e-08,4.449469e-08,-3.888290e-08,1.527621e-08,7.744612e-01,7.759592e-01,7.747286e-01,7.760841e-01
3.272500e-11,-7.356769e-08,4.635939e-08,-4.023010e-08,1.630119e-08,7.744556e-01,7.759626e-01,7.747256e-01,7.760853e-01
3.275000e-11,-7.298714e-08,4.795266e-08,-4.134763e-08,1.731005e-08,7.744500e-01,7.759662e-01,7.747225e-01,7.760866e-01
3.277500e-11,-7.204903e-08,4.926879e-08,-4.223120e-08,1.829661e-08,7.744445e-01,7.759699e-01,7.747194e-01,7.760880e-01
3.280000e-11,-7.076129e-08,5.030368e-08,-4.287769e-08,1.925494e-08,7.744391e-01,7.759737e-01,7.747161e-01,7.760894e-01
3.282500e-11,-6.913355e-08,5.105480e-08,-4.328515e-08,2.017942e-08,7.744338e-01,7.759775e-01,7.747129e-01,7.760909e-01
3.285000e-11,-6.717702e-08,5.152117e-08,-4.345288e-08,2.106478e-08,7.744286e-01,7.759814e-01,7.747096e-01,7.760924e-01
3.287500e-11,-6.490444e-08,5.170339e-08,-4.338134e-08,2.190608e-08,7.744236e-01,7.759853e-01,7.747063e-01,7.760941e-01
3.290000e-11,-6.233000e-08,5.160361e-08,-4.307220e-08,2.269879e-08,7.744188e-01,7.759892e-01,7.747030e-01,7.760958e-01
3.292500e-11,-5.946926e-08,5.122547e-08,-4.252830e-08,2.343876e-08,7.744142e-01,7.759931e-01,7.746998e-01,7.760975e-01
3.295000e-11,-5.633904e-08,5.057410e-08,-4.175365e-08,2.412227e-08,7.744098e-01,7.759970e-01,7.746966e-01,7.760993e-01
3.297500e-11,-5.295738e-08,4.965607e-08,-4.075337e-08,2.474603e-08,7.744056e-01,7.760008e-01,7.746934e-01,7.761012e-01
3.300000e-11,-4.934336e-08,4.847933e-08,-3.953368e-08,2.530716e-08,7.744017e-01,7.760045e-01,7.746904e-01,7.761031e-01
3.302500e-11,-4.551705e-08,4.705316e-08,-3.810188e-08,2.580328e-08,7.743981e-01,7.760081e-01,7.746875e-01,7.761050e-01
3.305000e-11,-4.149941e-08,4.538810e-08,-3.646627e-08,2.623243e-08,7.743948e-01,7.760116e-01,7.746846e-01,7.761070e-01
3.307500e-11,-3.731212e-08,4.349589e-08,-3.463614e-08,2.659311e-08,7.743918e-01,7.760150e-01,7.746819e-01,7.761090e-01
3.310000e-11,-3.297753e-08,4.138938e-08,-3.262167e-08,2.688430e-08,7.743892e-01,7.760182e-01,7.746794e-01,7.761110e-01
3.312500e-11,-2.851850e-08,3.908247e-08,-3.043392e-08,2.710541e-08,7.743868e-01,7.760213e-01,7.746770e-01,7.761131e-01
3.315000e-11,-2.395829e-08,3.659000e-08,-2.808477e-08,2.725631e-08,7.743849e-01,7.760242e-01,7.746748e-01,7.761151e-01
3.317500e-11,-1.932046e-08,3.392768e-08,-2.558681e-08,2.733730e-08,7.743832e-01,7.760268e-01,7.746727e-01,7.761172e-01
3.320000e-11,-1.462873e-08,3.111199e-08,-2.295330e-08,2.734913e-08,7.743819e-01,7.760293e-01,7.746709e-01,7.761193e-01
3.322500e-11,-9.906860e-09,2.816008e-08,-2.019813e-08,2.729295e-08,7.743810e-01,7.760315e-01,7.746693e-01,7.761214e-01
3.325000e-11,-5.178539e-09,2.508967e-08,-1.733568e-08,2.717031e-08,7.743804e-01,7.760336e-01,7.746678e-01,7.761234e-01
3.327500e-11,-4.672690e-10,2.191896e-08,-1.438079e-08,2.698317e-08,7.743802e-01,7.760354e-01,7.746666e-01,7.761255e-01
3.330000e-11,4.203756e-09,1.866650e-08,-1.134869e-08,2.673381e-08,7.743803e-01,7.760369e-01,7.746656e-01,7.761275e-01
3.332500e-11,8.811762e-09,1.535113e-08,-8.254891e-09,2.642489e-08,7.743808e-01,7.760382e-01,7.746649e-01,7.761295e-01
3.335000e-11,1.333450e-08,1.199184e-08,-5.115112e-09,2.605937e-08,7.743817e-01,7.760392e-01,7.746644e-01,7.761315e-01
3.337500e-11,1.775037e-08,8.607655e-09,-1.945215e-09,2.564053e-08,7.743829e-01,7.760400e-01,7.746641e-01,7.761335e-01
3.340000e-11,2.203848e-08,5.217581e-09,1.238892e-09,2.517188e-08,7.743844e-01,7.760405e-01,7.746641e-01,7.761354e-01
3.342500e-11,2.617880e-08,1.840459e-09,4.421323e-09,2.465719e-08,7.743862e-01,7.760408e-01,7.746643e-01,7.761373e-01
3.345000e-11,3.015222e-08,-1.505120e-09,7.586305e-09,2.410047e-08,7.743883e-01,7.760408e-01,7.746648e-01,7.761392e-01
3.347500e-11,3.394063e-08,-4.800911e-09,1.071825e-08,2.350586e-08,7.743908e-01,7.760406e-01,7.746655e-01,7.761410e-01
3.350000e-11,3.752703e-08,-8.029117e-09,1.380183e-08,2.287770e-08,7.743935e-01,7.760401e-01,7.746664e-01,7.761427e-01
3.352500e-11,4.089558e-08,-1.117248e-08,1.682207e-08,2.222044e-08,7.743964e-01,7.760394e-01,7.746676e-01,7.761444e-01
3.355000e-11,4.403168e-08,-1.421436e-08,1.976439e-08,2.153862e-08,7.743997e-01,7.760384e-01,7.746690e-01,7.761461e-01
3.357500e-11,4.692203e-08,-1.713883e-08,2.261471e-08,2.083684e-08,7.744031e-01,7.760372e-01,7.746706e-01,7.761477e-01
3.360000e-11,4.955469e-08,-1.993077e-08,2.535949e-08,2.011973e-08,7.744068e-01,7.760358e-01,7.746724e-01,7.761493e-01
3.362500e-11,5.191909e-08,-2.257589e-08,2.798582e-08,1.939195e-08,7.744106e-01,7.760342e-01,7.746744e-01,7.761508e-01
3.365000e-11,5.400614e-08,-2.506087e-08,3.048144e-08,1.865810e-08,7.744146e-01,7.760324e-01,7.746766e-01,7.761522e-01
3.367500e-11,5.580820e-08,-2.737336e-08,3.283485e-08,1.792274e-08,7.744188e-01,7.760304e-01,7.746790e-01,7.761536e-01
3.370000e-11,5.731911e-08,-2.950209e-08,3.503534e-08,1.719035e-08,7.744231e-01,7.760282e-01,7.746816e-01,7.761549e-01
3.372500e-11,5.853425e-08,-3.143687e-08,3.707302e-08,1.646529e-08,7.744275e-01,7.760259e-01,7.746843e-01,7.761562e-01
3.375000e-11,5.945052e-08,-3.316868e-08,3.893889e-08,1.575177e-08,7.744320e-01,7.760235e-01,7.746872e-01,7.761574e-01
3.377500e-11,6.006632e-08,-3.468970e-08,4.062485e-08,1.505387e-08,7.744365e-01,7.760209e-01,7.746902e-01,7.761586e-01
3.380000e-11,6.038158e-08,-3.599332e-08,4.212379e-08,1.437546e-08,7.744411e-01,7.760182e-01,7.746934e-01,7.761597e-01
3.382500e-11,6.039773e-08,-3.707417e-08,4.342956e-08,1.372022e-08,7.744457e-01,7.760154e-01,7.746966e-01,7.761608e-01
3.385000e-11,6.011767e-08,-3.792816e-08,4.453701e-08,1.309158e-08,7.744502e-01,7.760126e-01,7.747000e-01,7.761618e-01
3.387500e-11,5.954578e-08,-3.855248e-08,4.544204e-08,1.249274e-08,7.744548e-01,7.760097e-01,7.747034e-01,7.761628e-01
3.390000e-11,5.868782e-08,-3.894559e-08,4.614156e-08,1.192663e-08,7.744593e-01,7.760068e-01,7.747068e-01,7.761637e-01
3.392500e-11,5.755095e-08,-3.910725e-08,4.663356e-08,1.139592e-08,7.744637e-01,7.760038e-01,7.747104e-01,7.761646e-01
3.395000e-11,5.614363e-08,-3.903845e-08,4.691706e-08,1.090296e-08,7.744680e-01,7.760008e-01,7.747139e-01,7.761655e-01
3.397500e-11,5.447561e-08,-3.874148e-08,4.699212e-08,1.044983e-08,7.744722e-01,7.759979e-01,7.747175e-01,7.761663e-01
3.400000e-11,5.255784e-08,-3.821983e-08,4.685987e-08,1.003828e-08,7.744762e-01,7.759950e-01,7.747210e-01,7.761670e-01
3.402500e-11,5.040240e-08,-3.747820e-08,4.652243e-08,9.669752e-09,7.744801e-01,7.759921e-01,7.747246e-01,7.761678e-01
3.405000e-11,4.802246e-08,-3.652245e-08,4.598295e-08,9.345367e-09,7.744839e-01,7.759893e-01,7.747281e-01,7.761685e-01
3.407500e-11,4.543217e-08,-3.535958e-08,4.524557e-08,9.065922e-09,7.744874e-01,7.759866e-01,7.747316e-01,7.761692e-01
3.410000e-11,4.264660e-08,-3.399765e-08,4.431536e-08,8.831893e-09,7.744908e-01,7.759839e-01,7.747350e-01,7.761699e-01
3.412500e-11,3.968164e-08,-3.244575e-08,4.319833e-08,8.643433e-09,7.744939e-01,7.759814e-01,7.747383e-01,7.761706e-01
3.415000e-11,3.655392e-08,-3.071393e-08,4.190138e-08,8.500379e-09,7.744968e-01,7.759790e-01,7.747415e-01,7.761712e-01
3.417500e-11,3.328073e-08,-2.881317e-08,4.043225e-08,8.402255e-09,7.744994e-01,7.759768e-01,7.747446e-01,7.761719e-01
3.420000e-11,2.987990e-08,-2.675526e-08,3.879947e-08,8.348284e-09,7.745018e-01,7.759747e-01,7.747476e-01,7.761725e-01
3.422500e-11,2.636974e-08,-2.455277e-08,3.701234e-08,8.337392e-09,7.745040e-01,7.759727e-01,7.747505e-01,7.761731e-01
3.425000e-11,2.276892e-08,-2.221895e-08,3.508083e-08,8.368224e-09,7.745058e-01,7.759709e-01,7.747532e-01,7.761738e-01
3.427500e-11,1.909637e-08,-1.976768e-08,3.301557e-08,8.439155e-09,7.745074e-01,7.759693e-01,7.747558e-01,7.761744e-01
3.430000e-11,1.537119e-08,-1.721337e-08,3.082777e-08,8.548303e-09,7.745087e-01,7.759679e-01,7.747582e-01,7.761750e-01
3.432500e-11,1.161255e-08,-1.457090e-08,2.852915e-08,8.693548e-09,7.745097e-01,7.759667e-01,7.747605e-01,7.761757e-01
3.435000e-11,7.839622e-09,-1.185548e-08,2.613191e-08,8.872549e-09,7.745105e-01,7.759657e-01,7.747626e-01,7.761764e-01
3.437500e-11,4.071419e-09,-9.082651e-09,2.364862e-08,9.082761e-09,7.745109e-01,7.759649e-01,7.747645e-01,7.761771e-01
3.440000e-11,3.267594e-10,-6.268118e-09,2.109218e-08,9.321455e-09,7.745111e-01,7.759644e-01,7.747662e-01,7.761778e-01
3.442500e-11,-3.375850e-09,-3.427713e-09,1.847576e-08,9.585739e-09,7.745110e-01,7.759640e-01,7.747677e-01,7.761785e-01
3.445000e-11,-7.018301e-09,-5.772934e-10,1.581270e-08,9.872580e-09,7.745106e-01,7.759638e-01,7.747690e-01,7.761792e-01
3.447500e-11,-1.058297e-08,2.267348e-09,1.311649e-08,1.017883e-08,7.745099e-01,7.759639e-01,7.747701e-01,7.761800e-01
3.450000e-11,-1.405281e-08,5.090560e-09,1.040063e-08,1.050122e-08,7.745090e-01,7.759642e-01,7.747710e-01,7.761808e-01
3.452500e-11,-1.741141e-08,7.876921e-09,7.678652e-09,1.083645e-08,7.745078e-01,7.759647e-01,7.747716e-01,7.761816e-01
3.455000e-11,-2.064309e-08,1.061132e-08,4.963957e-09,1.118114e-08,7.745064e-01,7.759654e-01,7.747721e-01,7.761824e-01
3.457500e-11,-2.373298e-08,1.327904e-08,2.269818e-09,1.153188e-08,7.745047e-01,7.759663e-01,7.747724e-01,7.761833e-01
3.460000e-11,-2.666707e-08,1.586581e-08,-3.907172e-10,1.188527e-08,7.745028e-01,7.759674e-01,7.747725e-01,7.761842e-01
3.462500e-11,-2.943225e-08,1.835793e-08,-3.004882e-09,1.223793e-08,7.745006e-01,7.759687e-01,7.747723e-01,7.761851e-01
3.465000e-11,-3.201644e-08,2.074227e-08,-5.560257e-09,1.258650e-08,7.744983e-01,7.759702e-01,7.747720e-01,7.761860e-01
3.467500e-11,-3.440855e-08,2.300642e-08,-8.044825e-09,1.292770e-08,7.744958e-01,7.759718e-01,7.747715e-01,7.761870e-01
3.470000e-11,-3.659861e-08,2.513867e-08,-1.044703e-08,1.325834e-08,7.744931e-01,7.759737e-01,7.747708e-01,7.761880e-01
3.472500e-11,-3.857774e-08,2.712812e-08,-1.275584e-08,1.357534e-08,7.744902e-01,7.759756e-01,7.747699e-01,7.761890e-01
3.475000e-11,-4.033823e-08,2.896472e-08,-1.496079e-08,1.387571e-08,7.744872e-01,7.759778e-01,7.747689e-01,7.761900e-01
3.477500e-11,-4.187355e-08,3.063931e-08,-1.705201e-08,1.415664e-08,7.744841e-01,7.759800e-01,7.747677e-01,7.761911e-01
3.480000e-11,-4.317836e-08,3.214367e-08,-1.902033e-08,1.441548e-08,7.744809e-01,7.759824e-01,7.747663e-01,7.761922e-01
3.482500e-11,-4.424855e-08,3.347056e-08,-2.085724e-08,1.464975e-08,7.744776e-01,7.759849e-01,7.747648e-01,7.761933e-01
3.485000e-11,-4.508124e-08,3.461374e-08,-2.255500e-08,1.485715e-08,7.744742e-01,7.759875e-01,7.747631e-01,7.761944e-01
3.487500e-11,-4.567476e-08,3.556801e-08,-2.410663e-08,1.503562e-08,7.744708e-01,7.759901e-01,7.747614e-01,7.761956e-01
3.490000e-11,-4.602869e-08,3.632923e-08,-2.550593e-08,1.518330e-08,7.744673e-01,7.759929e-01,7.747595e-01,7.761967e-01
3.492500e-11,-4.614380e-08,3.689432e-08,-2.674756e-08,1.529856e-08,7.744638e-01,7.759956e-01,7.747575e-01,7.761979e-01
3.495000e-11,-4.602207e-08,3.726128e-08,-2.782701e-08,1.538002e-08,7.744603e-01,7.759985e-01,7.747554e-01,7.761990e-01
3.497500e-11,-4.566666e-08,3.742921e-08,-2.874060e-08,1.542655e-08,7.744568e-01,7.760013e-01,7.747533e-01,7.762002e-01
3.500000e-11,-4.508186e-08,3.739827e-08,-2.948557e-08,1.543726e-08,7.744534e-01,7.760041e-01,7.747511e-01,7.762014e-01
3.502500e-11,-4.427311e-08,3.716969e-08,-3.005999e-08,1.541154e-08,7.744500e-01,7.760070e-01,7.747488e-01,7.762025e-01
3.505000e-11,-4.324689e-08,3.674578e-08,-3.046283e-08,1.534902e-08,7.744467e-01,7.760098e-01,7.747465e-01,7.762037e-01
3.507500e-11,-4.201074e-08,3.612985e-08,-3.069394e-08,1.524960e-08,7.744434e-01,7.760125e-01,7.747442e-01,7.762049e-01
3.510000e-11,-4.057316e-08,3.532627e-08,-3.075403e-08,1.511345e-08,7.744403e-01,7.760152e-01,7.747419e-01,7.762060e-01
3.512500e-11,-3.894361e-08,3.434035e-08,-3.064464e-08,1.494099e-08,7.744373e-01,7.760179e-01,7.747395e-01,7.762072e-01
3.515000e-11,-3.713239e-08,3.317838e-08,-3.036820e-08,1.473290e-08,7.744344e-01,7.760204e-01,7.747372e-01,7.762083e-01
3.517500e-11,-3.515065e-08,3.184754e-08,-2.992792e-08,1.449010e-08,7.744316e-01,7.760229e-01,7.747349e-01,7.762094e-01
3.520000e-11,-3.301026e-08,3.035588e-08,-2.932781e-08,1.421376e-08,7.744291e-01,7.760253e-01,7.747327e-01,7.762105e-01
3.522500e-11,-3.072378e-08,2.871225e-08,-2.857267e-08,1.390529e-08,7.744266e-01,7.760275e-01,7.747305e-01,7.762115e-01
3.525000e-11,-2.830438e-08,2.692629e-08,-2.766801e-08,1.356631e-08,7.744244e-01,7.760296e-01,7.747284e-01,7.762126e-01
3.527500e-11,-2.576578e-08,2.500831e-08,-2.662006e-08,1.319866e-08,7.744223e-01,7.760316e-01,7.747263e-01,7.762136e-01
3.530000e-11,-2.312213e-08,2.296931e-08,-2.543570e-08,1.280437e-08,7.744205e-01,7.760334e-01,7.747243e-01,7.762146e-01
3.532500e-11,-2.038800e-08,2.082083e-08,-2.412242e-08,1.238567e-08,7.744188e-01,7.760351e-01,7.747224e-01,7.762156e-01
3.535000e-11,-1.757826e-08,1.857495e-08,-2.268832e-08,1.194493e-08,7.744174e-01,7.760366e-01,7.747207e-01,7.762165e-01
3.537500e-11,-1.470798e-08,1.624420e-08,-2.114200e-08,1.148471e-08,7.744162e-01,7.760379e-01,7.747190e-01,7.762174e-01
3.540000e-11,-1.179241e-08,1.384147e-08,-1.949254e-08,1.100768e-08,7.744152e-01,7.760390e-01,7.747175e-01,7.762182e-01
3.542500e-11,-8.846877e-09,1.137999e-08,-1.774947e-08,1.051663e-08,7.744144e-01,7.760400e-01,7.747161e-01,7.762190e-01
3.545000e-11,-5.886672e-09,8.873193e-09,-1.592268e-08,1.001447e-08,7.744138e-01,7.760407e-01,7.747148e-01,7.762198e-01
3.547500e-11,-2.927020e-09,6.334704e-09,-1.402239e-08,9.504159e-09,7.744135e-01,7.760413e-01,7.747136e-01,7.762206e-01
3.550000e-11,1.702125e-11,3.778222e-09,-1.205908e-08,8.988745e-09,7.744134e-01,7.760417e-01,7.747127e-01,7.762213e-01
3.552500e-11,2.930629e-09,1.217466e-09,-1.004344e-08,8.471303e-09,7.744135e-01,7.760419e-01,7.747118e-01,7.762219e-01
3.555000e-11,5.799290e-09,-1.333903e-09,-7.986326e-09,7.954930e-09,7.744138e-01,7.760419e-01,7.747111e-01,7.762225e-01
3.557500e-11,8.608874e-09,-3.862350e-09,-5.898672e-09,7.442727e-09,7.744144e-01,7.760417e-01,7.747106e-01,7.762231e-01
3.560000e-11,1.134570e-08,-6.354542e-09,-3.791463e-09,6.937775e-09,7.744151e-01,7.760413e-01,7.747102e-01,7.762237e-01
3.562500e-11,1.399659e-08,-8.797415e-09,-1.675665e-09,6.443113e-09,7.744161e-01,7.760407e-01,7.747100e-01,7.762242e-01
3.565000e-11,1.654896e-08,-1.117824e-08,4.378317e-10,5.961727e-09,7.744172e-01,7.760400e-01,7.747100e-01,7.762247e-01
3.567500e-11,1.899084e-08,-1.348470e-08,2.538263e-09,5.496521e-09,7.744186e-01,7.760390e-01,7.747101e-01,7.762251e-01
3.570000e-11,2.131096e-08,-1.570492e-08,4.615049e-09,5.050305e-09,7.744201e-01,7.760379e-01,7.747104e-01,7.762255e-01
3.572500e-11,2.349879e-08,-1.782758e-08,6.657843e-09,4.625776e-09,7.744218e-01,7.760367e-01,7.747108e-01,7.762259e-01
3.575000e-11,2.554458e-08,-1.984192e-08,8.656587e-09,4.225498e-09,7.744237e-01,7.760352e-01,7.747114e-01,7.762262e-01
3.577500e-11,2.743941e-08,-2.173782e-08,1.060155e-08,3.851889e-09,7.744257e-01,7.760337e-01,7.747121e-01,7.762265e-01
3.580000e-11,2.917522e-08,-2.350585e-08,1.248340e-08,3.507205e-09,7.744278e-01,7.760319e-01,7.747130e-01,7.762268e-01
3.582500e-11,3.074485e-08,-2.513731e-08,1.429321e-08,3.193524e-09,7.744301e-01,7.760301e-01,7.747140e-01,7.762270e-01
3.585000e-11,3.214205e-08,-2.662426e-08,1.602252e-08,2.912736e-09,7.744325e-01,7.760281e-01,7.747151e-01,7.762273e-01
3.587500e-11,3.336155e-08,-2.795959e-08,1.766339e-08,2.666527e-09,7.744350e-01,7.760261e-01,7.747164e-01,7.762275e-01
3.590000e-11,3.439899e-08,-2.913700e-08,1.920842e-08,2.456374e-09,7.744376e-01,7.760239e-01,7.747178e-01,7.762277e-01
3.592500e-11,3.525105e-08,-3.015109e-08,2.065077e-08,2.283530e-09,7.744402e-01,7.760216e-01,7.747193e-01,7.762279e-01
3.595000e-11,3.591533e-08,-3.099733e-08,2.198420e-08,2.149020e-09,7.744429e-01,7.760193e-01,7.747210e-01,7.762280e-01
3.597500e-11,3.639046e-08,-3.167213e-08,2.320313e-08,2.053632e-09,7.744456e-01,7.760170e-01,7.747227e-01,7.762282e-01
3.600000e-11,3.667603e-08,-3.217278e-08,2.430260e-08,1.997915e-09,7.744484e-01,7.760145e-01,7.747245e-01,7.762283e-01
3.602500e-11,3.677261e-08,-3.249754e-08,2.527832e-08,1.982171e-09,7.744512e-01,7.760121e-01,7.747264e-01,7.762285e-01
3.605000e-11,3.668173e-08,-3.264560e-08,2.612671e-08,2.006460e-09,7.744540e-01,7.760096e-01,7.747283e-01,7.762286e-01
3.607500e-11,3.640587e-08,-3.261706e-08,2.684485e-08,2.070591e-09,7.744568e-01,7.760071e-01,7.747303e-01,7.762288e-01
3.610000e-11,3.594842e-08,-3.241299e-08,2.743056e-08,2.174130e-09,7.744595e-01,7.760047e-01,7.747324e-01,7.762290e-01
3.612500e-11,3.531367e-08,-3.203533e-08,2.788234e-08,2.316399e-09,7.744622e-01,7.760022e-01,7.747345e-01,7.762291e-01
3.615000e-11,3.450678e-08,-3.148695e-08,2.819942e-08,2.496482e-09,7.744648e-01,7.759998e-01,7.747366e-01,7.762293e-01
3.617500e-11,3.353372e-08,-3.077160e-08,2.838170e-08,2.713227e-09,7.744674e-01,7.759974e-01,7.747387e-01,7.762295e-01
3.620000e-11,3.240128e-08,-2.989388e-08,2.842982e-08,2.965258e-09,7.744699e-01,7.759951e-01,7.747409e-01,7.762297e-01
3.622500e-11,3.111696e-08,-2.885921e-08,2.834508e-08,3.250979e-09,7.744723e-01,7.759929e-01,7.747431e-01,7.762300e-01
3.625000e-11,2.968898e-08,-2.767381e-08,2.812944e-08,3.568586e-09,7.744746e-01,7.759908e-01,7.747452e-01,7.762302e-01
3.627500e-11,2.812622e-08,-2.634466e-08,2.778556e-08,3.916075e-09,7.744768e-01,7.759887e-01,7.747473e-01,7.762305e-01
3.630000e-11,2.643813e-08,-2.487944e-08,2.731668e-08,4.291258e-09,7.744789e-01,7.759868e-01,7.747494e-01,7.762308e-01
3.632500e-11,2.463474e-08,-2.328650e-08,2.672668e-08,4.691772e-09,7.744808e-01,7.759850e-01,7.747515e-01,7.762312e-01
3.635000e-11,2.272654e-08,-2.157483e-08,2.602002e-08,5.115098e-09,7.744826e-01,7.759833e-01,7.747535e-01,7.762315e-01
3.637500e-11,2.072446e-08,-1.975398e-08,2.520171e-08,5.558570e-09,7.744843e-01,7.759817e-01,7.747554e-01,7.762319e-01
3.640000e-11,1.863979e-08,-1.783400e-08,2.427729e-08,6.019395e-09,7.744858e-01,7.759803e-01,7.747573e-01,7.762324e-01
3.642500e-11,1.648415e-08,-1.582543e-08,2.325277e-08,6.494670e-09,7.744871e-01,7.759790e-01,7.747591e-01,7.762329e-01
3.645000e-11,1.426937e-08,-1.373919e-08,2.213462e-08,6.981397e-09,7.744883e-01,7.759779e-01,7.747608e-01,7.762334e-01
3.647500e-11,1.200749e-08,-1.158656e-08,2.092973e-08,7.476502e-09,7.744893e-01,7.759769e-01,7.747624e-01,7.762339e-01
3.650000e-11,9.710646e-09,-9.379097e-09,1.964533e-08,7.976851e-09,7.744901e-01,7.759761e-01,7.747640e-01,7.762345e-01
3.652500e-11,7.391039e-09,-7.128569e-09,1.828902e-08,8.479275e-09,7.744908e-01,7.759755e-01,7.747654e-01,7.762351e-01
3.655000e-11,5.060855e-09,-4.846915e-09,1.686866e-08,8.980581e-09,7.744912e-01,7.759750e-01,7.747668e-01,7.762358e-01
3.657500e-11,2.732212e-09,-2.546163e-09,1.539236e-08,9.477575e-09,7.744915e-01,7.759747e-01,7.747680e-01,7.762365e-01
3.660000e-11,4.170902e-10,-2.383746e-10,1.386842e-08,9.967082e-09,7.744916e-01,7.759746e-01,7.747691e-01,7.762372e-01
3.662500e-11,-1.872722e-09,2.064423e-09,1.230530e-08,1.044596e-08,7.744916e-01,7.759747e-01,7.747701e-01,7.762380e-01
3.665000e-11,-4.125690e-09,4.350295e-09,1.071156e-08,1.091113e-08,7.744914e-01,7.759750e-01,7.747710e-01,7.762388e-01
3.667500e-11,-6.330588e-09,6.607465e-09,9.095816e-09,1.135957e-08,7.744910e-01,7.759754e-01,7.747717e-01,7.762397e-01
3.670000e-11,-8.476555e-09,8.824369e-09,7.466700e-09,1.178837e-08,7.744904e-01,7.759760e-01,7.747723e-01,7.762406e-01
3.672500e-11,-1.055315e-08,1.098972e-08,5.832813e-09,1.219470e-08,7.744897e-01,7.759767e-01,7.747728e-01,7.762415e-01
3.675000e-11,-1.255038e-08,1.309257e-08,4.202679e-09,1.257589e-08,7.744888e-01,7.759776e-01,7.747732e-01,7.762424e-01
3.677500e-11,-1.445880e-08,1.512234e-08,2.584698e-09,1.292938e-08,7.744878e-01,7.759787e-01,7.747735e-01,7.762434e-01
3.680000e-11,-1.626948e-08,1.706891e-08,9.871084e-10,1.325277e-08,7.744866e-01,7.759799e-01,7.747736e-01,7.762444e-01
3.682500e-11,-1.797412e-08,1.892264e-08,-5.820563e-10,1.354385e-08,7.744853e-01,7.759813e-01,7.747736e-01,7.762454e-01
3.685000e-11,-1.956503e-08,2.067442e-08,-2.115009e-09,1.380057e-08,7.744839e-01,7.759828e-01,7.747735e-01,7.762464e-01
3.687500e-11,-2.103520e-08,2.231575e-08,-3.604245e-09,1.402109e-08,7.744824e-01,7.759844e-01,7.747733e-01,7.762475e-01
3.690000e-11,-2.237831e-08,2.383870e-08,-5.042580e-09,1.420375e-08,7.744807e-01,7.759862e-01,7.747730e-01,7.762485e-01
3.692500e-11,-2.358876e-08,2.523605e-08,-6.423183e-09,1.434714e-08,7.744790e-01,7.759880e-01,7.747725e-01,7.762496e-01
3.695000e-11,-2.466170e-08,2.650124e-08,-7.739610e-09,1.445005e-08,7.744771e-01,7.759900e-01,7.747720e-01,7.762507e-01
3.697500e-11,-2.559303e-08,2.762845e-08,-8.985831e-09,1.451151e-08,7.744752e-01,7.759920e-01,7.747714e-01,7.762518e-01
3.700000e-11,-2.637943e-08,2.861258e-08,-1.015626e-08,1.453077e-08,7.744733e-01,7.759942e-01,7.747707e-01,7.762529e-01
3.702500e-11,-2.701837e-08,2.944933e-08,-1.124578e-08,1.450735e-08,7.744712e-01,7.759964e-01,7.747698e-01,7.762540e-01
3.705000e-11,-2.750810e-08,3.013517e-08,-1.224976e-08,1.444098e-08,7.744692e-01,7.759986e-01,7.747689e-01,7.762551e-01
3.707500e-11,-2.784765e-08,3.066737e-08,-1.316407e-08,1.433167e-08,7.744671e-01,7.760009e-01,7.747680e-01,7.762562e-01
3.710000e-11,-2.803687e-08,3.104401e-08,-1.398512e-08,1.417963e-08,7.744649e-01,7.760033e-01,7.747670e-01,7.762573e-01
3.712500e-11,-2.807634e-08,3.126398e-08,-1.470985e-08,1.398537e-08,7.744628e-01,7.760056e-01,7.747659e-01,7.762584e-01
3.715000e-11,-2.796745e-08,3.132700e-08,-1.533574e-08,1.374959e-08,7.744607e-01,7.760080e-01,7.747647e-01,7.762594e-01
3.717500e-11,-2.771233e-08,3.123357e-08,-1.586083e-08,1.347325e-08,7.744586e-01,7.760104e-01,7.747635e-01,7.762605e-01
3.720000e-11,-2.731384e-08,3.098503e-08,-1.628373e-08,1.315755e-08,7.744565e-01,7.760128e-01,7.747623e-01,7.762615e-01
3.722500e-11,-2.677556e-08,3.058347e-08,-1.660358e-08,1.280390e-08,7.744544e-01,7.760151e-01,7.747611e-01,7.762625e-01
3.725000e-11,-2.610175e-08,3.003180e-08,-1.682011e-08,1.241393e-08,7.744524e-01,7.760174e-01,7.747598e-01,7.762634e-01
3.727500e-11,-2.529734e-08,2.933363e-08,-1.693358e-08,1.198949e-08,7.744505e-01,7.760196e-01,7.747585e-01,7.762643e-01
3.730000e-11,-2.436788e-08,2.849336e-08,-1.694481e-08,1.153261e-08,7.744486e-01,7.760218e-01,7.747572e-01,7.762652e-01
3.732500e-11,-2.331951e-08,2.751605e-08,-1.685514e-08,1.104550e-08,7.744468e-01,7.760240e-01,7.747560e-01,7.762661e-01
3.735000e-11,-2.215893e-08,2.640746e-08,-1.666644e-08,1.053058e-08,7.744451e-01,7.760260e-01,7.747547e-01,7.762669e-01
3.737500e-11,-2.089334e-08,2.517397e-08,-1.638109e-08,9.990392e-09,7.744434e-01,7.760280e-01,7.747534e-01,7.762677e-01
3.740000e-11,-1.953043e-08,2.382256e-08,-1.600194e-08,9.427640e-09,7.744419e-01,7.760298e-01,7.747522e-01,7.762684e-01
3.742500e-11,-1.807830e-08,2.236081e-08,-1.553232e-08,8.845153e-09,7.744405e-01,7.760316e-01,7.747510e-01,7.762691e-01
3.745000e-11,-1.654545e-08,2.079677e-08,-1.497601e-08,8.245878e-09,7.744392e-01,7.760332e-01,7.747499e-01,7.762698e-01
3.747500e-11,-1.494069e-08,1.913899e-08,-1.433718e-08,7.632857e-09,7.744380e-01,7.760347e-01,7.747487e-01,7.762704e-01
3.750000e-11,-1.327312e-08,1.739646e-08,-1.362043e-08,7.009210e-09,7.744369e-01,7.760361e-01,7.747477e-01,7.762709e-01
3.752500e-11,-1.155210e-08,1.557852e-08,-1.283067e-08,6.378125e-09,7.744360e-01,7.760374e-01,7.747467e-01,7.762714e-01
3.755000e-11,-9.787135e-09,1.369486e-08,-1.197320e-08,5.742829e-09,7.744351e-01,7.760385e-01,7.747457e-01,7.762719e-01
3.757500e-11,-7.987887e-09,1.175543e-08,-1.105357e-08,5.106579e-09,7.744345e-01,7.760394e-01,7.747449e-01,7.762723e-01
3.760000e-11,-6.164090e-09,9.770427e-09,-1.007761e-08,4.472640e-09,7.744339e-01,7.760403e-01,7.747441e-01,7.762727e-01
3.762500e-11,-4.325511e-09,7.750191e-09,-9.051408e-09,3.844266e-09,7.744335e-01,7.760409e-01,7.747433e-01,7.762730e-01
3.765000e-11,-2.481893e-09,5.705192e-09,-7.981211e-09,3.224683e-09,7.744333e-01,7.760414e-01,7.747427e-01,7.762732e-01
3.767500e-11,-6.429097e-10,3.645959e-09,-6.873446e-09,2.617072e-09,7.744332e-01,7.760418e-01,7.747421e-01,7.762735e-01
3.770000e-11,1.181888e-09,1.583025e-09,-5.734659e-09,2.024548e-09,7.744332e-01,7.760420e-01,7.747417e-01,7.762736e-01
3.772500e-11,2.983116e-09,-4.731242e-10,-4.571485e-09,1.450148e-09,7.744333e-01,7.760420e-01,7.747413e-01,7.762738e-01
3.775000e-11,4.751610e-09,-2.512103e-09,-3.390608e-09,8.968069e-10,7.744336e-01,7.760419e-01,7.747410e-01,7.762739e-01
3.777500e-11,6.478465e-09,-4.523681e-09,-2.198728e-09,3.673485e-10,7.744341e-01,7.760416e-01,7.747408e-01,7.762739e-01
3.780000e-11,8.155081e-09,-6.497833e-09,-1.002521e-09,-1.355349e-10,7.744346e-01,7.760412e-01,7.747406e-01,7.762739e-01
3.782500e-11,9.773207e-09,-8.424789e-09,1.913927e-10,-6.092956e-10,7.744353e-01,7.760407e-01,7.747406e-01,7.762739e-01
3.785000e-11,1.132498e-08,-1.029508e-08,1.376488e-09,-1.051545e-09,7.744361e-01,7.760400e-01,7.747407e-01,7.762738e-01
3.787500e-11,1.280295e-08,-1.209960e-08,2.546367e-09,-1.460066e-09,7.744370e-01,7.760391e-01,7.747408e-01,7.762737e-01
3.790000e-11,1.420013e-08,-1.382961e-08,3.694789e-09,-1.832825e-09,7.744380e-01,7.760381e-01,7.747410e-01,7.762736e-01
3.792500e-11,1.551004e-08,-1.547685e-08,4.815708e-09,-2.167986e-09,7.744392e-01,7.760370e-01,7.747414e-01,7.762735e-01
3.795000e-11,1.672669e-08,-1.703348e-08,5.903301e-09,-2.463916e-09,7.744404e-01,7.760358e-01,7.747418e-01,7.762733e-01
3.797500e-11,1.784466e-08,-1.849224e-08,6.951995e-09,-2.719197e-09,7.744417e-01,7.760344e-01,7.747423e-01,7.762731e-01
3.800000e-11,1.885907e-08,-1.984635e-08,7.956498e-09,-2.932632e-09,7.744431e-01,7.760330e-01,7.747428e-01,7.762729e-01
3.802500e-11,1.976565e-08,-2.108965e-08,8.911819e-09,-3.103251e-09,7.744445e-01,7.760314e-01,7.747435e-01,7.762727e-01
3.805000e-11,2.056073e-08,-2.221658e-08,9.813299e-09,-3.230320e-09,7.744461e-01,7.760298e-01,7.747442e-01,7.762724e-01
3.807500e-11,2.124125e-08,-2.322220e-08,1.065663e-08,-3.313339e-09,7.744477e-01,7.760281e-01,7.747450e-01,7.762722e-01
3.810000e-11,2.180479e-08,-2.410222e-08,1.143786e-08,-3.352049e-09,7.744493e-01,7.760263e-01,7.747458e-01,7.762719e-01
3.812500e-11,2.224953e-08,-2.485301e-08,1.215345e-08,-3.346430e-09,7.744510e-01,7.760244e-01,7.747467e-01,7.762717e-01
3.815000e-11,2.257433e-08,-2.547166e-08,1.280024e-08,-3.296702e-09,7.744527e-01,7.760225e-01,7.747476e-01,7.762714e-01
3.817500e-11,2.277866e-08,-2.595590e-08,1.337548e-08,-3.203326e-09,7.744544e-01,7.760205e-01,7.747486e-01,7.762712e-01
3.820000e-11,2.286263e-08,-2.630419e-08,1.387687e-08,-3.066996e-09,7.744561e-01,7.760186e-01,7.747497e-01,7.762709e-01
3.822500e-11,2.282698e-08,-2.651569e-08,1.430252e-08,-2.888638e-09,7.744579e-01,7.760166e-01,7.747507e-01,7.762707e-01
3.825000e-11,2.267305e-08,-2.659025e-08,1.465099e-08,-2.669405e-09,7.744596e-01,7.760145e-01,7.747518e-01,7.762705e-01
3.827500e-11,2.240281e-08,-2.652842e-08,1.492127e-08,-2.410670e-09,7.744613e-01,7.760125e-01,7.747529e-01,7.762703e-01
3.830000e-11,2.201880e-08,-2.633144e-08,1.511280e-08,-2.114015e-09,7.744630e-01,7.760105e-01,7.747541e-01,7.762701e-01
3.832500e-11,2.152412e-08,-2.600124e-08,1.522546e-08,-1.781227e-09,7.744646e-01,7.760085e-01,7.747552e-01,7.762700e-01
3.835000e-11,2.092245e-08,-2.554039e-08,1.525956e-08,-1.414283e-09,7.744662e-01,7.760066e-01,7.747564e-01,7.762699e-01
3.837500e-11,2.021795e-08,-2.495213e-08,1.521584e-08,-1.015344e-09,7.744678e-01,7.760047e-01,7.747575e-01,7.762698e-01
3.840000e-11,1.941532e-08,-2.424030e-08,1.509547e-08,-5.867378e-10,7.744693e-01,7.760028e-01,7.747587e-01,7.762697e-01
3.842500e-11,1.851968e-08,-2.340935e-08,1.490001e-08,-1.309487e-10,7.744707e-01,7.760010e-01,7.747598e-01,7.762697e-01
3.845000e-11,1.753663e-08,-2.246432e-08,1.463143e-08,3.493966e-10,7.744721e-01,7.759993e-01,7.747610e-01,7.762697e-01
3.847500e-11,1.647215e-08,-2.141076e-08,1.429209e-08,8.515441e-10,7.744734e-01,7.759976e-01,7.747621e-01,7.762697e-01
3.850000e-11,1.533258e-08,-2.025476e-08,1.388468e-08,1.372628e-09,7.744746e-01,7.759960e-01,7.747631e-01,7.762698e-01
3.852500e-11,1.412462e-08,-1.900288e-08,1.341228e-08,1.909685e-09,7.744757e-01,7.759945e-01,7.747642e-01,7.762699e-01
3.855000e-11,1.285523e-08,-1.766210e-08,1.287826e-08,2.459673e-09,7.744767e-01,7.759931e-01,7.747652e-01,7.762701e-01
3.857500e-11,1.153164e-08,-1.623982e-08,1.228631e-08,3.019486e-09,7.744777e-01,7.759918e-01,7.747661e-01,7.762703e-01
3.860000e-11,1.016130e-08,-1.474381e-08,1.164038e-08,3.585973e-09,7.744785e-01,7.759907e-01,7.747670e-01,7.762706e-01
3.862500e-11,8.751820e-09,-1.318213e-08,1.094471e-08,4.155953e-09,7.744792e-01,7.759896e-01,7.747679e-01,7.762709e-01
3.865000e-11,7.310954e-09,-1.156313e-08,1.020374e-08,4.726234e-09,7.744798e-01,7.759887e-01,7.747687e-01,7.762712e-01
3.867500e-11,5.846538e-09,-9.895384e-09,9.422105e-09,5.293630e-09,7.744803e-01,7.759879e-01,7.747694e-01,7.762716e-01
3.870000e-11,4.366460e-09,-8.187662e-09,8.604643e-09,5.854977e-09,7.744807e-01,7.759872e-01,7.747701e-01,7.762720e-01
3.872500e-11,2.878615e-09,-6.448862e-09,7.756316e-09,6.407154e-09,7.744810e-01,7.759866e-01,7.747707e-01,7.762725e-01
3.875000e-11,1.390863e-09,-4.687977e-09,6.882209e-09,6.947095e-09,7.744811e-01,7.759862e-01,7.747713e-01,7.762730e-01
3.877500e-11,-8.900914e-11,-2.914044e-09,5.987494e-09,7.471809e-09,7.744812e-01,7.759859e-01,7.747718e-01,7.762735e-01
3.880000e-11,-1.553329e-09,-1.136103e-09,5.077401e-09,7.978393e-09,7.744811e-01,7.759857e-01,7.747722e-01,7.762741e-01
3.882500e-11,-2.994579e-09,6.368554e-10,4.157187e-09,8.464052e-09,7.744810e-01,7.759857e-01,7.747725e-01,7.762747e-01
3.885000e-11,-4.405430e-09,2.395932e-09,3.232110e-09,8.926110e-09,7.744807e-01,7.759858e-01,7.747728e-01,7.762754e-01
3.887500e-11,-5.778783e-09,4.132365e-09,2.307398e-09,9.362026e-09,7.744803e-01,7.759861e-01,7.747730e-01,7.762761e-01
3.890000e-11,-7.107798e-09,5.837572e-09,1.388220e-09,9.769405e-09,7.744798e-01,7.759865e-01,7.747732e-01,7.762768e-01
3.892500e-11,-8.385934e-09,7.503192e-09,4.796570e-10,1.014601e-08,7.744792e-01,7.759870e-01,7.747732e-01,7.762776e-01
3.895000e-11,-9.606973e-09,9.121129e-09,-4.133205e-10,1.048979e-08,7.744785e-01,7.759876e-01,7.747732e-01,7.762784e-01
3.897500e-11,-1.076506e-08,1.068359e-08,-1.285884e-09,1.079887e-08,7.744778e-01,7.759884e-01,7.747732e-01,7.762792e-01
3.900000e-11,-1.185470e-08,1.218312e-08,-2.133369e-09,1.107154e-08,7.744769e-01,7.759892e-01,7.747731e-01,7.762800e-01
3.902500e-11,-1.287085e-08,1.361264e-08,-2.951302e-09,1.130634e-08,7.744760e-01,7.759902e-01,7.747729e-01,7.762808e-01
3.905000e-11,-1.380886e-08,1.496548e-08,-3.735421e-09,1.150199e-08,7.744750e-01,7.759913e-01,7.747726e-01,7.762817e-01
3.907500e-11,-1.466453e-08,1.623541e-08,-4.481696e-09,1.165741e-08,7.744739e-01,7.759925e-01,7.747723e-01,7.762826e-01
3.910000e-11,-1.543417e-08,1.741666e-08,-5.186352e-09,1.177178e-08,7.744727e-01,7.759937e-01,7.747719e-01,7.762835e-01
3.912500e-11,-1.611452e-08,1.850396e-08,-5.845888e-09,1.184448e-08,7.744715e-01,7.759951e-01,7.747715e-01,7.762844e-01
3.915000e-11,-1.670285e-08,1.949256e-08,-6.457088e-09,1.187511e-08,7.744703e-01,7.759966e-01,7.747710e-01,7.762853e-01
3.917500e-11,-1.719693e-08,2.037824e-08,-7.017043e-09,1.186351e-08,7.744690e-01,7.759981e-01,7.747705e-01,7.762862e-01
3.920000e-11,-1.759503e-08,2.115733e-08,-7.523158e-09,1.180975e-08,7.744677e-01,7.759996e-01,7.747700e-01,7.762871e-01
3.922500e-11,-1.789596e-08,2.182674e-08,-7.973169e-09,1.171411e-08,7.744663e-01,7.760013e-01,7.747694e-01,7.762880e-01
3.925000e-11,-1.809902e-08,2.238394e-08,-8.365148e-09,1.157712e-08,7.744650e-01,7.760029e-01,7.747688e-01,7.762888e-01
3.927500e-11,-1.820406e-08,2.282700e-08,-8.697511e-09,1.139950e-08,7.744636e-01,7.760047e-01,7.747681e-01,7.762897e-01
3.930000e-11,-1.821142e-08,2.315459e-08,-8.969026e-09,1.118222e-08,7.744622e-01,7.760064e-01,7.747675e-01,7.762906e-01
3.932500e-11,-1.812194e-08,2.336595e-08,-9.178814e-09,1.092644e-08,7.744608e-01,7.760082e-01,7.747668e-01,7.762914e-01
3.935000e-11,-1.793698e-08,2.346094e-08,-9.326353e-09,1.063352e-08,7.744595e-01,7.760099e-01,7.747661e-01,7.762922e-01
3.937500e-11,-1.765838e-08,2.344000e-08,-9.411473e-09,1.030503e-08,7.744581e-01,7.760117e-01,7.747654e-01,7.762930e-01
3.940000e-11,-1.728845e-08,2.330414e-08,-9.434359e-09,9.942721e-09,7.744568e-01,7.760135e-01,7.747646e-01,7.762938e-01
3.942500e-11,-1.682995e-08,2.305497e-08,-9.395543e-09,9.548511e-09,7.744555e-01,7.760153e-01,7.747639e-01,7.762945e-01
3.945000e-11,-1.628608e-08,2.269462e-08,-9.295898e-09,9.124493e-09,7.744542e-01,7.760170e-01,7.747632e-01,7.762952e-01
3.947500e-11,-1.566047e-08,2.222580e-08,-9.136631e-09,8.672911e-09,7.744530e-01,7.760187e-01,7.747625e-01,7.762959e-01
3.950000e-11,-1.495712e-08,2.165175e-08,-8.919275e-09,8.196150e-09,7.744519e-01,7.760204e-01,7.747618e-01,7.762966e-01
3.952500e-11,-1.418043e-08,2.097617e-08,-8.645673e-09,7.696721e-09,7.744508e-01,7.760220e-01,7.747612e-01,7.762972e-01
3.955000e-11,-1.333511e-08,2.020330e-08,-8.317968e-09,7.177248e-09,7.744497e-01,7.760235e-01,7.747605e-01,7.762977e-01
3.957500e-11,-1.242621e-08,1.933779e-08,-7.938588e-09,6.640455e-09,7.744487e-01,7.760250e-01,7.747599e-01,7.762983e-01
3.960000e-11,-1.145905e-08,1.838476e-08,-7.510227e-09,6.089147e-09,7.744478e-01,7.760265e-01,7.747593e-01,7.762987e-01
3.962500e-11,-1.043924e-08,1.734970e-08,-7.035833e-09,5.526201e-09,7.744470e-01,7.760278e-01,7.747588e-01,7.762992e-01
3.965000e-11,-9.372561e-09,1.623849e-08,-6.518586e-09,4.954543e-09,7.744463e-01,7.760291e-01,7.747583e-01,7.762996e-01
3.967500e-11,-8.265033e-09,1.505732e-08,-5.961875e-09,4.377137e-09,7.744456e-01,7.760303e-01,7.747578e-01,7.762999e-01
3.970000e-11,-7.122814e-09,1.381272e-08,-5.369284e-09,3.796965e-09,7.744450e-01,7.760314e-01,7.747574e-01,7.763002e-01
3.972500e-11,-5.952193e-09,1.251145e-08,-4.744566e-09,3.217016e-09,7.744445e-01,7.760324e-01,7.747570e-01,7.763005e-01
3.975000e-11,-4.759550e-09,1.116052e-08,-4.091620e-09,2.640265e-09,7.744441e-01,7.760333e-01,7.747566e-01,7.763007e-01
3.977500e-11,-3.551325e-09,9.767140e-09,-3.414473e-09,2.069659e-09,7.744438e-01,7.760341e-01,7.747564e-01,7.763009e-01
3.980000e-11,-2.333980e-09,8.338650e-09,-2.717248e-09,1.508101e-09,7.744436e-01,7.760348e-01,7.747561e-01,7.763010e-01
3.982500e-11,-1.113968e-09,6.882523e-09,-2.004148e-09,9.584352e-10,7.744434e-01,7.760353e-01,7.747559e-01,7.763011e-01
3.985000e-11,1.023004e-10,5.406303e-09,-1.279429e-09,4.234311e-10,7.744434e-01,7.760358e-01,7.747558e-01,7.763012e-01
3.987500e-11,1.308491e-09,3.917575e-09,-5.473738e-10,-9.423128e-11,7.744434e-01,7.760362e-01,7.747557e-01,7.763012e-01
3.990000e-11,2.498380e-09,2.423921e-09,1.877282e-10,-5.919752e-10,7.744436e-01,7.760364e-01,7.747557e-01,7.763012e-01
3.992500e-11,3.665881e-09,9.328813e-10,9.216086e-10,-1.067341e-09,7.744438e-01,7.760365e-01,7.747558e-01,7.763011e-01
3.995000e-11,4.805080e-09,-5.480772e-10,1.650042e-09,-1.517997e-09,7.744441e-01,7.760365e-01,7.747559e-01,7.763010e-01
3.997500e-11,5.910262e-09,-2.011605e-09,2.368868e-09,-1.941755e-09,7.744445e-01,7.760364e-01,7.747560e-01,7.763009e-01
4.000000e-11,6.975939e-09,-3.450503e-09,3.074017e-09,-2.336578e-09,7.744450e-01,7.760362e-01,7.747562e-01,7.763007e-01
4.002500e-11,7.996878e-09,-4.857759e-09,3.761529e-09,-2.700595e-09,7.744456e-01,7.760359e-01,7.747565e-01,7.763005e-01
4.005000e-11,8.968126e-09,-6.226581e-09,4.427578e-09,-3.032104e-09,7.744462e-01,7.760355e-01,7.747568e-01,7.763003e-01
4.007500e-11,9.885030e-09,-7.550430e-09,5.068488e-09,-3.329585e-09,7.744470e-01,7.760350e-01,7.747572e-01,7.763001e-01
4.010000e-11,1.074326e-08,-8.823051e-09,5.680757e-09,-3.591709e-09,7.744477e-01,7.760344e-01,7.747576e-01,7.762998e-01
4.012500e-11,1.153884e-08,-1.003850e-08,6.261070e-09,-3.817338e-09,7.744486e-01,7.760336e-01,7.747580e-01,7.762995e-01
4.015000e-11,1.226815e-08,-1.119119e-08,6.806322e-09,-4.005537e-09,7.744495e-01,7.760328e-01,7.747585e-01,7.762992e-01
4.017500e-11,1.292793e-08,-1.227587e-08,7.313629e-09,-4.155573e-09,7.744505e-01,7.760319e-01,7.747591e-01,7.762989e-01
4.020000e-11,1.351534e-08,-1.328770e-08,7.780343e-09,-4.266924e-09,7.744515e-01,7.760310e-01,7.747596e-01,7.762986e-01
4.022500e-11,1.402792e-08,-1.422226e-08,8.204066e-09,-4.339272e-09,7.744525e-01,7.760299e-01,7.747602e-01,7.762983e-01
4.025000e-11,1.446363e-08,-1.507553e-08,8.582663e-09,-4.372515e-09,7.744536e-01,7.760288e-01,7.747609e-01,7.762980e-01
4.027500e-11,1.482084e-08,-1.584397e-08,8.914268e-09,-4.366755e-09,7.744547e-01,7.760277e-01,7.747615e-01,7.762976e-01
4.030000e-11,1.509836e-08,-1.652448e-08,9.197294e-09,-4.322307e-09,7.744558e-01,7.760264e-01,7.747622e-01,7.762973e-01
4.032500e-11,1.529542e-08,-1.711443e-08,9.430440e-09,-4.239688e-09,7.744570e-01,7.760251e-01,7.747629e-01,7.762970e-01
4.035000e-11,1.541166e-08,-1.761169e-08,9.612698e-09,-4.119620e-09,7.744581e-01,7.760238e-01,7.747637e-01,7.762966e-01
4.037500e-11,1.544716e-08,-1.801460e-08,9.743352e-09,-3.963021e-09,7.744593e-01,7.760225e-01,7.747644e-01,7.762963e-01
4.040000e-11,1.540241e-08,-1.832200e-08,9.821982e-09,-3.770998e-09,7.744605e-01,7.760211e-01,7.747651e-01,7.762961e-01
4.042500e-11,1.527833e-08,-1.853323e-08,9.848467e-09,-3.544847e-09,7.744616e-01,7.760197e-01,7.747659e-01,7.762958e-01
4.045000e-11,1.507623e-08,-1.864812e-08,9.822976e-09,-3.286036e-09,7.744628e-01,7.760183e-01,7.747666e-01,7.762955e-01
4.047500e-11,1.479781e-08,-1.866697e-08,9.745974e-09,-2.996204e-09,7.744639e-01,7.760169e-01,7.747674e-01,7.762953e-01
4.050000e-11,1.444517e-08,-1.859060e-08,9.618210e-09,-2.677148e-09,7.744650e-01,7.760155e-01,7.747681e-01,7.762951e-01
4.052500e-11,1.402076e-08,-1.842028e-08,9.440714e-09,-2.330812e-09,7.744661e-01,7.760141e-01,7.747688e-01,7.762949e-01
4.055000e-11,1.352741e-08,-1.815774e-08,9.214789e-09,-1.959277e-09,7.744672e-01,7.760127e-01,7.747695e-01,7.762947e-01
4.057500e-11,1.296825e-08,-1.780518e-08,8.942000e-09,-1.564750e-09,7.744682e-01,7.760113e-01,7.747702e-01,7.762946e-01
4.060000e-11,1.234675e-08,-1.736523e-08,8.624167e-09,-1.149549e-09,7.744691e-01,7.760100e-01,7.747709e-01,7.762945e-01
4.062500e-11,1.166666e-08,-1.684092e-08,8.263348e-09,-7.160919e-10,7.744700e-01,7.760087e-01,7.747715e-01,7.762944e-01
4.065000e-11,1.093202e-08,-1.623571e-08,7.861832e-09,-2.668828e-10,7.744709e-01,7.760074e-01,7.747721e-01,7.762944e-01
4.067500e-11,1.014710e-08,-1.555342e-08,7.422117e-09,1.955022e-10,7.744717e-01,7.760062e-01,7.747727e-01,7.762944e-01
4.070000e-11,9.316402e-09,-1.479823e-08,6.946901e-09,6.684293e-10,7.744724e-01,7.760051e-01,7.747733e-01,7.762944e-01
4.072500e-11,8.444636e-09,-1.397465e-08,6.439065e-09,1.149221e-09,7.744731e-01,7.760040e-01,7.747738e-01,7.762945e-01
4.075000e-11,7.536677e-09,-1.308750e-08,5.901650e-09,1.635173e-09,7.744737e-01,7.760029e-01,7.747742e-01,7.762946e-01
4.077500e-11,6.597545e-09,-1.214186e-08,5.337847e-09,2.123563e-09,7.744743e-01,7.760020e-01,7.747747e-01,7.762947e-01
4.080000e-11,5.632385e-09,-1.114308e-08,4.750972e-09,2.611674e-09,7.744747e-01,7.760011e-01,7.747750e-01,7.762949e-01
4.082500e-11,4.646428e-09,-1.009673e-08,4.144450e-09,3.096802e-09,7.744751e-01,7.760003e-01,7.747754e-01,7.762951e-01
4.085000e-11,3.644973e-09,-9.008548e-09,3.521793e-09,3.576273e-09,7.744754e-01,7.759996e-01,7.747757e-01,7.762954e-01
4.087500e-11,2.633353e-09,-7.884448e-09,2.886583e-09,4.047458e-09,7.744757e-01,7.759989e-01,7.747759e-01,7.762957e-01
4.090000e-11,1.616907e-09,-6.730467e-09,2.242447e-09,4.507785e-09,7.744758e-01,7.759984e-01,7.747761e-01,7.762960e-01
4.092500e-11,6.009550e-10,-5.552734e-09,1.593042e-09,4.954755e-09,7.744759e-01,7.759979e-01,7.747763e-01,7.762963e-01
4.095000e-11,-4.092304e-10,-4.357445e-09,9.420302e-10,5.385954e-09,7.744759e-01,7.759975e-01,7.747764e-01,7.762967e-01
4.097500e-11,-1.408452e-09,-3.150822e-09,2.930614e-10,5.799064e-09,7.744758e-01,7.759973e-01,7.747764e-01,7.762972e-01
4.100000e-11,-2.391613e-09,-1.939088e-09,-3.502490e-10,6.191878e-09,7.744757e-01,7.759971e-01,7.747764e-01,7.762976e-01
4.102500e-11,-3.353744e-09,-7.284327e-10,-9.843390e-10,6.562310e-09,7.744755e-01,7.759970e-01,7.747763e-01,7.762981e-01
4.105000e-11,-4.290025e-09,4.750204e-10,-1.605719e-09,6.908404e-09,7.744752e-01,7.759969e-01,7.747762e-01,7.762986e-01
4.107500e-11,-5.195814e-09,1.665242e-09,-2.210993e-09,7.228346e-09,7.744748e-01,7.759970e-01,7.747761e-01,7.762991e-01
4.110000e-11,-6.066665e-09,2.836326e-09,-2.796871e-09,7.520475e-09,7.744744e-01,7.759972e-01,7.747759e-01,7.762997e-01
4.112500e-11,-6.898349e-09,3.982525e-09,-3.360194e-09,7.783286e-09,7.744739e-01,7.759975e-01,7.747757e-01,7.763003e-01
4.115000e-11,-7.686879e-09,5.098268e-09,-3.897947e-09,8.015440e-09,7.744734e-01,7.759978e-01,7.747754e-01,7.763009e-01
4.117500e-11,-8.428523e-09,6.178196e-09,-4.407271e-09,8.215773e-09,7.744727e-01,7.759982e-01,7.747751e-01,7.763015e-01
4.120000e-11,-9.119827e-09,7.217183e-09,-4.885487e-09,8.383296e-09,7.744721e-01,7.759987e-01,7.747747e-01,7.763021e-01
4.122500e-11,-9.757623e-09,8.210362e-09,-5.330100e-09,8.517206e-09,7.744714e-01,7.759993e-01,7.747744e-01,7.763028e-01
4.125000e-11,-1.033905e-08,9.153145e-09,-5.738818e-09,8.616881e-09,7.744706e-01,7.760000e-01,7.747739e-01,7.763034e-01
4.127500e-11,-1.086156e-08,1.004125e-08,-6.109561e-09,8.681892e-09,7.744698e-01,7.760007e-01,7.747735e-01,7.763041e-01
4.130000e-11,-1.132294e-08,1.087070e-08,-6.440471e-09,8.711997e-09,7.744690e-01,7.760015e-01,7.747730e-01,7.763047e-01
4.132500e-11,-1.172131e-08,1.163787e-08,-6.729922e-09,8.707145e-09,7.744681e-01,7.760024e-01,7.747725e-01,7.763054e-01
4.135000e-11,-1.205512e-08,1.233949e-08,-6.976525e-09,8.667473e-09,7.744672e-01,7.760033e-01,7.747720e-01,7.763061e-01
4.137500e-11,-1.232318e-08,1.297265e-08,-7.179139e-09,8.593307e-09,7.744663e-01,7.760042e-01,7.747714e-01,7.763067e-01
4.140000e-11,-1.252465e-08,1.353481e-08,-7.336871e-09,8.485157e-09,7.744653e-01,7.760052e-01,7.747709e-01,7.763074e-01
4.142500e-11,-1.265903e-08,1.402383e-08,-7.449081e-09,8.343715e-09,7.744644e-01,7.760063e-01,7.747703e-01,7.763080e-01
4.145000e-11,-1.272620e-08,1.443796e-08,-7.515386e-09,8.169849e-09,7.744634e-01,7.760074e-01,7.747698e-01,7.763086e-01
4.147500e-11,-1.272636e-08,1.477584e-08,-7.535655e-09,7.964599e-09,7.744624e-01,7.760085e-01,7.747692e-01,7.763092e-01
4.150000e-11,-1.266006e-08,1.503653e-08,-7.510017e-09,7.729166e-09,7.744615e-01,7.760096e-01,7.747686e-01,7.763098e-01
4.152500e-11,-1.252821e-08,1.521947e-08,-7.438850e-09,7.464914e-09,7.744605e-01,7.760107e-01,7.747681e-01,7.763104e-01
4.155000e-11,-1.233202e-08,1.532452e-08,-7.322783e-09,7.173350e-09,7.744596e-01,7.760119e-01,7.747675e-01,7.763110e-01
4.157500e-11,-1.207305e-08,1.535194e-08,-7.162688e-09,6.856125e-09,7.744586e-01,7.760131e-01,7.747670e-01,7.763115e-01
4.160000e-11,-1.175316e-08,1.530238e-08,-6.959675e-09,6.515019e-09,7.744577e-01,7.760142e-01,7.747664e-01,7.763120e-01
4.162500e-11,-1.137450e-08,1.517686e-08,-6.715086e-09,6.151932e-09,7.744569e-01,7.760154e-01,7.747659e-01,7.763125e-01
4.165000e-11,-1.093954e-08,1.497680e-08,-6.430483e-09,5.768874e-09,7.744560e-01,7.760165e-01,7.747654e-01,7.763129e-01
4.167500e-11,-1.045097e-08,1.470398e-08,-6.107640e-09,5.367952e-09,7.744552e-01,7.760177e-01,7.747649e-01,7.763134e-01
4.170000e-11,-9.911787e-09,1.436054e-08,-5.748534e-09,4.951360e-09,7.744544e-01,7.760188e-01,7.747645e-01,7.763137e-01
4.172500e-11,-9.325183e-09,1.394894e-08,-5.355328e-09,4.521364e-09,7.744537e-01,7.760198e-01,7.747641e-01,7.763141e-01
4.175000e-11,-8.694589e-09,1.347198e-08,-4.930363e-09,4.080293e-09,7.744530e-01,7.760209e-01,7.747637e-01,7.763144e-01
4.177500e-11,-8.023630e-09,1.293276e-08,-4.476141e-09,3.630522e-09,7.744524e-01,7.760219e-01,7.747633e-01,7.763147e-01
4.180000e-11,-7.316110e-09,1.233467e-08,-3.995312e-09,3.174462e-09,7.744518e-01,7.760228e-01,7.747630e-01,7.763150e-01
4.182500e-11,-6.575989e-09,1.168138e-08,-3.490658e-09,2.714548e-09,7.744513e-01,7.760237e-01,7.747627e-01,7.763152e-01
4.185000e-11,-5.807362e-09,1.097677e-08,-2.965077e-09,2.253219e-09,7.744508e-01,7.760246e-01,7.747625e-01,7.763154e-01
4.187500e-11,-5.014436e-09,1.022497e-08,-2.421568e-09,1.792912e-09,7.744504e-01,7.760254e-01,7.747623e-01,7.763156e-01
4.190000e-11,-4.201510e-09,9.430320e-09,-1.863211e-09,1.336047e-09,7.744500e-01,7.760262e-01,7.747621e-01,7.763157e-01
4.192500e-11,-3.372950e-09,8.597306e-09,-1.293152e-09,8.850104e-10,7.744498e-01,7.760268e-01,7.747620e-01,7.763158e-01
4.195000e-11,-2.533163e-09,7.730582e-09,-7.145849e-10,4.421472e-10,7.744495e-01,7.760275e-01,7.747619e-01,7.763158e-01
4.197500e-11,-1.686581e-09,6.834924e-09,-1.307346e-10,9.745435e-12,7.744494e-01,7.760280e-01,7.747619e-01,7.763158e-01
4.200000e-11,-8.376307e-10,5.915209e-09,4.551624e-10,-4.099752e-10,7.744493e-01,7.760285e-01,7.747619e-01,7.763158e-01
4.202500e-11,9.285630e-12,4.976385e-09,1.039875e-09,-8.148745e-10,7.744492e-01,7.760289e-01,7.747619e-01,7.763158e-01
4.205000e-11,8.498130e-10,4.023450e-09,1.620193e-09,-1.202904e-09,7.744493e-01,7.760292e-01,7.747620e-01,7.763157e-01
4.207500e-11,1.679666e-09,3.061422e-09,2.192950e-09,-1.572115e-09,7.744494e-01,7.760295e-01,7.747622e-01,7.763156e-01
4.210000e-11,2.494652e-09,2.095312e-09,2.755034e-09,-1.920673e-09,7.744495e-01,7.760297e-01,7.747624e-01,7.763154e-01
4.212500e-11,3.290688e-09,1.130105e-09,3.303407e-09,-2.246863e-09,7.744498e-01,7.760298e-01,7.747626e-01,7.763153e-01
4.215000e-11,4.063826e-09,1.707269e-10,3.835121e-09,-2.549100e-09,7.744500e-01,7.760299e-01,7.747629e-01,7.763151e-01
4.217500e-11,4.810267e-09,-7.779764e-10,4.347334e-09,-2.825936e-09,7.744504e-01,7.760299e-01,7.747632e-01,7.763149e-01
4.220000e-11,5.526383e-09,-1.711263e-09,4.837325e-09,-3.076069e-09,7.744508e-01,7.760298e-01,7.747635e-01,7.763147e-01
4.222500e-11,6.208734e-09,-2.624521e-09,5.302505e-09,-3.298347e-09,7.744512e-01,7.760296e-01,7.747639e-01,7.763144e-01
4.225000e-11,6.854082e-09,-3.513286e-09,5.740435e-09,-3.491774e-09,7.744517e-01,7.760294e-01,7.747643e-01,7.763142e-01
4.227500e-11,7.459408e-09,-4.373269e-09,6.148834e-09,-3.655517e-09,7.744522e-01,7.760291e-01,7.747648e-01,7.763139e-01
4.230000e-11,8.021923e-09,-5.200370e-09,6.525595e-09,-3.788906e-09,7.744528e-01,7.760287e-01,7.747653e-01,7.763136e-01
4.232500e-11,8.539085e-09,-5.990704e-09,6.868792e-09,-3.891440e-09,7.744535e-01,7.760283e-01,7.747658e-01,7.763133e-01
4.235000e-11,9.008606e-09,-6.740613e-09,7.176689e-09,-3.962785e-09,7.744541e-01,7.760278e-01,7.747663e-01,7.763130e-01
4.237500e-11,9.428464e-09,-7.446686e-09,7.447752e-09,-4.002779e-09,7.744548e-01,7.760273e-01,7.747669e-01,7.763127e-01
4.240000e-11,9.796907e-09,-8.105773e-09,7.680653e-09,-4.011431e-09,7.744556e-01,7.760267e-01,7.747674e-01,7.763124e-01
4.242500e-11,1.011247e-08,-8.714998e-09,7.874277e-09,-3.988918e-09,7.744563e-01,7.760260e-01,7.747680e-01,7.763121e-01
4.245000e-11,1.037396e-08,-9.271773e-09,8.027727e-09,-3.935584e-09,7.744571e-01,7.760254e-01,7.747686e-01,7.763118e-01
4.247500e-11,1.058048e-08,-9.773807e-09,8.140329e-09,-3.851940e-09,7.744579e-01,7.760246e-01,7.747692e-01,7.763115e-01
4.250000e-11,1.073143e-08,-1.021911e-08,8.211631e-09,-3.738657e-09,7.744587e-01,7.760239e-01,7.747699e-01,7.763112e-01
4.252500e-11,1.082650e-08,-1.060602e-08,8.241407e-09,-3.596563e-09,7.744595e-01,7.760231e-01,7.747705e-01,7.763110e-01
4.255000e-11,1.086566e-08,-1.093317e-08,8.229656e-09,-3.426637e-09,7.744603e-01,7.760223e-01,7.747711e-01,7.763107e-01
4.257500e-11,1.084917e-08,-1.119954e-08,8.176603e-09,-3.230003e-09,7.744612e-01,7.760214e-01,7.747717e-01,7.763105e-01
4.260000e-11,1.077759e-08,-1.140442e-08,8.082691e-09,-3.007925e-09,7.744620e-01,7.760206e-01,7.747723e-01,7.763102e-01
4.262500e-11,1.065173e-08,-1.154742e-08,7.948584e-09,-2.761797e-09,7.744628e-01,7.760197e-01,7.747730e-01,7.763100e-01
4.265000e-11,1.047271e-08,-1.162849e-08,7.775158e-09,-2.493136e-09,7.744636e-01,7.760188e-01,7.747736e-01,7.763098e-01
4.267500e-11,1.024188e-08,-1.164788e-08,7.563497e-09,-2.203574e-09,7.744644e-01,7.760179e-01,7.747741e-01,7.763096e-01
4.270000e-11,9.960858e-09,-1.160618e-08,7.314884e-09,-1.894846e-09,7.744651e-01,7.760171e-01,7.747747e-01,7.763095e-01
4.272500e-11,9.631514e-09,-1.150428e-08,7.030795e-09,-1.568782e-09,7.744659e-01,7.760162e-01,7.747752e-01,7.763093e-01
4.275000e-11,9.255942e-09,-1.134335e-08,6.712891e-09,-1.227296e-09,7.744666e-01,7.760153e-01,7.747758e-01,7.763092e-01
4.277500e-11,8.836457e-09,-1.112488e-08,6.363004e-09,-8.723768e-10,7.744673e-01,7.760145e-01,7.747763e-01,7.763091e-01
4.280000e-11,8.375581e-09,-1.085063e-08,5.983129e-09,-5.060740e-10,7.744679e-01,7.760136e-01,7.747767e-01,7.763091e-01
4.282500e-11,7.876028e-09,-1.052264e-08,5.575414e-09,-1.304888e-10,7.744686e-01,7.760128e-01,7.747772e-01,7.763091e-01
4.285000e-11,7.340685e-09,-1.014319e-08,5.142144e-09,2.522387e-10,7.744691e-01,7.760120e-01,7.747776e-01,7.763091e-01
4.287500e-11,6.772601e-09,-9.714824e-09,4.685730e-09,6.399406e-10,7.744697e-01,7.760113e-01,7.747779e-01,7.763091e-01
4.290000e-11,6.174966e-09,-9.240285e-09,4.208695e-09,1.030434e-09,7.744702e-01,7.760106e-01,7.747783e-01,7.763092e-01
4.292500e-11,5.551095e-09,-8.722546e-09,3.713661e-09,1.421531e-09,7.744706e-01,7.760099e-01,7.747786e-01,7.763093e-01
4.295000e-11,4.904408e-09,-8.164767e-09,3.203330e-09,1.811054e-09,7.744710e-01,7.760092e-01,7.747788e-01,7.763094e-01
4.297500e-11,4.238415e-09,-7.570280e-09,2.680477e-09,2.196844e-09,7.744714e-01,7.760086e-01,7.747791e-01,7.763095e-01
4.300000e-11,3.556694e-09,-6.942575e-09,2.147927e-09,2.576772e-09,7.744716e-01,7.760081e-01,7.747793e-01,7.763097e-01
4.302500e-11,2.862873e-09,-6.285273e-09,1.608544e-09,2.948756e-09,7.744719e-01,7.760076e-01,7.747794e-01,7.763099e-01
4.305000e-11,2.160610e-09,-5.602114e-09,1.065212e-09,3.310764e-09,7.744721e-01,7.760071e-01,7.747795e-01,7.763102e-01
4.307500e-11,1.453576e-09,-4.896930e-09,5.208253e-10,3.660830e-09,7.744722e-01,7.760067e-01,7.747796e-01,7.763104e-01
4.310000e-11,7.454339e-10,-4.173628e-09,-2.173374e-11,3.997064e-09,7.744723e-01,7.760064e-01,7.747796e-01,7.763107e-01
4.312500e-11,3.982184e-11,-3.436164e-09,-5.596058e-10,4.317660e-09,7.744723e-01,7.760061e-01,7.747796e-01,7.763110e-01
4.315000e-11,-6.596674e-10,-2.688530e-09,-1.089971e-09,4.620904e-09,7.744723e-01,7.760059e-01,7.747795e-01,7.763114e-01
4.317500e-11,-1.349503e-09,-1.934725e-09,-1.610064e-09,4.905190e-09,7.744722e-01,7.760057e-01,7.747794e-01,7.763117e-01
4.320000e-11,-2.026236e-09,-1.178739e-09,-2.117188e-09,5.169018e-09,7.744721e-01,7.760056e-01,7.747792e-01,7.763121e-01
4.322500e-11,-2.686512e-09,-4.245287e-10,-2.608729e-09,5.411010e-09,7.744719e-01,7.760055e-01,7.747791e-01,7.763125e-01
4.325000e-11,-3.327092e-09,3.239982e-10,-3.082169e-09,5.629912e-09,7.744717e-01,7.760055e-01,7.747789e-01,7.763129e-01
4.327500e-11,-3.944865e-09,1.063007e-09,-3.535099e-09,5.824603e-09,7.744714e-01,7.760056e-01,7.747786e-01,7.763134e-01
4.330000e-11,-4.536866e-09,1.788753e-09,-3.965232e-09,5.994097e-09,7.744711e-01,7.760057e-01,7.747783e-01,7.763138e-01
4.332500e-11,-5.100287e-09,2.497600e-09,-4.370414e-09,6.137552e-09,7.744707e-01,7.760058e-01,7.747780e-01,7.763143e-01
4.335000e-11,-5.632491e-09,3.186040e-09,-4.748633e-09,6.254271e-09,7.744703e-01,7.760061e-01,7.747777e-01,7.763148e-01
4.337500e-11,-6.131023e-09,3.850708e-09,-5.098032e-09,6.343704e-09,7.744699e-01,7.760063e-01,7.747773e-01,7.763152e-01
4.340000e-11,-6.593626e-09,4.488399e-09,-5.416917e-09,6.405454e-09,7.744694e-01,7.760066e-01,7.747769e-01,7.763157e-01
4.342500e-11,-7.018242e-09,5.096083e-09,-5.703763e-09,6.439276e-09,7.744689e-01,7.760070e-01,7.747765e-01,7.763162e-01
4.345000e-11,-7.403030e-09,5.670919e-09,-5.957223e-09,6.445076e-09,7.744683e-01,7.760074e-01,7.747760e-01,7.763167e-01
4.347500e-11,-7.746368e-09,6.210267e-09,-6.176136e-09,6.422915e-09,7.744678e-01,7.760079e-01,7.747756e-01,7.763172e-01
4.350000e-11,-8.046860e-09,6.711701e-09,-6.359528e-09,6.373004e-09,7.744672e-01,7.760083e-01,7.747751e-01,7.763177e-01
4.352500e-11,-8.303343e-09,7.173019e-09,-6.506619e-09,6.295705e-09,7.744665e-01,7.760089e-01,7.747746e-01,7.763182e-01
4.355000e-11,-8.514891e-09,7.592251e-09,-6.616826e-09,6.191523e-09,7.744659e-01,7.760094e-01,7.747741e-01,7.763186e-01
4.357500e-11,-8.680813e-09,7.967669e-09,-6.689761e-09,6.061113e-09,7.744653e-01,7.760100e-01,7.747736e-01,7.763191e-01
4.360000e-11,-8.800662e-09,8.297791e-09,-6.725240e-09,5.905262e-09,7.744646e-01,7.760106e-01,7.747731e-01,7.763195e-01
4.362500e-11,-8.874229e-09,8.581390e-09,-6.723275e-09,5.724897e-09,7.744639e-01,7.760113e-01,7.747726e-01,7.763200e-01
4.365000e-11,-8.901545e-09,8.817493e-09,-6.684075e-09,5.521071e-09,7.744632e-01,7.760119e-01,7.747721e-01,7.763204e-01
4.367500e-11,-8.882878e-09,9.005385e-09,-6.608048e-09,5.294958e-09,7.744626e-01,7.760126e-01,7.747716e-01,7.763208e-01
4.370000e-11,-8.818728e-09,9.144614e-09,-6.495792e-09,5.047850e-09,7.744619e-01,7.760133e-01,7.747711e-01,7.763212e-01
4.372500e-11,-8.709825e-09,9.234984e-09,-6.348092e-09,4.781145e-09,7.744612e-01,7.760140e-01,7.747706e-01,7.763216e-01
4.375000e-11,-8.557121e-09,9.276559e-09,-6.165919e-09,4.496341e-09,7.744606e-01,7.760147e-01,7.747701e-01,7.763219e-01
4.377500e-11,-8.361786e-09,9.269656e-09,-5.950417e-09,4.195027e-09,7.744599e-01,7.760154e-01,7.747696e-01,7.763223e-01
4.380000e-11,-8.125196e-09,9.214845e-09,-5.702902e-09,3.878875e-09,7.744593e-01,7.760161e-01,7.747692e-01,7.763226e-01
4.382500e-11,-7.848927e-09,9.112938e-09,-5.424851e-09,3.549626e-09,7.744587e-01,7.760168e-01,7.747688e-01,7.763229e-01
4.385000e-11,-7.534745e-09,8.964985e-09,-5.117893e-09,3.209088e-09,7.744581e-01,7.760175e-01,7.747684e-01,7.763231e-01
4.387500e-11,-7.184593e-09,8.772269e-09,-4.783802e-09,2.859121e-09,7.744576e-01,7.760182e-01,7.747680e-01,7.763233e-01
4.390000e-11,-6.800583e-09,8.536292e-09,-4.424483e-09,2.501624e-09,7.744570e-01,7.760188e-01,7.747677e-01,7.763235e-01
4.392500e-11,-6.384980e-09,8.258765e-09,-4.041964e-09,2.138532e-09,7.744565e-01,7.760195e-01,7.747673e-01,7.763237e-01
4.395000e-11,-5.940191e-09,7.941602e-09,-3.638385e-09,1.771798e-09,7.744561e-01,7.760201e-01,7.747670e-01,7.763239e-01
4.397500e-11,-5.468752e-09,7.586903e-09,-3.215982e-09,1.403389e-09,7.744556e-01,7.760207e-01,7.747668e-01,7.763240e-01
4.400000e-11,-4.973311e-09,7.196942e-09,-2.777081e-09,1.035269e-09,7.744552e-01,7.760212e-01,7.747666e-01,7.763241e-01
4.402500e-11,-4.456618e-09,6.774154e-09,-2.324079e-09,6.693932e-10,7.744549e-01,7.760218e-01,7.747664e-01,7.763241e-01
4.405000e-11,-3.921503e-09,6.321121e-09,-1.859434e-09,3.076943e-10,7.744546e-01,7.760222e-01,7.747662e-01,7.763242e-01
4.407500e-11,-3.370870e-09,5.840556e-09,-1.385652e-09,-4.792560e-11,7.744543e-01,7.760227e-01,7.747661e-01,7.763242e-01
4.410000e-11,-2.807672e-09,5.335288e-09,-9.052716e-10,-3.956063e-10,7.744540e-01,7.760231e-01,7.747660e-01,7.763242e-01
4.412500e-11,-2.234902e-09,4.808244e-09,-4.208524e-10,-7.335391e-10,7.744539e-01,7.760235e-01,7.747659e-01,7.763241e-01
4.415000e-11,-1.655575e-09,4.262437e-09,6.503991e-11,-1.059976e-09,7.744537e-01,7.760239e-01,7.747659e-01,7.763241e-01
4.417500e-11,-1.072712e-09,3.700944e-09,5.498469e-10,-1.373240e-09,7.744536e-01,7.760242e-01,7.747660e-01,7.763240e-01
4.420000e-11,-4.893238e-10,3.126893e-09,1.031031e-09,-1.671731e-09,7.744535e-01,7.760244e-01,7.747660e-01,7.763239e-01
4.422500e-11,9.160107e-11,2.543446e-09,1.506087e-09,-1.953939e-09,7.744535e-01,7.760246e-01,7.747661e-01,7.763237e-01
4.425000e-11,6.671156e-10,1.953777e-09,1.972558e-09,-2.218446e-09,7.744536e-01,7.760248e-01,7.747662e-01,7.763236e-01
4.427500e-11,1.234327e-09,1.361064e-09,2.428048e-09,-2.463937e-09,7.744536e-01,7.760249e-01,7.747664e-01,7.763234e-01
4.430000e-11,1.790410e-09,7.684626e-10,2.870228e-09,-2.689207e-09,7.744537e-01,7.760250e-01,7.747666e-01,7.763232e-01
4.432500e-11,2.332624e-09,1.790973e-10,3.296857e-09,-2.893163e-09,7.744539e-01,7.760251e-01,7.747668e-01,7.763230e-01
4.435000e-11,2.858322e-09,-4.039589e-10,3.705788e-09,-3.074834e-09,7.744541e-01,7.760250e-01,7.747671e-01,7.763228e-01
4.437500e-11,3.364969e-09,-9.776984e-10,4.094978e-09,-3.233372e-09,7.744543e-01,7.760250e-01,7.747674e-01,7.763225e-01
4.440000e-11,3.850146e-09,-1.539195e-09,4.462501e-09,-3.368061e-09,7.744546e-01,7.760249e-01,7.747677e-01,7.763223e-01
4.442500e-11,4.311571e-09,-2.085617e-09,4.806557e-09,-3.478311e-09,7.744549e-01,7.760248e-01,7.747681e-01,7.763220e-01
4.445000e-11,4.747102e-09,-2.614244e-09,5.125476e-09,-3.563673e-09,7.744553e-01,7.760246e-01,7.747685e-01,7.763217e-01
4.447500e-11,5.154748e-09,-3.122477e-09,5.417735e-09,-3.623829e-09,7.744556e-01,7.760244e-01,7.747689e-01,7.763215e-01
4.450000e-11,5.532681e-09,-3.607852e-09,5.681957e-09,-3.658601e-09,7.744560e-01,7.760241e-01,7.747693e-01,7.763212e-01
4.452500e-11,5.879242e-09,-4.068053e-09,5.916919e-09,-3.667947e-09,7.744565e-01,7.760238e-01,7.747697e-01,7.763209e-01
4.455000e-11,6.192946e-09,-4.500919e-09,6.121562e-09,-3.651964e-09,7.744569e-01,7.760235e-01,7.747702e-01,7.763206e-01
4.457500e-11,6.472492e-09,-4.904459e-09,6.294990e-09,-3.610883e-09,7.744574e-01,7.760231e-01,7.747706e-01,7.763204e-01
4.460000e-11,6.716765e-09,-5.276856e-09,6.436476e-09,-3.545071e-09,7.744579e-01,7.760228e-01,7.747711e-01,7.763201e-01
4.462500e-11,6.924840e-09,-5.616477e-09,6.545466e-09,-3.455024e-09,7.744584e-01,7.760223e-01,7.747716e-01,7.763198e-01
4.465000e-11,7.095988e-09,-5.921880e-09,6.621578e-09,-3.341368e-09,7.744590e-01,7.760219e-01,7.747721e-01,7.763196e-01
4.467500e-11,7.229674e-09,-6.191819e-09,6.664604e-09,-3.204852e-09,7.744595e-01,7.760214e-01,7.747726e-01,7.763193e-01
4.470000e-11,7.325559e-09,-6.425248e-09,6.674514e-09,-3.046347e-09,7.744601e-01,7.760210e-01,7.747731e-01,7.763191e-01
4.472500e-11,7.383504e-09,-6.621326e-09,6.651446e-09,-2.866835e-09,7.744606e-01,7.760205e-01,7.747736e-01,7.763189e-01
4.475000e-11,7.403562e-09,-6.779417e-09,6.595714e-09,-2.667409e-09,7.744612e-01,7.760200e-01,7.747741e-01,7.763186e-01
4.477500e-11,7.385982e-09,-6.899094e-09,6.507800e-09,-2.449263e-09,7.744617e-01,7.760194e-01,7.747746e-01,7.763185e-01
4.480000e-11,7.331201e-09,-6.980137e-09,6.388348e-09,-2.213685e-09,7.744623e-01,7.760189e-01,7.747751e-01,7.763183e-01
4.482500e-11,7.239846e-09,-7.022534e-09,6.238168e-09,-1.962053e-09,7.744629e-01,7.760184e-01,7.747756e-01,7.763181e-01
4.485000e-11,7.112721e-09,-7.026477e-09,6.058221e-09,-1.695825e-09,7.744634e-01,7.760178e-01,7.747761e-01,7.763180e-01
4.487500e-11,6.950810e-09,-6.992360e-09,5.849619e-09,-1.416528e-09,7.744639e-01,7.760173e-01,7.747765e-01,7.763179e-01
4.490000e-11,6.755262e-09,-6.920773e-09,5.613618e-09,-1.125756e-09,7.744644e-01,7.760168e-01,7.747770e-01,7.763178e-01
4.492500e-11,6.527390e-09,-6.812501e-09,5.351608e-09,-8.251532e-10,7.744650e-01,7.760163e-01,7.747774e-01,7.763177e-01
4.495000e-11,6.268659e-09,-6.668513e-09,5.065104e-09,-5.164127e-10,7.744654e-01,7.760158e-01,7.747778e-01,7.763176e-01
4.497500e-11,5.980680e-09,-6.489960e-09,4.755743e-09,-2.012616e-10,7.744659e-01,7.760153e-01,7.747781e-01,7.763176e-01
4.500000e-11,5.665197e-09,-6.278161e-09,4.425268e-09,1.185459e-10,7.744663e-01,7.760148e-01,7.747785e-01,7.763176e-01
4.502500e-11,5.324078e-09,-6.034600e-09,4.075522e-09,4.412391e-10,7.744668e-01,7.760143e-01,7.747788e-01,7.763176e-01
4.505000e-11,4.959307e-09,-5.760913e-09,3.708437e-09,7.650394e-10,7.744672e-01,7.760139e-01,7.747791e-01,7.763177e-01
4.507500e-11,4.572968e-09,-5.458880e-09,3.326021e-09,1.088171e-09,7.744675e-01,7.760134e-01,7.747794e-01,7.763177e-01
4.510000e-11,4.167237e-09,-5.130413e-09,2.930350e-09,1.408869e-09,7.744678e-01,7.760130e-01,7.747796e-01,7.763178e-01
4.512500e-11,3.744369e-09,-4.777543e-09,2.523557e-09,1.725392e-09,7.744681e-01,7.760127e-01,7.747798e-01,7.763180e-01
4.515000e-11,3.306685e-09,-4.402411e-09,2.107817e-09,2.036025e-09,7.744684e-01,7.760123e-01,7.747800e-01,7.763181e-01
4.517500e-11,2.856560e-09,-4.007254e-09,1.685338e-09,2.339097e-09,7.744686e-01,7.760120e-01,7.747801e-01,7.763183e-01
4.520000e-11,2.396411e-09,-3.594393e-09,1.258348e-09,2.632981e-09,7.744688e-01,7.760117e-01,7.747802e-01,7.763185e-01
4.522500e-11,1.928681e-09,-3.166218e-09,8.290847e-10,2.916111e-09,7.744690e-01,7.760114e-01,7.747803e-01,7.763187e-01
4.525000e-11,1.455832e-09,-2.725176e-09,3.997823e-10,3.186982e-09,7.744691e-01,7.760112e-01,7.747804e-01,7.763189e-01
4.527500e-11,9.803264e-10,-2.273759e-09,-2.734015e-11,3.444166e-09,7.744692e-01,7.760110e-01,7.747804e-01,7.763192e-01
4.530000e-11,5.046177e-10,-1.814486e-09,-4.500897e-10,3.686310e-09,7.744693e-01,7.760109e-01,7.747804e-01,7.763194e-01
4.532500e-11,3.113704e-11,-1.349893e-09,-8.663108e-10,3.912153e-09,7.744693e-01,7.760108e-01,7.747803e-01,7.763197e-01
4.535000e-11,-4.377192e-10,-8.825212e-10,-1.273897e-09,4.120522e-09,7.744693e-01,7.760107e-01,7.747802e-01,7.763200e-01
4.537500e-11,-8.996010e-10,-4.148965e-10,-1.670800e-09,4.310348e-09,7.744692e-01,7.760106e-01,7.747801e-01,7.763203e-01
4.540000e-11,-1.352217e-09,5.047737e-11,-2.055043e-09,4.480664e-09,7.744692e-01,7.760106e-01,7.747800e-01,7.763207e-01
4.542500e-11,-1.793344e-09,5.111344e-10,-2.424728e-09,4.630612e-09,7.744690e-01,7.760106e-01,7.747798e-01,7.763210e-01
4.545000e-11,-2.220840e-09,9.646588e-10,-2.778044e-09,4.759447e-09,7.744689e-01,7.760107e-01,7.747796e-01,7.763214e-01
4.547500e-11,-2.632654e-09,1.408697e-09,-3.113281e-09,4.866542e-09,7.744687e-01,7.760108e-01,7.747794e-01,7.763217e-01
4.550000e-11,-3.026833e-09,1.840971e-09,-3.428832e-09,4.951389e-09,7.744685e-01,7.760109e-01,7.747791e-01,7.763221e-01
4.552500e-11,-3.401535e-09,2.259286e-09,-3.723207e-09,5.013600e-09,7.744682e-01,7.760111e-01,7.747789e-01,7.763225e-01
4.555000e-11,-3.755034e-09,2.661546e-09,-3.995033e-09,5.052911e-09,7.744680e-01,7.760112e-01,7.747786e-01,7.763229e-01
4.557500e-11,-4.085731e-09,3.045760e-09,-4.243068e-09,5.069184e-09,7.744677e-01,7.760115e-01,7.747783e-01,7.763233e-01
4.560000e-11,-4.392157e-09,3.410055e-09,-4.466199e-09,5.062402e-09,7.744674e-01,7.760117e-01,7.747779e-01,7.763236e-01
4.562500e-11,-4.672984e-09,3.752682e-09,-4.663453e-09,5.032673e-09,7.744670e-01,7.760120e-01,7.747776e-01,7.763240e-01
4.565000e-11,-4.927027e-09,4.072024e-09,-4.833998e-09,4.980228e-09,7.744666e-01,7.760123e-01,7.747772e-01,7.763244e-01
4.567500e-11,-5.153248e-09,4.366606e-09,-4.977146e-09,4.905418e-09,7.744663e-01,7.760126e-01,7.747769e-01,7.763248e-01
4.570000e-11,-5.350764e-09,4.635099e-09,-5.092359e-09,4.808712e-09,7.744659e-01,7.760129e-01,7.747765e-01,7.763251e-01
4.572500e-11,-5.518846e-09,4.876326e-09,-5.179246e-09,4.690695e-09,7.744654e-01,7.760133e-01,7.747761e-01,7.763255e-01
4.575000e-11,-5.656926e-09,5.089268e-09,-5.237568e-09,4.552063e-09,7.744650e-01,7.760137e-01,7.747757e-01,7.763259e-01
4.577500e-11,-5.764590e-09,5.273067e-09,-5.267236e-09,4.393619e-09,7.744646e-01,7.760141e-01,7.747753e-01,7.763262e-01
4.580000e-11,-5.841590e-09,5.427027e-09,-5.268310e-09,4.216268e-09,7.744642e-01,7.760145e-01,7.747749e-01,7.763265e-01
4.582500e-11,-5.887832e-09,5.550622e-09,-5.241000e-09,4.021014e-09,7.744637e-01,7.760149e-01,7.747745e-01,7.763268e-01
4.585000e-11,-5.903385e-09,5.643488e-09,-5.185662e-09,3.808951e-09,7.744633e-01,7.760153e-01,7.747741e-01,7.763271e-01
4.587500e-11,-5.888471e-09,5.705434e-09,-5.102796e-09,3.581258e-09,7.744628e-01,7.760157e-01,7.747737e-01,7.763274e-01
4.590000e-11,-5.843470e-09,5.736432e-09,-4.993039e-09,3.339192e-09,7.744624e-01,7.760162e-01,7.747733e-01,7.763277e-01
4.592500e-11,-5.768909e-09,5.736622e-09,-4.857167e-09,3.084082e-09,7.744619e-01,7.760166e-01,7.747730e-01,7.763279e-01
4.595000e-11,-5.665464e-09,5.706305e-09,-4.696085e-09,2.817321e-09,7.744615e-01,7.760170e-01,7.747726e-01,7.763281e-01
4.597500e-11,-5.533949e-09,5.645943e-09,-4.510823e-09,2.540358e-09,7.744611e-01,7.760175e-01,7.747722e-01,7.763283e-01
4.600000e-11,-5.375319e-09,5.556154e-09,-4.302528e-09,2.254689e-09,7.744607e-01,7.760179e-01,7.747719e-01,7.763285e-01
4.602500e-11,-5.190655e-09,5.437707e-09,-4.072461e-09,1.961852e-09,7.744603e-01,7.760183e-01,7.747716e-01,7.763287e-01
4.605000e-11,-4.981161e-09,5.291516e-09,-3.821985e-09,1.663414e-09,7.744599e-01,7.760187e-01,7.747713e-01,7.763288e-01
4.607500e-11,-4.748158e-09,5.118635e-09,-3.552561e-09,1.360967e-09,7.744595e-01,7.760191e-01,7.747710e-01,7.763289e-01
4.610000e-11,-4.493074e-09,4.920251e-09,-3.265736e-09,1.056116e-09,7.744591e-01,7.760195e-01,7.747708e-01,7.763290e-01
4.612500e-11,-4.217436e-09,4.697673e-09,-2.963138e-09,7.504736e-10,7.744588e-01,7.760199e-01,7.747705e-01,7.763291e-01
4.615000e-11,-3.922862e-09,4.452330e-09,-2.646464e-09,4.456473e-10,7.744585e-01,7.760202e-01,7.747703e-01,7.763291e-01
4.617500e-11,-3.611050e-09,4.185756e-09,-2.317473e-09,1.432345e-10,7.744582e-01,7.760205e-01,7.747701e-01,7.763292e-01
4.620000e-11,-3.283770e-09,3.899585e-09,-1.977972e-09,-1.551876e-10,7.744580e-01,7.760208e-01,7.747700e-01,7.763292e-01
4.622500e-11,-2.942855e-09,3.595540e-09,-1.629813e-09,-4.480701e-10,7.744577e-01,7.760211e-01,7.747698e-01,7.763291e-01
4.625000e-11,-2.590189e-09,3.275423e-09,-1.274876e-09,-7.339001e-10,7.744575e-01,7.760214e-01,7.747697e-01,7.763291e-01
4.627500e-11,-2.227697e-09,2.941105e-09,-9.150637e-10,-1.011209e-09,7.744573e-01,7.760216e-01,7.747696e-01,7.763290e-01
4.630000e-11,-1.857336e-09,2.594512e-09,-5.522899e-10,-1.278581e-09,7.744572e-01,7.760218e-01,7.747696e-01,7.763289e-01
4.632500e-11,-1.481083e-09,2.237621e-09,-1.884685e-10,-1.534658e-09,7.744571e-01,7.760220e-01,7.747695e-01,7.763288e-01
4.635000e-11,-1.100928e-09,1.872444e-09,1.744954e-10,-1.778149e-09,7.744570e-01,7.760222e-01,7.747695e-01,7.763287e-01
4.637500e-11,-7.188577e-10,1.501017e-09,5.347158e-10,-2.007834e-09,7.744569e-01,7.760223e-01,7.747696e-01,7.763286e-01
4.640000e-11,-3.368517e-10,1.125391e-09,8.903354e-10,-2.222575e-09,7.744568e-01,7.760224e-01,7.747696e-01,7.763284e-01
4.642500e-11,4.313193e-11,7.476193e-10,1.239535e-09,-2.421315e-09,7.744568e-01,7.760225e-01,7.747697e-01,7.763282e-01
4.645000e-11,4.191649e-10,3.697484e-10,1.580544e-09,-2.603088e-09,7.744569e-01,7.760225e-01,7.747698e-01,7.763280e-01
4.647500e-11,7.893583e-10,-6.194891e-12,1.911647e-09,-2.767025e-09,7.744569e-01,7.760225e-01,7.747699e-01,7.763278e-01
4.650000e-11,1.151872e-09,-3.782132e-10,2.231194e-09,-2.912351e-09,7.744570e-01,7.760225e-01,7.747701e-01,7.763276e-01
4.652500e-11,1.504925e-09,-7.443489e-10,2.537608e-09,-3.038397e-09,7.744571e-01,7.760225e-01,7.747703e-01,7.763274e-01
4.655000e-11,1.846801e-09,-1.102694e-09,2.829393e-09,-3.144597e-09,7.744572e-01,7.760224e-01,7.747705e-01,7.763272e-01
4.657500e-11,2.175859e-09,-1.451401e-09,3.105141e-09,-3.230494e-09,7.744574e-01,7.760223e-01,7.747707e-01,7.763269e-01
4.660000e-11,2.490542e-09,-1.788689e-09,3.363539e-09,-3.295742e-09,7.744575e-01,7.760222e-01,7.747710e-01,7.763267e-01
4.662500e-11,2.789380e-09,-2.112858e-09,3.603374e-09,-3.340102e-09,7.744577e-01,7.760220e-01,7.747712e-01,7.763264e-01
4.665000e-11,3.071000e-09,-2.422291e-09,3.823541e-09,-3.363452e-09,7.744580e-01,7.760219e-01,7.747715e-01,7.763262e-01
4.667500e-11,3.334133e-09,-2.715467e-09,4.023046e-09,-3.365779e-09,7.744582e-01,7.760217e-01,7.747718e-01,7.763259e-01
4.670000e-11,3.577617e-09,-2.990965e-09,4.201009e-09,-3.347180e-09,7.744585e-01,7.760215e-01,7.747721e-01,7.763257e-01
4.672500e-11,3.800401e-09,-3.247472e-09,4.356671e-09,-3.307867e-09,7.744587e-01,7.760212e-01,7.747724e-01,7.763254e-01
4.675000e-11,4.001553e-09,-3.483789e-09,4.489396e-09,-3.248157e-09,7.744590e-01,7.760210e-01,7.747728e-01,7.763252e-01
4.677500e-11,4.180262e-09,-3.698836e-09,4.598672e-09,-3.168475e-09,7.744593e-01,7.760207e-01,7.747731e-01,7.763249e-01
4.680000e-11,4.335840e-09,-3.891656e-09,4.684114e-09,-3.069350e-09,7.744597e-01,7.760204e-01,7.747735e-01,7.763247e-01
4.682500e-11,4.467723e-09,-4.061420e-09,4.745464e-09,-2.951410e-09,7.744600e-01,7.760201e-01,7.747738e-01,7.763244e-01
4.685000e-11,4.575479e-09,-4.207431e-09,4.782593e-09,-2.815382e-09,7.744603e-01,7.760198e-01,7.747742e-01,7.763242e-01
4.687500e-11,4.658800e-09,-4.329124e-09,4.795500e-09,-2.662085e-09,7.744607e-01,7.760195e-01,7.747745e-01,7.763240e-01
4.690000e-11,4.717510e-09,-4.426069e-09,4.784309e-09,-2.492423e-09,7.744610e-01,7.760191e-01,7.747749e-01,7.763238e-01
4.692500e-11,4.751560e-09,-4.497974e-09,4.749271e-09,-2.307386e-09,7.744614e-01,7.760188e-01,7.747753e-01,7.763236e-01
4.695000e-11,4.761029e-09,-4.544682e-09,4.690758e-09,-2.108038e-09,7.744618e-01,7.760184e-01,7.747756e-01,7.763235e-01
4.697500e-11,4.746121e-09,-4.566173e-09,4.609262e-09,-1.895515e-09,7.744621e-01,7.760181e-01,7.747760e-01,7.763233e-01
4.700000e-11,4.707164e-09,-4.562560e-09,4.505392e-09,-1.671018e-09,7.744625e-01,7.760178e-01,7.747763e-01,7.763232e-01
4.702500e-11,4.644607e-09,-4.534093e-09,4.379870e-09,-1.435803e-09,7.744628e-01,7.760174e-01,7.747767e-01,7.763231e-01
4.705000e-11,4.559015e-09,-4.481148e-09,4.233524e-09,-1.191181e-09,7.744632e-01,7.760171e-01,7.747770e-01,7.763230e-01
4.707500e-11,4.451065e-09,-4.404233e-09,4.067285e-09,-9.385026e-10,7.744635e-01,7.760167e-01,7.747773e-01,7.763229e-01
4.710000e-11,4.321546e-09,-4.303976e-09,3.882179e-09,-6.791567e-10,7.744639e-01,7.760164e-01,7.747776e-01,7.763228e-01
4.712500e-11,4.171344e-09,-4.181125e-09,3.679326e-09,-4.145603e-10,7.744642e-01,7.760161e-01,7.747779e-01,7.763228e-01
4.715000e-11,4.001449e-09,-4.036543e-09,3.459926e-09,-1.461515e-10,7.744645e-01,7.760158e-01,7.747782e-01,7.763228e-01
4.717500e-11,3.812937e-09,-3.871201e-09,3.225259e-09,1.246184e-10,7.744648e-01,7.760155e-01,7.747784e-01,7.763228e-01
4.720000e-11,3.606972e-09,-3.686170e-09,2.976672e-09,3.962922e-10,7.744651e-01,7.760152e-01,7.747787e-01,7.763228e-01
4.722500e-11,3.384795e-09,-3.482621e-09,2.715575e-09,6.674154e-10,7.744653e-01,7.760149e-01,7.747789e-01,7.763228e-01
4.725000e-11,3.147718e-09,-3.261810e-09,2.443432e-09,9.365429e-10,7.744656e-01,7.760147e-01,7.747791e-01,7.763229e-01
4.727500e-11,2.897115e-09,-3.025074e-09,2.161754e-09,1.202247e-09,7.744658e-01,7.760144e-01,7.747792e-01,7.763230e-01
4.730000e-11,2.634418e-09,-2.773824e-09,1.872087e-09,1.463126e-09,7.744660e-01,7.760142e-01,7.747794e-01,7.763231e-01
4.732500e-11,2.361105e-09,-2.509537e-09,1.576009e-09,1.717809e-09,7.744662e-01,7.760140e-01,7.747795e-01,7.763232e-01
4.735000e-11,2.078694e-09,-2.233746e-09,1.275116e-09,1.964966e-09,7.744664e-01,7.760138e-01,7.747796e-01,7.763233e-01
4.737500e-11,1.788733e-09,-1.948029e-09,9.710186e-10,2.203311e-09,7.744665e-01,7.760137e-01,7.747797e-01,7.763235e-01
4.740000e-11,1.492795e-09,-1.654007e-09,6.653287e-10,2.431612e-09,7.744667e-01,7.760135e-01,7.747798e-01,7.763237e-01
4.742500e-11,1.192467e-09,-1.353328e-09,3.596547e-10,2.648697e-09,7.744668e-01,7.760134e-01,7.747798e-01,7.763239e-01
4.745000e-11,8.893402e-10,-1.047664e-09,5.559087e-11,2.853458e-09,7.744668e-01,7.760133e-01,7.747798e-01,7.763241e-01
4.747500e-11,5.850067e-10,-7.386953e-10,-2.452898e-10,3.044856e-09,7.744669e-01,7.760132e-01,7.747798e-01,7.763243e-01
4.750000e-11,2.810465e-10,-4.281074e-10,-5.414442e-10,3.221931e-09,7.744669e-01,7.760132e-01,7.747798e-01,7.763245e-01
4.752500e-11,-2.097806e-11,-1.175787e-10,-8.313670e-10,3.383799e-09,7.744669e-01,7.760132e-01,7.747797e-01,7.763248e-01
4.755000e-11,-3.195310e-10,1.912272e-10,-1.113598e-09,3.529664e-09,7.744669e-01,7.760132e-01,7.747797e-01,7.763250e-01
4.757500e-11,-6.131102e-10,4.966706e-10,-1.386729e-09,3.658817e-09,7.744669e-01,7.760132e-01,7.747796e-01,7.763253e-01
4.760000e-11,-9.002548e-10,7.971442e-10,-1.649413e-09,3.770641e-09,7.744668e-01,7.760133e-01,7.747795e-01,7.763256e-01
4.762500e-11,-1.179552e-09,1.091081e-09,-1.900367e-09,3.864613e-09,7.744668e-01,7.760133e-01,7.747793e-01,7.763259e-01
4.765000e-11,-1.449646e-09,1.376964e-09,-2.138381e-09,3.940307e-09,7.744667e-01,7.760134e-01,7.747792e-01,7.763262e-01
4.767500e-11,-1.709239e-09,1.653329e-09,-2.362324e-09,3.997395e-09,7.744665e-01,7.760135e-01,7.747790e-01,7.763265e-01
4.770000e-11,-1.957105e-09,1.918780e-09,-2.571148e-09,4.035650e-09,7.744664e-01,7.760137e-01,7.747788e-01,7.763268e-01
4.772500e-11,-2.192089e-09,2.171988e-09,-2.763893e-09,4.054945e-09,7.744662e-01,7.760138e-01,7.747786e-01,7.763271e-01
4.775000e-11,-2.413116e-09,2.411703e-09,-2.939691e-09,4.055253e-09,7.744661e-01,7.760140e-01,7.747784e-01,7.763274e-01
4.777500e-11,-2.619191e-09,2.636755e-09,-3.097772e-09,4.036647e-09,7.744659e-01,7.760142e-01,7.747782e-01,7.763277e-01
4.780000e-11,-2.809412e-09,2.846065e-09,-3.237464e-09,3.999300e-09,7.744657e-01,7.760144e-01,7.747779e-01,7.763280e-01
4.782500e-11,-2.982965e-09,3.038646e-09,-3.358198e-09,3.943483e-09,7.744654e-01,7.760146e-01,7.747777e-01,7.763283e-01
4.785000e-11,-3.139130e-09,3.213611e-09,-3.459510e-09,3.869564e-09,7.744652e-01,7.760149e-01,7.747774e-01,7.763286e-01
4.787500e-11,-3.277287e-09,3.370170e-09,-3.541041e-09,3.778002e-09,7.744650e-01,7.760151e-01,7.747772e-01,7.763289e-01
4.790000e-11,-3.396914e-09,3.507643e-09,-3.602540e-09,3.669349e-09,7.744647e-01,7.760154e-01,7.747769e-01,7.763292e-01
4.792500e-11,-3.497591e-09,3.625454e-09,-3.643863e-09,3.544244e-09,7.744645e-01,7.760156e-01,7.747766e-01,7.763295e-01
4.795000e-11,-3.578999e-09,3.723139e-09,-3.664974e-09,3.403407e-09,7.744642e-01,7.760159e-01,7.747763e-01,7.763297e-01
4.797500e-11,-3.640924e-09,3.800344e-09,-3.665944e-09,3.247642e-09,7.744639e-01,7.760162e-01,7.747761e-01,7.763300e-01
4.800000e-11,-3.683254e-09,3.856827e-09,-3.646947e-09,3.077823e-09,7.744636e-01,7.760165e-01,7.747758e-01,7.763302e-01
4.802500e-11,-3.705981e-09,3.892460e-09,-3.608264e-09,2.894896e-09,7.744634e-01,7.760168e-01,7.747755e-01,7.763304e-01
4.805000e-11,-3.709196e-09,3.907225e-09,-3.550274e-09,2.699872e-09,7.744631e-01,7.760171e-01,7.747752e-01,7.763307e-01
4.807500e-11,-3.693091e-09,3.901218e-09,-3.473458e-09,2.493818e-09,7.744628e-01,7.760174e-01,7.747750e-01,7.763309e-01
4.810000e-11,-3.657958e-09,3.874641e-09,-3.378390e-09,2.277857e-09,7.744625e-01,7.760177e-01,7.747747e-01,7.763310e-01
4.812500e-11,-3.604181e-09,3.827808e-09,-3.265735e-09,2.053156e-09,7.744622e-01,7.760180e-01,7.747745e-01,7.763312e-01
4.815000e-11,-3.532241e-09,3.761135e-09,-3.136245e-09,1.820923e-09,7.744620e-01,7.760183e-01,7.747742e-01,7.763313e-01
4.817500e-11,-3.442703e-09,3.675143e-09,-2.990755e-09,1.582401e-09,7.744617e-01,7.760185e-01,7.747740e-01,7.763315e-01
4.820000e-11,-3.336221e-09,3.570448e-09,-2.830178e-09,1.338856e-09,7.744614e-01,7.760188e-01,7.747738e-01,7.763316e-01
4.822500e-11,-3.213528e-09,3.447763e-09,-2.655498e-09,1.091579e-09,7.744612e-01,7.760191e-01,7.747735e-01,7.763317e-01
4.825000e-11,-3.075435e-09,3.307889e-09,-2.467763e-09,8.418706e-10,7.744610e-01,7.760193e-01,7.747734e-01,7.763317e-01
4.827500e-11,-2.922821e-09,3.151714e-09,-2.268084e-09,5.910390e-10,7.744607e-01,7.760196e-01,7.747732e-01,7.763318e-01
4.830000e-11,-2.756636e-09,2.980201e-09,-2.057623e-09,3.403918e-10,7.744605e-01,7.760198e-01,7.747730e-01,7.763318e-01
4.832500e-11,-2.577884e-09,2.794391e-09,-1.837591e-09,9.122851e-11,7.744603e-01,7.760200e-01,7.747729e-01,7.763319e-01
4.835000e-11,-2.387630e-09,2.595390e-09,-1.609237e-09,-1.551652e-10,7.744601e-01,7.760202e-01,7.747727e-01,7.763319e-01
4.837500e-11,-2.186983e-09,2.384364e-09,-1.373845e-09,-3.975251e-10,7.744600e-01,7.760204e-01,7.747726e-01,7.763318e-01
4.840000e-11,-1.977096e-09,2.162535e-09,-1.132724e-09,-6.346142e-10,7.744598e-01,7.760206e-01,7.747725e-01,7.763318e-01
4.842500e-11,-1.759158e-09,1.931171e-09,-8.872026e-10,-8.652297e-10,7.744597e-01,7.760208e-01,7.747724e-01,7.763317e-01
4.845000e-11,-1.534385e-09,1.691581e-09,-6.386205e-10,-1.088209e-09,7.744595e-01,7.760209e-01,7.747724e-01,7.763317e-01
4.847500e-11,-1.304018e-09,1.445104e-09,-3.883224e-10,-1.302435e-09,7.744594e-01,7.760210e-01,7.747724e-01,7.763316e-01
4.850000e-11,-1.069313e-09,1.193108e-09,-1.376503e-10,-1.506842e-09,7.744593e-01,7.760211e-01,7.747723e-01,7.763315e-01
4.852500e-11,-8.315350e-10,9.369756e-10,1.120632e-10,-1.700424e-09,7.744593e-01,7.760212e-01,7.747723e-01,7.763313e-01
4.855000e-11,-5.919523e-10,6.781024e-10,3.595024e-10,-1.882232e-09,7.744592e-01,7.760213e-01,7.747723e-01,7.763312e-01
4.857500e-11,-3.518283e-10,4.178852e-10,6.033749e-10,-2.051388e-09,7.744592e-01,7.760213e-01,7.747724e-01,7.763311e-01
4.860000e-11,-1.124163e-10,1.577166e-10,8.424184e-10,-2.207084e-09,7.744591e-01,7.760213e-01,7.747724e-01,7.763309e-01
4.862500e-11,1.250477e-10,-1.010226e-10,1.075407e-09,-2.348584e-09,7.744591e-01,7.760213e-01,7.747725e-01,7.763307e-01
4.865000e-11,3.593506e-10,-3.569710e-10,1.301158e-09,-2.475234e-09,7.744592e-01,7.760213e-01,7.747726e-01,7.763305e-01
4.867500e-11,5.893090e-10,-6.087933e-10,1.518536e-09,-2.586458e-09,7.744592e-01,7.760213e-01,7.747727e-01,7.763303e-01
4.870000e-11,8.137743e-10,-8.551872e-10,1.726461e-09,-2.681767e-09,7.744593e-01,7.760212e-01,7.747728e-01,7.763301e-01
4.872500e-11,1.031639e-09,-1.094890e-09,1.923913e-09,-2.760756e-09,7.744593e-01,7.760211e-01,7.747730e-01,7.763299e-01
4.875000e-11,1.241841e-09,-1.326686e-09,2.109934e-09,-2.823107e-09,7.744594e-01,7.760210e-01,7.747731e-01,7.763297e-01
4.877500e-11,1.443370e-09,-1.549409e-09,2.283637e-09,-2.868593e-09,7.744595e-01,7.760209e-01,7.747733e-01,7.763295e-01
4.880000e-11,1.635271e-09,-1.761955e-09,2.444207e-09,-2.897074e-09,7.744596e-01,7.760208e-01,7.747735e-01,7.763293e-01
4.882500e-11,1.816650e-09,-1.963279e-09,2.590907e-09,-2.908503e-09,7.744598e-01,7.760207e-01,7.747737e-01,7.763291e-01
4.885000e-11,1.986677e-09,-2.152406e-09,2.723079e-09,-2.902919e-09,7.744599e-01,7.760205e-01,7.747739e-01,7.763289e-01
4.887500e-11,2.144589e-09,-2.328434e-09,2.840146e-09,-2.880453e-09,7.744601e-01,7.760203e-01,7.747741e-01,7.763286e-01
4.890000e-11,2.289695e-09,-2.490538e-09,2.941620e-09,-2.841321e-09,7.744602e-01,7.760202e-01,7.747743e-01,7.763284e-01
4.892500e-11,2.421378e-09,-2.637972e-09,3.027096e-09,-2.785827e-09,7.744604e-01,7.760200e-01,7.747745e-01,7.763282e-01
4.895000e-11,2.539097e-09,-2.770077e-09,3.096261e-09,-2.714359e-09,7.744606e-01,7.760198e-01,7.747748e-01,7.763280e-01
4.897500e-11,2.642390e-09,-2.886278e-09,3.148889e-09,-2.627385e-09,7.744608e-01,7.760195e-01,7.747750e-01,7.763278e-01
4.900000e-11,2.730875e-09,-2.986090e-09,3.184844e-09,-2.525454e-09,7.744610e-01,7.760193e-01,7.747752e-01,7.763276e-01
4.902500e-11,2.804250e-09,-3.069120e-09,3.204081e-09,-2.409188e-09,7.744612e-01,7.760191e-01,7.747755e-01,7.763274e-01
4.905000e-11,2.862296e-09,-3.135064e-09,3.206642e-09,-2.279281e-09,7.744614e-01,7.760189e-01,7.747757e-01,7.763272e-01
4.907500e-11,2.904876e-09,-3.183714e-09,3.192660e-09,-2.136497e-09,7.744616e-01,7.760186e-01,7.747760e-01,7.763271e-01
4.910000e-11,2.931936e-09,-3.214954e-09,3.162352e-09,-1.981660e-09,7.744619e-01,7.760184e-01,7.747762e-01,7.763269e-01
4.912500e-11,2.943501e-09,-3.228761e-09,3.116023e-09,-1.815655e-09,7.744621e-01,7.760181e-01,7.747764e-01,7.763268e-01
4.915000e-11,2.939679e-09,-3.225206e-09,3.054057e-09,-1.639420e-09,7.744623e-01,7.760179e-01,7.747767e-01,7.763266e-01
4.917500e-11,2.920655e-09,-3.204449e-09,2.976920e-09,-1.453940e-09,7.744625e-01,7.760176e-01,7.747769e-01,7.763265e-01
4.920000e-11,2.886693e-09,-3.166741e-09,2.885155e-09,-1.260244e-09,7.744628e-01,7.760174e-01,7.747771e-01,7.763264e-01
4.922500e-11,2.838132e-09,-3.112420e-09,2.779376e-09,-1.059399e-09,7.744630e-01,7.760172e-01,7.747773e-01,7.763263e-01
4.925000e-11,2.775381e-09,-3.041910e-09,2.660269e-09,-8.525034e-10,7.744632e-01,7.760169e-01,7.747775e-01,7.763263e-01
4.927500e-11,2.698922e-09,-2.955716e-09,2.528583e-09,-6.406795e-10,7.744634e-01,7.760167e-01,7.747777e-01,7.763262e-01
4.930000e-11,2.609301e-09,-2.854421e-09,2.385127e-09,-4.250706e-10,7.744636e-01,7.760165e-01,7.747779e-01,7.763262e-01
4.932500e-11,2.507128e-09,-2.738686e-09,2.230768e-09,-2.068334e-10,7.744638e-01,7.760163e-01,7.747781e-01,7.763261e-01
4.935000e-11,2.393071e-09,-2.609240e-09,2.066422e-09,1.286857e-11,7.744640e-01,7.760161e-01,7.747783e-01,7.763261e-01
4.937500e-11,2.267855e-09,-2.466879e-09,1.893050e-09,2.328704e-10,7.744641e-01,7.760159e-01,7.747784e-01,7.763261e-01
4.940000e-11,2.132253e-09,-2.312462e-09,1.711653e-09,4.520120e-10,7.744643e-01,7.760157e-01,7.747786e-01,7.763262e-01
4.942500e-11,1.987085e-09,-2.146902e-09,1.523268e-09,6.691446e-10,7.744645e-01,7.760155e-01,7.747787e-01,7.763262e-01
4.945000e-11,1.833213e-09,-1.971165e-09,1.328957e-09,8.831362e-10,7.744646e-01,7.760154e-01,7.747788e-01,7.763263e-01
4.947500e-11,1.671534e-09,-1.786263e-09,1.129806e-09,1.092878e-09,7.744647e-01,7.760152e-01,7.747789e-01,7.763263e-01
4.950000e-11,1.502976e-09,-1.593247e-09,9.269189e-10,1.297288e-09,7.744649e-01,7.760151e-01,7.747790e-01,7.763264e-01
4.952500e-11,1.328495e-09,-1.393203e-09,7.214077e-10,1.495321e-09,7.744650e-01,7.760150e-01,7.747790e-01,7.763265e-01
4.955000e-11,1.149065e-09,-1.187244e-09,5.143899e-10,1.685969e-09,7.744651e-01,7.760149e-01,7.747791e-01,7.763267e-01
4.957500e-11,9.656786e-10,-9.765054e-10,3.069814e-10,1.868269e-09,7.744652e-01,7.760148e-01,7.747791e-01,7.763268e-01
4.960000e-11,7.793358e-10,-7.621385e-10,1.002902e-10,2.041308e-09,7.744652e-01,7.760147e-01,7.747791e-01,7.763269e-01
4.962500e-11,5.910426e-10,-5.453041e-10,-1.045887e-10,2.204224e-09,7.744653e-01,7.760147e-01,7.747791e-01,7.763271e-01
4.965000e-11,4.018042e-10,-3.271662e-10,-3.065794e-10,2.356216e-09,7.744653e-01,7.760147e-01,7.747791e-01,7.763273e-01
4.967500e-11,2.126203e-10,-1.088861e-10,-5.046308e-10,2.496542e-09,7.744653e-01,7.760146e-01,7.747791e-01,7.763275e-01
4.970000e-11,2.447932e-11,1.083838e-10,-6.977218e-10,2.624529e-09,7.744653e-01,7.760146e-01,7.747790e-01,7.763277e-01
4.972500e-11,-1.616461e-10,3.235062e-10,-8.848665e-10,2.739567e-09,7.744653e-01,7.760147e-01,7.747790e-01,7.763279e-01
4.975000e-11,-3.448043e-10,5.353646e-10,-1.065119e-09,2.841123e-09,7.744653e-01,7.760147e-01,7.747789e-01,7.763281e-01
4.977500e-11,-5.240694e-10,7.428689e-10,-1.237579e-09,2.928733e-09,7.744653e-01,7.760147e-01,7.747788e-01,7.763283e-01
4.980000e-11,-6.985454e-10,9.449612e-10,-1.401394e-09,3.002012e-09,7.744652e-01,7.760148e-01,7.747787e-01,7.763285e-01
4.982500e-11,-8.673714e-10,1.140621e-09,-1.555768e-09,3.060649e-09,7.744652e-01,7.760149e-01,7.747786e-01,7.763287e-01
4.985000e-11,-1.029725e-09,1.328870e-09,-1.699958e-09,3.104414e-09,7.744651e-01,7.760150e-01,7.747785e-01,7.763290e-01
4.987500e-11,-1.184826e-09,1.508777e-09,-1.833285e-09,3.133155e-09,7.744650e-01,7.760151e-01,7.747783e-01,7.763292e-01
4.990000e-11,-1.331941e-09,1.679464e-09,-1.955132e-09,3.146799e-09,7.744649e-01,7.760152e-01,7.747782e-01,7.763294e-01
4.992500e-11,-1.470386e-09,1.840106e-09,-2.064951e-09,3.145354e-09,7.744648e-01,7.760153e-01,7.747780e-01,7.763297e-01
4.995000e-11,-1.599530e-09,1.989941e-09,-2.162260e-09,3.128906e-09,7.744647e-01,7.760155e-01,7.747779e-01,7.763299e-01
4.997500e-11,-1.718798e-09,2.128269e-09,-2.246650e-09,3.097618e-09,7.744646e-01,7.760156e-01,7.747777e-01,7.763302e-01
