time,"V(OUT1)","V(B1|XDCSFQ)","V(B2|XDCSFQ)","V(B3|XDCSFQ)","P(B1|XDCSFQ)","P(B2|XDCSFQ)","P(B3|XDCSFQ)"
0.000000e+00,0.000000e+00,0.000000e+00,0.000000e+00,0.000000e+00,0.000000e+00,0.000000e+00,0.000000e+00
1.000000e-13,4.095341e-06,-5.540614e-07,1.464394e-06,1.014871e-06,-1.122357e-04,2.966408e-04,2.055814e-04
2.000000e-13,7.546373e-06,-1.792180e-06,4.737559e-06,3.315577e-06,-5.126876e-04,1.355204e-03,9.457418e-04
3.000000e-13,1.080542e-05,-3.694034e-06,9.750731e-06,6.889501e-06,-1.394468e-03,3.683254e-03,2.588061e-03
4.000000e-13,1.425460e-05,-6.168232e-06,1.622521e-05,1.157211e-05,-2.937888e-03,7.745994e-03,5.479651e-03
5.000000e-13,1.812479e-05,-9.085378e-06,2.376060e-05,1.710655e-05,-5.292777e-03,1.391340e-02,9.908771e-03
6.000000e-13,2.249688e-05,-1.229554e-05,3.188711e-05,2.318074e-05,-8.568435e-03,2.242855e-02,1.608084e-02
7.000000e-13,2.732958e-05,-1.564038e-05,4.010722e-05,2.945721e-05,-1.282858e-02,3.339141e-02,2.410532e-02
8.000000e-13,3.249305e-05,-1.896296e-05,4.793341e-05,3.559945e-05,-1.808993e-02,4.675551e-02,3.399149e-02
9.000000e-13,3.780114e-05,-2.211611e-05,5.492226e-05,4.129516e-05,-2.432376e-02,6.233576e-02,4.565200e-02
1.000000e-12,4.303998e-05,-2.496930e-05,6.070366e-05,4.627557e-05,-3.145970e-02,7.982586e-02,5.891283e-02
1.100000e-12,4.799245e-05,-2.741417e-05,6.500348e-05,5.033047e-05,-3.939161e-02,9.882358e-02,7.352850e-02
1.200000e-12,5.245822e-05,-2.936849e-05,6.765856e-05,5.331806e-05,-4.798473e-02,1.188617e-01,8.920097e-02
1.300000e-12,5.626950e-05,-3.077868e-05,6.862308e-05,5.516978e-05,-5.708391e-02,1.394420e-01,1.056008e-01
1.400000e-12,5.930224e-05,-3.162081e-05,6.796629e-05,5.588993e-05,-6.652236e-02,1.600699e-01,1.223890e-01
1.500000e-12,6.148293e-05,-3.190022e-05,6.586214e-05,5.555071e-05,-7.613051e-02,1.802875e-01,1.392379e-01
1.600000e-12,6.279113e-05,-3.164986e-05,6.257201e-05,5.428316e-05,-8.574451e-02,1.997019e-01,1.558503e-01
1.700000e-12,6.325812e-05,-3.092740e-05,5.842211e-05,5.226505e-05,-9.521410e-02,2.180078e-01,1.719750e-01
1.800000e-12,6.296201e-05,-2.981139e-05,5.377762e-05,4.970672e-05,-1.044095e-01,2.350035e-01,1.874190e-01
1.900000e-12,6.202020e-05,-2.839660e-05,4.901546e-05,4.683583e-05,-1.132269e-01,2.505977e-01,2.020545e-01
2.000000e-12,6.057964e-05,-2.678870e-05,4.449796e-05,4.388227e-05,-1.215926e-01,2.648097e-01,2.158221e-01
2.100000e-12,5.880596e-05,-2.509863e-05,4.054895e-05,4.106395e-05,-1.294654e-01,2.777610e-01,2.287297e-01
2.200000e-12,5.687216e-05,-2.343684e-05,3.743396e-05,3.857446e-05,-1.368372e-01,2.896611e-01,2.408461e-01
2.300000e-12,5.494753e-05,-2.190758e-05,3.534561e-05,3.657312e-05,-1.437323e-01,3.007877e-01,2.522936e-01
2.400000e-12,5.318767e-05,-2.060372e-05,3.439475e-05,3.517774e-05,-1.502043e-01,3.114639e-01,2.632353e-01
2.500000e-12,5.172599e-05,-1.960210e-05,3.460780e-05,3.446057e-05,-1.563324e-01,3.220331e-01,2.738632e-01
2.600000e-12,5.066718e-05,-1.895984e-05,3.592999e-05,3.444711e-05,-1.622158e-01,3.328344e-01,2.843837e-01
2.700000e-12,5.008288e-05,-1.871166e-05,3.823406e-05,3.511790e-05,-1.679673e-01,3.441799e-01,2.950044e-01
2.800000e-12,5.000967e-05,-1.886850e-05,4.133346e-05,3.641289e-05,-1.737067e-01,3.563346e-01,3.059207e-01
2.900000e-12,5.044935e-05,-1.941738e-05,4.499891e-05,3.823784e-05,-1.795532e-01,3.695016e-01,3.173053e-01
3.000000e-12,5.137130e-05,-2.032266e-05,4.897704e-05,4.047244e-05,-1.856187e-01,3.838118e-01,3.292986e-01
3.100000e-12,5.271668e-05,-2.152857e-05,5.300949e-05,4.297942e-05,-1.920016e-01,3.993199e-01,3.420027e-01
3.200000e-12,5.440404e-05,-2.296290e-05,5.685130e-05,4.561401e-05,-1.987808e-01,4.160056e-01,3.554773e-01
3.300000e-12,5.633596e-05,-2.454161e-05,6.028707e-05,4.823333e-05,-2.060119e-01,4.337798e-01,3.697395e-01
3.400000e-12,5.840619e-05,-2.617416e-05,6.314402e-05,5.070492e-05,-2.137243e-01,4.524956e-01,3.847648e-01
3.500000e-12,6.050684e-05,-2.776915e-05,6.530104e-05,5.291410e-05,-2.219203e-01,4.719621e-01,4.004920e-01
3.600000e-12,6.253519e-05,-2.923996e-05,6.669342e-05,5.476981e-05,-2.305754e-01,4.919610e-01,4.168290e-01
3.700000e-12,6.439966e-05,-3.051003e-05,6.731326e-05,5.620846e-05,-2.396409e-01,5.122629e-01,4.336608e-01
3.800000e-12,6.602472e-05,-3.151741e-05,6.720574e-05,5.719600e-05,-2.490471e-01,5.326439e-01,4.508575e-01
3.900000e-12,6.735442e-05,-3.221831e-05,6.646200e-05,5.772793e-05,-2.587090e-01,5.529008e-01,4.682837e-01
4.000000e-12,6.835449e-05,-3.258944e-05,6.520935e-05,5.782755e-05,-2.685312e-01,5.728625e-01,4.858064e-01
4.100000e-12,6.901296e-05,-3.262892e-05,6.359982e-05,5.754271e-05,-2.784149e-01,5.923997e-01,5.033037e-01
4.200000e-12,6.933933e-05,-3.235590e-05,6.179798e-05,5.694126e-05,-2.882637e-01,6.114305e-01,5.206707e-01
4.300000e-12,6.936259e-05,-3.180866e-05,5.996902e-05,5.610573e-05,-2.979901e-01,6.299219e-01,5.378250e-01
4.400000e-12,6.912813e-05,-3.104166e-05,5.826783e-05,5.512743e-05,-3.075204e-01,6.478890e-01,5.547102e-01
4.500000e-12,6.869399e-05,-3.012151e-05,5.682977e-05,5.410064e-05,-3.167988e-01,6.653900e-01,5.712977e-01
4.600000e-12,6.812653e-05,-2.912233e-05,5.576364e-05,5.311694e-05,-3.257909e-01,6.825196e-01,5.875867e-01
4.700000e-12,6.749606e-05,-2.812077e-05,5.514702e-05,5.226020e-05,-3.344846e-01,6.994006e-01,6.036027e-01
4.800000e-12,6.687255e-05,-2.719095e-05,5.502415e-05,5.160245e-05,-3.428906e-01,7.161737e-01,6.193944e-01
4.900000e-12,6.632162e-05,-2.639987e-05,5.540625e-05,5.120064e-05,-3.510404e-01,7.329884e-01,6.350299e-01
5.000000e-12,6.590121e-05,-2.580330e-05,5.627390e-05,5.109459e-05,-3.589839e-01,7.499926e-01,6.505920e-01
5.100000e-12,6.156353e-05,-2.488866e-05,5.611696e-05,5.029126e-05,-3.666734e-01,7.670282e-01,6.659668e-01
5.200000e-12,5.808028e-05,-2.354815e-05,5.449357e-05,4.850719e-05,-3.740067e-01,7.837455e-01,6.809178e-01
5.300000e-12,5.501288e-05,-2.180548e-05,5.134658e-05,4.571779e-05,-3.808683e-01,7.997191e-01,6.951624e-01
5.400000e-12,5.197289e-05,-1.973614e-05,4.680205e-05,4.202472e-05,-3.871534e-01,8.145243e-01,7.084235e-01
5.500000e-12,4.870273e-05,-1.743563e-05,4.109079e-05,3.760036e-05,-3.927803e-01,8.277831e-01,7.204606e-01
5.600000e-12,4.507583e-05,-1.500457e-05,3.450907e-05,3.265726e-05,-3.976955e-01,8.391932e-01,7.310883e-01
5.700000e-12,4.107192e-05,-1.254010e-05,2.739176e-05,2.742653e-05,-4.018741e-01,8.485452e-01,7.401866e-01
5.800000e-12,3.674811e-05,-1.013044e-05,2.008951e-05,2.214051e-05,-4.053190e-01,8.557321e-01,7.477044e-01
5.900000e-12,3.221257e-05,-7.851319e-06,1.294835e-05,1.701867e-05,-4.080578e-01,8.607507e-01,7.536577e-01
6.000000e-12,2.760238e-05,-5.763991e-06,6.291297e-06,1.225633e-05,-4.101383e-01,8.636979e-01,7.581250e-01
6.100000e-12,2.306571e-05,-3.914575e-06,4.024201e-07,8.016369e-06,-4.116248e-01,8.647619e-01,7.612379e-01
6.200000e-12,1.874775e-05,-2.334394e-06,-4.486271e-06,4.423660e-06,-4.125932e-01,8.642078e-01,7.631716e-01
6.300000e-12,1.477997e-05,-1.041110e-06,-8.204810e-06,1.562113e-06,-4.131269e-01,8.623610e-01,7.641327e-01
6.400000e-12,1.127230e-05,-4.035504e-08,-1.065177e-05,-5.258512e-07,-4.133129e-01,8.595877e-01,7.643465e-01
6.500000e-12,8.307922e-06,6.723911e-07,-1.179710e-05,-1.837726e-06,-4.132388e-01,8.562735e-01,7.640455e-01
6.600000e-12,5.940342e-06,1.109891e-06,-1.168111e-05,-2.407533e-06,-4.129892e-01,8.528026e-01,7.634575e-01
6.700000e-12,4.192573e-06,1.291392e-06,-1.040976e-05,-2.300979e-06,-4.126444e-01,8.495369e-01,7.627953e-01
6.800000e-12,3.058042e-06,1.241118e-06,-8.146409e-06,-1.609521e-06,-4.122781e-01,8.467981e-01,7.622486e-01
6.900000e-12,2.503032e-06,9.870859e-07,-5.100499e-06,-4.437283e-07,-4.119560e-01,8.448520e-01,7.619765e-01
7.000000e-12,2.470336e-06,5.602080e-07,-1.513852e-06,1.073695e-06,-4.117352e-01,8.438967e-01,7.621033e-01
7.100000e-12,2.883808e-06,-6.340396e-09,2.354539e-06,2.814839e-06,-4.116628e-01,8.440552e-01,7.627157e-01
7.200000e-12,3.653513e-06,-6.776017e-07,6.244256e-06,4.653152e-06,-4.117760e-01,8.453729e-01,7.638625e-01
7.300000e-12,4.681144e-06,-1.417258e-06,9.908709e-06,6.469343e-06,-4.121008e-01,8.478193e-01,7.655552e-01
7.400000e-12,5.865421e-06,-2.188108e-06,1.312889e-05,8.156384e-06,-4.126523e-01,8.512943e-01,7.677717e-01
7.500000e-12,7.107195e-06,-2.952676e-06,1.572482e-05,9.623471e-06,-4.134343e-01,8.556380e-01,7.704599e-01
7.600000e-12,8.314015e-06,-3.674034e-06,1.756394e-05,1.079882e-05,-4.144392e-01,8.606438e-01,7.735435e-01
7.700000e-12,9.403985e-06,-4.316831e-06,1.856622e-05,1.163132e-05,-4.156486e-01,8.660734e-01,7.769275e-01
7.800000e-12,1.030878e-05,-4.848530e-06,1.870568e-05,1.209103e-05,-4.170339e-01,8.716724e-01,7.805048e-01
7.900000e-12,1.097572e-05,-5.240785e-06,1.800858e-05,1.216867e-05,-4.185573e-01,8.771867e-01,7.841622e-01
8.000000e-12,1.136897e-05,-5.470848e-06,1.654864e-05,1.187421e-05,-4.201733e-01,8.823771e-01,7.877867e-01
8.100000e-12,1.146975e-05,-5.522919e-06,1.443975e-05,1.123476e-05,-4.218308e-01,8.870322e-01,7.912706e-01
8.200000e-12,1.127581e-05,-5.389279e-06,1.182680e-05,1.029185e-05,-4.234749e-01,8.909797e-01,7.945168e-01
8.300000e-12,1.080013e-05,-5.071107e-06,8.875469e-06,9.098450e-06,-4.250502e-01,8.940934e-01,7.974419e-01
8.400000e-12,1.006907e-05,-4.578858e-06,5.761427e-06,7.715651e-06,-4.265029e-01,8.962984e-01,7.999799e-01
8.500000e-12,9.120068e-06,-3.932141e-06,2.659754e-06,6.209431e-06,-4.277836e-01,8.975722e-01,8.020837e-01
8.600000e-12,7.999033e-06,-3.159037e-06,-2.649381e-07,4.647431e-06,-4.288505e-01,8.979431e-01,8.037264e-01
8.700000e-12,6.757601e-06,-2.294881e-06,-2.867187e-06,3.095945e-06,-4.296709e-01,8.974859e-01,8.049011e-01
8.800000e-12,5.450346e-06,-1.380538e-06,-5.027787e-06,1.617203e-06,-4.302241e-01,8.963151e-01,8.056203e-01
8.900000e-12,4.132080e-06,-4.602604e-07,-6.659041e-06,2.669854e-07,-4.305017e-01,8.945759e-01,8.059141e-01
9.000000e-12,2.855350e-06,4.207424e-07,-7.707973e-06,-9.073422e-07,-4.305090e-01,8.924347e-01,8.058282e-01
9.100000e-12,1.668192e-06,1.218885e-06,-8.157424e-06,-1.868371e-06,-4.302646e-01,8.900686e-01,8.054211e-01
9.200000e-12,6.122324e-07,1.894766e-06,-8.025073e-06,-2.589721e-06,-4.297992e-01,8.876542e-01,8.047608e-01
9.300000e-12,-2.788279e-07,2.415541e-06,-7.360509e-06,-3.056641e-06,-4.291548e-01,8.853585e-01,8.039216e-01
9.400000e-12,-9.803053e-07,2.756941e-06,-6.240599e-06,-3.266125e-06,-4.283815e-01,8.833290e-01,8.029802e-01
9.500000e-12,-1.477182e-06,2.904800e-06,-4.763494e-06,-3.226563e-06,-4.275354e-01,8.816876e-01,8.020128e-01
9.600000e-12,-1.764304e-06,2.855973e-06,-3.041680e-06,-2.956940e-06,-4.266748e-01,8.805243e-01,8.010913e-01
9.700000e-12,-1.846151e-06,2.618573e-06,-1.194540e-06,-2.485620e-06,-4.258575e-01,8.798946e-01,8.002807e-01
9.800000e-12,-1.736182e-06,2.211498e-06,6.590975e-07,-1.848768e-06,-4.251371e-01,8.798182e-01,7.996360e-01
9.900000e-12,-1.455823e-06,1.663273e-06,2.407949e-06,-1.088469e-06,-4.245600e-01,8.802805e-01,7.992006e-01
1.000000e-11,-1.033137e-06,1.010277e-06,3.954395e-06,-2.506357e-07,-4.241630e-01,8.812357e-01,7.990047e-01
1.010000e-11,-5.012407e-07,2.944642e-07,5.219386e-06,6.172163e-07,-4.239710e-01,8.826113e-01,7.990644e-01
1.020000e-11,1.034422e-07,-4.392665e-07,6.145902e-06,1.468217e-06,-4.239960e-01,8.843148e-01,7.993817e-01
1.030000e-11,7.430193e-07,-1.145870e-06,6.700830e-06,2.258315e-06,-4.242364e-01,8.862401e-01,7.999450e-01
1.040000e-11,1.379969e-06,-1.782945e-06,6.875269e-06,2.948264e-06,-4.246777e-01,8.882745e-01,8.007299e-01
1.050000e-11,1.978898e-06,-2.313320e-06,6.683333e-06,3.505348e-06,-4.252935e-01,8.903065e-01,8.017017e-01
1.060000e-11,2.508129e-06,-2.707270e-06,6.159660e-06,3.904745e-06,-4.260471e-01,8.922316e-01,8.028166e-01
1.070000e-11,2.941065e-06,-2.944209e-06,5.355869e-06,4.130472e-06,-4.268947e-01,8.939582e-01,8.040249e-01
1.080000e-11,3.257256e-06,-3.013772e-06,4.336269e-06,4.175886e-06,-4.277878e-01,8.954122e-01,8.052736e-01
1.090000e-11,3.443127e-06,-2.916204e-06,3.173146e-06,4.043704e-06,-4.286762e-01,8.965396e-01,8.065089e-01
1.100000e-11,3.492361e-06,-2.662073e-06,1.941927e-06,3.745561e-06,-4.295116e-01,8.973088e-01,8.076794e-01
1.110000e-11,3.405900e-06,-2.271306e-06,7.165314e-07,3.301137e-06,-4.302501e-01,8.977103e-01,8.087383e-01
1.120000e-11,3.191603e-06,-1.771667e-06,-4.348287e-07,2.736910e-06,-4.308552e-01,8.977561e-01,8.096457e-01
1.130000e-11,2.863570e-06,-1.196763e-06,-1.453210e-06,2.084591e-06,-4.312993e-01,8.974770e-01,8.103704e-01
1.140000e-11,2.441187e-06,-5.837378e-07,-2.291680e-06,1.379351e-06,-4.315656e-01,8.969197e-01,8.108914e-01
1.150000e-11,1.947935e-06,2.919006e-08,-2.917162e-06,6.579087e-07,-4.316485e-01,8.961430e-01,8.111984e-01
1.160000e-11,1.410047e-06,6.051795e-07,-3.311324e-06,-4.340449e-08,-4.315535e-01,8.952133e-01,8.112919e-01
1.170000e-11,8.550642e-07,1.111051e-06,-3.470546e-06,-6.905072e-07,-4.312968e-01,8.942004e-01,8.111832e-01
1.180000e-11,3.103811e-07,1.519254e-06,-3.405023e-06,-1.253271e-06,-4.309034e-01,8.931730e-01,8.108931e-01
1.190000e-11,-1.981569e-07,1.809410e-06,-3.137120e-06,-1.706969e-06,-4.304058e-01,8.921951e-01,8.104506e-01
1.200000e-11,-6.475280e-07,1.969328e-06,-2.699129e-06,-2.033414e-06,-4.298410e-01,8.913224e-01,8.098912e-01
1.210000e-11,-1.018622e-06,1.995462e-06,-2.130608e-06,-2.221707e-06,-4.292485e-01,8.905998e-01,8.092547e-01
1.220000e-11,-1.297094e-06,1.892788e-06,-1.475483e-06,-2.268599e-06,-4.286676e-01,8.900601e-01,8.085830e-01
1.230000e-11,-1.473934e-06,1.674135e-06,-7.791195e-07,-2.178416e-06,-4.281348e-01,8.897224e-01,8.079178e-01
1.240000e-11,-1.545752e-06,1.359032e-06,-8.552884e-08,-1.962589e-06,-4.276819e-01,8.895925e-01,8.072985e-01
1.250000e-11,-1.514745e-06,9.721649e-07,5.651169e-07,-1.638805e-06,-4.273340e-01,8.896637e-01,8.067601e-01
1.260000e-11,-1.388374e-06,5.415627e-07,1.138540e-06,-1.229837e-06,-4.271084e-01,8.899180e-01,8.063315e-01
1.270000e-11,-1.178772e-06,9.664668e-08,1.607884e-06,-7.621322e-07,-4.270136e-01,8.903285e-01,8.060342e-01
1.280000e-11,-9.019193e-07,-3.337297e-07,1.954669e-06,-2.642367e-07,-4.270496e-01,8.908613e-01,8.058816e-01
1.290000e-11,-5.766362e-07,-7.231115e-07,2.169158e-06,2.348508e-07,-4.272080e-01,8.914783e-01,8.058783e-01
1.300000e-11,-2.234628e-07,-1.049031e-06,2.250161e-06,7.072930e-07,-4.274734e-01,8.921398e-01,8.060205e-01
1.310000e-11,1.365186e-07,-1.294259e-06,2.204345e-06,1.127910e-06,-4.278240e-01,8.928068e-01,8.062964e-01
1.320000e-11,4.828460e-07,-1.447649e-06,2.045138e-06,1.475474e-06,-4.282341e-01,8.934434e-01,8.066872e-01
1.330000e-11,7.967628e-07,-1.504541e-06,1.791320e-06,1.733731e-06,-4.286756e-01,8.940185e-01,8.071687e-01
1.340000e-11,1.062166e-06,-1.466719e-06,1.465431e-06,1.892103e-06,-4.291199e-01,8.945070e-01,8.077125e-01
1.350000e-11,1.266371e-06,-1.341942e-06,1.092099e-06,1.946044e-06,-4.295398e-01,8.948911e-01,8.082879e-01
1.360000e-11,1.400655e-06,-1.143115e-06,6.964037e-07,1.897037e-06,-4.299113e-01,8.951602e-01,8.088640e-01
1.370000e-11,1.460560e-06,-8.871571e-07,3.023724e-07,1.752248e-06,-4.302149e-01,8.953112e-01,8.094110e-01
1.380000e-11,1.445944e-06,-5.936741e-07,-6.832050e-08,1.523876e-06,-4.304363e-01,8.953476e-01,8.099021e-01
1.390000e-11,1.360794e-06,-2.835270e-07,-3.973863e-07,1.228242e-06,-4.305676e-01,8.952793e-01,8.103145e-01
1.400000e-11,1.212808e-06,2.260305e-08,-6.706531e-07,8.846860e-07,-4.306068e-01,8.951207e-01,8.106312e-01
1.410000e-11,1.012805e-06,3.055542e-07,-8.784815e-07,5.143379e-07,-4.305579e-01,8.948898e-01,8.108410e-01
1.420000e-11,7.739713e-07,5.488458e-07,-1.015872e-06,1.388443e-07,-4.304305e-01,8.946071e-01,8.109390e-01
1.430000e-11,5.110172e-07,7.395944e-07,-1.082287e-06,-2.208792e-07,-4.302382e-01,8.942936e-01,8.109270e-01
1.440000e-11,2.392864e-07,8.691383e-07,-1.081230e-06,-5.457977e-07,-4.299980e-01,8.939701e-01,8.108124e-01
1.450000e-11,-2.613048e-08,9.333435e-07,-1.019628e-06,-8.197474e-07,-4.297289e-01,8.936557e-01,8.106081e-01
1.460000e-11,-2.712268e-07,9.325913e-07,-9.070784e-07,-1.030218e-06,-4.294502e-01,8.933672e-01,8.103314e-01
1.470000e-11,-4.838113e-07,8.714655e-07,-7.550182e-07,-1.168889e-06,-4.291808e-01,8.931181e-01,8.100023e-01
1.490000e-11,-7.751595e-07,6.037977e-07,-3.822470e-07,-1.219876e-06,-4.287340e-01,8.927744e-01,8.092762e-01
1.500000e-11,-8.431329e-07,4.213117e-07,-1.861761e-07,-1.137629e-06,-4.285809e-01,8.926887e-01,8.089235e-01
1.510000e-11,-8.573266e-07,2.246529e-07,1.480186e-09,-9.937162e-07,-4.284843e-01,8.926604e-01,8.086046e-01
1.520000e-11,-8.200792e-07,2.770054e-08,1.715247e-07,-7.997453e-07,-4.284465e-01,8.926857e-01,8.083363e-01
1.530000e-11,-7.364780e-07,-1.566380e-07,3.167480e-07,-5.695539e-07,-4.284656e-01,8.927583e-01,8.081315e-01
1.540000e-11,-6.139305e-07,-3.172217e-07,4.321003e-07,-3.183007e-07,-4.285363e-01,8.928700e-01,8.079988e-01
1.550000e-11,-4.616249e-07,-4.452966e-07,5.147174e-07,-6.152339e-08,-4.286500e-01,8.930115e-01,8.079421e-01
1.560000e-11,-2.899157e-07,-5.349132e-07,5.638165e-07,1.857773e-07,-4.287963e-01,8.931729e-01,8.079608e-01
1.570000e-11,-1.096738e-07,-5.831241e-07,5.804848e-07,4.099748e-07,-4.289632e-01,8.933443e-01,8.080501e-01
1.580000e-11,6.835861e-08,-5.899650e-07,5.673879e-07,5.995297e-07,-4.291383e-01,8.935164e-01,8.082013e-01
1.590000e-11,2.341728e-07,-5.582331e-07,5.284258e-07,7.455429e-07,-4.293098e-01,8.936808e-01,8.084027e-01
1.600000e-11,3.790233e-07,-4.930932e-07,4.683651e-07,8.421240e-07,-4.294668e-01,8.938304e-01,8.086405e-01
1.610000e-11,4.958563e-07,-4.015515e-07,3.924717e-07,8.865636e-07,-4.296005e-01,8.939598e-01,8.088993e-01
1.620000e-11,5.796173e-07,-2.918398e-07,3.061677e-07,8.793095e-07,-4.297042e-01,8.940650e-01,8.091637e-01
1.630000e-11,6.274265e-07,-1.727628e-07,2.147270e-07,8.237599e-07,-4.297737e-01,8.941435e-01,8.094187e-01
1.640000e-11,6.386189e-07,-5.305260e-08,1.230252e-07,7.258959e-07,-4.298077e-01,8.941946e-01,8.096508e-01
1.650000e-11,6.146545e-07,5.922259e-08,3.534721e-08,5.937830e-07,-4.298070e-01,8.942188e-01,8.098484e-01
1.660000e-11,5.589107e-07,1.571599e-07,-4.474315e-08,4.369814e-07,-4.297749e-01,8.942178e-01,8.100028e-01
1.670000e-11,4.763767e-07,2.354047e-07,-1.144753e-07,2.659021e-07,-4.297165e-01,8.941943e-01,8.101081e-01
1.680000e-11,3.732718e-07,2.903966e-07,-1.718909e-07,9.115208e-08,-4.296383e-01,8.941517e-01,8.101617e-01
1.690000e-11,2.566163e-07,3.204717e-07,-2.158177e-07,-7.709329e-08,-4.295472e-01,8.940937e-01,8.101639e-01
1.700000e-11,1.337800e-07,3.258248e-07,-2.458090e-07,-2.296549e-07,-4.294509e-01,8.940246e-01,8.101181e-01
1.710000e-11,1.203883e-08,3.083438e-07,-2.620576e-07,-3.588226e-07,-4.293563e-01,8.939485e-01,8.100302e-01
1.720000e-11,-1.018375e-07,2.713389e-07,-2.652951e-07,-4.587128e-07,-4.292698e-01,8.938694e-01,8.099080e-01
1.730000e-11,-2.019436e-07,2.191921e-07,-2.566851e-07,-5.254982e-07,-4.291966e-01,8.937910e-01,8.097608e-01
1.740000e-11,-2.835244e-07,1.569588e-07,-2.377163e-07,-5.575021e-07,-4.291404e-01,8.937167e-01,8.095988e-01
1.750000e-11,-3.431778e-07,8.995419e-08,-2.101034e-07,-5.551619e-07,-4.291034e-01,8.936494e-01,8.094323e-01
1.760000e-11,-3.789663e-07,2.335324e-08,-1.756974e-07,-5.208699e-07,-4.290864e-01,8.935914e-01,8.092713e-01
1.770000e-11,-3.904363e-07,-3.816623e-08,-1.364078e-07,-4.587100e-07,-4.290884e-01,8.935444e-01,8.091247e-01
1.780000e-11,-3.785517e-07,-9.071612e-08,-9.413706e-08,-3.741115e-07,-4.291075e-01,8.935097e-01,8.090001e-01
1.790000e-11,-3.455472e-07,-1.314097e-07,-5.072645e-08,-2.734455e-07,-4.291405e-01,8.934878e-01,8.089031e-01
1.800000e-11,-2.947195e-07,-1.584834e-07,-7.911893e-09,-1.635921e-07,-4.291836e-01,8.934789e-01,8.088377e-01
1.810000e-11,-2.301679e-07,-1.713274e-07,3.271270e-08,-5.150544e-08,-4.292326e-01,8.934826e-01,8.088054e-01
1.820000e-11,-1.565062e-07,-1.704288e-07,6.972598e-08,5.619736e-08,-4.292835e-01,8.934980e-01,8.088061e-01
1.830000e-11,-7.856293e-08,-1.572399e-07,1.019054e-07,1.536001e-07,-4.293323e-01,8.935237e-01,8.088374e-01
1.840000e-11,-1.088161e-09,-1.339859e-07,1.282502e-07,2.357860e-07,-4.293757e-01,8.935583e-01,8.088956e-01
1.850000e-11,7.151516e-08,-1.034316e-07,1.480012e-07,2.990576e-07,-4.294112e-01,8.935998e-01,8.089756e-01
1.860000e-11,1.354224e-07,-6.862763e-08,1.606575e-07,3.410694e-07,-4.294369e-01,8.936462e-01,8.090713e-01
1.870000e-11,1.875693e-07,-3.265603e-08,1.659886e-07,3.608718e-07,-4.294521e-01,8.936952e-01,8.091764e-01
1.880000e-11,2.257770e-07,1.604799e-09,1.640411e-07,3.588706e-07,-4.294568e-01,8.937448e-01,8.092841e-01
1.890000e-11,2.488177e-07,3.168081e-08,1.551378e-07,3.367076e-07,-4.294520e-01,8.937928e-01,8.093882e-01
1.900000e-11,2.564199e-07,5.565562e-08,1.398684e-07,2.970789e-07,-4.294391e-01,8.938371e-01,8.094830e-01
1.910000e-11,2.492180e-07,7.226889e-08,1.190703e-07,2.435019e-07,-4.294201e-01,8.938760e-01,8.095640e-01
1.920000e-11,2.286520e-07,8.095657e-08,9.379802e-08,1.800520e-07,-4.293974e-01,8.939080e-01,8.096275e-01
1.930000e-11,1.968279e-07,8.183437e-08,6.528321e-08,1.110838e-07,-4.293733e-01,8.939318e-01,8.096711e-01
1.940000e-11,1.563492e-07,7.563030e-08,3.488381e-08,4.095728e-08,-4.293499e-01,8.939469e-01,8.096940e-01
1.950000e-11,1.101303e-07,6.357518e-08,4.025898e-09,-2.621796e-08,-4.293292e-01,8.939527e-01,8.096963e-01
1.960000e-11,6.120655e-08,4.726282e-08,-2.586030e-08,-8.680398e-08,-4.293128e-01,8.939494e-01,8.096795e-01
1.970000e-11,1.254963e-08,2.849280e-08,-5.340683e-08,-1.378126e-07,-4.293015e-01,8.939375e-01,8.096459e-01
1.980000e-11,-3.309944e-08,9.109511e-09,-7.737339e-08,-1.770319e-07,-4.292959e-01,8.939178e-01,8.095989e-01
1.990000e-11,-7.337193e-08,-9.150005e-09,-9.670787e-08,-2.030978e-07,-4.292959e-01,8.938917e-01,8.095421e-01
2.000000e-11,-1.063811e-07,-2.478811e-08,-1.105984e-07,-2.155104e-07,-4.293009e-01,8.938606e-01,8.094795e-01
2.010000e-11,-1.307959e-07,-3.664974e-08,-1.185139e-07,-2.145982e-07,-4.293100e-01,8.938262e-01,8.094151e-01
2.020000e-11,-1.458763e-07,-4.399063e-08,-1.202298e-07,-2.014361e-07,-4.293220e-01,8.937904e-01,8.093529e-01
2.030000e-11,-1.514728e-07,-4.650784e-08,-1.158379e-07,-1.777266e-07,-4.293354e-01,8.937550e-01,8.092961e-01
2.040000e-11,-1.479902e-07,-4.433274e-08,-1.057389e-07,-1.456512e-07,-4.293488e-01,8.937218e-01,8.092477e-01
2.050000e-11,-1.363227e-07,-3.798954e-08,-9.061791e-08,-1.077071e-07,-4.293610e-01,8.936923e-01,8.092098e-01
2.060000e-11,-1.177653e-07,-2.832511e-08,-7.140490e-08,-6.653657e-08,-4.293708e-01,8.936681e-01,8.091836e-01
2.070000e-11,-9.390813e-08,-1.641745e-08,-4.922090e-08,-2.476124e-08,-4.293774e-01,8.936500e-01,8.091699e-01
2.080000e-11,-6.652231e-08,-3.471489e-09,-2.531467e-08,1.516915e-08,-4.293803e-01,8.936388e-01,8.091684e-01
2.090000e-11,-3.744340e-08,9.288826e-09,-9.925466e-10,5.110622e-08,-4.293794e-01,8.936349e-01,8.091783e-01
2.100000e-11,-8.460549e-09,2.072319e-08,2.245381e-08,8.130439e-08,-4.293749e-01,8.936382e-01,8.091980e-01
2.110000e-11,1.878317e-08,2.986472e-08,4.381778e-08,1.044905e-07,-4.293673e-01,8.936481e-01,8.092258e-01
2.120000e-11,4.287413e-08,3.599042e-08,6.204202e-08,1.198999e-07,-4.293575e-01,8.936640e-01,8.092593e-01
2.130000e-11,6.269157e-08,3.866795e-08,7.627273e-08,1.272802e-07,-4.293464e-01,8.936848e-01,8.092963e-01
2.140000e-11,7.744892e-08,3.777637e-08,8.590121e-08,1.268637e-07,-4.293351e-01,8.937091e-01,8.093343e-01
2.150000e-11,8.671241e-08,3.350070e-08,9.059029e-08,1.193143e-07,-4.293245e-01,8.937355e-01,8.093711e-01
2.160000e-11,9.039762e-08,2.630222e-08,9.028446e-08,1.056534e-07,-4.293156e-01,8.937626e-01,8.094048e-01
2.170000e-11,8.874603e-08,1.686816e-08,8.520364e-08,8.717009e-08,-4.293093e-01,8.937889e-01,8.094337e-01
2.180000e-11,8.228452e-08,6.045870e-09,7.582126e-08,6.532415e-08,-4.293059e-01,8.938131e-01,8.094566e-01
2.190000e-11,7.177152e-08,-5.232546e-09,6.282852e-08,4.164642e-08,-4.293059e-01,8.938338e-01,8.094726e-01
2.200000e-11,5.813427e-08,-1.602870e-08,4.708738e-08,1.764373e-08,-4.293091e-01,8.938503e-01,8.094815e-01
2.210000e-11,4.240137e-08,-2.547325e-08,2.957538e-08,-5.286806e-09,-4.293153e-01,8.938618e-01,8.094834e-01
2.220000e-11,2.563510e-08,-3.283229e-08,1.132597e-08,-2.592971e-08,-4.293241e-01,8.938679e-01,8.094788e-01
2.230000e-11,8.867428e-09,-3.756018e-08,-6.632111e-09,-4.330618e-08,-4.293346e-01,8.938686e-01,8.094685e-01
2.240000e-11,-6.956736e-09,-3.933527e-08,-2.333267e-08,-5.671053e-08,-4.293460e-01,8.938641e-01,8.094536e-01
2.250000e-11,-2.102653e-08,-3.807675e-08,-3.792382e-08,-6.572739e-08,-4.293576e-01,8.938549e-01,8.094353e-01
2.260000e-11,-3.270025e-08,-3.394199e-08,-4.971092e-08,-7.023040e-08,-4.293683e-01,8.938418e-01,8.094150e-01
2.270000e-11,-4.152771e-08,-2.730571e-08,-5.818852e-08,-7.036400e-08,-4.293774e-01,8.938256e-01,8.093939e-01
2.280000e-11,-4.725946e-08,-1.872334e-08,-6.305991e-08,-6.651098e-08,-4.293842e-01,8.938075e-01,8.093735e-01
2.290000e-11,-4.984368e-08,-8.882083e-09,-6.424372e-08,-5.924893e-08,-4.293883e-01,8.937884e-01,8.093546e-01
2.300000e-11,-4.941181e-08,1.456026e-09,-6.186778e-08,-4.929915e-08,-4.293894e-01,8.937695e-01,8.093384e-01
2.310000e-11,-4.625481e-08,1.151434e-08,-5.625125e-08,-3.747174e-08,-4.293874e-01,8.937518e-01,8.093254e-01
2.320000e-11,-4.079239e-08,2.056045e-08,-4.787673e-08,-2.461045e-08,-4.293826e-01,8.937362e-01,8.093160e-01
2.330000e-11,-3.353737e-08,2.795933e-08,-3.735427e-08,-1.154064e-08,-4.293753e-01,8.937234e-01,8.093106e-01
2.340000e-11,-2.505796e-08,3.321695e-08,-2.538020e-08,9.769413e-10,-4.293661e-01,8.937141e-01,8.093090e-01
2.350000e-11,-1.594022e-08,3.601163e-08,-1.269302e-08,1.228427e-08,-4.293558e-01,8.937083e-01,8.093109e-01
2.360000e-11,-6.752851e-09,3.621134e-08,-2.953845e-11,2.185461e-08,-4.293450e-01,8.937064e-01,8.093160e-01
2.370000e-11,1.983731e-09,3.387626e-08,1.191657e-08,2.931064e-08,-4.293346e-01,8.937082e-01,8.093236e-01
2.380000e-11,9.822695e-09,2.924713e-08,2.253127e-08,3.443214e-08,-4.293252e-01,8.937134e-01,8.093331e-01
2.390000e-11,1.640949e-08,2.272081e-08,3.131002e-08,3.715371e-08,-4.293174e-01,8.937214e-01,8.093438e-01
2.400000e-11,2.149346e-08,1.481560e-08,3.787959e-08,3.755362e-08,-4.293118e-01,8.937318e-01,8.093550e-01
2.410000e-11,2.493232e-08,6.129112e-09,4.201115e-08,3.583529e-08,-4.293087e-01,8.937438e-01,8.093660e-01
2.420000e-11,2.669001e-08,-2.707718e-09,4.362423e-08,3.230321e-08,-4.293082e-01,8.937566e-01,8.093762e-01
2.430000e-11,2.682854e-08,-1.107703e-08,4.278219e-08,2.733537e-08,-4.293103e-01,8.937695e-01,8.093851e-01
2.440000e-11,2.549499e-08,-1.841745e-08,3.967971e-08,2.135398e-08,-4.293148e-01,8.937819e-01,8.093925e-01
2.450000e-11,2.290486e-08,-2.426155e-08,3.462373e-08,1.479658e-08,-4.293211e-01,8.937930e-01,8.093979e-01
2.460000e-11,1.932308e-08,-2.826485e-08,2.800932e-08,8.089111e-09,-4.293290e-01,8.938024e-01,8.094013e-01
2.470000e-11,1.504405e-08,-3.022481e-08,2.029210e-08,1.622449e-09,-4.293377e-01,8.938096e-01,8.094028e-01
2.480000e-11,1.037192e-08,-3.008878e-08,1.195922e-08,-4.266688e-09,-4.293467e-01,8.938145e-01,8.094024e-01
2.490000e-11,5.602371e-09,-2.795108e-08,3.500364e-09,-9.309617e-09,-4.293554e-01,8.938168e-01,8.094004e-01
2.500000e-11,1.006617e-09,-2.403972e-08,-4.619304e-09,-1.331414e-08,-4.293632e-01,8.938166e-01,8.093971e-01
2.510000e-11,-3.181464e-09,-1.869443e-08,-1.198306e-08,-1.616761e-08,-4.293695e-01,8.938141e-01,8.093927e-01
2.520000e-11,-6.774763e-09,-1.233784e-08,-1.824221e-08,-1.783495e-08,-4.293742e-01,8.938096e-01,8.093876e-01
2.530000e-11,-9.638683e-09,-5.442332e-09,-2.313056e-08,-1.835234e-08,-4.293768e-01,8.938034e-01,8.093822e-01
2.540000e-11,-1.169324e-08,1.505013e-09,-2.647334e-08,-1.781731e-08,-4.293774e-01,8.937960e-01,8.093768e-01
2.550000e-11,-1.291180e-08,8.036675e-09,-2.819053e-08,-1.637636e-08,-4.293759e-01,8.937878e-01,8.093716e-01
2.560000e-11,-1.331687e-08,1.373589e-08,-2.829475e-08,-1.421093e-08,-4.293727e-01,8.937794e-01,8.093671e-01
2.570000e-11,-1.297346e-08,1.826267e-08,-2.688425e-08,-1.152293e-08,-4.293679e-01,8.937711e-01,8.093632e-01
2.580000e-11,-1.198080e-08,2.137319e-08,-2.413178e-08,-8.520647e-09,-4.293620e-01,8.937634e-01,8.093602e-01
2.590000e-11,-1.046290e-08,2.293150e-08,-2.027026e-08,-5.405860e-09,-4.293554e-01,8.937568e-01,8.093581e-01
2.600000e-11,-8.558790e-09,2.291307e-08,-1.557618e-08,-2.362826e-09,-4.293485e-01,8.937514e-01,8.093569e-01
2.610000e-11,-6.412958e-09,2.140061e-08,-1.035191e-08,4.504030e-10,-4.293419e-01,8.937475e-01,8.093566e-01
2.620000e-11,-4.166593e-09,1.857262e-08,-4.907872e-09,2.908065e-09,-4.293359e-01,8.937452e-01,8.093571e-01
2.630000e-11,-1.950015e-09,1.468605e-08,4.544005e-10,4.920116e-09,-4.293310e-01,8.937446e-01,8.093582e-01
2.640000e-11,1.233709e-10,1.005456e-08,5.457567e-09,6.433069e-09,-4.293273e-01,8.937455e-01,8.093599e-01
2.650000e-11,1.961419e-09,5.024084e-09,9.861375e-09,7.428531e-09,-4.293250e-01,8.937477e-01,8.093620e-01
2.660000e-11,3.495826e-09,-5.234149e-11,1.347271e-08,7.919766e-09,-4.293243e-01,8.937512e-01,8.093643e-01
2.670000e-11,4.683012e-09,-4.838818e-09,1.615247e-08,7.946768e-09,-4.293250e-01,8.937557e-01,8.093667e-01
2.680000e-11,5.503448e-09,-9.038202e-09,1.781914e-08,7.570319e-09,-4.293271e-01,8.937608e-01,8.093690e-01
2.690000e-11,5.959675e-09,-1.240980e-08,1.844921e-08,6.865531e-09,-4.293303e-01,8.937662e-01,8.093712e-01
2.700000e-11,6.073275e-09,-1.478216e-08,1.807443e-08,5.915368e-09,-4.293344e-01,8.937717e-01,8.093731e-01
2.710000e-11,5.881142e-09,-1.606036e-08,1.677664e-08,4.804540e-09,-4.293390e-01,8.937769e-01,8.093747e-01
2.720000e-11,5.431346e-09,-1.622768e-08,1.468020e-08,3.614143e-09,-4.293438e-01,8.937816e-01,8.093760e-01
2.730000e-11,4.778909e-09,-1.534184e-08,1.194291e-08,2.417275e-09,-4.293485e-01,8.937856e-01,8.093769e-01
2.740000e-11,3.981771e-09,-1.352645e-08,8.745826e-09,1.275812e-09,-4.293528e-01,8.937887e-01,8.093774e-01
2.750000e-11,3.097152e-09,-1.095856e-08,5.282519e-09,2.383851e-10,-4.293565e-01,8.937908e-01,8.093777e-01
2.760000e-11,2.178504e-09,-7.853363e-09,1.748485e-09,-6.604621e-10,-4.293593e-01,8.937919e-01,8.093776e-01
2.770000e-11,1.273149e-09,-4.447402e-09,-1.668901e-09,-1.400035e-09,-4.293611e-01,8.937919e-01,8.093773e-01
2.780000e-11,4.206482e-10,-9.813552e-10,-4.799387e-09,-1.972347e-09,-4.293619e-01,8.937909e-01,8.093768e-01
2.790000e-11,-3.480899e-10,2.316233e-09,-7.497428e-09,-2.380282e-09,-4.293617e-01,8.937891e-01,8.093762e-01
2.800000e-11,-1.011032e-09,5.243334e-09,-9.648089e-09,-2.635293e-09,-4.293606e-01,8.937865e-01,8.093754e-01
2.810000e-11,-1.554657e-09,7.636041e-09,-1.117107e-08,-2.754880e-09,-4.293587e-01,8.937834e-01,8.093746e-01
2.820000e-11,-1.973135e-09,9.376801e-09,-1.202280e-08,-2.760072e-09,-4.293561e-01,8.937799e-01,8.093738e-01
2.830000e-11,-2.267177e-09,1.039897e-08,-1.219657e-08,-2.673095e-09,-4.293532e-01,8.937763e-01,8.093730e-01
2.840000e-11,-2.442697e-09,1.068761e-08,-1.172082e-08,-2.515412e-09,-4.293500e-01,8.937727e-01,8.093722e-01
2.850000e-11,-2.509426e-09,1.027678e-08,-1.065585e-08,-2.306211e-09,-4.293469e-01,8.937693e-01,8.093715e-01
2.860000e-11,-2.479569e-09,9.243694e-09,-9.089047e-09,-2.061422e-09,-4.293440e-01,8.937664e-01,8.093708e-01
2.870000e-11,-2.366628e-09,7.700499e-09,-7.129039e-09,-1.793262e-09,-4.293415e-01,8.937639e-01,8.093702e-01
2.880000e-11,-2.184428e-09,5.784219e-09,-4.899100e-09,-1.510267e-09,-4.293394e-01,8.937621e-01,8.093697e-01
2.890000e-11,-1.946399e-09,3.645864e-09,-2.530135e-09,-1.217752e-09,-4.293380e-01,8.937610e-01,8.093693e-01
2.900000e-11,-1.665119e-09,1.439395e-09,-1.536215e-10,-9.185750e-10,-4.293373e-01,8.937606e-01,8.093690e-01
2.910000e-11,-1.352091e-09,-6.886533e-10,2.105152e-09,-6.140985e-10,-4.293372e-01,8.937609e-01,8.093687e-01
2.920000e-11,-1.017731e-09,-2.608255e-09,4.133222e-09,-3.052156e-10,-4.293376e-01,8.937619e-01,8.093686e-01
2.930000e-11,-6.715101e-10,-4.213153e-09,5.835196e-09,6.677957e-12,-4.293387e-01,8.937633e-01,8.093686e-01
2.940000e-11,-3.221802e-10,-5.425961e-09,7.137378e-09,3.188753e-10,-4.293401e-01,8.937653e-01,8.093686e-01
2.950000e-11,2.195956e-11,-6.200931e-09,7.990605e-09,6.267952e-10,-4.293418e-01,8.937676e-01,8.093688e-01
2.960000e-11,3.528302e-10,-6.524376e-09,8.371719e-09,9.237202e-10,-4.293437e-01,8.937700e-01,8.093690e-01
2.970000e-11,6.624132e-10,-6.412930e-09,8.283626e-09,1.200860e-09,-4.293457e-01,8.937725e-01,8.093693e-01
2.980000e-11,9.427010e-10,-5.909925e-09,7.754013e-09,1.447730e-09,-4.293475e-01,8.937749e-01,8.093697e-01
2.990000e-11,1.185777e-09,-5.080294e-09,6.832819e-09,1.652814e-09,-4.293492e-01,8.937771e-01,8.093702e-01
3.000000e-11,1.384023e-09,-4.004470e-09,5.588638e-09,1.804431e-09,-4.293505e-01,8.937790e-01,8.093707e-01
3.010000e-11,1.530449e-09,-2.771772e-09,4.104281e-09,1.891751e-09,-4.293515e-01,8.937804e-01,8.093713e-01
3.020000e-11,1.619102e-09,-1.473788e-09,2.471752e-09,1.905836e-09,-4.293522e-01,8.937814e-01,8.093718e-01
3.030000e-11,1.645529e-09,-1.981730e-10,7.869199e-10,1.840627e-09,-4.293524e-01,8.937819e-01,8.093724e-01
3.040000e-11,1.607234e-09,9.767199e-10,-8.558128e-10,1.693787e-09,-4.293523e-01,8.937819e-01,8.093729e-01
3.050000e-11,1.504091e-09,1.986116e-09,-2.368569e-09,1.467299e-09,-4.293519e-01,8.937814e-01,8.093734e-01
3.060000e-11,1.338656e-09,2.781796e-09,-3.674513e-09,1.167779e-09,-4.293512e-01,8.937805e-01,8.093738e-01
3.070000e-11,1.116338e-09,3.333694e-09,-4.711602e-09,8.064529e-10,-4.293502e-01,8.937792e-01,8.093741e-01
3.080000e-11,8.454089e-10,3.630145e-09,-5.435387e-09,3.987899e-10,-4.293492e-01,8.937777e-01,8.093743e-01
3.090000e-11,5.368102e-10,3.676878e-09,-5.820744e-09,-3.620088e-11,-4.293481e-01,8.937760e-01,8.093743e-01
3.100000e-11,2.037832e-10,3.494959e-09,-5.862472e-09,-4.769599e-10,-4.293470e-01,8.937743e-01,8.093742e-01
3.110000e-11,-1.386897e-10,3.117909e-09,-5.574761e-09,-9.005968e-10,-4.293460e-01,8.937726e-01,8.093740e-01
3.120000e-11,-4.745934e-10,2.588285e-09,-4.989595e-09,-1.284257e-09,-4.293452e-01,8.937710e-01,8.093737e-01
3.130000e-11,-7.877018e-10,1.954009e-09,-4.154221e-09,-1.606541e-09,-4.293445e-01,8.937696e-01,8.093733e-01
3.140000e-11,-1.062462e-09,1.264711e-09,-3.127843e-09,-1.848878e-09,-4.293440e-01,8.937685e-01,8.093727e-01
3.150000e-11,-1.284883e-09,5.683388e-10,-1.977770e-09,-1.996765e-09,-4.293438e-01,8.937677e-01,8.093722e-01
3.160000e-11,-1.443376e-09,-9.175523e-11,-7.752513e-10,-2.040761e-09,-4.293437e-01,8.937673e-01,8.093716e-01
3.170000e-11,-1.529477e-09,-6.791207e-10,4.087611e-10,-1.977198e-09,-4.293438e-01,8.937673e-01,8.093710e-01
3.180000e-11,-1.538414e-09,-1.165800e-09,1.507659e-09,-1.808527e-09,-4.293441e-01,8.937676e-01,8.093704e-01
3.190000e-11,-1.469461e-09,-1.533181e-09,2.462822e-09,-1.543279e-09,-4.293445e-01,8.937682e-01,8.093699e-01
3.200000e-11,-1.326072e-09,-1.772137e-09,3.226650e-09,-1.195650e-09,-4.293450e-01,8.937690e-01,8.093695e-01
3.210000e-11,-1.115755e-09,-1.882521e-09,3.764835e-09,-7.847147e-10,-4.293455e-01,8.937701e-01,8.093692e-01
3.220000e-11,-8.497110e-10,-1.872120e-09,4.057766e-09,-3.333308e-10,-4.293461e-01,8.937712e-01,8.093690e-01
3.230000e-11,-5.422376e-10,-1.755222e-09,4.101013e-09,1.332045e-10,-4.293466e-01,8.937725e-01,8.093690e-01
3.240000e-11,-2.099484e-10,-1.550908e-09,3.904905e-09,5.886587e-10,-4.293471e-01,8.937737e-01,8.093691e-01
3.250000e-11,1.291608e-10,-1.281260e-09,3.493245e-09,1.007432e-09,-4.293475e-01,8.937748e-01,8.093693e-01
3.260000e-11,4.567339e-10,-9.695819e-10,2.901292e-09,1.366094e-09,-4.293479e-01,8.937757e-01,8.093697e-01
3.270000e-11,7.551053e-10,-6.387801e-10,2.173145e-09,1.644779e-09,-4.293481e-01,8.937765e-01,8.093702e-01
3.280000e-11,1.008314e-09,-3.099813e-10,1.358719e-09,1.828376e-09,-4.293483e-01,8.937770e-01,8.093707e-01
3.290000e-11,1.203019e-09,-1.456523e-12,5.104978e-10,1.907404e-09,-4.293483e-01,8.937773e-01,8.093712e-01
3.300000e-11,1.329261e-09,2.721159e-10,-3.197077e-10,1.878559e-09,-4.293483e-01,8.937773e-01,8.093718e-01
3.310000e-11,1.381018e-09,5.000461e-10,-1.083827e-09,1.744858e-09,-4.293482e-01,8.937771e-01,8.093723e-01
3.320000e-11,1.356534e-09,6.757084e-10,-1.740224e-09,1.515416e-09,-4.293480e-01,8.937767e-01,8.093728e-01
3.330000e-11,1.258380e-09,7.963383e-10,-2.255880e-09,1.204835e-09,-4.293478e-01,8.937761e-01,8.093732e-01
3.340000e-11,1.093273e-09,8.626102e-10,-2.607949e-09,8.322747e-10,-4.293475e-01,8.937754e-01,8.093735e-01
3.350000e-11,8.716361e-10,8.780576e-10,-2.784625e-09,4.202500e-10,-4.293472e-01,8.937745e-01,8.093737e-01
3.360000e-11,6.069532e-10,8.484070e-10,-2.785291e-09,-6.761169e-12,-4.293470e-01,8.937737e-01,8.093738e-01
3.370000e-11,3.149429e-10,7.808844e-10,-2.619977e-09,-4.238100e-10,-4.293467e-01,8.937729e-01,8.093737e-01
3.380000e-11,1.261131e-11,6.835530e-10,-2.308197e-09,-8.069768e-10,-4.293465e-01,8.937722e-01,8.093735e-01
3.390000e-11,-2.827589e-10,5.647221e-10,-1.877253e-09,-1.134786e-09,-4.293463e-01,8.937715e-01,8.093732e-01
3.400000e-11,-5.546222e-10,4.324602e-10,-1.360157e-09,-1.389447e-09,-4.293462e-01,8.937711e-01,8.093729e-01
3.410000e-11,-7.881233e-10,2.942242e-10,-7.932947e-10,-1.557853e-09,-4.293461e-01,8.937707e-01,8.093724e-01
3.420000e-11,-9.709351e-10,1.566111e-10,-2.140075e-10,-1.632271e-09,-4.293460e-01,8.937706e-01,8.093719e-01
3.430000e-11,-1.093930e-09,2.522069e-11,3.417575e-10,-1.610696e-09,-4.293460e-01,8.937706e-01,8.093715e-01
3.440000e-11,-1.151649e-09,-9.538635e-11,8.415911e-10,-1.496846e-09,-4.293460e-01,8.937708e-01,8.093710e-01
3.450000e-11,-1.142543e-09,-2.016581e-10,1.258427e-09,-1.299811e-09,-4.293460e-01,8.937711e-01,8.093706e-01
3.460000e-11,-1.068973e-09,-2.909732e-10,1.571920e-09,-1.033380e-09,-4.293461e-01,8.937715e-01,8.093702e-01
3.470000e-11,-9.369838e-10,-3.615399e-10,1.769320e-09,-7.151033e-10,-4.293462e-01,8.937720e-01,8.093700e-01
3.480000e-11,-7.558537e-10,-4.122913e-10,1.845833e-09,-3.651372e-10,-4.293463e-01,8.937726e-01,8.093698e-01
3.490000e-11,-5.374689e-10,-4.427943e-10,1.804454e-09,-4.968839e-12,-4.293465e-01,8.937731e-01,8.093698e-01
3.500000e-11,-2.955538e-10,-4.531809e-10,1.655316e-09,3.439141e-10,-4.293466e-01,8.937736e-01,8.093698e-01
3.510000e-11,-4.481055e-11,-4.441048e-10,1.414636e-09,6.613172e-10,-4.293467e-01,8.937741e-01,8.093700e-01
3.520000e-11,1.999768e-10,-4.167207e-10,1.103326e-09,9.295200e-10,-4.293468e-01,8.937745e-01,8.093702e-01
3.530000e-11,4.248200e-10,-3.726784e-10,7.453895e-10,1.134274e-09,-4.293470e-01,8.937747e-01,8.093705e-01
3.540000e-11,6.173320e-10,-3.141215e-10,3.662209e-10,1.265558e-09,-4.293471e-01,8.937749e-01,8.093709e-01
3.550000e-11,7.674144e-10,-2.436765e-10,-9.091465e-12,1.318061e-09,-4.293472e-01,8.937750e-01,8.093713e-01
3.560000e-11,8.677872e-10,-1.644229e-10,-3.573357e-10,1.291351e-09,-4.293472e-01,8.937749e-01,8.093716e-01
3.570000e-11,9.143337e-10,-7.983271e-11,-6.585345e-10,1.189752e-09,-4.293473e-01,8.937747e-01,8.093720e-01
3.580000e-11,9.062452e-10,6.325544e-12,-8.970123e-10,1.021932e-09,-4.293473e-01,8.937745e-01,8.093723e-01
3.590000e-11,8.459618e-10,9.012039e-11,-1.062121e-09,8.002292e-10,-4.293472e-01,8.937742e-01,8.093726e-01
3.600000e-11,7.389195e-10,1.676244e-10,-1.148596e-09,5.397883e-10,-4.293472e-01,8.937739e-01,8.093728e-01
3.610000e-11,5.931251e-10,2.351068e-10,-1.156544e-09,2.575442e-10,-4.293471e-01,8.937735e-01,8.093729e-01
3.620000e-11,4.185904e-10,2.892389e-10,-1.091082e-09,-2.886622e-11,-4.293471e-01,8.937732e-01,8.093730e-01
3.630000e-11,2.266634e-10,3.272969e-10,-9.616751e-10,-3.022001e-10,-4.293470e-01,8.937729e-01,8.093729e-01
3.640000e-11,2.930252e-11,3.473465e-10,-7.812357e-10,-5.466416e-10,-4.293469e-01,8.937726e-01,8.093728e-01
3.650000e-11,-1.616617e-10,3.483903e-10,-5.650519e-10,-7.487119e-10,-4.293468e-01,8.937724e-01,8.093726e-01
3.660000e-11,-3.352305e-10,3.304653e-10,-3.296345e-10,-8.980028e-10,-4.293467e-01,8.937723e-01,8.093723e-01
3.670000e-11,-4.818658e-10,2.946789e-10,-9.155775e-11,-9.876958e-10,-4.293466e-01,8.937722e-01,8.093721e-01
3.680000e-11,-5.940076e-10,2.431747e-10,1.336272e-10,-1.014841e-09,-4.293465e-01,8.937723e-01,8.093718e-01
3.690000e-11,-6.664523e-10,1.790291e-10,3.323390e-10,-9.803890e-10,-4.293464e-01,8.937723e-01,8.093715e-01
3.700000e-11,-6.965743e-10,1.060805e-10,4.937199e-10,-8.889792e-10,-4.293464e-01,8.937724e-01,8.093712e-01
3.710000e-11,-6.843824e-10,2.870296e-11,6.101575e-10,-7.485122e-10,-4.293464e-01,8.937726e-01,8.093709e-01
3.720000e-11,-6.324140e-10,-4.846317e-11,6.775571e-10,-5.695360e-10,-4.293464e-01,8.937728e-01,8.093707e-01
3.730000e-11,-5.454802e-10,-1.208039e-10,6.953602e-10,-3.644934e-10,-4.293464e-01,8.937730e-01,8.093706e-01
3.740000e-11,-4.302822e-10,-1.840279e-10,6.663269e-10,-1.468836e-10,-4.293464e-01,8.937732e-01,8.093705e-01
3.750000e-11,-2.949286e-10,-2.344446e-10,5.961113e-10,6.960866e-11,-4.293465e-01,8.937734e-01,8.093705e-01
3.760000e-11,-1.483856e-10,-2.692038e-10,4.926724e-10,2.719592e-10,-4.293466e-01,8.937736e-01,8.093706e-01
3.770000e-11,1.008989e-13,-2.864803e-10,3.655715e-10,4.485751e-10,-4.293467e-01,8.937737e-01,8.093707e-01
3.780000e-11,1.415780e-10,-2.855880e-10,2.252116e-10,5.899442e-10,-4.293468e-01,8.937738e-01,8.093708e-01
3.790000e-11,2.679150e-10,-2.670167e-10,8.207291e-11,6.891287e-10,-4.293468e-01,8.937738e-01,8.093710e-01
3.800000e-11,3.722607e-10,-2.323876e-10,-5.400097e-11,7.420786e-10,-4.293469e-01,8.937738e-01,8.093712e-01
3.810000e-11,4.494024e-10,-1.843323e-10,-1.744237e-10,7.477525e-10,-4.293470e-01,8.937738e-01,8.093715e-01
3.820000e-11,4.960095e-10,-1.263024e-10,-2.723554e-10,7.080462e-10,-4.293470e-01,8.937737e-01,8.093717e-01
3.830000e-11,5.107501e-10,-6.232469e-11,-3.430377e-10,6.275433e-10,-4.293470e-01,8.937736e-01,8.093719e-01
3.840000e-11,4.942813e-10,3.279186e-12,-3.839610e-10,5.131094e-10,-4.293471e-01,8.937735e-01,8.093721e-01
3.850000e-11,4.491171e-10,6.619069e-11,-3.948649e-10,3.733632e-10,-4.293470e-01,8.937734e-01,8.093722e-01
3.860000e-11,3.793883e-10,1.223862e-10,-3.775833e-10,2.180631e-10,-4.293470e-01,8.937733e-01,8.093723e-01
3.870000e-11,2.905148e-10,1.684034e-10,-3.357558e-10,5.745011e-11,-4.293470e-01,8.937732e-01,8.093723e-01
3.880000e-11,1.888133e-10,2.015631e-10,-2.744343e-10,-9.840745e-11,-4.293469e-01,8.937731e-01,8.093723e-01
3.890000e-11,8.106821e-11,2.201314e-10,-1.996209e-10,-2.402288e-10,-4.293469e-01,8.937730e-01,8.093723e-01
3.900000e-11,-2.590571e-11,2.234134e-10,-1.177722e-10,-3.600569e-10,-4.293468e-01,8.937730e-01,8.093722e-01
3.910000e-11,-1.256820e-10,2.117701e-10,-3.530964e-11,-4.516869e-10,-4.293467e-01,8.937730e-01,8.093720e-01
3.920000e-11,-2.125968e-10,1.865630e-10,4.183230e-11,-5.109643e-10,-4.293467e-01,8.937730e-01,8.093719e-01
3.930000e-11,-2.820586e-10,1.500287e-10,1.085896e-10,-5.359411e-10,-4.293466e-01,8.937730e-01,8.093717e-01
3.940000e-11,-3.307757e-10,1.050964e-10,1.610622e-10,-5.268859e-10,-4.293466e-01,8.937730e-01,8.093716e-01
3.950000e-11,-3.568932e-10,5.516199e-11,1.967024e-10,-4.861558e-10,-4.293466e-01,8.937731e-01,8.093714e-01
3.960000e-11,-3.600332e-10,3.836159e-12,2.143933e-10,-4.179430e-10,-4.293465e-01,8.937731e-01,8.093713e-01
3.970000e-11,-3.412427e-10,-4.531443e-11,2.144182e-10,-3.279201e-10,-4.293465e-01,8.937732e-01,8.093712e-01
3.980000e-11,-3.028554e-10,-8.901453e-11,1.983314e-10,-2.228101e-10,-4.293466e-01,8.937733e-01,8.093711e-01
3.990000e-11,-2.482804e-10,-1.244987e-10,1.687473e-10,-1.099129e-10,-4.293466e-01,8.937733e-01,8.093711e-01
4.000000e-11,-1.817360e-10,-1.496860e-10,1.290670e-10,3.380667e-12,-4.293466e-01,8.937734e-01,8.093710e-01
4.010000e-11,-1.079459e-10,-1.632999e-10,8.316851e-11,1.100548e-10,-4.293467e-01,8.937734e-01,8.093711e-01
4.020000e-11,-3.182111e-11,-1.649271e-10,3.508386e-11,2.038872e-10,-4.293467e-01,8.937734e-01,8.093711e-01
4.030000e-11,4.185400e-11,-1.550119e-10,-1.131117e-11,2.797953e-10,-4.293468e-01,8.937734e-01,8.093712e-01
4.040000e-11,1.087109e-10,-1.347907e-10,-5.257417e-11,3.340931e-10,-4.293468e-01,8.937734e-01,8.093713e-01
4.050000e-11,1.650445e-10,-1.061715e-10,-8.592117e-11,3.646454e-10,-4.293469e-01,8.937734e-01,8.093714e-01
4.060000e-11,2.080066e-10,-7.157099e-11,-1.093873e-10,3.709175e-10,-4.293469e-01,8.937734e-01,8.093715e-01
4.070000e-11,2.357350e-10,-3.372099e-11,-1.219155e-10,3.539195e-10,-4.293469e-01,8.937733e-01,8.093716e-01
4.080000e-11,2.474141e-10,4.539744e-12,-1.233709e-10,3.160576e-10,-4.293469e-01,8.937733e-01,8.093717e-01
4.090000e-11,2.432671e-10,4.047283e-11,-1.144867e-10,2.609049e-10,-4.293469e-01,8.937732e-01,8.093718e-01
4.100000e-11,2.244831e-10,7.163200e-11,-9.674711e-11,1.929107e-10,-4.293469e-01,8.937732e-01,8.093718e-01
4.110000e-11,1.930887e-10,9.602577e-11,-7.222298e-11,1.170709e-10,-4.293469e-01,8.937732e-01,8.093719e-01
4.120000e-11,1.517735e-10,1.122406e-10,-4.337385e-11,3.858240e-11,-4.293468e-01,8.937732e-01,8.093719e-01
4.130000e-11,1.036840e-10,1.195168e-10,-1.283344e-11,-3.749646e-11,-4.293468e-01,8.937732e-01,8.093719e-01
4.140000e-11,5.220116e-11,1.177744e-10,1.680399e-11,-1.065569e-10,-4.293468e-01,8.937732e-01,8.093719e-01
4.150000e-11,7.152734e-13,1.075885e-10,4.318089e-11,-1.647047e-10,-4.293467e-01,8.937732e-01,8.093719e-01
4.160000e-11,-4.758660e-11,9.011759e-11,6.434338e-11,-2.089647e-10,-4.293467e-01,8.937732e-01,8.093718e-01
4.170000e-11,-8.990802e-11,6.699367e-11,7.886748e-11,-2.374149e-10,-4.293467e-01,8.937732e-01,8.093717e-01
4.180000e-11,-1.239952e-10,4.018194e-11,8.593744e-11,-2.492461e-10,-4.293467e-01,8.937732e-01,8.093717e-01
4.190000e-11,-1.482460e-10,1.182271e-11,8.537335e-11,-2.447468e-10,-4.293467e-01,8.937733e-01,8.093716e-01
4.200000e-11,-1.617709e-10,-1.593253e-11,7.760880e-11,-2.252195e-10,-4.293467e-01,8.937733e-01,8.093715e-01
4.210000e-11,-1.644065e-10,-4.107862e-11,6.362332e-11,-1.928368e-10,-4.293467e-01,8.937733e-01,8.093715e-01
4.220000e-11,-1.566808e-10,-6.189656e-11,4.483715e-11,-1.504508e-10,-4.293467e-01,8.937733e-01,8.093714e-01
4.230000e-11,-1.397383e-10,-7.706613e-11,2.297829e-11,-1.013701e-10,-4.293467e-01,8.937733e-01,8.093714e-01
4.240000e-11,-1.152296e-10,-8.574437e-11,-6.642968e-14,-4.912142e-11,-4.293467e-01,8.937733e-01,8.093713e-01
4.250000e-11,-8.517595e-11,-8.760553e-11,-2.240455e-11,2.788748e-12,-4.293467e-01,8.937733e-01,8.093713e-01
4.260000e-11,-5.181869e-11,-8.284134e-11,-4.228350e-11,5.109680e-11,-4.293468e-01,8.937733e-01,8.093713e-01
4.270000e-11,-1.746368e-11,-7.212316e-11,-5.821815e-11,9.297532e-11,-4.293468e-01,8.937733e-01,8.093714e-01
4.280000e-11,1.566865e-11,-5.653077e-11,-6.909174e-11,1.261867e-10,-4.293468e-01,8.937733e-01,8.093714e-01
4.290000e-11,4.557860e-11,-3.745412e-11,-7.422408e-11,1.491896e-10,-4.293468e-01,8.937733e-01,8.093714e-01
4.300000e-11,7.059996e-11,-1.647679e-11,-7.340356e-11,1.611933e-10,-4.293468e-01,8.937732e-01,8.093715e-01
4.310000e-11,8.948450e-11,4.749679e-12,-6.688258e-11,1.621617e-10,-4.293468e-01,8.937732e-01,8.093715e-01
4.320000e-11,1.014545e-10,2.463080e-11,-5.533838e-11,1.527670e-10,-4.293468e-01,8.937732e-01,8.093716e-01
4.330000e-11,1.062218e-10,4.174441e-11,-3.980404e-11,1.343014e-10,-4.293468e-01,8.937732e-01,8.093716e-01
4.340000e-11,1.039745e-10,5.493808e-11,-2.157614e-11,1.085544e-10,-4.293468e-01,8.937732e-01,8.093717e-01
4.350000e-11,9.533381e-11,6.340229e-11,-2.107007e-12,7.766485e-11,-4.293468e-01,8.937732e-01,8.093717e-01
4.360000e-11,8.128607e-11,6.671506e-11,1.710969e-11,4.396094e-11,-4.293468e-01,8.937732e-01,8.093717e-01
4.370000e-11,6.309565e-11,6.485601e-11,3.465134e-11,9.797108e-12,-4.293468e-01,8.937732e-01,8.093717e-01
4.380000e-11,4.220558e-11,5.819010e-11,4.926870e-11,-2.259978e-11,-4.293467e-01,8.937732e-01,8.093717e-01
4.390000e-11,2.013324e-11,4.742371e-11,5.997088e-11,-5.126625e-11,-4.293467e-01,8.937732e-01,8.093717e-01
4.400000e-11,-1.632024e-12,3.353735e-11,6.608792e-11,-7.461217e-11,-4.293467e-01,8.937732e-01,8.093717e-01
4.410000e-11,-2.172274e-11,1.770112e-11,6.730714e-11,-9.149927e-11,-4.293467e-01,8.937733e-01,8.093717e-01
4.420000e-11,-3.897308e-11,1.179898e-12,6.368209e-11,-1.012851e-10,-4.293467e-01,8.937733e-01,8.093716e-01
4.430000e-11,-5.248037e-11,-1.476443e-11,5.561445e-11,-1.038320e-10,-4.293467e-01,8.937733e-01,8.093716e-01
4.440000e-11,-6.164546e-11,-2.896615e-11,4.381165e-11,-9.948200e-11,-4.293467e-01,8.937733e-01,8.093716e-01
4.450000e-11,-6.619079e-11,-4.043790e-11,2.922422e-11,-8.900263e-11,-4.293467e-01,8.937733e-01,8.093715e-01
4.460000e-11,-6.615632e-11,-4.843600e-11,1.296830e-11,-7.350808e-11,-4.293467e-01,8.937733e-01,8.093715e-01
4.470000e-11,-6.187514e-11,-5.250511e-11,-3.760366e-12,-5.436293e-11,-4.293467e-01,8.937733e-01,8.093715e-01
4.480000e-11,-5.393170e-11,-5.249963e-11,-1.977455e-11,-3.307579e-11,-4.293468e-01,8.937733e-01,8.093715e-01
4.490000e-11,-4.310640e-11,-4.858146e-11,-3.397932e-11,-1.119067e-11,-4.293468e-01,8.937733e-01,8.093715e-01
4.500000e-11,-3.031120e-11,-4.119510e-11,-4.544571e-11,9.816907e-12,-4.293468e-01,8.937733e-01,8.093715e-01
4.510000e-11,-1.652107e-11,-3.102311e-11,-5.346956e-11,2.863221e-11,-4.293468e-01,8.937733e-01,8.093715e-01
4.520000e-11,-2.705876e-12,-1.892593e-11,-5.761203e-11,4.417688e-11,-4.293468e-01,8.937733e-01,8.093715e-01
4.530000e-11,1.023261e-11,-5.871185e-12,-5.771965e-11,5.566385e-11,-4.293468e-01,8.937733e-01,8.093715e-01
4.540000e-11,2.151504e-11,7.141878e-12,-5.392365e-11,6.262924e-11,-4.293468e-01,8.937732e-01,8.093715e-01
4.550000e-11,3.052690e-11,1.915706e-11,-4.661926e-11,6.494078e-11,-4.293468e-01,8.937732e-01,8.093715e-01
4.560000e-11,3.684730e-11,2.932955e-11,-3.642764e-11,6.278366e-11,-4.293468e-01,8.937732e-01,8.093716e-01
4.570000e-11,4.026290e-11,3.698327e-11,-2.414369e-11,5.662628e-11,-4.293468e-01,8.937732e-01,8.093716e-01
4.580000e-11,4.076724e-11,4.165341e-11,-1.067412e-11,4.716944e-11,-4.293468e-01,8.937732e-01,8.093716e-01
4.590000e-11,3.854645e-11,4.311167e-11,3.029510e-12,3.528367e-11,-4.293468e-01,8.937732e-01,8.093716e-01
4.600000e-11,3.395315e-11,4.137333e-11,1.603782e-11,2.193932e-11,-4.293468e-01,8.937732e-01,8.093716e-01
4.610000e-11,2.747124e-11,3.668604e-11,2.750615e-11,8.134917e-12,-4.293467e-01,8.937732e-01,8.093716e-01
4.620000e-11,1.967431e-11,2.950234e-11,3.672852e-11,-5.171551e-12,-4.293467e-01,8.937732e-01,8.093716e-01
4.630000e-11,1.118112e-11,2.043828e-11,4.317953e-11,-1.712394e-11,-4.293467e-01,8.937732e-01,8.093716e-01
4.640000e-11,2.611134e-12,1.022198e-11,4.654210e-11,-2.701823e-11,-4.293467e-01,8.937732e-01,8.093716e-01
4.650000e-11,-5.456914e-12,-3.638170e-13,4.671970e-11,-3.433917e-11,-4.293467e-01,8.937733e-01,8.093716e-01
4.660000e-11,-1.252073e-11,-1.054068e-11,4.383302e-11,-3.878171e-11,-4.293467e-01,8.937733e-01,8.093716e-01
4.670000e-11,-1.818260e-11,-1.959070e-11,3.820200e-11,-4.025691e-11,-4.293467e-01,8.937733e-01,8.093716e-01
4.680000e-11,-2.216857e-11,-2.690583e-11,3.031525e-11,-3.888277e-11,-4.293467e-01,8.937733e-01,8.093716e-01
4.690000e-11,-2.433785e-11,-3.202726e-11,2.078953e-11,-3.496183e-11,-4.293467e-01,8.937733e-01,8.093716e-01
4.700000e-11,-2.468279e-11,-3.467232e-11,1.032246e-11,-2.894779e-11,-4.293467e-01,8.937733e-01,8.093715e-01
4.710000e-11,-2.331968e-11,-3.474749e-11,-3.578581e-13,-2.140423e-11,-4.293468e-01,8.937733e-01,8.093715e-01
4.720000e-11,-2.047203e-11,-3.234727e-11,-1.054287e-11,-1.295868e-11,-4.293468e-01,8.937733e-01,8.093715e-01
4.730000e-11,-1.644763e-11,-2.773956e-11,-1.958980e-11,-4.255515e-12,-4.293468e-01,8.937733e-01,8.093715e-01
4.740000e-11,-1.161162e-11,-2.133912e-11,-2.696119e-11,4.089102e-12,-4.293468e-01,8.937733e-01,8.093715e-01
4.750000e-11,-6.357540e-12,-1.367177e-11,-3.225540e-11,1.152725e-11,-4.293468e-01,8.937733e-01,8.093715e-01
4.760000e-11,-1.078444e-12,-5.332064e-12,-3.522658e-11,1.761195e-11,-4.293468e-01,8.937733e-01,8.093715e-01
4.770000e-11,3.859864e-12,3.062112e-12,-3.579310e-11,2.202072e-11,-4.293468e-01,8.937733e-01,8.093715e-01
4.780000e-11,8.141901e-12,1.091457e-11,-3.403476e-11,2.456911e-11,-4.293468e-01,8.937733e-01,8.093715e-01
4.790000e-11,1.152052e-11,1.769241e-11,-3.017933e-11,2.521377e-11,-4.293468e-01,8.937732e-01,8.093716e-01
4.800000e-11,1.382899e-11,2.296117e-11,-2.458000e-11,2.404584e-11,-4.293468e-01,8.937732e-01,8.093716e-01
4.810000e-11,1.498676e-11,2.641153e-11,-1.768568e-11,2.127537e-11,-4.293468e-01,8.937732e-01,8.093716e-01
4.820000e-11,1.499887e-11,2.787577e-11,-1.000658e-11,1.720883e-11,-4.293468e-01,8.937732e-01,8.093716e-01
4.830000e-11,1.394959e-11,2.733355e-11,-2.077509e-12,1.222137e-11,-4.293468e-01,8.937732e-01,8.093716e-01
4.840000e-11,1.199096e-11,2.490687e-11,5.578408e-12,6.726342e-12,-4.293467e-01,8.937732e-01,8.093716e-01
4.850000e-11,9.327583e-12,2.084515e-11,1.248333e-11,1.144080e-12,-4.293467e-01,8.937732e-01,8.093716e-01
4.860000e-11,6.198694e-12,1.550201e-11,1.823345e-11,-4.127580e-12,-4.293467e-01,8.937732e-01,8.093716e-01
4.870000e-11,2.859185e-12,9.305657e-12,2.252133e-11,-8.739368e-12,-4.293467e-01,8.937732e-01,8.093716e-01
4.880000e-11,-4.392232e-13,2.725326e-12,2.515066e-11,-1.241156e-11,-4.293467e-01,8.937732e-01,8.093716e-01
4.890000e-11,-3.465311e-12,-3.763573e-12,2.604287e-11,-1.494877e-11,-4.293467e-01,8.937732e-01,8.093716e-01
4.900000e-11,-6.023077e-12,-9.713204e-12,2.523572e-11,-1.624798e-11,-4.293467e-01,8.937733e-01,8.093716e-01
4.910000e-11,-7.963042e-12,-1.473352e-11,2.287431e-11,-1.629962e-11,-4.293467e-01,8.937733e-01,8.093716e-01
4.920000e-11,-9.189564e-12,-1.851699e-11,1.919564e-11,-1.518217e-11,-4.293467e-01,8.937733e-01,8.093716e-01
4.930000e-11,-9.663919e-12,-2.085638e-11,1.450798e-11,-1.305100e-11,-4.293467e-01,8.937733e-01,8.093716e-01
4.940000e-11,-9.403233e-12,-2.165463e-11,9.166877e-12,-1.012256e-11,-4.293468e-01,8.937733e-01,8.093716e-01
4.950000e-11,-8.475575e-12,-2.092646e-11,3.549430e-12,-6.655456e-12,-4.293468e-01,8.937733e-01,8.093716e-01
4.960000e-11,-6.991835e-12,-1.879215e-11,-1.971321e-12,-2.929671e-12,-4.293468e-01,8.937733e-01,8.093715e-01
4.970000e-11,-5.095147e-12,-1.546413e-11,-7.050217e-12,7.742549e-13,-4.293468e-01,8.937733e-01,8.093715e-01
4.980000e-11,-2.948720e-12,-1.122772e-11,-1.139058e-11,4.194853e-12,-4.293468e-01,8.937733e-01,8.093716e-01
4.990000e-11,-7.230730e-13,-6.417818e-12,-1.476042e-11,7.106774e-12,-4.293468e-01,8.937733e-01,8.093716e-01
5.000000e-11,1.416446e-12,-1.393109e-12,-1.700352e-11,9.334281e-12,-4.293468e-01,8.937733e-01,8.093716e-01
5.010000e-11,3.320983e-12,3.490048e-12,-1.804488e-11,1.076046e-11,-4.293468e-01,8.937733e-01,8.093716e-01
5.020000e-11,4.867647e-12,7.902308e-12,-1.789060e-11,1.133180e-11,-4.293468e-01,8.937733e-01,8.093716e-01
5.030000e-11,5.966563e-12,1.156292e-11,-1.662258e-11,1.105808e-11,-4.293468e-01,8.937733e-01,8.093716e-01
5.040000e-11,6.565193e-12,1.425684e-11,-1.438857e-11,1.000787e-11,-4.293468e-01,8.937732e-01,8.093716e-01
5.050000e-11,6.649767e-12,1.584639e-11,-1.138867e-11,8.300275e-12,-4.293468e-01,8.937732e-01,8.093716e-01
5.060000e-11,6.243929e-12,1.627698e-11,-7.859272e-12,6.093598e-12,-4.293468e-01,8.937732e-01,8.093716e-01
5.070000e-11,5.404845e-12,1.557666e-11,-4.055657e-12,3.572029e-12,-4.293468e-01,8.937732e-01,8.093716e-01
5.080000e-11,4.217185e-12,1.385004e-11,-2.345248e-13,9.312967e-13,-4.293468e-01,8.937732e-01,8.093716e-01
5.090000e-11,2.785567e-12,1.126715e-11,3.362478e-12,-1.635623e-12,-4.293467e-01,8.937732e-01,8.093716e-01
5.100000e-11,1.226030e-12,8.048267e-12,6.523206e-12,-3.951772e-12,-4.293467e-01,8.937732e-01,8.093716e-01
5.110000e-11,-3.427790e-13,4.446161e-12,9.076634e-12,-5.867596e-12,-4.293467e-01,8.937732e-01,8.093716e-01
5.120000e-11,-1.808104e-12,7.268781e-13,1.090109e-11,-7.269773e-12,-4.293467e-01,8.937732e-01,8.093716e-01
5.130000e-11,-3.070653e-12,-2.849307e-12,1.192881e-11,-8.087037e-12,-4.293467e-01,8.937732e-01,8.093716e-01
5.140000e-11,-4.050826e-12,-6.045571e-12,1.214670e-11,-8.292766e-12,-4.293467e-01,8.937733e-01,8.093716e-01
5.150000e-11,-4.693211e-12,-8.663648e-12,1.159362e-11,-7.904339e-12,-4.293467e-01,8.937733e-01,8.093716e-01
5.160000e-11,-4.969130e-12,-1.055546e-11,1.035448e-11,-6.979510e-12,-4.293468e-01,8.937733e-01,8.093716e-01
5.170000e-11,-4.877205e-12,-1.163064e-11,8.551817e-12,-5.610194e-12,-4.293468e-01,8.937733e-01,8.093716e-01
5.180000e-11,-4.441981e-12,-1.185967e-11,6.335538e-12,-3.914266e-12,-4.293468e-01,8.937733e-01,8.093716e-01
5.190000e-11,-3.710836e-12,-1.127262e-11,3.871603e-12,-2.026023e-12,-4.293468e-01,8.937733e-01,8.093716e-01
5.200000e-11,-2.749469e-12,-9.953810e-12,1.330454e-12,-8.605657e-14,-4.293468e-01,8.937733e-01,8.093716e-01
5.210000e-11,-1.636375e-12,-8.033088e-12,-1.124048e-12,1.768752e-12,-4.293468e-01,8.937733e-01,8.093716e-01
5.220000e-11,-4.567234e-13,-5.674348e-12,-3.344523e-12,3.414433e-12,-4.293468e-01,8.937733e-01,8.093716e-01
5.230000e-11,7.038894e-13,-3.062388e-12,-5.208243e-12,4.747741e-12,-4.293468e-01,8.937733e-01,8.093716e-01
5.240000e-11,1.765386e-12,-3.890381e-13,-6.623179e-12,5.692130e-12,-4.293468e-01,8.937733e-01,8.093716e-01
5.250000e-11,2.658465e-12,2.160415e-12,-7.531689e-12,6.201585e-12,-4.293468e-01,8.937733e-01,8.093716e-01
5.260000e-11,3.328830e-12,4.419596e-12,-7.911773e-12,6.262161e-12,-4.293468e-01,8.937733e-01,8.093716e-01
5.270000e-11,3.740172e-12,6.251394e-12,-7.775988e-12,5.891268e-12,-4.293468e-01,8.937733e-01,8.093716e-01
5.280000e-11,3.875762e-12,7.555715e-12,-7.168261e-12,5.134854e-12,-4.293468e-01,8.937733e-01,8.093716e-01
5.290000e-11,3.738634e-12,8.274230e-12,-6.158944e-12,4.062809e-12,-4.293468e-01,8.937733e-01,8.093716e-01
5.300000e-11,3.350380e-12,8.391978e-12,-4.838552e-12,2.762992e-12,-4.293468e-01,8.937733e-01,8.093716e-01
5.310000e-11,2.748768e-12,7.935880e-12,-3.310677e-12,1.334352e-12,-4.293468e-01,8.937732e-01,8.093716e-01
5.320000e-11,1.984369e-12,6.970457e-12,-1.684583e-12,-1.203257e-13,-4.293468e-01,8.937732e-01,8.093716e-01
5.330000e-11,1.116482e-12,5.591205e-12,-6.797047e-14,-1.501560e-12,-4.293468e-01,8.937732e-01,8.093716e-01
5.340000e-11,2.086774e-13,3.916225e-12,1.439644e-12,-2.719707e-12,-4.293468e-01,8.937732e-01,8.093716e-01
5.350000e-11,-6.757193e-13,2.076791e-12,2.752559e-12,-3.700496e-12,-4.293468e-01,8.937732e-01,8.093716e-01
5.360000e-11,-1.477902e-12,2.075732e-13,3.803247e-12,-4.389237e-12,-4.293468e-01,8.937733e-01,8.093716e-01
5.370000e-11,-2.147352e-12,-1.562798e-12,4.545268e-12,-4.753500e-12,-4.293468e-01,8.937733e-01,8.093716e-01
5.380000e-11,-2.644824e-12,-3.120176e-12,4.954645e-12,-4.784157e-12,-4.293468e-01,8.937733e-01,8.093716e-01
5.390000e-11,-2.944466e-12,-4.371848e-12,5.029746e-12,-4.494821e-12,-4.293468e-01,8.937733e-01,8.093716e-01
5.400000e-11,-3.034894e-12,-5.251582e-12,4.789768e-12,-3.919787e-12,-4.293468e-01,8.937733e-01,8.093716e-01
5.410000e-11,-2.919268e-12,-5.722548e-12,4.272047e-12,-3.110703e-12,-4.293468e-01,8.937733e-01,8.093716e-01
5.420000e-11,-2.614383e-12,-5.778038e-12,3.528423e-12,-2.132260e-12,-4.293468e-01,8.937733e-01,8.093716e-01
5.430000e-11,-2.148888e-12,-5.440073e-12,2.620972e-12,-1.057236e-12,-4.293468e-01,8.937733e-01,8.093716e-01
5.440000e-11,-1.560799e-12,-4.756114e-12,1.617420e-12,3.873540e-14,-4.293468e-01,8.937733e-01,8.093716e-01
5.450000e-11,-8.945311e-13,-3.794237e-12,5.865320e-13,1.082325e-12,-4.293468e-01,8.937733e-01,8.093716e-01
5.460000e-11,-1.976324e-13,-2.637181e-12,-4.062151e-13,2.007238e-12,-4.293468e-01,8.937733e-01,8.093716e-01
5.470000e-11,4.825222e-13,-1.375768e-12,-1.302443e-12,2.758241e-12,-4.293468e-01,8.937733e-01,8.093716e-01
5.480000e-11,1.101868e-12,-1.021788e-13,-2.053960e-12,3.294248e-12,-4.293468e-01,8.937733e-01,8.093716e-01
5.490000e-11,1.622386e-12,1.096443e-12,-2.624992e-12,3.590312e-12,-4.293468e-01,8.937733e-01,8.093716e-01
5.500000e-11,2.014343e-12,2.143631e-12,-2.993482e-12,3.638458e-12,-4.293468e-01,8.937733e-01,8.093716e-01
5.510000e-11,2.257843e-12,2.978144e-12,-3.151445e-12,3.447348e-12,-4.293468e-01,8.937733e-01,8.093716e-01
5.520000e-11,2.343663e-12,3.557181e-12,-3.104430e-12,3.040878e-12,-4.293468e-01,8.937733e-01,8.093716e-01
5.530000e-11,2.273346e-12,3.858113e-12,-2.870191e-12,2.455842e-12,-4.293468e-01,8.937733e-01,8.093716e-01
5.540000e-11,2.058580e-12,3.878733e-12,-2.476699e-12,1.738877e-12,-4.293468e-01,8.937733e-01,8.093716e-01
5.550000e-11,1.719935e-12,3.636066e-12,-1.959675e-12,9.429181e-13,-4.293468e-01,8.937733e-01,8.093716e-01
5.560000e-11,1.285095e-12,3.163955e-12,-1.359832e-12,1.234288e-13,-4.293468e-01,8.937733e-01,8.093716e-01
5.570000e-11,7.867030e-13,2.509639e-12,-7.200085e-13,-6.653416e-13,-4.293468e-01,8.937733e-01,8.093716e-01
5.580000e-11,2.599835e-13,1.729637e-12,-8.238440e-14,-1.373826e-12,-4.293468e-01,8.937733e-01,8.093716e-01
5.590000e-11,-2.596714e-13,8.852672e-13,5.140541e-13,-1.960124e-12,-4.293468e-01,8.937733e-01,8.093716e-01
5.600000e-11,-7.390106e-13,3.813490e-14,1.035673e-12,-2.392331e-12,-4.293468e-01,8.937733e-01,8.093716e-01
5.610000e-11,-1.148993e-12,-7.541016e-13,1.455862e-12,-2.650099e-12,-4.293468e-01,8.937733e-01,8.093716e-01
5.620000e-11,-1.466448e-12,-1.441410e-12,1.756151e-12,-2.725369e-12,-4.293468e-01,8.937733e-01,8.093716e-01
5.630000e-11,-1.675298e-12,-1.984292e-12,1.926754e-12,-2.622258e-12,-4.293468e-01,8.937733e-01,8.093716e-01
5.640000e-11,-1.767250e-12,-2.355772e-12,1.966536e-12,-2.356181e-12,-4.293468e-01,8.937733e-01,8.093716e-01
5.650000e-11,-1.741949e-12,-2.542395e-12,1.882462e-12,-1.952270e-12,-4.293468e-01,8.937733e-01,8.093716e-01
5.660000e-11,-1.606598e-12,-2.544220e-12,1.688587e-12,-1.443260e-12,-4.293468e-01,8.937733e-01,8.093716e-01
5.670000e-11,-1.375133e-12,-2.373893e-12,1.404688e-12,-8.669871e-13,-4.293468e-01,8.937733e-01,8.093716e-01
5.680000e-11,-1.066983e-12,-2.054920e-12,1.054647e-12,-2.636952e-13,-4.293468e-01,8.937733e-01,8.093716e-01
5.690000e-11,-7.055413e-13,-1.619302e-12,6.647017e-13,3.266797e-13,-4.293468e-01,8.937733e-01,8.093716e-01
5.700000e-11,-3.164708e-13,-1.104766e-12,2.616717e-13,8.670570e-13,-4.293468e-01,8.937733e-01,8.093716e-01
5.710000e-11,7.405926e-14,-5.517800e-13,-1.287167e-13,1.325445e-12,-4.293468e-01,8.937733e-01,8.093716e-01
5.720000e-11,4.410839e-13,-5.963447e-16,-4.833265e-13,1.676728e-12,-4.293468e-01,8.937733e-01,8.093716e-01
5.730000e-11,7.623736e-13,5.114873e-13,-7.828405e-13,1.903923e-12,-4.293468e-01,8.937733e-01,8.093716e-01
5.740000e-11,1.019728e-12,9.524714e-13,-1.012675e-12,1.998840e-12,-4.293468e-01,8.937733e-01,8.093716e-01
5.750000e-11,1.199933e-12,1.297470e-12,-1.163539e-12,1.962155e-12,-4.293468e-01,8.937733e-01,8.093716e-01
5.760000e-11,1.295359e-12,1.529907e-12,-1.231640e-12,1.802901e-12,-4.293468e-01,8.937733e-01,8.093716e-01
5.770000e-11,1.304160e-12,1.642064e-12,-1.218530e-12,1.537458e-12,-4.293468e-01,8.937733e-01,8.093716e-01
5.780000e-11,1.230090e-12,1.634969e-12,-1.130653e-12,1.188123e-12,-4.293468e-01,8.937733e-01,8.093716e-01
5.790000e-11,1.081994e-12,1.517705e-12,-9.786087e-13,7.813790e-13,-4.293468e-01,8.937733e-01,8.093716e-01
5.800000e-11,8.729738e-13,1.306209e-12,-7.762279e-13,3.459859e-13,-4.293468e-01,8.937733e-01,8.093716e-01
5.810000e-11,6.193343e-13,1.021686e-12,-5.395051e-13,-8.896823e-14,-4.293468e-01,8.937733e-01,8.093716e-01
5.820000e-11,3.393851e-13,6.887780e-13,-2.854739e-13,-4.959389e-13,-4.293468e-01,8.937733e-01,8.093716e-01
5.830000e-11,5.217011e-14,3.336310e-13,-3.109338e-14,-8.505959e-13,-4.293468e-01,8.937733e-01,8.093716e-01
5.840000e-11,-2.237828e-13,-1.800501e-14,2.077882e-13,-1.133201e-12,-4.293468e-01,8.937733e-01,8.093716e-01
5.850000e-11,-4.716134e-13,-3.425061e-13,4.173338e-13,-1.329622e-12,-4.293468e-01,8.937733e-01,8.093716e-01
5.860000e-11,-6.771068e-13,-6.198343e-13,5.864368e-13,-1.431933e-12,-4.293468e-01,8.937733e-01,8.093716e-01
5.870000e-11,-8.294663e-13,-8.346431e-13,7.072279e-13,-1.438589e-12,-4.293468e-01,8.937733e-01,8.093716e-01
5.880000e-11,-9.218147e-13,-9.769807e-13,7.753509e-13,-1.354189e-12,-4.293468e-01,8.937733e-01,8.093716e-01
5.890000e-11,-9.514297e-13,-1.042569e-12,7.900070e-13,-1.188853e-12,-4.293468e-01,8.937733e-01,8.093716e-01
5.900000e-11,-9.197013e-13,-1.032677e-12,7.537779e-13,-9.572924e-13,-4.293468e-01,8.937733e-01,8.093716e-01
5.910000e-11,-8.318202e-13,-9.536153e-13,6.722528e-13,-6.776297e-13,-4.293468e-01,8.937733e-01,8.093716e-01
5.920000e-11,-6.962567e-13,-8.159344e-13,5.534942e-13,-3.700690e-13,-4.293468e-01,8.937733e-01,8.093716e-01
5.930000e-11,-5.240485e-13,-6.333810e-13,4.073836e-13,-5.550477e-14,-4.293468e-01,8.937733e-01,8.093716e-01
5.940000e-11,-3.279660e-13,-4.217206e-13,2.448958e-13,2.458382e-13,-4.293468e-01,8.937733e-01,8.093716e-01
5.950000e-11,-1.216135e-13,-1.975086e-13,7.734912e-14,5.156499e-13,-4.293468e-01,8.937733e-01,8.093716e-01
5.960000e-11,8.147138e-14,2.309944e-14,-8.432073e-14,7.385917e-13,-4.293468e-01,8.937733e-01,8.093716e-01
5.970000e-11,2.686773e-13,2.254199e-13,-2.302202e-13,9.031080e-13,-4.293468e-01,8.937733e-01,8.093716e-01
5.980000e-11,4.290638e-13,3.971301e-13,-3.520543e-13,1.001954e-12,-4.293468e-01,8.937733e-01,8.093716e-01
5.990000e-11,5.539666e-13,5.289283e-13,-4.435509e-13,1.032424e-12,-4.293468e-01,8.937733e-01,8.093716e-01
6.000000e-11,6.374206e-13,6.149360e-13,-5.007355e-13,9.962744e-13,-4.293468e-01,8.937733e-01,8.093716e-01
6.010000e-11,6.763907e-13,6.528352e-13,-5.220467e-13,8.993776e-13,-4.293468e-01,8.937733e-01,8.093716e-01
6.020000e-11,6.708111e-13,6.437518e-13,-5.082946e-13,7.511246e-13,-4.293468e-01,8.937733e-01,8.093716e-01
6.030000e-11,6.234295e-13,5.919123e-13,-4.624736e-13,5.636427e-13,-4.293468e-01,8.937733e-01,8.093716e-01
6.040000e-11,5.394822e-13,5.041161e-13,-3.894483e-13,3.508805e-13,-4.293468e-01,8.937733e-01,8.093716e-01
6.050000e-11,4.262254e-13,3.890722e-13,-2.955397e-13,1.276276e-13,-4.293468e-01,8.937733e-01,8.093716e-01
6.060000e-11,2.923753e-13,2.566591e-13,-1.880423e-13,-9.146638e-14,-4.293468e-01,8.937733e-01,8.093716e-01
6.070000e-11,1.474710e-13,1.171615e-13,-7.470604e-14,-2.928106e-13,-4.293468e-01,8.937733e-01,8.093716e-01
6.080000e-11,1.233709e-15,-1.945954e-14,3.678265e-14,-4.646746e-13,-4.293468e-01,8.937733e-01,8.093716e-01
6.090000e-11,-1.370612e-13,-1.442167e-13,1.392881e-13,-5.978290e-13,-4.293468e-01,8.937733e-01,8.093716e-01
6.100000e-11,-2.591485e-13,-2.496294e-13,2.266518e-13,-6.859935e-13,-4.293468e-01,8.937733e-01,8.093716e-01
6.110000e-11,-3.582239e-13,-3.301104e-13,2.940349e-13,-7.260730e-13,-4.293468e-01,8.937733e-01,8.093716e-01
6.120000e-11,-4.293154e-13,-3.821945e-13,3.381577e-13,-7.181803e-13,-4.293468e-01,8.937733e-01,8.093716e-01
6.130000e-11,-4.694912e-13,-4.046041e-13,3.574288e-13,-6.654537e-13,-4.293468e-01,8.937733e-01,8.093716e-01
6.140000e-11,-4.779203e-13,-3.981604e-13,3.519584e-13,-5.736935e-13,-4.293468e-01,8.937733e-01,8.093716e-01
6.150000e-11,-4.558308e-13,-3.655604e-13,3.234621e-13,-4.508494e-13,-4.293468e-01,8.937733e-01,8.093716e-01
6.160000e-11,-4.063035e-13,-3.110445e-13,2.750672e-13,-3.063997e-13,-4.293468e-01,8.937733e-01,8.093716e-01
6.170000e-11,-3.339792e-13,-2.399864e-13,2.110369e-13,-1.506680e-13,-4.293468e-01,8.937733e-01,8.093716e-01
6.180000e-11,-2.446898e-13,-1.584407e-13,1.364355e-13,5.877194e-15,-4.293468e-01,8.937733e-01,8.093716e-01
6.190000e-11,-1.450074e-13,-7.268019e-14,5.675810e-14,1.532933e-13,-4.293468e-01,8.937733e-01,8.093716e-01
6.200000e-11,-4.180224e-14,1.124226e-14,-2.244925e-14,2.827644e-13,-4.293468e-01,8.937733e-01,8.093716e-01
6.210000e-11,5.821616e-14,8.788217e-14,-9.595467e-14,3.870981e-13,-4.293468e-01,8.937733e-01,8.093716e-01
6.220000e-11,1.489149e-13,1.527182e-13,-1.591671e-13,4.610923e-13,-4.293468e-01,8.937733e-01,8.093716e-01
6.230000e-11,2.250889e-13,2.023789e-13,-2.084057e-13,5.017556e-13,-4.293468e-01,8.937733e-01,8.093716e-01
6.240000e-11,2.827438e-13,2.347737e-13,-2.410978e-13,5.083751e-13,-4.293468e-01,8.937733e-01,8.093716e-01
6.250000e-11,3.192763e-13,2.491268e-13,-2.558936e-13,4.824362e-13,-4.293468e-01,8.937733e-01,8.093716e-01
6.260000e-11,3.335695e-13,2.459208e-13,-2.526970e-13,4.274074e-13,-4.293468e-01,8.937733e-01,8.093716e-01
6.270000e-11,3.259779e-13,2.267609e-13,-2.326119e-13,3.484103e-13,-4.293468e-01,8.937733e-01,8.093716e-01
6.280000e-11,2.982192e-13,1.941757e-13,-1.978120e-13,2.518033e-13,-4.293468e-01,8.937733e-01,8.093716e-01
6.290000e-11,2.531918e-13,1.513733e-13,-1.513472e-13,1.447090e-13,-4.293468e-01,8.937733e-01,8.093716e-01
6.300000e-11,1.947312e-13,1.019728e-13,-9.690006e-14,3.451952e-14,-4.293468e-01,8.937733e-01,8.093716e-01
6.310000e-11,1.273028e-13,4.973233e-14,-3.851212e-14,-7.158889e-14,-4.293468e-01,8.937733e-01,8.093716e-01
6.320000e-11,5.569284e-14,-1.710026e-15,1.970110e-14,-1.671003e-13,-4.293468e-01,8.937733e-01,8.093716e-01
6.330000e-11,-1.531586e-14,-4.906485e-14,7.382740e-14,-2.465374e-13,-4.293468e-01,8.937733e-01,8.093716e-01
6.340000e-11,-8.125462e-14,-8.957707e-14,1.204092e-13,-3.057529e-13,-4.293468e-01,8.937733e-01,8.093716e-01
6.350000e-11,-1.382234e-13,-1.211613e-13,1.566534e-13,-3.421198e-13,-4.293468e-01,8.937733e-01,8.093716e-01
6.360000e-11,-1.831173e-13,-1.424808e-13,1.805881e-13,-3.546147e-13,-4.293468e-01,8.937733e-01,8.093716e-01
6.370000e-11,-2.137728e-13,-1.529717e-13,1.911574e-13,-3.437940e-13,-4.293468e-01,8.937733e-01,8.093716e-01
6.380000e-11,-2.290610e-13,-1.528143e-13,1.882517e-13,-3.116706e-13,-4.293468e-01,8.937733e-01,8.093716e-01
6.390000e-11,-2.288898e-13,-1.428586e-13,1.726725e-13,-2.615048e-13,-4.293468e-01,8.937733e-01,8.093716e-01
6.400000e-11,-2.141587e-13,-1.245132e-13,1.460389e-13,-1.975257e-13,-4.293468e-01,8.937733e-01,8.093716e-01
6.410000e-11,-1.866469e-13,-9.960796e-14,1.106432e-13,-1.246082e-13,-4.293468e-01,8.937733e-01,8.093716e-01
6.420000e-11,-1.488453e-13,-7.024161e-14,6.926756e-14,-4.792424e-14,-4.293468e-01,8.937733e-01,8.093716e-01
6.430000e-11,-1.037620e-13,-3.862556e-14,2.497584e-14,2.740412e-14,-4.293468e-01,8.937733e-01,8.093716e-01
6.440000e-11,-5.469590e-14,-6.933893e-15,-1.910446e-14,9.663032e-14,-4.293468e-01,8.937733e-01,8.093716e-01
6.450000e-11,-5.012388e-15,2.283040e-14,-5.999541e-14,1.556664e-13,-4.293468e-01,8.937733e-01,8.093716e-01
6.460000e-11,4.207573e-14,4.894692e-14,-9.506252e-14,2.013083e-13,-4.293468e-01,8.937733e-01,8.093716e-01
6.470000e-11,8.370642e-14,7.006197e-14,-1.221776e-13,2.313924e-13,-4.293468e-01,8.937733e-01,8.093716e-01
6.480000e-11,1.175296e-13,8.524212e-14,-1.398403e-13,2.448758e-13,-4.293468e-01,8.937733e-01,8.093716e-01
6.490000e-11,1.418302e-13,9.399670e-14,-1.472531e-13,2.418414e-13,-4.293468e-01,8.937733e-01,8.093716e-01
6.500000e-11,1.556066e-13,9.627119e-14,-1.443448e-13,2.234291e-13,-4.293468e-01,8.937733e-01,8.093716e-01
6.510000e-11,1.585845e-13,9.241412e-14,-1.317453e-13,1.917041e-13,-4.293468e-01,8.937733e-01,8.093716e-01
6.520000e-11,1.512031e-13,8.312224e-14,-1.107133e-13,1.494716e-13,-4.293468e-01,8.937733e-01,8.093716e-01
6.530000e-11,1.345390e-13,6.936921e-14,-8.302494e-14,1.000552e-13,-4.293468e-01,8.937733e-01,8.093716e-01
6.540000e-11,1.102043e-13,5.232376e-14,-5.083255e-14,4.705363e-14,-4.293468e-01,8.937733e-01,8.093716e-01
6.550000e-11,8.021575e-14,3.326350e-14,-1.650332e-14,-5.906815e-15,-4.293468e-01,8.937733e-01,8.093716e-01
6.560000e-11,4.683271e-14,1.348946e-14,1.754931e-14,-5.540779e-14,-4.293468e-01,8.937733e-01,8.093716e-01
6.570000e-11,1.240615e-14,-5.753407e-15,4.903063e-14,-9.844801e-14,-4.293468e-01,8.937733e-01,8.093716e-01
6.580000e-11,-2.077931e-14,-2.334546e-14,7.591480e-14,-1.326139e-13,-4.293468e-01,8.937733e-01,8.093716e-01
6.590000e-11,-5.065771e-14,-3.834837e-14,9.657058e-14,-1.562030e-13,-4.293468e-01,8.937733e-01,8.093716e-01
6.600000e-11,-7.548781e-14,-5.004603e-14,1.098551e-13,-1.682939e-13,-4.293468e-01,8.937733e-01,8.093716e-01
6.610000e-11,-9.396084e-14,-5.796889e-14,1.151709e-13,-1.687628e-13,-4.293468e-01,8.937733e-01,8.093716e-01
6.620000e-11,-1.052495e-13,-6.190233e-14,1.124837e-13,-1.582464e-13,-4.293468e-01,8.937733e-01,8.093716e-01
6.630000e-11,-1.090487e-13,-6.188004e-14,1.023016e-13,-1.380581e-13,-4.293468e-01,8.937733e-01,8.093716e-01
6.640000e-11,-1.055454e-13,-5.816340e-14,8.561794e-14,-1.100652e-13,-4.293468e-01,8.937733e-01,8.093716e-01
6.650000e-11,-9.539624e-14,-5.120990e-14,6.382448e-14,-7.653625e-14,-4.293468e-01,8.937733e-01,8.093716e-01
6.660000e-11,-7.964877e-14,-4.163323e-14,3.860080e-14,-3.997128e-14,-4.293468e-01,8.937733e-01,8.093716e-01
6.670000e-11,-5.965594e-14,-3.015769e-14,1.178893e-14,-2.926394e-15,-4.293468e-01,8.937733e-01,8.093716e-01
6.680000e-11,-3.696469e-14,-1.756972e-14,-1.473776e-14,3.215591e-14,-4.293468e-01,8.937733e-01,8.093716e-01
6.690000e-11,-1.321154e-14,-4.669715e-15,-3.920240e-14,6.309948e-14,-4.293468e-01,8.937733e-01,8.093716e-01
6.700000e-11,9.992989e-15,7.773658e-15,-6.004054e-14,8.812130e-14,-4.293468e-01,8.937733e-01,8.093716e-01
6.710000e-11,3.116993e-14,1.906407e-14,-7.599690e-14,1.059258e-13,-4.293468e-01,8.937733e-01,8.093716e-01
6.720000e-11,4.905377e-14,2.861194e-14,-8.619733e-14,1.157624e-13,-4.293468e-01,8.937733e-01,8.093716e-01
6.730000e-11,6.266924e-14,3.596046e-14,-9.019173e-14,1.174438e-13,-4.293468e-01,8.937733e-01,8.093716e-01
6.740000e-11,7.137371e-14,4.080322e-14,-8.796683e-14,1.113266e-13,-4.293468e-01,8.937733e-01,8.093716e-01
6.750000e-11,7.488877e-14,4.299238e-14,-7.992878e-14,9.825828e-14,-4.293468e-01,8.937733e-01,8.093716e-01
6.760000e-11,7.328265e-14,4.253817e-14,-6.685824e-14,7.949338e-14,-4.293468e-01,8.937733e-01,8.093716e-01
6.770000e-11,6.696366e-14,3.960028e-14,-4.984182e-14,5.658929e-14,-4.293468e-01,8.937733e-01,8.093716e-01
6.780000e-11,5.661689e-14,3.447113e-14,-3.018615e-14,3.128698e-14,-4.293468e-01,8.937733e-01,8.093716e-01
6.790000e-11,4.316091e-14,2.755332e-14,-9.320496e-15,5.386558e-15,-4.293468e-01,8.937733e-01,8.093716e-01
6.800000e-11,2.765733e-14,1.933212e-14,1.130464e-14,-1.937398e-14,-4.293468e-01,8.937733e-01,8.093716e-01
6.810000e-11,1.124780e-14,1.034483e-14,3.031624e-14,-4.142954e-14,-4.293468e-01,8.937733e-01,8.093716e-01
6.820000e-11,-4.939221e-15,1.148681e-15,4.650790e-14,-5.948119e-14,-4.293468e-01,8.937733e-01,8.093716e-01
6.830000e-11,-1.984677e-14,-7.711204e-15,5.891388e-14,-7.256676e-14,-4.293468e-01,8.937733e-01,8.093716e-01
6.840000e-11,-3.257025e-14,-1.573159e-14,6.686374e-14,-8.010532e-14,-4.293468e-01,8.937733e-01,8.093716e-01
6.850000e-11,-4.239333e-14,-2.247791e-14,7.001481e-14,-8.191419e-14,-4.293468e-01,8.937733e-01,8.093716e-01
6.860000e-11,-4.883729e-14,-2.760614e-14,6.836109e-14,-7.819901e-14,-4.293468e-01,8.937733e-01,8.093716e-01
6.870000e-11,-5.167191e-14,-3.087893e-14,6.221904e-14,-6.951846e-14,-4.293468e-01,8.937733e-01,8.093716e-01
6.880000e-11,-5.091914e-14,-3.217546e-14,5.219243e-14,-5.672784e-14,-4.293468e-01,8.937733e-01,8.093716e-01
6.890000e-11,-4.683244e-14,-3.149420e-14,3.911914e-14,-4.090621e-14,-4.293468e-01,8.937733e-01,8.093716e-01
6.900000e-11,-3.987851e-14,-2.894941e-14,2.400469e-14,-2.327263e-14,-4.293468e-01,8.937733e-01,8.093716e-01
6.910000e-11,-3.068379e-14,-2.476062e-14,7.947329e-15,-5.097853e-15,-4.293468e-01,8.937733e-01,8.093716e-01
6.920000e-11,-1.998132e-14,-1.923677e-14,-7.939793e-15,1.238239e-14,-4.293468e-01,8.937733e-01,8.093716e-01
6.930000e-11,-8.571839e-15,-1.275550e-14,-2.260405e-14,2.804745e-14,-4.293468e-01,8.937733e-01,8.093716e-01
6.940000e-11,2.749675e-15,-5.739080e-15,-3.512123e-14,4.095937e-14,-4.293468e-01,8.937733e-01,8.093716e-01
6.950000e-11,1.323374e-14,1.371746e-15,-4.475175e-14,5.041498e-14,-4.293468e-01,8.937733e-01,8.093716e-01
6.960000e-11,2.223252e-14,8.144403e-15,-5.098210e-14,5.597946e-14,-4.293468e-01,8.937733e-01,8.093716e-01
6.970000e-11,2.922920e-14,1.417996e-14,-5.354911e-14,5.750069e-14,-4.293468e-01,8.937733e-01,8.093716e-01
6.980000e-11,3.387630e-14,1.913603e-14,-5.244626e-14,5.510340e-14,-4.293468e-01,8.937733e-01,8.093716e-01
6.990000e-11,3.599871e-14,2.274592e-14,-4.791260e-14,4.916581e-14,-4.293468e-01,8.937733e-01,8.093716e-01
7.000000e-11,3.559286e-14,2.483258e-14,-4.040552e-14,4.028059e-14,-4.293468e-01,8.937733e-01,8.093716e-01
7.010000e-11,3.283305e-14,2.531709e-14,-3.055998e-14,2.920367e-14,-4.293468e-01,8.937733e-01,8.093716e-01
7.020000e-11,2.803496e-14,2.422085e-14,-1.913803e-14,1.679508e-14,-4.293468e-01,8.937733e-01,8.093716e-01
7.030000e-11,2.163512e-14,2.166183e-14,-6.971838e-15,3.956212e-15,-4.293468e-01,8.937733e-01,8.093716e-01
7.040000e-11,1.414956e-14,1.784463e-14,5.095164e-15,-8.432543e-15,-4.293468e-01,8.937733e-01,8.093716e-01
7.050000e-11,6.136209e-15,1.304586e-14,1.626525e-14,-1.956927e-14,-4.293468e-01,8.937733e-01,8.093716e-01
7.060000e-11,-1.833847e-15,7.594910e-15,2.583783e-14,-2.877955e-14,-4.293468e-01,8.937733e-01,8.093716e-01
7.070000e-11,-9.233635e-15,1.852285e-15,3.325161e-14,-3.555438e-14,-4.293468e-01,8.937733e-01,8.093716e-01
7.080000e-11,-1.559976e-14,-3.813764e-15,3.811562e-14,-3.957512e-14,-4.293468e-01,8.937733e-01,8.093716e-01
7.090000e-11,-2.056310e-14,-9.050365e-15,4.022730e-14,-4.072425e-14,-4.293468e-01,8.937733e-01,8.093716e-01
7.100000e-11,-2.387016e-14,-1.354197e-14,3.957715e-14,-3.908245e-14,-4.293468e-01,8.937733e-01,8.093716e-01
7.110000e-11,-2.538969e-14,-1.702894e-14,3.634005e-14,-3.491225e-14,-4.293468e-01,8.937733e-01,8.093716e-01
7.120000e-11,-2.512305e-14,-1.932277e-14,3.085484e-14,-2.863079e-14,-4.293468e-01,8.937733e-01,8.093716e-01
7.130000e-11,-2.318288e-14,-2.031615e-14,2.359375e-14,-2.077348e-14,-4.293468e-01,8.937733e-01,8.093716e-01
7.140000e-11,-1.979196e-14,-1.998737e-14,1.512444e-14,-1.195202e-14,-4.293468e-01,8.937733e-01,8.093716e-01
7.150000e-11,-1.525776e-14,-1.839958e-14,6.067512e-15,-2.809312e-15,-4.293468e-01,8.937733e-01,8.093716e-01
7.160000e-11,-9.949691e-15,-1.569436e-14,-2.947563e-15,6.025045e-15,-4.293468e-01,8.937733e-01,8.093716e-01
7.170000e-11,-4.260434e-15,-1.208048e-14,-1.132491e-14,1.397617e-14,-4.293468e-01,8.937733e-01,8.093716e-01
7.180000e-11,1.402241e-15,-7.818463e-15,-1.854046e-14,2.055930e-14,-4.293468e-01,8.937733e-01,8.093716e-01
7.190000e-11,6.663454e-15,-3.202476e-15,-2.417329e-14,2.540742e-14,-4.293468e-01,8.937733e-01,8.093716e-01
7.200000e-11,1.118998e-14,1.459420e-15,-2.792861e-14,2.828931e-14,-4.293468e-01,8.937733e-01,8.093716e-01
7.210000e-11,1.471682e-14,5.865779e-15,-2.965120e-14,2.911785e-14,-4.293468e-01,8.937733e-01,8.093716e-01
7.220000e-11,1.706476e-14,9.741064e-15,-2.932886e-14,2.794787e-14,-4.293468e-01,8.937733e-01,8.093716e-01
7.230000e-11,1.813815e-14,1.285295e-14,-2.708596e-14,2.496504e-14,-4.293468e-01,8.937733e-01,8.093716e-01
7.240000e-11,1.793235e-14,1.502598e-14,-2.316822e-14,2.046643e-14,-4.293468e-01,8.937733e-01,8.093716e-01
7.250000e-11,1.653477e-14,1.615127e-14,-1.792033e-14,1.483470e-14,-4.293468e-01,8.937733e-01,8.093716e-01
7.260000e-11,1.409640e-14,1.619170e-14,-1.175782e-14,8.507826e-15,-4.293468e-01,8.937733e-01,8.093716e-01
7.270000e-11,1.084250e-14,1.518193e-14,-5.135876e-15,1.946947e-15,-4.293468e-01,8.937733e-01,8.093716e-01
7.280000e-11,7.032032e-15,1.322397e-14,1.483236e-15,-4.395765e-15,-4.293468e-01,8.937733e-01,8.093716e-01
7.290000e-11,2.952187e-15,1.047833e-14,7.661167e-15,-1.010688e-14,-4.293468e-01,8.937733e-01,8.093716e-01
7.300000e-11,-1.110393e-15,7.151691e-15,1.301160e-14,-1.483726e-14,-4.293468e-01,8.937733e-01,8.093716e-01
7.310000e-11,-4.883317e-15,3.481873e-15,1.722323e-14,-1.832201e-14,-4.293468e-01,8.937733e-01,8.093716e-01
7.320000e-11,-8.126805e-15,-2.789170e-16,2.007668e-14,-2.039368e-14,-4.293468e-01,8.937733e-01,8.093716e-01
7.330000e-11,-1.065424e-14,-3.881237e-15,2.145433e-14,-2.098831e-14,-4.293468e-01,8.937733e-01,8.093716e-01
7.340000e-11,-1.233161e-14,-7.094803e-15,2.134284e-14,-2.014427e-14,-4.293468e-01,8.937733e-01,8.093716e-01
7.350000e-11,-1.309096e-14,-9.723055e-15,1.982847e-14,-1.799416e-14,-4.293468e-01,8.937733e-01,8.093716e-01
7.360000e-11,-1.293284e-14,-1.161490e-14,1.708609e-14,-1.475091e-14,-4.293468e-01,8.937733e-01,8.093716e-01
7.370000e-11,-1.191371e-14,-1.267326e-14,1.336287e-14,-1.068943e-14,-4.293468e-01,8.937733e-01,8.093716e-01
7.380000e-11,-1.014974e-14,-1.285952e-14,8.957930e-15,-6.124759e-15,-4.293468e-01,8.937733e-01,8.093716e-01
7.390000e-11,-7.795496e-15,-1.219437e-14,4.199607e-15,-1.388916e-15,-4.293468e-01,8.937733e-01,8.093716e-01
7.400000e-11,-5.041162e-15,-1.075381e-14,-5.778815e-16,3.192166e-15,-4.293468e-01,8.937733e-01,8.093716e-01
7.410000e-11,-2.090345e-15,-8.662476e-15,-5.057099e-15,7.320018e-15,-4.293468e-01,8.937733e-01,8.093716e-01
7.420000e-11,8.434821e-16,-6.083509e-15,-8.957587e-15,1.074228e-14,-4.293468e-01,8.937733e-01,8.093716e-01
7.430000e-11,3.571508e-15,-3.206330e-15,-1.205267e-14,1.326710e-14,-4.293468e-01,8.937733e-01,8.093716e-01
7.440000e-11,5.917528e-15,-2.329475e-16,-1.418151e-14,1.477268e-14,-4.293468e-01,8.937733e-01,8.093716e-01
7.450000e-11,7.746443e-15,2.635839e-15,-1.525618e-14,1.521177e-14,-4.293468e-01,8.937733e-01,8.093716e-01
7.460000e-11,8.959874e-15,5.214019e-15,-1.526372e-14,1.461095e-14,-4.293468e-01,8.937733e-01,8.093716e-01
7.470000e-11,9.512330e-15,7.342146e-15,-1.426272e-14,1.306486e-14,-4.293468e-01,8.937733e-01,8.093716e-01
7.480000e-11,9.401071e-15,8.896974e-15,-1.237554e-14,1.072622e-14,-4.293468e-01,8.937733e-01,8.093716e-01
7.490000e-11,8.663915e-15,9.798389e-15,-9.776603e-15,7.792772e-15,-4.293468e-01,8.937733e-01,8.093716e-01
7.500000e-11,7.387182e-15,1.001296e-14,-6.677858e-15,4.491600e-15,-4.293468e-01,8.937733e-01,8.093716e-01
7.510000e-11,5.681310e-15,9.554625e-15,-3.312656e-15,1.062223e-15,-4.293468e-01,8.937733e-01,8.093716e-01
7.520000e-11,3.684685e-15,8.481527e-15,8.102895e-17,-2.259793e-15,-4.293468e-01,8.937733e-01,8.093716e-01
7.530000e-11,1.542821e-15,6.890689e-15,3.276749e-15,-5.258438e-15,-4.293468e-01,8.937733e-01,8.093716e-01
7.540000e-11,-5.883548e-16,4.909796e-15,6.073960e-15,-7.750657e-15,-4.293468e-01,8.937733e-01,8.093716e-01
7.550000e-11,-2.572648e-15,2.687417e-15,8.309964e-15,-9.596681e-15,-4.293468e-01,8.937733e-01,8.093716e-01
7.560000e-11,-4.283453e-15,3.820573e-16,9.868525e-15,-1.070722e-14,-4.293468e-01,8.937733e-01,8.093716e-01
7.570000e-11,-5.621022e-15,-1.848791e-15,1.068513e-14,-1.104672e-14,-4.293468e-01,8.937733e-01,8.093716e-01
7.580000e-11,-6.514378e-15,-3.859220e-15,1.074820e-14,-1.063290e-14,-4.293468e-01,8.937733e-01,8.093716e-01
7.590000e-11,-6.927350e-15,-5.524364e-15,1.009690e-14,-9.532797e-15,-4.293468e-01,8.937733e-01,8.093716e-01
7.600000e-11,-6.858293e-15,-6.747746e-15,8.815585e-15,-7.855569e-15,-4.293468e-01,8.937733e-01,8.093716e-01
7.610000e-11,-6.336529e-15,-7.466670e-15,7.025661e-15,-5.743045e-15,-4.293468e-01,8.937733e-01,8.093716e-01
7.620000e-11,-5.420428e-15,-7.655078e-15,4.875319e-15,-3.358565e-15,-4.293468e-01,8.937733e-01,8.093716e-01
7.630000e-11,-4.189459e-15,-7.323735e-15,2.528143e-15,-8.749363e-16,-4.293468e-01,8.937733e-01,8.093716e-01
7.640000e-11,-2.743646e-15,-6.517855e-15,1.512677e-16,1.537538e-15,-4.293468e-01,8.937733e-01,8.093716e-01
7.650000e-11,-1.190411e-15,-5.312595e-15,-2.095920e-15,3.722262e-15,-4.293468e-01,8.937733e-01,8.093716e-01
7.660000e-11,3.609051e-16,-3.806699e-15,-4.071992e-15,5.546004e-15,-4.293468e-01,8.937733e-01,8.093716e-01
7.670000e-11,1.809732e-15,-2.114794e-15,-5.661785e-15,6.906592e-15,-4.293468e-01,8.937733e-01,8.093716e-01
7.680000e-11,3.064268e-15,-3.590211e-16,-6.782599e-15,7.737991e-15,-4.293468e-01,8.937733e-01,8.093716e-01
7.690000e-11,4.048605e-15,1.339769e-15,-7.387756e-15,8.012806e-15,-4.293468e-01,8.937733e-01,8.093716e-01
7.700000e-11,4.715882e-15,2.869942e-15,-7.467586e-15,7.742050e-15,-4.293468e-01,8.937733e-01,8.093716e-01
7.710000e-11,5.035955e-15,4.136253e-15,-7.047977e-15,6.972455e-15,-4.293468e-01,8.937733e-01,8.093716e-01
7.720000e-11,5.004167e-15,5.065731e-15,-6.186503e-15,5.781350e-15,-4.293468e-01,8.937733e-01,8.093716e-01
7.730000e-11,4.643262e-15,5.611448e-15,-4.966650e-15,4.269880e-15,-4.293468e-01,8.937733e-01,8.093716e-01
7.740000e-11,3.995990e-15,5.754546e-15,-3.490822e-15,2.555135e-15,-4.293468e-01,8.937733e-01,8.093716e-01
7.750000e-11,3.114691e-15,5.504214e-15,-1.872341e-15,7.614255e-16,-4.293468e-01,8.937733e-01,8.093716e-01
7.760000e-11,2.075273e-15,4.895778e-15,-2.272527e-16,-9.883271e-16,-4.293468e-01,8.937733e-01,8.093716e-01
7.770000e-11,9.509041e-16,3.987272e-15,1.333604e-15,-2.580612e-15,-4.293468e-01,8.937733e-01,8.093716e-01
7.780000e-11,-1.751089e-16,2.854151e-15,2.711610e-15,-3.918386e-15,-4.293468e-01,8.937733e-01,8.093716e-01
7.790000e-11,-1.232613e-15,1.583644e-15,3.826284e-15,-4.926667e-15,-4.293468e-01,8.937733e-01,8.093716e-01
7.800000e-11,-2.153373e-15,2.681183e-16,4.619558e-15,-5.556272e-15,-4.293468e-01,8.937733e-01,8.093716e-01
7.810000e-11,-2.885049e-15,-1.001344e-15,5.058204e-15,-5.785709e-15,-4.293468e-01,8.937733e-01,8.093716e-01
7.820000e-11,-3.385712e-15,-2.141316e-15,5.134583e-15,-5.621082e-15,-4.293468e-01,8.937733e-01,8.093716e-01
7.830000e-11,-3.637825e-15,-3.080993e-15,4.865642e-15,-5.094265e-15,-4.293468e-01,8.937733e-01,8.093716e-01
7.840000e-11,-3.639743e-15,-3.766665e-15,4.290270e-15,-4.259304e-15,-4.293468e-01,8.937733e-01,8.093716e-01
7.850000e-11,-3.396673e-15,-4.164393e-15,3.465422e-15,-3.187841e-15,-4.293468e-01,8.937733e-01,8.093716e-01
7.860000e-11,-2.946159e-15,-4.261376e-15,2.461175e-15,-1.963252e-15,-4.293468e-01,8.937733e-01,8.093716e-01
7.870000e-11,-2.323549e-15,-4.065937e-15,1.355184e-15,-6.745733e-16,-4.293468e-01,8.937733e-01,8.093716e-01
7.880000e-11,-1.582283e-15,-3.605848e-15,2.271928e-16,5.898106e-16,-4.293468e-01,8.937733e-01,8.093716e-01
7.890000e-11,-7.749732e-16,-2.925366e-15,-8.464537e-16,1.747852e-15,-4.293468e-01,8.937733e-01,8.093716e-01
7.900000e-11,4.083133e-17,-2.081584e-15,-1.797717e-15,2.728891e-15,-4.293468e-01,8.937733e-01,8.093716e-01
7.910000e-11,8.100497e-16,-1.139826e-15,-2.570961e-15,3.477805e-15,-4.293468e-01,8.937733e-01,8.093716e-01
7.920000e-11,1.485822e-15,-1.687889e-16,-3.125703e-15,3.957702e-15,-4.293468e-01,8.937733e-01,8.093716e-01
7.930000e-11,2.028139e-15,7.641744e-16,-3.438567e-15,4.151479e-15,-4.293468e-01,8.937733e-01,8.093716e-01
7.940000e-11,2.408226e-15,1.597740e-15,-3.503616e-15,4.061810e-15,-4.293468e-01,8.937733e-01,8.093716e-01
7.950000e-11,2.610465e-15,2.280449e-15,-3.331855e-15,3.709888e-15,-4.293468e-01,8.937733e-01,8.093716e-01
7.960000e-11,2.630195e-15,2.773653e-15,-2.949379e-15,3.133128e-15,-4.293468e-01,8.937733e-01,8.093716e-01
7.970000e-11,2.475091e-15,3.053623e-15,-2.394679e-15,2.381739e-15,-4.293468e-01,8.937733e-01,8.093716e-01
7.980000e-11,2.167075e-15,3.112301e-15,-1.715301e-15,1.514613e-15,-4.293468e-01,8.937733e-01,8.093716e-01
7.990000e-11,1.732180e-15,2.957000e-15,-9.642034e-16,5.950858e-16,-4.293468e-01,8.937733e-01,8.093716e-01
8.000000e-11,1.208498e-15,2.609454e-15,-1.957215e-16,-3.135569e-16,-4.293468e-01,8.937733e-01,8.093716e-01
8.010000e-11,6.335707e-16,2.103293e-15,5.380007e-16,-1.152226e-15,-4.293468e-01,8.937733e-01,8.093716e-01
8.020000e-11,4.877837e-17,1.481026e-15,1.190317e-15,-1.869643e-15,-4.293468e-01,8.937733e-01,8.093716e-01
8.030000e-11,-5.091585e-16,7.910385e-16,1.723000e-15,-2.425259e-15,-4.293468e-01,8.937733e-01,8.093716e-01
8.040000e-11,-1.002423e-15,8.382069e-17,2.108072e-15,-2.791474e-15,-4.293468e-01,8.937733e-01,8.093716e-01
8.050000e-11,-1.404981e-15,-5.917374e-16,2.329030e-15,-2.954594e-15,-4.293468e-01,8.937733e-01,8.093716e-01
8.060000e-11,-1.691897e-15,-1.191405e-15,2.381465e-15,-2.915090e-15,-4.293468e-01,8.937733e-01,8.093716e-01
8.070000e-11,-1.853578e-15,-1.678349e-15,2.272305e-15,-2.686698e-15,-4.293468e-01,8.937733e-01,8.093716e-01
8.080000e-11,-1.883996e-15,-2.025373e-15,2.018924e-15,-2.294750e-15,-4.293468e-01,8.937733e-01,8.093716e-01
8.090000e-11,-1.791098e-15,-2.216461e-15,1.647169e-15,-1.773979e-15,-4.293468e-01,8.937733e-01,8.093716e-01
8.100000e-11,-1.585023e-15,-2.246914e-15,1.189135e-15,-1.165671e-15,-4.293468e-01,8.937733e-01,8.093716e-01
8.110000e-11,-1.285776e-15,-2.123169e-15,6.806535e-16,-5.145107e-16,-4.293468e-01,8.937733e-01,8.093716e-01
8.120000e-11,-9.215823e-16,-1.861928e-15,1.586581e-16,1.343889e-16,-4.293468e-01,8.937733e-01,8.093716e-01
8.130000e-11,-5.140911e-16,-1.488374e-15,-3.413629e-16,7.386035e-16,-4.293468e-01,8.937733e-01,8.093716e-01
8.140000e-11,-9.618656e-17,-1.034005e-15,-7.875531e-16,1.261070e-15,-4.293468e-01,8.937733e-01,8.093716e-01
8.150000e-11,3.047278e-16,-5.340015e-16,-1.153605e-15,1.672046e-15,-4.293468e-01,8.937733e-01,8.093716e-01
8.160000e-11,6.637146e-16,-2.480880e-17,-1.420182e-15,1.950818e-15,-4.293468e-01,8.937733e-01,8.093716e-01
8.170000e-11,9.585771e-16,4.583077e-16,-1.575783e-15,2.086526e-15,-4.293468e-01,8.937733e-01,8.093716e-01
8.180000e-11,1.176162e-15,8.838424e-16,-1.617042e-15,2.078227e-15,-4.293468e-01,8.937733e-01,8.093716e-01
8.190000e-11,1.304410e-15,1.225968e-15,-1.548319e-15,1.934487e-15,-4.293468e-01,8.937733e-01,8.093716e-01
8.200000e-11,1.339487e-15,1.465963e-15,-1.381038e-15,1.672303e-15,-4.293468e-01,8.937733e-01,8.093716e-01
8.210000e-11,1.286050e-15,1.593056e-15,-1.132436e-15,1.315483e-15,-4.293468e-01,8.937733e-01,8.093716e-01
8.220000e-11,1.153143e-15,1.604771e-15,-8.241112e-16,8.927144e-16,-4.293468e-01,8.937733e-01,8.093716e-01
8.230000e-11,9.487118e-16,1.506751e-15,-4.802220e-16,4.353572e-16,-4.293468e-01,8.937733e-01,8.093716e-01
8.240000e-11,6.963249e-16,1.311664e-15,-1.257824e-16,-2.476598e-17,-4.293468e-01,8.937733e-01,8.093716e-01
8.250000e-11,4.121498e-16,1.038150e-15,2.150324e-16,-4.574599e-16,-4.293468e-01,8.937733e-01,8.093716e-01
8.260000e-11,1.189315e-16,7.091960e-16,5.205053e-16,-8.359033e-16,-4.293468e-01,8.937733e-01,8.093716e-01
8.270000e-11,-1.704503e-16,3.503376e-16,7.726182e-16,-1.138439e-15,-4.293468e-01,8.937733e-01,8.093716e-01
8.280000e-11,-4.283179e-16,-1.239156e-17,9.579263e-16,-1.349515e-15,-4.293468e-01,8.937733e-01,8.093716e-01
8.290000e-11,-6.456283e-16,-3.540628e-16,1.068303e-15,-1.460508e-15,-4.293468e-01,8.937733e-01,8.093716e-01
8.300000e-11,-8.073094e-16,-6.525648e-16,1.101101e-15,-1.469842e-15,-4.293468e-01,8.937733e-01,8.093716e-01
8.310000e-11,-9.073324e-16,-8.898884e-16,1.058917e-15,-1.382622e-15,-4.293468e-01,8.937733e-01,8.093716e-01
8.320000e-11,-9.446013e-16,-1.053282e-15,9.492171e-16,-1.210022e-15,-4.293468e-01,8.937733e-01,8.093716e-01
8.330000e-11,-9.158276e-16,-1.135690e-15,7.835111e-16,-9.682283e-16,-4.293468e-01,8.937733e-01,8.093716e-01
8.340000e-11,-8.297803e-16,-1.136092e-15,5.760917e-16,-6.769283e-16,-4.293468e-01,8.937733e-01,8.093716e-01
8.350000e-11,-6.949547e-16,-1.059165e-15,3.432812e-16,-3.579678e-16,-4.293468e-01,8.937733e-01,8.093716e-01
8.360000e-11,-5.223122e-16,-9.145173e-16,1.020526e-16,-3.369784e-17,-4.293468e-01,8.937733e-01,8.093716e-01
8.370000e-11,-3.250064e-16,-7.158157e-16,-1.311261e-16,2.743526e-16,-4.293468e-01,8.937733e-01,8.093716e-01
8.380000e-11,-1.178354e-16,-4.796482e-16,-3.413372e-16,5.469583e-16,-4.293468e-01,8.937733e-01,8.093716e-01
8.390000e-11,8.604723e-17,-2.242126e-16,-5.161121e-16,7.683535e-16,-4.293468e-01,8.937733e-01,8.093716e-01
8.400000e-11,2.710214e-16,3.183097e-17,-6.461250e-16,9.270288e-16,-4.293468e-01,8.937733e-01,8.093716e-01
8.410000e-11,4.299621e-16,2.710214e-16,-7.255697e-16,1.016219e-15,-4.293468e-01,8.937733e-01,8.093716e-01
8.420000e-11,5.494417e-16,4.779612e-16,-7.523053e-16,1.034040e-15,-4.293468e-01,8.937733e-01,8.093716e-01
8.430000e-11,6.297342e-16,6.404216e-16,-7.278048e-16,9.834116e-16,-4.293468e-01,8.937733e-01,8.093716e-01
8.440000e-11,6.598781e-16,7.499588e-16,-6.568038e-16,8.715280e-16,-4.293468e-01,8.937733e-01,8.093716e-01
8.450000e-11,6.483686e-16,8.021541e-16,-5.467956e-16,7.092474e-16,-4.293468e-01,8.937733e-01,8.093716e-01
8.460000e-11,5.943836e-16,7.966905e-16,-4.073456e-16,5.100576e-16,-4.293468e-01,8.937733e-01,8.093716e-01
8.470000e-11,5.058700e-16,7.373361e-16,-2.494411e-16,2.890564e-16,-4.293468e-01,8.937733e-01,8.093716e-01
8.480000e-11,3.880347e-16,6.311472e-16,-8.460855e-17,6.195778e-17,-4.293468e-01,8.937733e-01,8.093716e-01
8.490000e-11,2.515648e-16,4.881690e-16,7.585653e-17,-1.560805e-16,-4.293468e-01,8.937733e-01,8.093716e-01
8.500000e-11,1.068740e-16,3.202279e-16,2.216778e-16,-3.513310e-16,-4.293468e-01,8.937733e-01,8.093716e-01
8.510000e-11,-3.452851e-17,1.402292e-16,3.441376e-16,-5.123955e-16,-4.293468e-01,8.937733e-01,8.093716e-01
8.520000e-11,-1.671618e-16,-3.889595e-17,4.366418e-16,-6.307276e-16,-4.293468e-01,8.937733e-01,8.093716e-01
8.530000e-11,-2.800646e-16,-2.049616e-16,4.949429e-16,-7.010606e-16,-4.293468e-01,8.937733e-01,8.093716e-01
8.540000e-11,-3.715925e-16,-3.473232e-16,5.172425e-16,-7.215704e-16,-4.293468e-01,8.937733e-01,8.093716e-01
8.550000e-11,-4.291400e-16,-4.577939e-16,5.042001e-16,-6.937815e-16,-4.293468e-01,8.937733e-01,8.093716e-01
8.560000e-11,-4.581878e-16,-5.307473e-16,4.588558e-16,-6.223181e-16,-4.293468e-01,8.937733e-01,8.093716e-01
8.570000e-11,-4.565436e-16,-5.634518e-16,3.861164e-16,-5.142966e-16,-4.293468e-01,8.937733e-01,8.093716e-01
8.580000e-11,-4.228372e-16,-5.561128e-16,2.924047e-16,-3.788801e-16,-4.293468e-01,8.937733e-01,8.093716e-01
8.590000e-11,-3.650157e-16,-5.115306e-16,1.850940e-16,-2.264991e-16,-4.293468e-01,8.937733e-01,8.093716e-01
8.600000e-11,-2.849972e-16,-4.349033e-16,7.200290e-17,-6.813214e-17,-4.293468e-01,8.937733e-01,8.093716e-01
8.610000e-11,-1.926471e-16,-3.333131e-16,-3.911861e-17,8.553342e-17,-4.293468e-01,8.937733e-01,8.093716e-01
8.620000e-11,-9.262409e-17,-2.151438e-16,-1.410942e-16,2.246922e-16,-4.293468e-01,8.937733e-01,8.093716e-01
8.630000e-11,9.043181e-18,-8.938704e-17,-2.278351e-16,3.412174e-16,-4.293468e-01,8.937733e-01,8.093716e-01
8.640000e-11,1.022153e-16,3.492243e-17,-2.946484e-16,4.287975e-16,-4.293468e-01,8.937733e-01,8.093716e-01
8.650000e-11,1.836040e-16,1.494094e-16,-3.383571e-16,4.833563e-16,-4.293468e-01,8.937733e-01,8.093716e-01
8.660000e-11,2.501947e-16,2.468891e-16,-3.573855e-16,5.032753e-16,-4.293468e-01,8.937733e-01,8.093716e-01
8.670000e-11,2.951365e-16,3.218893e-16,-3.520332e-16,4.892481e-16,-4.293468e-01,8.937733e-01,8.093716e-01
8.680000e-11,3.184296e-16,3.707019e-16,-3.240045e-16,4.441863e-16,-4.293468e-01,8.937733e-01,8.093716e-01
8.690000e-11,3.195257e-16,3.915971e-16,-2.764593e-16,3.728342e-16,-4.293468e-01,8.937733e-01,8.093716e-01
8.700000e-11,2.992471e-16,3.847890e-16,-2.136194e-16,2.813577e-16,-4.293468e-01,8.937733e-01,8.093716e-01
8.710000e-11,2.608821e-16,3.523415e-16,-1.404862e-16,1.767873e-16,-4.293468e-01,8.937733e-01,8.093716e-01
8.720000e-11,2.077191e-16,2.979454e-16,-6.240308e-17,6.678766e-17,-4.293468e-01,8.937733e-01,8.093716e-01
8.730000e-11,1.457870e-16,2.265933e-16,1.529462e-17,-4.119957e-17,-4.293468e-01,8.937733e-01,8.093716e-01
8.740000e-11,7.563387e-17,1.441771e-16,8.753730e-17,-1.401950e-16,-4.293468e-01,8.937733e-01,8.093716e-01
8.750000e-11,5.754751e-18,5.699088e-17,1.500003e-16,-2.242897e-16,-4.293468e-01,8.937733e-01,8.093716e-01
8.760000e-11,-5.973980e-17,-2.874807e-17,1.991555e-16,-2.888251e-16,-4.293468e-01,8.937733e-01,8.093716e-01
8.770000e-11,-1.189315e-16,-1.073706e-16,2.326136e-16,-3.307355e-16,-4.293468e-01,8.937733e-01,8.093716e-01
8.780000e-11,-1.663397e-16,-1.740042e-16,2.491071e-16,-3.486506e-16,-4.293468e-01,8.937733e-01,8.093716e-01
8.790000e-11,-1.994980e-16,-2.249063e-16,2.484991e-16,-3.426989e-16,-4.293468e-01,8.937733e-01,8.093716e-01
8.800000e-11,-2.192286e-16,-2.575851e-16,2.318171e-16,-3.147044e-16,-4.293468e-01,8.937733e-01,8.093716e-01
8.810000e-11,-2.236132e-16,-2.709101e-16,2.010823e-16,-2.677501e-16,-4.293468e-01,8.937733e-01,8.093716e-01
8.820000e-11,-2.104595e-16,-2.650954e-16,1.590606e-16,-2.059893e-16,-4.293468e-01,8.937733e-01,8.093716e-01
8.830000e-11,-1.868924e-16,-2.417338e-16,1.091262e-16,-1.343203e-16,-4.293468e-01,8.937733e-01,8.093716e-01
8.840000e-11,-1.509937e-16,-2.034459e-16,5.495274e-17,-5.797569e-17,-4.293468e-01,8.937733e-01,8.093716e-01
8.850000e-11,-1.085182e-16,-1.537598e-16,2.140904e-19,1.782089e-17,-4.293468e-01,8.937733e-01,8.093716e-01
8.860000e-11,-6.001383e-17,-9.679457e-17,-5.148447e-17,8.811963e-17,-4.293468e-01,8.937733e-01,8.093716e-01
8.870000e-11,-1.205757e-17,-3.682356e-17,-9.699154e-17,1.486644e-16,-4.293468e-01,8.937733e-01,8.093716e-01
8.880000e-11,3.535061e-17,2.192286e-17,-1.337466e-16,1.960726e-16,-4.293468e-01,8.937733e-01,8.093716e-01
8.890000e-11,7.782616e-17,7.562531e-17,-1.598142e-16,2.279549e-16,-4.293468e-01,8.937733e-01,8.093716e-01
8.900000e-11,1.120806e-16,1.209611e-16,-1.741497e-16,2.431468e-16,-4.293468e-01,8.937733e-01,8.093716e-01
8.910000e-11,1.386621e-16,1.553612e-16,-1.764277e-16,2.416054e-16,-4.293468e-01,8.937733e-01,8.093716e-01
8.920000e-11,1.512677e-16,1.772840e-16,-1.671704e-16,2.243582e-16,-4.293468e-01,8.937733e-01,8.093716e-01
8.930000e-11,1.559264e-16,1.859932e-16,-1.476196e-16,1.934521e-16,-4.293468e-01,8.937733e-01,8.093716e-01
8.940000e-11,1.490755e-16,1.817970e-16,-1.196081e-16,1.516959e-16,-4.293468e-01,8.937733e-01,8.093716e-01
8.950000e-11,1.337295e-16,1.657488e-16,-8.538783e-17,1.024637e-16,-4.293468e-01,8.937733e-01,8.093716e-01
8.960000e-11,1.109845e-16,1.396298e-16,-4.751095e-17,4.934357e-17,-4.293468e-01,8.937733e-01,8.093716e-01
8.970000e-11,7.947037e-17,1.058463e-16,-8.572182e-18,-3.964955e-18,-4.293468e-01,8.937733e-01,8.093716e-01
8.980000e-11,4.740819e-17,6.703600e-17,2.883370e-17,-5.395079e-17,-4.293468e-01,8.937733e-01,8.093716e-01
8.990000e-11,1.260565e-17,2.622180e-17,6.241165e-17,-9.753961e-17,-4.293468e-01,8.937733e-01,8.093716e-01
9.000000e-11,-1.973058e-17,-1.380455e-17,9.016633e-17,-1.321966e-16,-4.293468e-01,8.937733e-01,8.093716e-01
9.010000e-11,-5.014855e-17,-5.046540e-17,1.106163e-16,-1.562004e-16,-4.293468e-01,8.937733e-01,8.093716e-01
9.020000e-11,-7.508580e-17,-8.153421e-17,1.228194e-16,-1.685406e-16,-4.293468e-01,8.937733e-01,8.093716e-01
9.030000e-11,-9.152795e-17,-1.052297e-16,1.264761e-16,-1.690801e-16,-4.293468e-01,8.937733e-01,8.093716e-01
9.040000e-11,-1.049557e-16,-1.204045e-16,1.218089e-16,-1.584783e-16,-4.293468e-01,8.937733e-01,8.093716e-01
9.050000e-11,-1.085182e-16,-1.266902e-16,1.095544e-16,-1.380712e-16,-4.293468e-01,8.937733e-01,8.093716e-01
9.060000e-11,-1.057778e-16,-1.242153e-16,9.090280e-17,-1.097770e-16,-4.293468e-01,8.937733e-01,8.093716e-01
9.070000e-11,-9.372023e-17,-1.136992e-16,6.740424e-17,-7.589078e-17,-4.293468e-01,8.937733e-01,8.093716e-01
9.080000e-11,-7.864827e-17,-9.628932e-17,4.086558e-17,-3.893877e-17,-4.293468e-01,8.937733e-01,8.093716e-01
9.090000e-11,-5.864366e-17,-7.351010e-17,1.311946e-17,-1.481506e-18,-4.293468e-01,8.937733e-01,8.093716e-01
9.100000e-11,-3.562465e-17,-4.729686e-17,-1.400152e-17,3.398900e-17,-4.293468e-01,8.937733e-01,8.093716e-01
9.110000e-11,-1.260565e-17,-1.960212e-17,-3.875037e-17,6.521195e-17,-4.293468e-01,8.937733e-01,8.093716e-01
9.120000e-11,1.123547e-17,7.630184e-18,-5.965416e-17,9.043181e-17,-4.293468e-01,8.937733e-01,8.093716e-01
9.130000e-11,3.315833e-17,3.261026e-17,-7.559106e-17,1.083555e-16,-4.293468e-01,8.937733e-01,8.093716e-01
9.140000e-11,5.042258e-17,5.383947e-17,-8.580745e-17,1.182293e-16,-4.293468e-01,8.937733e-01,8.093716e-01
9.150000e-11,6.467244e-17,7.008465e-17,-8.992655e-17,1.198393e-16,-4.293468e-01,8.937733e-01,8.093716e-01
9.160000e-11,7.179737e-17,8.066928e-17,-8.802543e-17,1.135193e-16,-4.293468e-01,8.937733e-01,8.093716e-01
9.170000e-11,7.700405e-17,8.522513e-17,-8.051514e-17,1.001772e-16,-4.293468e-01,8.937733e-01,8.093716e-01
9.180000e-11,7.508580e-17,8.388064e-17,-6.820065e-17,8.107177e-17,-4.293468e-01,8.937733e-01,8.093716e-01
9.190000e-11,6.796087e-17,7.711538e-17,-5.214387e-17,5.782155e-17,-4.293468e-01,8.937733e-01,8.093716e-01
9.200000e-11,5.809558e-17,6.574289e-17,-3.357795e-17,3.207931e-17,-4.293468e-01,8.937733e-01,8.093716e-01
9.210000e-11,4.494187e-17,5.073087e-17,-1.378742e-17,5.686242e-18,-4.293468e-01,8.937733e-01,8.093716e-01
9.220000e-11,2.767761e-17,3.333816e-17,5.891769e-18,-1.954218e-17,-4.293468e-01,8.937733e-01,8.093716e-01
9.230000e-11,1.123547e-17,1.484931e-17,2.417509e-17,-4.200455e-17,-4.293468e-01,8.937733e-01,8.093716e-01
9.240000e-11,-6.302823e-18,-3.476829e-18,3.996640e-17,-6.034782e-17,-4.293468e-01,8.937733e-01,8.093716e-01
9.250000e-11,-2.082672e-17,-2.047561e-17,5.238365e-17,-7.366424e-17,-4.293468e-01,8.937733e-01,8.093716e-01
9.260000e-11,-3.398044e-17,-3.515365e-17,6.078456e-17,-8.141432e-17,-4.293468e-01,8.937733e-01,8.093716e-01
9.270000e-11,-4.384572e-17,-4.668028e-17,6.484371e-17,-8.342677e-17,-4.293468e-01,8.937733e-01,8.093716e-01
9.280000e-11,-4.987451e-17,-5.443892e-17,6.451830e-17,-7.984717e-17,-4.293468e-01,8.937733e-01,8.093716e-01
9.290000e-11,-5.371101e-17,-5.816409e-17,6.006522e-17,-7.122361e-17,-4.293468e-01,8.937733e-01,8.093716e-01
9.300000e-11,-5.261487e-17,-5.787293e-17,5.198972e-17,-5.839531e-17,-4.293468e-01,8.937733e-01,8.093716e-01
9.310000e-11,-4.768222e-17,-5.391654e-17,4.099404e-17,-4.244985e-17,-4.293468e-01,8.937733e-01,8.093716e-01
9.320000e-11,-4.110537e-17,-4.674879e-17,2.794309e-17,-2.459471e-17,-4.293468e-01,8.937733e-01,8.093716e-01
9.330000e-11,-3.069201e-17,-3.697770e-17,1.371892e-17,-6.131550e-18,-4.293468e-01,8.937733e-01,8.093716e-01
9.340000e-11,-2.192286e-17,-2.541682e-17,-6.936531e-19,1.172359e-17,-4.293468e-01,8.937733e-01,8.093716e-01
9.350000e-11,-8.769145e-18,-1.299101e-17,-1.433550e-17,2.784032e-17,-4.293468e-01,8.937733e-01,8.093716e-01
9.360000e-11,3.288429e-18,-6.251441e-19,-2.638451e-17,4.125951e-17,-4.293468e-01,8.937733e-01,8.093716e-01
9.370000e-11,1.342775e-17,1.100425e-17,-3.611278e-17,5.124469e-17,-4.293468e-01,8.937733e-01,8.093716e-01
9.380000e-11,2.192286e-17,2.121208e-17,-4.298936e-17,5.738480e-17,-4.293468e-01,8.937733e-01,8.093716e-01
9.390000e-11,3.014394e-17,2.944172e-17,-4.674023e-17,5.952571e-17,-4.293468e-01,8.937733e-01,8.093716e-01
9.400000e-11,3.535061e-17,3.523072e-17,-4.727973e-17,5.762459e-17,-4.293468e-01,8.937733e-01,8.093716e-01
9.410000e-11,3.726887e-17,3.836501e-17,-4.473634e-17,5.207536e-17,-4.293468e-01,8.937733e-01,8.093716e-01
9.420000e-11,3.672079e-17,3.882744e-17,-3.942690e-17,4.336616e-17,-4.293468e-01,8.937733e-01,8.093716e-01
9.430000e-11,3.452851e-17,3.676361e-17,-3.183953e-17,3.230197e-17,-4.293468e-01,8.937733e-01,8.093716e-01
9.440000e-11,3.069201e-17,3.254175e-17,-2.257370e-17,1.972201e-17,-4.293468e-01,8.937733e-01,8.093716e-01
9.450000e-11,2.411515e-17,2.651296e-17,-1.227166e-17,6.542604e-18,-4.293468e-01,8.937733e-01,8.093716e-01
9.460000e-11,1.808636e-17,1.917394e-17,-1.644215e-18,-6.311386e-18,-4.293468e-01,8.937733e-01,8.093716e-01
9.470000e-11,7.124930e-18,1.108132e-17,8.606436e-18,-1.806923e-17,-4.293468e-01,8.937733e-01,8.093716e-01
9.480000e-11,-1.096143e-18,2.766049e-18,1.781233e-17,-2.798590e-17,-4.293468e-01,8.937733e-01,8.093716e-01
9.490000e-11,-8.495109e-18,-5.240934e-18,2.549389e-17,-3.547051e-17,-4.293468e-01,8.937733e-01,8.093716e-01
9.500000e-11,-1.589407e-17,-1.244294e-17,3.123151e-17,-4.018906e-17,-4.293468e-01,8.937733e-01,8.093716e-01
9.510000e-11,-1.945654e-17,-1.836896e-17,3.468265e-17,-4.196173e-17,-4.293468e-01,8.937733e-01,8.093716e-01
9.520000e-11,-2.356708e-17,-2.272784e-17,3.573598e-17,-4.082277e-17,-4.293468e-01,8.937733e-01,8.093716e-01
9.530000e-11,-2.575936e-17,-2.545107e-17,3.446000e-17,-3.706334e-17,-4.293468e-01,8.937733e-01,8.093716e-01
9.540000e-11,-2.685551e-17,-2.647871e-17,3.108593e-17,-3.111162e-17,-4.293468e-01,8.937733e-01,8.093716e-01
9.550000e-11,-2.384111e-17,-2.578505e-17,2.592207e-17,-2.343862e-17,-4.293468e-01,8.937733e-01,8.093716e-01
9.560000e-11,-2.164883e-17,-2.345575e-17,1.939659e-17,-1.460097e-17,-4.293468e-01,8.937733e-01,8.093716e-01
9.570000e-11,-1.753829e-17,-1.983334e-17,1.199763e-17,-5.206680e-18,-4.293468e-01,8.937733e-01,8.093716e-01
9.580000e-11,-1.370179e-17,-1.523468e-17,4.196173e-18,4.084846e-18,-4.293468e-01,8.937733e-01,8.093716e-01
9.590000e-11,-6.028787e-18,-9.968051e-18,-3.442574e-18,1.269985e-17,-4.293468e-01,8.937733e-01,8.093716e-01
9.600000e-11,-8.221073e-19,-4.376009e-18,-1.043905e-17,2.013307e-17,-4.293468e-01,8.937733e-01,8.093716e-01
9.610000e-11,5.480715e-18,1.121834e-18,-1.633082e-17,2.593920e-17,-4.293468e-01,8.937733e-01,8.093716e-01
9.620000e-11,1.123547e-17,6.200059e-18,-2.081816e-17,2.981852e-17,-4.293468e-01,8.937733e-01,8.093716e-01
9.630000e-11,1.342775e-17,1.055894e-17,-2.367840e-17,3.159119e-17,-4.293468e-01,8.937733e-01,8.093716e-01
9.640000e-11,1.753829e-17,1.401008e-17,-2.484306e-17,3.120582e-17,-4.293468e-01,8.937733e-01,8.093716e-01
9.650000e-11,2.000461e-17,1.633082e-17,-2.431211e-17,2.880801e-17,-4.293468e-01,8.937733e-01,8.093716e-01
9.660000e-11,2.000461e-17,1.745265e-17,-2.220546e-17,2.466322e-17,-4.293468e-01,8.937733e-01,8.093716e-01
9.670000e-11,1.918250e-17,1.733276e-17,-1.878858e-17,1.914825e-17,-4.293468e-01,8.937733e-01,8.093716e-01
9.680000e-11,1.671618e-17,1.609104e-17,-1.435262e-17,1.274266e-17,-4.293468e-01,8.937733e-01,8.093716e-01
9.690000e-11,1.315372e-17,1.384737e-17,-9.205889e-18,5.934587e-18,-4.293468e-01,8.937733e-01,8.093716e-01
9.700000e-11,9.865288e-18,1.091005e-17,-3.716610e-18,-7.621620e-19,-4.293468e-01,8.937733e-01,8.093716e-01
9.710000e-11,6.028787e-18,7.484602e-18,1.729851e-18,-6.979349e-18,-4.293468e-01,8.937733e-01,8.093716e-01
9.720000e-11,5.480715e-19,3.827937e-18,6.782385e-18,-1.239156e-17,-4.293468e-01,8.937733e-01,8.093716e-01
9.730000e-11,-2.192286e-18,1.284543e-19,1.114983e-17,-1.666480e-17,-4.293468e-01,8.937733e-01,8.093716e-01
9.740000e-11,-6.302823e-18,-3.348375e-18,1.458384e-17,-1.957643e-17,-4.293468e-01,8.937733e-01,8.093716e-01
9.750000e-11,-1.096143e-17,-6.328514e-18,1.691315e-17,-2.096374e-17,-4.293468e-01,8.937733e-01,8.093716e-01
9.760000e-11,-1.205757e-17,-8.709199e-18,1.801785e-17,-2.084385e-17,-4.293468e-01,8.937733e-01,8.093716e-01
9.770000e-11,-1.315372e-17,-1.041336e-17,1.788083e-17,-1.931096e-17,-4.293468e-01,8.937733e-01,8.093716e-01
9.780000e-11,-1.315372e-17,-1.138961e-17,1.662198e-17,-1.655347e-17,-4.293468e-01,8.937733e-01,8.093716e-01
9.790000e-11,-1.397582e-17,-1.159514e-17,1.434406e-17,-1.281974e-17,-4.293468e-01,8.937733e-01,8.093716e-01
9.800000e-11,-1.178354e-17,-1.109845e-17,1.120978e-17,-8.409473e-18,-4.293468e-01,8.937733e-01,8.093716e-01
9.810000e-11,-8.769145e-18,-1.000231e-17,7.510293e-18,-3.673792e-18,-4.293468e-01,8.937733e-01,8.093716e-01
9.820000e-11,-6.302823e-18,-8.366655e-18,3.545338e-18,1.130398e-18,-4.293468e-01,8.937733e-01,8.093716e-01
9.830000e-11,-3.836501e-18,-6.302823e-18,-3.767992e-19,5.677679e-18,-4.293468e-01,8.937733e-01,8.093716e-01
9.840000e-11,-1.096143e-18,-3.990646e-18,-4.007773e-18,9.659761e-18,-4.293468e-01,8.937733e-01,8.093716e-01
9.850000e-11,1.644215e-18,-1.541451e-18,-7.159185e-18,1.281117e-17,-4.293468e-01,8.937733e-01,8.093716e-01
9.860000e-11,4.658608e-18,8.649254e-19,-9.659761e-18,1.496920e-17,-4.293468e-01,8.937733e-01,8.093716e-01
9.870000e-11,7.947037e-18,3.048648e-18,-1.136392e-17,1.603109e-17,-4.293468e-01,8.937733e-01,8.093716e-01
9.880000e-11,8.221073e-18,4.915517e-18,-1.220316e-17,1.600540e-17,-4.293468e-01,8.937733e-01,8.093716e-01
9.890000e-11,1.123547e-17,6.397023e-18,-1.213465e-17,1.493495e-17,-4.293468e-01,8.937733e-01,8.093716e-01
9.900000e-11,1.150950e-17,7.390402e-18,-1.122690e-17,1.300814e-17,-4.293468e-01,8.937733e-01,8.093716e-01
9.910000e-11,9.865288e-18,7.810020e-18,-9.625507e-18,1.043049e-17,-4.293468e-01,8.937733e-01,8.093716e-01
9.920000e-11,7.673002e-18,7.707256e-18,-7.458911e-18,7.347584e-18,-4.293468e-01,8.937733e-01,8.093716e-01
9.930000e-11,6.028787e-18,7.030730e-18,-4.915517e-18,3.982082e-18,-4.293468e-01,8.937733e-01,8.093716e-01
9.940000e-11,5.754751e-18,5.908896e-18,-2.158032e-18,5.908896e-19,-4.293468e-01,8.937733e-01,8.093716e-01
9.950000e-11,3.562465e-18,4.521590e-18,6.251441e-19,-2.603340e-18,-4.293468e-01,8.937733e-01,8.093716e-01
9.960000e-11,1.096143e-18,3.005830e-18,3.228484e-18,-5.318007e-18,-4.293468e-01,8.937733e-01,8.093716e-01
9.970000e-11,-2.192286e-18,1.370179e-18,5.480715e-18,-7.467475e-18,-4.293468e-01,8.937733e-01,8.093716e-01
9.980000e-11,-3.288429e-18,-3.082902e-19,7.236257e-18,-8.948981e-18,-4.293468e-01,8.937733e-01,8.093716e-01
9.990000e-11,-4.932644e-18,-1.918250e-18,8.460855e-18,-9.753961e-18,-4.293468e-01,8.937733e-01,8.093716e-01
1.000000e-10,-4.110537e-18,-3.305557e-18,9.103126e-18,-9.779652e-18,-4.293468e-01,8.937733e-01,8.093716e-01
1.001000e-10,-6.302823e-18,-4.461645e-18,9.111689e-18,-9.077435e-18,-4.293468e-01,8.937733e-01,8.093716e-01
1.002000e-10,-7.398966e-18,-5.343698e-18,8.546491e-18,-7.758638e-18,-4.293468e-01,8.937733e-01,8.093716e-01
1.003000e-10,-7.124930e-18,-5.866078e-18,7.501729e-18,-6.028787e-18,-4.293468e-01,8.937733e-01,8.093716e-01
1.004000e-10,-5.206680e-18,-5.926024e-18,6.071605e-18,-4.007773e-18,-4.293468e-01,8.937733e-01,8.093716e-01
1.005000e-10,-3.288429e-18,-5.600606e-18,4.410263e-18,-1.883996e-18,-4.293468e-01,8.937733e-01,8.093716e-01
1.006000e-10,-1.918250e-18,-4.958335e-18,2.603340e-18,2.397813e-19,-4.293468e-01,8.937733e-01,8.093716e-01
1.007000e-10,-1.918250e-18,-4.093409e-18,7.792892e-19,2.286486e-18,-4.293468e-01,8.937733e-01,8.093716e-01
1.008000e-10,0.000000e+00,-2.971575e-18,-9.762524e-19,4.050591e-18,-4.293468e-01,8.937733e-01,8.093716e-01
1.009000e-10,1.096143e-18,-1.721287e-18,-2.551958e-18,5.463588e-18,-4.293468e-01,8.937733e-01,8.093716e-01
1.010000e-10,2.740358e-18,-5.651988e-19,-3.853628e-18,6.465532e-18,-4.293468e-01,8.937733e-01,8.093716e-01
1.011000e-10,2.740358e-18,4.709990e-19,-4.804190e-18,7.005039e-18,-4.293468e-01,8.937733e-01,8.093716e-01
1.012000e-10,4.658608e-18,1.318797e-18,-5.343698e-18,7.064985e-18,-4.293468e-01,8.937733e-01,8.093716e-01
1.013000e-10,4.658608e-18,1.986759e-18,-5.514970e-18,6.645368e-18,-4.293468e-01,8.937733e-01,8.093716e-01
1.014000e-10,4.384572e-18,2.474886e-18,-5.292316e-18,5.814697e-18,-4.293468e-01,8.937733e-01,8.093716e-01
1.015000e-10,4.384572e-18,2.774612e-18,-4.692863e-18,4.718553e-18,-4.293468e-01,8.937733e-01,8.093716e-01
1.016000e-10,2.192286e-18,2.877376e-18,-3.759428e-18,3.408320e-18,-4.293468e-01,8.937733e-01,8.093716e-01
1.017000e-10,3.288429e-18,2.885939e-18,-2.577649e-18,1.943941e-18,-4.293468e-01,8.937733e-01,8.093716e-01
1.018000e-10,2.466322e-18,2.723231e-18,-1.241725e-18,4.196173e-19,-4.293468e-01,8.937733e-01,8.093716e-01
1.019000e-10,1.644215e-18,2.423504e-18,1.198907e-19,-9.676888e-19,-4.293468e-01,8.937733e-01,8.093716e-01
1.020000e-10,5.480715e-19,1.952505e-18,1.430124e-18,-2.140904e-18,-4.293468e-01,8.937733e-01,8.093716e-01
1.021000e-10,-8.221073e-19,1.361615e-18,2.594776e-18,-2.997266e-18,-4.293468e-01,8.937733e-01,8.093716e-01
1.022000e-10,-2.740358e-18,7.022167e-19,3.571029e-18,-3.528211e-18,-4.293468e-01,8.937733e-01,8.093716e-01
1.023000e-10,-1.918250e-18,-3.425447e-20,4.307500e-18,-3.742301e-18,-4.293468e-01,8.937733e-01,8.093716e-01
1.024000e-10,-1.918250e-18,-8.306709e-19,4.735681e-18,-3.622410e-18,-4.293468e-01,8.937733e-01,8.093716e-01
1.025000e-10,-3.014394e-18,-1.627087e-18,4.778499e-18,-3.159975e-18,-4.293468e-01,8.937733e-01,8.093716e-01
1.026000e-10,-3.014394e-18,-2.329304e-18,4.478772e-18,-2.432067e-18,-4.293468e-01,8.937733e-01,8.093716e-01
1.027000e-10,-2.192286e-18,-2.877376e-18,3.870755e-18,-1.558578e-18,-4.293468e-01,8.937733e-01,8.093716e-01
1.028000e-10,-1.644215e-18,-3.245611e-18,3.057212e-18,-6.080169e-19,-4.293468e-01,8.937733e-01,8.093716e-01
1.029000e-10,-8.221073e-19,-3.391193e-18,2.072396e-18,3.168539e-19,-4.293468e-01,8.937733e-01,8.093716e-01
1.030000e-10,2.740358e-19,-3.322684e-18,9.762524e-19,1.233161e-18,-4.293468e-01,8.937733e-01,8.093716e-01
1.031000e-10,5.480715e-19,-3.082902e-18,-1.284543e-19,2.046705e-18,-4.293468e-01,8.937733e-01,8.093716e-01
1.032000e-10,2.740358e-19,-2.646158e-18,-1.138961e-18,2.637594e-18,-4.293468e-01,8.937733e-01,8.093716e-01
1.033000e-10,2.466322e-18,-2.046705e-18,-1.952505e-18,2.988703e-18,-4.293468e-01,8.937733e-01,8.093716e-01
1.034000e-10,1.370179e-18,-1.353052e-18,-2.551958e-18,3.159975e-18,-4.293468e-01,8.937733e-01,8.093716e-01
1.035000e-10,2.192286e-18,-6.337077e-19,-2.954448e-18,3.168539e-18,-4.293468e-01,8.937733e-01,8.093716e-01
1.036000e-10,1.644215e-18,0.000000e+00,-3.159975e-18,3.022957e-18,-4.293468e-01,8.937733e-01,8.093716e-01
1.037000e-10,1.370179e-18,5.566352e-19,-3.168539e-18,2.723231e-18,-4.293468e-01,8.937733e-01,8.093716e-01
1.038000e-10,2.192286e-18,1.019071e-18,-2.980139e-18,2.269359e-18,-4.293468e-01,8.937733e-01,8.093716e-01
1.039000e-10,1.644215e-18,1.353052e-18,-2.611903e-18,1.669905e-18,-4.293468e-01,8.937733e-01,8.093716e-01
1.040000e-10,1.370179e-18,1.592833e-18,-2.106650e-18,1.010507e-18,-4.293468e-01,8.937733e-01,8.093716e-01
1.041000e-10,1.096143e-18,1.746978e-18,-1.490070e-18,2.825994e-19,-4.293468e-01,8.937733e-01,8.093716e-01
1.042000e-10,5.480715e-19,1.764105e-18,-8.221073e-19,-4.538718e-19,-4.293468e-01,8.937733e-01,8.093716e-01
1.043000e-10,0.000000e+00,1.592833e-18,-1.455815e-19,-1.147525e-18,-4.293468e-01,8.937733e-01,8.093716e-01
1.044000e-10,2.740358e-19,1.318797e-18,4.881262e-19,-1.729851e-18,-4.293468e-01,8.937733e-01,8.093716e-01
1.045000e-10,2.740358e-19,9.591252e-19,1.079016e-18,-2.115214e-18,-4.293468e-01,8.937733e-01,8.093716e-01
1.046000e-10,-1.918250e-18,5.138171e-19,1.541451e-18,-2.303613e-18,-4.293468e-01,8.937733e-01,8.093716e-01
1.047000e-10,-8.221073e-19,5.138171e-20,1.849741e-18,-2.295050e-18,-4.293468e-01,8.937733e-01,8.093716e-01
1.048000e-10,-1.644215e-18,-4.453081e-19,2.021014e-18,-2.089523e-18,-4.293468e-01,8.937733e-01,8.093716e-01
1.049000e-10,-1.096143e-18,-8.563618e-19,2.132341e-18,-1.729851e-18,-4.293468e-01,8.937733e-01,8.093716e-01
1.050000e-10,-8.221073e-19,-1.216034e-18,2.132341e-18,-1.216034e-18,-4.293468e-01,8.937733e-01,8.093716e-01
1.051000e-10,-1.644215e-18,-1.532888e-18,1.995323e-18,-6.165805e-19,-4.293468e-01,8.937733e-01,8.093716e-01
1.052000e-10,-1.096143e-18,-1.695596e-18,1.746978e-18,-4.281809e-20,-4.293468e-01,8.937733e-01,8.093716e-01
1.053000e-10,-8.221073e-19,-1.772669e-18,1.395870e-18,5.052535e-19,-4.293468e-01,8.937733e-01,8.093716e-01
1.054000e-10,5.480715e-19,-1.755542e-18,9.848161e-19,1.044761e-18,-4.293468e-01,8.937733e-01,8.093716e-01
1.055000e-10,0.000000e+00,-1.618524e-18,5.823260e-19,1.541451e-18,-4.293468e-01,8.937733e-01,8.093716e-01
1.056000e-10,1.096143e-18,-1.395870e-18,2.397813e-19,1.926814e-18,-4.293468e-01,8.937733e-01,8.093716e-01
1.057000e-10,1.096143e-18,-1.130398e-18,-2.569085e-20,2.192286e-18,-4.293468e-01,8.937733e-01,8.093716e-01
1.058000e-10,1.370179e-18,-8.135437e-19,-2.312177e-19,2.346431e-18,-4.293468e-01,8.937733e-01,8.093716e-01
1.059000e-10,1.644215e-18,-5.052535e-19,-4.196173e-19,2.440631e-18,-4.293468e-01,8.937733e-01,8.093716e-01
1.060000e-10,1.096143e-18,-2.140904e-19,-5.823260e-19,2.397813e-18,-4.293468e-01,8.937733e-01,8.093716e-01
1.061000e-10,5.480715e-19,6.850894e-20,-7.450348e-19,2.243668e-18,-4.293468e-01,8.937733e-01,8.093716e-01
1.062000e-10,1.096143e-18,3.425447e-19,-8.906163e-19,2.055268e-18,-4.293468e-01,8.937733e-01,8.093716e-01
1.063000e-10,1.370179e-18,5.737624e-19,-1.010507e-18,1.875432e-18,-4.293468e-01,8.937733e-01,8.093716e-01
1.064000e-10,1.644215e-18,7.364711e-19,-1.087579e-18,1.644215e-18,-4.293468e-01,8.937733e-01,8.093716e-01
1.065000e-10,1.096143e-18,8.563618e-19,-1.113270e-18,1.378742e-18,-4.293468e-01,8.937733e-01,8.093716e-01
1.066000e-10,-5.480715e-19,9.591252e-19,-1.053325e-18,1.053325e-18,-4.293468e-01,8.937733e-01,8.093716e-01
1.067000e-10,0.000000e+00,9.933797e-19,-9.334344e-19,7.279075e-19,-4.293468e-01,8.937733e-01,8.093716e-01
1.068000e-10,0.000000e+00,9.762524e-19,-7.535984e-19,4.453081e-19,-4.293468e-01,8.937733e-01,8.093716e-01
1.069000e-10,0.000000e+00,9.077435e-19,-5.480715e-19,1.883996e-19,-4.293468e-01,8.937733e-01,8.093716e-01
1.070000e-10,0.000000e+00,7.792892e-19,-2.825994e-19,-7.707256e-20,-4.293468e-01,8.937733e-01,8.093716e-01
1.071000e-10,0.000000e+00,5.737624e-19,8.563618e-21,-3.082902e-19,-4.293468e-01,8.937733e-01,8.093716e-01
1.072000e-10,0.000000e+00,3.082902e-19,2.997266e-19,-4.624354e-19,-4.293468e-01,8.937733e-01,8.093716e-01
1.073000e-10,0.000000e+00,1.712724e-20,5.823260e-19,-5.309443e-19,-4.293468e-01,8.937733e-01,8.093716e-01
1.074000e-10,-1.096143e-18,-2.654722e-19,8.306709e-19,-5.395079e-19,-4.293468e-01,8.937733e-01,8.093716e-01
1.075000e-10,0.000000e+00,-4.709990e-19,1.044761e-18,-4.881262e-19,-4.293468e-01,8.937733e-01,8.093716e-01
1.076000e-10,5.480715e-19,-5.994533e-19,1.198907e-18,-4.453081e-19,-4.293468e-01,8.937733e-01,8.093716e-01
1.077000e-10,2.740358e-19,-6.679622e-19,1.301670e-18,-3.596720e-19,-4.293468e-01,8.937733e-01,8.093716e-01
1.078000e-10,2.740358e-19,-6.936531e-19,1.335924e-18,-2.740358e-19,-4.293468e-01,8.937733e-01,8.093716e-01
1.079000e-10,2.740358e-19,-6.679622e-19,1.301670e-18,-1.627087e-19,-4.293468e-01,8.937733e-01,8.093716e-01
1.080000e-10,2.740358e-19,-5.908896e-19,1.224597e-18,-4.281809e-20,-4.293468e-01,8.937733e-01,8.093716e-01
1.081000e-10,2.740358e-19,-4.624354e-19,1.104707e-18,6.850894e-20,-4.293468e-01,8.937733e-01,8.093716e-01
1.082000e-10,2.740358e-19,-3.254175e-19,9.334344e-19,2.226541e-19,-4.293468e-01,8.937733e-01,8.093716e-01
1.083000e-10,2.740358e-19,-1.627087e-19,7.022167e-19,4.367445e-19,-4.293468e-01,8.937733e-01,8.093716e-01
1.084000e-10,-8.221073e-19,0.000000e+00,4.795626e-19,7.450348e-19,-4.293468e-01,8.937733e-01,8.093716e-01
1.085000e-10,-8.221073e-19,1.541451e-19,2.569085e-19,1.079016e-18,-4.293468e-01,8.937733e-01,8.093716e-01
1.086000e-10,0.000000e+00,2.997266e-19,6.850894e-20,1.353052e-18,-4.293468e-01,8.937733e-01,8.093716e-01
1.087000e-10,-5.480715e-19,4.196173e-19,-9.419980e-20,1.550015e-18,-4.293468e-01,8.937733e-01,8.093716e-01
1.088000e-10,2.740358e-19,4.966898e-19,-2.654722e-19,1.687033e-18,-4.293468e-01,8.937733e-01,8.093716e-01
1.089000e-10,1.096143e-18,5.309443e-19,-3.939264e-19,1.721287e-18,-4.293468e-01,8.937733e-01,8.093716e-01
1.090000e-10,1.096143e-18,4.367445e-19,-4.709990e-19,1.635651e-18,-4.293468e-01,8.937733e-01,8.093716e-01
1.091000e-10,2.466322e-18,2.397813e-19,-4.966898e-19,1.438688e-18,-4.293468e-01,8.937733e-01,8.093716e-01
1.092000e-10,5.480715e-19,-2.569085e-20,-4.795626e-19,1.181779e-18,-4.293468e-01,8.937733e-01,8.093716e-01
1.093000e-10,1.370179e-18,-2.997266e-19,-3.939264e-19,9.163071e-19,-4.293468e-01,8.937733e-01,8.093716e-01
1.094000e-10,-5.480715e-19,-5.052535e-19,-2.226541e-19,6.508350e-19,-4.293468e-01,8.937733e-01,8.093716e-01
1.095000e-10,0.000000e+00,-6.850894e-19,-4.281809e-20,3.853628e-19,-4.293468e-01,8.937733e-01,8.093716e-01
1.096000e-10,0.000000e+00,-8.563618e-19,1.455815e-19,1.284543e-19,-4.293468e-01,8.937733e-01,8.093716e-01
1.097000e-10,0.000000e+00,-1.010507e-18,3.254175e-19,-1.198907e-19,-4.293468e-01,8.937733e-01,8.093716e-01
1.098000e-10,0.000000e+00,-1.156088e-18,4.709990e-19,-3.254175e-19,-4.293468e-01,8.937733e-01,8.093716e-01
1.099000e-10,0.000000e+00,-1.293106e-18,6.251441e-19,-4.624354e-19,-4.293468e-01,8.937733e-01,8.093716e-01
1.100000e-10,0.000000e+00,-1.438688e-18,7.707256e-19,-5.480715e-19,-4.293468e-01,8.937733e-01,8.093716e-01
1.101000e-10,0.000000e+00,-1.567142e-18,9.077435e-19,-6.251441e-19,-4.293468e-01,8.937733e-01,8.093716e-01
1.102000e-10,0.000000e+00,-1.687033e-18,1.044761e-18,-7.107803e-19,-4.293468e-01,8.937733e-01,8.093716e-01
1.103000e-10,0.000000e+00,-1.764105e-18,1.164652e-18,-7.878528e-19,-4.293468e-01,8.937733e-01,8.093716e-01
1.104000e-10,0.000000e+00,-1.712724e-18,1.267415e-18,-8.477982e-19,-4.293468e-01,8.937733e-01,8.093716e-01
1.105000e-10,0.000000e+00,-1.532888e-18,1.327361e-18,-9.077435e-19,-4.293468e-01,8.937733e-01,8.093716e-01
1.106000e-10,0.000000e+00,-1.267415e-18,1.404433e-18,-9.591252e-19,-4.293468e-01,8.937733e-01,8.093716e-01
1.107000e-10,0.000000e+00,-9.591252e-19,1.464379e-18,-1.001943e-18,-4.293468e-01,8.937733e-01,8.093716e-01
1.108000e-10,0.000000e+00,-5.737624e-19,1.455815e-18,-1.019071e-18,-4.293468e-01,8.937733e-01,8.093716e-01
1.109000e-10,0.000000e+00,-1.883996e-19,1.318797e-18,-1.044761e-18,-4.293468e-01,8.937733e-01,8.093716e-01
1.110000e-10,0.000000e+00,1.027634e-19,1.121834e-18,-1.044761e-18,-4.293468e-01,8.937733e-01,8.093716e-01
1.111000e-10,0.000000e+00,3.425447e-19,8.563618e-19,-1.036198e-18,-4.293468e-01,8.937733e-01,8.093716e-01
1.112000e-10,-1.096143e-18,4.966898e-19,5.651988e-19,-9.505616e-19,-4.293468e-01,8.937733e-01,8.093716e-01
1.113000e-10,0.000000e+00,5.737624e-19,2.740358e-19,-7.964165e-19,-4.293468e-01,8.937733e-01,8.093716e-01
1.114000e-10,-5.480715e-19,6.080169e-19,-8.563618e-21,-4.966898e-19,-4.293468e-01,8.937733e-01,8.093716e-01
1.115000e-10,-8.221073e-19,5.138171e-19,-2.483449e-19,-7.707256e-20,-4.293468e-01,8.937733e-01,8.093716e-01
1.116000e-10,-1.096143e-18,4.024900e-19,-4.795626e-19,3.939264e-19,-4.293468e-01,8.937733e-01,8.093716e-01
1.117000e-10,5.480715e-19,2.654722e-19,-6.422713e-19,8.221073e-19,-4.293468e-01,8.937733e-01,8.093716e-01
1.118000e-10,0.000000e+00,5.138171e-20,-7.279075e-19,1.164652e-18,-4.293468e-01,8.937733e-01,8.093716e-01
1.119000e-10,0.000000e+00,-2.397813e-19,-7.107803e-19,1.430124e-18,-4.293468e-01,8.937733e-01,8.093716e-01
1.120000e-10,0.000000e+00,-5.480715e-19,-6.422713e-19,1.644215e-18,-4.293468e-01,8.937733e-01,8.093716e-01
1.121000e-10,0.000000e+00,-7.964165e-19,-5.309443e-19,1.849741e-18,-4.293468e-01,8.937733e-01,8.093716e-01
1.122000e-10,0.000000e+00,-1.019071e-18,-3.511083e-19,2.046705e-18,-4.293468e-01,8.937733e-01,8.093716e-01
1.123000e-10,0.000000e+00,-1.207470e-18,-1.113270e-19,2.183723e-18,-4.293468e-01,8.937733e-01,8.093716e-01
1.124000e-10,0.000000e+00,-1.258852e-18,1.883996e-19,2.235104e-18,-4.293468e-01,8.937733e-01,8.093716e-01
1.125000e-10,1.096143e-18,-1.190343e-18,4.966898e-19,2.132341e-18,-4.293468e-01,8.937733e-01,8.093716e-01
1.126000e-10,1.096143e-18,-1.001943e-18,8.221073e-19,1.918250e-18,-4.293468e-01,8.937733e-01,8.093716e-01
1.127000e-10,1.370179e-18,-7.107803e-19,1.121834e-18,1.635651e-18,-4.293468e-01,8.937733e-01,8.093716e-01
1.128000e-10,1.644215e-18,-4.196173e-19,1.310234e-18,1.335924e-18,-4.293468e-01,8.937733e-01,8.093716e-01
1.129000e-10,1.096143e-18,-1.284543e-19,1.370179e-18,1.036198e-18,-4.293468e-01,8.937733e-01,8.093716e-01
1.130000e-10,-5.480715e-19,6.850894e-20,1.395870e-18,6.765258e-19,-4.293468e-01,8.937733e-01,8.093716e-01
1.131000e-10,1.096143e-18,2.483449e-19,1.335924e-18,2.825994e-19,-4.293468e-01,8.937733e-01,8.093716e-01
1.132000e-10,1.096143e-18,3.425447e-19,1.233161e-18,-1.370179e-19,-4.293468e-01,8.937733e-01,8.093716e-01
1.133000e-10,2.740358e-19,3.767992e-19,1.121834e-18,-5.737624e-19,-4.293468e-01,8.937733e-01,8.093716e-01
1.134000e-10,5.480715e-19,3.254175e-19,1.001943e-18,-9.762524e-19,-4.293468e-01,8.937733e-01,8.093716e-01
1.135000e-10,5.480715e-19,2.312177e-19,8.820526e-19,-1.318797e-18,-4.293468e-01,8.937733e-01,8.093716e-01
1.136000e-10,5.480715e-19,1.284543e-19,7.621620e-19,-1.558578e-18,-4.293468e-01,8.937733e-01,8.093716e-01
1.137000e-10,5.480715e-19,-8.563618e-21,6.080169e-19,-1.695596e-18,-4.293468e-01,8.937733e-01,8.093716e-01
1.138000e-10,-1.644215e-18,-1.370179e-19,4.453081e-19,-1.661342e-18,-4.293468e-01,8.937733e-01,8.093716e-01
1.139000e-10,-1.644215e-18,-1.883996e-19,2.654722e-19,-1.472942e-18,-4.293468e-01,8.937733e-01,8.093716e-01
1.140000e-10,-1.096143e-18,-2.397813e-19,7.707256e-20,-1.156088e-18,-4.293468e-01,8.937733e-01,8.093716e-01
1.141000e-10,-8.221073e-19,-2.911630e-19,-8.563618e-20,-7.193439e-19,-4.293468e-01,8.937733e-01,8.093716e-01
1.142000e-10,-5.480715e-19,-2.911630e-19,-2.140904e-19,-2.140904e-19,-4.293468e-01,8.937733e-01,8.093716e-01
1.143000e-10,0.000000e+00,-2.397813e-19,-3.339811e-19,2.825994e-19,-4.293468e-01,8.937733e-01,8.093716e-01
1.144000e-10,5.480715e-19,-1.284543e-19,-3.596720e-19,7.535984e-19,-4.293468e-01,8.937733e-01,8.093716e-01
1.145000e-10,2.740358e-19,-5.138171e-20,-3.425447e-19,1.207470e-18,-4.293468e-01,8.937733e-01,8.093716e-01
1.146000e-10,2.740358e-19,1.712724e-20,-2.825994e-19,1.618524e-18,-4.293468e-01,8.937733e-01,8.093716e-01
1.147000e-10,2.740358e-19,3.425447e-20,-2.055268e-19,1.952505e-18,-4.293468e-01,8.937733e-01,8.093716e-01
1.148000e-10,2.740358e-19,1.712724e-20,-1.027634e-19,2.226541e-18,-4.293468e-01,8.937733e-01,8.093716e-01
1.149000e-10,2.740358e-19,2.569085e-20,4.281809e-20,2.372122e-18,-4.293468e-01,8.937733e-01,8.093716e-01
1.150000e-10,1.370179e-18,3.425447e-20,2.226541e-19,2.346431e-18,-4.293468e-01,8.937733e-01,8.093716e-01
1.151000e-10,1.370179e-18,2.569085e-20,3.853628e-19,2.183723e-18,-4.293468e-01,8.937733e-01,8.093716e-01
1.152000e-10,1.644215e-18,8.563618e-21,5.480715e-19,1.892560e-18,-4.293468e-01,8.937733e-01,8.093716e-01
1.153000e-10,2.192286e-18,8.563618e-21,7.193439e-19,1.558578e-18,-4.293468e-01,8.937733e-01,8.093716e-01
1.154000e-10,5.480715e-19,8.563618e-21,8.906163e-19,1.190343e-18,-4.293468e-01,8.937733e-01,8.093716e-01
1.155000e-10,1.370179e-18,1.712724e-20,1.044761e-18,8.477982e-19,-4.293468e-01,8.937733e-01,8.093716e-01
1.156000e-10,-5.480715e-19,2.569085e-20,1.113270e-18,5.052535e-19,-4.293468e-01,8.937733e-01,8.093716e-01
1.157000e-10,0.000000e+00,8.563618e-21,1.113270e-18,1.627087e-19,-4.293468e-01,8.937733e-01,8.093716e-01
1.158000e-10,0.000000e+00,-6.850894e-20,1.061889e-18,-1.455815e-19,-4.293468e-01,8.937733e-01,8.093716e-01
1.159000e-10,0.000000e+00,-1.883996e-19,9.762524e-19,-4.453081e-19,-4.293468e-01,8.937733e-01,8.093716e-01
1.160000e-10,0.000000e+00,-2.312177e-19,8.392346e-19,-7.022167e-19,-4.293468e-01,8.937733e-01,8.093716e-01
1.161000e-10,0.000000e+00,-2.312177e-19,6.936531e-19,-8.563618e-19,-4.293468e-01,8.937733e-01,8.093716e-01
1.162000e-10,0.000000e+00,-2.312177e-19,5.395079e-19,-9.163071e-19,-4.293468e-01,8.937733e-01,8.093716e-01
1.163000e-10,0.000000e+00,-2.140904e-19,3.767992e-19,-9.334344e-19,-4.293468e-01,8.937733e-01,8.093716e-01
1.164000e-10,0.000000e+00,-1.969632e-19,2.140904e-19,-9.505616e-19,-4.293468e-01,8.937733e-01,8.093716e-01
1.165000e-10,0.000000e+00,-1.712724e-19,5.138171e-20,-9.762524e-19,-4.293468e-01,8.937733e-01,8.093716e-01
1.166000e-10,0.000000e+00,-1.455815e-19,-1.113270e-19,-9.848161e-19,-4.293468e-01,8.937733e-01,8.093716e-01
1.167000e-10,0.000000e+00,-1.284543e-19,-2.569085e-19,-9.848161e-19,-4.293468e-01,8.937733e-01,8.093716e-01
1.168000e-10,0.000000e+00,-1.455815e-19,-3.939264e-19,-9.848161e-19,-4.293468e-01,8.937733e-01,8.093716e-01
1.169000e-10,0.000000e+00,-1.455815e-19,-4.624354e-19,-9.933797e-19,-4.293468e-01,8.937733e-01,8.093716e-01
1.170000e-10,0.000000e+00,-1.198907e-19,-5.052535e-19,-1.010507e-18,-4.293468e-01,8.937733e-01,8.093716e-01
1.171000e-10,0.000000e+00,-8.563618e-20,-5.480715e-19,-1.019071e-18,-4.293468e-01,8.937733e-01,8.093716e-01
1.172000e-10,0.000000e+00,-5.138171e-20,-5.737624e-19,-1.036198e-18,-4.293468e-01,8.937733e-01,8.093716e-01
1.173000e-10,0.000000e+00,-8.563618e-21,-5.994533e-19,-1.061889e-18,-4.293468e-01,8.937733e-01,8.093716e-01
1.174000e-10,0.000000e+00,3.425447e-20,-6.251441e-19,-1.087579e-18,-4.293468e-01,8.937733e-01,8.093716e-01
1.175000e-10,0.000000e+00,6.850894e-20,-6.508350e-19,-1.104707e-18,-4.293468e-01,8.937733e-01,8.093716e-01
1.176000e-10,0.000000e+00,1.027634e-19,-6.850894e-19,-1.130398e-18,-4.293468e-01,8.937733e-01,8.093716e-01
1.177000e-10,0.000000e+00,1.370179e-19,-7.193439e-19,-1.104707e-18,-4.293468e-01,8.937733e-01,8.093716e-01
1.178000e-10,-1.096143e-18,1.627087e-19,-7.792892e-19,-1.027634e-18,-4.293468e-01,8.937733e-01,8.093716e-01
1.179000e-10,0.000000e+00,1.969632e-19,-8.306709e-19,-9.077435e-19,-4.293468e-01,8.937733e-01,8.093716e-01
1.180000e-10,5.480715e-19,2.312177e-19,-8.820526e-19,-6.936531e-19,-4.293468e-01,8.937733e-01,8.093716e-01
1.181000e-10,-8.221073e-19,1.883996e-19,-8.477982e-19,-4.110537e-19,-4.293468e-01,8.937733e-01,8.093716e-01
1.182000e-10,-8.221073e-19,1.883996e-19,-7.022167e-19,-4.281809e-20,-4.293468e-01,8.937733e-01,8.093716e-01
1.183000e-10,-1.096143e-18,1.627087e-19,-4.966898e-19,3.596720e-19,-4.293468e-01,8.937733e-01,8.093716e-01
1.184000e-10,5.480715e-19,1.712724e-20,-2.654722e-19,7.364711e-19,-4.293468e-01,8.937733e-01,8.093716e-01
1.185000e-10,0.000000e+00,-1.370179e-19,8.563618e-21,1.044761e-18,-4.293468e-01,8.937733e-01,8.093716e-01
1.186000e-10,0.000000e+00,-3.254175e-19,3.254175e-19,1.284543e-18,-4.293468e-01,8.937733e-01,8.093716e-01
1.187000e-10,0.000000e+00,-5.566352e-19,6.936531e-19,1.472942e-18,-4.293468e-01,8.937733e-01,8.093716e-01
1.188000e-10,0.000000e+00,-7.878528e-19,1.044761e-18,1.652778e-18,-4.293468e-01,8.937733e-01,8.093716e-01
1.189000e-10,0.000000e+00,-1.010507e-18,1.378742e-18,1.815487e-18,-4.293468e-01,8.937733e-01,8.093716e-01
1.190000e-10,0.000000e+00,-1.190343e-18,1.687033e-18,1.986759e-18,-4.293468e-01,8.937733e-01,8.093716e-01
1.191000e-10,0.000000e+00,-1.275979e-18,1.926814e-18,2.166595e-18,-4.293468e-01,8.937733e-01,8.093716e-01
1.192000e-10,0.000000e+00,-1.258852e-18,2.072396e-18,2.312177e-18,-4.293468e-01,8.937733e-01,8.093716e-01
1.193000e-10,0.000000e+00,-1.198907e-18,2.123777e-18,2.380686e-18,-4.293468e-01,8.937733e-01,8.093716e-01
1.194000e-10,1.096143e-18,-1.019071e-18,2.063832e-18,2.320740e-18,-4.293468e-01,8.937733e-01,8.093716e-01
1.195000e-10,1.096143e-18,-7.707256e-19,1.918250e-18,2.132341e-18,-4.293468e-01,8.937733e-01,8.093716e-01
1.196000e-10,2.466322e-18,-5.052535e-19,1.661342e-18,1.875432e-18,-4.293468e-01,8.937733e-01,8.093716e-01
1.197000e-10,1.644215e-18,-2.569085e-19,1.378742e-18,1.558578e-18,-4.293468e-01,8.937733e-01,8.093716e-01
1.198000e-10,1.370179e-18,-2.569085e-20,1.079016e-18,1.198907e-18,-4.293468e-01,8.937733e-01,8.093716e-01
1.199000e-10,0.000000e+00,1.798360e-19,7.964165e-19,8.820526e-19,-4.293468e-01,8.937733e-01,8.093716e-01
1.200000e-10,5.480715e-19,3.339811e-19,5.223807e-19,5.908896e-19,-4.293468e-01,8.937733e-01,8.093716e-01
1.201000e-10,5.480715e-19,4.196173e-19,2.654722e-19,3.082902e-19,-4.293468e-01,8.937733e-01,8.093716e-01
1.202000e-10,5.480715e-19,4.538718e-19,8.563618e-21,3.425447e-20,-4.293468e-01,8.937733e-01,8.093716e-01
1.203000e-10,5.480715e-19,4.795626e-19,-2.483449e-19,-2.055268e-19,-4.293468e-01,8.937733e-01,8.093716e-01
1.204000e-10,5.480715e-19,4.624354e-19,-4.966898e-19,-3.425447e-19,-4.293468e-01,8.937733e-01,8.093716e-01
1.205000e-10,-5.480715e-19,4.196173e-19,-6.936531e-19,-4.024900e-19,-4.293468e-01,8.937733e-01,8.093716e-01
1.206000e-10,-5.480715e-19,3.425447e-19,-8.221073e-19,-4.453081e-19,-4.293468e-01,8.937733e-01,8.093716e-01
1.207000e-10,2.740358e-19,2.397813e-19,-8.649254e-19,-5.052535e-19,-4.293468e-01,8.937733e-01,8.093716e-01
1.208000e-10,0.000000e+00,5.138171e-20,-8.306709e-19,-5.737624e-19,-4.293468e-01,8.937733e-01,8.093716e-01
1.209000e-10,0.000000e+00,-1.969632e-19,-7.450348e-19,-6.508350e-19,-4.293468e-01,8.937733e-01,8.093716e-01
1.210000e-10,0.000000e+00,-4.281809e-19,-5.908896e-19,-7.193439e-19,-4.293468e-01,8.937733e-01,8.093716e-01
1.211000e-10,0.000000e+00,-5.908896e-19,-3.853628e-19,-7.878528e-19,-4.293468e-01,8.937733e-01,8.093716e-01
1.212000e-10,0.000000e+00,-6.850894e-19,-1.712724e-19,-8.563618e-19,-4.293468e-01,8.937733e-01,8.093716e-01
1.213000e-10,0.000000e+00,-7.022167e-19,5.138171e-20,-9.248707e-19,-4.293468e-01,8.937733e-01,8.093716e-01
1.214000e-10,0.000000e+00,-6.679622e-19,2.654722e-19,-9.848161e-19,-4.293468e-01,8.937733e-01,8.093716e-01
1.215000e-10,0.000000e+00,-6.251441e-19,4.795626e-19,-1.044761e-18,-4.293468e-01,8.937733e-01,8.093716e-01
1.216000e-10,0.000000e+00,-5.823260e-19,6.850894e-19,-1.104707e-18,-4.293468e-01,8.937733e-01,8.093716e-01
1.217000e-10,0.000000e+00,-5.480715e-19,8.906163e-19,-1.130398e-18,-4.293468e-01,8.937733e-01,8.093716e-01
1.218000e-10,-1.096143e-18,-5.395079e-19,1.087579e-18,-1.079016e-18,-4.293468e-01,8.937733e-01,8.093716e-01
1.219000e-10,0.000000e+00,-5.309443e-19,1.207470e-18,-9.762524e-19,-4.293468e-01,8.937733e-01,8.093716e-01
1.220000e-10,5.480715e-19,-5.052535e-19,1.233161e-18,-8.306709e-19,-4.293468e-01,8.937733e-01,8.093716e-01
1.221000e-10,2.740358e-19,-4.709990e-19,1.190343e-18,-5.994533e-19,-4.293468e-01,8.937733e-01,8.093716e-01
1.222000e-10,-8.221073e-19,-4.196173e-19,1.079016e-18,-2.740358e-19,-4.293468e-01,8.937733e-01,8.093716e-01
1.223000e-10,-8.221073e-19,-3.511083e-19,9.077435e-19,1.541451e-19,-4.293468e-01,8.937733e-01,8.093716e-01
1.224000e-10,-1.096143e-18,-2.569085e-19,7.193439e-19,6.165805e-19,-4.293468e-01,8.937733e-01,8.093716e-01
1.225000e-10,5.480715e-19,-1.198907e-19,5.138171e-19,1.019071e-18,-4.293468e-01,8.937733e-01,8.093716e-01
1.226000e-10,0.000000e+00,1.712724e-20,2.997266e-19,1.395870e-18,-4.293468e-01,8.937733e-01,8.093716e-01
1.227000e-10,0.000000e+00,1.541451e-19,9.419980e-20,1.755542e-18,-4.293468e-01,8.937733e-01,8.093716e-01
1.228000e-10,0.000000e+00,2.911630e-19,-1.113270e-19,2.106650e-18,-4.293468e-01,8.937733e-01,8.093716e-01
1.229000e-10,0.000000e+00,4.196173e-19,-3.082902e-19,2.440631e-18,-4.293468e-01,8.937733e-01,8.093716e-01
1.230000e-10,0.000000e+00,5.480715e-19,-5.052535e-19,2.766049e-18,-4.293468e-01,8.937733e-01,8.093716e-01
1.231000e-10,0.000000e+00,6.679622e-19,-7.022167e-19,3.040084e-18,-4.293468e-01,8.937733e-01,8.093716e-01
1.232000e-10,0.000000e+00,7.792892e-19,-8.734890e-19,3.228484e-18,-4.293468e-01,8.937733e-01,8.093716e-01
1.233000e-10,1.096143e-18,8.563618e-19,-1.001943e-18,3.228484e-18,-4.293468e-01,8.937733e-01,8.093716e-01
1.234000e-10,1.096143e-18,9.077435e-19,-1.027634e-18,3.031521e-18,-4.293468e-01,8.937733e-01,8.093716e-01
1.235000e-10,2.466322e-18,9.248707e-19,-9.848161e-19,2.697540e-18,-4.293468e-01,8.937733e-01,8.093716e-01
1.236000e-10,1.644215e-18,9.334344e-19,-8.649254e-19,2.243668e-18,-4.293468e-01,8.937733e-01,8.093716e-01
1.237000e-10,1.370179e-18,8.649254e-19,-7.364711e-19,1.729851e-18,-4.293468e-01,8.937733e-01,8.093716e-01
1.238000e-10,0.000000e+00,6.765258e-19,-6.165805e-19,1.207470e-18,-4.293468e-01,8.937733e-01,8.093716e-01
1.239000e-10,5.480715e-19,4.110537e-19,-5.309443e-19,7.022167e-19,-4.293468e-01,8.937733e-01,8.093716e-01
1.240000e-10,5.480715e-19,1.541451e-19,-4.453081e-19,2.312177e-19,-4.293468e-01,8.937733e-01,8.093716e-01
1.241000e-10,5.480715e-19,-1.027634e-19,-3.853628e-19,-1.627087e-19,-4.293468e-01,8.937733e-01,8.093716e-01
1.242000e-10,5.480715e-19,-3.511083e-19,-3.425447e-19,-5.052535e-19,-4.293468e-01,8.937733e-01,8.093716e-01
1.243000e-10,5.480715e-19,-5.908896e-19,-2.997266e-19,-7.878528e-19,-4.293468e-01,8.937733e-01,8.093716e-01
1.244000e-10,5.480715e-19,-8.221073e-19,-2.825994e-19,-9.676888e-19,-4.293468e-01,8.937733e-01,8.093716e-01
1.245000e-10,-5.480715e-19,-1.027634e-18,-2.654722e-19,-1.070452e-18,-4.293468e-01,8.937733e-01,8.093716e-01
1.246000e-10,-5.480715e-19,-1.147525e-18,-2.654722e-19,-1.070452e-18,-4.293468e-01,8.937733e-01,8.093716e-01
1.247000e-10,-8.221073e-19,-1.198907e-18,-2.569085e-19,-9.933797e-19,-4.293468e-01,8.937733e-01,8.093716e-01
1.248000e-10,0.000000e+00,-1.181779e-18,-2.483449e-19,-8.734890e-19,-4.293468e-01,8.937733e-01,8.093716e-01
1.249000e-10,5.480715e-19,-1.079016e-18,-2.483449e-19,-7.279075e-19,-4.293468e-01,8.937733e-01,8.093716e-01
1.250000e-10,2.740358e-19,-8.906163e-19,-2.483449e-19,-5.052535e-19,-4.293468e-01,8.937733e-01,8.093716e-01
1.251000e-10,-8.221073e-19,-5.994533e-19,-2.397813e-19,-2.226541e-19,-4.293468e-01,8.937733e-01,8.093716e-01
1.252000e-10,-8.221073e-19,-2.997266e-19,-2.397813e-19,1.284543e-19,-4.293468e-01,8.937733e-01,8.093716e-01
1.253000e-10,-1.096143e-18,-8.563618e-21,-2.397813e-19,4.966898e-19,-4.293468e-01,8.937733e-01,8.093716e-01
1.254000e-10,5.480715e-19,2.312177e-19,-2.483449e-19,8.306709e-19,-4.293468e-01,8.937733e-01,8.093716e-01
1.255000e-10,0.000000e+00,4.196173e-19,-2.654722e-19,1.147525e-18,-4.293468e-01,8.937733e-01,8.093716e-01
1.256000e-10,0.000000e+00,5.994533e-19,-2.569085e-19,1.412997e-18,-4.293468e-01,8.937733e-01,8.093716e-01
1.257000e-10,0.000000e+00,7.621620e-19,-2.483449e-19,1.618524e-18,-4.293468e-01,8.937733e-01,8.093716e-01
1.258000e-10,1.096143e-18,9.077435e-19,-2.312177e-19,1.712724e-18,-4.293468e-01,8.937733e-01,8.093716e-01
1.259000e-10,1.096143e-18,9.848161e-19,-1.627087e-19,1.652778e-18,-4.293468e-01,8.937733e-01,8.093716e-01
1.260000e-10,2.466322e-18,9.419980e-19,-6.850894e-20,1.472942e-18,-4.293468e-01,8.937733e-01,8.093716e-01
1.261000e-10,5.480715e-19,7.878528e-19,5.138171e-20,1.224597e-18,-4.293468e-01,8.937733e-01,8.093716e-01
1.262000e-10,1.370179e-18,5.223807e-19,1.712724e-19,9.419980e-19,-4.293468e-01,8.937733e-01,8.093716e-01
1.263000e-10,-5.480715e-19,1.712724e-19,2.654722e-19,6.422713e-19,-4.293468e-01,8.937733e-01,8.093716e-01
1.264000e-10,0.000000e+00,-2.055268e-19,3.254175e-19,3.596720e-19,-4.293468e-01,8.937733e-01,8.093716e-01
1.265000e-10,0.000000e+00,-6.080169e-19,3.254175e-19,7.707256e-20,-4.293468e-01,8.937733e-01,8.093716e-01
1.266000e-10,0.000000e+00,-9.762524e-19,2.654722e-19,-1.798360e-19,-4.293468e-01,8.937733e-01,8.093716e-01
1.267000e-10,0.000000e+00,-1.275979e-18,1.883996e-19,-4.110537e-19,-4.293468e-01,8.937733e-01,8.093716e-01
1.268000e-10,0.000000e+00,-1.472942e-18,1.113270e-19,-6.337077e-19,-4.293468e-01,8.937733e-01,8.093716e-01
1.269000e-10,0.000000e+00,-1.498633e-18,5.994533e-20,-8.649254e-19,-4.293468e-01,8.937733e-01,8.093716e-01
1.270000e-10,0.000000e+00,-1.430124e-18,3.425447e-20,-1.087579e-18,-4.293468e-01,8.937733e-01,8.093716e-01
1.271000e-10,0.000000e+00,-1.301670e-18,1.712724e-20,-1.275979e-18,-4.293468e-01,8.937733e-01,8.093716e-01
1.272000e-10,0.000000e+00,-1.070452e-18,1.712724e-20,-1.395870e-18,-4.293468e-01,8.937733e-01,8.093716e-01
1.273000e-10,0.000000e+00,-7.792892e-19,0.000000e+00,-1.395870e-18,-4.293468e-01,8.937733e-01,8.093716e-01
1.274000e-10,-1.096143e-18,-4.966898e-19,-4.281809e-20,-1.310234e-18,-4.293468e-01,8.937733e-01,8.093716e-01
1.275000e-10,0.000000e+00,-2.226541e-19,-1.284543e-19,-1.164652e-18,-4.293468e-01,8.937733e-01,8.093716e-01
1.276000e-10,5.480715e-19,2.569085e-20,-2.312177e-19,-9.163071e-19,-4.293468e-01,8.937733e-01,8.093716e-01
1.277000e-10,-8.221073e-19,2.654722e-19,-3.339811e-19,-5.566352e-19,-4.293468e-01,8.937733e-01,8.093716e-01
1.278000e-10,-8.221073e-19,4.453081e-19,-4.367445e-19,-9.419980e-20,-4.293468e-01,8.937733e-01,8.093716e-01
1.279000e-10,-1.096143e-18,5.566352e-19,-5.480715e-19,3.939264e-19,-4.293468e-01,8.937733e-01,8.093716e-01
1.280000e-10,5.480715e-19,5.994533e-19,-6.593986e-19,8.477982e-19,-4.293468e-01,8.937733e-01,8.093716e-01
1.281000e-10,0.000000e+00,5.309443e-19,-7.535984e-19,1.198907e-18,-4.293468e-01,8.937733e-01,8.093716e-01
1.282000e-10,0.000000e+00,3.168539e-19,-7.878528e-19,1.490070e-18,-4.293468e-01,8.937733e-01,8.093716e-01
1.283000e-10,0.000000e+00,1.712724e-20,-7.792892e-19,1.687033e-18,-4.293468e-01,8.937733e-01,8.093716e-01
1.284000e-10,0.000000e+00,-2.997266e-19,-6.936531e-19,1.806923e-18,-4.293468e-01,8.937733e-01,8.093716e-01
1.285000e-10,0.000000e+00,-5.309443e-19,-5.138171e-19,1.849741e-18,-4.293468e-01,8.937733e-01,8.093716e-01
1.286000e-10,0.000000e+00,-7.022167e-19,-3.082902e-19,1.849741e-18,-4.293468e-01,8.937733e-01,8.093716e-01
1.287000e-10,0.000000e+00,-8.563618e-19,-1.027634e-19,1.832614e-18,-4.293468e-01,8.937733e-01,8.093716e-01
1.288000e-10,0.000000e+00,-9.933797e-19,1.027634e-19,1.806923e-18,-4.293468e-01,8.937733e-01,8.093716e-01
1.289000e-10,0.000000e+00,-1.130398e-18,2.911630e-19,1.781233e-18,-4.293468e-01,8.937733e-01,8.093716e-01
1.290000e-10,0.000000e+00,-1.258852e-18,4.624354e-19,1.764105e-18,-4.293468e-01,8.937733e-01,8.093716e-01
1.291000e-10,0.000000e+00,-1.344488e-18,6.251441e-19,1.746978e-18,-4.293468e-01,8.937733e-01,8.093716e-01
1.292000e-10,0.000000e+00,-1.344488e-18,7.707256e-19,1.729851e-18,-4.293468e-01,8.937733e-01,8.093716e-01
1.293000e-10,0.000000e+00,-1.250288e-18,9.077435e-19,1.721287e-18,-4.293468e-01,8.937733e-01,8.093716e-01
1.294000e-10,0.000000e+00,-1.087579e-18,1.036198e-18,1.704160e-18,-4.293468e-01,8.937733e-01,8.093716e-01
1.295000e-10,0.000000e+00,-8.563618e-19,1.156088e-18,1.687033e-18,-4.293468e-01,8.937733e-01,8.093716e-01
1.296000e-10,0.000000e+00,-5.309443e-19,1.190343e-18,1.695596e-18,-4.293468e-01,8.937733e-01,8.093716e-01
1.297000e-10,0.000000e+00,-1.712724e-19,1.138961e-18,1.721287e-18,-4.293468e-01,8.937733e-01,8.093716e-01
1.298000e-10,0.000000e+00,1.284543e-19,1.027634e-18,1.746978e-18,-4.293468e-01,8.937733e-01,8.093716e-01
1.299000e-10,0.000000e+00,3.853628e-19,9.077435e-19,1.772669e-18,-4.293468e-01,8.937733e-01,8.093716e-01
1.300000e-10,0.000000e+00,6.337077e-19,7.792892e-19,1.798360e-18,-4.293468e-01,8.937733e-01,8.093716e-01
1.301000e-10,0.000000e+00,8.563618e-19,6.765258e-19,1.824051e-18,-4.293468e-01,8.937733e-01,8.093716e-01
1.302000e-10,0.000000e+00,1.079016e-18,5.651988e-19,1.849741e-18,-4.293468e-01,8.937733e-01,8.093716e-01
1.303000e-10,0.000000e+00,1.267415e-18,4.624354e-19,1.866869e-18,-4.293468e-01,8.937733e-01,8.093716e-01
1.304000e-10,0.000000e+00,1.395870e-18,3.596720e-19,1.883996e-18,-4.293468e-01,8.937733e-01,8.093716e-01
1.305000e-10,0.000000e+00,1.455815e-18,2.483449e-19,1.909687e-18,-4.293468e-01,8.937733e-01,8.093716e-01
1.306000e-10,0.000000e+00,1.412997e-18,1.198907e-19,1.935378e-18,-4.293468e-01,8.937733e-01,8.093716e-01
1.307000e-10,0.000000e+00,1.241725e-18,-2.569085e-20,1.961069e-18,-4.293468e-01,8.937733e-01,8.093716e-01
1.308000e-10,0.000000e+00,9.591252e-19,-1.798360e-19,1.986759e-18,-4.293468e-01,8.937733e-01,8.093716e-01
1.309000e-10,0.000000e+00,6.679622e-19,-3.425447e-19,2.012450e-18,-4.293468e-01,8.937733e-01,8.093716e-01
1.310000e-10,0.000000e+00,3.853628e-19,-5.052535e-19,2.046705e-18,-4.293468e-01,8.937733e-01,8.093716e-01
1.311000e-10,0.000000e+00,1.113270e-19,-6.679622e-19,2.072396e-18,-4.293468e-01,8.937733e-01,8.093716e-01
1.312000e-10,0.000000e+00,-1.455815e-19,-8.221073e-19,2.098086e-18,-4.293468e-01,8.937733e-01,8.093716e-01
1.313000e-10,0.000000e+00,-3.682356e-19,-9.505616e-19,2.115214e-18,-4.293468e-01,8.937733e-01,8.093716e-01
1.314000e-10,0.000000e+00,-4.881262e-19,-1.001943e-18,2.115214e-18,-4.293468e-01,8.937733e-01,8.093716e-01
1.315000e-10,0.000000e+00,-5.309443e-19,-9.762524e-19,2.106650e-18,-4.293468e-01,8.937733e-01,8.093716e-01
1.316000e-10,0.000000e+00,-5.138171e-19,-8.649254e-19,2.098086e-18,-4.293468e-01,8.937733e-01,8.093716e-01
1.317000e-10,0.000000e+00,-4.281809e-19,-7.107803e-19,2.089523e-18,-4.293468e-01,8.937733e-01,8.093716e-01
1.318000e-10,0.000000e+00,-3.425447e-19,-5.052535e-19,2.063832e-18,-4.293468e-01,8.937733e-01,8.093716e-01
1.319000e-10,0.000000e+00,-2.483449e-19,-2.312177e-19,2.029577e-18,-4.293468e-01,8.937733e-01,8.093716e-01
1.320000e-10,1.096143e-18,-1.455815e-19,1.113270e-19,1.892560e-18,-4.293468e-01,8.937733e-01,8.093716e-01
1.321000e-10,1.096143e-18,-8.563618e-21,4.624354e-19,1.661342e-18,-4.293468e-01,8.937733e-01,8.093716e-01
1.322000e-10,1.370179e-18,1.627087e-19,8.135437e-19,1.404433e-18,-4.293468e-01,8.937733e-01,8.093716e-01
1.323000e-10,5.480715e-19,3.939264e-19,1.121834e-18,1.147525e-18,-4.293468e-01,8.937733e-01,8.093716e-01
1.324000e-10,1.096143e-18,6.080169e-19,1.335924e-18,8.563618e-19,-4.293468e-01,8.937733e-01,8.093716e-01
1.325000e-10,1.370179e-18,7.707256e-19,1.481506e-18,5.737624e-19,-4.293468e-01,8.937733e-01,8.093716e-01
1.326000e-10,-5.480715e-19,8.563618e-19,1.515760e-18,3.082902e-19,-4.293468e-01,8.937733e-01,8.093716e-01
1.327000e-10,0.000000e+00,8.563618e-19,1.447251e-18,5.138171e-20,-4.293468e-01,8.937733e-01,8.093716e-01
1.328000e-10,0.000000e+00,7.621620e-19,1.327361e-18,-1.627087e-19,-4.293468e-01,8.937733e-01,8.093716e-01
1.329000e-10,0.000000e+00,6.337077e-19,1.181779e-18,-2.997266e-19,-4.293468e-01,8.937733e-01,8.093716e-01
1.330000e-10,0.000000e+00,4.453081e-19,9.848161e-19,-3.511083e-19,-4.293468e-01,8.937733e-01,8.093716e-01
1.331000e-10,-1.096143e-18,2.312177e-19,7.878528e-19,-3.168539e-19,-4.293468e-01,8.937733e-01,8.093716e-01
1.332000e-10,0.000000e+00,-5.138171e-20,5.651988e-19,-2.825994e-19,-4.293468e-01,8.937733e-01,8.093716e-01
1.333000e-10,5.480715e-19,-3.254175e-19,3.254175e-19,-1.883996e-19,-4.293468e-01,8.937733e-01,8.093716e-01
1.334000e-10,2.740358e-19,-5.908896e-19,9.419980e-20,8.563618e-21,-4.293468e-01,8.937733e-01,8.093716e-01
1.335000e-10,-8.221073e-19,-8.392346e-19,-1.370179e-19,2.569085e-19,-4.293468e-01,8.937733e-01,8.093716e-01
1.336000e-10,-8.221073e-19,-1.087579e-18,-3.767992e-19,5.223807e-19,-4.293468e-01,8.937733e-01,8.093716e-01
1.337000e-10,-1.096143e-18,-1.327361e-18,-6.080169e-19,7.792892e-19,-4.293468e-01,8.937733e-01,8.093716e-01
1.338000e-10,5.480715e-19,-1.532888e-18,-8.392346e-19,1.001943e-18,-4.293468e-01,8.937733e-01,8.093716e-01
1.339000e-10,0.000000e+00,-1.678469e-18,-1.019071e-18,1.207470e-18,-4.293468e-01,8.937733e-01,8.093716e-01
1.340000e-10,0.000000e+00,-1.661342e-18,-1.113270e-18,1.404433e-18,-4.293468e-01,8.937733e-01,8.093716e-01
1.341000e-10,0.000000e+00,-1.472942e-18,-1.121834e-18,1.575706e-18,-4.293468e-01,8.937733e-01,8.093716e-01
1.342000e-10,0.000000e+00,-1.164652e-18,-1.044761e-18,1.721287e-18,-4.293468e-01,8.937733e-01,8.093716e-01
1.343000e-10,0.000000e+00,-7.792892e-19,-8.734890e-19,1.772669e-18,-4.293468e-01,8.937733e-01,8.093716e-01
1.344000e-10,1.096143e-18,-3.339811e-19,-6.337077e-19,1.721287e-18,-4.293468e-01,8.937733e-01,8.093716e-01
1.345000e-10,1.096143e-18,7.707256e-20,-3.425447e-19,1.644215e-18,-4.293468e-01,8.937733e-01,8.093716e-01
1.346000e-10,1.370179e-18,4.281809e-19,-5.138171e-20,1.464379e-18,-4.293468e-01,8.937733e-01,8.093716e-01
1.347000e-10,1.644215e-18,7.279075e-19,2.569085e-19,1.173216e-18,-4.293468e-01,8.937733e-01,8.093716e-01
1.348000e-10,1.096143e-18,9.676888e-19,4.966898e-19,8.306709e-19,-4.293468e-01,8.937733e-01,8.093716e-01
1.349000e-10,-5.480715e-19,1.138961e-18,7.193439e-19,4.966898e-19,-4.293468e-01,8.937733e-01,8.093716e-01
1.350000e-10,0.000000e+00,1.241725e-18,9.248707e-19,2.055268e-19,-4.293468e-01,8.937733e-01,8.093716e-01
1.351000e-10,0.000000e+00,1.241725e-18,1.079016e-18,-5.994533e-20,-4.293468e-01,8.937733e-01,8.093716e-01
1.352000e-10,0.000000e+00,1.198907e-18,1.164652e-18,-3.168539e-19,-4.293468e-01,8.937733e-01,8.093716e-01
1.353000e-10,0.000000e+00,1.096143e-18,1.173216e-18,-5.480715e-19,-4.293468e-01,8.937733e-01,8.093716e-01
1.354000e-10,0.000000e+00,8.991799e-19,1.113270e-18,-7.707256e-19,-4.293468e-01,8.937733e-01,8.093716e-01
1.355000e-10,0.000000e+00,6.508350e-19,9.933797e-19,-9.848161e-19,-4.293468e-01,8.937733e-01,8.093716e-01
1.356000e-10,0.000000e+00,3.767992e-19,8.477982e-19,-1.190343e-18,-4.293468e-01,8.937733e-01,8.093716e-01
1.357000e-10,0.000000e+00,3.425447e-20,7.022167e-19,-1.353052e-18,-4.293468e-01,8.937733e-01,8.093716e-01
1.358000e-10,0.000000e+00,-3.168539e-19,5.309443e-19,-1.447251e-18,-4.293468e-01,8.937733e-01,8.093716e-01
1.359000e-10,0.000000e+00,-6.593986e-19,3.511083e-19,-1.430124e-18,-4.293468e-01,8.937733e-01,8.093716e-01
1.360000e-10,-1.096143e-18,-9.848161e-19,1.627087e-19,-1.293106e-18,-4.293468e-01,8.937733e-01,8.093716e-01
1.361000e-10,0.000000e+00,-1.310234e-18,-5.138171e-20,-1.044761e-18,-4.293468e-01,8.937733e-01,8.093716e-01
1.362000e-10,-1.644215e-18,-1.592833e-18,-2.997266e-19,-6.337077e-19,-4.293468e-01,8.937733e-01,8.093716e-01
1.363000e-10,-8.221073e-19,-1.781233e-18,-5.480715e-19,-1.284543e-19,-4.293468e-01,8.937733e-01,8.093716e-01
1.364000e-10,5.480715e-19,-1.901123e-18,-7.792892e-19,3.339811e-19,-4.293468e-01,8.937733e-01,8.093716e-01
1.365000e-10,0.000000e+00,-1.875432e-18,-9.762524e-19,7.535984e-19,-4.293468e-01,8.937733e-01,8.093716e-01
1.366000e-10,0.000000e+00,-1.687033e-18,-1.070452e-18,1.113270e-18,-4.293468e-01,8.937733e-01,8.093716e-01
1.367000e-10,0.000000e+00,-1.361615e-18,-1.096143e-18,1.464379e-18,-4.293468e-01,8.937733e-01,8.093716e-01
1.368000e-10,0.000000e+00,-1.010507e-18,-1.036198e-18,1.746978e-18,-4.293468e-01,8.937733e-01,8.093716e-01
1.369000e-10,0.000000e+00,-6.080169e-19,-9.077435e-19,1.935378e-18,-4.293468e-01,8.937733e-01,8.093716e-01
1.370000e-10,0.000000e+00,-2.055268e-19,-6.936531e-19,2.038141e-18,-4.293468e-01,8.937733e-01,8.093716e-01
1.371000e-10,0.000000e+00,1.627087e-19,-4.453081e-19,2.055268e-18,-4.293468e-01,8.937733e-01,8.093716e-01
1.372000e-10,0.000000e+00,4.881262e-19,-1.883996e-19,2.046705e-18,-4.293468e-01,8.937733e-01,8.093716e-01
1.373000e-10,0.000000e+00,7.878528e-19,6.850894e-20,2.029577e-18,-4.293468e-01,8.937733e-01,8.093716e-01
1.374000e-10,0.000000e+00,1.070452e-18,3.082902e-19,2.021014e-18,-4.293468e-01,8.937733e-01,8.093716e-01
1.375000e-10,0.000000e+00,1.310234e-18,5.223807e-19,2.003887e-18,-4.293468e-01,8.937733e-01,8.093716e-01
1.376000e-10,0.000000e+00,1.472942e-18,7.364711e-19,1.986759e-18,-4.293468e-01,8.937733e-01,8.093716e-01
1.377000e-10,0.000000e+00,1.541451e-18,9.334344e-19,1.978196e-18,-4.293468e-01,8.937733e-01,8.093716e-01
1.378000e-10,0.000000e+00,1.515760e-18,1.044761e-18,1.969632e-18,-4.293468e-01,8.937733e-01,8.093716e-01
1.379000e-10,0.000000e+00,1.361615e-18,1.061889e-18,1.969632e-18,-4.293468e-01,8.937733e-01,8.093716e-01
1.380000e-10,0.000000e+00,1.061889e-18,1.027634e-18,1.969632e-18,-4.293468e-01,8.937733e-01,8.093716e-01
1.381000e-10,0.000000e+00,7.193439e-19,9.762524e-19,1.969632e-18,-4.293468e-01,8.937733e-01,8.093716e-01
1.382000e-10,0.000000e+00,3.853628e-19,9.248707e-19,1.969632e-18,-4.293468e-01,8.937733e-01,8.093716e-01
1.383000e-10,0.000000e+00,6.850894e-20,8.649254e-19,1.969632e-18,-4.293468e-01,8.937733e-01,8.093716e-01
1.384000e-10,0.000000e+00,-2.397813e-19,8.306709e-19,1.969632e-18,-4.293468e-01,8.937733e-01,8.093716e-01
1.385000e-10,0.000000e+00,-5.395079e-19,7.964165e-19,1.969632e-18,-4.293468e-01,8.937733e-01,8.093716e-01
1.386000e-10,0.000000e+00,-7.878528e-19,7.707256e-19,1.969632e-18,-4.293468e-01,8.937733e-01,8.093716e-01
1.387000e-10,0.000000e+00,-1.010507e-18,7.450348e-19,1.969632e-18,-4.293468e-01,8.937733e-01,8.093716e-01
1.388000e-10,0.000000e+00,-1.216034e-18,7.193439e-19,1.969632e-18,-4.293468e-01,8.937733e-01,8.093716e-01
1.389000e-10,0.000000e+00,-1.412997e-18,6.936531e-19,1.969632e-18,-4.293468e-01,8.937733e-01,8.093716e-01
1.390000e-10,0.000000e+00,-1.584269e-18,6.679622e-19,1.969632e-18,-4.293468e-01,8.937733e-01,8.093716e-01
1.391000e-10,0.000000e+00,-1.704160e-18,6.337077e-19,1.969632e-18,-4.293468e-01,8.937733e-01,8.093716e-01
1.392000e-10,0.000000e+00,-1.815487e-18,6.080169e-19,1.969632e-18,-4.293468e-01,8.937733e-01,8.093716e-01
1.393000e-10,0.000000e+00,-1.926814e-18,5.823260e-19,1.969632e-18,-4.293468e-01,8.937733e-01,8.093716e-01
1.394000e-10,0.000000e+00,-2.029577e-18,5.566352e-19,1.969632e-18,-4.293468e-01,8.937733e-01,8.093716e-01
1.395000e-10,0.000000e+00,-2.080959e-18,5.138171e-19,1.969632e-18,-4.293468e-01,8.937733e-01,8.093716e-01
1.396000e-10,0.000000e+00,-2.021014e-18,4.281809e-19,1.978196e-18,-4.293468e-01,8.937733e-01,8.093716e-01
1.397000e-10,0.000000e+00,-1.815487e-18,3.339811e-19,1.986759e-18,-4.293468e-01,8.937733e-01,8.093716e-01
1.398000e-10,0.000000e+00,-1.472942e-18,2.397813e-19,2.012450e-18,-4.293468e-01,8.937733e-01,8.093716e-01
1.399000e-10,0.000000e+00,-1.010507e-18,1.198907e-19,2.063832e-18,-4.293468e-01,8.937733e-01,8.093716e-01
1.400000e-10,0.000000e+00,-5.395079e-19,8.563618e-21,2.123777e-18,-4.293468e-01,8.937733e-01,8.093716e-01
1.401000e-10,0.000000e+00,-8.563618e-20,-9.419980e-20,2.175159e-18,-4.293468e-01,8.937733e-01,8.093716e-01
1.402000e-10,0.000000e+00,3.596720e-19,-1.883996e-19,2.226541e-18,-4.293468e-01,8.937733e-01,8.093716e-01
1.403000e-10,0.000000e+00,7.878528e-19,-2.911630e-19,2.295050e-18,-4.293468e-01,8.937733e-01,8.093716e-01
1.404000e-10,0.000000e+00,1.181779e-18,-3.939264e-19,2.346431e-18,-4.293468e-01,8.937733e-01,8.093716e-01
1.405000e-10,0.000000e+00,1.490070e-18,-4.881262e-19,2.397813e-18,-4.293468e-01,8.937733e-01,8.093716e-01
1.406000e-10,0.000000e+00,1.678469e-18,-5.480715e-19,2.380686e-18,-4.293468e-01,8.937733e-01,8.093716e-01
1.407000e-10,1.096143e-18,1.695596e-18,-5.908896e-19,2.252232e-18,-4.293468e-01,8.937733e-01,8.093716e-01
1.408000e-10,1.096143e-18,1.532888e-18,-6.165805e-19,2.063832e-18,-4.293468e-01,8.937733e-01,8.093716e-01
1.409000e-10,1.370179e-18,1.190343e-18,-5.908896e-19,1.858305e-18,-4.293468e-01,8.937733e-01,8.093716e-01
1.410000e-10,1.644215e-18,7.535984e-19,-4.795626e-19,1.601397e-18,-4.293468e-01,8.937733e-01,8.093716e-01
1.411000e-10,1.096143e-18,3.254175e-19,-2.911630e-19,1.301670e-18,-4.293468e-01,8.937733e-01,8.093716e-01
1.412000e-10,-5.480715e-19,-8.563618e-21,-2.569085e-20,9.676888e-19,-4.293468e-01,8.937733e-01,8.093716e-01
1.413000e-10,0.000000e+00,-3.339811e-19,2.740358e-19,6.422713e-19,-4.293468e-01,8.937733e-01,8.093716e-01
1.414000e-10,0.000000e+00,-6.593986e-19,5.737624e-19,3.596720e-19,-4.293468e-01,8.937733e-01,8.093716e-01
1.415000e-10,0.000000e+00,-9.591252e-19,8.477982e-19,1.370179e-19,-4.293468e-01,8.937733e-01,8.093716e-01
1.416000e-10,0.000000e+00,-1.241725e-18,1.070452e-18,-5.138171e-20,-4.293468e-01,8.937733e-01,8.093716e-01
1.417000e-10,0.000000e+00,-1.515760e-18,1.275979e-18,-2.397813e-19,-4.293468e-01,8.937733e-01,8.093716e-01
1.418000e-10,0.000000e+00,-1.781233e-18,1.464379e-18,-4.110537e-19,-4.293468e-01,8.937733e-01,8.093716e-01
1.419000e-10,0.000000e+00,-1.995323e-18,1.644215e-18,-5.737624e-19,-4.293468e-01,8.937733e-01,8.093716e-01
1.420000e-10,0.000000e+00,-2.063832e-18,1.798360e-18,-7.279075e-19,-4.293468e-01,8.937733e-01,8.093716e-01
1.421000e-10,0.000000e+00,-1.952505e-18,1.901123e-18,-8.563618e-19,-4.293468e-01,8.937733e-01,8.093716e-01
1.422000e-10,0.000000e+00,-1.755542e-18,1.926814e-18,-9.163071e-19,-4.293468e-01,8.937733e-01,8.093716e-01
1.423000e-10,-1.096143e-18,-1.515760e-18,1.883996e-18,-8.820526e-19,-4.293468e-01,8.937733e-01,8.093716e-01
1.424000e-10,0.000000e+00,-1.181779e-18,1.755542e-18,-7.792892e-19,-4.293468e-01,8.937733e-01,8.093716e-01
1.425000e-10,-5.480715e-19,-8.477982e-19,1.575706e-18,-5.651988e-19,-4.293468e-01,8.937733e-01,8.093716e-01
1.426000e-10,-8.221073e-19,-4.966898e-19,1.318797e-18,-2.226541e-19,-4.293468e-01,8.937733e-01,8.093716e-01
1.427000e-10,-1.096143e-18,-1.798360e-19,1.019071e-18,1.541451e-19,-4.293468e-01,8.937733e-01,8.093716e-01
1.428000e-10,5.480715e-19,8.563618e-20,6.765258e-19,4.966898e-19,-4.293468e-01,8.937733e-01,8.093716e-01
1.429000e-10,0.000000e+00,2.997266e-19,3.254175e-19,8.221073e-19,-4.293468e-01,8.937733e-01,8.093716e-01
1.430000e-10,0.000000e+00,5.052535e-19,-1.712724e-20,1.130398e-18,-4.293468e-01,8.937733e-01,8.093716e-01
1.431000e-10,0.000000e+00,6.337077e-19,-2.740358e-19,1.412997e-18,-4.293468e-01,8.937733e-01,8.093716e-01
1.432000e-10,0.000000e+00,6.593986e-19,-4.881262e-19,1.669905e-18,-4.293468e-01,8.937733e-01,8.093716e-01
1.433000e-10,0.000000e+00,6.422713e-19,-6.165805e-19,1.892560e-18,-4.293468e-01,8.937733e-01,8.093716e-01
1.434000e-10,0.000000e+00,5.908896e-19,-6.936531e-19,2.029577e-18,-4.293468e-01,8.937733e-01,8.093716e-01
1.435000e-10,0.000000e+00,5.395079e-19,-7.621620e-19,2.072396e-18,-4.293468e-01,8.937733e-01,8.093716e-01
1.436000e-10,1.096143e-18,4.795626e-19,-7.878528e-19,2.046705e-18,-4.293468e-01,8.937733e-01,8.093716e-01
1.437000e-10,1.096143e-18,4.196173e-19,-8.135437e-19,1.978196e-18,-4.293468e-01,8.937733e-01,8.093716e-01
1.438000e-10,1.370179e-18,3.682356e-19,-8.306709e-19,1.875432e-18,-4.293468e-01,8.937733e-01,8.093716e-01
1.439000e-10,1.644215e-18,3.254175e-19,-8.306709e-19,1.678469e-18,-4.293468e-01,8.937733e-01,8.093716e-01
1.440000e-10,1.096143e-18,2.825994e-19,-7.964165e-19,1.430124e-18,-4.293468e-01,8.937733e-01,8.093716e-01
1.441000e-10,-5.480715e-19,2.397813e-19,-7.193439e-19,1.130398e-18,-4.293468e-01,8.937733e-01,8.093716e-01
1.442000e-10,0.000000e+00,1.541451e-19,-6.080169e-19,8.221073e-19,-4.293468e-01,8.937733e-01,8.093716e-01
1.443000e-10,0.000000e+00,5.138171e-20,-4.709990e-19,5.480715e-19,-4.293468e-01,8.937733e-01,8.093716e-01
1.444000e-10,0.000000e+00,-5.138171e-20,-3.168539e-19,2.569085e-19,-4.293468e-01,8.937733e-01,8.093716e-01
1.445000e-10,0.000000e+00,-1.455815e-19,-1.712724e-19,-2.569085e-20,-4.293468e-01,8.937733e-01,8.093716e-01
1.446000e-10,0.000000e+00,-2.397813e-19,-3.425447e-20,-2.825994e-19,-4.293468e-01,8.937733e-01,8.093716e-01
1.447000e-10,0.000000e+00,-3.339811e-19,1.027634e-19,-5.223807e-19,-4.293468e-01,8.937733e-01,8.093716e-01
1.448000e-10,0.000000e+00,-4.196173e-19,2.397813e-19,-7.707256e-19,-4.293468e-01,8.937733e-01,8.093716e-01
1.449000e-10,0.000000e+00,-4.709990e-19,3.511083e-19,-1.019071e-18,-4.293468e-01,8.937733e-01,8.093716e-01
1.450000e-10,0.000000e+00,-4.709990e-19,4.110537e-19,-1.233161e-18,-4.293468e-01,8.937733e-01,8.093716e-01
1.451000e-10,0.000000e+00,-4.453081e-19,4.367445e-19,-1.353052e-18,-4.293468e-01,8.937733e-01,8.093716e-01
1.452000e-10,0.000000e+00,-4.281809e-19,4.281809e-19,-1.361615e-18,-4.293468e-01,8.937733e-01,8.093716e-01
1.453000e-10,-1.096143e-18,-4.024900e-19,3.853628e-19,-1.284543e-18,-4.293468e-01,8.937733e-01,8.093716e-01
1.454000e-10,0.000000e+00,-3.767992e-19,3.254175e-19,-1.138961e-18,-4.293468e-01,8.937733e-01,8.093716e-01
1.455000e-10,5.480715e-19,-3.511083e-19,2.654722e-19,-9.077435e-19,-4.293468e-01,8.937733e-01,8.093716e-01
1.456000e-10,-8.221073e-19,-3.254175e-19,1.969632e-19,-5.908896e-19,-4.293468e-01,8.937733e-01,8.093716e-01
1.457000e-10,-8.221073e-19,-3.082902e-19,1.027634e-19,-1.798360e-19,-4.293468e-01,8.937733e-01,8.093716e-01
1.458000e-10,-1.096143e-18,-2.825994e-19,8.563618e-21,2.825994e-19,-4.293468e-01,8.937733e-01,8.093716e-01
1.459000e-10,5.480715e-19,-2.569085e-19,-8.563618e-20,7.279075e-19,-4.293468e-01,8.937733e-01,8.093716e-01
1.460000e-10,0.000000e+00,-2.397813e-19,-1.798360e-19,1.104707e-18,-4.293468e-01,8.937733e-01,8.093716e-01
1.461000e-10,0.000000e+00,-2.140904e-19,-2.740358e-19,1.472942e-18,-4.293468e-01,8.937733e-01,8.093716e-01
1.462000e-10,0.000000e+00,-1.883996e-19,-3.682356e-19,1.806923e-18,-4.293468e-01,8.937733e-01,8.093716e-01
1.463000e-10,0.000000e+00,-1.712724e-19,-4.709990e-19,2.115214e-18,-4.293468e-01,8.937733e-01,8.093716e-01
1.464000e-10,0.000000e+00,-1.455815e-19,-5.651988e-19,2.406377e-18,-4.293468e-01,8.937733e-01,8.093716e-01
1.465000e-10,0.000000e+00,-1.284543e-19,-6.593986e-19,2.611903e-18,-4.293468e-01,8.937733e-01,8.093716e-01
1.466000e-10,0.000000e+00,-1.113270e-19,-7.450348e-19,2.740358e-18,-4.293468e-01,8.937733e-01,8.093716e-01
1.467000e-10,0.000000e+00,-1.027634e-19,-8.135437e-19,2.791739e-18,-4.293468e-01,8.937733e-01,8.093716e-01
1.468000e-10,1.096143e-18,-9.419980e-20,-8.477982e-19,2.723231e-18,-4.293468e-01,8.937733e-01,8.093716e-01
1.469000e-10,1.096143e-18,-7.707256e-20,-8.563618e-19,2.517704e-18,-4.293468e-01,8.937733e-01,8.093716e-01
1.470000e-10,2.466322e-18,-6.850894e-20,-8.392346e-19,2.226541e-18,-4.293468e-01,8.937733e-01,8.093716e-01
1.471000e-10,1.644215e-18,-5.994533e-20,-8.135437e-19,1.832614e-18,-4.293468e-01,8.937733e-01,8.093716e-01
1.472000e-10,1.370179e-18,-4.281809e-20,-7.107803e-19,1.361615e-18,-4.293468e-01,8.937733e-01,8.093716e-01
1.473000e-10,0.000000e+00,-5.138171e-20,-5.737624e-19,8.649254e-19,-4.293468e-01,8.937733e-01,8.093716e-01
1.474000e-10,5.480715e-19,-6.850894e-20,-4.281809e-19,3.682356e-19,-4.293468e-01,8.937733e-01,8.093716e-01
1.475000e-10,5.480715e-19,-7.707256e-20,-2.825994e-19,-9.419980e-20,-4.293468e-01,8.937733e-01,8.093716e-01
1.476000e-10,5.480715e-19,-8.563618e-20,-1.969632e-19,-4.709990e-19,-4.293468e-01,8.937733e-01,8.093716e-01
1.477000e-10,5.480715e-19,-7.707256e-20,-1.455815e-19,-7.707256e-19,-4.293468e-01,8.937733e-01,8.093716e-01
1.478000e-10,5.480715e-19,-6.850894e-20,-1.198907e-19,-9.591252e-19,-4.293468e-01,8.937733e-01,8.093716e-01
1.479000e-10,-5.480715e-19,-5.994533e-20,-1.370179e-19,-1.036198e-18,-4.293468e-01,8.937733e-01,8.093716e-01
1.480000e-10,-5.480715e-19,-4.281809e-20,-1.627087e-19,-1.079016e-18,-4.293468e-01,8.937733e-01,8.093716e-01
1.481000e-10,2.740358e-19,-2.569085e-20,-1.969632e-19,-1.104707e-18,-4.293468e-01,8.937733e-01,8.093716e-01
1.482000e-10,0.000000e+00,-1.712724e-20,-2.226541e-19,-1.130398e-18,-4.293468e-01,8.937733e-01,8.093716e-01
1.483000e-10,0.000000e+00,-8.563618e-21,-2.483449e-19,-1.104707e-18,-4.293468e-01,8.937733e-01,8.093716e-01
1.484000e-10,-1.096143e-18,8.563618e-21,-2.911630e-19,-1.027634e-18,-4.293468e-01,8.937733e-01,8.093716e-01
1.485000e-10,0.000000e+00,1.712724e-20,-3.254175e-19,-9.077435e-19,-4.293468e-01,8.937733e-01,8.093716e-01
1.486000e-10,5.480715e-19,3.425447e-20,-3.853628e-19,-6.936531e-19,-4.293468e-01,8.937733e-01,8.093716e-01
1.487000e-10,-8.221073e-19,5.138171e-20,-4.538718e-19,-3.853628e-19,-4.293468e-01,8.937733e-01,8.093716e-01
1.488000e-10,-8.221073e-19,6.850894e-20,-5.480715e-19,2.569085e-20,-4.293468e-01,8.937733e-01,8.093716e-01
1.489000e-10,-1.096143e-18,8.563618e-20,-6.422713e-19,5.223807e-19,-4.293468e-01,8.937733e-01,8.093716e-01
1.490000e-10,5.480715e-19,1.027634e-19,-7.364711e-19,9.676888e-19,-4.293468e-01,8.937733e-01,8.093716e-01
1.491000e-10,0.000000e+00,1.198907e-19,-8.221073e-19,1.361615e-18,-4.293468e-01,8.937733e-01,8.093716e-01
1.492000e-10,0.000000e+00,1.284543e-19,-8.820526e-19,1.661342e-18,-4.293468e-01,8.937733e-01,8.093716e-01
1.493000e-10,0.000000e+00,7.707256e-20,-8.477982e-19,1.866869e-18,-4.293468e-01,8.937733e-01,8.093716e-01
1.494000e-10,0.000000e+00,5.138171e-20,-6.850894e-19,1.969632e-18,-4.293468e-01,8.937733e-01,8.093716e-01
1.495000e-10,0.000000e+00,4.281809e-20,-4.110537e-19,1.969632e-18,-4.293468e-01,8.937733e-01,8.093716e-01
1.496000e-10,1.096143e-18,5.138171e-20,-6.850894e-20,1.849741e-18,-4.293468e-01,8.937733e-01,8.093716e-01
1.497000e-10,1.096143e-18,6.850894e-20,2.740358e-19,1.635651e-18,-4.293468e-01,8.937733e-01,8.093716e-01
1.498000e-10,1.370179e-18,2.569085e-20,6.080169e-19,1.370179e-18,-4.293468e-01,8.937733e-01,8.093716e-01
1.499000e-10,5.480715e-19,-1.027634e-19,9.334344e-19,1.147525e-18,-4.293468e-01,8.937733e-01,8.093716e-01
1.500000e-10,0.000000e+00,-2.483449e-19,1.190343e-18,9.077435e-19,-4.293468e-01,8.937733e-01,8.093716e-01
1.501000e-10,1.370179e-18,-4.881262e-19,1.378742e-18,6.337077e-19,-4.293468e-01,8.937733e-01,8.093716e-01
1.502000e-10,1.370179e-18,-6.765258e-19,1.550015e-18,3.682356e-19,-4.293468e-01,8.937733e-01,8.093716e-01
1.503000e-10,-5.480715e-19,-8.221073e-19,1.729851e-18,1.541451e-19,-4.293468e-01,8.937733e-01,8.093716e-01
1.504000e-10,0.000000e+00,-9.591252e-19,1.909687e-18,-6.850894e-20,-4.293468e-01,8.937733e-01,8.093716e-01
1.505000e-10,0.000000e+00,-1.087579e-18,2.080959e-18,-2.740358e-19,-4.293468e-01,8.937733e-01,8.093716e-01
1.506000e-10,0.000000e+00,-1.181779e-18,2.166595e-18,-4.538718e-19,-4.293468e-01,8.937733e-01,8.093716e-01
1.507000e-10,0.000000e+00,-1.327361e-18,2.140904e-18,-6.251441e-19,-4.293468e-01,8.937733e-01,8.093716e-01
1.508000e-10,0.000000e+00,-1.421561e-18,2.003887e-18,-7.535984e-19,-4.293468e-01,8.937733e-01,8.093716e-01
1.509000e-10,-1.096143e-18,-1.353052e-18,1.798360e-18,-7.621620e-19,-4.293468e-01,8.937733e-01,8.093716e-01
1.510000e-10,0.000000e+00,-1.224597e-18,1.558578e-18,-6.337077e-19,-4.293468e-01,8.937733e-01,8.093716e-01
1.511000e-10,-5.480715e-19,-1.130398e-18,1.250288e-18,-3.596720e-19,-4.293468e-01,8.937733e-01,8.093716e-01
1.512000e-10,-8.221073e-19,-9.762524e-19,8.991799e-19,-8.563618e-21,-4.293468e-01,8.937733e-01,8.093716e-01
1.513000e-10,-1.096143e-18,-7.621620e-19,5.309443e-19,3.767992e-19,-4.293468e-01,8.937733e-01,8.093716e-01
1.514000e-10,5.480715e-19,-5.309443e-19,1.798360e-19,7.107803e-19,-4.293468e-01,8.937733e-01,8.093716e-01
1.515000e-10,0.000000e+00,-3.082902e-19,-1.627087e-19,1.036198e-18,-4.293468e-01,8.937733e-01,8.093716e-01
1.516000e-10,0.000000e+00,-6.850894e-20,-4.795626e-19,1.318797e-18,-4.293468e-01,8.937733e-01,8.093716e-01
1.517000e-10,0.000000e+00,1.883996e-19,-7.022167e-19,1.515760e-18,-4.293468e-01,8.937733e-01,8.093716e-01
1.518000e-10,0.000000e+00,4.196173e-19,-8.392346e-19,1.618524e-18,-4.293468e-01,8.937733e-01,8.093716e-01
1.519000e-10,1.096143e-18,6.508350e-19,-8.820526e-19,1.627087e-18,-4.293468e-01,8.937733e-01,8.093716e-01
1.520000e-10,1.096143e-18,8.049801e-19,-8.649254e-19,1.601397e-18,-4.293468e-01,8.937733e-01,8.093716e-01
1.521000e-10,2.740358e-19,8.734890e-19,-7.535984e-19,1.524324e-18,-4.293468e-01,8.937733e-01,8.093716e-01
1.522000e-10,1.644215e-18,8.991799e-19,-5.737624e-19,1.344488e-18,-4.293468e-01,8.937733e-01,8.093716e-01
1.523000e-10,1.644215e-18,8.392346e-19,-2.825994e-19,1.070452e-18,-4.293468e-01,8.937733e-01,8.093716e-01
1.524000e-10,1.096143e-18,7.193439e-19,5.138171e-20,7.707256e-19,-4.293468e-01,8.937733e-01,8.093716e-01
1.525000e-10,-5.480715e-19,5.480715e-19,3.596720e-19,4.709990e-19,-4.293468e-01,8.937733e-01,8.093716e-01
1.526000e-10,0.000000e+00,2.825994e-19,6.679622e-19,1.969632e-19,-4.293468e-01,8.937733e-01,8.093716e-01
1.527000e-10,0.000000e+00,-5.138171e-20,9.505616e-19,-2.569085e-20,-4.293468e-01,8.937733e-01,8.093716e-01
1.528000e-10,0.000000e+00,-4.281809e-19,1.164652e-18,-1.969632e-19,-4.293468e-01,8.937733e-01,8.093716e-01
1.529000e-10,0.000000e+00,-7.964165e-19,1.370179e-18,-3.596720e-19,-4.293468e-01,8.937733e-01,8.093716e-01
1.530000e-10,0.000000e+00,-1.113270e-18,1.558578e-18,-5.223807e-19,-4.293468e-01,8.937733e-01,8.093716e-01
1.531000e-10,0.000000e+00,-1.421561e-18,1.746978e-18,-6.679622e-19,-4.293468e-01,8.937733e-01,8.093716e-01
1.532000e-10,0.000000e+00,-1.704160e-18,1.935378e-18,-8.221073e-19,-4.293468e-01,8.937733e-01,8.093716e-01
1.533000e-10,0.000000e+00,-1.978196e-18,2.098086e-18,-9.676888e-19,-4.293468e-01,8.937733e-01,8.093716e-01
1.534000e-10,0.000000e+00,-2.106650e-18,2.192286e-18,-1.104707e-18,-4.293468e-01,8.937733e-01,8.093716e-01
1.535000e-10,-1.096143e-18,-2.175159e-18,2.183723e-18,-1.147525e-18,-4.293468e-01,8.937733e-01,8.093716e-01
1.536000e-10,0.000000e+00,-2.158032e-18,2.038141e-18,-1.010507e-18,-4.293468e-01,8.937733e-01,8.093716e-01
1.537000e-10,-5.480715e-19,-1.995323e-18,1.798360e-18,-7.022167e-19,-4.293468e-01,8.937733e-01,8.093716e-01
1.538000e-10,-8.221073e-19,-1.806923e-18,1.490070e-18,-3.082902e-19,-4.293468e-01,8.937733e-01,8.093716e-01
1.539000e-10,-1.096143e-18,-1.507197e-18,1.147525e-18,8.563618e-20,-4.293468e-01,8.937733e-01,8.093716e-01
1.540000e-10,5.480715e-19,-1.079016e-18,8.135437e-19,4.281809e-19,-4.293468e-01,8.937733e-01,8.093716e-01
1.541000e-10,0.000000e+00,-5.651988e-19,4.881262e-19,7.535984e-19,-4.293468e-01,8.937733e-01,8.093716e-01
1.542000e-10,0.000000e+00,-5.138171e-20,1.798360e-19,1.061889e-18,-4.293468e-01,8.937733e-01,8.093716e-01
1.543000e-10,0.000000e+00,4.281809e-19,-1.198907e-19,1.353052e-18,-4.293468e-01,8.937733e-01,8.093716e-01
1.544000e-10,0.000000e+00,8.049801e-19,-3.767992e-19,1.541451e-18,-4.293468e-01,8.937733e-01,8.093716e-01
1.545000e-10,1.096143e-18,1.079016e-18,-6.337077e-19,1.584269e-18,-4.293468e-01,8.937733e-01,8.093716e-01
1.546000e-10,1.096143e-18,1.233161e-18,-8.221073e-19,1.575706e-18,-4.293468e-01,8.937733e-01,8.093716e-01
1.547000e-10,2.740358e-19,1.275979e-18,-9.163071e-19,1.515760e-18,-4.293468e-01,8.937733e-01,8.093716e-01
1.548000e-10,5.480715e-19,1.190343e-18,-9.334344e-19,1.447251e-18,-4.293468e-01,8.937733e-01,8.093716e-01
1.549000e-10,5.480715e-19,9.163071e-19,-8.906163e-19,1.370179e-18,-4.293468e-01,8.937733e-01,8.093716e-01
1.550000e-10,5.480715e-19,5.737624e-19,-7.792892e-19,1.284543e-18,-4.293468e-01,8.937733e-01,8.093716e-01
1.551000e-10,1.644215e-18,2.911630e-19,-5.737624e-19,1.113270e-18,-4.293468e-01,8.937733e-01,8.093716e-01
1.552000e-10,5.480715e-19,4.281809e-20,-3.168539e-19,8.563618e-19,-4.293468e-01,8.937733e-01,8.093716e-01
1.553000e-10,0.000000e+00,-2.140904e-19,1.712724e-20,5.994533e-19,-4.293468e-01,8.937733e-01,8.093716e-01
1.554000e-10,2.740358e-19,-4.538718e-19,3.853628e-19,3.254175e-19,-4.293468e-01,8.937733e-01,8.093716e-01
1.555000e-10,2.740358e-19,-6.080169e-19,7.621620e-19,5.994533e-20,-4.293468e-01,8.937733e-01,8.093716e-01
1.556000e-10,2.740358e-19,-7.279075e-19,1.104707e-18,-1.627087e-19,-4.293468e-01,8.937733e-01,8.093716e-01
1.557000e-10,2.740358e-19,-8.306709e-19,1.378742e-18,-2.997266e-19,-4.293468e-01,8.937733e-01,8.093716e-01
1.558000e-10,2.740358e-19,-9.077435e-19,1.558578e-18,-3.682356e-19,-4.293468e-01,8.937733e-01,8.093716e-01
1.559000e-10,2.740358e-19,-9.077435e-19,1.652778e-18,-4.196173e-19,-4.293468e-01,8.937733e-01,8.093716e-01
1.560000e-10,2.740358e-19,-8.563618e-19,1.635651e-18,-4.110537e-19,-4.293468e-01,8.937733e-01,8.093716e-01
1.561000e-10,2.740358e-19,-7.964165e-19,1.498633e-18,-3.596720e-19,-4.293468e-01,8.937733e-01,8.093716e-01
1.562000e-10,2.740358e-19,-7.621620e-19,1.267415e-18,-2.483449e-19,-4.293468e-01,8.937733e-01,8.093716e-01
1.563000e-10,2.740358e-19,-7.535984e-19,9.676888e-19,-5.138171e-20,-4.293468e-01,8.937733e-01,8.093716e-01
1.564000e-10,-8.221073e-19,-7.450348e-19,6.679622e-19,1.969632e-19,-4.293468e-01,8.937733e-01,8.093716e-01
1.565000e-10,-8.221073e-19,-7.364711e-19,3.853628e-19,5.309443e-19,-4.293468e-01,8.937733e-01,8.093716e-01
1.566000e-10,-1.096143e-18,-7.193439e-19,1.284543e-19,8.820526e-19,-4.293468e-01,8.937733e-01,8.093716e-01
1.567000e-10,5.480715e-19,-6.679622e-19,-9.419980e-20,1.190343e-18,-4.293468e-01,8.937733e-01,8.093716e-01
1.568000e-10,0.000000e+00,-6.165805e-19,-3.168539e-19,1.481506e-18,-4.293468e-01,8.937733e-01,8.093716e-01
1.569000e-10,0.000000e+00,-5.566352e-19,-5.309443e-19,1.721287e-18,-4.293468e-01,8.937733e-01,8.093716e-01
1.570000e-10,0.000000e+00,-4.966898e-19,-7.450348e-19,1.883996e-18,-4.293468e-01,8.937733e-01,8.093716e-01
1.571000e-10,0.000000e+00,-4.281809e-19,-9.163071e-19,1.943941e-18,-4.293468e-01,8.937733e-01,8.093716e-01
1.572000e-10,1.096143e-18,-2.997266e-19,-9.676888e-19,1.926814e-18,-4.293468e-01,8.937733e-01,8.093716e-01
1.573000e-10,1.096143e-18,-1.113270e-19,-9.762524e-19,1.883996e-18,-4.293468e-01,8.937733e-01,8.093716e-01
1.574000e-10,1.370179e-18,7.707256e-20,-9.591252e-19,1.798360e-18,-4.293468e-01,8.937733e-01,8.093716e-01
1.575000e-10,1.644215e-18,2.569085e-19,-9.077435e-19,1.584269e-18,-4.293468e-01,8.937733e-01,8.093716e-01
1.576000e-10,1.096143e-18,4.110537e-19,-7.450348e-19,1.301670e-18,-4.293468e-01,8.937733e-01,8.093716e-01
1.577000e-10,-5.480715e-19,4.966898e-19,-5.480715e-19,9.933797e-19,-4.293468e-01,8.937733e-01,8.093716e-01
1.578000e-10,0.000000e+00,4.795626e-19,-3.339811e-19,6.850894e-19,-4.293468e-01,8.937733e-01,8.093716e-01
1.579000e-10,0.000000e+00,4.196173e-19,-1.455815e-19,3.939264e-19,-4.293468e-01,8.937733e-01,8.093716e-01
1.580000e-10,0.000000e+00,3.596720e-19,3.425447e-20,1.113270e-19,-4.293468e-01,8.937733e-01,8.093716e-01
1.581000e-10,0.000000e+00,3.082902e-19,2.055268e-19,-1.541451e-19,-4.293468e-01,8.937733e-01,8.093716e-01
1.582000e-10,0.000000e+00,2.397813e-19,3.682356e-19,-3.511083e-19,-4.293468e-01,8.937733e-01,8.093716e-01
1.583000e-10,0.000000e+00,1.798360e-19,5.309443e-19,-5.138171e-19,-4.293468e-01,8.937733e-01,8.093716e-01
1.584000e-10,0.000000e+00,1.541451e-19,6.936531e-19,-6.593986e-19,-4.293468e-01,8.937733e-01,8.093716e-01
1.585000e-10,0.000000e+00,1.198907e-19,8.563618e-19,-7.964165e-19,-4.293468e-01,8.937733e-01,8.093716e-01
1.586000e-10,0.000000e+00,9.419980e-20,1.010507e-18,-9.505616e-19,-4.293468e-01,8.937733e-01,8.093716e-01
1.587000e-10,0.000000e+00,6.850894e-20,1.156088e-18,-1.096143e-18,-4.293468e-01,8.937733e-01,8.093716e-01
1.588000e-10,0.000000e+00,5.138171e-20,1.310234e-18,-1.241725e-18,-4.293468e-01,8.937733e-01,8.093716e-01
1.589000e-10,0.000000e+00,3.425447e-20,1.421561e-18,-1.370179e-18,-4.293468e-01,8.937733e-01,8.093716e-01
1.590000e-10,-1.096143e-18,1.712724e-20,1.421561e-18,-1.387306e-18,-4.293468e-01,8.937733e-01,8.093716e-01
1.591000e-10,0.000000e+00,8.563618e-21,1.267415e-18,-1.250288e-18,-4.293468e-01,8.937733e-01,8.093716e-01
1.592000e-10,-5.480715e-19,-2.569085e-20,1.010507e-18,-9.334344e-19,-4.293468e-01,8.937733e-01,8.093716e-01
1.593000e-10,-8.221073e-19,-8.563618e-20,7.107803e-19,-5.138171e-19,-4.293468e-01,8.937733e-01,8.093716e-01
1.594000e-10,-1.096143e-18,-1.712724e-19,3.511083e-19,0.000000e+00,-4.293468e-01,8.937733e-01,8.093716e-01
1.595000e-10,5.480715e-19,-2.654722e-19,-5.138171e-20,4.966898e-19,-4.293468e-01,8.937733e-01,8.093716e-01
1.596000e-10,0.000000e+00,-3.596720e-19,-4.453081e-19,9.591252e-19,-4.293468e-01,8.937733e-01,8.093716e-01
1.597000e-10,0.000000e+00,-4.538718e-19,-8.135437e-19,1.318797e-18,-4.293468e-01,8.937733e-01,8.093716e-01
1.598000e-10,0.000000e+00,-5.395079e-19,-1.104707e-18,1.575706e-18,-4.293468e-01,8.937733e-01,8.093716e-01
1.599000e-10,0.000000e+00,-6.080169e-19,-1.275979e-18,1.729851e-18,-4.293468e-01,8.937733e-01,8.093716e-01
1.600000e-10,0.000000e+00,-6.422713e-19,-1.267415e-18,1.789796e-18,-4.293468e-01,8.937733e-01,8.093716e-01
1.601000e-10,1.096143e-18,-6.422713e-19,-1.147525e-18,1.764105e-18,-4.293468e-01,8.937733e-01,8.093716e-01
1.602000e-10,1.096143e-18,-5.823260e-19,-9.334344e-19,1.695596e-18,-4.293468e-01,8.937733e-01,8.093716e-01
1.603000e-10,1.370179e-18,-5.052535e-19,-6.251441e-19,1.541451e-18,-4.293468e-01,8.937733e-01,8.093716e-01
1.604000e-10,5.480715e-19,-3.682356e-19,-2.569085e-19,1.301670e-18,-4.293468e-01,8.937733e-01,8.093716e-01
1.605000e-10,0.000000e+00,-2.740358e-19,1.370179e-19,1.019071e-18,-4.293468e-01,8.937733e-01,8.093716e-01
1.606000e-10,2.740358e-19,-2.226541e-19,5.309443e-19,7.535984e-19,-4.293468e-01,8.937733e-01,8.093716e-01
1.607000e-10,2.740358e-19,-1.712724e-19,9.248707e-19,4.795626e-19,-4.293468e-01,8.937733e-01,8.093716e-01
1.608000e-10,2.740358e-19,-1.455815e-19,1.301670e-18,2.226541e-19,-4.293468e-01,8.937733e-01,8.093716e-01
1.609000e-10,2.740358e-19,-1.284543e-19,1.601397e-18,-3.425447e-20,-4.293468e-01,8.937733e-01,8.093716e-01
1.610000e-10,2.740358e-19,-1.370179e-19,1.824051e-18,-2.740358e-19,-4.293468e-01,8.937733e-01,8.093716e-01
1.611000e-10,2.740358e-19,-1.712724e-19,1.986759e-18,-4.966898e-19,-4.293468e-01,8.937733e-01,8.093716e-01
1.612000e-10,2.740358e-19,-1.541451e-19,2.063832e-18,-6.337077e-19,-4.293468e-01,8.937733e-01,8.093716e-01
1.613000e-10,2.740358e-19,-1.113270e-19,2.012450e-18,-6.936531e-19,-4.293468e-01,8.937733e-01,8.093716e-01
1.614000e-10,2.740358e-19,-1.284543e-19,1.866869e-18,-6.850894e-19,-4.293468e-01,8.937733e-01,8.093716e-01
1.615000e-10,2.740358e-19,-1.627087e-19,1.618524e-18,-5.480715e-19,-4.293468e-01,8.937733e-01,8.093716e-01
1.616000e-10,-8.221073e-19,-2.397813e-19,1.301670e-18,-2.740358e-19,-4.293468e-01,8.937733e-01,8.093716e-01
1.617000e-10,-8.221073e-19,-3.339811e-19,9.334344e-19,8.563618e-20,-4.293468e-01,8.937733e-01,8.093716e-01
1.618000e-10,-1.096143e-18,-3.853628e-19,5.566352e-19,4.538718e-19,-4.293468e-01,8.937733e-01,8.093716e-01
1.619000e-10,5.480715e-19,-4.024900e-19,2.055268e-19,7.878528e-19,-4.293468e-01,8.937733e-01,8.093716e-01
1.620000e-10,0.000000e+00,-4.196173e-19,-1.284543e-19,1.104707e-18,-4.293468e-01,8.937733e-01,8.093716e-01
1.621000e-10,0.000000e+00,-3.767992e-19,-4.281809e-19,1.387306e-18,-4.293468e-01,8.937733e-01,8.093716e-01
1.622000e-10,0.000000e+00,-2.997266e-19,-6.508350e-19,1.575706e-18,-4.293468e-01,8.937733e-01,8.093716e-01
1.623000e-10,0.000000e+00,-1.712724e-19,-8.477982e-19,1.661342e-18,-4.293468e-01,8.937733e-01,8.093716e-01
1.624000e-10,1.096143e-18,-5.994533e-20,-9.762524e-19,1.678469e-18,-4.293468e-01,8.937733e-01,8.093716e-01
1.625000e-10,1.096143e-18,1.113270e-19,-1.010507e-18,1.635651e-18,-4.293468e-01,8.937733e-01,8.093716e-01
1.626000e-10,2.740358e-19,2.654722e-19,-1.019071e-18,1.567142e-18,-4.293468e-01,8.937733e-01,8.093716e-01
1.627000e-10,5.480715e-19,3.939264e-19,-1.019071e-18,1.490070e-18,-4.293468e-01,8.937733e-01,8.093716e-01
1.628000e-10,5.480715e-19,5.138171e-19,-1.010507e-18,1.404433e-18,-4.293468e-01,8.937733e-01,8.093716e-01
1.629000e-10,5.480715e-19,6.251441e-19,-1.010507e-18,1.344488e-18,-4.293468e-01,8.937733e-01,8.093716e-01
1.630000e-10,5.480715e-19,7.364711e-19,-1.010507e-18,1.301670e-18,-4.293468e-01,8.937733e-01,8.093716e-01
1.631000e-10,5.480715e-19,8.135437e-19,-1.010507e-18,1.258852e-18,-4.293468e-01,8.937733e-01,8.093716e-01
1.632000e-10,5.480715e-19,8.392346e-19,-1.036198e-18,1.216034e-18,-4.293468e-01,8.937733e-01,8.093716e-01
1.633000e-10,5.480715e-19,8.306709e-19,-1.070452e-18,1.164652e-18,-4.293468e-01,8.937733e-01,8.093716e-01
1.634000e-10,5.480715e-19,8.135437e-19,-1.096143e-18,1.113270e-18,-4.293468e-01,8.937733e-01,8.093716e-01
1.635000e-10,5.480715e-19,7.964165e-19,-1.130398e-18,1.053325e-18,-4.293468e-01,8.937733e-01,8.093716e-01
1.636000e-10,5.480715e-19,7.792892e-19,-1.164652e-18,1.001943e-18,-4.293468e-01,8.937733e-01,8.093716e-01
1.637000e-10,5.480715e-19,7.621620e-19,-1.198907e-18,9.505616e-19,-4.293468e-01,8.937733e-01,8.093716e-01
1.638000e-10,5.480715e-19,7.450348e-19,-1.233161e-18,9.077435e-19,-4.293468e-01,8.937733e-01,8.093716e-01
1.639000e-10,5.480715e-19,7.279075e-19,-1.258852e-18,8.563618e-19,-4.293468e-01,8.937733e-01,8.093716e-01
1.640000e-10,5.480715e-19,7.107803e-19,-1.293106e-18,8.221073e-19,-4.293468e-01,8.937733e-01,8.093716e-01
1.641000e-10,5.480715e-19,6.936531e-19,-1.318797e-18,7.878528e-19,-4.293468e-01,8.937733e-01,8.093716e-01
1.642000e-10,5.480715e-19,6.850894e-19,-1.344488e-18,7.450348e-19,-4.293468e-01,8.937733e-01,8.093716e-01
1.643000e-10,5.480715e-19,6.765258e-19,-1.387306e-18,7.022167e-19,-4.293468e-01,8.937733e-01,8.093716e-01
1.644000e-10,5.480715e-19,6.679622e-19,-1.395870e-18,6.593986e-19,-4.293468e-01,8.937733e-01,8.093716e-01
1.645000e-10,5.480715e-19,5.994533e-19,-1.353052e-18,6.165805e-19,-4.293468e-01,8.937733e-01,8.093716e-01
1.646000e-10,5.480715e-19,4.624354e-19,-1.233161e-18,5.651988e-19,-4.293468e-01,8.937733e-01,8.093716e-01
1.647000e-10,5.480715e-19,2.911630e-19,-1.036198e-18,4.709990e-19,-4.293468e-01,8.937733e-01,8.093716e-01
1.648000e-10,5.480715e-19,1.027634e-19,-8.049801e-19,3.767992e-19,-4.293468e-01,8.937733e-01,8.093716e-01
1.649000e-10,5.480715e-19,-8.563618e-20,-5.737624e-19,2.997266e-19,-4.293468e-01,8.937733e-01,8.093716e-01
1.650000e-10,5.480715e-19,-2.740358e-19,-3.511083e-19,2.312177e-19,-4.293468e-01,8.937733e-01,8.093716e-01
1.651000e-10,5.480715e-19,-4.538718e-19,-1.455815e-19,1.627087e-19,-4.293468e-01,8.937733e-01,8.093716e-01
1.652000e-10,5.480715e-19,-6.251441e-19,5.994533e-20,9.419980e-20,-4.293468e-01,8.937733e-01,8.093716e-01
1.653000e-10,5.480715e-19,-7.964165e-19,2.654722e-19,2.569085e-20,-4.293468e-01,8.937733e-01,8.093716e-01
1.654000e-10,5.480715e-19,-9.591252e-19,4.367445e-19,-3.425447e-20,-4.293468e-01,8.937733e-01,8.093716e-01
1.655000e-10,5.480715e-19,-1.096143e-18,5.823260e-19,-8.563618e-20,-4.293468e-01,8.937733e-01,8.093716e-01
1.656000e-10,5.480715e-19,-1.224597e-18,7.193439e-19,-1.370179e-19,-4.293468e-01,8.937733e-01,8.093716e-01
1.657000e-10,5.480715e-19,-1.344488e-18,8.563618e-19,-1.969632e-19,-4.293468e-01,8.937733e-01,8.093716e-01
1.658000e-10,5.480715e-19,-1.455815e-18,9.933797e-19,-2.483449e-19,-4.293468e-01,8.937733e-01,8.093716e-01
1.659000e-10,5.480715e-19,-1.567142e-18,1.130398e-18,-2.997266e-19,-4.293468e-01,8.937733e-01,8.093716e-01
1.660000e-10,5.480715e-19,-1.678469e-18,1.258852e-18,-3.596720e-19,-4.293468e-01,8.937733e-01,8.093716e-01
1.661000e-10,5.480715e-19,-1.772669e-18,1.370179e-18,-4.110537e-19,-4.293468e-01,8.937733e-01,8.093716e-01
1.662000e-10,5.480715e-19,-1.746978e-18,1.438688e-18,-4.453081e-19,-4.293468e-01,8.937733e-01,8.093716e-01
1.663000e-10,5.480715e-19,-1.627087e-18,1.447251e-18,-4.367445e-19,-4.293468e-01,8.937733e-01,8.093716e-01
1.664000e-10,5.480715e-19,-1.395870e-18,1.335924e-18,-4.024900e-19,-4.293468e-01,8.937733e-01,8.093716e-01
1.665000e-10,5.480715e-19,-1.070452e-18,1.173216e-18,-2.825994e-19,-4.293468e-01,8.937733e-01,8.093716e-01
1.666000e-10,5.480715e-19,-6.850894e-19,9.248707e-19,-6.850894e-20,-4.293468e-01,8.937733e-01,8.093716e-01
1.667000e-10,5.480715e-19,-2.911630e-19,6.422713e-19,1.883996e-19,-4.293468e-01,8.937733e-01,8.093716e-01
1.668000e-10,5.480715e-19,9.419980e-20,3.254175e-19,4.453081e-19,-4.293468e-01,8.937733e-01,8.093716e-01
1.669000e-10,5.480715e-19,4.538718e-19,1.712724e-20,6.679622e-19,-4.293468e-01,8.937733e-01,8.093716e-01
1.670000e-10,5.480715e-19,7.279075e-19,-2.397813e-19,8.306709e-19,-4.293468e-01,8.937733e-01,8.093716e-01
1.671000e-10,5.480715e-19,9.163071e-19,-4.881262e-19,9.676888e-19,-4.293468e-01,8.937733e-01,8.093716e-01
1.672000e-10,5.480715e-19,1.036198e-18,-7.535984e-19,1.096143e-18,-4.293468e-01,8.937733e-01,8.093716e-01
1.673000e-10,5.480715e-19,1.061889e-18,-9.591252e-19,1.198907e-18,-4.293468e-01,8.937733e-01,8.093716e-01
1.674000e-10,5.480715e-19,1.010507e-18,-1.070452e-18,1.216034e-18,-4.293468e-01,8.937733e-01,8.093716e-01
1.675000e-10,5.480715e-19,8.477982e-19,-1.070452e-18,1.173216e-18,-4.293468e-01,8.937733e-01,8.093716e-01
1.676000e-10,5.480715e-19,6.165805e-19,-9.505616e-19,1.104707e-18,-4.293468e-01,8.937733e-01,8.093716e-01
1.677000e-10,1.644215e-18,4.196173e-19,-7.621620e-19,9.762524e-19,-4.293468e-01,8.937733e-01,8.093716e-01
1.678000e-10,5.480715e-19,2.654722e-19,-5.138171e-19,7.707256e-19,-4.293468e-01,8.937733e-01,8.093716e-01
1.679000e-10,0.000000e+00,1.198907e-19,-2.055268e-19,5.223807e-19,-4.293468e-01,8.937733e-01,8.093716e-01
1.680000e-10,2.740358e-19,-2.569085e-20,1.541451e-19,2.654722e-19,-4.293468e-01,8.937733e-01,8.093716e-01
1.681000e-10,2.740358e-19,-1.712724e-19,5.138171e-19,0.000000e+00,-4.293468e-01,8.937733e-01,8.093716e-01
1.682000e-10,2.740358e-19,-2.997266e-19,8.820526e-19,-2.312177e-19,-4.293468e-01,8.937733e-01,8.093716e-01
1.683000e-10,2.740358e-19,-4.024900e-19,1.216034e-18,-3.853628e-19,-4.293468e-01,8.937733e-01,8.093716e-01
1.684000e-10,2.740358e-19,-4.624354e-19,1.507197e-18,-4.881262e-19,-4.293468e-01,8.937733e-01,8.093716e-01
1.685000e-10,2.740358e-19,-4.966898e-19,1.755542e-18,-5.651988e-19,-4.293468e-01,8.937733e-01,8.093716e-01
1.686000e-10,2.740358e-19,-4.881262e-19,1.926814e-18,-6.251441e-19,-4.293468e-01,8.937733e-01,8.093716e-01
1.687000e-10,2.740358e-19,-4.110537e-19,2.012450e-18,-6.765258e-19,-4.293468e-01,8.937733e-01,8.093716e-01
1.688000e-10,2.740358e-19,-3.254175e-19,1.986759e-18,-6.679622e-19,-4.293468e-01,8.937733e-01,8.093716e-01
1.689000e-10,2.740358e-19,-2.654722e-19,1.849741e-18,-6.165805e-19,-4.293468e-01,8.937733e-01,8.093716e-01
1.690000e-10,2.740358e-19,-2.226541e-19,1.627087e-18,-5.052535e-19,-4.293468e-01,8.937733e-01,8.093716e-01
1.691000e-10,2.740358e-19,-2.312177e-19,1.301670e-18,-2.997266e-19,-4.293468e-01,8.937733e-01,8.093716e-01
1.692000e-10,2.740358e-19,-2.569085e-19,9.334344e-19,-5.994533e-20,-4.293468e-01,8.937733e-01,8.093716e-01
1.693000e-10,2.740358e-19,-2.397813e-19,5.566352e-19,1.969632e-19,-4.293468e-01,8.937733e-01,8.093716e-01
1.694000e-10,2.740358e-19,-1.883996e-19,2.055268e-19,4.453081e-19,-4.293468e-01,8.937733e-01,8.093716e-01
1.695000e-10,2.740358e-19,-1.370179e-19,-1.284543e-19,6.936531e-19,-4.293468e-01,8.937733e-01,8.093716e-01
1.696000e-10,2.740358e-19,-5.138171e-20,-4.281809e-19,9.248707e-19,-4.293468e-01,8.937733e-01,8.093716e-01
1.697000e-10,2.740358e-19,-1.712724e-20,-6.679622e-19,1.147525e-18,-4.293468e-01,8.937733e-01,8.093716e-01
1.698000e-10,2.740358e-19,-5.994533e-20,-8.991799e-19,1.361615e-18,-4.293468e-01,8.937733e-01,8.093716e-01
1.699000e-10,2.740358e-19,-1.798360e-19,-1.087579e-18,1.558578e-18,-4.293468e-01,8.937733e-01,8.093716e-01
1.700000e-10,2.740358e-19,-3.082902e-19,-1.164652e-18,1.678469e-18,-4.293468e-01,8.937733e-01,8.093716e-01
1.701000e-10,2.740358e-19,-4.453081e-19,-1.121834e-18,1.687033e-18,-4.293468e-01,8.937733e-01,8.093716e-01
1.702000e-10,2.740358e-19,-5.223807e-19,-9.077435e-19,1.532888e-18,-4.293468e-01,8.937733e-01,8.093716e-01
1.703000e-10,1.370179e-18,-5.566352e-19,-5.566352e-19,1.250288e-18,-4.293468e-01,8.937733e-01,8.093716e-01
1.704000e-10,1.370179e-18,-5.480715e-19,-1.113270e-19,9.248707e-19,-4.293468e-01,8.937733e-01,8.093716e-01
1.705000e-10,-5.480715e-19,-4.453081e-19,3.767992e-19,5.737624e-19,-4.293468e-01,8.937733e-01,8.093716e-01
1.706000e-10,0.000000e+00,-3.082902e-19,8.135437e-19,2.312177e-19,-4.293468e-01,8.937733e-01,8.093716e-01
1.707000e-10,0.000000e+00,-2.055268e-19,1.190343e-18,-1.113270e-19,-4.293468e-01,8.937733e-01,8.093716e-01
1.708000e-10,0.000000e+00,-1.284543e-19,1.455815e-18,-4.281809e-19,-4.293468e-01,8.937733e-01,8.093716e-01
1.709000e-10,0.000000e+00,-1.027634e-19,1.601397e-18,-6.765258e-19,-4.293468e-01,8.937733e-01,8.093716e-01
1.710000e-10,0.000000e+00,-8.563618e-20,1.678469e-18,-8.477982e-19,-4.293468e-01,8.937733e-01,8.093716e-01
1.711000e-10,-1.096143e-18,-5.138171e-20,1.635651e-18,-8.734890e-19,-4.293468e-01,8.937733e-01,8.093716e-01
1.712000e-10,0.000000e+00,-8.563618e-21,1.507197e-18,-7.707256e-19,-4.293468e-01,8.937733e-01,8.093716e-01
1.713000e-10,-5.480715e-19,3.425447e-20,1.267415e-18,-5.480715e-19,-4.293468e-01,8.937733e-01,8.093716e-01
1.714000e-10,-8.221073e-19,4.281809e-20,9.334344e-19,-2.483449e-19,-4.293468e-01,8.937733e-01,8.093716e-01
1.715000e-10,-1.096143e-18,2.569085e-20,5.823260e-19,1.113270e-19,-4.293468e-01,8.937733e-01,8.093716e-01
1.716000e-10,5.480715e-19,8.563618e-21,2.740358e-19,4.281809e-19,-4.293468e-01,8.937733e-01,8.093716e-01
1.717000e-10,0.000000e+00,-4.281809e-20,8.563618e-21,7.621620e-19,-4.293468e-01,8.937733e-01,8.093716e-01
1.718000e-10,0.000000e+00,-1.113270e-19,-2.483449e-19,1.121834e-18,-4.293468e-01,8.937733e-01,8.093716e-01
1.719000e-10,0.000000e+00,-2.140904e-19,-4.795626e-19,1.481506e-18,-4.293468e-01,8.937733e-01,8.093716e-01
1.720000e-10,0.000000e+00,-3.168539e-19,-7.107803e-19,1.832614e-18,-4.293468e-01,8.937733e-01,8.093716e-01
1.721000e-10,0.000000e+00,-4.024900e-19,-9.163071e-19,2.175159e-18,-4.293468e-01,8.937733e-01,8.093716e-01
1.722000e-10,0.000000e+00,-4.709990e-19,-1.027634e-18,2.483449e-18,-4.293468e-01,8.937733e-01,8.093716e-01
1.723000e-10,0.000000e+00,-5.651988e-19,-1.001943e-18,2.774612e-18,-4.293468e-01,8.937733e-01,8.093716e-01
1.724000e-10,0.000000e+00,-6.251441e-19,-8.820526e-19,2.954448e-18,-4.293468e-01,8.937733e-01,8.093716e-01
1.725000e-10,1.096143e-18,-6.165805e-19,-6.850894e-19,2.954448e-18,-4.293468e-01,8.937733e-01,8.093716e-01
1.726000e-10,1.096143e-18,-5.309443e-19,-3.767992e-19,2.817430e-18,-4.293468e-01,8.937733e-01,8.093716e-01
1.727000e-10,1.370179e-18,-4.024900e-19,-2.569085e-20,2.569085e-18,-4.293468e-01,8.937733e-01,8.093716e-01
1.728000e-10,1.644215e-18,-2.397813e-19,3.425447e-19,2.217977e-18,-4.293468e-01,8.937733e-01,8.093716e-01
1.729000e-10,1.096143e-18,-4.281809e-20,7.450348e-19,1.815487e-18,-4.293468e-01,8.937733e-01,8.093716e-01
1.730000e-10,-5.480715e-19,1.627087e-19,1.113270e-18,1.421561e-18,-4.293468e-01,8.937733e-01,8.093716e-01
1.731000e-10,0.000000e+00,3.254175e-19,1.335924e-18,1.079016e-18,-4.293468e-01,8.937733e-01,8.093716e-01
1.732000e-10,0.000000e+00,4.196173e-19,1.412997e-18,7.878528e-19,-4.293468e-01,8.937733e-01,8.093716e-01
1.733000e-10,0.000000e+00,4.281809e-19,1.370179e-18,4.881262e-19,-4.293468e-01,8.937733e-01,8.093716e-01
1.734000e-10,0.000000e+00,3.511083e-19,1.284543e-18,1.627087e-19,-4.293468e-01,8.937733e-01,8.093716e-01
1.735000e-10,0.000000e+00,2.483449e-19,1.181779e-18,-1.455815e-19,-4.293468e-01,8.937733e-01,8.093716e-01
1.736000e-10,0.000000e+00,1.541451e-19,1.070452e-18,-4.453081e-19,-4.293468e-01,8.937733e-01,8.093716e-01
1.737000e-10,0.000000e+00,5.994533e-20,9.334344e-19,-7.022167e-19,-4.293468e-01,8.937733e-01,8.093716e-01
1.738000e-10,0.000000e+00,-4.281809e-20,7.707256e-19,-8.563618e-19,-4.293468e-01,8.937733e-01,8.093716e-01
1.739000e-10,0.000000e+00,-1.712724e-19,6.080169e-19,-9.163071e-19,-4.293468e-01,8.937733e-01,8.093716e-01
1.740000e-10,0.000000e+00,-2.226541e-19,4.624354e-19,-9.334344e-19,-4.293468e-01,8.937733e-01,8.093716e-01
1.741000e-10,0.000000e+00,-2.569085e-19,3.082902e-19,-9.505616e-19,-4.293468e-01,8.937733e-01,8.093716e-01
1.742000e-10,0.000000e+00,-2.911630e-19,1.627087e-19,-9.762524e-19,-4.293468e-01,8.937733e-01,8.093716e-01
1.743000e-10,0.000000e+00,-3.254175e-19,8.563618e-21,-9.848161e-19,-4.293468e-01,8.937733e-01,8.093716e-01
1.744000e-10,0.000000e+00,-3.511083e-19,-1.541451e-19,-9.848161e-19,-4.293468e-01,8.937733e-01,8.093716e-01
1.745000e-10,0.000000e+00,-3.767992e-19,-2.997266e-19,-9.848161e-19,-4.293468e-01,8.937733e-01,8.093716e-01
1.746000e-10,0.000000e+00,-4.281809e-19,-4.281809e-19,-9.848161e-19,-4.293468e-01,8.937733e-01,8.093716e-01
1.747000e-10,0.000000e+00,-4.196173e-19,-4.881262e-19,-9.933797e-19,-4.293468e-01,8.937733e-01,8.093716e-01
1.748000e-10,0.000000e+00,-3.853628e-19,-5.309443e-19,-1.010507e-18,-4.293468e-01,8.937733e-01,8.093716e-01
1.749000e-10,0.000000e+00,-3.425447e-19,-5.737624e-19,-1.019071e-18,-4.293468e-01,8.937733e-01,8.093716e-01
1.750000e-10,0.000000e+00,-2.997266e-19,-6.165805e-19,-1.036198e-18,-4.293468e-01,8.937733e-01,8.093716e-01
1.751000e-10,0.000000e+00,-2.569085e-19,-6.422713e-19,-1.061889e-18,-4.293468e-01,8.937733e-01,8.093716e-01
1.752000e-10,0.000000e+00,-2.140904e-19,-6.679622e-19,-1.087579e-18,-4.293468e-01,8.937733e-01,8.093716e-01
1.753000e-10,0.000000e+00,-1.627087e-19,-6.936531e-19,-1.104707e-18,-4.293468e-01,8.937733e-01,8.093716e-01
1.754000e-10,0.000000e+00,-1.198907e-19,-7.193439e-19,-1.130398e-18,-4.293468e-01,8.937733e-01,8.093716e-01
1.755000e-10,0.000000e+00,-8.563618e-20,-7.535984e-19,-1.104707e-18,-4.293468e-01,8.937733e-01,8.093716e-01
1.756000e-10,-1.096143e-18,-5.138171e-20,-8.135437e-19,-1.027634e-18,-4.293468e-01,8.937733e-01,8.093716e-01
1.757000e-10,0.000000e+00,-8.563618e-21,-8.734890e-19,-9.077435e-19,-4.293468e-01,8.937733e-01,8.093716e-01
1.758000e-10,5.480715e-19,3.425447e-20,-9.248707e-19,-6.936531e-19,-4.293468e-01,8.937733e-01,8.093716e-01
1.759000e-10,-8.221073e-19,0.000000e+00,-8.906163e-19,-4.110537e-19,-4.293468e-01,8.937733e-01,8.093716e-01
1.760000e-10,-8.221073e-19,0.000000e+00,-7.364711e-19,-4.281809e-20,-4.293468e-01,8.937733e-01,8.093716e-01
1.761000e-10,-1.096143e-18,-2.569085e-20,-5.395079e-19,3.596720e-19,-4.293468e-01,8.937733e-01,8.093716e-01
1.762000e-10,5.480715e-19,-1.455815e-19,-2.997266e-19,7.364711e-19,-4.293468e-01,8.937733e-01,8.093716e-01
1.763000e-10,0.000000e+00,-2.397813e-19,0.000000e+00,1.044761e-18,-4.293468e-01,8.937733e-01,8.093716e-01
1.764000e-10,0.000000e+00,-3.339811e-19,3.511083e-19,1.284543e-18,-4.293468e-01,8.937733e-01,8.093716e-01
1.765000e-10,0.000000e+00,-3.853628e-19,7.450348e-19,1.472942e-18,-4.293468e-01,8.937733e-01,8.093716e-01
1.766000e-10,0.000000e+00,-4.024900e-19,1.138961e-18,1.652778e-18,-4.293468e-01,8.937733e-01,8.093716e-01
1.767000e-10,0.000000e+00,-3.853628e-19,1.455815e-18,1.824051e-18,-4.293468e-01,8.937733e-01,8.093716e-01
1.768000e-10,0.000000e+00,-3.339811e-19,1.695596e-18,2.003887e-18,-4.293468e-01,8.937733e-01,8.093716e-01
1.769000e-10,0.000000e+00,-2.397813e-19,1.841178e-18,2.192286e-18,-4.293468e-01,8.937733e-01,8.093716e-01
1.770000e-10,0.000000e+00,-1.712724e-19,1.909687e-18,2.354995e-18,-4.293468e-01,8.937733e-01,8.093716e-01
1.771000e-10,0.000000e+00,-1.027634e-19,1.832614e-18,2.440631e-18,-4.293468e-01,8.937733e-01,8.093716e-01
1.772000e-10,1.096143e-18,-6.850894e-20,1.618524e-18,2.397813e-18,-4.293468e-01,8.937733e-01,8.093716e-01
1.773000e-10,1.096143e-18,-5.138171e-20,1.301670e-18,2.260795e-18,-4.293468e-01,8.937733e-01,8.093716e-01
1.774000e-10,1.370179e-18,0.000000e+00,9.505616e-19,2.072396e-18,-4.293468e-01,8.937733e-01,8.093716e-01
1.775000e-10,1.644215e-18,1.027634e-19,5.737624e-19,1.858305e-18,-4.293468e-01,8.937733e-01,8.093716e-01
1.776000e-10,1.096143e-18,2.226541e-19,2.654722e-19,1.609960e-18,-4.293468e-01,8.937733e-01,8.093716e-01
1.777000e-10,-5.480715e-19,3.168539e-19,-8.563618e-21,1.293106e-18,-4.293468e-01,8.937733e-01,8.093716e-01
1.778000e-10,1.096143e-18,4.110537e-19,-2.569085e-19,9.505616e-19,-4.293468e-01,8.937733e-01,8.093716e-01
1.779000e-10,1.096143e-18,4.709990e-19,-4.624354e-19,5.908896e-19,-4.293468e-01,8.937733e-01,8.093716e-01
1.780000e-10,2.740358e-19,4.966898e-19,-6.337077e-19,2.397813e-19,-4.293468e-01,8.937733e-01,8.093716e-01
1.781000e-10,5.480715e-19,4.281809e-19,-7.621620e-19,-2.569085e-20,-4.293468e-01,8.937733e-01,8.093716e-01
1.782000e-10,5.480715e-19,3.596720e-19,-8.221073e-19,-2.654722e-19,-4.293468e-01,8.937733e-01,8.093716e-01
1.783000e-10,5.480715e-19,2.569085e-19,-8.135437e-19,-5.052535e-19,-4.293468e-01,8.937733e-01,8.093716e-01
1.784000e-10,5.480715e-19,8.563618e-20,-7.193439e-19,-7.450348e-19,-4.293468e-01,8.937733e-01,8.093716e-01
1.785000e-10,5.480715e-19,-1.712724e-19,-5.823260e-19,-9.848161e-19,-4.293468e-01,8.937733e-01,8.093716e-01
1.786000e-10,5.480715e-19,-4.624354e-19,-4.367445e-19,-1.207470e-18,-4.293468e-01,8.937733e-01,8.093716e-01
1.787000e-10,5.480715e-19,-7.450348e-19,-3.168539e-19,-1.370179e-18,-4.293468e-01,8.937733e-01,8.093716e-01
1.788000e-10,-5.480715e-19,-1.027634e-18,-2.397813e-19,-1.447251e-18,-4.293468e-01,8.937733e-01,8.093716e-01
1.789000e-10,-1.644215e-18,-1.310234e-18,-1.798360e-19,-1.430124e-18,-4.293468e-01,8.937733e-01,8.093716e-01
1.790000e-10,2.740358e-19,-1.532888e-18,-1.284543e-19,-1.275979e-18,-4.293468e-01,8.937733e-01,8.093716e-01
1.791000e-10,-5.480715e-19,-1.678469e-18,-8.563618e-20,-9.676888e-19,-4.293468e-01,8.937733e-01,8.093716e-01
1.792000e-10,-8.221073e-19,-1.712724e-18,0.000000e+00,-5.480715e-19,-4.293468e-01,8.937733e-01,8.093716e-01
1.793000e-10,-1.096143e-18,-1.609960e-18,1.455815e-19,-1.027634e-19,-4.293468e-01,8.937733e-01,8.093716e-01
1.794000e-10,-5.480715e-19,-1.438688e-18,3.168539e-19,3.596720e-19,-4.293468e-01,8.937733e-01,8.093716e-01
1.795000e-10,0.000000e+00,-1.173216e-18,4.795626e-19,7.535984e-19,-4.293468e-01,8.937733e-01,8.093716e-01
1.796000e-10,5.480715e-19,-8.820526e-19,5.994533e-19,1.147525e-18,-4.293468e-01,8.937733e-01,8.093716e-01
1.797000e-10,2.740358e-19,-5.395079e-19,6.765258e-19,1.524324e-18,-4.293468e-01,8.937733e-01,8.093716e-01
1.798000e-10,2.740358e-19,-1.712724e-19,7.621620e-19,1.875432e-18,-4.293468e-01,8.937733e-01,8.093716e-01
1.799000e-10,2.740358e-19,1.883996e-19,8.306709e-19,2.149468e-18,-4.293468e-01,8.937733e-01,8.093716e-01
1.800000e-10,2.740358e-19,5.395079e-19,9.248707e-19,2.312177e-18,-4.293468e-01,8.937733e-01,8.093716e-01
1.801000e-10,1.370179e-18,8.563618e-19,1.001943e-18,2.389249e-18,-4.293468e-01,8.937733e-01,8.093716e-01
1.802000e-10,1.370179e-18,1.096143e-18,1.053325e-18,2.354995e-18,-4.293468e-01,8.937733e-01,8.093716e-01
1.803000e-10,5.480715e-19,1.216034e-18,1.104707e-18,2.226541e-18,-4.293468e-01,8.937733e-01,8.093716e-01
1.804000e-10,1.096143e-18,1.267415e-18,1.113270e-18,2.038141e-18,-4.293468e-01,8.937733e-01,8.093716e-01
1.805000e-10,1.370179e-18,1.216034e-18,1.036198e-18,1.849741e-18,-4.293468e-01,8.937733e-01,8.093716e-01
1.806000e-10,1.644215e-18,1.070452e-18,9.077435e-19,1.627087e-18,-4.293468e-01,8.937733e-01,8.093716e-01
1.807000e-10,1.096143e-18,8.734890e-19,7.621620e-19,1.378742e-18,-4.293468e-01,8.937733e-01,8.093716e-01
1.808000e-10,-5.480715e-19,6.422713e-19,6.165805e-19,1.079016e-18,-4.293468e-01,8.937733e-01,8.093716e-01
1.809000e-10,0.000000e+00,3.425447e-19,4.709990e-19,7.621620e-19,-4.293468e-01,8.937733e-01,8.093716e-01
1.810000e-10,0.000000e+00,0.000000e+00,3.168539e-19,4.024900e-19,-4.293468e-01,8.937733e-01,8.093716e-01
1.811000e-10,0.000000e+00,-3.682356e-19,1.712724e-19,6.850894e-20,-4.293468e-01,8.937733e-01,8.093716e-01
1.812000e-10,0.000000e+00,-6.936531e-19,3.425447e-20,-2.483449e-19,-4.293468e-01,8.937733e-01,8.093716e-01
1.813000e-10,0.000000e+00,-9.848161e-19,-1.027634e-19,-5.566352e-19,-4.293468e-01,8.937733e-01,8.093716e-01
1.814000e-10,0.000000e+00,-1.258852e-18,-2.397813e-19,-8.135437e-19,-4.293468e-01,8.937733e-01,8.093716e-01
1.815000e-10,0.000000e+00,-1.507197e-18,-3.596720e-19,-9.762524e-19,-4.293468e-01,8.937733e-01,8.093716e-01
1.816000e-10,0.000000e+00,-1.618524e-18,-4.367445e-19,-1.053325e-18,-4.293468e-01,8.937733e-01,8.093716e-01
1.817000e-10,0.000000e+00,-1.584269e-18,-4.881262e-19,-1.087579e-18,-4.293468e-01,8.937733e-01,8.093716e-01
1.818000e-10,0.000000e+00,-1.430124e-18,-5.052535e-19,-1.104707e-18,-4.293468e-01,8.937733e-01,8.093716e-01
1.819000e-10,0.000000e+00,-1.173216e-18,-4.881262e-19,-1.138961e-18,-4.293468e-01,8.937733e-01,8.093716e-01
1.820000e-10,0.000000e+00,-9.077435e-19,-3.767992e-19,-1.130398e-18,-4.293468e-01,8.937733e-01,8.093716e-01
1.821000e-10,-1.096143e-18,-6.251441e-19,-2.483449e-19,-1.053325e-18,-4.293468e-01,8.937733e-01,8.093716e-01
1.822000e-10,0.000000e+00,-2.825994e-19,-1.198907e-19,-9.419980e-19,-4.293468e-01,8.937733e-01,8.093716e-01
1.823000e-10,5.480715e-19,7.707256e-20,-8.563618e-21,-7.964165e-19,-4.293468e-01,8.937733e-01,8.093716e-01
1.824000e-10,2.740358e-19,4.281809e-19,9.419980e-20,-5.823260e-19,-4.293468e-01,8.937733e-01,8.093716e-01
1.825000e-10,-8.221073e-19,7.792892e-19,2.055268e-19,-2.911630e-19,-4.293468e-01,8.937733e-01,8.093716e-01
1.826000e-10,-8.221073e-19,1.087579e-18,2.911630e-19,1.113270e-19,-4.293468e-01,8.937733e-01,8.093716e-01
1.827000e-10,-1.096143e-18,1.318797e-18,3.596720e-19,5.566352e-19,-4.293468e-01,8.937733e-01,8.093716e-01
1.828000e-10,5.480715e-19,1.404433e-18,4.196173e-19,9.762524e-19,-4.293468e-01,8.937733e-01,8.093716e-01
1.829000e-10,0.000000e+00,1.335924e-18,4.538718e-19,1.327361e-18,-4.293468e-01,8.937733e-01,8.093716e-01
1.830000e-10,0.000000e+00,1.173216e-18,4.196173e-19,1.601397e-18,-4.293468e-01,8.937733e-01,8.093716e-01
1.831000e-10,0.000000e+00,9.334344e-19,3.511083e-19,1.806923e-18,-4.293468e-01,8.937733e-01,8.093716e-01
1.832000e-10,0.000000e+00,6.679622e-19,2.911630e-19,1.943941e-18,-4.293468e-01,8.937733e-01,8.093716e-01
1.833000e-10,0.000000e+00,3.682356e-19,2.226541e-19,2.021014e-18,-4.293468e-01,8.937733e-01,8.093716e-01
1.834000e-10,0.000000e+00,6.850894e-20,1.541451e-19,2.046705e-18,-4.293468e-01,8.937733e-01,8.093716e-01
1.835000e-10,0.000000e+00,-2.825994e-19,8.563618e-20,2.063832e-18,-4.293468e-01,8.937733e-01,8.093716e-01
1.836000e-10,0.000000e+00,-6.422713e-19,1.712724e-20,2.072396e-18,-4.293468e-01,8.937733e-01,8.093716e-01
1.837000e-10,0.000000e+00,-9.762524e-19,-4.281809e-20,2.072396e-18,-4.293468e-01,8.937733e-01,8.093716e-01
1.838000e-10,0.000000e+00,-1.301670e-18,-1.113270e-19,2.072396e-18,-4.293468e-01,8.937733e-01,8.093716e-01
1.839000e-10,0.000000e+00,-1.592833e-18,-1.798360e-19,2.072396e-18,-4.293468e-01,8.937733e-01,8.093716e-01
1.840000e-10,0.000000e+00,-1.815487e-18,-2.569085e-19,2.072396e-18,-4.293468e-01,8.937733e-01,8.093716e-01
1.841000e-10,0.000000e+00,-1.909687e-18,-2.997266e-19,2.072396e-18,-4.293468e-01,8.937733e-01,8.093716e-01
1.842000e-10,0.000000e+00,-1.892560e-18,-2.997266e-19,2.063832e-18,-4.293468e-01,8.937733e-01,8.093716e-01
1.843000e-10,0.000000e+00,-1.789796e-18,-2.055268e-19,2.046705e-18,-4.293468e-01,8.937733e-01,8.093716e-01
1.844000e-10,0.000000e+00,-1.558578e-18,-5.138171e-20,2.021014e-18,-4.293468e-01,8.937733e-01,8.093716e-01
1.845000e-10,0.000000e+00,-1.233161e-18,1.113270e-19,2.003887e-18,-4.293468e-01,8.937733e-01,8.093716e-01
1.846000e-10,0.000000e+00,-8.906163e-19,2.740358e-19,1.986759e-18,-4.293468e-01,8.937733e-01,8.093716e-01
1.847000e-10,0.000000e+00,-5.566352e-19,4.367445e-19,1.978196e-18,-4.293468e-01,8.937733e-01,8.093716e-01
1.848000e-10,0.000000e+00,-2.312177e-19,5.994533e-19,1.961069e-18,-4.293468e-01,8.937733e-01,8.093716e-01
1.849000e-10,0.000000e+00,8.563618e-20,7.621620e-19,1.935378e-18,-4.293468e-01,8.937733e-01,8.093716e-01
1.850000e-10,0.000000e+00,3.682356e-19,9.077435e-19,1.935378e-18,-4.293468e-01,8.937733e-01,8.093716e-01
1.851000e-10,0.000000e+00,6.165805e-19,9.505616e-19,1.952505e-18,-4.293468e-01,8.937733e-01,8.093716e-01
1.852000e-10,0.000000e+00,7.792892e-19,9.334344e-19,1.969632e-18,-4.293468e-01,8.937733e-01,8.093716e-01
1.853000e-10,0.000000e+00,8.563618e-19,8.221073e-19,1.986759e-18,-4.293468e-01,8.937733e-01,8.093716e-01
1.854000e-10,0.000000e+00,8.477982e-19,6.936531e-19,2.003887e-18,-4.293468e-01,8.937733e-01,8.093716e-01
1.855000e-10,0.000000e+00,7.279075e-19,5.223807e-19,2.038141e-18,-4.293468e-01,8.937733e-01,8.093716e-01
1.856000e-10,0.000000e+00,5.395079e-19,3.254175e-19,2.089523e-18,-4.293468e-01,8.937733e-01,8.093716e-01
1.857000e-10,0.000000e+00,3.168539e-19,1.113270e-19,2.149468e-18,-4.293468e-01,8.937733e-01,8.093716e-01
1.858000e-10,0.000000e+00,3.425447e-20,-1.027634e-19,2.217977e-18,-4.293468e-01,8.937733e-01,8.093716e-01
1.859000e-10,0.000000e+00,-2.483449e-19,-3.254175e-19,2.286486e-18,-4.293468e-01,8.937733e-01,8.093716e-01
1.860000e-10,0.000000e+00,-5.138171e-19,-5.566352e-19,2.346431e-18,-4.293468e-01,8.937733e-01,8.093716e-01
1.861000e-10,0.000000e+00,-7.707256e-19,-7.964165e-19,2.406377e-18,-4.293468e-01,8.937733e-01,8.093716e-01
1.862000e-10,0.000000e+00,-1.019071e-18,-1.019071e-18,2.440631e-18,-4.293468e-01,8.937733e-01,8.093716e-01
1.863000e-10,0.000000e+00,-1.224597e-18,-1.113270e-18,2.414940e-18,-4.293468e-01,8.937733e-01,8.093716e-01
1.864000e-10,1.096143e-18,-1.344488e-18,-1.044761e-18,2.260795e-18,-4.293468e-01,8.937733e-01,8.093716e-01
1.865000e-10,1.096143e-18,-1.327361e-18,-8.306709e-19,1.961069e-18,-4.293468e-01,8.937733e-01,8.093716e-01
1.866000e-10,2.466322e-18,-1.198907e-18,-4.709990e-19,1.541451e-18,-4.293468e-01,8.937733e-01,8.093716e-01
1.867000e-10,1.644215e-18,-9.676888e-19,-6.850894e-20,1.087579e-18,-4.293468e-01,8.937733e-01,8.093716e-01
1.868000e-10,1.370179e-18,-6.679622e-19,3.596720e-19,6.508350e-19,-4.293468e-01,8.937733e-01,8.093716e-01
1.869000e-10,0.000000e+00,-3.082902e-19,7.792892e-19,3.254175e-19,-4.293468e-01,8.937733e-01,8.093716e-01
1.870000e-10,5.480715e-19,5.138171e-20,1.156088e-18,8.563618e-20,-4.293468e-01,8.937733e-01,8.093716e-01
1.871000e-10,5.480715e-19,3.254175e-19,1.387306e-18,-7.707256e-20,-4.293468e-01,8.937733e-01,8.093716e-01
1.872000e-10,5.480715e-19,5.737624e-19,1.481506e-18,-2.140904e-19,-4.293468e-01,8.937733e-01,8.093716e-01
1.873000e-10,-5.480715e-19,7.107803e-19,1.472942e-18,-2.997266e-19,-4.293468e-01,8.937733e-01,8.093716e-01
1.874000e-10,-5.480715e-19,7.621620e-19,1.353052e-18,-3.511083e-19,-4.293468e-01,8.937733e-01,8.093716e-01
1.875000e-10,2.740358e-19,7.450348e-19,1.164652e-18,-3.682356e-19,-4.293468e-01,8.937733e-01,8.093716e-01
1.876000e-10,0.000000e+00,6.422713e-19,9.334344e-19,-3.939264e-19,-4.293468e-01,8.937733e-01,8.093716e-01
1.877000e-10,0.000000e+00,4.795626e-19,6.679622e-19,-4.110537e-19,-4.293468e-01,8.937733e-01,8.093716e-01
1.878000e-10,0.000000e+00,2.569085e-19,4.110537e-19,-4.196173e-19,-4.293468e-01,8.937733e-01,8.093716e-01
1.879000e-10,0.000000e+00,2.569085e-20,1.627087e-19,-4.367445e-19,-4.293468e-01,8.937733e-01,8.093716e-01
1.880000e-10,0.000000e+00,-2.055268e-19,-9.419980e-20,-4.538718e-19,-4.293468e-01,8.937733e-01,8.093716e-01
1.881000e-10,0.000000e+00,-4.281809e-19,-3.511083e-19,-4.795626e-19,-4.293468e-01,8.937733e-01,8.093716e-01
1.882000e-10,0.000000e+00,-6.337077e-19,-5.737624e-19,-4.966898e-19,-4.293468e-01,8.937733e-01,8.093716e-01
1.883000e-10,0.000000e+00,-8.135437e-19,-7.279075e-19,-5.223807e-19,-4.293468e-01,8.937733e-01,8.093716e-01
1.884000e-10,0.000000e+00,-8.991799e-19,-7.792892e-19,-5.737624e-19,-4.293468e-01,8.937733e-01,8.093716e-01
1.885000e-10,0.000000e+00,-9.248707e-19,-7.535984e-19,-6.251441e-19,-4.293468e-01,8.937733e-01,8.093716e-01
1.886000e-10,0.000000e+00,-8.906163e-19,-6.337077e-19,-6.850894e-19,-4.293468e-01,8.937733e-01,8.093716e-01
1.887000e-10,0.000000e+00,-7.364711e-19,-4.453081e-19,-7.535984e-19,-4.293468e-01,8.937733e-01,8.093716e-01
1.888000e-10,0.000000e+00,-5.566352e-19,-1.883996e-19,-8.221073e-19,-4.293468e-01,8.937733e-01,8.093716e-01
1.889000e-10,0.000000e+00,-3.767992e-19,1.370179e-19,-8.563618e-19,-4.293468e-01,8.937733e-01,8.093716e-01
1.890000e-10,-1.096143e-18,-1.798360e-19,4.795626e-19,-8.221073e-19,-4.293468e-01,8.937733e-01,8.093716e-01
1.891000e-10,0.000000e+00,3.425447e-20,8.135437e-19,-7.450348e-19,-4.293468e-01,8.937733e-01,8.093716e-01
1.892000e-10,5.480715e-19,2.397813e-19,1.113270e-18,-6.679622e-19,-4.293468e-01,8.937733e-01,8.093716e-01
1.893000e-10,2.740358e-19,3.767992e-19,1.301670e-18,-5.395079e-19,-4.293468e-01,8.937733e-01,8.093716e-01
1.894000e-10,2.740358e-19,4.966898e-19,1.395870e-18,-3.254175e-19,-4.293468e-01,8.937733e-01,8.093716e-01
1.895000e-10,-8.221073e-19,5.480715e-19,1.378742e-18,-3.425447e-20,-4.293468e-01,8.937733e-01,8.093716e-01
1.896000e-10,-8.221073e-19,5.052535e-19,1.224597e-18,3.254175e-19,-4.293468e-01,8.937733e-01,8.093716e-01
1.897000e-10,-1.096143e-18,3.939264e-19,1.010507e-18,7.621620e-19,-4.293468e-01,8.937733e-01,8.093716e-01
1.898000e-10,5.480715e-19,2.397813e-19,7.279075e-19,1.190343e-18,-4.293468e-01,8.937733e-01,8.093716e-01
1.899000e-10,0.000000e+00,2.569085e-20,3.853628e-19,1.532888e-18,-4.293468e-01,8.937733e-01,8.093716e-01
1.900000e-10,0.000000e+00,-2.397813e-19,2.569085e-20,1.789796e-18,-4.293468e-01,8.937733e-01,8.093716e-01
1.901000e-10,1.096143e-18,-4.709990e-19,-2.997266e-19,1.883996e-18,-4.293468e-01,8.937733e-01,8.093716e-01
1.902000e-10,1.096143e-18,-6.679622e-19,-6.251441e-19,1.858305e-18,-4.293468e-01,8.937733e-01,8.093716e-01
1.903000e-10,1.370179e-18,-8.649254e-19,-8.563618e-19,1.729851e-18,-4.293468e-01,8.937733e-01,8.093716e-01
1.904000e-10,1.644215e-18,-1.036198e-18,-9.762524e-19,1.498633e-18,-4.293468e-01,8.937733e-01,8.093716e-01
1.905000e-10,1.096143e-18,-1.121834e-18,-9.676888e-19,1.241725e-18,-4.293468e-01,8.937733e-01,8.093716e-01
1.906000e-10,-5.480715e-19,-1.147525e-18,-8.477982e-19,9.334344e-19,-4.293468e-01,8.937733e-01,8.093716e-01
1.907000e-10,0.000000e+00,-1.096143e-18,-6.936531e-19,6.165805e-19,-4.293468e-01,8.937733e-01,8.093716e-01
1.908000e-10,0.000000e+00,-9.933797e-19,-4.881262e-19,3.339811e-19,-4.293468e-01,8.937733e-01,8.093716e-01
1.909000e-10,0.000000e+00,-7.621620e-19,-2.055268e-19,7.707256e-20,-4.293468e-01,8.937733e-01,8.093716e-01
1.910000e-10,0.000000e+00,-4.538718e-19,7.707256e-20,-1.541451e-19,-4.293468e-01,8.937733e-01,8.093716e-01
1.911000e-10,0.000000e+00,-1.370179e-19,3.511083e-19,-3.767992e-19,-4.293468e-01,8.937733e-01,8.093716e-01
1.912000e-10,0.000000e+00,1.455815e-19,5.994533e-19,-5.823260e-19,-4.293468e-01,8.937733e-01,8.093716e-01
1.913000e-10,0.000000e+00,3.853628e-19,7.878528e-19,-7.621620e-19,-4.293468e-01,8.937733e-01,8.093716e-01
1.914000e-10,0.000000e+00,5.480715e-19,9.248707e-19,-8.563618e-19,-4.293468e-01,8.937733e-01,8.093716e-01
1.915000e-10,0.000000e+00,6.080169e-19,9.762524e-19,-8.649254e-19,-4.293468e-01,8.937733e-01,8.093716e-01
1.916000e-10,-1.096143e-18,5.309443e-19,9.505616e-19,-7.878528e-19,-4.293468e-01,8.937733e-01,8.093716e-01
1.917000e-10,0.000000e+00,3.596720e-19,8.563618e-19,-6.679622e-19,-4.293468e-01,8.937733e-01,8.093716e-01
1.918000e-10,5.480715e-19,1.455815e-19,7.279075e-19,-4.538718e-19,-4.293468e-01,8.937733e-01,8.093716e-01
1.919000e-10,-8.221073e-19,-6.850894e-20,5.223807e-19,-1.113270e-19,-4.293468e-01,8.937733e-01,8.093716e-01
1.920000e-10,-8.221073e-19,-2.997266e-19,2.654722e-19,3.254175e-19,-4.293468e-01,8.937733e-01,8.093716e-01
1.921000e-10,-1.096143e-18,-5.737624e-19,8.563618e-21,7.878528e-19,-4.293468e-01,8.937733e-01,8.093716e-01
1.922000e-10,5.480715e-19,-8.392346e-19,-2.569085e-19,1.181779e-18,-4.293468e-01,8.937733e-01,8.093716e-01
1.923000e-10,0.000000e+00,-1.096143e-18,-5.138171e-19,1.558578e-18,-4.293468e-01,8.937733e-01,8.093716e-01
1.924000e-10,0.000000e+00,-1.335924e-18,-7.707256e-19,1.918250e-18,-4.293468e-01,8.937733e-01,8.093716e-01
1.925000e-10,0.000000e+00,-1.550015e-18,-1.010507e-18,2.269359e-18,-4.293468e-01,8.937733e-01,8.093716e-01
1.926000e-10,0.000000e+00,-1.618524e-18,-1.138961e-18,2.577649e-18,-4.293468e-01,8.937733e-01,8.093716e-01
1.927000e-10,0.000000e+00,-1.627087e-18,-1.121834e-18,2.834558e-18,-4.293468e-01,8.937733e-01,8.093716e-01
1.928000e-10,0.000000e+00,-1.455815e-18,-9.419980e-19,2.971575e-18,-4.293468e-01,8.937733e-01,8.093716e-01
1.929000e-10,1.096143e-18,-1.130398e-18,-6.765258e-19,2.937321e-18,-4.293468e-01,8.937733e-01,8.093716e-01
1.930000e-10,1.096143e-18,-7.878528e-19,-4.110537e-19,2.766049e-18,-4.293468e-01,8.937733e-01,8.093716e-01
1.931000e-10,2.466322e-18,-5.052535e-19,-1.284543e-19,2.423504e-18,-4.293468e-01,8.937733e-01,8.093716e-01
1.932000e-10,1.644215e-18,-2.569085e-19,1.455815e-19,1.995323e-18,-4.293468e-01,8.937733e-01,8.093716e-01
1.933000e-10,1.370179e-18,-3.425447e-20,4.196173e-19,1.584269e-18,-4.293468e-01,8.937733e-01,8.093716e-01
1.934000e-10,0.000000e+00,2.397813e-19,6.765258e-19,1.156088e-18,-4.293468e-01,8.937733e-01,8.093716e-01
1.935000e-10,5.480715e-19,5.823260e-19,9.334344e-19,7.107803e-19,-4.293468e-01,8.937733e-01,8.093716e-01
1.936000e-10,5.480715e-19,9.163071e-19,1.164652e-18,2.740358e-19,-4.293468e-01,8.937733e-01,8.093716e-01
1.937000e-10,5.480715e-19,1.216034e-18,1.378742e-18,-1.627087e-19,-4.293468e-01,8.937733e-01,8.093716e-01
1.938000e-10,5.480715e-19,1.438688e-18,1.541451e-18,-5.651988e-19,-4.293468e-01,8.937733e-01,8.093716e-01
1.939000e-10,5.480715e-19,1.515760e-18,1.644215e-18,-9.163071e-19,-4.293468e-01,8.937733e-01,8.093716e-01
1.940000e-10,5.480715e-19,1.455815e-18,1.644215e-18,-1.190343e-18,-4.293468e-01,8.937733e-01,8.093716e-01
1.941000e-10,5.480715e-19,1.301670e-18,1.550015e-18,-1.344488e-18,-4.293468e-01,8.937733e-01,8.093716e-01
1.942000e-10,-5.480715e-19,1.096143e-18,1.378742e-18,-1.353052e-18,-4.293468e-01,8.937733e-01,8.093716e-01
1.943000e-10,-1.644215e-18,8.563618e-19,1.164652e-18,-1.224597e-18,-4.293468e-01,8.937733e-01,8.093716e-01
1.944000e-10,2.740358e-19,5.480715e-19,9.077435e-19,-9.676888e-19,-4.293468e-01,8.937733e-01,8.093716e-01
1.945000e-10,-1.644215e-18,1.969632e-19,6.251441e-19,-5.480715e-19,-4.293468e-01,8.937733e-01,8.093716e-01
1.946000e-10,-8.221073e-19,-1.712724e-19,3.511083e-19,-5.138171e-20,-4.293468e-01,8.937733e-01,8.093716e-01
1.947000e-10,5.480715e-19,-4.966898e-19,9.419980e-20,4.281809e-19,-4.293468e-01,8.937733e-01,8.093716e-01
1.948000e-10,0.000000e+00,-7.878528e-19,-1.627087e-19,8.563618e-19,-4.293468e-01,8.937733e-01,8.093716e-01
1.949000e-10,0.000000e+00,-1.061889e-18,-4.196173e-19,1.216034e-18,-4.293468e-01,8.937733e-01,8.093716e-01
1.950000e-10,0.000000e+00,-1.327361e-18,-6.765258e-19,1.507197e-18,-4.293468e-01,8.937733e-01,8.093716e-01
1.951000e-10,0.000000e+00,-1.558578e-18,-9.334344e-19,1.789796e-18,-4.293468e-01,8.937733e-01,8.093716e-01
1.952000e-10,0.000000e+00,-1.729851e-18,-1.130398e-18,2.063832e-18,-4.293468e-01,8.937733e-01,8.093716e-01
1.953000e-10,0.000000e+00,-1.729851e-18,-1.250288e-18,2.320740e-18,-4.293468e-01,8.937733e-01,8.093716e-01
1.954000e-10,0.000000e+00,-1.550015e-18,-1.293106e-18,2.560522e-18,-4.293468e-01,8.937733e-01,8.093716e-01
1.955000e-10,0.000000e+00,-1.250288e-18,-1.258852e-18,2.731794e-18,-4.293468e-01,8.937733e-01,8.093716e-01
1.956000e-10,0.000000e+00,-8.392346e-19,-1.121834e-18,2.800303e-18,-4.293468e-01,8.937733e-01,8.093716e-01
1.957000e-10,1.096143e-18,-4.110537e-19,-8.991799e-19,2.714667e-18,-4.293468e-01,8.937733e-01,8.093716e-01
1.958000e-10,1.096143e-18,8.563618e-21,-6.251441e-19,2.492013e-18,-4.293468e-01,8.937733e-01,8.093716e-01
1.959000e-10,2.466322e-18,3.425447e-19,-3.082902e-19,2.149468e-18,-4.293468e-01,8.937733e-01,8.093716e-01
1.960000e-10,1.644215e-18,6.337077e-19,0.000000e+00,1.755542e-18,-4.293468e-01,8.937733e-01,8.093716e-01
1.961000e-10,1.370179e-18,7.964165e-19,2.740358e-19,1.370179e-18,-4.293468e-01,8.937733e-01,8.093716e-01
1.962000e-10,0.000000e+00,8.649254e-19,5.138171e-19,1.027634e-18,-4.293468e-01,8.937733e-01,8.093716e-01
1.963000e-10,5.480715e-19,8.734890e-19,7.450348e-19,7.450348e-19,-4.293468e-01,8.937733e-01,8.093716e-01
1.964000e-10,5.480715e-19,8.306709e-19,9.419980e-19,4.795626e-19,-4.293468e-01,8.937733e-01,8.093716e-01
1.965000e-10,5.480715e-19,6.593986e-19,1.027634e-18,2.140904e-19,-4.293468e-01,8.937733e-01,8.093716e-01
1.966000e-10,5.480715e-19,3.511083e-19,1.061889e-18,-4.281809e-20,-4.293468e-01,8.937733e-01,8.093716e-01
1.967000e-10,5.480715e-19,-1.712724e-20,1.010507e-18,-2.911630e-19,-4.293468e-01,8.937733e-01,8.093716e-01
1.968000e-10,5.480715e-19,-3.767992e-19,8.906163e-19,-5.309443e-19,-4.293468e-01,8.937733e-01,8.093716e-01
1.969000e-10,5.480715e-19,-7.279075e-19,7.535984e-19,-7.535984e-19,-4.293468e-01,8.937733e-01,8.093716e-01
1.970000e-10,5.480715e-19,-1.036198e-18,5.994533e-19,-9.591252e-19,-4.293468e-01,8.937733e-01,8.093716e-01
1.971000e-10,5.480715e-19,-1.310234e-18,4.538718e-19,-1.164652e-18,-4.293468e-01,8.937733e-01,8.093716e-01
1.972000e-10,5.480715e-19,-1.567142e-18,3.168539e-19,-1.327361e-18,-4.293468e-01,8.937733e-01,8.093716e-01
1.973000e-10,5.480715e-19,-1.798360e-18,1.883996e-19,-1.421561e-18,-4.293468e-01,8.937733e-01,8.093716e-01
1.974000e-10,-5.480715e-19,-1.883996e-18,1.113270e-19,-1.412997e-18,-4.293468e-01,8.937733e-01,8.093716e-01
1.975000e-10,-1.644215e-18,-1.798360e-18,7.707256e-20,-1.318797e-18,-4.293468e-01,8.937733e-01,8.093716e-01
1.976000e-10,2.740358e-19,-1.575706e-18,0.000000e+00,-1.164652e-18,-4.293468e-01,8.937733e-01,8.093716e-01
1.977000e-10,5.480715e-19,-1.198907e-18,-7.707256e-20,-8.991799e-19,-4.293468e-01,8.937733e-01,8.093716e-01
1.978000e-10,-8.221073e-19,-7.792892e-19,-1.712724e-19,-5.395079e-19,-4.293468e-01,8.937733e-01,8.093716e-01
1.979000e-10,-8.221073e-19,-3.767992e-19,-2.654722e-19,-9.419980e-20,-4.293468e-01,8.937733e-01,8.093716e-01
1.980000e-10,-1.096143e-18,-1.712724e-20,-3.596720e-19,3.767992e-19,-4.293468e-01,8.937733e-01,8.093716e-01
1.981000e-10,5.480715e-19,2.825994e-19,-4.709990e-19,8.306709e-19,-4.293468e-01,8.937733e-01,8.093716e-01
1.982000e-10,0.000000e+00,4.881262e-19,-5.908896e-19,1.207470e-18,-4.293468e-01,8.937733e-01,8.093716e-01
1.983000e-10,0.000000e+00,6.251441e-19,-6.936531e-19,1.550015e-18,-4.293468e-01,8.937733e-01,8.093716e-01
1.984000e-10,0.000000e+00,6.936531e-19,-8.049801e-19,1.892560e-18,-4.293468e-01,8.937733e-01,8.093716e-01
1.985000e-10,0.000000e+00,6.936531e-19,-8.820526e-19,2.209413e-18,-4.293468e-01,8.937733e-01,8.093716e-01
1.986000e-10,0.000000e+00,6.251441e-19,-8.649254e-19,2.457758e-18,-4.293468e-01,8.937733e-01,8.093716e-01
1.987000e-10,0.000000e+00,5.823260e-19,-6.936531e-19,2.594776e-18,-4.293468e-01,8.937733e-01,8.093716e-01
1.988000e-10,0.000000e+00,5.223807e-19,-4.110537e-19,2.551958e-18,-4.293468e-01,8.937733e-01,8.093716e-01
1.989000e-10,1.096143e-18,4.196173e-19,-5.994533e-20,2.363559e-18,-4.293468e-01,8.937733e-01,8.093716e-01
1.990000e-10,1.096143e-18,2.483449e-19,3.254175e-19,2.072396e-18,-4.293468e-01,8.937733e-01,8.093716e-01
1.991000e-10,1.370179e-18,4.281809e-20,7.364711e-19,1.729851e-18,-4.293468e-01,8.937733e-01,8.093716e-01
1.992000e-10,5.480715e-19,-1.627087e-19,1.121834e-18,1.395870e-18,-4.293468e-01,8.937733e-01,8.093716e-01
1.993000e-10,0.000000e+00,-3.939264e-19,1.438688e-18,1.087579e-18,-4.293468e-01,8.937733e-01,8.093716e-01
1.994000e-10,2.740358e-19,-6.080169e-19,1.687033e-18,8.049801e-19,-4.293468e-01,8.937733e-01,8.093716e-01
1.995000e-10,1.370179e-18,-7.792892e-19,1.832614e-18,5.223807e-19,-4.293468e-01,8.937733e-01,8.093716e-01
1.996000e-10,1.370179e-18,-9.077435e-19,1.901123e-18,2.654722e-19,-4.293468e-01,8.937733e-01,8.093716e-01
1.997000e-10,-5.480715e-19,-9.933797e-19,1.875432e-18,4.281809e-20,-4.293468e-01,8.937733e-01,8.093716e-01
1.998000e-10,0.000000e+00,-1.087579e-18,1.772669e-18,-1.455815e-19,-4.293468e-01,8.937733e-01,8.093716e-01
1.999000e-10,0.000000e+00,-1.130398e-18,1.609960e-18,-3.254175e-19,-4.293468e-01,8.937733e-01,8.093716e-01
