case,role,window,kind,signal,unit,n,min,max,median,mean,p2p,signed_integral,dynamic_integral,baseline_median
C13.logical1_read,logical1_read,PRE,branch_current,source,A,1120,-3.127106e-08,3.437544e-08,1.3572465e-09,8.673298474642859e-10,6.56465e-08,1.2012625639500099e-20,-6.97185977924989e-21,1.3572465e-09
C13.logical1_read,logical1_read,PRE,branch_current,lin,A,1120,-3.127106e-08,3.437544e-08,1.3572465e-09,8.673298474642859e-10,6.56465e-08,1.2012625639500099e-20,-6.97185977924989e-21,1.3572465e-09
C13.logical1_read,logical1_read,PRE,branch_current,BJs,A,1120,-3.127106e-08,3.437544e-08,1.3572465e-09,8.673298474642859e-10,6.56465e-08,1.2012625639500099e-20,-6.97185977924989e-21,1.3572465e-09
C13.logical1_read,logical1_read,PRE,branch_current,BJL1,A,1120,1.509113e-05,1.514937e-05,1.5120680000000001e-05,1.512091329464286e-05,5.823999999999997e-08,2.1150369037499998e-16,3.1788749999852046e-21,1.5120680000000001e-05
C13.logical1_read,logical1_read,PRE,branch_current,BJL2,A,1120,1.986403e-05,1.989411e-05,1.9878755e-05,1.9878640026785715e-05,3.008000000000023e-08,2.7805241325e-16,-1.672312500005725e-21,1.9878755e-05
C13.logical1_read,logical1_read,PRE,branch_current,L0,A,1120,-2.190011e-08,2.433928e-08,4.953736e-10,4.173337154017858e-10,4.623939e-08,5.9297160781248545e-21,-9.993221518751482e-22,4.953736e-10
C13.logical1_read,logical1_read,PRE,branch_current,L1,A,1120,-1.515323e-05,-1.508671e-05,-1.5120135e-05,-1.5120628330357141e-05,6.651999999999983e-08,-2.11499732375e-16,-6.84406249999677e-21,-1.5120135e-05
C13.logical1_read,logical1_read,PRE,branch_current,L2,A,1120,1.984677e-05,1.991329e-05,1.9879865e-05,1.9879371669642858e-05,6.652000000000152e-08,2.78062767625e-16,-6.844062500002157e-21,1.9879865e-05
C13.logical1_read,logical1_read,PRE,branch_current,RB,A,1120,3.5e-05,3.5e-05,3.5e-05,3.499999999999998e-05,0.0,4.895625e-16,0.0,3.5e-05
C13.logical1_read,logical1_read,PRE,branch_current,RJ1,A,1120,-2.236462e-08,2.481971e-08,7.905657e-10,5.822076554464288e-10,4.718433e-08,8.052407220000086e-21,-3.0056305087499063e-21,7.905657e-10
C13.logical1_read,logical1_read,PRE,branch_current,RJ2,A,1120,-1.067957e-08,1.186571e-08,4.4979055e-10,3.144701384482143e-10,2.254528e-08,4.426936719524946e-21,-1.8645085986000563e-21,4.4979055e-10
C13.logical1_read,logical1_read,PRE,kcl_residual,input,A,1120,,,,,,,,
C13.logical1_read,logical1_read,PRE,kcl_residual,node2,A,1120,,,,,,,,
C13.logical1_read,logical1_read,PRE,kcl_residual,node3,A,1120,,,,,,,,
C13.logical1_read,logical1_read,PRE,kcl_residual,node4,A,1120,,,,,,,,
C13.logical1_read,logical1_read,ACTIVE,branch_current,source,A,2880,-1.449177e-05,7.90668e-05,1.7849015e-05,2.397719269659727e-05,9.355857000000001e-05,8.631984286286893e-16,8.631495847202703e-16,1.3572465e-09
C13.logical1_read,logical1_read,ACTIVE,branch_current,lin,A,2880,-1.449177e-05,7.90668e-05,1.7849015e-05,2.397719269659727e-05,9.355857000000001e-05,8.631984286286893e-16,8.631495847202703e-16,1.3572465e-09
C13.logical1_read,logical1_read,ACTIVE,branch_current,BJs,A,2880,-1.449177e-05,7.90668e-05,1.7849015e-05,2.397719269659727e-05,9.355857000000001e-05,8.631984286286893e-16,8.631495847202703e-16,1.3572465e-09
C13.logical1_read,logical1_read,ACTIVE,branch_current,BJL1,A,2880,-5.33618e-05,5.192646e-05,1.7629589999999997e-05,2.040251301184375e-05,0.00010528826,7.343198799888752e-16,1.9016440848887497e-16,1.5120680000000001e-05
C13.logical1_read,logical1_read,ACTIVE,branch_current,BJL2,A,2880,-5.706681e-05,6.116318e-05,2.4087234999999998e-05,2.8455465684909723e-05,0.00011822999,1.0241520700317504e-15,3.0876537446925007e-16,1.9878755e-05
C13.logical1_read,logical1_read,ACTIVE,branch_current,L0,A,2880,-1.057206e-05,8.980139e-05,1.802912e-06,5.751768056861056e-06,0.00010037345,2.0705597454181042e-16,2.0703814728438045e-16,4.953736e-10
C13.logical1_read,logical1_read,ACTIVE,branch_current,L1,A,2880,-2.752913e-05,7.770737e-05,-4.958428e-06,1.8236825277013886e-06,0.0001052365,6.583489524724975e-17,6.0997075355975e-16,-1.5120135e-05
C13.logical1_read,logical1_read,ACTIVE,branch_current,L2,A,2880,7.470873e-06,0.0001127074,3.0041575e-05,3.682368263541667e-05,0.000105236527,1.3253973991250005e-15,6.099707574375e-16,1.9879865e-05
C13.logical1_read,logical1_read,ACTIVE,branch_current,RB,A,2880,3.5e-05,3.5e-05,3.5e-05,3.499999999999999e-05,0.0,1.2595625000000004e-15,0.0,3.5e-05
C13.logical1_read,logical1_read,ACTIVE,branch_current,RJ1,A,2880,-8.102497e-06,2.25331e-05,1.207097e-06,1.7509971813427255e-06,3.0635597e-05,6.304365428611935e-17,6.30152038029906e-17,7.905657e-10
C13.logical1_read,logical1_read,ACTIVE,branch_current,RJ2,A,2880,-4.895415e-06,4.144465e-05,8.545876499999999e-07,2.61644879847482e-06,4.6340065000000005e-05,9.418935110787473e-17,9.41731642704566e-17,4.4979055e-10
C13.logical1_read,logical1_read,ACTIVE,kcl_residual,input,A,2880,,,,,,,,
C13.logical1_read,logical1_read,ACTIVE,kcl_residual,node2,A,2880,,,,,,,,
C13.logical1_read,logical1_read,ACTIVE,kcl_residual,node3,A,2880,,,,,,,,
C13.logical1_read,logical1_read,ACTIVE,kcl_residual,node4,A,2880,,,,,,,,
C13.logical1_read,logical1_read,TRANSITION,branch_current,source,A,800,-4.864619e-06,4.790866e-06,-2.440854e-07,-2.2714293447099996e-07,9.655485e-06,-2.2577460072100144e-18,-2.2713015066287655e-18,1.3572465e-09
C13.logical1_read,logical1_read,TRANSITION,branch_current,lin,A,800,-4.864619e-06,4.790866e-06,-2.440854e-07,-2.2714293447099996e-07,9.655485e-06,-2.2577460072100144e-18,-2.2713015066287655e-18,1.3572465e-09
C13.logical1_read,logical1_read,TRANSITION,branch_current,BJs,A,800,-4.864619e-06,4.790866e-06,-2.440854e-07,-2.2714293447099996e-07,9.655485e-06,-2.2577460072100144e-18,-2.2713015066287655e-18,1.3572465e-09
C13.logical1_read,logical1_read,TRANSITION,branch_current,BJL1,A,800,1.148977e-05,1.854552e-05,1.5261985e-05,1.51437938e-05,7.055749999999999e-06,1.5126227268750018e-16,2.4448118749997955e-19,1.5120680000000001e-05
C13.logical1_read,logical1_read,TRANSITION,branch_current,BJL2,A,800,1.824804e-05,2.138245e-05,1.9772115e-05,1.981203405e-05,3.134409999999999e-06,1.9787290200000026e-16,-6.66163562500003e-19,1.9878755e-05
C13.logical1_read,logical1_read,TRANSITION,branch_current,L0,A,800,-2.890033e-06,2.872676e-06,-1.6678805e-07,-6.889696432875e-08,5.7627089999999995e-06,-6.906574320375041e-19,-6.956049758675039e-19,4.953736e-10
C13.logical1_read,logical1_read,TRANSITION,branch_current,L1,A,800,-1.93352e-05,-1.079709e-05,-1.551379e-05,-1.53009365875e-05,8.538110000000001e-06,-1.528219856875002e-16,-1.8096373750000027e-18,-1.5120135e-05
C13.logical1_read,logical1_read,TRANSITION,branch_current,L2,A,800,1.56648e-05,2.420291e-05,1.9486209999999997e-05,1.96990634125e-05,8.53811e-06,1.9674051431250028e-16,-1.809637375000006e-18,1.9879865e-05
C13.logical1_read,logical1_read,TRANSITION,branch_current,RB,A,800,3.5e-05,3.5e-05,3.5e-05,3.499999999999999e-05,0.0,3.4956250000000044e-16,0.0,3.5e-05
C13.logical1_read,logical1_read,TRANSITION,branch_current,RJ1,A,800,-2.858019e-06,2.894131e-06,-1.846269e-07,-7.000044318750003e-08,5.7521500000000005e-06,-6.980359712500014e-19,-7.059317461787508e-19,7.905657e-10
C13.logical1_read,logical1_read,TRANSITION,branch_current,RJ2,A,800,-1.40054e-06,1.394491e-06,-1.1485965000000001e-07,-4.407348390399998e-08,2.795031e-06,-4.417283627900015e-19,-4.462206459081268e-19,4.4979055e-10
C13.logical1_read,logical1_read,TRANSITION,kcl_residual,input,A,800,,,,,,,,
C13.logical1_read,logical1_read,TRANSITION,kcl_residual,node2,A,800,,,,,,,,
C13.logical1_read,logical1_read,TRANSITION,kcl_residual,node3,A,800,,,,,,,,
C13.logical1_read,logical1_read,TRANSITION,kcl_residual,node4,A,800,,,,,,,,
C13.logical1_read,logical1_read,POST,branch_current,source,A,2400,-1.924829e-06,2.140637e-06,5.089246e-09,2.147422049874166e-08,4.065466e-06,6.382245012122398e-19,5.9752407179349e-19,1.3572465e-09
C13.logical1_read,logical1_read,POST,branch_current,lin,A,2400,-1.924829e-06,2.140637e-06,5.089246e-09,2.147422049874166e-08,4.065466e-06,6.382245012122398e-19,5.9752407179349e-19,1.3572465e-09
C13.logical1_read,logical1_read,POST,branch_current,BJs,A,2400,-1.924829e-06,2.140637e-06,5.089246e-09,2.147422049874166e-08,4.065466e-06,6.382245012122398e-19,5.9752407179349e-19,1.3572465e-09
C13.logical1_read,logical1_read,POST,branch_current,BJL1,A,2400,1.364446e-05,1.67401e-05,1.5113295e-05,1.5108947308333332e-05,3.095639999999999e-06,4.530740439375e-16,-3.5734756250004575e-19,1.5120680000000001e-05
C13.logical1_read,logical1_read,POST,branch_current,BJL2,A,2400,1.923209e-05,2.060866e-05,1.9876215e-05,1.9880675416666666e-05,1.3765699999999976e-06,5.961688751875e-16,5.470962499998379e-20,1.9878755e-05
C13.logical1_read,logical1_read,POST,branch_current,L0,A,2400,-1.302696e-06,1.371309e-06,5.494453e-09,1.4386265211399999e-08,2.6740049999999997e-06,4.378876663420129e-19,4.2303265051201286e-19,4.953736e-10
C13.logical1_read,logical1_read,POST,branch_current,L1,A,2400,-1.697448e-05,-1.313454e-05,-1.511412e-05,-1.5096801808333332e-05,3.83994e-06,-4.5270970225e-16,7.053460625000184e-19,-1.5120135e-05
C13.logical1_read,logical1_read,POST,branch_current,L2,A,2400,1.802552e-05,2.186546e-05,1.9885879999999997e-05,1.9903198191666667e-05,3.83994e-06,5.9685279775e-16,7.053460625000086e-19,1.9879865e-05
C13.logical1_read,logical1_read,POST,branch_current,RB,A,2400,3.5e-05,3.5e-05,3.5e-05,3.499999999999999e-05,0.0,1.0495624999999998e-15,0.0,3.5e-05
C13.logical1_read,logical1_read,POST,branch_current,RJ1,A,2400,-1.286782e-06,1.285173e-06,-3.236226e-09,9.328713203958319e-09,2.5719550000000003e-06,2.7388263155624056e-19,2.501755426274903e-19,7.905657e-10
C13.logical1_read,logical1_read,POST,branch_current,RJ2,A,2400,-6.315969e-07,6.591283e-07,2.6345235e-09,8.136432192000002e-09,1.2907252000000001e-06,2.4603254713500454e-19,2.3254445301687974e-19,4.4979055e-10
C13.logical1_read,logical1_read,POST,kcl_residual,input,A,2400,,,,,,,,
C13.logical1_read,logical1_read,POST,kcl_residual,node2,A,2400,,,,,,,,
C13.logical1_read,logical1_read,POST,kcl_residual,node3,A,2400,,,,,,,,
C13.logical1_read,logical1_read,POST,kcl_residual,node4,A,2400,,,,,,,,
C13.logical0_read,logical0_read,PRE,branch_current,source,A,1120,-3.437544e-08,3.127106e-08,-1.3572465e-09,-8.673298474642859e-10,6.56465e-08,-1.2012625639500099e-20,6.97185977924989e-21,-1.3572465e-09
C13.logical0_read,logical0_read,PRE,branch_current,lin,A,1120,-3.437544e-08,3.127106e-08,-1.3572465e-09,-8.673298474642859e-10,6.56465e-08,-1.2012625639500099e-20,6.97185977924989e-21,-1.3572465e-09
C13.logical0_read,logical0_read,PRE,branch_current,BJs,A,1120,-3.437544e-08,3.127106e-08,-1.3572465e-09,-8.673298474642859e-10,6.56465e-08,-1.2012625639500099e-20,6.97185977924989e-21,-1.3572465e-09
C13.logical0_read,logical0_read,PRE,branch_current,BJL1,A,1120,1.509395e-05,1.515219e-05,1.5122634999999999e-05,1.5122402187499997e-05,5.823999999999997e-08,2.1152468493749998e-16,-3.1721249999852093e-21,1.5122634999999999e-05
C13.logical0_read,logical0_read,PRE,branch_current,BJL2,A,1120,1.986257e-05,1.989265e-05,1.9877925000000003e-05,1.9878044794642854e-05,3.008000000000023e-08,2.780442156875e-16,1.739749999953396e-21,1.9877925000000003e-05
C13.logical0_read,logical0_read,PRE,branch_current,L0,A,1120,-2.434021e-08,2.189936e-08,-4.95336e-10,-4.174902682589286e-10,4.623957e-08,-5.931897743124853e-21,9.96614556875145e-22,-4.95336e-10
C13.logical0_read,logical0_read,PRE,branch_current,L1,A,1120,-1.515661e-05,-1.509009e-05,-1.512318e-05,-1.5122687196428571e-05,6.651999999999983e-08,-2.115286435625e-16,6.83668749999672e-21,-1.512318e-05
C13.logical0_read,logical0_read,PRE,branch_current,L2,A,1120,1.984339e-05,1.990991e-05,1.987682e-05,1.987731280357143e-05,6.652000000000152e-08,2.780338564375e-16,6.836687499992426e-21,1.987682e-05
C13.logical0_read,logical0_read,PRE,branch_current,RB,A,1120,3.5e-05,3.5e-05,3.5e-05,3.499999999999998e-05,0.0,4.895625e-16,0.0,3.5e-05
C13.logical0_read,logical0_read,PRE,branch_current,RJ1,A,1120,-2.482015e-08,2.236422e-08,-7.905522e-10,-5.822939010982144e-10,4.718437e-08,-8.053623315375088e-21,3.0042255821249143e-21,-7.905522e-10
C13.logical0_read,logical0_read,PRE,branch_current,RJ2,A,1120,-1.186617e-08,1.067922e-08,-4.4975355e-10,-3.1453536457589267e-10,2.254539e-08,-4.427846229062444e-21,1.8630815515625547e-21,-4.4975355e-10
C13.logical0_read,logical0_read,PRE,kcl_residual,input,A,1120,,,,,,,,
C13.logical0_read,logical0_read,PRE,kcl_residual,node2,A,1120,,,,,,,,
C13.logical0_read,logical0_read,PRE,kcl_residual,node3,A,1120,,,,,,,,
C13.logical0_read,logical0_read,PRE,kcl_residual,node4,A,1120,,,,,,,,
C13.logical0_read,logical0_read,ACTIVE,branch_current,source,A,2880,-2.148844e-05,1.910962e-05,-5.281931e-08,-6.49202817247935e-09,4.059806e-05,-2.3597785914675384e-19,-1.8713395072800354e-19,-1.3572465e-09
C13.logical0_read,logical0_read,ACTIVE,branch_current,lin,A,2880,-2.148844e-05,1.910962e-05,-5.281931e-08,-6.49202817247935e-09,4.059806e-05,-2.3597785914675384e-19,-1.8713395072800354e-19,-1.3572465e-09
C13.logical0_read,logical0_read,ACTIVE,branch_current,BJs,A,2880,-2.148844e-05,1.910962e-05,-5.281931e-08,-6.49202817247935e-09,4.059806e-05,-2.3597785914675384e-19,-1.8713395072800354e-19,-1.3572465e-09
C13.logical0_read,logical0_read,ACTIVE,branch_current,BJL1,A,2880,4.808252e-06,2.529025e-05,1.5223305e-05,1.5094949656944447e-05,2.0481998e-05,5.432264769000003e-16,-9.9935016249993e-19,1.5122634999999999e-05
C13.logical0_read,logical0_read,ACTIVE,branch_current,BJL2,A,2880,1.36819e-05,2.651308e-05,1.9896639999999998e-05,1.9906717753472222e-05,1.283118e-05,7.163920492500003e-16,1.0352233124998829e-18,1.9877925000000003e-05
C13.logical0_read,logical0_read,ACTIVE,branch_current,L0,A,2880,-4.446309e-06,4.270284e-06,6.115032499999999e-09,-2.6168899864088597e-09,8.716593e-06,-9.144902849199007e-20,-7.362312419199016e-20,-4.95336e-10
C13.logical0_read,logical0_read,ACTIVE,branch_current,L1,A,2880,-2.590055e-05,-5.040426e-06,-1.5118899999999999e-05,-1.509779394236111e-05,2.0860124e-05,-5.433291409875003e-16,9.16299262499965e-19,-1.512318e-05
C13.logical0_read,logical0_read,ACTIVE,branch_current,L2,A,2880,9.099454e-06,2.995957e-05,1.9881100000000002e-05,1.9902206018055555e-05,2.0860116e-05,7.162333575875002e-16,9.162978374999442e-19,1.987682e-05
C13.logical0_read,logical0_read,ACTIVE,branch_current,RB,A,2880,3.5e-05,3.5e-05,3.5e-05,3.499999999999999e-05,0.0,1.2595625000000004e-15,0.0,3.5e-05
C13.logical0_read,logical0_read,ACTIVE,branch_current,RJ1,A,2880,-3.78467e-06,3.679718e-06,-2.1445695e-08,-3.647732097232622e-09,7.464388e-06,-1.3331334901287347e-19,-1.0486335171537339e-19,-7.905522e-10
C13.logical0_read,logical0_read,ACTIVE,branch_current,RJ2,A,2880,-2.090903e-06,2.01515e-06,2.798031e-09,-1.894793980524295e-09,4.106053e-06,-6.724078942388597e-20,-5.1055283543261005e-20,-4.4975355e-10
C13.logical0_read,logical0_read,ACTIVE,kcl_residual,input,A,2880,,,,,,,,
C13.logical0_read,logical0_read,ACTIVE,kcl_residual,node2,A,2880,,,,,,,,
C13.logical0_read,logical0_read,ACTIVE,kcl_residual,node3,A,2880,,,,,,,,
C13.logical0_read,logical0_read,ACTIVE,kcl_residual,node4,A,2880,,,,,,,,
C13.logical0_read,logical0_read,TRANSITION,branch_current,source,A,800,-4.941637e-07,6.720214e-07,2.6348715e-08,2.4555162671074997e-08,1.1661851000000001e-06,2.442914017107502e-19,2.5784690112950026e-19,-1.3572465e-09
C13.logical0_read,logical0_read,TRANSITION,branch_current,lin,A,800,-4.941637e-07,6.720214e-07,2.6348715e-08,2.4555162671074997e-08,1.1661851000000001e-06,2.442914017107502e-19,2.5784690112950026e-19,-1.3572465e-09
C13.logical0_read,logical0_read,TRANSITION,branch_current,BJs,A,800,-4.941637e-07,6.720214e-07,2.6348715e-08,2.4555162671074997e-08,1.1661851000000001e-06,2.442914017107502e-19,2.5784690112950026e-19,-1.3572465e-09
C13.logical0_read,logical0_read,TRANSITION,branch_current,BJL1,A,800,1.456423e-05,1.561832e-05,1.5078935000000001e-05,1.5101312987499999e-05,1.05409e-06,1.508218825625002e-16,-2.1543449999998747e-19,1.5122634999999999e-05
C13.logical0_read,logical0_read,TRANSITION,branch_current,BJL2,A,800,1.962231e-05,2.014437e-05,1.988513e-05,1.9884685125e-05,5.220600000000002e-07,1.9859769062500028e-16,6.691468749996722e-20,1.9877925000000003e-05
C13.logical0_read,logical0_read,TRANSITION,branch_current,L0,A,800,-4.245762e-07,4.740115e-07,2.466925e-08,1.3766153486249997e-08,8.985877e-07,1.3968765548749889e-19,1.4463482378749897e-19,-4.95336e-10
C13.logical0_read,logical0_read,TRANSITION,branch_current,L1,A,800,-1.566759e-05,-1.44459e-05,-1.5069485000000001e-05,-1.509211955e-05,1.2216900000000015e-06,-1.5073004750000017e-16,3.1271274999999636e-19,-1.512318e-05
C13.logical0_read,logical0_read,TRANSITION,branch_current,L2,A,800,1.933241e-05,2.05541e-05,1.9930515000000003e-05,1.9907880449999997e-05,1.2216900000000015e-06,1.9883245250000027e-16,3.12712749999993e-19,1.987682e-05
C13.logical0_read,logical0_read,TRANSITION,branch_current,RB,A,800,3.5e-05,3.5e-05,3.5e-05,3.499999999999999e-05,0.0,3.4956250000000044e-16,0.0,3.5e-05
C13.logical0_read,logical0_read,TRANSITION,branch_current,RJ1,A,800,-4.073021e-07,4.740885e-07,1.784513e-08,1.5361679115187503e-08,8.813905999999999e-07,1.5245593365187533e-19,1.6035157374937533e-19,-7.905522e-10
C13.logical0_read,logical0_read,TRANSITION,branch_current,RJ2,A,800,-1.929172e-07,2.302751e-07,1.7888845000000002e-08,9.429134431874999e-09,4.231923e-07,9.507376463124952e-20,9.956567821187449e-20,-4.4975355e-10
C13.logical0_read,logical0_read,TRANSITION,kcl_residual,input,A,800,,,,,,,,
C13.logical0_read,logical0_read,TRANSITION,kcl_residual,node2,A,800,,,,,,,,
C13.logical0_read,logical0_read,TRANSITION,kcl_residual,node3,A,800,,,,,,,,
C13.logical0_read,logical0_read,TRANSITION,kcl_residual,node4,A,800,,,,,,,,
C13.logical0_read,logical0_read,POST,branch_current,source,A,2400,-2.232044e-07,2.367568e-07,-1.2447755e-09,-4.385108583791668e-10,4.599612e-07,-1.2025861076372734e-20,2.867456834237726e-20,-1.3572465e-09
C13.logical0_read,logical0_read,POST,branch_current,lin,A,2400,-2.232044e-07,2.367568e-07,-1.2447755e-09,-4.385108583791668e-10,4.599612e-07,-1.2025861076372734e-20,2.867456834237726e-20,-1.3572465e-09
C13.logical0_read,logical0_read,POST,branch_current,BJs,A,2400,-2.232044e-07,2.367568e-07,-1.2447755e-09,-4.385108583791668e-10,4.599612e-07,-1.2025861076372734e-20,2.867456834237726e-20,-1.3572465e-09
C13.logical0_read,logical0_read,POST,branch_current,BJL1,A,2400,1.490956e-05,1.53448e-05,1.512253e-05,1.5124188525000003e-05,4.352399999999999e-07,4.53536993625e-16,4.697656250003436e-20,1.5122634999999999e-05
C13.logical0_read,logical0_read,POST,branch_current,BJL2,A,2400,1.977486e-05,1.998187e-05,1.987876e-05,1.9878459095833332e-05,2.0701000000000058e-07,5.96105962125e-16,1.6686187499903045e-20,1.9877925000000003e-05
C13.logical0_read,logical0_read,POST,branch_current,L0,A,2400,-1.463741e-07,1.455781e-07,-1.2260069999999999e-09,-1.5598629110375003e-09,2.919522e-07,-4.743724566862679e-20,-3.258335736862681e-20,-4.95336e-10
C13.logical0_read,logical0_read,POST,branch_current,L1,A,2400,-1.533313e-05,-1.490248e-05,-1.512367e-05,-1.5123990737500002e-05,4.30649999999999e-07,-4.535308118125e-16,-2.4451562500007566e-20,-1.512318e-05
C13.logical0_read,logical0_read,POST,branch_current,L2,A,2400,1.966687e-05,2.009752e-05,1.987633e-05,1.98760092625e-05,4.30649999999999e-07,5.960316881875e-16,-2.4451562500017388e-20,1.987682e-05
C13.logical0_read,logical0_read,POST,branch_current,RB,A,2400,3.5e-05,3.5e-05,3.5e-05,3.499999999999999e-05,0.0,1.0495624999999998e-15,0.0,3.5e-05
C13.logical0_read,logical0_read,POST,branch_current,RJ1,A,2400,-1.486051e-07,1.429889e-07,4.4878384999999996e-10,-6.363814151083334e-10,2.91594e-07,-1.821015439699811e-20,5.496529700501907e-21,-7.905522e-10
C13.logical0_read,logical0_read,POST,branch_current,RJ2,A,2400,-7.065176e-08,7.04972e-08,-6.2351705e-10,-8.900160907550002e-10,1.4114896e-07,-2.68381137539005e-20,-1.3351129173275515e-20,-4.4975355e-10
C13.logical0_read,logical0_read,POST,kcl_residual,input,A,2400,,,,,,,,
C13.logical0_read,logical0_read,POST,kcl_residual,node2,A,2400,,,,,,,,
C13.logical0_read,logical0_read,POST,kcl_residual,node3,A,2400,,,,,,,,
C13.logical0_read,logical0_read,POST,kcl_residual,node4,A,2400,,,,,,,,
C13.logical1_no_read_control,logical1_no_read_control,PRE,branch_current,source,A,1120,-3.127106e-08,3.437544e-08,1.3572465e-09,8.673298474642859e-10,6.56465e-08,1.2012625639500099e-20,-6.97185977924989e-21,1.3572465e-09
C13.logical1_no_read_control,logical1_no_read_control,PRE,branch_current,lin,A,1120,-3.127106e-08,3.437544e-08,1.3572465e-09,8.673298474642859e-10,6.56465e-08,1.2012625639500099e-20,-6.97185977924989e-21,1.3572465e-09
C13.logical1_no_read_control,logical1_no_read_control,PRE,branch_current,BJs,A,1120,-3.127106e-08,3.437544e-08,1.3572465e-09,8.673298474642859e-10,6.56465e-08,1.2012625639500099e-20,-6.97185977924989e-21,1.3572465e-09
C13.logical1_no_read_control,logical1_no_read_control,PRE,branch_current,BJL1,A,1120,1.509113e-05,1.514937e-05,1.5120680000000001e-05,1.512091329464286e-05,5.823999999999997e-08,2.1150369037499998e-16,3.1788749999852046e-21,1.5120680000000001e-05
C13.logical1_no_read_control,logical1_no_read_control,PRE,branch_current,BJL2,A,1120,1.986403e-05,1.989411e-05,1.9878755e-05,1.9878640026785715e-05,3.008000000000023e-08,2.7805241325e-16,-1.672312500005725e-21,1.9878755e-05
C13.logical1_no_read_control,logical1_no_read_control,PRE,branch_current,L0,A,1120,-2.190011e-08,2.433928e-08,4.953736e-10,4.173337154017858e-10,4.623939e-08,5.9297160781248545e-21,-9.993221518751482e-22,4.953736e-10
C13.logical1_no_read_control,logical1_no_read_control,PRE,branch_current,L1,A,1120,-1.515323e-05,-1.508671e-05,-1.5120135e-05,-1.5120628330357141e-05,6.651999999999983e-08,-2.11499732375e-16,-6.84406249999677e-21,-1.5120135e-05
C13.logical1_no_read_control,logical1_no_read_control,PRE,branch_current,L2,A,1120,1.984677e-05,1.991329e-05,1.9879865e-05,1.9879371669642858e-05,6.652000000000152e-08,2.78062767625e-16,-6.844062500002157e-21,1.9879865e-05
C13.logical1_no_read_control,logical1_no_read_control,PRE,branch_current,RB,A,1120,3.5e-05,3.5e-05,3.5e-05,3.499999999999998e-05,0.0,4.895625e-16,0.0,3.5e-05
C13.logical1_no_read_control,logical1_no_read_control,PRE,branch_current,RJ1,A,1120,-2.236462e-08,2.481971e-08,7.905657e-10,5.822076554464288e-10,4.718433e-08,8.052407220000086e-21,-3.0056305087499063e-21,7.905657e-10
C13.logical1_no_read_control,logical1_no_read_control,PRE,branch_current,RJ2,A,1120,-1.067957e-08,1.186571e-08,4.4979055e-10,3.144701384482143e-10,2.254528e-08,4.426936719524946e-21,-1.8645085986000563e-21,4.4979055e-10
C13.logical1_no_read_control,logical1_no_read_control,PRE,kcl_residual,input,A,1120,,,,,,,,
C13.logical1_no_read_control,logical1_no_read_control,PRE,kcl_residual,node2,A,1120,,,,,,,,
C13.logical1_no_read_control,logical1_no_read_control,PRE,kcl_residual,node3,A,1120,,,,,,,,
C13.logical1_no_read_control,logical1_no_read_control,PRE,kcl_residual,node4,A,1120,,,,,,,,
C13.logical1_no_read_control,logical1_no_read_control,ACTIVE,branch_current,source,A,2880,-9.724772e-09,8.644189e-09,-4.156241e-11,-9.244187321944445e-11,1.8368961e-08,-3.3011718671499714e-21,-5.214508028589999e-20,1.3572465e-09
C13.logical1_no_read_control,logical1_no_read_control,ACTIVE,branch_current,lin,A,2880,-9.724772e-09,8.644189e-09,-4.156241e-11,-9.244187321944445e-11,1.8368961e-08,-3.3011718671499714e-21,-5.214508028589999e-20,1.3572465e-09
C13.logical1_no_read_control,logical1_no_read_control,ACTIVE,branch_current,BJs,A,2880,-9.724772e-09,8.644189e-09,-4.156241e-11,-9.244187321944445e-11,1.8368961e-08,-3.3011718671499714e-21,-5.214508028589999e-20,1.3572465e-09
C13.logical1_no_read_control,logical1_no_read_control,ACTIVE,branch_current,BJL1,A,2880,1.511379e-05,1.513033e-05,1.512169e-05,1.512171106597222e-05,1.6540000000000014e-08,5.441926240625002e-16,3.715256249996147e-20,1.5120680000000001e-05
C13.logical1_no_read_control,logical1_no_read_control,ACTIVE,branch_current,BJL2,A,2880,1.987386e-05,1.988241e-05,1.987833e-05,1.9878308309027778e-05,8.549999999998419e-09,7.153706386250003e-16,-1.6056937500014302e-20,1.9878755e-05
C13.logical1_no_read_control,logical1_no_read_control,ACTIVE,branch_current,L0,A,2880,-6.993767e-09,7.32883e-09,-2.2199835e-11,-2.465569536399306e-11,1.4322597e-08,-9.321618599787746e-22,-1.875941928997878e-20,4.953736e-10
C13.logical1_no_read_control,logical1_no_read_control,ACTIVE,branch_current,L1,A,2880,-1.513164e-05,-1.511282e-05,-1.512171e-05,-1.5121740333333334e-05,1.882000000000027e-08,-5.441936744375002e-16,-5.781612499999265e-20,-1.5120135e-05
C13.logical1_no_read_control,logical1_no_read_control,ACTIVE,branch_current,L2,A,2880,1.986836e-05,1.988718e-05,1.987829e-05,1.9878259666666667e-05,1.8819999999998576e-08,7.153688255625003e-16,-5.781612500000375e-20,1.9879865e-05
C13.logical1_no_read_control,logical1_no_read_control,ACTIVE,branch_current,RB,A,2880,3.5e-05,3.5e-05,3.5e-05,3.499999999999999e-05,0.0,1.2595625000000004e-15,0.0,3.5e-05
C13.logical1_no_read_control,logical1_no_read_control,ACTIVE,branch_current,RJ1,A,2880,-7.120146e-09,6.310353e-09,-2.0732910000000002e-11,-6.316078267854165e-11,1.3430498999999999e-08,-2.2502959220524775e-21,-3.070077905080249e-20,7.905657e-10
C13.logical1_no_read_control,logical1_no_read_control,ACTIVE,branch_current,RJ2,A,2880,-3.408832e-09,3.008278e-09,-1.739548e-11,-2.386639818715277e-11,6.41711e-09,-8.765952812375071e-22,-1.7063432699362514e-20,4.4979055e-10
C13.logical1_no_read_control,logical1_no_read_control,ACTIVE,kcl_residual,input,A,2880,,,,,,,,
C13.logical1_no_read_control,logical1_no_read_control,ACTIVE,kcl_residual,node2,A,2880,,,,,,,,
C13.logical1_no_read_control,logical1_no_read_control,ACTIVE,kcl_residual,node3,A,2880,,,,,,,,
C13.logical1_no_read_control,logical1_no_read_control,ACTIVE,kcl_residual,node4,A,2880,,,,,,,,
C13.logical1_no_read_control,logical1_no_read_control,TRANSITION,branch_current,source,A,800,-3.402947e-10,4.577031e-10,6.2027825e-12,1.0927006976374997e-11,7.979978000000001e-10,1.074891247637508e-22,-1.3448010293986268e-20,1.3572465e-09
C13.logical1_no_read_control,logical1_no_read_control,TRANSITION,branch_current,lin,A,800,-3.402947e-10,4.577031e-10,6.2027825e-12,1.0927006976374997e-11,7.979978000000001e-10,1.074891247637508e-22,-1.3448010293986268e-20,1.3572465e-09
C13.logical1_no_read_control,logical1_no_read_control,TRANSITION,branch_current,BJs,A,800,-3.402947e-10,4.577031e-10,6.2027825e-12,1.0927006976374997e-11,7.979978000000001e-10,1.074891247637508e-22,-1.3448010293986268e-20,1.3572465e-09
C13.logical1_no_read_control,logical1_no_read_control,TRANSITION,branch_current,BJL1,A,800,1.51213e-05,1.512198e-05,1.512163e-05,1.5121640937499998e-05,6.800000000001358e-10,1.510273875625002e-16,9.596062499989543e-21,1.5120680000000001e-05
C13.logical1_no_read_control,logical1_no_read_control,TRANSITION,branch_current,BJL2,A,800,1.987817e-05,1.987853e-05,1.987834e-05,1.9878342562500002e-05,3.60000000001467e-10,1.9853494568750026e-16,-4.119875000003927e-21,1.9878755e-05
C13.logical1_no_read_control,logical1_no_read_control,TRANSITION,branch_current,L0,A,800,-2.733792e-10,3.31883e-10,2.727946e-11,1.4607286357499992e-11,6.052622e-10,1.4710535232499934e-22,-4.8004384776750076e-21,4.953736e-10
C13.logical1_no_read_control,logical1_no_read_control,TRANSITION,branch_current,L1,A,800,-1.512203e-05,-1.512119e-05,-1.512162e-05,-1.5121634925e-05,8.400000000011643e-10,-1.5102732793750019e-16,-1.4979624999997773e-20,-1.5120135e-05
C13.logical1_no_read_control,logical1_no_read_control,TRANSITION,branch_current,L2,A,800,1.987797e-05,1.987881e-05,1.987838e-05,1.9878365075e-05,8.400000000011643e-10,1.9853517206250026e-16,-1.497962500000167e-20,1.9879865e-05
C13.logical1_no_read_control,logical1_no_read_control,TRANSITION,branch_current,RB,A,800,3.5e-05,3.5e-05,3.5e-05,3.499999999999999e-05,0.0,3.4956250000000044e-16,0.0,3.5e-05
C13.logical1_no_read_control,logical1_no_read_control,TRANSITION,branch_current,RJ1,A,800,-2.763508e-10,3.296752e-10,3.4053285e-12,5.152334235112496e-12,6.06026e-10,5.022303110112556e-23,-7.845551897648886e-21,7.905657e-10
C13.logical1_no_read_control,logical1_no_read_control,TRANSITION,branch_current,RJ2,A,800,-1.330643e-10,1.610298e-10,1.2568875e-11,7.941680074125e-12,2.9409410000000003e-10,7.969708801624977e-23,-4.4125860301087566e-21,4.4979055e-10
C13.logical1_no_read_control,logical1_no_read_control,TRANSITION,kcl_residual,input,A,800,,,,,,,,
C13.logical1_no_read_control,logical1_no_read_control,TRANSITION,kcl_residual,node2,A,800,,,,,,,,
C13.logical1_no_read_control,logical1_no_read_control,TRANSITION,kcl_residual,node3,A,800,,,,,,,,
C13.logical1_no_read_control,logical1_no_read_control,TRANSITION,kcl_residual,node4,A,800,,,,,,,,
C13.logical1_no_read_control,logical1_no_read_control,POST,branch_current,source,A,2400,-1.626975e-10,1.756633e-10,-6.483866e-13,1.0098036375001158e-14,3.383608e-10,9.674543775016498e-25,-4.069946196437249e-20,1.3572465e-09
C13.logical1_no_read_control,logical1_no_read_control,POST,branch_current,lin,A,2400,-1.626975e-10,1.756633e-10,-6.483866e-13,1.0098036375001158e-14,3.383608e-10,9.674543775016498e-25,-4.069946196437249e-20,1.3572465e-09
C13.logical1_no_read_control,logical1_no_read_control,POST,branch_current,BJs,A,2400,-1.626975e-10,1.756633e-10,-6.483866e-13,1.0098036375001158e-14,3.383608e-10,9.674543775016498e-25,-4.069946196437249e-20,1.3572465e-09
C13.logical1_no_read_control,logical1_no_read_control,POST,branch_current,BJL1,A,2400,1.512153e-05,1.51218e-05,1.512166e-05,1.5121659699999999e-05,2.700000000002532e-10,4.534607699999999e-16,2.9378499999965e-20,1.5120680000000001e-05
C13.logical1_no_read_control,logical1_no_read_control,POST,branch_current,BJL2,A,2400,1.987828e-05,1.987841e-05,1.987834e-05,1.9878342466666664e-05,1.299999999989298e-10,5.961017951249999e-16,-1.2370437500023128e-20,1.9878755e-05
C13.logical1_no_read_control,logical1_no_read_control,POST,branch_current,L0,A,2400,-1.072301e-10,1.025456e-10,-9.047744e-13,-1.3776859749291663e-12,2.097757e-10,-4.1499792229125594e-23,-1.4896515622229124e-20,4.953736e-10
C13.logical1_no_read_control,logical1_no_read_control,POST,branch_current,L1,A,2400,-1.512181e-05,-1.51215e-05,-1.512166e-05,-1.5121659766666665e-05,3.099999999996633e-10,-4.534607719374999e-16,-4.5723624999992217e-20,-1.5120135e-05
C13.logical1_no_read_control,logical1_no_read_control,POST,branch_current,L2,A,2400,1.987819e-05,1.98785e-05,1.987834e-05,1.9878340233333333e-05,3.0999999999796924e-10,5.961017280624999e-16,-4.5723625000006607e-20,1.9879865e-05
C13.logical1_no_read_control,logical1_no_read_control,POST,branch_current,RB,A,2400,3.5e-05,3.5e-05,3.5e-05,3.499999999999999e-05,0.0,1.0495624999999998e-15,0.0,3.5e-05
C13.logical1_no_read_control,logical1_no_read_control,POST,branch_current,RJ1,A,2400,-1.04208e-10,1.011859e-10,6.7337005e-13,6.124772894166649e-14,2.053939e-10,2.461817512001508e-24,-2.3704627111237995e-20,7.905657e-10
C13.logical1_no_read_control,logical1_no_read_control,POST,branch_current,RJ2,A,2400,-5.182601e-11,4.968713e-11,-3.874634e-13,-6.553734755208332e-13,1.0151314e-10,-1.9609936653124996e-23,-1.3507704054778123e-20,4.4979055e-10
C13.logical1_no_read_control,logical1_no_read_control,POST,kcl_residual,input,A,2400,,,,,,,,
C13.logical1_no_read_control,logical1_no_read_control,POST,kcl_residual,node2,A,2400,,,,,,,,
C13.logical1_no_read_control,logical1_no_read_control,POST,kcl_residual,node3,A,2400,,,,,,,,
C13.logical1_no_read_control,logical1_no_read_control,POST,kcl_residual,node4,A,2400,,,,,,,,
C13.logical0_no_read_control,logical0_no_read_control,PRE,branch_current,source,A,1120,-3.437544e-08,3.127106e-08,-1.3572465e-09,-8.673298474642859e-10,6.56465e-08,-1.2012625639500099e-20,6.97185977924989e-21,-1.3572465e-09
C13.logical0_no_read_control,logical0_no_read_control,PRE,branch_current,lin,A,1120,-3.437544e-08,3.127106e-08,-1.3572465e-09,-8.673298474642859e-10,6.56465e-08,-1.2012625639500099e-20,6.97185977924989e-21,-1.3572465e-09
C13.logical0_no_read_control,logical0_no_read_control,PRE,branch_current,BJs,A,1120,-3.437544e-08,3.127106e-08,-1.3572465e-09,-8.673298474642859e-10,6.56465e-08,-1.2012625639500099e-20,6.97185977924989e-21,-1.3572465e-09
C13.logical0_no_read_control,logical0_no_read_control,PRE,branch_current,BJL1,A,1120,1.509395e-05,1.515219e-05,1.5122634999999999e-05,1.5122402187499997e-05,5.823999999999997e-08,2.1152468493749998e-16,-3.1721249999852093e-21,1.5122634999999999e-05
C13.logical0_no_read_control,logical0_no_read_control,PRE,branch_current,BJL2,A,1120,1.986257e-05,1.989265e-05,1.9877925000000003e-05,1.9878044794642854e-05,3.008000000000023e-08,2.780442156875e-16,1.739749999953396e-21,1.9877925000000003e-05
C13.logical0_no_read_control,logical0_no_read_control,PRE,branch_current,L0,A,1120,-2.434021e-08,2.189936e-08,-4.95336e-10,-4.174902682589286e-10,4.623957e-08,-5.931897743124853e-21,9.96614556875145e-22,-4.95336e-10
C13.logical0_no_read_control,logical0_no_read_control,PRE,branch_current,L1,A,1120,-1.515661e-05,-1.509009e-05,-1.512318e-05,-1.5122687196428571e-05,6.651999999999983e-08,-2.115286435625e-16,6.83668749999672e-21,-1.512318e-05
C13.logical0_no_read_control,logical0_no_read_control,PRE,branch_current,L2,A,1120,1.984339e-05,1.990991e-05,1.987682e-05,1.987731280357143e-05,6.652000000000152e-08,2.780338564375e-16,6.836687499992426e-21,1.987682e-05
C13.logical0_no_read_control,logical0_no_read_control,PRE,branch_current,RB,A,1120,3.5e-05,3.5e-05,3.5e-05,3.499999999999998e-05,0.0,4.895625e-16,0.0,3.5e-05
C13.logical0_no_read_control,logical0_no_read_control,PRE,branch_current,RJ1,A,1120,-2.482015e-08,2.236422e-08,-7.905522e-10,-5.822939010982144e-10,4.718437e-08,-8.053623315375088e-21,3.0042255821249143e-21,-7.905522e-10
C13.logical0_no_read_control,logical0_no_read_control,PRE,branch_current,RJ2,A,1120,-1.186617e-08,1.067922e-08,-4.4975355e-10,-3.1453536457589267e-10,2.254539e-08,-4.427846229062444e-21,1.8630815515625547e-21,-4.4975355e-10
C13.logical0_no_read_control,logical0_no_read_control,PRE,kcl_residual,input,A,1120,,,,,,,,
C13.logical0_no_read_control,logical0_no_read_control,PRE,kcl_residual,node2,A,1120,,,,,,,,
C13.logical0_no_read_control,logical0_no_read_control,PRE,kcl_residual,node3,A,1120,,,,,,,,
C13.logical0_no_read_control,logical0_no_read_control,PRE,kcl_residual,node4,A,1120,,,,,,,,
C13.logical0_no_read_control,logical0_no_read_control,ACTIVE,branch_current,source,A,2880,-8.644189e-09,9.724772e-09,4.156241e-11,9.244187321944445e-11,1.8368961e-08,3.3011718671499714e-21,5.214508028589999e-20,-1.3572465e-09
C13.logical0_no_read_control,logical0_no_read_control,ACTIVE,branch_current,lin,A,2880,-8.644189e-09,9.724772e-09,4.156241e-11,9.244187321944445e-11,1.8368961e-08,3.3011718671499714e-21,5.214508028589999e-20,-1.3572465e-09
C13.logical0_no_read_control,logical0_no_read_control,ACTIVE,branch_current,BJs,A,2880,-8.644189e-09,9.724772e-09,4.156241e-11,9.244187321944445e-11,1.8368961e-08,3.3011718671499714e-21,5.214508028589999e-20,-1.3572465e-09
C13.logical0_no_read_control,logical0_no_read_control,ACTIVE,branch_current,BJL1,A,2880,1.511299e-05,1.512952e-05,1.512163e-05,1.512160510763889e-05,1.6529999999999315e-08,5.441887167500003e-16,-3.7110312499960874e-20,1.5122634999999999e-05
C13.logical0_no_read_control,logical0_no_read_control,ACTIVE,branch_current,BJL2,A,2880,1.987428e-05,1.988283e-05,1.987835e-05,1.987837575e-05,8.550000000001807e-09,7.153730289375003e-16,1.6202999999881288e-20,1.9877925000000003e-05
C13.logical0_no_read_control,logical0_no_read_control,ACTIVE,branch_current,L0,A,2880,-7.328963e-09,6.993689e-09,2.2199864999999998e-11,2.4649697008402762e-11,1.4322652e-08,9.319467510525237e-22,1.8757851051052533e-20,-4.95336e-10
C13.logical0_no_read_control,logical0_no_read_control,ACTIVE,branch_current,L1,A,2880,-1.51305e-05,-1.511167e-05,-1.51216e-05,-1.5121575760416669e-05,1.883000000000097e-08,-5.441876634375002e-16,5.777681249999157e-20,-1.512318e-05
C13.logical0_no_read_control,logical0_no_read_control,ACTIVE,branch_current,L2,A,2880,1.98695e-05,1.988833e-05,1.98784e-05,1.9878424239583332e-05,1.8829999999999276e-08,7.153748365625003e-16,5.777681249998012e-20,1.987682e-05
C13.logical0_no_read_control,logical0_no_read_control,ACTIVE,branch_current,RB,A,2880,3.5e-05,3.5e-05,3.5e-05,3.499999999999999e-05,0.0,1.2595625000000004e-15,0.0,3.5e-05
C13.logical0_no_read_control,logical0_no_read_control,ACTIVE,branch_current,RJ1,A,2880,-6.310382e-09,7.120113e-09,2.0734649999999998e-11,6.315807059628475e-11,1.3430495e-08,2.2501975545912266e-21,3.070019485209124e-20,-7.905522e-10
C13.logical0_no_read_control,logical0_no_read_control,ACTIVE,branch_current,RJ2,A,2880,-3.008309e-09,3.408794e-09,1.739583e-11,2.3863891090381954e-11,6.417103e-09,8.765054318162577e-22,1.7062011312441264e-20,-4.4975355e-10
C13.logical0_no_read_control,logical0_no_read_control,ACTIVE,kcl_residual,input,A,2880,,,,,,,,
C13.logical0_no_read_control,logical0_no_read_control,ACTIVE,kcl_residual,node2,A,2880,,,,,,,,
C13.logical0_no_read_control,logical0_no_read_control,ACTIVE,kcl_residual,node3,A,2880,,,,,,,,
C13.logical0_no_read_control,logical0_no_read_control,ACTIVE,kcl_residual,node4,A,2880,,,,,,,,
C13.logical0_no_read_control,logical0_no_read_control,TRANSITION,branch_current,source,A,800,-4.577031e-10,3.402947e-10,-6.2027825e-12,-1.0927006976374997e-11,7.979978000000001e-10,-1.074891247637508e-22,1.3448010293986268e-20,-1.3572465e-09
C13.logical0_no_read_control,logical0_no_read_control,TRANSITION,branch_current,lin,A,800,-4.577031e-10,3.402947e-10,-6.2027825e-12,-1.0927006976374997e-11,7.979978000000001e-10,-1.074891247637508e-22,1.3448010293986268e-20,-1.3572465e-09
C13.logical0_no_read_control,logical0_no_read_control,TRANSITION,branch_current,BJs,A,800,-4.577031e-10,3.402947e-10,-6.2027825e-12,-1.0927006976374997e-11,7.979978000000001e-10,-1.074891247637508e-22,1.3448010293986268e-20,-1.3572465e-09
C13.logical0_no_read_control,logical0_no_read_control,TRANSITION,branch_current,BJL1,A,800,1.512134e-05,1.512202e-05,1.512169e-05,1.5121675475e-05,6.800000000001358e-10,1.510277351250002e-16,-9.581937499989297e-21,1.5122634999999999e-05
C13.logical0_no_read_control,logical0_no_read_control,TRANSITION,branch_current,BJL2,A,800,1.987816e-05,1.987851e-05,1.987834e-05,1.9878341449999997e-05,3.5000000000076745e-10,1.985349359375003e-16,4.159999999967136e-21,1.9877925000000003e-05
C13.logical0_no_read_control,logical0_no_read_control,TRANSITION,branch_current,L0,A,800,-3.318831e-10,2.733791e-10,-2.7279435e-11,-1.4607318071250005e-11,6.052622e-10,-1.4710566858749932e-22,4.800062631412508e-21,-4.95336e-10
C13.logical0_no_read_control,logical0_no_read_control,TRANSITION,branch_current,L1,A,800,-1.512213e-05,-1.512128e-05,-1.512169e-05,-1.5121681237499998e-05,8.499999999984757e-10,-1.510277922500002e-16,1.4967999999998146e-20,-1.512318e-05
C13.logical0_no_read_control,logical0_no_read_control,TRANSITION,branch_current,L2,A,800,1.987787e-05,1.987872e-05,1.987831e-05,1.9878318762500003e-05,8.500000000018638e-10,1.9853470775000026e-16,1.4967999999994017e-20,1.987682e-05
C13.logical0_no_read_control,logical0_no_read_control,TRANSITION,branch_current,RB,A,800,3.5e-05,3.5e-05,3.5e-05,3.499999999999999e-05,0.0,3.4956250000000044e-16,0.0,3.5e-05
C13.logical0_no_read_control,logical0_no_read_control,TRANSITION,branch_current,RJ1,A,800,-3.296752e-10,2.763508e-10,-3.4052735e-12,-5.152359910025e-12,6.06026e-10,-5.022328910025055e-23,7.84541680839976e-21,-7.905522e-10
C13.logical0_no_read_control,logical0_no_read_control,TRANSITION,branch_current,RJ2,A,800,-1.610299e-10,1.330642e-10,-1.2568880000000001e-11,-7.941694536e-12,2.9409410000000003e-10,-7.969723275999975e-23,4.412216347865007e-21,-4.4975355e-10
C13.logical0_no_read_control,logical0_no_read_control,TRANSITION,kcl_residual,input,A,800,,,,,,,,
C13.logical0_no_read_control,logical0_no_read_control,TRANSITION,kcl_residual,node2,A,800,,,,,,,,
C13.logical0_no_read_control,logical0_no_read_control,TRANSITION,kcl_residual,node3,A,800,,,,,,,,
C13.logical0_no_read_control,logical0_no_read_control,TRANSITION,kcl_residual,node4,A,800,,,,,,,,
C13.logical0_no_read_control,logical0_no_read_control,POST,branch_current,source,A,2400,-1.756633e-10,1.626975e-10,6.483866e-13,-1.0098036375001158e-14,3.383608e-10,-9.674543775016498e-25,4.069946196437249e-20,-1.3572465e-09
C13.logical0_no_read_control,logical0_no_read_control,POST,branch_current,lin,A,2400,-1.756633e-10,1.626975e-10,6.483866e-13,-1.0098036375001158e-14,3.383608e-10,-9.674543775016498e-25,4.069946196437249e-20,-1.3572465e-09
C13.logical0_no_read_control,logical0_no_read_control,POST,branch_current,BJs,A,2400,-1.756633e-10,1.626975e-10,6.483866e-13,-1.0098036375001158e-14,3.383608e-10,-9.674543775016498e-25,4.069946196437249e-20,-1.3572465e-09
C13.logical0_no_read_control,logical0_no_read_control,POST,branch_current,BJL1,A,2400,1.512151e-05,1.512179e-05,1.512166e-05,1.5121656504166666e-05,2.8000000000095277e-10,4.534606746249999e-16,-2.9342437499970914e-20,1.5122634999999999e-05
C13.logical0_no_read_control,logical0_no_read_control,POST,branch_current,BJL2,A,2400,1.987827e-05,1.987841e-05,1.987834e-05,1.98783416125e-05,1.3999999999962935e-10,5.961017686249999e-16,1.2492687499889356e-20,1.9877925000000003e-05
C13.logical0_no_read_control,logical0_no_read_control,POST,branch_current,L0,A,2400,-1.025456e-10,1.072301e-10,9.0477385e-13,1.3776842604750008e-12,2.097757e-10,4.149974103925061e-23,1.489538804103925e-20,-4.95336e-10
C13.logical0_no_read_control,logical0_no_read_control,POST,branch_current,L1,A,2400,-1.512181e-05,-1.51215e-05,-1.512166e-05,-1.5121656366666666e-05,3.099999999996633e-10,-4.53460670625e-16,4.568962499999345e-20,-1.512318e-05
C13.logical0_no_read_control,logical0_no_read_control,POST,branch_current,L2,A,2400,1.987819e-05,1.98785e-05,1.987834e-05,1.987834363333333e-05,3.0999999999796924e-10,5.961018293749999e-16,4.568962499997892e-20,1.987682e-05
C13.logical0_no_read_control,logical0_no_read_control,POST,branch_current,RB,A,2400,3.5e-05,3.5e-05,3.5e-05,3.499999999999999e-05,0.0,1.0495624999999998e-15,0.0,3.5e-05
C13.logical0_no_read_control,logical0_no_read_control,POST,branch_current,RJ1,A,2400,-1.011859e-10,1.04208e-10,-6.7336075e-13,-6.124852287083304e-14,2.053939e-10,-2.4618413286264902e-24,2.370422225617137e-20,-7.905522e-10
C13.logical0_no_read_control,logical0_no_read_control,POST,branch_current,RJ2,A,2400,-4.968714e-11,5.1826e-11,3.874608e-13,6.553728401124998e-13,1.0151314e-10,1.9609917647124996e-23,1.3506594498272123e-20,-4.4975355e-10
C13.logical0_no_read_control,logical0_no_read_control,POST,kcl_residual,input,A,2400,,,,,,,,
C13.logical0_no_read_control,logical0_no_read_control,POST,kcl_residual,node2,A,2400,,,,,,,,
C13.logical0_no_read_control,logical0_no_read_control,POST,kcl_residual,node3,A,2400,,,,,,,,
C13.logical0_no_read_control,logical0_no_read_control,POST,kcl_residual,node4,A,2400,,,,,,,,
D12.logical1_read,logical1_read,PRE,branch_current,source,A,1120,-1.444787e-08,1.331261e-08,-6.84592e-10,-4.1069505648214277e-10,2.776048e-08,-5.7857254594999395e-21,3.790005140500059e-21,-6.84592e-10
D12.logical1_read,logical1_read,PRE,branch_current,lin,A,1120,-1.444787e-08,1.331261e-08,-6.84592e-10,-4.1069505648214277e-10,2.776048e-08,-5.7857254594999395e-21,3.790005140500059e-21,-6.84592e-10
D12.logical1_read,logical1_read,PRE,branch_current,BJs,A,1120,-1.444787e-08,1.331261e-08,-6.84592e-10,-4.106950612160714e-10,2.776048e-08,-5.785725525774939e-21,3.79000507422506e-21,-6.84592e-10
D12.logical1_read,logical1_read,PRE,branch_current,BJL1,A,1120,1.510727e-05,1.513464e-05,1.51215e-05,1.5121477580357146e-05,2.7370000000000383e-08,2.115117261875e-16,-2.550625000119565e-22,1.51215e-05
D12.logical1_read,logical1_read,PRE,branch_current,BJL2,A,1120,1.987165e-05,1.988438e-05,1.9877995e-05,1.9878134937499998e-05,1.2729999999999453e-08,2.7804539849999996e-16,1.943437499979589e-21,1.9877995e-05
D12.logical1_read,logical1_read,PRE,branch_current,L0,A,1120,-9.951401e-09,1.088612e-08,2.5727675e-10,2.1960714333660716e-10,2.0837521e-08,3.0363232254625413e-21,-5.623353151624546e-22,2.5727675e-10
D12.logical1_read,logical1_read,PRE,branch_current,L1,A,1120,-1.513611e-05,-1.510593e-05,-1.5121635e-05,-1.51215921875e-05,3.0180000000000446e-08,-2.11513342875e-16,5.266875000013851e-22,-1.5121635e-05
D12.logical1_read,logical1_read,PRE,branch_current,L2,A,1120,1.986389e-05,1.989407e-05,1.9878365e-05,1.98784078125e-05,3.0180000000000446e-08,2.78049157125e-16,5.266874999970213e-22,1.9878365e-05
D12.logical1_read,logical1_read,PRE,branch_current,RB,A,1120,3.5e-05,3.5e-05,3.5e-05,3.499999999999998e-05,0.0,4.895625e-16,0.0,3.5e-05
D12.logical1_read,logical1_read,PRE,branch_current,RJ1,A,1120,-1.023955e-08,9.404947e-09,-5.1097405e-10,-2.959618831839286e-10,1.9644497e-08,-4.167275107699959e-21,2.97997441667504e-21,-5.1097405e-10
D12.logical1_read,logical1_read,PRE,branch_current,RJ2,A,1120,-4.858845e-09,5.31808e-09,6.034338000000001e-11,5.3436060971428535e-11,1.0176925e-08,7.246309348500288e-22,-1.1942209289997101e-22,6.034338000000001e-11
D12.logical1_read,logical1_read,PRE,kcl_residual,input,A,1120,,,,,,,,
D12.logical1_read,logical1_read,PRE,kcl_residual,node2,A,1120,,,,,,,,
D12.logical1_read,logical1_read,PRE,kcl_residual,node3,A,1120,,,,,,,,
D12.logical1_read,logical1_read,PRE,kcl_residual,node4,A,1120,,,,,,,,
D12.logical1_read,logical1_read,ACTIVE,branch_current,source,A,2880,-2.638012e-05,6.81454e-05,1.2018105e-06,9.577019163374568e-06,9.452552e-05,3.447754994153676e-16,3.4480013616996757e-16,-6.84592e-10
D12.logical1_read,logical1_read,ACTIVE,branch_current,lin,A,2880,-2.638012e-05,6.81454e-05,1.2018105e-06,9.577019163374568e-06,9.452552e-05,3.447754994153676e-16,3.4480013616996757e-16,-6.84592e-10
D12.logical1_read,logical1_read,ACTIVE,branch_current,BJs,A,2880,-2.638012e-05,6.81454e-05,1.2018105e-06,9.577019163374912e-06,9.452552e-05,3.447754994153799e-16,3.4480013616997995e-16,-6.84592e-10
D12.logical1_read,logical1_read,ACTIVE,branch_current,BJL1,A,2880,-3.45239e-06,4.985576e-05,1.5132525e-05,1.9091957476458335e-05,5.330815e-05,6.871156185900002e-16,1.4293063733999995e-16,1.51215e-05
D12.logical1_read,logical1_read,ACTIVE,branch_current,BJL2,A,2880,1.06585e-05,5.342825e-05,2.0097505e-05,2.5535983652777773e-05,4.276975e-05,9.190426640625003e-16,2.0368331899999996e-16,1.9877995e-05
D12.logical1_read,logical1_read,ACTIVE,branch_current,L0,A,2880,-1.752166e-05,7.840224e-06,2.873176e-07,-1.5631671737323054e-08,2.5361884e-05,-5.477310470812011e-19,-5.569897941218195e-19,2.5727675e-10
D12.logical1_read,logical1_read,ACTIVE,branch_current,L1,A,2880,-3.083332e-05,2.432701e-05,-1.4425795e-05,-9.490723519142014e-06,5.516033e-05,-3.4146069762661277e-16,2.0272914193588744e-16,-1.5121635e-05
D12.logical1_read,logical1_read,ACTIVE,branch_current,L2,A,2880,4.166678e-06,5.932701e-05,2.0574205e-05,2.5509276430902778e-05,5.5160331999999995e-05,9.181018005750003e-16,2.027291401374999e-16,1.9878365e-05
D12.logical1_read,logical1_read,ACTIVE,branch_current,RB,A,2880,3.5e-05,3.5e-05,3.5e-05,3.499999999999999e-05,0.0,1.2595625000000004e-15,0.0,3.5e-05
D12.logical1_read,logical1_read,ACTIVE,branch_current,RJ1,A,2880,-1.424288e-05,6.516989e-06,3.2982415e-07,-2.4214821480875035e-08,2.0759869e-05,-8.794225299483273e-19,-8.610338513239547e-19,-5.1097405e-10
D12.logical1_read,logical1_read,ACTIVE,branch_current,RJ2,A,2880,-8.266345e-06,3.672263e-06,1.2138289999999998e-07,-1.1075473158420165e-08,1.1938608e-05,-3.9312967670939865e-19,-3.953012840971532e-19,6.034338000000001e-11
D12.logical1_read,logical1_read,ACTIVE,kcl_residual,input,A,2880,,,,,,,,
D12.logical1_read,logical1_read,ACTIVE,kcl_residual,node2,A,2880,,,,,,,,
D12.logical1_read,logical1_read,ACTIVE,kcl_residual,node3,A,2880,,,,,,,,
D12.logical1_read,logical1_read,ACTIVE,kcl_residual,node4,A,2880,,,,,,,,
D12.logical1_read,logical1_read,TRANSITION,branch_current,source,A,800,-2.160026e-06,2.518629e-06,1.1775635e-07,2.1360989090000015e-08,4.678655e-06,2.1814695777499765e-19,2.2498432037499736e-19,-6.84592e-10
D12.logical1_read,logical1_read,TRANSITION,branch_current,lin,A,800,-2.160026e-06,2.518629e-06,1.1775635e-07,2.1360989090000015e-08,4.678655e-06,2.1814695777499765e-19,2.2498432037499736e-19,-6.84592e-10
D12.logical1_read,logical1_read,TRANSITION,branch_current,BJs,A,800,-2.160026e-06,2.518629e-06,1.1775635e-07,2.1360987838750005e-08,4.678655e-06,2.1814694526249745e-19,2.2498430786249716e-19,-6.84592e-10
D12.logical1_read,logical1_read,TRANSITION,branch_current,BJL1,A,800,1.251803e-05,1.699219e-05,1.5073155e-05,1.49849191375e-05,4.474159999999999e-06,1.496605621875002e-16,-1.3654190625000134e-18,1.51215e-05
D12.logical1_read,logical1_read,TRANSITION,branch_current,BJL2,A,800,1.872391e-05,2.073459e-05,1.990707e-05,1.9853232425000004e-05,2.0106799999999995e-06,1.9828008025000025e-16,-2.5139481250000967e-19,1.9877995e-05
D12.logical1_read,logical1_read,TRANSITION,branch_current,L0,A,800,-2.356629e-06,2.084439e-06,-8.243361e-08,4.586375910687499e-08,4.441068e-06,4.70569885443741e-19,4.680003339031155e-19,2.5727675e-10
D12.logical1_read,logical1_read,TRANSITION,branch_current,L1,A,800,-1.763304e-05,-1.264451e-05,-1.5233299999999999e-05,-1.5063039337500001e-05,4.988530000000002e-06,-1.504292771875002e-16,5.980523749999951e-19,-1.5121635e-05
D12.logical1_read,logical1_read,TRANSITION,branch_current,L2,A,800,1.736696e-05,2.235549e-05,1.97667e-05,1.99369606625e-05,4.98853e-06,1.9913322281250025e-16,5.980523749999916e-19,1.9878365e-05
D12.logical1_read,logical1_read,TRANSITION,branch_current,RB,A,800,3.5e-05,3.5e-05,3.5e-05,3.499999999999999e-05,0.0,3.4956250000000044e-16,0.0,3.5e-05
D12.logical1_read,logical1_read,TRANSITION,branch_current,RJ1,A,800,-1.381239e-06,2.013484e-06,-2.5736715e-08,9.948119003999998e-08,3.394723e-06,9.868619635875087e-19,9.919653169118834e-19,-5.1097405e-10
D12.logical1_read,logical1_read,TRANSITION,branch_current,RJ2,A,800,-8.610223e-07,1.009061e-06,-2.6583005e-08,3.786451218112502e-08,1.8700833e-06,3.825730530612478e-19,3.8197037355349776e-19,6.034338000000001e-11
D12.logical1_read,logical1_read,TRANSITION,kcl_residual,input,A,800,,,,,,,,
D12.logical1_read,logical1_read,TRANSITION,kcl_residual,node2,A,800,,,,,,,,
D12.logical1_read,logical1_read,TRANSITION,kcl_residual,node3,A,800,,,,,,,,
D12.logical1_read,logical1_read,TRANSITION,kcl_residual,node4,A,800,,,,,,,,
D12.logical1_read,logical1_read,POST,branch_current,source,A,2400,-9.714673e-07,9.407931e-07,-3.7549859999999996e-10,-9.876472798666671e-09,1.9122604e-06,-2.9350580939749814e-19,-2.7297660679749805e-19,-6.84592e-10
D12.logical1_read,logical1_read,POST,branch_current,lin,A,2400,-9.714673e-07,9.407931e-07,-3.7549859999999996e-10,-9.876472798666671e-09,1.9122604e-06,-2.9350580939749814e-19,-2.7297660679749805e-19,-6.84592e-10
D12.logical1_read,logical1_read,POST,branch_current,BJs,A,2400,-9.714673e-07,9.407931e-07,-3.7549875e-10,-9.876473056070839e-09,1.9122604e-06,-2.9350581711962317e-19,-2.72976614519623e-19,-6.84592e-10
D12.logical1_read,logical1_read,POST,branch_current,BJL1,A,2400,1.419777e-05,1.622995e-05,1.5116075e-05,1.5118179262500001e-05,2.0321799999999992e-06,4.533622809375e-16,-9.370031250001054e-20,1.51215e-05
D12.logical1_read,logical1_read,POST,branch_current,BJL2,A,2400,1.943362e-05,2.031398e-05,1.9876225e-05,1.9871016525e-05,8.803599999999998e-07,5.958828054374999e-16,-2.0856962500004316e-19,1.9877995e-05
D12.logical1_read,logical1_read,POST,branch_current,L0,A,2400,-5.737934e-07,5.368306e-07,5.159364e-09,3.923727253504165e-09,1.110624e-06,1.1481464673011806e-19,1.0709956018949304e-19,2.5727675e-10
D12.logical1_read,logical1_read,POST,branch_current,L1,A,2400,-1.599985e-05,-1.433622e-05,-1.511618e-05,-1.5124159433333333e-05,1.6636299999999992e-06,-4.535393261874999e-16,-7.929662500000739e-20,-1.5121635e-05
D12.logical1_read,logical1_read,POST,branch_current,L2,A,2400,1.900015e-05,2.066378e-05,1.9883820000000002e-05,1.9875840566666668e-05,1.6636299999999975e-06,5.960231738124999e-16,-7.929662500001703e-20,1.9878365e-05
D12.logical1_read,logical1_read,POST,branch_current,RB,A,2400,3.5e-05,3.5e-05,3.5e-05,3.499999999999999e-05,0.0,1.0495624999999998e-15,0.0,3.5e-05
D12.logical1_read,logical1_read,POST,branch_current,RJ1,A,2400,-5.56043e-07,5.534827e-07,-7.7079235e-10,-3.896148684933331e-09,1.1095257e-06,-1.164559235480015e-19,-1.0113308922362648e-19,-5.1097405e-10
D12.logical1_read,logical1_read,POST,branch_current,RJ2,A,2400,-2.773224e-07,2.553949e-07,2.1767715e-09,9.002461004991657e-10,5.327173000000001e-07,2.555166102122108e-20,2.374211391347109e-20,6.034338000000001e-11
D12.logical1_read,logical1_read,POST,kcl_residual,input,A,2400,,,,,,,,
D12.logical1_read,logical1_read,POST,kcl_residual,node2,A,2400,,,,,,,,
D12.logical1_read,logical1_read,POST,kcl_residual,node3,A,2400,,,,,,,,
D12.logical1_read,logical1_read,POST,kcl_residual,node4,A,2400,,,,,,,,
D12.logical0_read,logical0_read,PRE,branch_current,source,A,1120,-1.327073e-08,1.438885e-08,6.521026000000001e-10,4.109205390625e-10,2.7659580000000003e-08,5.7880135299999405e-21,-3.3332715875000588e-21,6.521026000000001e-10
D12.logical0_read,logical0_read,PRE,branch_current,lin,A,1120,-1.327073e-08,1.438885e-08,6.521026000000001e-10,4.109205390625e-10,2.7659580000000003e-08,5.7880135299999405e-21,-3.3332715875000588e-21,6.521026000000001e-10
D12.logical0_read,logical0_read,PRE,branch_current,BJs,A,1120,-1.327073e-08,1.438885e-08,6.521026000000001e-10,4.1092053547321423e-10,2.7659580000000003e-08,5.788013479749943e-21,-3.3332716377500575e-21,6.521026000000001e-10
D12.logical0_read,logical0_read,PRE,branch_current,BJL1,A,1120,1.510873e-05,1.513599e-05,1.512183e-05,1.5121833482142858e-05,2.7259999999999465e-08,2.1151658712499999e-16,-1.000000000256039e-23,1.512183e-05
D12.logical0_read,logical0_read,PRE,branch_current,BJL2,A,1120,1.987233e-05,1.988501e-05,1.9878695e-05,1.9878549339285715e-05,1.2679999999999343e-08,2.780512224375e-16,-2.023874999994027e-21,1.9878695e-05
D12.logical0_read,logical0_read,PRE,branch_current,L0,A,1120,-1.083282e-08,9.906248e-09,-2.379622e-10,-2.1581329181696433e-10,2.0739068e-08,-2.9830217979375426e-21,3.454744745624539e-22,-2.379622e-10
D12.logical0_read,logical0_read,PRE,branch_current,L1,A,1120,-1.513731e-05,-1.510727e-05,-1.5121664999999999e-05,-1.5121718223214287e-05,3.004000000000082e-08,-2.115149615625e-16,-6.723750000166455e-22,-1.5121664999999999e-05
D12.logical0_read,logical0_read,PRE,branch_current,L2,A,1120,1.986269e-05,1.989273e-05,1.9878334999999998e-05,1.9878281776785714e-05,3.003999999999743e-08,2.780475384375e-16,-6.723749999732478e-22,1.9878334999999998e-05
D12.logical0_read,logical0_read,PRE,branch_current,RB,A,1120,3.5e-05,3.5e-05,3.5e-05,3.499999999999998e-05,0.0,4.895625e-16,0.0,3.5e-05
D12.logical0_read,logical0_read,PRE,branch_current,RJ1,A,1120,-9.369579e-09,1.019311e-08,4.9543175e-10,2.9577369124642873e-10,1.9562688999999998e-08,4.164035303699959e-21,-2.7658162994250365e-21,4.9543175e-10
D12.logical0_read,logical0_read,PRE,branch_current,RJ2,A,1120,-5.291763e-09,4.83683e-09,-4.0608765e-11,-5.157638878098213e-11,1.0128593e-08,-6.9861394293377945e-22,-1.3059884249627875e-22,-4.0608765e-11
D12.logical0_read,logical0_read,PRE,kcl_residual,input,A,1120,,,,,,,,
D12.logical0_read,logical0_read,PRE,kcl_residual,node2,A,1120,,,,,,,,
D12.logical0_read,logical0_read,PRE,kcl_residual,node3,A,1120,,,,,,,,
D12.logical0_read,logical0_read,PRE,kcl_residual,node4,A,1120,,,,,,,,
D12.logical0_read,logical0_read,ACTIVE,branch_current,source,A,2880,-1.530129e-05,1.343327e-05,-2.5666365e-08,-5.016001654562648e-09,2.873456e-05,-1.822686039380019e-19,-2.0573614625549875e-19,6.521026000000001e-10
D12.logical0_read,logical0_read,ACTIVE,branch_current,lin,A,2880,-1.530129e-05,1.343327e-05,-2.5666365e-08,-5.016001654562648e-09,2.873456e-05,-1.822686039380019e-19,-2.0573614625549875e-19,6.521026000000001e-10
D12.logical0_read,logical0_read,ACTIVE,branch_current,BJs,A,2880,-1.530129e-05,1.343327e-05,-2.5666365e-08,-5.016001654562648e-09,2.873456e-05,-1.822686039380019e-19,-2.0573614625549875e-19,6.521026000000001e-10
D12.logical0_read,logical0_read,ACTIVE,branch_current,BJL1,A,2880,7.497523e-06,2.264371e-05,1.5123395000000001e-05,1.510548014861111e-05,1.5146186999999999e-05,5.436066765375002e-16,-5.901805874999798e-19,1.512183e-05
D12.logical0_read,logical0_read,ACTIVE,branch_current,BJL2,A,2880,1.517358e-05,2.483503e-05,1.9876695e-05,1.9895947302083336e-05,9.66145e-06,7.160046898750002e-16,6.201535625000131e-19,1.9878695e-05
D12.logical0_read,logical0_read,ACTIVE,branch_current,L0,A,2880,-3.421021e-06,2.880594e-06,2.6030759999999996e-09,-2.3476619188715313e-09,6.301615e-06,-8.272109935439066e-20,-7.415743468188978e-20,-2.379622e-10
D12.logical0_read,logical0_read,ACTIVE,branch_current,L1,A,2880,-2.295917e-05,-8.264413e-06,-1.5124495e-05,-1.5107948852430554e-05,1.4694757e-05,-5.436956982500002e-16,4.952209374999333e-19,-1.5121664999999999e-05
D12.logical0_read,logical0_read,ACTIVE,branch_current,L2,A,2880,1.204083e-05,2.673559e-05,1.9875505e-05,1.9892051149305557e-05,1.4694760000000001e-05,7.158668018125001e-16,4.952210000000455e-19,1.9878334999999998e-05
D12.logical0_read,logical0_read,ACTIVE,branch_current,RB,A,2880,3.5e-05,3.5e-05,3.5e-05,3.499999999999999e-05,0.0,1.2595625000000004e-15,0.0,3.5e-05
D12.logical0_read,logical0_read,ACTIVE,branch_current,RJ1,A,2880,-2.979545e-06,2.534504e-06,-2.5364295e-09,-2.5472183292222186e-09,5.514049000000001e-06,-9.324403495699851e-20,-1.1107338506012398e-19,4.9543175e-10
D12.logical0_read,logical0_read,ACTIVE,branch_current,RJ2,A,2880,-1.6131e-06,1.358587e-06,8.4504235e-10,-1.5485178617430606e-09,2.971687e-06,-5.516791424150805e-20,-5.370650631107026e-20,-4.0608765e-11
D12.logical0_read,logical0_read,ACTIVE,kcl_residual,input,A,2880,,,,,,,,
D12.logical0_read,logical0_read,ACTIVE,kcl_residual,node2,A,2880,,,,,,,,
D12.logical0_read,logical0_read,ACTIVE,kcl_residual,node3,A,2880,,,,,,,,
D12.logical0_read,logical0_read,ACTIVE,kcl_residual,node4,A,2880,,,,,,,,
D12.logical0_read,logical0_read,TRANSITION,branch_current,source,A,800,-3.504894e-07,4.642225e-07,4.1561865e-09,1.3764795748999995e-08,8.147119e-07,1.3637355542750035e-19,1.298606807100003e-19,6.521026000000001e-10
D12.logical0_read,logical0_read,TRANSITION,branch_current,lin,A,800,-3.504894e-07,4.642225e-07,4.1561865e-09,1.3764795748999995e-08,8.147119e-07,1.3637355542750035e-19,1.298606807100003e-19,6.521026000000001e-10
D12.logical0_read,logical0_read,TRANSITION,branch_current,BJs,A,800,-3.504894e-07,4.642225e-07,4.1561865e-09,1.3764795746499993e-08,8.147119e-07,1.3637355540250033e-19,1.298606806850003e-19,6.521026000000001e-10
D12.logical0_read,logical0_read,TRANSITION,branch_current,BJL1,A,800,1.471117e-05,1.549027e-05,1.5095609999999999e-05,1.51071219125e-05,7.791000000000007e-07,1.508804638750002e-16,-1.488132500000004e-19,1.512183e-05
D12.logical0_read,logical0_read,TRANSITION,branch_current,BJL2,A,800,1.969204e-05,2.005526e-05,1.9878555e-05,1.98804606125e-05,3.632200000000016e-07,1.9855552175000026e-16,1.7055437500004177e-20,1.9878695e-05
D12.logical0_read,logical0_read,TRANSITION,branch_current,L0,A,800,-2.816028e-07,3.384011e-07,2.0807415e-08,1.0681828553625e-08,6.200039e-07,1.0845091078624878e-19,1.1082755825874878e-19,-2.379622e-10
D12.logical0_read,logical0_read,TRANSITION,branch_current,L1,A,800,-1.547693e-05,-1.464814e-05,-1.5095405e-05,-1.51021700375e-05,8.287899999999989e-07,-1.5083106387500022e-16,1.9656531249998692e-19,-1.5121664999999999e-05
D12.logical0_read,logical0_read,TRANSITION,branch_current,L2,A,800,1.952307e-05,2.035186e-05,1.9904595e-05,1.9897829962499998e-05,8.287900000000006e-07,1.9873143612500027e-16,1.965653125000174e-19,1.9878334999999998e-05
D12.logical0_read,logical0_read,TRANSITION,branch_current,RB,A,800,3.5e-05,3.5e-05,3.5e-05,3.499999999999999e-05,0.0,3.4956250000000044e-16,0.0,3.5e-05
D12.logical0_read,logical0_read,TRANSITION,branch_current,RJ1,A,800,-2.774099e-07,3.37597e-07,6.744179e-09,8.813190469000004e-09,6.150069e-07,8.697627750250043e-20,8.202815289937537e-20,4.9543175e-10
D12.logical0_read,logical0_read,TRANSITION,branch_current,RJ2,A,800,-1.285845e-07,1.643072e-07,1.034635e-08,6.687295742124999e-09,2.928917e-07,6.746118366499949e-20,6.786676370543698e-20,-4.0608765e-11
D12.logical0_read,logical0_read,TRANSITION,kcl_residual,input,A,800,,,,,,,,
D12.logical0_read,logical0_read,TRANSITION,kcl_residual,node2,A,800,,,,,,,,
D12.logical0_read,logical0_read,TRANSITION,kcl_residual,node3,A,800,,,,,,,,
D12.logical0_read,logical0_read,TRANSITION,kcl_residual,node4,A,800,,,,,,,,
D12.logical0_read,logical0_read,POST,branch_current,source,A,2400,-1.920324e-07,1.765195e-07,1.2929725e-10,1.0066394179166659e-09,3.685519e-07,3.075053398125123e-20,1.1195607263751274e-20,6.521026000000001e-10
D12.logical0_read,logical0_read,POST,branch_current,lin,A,2400,-1.920324e-07,1.765195e-07,1.2929725e-10,1.0066394179166659e-09,3.685519e-07,3.075053398125123e-20,1.1195607263751274e-20,6.521026000000001e-10
D12.logical0_read,logical0_read,POST,branch_current,BJs,A,2400,-1.920324e-07,1.765195e-07,1.2929724500000001e-10,1.0066394090424998e-09,3.685519e-07,3.075053371502622e-20,1.119560699752627e-20,6.521026000000001e-10
D12.logical0_read,logical0_read,POST,branch_current,BJL1,A,2400,1.498115e-05,1.525601e-05,1.512214e-05,1.5123360770833335e-05,2.748600000000003e-07,4.535115585e-16,4.5681374999993806e-20,1.512183e-05
D12.logical0_read,logical0_read,POST,branch_current,BJL2,A,2400,1.981483e-05,1.994209e-05,1.9878465e-05,1.9878883454166666e-05,1.272599999999985e-07,5.961183881875e-16,6.021875000012737e-21,1.9878695e-05
D12.logical0_read,logical0_read,POST,branch_current,L0,A,2400,-1.027754e-07,1.146493e-07,-1.9046335000000002e-10,-7.856089805041666e-10,2.174247e-07,-2.3634547421375672e-20,-1.6498655948875644e-20,-2.379622e-10
D12.logical0_read,logical0_read,POST,branch_current,L1,A,2400,-1.528413e-05,-1.495254e-05,-1.5121415e-05,-1.5122310695833333e-05,3.3158999999999965e-07,-4.534799402499999e-16,-1.9011062500035386e-20,-1.5121664999999999e-05
D12.logical0_read,logical0_read,POST,branch_current,L2,A,2400,1.971587e-05,2.004746e-05,1.9878585000000002e-05,1.9877689304166666e-05,3.3159000000000134e-07,5.960825597499999e-16,-1.901106249994316e-20,1.9878334999999998e-05
D12.logical0_read,logical0_read,POST,branch_current,RB,A,2400,3.5e-05,3.5e-05,3.5e-05,3.499999999999999e-05,0.0,1.0495624999999998e-15,0.0,3.5e-05
D12.logical0_read,logical0_read,POST,branch_current,RJ1,A,2400,-1.045341e-07,1.126717e-07,-7.12689e-10,-4.343862395874926e-11,2.1720579999999998e-07,-8.677906668863706e-22,-1.572455027001139e-20,4.9543175e-10
D12.logical0_read,logical0_read,POST,branch_current,RJ2,A,2400,-5.000691e-08,5.547739e-08,-1.7465225e-10,-4.0844907799166664e-10,1.054843e-07,-1.2191131808500089e-20,-1.0973376468062598e-20,-4.0608765e-11
D12.logical0_read,logical0_read,POST,kcl_residual,input,A,2400,,,,,,,,
D12.logical0_read,logical0_read,POST,kcl_residual,node2,A,2400,,,,,,,,
D12.logical0_read,logical0_read,POST,kcl_residual,node3,A,2400,,,,,,,,
D12.logical0_read,logical0_read,POST,kcl_residual,node4,A,2400,,,,,,,,
D12.logical1_no_read_control,logical1_no_read_control,PRE,branch_current,source,A,1120,-1.444787e-08,1.331261e-08,-6.84592e-10,-4.1069505648214277e-10,2.776048e-08,-5.7857254594999395e-21,3.790005140500059e-21,-6.84592e-10
D12.logical1_no_read_control,logical1_no_read_control,PRE,branch_current,lin,A,1120,-1.444787e-08,1.331261e-08,-6.84592e-10,-4.1069505648214277e-10,2.776048e-08,-5.7857254594999395e-21,3.790005140500059e-21,-6.84592e-10
D12.logical1_no_read_control,logical1_no_read_control,PRE,branch_current,BJs,A,1120,-1.444787e-08,1.331261e-08,-6.84592e-10,-4.106950612160714e-10,2.776048e-08,-5.785725525774939e-21,3.79000507422506e-21,-6.84592e-10
D12.logical1_no_read_control,logical1_no_read_control,PRE,branch_current,BJL1,A,1120,1.510727e-05,1.513464e-05,1.51215e-05,1.5121477580357146e-05,2.7370000000000383e-08,2.115117261875e-16,-2.550625000119565e-22,1.51215e-05
D12.logical1_no_read_control,logical1_no_read_control,PRE,branch_current,BJL2,A,1120,1.987165e-05,1.988438e-05,1.9877995e-05,1.9878134937499998e-05,1.2729999999999453e-08,2.7804539849999996e-16,1.943437499979589e-21,1.9877995e-05
D12.logical1_no_read_control,logical1_no_read_control,PRE,branch_current,L0,A,1120,-9.951401e-09,1.088612e-08,2.5727675e-10,2.1960714333660716e-10,2.0837521e-08,3.0363232254625413e-21,-5.623353151624546e-22,2.5727675e-10
D12.logical1_no_read_control,logical1_no_read_control,PRE,branch_current,L1,A,1120,-1.513611e-05,-1.510593e-05,-1.5121635e-05,-1.51215921875e-05,3.0180000000000446e-08,-2.11513342875e-16,5.266875000013851e-22,-1.5121635e-05
D12.logical1_no_read_control,logical1_no_read_control,PRE,branch_current,L2,A,1120,1.986389e-05,1.989407e-05,1.9878365e-05,1.98784078125e-05,3.0180000000000446e-08,2.78049157125e-16,5.266874999970213e-22,1.9878365e-05
D12.logical1_no_read_control,logical1_no_read_control,PRE,branch_current,RB,A,1120,3.5e-05,3.5e-05,3.5e-05,3.499999999999998e-05,0.0,4.895625e-16,0.0,3.5e-05
D12.logical1_no_read_control,logical1_no_read_control,PRE,branch_current,RJ1,A,1120,-1.023955e-08,9.404947e-09,-5.1097405e-10,-2.959618831839286e-10,1.9644497e-08,-4.167275107699959e-21,2.97997441667504e-21,-5.1097405e-10
D12.logical1_no_read_control,logical1_no_read_control,PRE,branch_current,RJ2,A,1120,-4.858845e-09,5.31808e-09,6.034338000000001e-11,5.3436060971428535e-11,1.0176925e-08,7.246309348500288e-22,-1.1942209289997101e-22,6.034338000000001e-11
D12.logical1_no_read_control,logical1_no_read_control,PRE,kcl_residual,input,A,1120,,,,,,,,
D12.logical1_no_read_control,logical1_no_read_control,PRE,kcl_residual,node2,A,1120,,,,,,,,
D12.logical1_no_read_control,logical1_no_read_control,PRE,kcl_residual,node3,A,1120,,,,,,,,
D12.logical1_no_read_control,logical1_no_read_control,PRE,kcl_residual,node4,A,1120,,,,,,,,
D12.logical1_no_read_control,logical1_no_read_control,ACTIVE,branch_current,source,A,2880,-3.553225e-09,3.733865e-09,4.7442284999999994e-12,3.384483167295487e-11,7.28709e-09,1.2247586277263712e-21,2.5861513227726384e-20,-6.84592e-10
D12.logical1_no_read_control,logical1_no_read_control,ACTIVE,branch_current,lin,A,2880,-3.553225e-09,3.733865e-09,4.7442284999999994e-12,3.384483167295139e-11,7.28709e-09,1.2247586277262463e-21,2.5861513227726258e-20,-6.84592e-10
D12.logical1_no_read_control,logical1_no_read_control,ACTIVE,branch_current,BJs,A,2880,-3.553225e-09,3.733865e-09,4.7442259999999996e-12,3.38448299617743e-11,7.28709e-09,1.2247585667488713e-21,2.586151316674888e-20,-6.84592e-10
D12.logical1_no_read_control,logical1_no_read_control,ACTIVE,branch_current,BJL1,A,2880,1.511829e-05,1.512539e-05,1.512165e-05,1.5121665986111111e-05,7.100000000000322e-09,5.441909318125001e-16,5.950562499970491e-21,1.51215e-05
D12.logical1_no_read_control,logical1_no_read_control,ACTIVE,branch_current,BJL2,A,2880,1.987677e-05,1.988008e-05,1.987835e-05,1.98783590625e-05,3.3100000000011592e-09,7.153724483750004e-16,1.3103312499948088e-20,1.9877995e-05
D12.logical1_no_read_control,logical1_no_read_control,ACTIVE,branch_current,L0,A,2880,-2.75442e-09,2.531324e-09,1.3029425e-12,-1.3530426979415287e-11,5.285744e-09,-4.71888474508939e-22,-9.730635515133943e-21,2.5727675e-10
D12.logical1_no_read_control,logical1_no_read_control,ACTIVE,branch_current,L1,A,2880,-1.512561e-05,-1.511796e-05,-1.512165e-05,-1.5121656586805557e-05,7.649999999999834e-09,-5.441905913750003e-16,-7.518124999954809e-22,-1.5121635e-05
D12.logical1_no_read_control,logical1_no_read_control,ACTIVE,branch_current,L2,A,2880,1.987439e-05,1.988204e-05,1.987835e-05,1.9878343413194445e-05,7.649999999999834e-09,7.153719086250003e-16,-7.518125000074135e-22,1.9878365e-05
D12.logical1_no_read_control,logical1_no_read_control,ACTIVE,branch_current,RB,A,2880,3.5e-05,3.5e-05,3.5e-05,3.499999999999999e-05,0.0,1.2595625000000004e-15,0.0,3.5e-05
D12.logical1_no_read_control,logical1_no_read_control,ACTIVE,branch_current,RJ1,A,2880,-2.447802e-09,2.614054e-09,5.1690035e-12,2.435567811537152e-11,5.061856e-09,8.810995092158721e-22,1.9269778133590878e-20,-5.1097405e-10
D12.logical1_no_read_control,logical1_no_read_control,ACTIVE,branch_current,RJ2,A,2880,-1.346807e-09,1.236592e-09,2.203793e-12,-2.0910671288784736e-12,2.5833989999999997e-09,-6.685346062712012e-23,-2.238460848377121e-21,6.034338000000001e-11
D12.logical1_no_read_control,logical1_no_read_control,ACTIVE,kcl_residual,input,A,2880,,,,,,,,
D12.logical1_no_read_control,logical1_no_read_control,ACTIVE,kcl_residual,node2,A,2880,,,,,,,,
D12.logical1_no_read_control,logical1_no_read_control,ACTIVE,kcl_residual,node3,A,2880,,,,,,,,
D12.logical1_no_read_control,logical1_no_read_control,ACTIVE,kcl_residual,node4,A,2880,,,,,,,,
D12.logical1_no_read_control,logical1_no_read_control,TRANSITION,branch_current,source,A,800,-1.467813e-10,1.490179e-10,4.2221745e-12,3.979543637677502e-12,2.957992e-10,4.0133508251774935e-23,6.877496108251784e-21,-6.84592e-10
D12.logical1_no_read_control,logical1_no_read_control,TRANSITION,branch_current,lin,A,800,-1.467813e-10,1.490179e-10,4.2221745e-12,3.979543625052503e-12,2.957992e-10,4.013350812552494e-23,6.877496108125534e-21,-6.84592e-10
D12.logical1_no_read_control,logical1_no_read_control,TRANSITION,branch_current,BJs,A,800,-1.467813e-10,1.490179e-10,4.2221725e-12,3.97954181791875e-12,2.957992e-10,4.013349005418742e-23,6.877496090054197e-21,-6.84592e-10
D12.logical1_no_read_control,logical1_no_read_control,TRANSITION,branch_current,BJL1,A,800,1.512156e-05,1.512177e-05,1.512167e-05,1.5121662925e-05,2.0999999999944403e-10,1.5102760868750022e-16,1.6274374999912315e-21,1.51215e-05
D12.logical1_no_read_control,logical1_no_read_control,TRANSITION,branch_current,BJL2,A,800,1.987829e-05,1.987839e-05,1.987834e-05,1.9878342812499997e-05,1.0000000000021927e-10,1.9853494912500026e-16,3.474062499985006e-21,1.9877995e-05
D12.logical1_no_read_control,logical1_no_read_control,TRANSITION,branch_current,L0,A,800,-9.234201e-11,8.507973e-11,-4.760219e-12,-2.8437539786374994e-12,1.7742174e-10,-2.8750413248874644e-23,-2.598301953873878e-21,2.5727675e-10
D12.logical1_no_read_control,logical1_no_read_control,TRANSITION,branch_current,L1,A,800,-1.512179e-05,-1.512153e-05,-1.512166e-05,-1.5121660900000001e-05,2.6000000000124773e-10,-1.510275884375002e-16,-2.588749999989558e-22,-1.5121635e-05
D12.logical1_no_read_control,logical1_no_read_control,TRANSITION,branch_current,L2,A,800,1.987821e-05,1.987847e-05,1.987834e-05,1.9878339099999997e-05,2.6000000000124773e-10,1.985349115625003e-16,-2.588750000029051e-22,1.9878365e-05
D12.logical1_no_read_control,logical1_no_read_control,TRANSITION,branch_current,RB,A,800,3.5e-05,3.5e-05,3.5e-05,3.499999999999999e-05,0.0,3.4956250000000044e-16,0.0,3.5e-05
D12.logical1_no_read_control,logical1_no_read_control,TRANSITION,branch_current,RJ1,A,800,-9.007902e-11,8.318038e-11,4.4257055e-12,2.30011724475e-12,1.732594e-10,2.3272223947499906e-23,5.126625548322507e-21,-5.1097405e-10
D12.logical1_no_read_control,logical1_no_read_control,TRANSITION,branch_current,RJ2,A,800,-4.46518e-11,4.115831e-11,-1.8227085e-12,-1.0925615874000003e-12,8.581011e-11,-1.1021193467749842e-23,-6.137007012177507e-22,6.034338000000001e-11
D12.logical1_no_read_control,logical1_no_read_control,TRANSITION,kcl_residual,input,A,800,,,,,,,,
D12.logical1_no_read_control,logical1_no_read_control,TRANSITION,kcl_residual,node2,A,800,,,,,,,,
D12.logical1_no_read_control,logical1_no_read_control,TRANSITION,kcl_residual,node3,A,800,,,,,,,,
D12.logical1_no_read_control,logical1_no_read_control,TRANSITION,kcl_residual,node4,A,800,,,,,,,,
D12.logical1_no_read_control,logical1_no_read_control,POST,branch_current,source,A,2400,-5.253787e-11,5.748377e-11,-3.45209e-14,-6.553554849583327e-13,1.1002164e-10,-2.0053279273750759e-23,2.0509149320726248e-20,-6.84592e-10
D12.logical1_no_read_control,logical1_no_read_control,POST,branch_current,lin,A,2400,-5.253787e-11,5.748377e-11,-3.4520905e-14,-6.553554851158333e-13,1.1002164e-10,-2.0053279278475758e-23,2.0509149320721524e-20,-6.84592e-10
D12.logical1_no_read_control,logical1_no_read_control,POST,branch_current,BJs,A,2400,-5.253787e-11,5.748377e-11,-3.4521345e-14,-6.553580035320834e-13,1.1002164e-10,-2.0053354805963264e-23,2.0509149245194036e-20,-6.84592e-10
D12.logical1_no_read_control,logical1_no_read_control,POST,branch_current,BJL1,A,2400,1.512161e-05,1.51217e-05,1.512166e-05,1.5121657658333333e-05,8.999999999951972e-11,4.534607092499999e-16,4.7279999999715e-21,1.51215e-05
D12.logical1_no_read_control,logical1_no_read_control,POST,branch_current,BJL2,A,2400,1.987832e-05,1.987836e-05,1.987834e-05,1.9878341224999996e-05,3.999999999941008e-11,5.961017574374999e-16,1.0382374999924881e-20,1.9877995e-05
D12.logical1_no_read_control,logical1_no_read_control,POST,branch_current,L0,A,2400,-4.393069e-11,5.191212e-11,-9.346267e-14,2.9015514031827914e-13,9.584281000000001e-11,8.430963104547944e-24,-7.70665557752045e-21,2.5727675e-10
D12.logical1_no_read_control,logical1_no_read_control,POST,branch_current,L1,A,2400,-1.512172e-05,-1.512158e-05,-1.512166e-05,-1.5121658070833335e-05,1.3999999999962935e-10,-4.534607218749998e-16,-6.923124999909723e-22,-1.5121635e-05
D12.logical1_no_read_control,logical1_no_read_control,POST,branch_current,L2,A,2400,1.987828e-05,1.987842e-05,1.987834e-05,1.9878341929166667e-05,1.3999999999962935e-10,5.961017781249999e-16,-6.923125000166903e-22,1.9878365e-05
D12.logical1_no_read_control,logical1_no_read_control,POST,branch_current,RB,A,2400,3.5e-05,3.5e-05,3.5e-05,3.499999999999999e-05,0.0,1.0495624999999998e-15,0.0,3.5e-05
D12.logical1_no_read_control,logical1_no_read_control,POST,branch_current,RJ1,A,2400,-4.257772e-11,2.809318e-11,1.6078475000000001e-13,-5.33243263849771e-13,7.06709e-11,-1.6176362615493468e-23,1.5306657961759502e-20,-5.1097405e-10
D12.logical1_no_read_control,logical1_no_read_control,POST,branch_current,RJ2,A,2400,-2.122085e-11,2.50179e-11,-9.5061015e-15,4.824934089499993e-14,4.623875e-11,1.2886956330997354e-24,-1.8082584121169004e-21,6.034338000000001e-11
D12.logical1_no_read_control,logical1_no_read_control,POST,kcl_residual,input,A,2400,,,,,,,,
D12.logical1_no_read_control,logical1_no_read_control,POST,kcl_residual,node2,A,2400,,,,,,,,
D12.logical1_no_read_control,logical1_no_read_control,POST,kcl_residual,node3,A,2400,,,,,,,,
D12.logical1_no_read_control,logical1_no_read_control,POST,kcl_residual,node4,A,2400,,,,,,,,
D12.logical0_no_read_control,logical0_no_read_control,PRE,branch_current,source,A,1120,-1.327073e-08,1.438885e-08,6.521026000000001e-10,4.109205390625e-10,2.7659580000000003e-08,5.7880135299999405e-21,-3.3332715875000588e-21,6.521026000000001e-10
D12.logical0_no_read_control,logical0_no_read_control,PRE,branch_current,lin,A,1120,-1.327073e-08,1.438885e-08,6.521026000000001e-10,4.109205390625e-10,2.7659580000000003e-08,5.7880135299999405e-21,-3.3332715875000588e-21,6.521026000000001e-10
D12.logical0_no_read_control,logical0_no_read_control,PRE,branch_current,BJs,A,1120,-1.327073e-08,1.438885e-08,6.521026000000001e-10,4.1092053547321423e-10,2.7659580000000003e-08,5.788013479749943e-21,-3.3332716377500575e-21,6.521026000000001e-10
D12.logical0_no_read_control,logical0_no_read_control,PRE,branch_current,BJL1,A,1120,1.510873e-05,1.513599e-05,1.512183e-05,1.5121833482142858e-05,2.7259999999999465e-08,2.1151658712499999e-16,-1.000000000256039e-23,1.512183e-05
D12.logical0_no_read_control,logical0_no_read_control,PRE,branch_current,BJL2,A,1120,1.987233e-05,1.988501e-05,1.9878695e-05,1.9878549339285715e-05,1.2679999999999343e-08,2.780512224375e-16,-2.023874999994027e-21,1.9878695e-05
D12.logical0_no_read_control,logical0_no_read_control,PRE,branch_current,L0,A,1120,-1.083282e-08,9.906248e-09,-2.379622e-10,-2.1581329181696433e-10,2.0739068e-08,-2.9830217979375426e-21,3.454744745624539e-22,-2.379622e-10
D12.logical0_no_read_control,logical0_no_read_control,PRE,branch_current,L1,A,1120,-1.513731e-05,-1.510727e-05,-1.5121664999999999e-05,-1.5121718223214287e-05,3.004000000000082e-08,-2.115149615625e-16,-6.723750000166455e-22,-1.5121664999999999e-05
D12.logical0_no_read_control,logical0_no_read_control,PRE,branch_current,L2,A,1120,1.986269e-05,1.989273e-05,1.9878334999999998e-05,1.9878281776785714e-05,3.003999999999743e-08,2.780475384375e-16,-6.723749999732478e-22,1.9878334999999998e-05
D12.logical0_no_read_control,logical0_no_read_control,PRE,branch_current,RB,A,1120,3.5e-05,3.5e-05,3.5e-05,3.499999999999998e-05,0.0,4.895625e-16,0.0,3.5e-05
D12.logical0_no_read_control,logical0_no_read_control,PRE,branch_current,RJ1,A,1120,-9.369579e-09,1.019311e-08,4.9543175e-10,2.9577369124642873e-10,1.9562688999999998e-08,4.164035303699959e-21,-2.7658162994250365e-21,4.9543175e-10
D12.logical0_no_read_control,logical0_no_read_control,PRE,branch_current,RJ2,A,1120,-5.291763e-09,4.83683e-09,-4.0608765e-11,-5.157638878098213e-11,1.0128593e-08,-6.9861394293377945e-22,-1.3059884249627875e-22,-4.0608765e-11
D12.logical0_no_read_control,logical0_no_read_control,PRE,kcl_residual,input,A,1120,,,,,,,,
D12.logical0_no_read_control,logical0_no_read_control,PRE,kcl_residual,node2,A,1120,,,,,,,,
D12.logical0_no_read_control,logical0_no_read_control,PRE,kcl_residual,node3,A,1120,,,,,,,,
D12.logical0_no_read_control,logical0_no_read_control,PRE,kcl_residual,node4,A,1120,,,,,,,,
D12.logical0_no_read_control,logical0_no_read_control,ACTIVE,branch_current,source,A,2880,-3.716261e-09,3.544303e-09,-4.1093845e-12,-3.3702305854131944e-11,7.260564e-09,-1.219295057623746e-21,-2.4686837375123756e-20,6.521026000000001e-10
D12.logical0_no_read_control,logical0_no_read_control,ACTIVE,branch_current,lin,A,2880,-3.716261e-09,3.544303e-09,-4.1093845e-12,-3.3702305854131944e-11,7.260564e-09,-1.219295057623746e-21,-2.4686837375123756e-20,6.521026000000001e-10
D12.logical0_no_read_control,logical0_no_read_control,ACTIVE,branch_current,BJs,A,2880,-3.716261e-09,3.544303e-09,-4.109387e-12,-3.37023073629861e-11,7.260564e-09,-1.2192951119424957e-21,-2.4686837429442507e-20,6.521026000000001e-10
D12.logical0_no_read_control,logical0_no_read_control,ACTIVE,branch_current,BJL1,A,2880,1.511794e-05,1.512502e-05,1.512166e-05,1.5121650461805556e-05,7.0799999999989226e-09,5.441904188750001e-16,-6.438250000007326e-21,1.512183e-05
D12.logical0_no_read_control,logical0_no_read_control,ACTIVE,branch_current,BJL2,A,2880,1.987661e-05,1.98799e-05,1.987834e-05,1.9878324961805557e-05,3.28999999999976e-09,7.153712180625002e-16,-1.3318249999985843e-20,1.9878695e-05
D12.logical0_no_read_control,logical0_no_read_control,ACTIVE,branch_current,L0,A,2880,-2.516925e-09,2.738187e-09,-3.2878575e-12,1.3242719299618061e-11,5.255112e-09,4.6153395189248905e-22,9.025198624392492e-21,-2.379622e-10
D12.logical0_no_read_control,logical0_no_read_control,ACTIVE,branch_current,L1,A,2880,-1.512534e-05,-1.511773e-05,-1.512166e-05,-1.5121659923611111e-05,7.610000000000424e-09,-5.441907613750002e-16,1.578124999577928e-22,-1.5121664999999999e-05
D12.logical0_no_read_control,logical0_no_read_control,ACTIVE,branch_current,L2,A,2880,1.987466e-05,1.988227e-05,1.987834e-05,1.987834007638889e-05,7.610000000000424e-09,7.153717386250003e-16,1.5781250006769547e-22,1.9878334999999998e-05
D12.logical0_no_read_control,logical0_no_read_control,ACTIVE,branch_current,RB,A,2880,3.5e-05,3.5e-05,3.5e-05,3.499999999999999e-05,0.0,1.2595625000000004e-15,0.0,3.5e-05
D12.logical0_no_read_control,logical0_no_read_control,ACTIVE,branch_current,RJ1,A,2880,-2.599941e-09,2.438151e-09,-4.9735965e-12,-2.4258758972256953e-11,5.038092e-09,-8.774008517512467e-22,-1.8706750954876254e-20,4.9543175e-10
D12.logical0_no_read_control,logical0_no_read_control,ACTIVE,branch_current,RJ2,A,2880,-1.229838e-09,1.339125e-09,-2.272858e-12,1.9629143899220106e-12,2.568963e-09,6.227839231843769e-23,1.523686322755938e-21,-4.0608765e-11
D12.logical0_no_read_control,logical0_no_read_control,ACTIVE,kcl_residual,input,A,2880,,,,,,,,
D12.logical0_no_read_control,logical0_no_read_control,ACTIVE,kcl_residual,node2,A,2880,,,,,,,,
D12.logical0_no_read_control,logical0_no_read_control,ACTIVE,kcl_residual,node3,A,2880,,,,,,,,
D12.logical0_no_read_control,logical0_no_read_control,ACTIVE,kcl_residual,node4,A,2880,,,,,,,,
D12.logical0_no_read_control,logical0_no_read_control,TRANSITION,branch_current,source,A,800,-1.494509e-10,1.478563e-10,-3.64584e-12,-4.1371835773500015e-12,2.973072e-10,-4.169680696099994e-23,-6.554571524461009e-21,6.521026000000001e-10
D12.logical0_no_read_control,logical0_no_read_control,TRANSITION,branch_current,lin,A,800,-1.494509e-10,1.478563e-10,-3.64584e-12,-4.1371835899750015e-12,2.973072e-10,-4.169680708724994e-23,-6.5545715245872585e-21,6.521026000000001e-10
D12.logical0_no_read_control,logical0_no_read_control,TRANSITION,branch_current,BJs,A,800,-1.494509e-10,1.478563e-10,-3.6458405e-12,-4.137186131862501e-12,2.973072e-10,-4.1696832443624925e-23,-6.554571549943634e-21,6.521026000000001e-10
D12.logical0_no_read_control,logical0_no_read_control,TRANSITION,branch_current,BJL1,A,800,1.512155e-05,1.512176e-05,1.512165e-05,1.5121653550000002e-05,2.100000000011381e-10,1.510275145625002e-16,-1.7625625000020073e-21,1.512183e-05
D12.logical0_no_read_control,logical0_no_read_control,TRANSITION,branch_current,BJL2,A,800,1.987829e-05,1.98784e-05,1.987834e-05,1.98783410375e-05,1.1000000000091882e-10,1.9853493081250025e-16,-3.535499999996228e-21,1.9878695e-05
D12.logical0_no_read_control,logical0_no_read_control,TRANSITION,branch_current,L0,A,800,-8.559324e-11,9.261871e-11,4.4772669999999994e-12,2.7709821011249995e-12,1.7821195e-10,2.802237368624963e-23,2.404669846186253e-21,-2.379622e-10
D12.logical0_no_read_control,logical0_no_read_control,TRANSITION,branch_current,L1,A,800,-1.512179e-05,-1.512152e-05,-1.512165e-05,-1.5121655149999999e-05,2.700000000002532e-10,-1.5102753068750018e-16,9.849999998841377e-23,-1.5121664999999999e-05
D12.logical0_no_read_control,logical0_no_read_control,TRANSITION,branch_current,L2,A,800,1.987821e-05,1.987848e-05,1.987835e-05,1.987834485e-05,2.700000000019473e-10,1.9853496931250026e-16,9.850000001826107e-23,1.9878334999999998e-05
D12.logical0_no_read_control,logical0_no_read_control,TRANSITION,branch_current,RB,A,800,3.5e-05,3.5e-05,3.5e-05,3.499999999999999e-05,0.0,3.4956250000000044e-16,0.0,3.5e-05
D12.logical0_no_read_control,logical0_no_read_control,TRANSITION,branch_current,RJ1,A,800,-8.355619e-11,9.024159e-11,-4.3584895000000005e-12,-2.363062790625001e-12,1.7379778e-10,-2.3896202718749898e-23,-4.972020805843756e-21,4.9543175e-10
D12.logical0_no_read_control,logical0_no_read_control,TRANSITION,branch_current,RJ2,A,800,-4.139786e-11,4.477215e-11,1.6669840000000001e-12,1.0498248610250005e-12,8.617000999999999e-11,1.0594144603999837e-23,4.1617418504150037e-22,-4.0608765e-11
D12.logical0_no_read_control,logical0_no_read_control,TRANSITION,kcl_residual,input,A,800,,,,,,,,
D12.logical0_no_read_control,logical0_no_read_control,TRANSITION,kcl_residual,node2,A,800,,,,,,,,
D12.logical0_no_read_control,logical0_no_read_control,TRANSITION,kcl_residual,node3,A,800,,,,,,,,
D12.logical0_no_read_control,logical0_no_read_control,TRANSITION,kcl_residual,node4,A,800,,,,,,,,
D12.logical0_no_read_control,logical0_no_read_control,POST,branch_current,source,A,2400,-5.777239e-11,5.315772e-11,-4.8639194999999995e-14,6.727713918587499e-13,1.1093011e-10,2.057902410576326e-23,-1.9534347693394234e-20,6.521026000000001e-10
D12.logical0_no_read_control,logical0_no_read_control,POST,branch_current,lin,A,2400,-5.777239e-11,5.315772e-11,-4.863919e-14,6.727713859945832e-13,1.1093011e-10,2.057902392983826e-23,-1.9534347693570162e-20,6.521026000000001e-10
D12.logical0_no_read_control,logical0_no_read_control,POST,branch_current,BJs,A,2400,-5.777239e-11,5.315772e-11,-4.8641819999999996e-14,6.727690719141669e-13,1.1093011e-10,2.057895450117576e-23,-1.9534347762998823e-20,6.521026000000001e-10
D12.logical0_no_read_control,logical0_no_read_control,POST,branch_current,BJL1,A,2400,1.512162e-05,1.51217e-05,1.512166e-05,1.5121658279166669e-05,7.999999999882016e-11,4.53460727375e-16,-5.149750000009348e-21,1.512183e-05
D12.logical0_no_read_control,logical0_no_read_control,POST,branch_current,BJL2,A,2400,1.987832e-05,1.987836e-05,1.987834e-05,1.9878341616666665e-05,3.999999999941008e-11,5.961017692499999e-16,-1.0597062500019819e-20,1.9878695e-05
D12.logical0_no_read_control,logical0_no_read_control,POST,branch_current,L0,A,2400,-5.227446e-11,4.434736e-11,1.687861e-13,-2.813636086295835e-13,9.662182e-11,-8.161975638887054e-24,7.127729496861113e-21,-2.379622e-10
D12.logical0_no_read_control,logical0_no_read_control,POST,branch_current,L1,A,2400,-1.512173e-05,-1.51216e-05,-1.512166e-05,-1.5121658208333335e-05,1.3000000000062387e-10,-4.534607250625e-16,2.041249999708184e-22,-1.5121664999999999e-05
D12.logical0_no_read_control,logical0_no_read_control,POST,branch_current,L2,A,2400,1.987827e-05,1.98784e-05,1.987834e-05,1.9878341791666667e-05,1.299999999989298e-10,5.961017749374999e-16,2.0412500004354674e-22,1.9878334999999998e-05
D12.logical0_no_read_control,logical0_no_read_control,POST,branch_current,RB,A,2400,3.5e-05,3.5e-05,3.5e-05,3.499999999999999e-05,0.0,1.0495624999999998e-15,0.0,3.5e-05
D12.logical0_no_read_control,logical0_no_read_control,POST,branch_current,RJ1,A,2400,-2.820034e-11,4.289932e-11,-1.194771e-13,5.418663326495836e-13,7.109966e-11,1.6433374229487847e-23,-1.484032622889551e-20,4.9543175e-10
D12.logical0_no_read_control,logical0_no_read_control,POST,branch_current,RJ2,A,2400,-2.51889e-11,2.141284e-11,3.349659e-14,-4.289109162241656e-14,4.660174e-11,-1.12602793617223e-24,1.2166293125013278e-21,-4.0608765e-11
D12.logical0_no_read_control,logical0_no_read_control,POST,kcl_residual,input,A,2400,,,,,,,,
D12.logical0_no_read_control,logical0_no_read_control,POST,kcl_residual,node2,A,2400,,,,,,,,
D12.logical0_no_read_control,logical0_no_read_control,POST,kcl_residual,node3,A,2400,,,,,,,,
D12.logical0_no_read_control,logical0_no_read_control,POST,kcl_residual,node4,A,2400,,,,,,,,
E8.logical1_read,logical1_read,PRE,branch_current,source,A,1120,-4.022941e-09,4.132584e-09,-5.2488915000000005e-11,-4.7841019132142904e-11,8.155525000000001e-09,-6.892543997249757e-22,4.493429883752409e-23,-5.2488915000000005e-11
E8.logical1_read,logical1_read,PRE,branch_current,lin,A,1120,-4.022941e-09,4.132584e-09,-5.2488915000000005e-11,-4.784101912321433e-11,8.155525000000001e-09,-6.892543995999757e-22,4.4934298962524093e-23,-5.2488915000000005e-11
E8.logical1_read,logical1_read,PRE,branch_current,BJs,A,1120,-4.022941e-09,4.132584e-09,-5.2488915000000005e-11,-4.7841021156250024e-11,8.155525000000001e-09,-6.892544280624758e-22,4.493427050002425e-23,-5.2488915000000005e-11
E8.logical1_read,logical1_read,PRE,branch_current,BJL1,A,1120,1.511725e-05,1.512555e-05,1.512153e-05,1.512154442857143e-05,8.299999999999565e-09,2.1151261374999998e-16,2.128750000065053e-22,1.512153e-05
E8.logical1_read,logical1_read,PRE,branch_current,BJL2,A,1120,1.987629e-05,1.988015e-05,1.987829e-05,1.987830250892857e-05,3.859999999998977e-09,2.7804774675e-16,1.6537500002295177e-22,1.987829e-05
E8.logical1_read,logical1_read,PRE,branch_current,L0,A,1120,-2.736052e-09,3.129949e-09,1.5125925e-10,9.652089518794643e-11,5.866001e-09,1.3477195952562506e-21,-7.680191641187486e-22,1.5125925e-10
E8.logical1_read,logical1_read,PRE,branch_current,L1,A,1120,-1.512566e-05,-1.511724e-05,-1.512153e-05,-1.5121559321428572e-05,8.420000000001183e-09,-2.11512827125e-16,-4.262500000062748e-22,-1.512153e-05
E8.logical1_read,logical1_read,PRE,branch_current,L2,A,1120,1.987434e-05,1.988276e-05,1.987847e-05,1.987844067857143e-05,8.419999999999489e-09,2.7804967287500003e-16,-4.2625000001186505e-22,1.987847e-05
E8.logical1_read,logical1_read,PRE,branch_current,RB,A,1120,3.5e-05,3.5e-05,3.5e-05,3.499999999999998e-05,0.0,4.895625e-16,0.0,3.5e-05
E8.logical1_read,logical1_read,PRE,branch_current,RJ1,A,1120,-2.872867e-09,2.817631e-09,-4.7656705e-11,-3.297020540625002e-11,5.690498e-09,-4.762352394374811e-22,1.9036292175001856e-22,-4.7656705e-11
E8.logical1_read,logical1_read,PRE,branch_current,RJ2,A,1120,-1.341038e-09,1.534301e-09,5.5421205000000005e-11,4.153472007464287e-11,2.875339e-09,5.76808186045004e-22,-1.9839591889249605e-22,5.5421205000000005e-11
E8.logical1_read,logical1_read,PRE,kcl_residual,input,A,1120,,,,,,,,
E8.logical1_read,logical1_read,PRE,kcl_residual,node2,A,1120,,,,,,,,
E8.logical1_read,logical1_read,PRE,kcl_residual,node3,A,1120,,,,,,,,
E8.logical1_read,logical1_read,PRE,kcl_residual,node4,A,1120,,,,,,,,
E8.logical1_read,logical1_read,ACTIVE,branch_current,source,A,2880,-4.561195e-05,7.03865e-05,1.2134284999999999e-05,1.4313685787932686e-05,0.00011599844999999999,5.152625242745873e-16,5.152644132194159e-16,-5.2488915000000005e-11
E8.logical1_read,logical1_read,ACTIVE,branch_current,lin,A,2880,-4.561195e-05,7.03865e-05,1.2134284999999999e-05,1.4313685787932686e-05,0.00011599844999999999,5.152625242745873e-16,5.152644132194159e-16,-5.2488915000000005e-11
E8.logical1_read,logical1_read,ACTIVE,branch_current,BJs,A,2880,-4.561195e-05,7.03865e-05,1.2134284999999999e-05,1.4313685787203616e-05,0.00011599844999999999,5.152625242483408e-16,5.152644131931693e-16,-5.2488915000000005e-11
E8.logical1_read,logical1_read,ACTIVE,branch_current,BJL1,A,2880,-2.055025e-05,5.446824e-05,2.124661e-05,2.210222904129514e-05,7.501849e-05,7.954894371741251e-16,2.51303376299125e-16,1.512153e-05
E8.logical1_read,logical1_read,ACTIVE,branch_current,BJL2,A,2880,6.651722e-06,5.006895e-05,2.4777984999999998e-05,2.7273806483333333e-05,4.3417228e-05,9.815890892750004e-16,2.6621912790000013e-16,1.987829e-05
E8.logical1_read,logical1_read,ACTIVE,branch_current,L0,A,2880,-2.399699e-05,1.596467e-05,-8.5481595e-11,-3.4283623466402275e-08,3.996166e-05,-1.2197156808779392e-18,-1.225159123137311e-18,1.5125925e-10
E8.logical1_read,logical1_read,ACTIVE,branch_current,L1,A,2880,-3.943199e-05,2.785555e-05,-8.499669000000001e-06,-7.77980072346389e-06,6.728754e-05,-2.798870339197002e-16,2.642990269553e-16,-1.512153e-05
E8.logical1_read,logical1_read,ACTIVE,branch_current,L2,A,2880,-4.431993e-06,6.285555e-05,2.6500335e-05,2.7220199295527777e-05,6.728754300000001e-05,9.796754667640003e-16,2.642990276389999e-16,1.987847e-05
E8.logical1_read,logical1_read,ACTIVE,branch_current,RB,A,2880,3.5e-05,3.5e-05,3.5e-05,3.499999999999999e-05,0.0,1.2595625000000004e-15,0.0,3.5e-05
E8.logical1_read,logical1_read,ACTIVE,branch_current,RJ1,A,2880,-1.744445e-05,1.466043e-05,5.629874999999999e-07,-8.742476467313175e-09,3.210488e-05,-3.398770532819386e-19,-3.381620076107493e-19,-4.7656705e-11
E8.logical1_read,logical1_read,ACTIVE,branch_current,RJ2,A,2880,-1.129911e-05,7.64894e-06,8.115960000000001e-11,-1.9323642207414327e-08,1.894805e-05,-6.939096545094348e-19,-6.959041251243758e-19,5.5421205000000005e-11
E8.logical1_read,logical1_read,ACTIVE,kcl_residual,input,A,2880,,,,,,,,
E8.logical1_read,logical1_read,ACTIVE,kcl_residual,node2,A,2880,,,,,,,,
E8.logical1_read,logical1_read,ACTIVE,kcl_residual,node3,A,2880,,,,,,,,
E8.logical1_read,logical1_read,ACTIVE,kcl_residual,node4,A,2880,,,,,,,,
E8.logical1_read,logical1_read,TRANSITION,branch_current,source,A,800,-4.279453e-06,5.287078e-06,1.35107825e-08,1.7158017720249994e-07,9.566531e-06,1.6947793095250149e-18,1.6953035425635775e-18,-5.2488915000000005e-11
E8.logical1_read,logical1_read,TRANSITION,branch_current,lin,A,800,-4.279453e-06,5.287078e-06,1.35107825e-08,1.7158017720249994e-07,9.566531e-06,1.6947793095250149e-18,1.6953035425635775e-18,-5.2488915000000005e-11
E8.logical1_read,logical1_read,TRANSITION,branch_current,BJs,A,800,-4.279453e-06,5.287078e-06,1.35107825e-08,1.7158017720124996e-07,9.566531e-06,1.6947793095125148e-18,1.6953035425510777e-18,-5.2488915000000005e-11
E8.logical1_read,logical1_read,TRANSITION,branch_current,BJL1,A,800,1.050706e-05,1.853588e-05,1.5065e-05,1.4956551300000001e-05,8.028819999999998e-06,1.493771342500002e-16,-1.6491466250000017e-18,1.512153e-05
E8.logical1_read,logical1_read,TRANSITION,branch_current,BJL2,A,800,1.791626e-05,2.296962e-05,1.9966955e-05,1.995698385e-05,5.053359999999999e-06,1.9930683968750028e-16,7.724183125000272e-19,1.987829e-05
E8.logical1_read,logical1_read,TRANSITION,branch_current,L0,A,800,-2.817387e-06,3.98483e-06,2.114003e-07,1.45383846862875e-07,6.8022170000000005e-06,1.4648299480037442e-18,1.463319246244369e-18,1.5125925e-10
E8.logical1_read,logical1_read,TRANSITION,branch_current,L1,A,800,-1.905035e-05,-9.429665e-06,-1.474281e-05,-1.481578641875e-05,9.620685e-06,-1.4797128187500018e-16,3.0549990000000016e-18,-1.512153e-05
E8.logical1_read,logical1_read,TRANSITION,branch_current,L2,A,800,1.594965e-05,2.557033e-05,2.025719e-05,2.0184213562500002e-05,9.62068e-06,2.0159121793750025e-16,3.054998812499999e-18,1.987847e-05
E8.logical1_read,logical1_read,TRANSITION,branch_current,RB,A,800,3.5e-05,3.5e-05,3.5e-05,3.499999999999999e-05,0.0,3.4956250000000044e-16,0.0,3.5e-05
E8.logical1_read,logical1_read,TRANSITION,branch_current,RJ1,A,800,-2.982205e-06,4.051685e-06,-2.779039e-09,3.0815184123750006e-08,7.03389e-06,2.889257943625143e-19,2.894017657037018e-19,-4.7656705e-11
E8.logical1_read,logical1_read,TRANSITION,branch_current,RJ2,A,800,-1.37719e-06,1.943807e-06,1.201738e-07,8.184582147174999e-08,3.320997e-06,8.195479160300006e-19,8.189943967450637e-19,5.5421205000000005e-11
E8.logical1_read,logical1_read,TRANSITION,kcl_residual,input,A,800,,,,,,,,
E8.logical1_read,logical1_read,TRANSITION,kcl_residual,node2,A,800,,,,,,,,
E8.logical1_read,logical1_read,TRANSITION,kcl_residual,node3,A,800,,,,,,,,
E8.logical1_read,logical1_read,TRANSITION,kcl_residual,node4,A,800,,,,,,,,
E8.logical1_read,logical1_read,POST,branch_current,source,A,2400,-1.590851e-06,1.515953e-06,-9.3616e-09,-1.6675878856249987e-09,3.1068039999999997e-06,-3.9870869068733355e-20,-3.829685773017088e-20,-5.2488915000000005e-11
E8.logical1_read,logical1_read,POST,branch_current,lin,A,2400,-1.590851e-06,1.515953e-06,-9.3616e-09,-1.6675878856249987e-09,3.1068039999999997e-06,-3.9870869068733355e-20,-3.829685773017088e-20,-5.2488915000000005e-11
E8.logical1_read,logical1_read,POST,branch_current,BJs,A,2400,-1.590851e-06,1.515953e-06,-9.3616e-09,-1.6675881621250006e-09,3.1068039999999997e-06,-3.9870877363733306e-20,-3.8296866025170833e-20,-5.2488915000000005e-11
E8.logical1_read,logical1_read,POST,branch_current,BJL1,A,2400,1.38974e-05,1.675261e-05,1.5117095000000001e-05,1.5134671008333334e-05,2.85521e-06,4.53852184625e-16,3.9530375000002063e-19,1.512153e-05
E8.logical1_read,logical1_read,POST,branch_current,BJL2,A,2400,1.911005e-05,2.058309e-05,1.987718e-05,1.9875398725e-05,1.4730400000000004e-06,5.960183341875e-16,-8.188718749994036e-20,1.987829e-05
E8.logical1_read,logical1_read,POST,branch_current,L0,A,2400,-9.770949e-07,9.435566e-07,3.1992214999999997e-09,-7.23848692039583e-09,1.9206515e-06,-2.1917836242438444e-19,-2.237142491837595e-19,1.5125925e-10
E8.logical1_read,logical1_read,POST,branch_current,L1,A,2400,-1.65863e-05,-1.369409e-05,-1.5119425000000001e-05,-1.5135978941666668e-05,2.8922100000000016e-06,-4.538874179374999e-16,-4.305370625000157e-19,-1.512153e-05
E8.logical1_read,logical1_read,POST,branch_current,L2,A,2400,1.84137e-05,2.130591e-05,1.9880575e-05,1.9864021058333335e-05,2.89221e-06,5.956750820624999e-16,-4.305370625000258e-19,1.987847e-05
E8.logical1_read,logical1_read,POST,branch_current,RB,A,2400,3.5e-05,3.5e-05,3.5e-05,3.499999999999999e-05,0.0,1.0495624999999998e-15,0.0,3.5e-05
E8.logical1_read,logical1_read,POST,branch_current,RJ1,A,2400,-9.636142e-07,1.008165e-06,7.718236e-10,-3.597497205625035e-10,1.9717792000000003e-06,-4.640469991862828e-21,-3.2113645506753903e-21,-4.7656705e-11
E8.logical1_read,logical1_read,POST,branch_current,RJ2,A,2400,-4.721888e-07,4.62445e-07,7.647462e-10,-4.139146593224999e-09,9.346337999999999e-07,-1.2407274554050244e-19,-1.257346889254399e-19,5.5421205000000005e-11
E8.logical1_read,logical1_read,POST,kcl_residual,input,A,2400,,,,,,,,
E8.logical1_read,logical1_read,POST,kcl_residual,node2,A,2400,,,,,,,,
E8.logical1_read,logical1_read,POST,kcl_residual,node3,A,2400,,,,,,,,
E8.logical1_read,logical1_read,POST,kcl_residual,node4,A,2400,,,,,,,,
E8.logical0_read,logical0_read,PRE,branch_current,source,A,1120,-4.152051e-09,4.020682e-09,6.165271e-11,4.861808500624997e-11,8.172733e-09,6.999485175874757e-22,-1.624187635375246e-22,6.165271e-11
E8.logical0_read,logical0_read,PRE,branch_current,lin,A,1120,-4.152051e-09,4.020682e-09,6.165271e-11,4.861808500624997e-11,8.172733e-09,6.999485175874757e-22,-1.624187635375246e-22,6.165271e-11
E8.logical0_read,logical0_read,PRE,branch_current,BJs,A,1120,-4.152051e-09,4.020682e-09,6.16527e-11,4.861808308660718e-11,8.172733e-09,6.999484907124756e-22,-1.6241865053752518e-22,6.16527e-11
E8.logical0_read,logical0_read,PRE,branch_current,BJL1,A,1120,1.511777e-05,1.512607e-05,1.512178e-05,1.5121770982142857e-05,8.299999999999565e-09,2.115157603125e-16,-1.3743750000121744e-22,1.512178e-05
E8.logical0_read,logical0_read,PRE,branch_current,BJL2,A,1120,1.987653e-05,1.98804e-05,1.9878395e-05,1.9878381749999998e-05,3.869999999999677e-09,2.7804887425e-16,-1.7581249998376615e-22,1.9878395e-05
E8.logical0_read,logical0_read,PRE,branch_current,L0,A,1120,-3.119791e-09,2.727843e-09,-1.5538939999999998e-10,-9.620089572883926e-11,5.847634e-09,-1.3430958220162507e-21,8.304134104837491e-22,-1.5538939999999998e-10
E8.logical0_read,logical0_read,PRE,branch_current,L1,A,1120,-1.512606e-05,-1.511766e-05,-1.512178e-05,-1.5121755598214285e-05,8.399999999999784e-09,-2.11515540125e-16,3.5762500000109337e-22,-1.512178e-05
E8.logical0_read,logical0_read,PRE,branch_current,L2,A,1120,1.987394e-05,1.988234e-05,1.987822e-05,1.9878244401785714e-05,8.400000000001478e-09,2.7804695987499997e-16,3.576249999964766e-22,1.987822e-05
E8.logical0_read,logical0_read,PRE,branch_current,RB,A,1120,3.5e-05,3.5e-05,3.5e-05,3.499999999999998e-05,0.0,4.895625e-16,0.0,3.5e-05
E8.logical0_read,logical0_read,PRE,branch_current,RJ1,A,1120,-2.795294e-09,2.8666e-09,4.45416e-11,3.331499932714288e-11,5.661894e-09,4.809502199549817e-22,-1.4207541004501903e-22,4.45416e-11
E8.logical0_read,logical0_read,PRE,branch_current,RJ2,A,1120,-1.529865e-09,1.337088e-09,-5.3911395e-11,-4.1301889284464285e-11,2.866953e-09,-5.734948074825042e-22,1.805908300799952e-22,-5.3911395e-11
E8.logical0_read,logical0_read,PRE,kcl_residual,input,A,1120,,,,,,,,
E8.logical0_read,logical0_read,PRE,kcl_residual,node2,A,1120,,,,,,,,
E8.logical0_read,logical0_read,PRE,kcl_residual,node3,A,1120,,,,,,,,
E8.logical0_read,logical0_read,PRE,kcl_residual,node4,A,1120,,,,,,,,
E8.logical0_read,logical0_read,ACTIVE,branch_current,source,A,2880,-1.846404e-05,1.64393e-05,-8.8833095e-08,-4.939655298463449e-09,3.490334e-05,-1.7906409612343e-19,-1.812828230245546e-19,6.165271e-11
E8.logical0_read,logical0_read,ACTIVE,branch_current,lin,A,2880,-1.846404e-05,1.64393e-05,-8.8833095e-08,-4.939655298463449e-09,3.490334e-05,-1.7906409612343e-19,-1.812828230245546e-19,6.165271e-11
E8.logical0_read,logical0_read,ACTIVE,branch_current,BJs,A,2880,-1.846404e-05,1.64393e-05,-8.8833095e-08,-4.9396552985757844e-09,3.490334e-05,-1.7906409612747908e-19,-1.8128282266873212e-19,6.16527e-11
E8.logical0_read,logical0_read,ACTIVE,branch_current,BJL1,A,2880,6.394865e-06,2.355943e-05,1.517671e-05,1.5099807080208331e-05,1.7164565e-05,5.434024409500002e-16,-7.926167999999723e-19,1.512178e-05
E8.logical0_read,logical0_read,ACTIVE,branch_current,BJL2,A,2880,1.456228e-05,2.549696e-05,1.9878095e-05,1.9900967645833333e-05,1.093468e-05,7.161855724375002e-16,8.118323750000385e-19,1.9878395e-05
E8.logical0_read,logical0_read,ACTIVE,branch_current,L0,A,2880,-3.814651e-06,3.651967e-06,2.6172585e-09,-1.8625561436847354e-09,7.466618e-06,-6.527720765816505e-20,-5.96851316256646e-20,-1.5538939999999998e-10
E8.logical0_read,logical0_read,ACTIVE,branch_current,L1,A,2880,-2.445594e-05,-6.423215e-06,-1.5121659999999998e-05,-1.5102211000694446e-05,1.8032725e-05,-5.434889626500002e-16,7.060950999999779e-19,-1.512178e-05
E8.logical0_read,logical0_read,ACTIVE,branch_current,L2,A,2880,1.054406e-05,2.857679e-05,1.987834e-05,1.989778900694444e-05,1.803273e-05,7.160735376250003e-16,7.060953749999647e-19,1.987822e-05
E8.logical0_read,logical0_read,ACTIVE,branch_current,RB,A,2880,3.5e-05,3.5e-05,3.5e-05,3.499999999999999e-05,0.0,1.2595625000000004e-15,0.0,3.5e-05
E8.logical0_read,logical0_read,ACTIVE,branch_current,RJ1,A,2880,-3.262006e-06,3.167017e-06,-2.519011e-09,-2.5357330500319573e-09,6.429023e-06,-9.254229169615379e-20,-9.414523252615356e-20,4.45416e-11
E8.logical0_read,logical0_read,ACTIVE,branch_current,RJ2,A,2880,-1.792227e-06,1.720885e-06,2.4346135e-10,-1.3160732454117658e-09,3.5131119999999998e-06,-4.67572571942072e-20,-4.481712086664471e-20,-5.3911395e-11
E8.logical0_read,logical0_read,ACTIVE,kcl_residual,input,A,2880,,,,,,,,
E8.logical0_read,logical0_read,ACTIVE,kcl_residual,node2,A,2880,,,,,,,,
E8.logical0_read,logical0_read,ACTIVE,kcl_residual,node3,A,2880,,,,,,,,
E8.logical0_read,logical0_read,ACTIVE,kcl_residual,node4,A,2880,,,,,,,,
E8.logical0_read,logical0_read,TRANSITION,branch_current,source,A,800,-2.847703e-07,4.173635e-07,7.553523e-09,1.6131597527687503e-08,7.021338e-07,1.6014277402687556e-19,1.595270175857505e-19,6.165271e-11
E8.logical0_read,logical0_read,TRANSITION,branch_current,lin,A,800,-2.847703e-07,4.173635e-07,7.553523e-09,1.6131597527687503e-08,7.021338e-07,1.6014277402687556e-19,1.595270175857505e-19,6.165271e-11
E8.logical0_read,logical0_read,TRANSITION,branch_current,BJs,A,800,-2.847703e-07,4.173635e-07,7.553523e-09,1.6131597527687503e-08,7.021338e-07,1.6014277402687556e-19,1.595270176856255e-19,6.16527e-11
E8.logical0_read,logical0_read,TRANSITION,branch_current,BJL1,A,800,1.477954e-05,1.541516e-05,1.5102135000000001e-05,1.51110174e-05,6.356200000000009e-07,1.509195888750002e-16,-1.0918887499999904e-19,1.512178e-05
E8.logical0_read,logical0_read,TRANSITION,branch_current,BJL2,A,800,1.972334e-05,2.003863e-05,1.9880230000000002e-05,1.9881806374999998e-05,3.152899999999995e-07,1.9856904043750025e-16,3.357037500001063e-20,1.9878395e-05
E8.logical0_read,logical0_read,TRANSITION,branch_current,L0,A,800,-2.777022e-07,3.08144e-07,1.2727405e-08,7.839411919612498e-09,5.858462000000001e-07,7.984919194612387e-20,8.140114357862391e-20,-1.5538939999999998e-10
E8.logical0_read,logical0_read,TRANSITION,branch_current,L1,A,800,-1.542358e-05,-1.469069e-05,-1.5098175e-05,-1.5104836799999998e-05,7.328900000000004e-07,-1.508579112500002e-16,1.7086649999999966e-19,-1.512178e-05
E8.logical0_read,logical0_read,TRANSITION,branch_current,L2,A,800,1.957642e-05,2.030931e-05,1.9901825e-05,1.98951632e-05,7.328900000000004e-07,1.9870458875000026e-16,1.7086649999999685e-19,1.987822e-05
E8.logical0_read,logical0_read,TRANSITION,branch_current,RB,A,800,3.5e-05,3.5e-05,3.5e-05,3.499999999999999e-05,0.0,3.4956250000000044e-16,0.0,3.5e-05
E8.logical0_read,logical0_read,TRANSITION,branch_current,RJ1,A,800,-2.394591e-07,3.056722e-07,9.584422499999999e-09,9.951078944374995e-09,5.451313e-07,9.846596531875051e-20,9.802110608875054e-20,4.45416e-11
E8.logical0_read,logical0_read,TRANSITION,branch_current,RJ2,A,800,-1.124611e-07,1.494482e-07,9.029227e-09,5.51750707775e-09,2.619093e-07,5.570002252749954e-20,5.623846258506203e-20,-5.3911395e-11
E8.logical0_read,logical0_read,TRANSITION,kcl_residual,input,A,800,,,,,,,,
E8.logical0_read,logical0_read,TRANSITION,kcl_residual,node2,A,800,,,,,,,,
E8.logical0_read,logical0_read,TRANSITION,kcl_residual,node3,A,800,,,,,,,,
E8.logical0_read,logical0_read,TRANSITION,kcl_residual,node4,A,800,,,,,,,,
E8.logical0_read,logical0_read,POST,branch_current,source,A,2400,-1.366118e-07,1.370255e-07,5.668204e-10,1.8033052932916616e-10,2.736373e-07,5.554664563000501e-21,3.705853921875499e-21,6.165271e-11
E8.logical0_read,logical0_read,POST,branch_current,lin,A,2400,-1.366118e-07,1.370255e-07,5.668204e-10,1.8033052932916616e-10,2.736373e-07,5.554664563000501e-21,3.705853921875499e-21,6.165271e-11
E8.logical0_read,logical0_read,POST,branch_current,BJs,A,2400,-1.366118e-07,1.370255e-07,5.668204e-10,1.8033052890833285e-10,2.736373e-07,5.554664550375495e-21,3.705854209125483e-21,6.16527e-11
E8.logical0_read,logical0_read,POST,branch_current,BJL1,A,2400,1.502922e-05,1.521361e-05,1.5121985000000001e-05,1.5122828629166666e-05,1.8439000000000045e-07,4.534957874999999e-16,3.140974999999785e-20,1.512178e-05
E8.logical0_read,logical0_read,POST,branch_current,BJL2,A,2400,1.983672e-05,1.992166e-05,1.9878390000000002e-05,1.9878577462500003e-05,8.493999999999922e-08,5.961091079999999e-16,5.737937500033552e-21,1.9878395e-05
E8.logical0_read,logical0_read,POST,branch_current,L0,A,2400,-7.74995e-08,8.164229e-08,-1.4678645000000001e-09,-5.162614421137496e-10,1.5914179000000002e-07,-1.5727592157163328e-20,-1.1067852524663347e-20,-1.5538939999999998e-10
E8.logical0_read,logical0_read,POST,branch_current,L1,A,2400,-1.52296e-05,-1.499801e-05,-1.5124085e-05,-1.5122270525e-05,2.315900000000006e-07,-4.534791273125e-16,-1.4749562499998034e-20,-1.512178e-05
E8.logical0_read,logical0_read,POST,branch_current,L2,A,2400,1.97704e-05,2.000199e-05,1.9875914999999998e-05,1.9877729475000004e-05,2.315899999999989e-07,5.960833726874999e-16,-1.4749562500007023e-20,1.987822e-05
E8.logical0_read,logical0_read,POST,branch_current,RB,A,2400,3.5e-05,3.5e-05,3.5e-05,3.499999999999999e-05,0.0,1.0495624999999998e-15,0.0,3.5e-05
E8.logical0_read,logical0_read,POST,branch_current,RJ1,A,2400,-7.15839e-08,7.810617e-08,-6.5180525e-10,-3.7775858473666674e-10,1.4969007e-07,-1.1105053242099284e-20,-1.2440744472099294e-20,4.45416e-11
E8.logical0_read,logical0_read,POST,branch_current,RJ2,A,2400,-3.714186e-08,3.931521e-08,-7.7097095e-10,-3.317540765283334e-10,7.645707e-08,-1.0008478552100241e-20,-8.391810594537731e-21,-5.3911395e-11
E8.logical0_read,logical0_read,POST,kcl_residual,input,A,2400,,,,,,,,
E8.logical0_read,logical0_read,POST,kcl_residual,node2,A,2400,,,,,,,,
E8.logical0_read,logical0_read,POST,kcl_residual,node3,A,2400,,,,,,,,
E8.logical0_read,logical0_read,POST,kcl_residual,node4,A,2400,,,,,,,,
E8.logical1_no_read_control,logical1_no_read_control,PRE,branch_current,source,A,1120,-4.022941e-09,4.132584e-09,-5.2488915000000005e-11,-4.7841019132142904e-11,8.155525000000001e-09,-6.892543997249757e-22,4.493429883752409e-23,-5.2488915000000005e-11
E8.logical1_no_read_control,logical1_no_read_control,PRE,branch_current,lin,A,1120,-4.022941e-09,4.132584e-09,-5.2488915000000005e-11,-4.784101912321433e-11,8.155525000000001e-09,-6.892543995999757e-22,4.4934298962524093e-23,-5.2488915000000005e-11
E8.logical1_no_read_control,logical1_no_read_control,PRE,branch_current,BJs,A,1120,-4.022941e-09,4.132584e-09,-5.2488915000000005e-11,-4.7841021156250024e-11,8.155525000000001e-09,-6.892544280624758e-22,4.493427050002425e-23,-5.2488915000000005e-11
E8.logical1_no_read_control,logical1_no_read_control,PRE,branch_current,BJL1,A,1120,1.511725e-05,1.512555e-05,1.512153e-05,1.512154442857143e-05,8.299999999999565e-09,2.1151261374999998e-16,2.128750000065053e-22,1.512153e-05
E8.logical1_no_read_control,logical1_no_read_control,PRE,branch_current,BJL2,A,1120,1.987629e-05,1.988015e-05,1.987829e-05,1.987830250892857e-05,3.859999999998977e-09,2.7804774675e-16,1.6537500002295177e-22,1.987829e-05
E8.logical1_no_read_control,logical1_no_read_control,PRE,branch_current,L0,A,1120,-2.736052e-09,3.129949e-09,1.5125925e-10,9.652089518794643e-11,5.866001e-09,1.3477195952562506e-21,-7.680191641187486e-22,1.5125925e-10
E8.logical1_no_read_control,logical1_no_read_control,PRE,branch_current,L1,A,1120,-1.512566e-05,-1.511724e-05,-1.512153e-05,-1.5121559321428572e-05,8.420000000001183e-09,-2.11512827125e-16,-4.262500000062748e-22,-1.512153e-05
E8.logical1_no_read_control,logical1_no_read_control,PRE,branch_current,L2,A,1120,1.987434e-05,1.988276e-05,1.987847e-05,1.987844067857143e-05,8.419999999999489e-09,2.7804967287500003e-16,-4.2625000001186505e-22,1.987847e-05
E8.logical1_no_read_control,logical1_no_read_control,PRE,branch_current,RB,A,1120,3.5e-05,3.5e-05,3.5e-05,3.499999999999998e-05,0.0,4.895625e-16,0.0,3.5e-05
E8.logical1_no_read_control,logical1_no_read_control,PRE,branch_current,RJ1,A,1120,-2.872867e-09,2.817631e-09,-4.7656705e-11,-3.297020540625002e-11,5.690498e-09,-4.762352394374811e-22,1.9036292175001856e-22,-4.7656705e-11
E8.logical1_no_read_control,logical1_no_read_control,PRE,branch_current,RJ2,A,1120,-1.341038e-09,1.534301e-09,5.5421205000000005e-11,4.153472007464287e-11,2.875339e-09,5.76808186045004e-22,-1.9839591889249605e-22,5.5421205000000005e-11
E8.logical1_no_read_control,logical1_no_read_control,PRE,kcl_residual,input,A,1120,,,,,,,,
E8.logical1_no_read_control,logical1_no_read_control,PRE,kcl_residual,node2,A,1120,,,,,,,,
E8.logical1_no_read_control,logical1_no_read_control,PRE,kcl_residual,node3,A,1120,,,,,,,,
E8.logical1_no_read_control,logical1_no_read_control,PRE,kcl_residual,node4,A,1120,,,,,,,,
E8.logical1_no_read_control,logical1_no_read_control,ACTIVE,branch_current,source,A,2880,-8.305265e-10,9.37696e-10,-3.4520000000000002e-12,6.940260559618051e-13,1.7682224999999999e-09,2.716168845212608e-23,1.916106517014627e-21,-5.2488915000000005e-11
E8.logical1_no_read_control,logical1_no_read_control,ACTIVE,branch_current,lin,A,2880,-8.305265e-10,9.37696e-10,-3.4520000000000002e-12,6.940260559201379e-13,1.7682224999999999e-09,2.7161688450626056e-23,1.9161065170131273e-21,-5.2488915000000005e-11
E8.logical1_no_read_control,logical1_no_read_control,ACTIVE,branch_current,BJs,A,2880,-8.305265e-10,9.37696e-10,-3.4520065e-12,6.940235136180521e-13,1.7682224999999999e-09,2.7161596865251045e-23,1.9161064254277523e-21,-5.2488915000000005e-11
E8.logical1_no_read_control,logical1_no_read_control,ACTIVE,branch_current,BJL1,A,2880,1.512095e-05,1.512246e-05,1.512166e-05,1.5121664336805556e-05,1.5100000000006005e-09,5.441908921250003e-16,4.831250000014996e-21,1.512153e-05
E8.logical1_no_read_control,logical1_no_read_control,ACTIVE,branch_current,BJL2,A,2880,1.987801e-05,1.987872e-05,1.987834e-05,1.987834452777778e-05,7.100000000022345e-10,7.153719255625002e-16,1.96418750005139e-21,1.987829e-05
E8.logical1_no_read_control,logical1_no_read_control,ACTIVE,branch_current,L0,A,2880,-5.596926e-10,5.37114e-10,-2.5098544999999996e-12,-6.467010174315972e-12,1.0968065999999998e-09,-2.326266628753737e-22,-5.6760689222503754e-21,1.5125925e-10
E8.logical1_no_read_control,logical1_no_read_control,ACTIVE,branch_current,L1,A,2880,-1.512247e-05,-1.512083e-05,-1.512166e-05,-1.5121664684027777e-05,1.6399999999995303e-09,-5.441909051250002e-16,-4.844250000015703e-21,-1.512153e-05
E8.logical1_no_read_control,logical1_no_read_control,ACTIVE,branch_current,L2,A,2880,1.987753e-05,1.987917e-05,1.987834e-05,1.9878335315972222e-05,1.6399999999995303e-09,7.153715948750003e-16,-4.844250000029246e-21,1.987847e-05
E8.logical1_no_read_control,logical1_no_read_control,ACTIVE,branch_current,RB,A,2880,3.5e-05,3.5e-05,3.5e-05,3.499999999999999e-05,0.0,1.2595625000000004e-15,0.0,3.5e-05
E8.logical1_no_read_control,logical1_no_read_control,ACTIVE,branch_current,RJ1,A,2880,-5.405684e-10,5.277625e-10,-1.4103315000000002e-12,1.0187621846284736e-12,1.0683309e-09,3.938771783412631e-23,1.754433389021627e-21,-4.7656705e-11
E8.logical1_no_read_control,logical1_no_read_control,ACTIVE,branch_current,RJ2,A,2880,-2.701468e-10,2.600216e-10,-8.061438e-13,-2.8927238422916667e-12,5.301683999999999e-10,-1.0340608179749907e-22,-2.097876696735e-21,5.5421205000000005e-11
E8.logical1_no_read_control,logical1_no_read_control,ACTIVE,kcl_residual,input,A,2880,,,,,,,,
E8.logical1_no_read_control,logical1_no_read_control,ACTIVE,kcl_residual,node2,A,2880,,,,,,,,
E8.logical1_no_read_control,logical1_no_read_control,ACTIVE,kcl_residual,node3,A,2880,,,,,,,,
E8.logical1_no_read_control,logical1_no_read_control,ACTIVE,kcl_residual,node4,A,2880,,,,,,,,
E8.logical1_no_read_control,logical1_no_read_control,TRANSITION,branch_current,source,A,800,-7.93941e-11,7.786282e-11,9.724768e-12,4.659978693500001e-12,1.5725692000000001e-10,4.6092965372500447e-23,5.7032600393500115e-22,-5.2488915000000005e-11
E8.logical1_no_read_control,logical1_no_read_control,TRANSITION,branch_current,lin,A,800,-7.93941e-11,7.786282e-11,9.724768e-12,4.659978704500002e-12,1.5725692000000001e-10,4.609296548250045e-23,5.703260040450012e-22,-5.2488915000000005e-11
E8.logical1_no_read_control,logical1_no_read_control,TRANSITION,branch_current,BJs,A,800,-7.939411e-11,7.786282e-11,9.7247665e-12,4.659976393874998e-12,1.5725693e-10,4.6092942376250453e-23,5.703259809387512e-22,-5.2488915000000005e-11
E8.logical1_no_read_control,logical1_no_read_control,TRANSITION,branch_current,BJL1,A,800,1.512165e-05,1.512167e-05,1.512166e-05,1.5121658487500002e-05,1.999999999970504e-11,1.510275641875002e-16,1.283312500003506e-21,1.512153e-05
E8.logical1_no_read_control,logical1_no_read_control,TRANSITION,branch_current,BJL2,A,800,1.987834e-05,1.987835e-05,1.987834e-05,1.9878341187499997e-05,1.0000000000699553e-11,1.9853493262500025e-16,5.112500000019261e-22,1.987829e-05
E8.logical1_no_read_control,logical1_no_read_control,TRANSITION,branch_current,L0,A,800,-3.955867e-11,4.181378e-11,4.2573395e-12,1.980977750287501e-12,8.137245e-11,1.9596826365375198e-23,-1.4911049330096268e-21,1.5125925e-10
E8.logical1_no_read_control,logical1_no_read_control,TRANSITION,branch_current,L1,A,800,-1.512172e-05,-1.51216e-05,-1.512165e-05,-1.5121655225000001e-05,1.199999999999243e-10,-1.510275318750002e-16,-1.2510000000047172e-21,-1.512153e-05
E8.logical1_no_read_control,logical1_no_read_control,TRANSITION,branch_current,L2,A,800,1.987828e-05,1.98784e-05,1.987835e-05,1.9878344774999994e-05,1.1999999999823025e-10,1.9853496812500023e-16,-1.2510000000109216e-21,1.987847e-05
E8.logical1_no_read_control,logical1_no_read_control,TRANSITION,branch_current,RB,A,800,3.5e-05,3.5e-05,3.5e-05,3.499999999999999e-05,0.0,3.4956250000000044e-16,0.0,3.5e-05
E8.logical1_no_read_control,logical1_no_read_control,TRANSITION,branch_current,RJ1,A,800,-3.385937e-11,3.558485e-11,3.269021e-12,1.4956870016242499e-12,6.944422e-11,1.47240738224927e-23,4.906954150099934e-22,-4.7656705e-11
E8.logical1_no_read_control,logical1_no_read_control,TRANSITION,branch_current,RJ2,A,800,-1.871303e-11,1.976336e-11,1.927994e-12,1.0422579021750004e-12,3.847639e-11,1.0293870465500113e-23,-5.432254144720007e-22,5.5421205000000005e-11
E8.logical1_no_read_control,logical1_no_read_control,TRANSITION,kcl_residual,input,A,800,,,,,,,,
E8.logical1_no_read_control,logical1_no_read_control,TRANSITION,kcl_residual,node2,A,800,,,,,,,,
E8.logical1_no_read_control,logical1_no_read_control,TRANSITION,kcl_residual,node3,A,800,,,,,,,,
E8.logical1_no_read_control,logical1_no_read_control,TRANSITION,kcl_residual,node4,A,800,,,,,,,,
E8.logical1_no_read_control,logical1_no_read_control,POST,branch_current,source,A,2400,-5.302281e-11,4.761064e-11,-8.221653500000001e-13,-6.130802571241666e-13,1.0063345000000001e-10,-1.8757655901225417e-23,1.5552536826612745e-21,-5.2488915000000005e-11
E8.logical1_no_read_control,logical1_no_read_control,POST,branch_current,lin,A,2400,-5.302281e-11,4.761064e-11,-8.221653500000001e-13,-6.130802570791666e-13,1.0063345000000001e-10,-1.8757655899875415e-23,1.5552536826626246e-21,-5.2488915000000005e-11
E8.logical1_no_read_control,logical1_no_read_control,POST,branch_current,BJs,A,2400,-5.302281e-11,4.761063e-11,-8.221702500000001e-13,-6.130825194199998e-13,1.0063344e-10,-1.8757723707600413e-23,1.5552536148548995e-21,-5.2488915000000005e-11
E8.logical1_no_read_control,logical1_no_read_control,POST,branch_current,BJL1,A,2400,1.512165e-05,1.512166e-05,1.512166e-05,1.51216596125e-05,1.0000000000699553e-11,4.534607676874999e-16,3.886812500017899e-21,1.512153e-05
E8.logical1_no_read_control,logical1_no_read_control,POST,branch_current,BJL2,A,2400,1.987834e-05,1.987834e-05,1.987834e-05,1.9878339999999995e-05,0.0,5.961017207499999e-16,1.4993750000032874e-21,1.987829e-05
E8.logical1_no_read_control,logical1_no_read_control,POST,branch_current,L0,A,2400,-2.90823e-11,2.868064e-11,-4.159185e-13,-9.481956175416667e-14,5.776294e-11,-3.0377169213752753e-24,-4.538924476296374e-21,1.5125925e-10
E8.logical1_no_read_control,logical1_no_read_control,POST,branch_current,L1,A,2400,-1.51217e-05,-1.512161e-05,-1.512166e-05,-1.5121658329166668e-05,8.999999999951972e-11,-4.534607295e-16,-3.8486250000087706e-21,-1.512153e-05
E8.logical1_no_read_control,logical1_no_read_control,POST,branch_current,L2,A,2400,1.98783e-05,1.987839e-05,1.987834e-05,1.9878341670833334e-05,8.999999999951972e-11,5.961017704999998e-16,-3.848625000026113e-21,1.987847e-05
E8.logical1_no_read_control,logical1_no_read_control,POST,branch_current,RB,A,2400,3.5e-05,3.5e-05,3.5e-05,3.499999999999999e-05,0.0,1.0495624999999998e-15,0.0,3.5e-05
E8.logical1_no_read_control,logical1_no_read_control,POST,branch_current,RJ1,A,2400,-2.461475e-11,2.240735e-11,-2.9517735e-13,-3.6824364769083337e-13,4.70221e-11,-1.1134540305725012e-23,1.4179709008817747e-21,-4.7656705e-11
E8.logical1_no_read_control,logical1_no_read_control,POST,branch_current,RJ2,A,2400,-1.373415e-11,1.324421e-11,-1.8141475e-13,-9.566192741458337e-14,2.697836e-11,-2.9648500224376234e-24,-1.6649082349599375e-21,5.5421205000000005e-11
E8.logical1_no_read_control,logical1_no_read_control,POST,kcl_residual,input,A,2400,,,,,,,,
E8.logical1_no_read_control,logical1_no_read_control,POST,kcl_residual,node2,A,2400,,,,,,,,
E8.logical1_no_read_control,logical1_no_read_control,POST,kcl_residual,node3,A,2400,,,,,,,,
E8.logical1_no_read_control,logical1_no_read_control,POST,kcl_residual,node4,A,2400,,,,,,,,
E8.logical0_no_read_control,logical0_no_read_control,PRE,branch_current,source,A,1120,-4.152051e-09,4.020682e-09,6.165271e-11,4.861808500624997e-11,8.172733e-09,6.999485175874757e-22,-1.624187635375246e-22,6.165271e-11
E8.logical0_no_read_control,logical0_no_read_control,PRE,branch_current,lin,A,1120,-4.152051e-09,4.020682e-09,6.165271e-11,4.861808500624997e-11,8.172733e-09,6.999485175874757e-22,-1.624187635375246e-22,6.165271e-11
E8.logical0_no_read_control,logical0_no_read_control,PRE,branch_current,BJs,A,1120,-4.152051e-09,4.020682e-09,6.16527e-11,4.861808308660718e-11,8.172733e-09,6.999484907124756e-22,-1.6241865053752518e-22,6.16527e-11
E8.logical0_no_read_control,logical0_no_read_control,PRE,branch_current,BJL1,A,1120,1.511777e-05,1.512607e-05,1.512178e-05,1.5121770982142857e-05,8.299999999999565e-09,2.115157603125e-16,-1.3743750000121744e-22,1.512178e-05
E8.logical0_no_read_control,logical0_no_read_control,PRE,branch_current,BJL2,A,1120,1.987653e-05,1.98804e-05,1.9878395e-05,1.9878381749999998e-05,3.869999999999677e-09,2.7804887425e-16,-1.7581249998376615e-22,1.9878395e-05
E8.logical0_no_read_control,logical0_no_read_control,PRE,branch_current,L0,A,1120,-3.119791e-09,2.727843e-09,-1.5538939999999998e-10,-9.620089572883926e-11,5.847634e-09,-1.3430958220162507e-21,8.304134104837491e-22,-1.5538939999999998e-10
E8.logical0_no_read_control,logical0_no_read_control,PRE,branch_current,L1,A,1120,-1.512606e-05,-1.511766e-05,-1.512178e-05,-1.5121755598214285e-05,8.399999999999784e-09,-2.11515540125e-16,3.5762500000109337e-22,-1.512178e-05
E8.logical0_no_read_control,logical0_no_read_control,PRE,branch_current,L2,A,1120,1.987394e-05,1.988234e-05,1.987822e-05,1.9878244401785714e-05,8.400000000001478e-09,2.7804695987499997e-16,3.576249999964766e-22,1.987822e-05
E8.logical0_no_read_control,logical0_no_read_control,PRE,branch_current,RB,A,1120,3.5e-05,3.5e-05,3.5e-05,3.499999999999998e-05,0.0,4.895625e-16,0.0,3.5e-05
E8.logical0_no_read_control,logical0_no_read_control,PRE,branch_current,RJ1,A,1120,-2.795294e-09,2.8666e-09,4.45416e-11,3.331499932714288e-11,5.661894e-09,4.809502199549817e-22,-1.4207541004501903e-22,4.45416e-11
E8.logical0_no_read_control,logical0_no_read_control,PRE,branch_current,RJ2,A,1120,-1.529865e-09,1.337088e-09,-5.3911395e-11,-4.1301889284464285e-11,2.866953e-09,-5.734948074825042e-22,1.805908300799952e-22,-5.3911395e-11
E8.logical0_no_read_control,logical0_no_read_control,PRE,kcl_residual,input,A,1120,,,,,,,,
E8.logical0_no_read_control,logical0_no_read_control,PRE,kcl_residual,node2,A,1120,,,,,,,,
E8.logical0_no_read_control,logical0_no_read_control,PRE,kcl_residual,node3,A,1120,,,,,,,,
E8.logical0_no_read_control,logical0_no_read_control,PRE,kcl_residual,node4,A,1120,,,,,,,,
E8.logical0_no_read_control,logical0_no_read_control,ACTIVE,branch_current,source,A,2880,-9.504016e-10,8.418766e-10,4.6158605e-12,-6.156617889236151e-13,1.7922782000000002e-09,-2.423188965125114e-23,-2.242958790776252e-21,6.165271e-11
E8.logical0_no_read_control,logical0_no_read_control,ACTIVE,branch_current,lin,A,2880,-9.504016e-10,8.418766e-10,4.6158605e-12,-6.156617782291691e-13,1.7922782000000002e-09,-2.4231889266251114e-23,-2.242958790391252e-21,6.165271e-11
E8.logical0_no_read_control,logical0_no_read_control,ACTIVE,branch_current,BJs,A,2880,-9.504016e-10,8.418766e-10,4.615861e-12,-6.156642353124987e-13,1.7922782000000002e-09,-2.4231977658751026e-23,-2.2429585189087518e-21,6.16527e-11
E8.logical0_no_read_control,logical0_no_read_control,ACTIVE,branch_current,BJL1,A,2880,1.512085e-05,1.512237e-05,1.512166e-05,1.5121651826388891e-05,1.5200000000013e-09,5.441904483750002e-16,-4.609375000005025e-21,1.512178e-05
E8.logical0_no_read_control,logical0_no_read_control,ACTIVE,branch_current,BJL2,A,2880,1.987797e-05,1.987867e-05,1.987834e-05,1.987833915625e-05,7.000000000015349e-10,7.153717285625003e-16,-2.0114999999700813e-21,1.9878395e-05
E8.logical0_no_read_control,logical0_no_read_control,ACTIVE,branch_current,L0,A,2880,-5.418067e-10,5.663586e-10,2.479921e-12,6.480918081934027e-12,1.1081653e-09,2.331376190808736e-22,5.8252136515808745e-21,-1.5538939999999998e-10
E8.logical0_no_read_control,logical0_no_read_control,ACTIVE,branch_current,L1,A,2880,-1.512249e-05,-1.512084e-05,-1.512166e-05,-1.5121651364583334e-05,1.6500000000002298e-09,-5.441904310625002e-16,4.626687500003156e-21,-1.512178e-05
E8.logical0_no_read_control,logical0_no_read_control,ACTIVE,branch_current,L2,A,2880,1.987751e-05,1.987916e-05,1.987834e-05,1.9878348635416667e-05,1.6500000000002298e-09,7.153720689375003e-16,4.6266874999903546e-21,1.987822e-05
E8.logical0_no_read_control,logical0_no_read_control,ACTIVE,branch_current,RB,A,2880,3.5e-05,3.5e-05,3.5e-05,3.499999999999999e-05,0.0,1.2595625000000004e-15,0.0,3.5e-05
E8.logical0_no_read_control,logical0_no_read_control,ACTIVE,branch_current,RJ1,A,2880,-5.315176e-10,5.462289e-10,1.04569355e-12,-9.822696683819469e-13,1.0777465e-09,-3.803884074925114e-23,-1.6409796707492517e-21,4.45416e-11
E8.logical0_no_read_control,logical0_no_read_control,ACTIVE,branch_current,RJ2,A,2880,-2.622105e-10,2.733427e-10,6.905368e-13,2.9011917591006955e-12,5.355532000000001e-10,1.0371845967762404e-22,2.043854787240125e-21,-5.3911395e-11
E8.logical0_no_read_control,logical0_no_read_control,ACTIVE,kcl_residual,input,A,2880,,,,,,,,
E8.logical0_no_read_control,logical0_no_read_control,ACTIVE,kcl_residual,node2,A,2880,,,,,,,,
E8.logical0_no_read_control,logical0_no_read_control,ACTIVE,kcl_residual,node3,A,2880,,,,,,,,
E8.logical0_no_read_control,logical0_no_read_control,ACTIVE,kcl_residual,node4,A,2880,,,,,,,,
E8.logical0_no_read_control,logical0_no_read_control,TRANSITION,branch_current,source,A,800,-8.03095e-11,8.198915e-11,-1.0112225e-11,-4.8366554435e-12,1.6229865e-10,-4.784026106000047e-23,-6.635967021850013e-22,6.165271e-11
E8.logical0_no_read_control,logical0_no_read_control,TRANSITION,branch_current,lin,A,800,-8.03095e-11,8.198915e-11,-1.0112225e-11,-4.83665544475e-12,1.6229865e-10,-4.784026107250047e-23,-6.635967021975013e-22,6.165271e-11
E8.logical0_no_read_control,logical0_no_read_control,TRANSITION,branch_current,BJs,A,800,-8.03095e-11,8.198915e-11,-1.0112225e-11,-4.8366580483499994e-12,1.6229865e-10,-4.784028704600048e-23,-6.635966282960012e-22,6.16527e-11
E8.logical0_no_read_control,logical0_no_read_control,TRANSITION,branch_current,BJL1,A,800,1.512165e-05,1.512167e-05,1.512166e-05,1.5121658012500002e-05,1.999999999970504e-11,1.510275593750002e-16,-1.2183750000022458e-21,1.512178e-05
E8.logical0_no_read_control,logical0_no_read_control,TRANSITION,branch_current,BJL2,A,800,1.987834e-05,1.987835e-05,1.987834e-05,1.9878341474999995e-05,1.0000000000699553e-11,1.9853493550000025e-16,-5.345625000035573e-22,1.9878395e-05
E8.logical0_no_read_control,logical0_no_read_control,TRANSITION,branch_current,L0,A,800,-4.311993e-11,4.078146e-11,-4.2385795000000004e-12,-2.0642718006624992e-12,8.390139e-11,-2.0422237712875188e-23,1.5315293947871266e-21,-1.5538939999999998e-10
E8.logical0_no_read_control,logical0_no_read_control,TRANSITION,branch_current,L1,A,800,-1.512172e-05,-1.51216e-05,-1.512166e-05,-1.51216610875e-05,1.199999999999243e-10,-1.5102758981250021e-16,1.1879375000014606e-21,-1.512178e-05
E8.logical0_no_read_control,logical0_no_read_control,TRANSITION,branch_current,L2,A,800,1.987828e-05,1.98784e-05,1.987834e-05,1.98783389125e-05,1.1999999999823025e-10,1.985349101875003e-16,1.1879374999950975e-21,1.987822e-05
E8.logical0_no_read_control,logical0_no_read_control,TRANSITION,branch_current,RB,A,800,3.5e-05,3.5e-05,3.5e-05,3.499999999999999e-05,0.0,3.4956250000000044e-16,0.0,3.5e-05
E8.logical0_no_read_control,logical0_no_read_control,TRANSITION,branch_current,RJ1,A,800,-3.667107e-11,3.487738e-11,-3.3452925e-12,-1.5474245863875e-12,7.154845e-11,-1.52336480701252e-23,-4.600928780701258e-22,4.45416e-11
E8.logical0_no_read_control,logical0_no_read_control,TRANSITION,branch_current,RJ2,A,800,-2.037717e-11,1.928868e-11,-1.9944850000000003e-12,-1.0851460107125003e-12,3.966585e-11,-1.0718387175875113e-23,5.277216703866256e-22,-5.3911395e-11
E8.logical0_no_read_control,logical0_no_read_control,TRANSITION,kcl_residual,input,A,800,,,,,,,,
E8.logical0_no_read_control,logical0_no_read_control,TRANSITION,kcl_residual,node2,A,800,,,,,,,,
E8.logical0_no_read_control,logical0_no_read_control,TRANSITION,kcl_residual,node3,A,800,,,,,,,,
E8.logical0_no_read_control,logical0_no_read_control,TRANSITION,kcl_residual,node4,A,800,,,,,,,,
E8.logical0_no_read_control,logical0_no_read_control,POST,branch_current,source,A,2400,-4.892316e-11,5.475399e-11,8.393117e-13,6.381557114299997e-13,1.0367715e-10,1.9520725717900415e-23,-1.8292899154070994e-21,6.165271e-11
E8.logical0_no_read_control,logical0_no_read_control,POST,branch_current,lin,A,2400,-4.892316e-11,5.475399e-11,8.393117e-13,6.381557115275e-13,1.0367715e-10,1.9520725720825424e-23,-1.8292899154041744e-21,6.165271e-11
E8.logical0_no_read_control,logical0_no_read_control,POST,branch_current,BJs,A,2400,-4.892317e-11,5.475399e-11,8.3930955e-13,6.381531563320834e-13,1.0367716e-10,1.9520649189962915e-23,-1.8292896920600367e-21,6.16527e-11
E8.logical0_no_read_control,logical0_no_read_control,POST,branch_current,BJL1,A,2400,1.512165e-05,1.512166e-05,1.512166e-05,1.5121659754166666e-05,1.0000000000699553e-11,4.534607718749999e-16,-3.605874999998246e-21,1.512178e-05
E8.logical0_no_read_control,logical0_no_read_control,POST,branch_current,BJL2,A,2400,1.987834e-05,1.987834e-05,1.987834e-05,1.9878339999999995e-05,0.0,5.961017207499999e-16,-1.6493125000137762e-21,1.9878395e-05
E8.logical0_no_read_control,logical0_no_read_control,POST,branch_current,L0,A,2400,-2.967113e-11,3.001457e-11,4.5176060000000003e-13,1.0182773403333333e-13,5.96857e-11,3.255016808500301e-24,4.6629946493084984e-21,-1.5538939999999998e-10
E8.logical0_no_read_control,logical0_no_read_control,POST,branch_current,L1,A,2400,-1.51217e-05,-1.512161e-05,-1.512166e-05,-1.5121657904166667e-05,8.999999999951972e-11,-4.53460716125e-16,3.661625000007419e-21,-1.512178e-05
E8.logical0_no_read_control,logical0_no_read_control,POST,branch_current,L2,A,2400,1.98783e-05,1.987839e-05,1.987834e-05,1.9878342095833335e-05,8.999999999951972e-11,5.961017838749999e-16,3.66162499998961e-21,1.987822e-05
E8.logical0_no_read_control,logical0_no_read_control,POST,branch_current,RB,A,2400,3.5e-05,3.5e-05,3.5e-05,3.499999999999999e-05,0.0,1.0495624999999998e-15,0.0,3.5e-05
E8.logical0_no_read_control,logical0_no_read_control,POST,branch_current,RJ1,A,2400,-2.312889e-11,2.53908e-11,3.465196e-13,3.810532043958333e-13,4.851969e-11,1.1520262044375005e-23,-1.3241709679556248e-21,4.45416e-11
E8.logical0_no_read_control,logical0_no_read_control,POST,branch_current,RJ2,A,2400,-1.367067e-11,1.417344e-11,1.8302309999999998e-13,1.0062006617749996e-13,2.784411e-11,3.1167859728251255e-24,1.619784743535325e-21,-5.3911395e-11
E8.logical0_no_read_control,logical0_no_read_control,POST,kcl_residual,input,A,2400,,,,,,,,
E8.logical0_no_read_control,logical0_no_read_control,POST,kcl_residual,node2,A,2400,,,,,,,,
E8.logical0_no_read_control,logical0_no_read_control,POST,kcl_residual,node3,A,2400,,,,,,,,
E8.logical0_no_read_control,logical0_no_read_control,POST,kcl_residual,node4,A,2400,,,,,,,,
