time,"V(B1|XDUT)","V(B2|XDUT)","V(B1|XLOAD)","V(B2|XLOAD)","P(B1|XDUT)","P(B2|XDUT)","P(B1|XLOAD)","P(B2|XLOAD)"
0.000000e+00,0.000000e+00,0.000000e+00,0.000000e+00,0.000000e+00,0.000000e+00,0.000000e+00,0.000000e+00,0.000000e+00
2.500000e-14,6.574403e-08,7.207891e-08,7.173521e-08,6.453348e-08,3.329426e-06,3.650238e-06,3.632832e-06,3.268120e-06
5.000000e-14,2.189123e-07,2.399320e-07,2.387835e-07,2.147892e-07,1.552545e-05,1.701768e-05,1.693631e-05,1.523490e-05
7.500000e-14,4.663237e-07,5.109732e-07,5.085165e-07,4.573221e-07,4.320647e-05,4.735033e-05,4.712322e-05,4.238365e-05
1.000000e-13,8.095314e-07,8.868939e-07,8.826095e-07,7.934918e-07,9.342997e-05,1.023755e-04,1.018828e-04,9.161744e-05
1.250000e-13,1.248020e-06,1.367183e-06,1.360544e-06,1.222608e-06,1.733737e-04,1.899545e-04,1.890371e-04,1.699443e-04
1.500000e-13,1.780277e-06,1.950305e-06,1.940783e-06,1.742986e-06,2.901788e-04,3.179153e-04,3.163741e-04,2.843220e-04
1.750000e-13,2.404158e-06,2.634103e-06,2.621166e-06,2.352305e-06,4.508659e-04,4.939658e-04,4.915615e-04,4.415739e-04
2.000000e-13,3.117022e-06,3.415937e-06,3.399054e-06,3.047744e-06,6.622812e-04,7.256400e-04,7.220930e-04,6.483358e-04
2.250000e-13,3.915789e-06,4.292748e-06,4.271389e-06,3.826038e-06,9.310574e-04,1.020259e-03,1.015250e-03,9.110156e-04
2.500000e-13,4.796974e-06,5.261089e-06,5.234724e-06,4.683514e-06,1.263579e-03,1.384899e-03,1.378067e-03,1.235759e-03
2.750000e-13,5.756714e-06,6.317147e-06,6.285248e-06,5.616115e-06,1.665952e-03,1.826360e-03,1.817305e-03,1.628420e-03
3.000000e-13,6.790795e-06,7.456764e-06,7.418805e-06,6.619433e-06,2.143978e-03,2.351141e-03,2.339422e-03,2.094530e-03
3.250000e-13,7.894676e-06,8.675463e-06,8.630919e-06,7.688730e-06,2.703124e-03,2.965413e-03,2.950551e-03,2.639274e-03
3.500000e-13,9.063521e-06,9.968465e-06,9.916813e-06,8.818972e-06,3.348503e-03,3.674996e-03,3.656470e-03,3.267468e-03
3.750000e-13,1.029222e-05,1.133072e-05,1.127144e-05,1.000485e-05,4.084851e-03,4.485337e-03,4.462587e-03,3.983534e-03
4.000000e-13,1.157543e-05,1.275692e-05,1.268949e-05,1.124084e-05,4.916506e-03,5.401489e-03,5.373917e-03,4.791485e-03
4.250000e-13,1.290759e-05,1.424153e-05,1.416543e-05,1.252117e-05,5.847394e-03,6.428096e-03,6.395063e-03,5.694902e-03
4.500000e-13,1.428296e-05,1.577883e-05,1.569354e-05,1.383994e-05,6.881011e-03,7.569374e-03,7.530201e-03,6.696927e-03
4.750000e-13,1.569566e-05,1.736290e-05,1.726791e-05,1.519108e-05,8.020413e-03,8.829097e-03,8.783066e-03,7.800245e-03
5.000000e-13,1.713968e-05,1.898770e-05,1.888248e-05,1.656842e-05,9.268206e-03,1.021058e-02,1.015694e-02,9.007080e-03
5.250000e-13,1.860894e-05,2.064704e-05,2.053107e-05,1.796571e-05,1.062654e-02,1.171669e-02,1.165464e-02,1.031918e-02
5.500000e-13,2.009729e-05,2.233466e-05,2.220741e-05,1.937667e-05,1.209708e-02,1.334981e-02,1.327850e-02,1.173783e-02
5.750000e-13,2.159857e-05,2.404421e-05,2.390517e-05,2.079501e-05,1.368107e-02,1.511183e-02,1.503040e-02,1.326382e-02
6.000000e-13,2.310662e-05,2.576933e-05,2.561796e-05,2.221447e-05,1.537923e-02,1.700419e-02,1.691172e-02,1.489747e-02
6.250000e-13,2.461532e-05,2.750361e-05,2.733938e-05,2.362883e-05,1.719186e-02,1.902782e-02,1.892335e-02,1.663864e-02
6.500000e-13,2.611863e-05,2.924069e-05,2.906305e-05,2.503197e-05,1.911878e-02,2.118318e-02,2.106572e-02,1.848670e-02
6.750000e-13,2.761059e-05,3.097423e-05,3.078264e-05,2.641790e-05,2.115935e-02,2.347023e-02,2.333874e-02,2.044058e-02
7.000000e-13,2.908538e-05,3.269795e-05,3.249187e-05,2.778077e-05,2.331249e-02,2.588848e-02,2.574187e-02,2.249876e-02
7.250000e-13,3.053733e-05,3.440569e-05,3.418455e-05,2.911492e-05,2.557668e-02,2.843695e-02,2.827410e-02,2.465926e-02
7.500000e-13,3.196095e-05,3.609137e-05,3.585461e-05,3.041487e-05,2.794998e-02,3.111419e-02,3.093394e-02,2.691971e-02
7.750000e-13,3.335096e-05,3.774909e-05,3.749613e-05,3.167541e-05,3.043005e-02,3.391830e-02,3.371944e-02,2.927730e-02
8.000000e-13,3.470228e-05,3.937307e-05,3.910334e-05,3.289155e-05,3.301414e-02,3.684694e-02,3.662822e-02,3.172887e-02
8.250000e-13,3.601012e-05,4.095776e-05,4.067066e-05,3.405862e-05,3.569914e-02,3.989735e-02,3.965746e-02,3.427087e-02
8.500000e-13,3.726994e-05,4.249780e-05,4.219274e-05,3.517223e-05,3.848158e-02,4.306634e-02,4.280395e-02,3.689940e-02
8.750000e-13,3.847749e-05,4.398804e-05,4.366442e-05,3.622830e-05,4.135764e-02,4.635032e-02,4.606404e-02,3.961026e-02
9.000000e-13,3.962882e-05,4.542361e-05,4.508082e-05,3.722310e-05,4.432322e-02,4.974533e-02,4.943373e-02,4.239894e-02
9.250000e-13,4.072031e-05,4.679988e-05,4.643730e-05,3.815328e-05,4.737391e-02,5.324706e-02,5.290865e-02,4.526067e-02
9.500000e-13,4.174867e-05,4.811252e-05,4.772954e-05,3.901580e-05,5.050506e-02,5.685082e-02,5.648409e-02,4.819043e-02
9.750000e-13,4.271096e-05,4.935750e-05,4.895348e-05,3.980805e-05,5.371175e-02,6.055165e-02,6.015502e-02,5.118298e-02
1.000000e-12,4.360460e-05,5.053107e-05,5.010541e-05,4.052779e-05,5.698889e-02,6.434427e-02,6.391611e-02,5.423292e-02
1.025000e-12,4.442735e-05,5.162985e-05,5.118190e-05,4.117316e-05,6.033117e-02,6.822313e-02,6.776177e-02,5.733466e-02
1.050000e-12,4.517737e-05,5.265077e-05,5.217991e-05,4.174272e-05,6.373314e-02,7.218243e-02,7.168617e-02,6.048253e-02
1.075000e-12,4.585318e-05,5.359110e-05,5.309671e-05,4.223543e-05,6.718924e-02,7.621618e-02,7.568324e-02,6.367071e-02
1.100000e-12,4.645365e-05,5.444848e-05,5.392993e-05,4.265062e-05,7.069379e-02,8.031815e-02,7.974673e-02,6.689336e-02
1.125000e-12,4.697806e-05,5.522090e-05,5.467759e-05,4.298807e-05,7.424105e-02,8.448199e-02,8.387022e-02,7.014459e-02
1.150000e-12,4.742605e-05,5.590672e-05,5.533804e-05,4.324793e-05,7.782523e-02,8.870117e-02,8.804716e-02,7.341851e-02
1.175000e-12,4.779762e-05,5.650466e-05,5.591002e-05,4.343073e-05,8.144054e-02,9.296909e-02,9.227088e-02,7.670924e-02
1.200000e-12,4.809313e-05,5.701382e-05,5.639266e-05,4.353740e-05,8.508118e-02,9.727904e-02,9.653464e-02,8.001098e-02
1.225000e-12,4.831332e-05,5.743366e-05,5.678543e-05,4.356924e-05,8.874143e-02,1.016243e-01,1.008316e-01,8.331801e-02
1.250000e-12,4.845924e-05,5.776403e-05,5.708819e-05,4.352791e-05,9.241559e-02,1.059980e-01,1.051550e-01,8.662470e-02
1.275000e-12,4.853231e-05,5.800512e-05,5.730117e-05,4.341540e-05,9.609810e-02,1.103934e-01,1.094980e-01,8.992559e-02
1.300000e-12,4.853425e-05,5.815749e-05,5.742496e-05,4.323407e-05,9.978349e-02,1.148037e-01,1.138538e-01,9.321535e-02
1.325000e-12,4.846708e-05,5.822206e-05,5.746051e-05,4.298656e-05,1.034664e-01,1.192224e-01,1.182157e-01,9.648888e-02
1.350000e-12,4.833315e-05,5.820011e-05,5.740914e-05,4.267583e-05,1.071418e-01,1.236426e-01,1.225770e-01,9.974125e-02
1.375000e-12,4.813506e-05,5.809322e-05,5.727248e-05,4.230509e-05,1.108046e-01,1.280580e-01,1.269311e-01,1.029678e-01
1.400000e-12,4.787567e-05,5.790335e-05,5.705252e-05,4.187785e-05,1.144500e-01,1.324622e-01,1.312718e-01,1.061641e-01
1.425000e-12,4.755809e-05,5.763274e-05,5.675157e-05,4.139781e-05,1.180736e-01,1.368489e-01,1.355927e-01,1.093260e-01
1.450000e-12,4.718566e-05,5.728395e-05,5.637224e-05,4.086890e-05,1.216711e-01,1.412121e-01,1.398878e-01,1.124497e-01
1.475000e-12,4.676190e-05,5.685983e-05,5.591744e-05,4.029526e-05,1.252384e-01,1.455460e-01,1.441513e-01,1.155315e-01
1.500000e-12,4.629052e-05,5.636351e-05,5.539036e-05,3.968117e-05,1.287717e-01,1.498450e-01,1.483776e-01,1.185684e-01
1.525000e-12,4.577541e-05,5.579839e-05,5.479445e-05,3.903105e-05,1.322677e-01,1.541038e-01,1.525612e-01,1.215573e-01
1.550000e-12,4.522057e-05,5.516808e-05,5.413343e-05,3.834945e-05,1.357230e-01,1.583172e-01,1.566972e-01,1.244957e-01
1.575000e-12,4.463012e-05,5.447646e-05,5.341123e-05,3.764099e-05,1.391350e-01,1.624805e-01,1.607808e-01,1.273814e-01
1.600000e-12,4.400830e-05,5.372760e-05,5.263200e-05,3.691037e-05,1.425010e-01,1.665891e-01,1.648074e-01,1.302125e-01
1.625000e-12,4.335938e-05,5.292574e-05,5.180008e-05,3.616232e-05,1.458188e-01,1.706390e-01,1.687728e-01,1.329875e-01
1.650000e-12,4.268772e-05,5.207532e-05,5.091998e-05,3.540158e-05,1.490866e-01,1.746261e-01,1.726733e-01,1.357054e-01
1.675000e-12,4.199767e-05,5.118092e-05,4.999636e-05,3.463290e-05,1.523027e-01,1.785471e-01,1.765054e-01,1.383652e-01
1.700000e-12,4.129361e-05,5.024724e-05,4.903404e-05,3.386096e-05,1.554659e-01,1.823987e-01,1.802660e-01,1.409666e-01
1.725000e-12,4.057988e-05,4.927910e-05,4.803791e-05,3.309040e-05,1.585754e-01,1.861782e-01,1.839523e-01,1.435095e-01
1.750000e-12,3.986080e-05,4.828141e-05,4.701298e-05,3.232578e-05,1.616305e-01,1.898831e-01,1.875619e-01,1.459942e-01
1.775000e-12,3.914064e-05,4.725913e-05,4.596431e-05,3.157154e-05,1.646311e-01,1.935114e-01,1.910928e-01,1.484213e-01
1.800000e-12,3.842356e-05,4.621728e-05,4.489702e-05,3.083200e-05,1.675771e-01,1.970613e-01,1.945435e-01,1.507917e-01
1.825000e-12,3.771363e-05,4.516089e-05,4.381624e-05,3.011133e-05,1.704690e-01,2.005317e-01,1.979126e-01,1.531068e-01
1.850000e-12,3.701484e-05,4.409502e-05,4.272712e-05,2.941354e-05,1.733075e-01,2.039216e-01,2.011995e-01,1.553680e-01
1.875000e-12,3.633099e-05,4.302469e-05,4.163477e-05,2.874244e-05,1.760935e-01,2.072304e-01,2.044036e-01,1.575773e-01
1.900000e-12,3.566578e-05,4.195488e-05,4.054429e-05,2.810163e-05,1.788284e-01,2.104580e-01,2.075249e-01,1.597369e-01
1.925000e-12,3.502271e-05,4.089053e-05,3.946069e-05,2.749453e-05,1.815137e-01,2.136047e-01,2.105637e-01,1.618492e-01
1.950000e-12,3.440511e-05,3.983648e-05,3.838893e-05,2.692428e-05,1.841511e-01,2.166710e-01,2.135207e-01,1.639168e-01
1.975000e-12,3.381613e-05,3.879749e-05,3.733384e-05,2.639379e-05,1.867428e-01,2.196579e-01,2.163971e-01,1.659426e-01
2.000000e-12,3.325871e-05,3.777821e-05,3.630015e-05,2.590574e-05,1.892910e-01,2.225667e-01,2.191942e-01,1.679298e-01
2.025000e-12,3.273557e-05,3.678313e-05,3.529245e-05,2.546250e-05,1.917982e-01,2.253991e-01,2.219138e-01,1.698817e-01
2.050000e-12,3.224919e-05,3.581661e-05,3.431518e-05,2.506620e-05,1.942671e-01,2.281570e-01,2.245582e-01,1.718017e-01
2.075000e-12,3.180186e-05,3.488285e-05,3.337260e-05,2.471865e-05,1.967006e-01,2.308429e-01,2.271297e-01,1.736935e-01
2.100000e-12,3.139559e-05,3.398584e-05,3.246879e-05,2.442142e-05,1.991017e-01,2.334593e-01,2.296312e-01,1.755609e-01
2.125000e-12,3.103217e-05,3.312941e-05,3.160761e-05,2.417574e-05,2.014736e-01,2.360092e-01,2.320657e-01,1.774077e-01
2.150000e-12,3.071314e-05,3.231715e-05,3.079272e-05,2.398259e-05,2.038196e-01,2.384958e-01,2.344366e-01,1.792378e-01
2.175000e-12,3.043977e-05,3.155244e-05,3.002754e-05,2.384263e-05,2.061431e-01,2.409225e-01,2.367475e-01,1.810553e-01
2.200000e-12,3.021309e-05,3.083843e-05,2.931527e-05,2.375624e-05,2.084477e-01,2.432931e-01,2.390025e-01,1.828642e-01
2.225000e-12,3.003389e-05,3.017800e-05,2.865882e-05,2.372350e-05,2.107369e-01,2.456116e-01,2.412054e-01,1.846685e-01
2.250000e-12,2.990269e-05,2.957382e-05,2.806087e-05,2.374423e-05,2.130143e-01,2.478822e-01,2.433608e-01,1.864725e-01
2.275000e-12,2.981978e-05,2.902825e-05,2.752380e-05,2.381795e-05,2.152836e-01,2.501090e-01,2.454732e-01,1.882800e-01
2.300000e-12,2.978517e-05,2.854341e-05,2.704973e-05,2.394391e-05,2.175484e-01,2.522968e-01,2.475471e-01,1.900950e-01
2.325000e-12,2.979868e-05,2.812114e-05,2.664049e-05,2.412112e-05,2.198124e-01,2.544502e-01,2.495876e-01,1.919216e-01
2.350000e-12,2.985984e-05,2.776298e-05,2.629761e-05,2.434830e-05,2.220792e-01,2.565740e-01,2.515995e-01,1.937635e-01
2.375000e-12,2.996801e-05,2.747022e-05,2.602233e-05,2.462395e-05,2.243525e-01,2.586731e-01,2.535880e-01,1.956245e-01
2.400000e-12,3.012228e-05,2.724382e-05,2.581561e-05,2.494635e-05,2.266357e-01,2.607525e-01,2.555582e-01,1.975082e-01
2.425000e-12,3.032155e-05,2.708449e-05,2.567807e-05,2.531355e-05,2.289323e-01,2.628172e-01,2.575153e-01,1.994180e-01
2.450000e-12,3.056453e-05,2.699263e-05,2.561008e-05,2.572339e-05,2.312457e-01,2.648724e-01,2.594646e-01,2.013573e-01
2.475000e-12,3.084973e-05,2.696837e-05,2.561166e-05,2.617353e-05,2.335791e-01,2.669232e-01,2.614114e-01,2.033292e-01
2.500000e-12,3.117546e-05,2.701153e-05,2.568258e-05,2.666148e-05,2.359357e-01,2.689748e-01,2.633610e-01,2.053367e-01
2.525000e-12,3.153991e-05,2.712167e-05,2.582229e-05,2.718455e-05,2.383185e-01,2.710321e-01,2.653185e-01,2.073826e-01
2.550000e-12,3.194106e-05,2.729807e-05,2.602996e-05,2.773994e-05,2.407304e-01,2.731003e-01,2.672893e-01,2.094693e-01
2.575000e-12,3.237680e-05,2.753972e-05,2.630448e-05,2.832474e-05,2.431739e-01,2.751844e-01,2.692783e-01,2.115993e-01
2.600000e-12,3.284487e-05,2.784538e-05,2.664447e-05,2.893590e-05,2.456518e-01,2.772893e-01,2.712907e-01,2.137747e-01
2.625000e-12,3.334287e-05,2.821352e-05,2.704826e-05,2.957032e-05,2.481663e-01,2.794197e-01,2.733312e-01,2.159974e-01
2.650000e-12,3.386836e-05,2.864238e-05,2.751396e-05,3.022481e-05,2.507197e-01,2.815803e-01,2.754048e-01,2.182689e-01
2.675000e-12,3.441876e-05,2.912996e-05,2.803940e-05,3.089615e-05,2.533138e-01,2.837757e-01,2.775159e-01,2.205907e-01
2.700000e-12,3.499144e-05,2.967402e-05,2.862219e-05,3.158107e-05,2.559506e-01,2.860103e-01,2.796692e-01,2.229640e-01
2.725000e-12,3.558373e-05,3.027212e-05,2.925971e-05,3.227630e-05,2.586315e-01,2.882882e-01,2.818687e-01,2.253896e-01
2.750000e-12,3.619291e-05,3.092162e-05,2.994914e-05,3.297857e-05,2.613581e-01,2.906135e-01,2.841185e-01,2.278683e-01
2.775000e-12,3.681620e-05,3.161967e-05,3.068745e-05,3.368463e-05,2.641314e-01,2.929898e-01,2.864226e-01,2.304004e-01
2.800000e-12,3.745087e-05,3.236325e-05,3.147143e-05,3.439128e-05,2.669524e-01,2.954209e-01,2.887844e-01,2.329861e-01
2.825000e-12,3.809414e-05,3.314919e-05,3.229770e-05,3.509537e-05,2.698219e-01,2.979100e-01,2.912073e-01,2.356253e-01
2.850000e-12,3.874326e-05,3.397415e-05,3.316275e-05,3.579381e-05,2.727405e-01,3.004602e-01,2.936943e-01,2.383177e-01
2.875000e-12,3.939553e-05,3.483468e-05,3.406291e-05,3.648363e-05,2.757084e-01,3.030744e-01,2.962484e-01,2.410628e-01
2.900000e-12,4.004827e-05,3.572720e-05,3.499440e-05,3.716192e-05,2.787259e-01,3.057551e-01,2.988719e-01,2.438597e-01
2.925000e-12,4.069887e-05,3.664804e-05,3.595334e-05,3.782592e-05,2.817928e-01,3.085046e-01,3.015672e-01,2.467077e-01
2.950000e-12,4.134476e-05,3.759344e-05,3.693577e-05,3.847298e-05,2.849088e-01,3.113249e-01,3.043361e-01,2.496053e-01
2.975000e-12,4.198348e-05,3.855956e-05,3.793766e-05,3.910060e-05,2.880737e-01,3.142178e-01,3.071803e-01,2.525514e-01
3.000000e-12,4.261264e-05,3.954255e-05,3.895494e-05,3.970642e-05,2.912866e-01,3.171846e-01,3.101012e-01,2.555442e-01
3.025000e-12,4.322995e-05,4.053848e-05,3.998349e-05,4.028824e-05,2.945469e-01,3.202265e-01,3.130997e-01,2.585821e-01
3.050000e-12,4.383325e-05,4.154343e-05,4.101920e-05,4.084405e-05,2.978534e-01,3.233443e-01,3.161765e-01,2.616632e-01
3.075000e-12,4.442045e-05,4.255348e-05,4.205796e-05,4.137200e-05,3.012052e-01,3.265386e-01,3.193320e-01,2.647854e-01
3.100000e-12,4.498964e-05,4.356473e-05,4.309568e-05,4.187042e-05,3.046008e-01,3.298096e-01,3.225663e-01,2.679465e-01
3.125000e-12,4.553900e-05,4.457329e-05,4.412832e-05,4.233784e-05,3.080389e-01,3.331572e-01,3.258791e-01,2.711443e-01
3.150000e-12,4.606686e-05,4.557536e-05,4.515189e-05,4.277299e-05,3.115178e-01,3.365811e-01,3.292700e-01,2.743763e-01
3.175000e-12,4.657169e-05,4.656717e-05,4.616249e-05,4.317477e-05,3.150360e-01,3.400807e-01,3.327381e-01,2.776402e-01
3.200000e-12,4.705212e-05,4.754504e-05,4.715628e-05,4.354230e-05,3.185915e-01,3.436550e-01,3.362822e-01,2.809332e-01
3.225000e-12,4.750692e-05,4.850541e-05,4.812957e-05,4.387489e-05,3.221825e-01,3.473028e-01,3.399009e-01,2.842528e-01
3.250000e-12,4.793500e-05,4.944480e-05,4.907876e-05,4.417206e-05,3.258071e-01,3.510228e-01,3.435927e-01,2.875963e-01
3.275000e-12,4.833544e-05,5.035986e-05,5.000040e-05,4.443352e-05,3.294631e-01,3.548131e-01,3.473554e-01,2.909610e-01
3.300000e-12,4.870747e-05,5.124740e-05,5.089119e-05,4.465917e-05,3.331484e-01,3.586718e-01,3.511868e-01,2.943442e-01
3.325000e-12,4.905049e-05,5.210435e-05,5.174801e-05,4.484911e-05,3.368609e-01,3.625967e-01,3.550846e-01,2.977432e-01
3.350000e-12,4.936403e-05,5.292782e-05,5.256788e-05,4.500362e-05,3.405983e-01,3.665854e-01,3.590461e-01,3.011553e-01
3.375000e-12,4.964779e-05,5.371507e-05,5.334805e-05,4.512317e-05,3.443583e-01,3.706352e-01,3.630682e-01,3.045778e-01
3.400000e-12,4.990161e-05,5.446358e-05,5.408592e-05,4.520840e-05,3.481388e-01,3.747433e-01,3.671479e-01,3.080081e-01
3.425000e-12,5.012549e-05,5.517098e-05,5.477915e-05,4.526011e-05,3.519375e-01,3.789067e-01,3.712820e-01,3.114436e-01
3.450000e-12,5.031957e-05,5.583513e-05,5.542557e-05,4.527928e-05,3.557520e-01,3.831221e-01,3.754669e-01,3.148818e-01
3.475000e-12,5.048412e-05,5.645406e-05,5.602327e-05,4.526703e-05,3.595801e-01,3.873862e-01,3.796990e-01,3.183203e-01
3.500000e-12,5.061956e-05,5.702605e-05,5.657053e-05,4.522461e-05,3.634196e-01,3.916955e-01,3.839746e-01,3.217567e-01
3.525000e-12,5.072643e-05,5.754956e-05,5.706589e-05,4.515342e-05,3.672684e-01,3.960463e-01,3.882897e-01,3.251889e-01
3.550000e-12,5.080540e-05,5.802331e-05,5.750814e-05,4.505499e-05,3.711242e-01,4.004351e-01,3.926404e-01,3.286146e-01
3.575000e-12,5.085724e-05,5.844621e-05,5.789627e-05,4.493093e-05,3.749850e-01,4.048578e-01,3.970226e-01,3.320319e-01
3.600000e-12,5.088287e-05,5.881741e-05,5.822955e-05,4.478297e-05,3.788487e-01,4.093107e-01,4.014323e-01,3.354390e-01
3.625000e-12,5.088326e-05,5.913628e-05,5.850747e-05,4.461293e-05,3.827135e-01,4.137898e-01,4.058651e-01,3.388339e-01
3.650000e-12,5.085951e-05,5.940243e-05,5.872979e-05,4.442270e-05,3.865774e-01,4.182911e-01,4.103169e-01,3.422152e-01
3.675000e-12,5.081280e-05,5.961569e-05,5.889647e-05,4.421423e-05,3.904386e-01,4.228106e-01,4.147835e-01,3.455815e-01
3.725000e-12,5.065560e-05,5.988395e-05,5.906409e-05,4.375066e-05,3.981465e-01,4.318882e-01,4.237442e-01,3.522635e-01
3.750000e-12,5.054782e-05,5.993971e-05,5.906617e-05,4.349967e-05,4.019900e-01,4.364383e-01,4.282299e-01,3.555772e-01
3.775000e-12,5.042250e-05,5.994410e-05,5.901491e-05,4.323866e-05,4.058246e-01,4.409907e-01,4.327138e-01,3.588714e-01
3.800000e-12,5.028113e-05,5.989802e-05,5.891145e-05,4.296974e-05,4.096492e-01,4.455416e-01,4.371919e-01,3.621456e-01
3.825000e-12,5.012522e-05,5.980259e-05,5.875713e-05,4.269498e-05,4.134625e-01,4.500871e-01,4.416601e-01,3.653991e-01
3.850000e-12,4.995633e-05,5.965912e-05,5.855350e-05,4.241645e-05,4.172635e-01,4.546235e-01,4.461148e-01,3.686317e-01
3.875000e-12,4.977604e-05,5.946908e-05,5.830231e-05,4.213619e-05,4.210513e-01,4.591473e-01,4.505523e-01,3.718431e-01
3.900000e-12,4.958592e-05,5.923416e-05,5.800549e-05,4.185621e-05,4.248250e-01,4.636550e-01,4.549690e-01,3.750333e-01
3.925000e-12,4.938756e-05,5.895619e-05,5.766514e-05,4.157845e-05,4.285841e-01,4.681432e-01,4.593615e-01,3.782023e-01
3.950000e-12,4.918254e-05,5.863717e-05,5.728353e-05,4.130480e-05,4.323278e-01,4.726088e-01,4.637266e-01,3.813504e-01
3.975000e-12,4.897242e-05,5.827925e-05,5.686309e-05,4.103708e-05,4.360558e-01,4.770487e-01,4.680614e-01,3.844780e-01
4.000000e-12,4.875875e-05,5.788469e-05,5.640637e-05,4.077704e-05,4.397677e-01,4.814601e-01,4.723628e-01,3.875856e-01
4.025000e-12,4.854306e-05,5.745593e-05,5.591606e-05,4.052634e-05,4.434633e-01,4.858403e-01,4.766283e-01,3.906738e-01
4.050000e-12,4.832682e-05,5.699547e-05,5.539497e-05,4.028655e-05,4.471426e-01,4.901867e-01,4.808555e-01,3.937434e-01
4.075000e-12,4.811148e-05,5.650596e-05,5.484600e-05,4.005912e-05,4.508054e-01,4.944971e-01,4.850421e-01,3.967952e-01
4.100000e-12,4.789845e-05,5.599009e-05,5.427214e-05,3.984544e-05,4.544521e-01,4.987694e-01,4.891861e-01,3.998304e-01
4.125000e-12,4.768906e-05,5.545068e-05,5.367646e-05,3.964676e-05,4.580827e-01,5.030016e-01,4.932857e-01,4.028499e-01
4.150000e-12,4.748462e-05,5.489059e-05,5.306208e-05,3.946423e-05,4.616977e-01,5.071921e-01,4.973394e-01,4.058550e-01
4.175000e-12,4.728635e-05,5.431273e-05,5.243218e-05,3.929886e-05,4.652973e-01,5.113395e-01,5.013460e-01,4.088469e-01
4.200000e-12,4.709541e-05,5.372006e-05,5.178995e-05,3.915158e-05,4.688822e-01,5.154424e-01,5.053042e-01,4.118269e-01
4.225000e-12,4.691290e-05,5.311557e-05,5.113864e-05,3.902316e-05,4.724530e-01,5.195000e-01,5.092134e-01,4.147964e-01
4.250000e-12,4.673985e-05,5.250225e-05,5.048145e-05,3.891428e-05,4.760102e-01,5.235113e-01,5.130730e-01,4.177570e-01
4.275000e-12,4.657720e-05,5.188311e-05,4.982161e-05,3.882547e-05,4.795548e-01,5.274759e-01,5.168826e-01,4.207101e-01
4.300000e-12,4.642583e-05,5.126115e-05,4.916232e-05,3.875715e-05,4.830874e-01,5.313934e-01,5.206421e-01,4.236572e-01
4.325000e-12,4.628652e-05,5.063934e-05,4.850674e-05,3.870962e-05,4.866090e-01,5.352638e-01,5.243518e-01,4.265999e-01
4.350000e-12,4.615999e-05,5.002062e-05,4.785797e-05,3.868305e-05,4.901205e-01,5.390870e-01,5.280120e-01,4.295398e-01
4.375000e-12,4.604686e-05,4.940789e-05,4.721907e-05,3.867750e-05,4.936229e-01,5.428636e-01,5.316234e-01,4.324784e-01
4.400000e-12,4.594769e-05,4.880399e-05,4.659301e-05,3.869290e-05,4.971173e-01,5.465940e-01,5.351867e-01,4.354175e-01
4.425000e-12,4.586294e-05,4.821169e-05,4.598268e-05,3.872909e-05,5.006047e-01,5.502790e-01,5.387032e-01,4.383585e-01
4.450000e-12,4.579300e-05,4.763369e-05,4.539089e-05,3.878578e-05,5.040862e-01,5.539196e-01,5.421740e-01,4.413031e-01
4.475000e-12,4.573818e-05,4.707259e-05,4.482032e-05,3.886258e-05,5.075630e-01,5.575170e-01,5.456008e-01,4.442527e-01
4.500000e-12,4.569870e-05,4.653093e-05,4.427353e-05,3.895902e-05,5.110362e-01,5.610726e-01,5.489851e-01,4.472088e-01
4.525000e-12,4.567471e-05,4.601109e-05,4.375299e-05,3.907451e-05,5.145070e-01,5.645879e-01,5.523290e-01,4.501730e-01
4.550000e-12,4.566628e-05,4.551538e-05,4.326100e-05,3.920838e-05,5.179766e-01,5.680646e-01,5.556345e-01,4.531467e-01
4.575000e-12,4.567342e-05,4.504597e-05,4.279973e-05,3.935989e-05,5.214461e-01,5.715048e-01,5.589037e-01,4.561312e-01
4.600000e-12,4.569606e-05,4.460491e-05,4.237120e-05,3.952820e-05,5.249168e-01,5.749104e-01,5.621393e-01,4.591278e-01
4.625000e-12,4.573406e-05,4.419410e-05,4.197727e-05,3.971244e-05,5.283897e-01,5.782837e-01,5.653436e-01,4.621378e-01
4.650000e-12,4.578721e-05,4.381532e-05,4.161964e-05,3.991163e-05,5.318662e-01,5.816270e-01,5.685194e-01,4.651624e-01
4.675000e-12,4.585527e-05,4.347018e-05,4.129985e-05,4.012478e-05,5.353472e-01,5.849429e-01,5.716696e-01,4.682026e-01
4.700000e-12,4.593790e-05,4.316015e-05,4.101924e-05,4.035083e-05,5.388339e-01,5.882339e-01,5.747969e-01,4.712594e-01
4.725000e-12,4.603475e-05,4.288655e-05,4.077901e-05,4.058867e-05,5.423275e-01,5.915028e-01,5.779045e-01,4.743339e-01
4.750000e-12,4.614537e-05,4.265055e-05,4.058016e-05,4.083719e-05,5.458289e-01,5.947523e-01,5.809954e-01,4.774268e-01
4.775000e-12,4.626932e-05,4.245312e-05,4.042352e-05,4.109522e-05,5.493392e-01,5.979854e-01,5.840729e-01,4.805389e-01
4.800000e-12,4.640608e-05,4.229511e-05,4.030972e-05,4.136160e-05,5.528594e-01,6.012051e-01,5.871401e-01,4.836709e-01
4.825000e-12,4.655510e-05,4.217718e-05,4.023922e-05,4.163515e-05,5.563905e-01,6.044142e-01,5.902003e-01,4.868234e-01
4.850000e-12,4.671580e-05,4.209984e-05,4.021230e-05,4.191468e-05,5.599333e-01,6.076160e-01,5.932568e-01,4.899969e-01
4.875000e-12,4.688759e-05,4.206343e-05,4.022907e-05,4.219902e-05,5.634887e-01,6.108134e-01,5.963129e-01,4.931918e-01
4.900000e-12,4.706983e-05,4.206812e-05,4.028943e-05,4.248700e-05,5.670576e-01,6.140096e-01,5.993720e-01,4.964084e-01
4.925000e-12,4.726186e-05,4.211391e-05,4.039312e-05,4.277747e-05,5.706407e-01,6.172078e-01,6.024373e-01,4.996470e-01
4.950000e-12,4.746303e-05,4.220067e-05,4.053971e-05,4.306930e-05,5.742387e-01,6.204110e-01,6.055120e-01,5.029076e-01
4.975000e-12,4.767266e-05,4.232809e-05,4.072861e-05,4.336140e-05,5.778522e-01,6.236223e-01,6.085996e-01,5.061904e-01
5.000000e-12,4.789006e-05,4.249570e-05,4.095904e-05,4.365271e-05,5.814820e-01,6.268448e-01,6.117030e-01,5.094953e-01
5.025000e-12,4.804881e-05,4.263081e-05,4.115834e-05,4.387768e-05,5.851253e-01,6.300779e-01,6.148218e-01,5.128190e-01
5.050000e-12,4.812647e-05,4.270892e-05,4.130179e-05,4.401412e-05,5.887769e-01,6.333185e-01,6.179530e-01,5.161559e-01
5.075000e-12,4.811548e-05,4.272160e-05,4.138070e-05,4.405448e-05,5.924308e-01,6.365622e-01,6.210924e-01,5.194992e-01
5.100000e-12,4.801349e-05,4.266598e-05,4.139190e-05,4.399645e-05,5.960803e-01,6.398041e-01,6.242350e-01,5.228417e-01
5.125000e-12,4.782017e-05,4.254120e-05,4.133419e-05,4.383979e-05,5.997185e-01,6.430392e-01,6.273758e-01,5.261761e-01
5.150000e-12,4.753618e-05,4.234724e-05,4.120725e-05,4.358527e-05,6.033386e-01,6.462621e-01,6.305096e-01,5.294948e-01
5.175000e-12,4.716277e-05,4.208454e-05,4.101118e-05,4.323435e-05,6.069337e-01,6.494676e-01,6.336311e-01,5.327905e-01
5.200000e-12,4.670165e-05,4.175383e-05,4.074642e-05,4.278899e-05,6.104971e-01,6.526506e-01,6.367351e-01,5.360560e-01
5.225000e-12,4.615495e-05,4.135611e-05,4.041367e-05,4.225163e-05,6.140223e-01,6.558060e-01,6.398164e-01,5.392842e-01
5.250000e-12,4.552518e-05,4.089262e-05,4.001386e-05,4.162517e-05,6.175029e-01,6.589287e-01,6.428698e-01,5.424683e-01
5.275000e-12,4.481522e-05,4.036482e-05,3.954817e-05,4.091293e-05,6.209326e-01,6.620138e-01,6.458905e-01,5.456015e-01
5.300000e-12,4.402827e-05,3.977440e-05,3.901800e-05,4.011860e-05,6.243056e-01,6.650564e-01,6.488733e-01,5.486777e-01
5.325000e-12,4.316785e-05,3.912322e-05,3.842496e-05,3.924626e-05,6.276160e-01,6.680519e-01,6.518135e-01,5.516906e-01
5.350000e-12,4.223777e-05,3.841336e-05,3.777087e-05,3.830032e-05,6.308585e-01,6.709957e-01,6.547064e-01,5.546345e-01
5.375000e-12,4.124212e-05,3.764707e-05,3.705776e-05,3.728550e-05,6.340279e-01,6.738835e-01,6.575474e-01,5.575040e-01
5.400000e-12,4.018520e-05,3.682676e-05,3.628783e-05,3.620683e-05,6.371195e-01,6.767111e-01,6.603321e-01,5.602941e-01
5.425000e-12,3.907158e-05,3.595503e-05,3.546346e-05,3.506956e-05,6.401286e-01,6.794745e-01,6.630563e-01,5.630001e-01
5.450000e-12,3.790596e-05,3.503459e-05,3.458720e-05,3.387921e-05,6.430514e-01,6.821698e-01,6.657159e-01,5.656179e-01
5.475000e-12,3.669327e-05,3.406831e-05,3.366176e-05,3.264144e-05,6.458838e-01,6.847936e-01,6.683071e-01,5.681435e-01
5.500000e-12,3.543852e-05,3.305917e-05,3.268998e-05,3.136212e-05,6.486227e-01,6.873424e-01,6.708264e-01,5.705736e-01
5.525000e-12,3.414689e-05,3.201027e-05,3.167484e-05,3.004722e-05,6.512649e-01,6.898130e-01,6.732702e-01,5.729053e-01
5.550000e-12,3.282360e-05,3.092482e-05,3.061946e-05,2.870283e-05,6.538079e-01,6.922027e-01,6.756355e-01,5.751361e-01
5.575000e-12,3.147397e-05,2.980608e-05,2.952704e-05,2.733509e-05,6.562495e-01,6.945087e-01,6.779192e-01,5.772640e-01
5.600000e-12,3.010333e-05,2.865743e-05,2.840091e-05,2.595019e-05,6.585878e-01,6.967286e-01,6.801187e-01,5.792875e-01
5.625000e-12,2.871704e-05,2.748229e-05,2.724445e-05,2.455431e-05,6.608216e-01,6.988604e-01,6.822316e-01,5.812055e-01
5.650000e-12,2.732043e-05,2.628412e-05,2.606115e-05,2.315363e-05,6.629497e-01,7.009020e-01,6.842557e-01,5.830174e-01
5.675000e-12,2.591880e-05,2.506645e-05,2.485454e-05,2.175423e-05,6.649717e-01,7.028520e-01,6.861891e-01,5.847230e-01
5.700000e-12,2.451739e-05,2.383280e-05,2.362821e-05,2.036214e-05,6.668873e-01,7.047090e-01,6.880302e-01,5.863227e-01
5.725000e-12,2.312135e-05,2.258675e-05,2.238579e-05,1.898327e-05,6.686967e-01,7.064718e-01,6.897775e-01,5.878173e-01
5.750000e-12,2.173574e-05,2.133185e-05,2.113095e-05,1.762337e-05,6.704006e-01,7.081397e-01,6.914301e-01,5.892080e-01
5.775000e-12,2.036547e-05,2.007166e-05,1.986734e-05,1.628803e-05,6.720000e-01,7.097121e-01,6.929871e-01,5.904964e-01
5.800000e-12,1.901531e-05,1.880970e-05,1.859865e-05,1.498266e-05,6.734961e-01,7.111888e-01,6.944479e-01,5.916847e-01
5.825000e-12,1.768989e-05,1.754950e-05,1.732854e-05,1.371244e-05,6.748906e-01,7.125698e-01,6.958124e-01,5.927752e-01
5.850000e-12,1.639360e-05,1.629452e-05,1.606066e-05,1.248230e-05,6.761857e-01,7.138553e-01,6.970806e-01,5.937708e-01
5.875000e-12,1.513069e-05,1.504818e-05,1.479865e-05,1.129692e-05,6.773836e-01,7.150459e-01,6.982528e-01,5.946748e-01
5.900000e-12,1.390516e-05,1.381385e-05,1.354606e-05,1.016071e-05,6.784871e-01,7.161423e-01,6.993295e-01,5.954907e-01
5.925000e-12,1.272079e-05,1.259481e-05,1.230644e-05,9.077757e-06,6.794991e-01,7.171456e-01,7.003116e-01,5.962224e-01
5.950000e-12,1.158111e-05,1.139428e-05,1.108324e-05,8.051851e-06,6.804230e-01,7.180571e-01,7.012003e-01,5.968740e-01
5.975000e-12,1.048939e-05,1.021538e-05,9.879861e-06,7.086449e-06,6.812621e-01,7.188783e-01,7.019969e-01,5.974501e-01
6.000000e-12,9.448664e-06,9.061163e-06,8.699613e-06,6.184664e-06,6.820204e-01,7.196109e-01,7.027030e-01,5.979553e-01
6.025000e-12,8.461661e-06,7.934543e-06,7.545711e-06,5.349262e-06,6.827016e-01,7.202569e-01,7.033204e-01,5.983947e-01
6.050000e-12,7.530844e-06,6.838342e-06,6.421272e-06,4.582643e-06,6.833101e-01,7.208185e-01,7.038515e-01,5.987732e-01
6.075000e-12,6.658386e-06,5.775257e-06,5.329301e-06,3.886842e-06,6.838501e-01,7.212982e-01,7.042984e-01,5.990962e-01
6.100000e-12,5.846167e-06,4.747862e-06,4.272682e-06,3.263522e-06,6.843262e-01,7.216986e-01,7.046637e-01,5.993691e-01
6.125000e-12,5.095771e-06,3.758597e-06,3.254172e-06,2.713970e-06,6.847429e-01,7.220224e-01,7.049503e-01,5.995975e-01
6.150000e-12,4.408488e-06,2.809763e-06,2.276391e-06,2.239093e-06,6.851051e-01,7.222726e-01,7.051611e-01,5.997871e-01
6.175000e-12,3.785307e-06,1.903517e-06,1.341815e-06,1.839427e-06,6.854175e-01,7.224524e-01,7.052993e-01,5.999434e-01
6.200000e-12,3.226922e-06,1.041865e-06,4.527695e-07,1.515129e-06,6.856851e-01,7.225651e-01,7.053683e-01,6.000722e-01
6.225000e-12,2.733730e-06,2.266590e-07,-3.885793e-07,1.265990e-06,6.859127e-01,7.226141e-01,7.053716e-01,6.001793e-01
6.250000e-12,2.305837e-06,-5.404081e-07,-1.180229e-06,1.091438e-06,6.861053e-01,7.226031e-01,7.053130e-01,6.002703e-01
6.275000e-12,1.943064e-06,-1.257807e-06,-1.920347e-06,9.905420e-07,6.862680e-01,7.225357e-01,7.051962e-01,6.003507e-01
6.300000e-12,1.644948e-06,-1.924177e-06,-2.607277e-06,9.620292e-07,6.864055e-01,7.224158e-01,7.050252e-01,6.004263e-01
6.325000e-12,1.410754e-06,-2.538323e-06,-3.239544e-06,1.004290e-06,6.865228e-01,7.222473e-01,7.048041e-01,6.005023e-01
6.350000e-12,1.239480e-06,-3.099227e-06,-3.815856e-06,1.115394e-06,6.866246e-01,7.220342e-01,7.045372e-01,6.005842e-01
6.375000e-12,1.129868e-06,-3.606042e-06,-4.335112e-06,1.293102e-06,6.867158e-01,7.217805e-01,7.042287e-01,6.006769e-01
6.400000e-12,1.080412e-06,-4.058099e-06,-4.796399e-06,1.534884e-06,6.868009e-01,7.214905e-01,7.038830e-01,6.007856e-01
6.425000e-12,1.089374e-06,-4.454903e-06,-5.199003e-06,1.837934e-06,6.868844e-01,7.211682e-01,7.035044e-01,6.009149e-01
6.450000e-12,1.154791e-06,-4.796140e-06,-5.542403e-06,2.199189e-06,6.869708e-01,7.208179e-01,7.030976e-01,6.010693e-01
6.475000e-12,1.274490e-06,-5.081670e-06,-5.826279e-06,2.615347e-06,6.870641e-01,7.204437e-01,7.026669e-01,6.012533e-01
6.500000e-12,1.446101e-06,-5.311532e-06,-6.050506e-06,3.082890e-06,6.871684e-01,7.200500e-01,7.022169e-01,6.014707e-01
6.525000e-12,1.667075e-06,-5.485940e-06,-6.215160e-06,3.598101e-06,6.872876e-01,7.196410e-01,7.017522e-01,6.017254e-01
6.550000e-12,1.934694e-06,-5.605281e-06,-6.320515e-06,4.157090e-06,6.874253e-01,7.192208e-01,7.012772e-01,6.020208e-01
6.575000e-12,2.246089e-06,-5.670115e-06,-6.367043e-06,4.755813e-06,6.875850e-01,7.187936e-01,7.007964e-01,6.023602e-01
6.600000e-12,2.598255e-06,-5.681170e-06,-6.355409e-06,5.390095e-06,6.877698e-01,7.183634e-01,7.003143e-01,6.027462e-01
6.625000e-12,2.988070e-06,-5.639342e-06,-6.286472e-06,6.055656e-06,6.879827e-01,7.179345e-01,6.998352e-01,6.031816e-01
6.650000e-12,3.412309e-06,-5.545687e-06,-6.161282e-06,6.748130e-06,6.882265e-01,7.175106e-01,6.993635e-01,6.036685e-01
6.675000e-12,3.867660e-06,-5.401421e-06,-5.981073e-06,7.463095e-06,6.885036e-01,7.170958e-01,6.989034e-01,6.042087e-01
6.700000e-12,4.350746e-06,-5.207912e-06,-5.747261e-06,8.196089e-06,6.888163e-01,7.166938e-01,6.984590e-01,6.048038e-01
6.725000e-12,4.858136e-06,-4.966677e-06,-5.461438e-06,8.942638e-06,6.891666e-01,7.163083e-01,6.980342e-01,6.054551e-01
6.750000e-12,5.386365e-06,-4.679377e-06,-5.125368e-06,9.698280e-06,6.895561e-01,7.159428e-01,6.976331e-01,6.061633e-01
6.775000e-12,5.931951e-06,-4.347807e-06,-4.740977e-06,1.045858e-05,6.899864e-01,7.156008e-01,6.972593e-01,6.069290e-01
6.800000e-12,6.491410e-06,-3.973893e-06,-4.310350e-06,1.121918e-05,6.904585e-01,7.152855e-01,6.969164e-01,6.077524e-01
6.825000e-12,7.061273e-06,-3.559684e-06,-3.835721e-06,1.197576e-05,6.909735e-01,7.150002e-01,6.966079e-01,6.086334e-01
6.850000e-12,7.638105e-06,-3.107347e-06,-3.319466e-06,1.272412e-05,6.915320e-01,7.147477e-01,6.963369e-01,6.095714e-01
6.875000e-12,8.218513e-06,-2.619153e-06,-2.764093e-06,1.346020e-05,6.921343e-01,7.145309e-01,6.961066e-01,6.105658e-01
6.900000e-12,8.799170e-06,-2.097475e-06,-2.172236e-06,1.418003e-05,6.927807e-01,7.143524e-01,6.959199e-01,6.116153e-01
6.925000e-12,9.376823e-06,-1.544779e-06,-1.546641e-06,1.487983e-05,6.934711e-01,7.142147e-01,6.957793e-01,6.127187e-01
6.950000e-12,9.948309e-06,-9.636111e-07,-8.901578e-07,1.555598e-05,6.942050e-01,7.141200e-01,6.956873e-01,6.138743e-01
6.975000e-12,1.051057e-05,-3.565934e-07,-2.057323e-07,1.620505e-05,6.949819e-01,7.140704e-01,6.956463e-01,6.150802e-01
7.000000e-12,1.106065e-05,2.735883e-07,5.036088e-07,1.682382e-05,6.958010e-01,7.140677e-01,6.956581e-01,6.163341e-01
7.025000e-12,1.159575e-05,9.241926e-07,1.234767e-06,1.740926e-05,6.966613e-01,7.141136e-01,6.957245e-01,6.176337e-01
7.050000e-12,1.211317e-05,1.592432e-06,1.984583e-06,1.795859e-05,6.975615e-01,7.142095e-01,6.958472e-01,6.189764e-01
7.075000e-12,1.261039e-05,2.275484e-06,2.749850e-06,1.846928e-05,6.985002e-01,7.143567e-01,6.960274e-01,6.203593e-01
7.100000e-12,1.308502e-05,2.970498e-06,3.527324e-06,1.893901e-05,6.994757e-01,7.145562e-01,6.962660e-01,6.217794e-01
7.125000e-12,1.353486e-05,3.674609e-06,4.313737e-06,1.936575e-05,7.004863e-01,7.148088e-01,6.965641e-01,6.232334e-01
7.150000e-12,1.395786e-05,4.384944e-06,5.105809e-06,1.974771e-05,7.015301e-01,7.151151e-01,6.969220e-01,6.247182e-01
7.175000e-12,1.435214e-05,5.098635e-06,5.900259e-06,2.008338e-05,7.026048e-01,7.154754e-01,6.973401e-01,6.262302e-01
7.200000e-12,1.471604e-05,5.812825e-06,6.693820e-06,2.037151e-05,7.037083e-01,7.158899e-01,6.978184e-01,6.277658e-01
7.225000e-12,1.504805e-05,6.524682e-06,7.483247e-06,2.061111e-05,7.048382e-01,7.163585e-01,6.983568e-01,6.293215e-01
7.250000e-12,1.534685e-05,7.231407e-06,8.265334e-06,2.080149e-05,7.059920e-01,7.168809e-01,6.989549e-01,6.308935e-01
7.275000e-12,1.561134e-05,7.930241e-06,9.036920e-06,2.094221e-05,7.071672e-01,7.174566e-01,6.996119e-01,6.324781e-01
7.300000e-12,1.584058e-05,8.618477e-06,9.794908e-06,2.103309e-05,7.083612e-01,7.180850e-01,7.003269e-01,6.340714e-01
7.325000e-12,1.603383e-05,9.293472e-06,1.053627e-05,2.107424e-05,7.095711e-01,7.187651e-01,7.010989e-01,6.356698e-01
7.350000e-12,1.619057e-05,9.952649e-06,1.125806e-05,2.106599e-05,7.107944e-01,7.194958e-01,7.019263e-01,6.372694e-01
7.375000e-12,1.631042e-05,1.059351e-05,1.195742e-05,2.100896e-05,7.120281e-01,7.202759e-01,7.028077e-01,6.388666e-01
7.400000e-12,1.639322e-05,1.121364e-05,1.263161e-05,2.090398e-05,7.132696e-01,7.211038e-01,7.037411e-01,6.404576e-01
7.425000e-12,1.643899e-05,1.181073e-05,1.327800e-05,2.075215e-05,7.145159e-01,7.219778e-01,7.047247e-01,6.420388e-01
7.450000e-12,1.644793e-05,1.238255e-05,1.389407e-05,2.055476e-05,7.157643e-01,7.228963e-01,7.057562e-01,6.436069e-01
7.475000e-12,1.642039e-05,1.292701e-05,1.447744e-05,2.031332e-05,7.170120e-01,7.238571e-01,7.068332e-01,6.451582e-01
7.500000e-12,1.635691e-05,1.344211e-05,1.502588e-05,2.002957e-05,7.182562e-01,7.248581e-01,7.079532e-01,6.466897e-01
7.525000e-12,1.625820e-05,1.392597e-05,1.553730e-05,1.970540e-05,7.194943e-01,7.258970e-01,7.091133e-01,6.481981e-01
7.550000e-12,1.612510e-05,1.437687e-05,1.600976e-05,1.934291e-05,7.207236e-01,7.269714e-01,7.103108e-01,6.496805e-01
7.575000e-12,1.595861e-05,1.479318e-05,1.644149e-05,1.894434e-05,7.219416e-01,7.280787e-01,7.115426e-01,6.511340e-01
7.600000e-12,1.575987e-05,1.517344e-05,1.683088e-05,1.851207e-05,7.231457e-01,7.292162e-01,7.128056e-01,6.525560e-01
7.625000e-12,1.553014e-05,1.551631e-05,1.717651e-05,1.804863e-05,7.243335e-01,7.303811e-01,7.140964e-01,6.539440e-01
7.650000e-12,1.527081e-05,1.582062e-05,1.747713e-05,1.755667e-05,7.255028e-01,7.315706e-01,7.154118e-01,6.552958e-01
7.675000e-12,1.498337e-05,1.608531e-05,1.773165e-05,1.703891e-05,7.266514e-01,7.327817e-01,7.167482e-01,6.566093e-01
7.700000e-12,1.466943e-05,1.630952e-05,1.793921e-05,1.649818e-05,7.277771e-01,7.340114e-01,7.181021e-01,6.578826e-01
7.725000e-12,1.433066e-05,1.649249e-05,1.809910e-05,1.593738e-05,7.288781e-01,7.352565e-01,7.194700e-01,6.591142e-01
7.750000e-12,1.396884e-05,1.663367e-05,1.821081e-05,1.535943e-05,7.299525e-01,7.365139e-01,7.208482e-01,6.603025e-01
7.775000e-12,1.358580e-05,1.673262e-05,1.827401e-05,1.476731e-05,7.309987e-01,7.377804e-01,7.222331e-01,6.614465e-01
7.800000e-12,1.318345e-05,1.678907e-05,1.828859e-05,1.416403e-05,7.320150e-01,7.390528e-01,7.236209e-01,6.625451e-01
7.825000e-12,1.276373e-05,1.680292e-05,1.825459e-05,1.355256e-05,7.330002e-01,7.403279e-01,7.250079e-01,6.635977e-01
7.850000e-12,1.232861e-05,1.677422e-05,1.817226e-05,1.293590e-05,7.339530e-01,7.416024e-01,7.263906e-01,6.646036e-01
7.875000e-12,1.188013e-05,1.670315e-05,1.804204e-05,1.231701e-05,7.348722e-01,7.428731e-01,7.277651e-01,6.655627e-01
7.900000e-12,1.142030e-05,1.659006e-05,1.786453e-05,1.169878e-05,7.357569e-01,7.441368e-01,7.291280e-01,6.664748e-01
7.925000e-12,1.095116e-05,1.643547e-05,1.764053e-05,1.108407e-05,7.366064e-01,7.453904e-01,7.304757e-01,6.673402e-01
7.950000e-12,1.047474e-05,1.624000e-05,1.737102e-05,1.047567e-05,7.374201e-01,7.466307e-01,7.318046e-01,6.681592e-01
7.975000e-12,9.993068e-06,1.600445e-05,1.705711e-05,9.876265e-06,7.381974e-01,7.478546e-01,7.331114e-01,6.689323e-01
8.000000e-12,9.508140e-06,1.572975e-05,1.670013e-05,9.288458e-06,7.389380e-01,7.490592e-01,7.343927e-01,6.696604e-01
8.025000e-12,9.021922e-06,1.541696e-05,1.630152e-05,8.714738e-06,7.396417e-01,7.502415e-01,7.356454e-01,6.703445e-01
8.050000e-12,8.536342e-06,1.506727e-05,1.586291e-05,8.157473e-06,7.403086e-01,7.513986e-01,7.368662e-01,6.709856e-01
8.075000e-12,8.053279e-06,1.468201e-05,1.538605e-05,7.618901e-06,7.409387e-01,7.525278e-01,7.380524e-01,6.715851e-01
8.100000e-12,7.574553e-06,1.426260e-05,1.487283e-05,7.101118e-06,7.415324e-01,7.536266e-01,7.392010e-01,6.721446e-01
8.125000e-12,7.101925e-06,1.381061e-05,1.432528e-05,6.606076e-06,7.420899e-01,7.546922e-01,7.403093e-01,6.726656e-01
8.150000e-12,6.637080e-06,1.332768e-05,1.374554e-05,6.135566e-06,7.426119e-01,7.557223e-01,7.413748e-01,6.731500e-01
8.175000e-12,6.181631e-06,1.281559e-05,1.313587e-05,5.691220e-06,7.430989e-01,7.567147e-01,7.423952e-01,6.735997e-01
8.200000e-12,5.737102e-06,1.227618e-05,1.249863e-05,5.274500e-06,7.435518e-01,7.576672e-01,7.433683e-01,6.740167e-01
8.225000e-12,5.304934e-06,1.171139e-05,1.183627e-05,4.886695e-06,7.439714e-01,7.585778e-01,7.442921e-01,6.744032e-01
8.250000e-12,4.886471e-06,1.112326e-05,1.115131e-05,4.528919e-06,7.443587e-01,7.594447e-01,7.451648e-01,6.747614e-01
8.275000e-12,4.482960e-06,1.051386e-05,1.044637e-05,4.202103e-06,7.447149e-01,7.602660e-01,7.459847e-01,6.750936e-01
8.300000e-12,4.095547e-06,9.885356e-06,9.724106e-06,3.907002e-06,7.450410e-01,7.610405e-01,7.467504e-01,6.754022e-01
8.325000e-12,3.725273e-06,9.239962e-06,8.987242e-06,3.644185e-06,7.453384e-01,7.617665e-01,7.474608e-01,6.756896e-01
8.350000e-12,3.373074e-06,8.579935e-06,8.238535e-06,3.414041e-06,7.456083e-01,7.624431e-01,7.481148e-01,6.759583e-01
8.375000e-12,3.039774e-06,7.907576e-06,7.480771e-06,3.216779e-06,7.458522e-01,7.630690e-01,7.487117e-01,6.762107e-01
8.400000e-12,2.726089e-06,7.225215e-06,6.716757e-06,3.052431e-06,7.460716e-01,7.636436e-01,7.492508e-01,6.764495e-01
8.425000e-12,2.432622e-06,6.535208e-06,5.949307e-06,2.920851e-06,7.462679e-01,7.641661e-01,7.497318e-01,6.766770e-01
8.450000e-12,2.159868e-06,5.839921e-06,5.181231e-06,2.821724e-06,7.464427e-01,7.646360e-01,7.501545e-01,6.768957e-01
8.475000e-12,1.908209e-06,5.141730e-06,4.415327e-06,2.754569e-06,7.465976e-01,7.650530e-01,7.505190e-01,6.771081e-01
8.500000e-12,1.677915e-06,4.443006e-06,3.654367e-06,2.718741e-06,7.467342e-01,7.654170e-01,7.508256e-01,6.773166e-01
8.525000e-12,1.469152e-06,3.746110e-06,2.901087e-06,2.713445e-06,7.468542e-01,7.657280e-01,7.510747e-01,6.775235e-01
8.550000e-12,1.281977e-06,3.053386e-06,2.158181e-06,2.737736e-06,7.469591e-01,7.659864e-01,7.512670e-01,6.777311e-01
8.575000e-12,1.116342e-06,2.367147e-06,1.428282e-06,2.790529e-06,7.470506e-01,7.661923e-01,7.514034e-01,6.779417e-01
8.600000e-12,9.720988e-07,1.689673e-06,7.139625e-07,2.870610e-06,7.471303e-01,7.663466e-01,7.514851e-01,6.781572e-01
8.625000e-12,8.490016e-07,1.023202e-06,1.771641e-08,2.976641e-06,7.471999e-01,7.664498e-01,7.515132e-01,6.783798e-01
8.650000e-12,7.467099e-07,3.699180e-07,-6.580456e-07,3.107172e-06,7.472609e-01,7.665029e-01,7.514892e-01,6.786114e-01
8.675000e-12,6.647931e-07,-2.680509e-07,-1.311006e-06,3.260649e-06,7.473149e-01,7.665071e-01,7.514149e-01,6.788537e-01
8.700000e-12,6.027353e-07,-8.886433e-07,-1.938951e-06,3.435428e-06,7.473634e-01,7.664635e-01,7.512919e-01,6.791084e-01
8.725000e-12,5.599397e-07,-1.489870e-06,-2.539774e-06,3.629780e-06,7.474080e-01,7.663735e-01,7.511223e-01,6.793771e-01
8.750000e-12,5.357339e-07,-2.069822e-06,-3.111489e-06,3.841908e-06,7.474499e-01,7.662387e-01,7.509082e-01,6.796613e-01
8.775000e-12,5.293754e-07,-2.626676e-06,-3.652233e-06,4.069953e-06,7.474907e-01,7.660607e-01,7.506518e-01,6.799621e-01
8.800000e-12,5.400571e-07,-3.158701e-06,-4.160275e-06,4.312008e-06,7.475317e-01,7.658414e-01,7.503557e-01,6.802808e-01
8.825000e-12,5.669132e-07,-3.664262e-06,-4.634022e-06,4.566131e-06,7.475740e-01,7.655827e-01,7.500223e-01,6.806182e-01
8.850000e-12,6.090251e-07,-4.141830e-06,-5.072024e-06,4.830351e-06,7.476190e-01,7.652868e-01,7.496543e-01,6.809753e-01
8.875000e-12,6.654275e-07,-4.589983e-06,-5.472979e-06,5.102684e-06,7.476677e-01,7.649557e-01,7.492545e-01,6.813528e-01
8.900000e-12,7.351150e-07,-5.007412e-06,-5.835739e-06,5.381145e-06,7.477211e-01,7.645917e-01,7.488257e-01,6.817511e-01
8.925000e-12,8.170476e-07,-5.392927e-06,-6.159310e-06,5.663754e-06,7.477803e-01,7.641973e-01,7.483708e-01,6.821707e-01
8.950000e-12,9.101581e-07,-5.745457e-06,-6.442861e-06,5.948550e-06,7.478462e-01,7.637748e-01,7.478929e-01,6.826118e-01
8.975000e-12,1.013357e-06,-6.064057e-06,-6.685719e-06,6.233603e-06,7.479194e-01,7.633269e-01,7.473950e-01,6.830745e-01
9.000000e-12,1.125541e-06,-6.347909e-06,-6.887378e-06,6.517021e-06,7.480008e-01,7.628562e-01,7.468803e-01,6.835588e-01
9.025000e-12,1.245596e-06,-6.596326e-06,-7.047496e-06,6.796962e-06,7.480911e-01,7.623652e-01,7.463518e-01,6.840644e-01
9.050000e-12,1.372407e-06,-6.808752e-06,-7.165896e-06,7.071644e-06,7.481906e-01,7.618567e-01,7.458128e-01,6.845911e-01
9.075000e-12,1.504859e-06,-6.984765e-06,-7.242567e-06,7.339351e-06,7.483000e-01,7.613335e-01,7.452663e-01,6.851384e-01
9.100000e-12,1.641850e-06,-7.124078e-06,-7.277664e-06,7.598443e-06,7.484197e-01,7.607983e-01,7.447156e-01,6.857056e-01
9.125000e-12,1.782290e-06,-7.226539e-06,-7.271503e-06,7.847364e-06,7.485498e-01,7.602540e-01,7.441638e-01,6.862921e-01
9.150000e-12,1.925108e-06,-7.292131e-06,-7.224562e-06,8.084652e-06,7.486907e-01,7.597032e-01,7.436139e-01,6.868970e-01
9.175000e-12,2.069261e-06,-7.320973e-06,-7.137476e-06,8.308938e-06,7.488424e-01,7.591489e-01,7.430692e-01,6.875194e-01
9.200000e-12,2.213733e-06,-7.313316e-06,-7.011038e-06,8.518960e-06,7.490051e-01,7.585937e-01,7.425326e-01,6.881583e-01
9.225000e-12,2.357546e-06,-7.269545e-06,-6.846187e-06,8.713563e-06,7.491787e-01,7.580405e-01,7.420070e-01,6.888125e-01
9.250000e-12,2.499756e-06,-7.190175e-06,-6.644013e-06,8.891708e-06,7.493632e-01,7.574920e-01,7.414953e-01,6.894809e-01
9.275000e-12,2.639468e-06,-7.075849e-06,-6.405742e-06,9.052470e-06,7.495583e-01,7.569508e-01,7.410004e-01,6.901621e-01
9.300000e-12,2.775828e-06,-6.927335e-06,-6.132737e-06,9.195047e-06,7.497640e-01,7.564196e-01,7.405248e-01,6.908549e-01
9.325000e-12,2.908037e-06,-6.745525e-06,-5.826491e-06,9.318759e-06,7.499798e-01,7.559010e-01,7.400712e-01,6.915577e-01
9.350000e-12,3.035345e-06,-6.531425e-06,-5.488617e-06,9.423049e-06,7.502054e-01,7.553973e-01,7.396421e-01,6.922692e-01
9.375000e-12,3.157059e-06,-6.286158e-06,-5.120842e-06,9.507487e-06,7.504405e-01,7.549111e-01,7.392397e-01,6.929878e-01
9.400000e-12,3.272544e-06,-6.010954e-06,-4.724999e-06,9.571768e-06,7.506846e-01,7.544446e-01,7.388663e-01,6.937121e-01
9.425000e-12,3.381225e-06,-5.707150e-06,-4.303020e-06,9.615713e-06,7.509372e-01,7.540001e-01,7.385239e-01,6.944405e-01
9.450000e-12,3.482587e-06,-5.376178e-06,-3.856928e-06,9.639264e-06,7.511978e-01,7.535796e-01,7.382145e-01,6.951714e-01
9.475000e-12,3.576178e-06,-5.019563e-06,-3.388824e-06,9.642489e-06,7.514657e-01,7.531853e-01,7.379397e-01,6.959034e-01
9.500000e-12,3.661608e-06,-4.638920e-06,-2.900882e-06,9.625571e-06,7.517405e-01,7.528189e-01,7.377012e-01,6.966349e-01
9.525000e-12,3.738552e-06,-4.235940e-06,-2.395337e-06,9.588812e-06,7.520214e-01,7.524823e-01,7.375004e-01,6.973643e-01
9.550000e-12,3.806746e-06,-3.812388e-06,-1.874476e-06,9.532625e-06,7.523078e-01,7.521770e-01,7.373385e-01,6.980902e-01
9.575000e-12,3.865991e-06,-3.370096e-06,-1.340630e-06,9.457532e-06,7.525991e-01,7.519046e-01,7.372167e-01,6.988111e-01
9.600000e-12,3.916148e-06,-2.910954e-06,-7.961597e-07,9.364158e-06,7.528945e-01,7.516663e-01,7.371357e-01,6.995256e-01
9.625000e-12,3.957142e-06,-2.436904e-06,-2.434496e-07,9.253223e-06,7.531934e-01,7.514635e-01,7.370964e-01,7.002324e-01
9.650000e-12,3.988955e-06,-1.949929e-06,3.151043e-07,9.125544e-06,7.534950e-01,7.512972e-01,7.370993e-01,7.009301e-01
9.675000e-12,4.011627e-06,-1.452050e-06,8.771040e-07,8.982017e-06,7.537987e-01,7.511682e-01,7.371447e-01,7.016176e-01
9.700000e-12,4.025257e-06,-9.453157e-07,1.440160e-06,8.823622e-06,7.541038e-01,7.510773e-01,7.372327e-01,7.022936e-01
9.725000e-12,4.029994e-06,-4.317923e-07,2.001899e-06,8.651409e-06,7.544096e-01,7.510251e-01,7.373635e-01,7.029570e-01
9.750000e-12,4.026041e-06,8.644083e-08,2.559979e-06,8.466491e-06,7.547154e-01,7.510121e-01,7.375367e-01,7.036069e-01
9.775000e-12,4.013648e-06,6.073014e-07,3.112093e-06,8.270040e-06,7.550206e-01,7.510385e-01,7.377520e-01,7.042424e-01
9.800000e-12,3.993111e-06,1.128712e-06,3.655982e-06,8.063276e-06,7.553245e-01,7.511045e-01,7.380089e-01,7.048626e-01
9.825000e-12,3.964768e-06,1.648608e-06,4.189441e-06,7.847459e-06,7.556266e-01,7.512100e-01,7.383068e-01,7.054667e-01
9.850000e-12,3.928996e-06,2.164944e-06,4.710331e-06,7.623885e-06,7.559263e-01,7.513548e-01,7.386446e-01,7.060542e-01
9.875000e-12,3.886209e-06,2.675706e-06,5.216588e-06,7.393871e-06,7.562230e-01,7.515386e-01,7.390213e-01,7.066244e-01
9.900000e-12,3.836850e-06,3.178913e-06,5.706226e-06,7.158755e-06,7.565162e-01,7.517608e-01,7.394359e-01,7.071770e-01
9.925000e-12,3.781393e-06,3.672630e-06,6.177349e-06,6.919881e-06,7.568054e-01,7.520209e-01,7.398869e-01,7.077117e-01
9.950000e-12,3.720334e-06,4.154971e-06,6.628157e-06,6.678595e-06,7.570903e-01,7.523180e-01,7.403730e-01,7.082281e-01
9.975000e-12,3.654193e-06,4.624110e-06,7.056953e-06,6.436235e-06,7.573703e-01,7.526512e-01,7.408923e-01,7.087262e-01
1.000000e-11,3.583502e-06,5.078285e-06,7.462147e-06,6.194125e-06,7.576451e-01,7.530194e-01,7.414434e-01,7.092059e-01
1.002500e-11,3.525714e-06,5.516789e-06,7.842324e-06,5.953569e-06,7.579152e-01,7.534216e-01,7.420242e-01,7.096673e-01
1.005000e-11,3.509075e-06,5.939637e-06,8.196224e-06,5.715843e-06,7.581830e-01,7.538564e-01,7.426329e-01,7.101106e-01
1.007500e-11,3.566593e-06,6.347235e-06,8.522731e-06,5.482189e-06,7.584528e-01,7.543228e-01,7.432674e-01,7.105360e-01
1.010000e-11,3.732621e-06,6.740200e-06,8.820868e-06,5.253805e-06,7.587318e-01,7.548196e-01,7.439256e-01,7.109438e-01
1.012500e-11,4.041182e-06,7.119290e-06,9.089796e-06,5.031840e-06,7.590295e-01,7.553457e-01,7.446053e-01,7.113346e-01
1.015000e-11,4.525175e-06,7.485374e-06,9.328813e-06,4.817389e-06,7.593579e-01,7.559002e-01,7.453043e-01,7.117088e-01
1.017500e-11,5.215975e-06,7.839429e-06,9.537363e-06,4.611484e-06,7.597315e-01,7.564820e-01,7.460203e-01,7.120671e-01
1.020000e-11,6.143209e-06,8.182550e-06,9.715032e-06,4.415092e-06,7.601671e-01,7.570903e-01,7.467510e-01,7.124101e-01
1.022500e-11,7.334598e-06,8.515949e-06,9.861554e-06,4.229111e-06,7.606838e-01,7.577244e-01,7.474939e-01,7.127386e-01
1.025000e-11,8.815848e-06,8.840970e-06,9.976813e-06,4.054364e-06,7.613024e-01,7.583835e-01,7.482468e-01,7.130535e-01
1.027500e-11,1.061055e-05,9.159093e-06,1.006084e-05,3.891595e-06,7.620460e-01,7.590670e-01,7.490073e-01,7.133555e-01
1.030000e-11,1.274011e-05,9.471939e-06,1.011382e-05,3.741469e-06,7.629391e-01,7.597745e-01,7.497730e-01,7.136456e-01
1.032500e-11,1.522366e-05,9.781277e-06,1.013608e-05,3.604564e-06,7.640077e-01,7.605057e-01,7.505415e-01,7.139249e-01
1.035000e-11,1.807804e-05,1.008903e-05,1.012811e-05,3.481375e-06,7.652794e-01,7.612604e-01,7.513106e-01,7.141943e-01
1.037500e-11,2.131774e-05,1.039725e-05,1.009052e-05,3.372310e-06,7.667829e-01,7.620384e-01,7.520780e-01,7.144549e-01
1.040000e-11,2.495487e-05,1.070818e-05,1.002409e-05,3.277687e-06,7.685478e-01,7.628401e-01,7.528414e-01,7.147077e-01
1.042500e-11,2.899916e-05,1.102416e-05,9.929741e-06,3.197736e-06,7.706047e-01,7.636656e-01,7.535988e-01,7.149539e-01
1.045000e-11,3.345794e-05,1.134773e-05,9.808512e-06,3.132599e-06,7.729848e-01,7.645154e-01,7.543479e-01,7.151947e-01
1.047500e-11,3.833620e-05,1.168152e-05,9.661588e-06,3.082329e-06,7.757195e-01,7.653903e-01,7.550870e-01,7.154310e-01
1.050000e-11,4.363657e-05,1.202832e-05,9.490285e-06,3.046894e-06,7.788410e-01,7.662911e-01,7.558139e-01,7.156641e-01
1.052500e-11,4.935939e-05,1.239104e-05,9.296037e-06,3.026173e-06,7.823811e-01,7.672188e-01,7.565270e-01,7.158950e-01
1.055000e-11,5.550276e-05,1.277269e-05,9.080398e-06,3.019966e-06,7.863720e-01,7.681749e-01,7.572245e-01,7.161249e-01
1.057500e-11,6.206262e-05,1.317642e-05,8.845035e-06,3.027990e-06,7.908452e-01,7.691609e-01,7.579050e-01,7.163549e-01
1.060000e-11,6.903283e-05,1.360542e-05,8.591719e-06,3.049884e-06,7.958323e-01,7.701786e-01,7.585669e-01,7.165860e-01
1.062500e-11,7.640526e-05,1.406298e-05,8.322318e-06,3.085214e-06,8.013640e-01,7.712300e-01,7.592090e-01,7.168193e-01
1.065000e-11,8.416989e-05,1.455247e-05,8.038792e-06,3.133475e-06,8.074704e-01,7.723174e-01,7.598301e-01,7.170558e-01
1.067500e-11,9.231496e-05,1.507727e-05,7.743181e-06,3.194095e-06,8.141809e-01,7.734434e-01,7.604293e-01,7.172963e-01
1.070000e-11,1.008271e-04,1.564080e-05,7.437602e-06,3.266442e-06,8.215239e-01,7.746109e-01,7.610057e-01,7.175419e-01
1.072500e-11,1.096915e-04,1.624650e-05,7.124237e-06,3.349825e-06,8.295266e-01,7.758228e-01,7.615586e-01,7.177935e-01
1.075000e-11,1.188919e-04,1.689780e-05,6.805324e-06,3.443504e-06,8.382151e-01,7.770825e-01,7.620876e-01,7.180517e-01
1.077500e-11,1.284111e-04,1.759807e-05,6.483152e-06,3.546691e-06,8.476143e-01,7.783936e-01,7.625922e-01,7.183174e-01
1.080000e-11,1.382307e-04,1.835068e-05,6.160044e-06,3.658557e-06,8.577477e-01,7.797599e-01,7.630724e-01,7.185912e-01
1.082500e-11,1.483316e-04,1.915891e-05,5.838359e-06,3.778239e-06,8.686373e-01,7.811856e-01,7.635281e-01,7.188738e-01
1.085000e-11,1.586941e-04,2.002594e-05,5.520471e-06,3.904846e-06,8.803038e-01,7.826750e-01,7.639596e-01,7.191658e-01
1.087500e-11,1.692982e-04,2.095487e-05,5.208769e-06,4.037461e-06,8.927663e-01,7.842327e-01,7.643672e-01,7.194676e-01
1.090000e-11,1.801234e-04,2.194865e-05,4.905640e-06,4.175154e-06,9.060423e-01,7.858635e-01,7.647515e-01,7.197796e-01
1.092500e-11,1.911494e-04,2.301013e-05,4.613465e-06,4.316981e-06,9.201479e-01,7.875723e-01,7.651132e-01,7.201022e-01
1.095000e-11,2.023560e-04,2.414194e-05,4.334607e-06,4.461997e-06,9.350975e-01,7.893645e-01,7.654533e-01,7.204357e-01
1.097500e-11,2.137235e-04,2.534659e-05,4.071402e-06,4.609256e-06,9.509041e-01,7.912456e-01,7.657729e-01,7.207803e-01
1.100000e-11,2.252327e-04,2.662637e-05,3.826150e-06,4.757821e-06,9.675793e-01,7.932210e-01,7.660731e-01,7.211362e-01
1.102500e-11,2.368482e-04,2.798237e-05,3.601049e-06,4.906766e-06,9.851322e-01,7.952966e-01,7.663556e-01,7.215032e-01
1.105000e-11,2.485251e-04,2.941484e-05,3.398202e-06,5.055181e-06,1.003569e+00,7.974780e-01,7.666218e-01,7.218816e-01
1.107500e-11,2.602145e-04,3.092349e-05,3.219634e-06,5.202181e-06,1.022893e+00,7.997712e-01,7.668736e-01,7.222712e-01
1.110000e-11,2.718679e-04,3.250766e-05,3.067284e-06,5.346910e-06,1.043102e+00,8.021819e-01,7.671129e-01,7.226718e-01
1.112500e-11,2.834383e-04,3.416638e-05,2.943009e-06,5.488549e-06,1.064192e+00,8.047157e-01,7.673417e-01,7.230833e-01
1.115000e-11,2.948816e-04,3.589845e-05,2.848571e-06,5.626317e-06,1.086156e+00,8.073783e-01,7.675622e-01,7.235054e-01
1.117500e-11,3.061569e-04,3.770237e-05,2.785632e-06,5.759480e-06,1.108981e+00,8.101752e-01,7.677768e-01,7.239378e-01
1.120000e-11,3.172269e-04,3.957640e-05,2.755747e-06,5.887351e-06,1.132655e+00,8.131117e-01,7.679879e-01,7.243801e-01
1.122500e-11,3.280579e-04,4.151851e-05,2.760353e-06,6.009296e-06,1.157160e+00,8.161931e-01,7.681980e-01,7.248318e-01
1.125000e-11,3.386203e-04,4.352642e-05,2.800762e-06,6.124737e-06,1.182476e+00,8.194245e-01,7.684099e-01,7.252926e-01
1.127500e-11,3.488886e-04,4.559755e-05,2.878159e-06,6.233158e-06,1.208584e+00,8.228108e-01,7.686263e-01,7.257618e-01
1.130000e-11,3.588413e-04,4.772906e-05,2.993589e-06,6.334102e-06,1.235459e+00,8.263567e-01,7.688500e-01,7.262390e-01
1.132500e-11,3.684613e-04,4.991786e-05,3.147956e-06,6.427177e-06,1.263077e+00,8.300666e-01,7.690840e-01,7.267236e-01
1.135000e-11,3.777356e-04,5.216058e-05,3.342017e-06,6.512058e-06,1.291412e+00,8.339448e-01,7.693313e-01,7.272149e-01
1.137500e-11,3.866552e-04,5.445363e-05,3.576378e-06,6.588489e-06,1.320439e+00,8.379952e-01,7.695948e-01,7.277123e-01
1.140000e-11,3.952157e-04,5.679316e-05,3.851487e-06,6.656279e-06,1.350129e+00,8.422214e-01,7.698777e-01,7.282152e-01
1.142500e-11,4.034165e-04,5.917514e-05,4.167638e-06,6.715311e-06,1.380455e+00,8.466269e-01,7.701831e-01,7.287229e-01
1.145000e-11,4.112608e-04,6.159534e-05,4.524964e-06,6.765535e-06,1.411391e+00,8.512148e-01,7.705140e-01,7.292347e-01
1.147500e-11,4.187560e-04,6.404934e-05,4.923435e-06,6.806970e-06,1.442910e+00,8.559877e-01,7.708736e-01,7.297501e-01
1.150000e-11,4.259130e-04,6.653261e-05,5.362861e-06,6.839705e-06,1.474985e+00,8.609480e-01,7.712651e-01,7.302682e-01
1.152500e-11,4.327462e-04,6.904050e-05,5.842891e-06,6.863896e-06,1.507592e+00,8.660978e-01,7.716915e-01,7.307886e-01
1.155000e-11,4.392732e-04,7.156824e-05,6.363012e-06,6.879766e-06,1.540707e+00,8.714388e-01,7.721559e-01,7.313104e-01
1.157500e-11,4.455151e-04,7.411105e-05,6.922553e-06,6.887601e-06,1.574307e+00,8.769722e-01,7.726612e-01,7.318332e-01
1.160000e-11,4.514956e-04,7.666411e-05,7.520687e-06,6.887749e-06,1.608372e+00,8.826992e-01,7.732106e-01,7.323562e-01
1.162500e-11,4.572411e-04,7.922260e-05,8.156435e-06,6.880619e-06,1.642883e+00,8.886202e-01,7.738067e-01,7.328790e-01
1.165000e-11,4.627807e-04,8.178178e-05,8.828668e-06,6.866675e-06,1.677823e+00,8.947354e-01,7.744525e-01,7.334010e-01
1.167500e-11,4.681454e-04,8.433696e-05,9.536114e-06,6.846433e-06,1.713177e+00,9.010449e-01,7.751508e-01,7.339218e-01
1.170000e-11,4.733685e-04,8.688360e-05,1.027736e-05,6.820459e-06,1.748935e+00,9.075480e-01,7.759040e-01,7.344407e-01
1.172500e-11,4.784851e-04,8.941728e-05,1.105087e-05,6.789366e-06,1.785085e+00,9.142440e-01,7.767147e-01,7.349576e-01
1.175000e-11,4.835318e-04,9.193380e-05,1.185498e-05,6.753807e-06,1.821623e+00,9.211317e-01,7.775853e-01,7.354719e-01
1.177500e-11,4.885466e-04,9.442919e-05,1.268789e-05,6.714472e-06,1.858543e+00,9.282098e-01,7.785180e-01,7.359833e-01
1.180000e-11,4.935687e-04,9.689972e-05,1.354772e-05,6.672082e-06,1.895845e+00,9.354763e-01,7.795150e-01,7.364917e-01
1.182500e-11,4.986384e-04,9.934196e-05,1.443248e-05,6.627388e-06,1.933531e+00,9.429294e-01,7.805782e-01,7.369968e-01
1.185000e-11,5.037969e-04,1.017528e-04,1.534008e-05,6.581161e-06,1.971607e+00,9.505668e-01,7.817095e-01,7.374984e-01
1.187500e-11,5.090860e-04,1.041296e-04,1.626836e-05,6.534193e-06,2.010080e+00,9.583859e-01,7.829105e-01,7.379966e-01
1.190000e-11,5.145482e-04,1.064699e-04,1.721508e-05,6.487285e-06,2.048962e+00,9.663842e-01,7.841826e-01,7.384911e-01
1.192500e-11,5.202262e-04,1.087719e-04,1.817796e-05,6.441247e-06,2.088268e+00,9.745587e-01,7.855272e-01,7.389822e-01
1.195000e-11,5.261634e-04,1.110340e-04,1.915466e-05,6.396891e-06,2.128016e+00,9.829066e-01,7.869454e-01,7.394698e-01
1.197500e-11,5.324031e-04,1.132553e-04,2.014280e-05,6.355027e-06,2.168228e+00,9.914247e-01,7.884383e-01,7.399542e-01
1.200000e-11,5.389889e-04,1.154353e-04,2.113999e-05,6.316455e-06,2.208927e+00,1.000110e+00,7.900064e-01,7.404356e-01
1.202500e-11,5.459646e-04,1.175739e-04,2.214381e-05,6.281963e-06,2.250143e+00,1.008959e+00,7.916506e-01,7.409141e-01
1.205000e-11,5.533736e-04,1.196718e-04,2.315186e-05,6.252323e-06,2.291905e+00,1.017969e+00,7.933711e-01,7.413903e-01
1.207500e-11,5.612597e-04,1.217300e-04,2.416175e-05,6.228281e-06,2.334249e+00,1.027138e+00,7.951682e-01,7.418644e-01
1.210000e-11,5.696661e-04,1.237501e-04,2.517112e-05,6.210557e-06,2.377213e+00,1.036461e+00,7.970420e-01,7.423370e-01
1.212500e-11,5.786361e-04,1.257346e-04,2.617762e-05,6.199841e-06,2.420838e+00,1.045936e+00,7.989922e-01,7.428085e-01
1.215000e-11,5.882124e-04,1.276861e-04,2.717901e-05,6.196784e-06,2.465168e+00,1.055560e+00,8.010187e-01,7.432795e-01
1.217500e-11,5.984378e-04,1.296081e-04,2.817305e-05,6.202000e-06,2.510251e+00,1.065332e+00,8.031210e-01,7.437505e-01
1.220000e-11,6.093540e-04,1.315047e-04,2.915764e-05,6.216060e-06,2.556138e+00,1.075249e+00,8.052983e-01,7.442224e-01
1.222500e-11,6.210025e-04,1.333806e-04,3.013073e-05,6.239485e-06,2.602882e+00,1.085310e+00,8.075500e-01,7.446956e-01
1.225000e-11,6.334239e-04,1.352409e-04,3.109038e-05,6.272749e-06,2.650542e+00,1.095512e+00,8.098751e-01,7.451710e-01
1.227500e-11,6.466579e-04,1.370916e-04,3.203477e-05,6.316273e-06,2.699176e+00,1.105855e+00,8.122724e-01,7.456494e-01
1.230000e-11,6.607428e-04,1.389392e-04,3.296222e-05,6.370422e-06,2.748849e+00,1.116339e+00,8.147408e-01,7.461314e-01
1.232500e-11,6.757157e-04,1.407908e-04,3.387117e-05,6.435508e-06,2.799627e+00,1.126964e+00,8.172789e-01,7.466180e-01
1.235000e-11,6.916118e-04,1.426541e-04,3.476022e-05,6.511779e-06,2.851578e+00,1.137730e+00,8.198853e-01,7.471100e-01
1.237500e-11,7.084639e-04,1.445373e-04,3.562811e-05,6.599429e-06,2.904773e+00,1.148638e+00,8.225583e-01,7.476082e-01
1.240000e-11,7.263022e-04,1.464494e-04,3.647377e-05,6.698588e-06,2.959286e+00,1.159691e+00,8.252965e-01,7.481135e-01
1.242500e-11,7.451535e-04,1.483999e-04,3.729630e-05,6.809326e-06,3.015193e+00,1.170890e+00,8.280980e-01,7.486268e-01
1.245000e-11,7.650406e-04,1.503988e-04,3.809499e-05,6.931654e-06,3.072572e+00,1.182240e+00,8.309610e-01,7.491489e-01
1.247500e-11,7.859814e-04,1.524567e-04,3.886932e-05,7.065521e-06,3.131503e+00,1.193744e+00,8.338838e-01,7.496808e-01
1.250000e-11,8.079878e-04,1.545847e-04,3.961898e-05,7.210817e-06,3.192064e+00,1.205407e+00,8.368644e-01,7.502232e-01
1.252500e-11,8.310650e-04,1.567945e-04,4.034385e-05,7.367374e-06,3.254339e+00,1.217235e+00,8.399011e-01,7.507771e-01
1.255000e-11,8.552098e-04,1.590983e-04,4.104404e-05,7.534967e-06,3.318406e+00,1.229235e+00,8.429919e-01,7.513434e-01
1.257500e-11,8.804093e-04,1.615085e-04,4.171988e-05,7.713315e-06,3.384348e+00,1.241414e+00,8.461349e-01,7.519227e-01
1.260000e-11,9.066394e-04,1.640383e-04,4.237189e-05,7.902088e-06,3.452243e+00,1.253781e+00,8.493284e-01,7.525160e-01
1.262500e-11,9.338630e-04,1.667012e-04,4.300087e-05,8.100902e-06,3.522168e+00,1.266346e+00,8.525706e-01,7.531240e-01
1.265000e-11,9.620278e-04,1.695109e-04,4.360778e-05,8.309330e-06,3.594195e+00,1.279118e+00,8.558597e-01,7.537475e-01
1.267500e-11,9.910650e-04,1.724816e-04,4.419385e-05,8.526899e-06,3.668394e+00,1.292111e+00,8.591941e-01,7.543872e-01
1.270000e-11,1.020886e-03,1.756278e-04,4.476051e-05,8.753099e-06,3.744827e+00,1.305336e+00,8.625724e-01,7.550436e-01
1.272500e-11,1.051382e-03,1.789640e-04,4.530943e-05,8.987381e-06,3.823549e+00,1.318807e+00,8.659930e-01,7.557176e-01
1.275000e-11,1.082418e-03,1.825052e-04,4.584249e-05,9.229166e-06,3.904606e+00,1.332540e+00,8.694548e-01,7.564097e-01
1.277500e-11,1.113838e-03,1.862661e-04,4.636176e-05,9.477848e-06,3.988032e+00,1.346551e+00,8.729566e-01,7.571203e-01
1.280000e-11,1.145454e-03,1.902617e-04,4.686956e-05,9.732797e-06,4.073849e+00,1.360856e+00,8.764975e-01,7.578501e-01
1.282500e-11,1.177052e-03,1.945068e-04,4.736836e-05,9.993364e-06,4.162063e+00,1.375475e+00,8.800766e-01,7.585994e-01
1.285000e-11,1.208386e-03,1.990159e-04,4.786084e-05,1.025889e-05,4.252663e+00,1.390426e+00,8.836934e-01,7.593688e-01
1.287500e-11,1.239180e-03,2.038035e-04,4.834987e-05,1.052870e-05,4.345618e+00,1.405731e+00,8.873476e-01,7.601584e-01
1.290000e-11,1.269131e-03,2.088835e-04,4.883845e-05,1.080213e-05,4.440875e+00,1.421411e+00,8.910389e-01,7.609687e-01
1.292500e-11,1.297904e-03,2.142692e-04,4.932976e-05,1.107849e-05,4.538356e+00,1.437489e+00,8.947675e-01,7.617998e-01
1.295000e-11,1.325140e-03,2.199733e-04,4.982709e-05,1.135713e-05,4.637958e+00,1.453988e+00,8.985337e-01,7.626520e-01
1.297500e-11,1.350457e-03,2.260078e-04,5.033386e-05,1.163738e-05,4.739548e+00,1.470933e+00,9.023382e-01,7.635254e-01
1.300000e-11,1.373457e-03,2.323837e-04,5.085356e-05,1.191860e-05,4.842967e+00,1.488350e+00,9.061817e-01,7.644201e-01
1.302500e-11,1.393718e-03,2.391099e-04,5.138972e-05,1.220017e-05,4.948021e+00,1.506265e+00,9.100653e-01,7.653362e-01
1.305000e-11,1.410800e-03,2.461933e-04,5.194590e-05,1.248148e-05,5.054485e+00,1.524704e+00,9.139905e-01,7.662736e-01
1.307500e-11,1.424270e-03,2.536394e-04,5.252563e-05,1.276197e-05,5.162101e+00,1.543696e+00,9.179589e-01,7.672324e-01
1.310000e-11,1.433708e-03,2.614519e-04,5.313248e-05,1.304108e-05,5.270579e+00,1.563267e+00,9.219725e-01,7.682124e-01
1.312500e-11,1.438724e-03,2.696330e-04,5.376999e-05,1.331830e-05,5.379599e+00,1.583445e+00,9.260334e-01,7.692136e-01
1.315000e-11,1.438966e-03,2.781832e-04,5.444165e-05,1.359317e-05,5.488811e+00,1.604259e+00,9.301441e-01,7.702357e-01
1.317500e-11,1.434130e-03,2.871012e-04,5.515089e-05,1.386527e-05,5.597843e+00,1.625737e+00,9.343072e-01,7.712785e-01
1.320000e-11,1.423974e-03,2.963840e-04,5.590109e-05,1.413421e-05,5.706300e+00,1.647905e+00,9.385259e-01,7.723420e-01
1.322500e-11,1.408319e-03,3.060270e-04,5.669548e-05,1.439966e-05,5.813773e+00,1.670793e+00,9.428033e-01,7.734257e-01
1.325000e-11,1.387058e-03,3.160236e-04,5.753720e-05,1.466134e-05,5.919841e+00,1.694426e+00,9.471430e-01,7.745294e-01
1.327500e-11,1.360158e-03,3.263659e-04,5.842925e-05,1.491903e-05,6.024078e+00,1.718832e+00,9.515485e-01,7.756528e-01
1.330000e-11,1.327662e-03,3.370442e-04,5.937446e-05,1.517256e-05,6.126060e+00,1.744036e+00,9.560239e-01,7.767957e-01
1.332500e-11,1.289682e-03,3.480478e-04,6.037552e-05,1.542180e-05,6.225366e+00,1.770063e+00,9.605732e-01,7.779576e-01
1.335000e-11,1.246403e-03,3.593646e-04,6.143492e-05,1.566672e-05,6.321589e+00,1.796938e+00,9.652008e-01,7.791383e-01
1.337500e-11,1.198067e-03,3.709815e-04,6.255499e-05,1.590731e-05,6.414336e+00,1.824683e+00,9.699113e-01,7.803375e-01
1.340000e-11,1.144974e-03,3.828849e-04,6.373785e-05,1.614364e-05,6.503236e+00,1.853322e+00,9.747093e-01,7.815547e-01
1.342500e-11,1.087467e-03,3.950607e-04,6.498545e-05,1.637584e-05,6.587941e+00,1.882875e+00,9.795996e-01,7.827898e-01
1.345000e-11,1.025923e-03,4.074947e-04,6.629953e-05,1.660410e-05,6.668131e+00,1.913362e+00,9.845873e-01,7.840424e-01
1.347500e-11,9.607474e-04,4.201729e-04,6.768166e-05,1.682867e-05,6.743515e+00,1.944803e+00,9.896774e-01,7.853121e-01
1.350000e-11,8.923616e-04,4.330816e-04,6.913321e-05,1.704985e-05,6.813835e+00,1.977216e+00,9.948752e-01,7.865988e-01
1.352500e-11,8.211952e-04,4.462078e-04,7.065537e-05,1.726803e-05,6.878862e+00,2.010617e+00,1.000186e+00,7.879022e-01
1.355000e-11,7.476797e-04,4.595398e-04,7.224916e-05,1.748362e-05,6.938401e+00,2.045023e+00,1.005615e+00,7.892221e-01
1.357500e-11,6.722417e-04,4.730667e-04,7.391544e-05,1.769712e-05,6.992292e+00,2.080449e+00,1.011168e+00,7.905583e-01
1.360000e-11,5.952984e-04,4.867793e-04,7.565490e-05,1.790907e-05,7.040403e+00,2.116909e+00,1.016850e+00,7.919106e-01
1.362500e-11,5.172542e-04,5.006701e-04,7.746810e-05,1.812007e-05,7.082634e+00,2.154417e+00,1.022668e+00,7.932790e-01
1.365000e-11,4.384983e-04,5.147332e-04,7.935548e-05,1.833077e-05,7.118918e+00,2.192987e+00,1.028625e+00,7.946635e-01
1.367500e-11,3.594035e-04,5.289649e-04,8.131734e-05,1.854185e-05,7.149214e+00,2.232632e+00,1.034729e+00,7.960640e-01
1.370000e-11,2.803259e-04,5.433633e-04,8.335389e-05,1.875408e-05,7.173509e+00,2.273364e+00,1.040985e+00,7.974806e-01
1.372500e-11,2.016052e-04,5.579286e-04,8.546529e-05,1.896822e-05,7.191817e+00,2.315196e+00,1.047399e+00,7.989133e-01
1.375000e-11,1.235658e-04,5.726633e-04,8.765161e-05,1.918512e-05,7.204177e+00,2.358141e+00,1.053975e+00,8.003625e-01
1.377500e-11,4.651780e-05,5.875716e-04,8.991287e-05,1.940563e-05,7.210653e+00,2.402212e+00,1.060721e+00,8.018283e-01
1.380000e-11,-2.924086e-05,6.026600e-04,9.224910e-05,1.963065e-05,7.211331e+00,2.447422e+00,1.067641e+00,8.033111e-01
1.382500e-11,-1.034231e-04,6.179364e-04,9.466032e-05,1.986111e-05,7.206319e+00,2.493786e+00,1.074742e+00,8.048111e-01
1.385000e-11,-1.757511e-04,6.334107e-04,9.714657e-05,2.009796e-05,7.195748e+00,2.541318e+00,1.082028e+00,8.063289e-01
1.387500e-11,-2.459544e-04,6.490941e-04,9.970796e-05,2.034218e-05,7.179769e+00,2.590034e+00,1.089507e+00,8.078651e-01
1.390000e-11,-3.137693e-04,6.649989e-04,1.023447e-04,2.059477e-05,7.158552e+00,2.639949e+00,1.097182e+00,8.094201e-01
1.392500e-11,-3.789375e-04,6.811382e-04,1.050569e-04,2.085674e-05,7.132290e+00,2.691082e+00,1.105061e+00,8.109946e-01
1.395000e-11,-4.412061e-04,6.975255e-04,1.078452e-04,2.112912e-05,7.101192e+00,2.743451e+00,1.113149e+00,8.125895e-01
1.397500e-11,-5.003275e-04,7.141743e-04,1.107101e-04,2.141294e-05,7.065489e+00,2.797074e+00,1.121452e+00,8.142055e-01
1.400000e-11,-5.560599e-04,7.310976e-04,1.136523e-04,2.170925e-05,7.025427e+00,2.851973e+00,1.129975e+00,8.158436e-01
1.402500e-11,-6.081518e-04,7.483081e-04,1.166728e-04,2.201909e-05,6.981275e+00,2.908169e+00,1.138724e+00,8.175047e-01
1.405000e-11,-6.563501e-04,7.658175e-04,1.197729e-04,2.234351e-05,6.933319e+00,2.965683e+00,1.147707e+00,8.191900e-01
1.407500e-11,-7.004076e-04,7.836354e-04,1.229541e-04,2.268357e-05,6.881863e+00,3.024540e+00,1.156927e+00,8.209005e-01
1.410000e-11,-7.400900e-04,8.017682e-04,1.262184e-04,2.304030e-05,6.827232e+00,3.084762e+00,1.166393e+00,8.226374e-01
1.412500e-11,-7.751803e-04,8.202182e-04,1.295679e-04,2.341474e-05,6.769764e+00,3.146374e+00,1.176110e+00,8.244022e-01
1.415000e-11,-8.054825e-04,8.389828e-04,1.330050e-04,2.380792e-05,6.709817e+00,3.209399e+00,1.186084e+00,8.261962e-01
1.417500e-11,-8.308261e-04,8.580533e-04,1.365325e-04,2.422085e-05,6.647760e+00,3.273861e+00,1.196323e+00,8.280207e-01
1.420000e-11,-8.510692e-04,8.774139e-04,1.401537e-04,2.465453e-05,6.583974e+00,3.339783e+00,1.206834e+00,8.298775e-01
1.422500e-11,-8.661017e-04,8.970404e-04,1.438719e-04,2.510993e-05,6.518850e+00,3.407185e+00,1.217624e+00,8.317680e-01
1.425000e-11,-8.758483e-04,9.168992e-04,1.476911e-04,2.558802e-05,6.452788e+00,3.476086e+00,1.228700e+00,8.336940e-01
1.427500e-11,-8.802703e-04,9.369461e-04,1.516154e-04,2.608973e-05,6.386188e+00,3.546502e+00,1.240070e+00,8.356573e-01
1.430000e-11,-8.793671e-04,9.571248e-04,1.556493e-04,2.661599e-05,6.319455e+00,3.618445e+00,1.251742e+00,8.376596e-01
1.432500e-11,-8.731769e-04,9.773657e-04,1.597977e-04,2.716768e-05,6.252991e+00,3.691922e+00,1.263726e+00,8.397029e-01
1.435000e-11,-8.617762e-04,9.975850e-04,1.640658e-04,2.774567e-05,6.187194e+00,3.766935e+00,1.276029e+00,8.417891e-01
1.437500e-11,-8.452789e-04,1.017683e-03,1.684589e-04,2.835077e-05,6.122455e+00,3.843476e+00,1.288661e+00,8.439202e-01
1.440000e-11,-8.238341e-04,1.037544e-03,1.729826e-04,2.898380e-05,6.059154e+00,3.921534e+00,1.301632e+00,8.460984e-01
1.442500e-11,-7.976238e-04,1.057034e-03,1.776428e-04,2.964551e-05,5.997661e+00,4.001084e+00,1.314952e+00,8.483258e-01
1.445000e-11,-7.668593e-04,1.076003e-03,1.824452e-04,3.033662e-05,5.938327e+00,4.082092e+00,1.328631e+00,8.506045e-01
1.447500e-11,-7.317778e-04,1.094282e-03,1.873958e-04,3.105781e-05,5.881491e+00,4.164511e+00,1.342681e+00,8.529370e-01
1.450000e-11,-6.926385e-04,1.111684e-03,1.925005e-04,3.180972e-05,5.827468e+00,4.248282e+00,1.357113e+00,8.553254e-01
1.452500e-11,-6.497187e-04,1.128007e-03,1.977651e-04,3.259292e-05,5.776558e+00,4.333331e+00,1.371939e+00,8.577721e-01
1.455000e-11,-6.033100e-04,1.143031e-03,2.031952e-04,3.340795e-05,5.729034e+00,4.419566e+00,1.387171e+00,8.602795e-01
1.457500e-11,-5.537143e-04,1.156525e-03,2.087959e-04,3.425527e-05,5.685152e+00,4.506880e+00,1.402823e+00,8.628501e-01
1.460000e-11,-5.012409e-04,1.168247e-03,2.145724e-04,3.513529e-05,5.645141e+00,4.595148e+00,1.418906e+00,8.654863e-01
1.462500e-11,-4.462036e-04,1.177946e-03,2.205288e-04,3.604835e-05,5.609207e+00,4.684224e+00,1.435435e+00,8.681906e-01
1.465000e-11,-3.889181e-04,1.185369e-03,2.266691e-04,3.699471e-05,5.577533e+00,4.773946e+00,1.452424e+00,8.709655e-01
1.467500e-11,-3.297002e-04,1.190263e-03,2.329964e-04,3.797456e-05,5.550278e+00,4.864131e+00,1.469887e+00,8.738136e-01
1.470000e-11,-2.688644e-04,1.192382e-03,2.395131e-04,3.898800e-05,5.527578e+00,4.954577e+00,1.487837e+00,8.767374e-01
1.472500e-11,-2.067232e-04,1.191490e-03,2.462206e-04,4.003505e-05,5.509542e+00,5.045066e+00,1.506289e+00,8.797394e-01
1.475000e-11,-1.435860e-04,1.187369e-03,2.531195e-04,4.111563e-05,5.496258e+00,5.135360e+00,1.525259e+00,8.828223e-01
1.477500e-11,-7.975961e-05,1.179824e-03,2.602094e-04,4.222956e-05,5.487791e+00,5.225207e+00,1.544760e+00,8.859885e-01
1.480000e-11,-1.554810e-05,1.168686e-03,2.674888e-04,4.337659e-05,5.484182e+00,5.314340e+00,1.564806e+00,8.892406e-01
1.482500e-11,4.874692e-05,1.153820e-03,2.749552e-04,4.455632e-05,5.485447e+00,5.402484e+00,1.585412e+00,8.925811e-01
1.485000e-11,1.128257e-04,1.135128e-03,2.826050e-04,4.576829e-05,5.491583e+00,5.489350e+00,1.606593e+00,8.960124e-01
1.487500e-11,1.763901e-04,1.112549e-03,2.904335e-04,4.701191e-05,5.502561e+00,5.574648e+00,1.628361e+00,8.995370e-01
1.490000e-11,2.391427e-04,1.086069e-03,2.984349e-04,4.828649e-05,5.518331e+00,5.658081e+00,1.650731e+00,9.031571e-01
1.492500e-11,3.007871e-04,1.055714e-03,3.066026e-04,4.959125e-05,5.538820e+00,5.739356e+00,1.673715e+00,9.068753e-01
1.495000e-11,3.610274e-04,1.021556e-03,3.149289e-04,5.092529e-05,5.563933e+00,5.818182e+00,1.697324e+00,9.106936e-01
1.497500e-11,4.195690e-04,9.837087e-04,3.234056e-04,5.228764e-05,5.593552e+00,5.894274e+00,1.721572e+00,9.146144e-01
1.500000e-11,4.761186e-04,9.423273e-04,3.320235e-04,5.367722e-05,5.627536e+00,5.967360e+00,1.746470e+00,9.186396e-01
1.502500e-11,5.303856e-04,8.976044e-04,3.407731e-04,5.509286e-05,5.665725e+00,6.037178e+00,1.772026e+00,9.227714e-01
1.505000e-11,5.820837e-04,8.497668e-04,3.496444e-04,5.653334e-05,5.707932e+00,6.103485e+00,1.798252e+00,9.270116e-01
1.507500e-11,6.309326e-04,7.990714e-04,3.586272e-04,5.799736e-05,5.753953e+00,6.166054e+00,1.825155e+00,9.313622e-01
1.510000e-11,6.766607e-04,7.458007e-04,3.677113e-04,5.948354e-05,5.803561e+00,6.224680e+00,1.852745e+00,9.358247e-01
1.512500e-11,7.190077e-04,6.902578e-04,3.768867e-04,6.099049e-05,5.856509e+00,6.279178e+00,1.881028e+00,9.404009e-01
1.515000e-11,7.577276e-04,6.327619e-04,3.861435e-04,6.251675e-05,5.912531e+00,6.329388e+00,1.910011e+00,9.450923e-01
1.517500e-11,7.925926e-04,5.736436e-04,3.954726e-04,6.406088e-05,5.971344e+00,6.375176e+00,1.939699e+00,9.499003e-01
1.520000e-11,8.233962e-04,5.132411e-04,4.048654e-04,6.562138e-05,6.032647e+00,6.416430e+00,1.970099e+00,9.548262e-01
1.522500e-11,8.499571e-04,4.518960e-04,4.143142e-04,6.719680e-05,6.096125e+00,6.453066e+00,2.001214e+00,9.598712e-01
1.525000e-11,8.721220e-04,3.899500e-04,4.238124e-04,6.878567e-05,6.161451e+00,6.485026e+00,2.033048e+00,9.650363e-01
1.527500e-11,8.897690e-04,3.277424e-04,4.333545e-04,7.038658e-05,6.228286e+00,6.512277e+00,2.065606e+00,9.703225e-01
1.530000e-11,9.028100e-04,2.656070e-04,4.429364e-04,7.199817e-05,6.296285e+00,6.534812e+00,2.098889e+00,9.757307e-01
1.532500e-11,9.111927e-04,2.038707e-04,4.525552e-04,7.361911e-05,6.365096e+00,6.552648e+00,2.132902e+00,9.812617e-01
1.535000e-11,9.149014e-04,1.428513e-04,4.622099e-04,7.524819e-05,6.434365e+00,6.565828e+00,2.167647e+00,9.869161e-01
1.537500e-11,9.139578e-04,8.285685e-05,4.719009e-04,7.688427e-05,6.503740e+00,6.574417e+00,2.203127e+00,9.926945e-01
1.540000e-11,9.084203e-04,2.418401e-05,4.816302e-04,7.852633e-05,6.572869e+00,6.578505e+00,2.239345e+00,9.985974e-01
1.542500e-11,8.983825e-04,-3.288252e-05,4.914019e-04,8.017348e-05,6.641409e+00,6.578202e+00,2.276303e+00,1.004625e+00
1.545000e-11,8.839713e-04,-8.807083e-05,5.012216e-04,8.182496e-05,6.709021e+00,6.573641e+00,2.314005e+00,1.010778e+00
1.547500e-11,8.653441e-04,-1.411225e-04,5.110968e-04,8.348020e-05,6.775382e+00,6.564974e+00,2.352456e+00,1.017057e+00
1.550000e-11,8.426857e-04,-1.917931e-04,5.210367e-04,8.513876e-05,6.840178e+00,6.552372e+00,2.391659e+00,1.023461e+00
1.552500e-11,8.162040e-04,-2.398532e-04,5.310524e-04,8.680042e-05,6.903111e+00,6.536025e+00,2.431621e+00,1.029992e+00
1.555000e-11,7.861267e-04,-2.850890e-04,5.411565e-04,8.846517e-05,6.963899e+00,6.516138e+00,2.472346e+00,1.036649e+00
1.557500e-11,7.526968e-04,-3.273029e-04,5.513635e-04,9.013320e-05,7.022281e+00,6.492934e+00,2.513844e+00,1.043432e+00
1.560000e-11,7.161687e-04,-3.663147e-04,5.616892e-04,9.180495e-05,7.078009e+00,6.466648e+00,2.556122e+00,1.050343e+00
1.562500e-11,6.768048e-04,-4.019625e-04,5.721509e-04,9.348111e-05,7.130861e+00,6.437530e+00,2.599189e+00,1.057380e+00
1.565000e-11,6.348713e-04,-4.341035e-04,5.827672e-04,9.516260e-05,7.180629e+00,6.405840e+00,2.643058e+00,1.064546e+00
1.567500e-11,5.906359e-04,-4.626150e-04,5.935578e-04,9.685066e-05,7.227130e+00,6.371849e+00,2.687740e+00,1.071839e+00
1.570000e-11,5.443645e-04,-4.873955e-04,6.045432e-04,9.854679e-05,7.270198e+00,6.335836e+00,2.733249e+00,1.079260e+00
1.572500e-11,4.963195e-04,-5.083655e-04,6.157447e-04,1.002528e-04,7.309688e+00,6.298086e+00,2.779602e+00,1.086811e+00
1.575000e-11,4.467580e-04,-5.254679e-04,6.271840e-04,1.019707e-04,7.345477e+00,6.258892e+00,2.826814e+00,1.094492e+00
1.577500e-11,3.959305e-04,-5.386688e-04,6.388829e-04,1.037030e-04,7.377457e+00,6.218548e+00,2.874907e+00,1.102304e+00
1.580000e-11,3.440800e-04,-5.479575e-04,6.508627e-04,1.054525e-04,7.405542e+00,6.177351e+00,2.923898e+00,1.110249e+00
1.582500e-11,2.914422e-04,-5.533468e-04,6.631444e-04,1.072220e-04,7.429663e+00,6.135595e+00,2.973812e+00,1.118327e+00
1.585000e-11,2.382446e-04,-5.548726e-04,6.757480e-04,1.090151e-04,7.449769e+00,6.093577e+00,3.024671e+00,1.126540e+00
1.587500e-11,1.847077e-04,-5.525932e-04,6.886917e-04,1.108354e-04,7.465825e+00,6.051586e+00,3.076501e+00,1.134891e+00
1.590000e-11,1.310448e-04,-5.465887e-04,7.019918e-04,1.126868e-04,7.477813e+00,6.009909e+00,3.129329e+00,1.143381e+00
1.592500e-11,7.746285e-05,-5.369595e-04,7.156622e-04,1.145739e-04,7.485732e+00,5.968823e+00,3.183180e+00,1.152014e+00
1.595000e-11,2.416344e-05,-5.238255e-04,7.297134e-04,1.165010e-04,7.489595e+00,5.928601e+00,3.238085e+00,1.160791e+00
1.597500e-11,-2.865647e-05,-5.073240e-04,7.441520e-04,1.184733e-04,7.489432e+00,5.889501e+00,3.294072e+00,1.169717e+00
1.600000e-11,-8.080367e-05,-4.876082e-04,7.589802e-04,1.204959e-04,7.485285e+00,5.851774e+00,3.351171e+00,1.178794e+00
1.602500e-11,-1.320878e-04,-4.648455e-04,7.741945e-04,1.225744e-04,7.477214e+00,5.815658e+00,3.409411e+00,1.188027e+00
1.605000e-11,-1.823205e-04,-4.392152e-04,7.897855e-04,1.247144e-04,7.465290e+00,5.781376e+00,3.468821e+00,1.197421e+00
1.607500e-11,-2.313149e-04,-4.109070e-04,8.057367e-04,1.269220e-04,7.449601e+00,5.749140e+00,3.529429e+00,1.206979e+00
1.610000e-11,-2.788849e-04,-3.801192e-04,8.220236e-04,1.292034e-04,7.430248e+00,5.719144e+00,3.591260e+00,1.216709e+00
1.612500e-11,-3.248447e-04,-3.470566e-04,8.386128e-04,1.315648e-04,7.407347e+00,5.691570e+00,3.654340e+00,1.226615e+00
1.615000e-11,-3.690090e-04,-3.119290e-04,8.554612e-04,1.340130e-04,7.381025e+00,5.666582e+00,3.718689e+00,1.236703e+00
1.617500e-11,-4.111930e-04,-2.749500e-04,8.725150e-04,1.365544e-04,7.351428e+00,5.644328e+00,3.784325e+00,1.246982e+00
1.620000e-11,-4.512125e-04,-2.363354e-04,8.897088e-04,1.391958e-04,7.318711e+00,5.624942e+00,3.851260e+00,1.257457e+00
1.622500e-11,-4.888850e-04,-1.963022e-04,9.069650e-04,1.419439e-04,7.283048e+00,5.608538e+00,3.919503e+00,1.268137e+00
1.625000e-11,-5.240301e-04,-1.550676e-04,9.241927e-04,1.448054e-04,7.244622e+00,5.595218e+00,3.989054e+00,1.279031e+00
1.627500e-11,-5.564714e-04,-1.128484e-04,9.412875e-04,1.477869e-04,7.203632e+00,5.585063e+00,4.059906e+00,1.290146e+00
1.630000e-11,-5.860373e-04,-6.986018e-05,9.581311e-04,1.508949e-04,7.160291e+00,5.578140e+00,4.132046e+00,1.301493e+00
1.632500e-11,-6.125634e-04,-2.631704e-05,9.745907e-04,1.541357e-04,7.114822e+00,5.574499e+00,4.205447e+00,1.313081e+00
1.635000e-11,-6.358941e-04,1.756883e-05,9.905197e-04,1.575152e-04,7.067463e+00,5.574175e+00,4.280077e+00,1.324920e+00
1.637500e-11,-6.558848e-04,6.158740e-05,1.005758e-03,1.610391e-04,7.018461e+00,5.577186e+00,4.355887e+00,1.337022e+00
1.640000e-11,-6.724042e-04,1.055309e-04,1.020131e-03,1.647126e-04,6.968075e+00,5.583534e+00,4.432819e+00,1.349398e+00
1.642500e-11,-6.853365e-04,1.491942e-04,1.033455e-03,1.685404e-04,6.916572e+00,5.593206e+00,4.510800e+00,1.362058e+00
1.645000e-11,-6.945839e-04,1.923745e-04,1.045535e-03,1.725267e-04,6.864230e+00,5.606172e+00,4.589741e+00,1.375015e+00
1.647500e-11,-7.000683e-04,2.348721e-04,1.056167e-03,1.766750e-04,6.811329e+00,5.622389e+00,4.669542e+00,1.388282e+00
1.650000e-11,-7.017335e-04,2.764902e-04,1.065143e-03,1.809879e-04,6.758158e+00,5.641796e+00,4.750083e+00,1.401869e+00
1.652500e-11,-6.995466e-04,3.170355e-04,1.072252e-03,1.854674e-04,6.705008e+00,5.664321e+00,4.831232e+00,1.415791e+00
1.655000e-11,-6.934995e-04,3.563186e-04,1.077283e-03,1.901144e-04,6.652171e+00,5.689874e+00,4.912837e+00,1.430059e+00
1.657500e-11,-6.836097e-04,3.941543e-04,1.080031e-03,1.949290e-04,6.599939e+00,5.718352e+00,4.994734e+00,1.444687e+00
1.660000e-11,-6.699207e-04,4.303630e-04,1.080297e-03,1.999102e-04,6.548602e+00,5.749640e+00,5.076742e+00,1.459687e+00
1.662500e-11,-6.525019e-04,4.647707e-04,1.077898e-03,2.050558e-04,6.498445e+00,5.783606e+00,5.158665e+00,1.475071e+00
1.665000e-11,-6.314486e-04,4.972108e-04,1.072665e-03,2.103626e-04,6.449749e+00,5.820108e+00,5.240295e+00,1.490853e+00
1.667500e-11,-6.068807e-04,5.275248e-04,1.064449e-03,2.158261e-04,6.402783e+00,5.858990e+00,5.321411e+00,1.507043e+00
1.670000e-11,-5.789418e-04,5.555636e-04,1.053127e-03,2.214407e-04,6.357808e+00,5.900086e+00,5.401782e+00,1.523654e+00
1.672500e-11,-5.477975e-04,5.811890e-04,1.038602e-03,2.271995e-04,6.315075e+00,5.943217e+00,5.481170e+00,1.540697e+00
1.675000e-11,-5.136338e-04,6.042750e-04,1.020809e-03,2.330945e-04,6.274819e+00,5.988196e+00,5.559329e+00,1.558183e+00
1.677500e-11,-4.766549e-04,6.247094e-04,9.997119e-04,2.391164e-04,6.237262e+00,6.034826e+00,5.636009e+00,1.576120e+00
1.680000e-11,-4.370813e-04,6.423947e-04,9.753107e-04,2.452550e-04,6.202608e+00,6.082901e+00,5.710961e+00,1.594520e+00
1.682500e-11,-3.951479e-04,6.572498e-04,9.476382e-04,2.514988e-04,6.171045e+00,6.132211e+00,5.783936e+00,1.613390e+00
1.685000e-11,-3.511014e-04,6.692111e-04,9.167610e-04,2.578355e-04,6.142744e+00,6.182538e+00,5.854687e+00,1.632737e+00
1.687500e-11,-3.051985e-04,6.782330e-04,8.827786e-04,2.642518e-04,6.117854e+00,6.233661e+00,5.922977e+00,1.652568e+00
1.690000e-11,-2.577040e-04,6.842893e-04,8.458213e-04,2.707337e-04,6.096507e+00,6.285356e+00,5.988575e+00,1.672889e+00
1.692500e-11,-2.088891e-04,6.873731e-04,8.060482e-04,2.772666e-04,6.078812e+00,6.337398e+00,6.051261e+00,1.693704e+00
1.695000e-11,-1.590293e-04,6.874969e-04,7.636445e-04,2.838352e-04,6.064861e+00,6.389561e+00,6.110829e+00,1.715017e+00
1.697500e-11,-1.084032e-04,6.846929e-04,7.188181e-04,2.904240e-04,6.054720e+00,6.441624e+00,6.167087e+00,1.736829e+00
1.700000e-11,-5.729113e-05,6.790121e-04,6.717966e-04,2.970173e-04,6.048439e+00,6.493364e+00,6.219861e+00,1.759141e+00
1.702500e-11,-5.973453e-06,6.705236e-04,6.228236e-04,3.035994e-04,6.046043e+00,6.544568e+00,6.268994e+00,1.781953e+00
1.705000e-11,4.527023e-05,6.593137e-04,5.721557e-04,3.101544e-04,6.047536e+00,6.595025e+00,6.314347e+00,1.805264e+00
1.707500e-11,9.616246e-05,6.454844e-04,5.200588e-04,3.166669e-04,6.052904e+00,6.644533e+00,6.355801e+00,1.829071e+00
1.710000e-11,1.464290e-04,6.291517e-04,4.668052e-04,3.231219e-04,6.062109e+00,6.692897e+00,6.393260e+00,1.853371e+00
1.712500e-11,1.958002e-04,6.104446e-04,4.126710e-04,3.295050e-04,6.075093e+00,6.739933e+00,6.426644e+00,1.878157e+00
1.715000e-11,2.440118e-04,5.895025e-04,3.579334e-04,3.358024e-04,6.091778e+00,6.785465e+00,6.455899e+00,1.903425e+00
1.717500e-11,2.908065e-04,5.664740e-04,3.028686e-04,3.420011e-04,6.112067e+00,6.829330e+00,6.480988e+00,1.929168e+00
1.720000e-11,3.359353e-04,5.415146e-04,2.477498e-04,3.480891e-04,6.135843e+00,6.871375e+00,6.501898e+00,1.955377e+00
1.722500e-11,3.791588e-04,5.147852e-04,1.928458e-04,3.540556e-04,6.162969e+00,6.911460e+00,6.518634e+00,1.982043e+00
1.725000e-11,4.202489e-04,4.864505e-04,1.384198e-04,3.598908e-04,6.193294e+00,6.949457e+00,6.531223e+00,2.009157e+00
1.727500e-11,4.589902e-04,4.566769e-04,8.472799e-05,3.655862e-04,6.226646e+00,6.985250e+00,6.539710e+00,2.036710e+00
1.730000e-11,4.951820e-04,4.256317e-04,3.201900e-05,3.711347e-04,6.262841e+00,7.018735e+00,6.544160e+00,2.064689e+00
1.732500e-11,5.286396e-04,3.934811e-04,-1.946712e-05,3.765306e-04,6.301677e+00,7.049824e+00,6.544658e+00,2.093084e+00
1.735000e-11,5.591963e-04,3.603900e-04,-6.949943e-05,3.817695e-04,6.342942e+00,7.078438e+00,6.541304e+00,2.121882e+00
1.737500e-11,5.867047e-04,3.265202e-04,-1.178568e-04,3.868487e-04,6.386409e+00,7.104512e+00,6.534218e+00,2.151073e+00
1.740000e-11,6.110385e-04,2.920303e-04,-1.643283e-04,3.917670e-04,6.431842e+00,7.127992e+00,6.523534e+00,2.180643e+00
1.742500e-11,6.320934e-04,2.570749e-04,-2.087144e-04,3.965245e-04,6.478997e+00,7.148838e+00,6.509403e+00,2.210580e+00
1.745000e-11,6.497887e-04,2.218042e-04,-2.508268e-04,4.011231e-04,6.527622e+00,7.167019e+00,6.491990e+00,2.240873e+00
1.747500e-11,6.640672e-04,1.863637e-04,-2.904900e-04,4.055662e-04,6.577460e+00,7.182517e+00,6.471475e+00,2.271510e+00
1.750000e-11,6.748965e-04,1.508941e-04,-3.275415e-04,4.098587e-04,6.628251e+00,7.195325e+00,6.448049e+00,2.302478e+00
1.752500e-11,6.822684e-04,1.155316e-04,-3.618328e-04,4.140071e-04,6.679733e+00,7.205445e+00,6.421916e+00,2.333767e+00
1.755000e-11,6.861989e-04,8.040738e-05,-3.932304e-04,4.180191e-04,6.731645e+00,7.212890e+00,6.393291e+00,2.365366e+00
1.757500e-11,6.867274e-04,4.564826e-05,-4.216163e-04,4.219043e-04,6.783726e+00,7.217684e+00,6.362398e+00,2.397265e+00
1.760000e-11,6.839155e-04,1.137662e-05,-4.468894e-04,4.256735e-04,6.835721e+00,7.219858e+00,6.329469e+00,2.429456e+00
1.762500e-11,6.778457e-04,-2.228926e-05,-4.689657e-04,4.293387e-04,6.887381e+00,7.219453e+00,6.294743e+00,2.461928e+00
1.765000e-11,6.686198e-04,-5.523508e-05,-4.877794e-04,4.329134e-04,6.938461e+00,7.216522e+00,6.258465e+00,2.494676e+00
1.767500e-11,6.563566e-04,-8.735023e-05,-5.032832e-04,4.364125e-04,6.988727e+00,7.211121e+00,6.220885e+00,2.527693e+00
1.770000e-11,6.411901e-04,-1.185277e-04,-5.154489e-04,4.398517e-04,7.037954e+00,7.203318e+00,6.182255e+00,2.560974e+00
1.772500e-11,6.232672e-04,-1.486637e-04,-5.242676e-04,4.432482e-04,7.085926e+00,7.193188e+00,6.142828e+00,2.594515e+00
1.775000e-11,6.027455e-04,-1.776580e-04,-5.297496e-04,4.466199e-04,7.132441e+00,7.180815e+00,6.102858e+00,2.628313e+00
1.777500e-11,5.797908e-04,-2.054135e-04,-5.319241e-04,4.499859e-04,7.177308e+00,7.166288e+00,6.062597e+00,2.662367e+00
1.780000e-11,5.545751e-04,-2.318364e-04,-5.308391e-04,4.533660e-04,7.220349e+00,7.149704e+00,6.022294e+00,2.696678e+00
1.782500e-11,5.272746e-04,-2.568364e-04,-5.265601e-04,4.567808e-04,7.261398e+00,7.131170e+00,5.982193e+00,2.731247e+00
1.785000e-11,4.980678e-04,-2.803269e-04,-5.191699e-04,4.602516e-04,7.300305e+00,7.110795e+00,5.942534e+00,2.766079e+00
1.787500e-11,4.671338e-04,-3.022252e-04,-5.087669e-04,4.638002e-04,7.336930e+00,7.088699e+00,5.903550e+00,2.801177e+00
1.790000e-11,4.346510e-04,-3.224529e-04,-4.954640e-04,4.674488e-04,7.371150e+00,7.065003e+00,5.865463e+00,2.836549e+00
1.792500e-11,4.007955e-04,-3.409362e-04,-4.793875e-04,4.712199e-04,7.402854e+00,7.039839e+00,5.828491e+00,2.872203e+00
1.795000e-11,3.657407e-04,-3.576068e-04,-4.606750e-04,4.751363e-04,7.431944e+00,7.013341e+00,5.792837e+00,2.908150e+00
1.797500e-11,3.296562e-04,-3.724019e-04,-4.394743e-04,4.792208e-04,7.458335e+00,6.985649e+00,5.758696e+00,2.944401e+00
1.800000e-11,2.927074e-04,-3.852652e-04,-4.159418e-04,4.834960e-04,7.481956e+00,6.956908e+00,5.726252e+00,2.980970e+00
1.802500e-11,2.550550e-04,-3.961472e-04,-3.902407e-04,4.879843e-04,7.502746e+00,6.927265e+00,5.695674e+00,3.017872e+00
1.805000e-11,2.168550e-04,-4.050061e-04,-3.625397e-04,4.927078e-04,7.520658e+00,6.896874e+00,5.667122e+00,3.055125e+00
1.807500e-11,1.782590e-04,-4.118081e-04,-3.330116e-04,4.976878e-04,7.535656e+00,6.865889e+00,5.640740e+00,3.092747e+00
1.810000e-11,1.394138e-04,-4.165283e-04,-3.018319e-04,5.029452e-04,7.547715e+00,6.834467e+00,5.616661e+00,3.130757e+00
1.812500e-11,1.004620e-04,-4.191510e-04,-2.691779e-04,5.084995e-04,7.556823e+00,6.802766e+00,5.595003e+00,3.169179e+00
1.815000e-11,6.154241e-05,-4.196700e-04,-2.352275e-04,5.143696e-04,7.562975e+00,6.770946e+00,5.575871e+00,3.208035e+00
1.817500e-11,2.279026e-05,-4.180894e-04,-2.001581e-04,5.205726e-04,7.566180e+00,6.739166e+00,5.559357e+00,3.247350e+00
1.820000e-11,-1.566226e-05,-4.144235e-04,-1.641466e-04,5.271243e-04,7.566456e+00,6.707585e+00,5.545540e+00,3.287150e+00
1.822500e-11,-5.368559e-05,-4.086972e-04,-1.273681e-04,5.340386e-04,7.563829e+00,6.676361e+00,5.534484e+00,3.327462e+00
1.825000e-11,-9.115230e-05,-4.009461e-04,-8.999581e-05,5.413273e-04,7.558337e+00,6.645648e+00,5.526241e+00,3.368313e+00
1.827500e-11,-1.279367e-04,-3.912162e-04,-5.220070e-05,5.490000e-04,7.550027e+00,6.615599e+00,5.520850e+00,3.409732e+00
1.830000e-11,-1.639145e-04,-3.795640e-04,-1.415122e-05,5.570636e-04,7.538956e+00,6.586360e+00,5.518336e+00,3.451750e+00
1.832500e-11,-1.989623e-04,-3.660562e-04,2.398680e-05,5.655220e-04,7.525190e+00,6.558076e+00,5.518713e+00,3.494395e+00
1.835000e-11,-2.329579e-04,-3.507691e-04,6.205033e-05,5.743762e-04,7.508804e+00,6.530884e+00,5.521981e+00,3.537698e+00
1.837500e-11,-2.657793e-04,-3.337884e-04,9.987910e-05,5.836232e-04,7.489882e+00,6.504917e+00,5.528128e+00,3.581688e+00
1.840000e-11,-2.973057e-04,-3.152087e-04,1.373157e-04,5.932564e-04,7.468519e+00,6.480298e+00,5.537131e+00,3.626395e+00
1.842500e-11,-3.274168e-04,-2.951325e-04,1.742057e-04,6.032649e-04,7.444816e+00,6.457145e+00,5.548954e+00,3.671848e+00
1.845000e-11,-3.559933e-04,-2.736698e-04,2.103976e-04,6.136328e-04,7.418887e+00,6.435569e+00,5.563550e+00,3.718075e+00
1.847500e-11,-3.829176e-04,-2.509373e-04,2.457431e-04,6.243396e-04,7.390852e+00,6.415668e+00,5.580861e+00,3.765102e+00
1.850000e-11,-4.080736e-04,-2.270575e-04,2.800971e-04,6.353591e-04,7.360842e+00,6.397536e+00,5.600816e+00,3.812954e+00
1.852500e-11,-4.313481e-04,-2.021583e-04,3.133184e-04,6.466594e-04,7.328994e+00,6.381254e+00,5.623334e+00,3.861653e+00
1.855000e-11,-4.526312e-04,-1.763715e-04,3.452696e-04,6.582024e-04,7.295455e+00,6.366895e+00,5.648326e+00,3.911218e+00
1.857500e-11,-4.718172e-04,-1.498325e-04,3.758179e-04,6.699434e-04,7.260382e+00,6.354521e+00,5.675689e+00,3.961668e+00
1.860000e-11,-4.888058e-04,-1.226795e-04,4.048354e-04,6.818308e-04,7.223937e+00,6.344184e+00,5.705311e+00,4.013014e+00
1.862500e-11,-5.035028e-04,-9.505226e-05,4.322002e-04,6.938060e-04,7.186290e+00,6.335924e+00,5.737073e+00,4.065265e+00
1.865000e-11,-5.158220e-04,-6.709180e-05,4.577965e-04,7.058027e-04,7.147618e+00,6.329773e+00,5.770844e+00,4.118425e+00
1.867500e-11,-5.256858e-04,-3.893932e-05,4.815162e-04,7.177474e-04,7.108106e+00,6.325751e+00,5.806486e+00,4.172494e+00
1.870000e-11,-5.330267e-04,-1.073556e-05,5.032590e-04,7.295586e-04,7.067942e+00,6.323867e+00,5.843853e+00,4.227463e+00
1.872500e-11,-5.377884e-04,1.737998e-05,5.229341e-04,7.411473e-04,7.027319e+00,6.324119e+00,5.882791e+00,4.283320e+00
1.875000e-11,-5.399269e-04,4.526970e-05,5.404605e-04,7.524170e-04,6.986435e+00,6.326495e+00,5.923141e+00,4.340043e+00
1.877500e-11,-5.394119e-04,7.279861e-05,5.557681e-04,7.632639e-04,6.945489e+00,6.330974e+00,5.964736e+00,4.397604e+00
1.880000e-11,-5.362272e-04,9.983505e-05,5.687988e-04,7.735775e-04,6.904685e+00,6.337523e+00,6.007407e+00,4.455966e+00
1.882500e-11,-5.303720e-04,1.262513e-04,5.795071e-04,7.832410e-04,6.864225e+00,6.346099e+00,6.050977e+00,4.515086e+00
1.885000e-11,-5.218610e-04,1.519242e-04,5.878606e-04,7.921319e-04,6.824310e+00,6.356652e+00,6.095272e+00,4.574907e+00
1.887500e-11,-5.107252e-04,1.767358e-04,5.938408e-04,8.001236e-04,6.785140e+00,6.369120e+00,6.140110e+00,4.635368e+00
1.890000e-11,-4.970119e-04,2.005741e-04,5.974433e-04,8.070857e-04,6.746914e+00,6.383433e+00,6.185312e+00,4.696394e+00
1.892500e-11,-4.807848e-04,2.233334e-04,5.986781e-04,8.128861e-04,6.709824e+00,6.399515e+00,6.230698e+00,4.757903e+00
1.895000e-11,-4.621236e-04,2.449149e-04,5.975694e-04,8.173918e-04,6.674058e+00,6.417278e+00,6.276088e+00,4.819800e+00
1.897500e-11,-4.411236e-04,2.652274e-04,5.941556e-04,8.204711e-04,6.639796e+00,6.436631e+00,6.321308e+00,4.881983e+00
1.900000e-11,-4.178952e-04,2.841877e-04,5.884886e-04,8.219954e-04,6.607212e+00,6.457474e+00,6.366184e+00,4.944338e+00
1.902500e-11,-3.925629e-04,3.017209e-04,5.806336e-04,8.218406e-04,6.576471e+00,6.479701e+00,6.410547e+00,5.006743e+00
1.905000e-11,-3.652646e-04,3.177610e-04,5.706679e-04,8.198897e-04,6.547726e+00,6.503203e+00,6.454234e+00,5.069066e+00
1.907500e-11,-3.361503e-04,3.322512e-04,5.586801e-04,8.160344e-04,6.521121e+00,6.527862e+00,6.497090e+00,5.131166e+00
1.910000e-11,-3.053810e-04,3.451440e-04,5.447690e-04,8.101775e-04,6.496787e+00,6.553561e+00,6.538963e+00,5.192895e+00
1.912500e-11,-2.731274e-04,3.564017e-04,5.290424e-04,8.022344e-04,6.474844e+00,6.580176e+00,6.579713e+00,5.254099e+00
1.915000e-11,-2.395688e-04,3.659961e-04,5.116160e-04,7.921351e-04,6.455398e+00,6.607583e+00,6.619206e+00,5.314615e+00
1.917500e-11,-2.048916e-04,3.739091e-04,4.926118e-04,7.798257e-04,6.438539e+00,6.635654e+00,6.657317e+00,5.374280e+00
1.920000e-11,-1.692879e-04,3.801322e-04,4.721569e-04,7.652701e-04,6.424347e+00,6.664262e+00,6.693932e+00,5.432923e+00
1.922500e-11,-1.329545e-04,3.846664e-04,4.503823e-04,7.484507e-04,6.412883e+00,6.693278e+00,6.728945e+00,5.490374e+00
1.925000e-11,-9.609125e-05,3.875223e-04,4.274216e-04,7.293695e-04,6.404195e+00,6.722575e+00,6.762262e+00,5.546461e+00
1.927500e-11,-5.889984e-05,3.887193e-04,4.034096e-04,7.080484e-04,6.398316e+00,6.752027e+00,6.793797e+00,5.601014e+00
1.930000e-11,-2.158271e-05,3.882856e-04,3.784815e-04,6.845297e-04,6.395264e+00,6.781507e+00,6.823476e+00,5.653864e+00
1.932500e-11,1.565831e-05,3.862578e-04,3.527717e-04,6.588755e-04,6.395039e+00,6.810895e+00,6.851234e+00,5.704848e+00
1.935000e-11,5.262321e-05,3.826798e-04,3.264129e-04,6.311673e-04,6.397629e+00,6.840071e+00,6.877017e+00,5.753806e+00
1.937500e-11,8.911494e-05,3.776029e-04,2.995357e-04,6.015056e-04,6.403006e+00,6.868919e+00,6.900780e+00,5.800587e+00
1.940000e-11,1.249406e-04,3.710847e-04,2.722671e-04,5.700083e-04,6.411125e+00,6.897327e+00,6.922489e+00,5.845047e+00
1.942500e-11,1.599124e-04,3.631885e-04,2.447309e-04,5.368097e-04,6.421930e+00,6.925190e+00,6.942120e+00,5.887053e+00
1.945000e-11,1.938492e-04,3.539830e-04,2.170466e-04,5.020591e-04,6.435349e+00,6.952403e+00,6.959655e+00,5.926480e+00
1.947500e-11,2.265771e-04,3.435410e-04,1.893294e-04,4.659189e-04,6.451296e+00,6.978872e+00,6.975088e+00,5.963218e+00
1.950000e-11,2.579308e-04,3.319391e-04,1.616899e-04,4.285633e-04,6.469674e+00,7.004506e+00,6.988421e+00,5.997167e+00
1.952500e-11,2.877546e-04,3.192568e-04,1.342336e-04,3.901758e-04,6.490372e+00,7.029218e+00,6.999663e+00,6.028243e+00
1.955000e-11,3.159033e-04,3.055760e-04,1.070615e-04,3.509484e-04,6.513270e+00,7.052930e+00,7.008832e+00,6.056374e+00
1.957500e-11,3.422434e-04,2.909804e-04,8.026939e-05,3.110789e-04,6.538234e+00,7.075570e+00,7.015953e+00,6.081505e+00
1.960000e-11,3.666535e-04,2.755546e-04,5.394831e-05,2.707698e-04,6.565124e+00,7.097072e+00,7.021059e+00,6.103594e+00
1.962500e-11,3.890256e-04,2.593837e-04,2.818438e-05,2.302262e-04,6.593788e+00,7.117375e+00,7.024189e+00,6.122617e+00
1.965000e-11,4.092654e-04,2.425531e-04,3.058994e-06,1.896546e-04,6.624069e+00,7.136426e+00,7.025387e+00,6.138562e+00
1.967500e-11,4.272932e-04,2.251473e-04,-2.135115e-05,1.492608e-04,6.655802e+00,7.154178e+00,7.024705e+00,6.151436e+00
1.970000e-11,4.430440e-04,2.072505e-04,-4.497389e-05,1.092492e-04,6.688816e+00,7.170591e+00,7.022200e+00,6.161260e+00
1.972500e-11,4.564682e-04,1.889452e-04,-6.774152e-05,6.982090e-05,6.722938e+00,7.185631e+00,7.017934e+00,6.168070e+00
1.975000e-11,4.675312e-04,1.703127e-04,-8.959072e-05,3.117252e-05,6.757988e+00,7.199269e+00,7.011975e+00,6.171919e+00
1.977500e-11,4.762140e-04,1.514323e-04,-1.104624e-04,-6.504757e-06,6.793788e+00,7.211484e+00,7.004395e+00,6.172873e+00
1.980000e-11,4.825124e-04,1.323816e-04,-1.303017e-04,-4.302651e-05,6.830157e+00,7.222260e+00,6.995269e+00,6.171012e+00
1.982500e-11,4.864369e-04,1.132357e-04,-1.490580e-04,-7.821603e-05,6.866914e+00,7.231586e+00,6.984679e+00,6.166430e+00
1.985000e-11,4.880123e-04,9.406788e-05,-1.666847e-04,-1.119054e-04,6.903881e+00,7.239459e+00,6.972707e+00,6.159236e+00
1.987500e-11,4.872766e-04,7.494870e-05,-1.831394e-04,-1.439363e-04,6.940880e+00,7.245879e+00,6.959442e+00,6.149549e+00
1.990000e-11,4.842806e-04,5.594649e-05,-1.983838e-04,-1.741611e-04,6.977738e+00,7.250852e+00,6.944974e+00,6.137500e+00
1.992500e-11,4.790867e-04,3.712708e-05,-2.123840e-04,-2.024434e-04,7.014286e+00,7.254390e+00,6.929396e+00,6.123231e+00
1.995000e-11,4.717681e-04,1.855386e-05,-2.251102e-04,-2.286589e-04,7.050360e+00,7.256509e+00,6.912803e+00,6.106895e+00
1.997500e-11,4.624071e-04,2.877731e-07,-2.365370e-04,-2.526965e-04,7.085802e+00,7.257229e+00,6.895293e+00,6.088653e+00
2.000000e-11,4.510949e-04,-1.761271e-05,-2.466434e-04,-2.744580e-04,7.120460e+00,7.256578e+00,6.876966e+00,6.068673e+00
2.002500e-11,4.379296e-04,-3.509154e-05,-2.554130e-04,-2.938595e-04,7.154191e+00,7.254583e+00,6.857922e+00,6.047131e+00
2.005000e-11,4.230153e-04,-5.209507e-05,-2.628340e-04,-3.108314e-04,7.186857e+00,7.251280e+00,6.838264e+00,6.024209e+00
2.007500e-11,4.064611e-04,-6.857206e-05,-2.688993e-04,-3.253187e-04,7.218330e+00,7.246707e+00,6.818093e+00,6.000094e+00
2.010000e-11,3.883799e-04,-8.447364e-05,-2.736068e-04,-3.372815e-04,7.248489e+00,7.240904e+00,6.797514e+00,5.974974e+00
2.012500e-11,3.688874e-04,-9.975334e-05,-2.769589e-04,-3.466946e-04,7.277223e+00,7.233918e+00,6.776628e+00,5.949044e+00
2.015000e-11,3.481010e-04,-1.143671e-04,-2.789633e-04,-3.535479e-04,7.304430e+00,7.225798e+00,6.755539e+00,5.922496e+00
2.017500e-11,3.261393e-04,-1.282731e-04,-2.796326e-04,-3.578458e-04,7.330016e+00,7.216595e+00,6.734348e+00,5.895525e+00
2.020000e-11,3.031209e-04,-1.414323e-04,-2.789843e-04,-3.596073e-04,7.353895e+00,7.206365e+00,6.713156e+00,5.868323e+00
2.022500e-11,2.791642e-04,-1.538079e-04,-2.770409e-04,-3.588651e-04,7.375992e+00,7.195166e+00,6.692062e+00,5.841082e+00
2.025000e-11,2.543864e-04,-1.653656e-04,-2.738298e-04,-3.556654e-04,7.396240e+00,7.183058e+00,6.671163e+00,5.813990e+00
2.027500e-11,2.289034e-04,-1.760741e-04,-2.693833e-04,-3.500670e-04,7.414582e+00,7.170106e+00,6.650555e+00,5.787231e+00
2.030000e-11,2.028295e-04,-1.859043e-04,-2.637381e-04,-3.421404e-04,7.430968e+00,7.156374e+00,6.630329e+00,5.760985e+00
2.032500e-11,1.762765e-04,-1.948305e-04,-2.569360e-04,-3.319675e-04,7.445357e+00,7.141930e+00,6.610575e+00,5.735424e+00
2.035000e-11,1.493543e-04,-2.028294e-04,-2.490225e-04,-3.196401e-04,7.457717e+00,7.126843e+00,6.591380e+00,5.710717e+00
2.037500e-11,1.221704e-04,-2.098812e-04,-2.400478e-04,-3.052591e-04,7.468023e+00,7.111185e+00,6.572824e+00,5.687022e+00
2.040000e-11,9.482988e-05,-2.159690e-04,-2.300657e-04,-2.889338e-04,7.476262e+00,7.095029e+00,6.554988e+00,5.664491e+00
2.042500e-11,6.743540e-05,-2.210794e-04,-2.191337e-04,-2.707809e-04,7.482423e+00,7.078448e+00,6.537946e+00,5.643268e+00
2.045000e-11,4.008730e-05,-2.252022e-04,-2.073125e-04,-2.509230e-04,7.486506e+00,7.061516e+00,6.521766e+00,5.623487e+00
2.047500e-11,1.288362e-05,-2.283311e-04,-1.946659e-04,-2.294884e-04,7.488520e+00,7.044309e+00,6.506514e+00,5.605271e+00
2.050000e-11,-1.407979e-05,-2.304630e-04,-1.812604e-04,-2.066101e-04,7.488478e+00,7.026902e+00,6.492251e+00,5.588736e+00
2.052500e-11,-4.070913e-05,-2.315989e-04,-1.671648e-04,-1.824244e-04,7.486403e+00,7.009371e+00,6.479031e+00,5.573986e+00
2.055000e-11,-6.691263e-05,-2.317435e-04,-1.524496e-04,-1.570711e-04,7.482322e+00,6.991791e+00,6.466904e+00,5.561115e+00
2.057500e-11,-9.260038e-05,-2.309054e-04,-1.371874e-04,-1.306921e-04,7.476273e+00,6.974238e+00,6.455914e+00,5.550206e+00
2.060000e-11,-1.176843e-04,-2.290971e-04,-1.214515e-04,-1.034308e-04,7.468296e+00,6.956784e+00,6.446100e+00,5.541331e+00
2.062500e-11,-1.420780e-04,-2.263352e-04,-1.053164e-04,-7.543211e-05,7.458442e+00,6.939505e+00,6.437496e+00,5.534553e+00
2.065000e-11,-1.656970e-04,-2.226400e-04,-8.885712e-05,-4.684148e-05,7.446767e+00,6.922470e+00,6.430127e+00,5.529922e+00
2.067500e-11,-1.884585e-04,-2.180359e-04,-7.214862e-05,-1.780461e-05,7.433331e+00,6.905750e+00,6.424018e+00,5.527476e+00
2.070000e-11,-2.102816e-04,-2.125510e-04,-5.526584e-05,1.153291e-05,7.418203e+00,6.889412e+00,6.419182e+00,5.527245e+00
2.072500e-11,-2.310873e-04,-2.062172e-04,-3.828314e-05,4.102597e-05,7.401457e+00,6.873523e+00,6.415632e+00,5.529246e+00
2.075000e-11,-2.507987e-04,-1.990701e-04,-2.127404e-05,7.053026e-05,7.383175e+00,6.858145e+00,6.413371e+00,5.533484e+00
2.077500e-11,-2.693415e-04,-1.911487e-04,-4.310914e-06,9.990258e-05,7.363440e+00,6.843339e+00,6.412399e+00,5.539957e+00
2.080000e-11,-2.866438e-04,-1.824951e-04,1.253535e-05,1.290011e-04,7.342346e+00,6.829162e+00,6.412710e+00,5.548647e+00
2.082500e-11,-3.026369e-04,-1.731547e-04,2.919558e-05,1.576859e-04,7.319988e+00,6.815667e+00,6.414292e+00,5.559529e+00
2.085000e-11,-3.172553e-04,-1.631759e-04,4.560266e-05,1.858188e-04,7.296469e+00,6.802905e+00,6.417129e+00,5.572567e+00
2.087500e-11,-3.304374e-04,-1.526093e-04,6.169170e-05,2.132643e-04,7.271895e+00,6.790923e+00,6.421198e+00,5.587713e+00
2.090000e-11,-3.421258e-04,-1.415081e-04,7.740036e-05,2.398897e-04,7.246378e+00,6.779762e+00,6.426475e+00,5.604910e+00
2.092500e-11,-3.522679e-04,-1.299275e-04,9.266904e-05,2.655657e-04,7.220033e+00,6.769462e+00,6.432926e+00,5.624092e+00
2.095000e-11,-3.608165e-04,-1.179245e-04,1.074411e-04,2.901665e-04,7.192978e+00,6.760057e+00,6.440518e+00,5.645180e+00
2.097500e-11,-3.677299e-04,-1.055573e-04,1.216630e-04,3.135709e-04,7.165338e+00,6.751576e+00,6.449210e+00,5.668089e+00
2.100000e-11,-3.729732e-04,-9.288535e-05,1.352847e-04,3.356628e-04,7.137236e+00,6.744046e+00,6.458958e+00,5.692725e+00
2.102500e-11,-3.765179e-04,-7.996895e-05,1.482595e-04,3.563313e-04,7.108801e+00,6.737485e+00,6.469716e+00,5.718982e+00
2.105000e-11,-3.783431e-04,-6.686868e-05,1.605443e-04,3.754722e-04,7.080162e+00,6.731912e+00,6.481432e+00,5.746749e+00
2.107500e-11,-3.784358e-04,-5.364531e-05,1.720999e-04,3.929883e-04,7.051451e+00,6.727338e+00,6.494053e+00,5.775906e+00
2.110000e-11,-3.767911e-04,-4.035935e-05,1.828910e-04,4.087900e-04,7.022799e+00,6.723769e+00,6.507522e+00,5.806328e+00
2.112500e-11,-3.734126e-04,-2.707075e-05,1.928861e-04,4.227963e-04,6.994338e+00,6.721209e+00,6.521780e+00,5.837879e+00
2.115000e-11,-3.683129e-04,-1.383860e-05,2.020578e-04,4.349358e-04,6.966199e+00,6.719655e+00,6.536765e+00,5.870423e+00
2.117500e-11,-3.615136e-04,-7.208013e-07,2.103829e-04,4.451466e-04,6.938512e+00,6.719100e+00,6.552415e+00,5.903814e+00
2.120000e-11,-3.530454e-04,1.222624e-05,2.178421e-04,4.533779e-04,6.911403e+00,6.719534e+00,6.568663e+00,5.937904e+00
2.122500e-11,-3.429483e-04,2.494787e-05,2.244203e-04,4.595899e-04,6.885000e+00,6.720942e+00,6.585444e+00,5.972542e+00
2.125000e-11,-3.312713e-04,3.739149e-05,2.301064e-04,4.637544e-04,6.859422e+00,6.723305e+00,6.602691e+00,6.007574e+00
2.127500e-11,-3.180724e-04,4.950678e-05,2.348935e-04,4.658558e-04,6.834788e+00,6.726600e+00,6.620336e+00,6.042843e+00
2.130000e-11,-3.034183e-04,6.124595e-05,2.387784e-04,4.658904e-04,6.811211e+00,6.730800e+00,6.638309e+00,6.078193e+00
2.132500e-11,-2.873841e-04,7.256394e-05,2.417619e-04,4.638675e-04,6.788798e+00,6.735875e+00,6.656544e+00,6.113468e+00
2.135000e-11,-2.700528e-04,8.341864e-05,2.438485e-04,4.598087e-04,6.767651e+00,6.741791e+00,6.674971e+00,6.148512e+00
2.137500e-11,-2.515148e-04,9.377105e-05,2.450465e-04,4.537482e-04,6.747865e+00,6.748512e+00,6.693523e+00,6.183172e+00
2.140000e-11,-2.318675e-04,1.035854e-04,2.453674e-04,4.457325e-04,6.729527e+00,6.755998e+00,6.712133e+00,6.217298e+00
2.142500e-11,-2.112143e-04,1.128293e-04,2.448263e-04,4.358197e-04,6.712719e+00,6.764207e+00,6.730735e+00,6.250745e+00
2.145000e-11,-1.896645e-04,1.214739e-04,2.434411e-04,4.240795e-04,6.697510e+00,6.773095e+00,6.749264e+00,6.283370e+00
2.147500e-11,-1.673320e-04,1.294938e-04,2.412329e-04,4.105921e-04,6.683967e+00,6.782616e+00,6.767657e+00,6.315038e+00
2.150000e-11,-1.443350e-04,1.368673e-04,2.382254e-04,3.954476e-04,6.672143e+00,6.792721e+00,6.785853e+00,6.345621e+00
2.152500e-11,-1.207947e-04,1.435764e-04,2.344450e-04,3.787454e-04,6.662085e+00,6.803360e+00,6.803790e+00,6.374995e+00
2.155000e-11,-9.683518e-05,1.496065e-04,2.299201e-04,3.605932e-04,6.653828e+00,6.814483e+00,6.821413e+00,6.403048e+00
2.157500e-11,-7.258207e-05,1.549468e-04,2.246815e-04,3.411059e-04,6.647400e+00,6.826037e+00,6.838666e+00,6.429673e+00
2.160000e-11,-4.816197e-05,1.595900e-04,2.187617e-04,3.204049e-04,6.642818e+00,6.837971e+00,6.855496e+00,6.454775e+00
2.162500e-11,-2.370159e-05,1.635325e-04,2.121949e-04,2.986170e-04,6.640090e+00,6.850230e+00,6.871851e+00,6.478264e+00
2.165000e-11,6.730407e-07,1.667738e-04,2.050168e-04,2.758734e-04,6.639215e+00,6.862762e+00,6.887686e+00,6.500065e+00
2.167500e-11,2.483732e-05,1.693169e-04,1.972644e-04,2.523088e-04,6.640182e+00,6.875514e+00,6.902954e+00,6.520109e+00
2.170000e-11,4.866888e-05,1.711679e-04,1.889755e-04,2.280605e-04,6.642968e+00,6.888433e+00,6.917613e+00,6.538340e+00
2.172500e-11,7.204830e-05,1.723360e-04,1.801890e-04,2.032677e-04,6.647546e+00,6.901467e+00,6.931625e+00,6.554711e+00
2.175000e-11,9.485985e-05,1.728333e-04,1.709443e-04,1.780700e-04,6.653876e+00,6.914565e+00,6.944953e+00,6.569186e+00
2.177500e-11,1.169922e-04,1.726744e-04,1.612816e-04,1.526073e-04,6.661910e+00,6.927675e+00,6.957563e+00,6.581739e+00
2.180000e-11,1.383388e-04,1.718765e-04,1.512411e-04,1.270188e-04,6.671594e+00,6.940749e+00,6.969425e+00,6.592356e+00
2.182500e-11,1.587992e-04,1.704593e-04,1.408636e-04,1.014420e-04,6.682864e+00,6.953740e+00,6.980513e+00,6.601033e+00
2.185000e-11,1.782788e-04,1.684444e-04,1.301896e-04,7.601261e-05,6.695649e+00,6.966600e+00,6.990802e+00,6.607774e+00
2.187500e-11,1.966897e-04,1.658554e-04,1.192600e-04,5.086333e-05,6.709872e+00,6.979287e+00,7.000272e+00,6.612597e+00
2.190000e-11,2.139514e-04,1.627175e-04,1.081152e-04,2.612365e-05,6.725448e+00,6.991756e+00,7.008903e+00,6.615528e+00
2.192500e-11,2.299911e-04,1.590576e-04,9.679555e-05,1.919130e-06,6.742287e+00,7.003967e+00,7.016682e+00,6.616602e+00
2.195000e-11,2.447438e-04,1.549036e-04,8.534119e-05,-2.162905e-05,6.760294e+00,7.015882e+00,7.023597e+00,6.615864e+00
2.197500e-11,2.581528e-04,1.502849e-04,7.379179e-05,-4.440464e-05,6.779370e+00,7.027465e+00,7.029639e+00,6.613370e+00
2.200000e-11,2.701700e-04,1.452313e-04,6.218661e-05,-6.629673e-05,6.799411e+00,7.038680e+00,7.034803e+00,6.609181e+00
2.202500e-11,2.807561e-04,1.397737e-04,5.056445e-05,-8.720027e-05,6.820309e+00,7.049497e+00,7.039084e+00,6.603369e+00
2.205000e-11,2.898802e-04,1.339432e-04,3.896357e-05,-1.070165e-04,6.841956e+00,7.059886e+00,7.042485e+00,6.596012e+00
2.207500e-11,2.975205e-04,1.277715e-04,2.742166e-05,-1.256532e-04,6.864238e+00,7.069820e+00,7.045007e+00,6.587196e+00
2.210000e-11,3.036638e-04,1.212903e-04,1.597582e-05,-1.430254e-04,6.887044e+00,7.079273e+00,7.046657e+00,6.577014e+00
2.212500e-11,3.083052e-04,1.145315e-04,4.662484e-06,-1.590555e-04,6.910259e+00,7.088225e+00,7.047443e+00,6.565566e+00
2.215000e-11,3.114486e-04,1.075266e-04,-6.482587e-06,-1.736737e-04,6.933770e+00,7.096654e+00,7.047377e+00,6.552954e+00
2.217500e-11,3.131055e-04,1.003072e-04,-1.742435e-05,-1.868184e-04,6.957463e+00,7.104543e+00,7.046472e+00,6.539289e+00
2.220000e-11,3.132954e-04,9.290421e-05,-2.812852e-05,-1.984363e-04,6.981227e+00,7.111878e+00,7.044746e+00,6.524685e+00
2.222500e-11,3.120450e-04,8.534829e-05,-3.856160e-05,-2.084830e-04,7.004951e+00,7.118645e+00,7.042218e+00,6.509259e+00
2.225000e-11,3.093880e-04,7.766945e-05,-4.869097e-05,-2.169230e-04,7.028527e+00,7.124834e+00,7.038909e+00,6.493132e+00
2.227500e-11,3.053644e-04,6.989706e-05,-5.848486e-05,-2.237297e-04,7.051850e+00,7.130437e+00,7.034845e+00,6.476425e+00
2.230000e-11,3.000200e-04,6.205977e-05,-6.791247e-05,-2.288860e-04,7.074818e+00,7.135448e+00,7.030051e+00,6.459266e+00
2.232500e-11,2.934062e-04,5.418545e-05,-7.694403e-05,-2.323839e-04,7.097333e+00,7.139862e+00,7.024556e+00,6.441777e+00
2.235000e-11,2.855791e-04,4.630114e-05,-8.555081e-05,-2.342249e-04,7.119300e+00,7.143678e+00,7.018392e+00,6.424086e+00
2.237500e-11,2.765989e-04,3.843299e-05,-9.370527e-05,-2.344198e-04,7.140630e+00,7.146896e+00,7.011592e+00,6.406317e+00
2.240000e-11,2.665296e-04,3.060624e-05,-1.013811e-04,-2.329884e-04,7.161238e+00,7.149519e+00,7.004191e+00,6.388595e+00
2.242500e-11,2.554385e-04,2.284519e-05,-1.085532e-04,-2.299598e-04,7.181043e+00,7.151550e+00,6.996226e+00,6.371042e+00
2.245000e-11,2.433954e-04,1.517318e-05,-1.151982e-04,-2.253715e-04,7.199971e+00,7.152996e+00,6.987738e+00,6.353778e+00
2.247500e-11,2.304722e-04,7.612556e-06,-1.212938e-04,-2.192699e-04,7.217952e+00,7.153863e+00,6.978766e+00,6.336919e+00
2.250000e-11,2.167426e-04,1.846863e-07,-1.268196e-04,-2.117093e-04,7.234922e+00,7.154162e+00,6.969353e+00,6.320578e+00
2.252500e-11,2.022815e-04,-7.090067e-06,-1.317568e-04,-2.027517e-04,7.250822e+00,7.153902e+00,6.959542e+00,6.304863e+00
2.255000e-11,1.871644e-04,-1.419234e-05,-1.360886e-04,-1.924666e-04,7.265601e+00,7.153097e+00,6.949380e+00,6.289878e+00
2.257500e-11,1.714676e-04,-2.110378e-05,-1.397999e-04,-1.809299e-04,7.279211e+00,7.151760e+00,6.938913e+00,6.275720e+00
2.260000e-11,1.552673e-04,-2.780702e-05,-1.428777e-04,-1.682242e-04,7.291610e+00,7.149906e+00,6.928189e+00,6.262482e+00
2.262500e-11,1.386397e-04,-3.428573e-05,-1.453112e-04,-1.544374e-04,7.302765e+00,7.147551e+00,6.917255e+00,6.250248e+00
2.265000e-11,1.216602e-04,-4.052453e-05,-1.470918e-04,-1.396625e-04,7.312644e+00,7.144714e+00,6.906161e+00,6.239097e+00
2.267500e-11,1.044039e-04,-4.650906e-05,-1.482132e-04,-1.239972e-04,7.321224e+00,7.141413e+00,6.894958e+00,6.229100e+00
2.270000e-11,8.694496e-05,-5.222596e-05,-1.486715e-04,-1.075429e-04,7.328487e+00,7.137668e+00,6.883694e+00,6.220322e+00
2.272500e-11,6.935628e-05,-5.766283e-05,-1.484654e-04,-9.040392e-05,7.334421e+00,7.133500e+00,6.872421e+00,6.212818e+00
2.275000e-11,5.170979e-05,-6.280827e-05,-1.475959e-04,-7.268751e-05,7.339017e+00,7.128929e+00,6.861188e+00,6.206635e+00
2.277500e-11,3.407599e-05,-6.765185e-05,-1.460670e-04,-5.450261e-05,7.342275e+00,7.123980e+00,6.850047e+00,6.201814e+00
2.280000e-11,1.652402e-05,-7.218412e-05,-1.438850e-04,-3.595944e-05,7.344198e+00,7.118675e+00,6.839047e+00,6.198386e+00
2.282500e-11,-8.785563e-07,-7.639660e-05,-1.410591e-04,-1.716889e-05,7.344794e+00,7.113037e+00,6.828236e+00,6.196374e+00
2.285000e-11,-1.806574e-05,-8.028178e-05,-1.376011e-04,1.758202e-06,7.344078e+00,7.107092e+00,6.817664e+00,6.195792e+00
2.287500e-11,-3.497324e-05,-8.383313e-05,-1.335256e-04,2.071156e-05,7.342068e+00,7.100865e+00,6.807379e+00,6.196647e+00
2.290000e-11,-5.153851e-05,-8.704509e-05,-1.288496e-04,3.958214e-05,7.338788e+00,7.094381e+00,6.797425e+00,6.198937e+00
2.292500e-11,-6.770085e-05,-8.991305e-05,-1.235932e-04,5.826268e-05,7.334267e+00,7.087667e+00,6.787848e+00,6.202651e+00
2.295000e-11,-8.340147e-05,-9.243339e-05,-1.177788e-04,7.664830e-05,7.328536e+00,7.080747e+00,6.778691e+00,6.207770e+00
2.297500e-11,-9.858359e-05,-9.460344e-05,-1.114313e-04,9.463701e-05,7.321633e+00,7.073650e+00,6.769995e+00,6.214269e+00
2.300000e-11,-1.131925e-04,-9.642152e-05,-1.045781e-04,1.121303e-04,7.313600e+00,7.066401e+00,6.761801e+00,6.222114e+00
2.302500e-11,-1.271757e-04,-9.788688e-05,-9.724917e-05,1.290336e-04,7.304481e+00,7.059028e+00,6.754144e+00,6.231264e+00
2.305000e-11,-1.404830e-04,-9.899974e-05,-8.947638e-05,1.452569e-04,7.294328e+00,7.051556e+00,6.747061e+00,6.241670e+00
2.307500e-11,-1.530667e-04,-9.976130e-05,-8.129387e-05,1.607151e-04,7.283191e+00,7.044014e+00,6.740583e+00,6.253277e+00
2.310000e-11,-1.648816e-04,-1.001737e-04,-7.273772e-05,1.753283e-04,7.271129e+00,7.036427e+00,6.734740e+00,6.266026e+00
2.312500e-11,-1.758852e-04,-1.002399e-04,-6.384578e-05,1.890228e-04,7.258201e+00,7.028821e+00,6.729559e+00,6.279847e+00
2.315000e-11,-1.860379e-04,-9.996408e-05,-5.465756e-05,2.017307e-04,7.244471e+00,7.021224e+00,6.725064e+00,6.294671e+00
2.317500e-11,-1.953033e-04,-9.935102e-05,-4.521398e-05,2.133910e-04,7.230003e+00,7.013660e+00,6.721276e+00,6.310419e+00
2.320000e-11,-2.036479e-04,-9.840657e-05,-3.555721e-05,2.239494e-04,7.214868e+00,7.006155e+00,6.718212e+00,6.327009e+00
2.322500e-11,-2.110421e-04,-9.713744e-05,-2.573050e-05,2.333586e-04,7.199135e+00,6.998734e+00,6.715888e+00,6.344357e+00
2.325000e-11,-2.174593e-04,-9.555121e-05,-1.577790e-05,2.415791e-04,7.182878e+00,6.991422e+00,6.714315e+00,6.362374e+00
2.327500e-11,-2.228772e-04,-9.365628e-05,-5.744098e-06,2.485785e-04,7.166172e+00,6.984241e+00,6.713499e+00,6.380968e+00
2.330000e-11,-2.272771e-04,-9.146189e-05,4.325833e-06,2.543322e-04,7.149093e+00,6.977216e+00,6.713446e+00,6.400046e+00
2.332500e-11,-2.306446e-04,-8.897806e-05,1.438664e-05,2.588235e-04,7.131720e+00,6.970368e+00,6.714157e+00,6.419513e+00
2.335000e-11,-2.329696e-04,-8.621558e-05,2.439313e-05,2.620433e-04,7.114131e+00,6.963719e+00,6.715630e+00,6.439272e+00
2.337500e-11,-2.342464e-04,-8.318596e-05,3.430040e-05,2.639902e-04,7.096405e+00,6.957290e+00,6.717857e+00,6.459228e+00
2.340000e-11,-2.344736e-04,-7.990141e-05,4.406406e-05,2.646704e-04,7.078622e+00,6.951101e+00,6.720832e+00,6.479283e+00
2.342500e-11,-2.336550e-04,-7.637479e-05,5.364047e-05,2.640975e-04,7.060862e+00,6.945170e+00,6.724539e+00,6.499343e+00
2.345000e-11,-2.317985e-04,-7.261957e-05,6.298694e-05,2.622926e-04,7.043203e+00,6.939515e+00,6.728965e+00,6.519312e+00
2.347500e-11,-2.289174e-04,-6.864981e-05,7.206199e-05,2.592833e-04,7.025724e+00,6.934154e+00,6.734090e+00,6.539100e+00
2.350000e-11,-2.250293e-04,-6.448007e-05,8.082553e-05,2.551043e-04,7.008501e+00,6.929101e+00,6.739891e+00,6.558614e+00
2.352500e-11,-2.201569e-04,-6.012541e-05,8.923906e-05,2.497962e-04,6.991611e+00,6.924372e+00,6.746344e+00,6.577770e+00
2.355000e-11,-2.143274e-04,-5.560132e-05,9.726589e-05,2.434059e-04,6.975127e+00,6.919980e+00,6.753421e+00,6.596481e+00
2.357500e-11,-2.075729e-04,-5.092368e-05,1.048713e-04,2.359854e-04,6.959121e+00,6.915937e+00,6.761091e+00,6.614669e+00
2.360000e-11,-1.999298e-04,-4.610870e-05,1.120228e-04,2.275920e-04,6.943660e+00,6.912254e+00,6.769321e+00,6.632258e+00
2.362500e-11,-1.914391e-04,-4.117288e-05,1.186900e-04,2.182875e-04,6.928812e+00,6.908942e+00,6.778075e+00,6.649175e+00
2.365000e-11,-1.821456e-04,-3.613294e-05,1.248452e-04,2.081377e-04,6.914638e+00,6.906008e+00,6.787315e+00,6.665355e+00
2.367500e-11,-1.720985e-04,-3.100580e-05,1.304633e-04,1.972119e-04,6.901198e+00,6.903459e+00,6.797002e+00,6.680735e+00
2.370000e-11,-1.613504e-04,-2.580850e-05,1.355217e-04,1.855827e-04,6.888547e+00,6.901303e+00,6.807094e+00,6.695260e+00
2.372500e-11,-1.499575e-04,-2.055815e-05,1.400006e-04,1.733251e-04,6.876736e+00,6.899543e+00,6.817548e+00,6.708880e+00
2.375000e-11,-1.379788e-04,-1.527189e-05,1.438834e-04,1.605161e-04,6.865811e+00,6.898183e+00,6.828319e+00,6.721548e+00
2.377500e-11,-1.254763e-04,-9.966830e-06,1.471560e-04,1.472345e-04,6.855815e+00,6.897225e+00,6.839362e+00,6.733228e+00
2.380000e-11,-1.125144e-04,-4.660010e-06,1.498075e-04,1.335599e-04,6.846785e+00,6.896670e+00,6.850630e+00,6.743884e+00
2.382500e-11,-9.915944e-05,6.316689e-07,1.518300e-04,1.195729e-04,6.838753e+00,6.896517e+00,6.862075e+00,6.753492e+00
2.385000e-11,-8.547939e-05,5.891482e-06,1.532187e-04,1.053541e-04,6.831747e+00,6.896764e+00,6.873649e+00,6.762030e+00
2.387500e-11,-7.154348e-05,1.110293e-05,1.539714e-04,9.098387e-05,6.825789e+00,6.897409e+00,6.885304e+00,6.769484e+00
2.390000e-11,-5.742176e-05,1.624980e-05,1.540893e-04,7.654194e-05,6.820895e+00,6.898446e+00,6.896993e+00,6.775844e+00
2.392500e-11,-4.318467e-05,2.131619e-05,1.535763e-04,6.210709e-05,6.817076e+00,6.899872e+00,6.908667e+00,6.781110e+00
2.395000e-11,-2.890267e-05,2.628657e-05,1.524391e-04,4.775666e-05,6.814340e+00,6.901678e+00,6.920278e+00,6.785284e+00
2.397500e-11,-1.464581e-05,3.114581e-05,1.506873e-04,3.356627e-05,6.812686e+00,6.903858e+00,6.931779e+00,6.788375e+00
2.400000e-11,-4.832980e-07,3.587925e-05,1.483332e-04,1.960945e-05,6.812110e+00,6.906401e+00,6.943125e+00,6.790398e+00
2.402500e-11,1.351685e-05,4.047271e-05,1.453916e-04,5.957352e-06,6.812603e+00,6.909299e+00,6.954270e+00,6.791374e+00
2.405000e-11,2.728821e-05,4.491254e-05,1.418797e-04,-7.321561e-06,6.814149e+00,6.912539e+00,6.965170e+00,6.791329e+00
2.407500e-11,4.076635e-05,4.918566e-05,1.378172e-04,-2.016179e-05,6.816729e+00,6.916110e+00,6.975783e+00,6.790293e+00
2.410000e-11,5.388912e-05,5.327958e-05,1.332261e-04,-3.250108e-05,6.820318e+00,6.919998e+00,6.986067e+00,6.788301e+00
2.412500e-11,6.659707e-05,5.718246e-05,1.281302e-04,-4.428065e-05,6.824887e+00,6.924190e+00,6.995984e+00,6.785395e+00
2.415000e-11,7.883367e-05,6.088309e-05,1.225556e-04,-5.544542e-05,6.830402e+00,6.928671e+00,7.005496e+00,6.781619e+00
2.417500e-11,9.054568e-05,6.437096e-05,1.165299e-04,-6.594427e-05,6.836826e+00,6.933424e+00,7.014568e+00,6.777020e+00
2.420000e-11,1.016834e-04,6.763630e-05,1.100826e-04,-7.573022e-05,6.844117e+00,6.938434e+00,7.023167e+00,6.771652e+00
2.422500e-11,1.122007e-04,7.067002e-05,1.032446e-04,-8.476059e-05,6.852229e+00,6.943683e+00,7.031262e+00,6.765570e+00
2.425000e-11,1.220557e-04,7.346384e-05,9.604808e-05,-9.299724e-05,6.861114e+00,6.949153e+00,7.038824e+00,6.758834e+00
2.427500e-11,1.312105e-04,7.601020e-05,8.852666e-05,-1.004067e-04,6.870721e+00,6.954826e+00,7.045828e+00,6.751503e+00
2.430000e-11,1.396314e-04,7.830237e-05,8.071488e-05,-1.069601e-04,6.880994e+00,6.960682e+00,7.052250e+00,6.743643e+00
2.432500e-11,1.472893e-04,8.033439e-05,7.264825e-05,-1.126338e-04,6.891878e+00,6.966702e+00,7.058070e+00,6.735319e+00
2.435000e-11,1.541594e-04,8.210112e-05,6.436304e-05,-1.174089e-04,6.903313e+00,6.972867e+00,7.063270e+00,6.726598e+00
2.437500e-11,1.602215e-04,8.359824e-05,5.589617e-05,-1.212716e-04,6.915238e+00,6.979155e+00,7.067834e+00,6.717550e+00
2.440000e-11,1.654599e-04,8.482225e-05,4.728506e-05,-1.242133e-04,6.927593e+00,6.985547e+00,7.071749e+00,6.708243e+00
2.442500e-11,1.698634e-04,8.577048e-05,3.856748e-05,-1.262304e-04,6.940313e+00,6.992021e+00,7.075008e+00,6.698749e+00
2.445000e-11,1.734255e-04,8.644108e-05,2.978141e-05,-1.273246e-04,6.953336e+00,6.998557e+00,7.077602e+00,6.689136e+00
2.447500e-11,1.761437e-04,8.683305e-05,2.096492e-05,-1.275025e-04,6.966597e+00,7.005133e+00,7.079529e+00,6.679474e+00
2.450000e-11,1.780203e-04,8.694619e-05,1.215604e-05,-1.267759e-04,6.980033e+00,7.011728e+00,7.080787e+00,6.669834e+00
2.452500e-11,1.790612e-04,8.678112e-05,3.392584e-06,-1.251613e-04,6.993580e+00,7.018321e+00,7.081378e+00,6.660282e+00
2.455000e-11,1.792768e-04,8.633930e-05,-5.287914e-06,-1.226803e-04,7.007174e+00,7.024891e+00,7.081307e+00,6.650885e+00
2.457500e-11,1.786811e-04,8.562298e-05,-1.384839e-05,-1.193588e-04,7.020755e+00,7.031417e+00,7.080582e+00,6.641708e+00
2.460000e-11,1.772919e-04,8.463519e-05,-2.225236e-05,-1.152276e-04,7.034260e+00,7.037879e+00,7.079213e+00,6.632814e+00
2.462500e-11,1.751301e-04,8.337977e-05,-3.046403e-05,-1.103214e-04,7.047631e+00,7.044255e+00,7.077214e+00,6.624262e+00
2.465000e-11,1.722202e-04,8.186132e-05,-3.844847e-05,-1.046792e-04,7.060809e+00,7.050526e+00,7.074601e+00,6.616110e+00
2.467500e-11,1.685895e-04,8.008520e-05,-4.617169e-05,-9.834356e-05,7.073740e+00,7.056673e+00,7.071392e+00,6.608413e+00
2.470000e-11,1.642680e-04,7.805750e-05,-5.360083e-05,-9.136080e-05,7.086369e+00,7.062674e+00,7.067607e+00,6.601220e+00
2.472500e-11,1.592882e-04,7.578506e-05,-6.070423e-05,-8.378027e-05,7.098645e+00,7.068513e+00,7.063272e+00,6.594580e+00
2.475000e-11,1.536850e-04,7.327541e-05,-6.745160e-05,-7.565426e-05,7.110520e+00,7.074170e+00,7.058411e+00,6.588535e+00
2.477500e-11,1.474951e-04,7.053677e-05,-7.381413e-05,-6.703758e-05,7.121948e+00,7.079627e+00,7.053052e+00,6.583125e+00
2.480000e-11,1.407570e-04,6.757802e-05,-7.976462e-05,-5.798728e-05,7.132886e+00,7.084869e+00,7.047227e+00,6.578385e+00
2.482500e-11,1.335107e-04,6.440870e-05,-8.527760e-05,-4.856222e-05,7.143293e+00,7.089878e+00,7.040966e+00,6.574346e+00
2.485000e-11,1.257975e-04,6.103898e-05,-9.032947e-05,-3.882273e-05,7.153132e+00,7.094639e+00,7.034305e+00,6.571034e+00
2.487500e-11,1.176596e-04,5.747962e-05,-9.489860e-05,-2.883022e-05,7.162371e+00,7.099137e+00,7.027278e+00,6.568469e+00
2.490000e-11,1.091401e-04,5.374196e-05,-9.896543e-05,-1.864683e-05,7.170977e+00,7.103358e+00,7.019924e+00,6.566670e+00
2.492500e-11,1.002828e-04,4.983788e-05,-1.025126e-04,-8.334994e-06,7.178925e+00,7.107288e+00,7.012282e+00,6.565648e+00
2.495000e-11,9.113168e-05,4.577983e-05,-1.055251e-04,2.042882e-06,7.186189e+00,7.110917e+00,7.004390e+00,6.565411e+00
2.497500e-11,8.173109e-05,4.158070e-05,-1.079903e-04,1.242484e-05,7.192750e+00,7.114232e+00,6.996291e+00,6.565962e+00
2.500000e-11,7.212533e-05,3.725391e-05,-1.098979e-04,2.274972e-05,7.198589e+00,7.117224e+00,6.988025e+00,6.567297e+00
2.502500e-11,6.235858e-05,3.281328e-05,-1.112404e-04,3.295752e-05,7.203693e+00,7.119883e+00,6.979637e+00,6.569411e+00
2.505000e-11,5.247469e-05,2.827306e-05,-1.120128e-04,4.298977e-05,7.208052e+00,7.122201e+00,6.971168e+00,6.572293e+00
2.507500e-11,4.251709e-05,2.364789e-05,-1.122127e-04,5.278982e-05,7.211659e+00,7.124172e+00,6.962662e+00,6.575927e+00
2.510000e-11,3.252860e-05,1.895272e-05,-1.118406e-04,6.230322e-05,7.214508e+00,7.125788e+00,6.954163e+00,6.580294e+00
2.512500e-11,2.255132e-05,1.420286e-05,-1.108995e-04,7.147798e-05,7.216600e+00,7.127046e+00,6.945714e+00,6.585369e+00
2.515000e-11,1.262652e-05,9.413854e-06,-1.093955e-04,8.026488e-05,7.217936e+00,7.127942e+00,6.937358e+00,6.591125e+00
2.517500e-11,2.794512e-06,4.601513e-06,-1.073371e-04,8.861772e-05,7.218524e+00,7.128474e+00,6.929136e+00,6.597532e+00
2.520000e-11,-6.905474e-06,-2.181667e-07,-1.047357e-04,9.649356e-05,7.218370e+00,7.128640e+00,6.921092e+00,6.604554e+00
2.522500e-11,-1.643536e-05,-5.029030e-06,-1.016054e-04,1.038529e-04,7.217486e+00,7.128441e+00,6.913265e+00,6.612154e+00
2.525000e-11,-2.575831e-05,-9.814807e-06,-9.796304e-05,1.106601e-04,7.215887e+00,7.127878e+00,6.905695e+00,6.620292e+00
2.527500e-11,-3.483889e-05,-1.455916e-05,-9.382784e-05,1.168830e-04,7.213590e+00,7.126952e+00,6.898420e+00,6.628924e+00
2.530000e-11,-4.364305e-05,-1.924573e-05,-8.922163e-05,1.224938e-04,7.210614e+00,7.125669e+00,6.891476e+00,6.638004e+00
2.532500e-11,-5.213830e-05,-2.385818e-05,-8.416865e-05,1.274686e-04,7.206981e+00,7.124034e+00,6.884899e+00,6.647486e+00
2.535000e-11,-6.029375e-05,-2.838025e-05,-7.869537e-05,1.317876e-04,7.202717e+00,7.122051e+00,6.878722e+00,6.657321e+00
2.537500e-11,-6.808018e-05,-3.279583e-05,-7.283043e-05,1.354353e-04,7.197848e+00,7.119729e+00,6.872974e+00,6.667458e+00
2.540000e-11,-7.547014e-05,-3.708896e-05,-6.660447e-05,1.384004e-04,7.192403e+00,7.117077e+00,6.867685e+00,6.677846e+00
2.542500e-11,-8.243803e-05,-4.124394e-05,-6.004995e-05,1.406758e-04,7.186413e+00,7.114104e+00,6.862881e+00,6.688433e+00
2.545000e-11,-8.896012e-05,-4.524537e-05,-5.320102e-05,1.422588e-04,7.179911e+00,7.110822e+00,6.858586e+00,6.699166e+00
2.547500e-11,-9.501469e-05,-4.907820e-05,-4.609328e-05,1.431505e-04,7.172932e+00,7.107243e+00,6.854820e+00,6.709993e+00
2.550000e-11,-1.005820e-04,-5.272781e-05,-3.876364e-05,1.433563e-04,7.165512e+00,7.103379e+00,6.851601e+00,6.720862e+00
2.552500e-11,-1.056446e-04,-5.618002e-05,-3.125007e-05,1.428854e-04,7.157689e+00,7.099246e+00,6.848946e+00,6.731721e+00
2.555000e-11,-1.101869e-04,-5.942123e-05,-2.359142e-05,1.417508e-04,7.149501e+00,7.094859e+00,6.846866e+00,6.742519e+00
2.557500e-11,-1.141957e-04,-6.243842e-05,-1.582720e-05,1.399692e-04,7.140988e+00,7.090235e+00,6.845371e+00,6.753207e+00
2.560000e-11,-1.176601e-04,-6.521923e-05,-7.997310e-06,1.375607e-04,7.132192e+00,7.085391e+00,6.844468e+00,6.763736e+00
2.562500e-11,-1.205715e-04,-6.775205e-05,-1.418969e-07,1.345486e-04,7.123154e+00,7.080345e+00,6.844160e+00,6.774060e+00
2.565000e-11,-1.229235e-04,-7.002602e-05,7.698939e-06,1.309594e-04,7.113916e+00,7.075117e+00,6.844447e+00,6.784133e+00
2.567500e-11,-1.247122e-04,-7.203116e-05,1.548534e-05,1.268224e-04,7.104522e+00,7.069726e+00,6.845327e+00,6.793913e+00
2.570000e-11,-1.259360e-04,-7.375836e-05,2.317792e-05,1.221693e-04,7.095012e+00,7.064194e+00,6.846794e+00,6.803360e+00
2.572500e-11,-1.265958e-04,-7.519950e-05,3.073799e-05,1.170345e-04,7.085431e+00,7.058542e+00,6.848840e+00,6.812436e+00
2.575000e-11,-1.266949e-04,-7.634745e-05,3.812776e-05,1.114541e-04,7.075822e+00,7.052791e+00,6.851452e+00,6.821106e+00
2.577500e-11,-1.262389e-04,-7.719618e-05,4.531057e-05,1.054664e-04,7.066225e+00,7.046965e+00,6.854618e+00,6.829337e+00
2.580000e-11,-1.252358e-04,-7.774074e-05,5.225107e-05,9.911103e-05,7.056684e+00,7.041086e+00,6.858319e+00,6.837099e+00
2.582500e-11,-1.236960e-04,-7.797735e-05,5.891540e-05,9.242915e-05,7.047240e+00,7.035177e+00,6.862537e+00,6.844368e+00
2.585000e-11,-1.216321e-04,-7.790343e-05,6.527141e-05,8.546287e-05,7.037932e+00,7.029263e+00,6.867248e+00,6.851119e+00
2.587500e-11,-1.190590e-04,-7.751762e-05,7.128882e-05,7.825518e-05,7.028800e+00,7.023365e+00,6.872428e+00,6.857332e+00
2.590000e-11,-1.159938e-04,-7.681983e-05,7.693931e-05,7.084961e-05,7.019882e+00,7.017509e+00,6.878052e+00,6.862991e+00
2.592500e-11,-1.124557e-04,-7.581126e-05,8.219676e-05,6.329003e-05,7.011214e+00,7.011718e+00,6.884089e+00,6.868083e+00
2.595000e-11,-1.084658e-04,-7.449439e-05,8.703731e-05,5.562038e-05,7.002832e+00,7.006015e+00,6.890509e+00,6.872597e+00
2.597500e-11,-1.040471e-04,-7.287303e-05,9.143949e-05,4.788445e-05,6.994768e+00,7.000424e+00,6.897280e+00,6.876526e+00
2.600000e-11,-9.922447e-05,-7.095231e-05,9.538432e-05,4.012565e-05,6.987056e+00,6.994966e+00,6.904367e+00,6.879868e+00
2.602500e-11,-9.402438e-05,-6.873866e-05,9.885536e-05,3.238680e-05,6.979723e+00,6.989666e+00,6.911736e+00,6.882622e+00
2.605000e-11,-8.847483e-05,-6.623983e-05,1.018388e-04,2.470989e-05,6.972798e+00,6.984545e+00,6.919349e+00,6.884792e+00
2.607500e-11,-8.260516e-05,-6.346484e-05,1.043236e-04,1.713591e-05,6.966307e+00,6.979624e+00,6.927170e+00,6.886383e+00
2.610000e-11,-7.644596e-05,-6.042399e-05,1.063011e-04,9.704636e-06,6.960272e+00,6.974924e+00,6.935161e+00,6.887404e+00
2.612500e-11,-7.002886e-05,-5.712881e-05,1.077658e-04,2.454457e-06,6.954713e+00,6.970464e+00,6.943282e+00,6.887869e+00
2.615000e-11,-6.338638e-05,-5.359203e-05,1.087146e-04,-4.577802e-06,6.949651e+00,6.966263e+00,6.951494e+00,6.887792e+00
2.617500e-11,-5.655175e-05,-4.982751e-05,1.091470e-04,-1.135705e-05,6.945099e+00,6.962340e+00,6.959759e+00,6.887192e+00
2.620000e-11,-4.955876e-05,-4.585021e-05,1.090654e-04,-1.785006e-05,6.941072e+00,6.958710e+00,6.968037e+00,6.886087e+00
2.622500e-11,-4.244155e-05,-4.167613e-05,1.084747e-04,-2.402566e-05,6.937581e+00,6.955389e+00,6.976290e+00,6.884503e+00
2.625000e-11,-3.523445e-05,-3.732225e-05,1.073823e-04,-2.985480e-05,6.934632e+00,6.952392e+00,6.984479e+00,6.882462e+00
2.627500e-11,-2.797179e-05,-3.280643e-05,1.057980e-04,-3.531074e-05,6.932233e+00,6.949732e+00,6.992567e+00,6.879994e+00
2.630000e-11,-2.068773e-05,-2.814734e-05,1.037339e-04,-4.036910e-05,6.930386e+00,6.947420e+00,7.000516e+00,6.877127e+00
2.632500e-11,-1.341608e-05,-2.336439e-05,1.012047e-04,-4.500801e-05,6.929090e+00,6.945466e+00,7.008291e+00,6.873892e+00
2.635000e-11,-6.190134e-06,-1.847765e-05,9.822684e-05,-4.920815e-05,6.928345e+00,6.943879e+00,7.015857e+00,6.870322e+00
2.637500e-11,9.575157e-07,-1.350773e-05,9.481907e-05,-5.295285e-05,6.928145e+00,6.942666e+00,7.023181e+00,6.866450e+00
2.640000e-11,7.995112e-06,-8.475679e-06,9.100192e-05,-5.622816e-05,6.928484e+00,6.941832e+00,7.030231e+00,6.862312e+00
2.642500e-11,1.489191e-05,-3.402918e-06,8.679775e-05,-5.902285e-05,6.929350e+00,6.941382e+00,7.036976e+00,6.857943e+00
2.645000e-11,2.161830e-05,1.688886e-06,8.223056e-05,-6.132851e-05,6.930734e+00,6.941317e+00,7.043389e+00,6.853381e+00
2.647500e-11,2.814598e-05,6.777920e-06,7.732585e-05,-6.313949e-05,6.932621e+00,6.941639e+00,7.049443e+00,6.848663e+00
2.650000e-11,3.444805e-05,1.184233e-05,7.211047e-05,-6.445300e-05,6.934994e+00,6.942346e+00,7.055112e+00,6.843826e+00
2.652500e-11,4.049914e-05,1.686034e-05,6.661250e-05,-6.526900e-05,6.937836e+00,6.943435e+00,7.060376e+00,6.838909e+00
2.655000e-11,4.627554e-05,2.181032e-05,6.086109e-05,-6.559026e-05,6.941127e+00,6.944903e+00,7.065212e+00,6.833948e+00
2.657500e-11,5.175525e-05,2.667095e-05,5.488631e-05,-6.542226e-05,6.944845e+00,6.946743e+00,7.069604e+00,6.828981e+00
2.660000e-11,5.691810e-05,3.142128e-05,4.871899e-05,-6.477317e-05,6.948967e+00,6.948948e+00,7.073535e+00,6.824045e+00
2.662500e-11,6.174580e-05,3.604084e-05,4.239060e-05,-6.365379e-05,6.953468e+00,6.951508e+00,7.076992e+00,6.819176e+00
2.665000e-11,6.622201e-05,4.050975e-05,3.593308e-05,-6.207742e-05,6.958322e+00,6.954413e+00,7.079965e+00,6.814410e+00
2.667500e-11,7.033239e-05,4.480881e-05,2.937870e-05,-6.005982e-05,6.963502e+00,6.957650e+00,7.082443e+00,6.809779e+00
2.670000e-11,7.406460e-05,4.891961e-05,2.275990e-05,-5.761905e-05,6.968979e+00,6.961207e+00,7.084422e+00,6.805318e+00
2.672500e-11,7.740838e-05,5.282459e-05,1.610919e-05,-5.477539e-05,6.974725e+00,6.965067e+00,7.085897e+00,6.801057e+00
2.675000e-11,8.035547e-05,5.650713e-05,9.458959e-06,-5.155116e-05,6.980710e+00,6.969216e+00,7.086868e+00,6.797026e+00
2.677500e-11,8.289972e-05,5.995164e-05,2.841361e-06,-4.797062e-05,6.986903e+00,6.973635e+00,7.087336e+00,6.793253e+00
2.680000e-11,8.503696e-05,6.314362e-05,-3.711825e-06,-4.405978e-05,6.993274e+00,6.978305e+00,7.087303e+00,6.789764e+00
2.682500e-11,8.676504e-05,6.606975e-05,-1.016933e-05,-3.984622e-05,6.999791e+00,6.983208e+00,7.086778e+00,6.786583e+00
2.685000e-11,8.808380e-05,6.871790e-05,-1.650054e-05,-3.535896e-05,7.006424e+00,6.988323e+00,7.085767e+00,6.783732e+00
2.687500e-11,8.899495e-05,7.107723e-05,-2.267559e-05,-3.062822e-05,7.013142e+00,6.993627e+00,7.084282e+00,6.781231e+00
2.690000e-11,8.950211e-05,7.313821e-05,-2.866552e-05,-2.568528e-05,7.019914e+00,6.999099e+00,7.082335e+00,6.779096e+00
2.692500e-11,8.961067e-05,7.489268e-05,-3.444242e-05,-2.056225e-05,7.026710e+00,7.004716e+00,7.079942e+00,6.777343e+00
2.695000e-11,8.932773e-05,7.633383e-05,-3.997947e-05,-1.529187e-05,7.033499e+00,7.010454e+00,7.077119e+00,6.775984e+00
2.697500e-11,8.866205e-05,7.745630e-05,-4.525115e-05,-9.907349e-06,7.040252e+00,7.016289e+00,7.073887e+00,6.775030e+00
2.700000e-11,8.762394e-05,7.825612e-05,-5.023329e-05,-4.442096e-06,7.046940e+00,7.022197e+00,7.070265e+00,6.774487e+00
2.702500e-11,8.622517e-05,7.873078e-05,-5.490318e-05,1.070425e-06,7.053536e+00,7.028153e+00,7.066278e+00,6.774360e+00
2.705000e-11,8.447887e-05,7.887918e-05,-5.923970e-05,6.596926e-06,7.060013e+00,7.034133e+00,7.061949e+00,6.774652e+00
2.707500e-11,8.239944e-05,7.870166e-05,-6.322342e-05,1.210448e-05,7.066345e+00,7.040112e+00,7.057304e+00,6.775362e+00
2.710000e-11,8.000244e-05,7.819998e-05,-6.683663e-05,1.756073e-05,7.072507e+00,7.046066e+00,7.052371e+00,6.776488e+00
2.712500e-11,7.730448e-05,7.737729e-05,-7.006351e-05,2.293406e-05,7.078476e+00,7.051969e+00,7.047178e+00,6.778025e+00
2.715000e-11,7.432314e-05,7.623812e-05,-7.289015e-05,2.819379e-05,7.084230e+00,7.057797e+00,7.041756e+00,6.779965e+00
2.717500e-11,7.107682e-05,7.478833e-05,-7.530463e-05,3.331034e-05,7.089747e+00,7.063527e+00,7.036135e+00,6.782298e+00
2.720000e-11,6.758467e-05,7.303511e-05,-7.729710e-05,3.825539e-05,7.095009e+00,7.069136e+00,7.030347e+00,6.785014e+00
2.722500e-11,6.386648e-05,7.098690e-05,-7.885980e-05,4.300205e-05,7.099997e+00,7.074601e+00,7.024424e+00,6.788096e+00
2.725000e-11,5.994255e-05,6.865334e-05,-7.998713e-05,4.752501e-05,7.104695e+00,7.079899e+00,7.018399e+00,6.791531e+00
2.727500e-11,5.583362e-05,6.604527e-05,-8.067570e-05,5.180061e-05,7.109089e+00,7.085010e+00,7.012305e+00,6.795299e+00
2.730000e-11,5.156074e-05,6.317463e-05,-8.092431e-05,5.580706e-05,7.113165e+00,7.089913e+00,7.006175e+00,6.799381e+00
2.732500e-11,4.714521e-05,6.005442e-05,-8.073397e-05,5.952444e-05,7.116911e+00,7.094588e+00,7.000044e+00,6.803756e+00
2.735000e-11,4.260844e-05,5.669862e-05,-8.010794e-05,6.293487e-05,7.120317e+00,7.099018e+00,6.993943e+00,6.808402e+00
2.737500e-11,3.797188e-05,5.312215e-05,-7.905167e-05,6.602255e-05,7.123376e+00,7.103185e+00,6.987906e+00,6.813294e+00
2.740000e-11,3.325696e-05,4.934079e-05,-7.757281e-05,6.877382e-05,7.126079e+00,7.107073e+00,6.981965e+00,6.818407e+00
2.742500e-11,2.848493e-05,4.537113e-05,-7.568117e-05,7.117723e-05,7.128423e+00,7.110666e+00,6.976152e+00,6.823717e+00
2.745000e-11,2.367688e-05,4.123044e-05,-7.338865e-05,7.322354e-05,7.130404e+00,7.113952e+00,6.970498e+00,6.829194e+00
2.747500e-11,1.885355e-05,3.693668e-05,-7.070921e-05,7.490578e-05,7.132018e+00,7.116918e+00,6.965032e+00,6.834814e+00
2.750000e-11,1.403537e-05,3.250836e-05,-6.765878e-05,7.621921e-05,7.133267e+00,7.119553e+00,6.959784e+00,6.840547e+00
2.752500e-11,9.242291e-06,2.796450e-05,-6.425518e-05,7.716135e-05,7.134152e+00,7.121847e+00,6.954781e+00,6.846365e+00
2.755000e-11,4.493783e-06,2.332455e-05,-6.051803e-05,7.773192e-05,7.134674e+00,7.123793e+00,6.950048e+00,6.852242e+00
2.757500e-11,-1.912549e-07,1.860827e-05,-5.646864e-05,7.793283e-05,7.134839e+00,7.125384e+00,6.945611e+00,6.858147e+00
2.760000e-11,-4.794548e-06,1.383573e-05,-5.212989e-05,7.776810e-05,7.134651e+00,7.126615e+00,6.941492e+00,6.864054e+00
2.762500e-11,-9.298502e-06,9.027163e-06,-4.752612e-05,7.724384e-05,7.134117e+00,7.127483e+00,6.937712e+00,6.869934e+00
2.765000e-11,-1.368625e-05,4.202910e-06,-4.268297e-05,7.636812e-05,7.133246e+00,7.127985e+00,6.934291e+00,6.875762e+00
2.767500e-11,-1.794172e-05,-6.166476e-07,-3.762725e-05,7.515096e-05,7.132047e+00,7.128121e+00,6.931244e+00,6.881511e+00
2.770000e-11,-2.204963e-05,-5.411183e-06,-3.238679e-05,7.360416e-05,7.130531e+00,7.127892e+00,6.928589e+00,6.887154e+00
2.772500e-11,-2.599561e-05,-1.016050e-05,-2.699030e-05,7.174123e-05,7.128709e+00,7.127302e+00,6.926337e+00,6.892668e+00
2.775000e-11,-2.976616e-05,-1.484460e-05,-2.146716e-05,6.957731e-05,7.126594e+00,7.126353e+00,6.924499e+00,6.898030e+00
2.777500e-11,-3.334873e-05,-1.944377e-05,-1.584729e-05,6.712899e-05,7.124201e+00,7.125052e+00,6.923084e+00,6.903217e+00
2.780000e-11,-3.673172e-05,-2.393868e-05,-1.016098e-05,6.441424e-05,7.121542e+00,7.123406e+00,6.922098e+00,6.908208e+00
2.782500e-11,-3.990457e-05,-2.831041e-05,-4.438709e-06,6.145226e-05,7.118636e+00,7.121424e+00,6.921544e+00,6.912984e+00
2.785000e-11,-4.285769e-05,-3.254058e-05,1.289030e-06,5.826335e-05,7.115496e+00,7.119115e+00,6.921425e+00,6.917526e+00
2.787500e-11,-4.558256e-05,-3.661139e-05,6.991894e-06,5.486876e-05,7.112141e+00,7.116491e+00,6.921739e+00,6.921819e+00
2.790000e-11,-4.807171e-05,-4.050570e-05,1.263987e-05,5.129059e-05,7.108589e+00,7.113566e+00,6.922484e+00,6.925847e+00
2.792500e-11,-5.031874e-05,-4.420714e-05,1.820341e-05,4.755163e-05,7.104856e+00,7.110352e+00,6.923654e+00,6.929598e+00
2.795000e-11,-5.231833e-05,-4.770010e-05,2.365367e-05,4.367519e-05,7.100962e+00,7.106865e+00,6.925242e+00,6.933061e+00
2.797500e-11,-5.406623e-05,-5.096987e-05,2.896256e-05,3.968502e-05,7.096927e+00,7.103121e+00,6.927238e+00,6.936224e+00
2.800000e-11,-5.555931e-05,-5.400270e-05,3.410300e-05,3.560513e-05,7.092768e+00,7.099138e+00,6.929631e+00,6.939082e+00
2.802500e-11,-5.679551e-05,-5.678583e-05,3.904900e-05,3.145965e-05,7.088505e+00,7.094935e+00,6.932406e+00,6.941628e+00
2.805000e-11,-5.777384e-05,-5.930754e-05,4.377581e-05,2.727274e-05,7.084158e+00,7.090530e+00,6.935548e+00,6.943857e+00
2.807500e-11,-5.849438e-05,-6.155728e-05,4.826007e-05,2.306840e-05,7.079747e+00,7.085945e+00,6.939039e+00,6.945769e+00
2.810000e-11,-5.895830e-05,-6.352565e-05,5.247992e-05,1.887039e-05,7.075291e+00,7.081199e+00,6.942860e+00,6.947362e+00
2.812500e-11,-5.916777e-05,-6.520446e-05,5.641508e-05,1.470205e-05,7.070809e+00,7.076315e+00,6.946991e+00,6.948637e+00
2.815000e-11,-5.912600e-05,-6.658683e-05,6.004699e-05,1.058625e-05,7.066321e+00,7.071315e+00,6.951409e+00,6.949599e+00
2.817500e-11,-5.883718e-05,-6.766714e-05,6.335886e-05,6.545205e-06,7.061845e+00,7.066222e+00,6.956090e+00,6.950250e+00
2.820000e-11,-5.830648e-05,-6.844113e-05,6.633578e-05,2.600415e-06,7.057401e+00,7.061058e+00,6.961010e+00,6.950599e+00
2.822500e-11,-5.754000e-05,-6.890593e-05,6.896475e-05,-1.227472e-06,7.053005e+00,7.055847e+00,6.966143e+00,6.950654e+00
2.825000e-11,-5.654472e-05,-6.906002e-05,7.123475e-05,-4.918747e-06,7.048676e+00,7.050613e+00,6.971461e+00,6.950423e+00
2.827500e-11,-5.532848e-05,-6.890331e-05,7.313676e-05,-8.454736e-06,7.044432e+00,7.045378e+00,6.976937e+00,6.949917e+00
2.830000e-11,-5.389993e-05,-6.843712e-05,7.466380e-05,-1.181789e-05,7.040287e+00,7.040168e+00,6.982544e+00,6.949150e+00
2.832500e-11,-5.226850e-05,-6.766418e-05,7.581095e-05,-1.499185e-05,7.036258e+00,7.035004e+00,6.988252e+00,6.948136e+00
2.835000e-11,-5.044431e-05,-6.658864e-05,7.657533e-05,-1.796156e-05,7.032361e+00,7.029911e+00,6.994033e+00,6.946888e+00
2.837500e-11,-4.843816e-05,-6.521605e-05,7.695611e-05,-2.071329e-05,7.028609e+00,7.024911e+00,6.999857e+00,6.945423e+00
2.840000e-11,-4.626144e-05,-6.355332e-05,7.695445e-05,-2.323471e-05,7.025015e+00,7.020025e+00,7.005696e+00,6.943758e+00
2.842500e-11,-4.392610e-05,-6.160873e-05,7.657352e-05,-2.551494e-05,7.021593e+00,7.015277e+00,7.011520e+00,6.941911e+00
2.845000e-11,-4.144458e-05,-5.939187e-05,7.581843e-05,-2.754460e-05,7.018353e+00,7.010686e+00,7.017301e+00,6.939900e+00
2.847500e-11,-3.882975e-05,-5.691361e-05,7.469616e-05,-2.931586e-05,7.015307e+00,7.006274e+00,7.023010e+00,6.937745e+00
2.850000e-11,-3.609483e-05,-5.418603e-05,7.321553e-05,-3.082242e-05,7.012464e+00,7.002059e+00,7.028621e+00,6.935466e+00
2.852500e-11,-3.325334e-05,-5.122239e-05,7.138712e-05,-3.205956e-05,7.009832e+00,6.998060e+00,7.034107e+00,6.933083e+00
2.855000e-11,-3.031907e-05,-4.803707e-05,6.922316e-05,-3.302415e-05,7.007419e+00,6.994294e+00,7.039441e+00,6.930616e+00
2.857500e-11,-2.730594e-05,-4.464547e-05,6.673749e-05,-3.371465e-05,7.005232e+00,6.990778e+00,7.044599e+00,6.928086e+00
2.860000e-11,-2.422800e-05,-4.106395e-05,6.394545e-05,-3.413110e-05,7.003276e+00,6.987526e+00,7.049556e+00,6.925515e+00
2.862500e-11,-2.109935e-05,-3.730976e-05,6.086378e-05,-3.427508e-05,7.001556e+00,6.984553e+00,7.054291e+00,6.922922e+00
2.865000e-11,-1.793404e-05,-3.340095e-05,5.751051e-05,-3.414974e-05,7.000074e+00,6.981870e+00,7.058782e+00,6.920328e+00
2.867500e-11,-1.474605e-05,-2.935624e-05,5.390488e-05,-3.375971e-05,6.998833e+00,6.979490e+00,7.063009e+00,6.917754e+00
2.870000e-11,-1.154923e-05,-2.519501e-05,5.006718e-05,-3.311109e-05,6.997835e+00,6.977420e+00,7.066953e+00,6.915219e+00
2.872500e-11,-8.357199e-06,-2.093710e-05,4.601870e-05,-3.221140e-05,6.997079e+00,6.975670e+00,7.070598e+00,6.912742e+00
2.875000e-11,-5.183323e-06,-1.660280e-05,4.178158e-05,-3.106952e-05,6.996564e+00,6.974246e+00,7.073930e+00,6.910344e+00
2.877500e-11,-2.040648e-06,-1.221266e-05,3.737868e-05,-2.969562e-05,6.996289e+00,6.973153e+00,7.076933e+00,6.908040e+00
2.880000e-11,1.058153e-06,-7.787453e-06,3.283350e-05,-2.810107e-05,6.996251e+00,6.972394e+00,7.079597e+00,6.905849e+00
2.882500e-11,4.100833e-06,-3.348046e-06,2.817002e-05,-2.629843e-05,6.996446e+00,6.971971e+00,7.081911e+00,6.903787e+00
2.885000e-11,7.075612e-06,1.084722e-06,2.341262e-05,-2.430128e-05,6.996870e+00,6.971885e+00,7.083868e+00,6.901869e+00
2.887500e-11,9.971227e-06,5.490135e-06,1.858593e-05,-2.212419e-05,6.997516e+00,6.972135e+00,7.085462e+00,6.900109e+00
2.890000e-11,1.277697e-05,9.847705e-06,1.371473e-05,-1.978259e-05,6.998378e+00,6.972717e+00,7.086688e+00,6.898521e+00
2.892500e-11,1.548273e-05,1.413728e-05,8.823823e-06,-1.729271e-05,6.999450e+00,6.973627e+00,7.087543e+00,6.897116e+00
2.895000e-11,1.807901e-05,1.833913e-05,3.937931e-06,-1.467142e-05,7.000722e+00,6.974859e+00,7.088028e+00,6.895904e+00
2.897500e-11,2.055698e-05,2.243409e-05,-9.184346e-07,-1.193620e-05,7.002188e+00,6.976405e+00,7.088143e+00,6.894896e+00
2.900000e-11,2.290850e-05,2.640359e-05,-5.721075e-06,-9.104933e-06,7.003836e+00,6.978258e+00,7.087891e+00,6.894099e+00
2.902500e-11,2.512610e-05,3.022980e-05,-1.044622e-05,-6.195894e-06,7.005658e+00,6.980407e+00,7.087279e+00,6.893519e+00
2.905000e-11,2.720308e-05,3.389571e-05,-1.507062e-05,-3.227569e-06,7.007643e+00,6.982839e+00,7.086311e+00,6.893163e+00
2.907500e-11,2.913342e-05,3.738516e-05,-1.957169e-05,-2.185706e-07,7.009780e+00,6.985543e+00,7.084997e+00,6.893033e+00
2.910000e-11,3.091190e-05,4.068300e-05,-2.392755e-05,2.812480e-06,7.012058e+00,6.988505e+00,7.083348e+00,6.893132e+00
2.912500e-11,3.253402e-05,4.377508e-05,-2.811719e-05,5.847062e-06,7.014465e+00,6.991709e+00,7.081374e+00,6.893461e+00
2.915000e-11,3.399603e-05,4.664836e-05,-3.212052e-05,8.866869e-06,7.016989e+00,6.995140e+00,7.079089e+00,6.894020e+00
2.917500e-11,3.529496e-05,4.929097e-05,-3.591846e-05,1.185391e-05,7.019618e+00,6.998779e+00,7.076509e+00,6.894806e+00
2.920000e-11,3.642857e-05,5.169221e-05,-3.949307e-05,1.479062e-05,7.022339e+00,7.002610e+00,7.073649e+00,6.895817e+00
2.922500e-11,3.739535e-05,5.384265e-05,-4.282759e-05,1.765995e-05,7.025139e+00,7.006614e+00,7.070526e+00,6.897049e+00
2.925000e-11,3.819453e-05,5.573413e-05,-4.590651e-05,2.044547e-05,7.028007e+00,7.010771e+00,7.067161e+00,6.898495e+00
2.927500e-11,3.882608e-05,5.735982e-05,-4.871569e-05,2.313148e-05,7.030929e+00,7.015062e+00,7.063572e+00,6.900148e+00
2.930000e-11,3.929061e-05,5.871418e-05,-5.124238e-05,2.570304e-05,7.033893e+00,7.019465e+00,7.059781e+00,6.902001e+00
2.932500e-11,3.958946e-05,5.979306e-05,-5.347531e-05,2.814610e-05,7.036886e+00,7.023961e+00,7.055809e+00,6.904044e+00
2.935000e-11,3.972459e-05,6.059362e-05,-5.540471e-05,3.044758e-05,7.039895e+00,7.028528e+00,7.051679e+00,6.906267e+00
2.937500e-11,3.969861e-05,6.111439e-05,-5.702239e-05,3.259537e-05,7.042909e+00,7.033146e+00,7.047415e+00,6.908659e+00
2.940000e-11,3.951471e-05,6.135522e-05,-5.832177e-05,3.457846e-05,7.045915e+00,7.037792e+00,7.043040e+00,6.911207e+00
2.942500e-11,3.917667e-05,6.131730e-05,-5.929790e-05,3.638696e-05,7.048901e+00,7.042446e+00,7.038578e+00,6.913899e+00
2.945000e-11,3.868881e-05,6.100313e-05,-5.994749e-05,3.801214e-05,7.051855e+00,7.047087e+00,7.034055e+00,6.916721e+00
2.947500e-11,3.805596e-05,6.041645e-05,-6.026893e-05,3.944650e-05,7.054767e+00,7.051693e+00,7.029495e+00,6.919660e+00
2.950000e-11,3.728341e-05,5.956227e-05,-6.026230e-05,4.068372e-05,7.057626e+00,7.056245e+00,7.024924e+00,6.922700e+00
2.952500e-11,3.637692e-05,5.844680e-05,-5.992936e-05,4.171879e-05,7.060421e+00,7.060722e+00,7.020365e+00,6.925826e+00
2.955000e-11,3.534264e-05,5.707740e-05,-5.927354e-05,4.254794e-05,7.063143e+00,7.065105e+00,7.015843e+00,6.929022e+00
2.957500e-11,3.418710e-05,5.546253e-05,-5.829994e-05,4.316865e-05,7.065781e+00,7.069375e+00,7.011384e+00,6.932274e+00
2.960000e-11,3.291717e-05,5.361173e-05,-5.701527e-05,4.357971e-05,7.068328e+00,7.073513e+00,7.007010e+00,6.935565e+00
2.962500e-11,3.154001e-05,5.153552e-05,-5.542784e-05,4.378112e-05,7.070774e+00,7.077502e+00,7.002745e+00,6.938879e+00
2.965000e-11,3.006305e-05,4.924536e-05,-5.354751e-05,4.377415e-05,7.073112e+00,7.081326e+00,6.998612e+00,6.942201e+00
2.967500e-11,2.849394e-05,4.675359e-05,-5.138562e-05,4.356126e-05,7.075334e+00,7.084968e+00,6.994632e+00,6.945514e+00
2.970000e-11,2.684056e-05,4.407334e-05,-4.895497e-05,4.314611e-05,7.077434e+00,7.088414e+00,6.990826e+00,6.948803e+00
2.972500e-11,2.511089e-05,4.121850e-05,-4.626968e-05,4.253349e-05,7.079406e+00,7.091651e+00,6.987214e+00,6.952054e+00
2.975000e-11,2.331308e-05,3.820360e-05,-4.334517e-05,4.172928e-05,7.081243e+00,7.094664e+00,6.983815e+00,6.955251e+00
2.977500e-11,2.145534e-05,3.504380e-05,-4.019808e-05,4.074041e-05,7.082943e+00,7.097443e+00,6.980646e+00,6.958379e+00
2.980000e-11,1.954596e-05,3.175474e-05,-3.684610e-05,3.957481e-05,7.084499e+00,7.099978e+00,6.977724e+00,6.961426e+00
2.982500e-11,1.759324e-05,2.835252e-05,-3.330797e-05,3.824134e-05,7.085909e+00,7.102258e+00,6.975063e+00,6.964379e+00
2.985000e-11,1.560548e-05,2.485362e-05,-2.960331e-05,3.674970e-05,7.087169e+00,7.104277e+00,6.972677e+00,6.967224e+00
2.987500e-11,1.359092e-05,2.127479e-05,-2.575252e-05,3.511041e-05,7.088277e+00,7.106028e+00,6.970577e+00,6.969950e+00
2.990000e-11,1.155775e-05,1.763302e-05,-2.177670e-05,3.333470e-05,7.089232e+00,7.107504e+00,6.968775e+00,6.972547e+00
2.992500e-11,9.514073e-06,1.394541e-05,-1.769748e-05,3.143448e-05,7.090032e+00,7.108702e+00,6.967278e+00,6.975005e+00
2.995000e-11,7.467855e-06,1.022916e-05,-1.353694e-05,2.942219e-05,7.090677e+00,7.109620e+00,6.966093e+00,6.977314e+00
2.997500e-11,5.426917e-06,6.501433e-06,-9.317457e-06,2.731078e-05,7.091167e+00,7.110255e+00,6.965226e+00,6.979467e+00
3.000000e-11,3.398908e-06,2.779309e-06,-5.061609e-06,2.511363e-05,7.091502e+00,7.110607e+00,6.964681e+00,6.981456e+00
3.002500e-11,1.391281e-06,-9.202815e-07,-7.920237e-07,2.284441e-05,7.091684e+00,7.110678e+00,6.964459e+00,6.983276e+00
3.005000e-11,-5.887276e-07,-4.580644e-06,3.468735e-06,2.051709e-05,7.091715e+00,7.110470e+00,6.964561e+00,6.984922e+00
3.007500e-11,-2.534122e-06,-8.185384e-06,7.698294e-06,1.814575e-05,7.091597e+00,7.109986e+00,6.964985e+00,6.986390e+00
3.010000e-11,-4.438163e-06,-1.171848e-05,1.187459e-05,1.574459e-05,7.091333e+00,7.109231e+00,6.965727e+00,6.987676e+00
3.012500e-11,-6.294387e-06,-1.516433e-05,1.597600e-05,1.332779e-05,7.090926e+00,7.108212e+00,6.966784e+00,6.988780e+00
3.015000e-11,-8.096622e-06,-1.850787e-05,1.998143e-05,1.090948e-05,7.090381e+00,7.106934e+00,6.968148e+00,6.989700e+00
3.017500e-11,-9.839005e-06,-2.173456e-05,2.387048e-05,8.503592e-06,7.089700e+00,7.105408e+00,6.969811e+00,6.990438e+00
3.020000e-11,-1.151599e-05,-2.483051e-05,2.762350e-05,6.123855e-06,7.088891e+00,7.103642e+00,6.971765e+00,6.990994e+00
3.022500e-11,-1.312237e-05,-2.778250e-05,3.122170e-05,3.783676e-06,7.087956e+00,7.101646e+00,6.973997e+00,6.991371e+00
3.025000e-11,-1.465329e-05,-3.057807e-05,3.464729e-05,1.496079e-06,7.086902e+00,7.099432e+00,6.976496e+00,6.991572e+00
3.027500e-11,-1.610422e-05,-3.320551e-05,3.788351e-05,-7.263572e-07,7.085736e+00,7.097013e+00,6.979247e+00,6.991602e+00
3.030000e-11,-1.747104e-05,-3.565399e-05,4.091475e-05,-2.871575e-06,7.084462e+00,7.094401e+00,6.982236e+00,6.991467e+00
3.032500e-11,-1.874996e-05,-3.791354e-05,4.372661e-05,-4.928094e-06,7.083088e+00,7.091610e+00,6.985447e+00,6.991172e+00
3.035000e-11,-1.993759e-05,-3.997512e-05,4.630599e-05,-6.885072e-06,7.081620e+00,7.088655e+00,6.988863e+00,6.990726e+00
3.037500e-11,-2.103092e-05,-4.183064e-05,4.864110e-05,-8.732359e-06,7.080066e+00,7.085552e+00,6.992464e+00,6.990134e+00
3.040000e-11,-2.202732e-05,-4.347305e-05,5.072156e-05,-1.046055e-05,7.078432e+00,7.082316e+00,6.996234e+00,6.989408e+00
3.042500e-11,-2.292455e-05,-4.489627e-05,5.253842e-05,-1.206102e-05,7.076727e+00,7.078964e+00,7.000151e+00,6.988554e+00
3.045000e-11,-2.372077e-05,-4.609531e-05,5.408419e-05,-1.352599e-05,7.074957e+00,7.075512e+00,7.004195e+00,6.987585e+00
3.047500e-11,-2.441450e-05,-4.706624e-05,5.535288e-05,-1.484853e-05,7.073131e+00,7.071978e+00,7.008347e+00,6.986510e+00
3.050000e-11,-2.500469e-05,-4.780622e-05,5.633999e-05,-1.602262e-05,7.071256e+00,7.068379e+00,7.012584e+00,6.985340e+00
3.052500e-11,-2.549065e-05,-4.831351e-05,5.704253e-05,-1.704315e-05,7.069340e+00,7.064732e+00,7.016885e+00,6.984087e+00
3.055000e-11,-2.587207e-05,-4.858746e-05,5.745903e-05,-1.790597e-05,7.067391e+00,7.061056e+00,7.021228e+00,6.982763e+00
3.057500e-11,-2.614904e-05,-4.862854e-05,5.758952e-05,-1.860788e-05,7.065417e+00,7.057368e+00,7.025593e+00,6.981379e+00
3.060000e-11,-2.632199e-05,-4.843833e-05,5.743548e-05,-1.914664e-05,7.063426e+00,7.053686e+00,7.029956e+00,6.979948e+00
3.062500e-11,-2.639175e-05,-4.801947e-05,5.699989e-05,-1.952101e-05,7.061426e+00,7.050027e+00,7.034297e+00,6.978482e+00
3.065000e-11,-2.635948e-05,-4.737570e-05,5.628712e-05,-1.973070e-05,7.059424e+00,7.046408e+00,7.038595e+00,6.976995e+00
3.067500e-11,-2.622671e-05,-4.651180e-05,5.530293e-05,-1.977639e-05,7.057429e+00,7.042846e+00,7.042828e+00,6.975497e+00
3.070000e-11,-2.599529e-05,-4.543359e-05,5.405442e-05,-1.965972e-05,7.055447e+00,7.039358e+00,7.046976e+00,6.974003e+00
3.072500e-11,-2.566741e-05,-4.414787e-05,5.254995e-05,-1.938326e-05,7.053487e+00,7.035959e+00,7.051020e+00,6.972523e+00
3.075000e-11,-2.524558e-05,-4.266242e-05,5.079913e-05,-1.895050e-05,7.051555e+00,7.032666e+00,7.054941e+00,6.971070e+00
3.077500e-11,-2.473260e-05,-4.098593e-05,4.881271e-05,-1.836580e-05,7.049658e+00,7.029492e+00,7.058720e+00,6.969655e+00
3.080000e-11,-2.413156e-05,-3.912796e-05,4.660255e-05,-1.763440e-05,7.047804e+00,7.026453e+00,7.062340e+00,6.968291e+00
3.082500e-11,-2.344585e-05,-3.709889e-05,4.418150e-05,-1.676234e-05,7.045999e+00,7.023561e+00,7.065784e+00,6.966987e+00
3.085000e-11,-2.267908e-05,-3.490988e-05,4.156337e-05,-1.575643e-05,7.044248e+00,7.020829e+00,7.069036e+00,6.965755e+00
3.087500e-11,-2.183516e-05,-3.257278e-05,3.876284e-05,-1.462421e-05,7.042559e+00,7.018269e+00,7.072084e+00,6.964603e+00
3.090000e-11,-2.091817e-05,-3.010010e-05,3.579535e-05,-1.337390e-05,7.040937e+00,7.015891e+00,7.074912e+00,6.963542e+00
3.092500e-11,-1.993244e-05,-2.750493e-05,3.267706e-05,-1.201435e-05,7.039387e+00,7.013706e+00,7.077510e+00,6.962580e+00
3.095000e-11,-1.888249e-05,-2.480085e-05,2.942472e-05,-1.055496e-05,7.037914e+00,7.011722e+00,7.079866e+00,6.961725e+00
3.097500e-11,-1.777300e-05,-2.200191e-05,2.605561e-05,-9.005659e-06,7.036522e+00,7.009946e+00,7.081971e+00,6.960983e+00
3.100000e-11,-1.660883e-05,-1.912249e-05,2.258745e-05,-7.376791e-06,7.035218e+00,7.008386e+00,7.083816e+00,6.960363e+00
3.102500e-11,-1.539495e-05,-1.617729e-05,1.903828e-05,-5.679097e-06,7.034003e+00,7.007046e+00,7.085396e+00,6.959868e+00
3.105000e-11,-1.413649e-05,-1.318120e-05,1.542642e-05,-3.923623e-06,7.032882e+00,7.005932e+00,7.086703e+00,6.959505e+00
3.107500e-11,-1.283864e-05,-1.014924e-05,1.177034e-05,-2.121659e-06,7.031859e+00,7.005047e+00,7.087735e+00,6.959276e+00
3.110000e-11,-1.150670e-05,-7.096510e-06,8.088590e-06,-2.846695e-07,7.030935e+00,7.004392e+00,7.088489e+00,6.959186e+00
3.112500e-11,-1.014603e-05,-4.038067e-06,4.399707e-06,1.575779e-06,7.030113e+00,7.003970e+00,7.088963e+00,6.959235e+00
3.115000e-11,-8.762005e-06,-9.888752e-07,7.221233e-07,3.448084e-06,7.029395e+00,7.003779e+00,7.089157e+00,6.959426e+00
3.117500e-11,-7.360058e-06,2.036280e-06,-2.925915e-06,5.320679e-06,7.028783e+00,7.003818e+00,7.089074e+00,6.959760e+00
3.120000e-11,-5.945607e-06,5.022864e-06,-6.526436e-06,7.182100e-06,7.028278e+00,7.004086e+00,7.088716e+00,6.960234e+00
3.122500e-11,-4.524059e-06,7.956666e-06,-1.006182e-05,9.021054e-06,7.027881e+00,7.004578e+00,7.088087e+00,6.960849e+00
3.125000e-11,-3.100784e-06,1.082387e-05,-1.351489e-05,1.082649e-05,7.027591e+00,7.005290e+00,7.087193e+00,6.961603e+00
3.127500e-11,-1.681101e-06,1.361113e-05,-1.686897e-05,1.258764e-05,7.027409e+00,7.006217e+00,7.086040e+00,6.962491e+00
3.130000e-11,-2.702573e-07,1.630562e-05,-2.010798e-05,1.429413e-05,7.027335e+00,7.007351e+00,7.084638e+00,6.963511e+00
3.132500e-11,1.126591e-06,1.889511e-05,-2.321653e-05,1.593597e-05,7.027368e+00,7.008687e+00,7.082995e+00,6.964658e+00
3.135000e-11,2.504392e-06,2.136800e-05,-2.617991e-05,1.750367e-05,7.027505e+00,7.010214e+00,7.081121e+00,6.965927e+00
3.137500e-11,3.858220e-06,2.371342e-05,-2.898426e-05,1.898826e-05,7.027746e+00,7.011924e+00,7.079029e+00,6.967312e+00
3.140000e-11,5.183288e-06,2.592122e-05,-3.161655e-05,2.038134e-05,7.028089e+00,7.013806e+00,7.076730e+00,6.968805e+00
3.142500e-11,6.474965e-06,2.798207e-05,-3.406468e-05,2.167515e-05,7.028532e+00,7.015851e+00,7.074239e+00,6.970401e+00
3.145000e-11,7.728789e-06,2.988744e-05,-3.631754e-05,2.286258e-05,7.029070e+00,7.018046e+00,7.071569e+00,6.972091e+00
3.147500e-11,8.940486e-06,3.162970e-05,-3.836502e-05,2.393720e-05,7.029703e+00,7.020380e+00,7.068737e+00,6.973866e+00
3.150000e-11,1.010597e-05,3.320210e-05,-4.019811e-05,2.489334e-05,7.030425e+00,7.022839e+00,7.065757e+00,6.975719e+00
3.152500e-11,1.122139e-05,3.459881e-05,-4.180887e-05,2.572606e-05,7.031234e+00,7.025411e+00,7.062646e+00,6.977639e+00
3.155000e-11,1.228308e-05,3.581495e-05,-4.319056e-05,2.643121e-05,7.032126e+00,7.028082e+00,7.059422e+00,6.979618e+00
3.157500e-11,1.328764e-05,3.684657e-05,-4.433757e-05,2.700541e-05,7.033096e+00,7.030838e+00,7.056102e+00,6.981645e+00
3.160000e-11,1.423190e-05,3.769070e-05,-4.524553e-05,2.744613e-05,7.034140e+00,7.033666e+00,7.052704e+00,6.983710e+00
3.162500e-11,1.511292e-05,3.834534e-05,-4.591127e-05,2.775160e-05,7.035254e+00,7.036550e+00,7.049246e+00,6.985804e+00
3.165000e-11,1.592807e-05,3.880943e-05,-4.633285e-05,2.792091e-05,7.036432e+00,7.039477e+00,7.045747e+00,6.987916e+00
3.167500e-11,1.667493e-05,3.908289e-05,-4.650958e-05,2.795392e-05,7.037669e+00,7.042432e+00,7.042225e+00,6.990036e+00
3.170000e-11,1.735140e-05,3.916656e-05,-4.644200e-05,2.785134e-05,7.038960e+00,7.045400e+00,7.038700e+00,6.992153e+00
3.172500e-11,1.795561e-05,3.906221e-05,-4.613192e-05,2.761464e-05,7.040299e+00,7.048368e+00,7.035188e+00,6.994257e+00
3.175000e-11,1.848602e-05,3.877253e-05,-4.558232e-05,2.724607e-05,7.041682e+00,7.051321e+00,7.031709e+00,6.996338e+00
3.177500e-11,1.894133e-05,3.830107e-05,-4.479742e-05,2.674865e-05,7.043102e+00,7.054245e+00,7.028281e+00,6.998387e+00
3.180000e-11,1.932056e-05,3.765225e-05,-4.378261e-05,2.612612e-05,7.044554e+00,7.057126e+00,7.024921e+00,7.000392e+00
3.182500e-11,1.962298e-05,3.683129e-05,-4.254444e-05,2.538292e-05,7.046032e+00,7.059952e+00,7.021646e+00,7.002346e+00
3.185000e-11,1.984818e-05,3.584419e-05,-4.109056e-05,2.452418e-05,7.047529e+00,7.062709e+00,7.018474e+00,7.004240e+00
3.187500e-11,1.999602e-05,3.469770e-05,-3.942969e-05,2.355563e-05,7.049041e+00,7.065385e+00,7.015420e+00,7.006064e+00
3.190000e-11,2.006664e-05,3.339927e-05,-3.757157e-05,2.248363e-05,7.050562e+00,7.067969e+00,7.012499e+00,7.007810e+00
3.192500e-11,2.006046e-05,3.195697e-05,-3.552691e-05,2.131507e-05,7.052084e+00,7.070448e+00,7.009726e+00,7.009472e+00
3.195000e-11,1.997819e-05,3.037952e-05,-3.330733e-05,2.005736e-05,7.053603e+00,7.072813e+00,7.007115e+00,7.011042e+00
3.197500e-11,1.982078e-05,2.867614e-05,-3.092528e-05,1.871836e-05,7.055114e+00,7.075054e+00,7.004679e+00,7.012513e+00
3.200000e-11,1.958947e-05,2.685660e-05,-2.839400e-05,1.730636e-05,7.056609e+00,7.077161e+00,7.002429e+00,7.013880e+00
3.202500e-11,1.928577e-05,2.493107e-05,-2.572741e-05,1.582999e-05,7.058084e+00,7.079125e+00,7.000376e+00,7.015137e+00
3.205000e-11,1.891139e-05,2.291015e-05,-2.294007e-05,1.429821e-05,7.059534e+00,7.080941e+00,6.998530e+00,7.016280e+00
3.207500e-11,1.846834e-05,2.080476e-05,-2.004706e-05,1.272023e-05,7.060952e+00,7.082599e+00,6.996899e+00,7.017305e+00
3.210000e-11,1.795883e-05,1.862608e-05,-1.706394e-05,1.110546e-05,7.062334e+00,7.084095e+00,6.995491e+00,7.018210e+00
3.212500e-11,1.738531e-05,1.638556e-05,-1.400663e-05,9.463446e-06,7.063676e+00,7.085424e+00,6.994313e+00,7.018990e+00
3.215000e-11,1.675043e-05,1.409476e-05,-1.089135e-05,7.803839e-06,7.064971e+00,7.086581e+00,6.993368e+00,7.019646e+00
3.217500e-11,1.605705e-05,1.176539e-05,-7.734482e-06,6.136323e-06,7.066216e+00,7.087562e+00,6.992662e+00,7.020175e+00
3.220000e-11,1.530823e-05,9.409184e-06,-4.552555e-06,4.470561e-06,7.067406e+00,7.088366e+00,6.992196e+00,7.020578e+00
3.222500e-11,1.450720e-05,7.037890e-06,-1.362095e-06,2.816144e-06,7.068538e+00,7.088990e+00,6.991971e+00,7.020855e+00
3.225000e-11,1.365736e-05,4.663186e-06,1.820442e-06,1.182533e-06,7.069606e+00,7.089434e+00,6.991989e+00,7.021007e+00
3.227500e-11,1.276226e-05,2.296635e-06,4.978756e-06,-4.209867e-07,7.070609e+00,7.089698e+00,6.992247e+00,7.021036e+00
3.230000e-11,1.182560e-05,-5.036439e-08,8.096797e-06,-1.985364e-06,7.071542e+00,7.089784e+00,6.992743e+00,7.020945e+00
3.232500e-11,1.085121e-05,-2.366637e-06,1.115884e-05,-3.501826e-06,7.072403e+00,7.089693e+00,6.993473e+00,7.020738e+00
3.235000e-11,9.843018e-06,-4.641278e-06,1.414959e-05,-4.961930e-06,7.073188e+00,7.089427e+00,6.994433e+00,7.020417e+00
3.237500e-11,8.805071e-06,-6.863700e-06,1.705423e-05,-6.357607e-06,7.073896e+00,7.088991e+00,6.995617e+00,7.019988e+00
3.240000e-11,7.741488e-06,-9.023684e-06,1.985850e-05,-7.681203e-06,7.074523e+00,7.088389e+00,6.997017e+00,7.019457e+00
3.242500e-11,6.656464e-06,-1.111142e-05,2.254881e-05,-8.925525e-06,7.075070e+00,7.087625e+00,6.998626e+00,7.018827e+00
3.245000e-11,5.554248e-06,-1.311755e-05,2.511225e-05,-1.008387e-05,7.075533e+00,7.086707e+00,7.000434e+00,7.018107e+00
3.247500e-11,4.439129e-06,-1.503321e-05,2.753670e-05,-1.115008e-05,7.075913e+00,7.085639e+00,7.002431e+00,7.017302e+00
3.250000e-11,3.315422e-06,-1.685007e-05,2.981085e-05,-1.211855e-05,7.076207e+00,7.084430e+00,7.004607e+00,7.016420e+00
3.252500e-11,2.187453e-06,-1.856036e-05,3.192429e-05,-1.298426e-05,7.076416e+00,7.083087e+00,7.006948e+00,7.015468e+00
3.255000e-11,1.059544e-06,-2.015691e-05,3.386751e-05,-1.374282e-05,7.076539e+00,7.081618e+00,7.009444e+00,7.014455e+00
3.257500e-11,-6.400488e-08,-2.163318e-05,3.563199e-05,-1.439048e-05,7.076577e+00,7.080033e+00,7.012081e+00,7.013389e+00
3.260000e-11,-1.178927e-06,-2.298328e-05,3.721021e-05,-1.492414e-05,7.076530e+00,7.078341e+00,7.014844e+00,7.012278e+00
3.262500e-11,-2.281005e-06,-2.420198e-05,3.859568e-05,-1.534137e-05,7.076399e+00,7.076551e+00,7.017719e+00,7.011130e+00
3.265000e-11,-3.366088e-06,-2.528477e-05,3.978295e-05,-1.564044e-05,7.076184e+00,7.074674e+00,7.020693e+00,7.009956e+00
3.267500e-11,-4.430102e-06,-2.622784e-05,4.076765e-05,-1.582028e-05,7.075889e+00,7.072720e+00,7.023748e+00,7.008763e+00
3.270000e-11,-5.469067e-06,-2.702810e-05,4.154651e-05,-1.588055e-05,7.075513e+00,7.070700e+00,7.026871e+00,7.007561e+00
3.272500e-11,-6.479112e-06,-2.768320e-05,4.211733e-05,-1.582157e-05,7.075060e+00,7.068625e+00,7.030045e+00,7.006359e+00
3.275000e-11,-7.456484e-06,-2.819151e-05,4.247900e-05,-1.564436e-05,7.074531e+00,7.066505e+00,7.033254e+00,7.005167e+00
3.277500e-11,-8.397568e-06,-2.855217e-05,4.263147e-05,-1.535061e-05,7.073930e+00,7.064353e+00,7.036482e+00,7.003991e+00
3.280000e-11,-9.298894e-06,-2.876503e-05,4.257580e-05,-1.494269e-05,7.073258e+00,7.062179e+00,7.039715e+00,7.002843e+00
3.282500e-11,-1.015715e-05,-2.883071e-05,4.231405e-05,-1.442360e-05,7.072520e+00,7.059994e+00,7.042935e+00,7.001730e+00
3.285000e-11,-1.096921e-05,-2.875051e-05,4.184933e-05,-1.379699e-05,7.071718e+00,7.057810e+00,7.046128e+00,7.000660e+00
3.287500e-11,-1.173211e-05,-2.852649e-05,4.118574e-05,-1.306708e-05,7.070857e+00,7.055637e+00,7.049278e+00,6.999642e+00
3.290000e-11,-1.244309e-05,-2.816136e-05,4.032834e-05,-1.223871e-05,7.069940e+00,7.053487e+00,7.052370e+00,6.998682e+00
3.292500e-11,-1.309960e-05,-2.765856e-05,3.928313e-05,-1.131723e-05,7.068971e+00,7.051369e+00,7.055390e+00,6.997790e+00
3.295000e-11,-1.369930e-05,-2.702214e-05,3.805697e-05,-1.030853e-05,7.067954e+00,7.049295e+00,7.058324e+00,6.996970e+00
3.297500e-11,-1.424008e-05,-2.625681e-05,3.665758e-05,-9.218960e-06,7.066894e+00,7.047274e+00,7.061159e+00,6.996230e+00
3.300000e-11,-1.472004e-05,-2.536787e-05,3.509344e-05,-8.055320e-06,7.065795e+00,7.045315e+00,7.063881e+00,6.995575e+00
3.302500e-11,-1.513755e-05,-2.436120e-05,3.337381e-05,-6.824799e-06,7.064662e+00,7.043429e+00,7.066478e+00,6.995011e+00
3.305000e-11,-1.549121e-05,-2.324319e-05,3.150859e-05,-5.534945e-06,7.063500e+00,7.041623e+00,7.068940e+00,6.994543e+00
3.307500e-11,-1.577986e-05,-2.202076e-05,2.950832e-05,-4.193610e-06,7.062313e+00,7.039906e+00,7.071255e+00,6.994175e+00
3.310000e-11,-1.600261e-05,-2.070127e-05,2.738413e-05,-2.808911e-06,7.061108e+00,7.038285e+00,7.073413e+00,6.993910e+00
3.312500e-11,-1.615883e-05,-1.929251e-05,2.514762e-05,-1.389174e-06,7.059887e+00,7.036768e+00,7.075406e+00,6.993751e+00
3.315000e-11,-1.624816e-05,-1.780263e-05,2.281085e-05,5.710812e-08,7.058658e+00,7.035360e+00,7.077226e+00,6.993701e+00
3.317500e-11,-1.627048e-05,-1.624012e-05,2.038624e-05,1.521331e-06,7.057424e+00,7.034069e+00,7.078864e+00,6.993761e+00
3.320000e-11,-1.622597e-05,-1.461373e-05,1.788657e-05,2.994825e-06,7.056191e+00,7.032898e+00,7.080317e+00,6.993933e+00
3.322500e-11,-1.611504e-05,-1.293249e-05,1.532480e-05,4.468911e-06,7.054964e+00,7.031853e+00,7.081577e+00,6.994217e+00
3.325000e-11,-1.593839e-05,-1.120556e-05,1.271414e-05,5.934946e-06,7.053748e+00,7.030937e+00,7.082641e+00,6.994612e+00
3.327500e-11,-1.569697e-05,-9.442264e-06,1.006788e-05,7.384373e-06,7.052547e+00,7.030154e+00,7.083505e+00,6.995117e+00
3.330000e-11,-1.539200e-05,-7.652015e-06,7.399370e-06,8.808775e-06,7.051368e+00,7.029505e+00,7.084168e+00,6.995732e+00
3.332500e-11,-1.502494e-05,-5.844250e-06,4.721951e-06,1.019992e-05,7.050213e+00,7.028993e+00,7.084628e+00,6.996453e+00
3.335000e-11,-1.459752e-05,-4.028397e-06,2.048889e-06,1.154979e-05,7.049090e+00,7.028618e+00,7.084885e+00,6.997279e+00
3.337500e-11,-1.411169e-05,-2.213819e-06,-6.066875e-07,1.285068e-05,7.048000e+00,7.028381e+00,7.084940e+00,6.998205e+00
3.340000e-11,-1.356966e-05,-4.097684e-07,-3.231849e-06,1.409517e-05,7.046950e+00,7.028282e+00,7.084795e+00,6.999227e+00
3.342500e-11,-1.297383e-05,1.374663e-06,-5.813926e-06,1.527621e-05,7.045943e+00,7.028318e+00,7.084452e+00,7.000342e+00
3.345000e-11,-1.232686e-05,3.130588e-06,-8.340566e-06,1.638714e-05,7.044983e+00,7.028489e+00,7.083915e+00,7.001543e+00
3.347500e-11,-1.163158e-05,4.849369e-06,-1.079979e-05,1.742176e-05,7.044074e+00,7.028791e+00,7.083190e+00,7.002826e+00
3.350000e-11,-1.089105e-05,6.522659e-06,-1.318004e-05,1.837431e-05,7.043219e+00,7.029222e+00,7.082280e+00,7.004184e+00
3.352500e-11,-1.010848e-05,8.142448e-06,-1.547025e-05,1.923954e-05,7.042422e+00,7.029778e+00,7.081194e+00,7.005611e+00
3.355000e-11,-9.287270e-06,9.701093e-06,-1.765988e-05,2.001271e-05,7.041687e+00,7.030455e+00,7.079937e+00,7.007100e+00
3.357500e-11,-8.430966e-06,1.119136e-05,-1.973896e-05,2.068964e-05,7.041014e+00,7.031247e+00,7.078519e+00,7.008644e+00
3.360000e-11,-7.543259e-06,1.260646e-05,-2.169813e-05,2.126672e-05,7.040408e+00,7.032150e+00,7.076947e+00,7.010236e+00
3.362500e-11,-6.627964e-06,1.394007e-05,-2.352871e-05,2.174091e-05,7.039871e+00,7.033156e+00,7.075231e+00,7.011867e+00
3.365000e-11,-5.689005e-06,1.518636e-05,-2.522271e-05,2.210978e-05,7.039403e+00,7.034261e+00,7.073382e+00,7.013531e+00
3.367500e-11,-4.730398e-06,1.634003e-05,-2.677286e-05,2.237150e-05,7.039008e+00,7.035457e+00,7.071410e+00,7.015218e+00
3.370000e-11,-3.756235e-06,1.739634e-05,-2.817268e-05,2.252487e-05,7.038686e+00,7.036736e+00,7.069326e+00,7.016922e+00
3.372500e-11,-2.770666e-06,1.835108e-05,-2.941645e-05,2.256928e-05,7.038438e+00,7.038092e+00,7.067142e+00,7.018632e+00
3.375000e-11,-1.777879e-06,1.920064e-05,-3.049927e-05,2.250476e-05,7.038266e+00,7.039517e+00,7.064869e+00,7.020342e+00
3.377500e-11,-7.820874e-07,1.994201e-05,-3.141709e-05,2.233193e-05,7.038168e+00,7.041001e+00,7.062520e+00,7.022043e+00
3.380000e-11,2.124942e-07,2.057274e-05,-3.216668e-05,2.205205e-05,7.038147e+00,7.042538e+00,7.060108e+00,7.023727e+00
3.382500e-11,1.201664e-06,2.109102e-05,-3.274569e-05,2.166695e-05,7.038201e+00,7.044118e+00,7.057646e+00,7.025385e+00
3.385000e-11,2.181254e-06,2.149563e-05,-3.315262e-05,2.117902e-05,7.038329e+00,7.045734e+00,7.055146e+00,7.027011e+00
3.387500e-11,3.147146e-06,2.178595e-05,-3.338685e-05,2.059126e-05,7.038531e+00,7.047375e+00,7.052622e+00,7.028595e+00
3.390000e-11,4.095291e-06,2.196197e-05,-3.344863e-05,1.990718e-05,7.038806e+00,7.049035e+00,7.050087e+00,7.030132e+00
3.392500e-11,5.021723e-06,2.202424e-05,-3.333904e-05,1.913082e-05,7.039152e+00,7.050703e+00,7.047554e+00,7.031613e+00
3.395000e-11,5.922584e-06,2.197394e-05,-3.306004e-05,1.826671e-05,7.039567e+00,7.052372e+00,7.045035e+00,7.033031e+00
3.397500e-11,6.794133e-06,2.181277e-05,-3.261443e-05,1.731986e-05,7.040049e+00,7.054033e+00,7.042544e+00,7.034381e+00
3.400000e-11,7.632765e-06,2.154300e-05,-3.200580e-05,1.629569e-05,7.040597e+00,7.055678e+00,7.040092e+00,7.035657e+00
3.402500e-11,8.435027e-06,2.116743e-05,-3.123856e-05,1.520006e-05,7.041206e+00,7.057298e+00,7.037693e+00,7.036852e+00
3.405000e-11,9.197633e-06,2.068937e-05,-3.031787e-05,1.403918e-05,7.041875e+00,7.058886e+00,7.035358e+00,7.037961e+00
3.407500e-11,9.917476e-06,2.011261e-05,-2.924965e-05,1.281959e-05,7.042601e+00,7.060434e+00,7.033099e+00,7.038980e+00
3.410000e-11,1.059165e-05,1.944140e-05,-2.804049e-05,1.154813e-05,7.043379e+00,7.061934e+00,7.030925e+00,7.039904e+00
3.412500e-11,1.121743e-05,1.868042e-05,-2.669768e-05,1.023190e-05,7.044206e+00,7.063381e+00,7.028849e+00,7.040731e+00
3.415000e-11,1.179236e-05,1.783475e-05,-2.522910e-05,8.878231e-06,7.045079e+00,7.064766e+00,7.026879e+00,7.041456e+00
3.417500e-11,1.231415e-05,1.690985e-05,-2.364324e-05,7.494608e-06,7.045994e+00,7.066084e+00,7.025025e+00,7.042077e+00
3.420000e-11,1.278078e-05,1.591151e-05,-2.194910e-05,6.088667e-06,7.046946e+00,7.067329e+00,7.023296e+00,7.042592e+00
3.422500e-11,1.319049e-05,1.484582e-05,-2.015617e-05,4.668131e-06,7.047931e+00,7.068496e+00,7.021698e+00,7.043000e+00
3.425000e-11,1.354174e-05,1.371915e-05,-1.827436e-05,3.240779e-06,7.048946e+00,7.069580e+00,7.020241e+00,7.043301e+00
3.427500e-11,1.383327e-05,1.253808e-05,-1.631396e-05,1.814396e-06,7.049984e+00,7.070576e+00,7.018928e+00,7.043493e+00
3.430000e-11,1.406408e-05,1.130940e-05,-1.428559e-05,3.967378e-07,7.051043e+00,7.071481e+00,7.017768e+00,7.043577e+00
3.432500e-11,1.423342e-05,1.004006e-05,-1.220011e-05,-1.004517e-06,7.052116e+00,7.072291e+00,7.016763e+00,7.043554e+00
3.435000e-11,1.434083e-05,8.737129e-06,-1.006858e-05,-2.381803e-06,7.053200e+00,7.073003e+00,7.015918e+00,7.043426e+00
3.437500e-11,1.438611e-05,7.407759e-06,-7.902220e-06,-3.727711e-06,7.054290e+00,7.073616e+00,7.015236e+00,7.043194e+00
3.440000e-11,1.436935e-05,6.059147e-06,-5.712317e-06,-5.035028e-06,7.055381e+00,7.074127e+00,7.014720e+00,7.042862e+00
3.442500e-11,1.429088e-05,4.698500e-06,-3.510181e-06,-6.296772e-06,7.056469e+00,7.074535e+00,7.014370e+00,7.042432e+00
3.445000e-11,1.415131e-05,3.332999e-06,-1.307088e-06,-7.506231e-06,7.057548e+00,7.074840e+00,7.014187e+00,7.041909e+00
3.447500e-11,1.395152e-05,1.969760e-06,8.857897e-07,-8.657000e-06,7.058614e+00,7.075041e+00,7.014171e+00,7.041296e+00
3.450000e-11,1.369264e-05,6.158001e-07,3.057431e-06,-9.743011e-06,7.059663e+00,7.075140e+00,7.014320e+00,7.040598e+00
3.452500e-11,1.337605e-05,-7.219944e-07,5.197030e-06,-1.075857e-05,7.060690e+00,7.075136e+00,7.014633e+00,7.039821e+00
3.455000e-11,1.300339e-05,-2.036905e-06,7.294047e-06,-1.169837e-05,7.061691e+00,7.075032e+00,7.015107e+00,7.038969e+00
3.457500e-11,1.257653e-05,-3.322413e-06,9.338265e-06,-1.255755e-05,7.062661e+00,7.074829e+00,7.015738e+00,7.038050e+00
3.460000e-11,1.209757e-05,-4.572226e-06,1.131984e-05,-1.333169e-05,7.063597e+00,7.074529e+00,7.016521e+00,7.037068e+00
3.462500e-11,1.156882e-05,-5.780312e-06,1.322933e-05,-1.401685e-05,7.064495e+00,7.074137e+00,7.017453e+00,7.036031e+00
3.465000e-11,1.099281e-05,-6.940925e-06,1.505779e-05,-1.460958e-05,7.065351e+00,7.073654e+00,7.018525e+00,7.034945e+00
3.467500e-11,1.037226e-05,-8.048631e-06,1.679676e-05,-1.510694e-05,7.066162e+00,7.073086e+00,7.019734e+00,7.033818e+00
3.470000e-11,9.710085e-06,-9.098332e-06,1.843834e-05,-1.550654e-05,7.066924e+00,7.072436e+00,7.021070e+00,7.032657e+00
3.472500e-11,9.009360e-06,-1.008529e-05,1.997519e-05,-1.580650e-05,7.067634e+00,7.071708e+00,7.022527e+00,7.031470e+00
3.475000e-11,8.273321e-06,-1.100515e-05,2.140061e-05,-1.600551e-05,7.068290e+00,7.070909e+00,7.024097e+00,7.030264e+00
3.477500e-11,7.505345e-06,-1.185393e-05,2.270854e-05,-1.610279e-05,7.068889e+00,7.070042e+00,7.025770e+00,7.029046e+00
3.480000e-11,6.708939e-06,-1.262811e-05,2.389356e-05,-1.609815e-05,7.069428e+00,7.069113e+00,7.027538e+00,7.027825e+00
3.482500e-11,5.887719e-06,-1.332455e-05,2.495098e-05,-1.599192e-05,7.069906e+00,7.068129e+00,7.029391e+00,7.026608e+00
3.485000e-11,5.045399e-06,-1.394057e-05,2.587677e-05,-1.578502e-05,7.070321e+00,7.067095e+00,7.031319e+00,7.025403e+00
3.487500e-11,4.185771e-06,-1.447393e-05,2.666766e-05,-1.547889e-05,7.070671e+00,7.066017e+00,7.033312e+00,7.024217e+00
3.490000e-11,3.312691e-06,-1.492286e-05,2.732108e-05,-1.507551e-05,7.070955e+00,7.064902e+00,7.035360e+00,7.023059e+00
3.492500e-11,2.430060e-06,-1.528603e-05,2.783519e-05,-1.457741e-05,7.071173e+00,7.063756e+00,7.037452e+00,7.021934e+00
3.495000e-11,1.541806e-06,-1.556259e-05,2.820888e-05,-1.398760e-05,7.071324e+00,7.062586e+00,7.039578e+00,7.020851e+00
3.497500e-11,6.518712e-07,-1.575214e-05,2.844178e-05,-1.330960e-05,7.071407e+00,7.061399e+00,7.041727e+00,7.019816e+00
3.500000e-11,-2.358092e-07,-1.585473e-05,2.853424e-05,-1.254741e-05,7.071423e+00,7.060200e+00,7.043889e+00,7.018836e+00
3.502500e-11,-1.117323e-06,-1.587090e-05,2.848729e-05,-1.170545e-05,7.071372e+00,7.058996e+00,7.046052e+00,7.017916e+00
3.505000e-11,-1.988799e-06,-1.580159e-05,2.830270e-05,-1.078859e-05,7.071254e+00,7.057795e+00,7.048206e+00,7.017063e+00
3.507500e-11,-2.846420e-06,-1.564821e-05,2.798287e-05,-9.802088e-06,7.071071e+00,7.056602e+00,7.050341e+00,7.016282e+00
3.510000e-11,-3.686445e-06,-1.541258e-05,2.753089e-05,-8.751563e-06,7.070823e+00,7.055424e+00,7.052447e+00,7.015579e+00
3.512500e-11,-4.505221e-06,-1.509695e-05,2.695046e-05,-7.642970e-06,7.070512e+00,7.054267e+00,7.054514e+00,7.014957e+00
3.515000e-11,-5.299203e-06,-1.470395e-05,2.624589e-05,-6.482563e-06,7.070140e+00,7.053136e+00,7.056532e+00,7.014422e+00
3.517500e-11,-6.064963e-06,-1.423659e-05,2.542208e-05,-5.276860e-06,7.069709e+00,7.052039e+00,7.058492e+00,7.013976e+00
3.520000e-11,-6.799213e-06,-1.369825e-05,2.448446e-05,-4.032603e-06,7.069221e+00,7.050979e+00,7.060386e+00,7.013623e+00
3.522500e-11,-7.498813e-06,-1.309263e-05,2.343895e-05,-2.756726e-06,7.068678e+00,7.049963e+00,7.062204e+00,7.013366e+00
3.525000e-11,-8.160788e-06,-1.242376e-05,2.229197e-05,-1.456310e-06,7.068084e+00,7.048995e+00,7.063939e+00,7.013207e+00
3.527500e-11,-8.782337e-06,-1.169595e-05,2.105036e-05,-1.385468e-07,7.067442e+00,7.048080e+00,7.065583e+00,7.013147e+00
3.530000e-11,-9.360853e-06,-1.091379e-05,1.972136e-05,1.189302e-06,7.066753e+00,7.047222e+00,7.067130e+00,7.013187e+00
3.532500e-11,-9.893924e-06,-1.008209e-05,1.831255e-05,2.519947e-06,7.066023e+00,7.046426e+00,7.068573e+00,7.013328e+00
3.535000e-11,-1.037935e-05,-9.205870e-06,1.683183e-05,3.846108e-06,7.065254e+00,7.045694e+00,7.069906e+00,7.013570e+00
3.537500e-11,-1.081516e-05,-8.290344e-06,1.528737e-05,5.160558e-06,7.064449e+00,7.045030e+00,7.071125e+00,7.013911e+00
3.540000e-11,-1.119960e-05,-7.340866e-06,1.368756e-05,6.456159e-06,7.063614e+00,7.044437e+00,7.072224e+00,7.014352e+00
3.542500e-11,-1.153116e-05,-6.362914e-06,1.204096e-05,7.725906e-06,7.062752e+00,7.043917e+00,7.073201e+00,7.014891e+00
3.545000e-11,-1.180856e-05,-5.362056e-06,1.035628e-05,8.962960e-06,7.061866e+00,7.043473e+00,7.074050e+00,7.015524e+00
3.547500e-11,-1.203079e-05,-4.343918e-06,8.642302e-06,1.016069e-05,7.060962e+00,7.043104e+00,7.074771e+00,7.016250e+00
3.550000e-11,-1.219708e-05,-3.314155e-06,6.907873e-06,1.131269e-05,7.060043e+00,7.042814e+00,7.075362e+00,7.017064e+00
3.552500e-11,-1.230692e-05,-2.278421e-06,5.161829e-06,1.241286e-05,7.059113e+00,7.042601e+00,7.075820e+00,7.017965e+00
3.555000e-11,-1.236005e-05,-1.242335e-06,3.412968e-06,1.345538e-05,7.058177e+00,7.042468e+00,7.076145e+00,7.018946e+00
3.557500e-11,-1.235648e-05,-2.114566e-07,1.670004e-06,1.443477e-05,7.057240e+00,7.042412e+00,7.076338e+00,7.020004e+00
3.560000e-11,-1.229647e-05,8.087492e-07,-5.847743e-08,1.534593e-05,7.056304e+00,7.042435e+00,7.076400e+00,7.021134e+00
3.562500e-11,-1.218054e-05,1.812936e-06,-1.764054e-06,1.618413e-05,7.055376e+00,7.042534e+00,7.076331e+00,7.022330e+00
3.565000e-11,-1.200947e-05,2.795904e-06,-3.438512e-06,1.694507e-05,7.054458e+00,7.042709e+00,7.076134e+00,7.023587e+00
3.567500e-11,-1.178427e-05,3.752630e-06,-5.073882e-06,1.762488e-05,7.053555e+00,7.042957e+00,7.075811e+00,7.024899e+00
3.570000e-11,-1.150622e-05,4.678287e-06,-6.662473e-06,1.822015e-05,7.052672e+00,7.043277e+00,7.075366e+00,7.026259e+00
3.572500e-11,-1.117683e-05,5.568272e-06,-8.196910e-06,1.872793e-05,7.051811e+00,7.043666e+00,7.074803e+00,7.027660e+00
3.575000e-11,-1.079784e-05,6.418228e-06,-9.670168e-06,1.914576e-05,7.050978e+00,7.044120e+00,7.074125e+00,7.029097e+00
3.577500e-11,-1.037120e-05,7.224062e-06,-1.107560e-05,1.947167e-05,7.050174e+00,7.044637e+00,7.073338e+00,7.030562e+00
3.580000e-11,-9.899101e-06,7.981967e-06,-1.240696e-05,1.970420e-05,7.049405e+00,7.045214e+00,7.072448e+00,7.032048e+00
3.582500e-11,-9.383914e-06,8.688438e-06,-1.365846e-05,1.984239e-05,7.048674e+00,7.045846e+00,7.071459e+00,7.033549e+00
3.585000e-11,-8.828210e-06,9.340286e-06,-1.482473e-05,1.988578e-05,7.047983e+00,7.046530e+00,7.070379e+00,7.035056e+00
3.587500e-11,-8.234738e-06,9.934654e-06,-1.590092e-05,1.983444e-05,7.047336e+00,7.047261e+00,7.069214e+00,7.036563e+00
3.590000e-11,-7.606412e-06,1.046903e-05,-1.688266e-05,1.968892e-05,7.046735e+00,7.048035e+00,7.067970e+00,7.038062e+00
3.592500e-11,-6.946297e-06,1.094124e-05,-1.776610e-05,1.945028e-05,7.046183e+00,7.048847e+00,7.066656e+00,7.039547e+00
3.595000e-11,-6.257594e-06,1.134950e-05,-1.854793e-05,1.912007e-05,7.045682e+00,7.049692e+00,7.065279e+00,7.041010e+00
3.597500e-11,-5.543627e-06,1.169235e-05,-1.922536e-05,1.870032e-05,7.045234e+00,7.050566e+00,7.063846e+00,7.042445e+00
3.600000e-11,-4.807823e-06,1.196873e-05,-1.979617e-05,1.819352e-05,7.044841e+00,7.051464e+00,7.062366e+00,7.043844e+00
3.602500e-11,-4.053698e-06,1.217794e-05,-2.025871e-05,1.760261e-05,7.044505e+00,7.052380e+00,7.060847e+00,7.045202e+00
3.605000e-11,-3.284840e-06,1.231965e-05,-2.061185e-05,1.693096e-05,7.044227e+00,7.053309e+00,7.059296e+00,7.046512e+00
3.607500e-11,-2.504891e-06,1.239388e-05,-2.085507e-05,1.618235e-05,7.044007e+00,7.054246e+00,7.057723e+00,7.047769e+00
3.610000e-11,-1.717528e-06,1.240103e-05,-2.098837e-05,1.536094e-05,7.043847e+00,7.055187e+00,7.056136e+00,7.048965e+00
3.612500e-11,-9.264509e-07,1.234185e-05,-2.101232e-05,1.447128e-05,7.043746e+00,7.056125e+00,7.054543e+00,7.050097e+00
3.615000e-11,-1.353571e-07,1.221745e-05,-2.092804e-05,1.351823e-05,7.043706e+00,7.057057e+00,7.052952e+00,7.051159e+00
3.617500e-11,6.520700e-07,1.202924e-05,-2.073717e-05,1.250696e-05,7.043726e+00,7.057977e+00,7.051372e+00,7.052146e+00
3.620000e-11,1.432181e-06,1.177900e-05,-2.044190e-05,1.144295e-05,7.043805e+00,7.058880e+00,7.049810e+00,7.053055e+00
3.622500e-11,2.201379e-06,1.146879e-05,-2.004490e-05,1.033191e-05,7.043943e+00,7.059761e+00,7.048274e+00,7.053881e+00
3.625000e-11,2.956132e-06,1.110097e-05,-1.954933e-05,9.179764e-06,7.044138e+00,7.060618e+00,7.046772e+00,7.054621e+00
3.627500e-11,3.692997e-06,1.067820e-05,-1.895884e-05,7.992642e-06,7.044390e+00,7.061444e+00,7.045311e+00,7.055273e+00
3.630000e-11,4.408627e-06,1.020339e-05,-1.827750e-05,6.776822e-06,7.044698e+00,7.062236e+00,7.043899e+00,7.055833e+00
3.632500e-11,5.099794e-06,9.679684e-06,-1.750981e-05,5.538706e-06,7.045059e+00,7.062990e+00,7.042541e+00,7.056300e+00
3.635000e-11,5.763401e-06,9.110477e-06,-1.666067e-05,4.284782e-06,7.045471e+00,7.063703e+00,7.041245e+00,7.056673e+00
3.637500e-11,6.396497e-06,8.499348e-06,-1.573533e-05,3.021598e-06,7.045932e+00,7.064371e+00,7.040016e+00,7.056950e+00
3.640000e-11,6.996287e-06,7.850067e-06,-1.473939e-05,1.755719e-06,7.046440e+00,7.064991e+00,7.038860e+00,7.057132e+00
3.642500e-11,7.560151e-06,7.166564e-06,-1.367873e-05,4.936986e-07,7.046992e+00,7.065561e+00,7.037782e+00,7.057217e+00
3.645000e-11,8.085650e-06,6.452905e-06,-1.255951e-05,-7.579560e-07,7.047586e+00,7.066077e+00,7.036786e+00,7.057207e+00
3.647500e-11,8.570539e-06,5.713274e-06,-1.138813e-05,-1.992818e-06,7.048218e+00,7.066539e+00,7.035878e+00,7.057103e+00
3.650000e-11,9.012776e-06,4.951946e-06,-1.017117e-05,-3.204574e-06,7.048885e+00,7.066944e+00,7.035060e+00,7.056906e+00
3.652500e-11,9.410534e-06,4.173262e-06,-8.915395e-06,-4.387053e-06,7.049584e+00,7.067290e+00,7.034336e+00,7.056618e+00
3.655000e-11,9.762202e-06,3.381610e-06,-7.627666e-06,-5.534263e-06,7.050311e+00,7.067576e+00,7.033708e+00,7.056242e+00
3.657500e-11,1.006640e-05,2.581396e-06,-6.314951e-06,-6.640416e-06,7.051063e+00,7.067803e+00,7.033179e+00,7.055780e+00
3.660000e-11,1.032197e-05,1.777026e-06,-4.984261e-06,-7.699959e-06,7.051837e+00,7.067968e+00,7.032750e+00,7.055236e+00
3.662500e-11,1.052801e-05,9.728766e-07,-3.642619e-06,-8.707603e-06,7.052628e+00,7.068073e+00,7.032423e+00,7.054614e+00
3.665000e-11,1.068383e-05,1.732776e-07,-2.297027e-06,-9.658348e-06,7.053432e+00,7.068116e+00,7.032197e+00,7.053918e+00
3.667500e-11,1.078900e-05,-6.175135e-07,-9.544225e-07,-1.054751e-05,7.054247e+00,7.068099e+00,7.032074e+00,7.053151e+00
3.670000e-11,1.084333e-05,-1.395332e-06,3.783532e-07,-1.137073e-05,7.055068e+00,7.068023e+00,7.032052e+00,7.052320e+00
3.672500e-11,1.084687e-05,-2.156128e-06,1.694590e-06,-1.212402e-05,7.055891e+00,7.067889e+00,7.032130e+00,7.051429e+00
3.675000e-11,1.079989e-05,-2.895985e-06,2.987744e-06,-1.280378e-05,7.056712e+00,7.067697e+00,7.032308e+00,7.050484e+00
3.677500e-11,1.070293e-05,-3.611141e-06,4.251469e-06,-1.340677e-05,7.057528e+00,7.067450e+00,7.032582e+00,7.049489e+00
3.680000e-11,1.055674e-05,-4.298006e-06,5.479649e-06,-1.393020e-05,7.058334e+00,7.067150e+00,7.032951e+00,7.048453e+00
3.682500e-11,1.036230e-05,-4.953178e-06,6.666425e-06,-1.437168e-05,7.059128e+00,7.066800e+00,7.033412e+00,7.047379e+00
3.685000e-11,1.012082e-05,-5.573462e-06,7.806228e-06,-1.472927e-05,7.059905e+00,7.066400e+00,7.033961e+00,7.046275e+00
3.687500e-11,9.833726e-06,-6.155882e-06,8.893799e-06,-1.500145e-05,7.060662e+00,7.065956e+00,7.034594e+00,7.045148e+00
3.690000e-11,9.502633e-06,-6.697696e-06,9.924216e-06,-1.518717e-05,7.061395e+00,7.065468e+00,7.035308e+00,7.044003e+00
3.692500e-11,9.129372e-06,-7.196408e-06,1.089292e-05,-1.528583e-05,7.062102e+00,7.064941e+00,7.036097e+00,7.042847e+00
3.695000e-11,8.715956e-06,-7.649778e-06,1.179571e-05,-1.529730e-05,7.062779e+00,7.064378e+00,7.036958e+00,7.041687e+00
3.697500e-11,8.264575e-06,-8.055835e-06,1.262882e-05,-1.522188e-05,7.063423e+00,7.063783e+00,7.037884e+00,7.040530e+00
3.700000e-11,7.777585e-06,-8.412878e-06,1.338885e-05,-1.506033e-05,7.064032e+00,7.063158e+00,7.038871e+00,7.039381e+00
3.702500e-11,7.257498e-06,-8.719489e-06,1.407285e-05,-1.481388e-05,7.064602e+00,7.062508e+00,7.039913e+00,7.038248e+00
3.705000e-11,6.706965e-06,-8.974536e-06,1.467830e-05,-1.448416e-05,7.065132e+00,7.061837e+00,7.041003e+00,7.037137e+00
3.707500e-11,6.128767e-06,-9.177172e-06,1.520311e-05,-1.407327e-05,7.065619e+00,7.061149e+00,7.042137e+00,7.036054e+00
3.710000e-11,5.525797e-06,-9.326844e-06,1.564564e-05,-1.358369e-05,7.066061e+00,7.060447e+00,7.043307e+00,7.035005e+00
3.712500e-11,4.901049e-06,-9.423289e-06,1.600470e-05,-1.301833e-05,7.066457e+00,7.059736e+00,7.044507e+00,7.033996e+00
3.715000e-11,4.257602e-06,-9.466531e-06,1.627955e-05,-1.238048e-05,7.066804e+00,7.059019e+00,7.045732e+00,7.033033e+00
3.717500e-11,3.598607e-06,-9.456884e-06,1.646988e-05,-1.167378e-05,7.067103e+00,7.058301e+00,7.046974e+00,7.032120e+00
3.720000e-11,2.927269e-06,-9.394940e-06,1.657586e-05,-1.090224e-05,7.067350e+00,7.057586e+00,7.048228e+00,7.031264e+00
3.722500e-11,2.246830e-06,-9.281572e-06,1.659805e-05,-1.007018e-05,7.067546e+00,7.056878e+00,7.049486e+00,7.030469e+00
3.725000e-11,1.560561e-06,-9.117917e-06,1.653746e-05,-9.182216e-06,7.067691e+00,7.056180e+00,7.050743e+00,7.029739e+00
3.727500e-11,8.717388e-07,-8.905375e-06,1.639552e-05,-8.243254e-06,7.067783e+00,7.055497e+00,7.051992e+00,7.029078e+00
3.730000e-11,1.836345e-07,-8.645597e-06,1.617404e-05,-7.258435e-06,7.067823e+00,7.054831e+00,7.053228e+00,7.028490e+00
3.732500e-11,-5.005028e-07,-8.340472e-06,1.587523e-05,-6.233122e-06,7.067811e+00,7.054187e+00,7.054444e+00,7.027978e+00
3.735000e-11,-1.177461e-06,-7.992116e-06,1.550168e-05,-5.172867e-06,7.067748e+00,7.053567e+00,7.055634e+00,7.027546e+00
3.737500e-11,-1.844081e-06,-7.602859e-06,1.505630e-05,-4.083380e-06,7.067633e+00,7.052976e+00,7.056793e+00,7.027195e+00
3.740000e-11,-2.497270e-06,-7.175228e-06,1.454237e-05,-2.970500e-06,7.067468e+00,7.052415e+00,7.057916e+00,7.026927e+00
3.742500e-11,-3.134015e-06,-6.711935e-06,1.396345e-05,-1.840161e-06,7.067255e+00,7.051888e+00,7.058998e+00,7.026745e+00
3.745000e-11,-3.751399e-06,-6.215857e-06,1.332339e-05,-6.983614e-07,7.066994e+00,7.051398e+00,7.060033e+00,7.026649e+00
3.747500e-11,-4.346612e-06,-5.690023e-06,1.262633e-05,4.488685e-07,7.066686e+00,7.050946e+00,7.061017e+00,7.026640e+00
3.750000e-11,-4.916965e-06,-5.137590e-06,1.187660e-05,1.595499e-06,7.066335e+00,7.050536e+00,7.061947e+00,7.026717e+00
3.752500e-11,-5.459904e-06,-4.561833e-06,1.107880e-05,2.735535e-06,7.065941e+00,7.050168e+00,7.062818e+00,7.026882e+00
3.755000e-11,-5.973016e-06,-3.966119e-06,1.023766e-05,3.863043e-06,7.065508e+00,7.049844e+00,7.063627e+00,7.027132e+00
3.757500e-11,-6.454045e-06,-3.353889e-06,9.358100e-06,4.972189e-06,7.065036e+00,7.049566e+00,7.064370e+00,7.027467e+00
3.760000e-11,-6.900899e-06,-2.728644e-06,8.445172e-06,6.057261e-06,7.064530e+00,7.049336e+00,7.065046e+00,7.027886e+00
3.762500e-11,-7.311662e-06,-2.093918e-06,7.504019e-06,7.112708e-06,7.063991e+00,7.049153e+00,7.065651e+00,7.028386e+00
3.765000e-11,-7.684598e-06,-1.453262e-06,6.539866e-06,8.133160e-06,7.063422e+00,7.049018e+00,7.066184e+00,7.028964e+00
3.767500e-11,-8.018162e-06,-8.102267e-07,5.557983e-06,9.113461e-06,7.062826e+00,7.048932e+00,7.066643e+00,7.029618e+00
3.770000e-11,-8.311006e-06,-1.683387e-07,4.563662e-06,1.004869e-05,7.062207e+00,7.048895e+00,7.067027e+00,7.030345e+00
3.772500e-11,-8.561983e-06,4.689154e-07,3.562186e-06,1.093420e-05,7.061566e+00,7.048907e+00,7.067335e+00,7.031142e+00
3.775000e-11,-8.770153e-06,1.098109e-06,2.558806e-06,1.176562e-05,7.060909e+00,7.048966e+00,7.067568e+00,7.032003e+00
3.777500e-11,-8.934786e-06,1.715893e-06,1.558708e-06,1.253888e-05,7.060237e+00,7.049073e+00,7.067724e+00,7.032925e+00
3.780000e-11,-9.055364e-06,2.319012e-06,5.669957e-07,1.325026e-05,7.059555e+00,7.049226e+00,7.067805e+00,7.033903e+00
3.782500e-11,-9.131584e-06,2.904326e-06,-4.113420e-07,1.389636e-05,7.058865e+00,7.049424e+00,7.067811e+00,7.034933e+00
3.785000e-11,-9.163356e-06,3.468819e-06,-1.371451e-06,1.447416e-05,7.058171e+00,7.049665e+00,7.067744e+00,7.036009e+00
3.787500e-11,-9.150806e-06,4.009620e-06,-2.308635e-06,1.498099e-05,7.057476e+00,7.049949e+00,7.067604e+00,7.037127e+00
3.790000e-11,-9.094272e-06,4.524016e-06,-3.218382e-06,1.541460e-05,7.056784e+00,7.050273e+00,7.067395e+00,7.038280e+00
3.792500e-11,-8.994300e-06,5.009461e-06,-4.096378e-06,1.577309e-05,7.056098e+00,7.050634e+00,7.067118e+00,7.039463e+00
3.795000e-11,-8.851644e-06,5.463596e-06,-4.938534e-06,1.605501e-05,7.055421e+00,7.051031e+00,7.066775e+00,7.040670e+00
3.797500e-11,-8.667259e-06,5.884253e-06,-5.740997e-06,1.625927e-05,7.054756e+00,7.051462e+00,7.066370e+00,7.041896e+00
3.800000e-11,-8.442296e-06,6.269467e-06,-6.500173e-06,1.638523e-05,7.054107e+00,7.051923e+00,7.065906e+00,7.043135e+00
3.802500e-11,-8.178096e-06,6.617486e-06,-7.212739e-06,1.643264e-05,7.053477e+00,7.052412e+00,7.065386e+00,7.044380e+00
3.805000e-11,-7.876181e-06,6.926777e-06,-7.875658e-06,1.640164e-05,7.052868e+00,7.052925e+00,7.064814e+00,7.045625e+00
3.807500e-11,-7.538249e-06,7.196033e-06,-8.486190e-06,1.629281e-05,7.052283e+00,7.053461e+00,7.064193e+00,7.046866e+00
3.810000e-11,-7.166159e-06,7.424175e-06,-9.041904e-06,1.610712e-05,7.051725e+00,7.054015e+00,7.063529e+00,7.048095e+00
3.812500e-11,-6.761927e-06,7.610362e-06,-9.540684e-06,1.584590e-05,7.051197e+00,7.054586e+00,7.062824e+00,7.049307e+00
3.815000e-11,-6.327714e-06,7.753983e-06,-9.980740e-06,1.551090e-05,7.050700e+00,7.055168e+00,7.062084e+00,7.050497e+00
3.817500e-11,-5.865812e-06,7.854670e-06,-1.036061e-05,1.510421e-05,7.050237e+00,7.055761e+00,7.061312e+00,7.051658e+00
3.820000e-11,-5.378635e-06,7.912285e-06,-1.067917e-05,1.462830e-05,7.049811e+00,7.056359e+00,7.060514e+00,7.052786e+00
3.822500e-11,-4.868705e-06,7.926929e-06,-1.093562e-05,1.408596e-05,7.049422e+00,7.056959e+00,7.059694e+00,7.053875e+00
3.825000e-11,-4.338640e-06,7.898933e-06,-1.112950e-05,1.348032e-05,7.049073e+00,7.057560e+00,7.058858e+00,7.054921e+00
3.827500e-11,-3.791138e-06,7.828856e-06,-1.126069e-05,1.281480e-05,7.048764e+00,7.058156e+00,7.058008e+00,7.055919e+00
3.830000e-11,-3.228969e-06,7.717478e-06,-1.132940e-05,1.209311e-05,7.048498e+00,7.058746e+00,7.057151e+00,7.056864e+00
3.832500e-11,-2.654955e-06,7.565795e-06,-1.133615e-05,1.131923e-05,7.048275e+00,7.059326e+00,7.056292e+00,7.057752e+00
3.835000e-11,-2.071958e-06,7.375011e-06,-1.128179e-05,1.049738e-05,7.048095e+00,7.059892e+00,7.055434e+00,7.058579e+00
3.837500e-11,-1.482867e-06,7.146529e-06,-1.116748e-05,9.631996e-06,7.047961e+00,7.060443e+00,7.054582e+00,7.059343e+00
3.840000e-11,-8.905824e-07,6.881943e-06,-1.099467e-05,8.727708e-06,7.047870e+00,7.060975e+00,7.053742e+00,7.060040e+00
3.842500e-11,-2.980010e-07,6.583024e-06,-1.076512e-05,7.789321e-06,7.047825e+00,7.061486e+00,7.052916e+00,7.060666e+00
3.845000e-11,2.919971e-07,6.251713e-06,-1.048085e-05,6.821780e-06,7.047825e+00,7.061973e+00,7.052110e+00,7.061221e+00
3.847500e-11,8.765631e-07,5.890105e-06,-1.014414e-05,5.830151e-06,7.047869e+00,7.062433e+00,7.051328e+00,7.061701e+00
3.850000e-11,1.452893e-06,5.500439e-06,-9.757522e-06,4.819592e-06,7.047958e+00,7.062866e+00,7.050573e+00,7.062105e+00
3.852500e-11,2.018243e-06,5.085083e-06,-9.323769e-06,3.795325e-06,7.048089e+00,7.063267e+00,7.049849e+00,7.062432e+00
3.855000e-11,2.569939e-06,4.646520e-06,-8.845852e-06,2.762610e-06,7.048263e+00,7.063636e+00,7.049160e+00,7.062681e+00
3.857500e-11,3.105394e-06,4.187335e-06,-8.326944e-06,1.726721e-06,7.048479e+00,7.063971e+00,7.048509e+00,7.062851e+00
3.860000e-11,3.622114e-06,3.710198e-06,-7.770392e-06,6.929144e-07,7.048734e+00,7.064271e+00,7.047898e+00,7.062943e+00
3.862500e-11,4.117719e-06,3.217850e-06,-7.179698e-06,-3.335938e-07,7.049028e+00,7.064534e+00,7.047331e+00,7.062957e+00
3.865000e-11,4.589943e-06,2.713089e-06,-6.558501e-06,-1.347656e-06,7.049358e+00,7.064759e+00,7.046810e+00,7.062893e+00
3.867500e-11,5.036655e-06,2.198752e-06,-5.910551e-06,-2.344216e-06,7.049723e+00,7.064945e+00,7.046337e+00,7.062753e+00
3.870000e-11,5.455860e-06,1.677699e-06,-5.239692e-06,-3.318339e-06,7.050121e+00,7.065092e+00,7.045914e+00,7.062538e+00
3.872500e-11,5.845712e-06,1.152802e-06,-4.549839e-06,-4.265229e-06,7.050550e+00,7.065200e+00,7.045542e+00,7.062251e+00
3.875000e-11,6.204524e-06,6.269240e-07,-3.844954e-06,-5.180259e-06,7.051007e+00,7.065267e+00,7.045224e+00,7.061893e+00
3.877500e-11,6.530769e-06,1.029083e-07,-3.129027e-06,-6.058988e-06,7.051490e+00,7.065295e+00,7.044959e+00,7.061466e+00
3.880000e-11,6.823095e-06,-4.164400e-07,-2.406051e-06,-6.897186e-06,7.051997e+00,7.065283e+00,7.044749e+00,7.060975e+00
3.882500e-11,7.080321e-06,-9.283663e-07,-1.680006e-06,-7.690852e-06,7.052524e+00,7.065232e+00,7.044594e+00,7.060422e+00
3.885000e-11,7.301448e-06,-1.430182e-06,-9.548297e-07,-8.436235e-06,7.053070e+00,7.065143e+00,7.044494e+00,7.059810e+00
3.887500e-11,7.485662e-06,-1.919277e-06,-2.344033e-07,-9.129849e-06,7.053630e+00,7.065016e+00,7.044449e+00,7.059144e+00
3.890000e-11,7.632333e-06,-2.393135e-06,4.774716e-07,-9.768493e-06,7.054204e+00,7.064852e+00,7.044458e+00,7.058427e+00
3.892500e-11,7.741022e-06,-2.849344e-06,1.177092e-06,-1.034926e-05,7.054787e+00,7.064653e+00,7.044520e+00,7.057664e+00
3.895000e-11,7.811476e-06,-3.285608e-06,1.860873e-06,-1.086956e-05,7.055377e+00,7.064421e+00,7.044635e+00,7.056859e+00
3.897500e-11,7.843634e-06,-3.699761e-06,2.525363e-06,-1.132712e-05,7.055971e+00,7.064156e+00,7.044802e+00,7.056017e+00
3.900000e-11,7.837619e-06,-4.089774e-06,3.167264e-06,-1.171999e-05,7.056566e+00,7.063860e+00,7.045018e+00,7.055143e+00
3.902500e-11,7.793742e-06,-4.453768e-06,3.783448e-06,-1.204659e-05,7.057159e+00,7.063536e+00,7.045281e+00,7.054242e+00
3.905000e-11,7.712498e-06,-4.790019e-06,4.370966e-06,-1.230566e-05,7.057747e+00,7.063186e+00,7.045590e+00,7.053318e+00
3.907500e-11,7.594557e-06,-5.096970e-06,4.927069e-06,-1.249630e-05,7.058328e+00,7.062811e+00,7.045943e+00,7.052377e+00
3.910000e-11,7.440766e-06,-5.373232e-06,5.449214e-06,-1.261797e-05,7.058898e+00,7.062414e+00,7.046336e+00,7.051425e+00
3.912500e-11,7.252142e-06,-5.617596e-06,5.935080e-06,-1.267047e-05,7.059456e+00,7.061997e+00,7.046768e+00,7.050466e+00
3.915000e-11,7.029862e-06,-5.829037e-06,6.382575e-06,-1.265397e-05,7.059997e+00,7.061563e+00,7.047235e+00,7.049505e+00
3.917500e-11,6.775259e-06,-6.006712e-06,6.789844e-06,-1.256899e-05,7.060521e+00,7.061114e+00,7.047735e+00,7.048548e+00
3.920000e-11,6.489815e-06,-6.149970e-06,7.155277e-06,-1.241639e-05,7.061024e+00,7.060653e+00,7.048264e+00,7.047601e+00
3.922500e-11,6.175151e-06,-6.258352e-06,7.477513e-06,-1.219738e-05,7.061505e+00,7.060182e+00,7.048819e+00,7.046667e+00
3.925000e-11,5.833018e-06,-6.331587e-06,7.755448e-06,-1.191350e-05,7.061960e+00,7.059704e+00,7.049396e+00,7.045752e+00
3.927500e-11,5.465290e-06,-6.369599e-06,7.988231e-06,-1.156662e-05,7.062389e+00,7.059223e+00,7.049993e+00,7.044862e+00
3.930000e-11,5.073950e-06,-6.372501e-06,8.175272e-06,-1.115891e-05,7.062789e+00,7.058739e+00,7.050607e+00,7.044000e+00
3.932500e-11,4.661082e-06,-6.340594e-06,8.316234e-06,-1.069285e-05,7.063158e+00,7.058257e+00,7.051232e+00,7.043171e+00
3.935000e-11,4.228860e-06,-6.274365e-06,8.411039e-06,-1.017120e-05,7.063495e+00,7.057779e+00,7.051867e+00,7.042380e+00
3.937500e-11,3.779535e-06,-6.174480e-06,8.459861e-06,-9.596998e-06,7.063799e+00,7.057307e+00,7.052506e+00,7.041630e+00
3.940000e-11,3.315428e-06,-6.041781e-06,8.463121e-06,-8.973527e-06,7.064068e+00,7.056843e+00,7.053148e+00,7.040925e+00
3.942500e-11,2.838912e-06,-5.877279e-06,8.421481e-06,-8.304304e-06,7.064302e+00,7.056391e+00,7.053789e+00,7.040270e+00
3.945000e-11,2.352403e-06,-5.682150e-06,8.335840e-06,-7.593064e-06,7.064499e+00,7.055953e+00,7.054424e+00,7.039667e+00
3.947500e-11,1.858351e-06,-5.457720e-06,8.207325e-06,-6.843735e-06,7.064659e+00,7.055530e+00,7.055052e+00,7.039120e+00
3.950000e-11,1.359220e-06,-5.205466e-06,8.037277e-06,-6.060415e-06,7.064781e+00,7.055126e+00,7.055668e+00,7.038630e+00
3.952500e-11,8.574862e-07,-4.927000e-06,7.827248e-06,-5.247355e-06,7.064865e+00,7.054741e+00,7.056270e+00,7.038201e+00
3.955000e-11,3.556162e-07,-4.624060e-06,7.578983e-06,-4.408931e-06,7.064911e+00,7.054379e+00,7.056854e+00,7.037835e+00
3.957500e-11,-1.439388e-07,-4.298502e-06,7.294414e-06,-3.549621e-06,7.064919e+00,7.054041e+00,7.057419e+00,7.037533e+00
3.960000e-11,-6.387573e-07,-3.952287e-06,6.975640e-06,-2.673986e-06,7.064889e+00,7.053728e+00,7.057960e+00,7.037297e+00
3.962500e-11,-1.126458e-06,-3.587470e-06,6.624920e-06,-1.786637e-06,7.064822e+00,7.053442e+00,7.058476e+00,7.037128e+00
3.965000e-11,-1.604713e-06,-3.206189e-06,6.244653e-06,-8.922208e-07,7.064719e+00,7.053184e+00,7.058964e+00,7.037026e+00
3.967500e-11,-2.071256e-06,-2.810649e-06,5.837367e-06,4.614508e-09,7.064579e+00,7.052956e+00,7.059422e+00,7.036993e+00
3.970000e-11,-2.523895e-06,-2.403116e-06,5.405701e-06,8.992371e-07,7.064405e+00,7.052758e+00,7.059849e+00,7.037027e+00
3.972500e-11,-2.960521e-06,-1.985897e-06,4.952390e-06,1.787058e-06,7.064197e+00,7.052591e+00,7.060242e+00,7.037129e+00
3.975000e-11,-3.379120e-06,-1.561332e-06,4.480248e-06,2.663555e-06,7.063957e+00,7.052457e+00,7.060600e+00,7.037298e+00
3.977500e-11,-3.777779e-06,-1.131780e-06,3.992154e-06,3.524295e-06,7.063685e+00,7.052355e+00,7.060921e+00,7.037533e+00
3.980000e-11,-4.154697e-06,-6.996036e-07,3.491032e-06,4.364957e-06,7.063384e+00,7.052285e+00,7.061205e+00,7.037832e+00
3.982500e-11,-4.508194e-06,-2.671601e-07,2.979837e-06,5.181354e-06,7.063056e+00,7.052248e+00,7.061451e+00,7.038194e+00
3.985000e-11,-4.836713e-06,1.632143e-07,2.461537e-06,5.969455e-06,7.062701e+00,7.052245e+00,7.061657e+00,7.038617e+00
3.987500e-11,-5.138835e-06,5.892159e-07,1.939098e-06,6.725401e-06,7.062323e+00,7.052273e+00,7.061824e+00,7.039099e+00
3.990000e-11,-5.413277e-06,1.008586e-06,1.415467e-06,7.445529e-06,7.061922e+00,7.052334e+00,7.061952e+00,7.039636e+00
3.992500e-11,-5.658903e-06,1.419121e-06,8.935554e-07,8.126387e-06,7.061502e+00,7.052426e+00,7.062039e+00,7.040227e+00
3.995000e-11,-5.874725e-06,1.818688e-06,3.762262e-07,8.764751e-06,7.061065e+00,7.052548e+00,7.062088e+00,7.040868e+00
3.997500e-11,-6.059910e-06,2.205231e-06,-1.337240e-07,9.357639e-06,7.060612e+00,7.052701e+00,7.062097e+00,7.041555e+00
4.000000e-11,-6.213781e-06,2.576785e-06,-6.335778e-07,9.902325e-06,7.060147e+00,7.052882e+00,7.062068e+00,7.042286e+00
4.002500e-11,-6.335819e-06,2.931482e-06,-1.120711e-06,1.039635e-05,7.059671e+00,7.053091e+00,7.062002e+00,7.043056e+00
4.005000e-11,-6.425665e-06,3.267564e-06,-1.592606e-06,1.083755e-05,7.059186e+00,7.053326e+00,7.061899e+00,7.043862e+00
4.007500e-11,-6.483124e-06,3.583391e-06,-2.046863e-06,1.122402e-05,7.058697e+00,7.053586e+00,7.061761e+00,7.044699e+00
4.010000e-11,-6.508157e-06,3.877445e-06,-2.481214e-06,1.155418e-05,7.058204e+00,7.053869e+00,7.061589e+00,7.045563e+00
4.012500e-11,-6.500890e-06,4.148343e-06,-2.893532e-06,1.182672e-05,7.057710e+00,7.054174e+00,7.061385e+00,7.046450e+00
4.015000e-11,-6.461603e-06,4.394837e-06,-3.281839e-06,1.204068e-05,7.057219e+00,7.054498e+00,7.061151e+00,7.047355e+00
4.017500e-11,-6.390734e-06,4.615826e-06,-3.644320e-06,1.219537e-05,7.056731e+00,7.054839e+00,7.060889e+00,7.048274e+00
4.020000e-11,-6.288875e-06,4.810353e-06,-3.979326e-06,1.229042e-05,7.056250e+00,7.055197e+00,7.060600e+00,7.049203e+00
4.022500e-11,-6.156764e-06,4.977616e-06,-4.285382e-06,1.232578e-05,7.055778e+00,7.055568e+00,7.060286e+00,7.050137e+00
4.025000e-11,-5.995285e-06,5.116966e-06,-4.561196e-06,1.230169e-05,7.055317e+00,7.055951e+00,7.059951e+00,7.051071e+00
4.027500e-11,-5.805459e-06,5.227912e-06,-4.805661e-06,1.221870e-05,7.054869e+00,7.056344e+00,7.059596e+00,7.052002e+00
4.030000e-11,-5.588442e-06,5.310121e-06,-5.017857e-06,1.207767e-05,7.054437e+00,7.056743e+00,7.059223e+00,7.052923e+00
4.032500e-11,-5.345513e-06,5.363417e-06,-5.197059e-06,1.187973e-05,7.054022e+00,7.057148e+00,7.058836e+00,7.053832e+00
4.035000e-11,-5.078073e-06,5.387782e-06,-5.342735e-06,1.162630e-05,7.053627e+00,7.057556e+00,7.058436e+00,7.054724e+00
4.037500e-11,-4.787633e-06,5.383354e-06,-5.454546e-06,1.131908e-05,7.053253e+00,7.057964e+00,7.058027e+00,7.055594e+00
4.040000e-11,-4.475805e-06,5.350426e-06,-5.532349e-06,1.096001e-05,7.052901e+00,7.058372e+00,7.057610e+00,7.056440e+00
4.042500e-11,-4.144297e-06,5.289441e-06,-5.576191e-06,1.055130e-05,7.052574e+00,7.058775e+00,7.057189e+00,7.057256e+00
4.045000e-11,-3.794901e-06,5.200989e-06,-5.586310e-06,1.009539e-05,7.052273e+00,7.059173e+00,7.056765e+00,7.058039e+00
4.047500e-11,-3.429486e-06,5.085802e-06,-5.563129e-06,9.594940e-06,7.051999e+00,7.059563e+00,7.056343e+00,7.058786e+00
4.050000e-11,-3.049983e-06,4.944750e-06,-5.507255e-06,9.052812e-06,7.051753e+00,7.059944e+00,7.055923e+00,7.059493e+00
4.052500e-11,-2.658381e-06,4.778832e-06,-5.419467e-06,8.472064e-06,7.051537e+00,7.060313e+00,7.055508e+00,7.060158e+00
4.055000e-11,-2.256714e-06,4.589175e-06,-5.300717e-06,7.855923e-06,7.051350e+00,7.060668e+00,7.055102e+00,7.060778e+00
4.057500e-11,-1.847048e-06,4.377020e-06,-5.152117e-06,7.207771e-06,7.051194e+00,7.061008e+00,7.054705e+00,7.061349e+00
4.060000e-11,-1.431476e-06,4.143717e-06,-4.974933e-06,6.531127e-06,7.051070e+00,7.061331e+00,7.054321e+00,7.061870e+00
4.062500e-11,-1.012102e-06,3.890720e-06,-4.770577e-06,5.829626e-06,7.050977e+00,7.061636e+00,7.053952e+00,7.062339e+00
4.065000e-11,-5.910338e-07,3.619572e-06,-4.540596e-06,5.107001e-06,7.050917e+00,7.061921e+00,7.053598e+00,7.062754e+00
4.067500e-11,-1.703700e-07,3.331901e-06,-4.286662e-06,4.367064e-06,7.050888e+00,7.062185e+00,7.053264e+00,7.063114e+00
4.070000e-11,2.478083e-07,3.029407e-06,-4.010562e-06,3.613684e-06,7.050891e+00,7.062426e+00,7.052949e+00,7.063417e+00
4.072500e-11,6.614491e-07,2.713855e-06,-3.714185e-06,2.850769e-06,7.050925e+00,7.062644e+00,7.052656e+00,7.063662e+00
4.075000e-11,1.068539e-06,2.387062e-06,-3.399512e-06,2.082245e-06,7.050991e+00,7.062837e+00,7.052386e+00,7.063849e+00
4.077500e-11,1.467114e-06,2.050889e-06,-3.068601e-06,1.312034e-06,7.051087e+00,7.063006e+00,7.052141e+00,7.063978e+00
4.080000e-11,1.855267e-06,1.707230e-06,-2.723579e-06,5.440405e-07,7.051213e+00,7.063148e+00,7.051921e+00,7.064049e+00
4.082500e-11,2.231159e-06,1.358002e-06,-2.366626e-06,-2.178764e-07,7.051368e+00,7.063265e+00,7.051728e+00,7.064061e+00
4.085000e-11,2.593026e-06,1.005132e-06,-1.999960e-06,-9.699158e-07,7.051551e+00,7.063354e+00,7.051562e+00,7.064016e+00
4.087500e-11,2.939190e-06,6.505498e-07,-1.625830e-06,-1.708356e-06,7.051761e+00,7.063417e+00,7.051425e+00,7.063915e+00
4.090000e-11,3.268063e-06,2.961759e-07,-1.246498e-06,-2.429575e-06,7.051996e+00,7.063453e+00,7.051316e+00,7.063758e+00
4.092500e-11,3.578156e-06,-5.608857e-08,-8.642280e-07,-3.130061e-06,7.052256e+00,7.063462e+00,7.051236e+00,7.063547e+00
4.095000e-11,3.868088e-06,-4.043714e-07,-4.812730e-07,-3.806438e-06,7.052538e+00,7.063445e+00,7.051185e+00,7.063284e+00
4.097500e-11,4.136587e-06,-7.468394e-07,-9.986200e-08,-4.455477e-06,7.052842e+00,7.063401e+00,7.051163e+00,7.062971e+00
4.100000e-11,4.382500e-06,-1.081708e-06,2.778121e-07,-5.074111e-06,7.053165e+00,7.063332e+00,7.051169e+00,7.062609e+00
4.102500e-11,4.604795e-06,-1.407250e-06,6.496047e-07,-5.659452e-06,7.053506e+00,7.063237e+00,7.051204e+00,7.062202e+00
4.105000e-11,4.802568e-06,-1.721805e-06,1.013431e-06,-6.208800e-06,7.053863e+00,7.063119e+00,7.051267e+00,7.061752e+00
4.107500e-11,4.975043e-06,-2.023786e-06,1.367276e-06,-6.719661e-06,7.054234e+00,7.062977e+00,7.051358e+00,7.061262e+00
4.110000e-11,5.121576e-06,-2.311690e-06,1.709209e-06,-7.189753e-06,7.054617e+00,7.062812e+00,7.051474e+00,7.060734e+00
4.112500e-11,5.241660e-06,-2.584102e-06,2.037387e-06,-7.617020e-06,7.055010e+00,7.062627e+00,7.051616e+00,7.060172e+00
4.115000e-11,5.334921e-06,-2.839706e-06,2.350072e-06,-7.999638e-06,7.055411e+00,7.062421e+00,7.051783e+00,7.059580e+00
4.117500e-11,5.401123e-06,-3.077286e-06,2.645634e-06,-8.336024e-06,7.055818e+00,7.062197e+00,7.051972e+00,7.058961e+00
4.120000e-11,5.440168e-06,-3.295737e-06,2.922559e-06,-8.624842e-06,7.056229e+00,7.061955e+00,7.052183e+00,7.058317e+00
4.122500e-11,5.452092e-06,-3.494064e-06,3.179461e-06,-8.865009e-06,7.056643e+00,7.061697e+00,7.052415e+00,7.057654e+00
4.125000e-11,5.437067e-06,-3.671393e-06,3.415084e-06,-9.055696e-06,7.057056e+00,7.061426e+00,7.052665e+00,7.056974e+00
4.127500e-11,5.395395e-06,-3.826970e-06,3.628310e-06,-9.196335e-06,7.057467e+00,7.061141e+00,7.052932e+00,7.056282e+00
4.130000e-11,5.327512e-06,-3.960164e-06,3.818162e-06,-9.286614e-06,7.057873e+00,7.060846e+00,7.053214e+00,7.055581e+00
4.132500e-11,5.233978e-06,-4.070472e-06,3.983809e-06,-9.326485e-06,7.058274e+00,7.060541e+00,7.053510e+00,7.054875e+00
4.135000e-11,5.115475e-06,-4.157518e-06,4.124569e-06,-9.316153e-06,7.058667e+00,7.060229e+00,7.053818e+00,7.054168e+00
4.137500e-11,4.972806e-06,-4.221057e-06,4.239913e-06,-9.256082e-06,7.059049e+00,7.059911e+00,7.054135e+00,7.053463e+00
4.140000e-11,4.806885e-06,-4.260971e-06,4.329462e-06,-9.146984e-06,7.059420e+00,7.059590e+00,7.054460e+00,7.052765e+00
4.142500e-11,4.618734e-06,-4.277272e-06,4.392992e-06,-8.989817e-06,7.059778e+00,7.059266e+00,7.054791e+00,7.052077e+00
4.145000e-11,4.409479e-06,-4.270098e-06,4.430430e-06,-8.785780e-06,7.060120e+00,7.058942e+00,7.055125e+00,7.051403e+00
4.147500e-11,4.180336e-06,-4.239714e-06,4.441856e-06,-8.536299e-06,7.060446e+00,7.058619e+00,7.055462e+00,7.050746e+00
4.150000e-11,3.932616e-06,-4.186507e-06,4.427497e-06,-8.243025e-06,7.060754e+00,7.058299e+00,7.055798e+00,7.050109e+00
4.152500e-11,3.667705e-06,-4.110985e-06,4.387728e-06,-7.907821e-06,7.061042e+00,7.057984e+00,7.056133e+00,7.049497e+00
4.155000e-11,3.387067e-06,-4.013771e-06,4.323065e-06,-7.532749e-06,7.061310e+00,7.057676e+00,7.056463e+00,7.048911e+00
4.157500e-11,3.092228e-06,-3.895599e-06,4.234165e-06,-7.120061e-06,7.061556e+00,7.057376e+00,7.056788e+00,7.048355e+00
4.160000e-11,2.784774e-06,-3.757311e-06,4.121814e-06,-6.672184e-06,7.061779e+00,7.057086e+00,7.057104e+00,7.047832e+00
4.162500e-11,2.466339e-06,-3.599850e-06,3.986927e-06,-6.191707e-06,7.061978e+00,7.056807e+00,7.057412e+00,7.047344e+00
4.165000e-11,2.138596e-06,-3.424253e-06,3.830538e-06,-5.681369e-06,7.062153e+00,7.056541e+00,7.057708e+00,7.046894e+00
4.167500e-11,1.803252e-06,-3.231647e-06,3.653796e-06,-5.144036e-06,7.062302e+00,7.056288e+00,7.057992e+00,7.046483e+00
4.170000e-11,1.462036e-06,-3.023239e-06,3.457953e-06,-4.582695e-06,7.062426e+00,7.056051e+00,7.058262e+00,7.046114e+00
4.172500e-11,1.116691e-06,-2.800311e-06,3.244360e-06,-4.000430e-06,7.062524e+00,7.055830e+00,7.058516e+00,7.045789e+00
4.175000e-11,7.689673e-07,-2.564214e-06,3.014456e-06,-3.400410e-06,7.062596e+00,7.055626e+00,7.058754e+00,7.045508e+00
4.177500e-11,4.206095e-07,-2.316354e-06,2.769758e-06,-2.785868e-06,7.062641e+00,7.055441e+00,7.058973e+00,7.045273e+00
4.180000e-11,7.335173e-08,-2.058191e-06,2.511854e-06,-2.160087e-06,7.062660e+00,7.055275e+00,7.059173e+00,7.045086e+00
4.182500e-11,-2.710925e-07,-1.791225e-06,2.242392e-06,-1.526380e-06,7.062652e+00,7.055129e+00,7.059354e+00,7.044946e+00
4.185000e-11,-6.110385e-07,-1.516992e-06,1.963070e-06,-8.880769e-07,7.062619e+00,7.055004e+00,7.059513e+00,7.044854e+00
4.187500e-11,-9.448382e-07,-1.237050e-06,1.675625e-06,-2.485002e-07,7.062560e+00,7.054899e+00,7.059651e+00,7.044811e+00
4.190000e-11,-1.270889e-06,-9.529767e-07,1.381825e-06,3.890469e-07,7.062476e+00,7.054816e+00,7.059767e+00,7.044816e+00
4.192500e-11,-1.587638e-06,-6.663544e-07,1.083455e-06,1.021299e-06,7.062367e+00,7.054755e+00,7.059861e+00,7.044870e+00
4.195000e-11,-1.893596e-06,-3.787661e-07,7.823126e-07,1.645046e-06,7.062235e+00,7.054715e+00,7.059932e+00,7.044971e+00
4.197500e-11,-2.187337e-06,-9.178477e-08,4.801902e-07,2.257149e-06,7.062080e+00,7.054697e+00,7.059980e+00,7.045119e+00
4.200000e-11,-2.467509e-06,1.930351e-07,1.788703e-07,2.854554e-06,7.061904e+00,7.054701e+00,7.060005e+00,7.045313e+00
4.202500e-11,-2.732840e-06,4.741654e-07,-1.198862e-07,3.434311e-06,7.061707e+00,7.054726e+00,7.060007e+00,7.045552e+00
4.205000e-11,-2.982140e-06,7.501126e-07,-4.143505e-07,3.993586e-06,7.061490e+00,7.054773e+00,7.059987e+00,7.045833e+00
4.207500e-11,-3.214313e-06,1.019426e-06,-7.028344e-07,4.529674e-06,7.061255e+00,7.054840e+00,7.059944e+00,7.046157e+00
4.210000e-11,-3.428354e-06,1.280703e-06,-9.837001e-07,5.040015e-06,7.061003e+00,7.054927e+00,7.059880e+00,7.046520e+00
4.212500e-11,-3.623359e-06,1.532602e-06,-1.255369e-06,5.522202e-06,7.060735e+00,7.055034e+00,7.059796e+00,7.046920e+00
4.215000e-11,-3.798526e-06,1.773841e-06,-1.516330e-06,5.973996e-06,7.060454e+00,7.055159e+00,7.059690e+00,7.047356e+00
4.217500e-11,-3.953159e-06,2.003211e-06,-1.765148e-06,6.393334e-06,7.060160e+00,7.055302e+00,7.059566e+00,7.047826e+00
4.220000e-11,-4.086670e-06,2.219578e-06,-2.000471e-06,6.778340e-06,7.059855e+00,7.055463e+00,7.059423e+00,7.048325e+00
4.222500e-11,-4.198581e-06,2.421891e-06,-2.221035e-06,7.127329e-06,7.059541e+00,7.055639e+00,7.059263e+00,7.048853e+00
4.225000e-11,-4.288528e-06,2.609185e-06,-2.425675e-06,7.438818e-06,7.059219e+00,7.055829e+00,7.059087e+00,7.049405e+00
4.227500e-11,-4.356257e-06,2.780585e-06,-2.613328e-06,7.711533e-06,7.058891e+00,7.056034e+00,7.058896e+00,7.049980e+00
4.230000e-11,-4.401628e-06,2.935314e-06,-2.783038e-06,7.944407e-06,7.058558e+00,7.056251e+00,7.058691e+00,7.050574e+00
4.232500e-11,-4.424615e-06,3.072690e-06,-2.933959e-06,8.136593e-06,7.058224e+00,7.056479e+00,7.058474e+00,7.051184e+00
4.235000e-11,-4.425304e-06,3.192135e-06,-3.065364e-06,8.287456e-06,7.057888e+00,7.056716e+00,7.058247e+00,7.051807e+00
4.237500e-11,-4.403889e-06,3.293173e-06,-3.176642e-06,8.396584e-06,7.057553e+00,7.056962e+00,7.058010e+00,7.052440e+00
4.240000e-11,-4.360677e-06,3.375432e-06,-3.267307e-06,8.463781e-06,7.057221e+00,7.057215e+00,7.057766e+00,7.053079e+00
4.242500e-11,-4.296078e-06,3.438649e-06,-3.336993e-06,8.489070e-06,7.056892e+00,7.057474e+00,7.057515e+00,7.053723e+00
4.245000e-11,-4.210607e-06,3.482665e-06,-3.385459e-06,8.472689e-06,7.056569e+00,7.057736e+00,7.057261e+00,7.054366e+00
4.247500e-11,-4.104879e-06,3.507428e-06,-3.412589e-06,8.415089e-06,7.056254e+00,7.058001e+00,7.057003e+00,7.055007e+00
4.250000e-11,-3.979604e-06,3.512992e-06,-3.418393e-06,8.316927e-06,7.055947e+00,7.058267e+00,7.056744e+00,7.055641e+00
4.252500e-11,-3.835586e-06,3.499514e-06,-3.403002e-06,8.179064e-06,7.055651e+00,7.058533e+00,7.056485e+00,7.056267e+00
4.255000e-11,-3.673713e-06,3.467256e-06,-3.366669e-06,8.002558e-06,7.055366e+00,7.058798e+00,7.056228e+00,7.056881e+00
4.257500e-11,-3.494957e-06,3.416577e-06,-3.309766e-06,7.788654e-06,7.055094e+00,7.059059e+00,7.055975e+00,7.057480e+00
4.260000e-11,-3.300364e-06,3.347935e-06,-3.232782e-06,7.538777e-06,7.054836e+00,7.059315e+00,7.055727e+00,7.058062e+00
4.262500e-11,-3.091053e-06,3.261882e-06,-3.136317e-06,7.254527e-06,7.054594e+00,7.059566e+00,7.055485e+00,7.058623e+00
4.265000e-11,-2.868205e-06,3.159058e-06,-3.021081e-06,6.937663e-06,7.054368e+00,7.059810e+00,7.055252e+00,7.059161e+00
4.267500e-11,-2.633058e-06,3.040190e-06,-2.887885e-06,6.590096e-06,7.054159e+00,7.060045e+00,7.055028e+00,7.059674e+00
4.270000e-11,-2.386903e-06,2.906084e-06,-2.737639e-06,6.213876e-06,7.053969e+00,7.060270e+00,7.054815e+00,7.060160e+00
4.272500e-11,-2.131072e-06,2.757624e-06,-2.571345e-06,5.811182e-06,7.053797e+00,7.060485e+00,7.054613e+00,7.060616e+00
4.275000e-11,-1.866935e-06,2.595763e-06,-2.390089e-06,5.384309e-06,7.053645e+00,7.060688e+00,7.054425e+00,7.061041e+00
4.277500e-11,-1.595892e-06,2.421516e-06,-2.195038e-06,4.935655e-06,7.053514e+00,7.060879e+00,7.054251e+00,7.061433e+00
4.280000e-11,-1.319364e-06,2.235959e-06,-1.987428e-06,4.467706e-06,7.053403e+00,7.061055e+00,7.054093e+00,7.061789e+00
4.282500e-11,-1.038788e-06,2.040218e-06,-1.768559e-06,3.983025e-06,7.053314e+00,7.061217e+00,7.053950e+00,7.062110e+00
4.285000e-11,-7.556058e-07,1.835465e-06,-1.539788e-06,3.484238e-06,7.053246e+00,7.061364e+00,7.053825e+00,7.062393e+00
4.287500e-11,-4.712618e-07,1.622908e-06,-1.302518e-06,2.974018e-06,7.053199e+00,7.061496e+00,7.053717e+00,7.062638e+00
4.290000e-11,-1.871917e-07,1.403788e-06,-1.058194e-06,2.455073e-06,7.053174e+00,7.061610e+00,7.053627e+00,7.062844e+00
4.292500e-11,9.518323e-08,1.179370e-06,-8.082882e-07,1.930130e-06,7.053171e+00,7.061708e+00,7.053557e+00,7.063011e+00
4.295000e-11,3.744632e-07,9.509362e-07,-5.542974e-07,1.401924e-06,7.053189e+00,7.061789e+00,7.053505e+00,7.063137e+00
4.297500e-11,6.492772e-07,7.197775e-07,-2.977309e-07,8.731790e-07,7.053227e+00,7.061853e+00,7.053473e+00,7.063224e+00
4.300000e-11,9.182892e-07,4.871886e-07,-4.010286e-08,3.465987e-07,7.053287e+00,7.061899e+00,7.053460e+00,7.063270e+00
4.302500e-11,1.180205e-06,2.544595e-07,2.170767e-07,-1.751493e-07,7.053366e+00,7.061927e+00,7.053467e+00,7.063277e+00
4.305000e-11,1.433779e-06,2.286886e-08,4.723102e-07,-6.894462e-07,7.053466e+00,7.061937e+00,7.053493e+00,7.063244e+00
4.307500e-11,1.677817e-06,-2.063227e-07,7.241212e-07,-1.193735e-06,7.053584e+00,7.061930e+00,7.053538e+00,7.063172e+00
4.310000e-11,1.911187e-06,-4.318797e-07,9.710625e-07,-1.685533e-06,7.053720e+00,7.061906e+00,7.053602e+00,7.063063e+00
4.312500e-11,2.132819e-06,-6.525980e-07,1.211724e-06,-2.162445e-06,7.053873e+00,7.061865e+00,7.053685e+00,7.062917e+00
4.315000e-11,2.341715e-06,-8.673110e-07,1.444742e-06,-2.622171e-06,7.054043e+00,7.061807e+00,7.053786e+00,7.062736e+00
4.317500e-11,2.536948e-06,-1.074896e-06,1.668804e-06,-3.062524e-06,7.054228e+00,7.061734e+00,7.053904e+00,7.062520e+00
4.320000e-11,2.717669e-06,-1.274280e-06,1.882657e-06,-3.481431e-06,7.054427e+00,7.061645e+00,7.054039e+00,7.062272e+00
4.322500e-11,2.883113e-06,-1.464445e-06,2.085115e-06,-3.876951e-06,7.054640e+00,7.061541e+00,7.054189e+00,7.061993e+00
4.325000e-11,3.032596e-06,-1.644432e-06,2.275066e-06,-4.247279e-06,7.054864e+00,7.061423e+00,7.054355e+00,7.061685e+00
4.327500e-11,3.165523e-06,-1.813347e-06,2.451475e-06,-4.590757e-06,7.055099e+00,7.061292e+00,7.054534e+00,7.061350e+00
4.330000e-11,3.281387e-06,-1.970366e-06,2.613391e-06,-4.905877e-06,7.055344e+00,7.061148e+00,7.054726e+00,7.060990e+00
4.332500e-11,3.379773e-06,-2.114738e-06,2.759951e-06,-5.191293e-06,7.055596e+00,7.060993e+00,7.054930e+00,7.060607e+00
4.335000e-11,3.460358e-06,-2.245786e-06,2.890388e-06,-5.445821e-06,7.055856e+00,7.060828e+00,7.055144e+00,7.060203e+00
4.337500e-11,3.522911e-06,-2.362914e-06,3.004028e-06,-5.668449e-06,7.056121e+00,7.060653e+00,7.055368e+00,7.059782e+00
4.340000e-11,3.567294e-06,-2.465610e-06,3.100299e-06,-5.858336e-06,7.056390e+00,7.060470e+00,7.055599e+00,7.059345e+00
4.342500e-11,3.593463e-06,-2.553442e-06,3.178732e-06,-6.014817e-06,7.056661e+00,7.060280e+00,7.055837e+00,7.058894e+00
4.345000e-11,3.601466e-06,-2.626066e-06,3.238962e-06,-6.137406e-06,7.056934e+00,7.060083e+00,7.056081e+00,7.058433e+00
4.347500e-11,3.591442e-06,-2.683225e-06,3.280728e-06,-6.225795e-06,7.057207e+00,7.059882e+00,7.056328e+00,7.057964e+00
4.350000e-11,3.563619e-06,-2.724748e-06,3.303878e-06,-6.279857e-06,7.057479e+00,7.059677e+00,7.056578e+00,7.057490e+00
4.352500e-11,3.518313e-06,-2.750554e-06,3.308367e-06,-6.299639e-06,7.057747e+00,7.059469e+00,7.056829e+00,7.057013e+00
4.355000e-11,3.455925e-06,-2.760647e-06,3.294253e-06,-6.285367e-06,7.058012e+00,7.059260e+00,7.057079e+00,7.056536e+00
4.357500e-11,3.376937e-06,-2.755119e-06,3.261704e-06,-6.237442e-06,7.058271e+00,7.059051e+00,7.057328e+00,7.056061e+00
4.360000e-11,3.281911e-06,-2.734147e-06,3.210989e-06,-6.156432e-06,7.058524e+00,7.058843e+00,7.057573e+00,7.055590e+00
4.362500e-11,3.171484e-06,-2.697991e-06,3.142479e-06,-6.043073e-06,7.058768e+00,7.058637e+00,7.057814e+00,7.055128e+00
4.365000e-11,3.046365e-06,-2.646993e-06,3.056643e-06,-5.898260e-06,7.059004e+00,7.058434e+00,7.058049e+00,7.054675e+00
4.367500e-11,2.907329e-06,-2.581575e-06,2.954048e-06,-5.723045e-06,7.059230e+00,7.058236e+00,7.058277e+00,7.054234e+00
4.370000e-11,2.755214e-06,-2.502233e-06,2.835351e-06,-5.518625e-06,7.059445e+00,7.058043e+00,7.058497e+00,7.053808e+00
4.372500e-11,2.590915e-06,-2.409536e-06,2.701296e-06,-5.286338e-06,7.059648e+00,7.057856e+00,7.058707e+00,7.053398e+00
4.375000e-11,2.415379e-06,-2.304124e-06,2.552711e-06,-5.027655e-06,7.059838e+00,7.057678e+00,7.058906e+00,7.053006e+00
4.377500e-11,2.229602e-06,-2.186698e-06,2.390502e-06,-4.744171e-06,7.060014e+00,7.057507e+00,7.059094e+00,7.052636e+00
4.380000e-11,2.034621e-06,-2.058022e-06,2.215647e-06,-4.437593e-06,7.060176e+00,7.057346e+00,7.059268e+00,7.052288e+00
4.382500e-11,1.831507e-06,-1.918915e-06,2.029188e-06,-4.109734e-06,7.060322e+00,7.057196e+00,7.059429e+00,7.051963e+00
4.385000e-11,1.621365e-06,-1.770246e-06,1.832230e-06,-3.762498e-06,7.060453e+00,7.057056e+00,7.059576e+00,7.051665e+00
4.387500e-11,1.405321e-06,-1.612929e-06,1.625930e-06,-3.397877e-06,7.060568e+00,7.056927e+00,7.059707e+00,7.051393e+00
4.390000e-11,1.184521e-06,-1.447920e-06,1.411492e-06,-3.017929e-06,7.060666e+00,7.056811e+00,7.059822e+00,7.051150e+00
4.392500e-11,9.601239e-07,-1.276207e-06,1.190160e-06,-2.624778e-06,7.060748e+00,7.056708e+00,7.059921e+00,7.050936e+00
4.395000e-11,7.332940e-07,-1.098807e-06,9.632089e-07,-2.220592e-06,7.060812e+00,7.056618e+00,7.060002e+00,7.050752e+00
4.397500e-11,5.051970e-07,-9.167606e-07,7.319408e-07,-1.807581e-06,7.060859e+00,7.056541e+00,7.060067e+00,7.050599e+00
4.400000e-11,2.769930e-07,-7.311247e-07,4.976748e-07,-1.387976e-06,7.060889e+00,7.056479e+00,7.060113e+00,7.050478e+00
4.402500e-11,4.983109e-08,-5.429669e-07,2.617401e-07,-9.640247e-07,7.060901e+00,7.056430e+00,7.060142e+00,7.050389e+00
4.405000e-11,-1.751565e-07,-3.533595e-07,2.546937e-08,-5.379741e-07,7.060896e+00,7.056396e+00,7.060153e+00,7.050332e+00
4.407500e-11,-3.968597e-07,-1.633737e-07,-2.098097e-07,-1.120619e-07,7.060875e+00,7.056377e+00,7.060146e+00,7.050307e+00
4.410000e-11,-6.141964e-07,2.592657e-08,-4.427811e-07,3.114962e-07,7.060836e+00,7.056372e+00,7.060121e+00,7.050314e+00
4.412500e-11,-8.261174e-07,2.134901e-07,-6.721481e-07,7.305179e-07,7.060782e+00,7.056381e+00,7.060079e+00,7.050354e+00
4.415000e-11,-1.031611e-06,3.982845e-07,-8.966401e-07,1.142865e-06,7.060711e+00,7.056404e+00,7.060020e+00,7.050425e+00
4.417500e-11,-1.229709e-06,5.793017e-07,-1.115020e-06,1.546455e-06,7.060626e+00,7.056441e+00,7.059943e+00,7.050527e+00
4.420000e-11,-1.419489e-06,7.555629e-07,-1.326089e-06,1.939270e-06,7.060525e+00,7.056492e+00,7.059851e+00,7.050659e+00
4.422500e-11,-1.600081e-06,9.261243e-07,-1.528698e-06,2.319370e-06,7.060411e+00,7.056555e+00,7.059742e+00,7.050821e+00
4.425000e-11,-1.770670e-06,1.090082e-06,-1.721746e-06,2.684896e-06,7.060283e+00,7.056632e+00,7.059619e+00,7.051011e+00
4.427500e-11,-1.930499e-06,1.246576e-06,-1.904194e-06,3.034087e-06,7.060142e+00,7.056720e+00,7.059482e+00,7.051228e+00
4.430000e-11,-2.078874e-06,1.394796e-06,-2.075065e-06,3.365281e-06,7.059990e+00,7.056821e+00,7.059331e+00,7.051470e+00
4.432500e-11,-2.215166e-06,1.533983e-06,-2.233451e-06,3.676929e-06,7.059827e+00,7.056932e+00,7.059167e+00,7.051737e+00
4.435000e-11,-2.338812e-06,1.663436e-06,-2.378517e-06,3.967596e-06,7.059655e+00,7.057053e+00,7.058992e+00,7.052027e+00
4.437500e-11,-2.449321e-06,1.782514e-06,-2.509506e-06,4.235973e-06,7.059473e+00,7.057184e+00,7.058807e+00,7.052339e+00
4.440000e-11,-2.546272e-06,1.890638e-06,-2.625744e-06,4.480878e-06,7.059284e+00,7.057323e+00,7.058612e+00,7.052669e+00
4.442500e-11,-2.629316e-06,1.987296e-06,-2.726639e-06,4.701264e-06,7.059087e+00,7.057470e+00,7.058409e+00,7.053017e+00
4.445000e-11,-2.698180e-06,2.072043e-06,-2.811690e-06,4.896223e-06,7.058885e+00,7.057624e+00,7.058199e+00,7.053382e+00
4.447500e-11,-2.752665e-06,2.144506e-06,-2.880484e-06,5.064986e-06,7.058678e+00,7.057784e+00,7.057983e+00,7.053759e+00
4.450000e-11,-2.792646e-06,2.204380e-06,-2.932700e-06,5.206931e-06,7.058468e+00,7.057949e+00,7.057763e+00,7.054149e+00
4.452500e-11,-2.818073e-06,2.251436e-06,-2.968110e-06,5.321579e-06,7.058255e+00,7.058118e+00,7.057539e+00,7.054548e+00
4.455000e-11,-2.828972e-06,2.285516e-06,-2.986582e-06,5.408602e-06,7.058041e+00,7.058290e+00,7.057313e+00,7.054955e+00
4.457500e-11,-2.825441e-06,2.306538e-06,-2.988077e-06,5.467814e-06,7.057827e+00,7.058464e+00,7.057086e+00,7.055368e+00
4.460000e-11,-2.807649e-06,2.314489e-06,-2.972648e-06,5.499181e-06,7.057613e+00,7.058639e+00,7.056860e+00,7.055784e+00
4.462500e-11,-2.775839e-06,2.309433e-06,-2.940446e-06,5.502812e-06,7.057401e+00,7.058815e+00,7.056636e+00,7.056201e+00
4.465000e-11,-2.730319e-06,2.291505e-06,-2.891710e-06,5.478958e-06,7.057192e+00,7.058989e+00,7.056415e+00,7.056618e+00
4.467500e-11,-2.671467e-06,2.260908e-06,-2.826770e-06,5.428013e-06,7.056987e+00,7.059162e+00,7.056198e+00,7.057032e+00
4.470000e-11,-2.599722e-06,2.217918e-06,-2.746046e-06,5.350508e-06,7.056787e+00,7.059332e+00,7.055987e+00,7.057441e+00
4.472500e-11,-2.515585e-06,2.162875e-06,-2.650042e-06,5.247106e-06,7.056593e+00,7.059498e+00,7.055782e+00,7.057843e+00
4.475000e-11,-2.419616e-06,2.096183e-06,-2.539343e-06,5.118599e-06,7.056406e+00,7.059659e+00,7.055585e+00,7.058236e+00
4.477500e-11,-2.312428e-06,2.018309e-06,-2.414615e-06,4.965901e-06,7.056227e+00,7.059816e+00,7.055397e+00,7.058618e+00
4.480000e-11,-2.194685e-06,1.929778e-06,-2.276597e-06,4.790043e-06,7.056056e+00,7.059965e+00,7.055219e+00,7.058988e+00
4.482500e-11,-2.067098e-06,1.831171e-06,-2.126097e-06,4.592169e-06,7.055894e+00,7.060108e+00,7.055052e+00,7.059344e+00
4.485000e-11,-1.930421e-06,1.723119e-06,-1.963990e-06,4.373521e-06,7.055742e+00,7.060243e+00,7.054897e+00,7.059685e+00
4.487500e-11,-1.785446e-06,1.606302e-06,-1.791212e-06,4.135442e-06,7.055601e+00,7.060369e+00,7.054755e+00,7.060007e+00
4.490000e-11,-1.632998e-06,1.481442e-06,-1.608750e-06,3.879358e-06,7.055472e+00,7.060486e+00,7.054626e+00,7.060311e+00
4.492500e-11,-1.473934e-06,1.349302e-06,-1.417644e-06,3.606779e-06,7.055354e+00,7.060593e+00,7.054511e+00,7.060595e+00
4.495000e-11,-1.309134e-06,1.210677e-06,-1.218974e-06,3.319282e-06,7.055248e+00,7.060691e+00,7.054411e+00,7.060858e+00
4.497500e-11,-1.139497e-06,1.066395e-06,-1.013859e-06,3.018508e-06,7.055155e+00,7.060777e+00,7.054326e+00,7.061099e+00
4.500000e-11,-9.659397e-07,9.173080e-07,-8.034483e-07,2.706151e-06,7.055075e+00,7.060852e+00,7.054258e+00,7.061316e+00
4.502500e-11,-7.893871e-07,7.642869e-07,-5.889135e-07,2.383946e-06,7.055009e+00,7.060916e+00,7.054205e+00,7.061509e+00
4.505000e-11,-6.107706e-07,6.082194e-07,-3.714457e-07,2.053665e-06,7.054956e+00,7.060968e+00,7.054168e+00,7.061677e+00
4.507500e-11,-4.310216e-07,4.500030e-07,-1.522463e-07,1.717103e-06,7.054916e+00,7.061008e+00,7.054148e+00,7.061820e+00
4.510000e-11,-2.510677e-07,2.905404e-07,6.747910e-08,1.376069e-06,7.054890e+00,7.061036e+00,7.054145e+00,7.061938e+00
4.512500e-11,-7.182756e-08,1.307345e-07,2.865271e-07,1.032379e-06,7.054878e+00,7.061052e+00,7.054159e+00,7.062029e+00
4.515000e-11,1.057938e-07,-2.851642e-08,5.037032e-07,6.878434e-07,7.054879e+00,7.061056e+00,7.054189e+00,7.062094e+00
4.517500e-11,2.809094e-07,-1.863241e-07,7.178285e-07,3.442607e-07,7.054894e+00,7.061048e+00,7.054235e+00,7.062134e+00
4.520000e-11,4.526546e-07,-3.418146e-07,9.277456e-07,3.405250e-09,7.054922e+00,7.061028e+00,7.054297e+00,7.062147e+00
4.522500e-11,6.201914e-07,-4.941335e-07,1.132325e-06,-3.329797e-07,7.054962e+00,7.060996e+00,7.054376e+00,7.062134e+00
4.525000e-11,7.827124e-07,-6.424499e-07,1.330473e-06,-6.631916e-07,7.055016e+00,7.060953e+00,7.054469e+00,7.062097e+00
4.527500e-11,9.394448e-07,-7.859616e-07,1.521133e-06,-9.855767e-07,7.055081e+00,7.060899e+00,7.054577e+00,7.062034e+00
4.530000e-11,1.089654e-06,-9.238985e-07,1.703295e-06,-1.298538e-06,7.055158e+00,7.060834e+00,7.054700e+00,7.061948e+00
4.532500e-11,1.232646e-06,-1.055527e-06,1.876001e-06,-1.600544e-06,7.055246e+00,7.060759e+00,7.054835e+00,7.061838e+00
4.535000e-11,1.367773e-06,-1.180155e-06,2.038347e-06,-1.890135e-06,7.055345e+00,7.060674e+00,7.054984e+00,7.061705e+00
4.537500e-11,1.494432e-06,-1.297132e-06,2.189490e-06,-2.165930e-06,7.055453e+00,7.060580e+00,7.055144e+00,7.061552e+00
4.540000e-11,1.612074e-06,-1.405857e-06,2.328651e-06,-2.426634e-06,7.055571e+00,7.060478e+00,7.055316e+00,7.061377e+00
4.542500e-11,1.720199e-06,-1.505778e-06,2.455122e-06,-2.671043e-06,7.055697e+00,7.060367e+00,7.055497e+00,7.061184e+00
4.545000e-11,1.818362e-06,-1.596395e-06,2.568264e-06,-2.898050e-06,7.055831e+00,7.060250e+00,7.055688e+00,7.060973e+00
4.547500e-11,1.906174e-06,-1.677265e-06,2.667515e-06,-3.106649e-06,7.055973e+00,7.060126e+00,7.055886e+00,7.060745e+00
4.550000e-11,1.983305e-06,-1.748001e-06,2.752390e-06,-3.295940e-06,7.056120e+00,7.059996e+00,7.056092e+00,7.060502e+00
4.552500e-11,2.049482e-06,-1.808276e-06,2.822484e-06,-3.465135e-06,7.056273e+00,7.059861e+00,7.056303e+00,7.060246e+00
4.555000e-11,2.104491e-06,-1.857823e-06,2.877475e-06,-3.613555e-06,7.056431e+00,7.059722e+00,7.056519e+00,7.059977e+00
4.557500e-11,2.148179e-06,-1.896435e-06,2.917124e-06,-3.740639e-06,7.056592e+00,7.059579e+00,7.056739e+00,7.059699e+00
4.560000e-11,2.180452e-06,-1.923971e-06,2.941274e-06,-3.845942e-06,7.056756e+00,7.059435e+00,7.056961e+00,7.059411e+00
4.562500e-11,2.201275e-06,-1.940349e-06,2.949856e-06,-3.929136e-06,7.056923e+00,7.059288e+00,7.057185e+00,7.059116e+00
4.565000e-11,2.210673e-06,-1.945550e-06,2.942881e-06,-3.990014e-06,7.057090e+00,7.059141e+00,7.057408e+00,7.058816e+00
4.567500e-11,2.208730e-06,-1.939621e-06,2.920449e-06,-4.028486e-06,7.057258e+00,7.058993e+00,7.057631e+00,7.058511e+00
4.570000e-11,2.195587e-06,-1.922665e-06,2.882739e-06,-4.044582e-06,7.057425e+00,7.058847e+00,7.057851e+00,7.058205e+00
4.572500e-11,2.171439e-06,-1.894850e-06,2.830014e-06,-4.038448e-06,7.057590e+00,7.058702e+00,7.058068e+00,7.057899e+00
4.575000e-11,2.136539e-06,-1.856402e-06,2.762614e-06,-4.010344e-06,7.057754e+00,7.058560e+00,7.058280e+00,7.057593e+00
4.577500e-11,2.091189e-06,-1.807604e-06,2.680959e-06,-3.960645e-06,7.057914e+00,7.058421e+00,7.058486e+00,7.057291e+00
4.580000e-11,2.035744e-06,-1.748796e-06,2.585544e-06,-3.889834e-06,7.058071e+00,7.058286e+00,7.058686e+00,7.056993e+00
4.582500e-11,1.970604e-06,-1.680370e-06,2.476933e-06,-3.798500e-06,7.058223e+00,7.058156e+00,7.058878e+00,7.056702e+00
4.585000e-11,1.896217e-06,-1.602770e-06,2.355761e-06,-3.687335e-06,7.058369e+00,7.058031e+00,7.059061e+00,7.056418e+00
4.587500e-11,1.813071e-06,-1.516489e-06,2.222726e-06,-3.557126e-06,7.058510e+00,7.057913e+00,7.059235e+00,7.056143e+00
4.590000e-11,1.721696e-06,-1.422063e-06,2.078589e-06,-3.408756e-06,7.058644e+00,7.057801e+00,7.059398e+00,7.055879e+00
4.592500e-11,1.622657e-06,-1.320072e-06,1.924163e-06,-3.243193e-06,7.058771e+00,7.057697e+00,7.059550e+00,7.055626e+00
4.595000e-11,1.516552e-06,-1.211132e-06,1.760315e-06,-3.061484e-06,7.058890e+00,7.057601e+00,7.059690e+00,7.055387e+00
4.597500e-11,1.404009e-06,-1.095897e-06,1.587960e-06,-2.864754e-06,7.059001e+00,7.057514e+00,7.059817e+00,7.055162e+00
4.600000e-11,1.285681e-06,-9.750495e-07,1.408050e-06,-2.654194e-06,7.059103e+00,7.057435e+00,7.059930e+00,7.054953e+00
4.602500e-11,1.162243e-06,-8.492995e-07,1.221578e-06,-2.431057e-06,7.059196e+00,7.057366e+00,7.060030e+00,7.054760e+00
4.605000e-11,1.034392e-06,-7.193800e-07,1.029564e-06,-2.196649e-06,7.059279e+00,7.057307e+00,7.060116e+00,7.054585e+00
4.607500e-11,9.028348e-07,-5.860427e-07,8.330537e-07,-1.952322e-06,7.059353e+00,7.057257e+00,7.060186e+00,7.054427e+00
4.610000e-11,7.682928e-07,-4.500536e-07,6.331132e-07,-1.699470e-06,7.059416e+00,7.057218e+00,7.060242e+00,7.054289e+00
4.612500e-11,6.314930e-07,-3.121886e-07,4.308210e-07,-1.439514e-06,7.059469e+00,7.057189e+00,7.060282e+00,7.054170e+00
4.615000e-11,4.931658e-07,-1.732296e-07,2.272633e-07,-1.173902e-06,7.059512e+00,7.057171e+00,7.060307e+00,7.054070e+00
4.617500e-11,3.540414e-07,-3.395958e-08,2.352807e-08,-9.040953e-07,7.059544e+00,7.057163e+00,7.060317e+00,7.053992e+00
4.620000e-11,2.148453e-07,1.048415e-07,-1.793007e-07,-6.315630e-07,7.059566e+00,7.057165e+00,7.060311e+00,7.053933e+00
4.622500e-11,7.629521e-08,2.424009e-07,-3.801490e-07,-3.577748e-07,7.059577e+00,7.057179e+00,7.060290e+00,7.053896e+00
4.625000e-11,-6.090287e-08,3.779574e-07,-5.779585e-07,-8.419185e-08,7.059577e+00,7.057202e+00,7.060253e+00,7.053879e+00
4.627500e-11,-1.960581e-07,5.107655e-07,-7.716917e-07,1.877402e-07,7.059568e+00,7.057236e+00,7.060202e+00,7.053883e+00
4.630000e-11,-3.284981e-07,6.400994e-07,-9.603380e-07,4.565988e-07,7.059548e+00,7.057280e+00,7.060136e+00,7.053907e+00
4.632500e-11,-4.575725e-07,7.652568e-07,-1.142918e-06,7.209921e-07,7.059518e+00,7.057333e+00,7.060057e+00,7.053952e+00
4.635000e-11,-5.826557e-07,8.855628e-07,-1.318491e-06,9.795656e-07,7.059478e+00,7.057395e+00,7.059963e+00,7.054017e+00
4.637500e-11,-7.031501e-07,1.000373e-06,-1.486155e-06,1.231009e-06,7.059430e+00,7.057467e+00,7.059857e+00,7.054100e+00
4.640000e-11,-8.184889e-07,1.109079e-06,-1.645057e-06,1.474064e-06,7.059372e+00,7.057547e+00,7.059738e+00,7.054203e+00
4.642500e-11,-9.281382e-07,1.211106e-06,-1.794393e-06,1.707527e-06,7.059306e+00,7.057635e+00,7.059608e+00,7.054324e+00
4.645000e-11,-1.031600e-06,1.305924e-06,-1.933415e-06,1.930260e-06,7.059231e+00,7.057730e+00,7.059466e+00,7.054462e+00
4.647500e-11,-1.128415e-06,1.393043e-06,-2.061433e-06,2.141190e-06,7.059149e+00,7.057833e+00,7.059315e+00,7.054616e+00
4.650000e-11,-1.218162e-06,1.472020e-06,-2.177817e-06,2.339321e-06,7.059060e+00,7.057942e+00,7.059154e+00,7.054786e+00
4.652500e-11,-1.300462e-06,1.542457e-06,-2.282005e-06,2.523733e-06,7.058965e+00,7.058056e+00,7.058985e+00,7.054970e+00
4.655000e-11,-1.374980e-06,1.604010e-06,-2.373500e-06,2.693586e-06,7.058863e+00,7.058175e+00,7.058808e+00,7.055168e+00
4.657500e-11,-1.441425e-06,1.656382e-06,-2.451875e-06,2.848130e-06,7.058757e+00,7.058299e+00,7.058625e+00,7.055379e+00
4.660000e-11,-1.499550e-06,1.699330e-06,-2.516777e-06,2.986698e-06,7.058645e+00,7.058426e+00,7.058437e+00,7.055600e+00
4.662500e-11,-1.549155e-06,1.732666e-06,-2.567924e-06,3.108719e-06,7.058529e+00,7.058556e+00,7.058244e+00,7.055831e+00
4.665000e-11,-1.590087e-06,1.756252e-06,-2.605108e-06,3.213714e-06,7.058410e+00,7.058689e+00,7.058047e+00,7.056071e+00
4.667500e-11,-1.622240e-06,1.770009e-06,-2.628199e-06,3.301298e-06,7.058289e+00,7.058822e+00,7.057849e+00,7.056318e+00
4.670000e-11,-1.645554e-06,1.773911e-06,-2.637139e-06,3.371183e-06,7.058165e+00,7.058957e+00,7.057649e+00,7.056571e+00
4.672500e-11,-1.660016e-06,1.767985e-06,-2.631948e-06,3.423177e-06,7.058039e+00,7.059091e+00,7.057449e+00,7.056829e+00
4.675000e-11,-1.665660e-06,1.752315e-06,-2.612721e-06,3.457185e-06,7.057913e+00,7.059225e+00,7.057250e+00,7.057090e+00
4.677500e-11,-1.662564e-06,1.727036e-06,-2.579624e-06,3.473208e-06,7.057787e+00,7.059357e+00,7.057054e+00,7.057353e+00
4.680000e-11,-1.650853e-06,1.692336e-06,-2.532899e-06,3.471343e-06,7.057661e+00,7.059486e+00,7.056860e+00,7.057616e+00
4.682500e-11,-1.630692e-06,1.648453e-06,-2.472857e-06,3.451780e-06,7.057537e+00,7.059613e+00,7.056670e+00,7.057879e+00
4.685000e-11,-1.602292e-06,1.595676e-06,-2.399881e-06,3.414801e-06,7.057414e+00,7.059736e+00,7.056485e+00,7.058139e+00
4.687500e-11,-1.565901e-06,1.534341e-06,-2.314416e-06,3.360776e-06,7.057294e+00,7.059855e+00,7.056306e+00,7.058396e+00
4.690000e-11,-1.521809e-06,1.464827e-06,-2.216976e-06,3.290163e-06,7.057177e+00,7.059969e+00,7.056134e+00,7.058649e+00
4.692500e-11,-1.470340e-06,1.387559e-06,-2.108133e-06,3.203503e-06,7.057063e+00,7.060077e+00,7.055970e+00,7.058895e+00
4.695000e-11,-1.411855e-06,1.303000e-06,-1.988518e-06,3.101417e-06,7.056954e+00,7.060179e+00,7.055815e+00,7.059134e+00
4.697500e-11,-1.346745e-06,1.211652e-06,-1.858813e-06,2.984599e-06,7.056849e+00,7.060274e+00,7.055669e+00,7.059365e+00
4.700000e-11,-1.275433e-06,1.114052e-06,-1.719755e-06,2.853816e-06,7.056750e+00,7.060362e+00,7.055533e+00,7.059586e+00
4.702500e-11,-1.198369e-06,1.010767e-06,-1.572123e-06,2.709901e-06,7.056656e+00,7.060443e+00,7.055408e+00,7.059797e+00
4.705000e-11,-1.116027e-06,9.023926e-07,-1.416738e-06,2.553747e-06,7.056568e+00,7.060516e+00,7.055295e+00,7.059997e+00
4.707500e-11,-1.028903e-06,7.895502e-07,-1.254460e-06,2.386304e-06,7.056487e+00,7.060580e+00,7.055194e+00,7.060185e+00
4.710000e-11,-9.375145e-07,6.728816e-07,-1.086178e-06,2.208571e-06,7.056412e+00,7.060635e+00,7.055105e+00,7.060359e+00
4.712500e-11,-8.423916e-07,5.530464e-07,-9.128110e-07,2.021592e-06,7.056345e+00,7.060682e+00,7.055029e+00,7.060519e+00
4.715000e-11,-7.440798e-07,4.307183e-07,-7.352982e-07,1.826450e-06,7.056284e+00,7.060719e+00,7.054966e+00,7.060665e+00
4.717500e-11,-6.431344e-07,3.065811e-07,-5.545971e-07,1.624258e-06,7.056232e+00,7.060747e+00,7.054918e+00,7.060796e+00
4.720000e-11,-5.401176e-07,1.813249e-07,-3.716763e-07,1.416158e-06,7.056187e+00,7.060765e+00,7.054882e+00,7.060912e+00
4.722500e-11,-4.355960e-07,5.564277e-08,-1.875116e-07,1.203310e-06,7.056150e+00,7.060774e+00,7.054861e+00,7.061011e+00
4.725000e-11,-3.301370e-07,-6.977379e-08,-3.079926e-09,9.868883e-07,7.056121e+00,7.060774e+00,7.054854e+00,7.061094e+00
4.727500e-11,-2.243064e-07,-1.942380e-07,1.806455e-07,7.680730e-07,7.056100e+00,7.060764e+00,7.054861e+00,7.061161e+00
4.730000e-11,-1.186648e-07,-3.170718e-07,3.627002e-07,5.480464e-07,7.056087e+00,7.060744e+00,7.054881e+00,7.061211e+00
4.732500e-11,-1.376521e-08,-4.376094e-07,5.421340e-07,3.279849e-07,7.056082e+00,7.060716e+00,7.054916e+00,7.061244e+00
4.735000e-11,8.985005e-08,-5.552010e-07,7.180154e-07,1.090531e-07,7.056085e+00,7.060678e+00,7.054963e+00,7.061261e+00
4.737500e-11,1.916520e-07,-6.692158e-07,8.894369e-07,-1.076016e-07,7.056095e+00,7.060632e+00,7.055024e+00,7.061261e+00
4.740000e-11,2.911277e-07,-7.790460e-07,1.055519e-06,-3.208559e-07,7.056114e+00,7.060577e+00,7.055098e+00,7.061244e+00
4.742500e-11,3.877825e-07,-8.841094e-07,1.215417e-06,-5.296152e-07,7.056139e+00,7.060514e+00,7.055184e+00,7.061212e+00
4.745000e-11,4.811430e-07,-9.838527e-07,1.368320e-06,-7.328199e-07,7.056172e+00,7.060443e+00,7.055282e+00,7.061164e+00
4.747500e-11,5.707588e-07,-1.077754e-06,1.513462e-06,-9.294505e-07,7.056212e+00,7.060365e+00,7.055392e+00,7.061101e+00
4.750000e-11,6.562048e-07,-1.165327e-06,1.650120e-06,-1.118532e-06,7.056259e+00,7.060280e+00,7.055512e+00,7.061024e+00
4.752500e-11,7.370830e-07,-1.246121e-06,1.777621e-06,-1.299140e-06,7.056311e+00,7.060188e+00,7.055642e+00,7.060932e+00
4.755000e-11,8.130246e-07,-1.319724e-06,1.895343e-06,-1.470404e-06,7.056370e+00,7.060091e+00,7.055781e+00,7.060827e+00
4.757500e-11,8.836915e-07,-1.385767e-06,2.002721e-06,-1.631510e-06,7.056435e+00,7.059988e+00,7.055929e+00,7.060709e+00
4.760000e-11,9.487774e-07,-1.443922e-06,2.099244e-06,-1.781709e-06,7.056504e+00,7.059881e+00,7.056084e+00,7.060580e+00
4.762500e-11,1.008010e-06,-1.493907e-06,2.184466e-06,-1.920315e-06,7.056578e+00,7.059769e+00,7.056247e+00,7.060440e+00
4.765000e-11,1.061149e-06,-1.535484e-06,2.257999e-06,-2.046710e-06,7.056657e+00,7.059655e+00,7.056415e+00,7.060289e+00
4.767500e-11,1.107994e-06,-1.568465e-06,2.319520e-06,-2.160350e-06,7.056739e+00,7.059537e+00,7.056589e+00,7.060129e+00
4.770000e-11,1.148375e-06,-1.592706e-06,2.368773e-06,-2.260760e-06,7.056825e+00,7.059417e+00,7.056767e+00,7.059962e+00
4.772500e-11,1.182162e-06,-1.608113e-06,2.405565e-06,-2.347544e-06,7.056913e+00,7.059295e+00,7.056948e+00,7.059787e+00
4.775000e-11,1.209261e-06,-1.614641e-06,2.429771e-06,-2.420379e-06,7.057004e+00,7.059173e+00,7.057131e+00,7.059606e+00
4.777500e-11,1.229613e-06,-1.612292e-06,2.441335e-06,-2.479021e-06,7.057096e+00,7.059051e+00,7.057316e+00,7.059420e+00
4.780000e-11,1.243199e-06,-1.601117e-06,2.440264e-06,-2.523304e-06,7.057190e+00,7.058929e+00,7.057501e+00,7.059231e+00
4.782500e-11,1.250031e-06,-1.581215e-06,2.426634e-06,-2.553140e-06,7.057285e+00,7.058808e+00,7.057686e+00,7.059038e+00
4.785000e-11,1.250162e-06,-1.552732e-06,2.400586e-06,-2.568517e-06,7.057379e+00,7.058689e+00,7.057869e+00,7.058844e+00
4.787500e-11,1.243676e-06,-1.515858e-06,2.362325e-06,-2.569502e-06,7.057474e+00,7.058573e+00,7.058050e+00,7.058649e+00
4.790000e-11,1.230694e-06,-1.470830e-06,2.312121e-06,-2.556238e-06,7.057568e+00,7.058460e+00,7.058227e+00,7.058455e+00
4.792500e-11,1.211369e-06,-1.417926e-06,2.250301e-06,-2.528942e-06,7.057661e+00,7.058350e+00,7.058400e+00,7.058262e+00
4.795000e-11,1.185885e-06,-1.357468e-06,2.177256e-06,-2.487903e-06,7.057751e+00,7.058245e+00,7.058568e+00,7.058071e+00
4.797500e-11,1.154458e-06,-1.289815e-06,2.093431e-06,-2.433481e-06,7.057840e+00,7.058144e+00,7.058730e+00,7.057885e+00
4.800000e-11,1.117332e-06,-1.215364e-06,1.999324e-06,-2.366103e-06,7.057926e+00,7.058049e+00,7.058885e+00,7.057703e+00
4.802500e-11,1.074779e-06,-1.134548e-06,1.895486e-06,-2.286264e-06,7.058010e+00,7.057960e+00,7.059033e+00,7.057526e+00
4.805000e-11,1.027096e-06,-1.047830e-06,1.782516e-06,-2.194516e-06,7.058089e+00,7.057878e+00,7.059173e+00,7.057356e+00
4.807500e-11,9.746041e-07,-9.557069e-07,1.661055e-06,-2.091473e-06,7.058165e+00,7.057802e+00,7.059303e+00,7.057194e+00
4.810000e-11,9.176457e-07,-8.586984e-07,1.531788e-06,-1.977800e-06,7.058237e+00,7.057733e+00,7.059424e+00,7.057039e+00
4.812500e-11,8.565832e-07,-7.573502e-07,1.395433e-06,-1.854216e-06,7.058304e+00,7.057671e+00,7.059535e+00,7.056894e+00
4.815000e-11,7.917964e-07,-6.522286e-07,1.252745e-06,-1.721483e-06,7.058367e+00,7.057618e+00,7.059636e+00,7.056758e+00
4.817500e-11,7.236802e-07,-5.439177e-07,1.104505e-06,-1.580405e-06,7.058424e+00,7.057573e+00,7.059725e+00,7.056633e+00
4.820000e-11,6.526425e-07,-4.330161e-07,9.515199e-07,-1.431823e-06,7.058477e+00,7.057536e+00,7.059803e+00,7.056519e+00
4.822500e-11,5.791015e-07,-3.201335e-07,7.946147e-07,-1.276610e-06,7.058523e+00,7.057507e+00,7.059870e+00,7.056416e+00
4.825000e-11,5.034840e-07,-2.058876e-07,6.346319e-07,-1.115667e-06,7.058564e+00,7.057487e+00,7.059924e+00,7.056325e+00
4.827500e-11,4.262224e-07,-9.090062e-08,4.724243e-07,-9.499135e-07,7.058600e+00,7.057476e+00,7.059966e+00,7.056247e+00
4.830000e-11,3.477527e-07,2.420430e-08,3.088513e-07,-7.802890e-07,7.058629e+00,7.057473e+00,7.059995e+00,7.056181e+00
4.832500e-11,2.685117e-07,1.388061e-07,1.447746e-07,-6.077431e-07,7.058652e+00,7.057479e+00,7.060013e+00,7.056129e+00
4.835000e-11,1.889352e-07,2.522895e-07,-1.894709e-08,-4.332318e-07,7.058670e+00,7.057494e+00,7.060017e+00,7.056089e+00
4.837500e-11,1.094553e-07,3.640478e-07,-1.814618e-07,-2.577124e-07,7.058681e+00,7.057518e+00,7.060010e+00,7.056063e+00
4.840000e-11,3.049835e-08,4.734867e-07,-3.419291e-07,-8.213817e-08,7.058686e+00,7.057549e+00,7.059990e+00,7.056050e+00
4.842500e-11,-4.751765e-08,5.800271e-07,-4.995244e-07,9.254675e-08,7.058686e+00,7.057589e+00,7.059958e+00,7.056051e+00
4.845000e-11,-1.241847e-07,6.831081e-07,-6.534430e-07,2.654122e-07,7.058679e+00,7.057637e+00,7.059914e+00,7.056064e+00
4.847500e-11,-1.991072e-07,7.821901e-07,-8.029044e-07,4.355470e-07,7.058667e+00,7.057693e+00,7.059859e+00,7.056091e+00
4.850000e-11,-2.719039e-07,8.767575e-07,-9.471560e-07,6.020635e-07,7.058649e+00,7.057756e+00,7.059793e+00,7.056130e+00
4.852500e-11,-3.422095e-07,9.663214e-07,-1.085477e-06,7.641021e-07,7.058626e+00,7.057826e+00,7.059716e+00,7.056182e+00
4.855000e-11,-4.096769e-07,1.050422e-06,-1.217183e-06,9.208357e-07,7.058597e+00,7.057902e+00,7.059628e+00,7.056246e+00
4.857500e-11,-4.739783e-07,1.128631e-06,-1.341627e-06,1.071474e-06,7.058564e+00,7.057985e+00,7.059531e+00,7.056321e+00
4.860000e-11,-5.348073e-07,1.200554e-06,-1.458204e-06,1.215266e-06,7.058526e+00,7.058073e+00,7.059425e+00,7.056408e+00
4.862500e-11,-5.918799e-07,1.265832e-06,-1.566354e-06,1.351508e-06,7.058483e+00,7.058167e+00,7.059310e+00,7.056505e+00
4.865000e-11,-6.449359e-07,1.324142e-06,-1.665566e-06,1.479539e-06,7.058436e+00,7.058265e+00,7.059188e+00,7.056613e+00
4.867500e-11,-6.937400e-07,1.375203e-06,-1.755378e-06,1.598752e-06,7.058385e+00,7.058367e+00,7.059058e+00,7.056730e+00
4.870000e-11,-7.380829e-07,1.418771e-06,-1.835378e-06,1.708592e-06,7.058331e+00,7.058473e+00,7.058922e+00,7.056855e+00
4.872500e-11,-7.777817e-07,1.454646e-06,-1.905211e-06,1.808560e-06,7.058273e+00,7.058582e+00,7.058780e+00,7.056988e+00
4.875000e-11,-8.126813e-07,1.482667e-06,-1.964575e-06,1.898215e-06,7.058213e+00,7.058694e+00,7.058633e+00,7.057129e+00
4.877500e-11,-8.426544e-07,1.502718e-06,-2.013227e-06,1.977176e-06,7.058150e+00,7.058807e+00,7.058482e+00,7.057276e+00
4.880000e-11,-8.676016e-07,1.514726e-06,-2.050979e-06,2.045122e-06,7.058085e+00,7.058922e+00,7.058328e+00,7.057429e+00
4.882500e-11,-8.874526e-07,1.518661e-06,-2.077702e-06,2.101796e-06,7.058019e+00,7.059037e+00,7.058171e+00,7.057586e+00
4.885000e-11,-9.021651e-07,1.514537e-06,-2.093327e-06,2.147001e-06,7.057951e+00,7.059152e+00,7.058013e+00,7.057747e+00
4.887500e-11,-9.117254e-07,1.502408e-06,-2.097842e-06,2.180606e-06,7.057882e+00,7.059266e+00,7.057854e+00,7.057911e+00
4.890000e-11,-9.161481e-07,1.482376e-06,-2.091294e-06,2.202544e-06,7.057813e+00,7.059379e+00,7.057695e+00,7.058077e+00
4.892500e-11,-9.154754e-07,1.454579e-06,-2.073786e-06,2.212809e-06,7.057743e+00,7.059491e+00,7.057537e+00,7.058245e+00
4.895000e-11,-9.097768e-07,1.419199e-06,-2.045480e-06,2.211459e-06,7.057674e+00,7.059600e+00,7.057381e+00,7.058413e+00
4.897500e-11,-8.991482e-07,1.376457e-06,-2.006592e-06,2.198614e-06,7.057606e+00,7.059706e+00,7.057227e+00,7.058580e+00
4.900000e-11,-8.837113e-07,1.326612e-06,-1.957393e-06,2.174454e-06,7.057538e+00,7.059808e+00,7.057077e+00,7.058746e+00
4.902500e-11,-8.636124e-07,1.269959e-06,-1.898205e-06,2.139218e-06,7.057472e+00,7.059907e+00,7.056931e+00,7.058910e+00
4.905000e-11,-8.390216e-07,1.206830e-06,-1.829402e-06,2.093202e-06,7.057407e+00,7.060001e+00,7.056789e+00,7.059070e+00
4.907500e-11,-8.101314e-07,1.137587e-06,-1.751403e-06,2.036758e-06,7.057345e+00,7.060090e+00,7.056654e+00,7.059227e+00
4.910000e-11,-7.771553e-07,1.062625e-06,-1.664677e-06,1.970288e-06,7.057284e+00,7.060173e+00,7.056524e+00,7.059379e+00
4.912500e-11,-7.403268e-07,9.823661e-07,-1.569732e-06,1.894248e-06,7.057227e+00,7.060251e+00,7.056401e+00,7.059525e+00
4.915000e-11,-6.998974e-07,8.972597e-07,-1.467117e-06,1.809136e-06,7.057172e+00,7.060322e+00,7.056286e+00,7.059666e+00
4.917500e-11,-6.561353e-07,8.077783e-07,-1.357418e-06,1.715498e-06,7.057121e+00,7.060387e+00,7.056179e+00,7.059800e+00
4.920000e-11,-6.093238e-07,7.144153e-07,-1.241253e-06,1.613918e-06,7.057073e+00,7.060444e+00,7.056080e+00,7.059926e+00
4.922500e-11,-5.597594e-07,6.176826e-07,-1.119272e-06,1.505017e-06,7.057028e+00,7.060495e+00,7.055991e+00,7.060044e+00
4.925000e-11,-5.077501e-07,5.181074e-07,-9.921494e-07,1.389452e-06,7.056988e+00,7.060538e+00,7.055911e+00,7.060154e+00
4.927500e-11,-4.536136e-07,4.162296e-07,-8.605833e-07,1.267906e-06,7.056951e+00,7.060573e+00,7.055840e+00,7.060255e+00
4.930000e-11,-3.976755e-07,3.125987e-07,-7.252901e-07,1.141089e-06,7.056919e+00,7.060601e+00,7.055780e+00,7.060346e+00
4.932500e-11,-3.402674e-07,2.077706e-07,-5.870011e-07,1.009733e-06,7.056891e+00,7.060621e+00,7.055731e+00,7.060428e+00
4.935000e-11,-2.817248e-07,1.023054e-07,-4.464584e-07,8.745858e-07,7.056868e+00,7.060633e+00,7.055691e+00,7.060499e+00
4.937500e-11,-2.223856e-07,-3.236485e-09,-3.044113e-07,7.364097e-07,7.056848e+00,7.060636e+00,7.055663e+00,7.060560e+00
4.940000e-11,-1.625879e-07,-1.082968e-07,-1.616118e-07,5.959754e-07,7.056834e+00,7.060632e+00,7.055645e+00,7.060611e+00
4.942500e-11,-1.026685e-07,-2.123226e-07,-1.881105e-08,4.540582e-07,7.056824e+00,7.060620e+00,7.055638e+00,7.060651e+00
4.945000e-11,-4.296050e-08,-3.147688e-07,1.232447e-07,3.114342e-07,7.056818e+00,7.060600e+00,7.055642e+00,7.060680e+00
4.947500e-11,1.620781e-08,-4.151016e-07,2.638183e-07,1.688757e-07,7.056817e+00,7.060572e+00,7.055657e+00,7.060698e+00
4.950000e-11,7.451523e-08,-5.128009e-07,4.021849e-07,2.714737e-08,7.056821e+00,7.060537e+00,7.055682e+00,7.060705e+00
4.952500e-11,1.316490e-07,-6.073627e-07,5.376364e-07,-1.129980e-07,7.056828e+00,7.060495e+00,7.055718e+00,7.060702e+00
4.955000e-11,1.873068e-07,-6.983025e-07,6.694844e-07,-2.508232e-07,7.056840e+00,7.060445e+00,7.055764e+00,7.060688e+00
4.957500e-11,2.411976e-07,-7.851570e-07,7.970642e-07,-3.856105e-07,7.056857e+00,7.060389e+00,7.055819e+00,7.060664e+00
4.960000e-11,2.930441e-07,-8.674866e-07,9.197378e-07,-5.166654e-07,7.056877e+00,7.060326e+00,7.055884e+00,7.060630e+00
4.962500e-11,3.425832e-07,-9.448781e-07,1.036897e-06,-6.433199e-07,7.056901e+00,7.060257e+00,7.055959e+00,7.060586e+00
4.965000e-11,3.895678e-07,-1.016946e-06,1.147967e-06,-7.649361e-07,7.056929e+00,7.060183e+00,7.056041e+00,7.060533e+00
4.967500e-11,4.337679e-07,-1.083335e-06,1.252409e-06,-8.809091e-07,7.056960e+00,7.060103e+00,7.056133e+00,7.060470e+00
4.970000e-11,4.749715e-07,-1.143722e-06,1.349722e-06,-9.906701e-07,7.056995e+00,7.060019e+00,7.056231e+00,7.060399e+00
4.972500e-11,5.129857e-07,-1.197816e-06,1.439445e-06,-1.093689e-06,7.057032e+00,7.059930e+00,7.056337e+00,7.060320e+00
4.975000e-11,5.476378e-07,-1.245361e-06,1.521162e-06,-1.189477e-06,7.057072e+00,7.059837e+00,7.056449e+00,7.060234e+00
4.977500e-11,5.787753e-07,-1.286138e-06,1.594500e-06,-1.277589e-06,7.057115e+00,7.059741e+00,7.056568e+00,7.060140e+00
4.980000e-11,6.062675e-07,-1.319963e-06,1.659132e-06,-1.357625e-06,7.057160e+00,7.059642e+00,7.056691e+00,7.060040e+00
4.982500e-11,6.300049e-07,-1.346691e-06,1.714781e-06,-1.429232e-06,7.057207e+00,7.059541e+00,7.056819e+00,7.059935e+00
4.985000e-11,6.499006e-07,-1.366214e-06,1.761217e-06,-1.492106e-06,7.057255e+00,7.059438e+00,7.056951e+00,7.059824e+00
4.987500e-11,6.658899e-07,-1.378463e-06,1.798261e-06,-1.545994e-06,7.057305e+00,7.059334e+00,7.057086e+00,7.059709e+00
4.990000e-11,6.779304e-07,-1.383408e-06,1.825783e-06,-1.590690e-06,7.057356e+00,7.059229e+00,7.057223e+00,7.059590e+00
4.992500e-11,6.860024e-07,-1.381057e-06,1.843706e-06,-1.626044e-06,7.057408e+00,7.059125e+00,7.057362e+00,7.059468e+00
4.995000e-11,6.901083e-07,-1.371457e-06,1.852000e-06,-1.651955e-06,7.057460e+00,7.059020e+00,7.057503e+00,7.059343e+00
4.997500e-11,6.902727e-07,-1.354693e-06,1.850690e-06,-1.668374e-06,7.057512e+00,7.058917e+00,7.057643e+00,7.059217e+00
