time,"I(I_WL1)","I(I_BL1)","I(I_SE1)","I(BVMOUT)","V(QBIN)","V(QBOUT)","V(O1)","V(O2)","V(O2)","V(O3)","V(O4)","V(O5)","V(O6)","P(BJ1|XBQ1)","P(B01|XJTL1_1)","P(B01|XJTL1_2)"
4.500000e-11,0.000000e+00,0.000000e+00,0.000000e+00,-2.379277e-07,1.402860e-07,2.366953e-08,1.652587e-09,1.646601e-10,1.646601e-10,1.239077e-11,8.712063e-13,1.030243e-13,1.314111e-14,1.347716e+00,8.049615e-01,7.790133e-01
4.505000e-11,0.000000e+00,0.000000e+00,0.000000e+00,-2.368397e-07,1.391846e-07,2.340728e-08,1.644475e-09,1.658149e-10,1.658149e-10,1.204853e-11,8.888224e-13,1.025108e-13,1.271416e-14,1.347729e+00,8.049631e-01,7.790134e-01
4.510000e-11,0.000000e+00,0.000000e+00,0.000000e+00,-2.357302e-07,1.382906e-07,2.311927e-08,1.640182e-09,1.666449e-10,1.666449e-10,1.171484e-11,9.087794e-13,1.015982e-13,1.232010e-14,1.347742e+00,8.049649e-01,7.790136e-01
4.520000e-11,0.000000e+00,0.000000e+00,0.000000e+00,-2.334509e-07,1.371367e-07,2.248190e-08,1.642549e-09,1.672280e-10,1.672280e-10,1.109534e-11,9.535617e-13,9.865069e-14,1.165967e-14,1.347767e+00,8.049683e-01,7.790138e-01
4.525000e-11,0.000000e+00,0.000000e+00,0.000000e+00,-2.322848e-07,1.368726e-07,2.214143e-08,1.648783e-09,1.669486e-10,1.669486e-10,1.081965e-11,9.772499e-13,9.666228e-14,1.140427e-14,1.347780e+00,8.049700e-01,7.790139e-01
4.530000e-11,0.000000e+00,0.000000e+00,0.000000e+00,-2.311040e-07,1.368075e-07,2.179284e-08,1.657991e-09,1.662800e-10,1.662800e-10,1.057260e-11,1.001019e-12,9.438669e-14,1.120039e-14,1.347792e+00,8.049718e-01,7.790140e-01
4.535000e-11,0.000000e+00,0.000000e+00,0.000000e+00,-2.299114e-07,1.369295e-07,2.144114e-08,1.669806e-09,1.652258e-10,1.652258e-10,1.035787e-11,1.024282e-12,9.185460e-14,1.105296e-14,1.347805e+00,8.049735e-01,7.790141e-01
4.540000e-11,0.000000e+00,0.000000e+00,0.000000e+00,-2.287100e-07,1.372229e-07,2.109137e-08,1.683813e-09,1.637973e-10,1.637973e-10,1.017847e-11,1.046474e-12,8.912082e-14,1.096527e-14,1.347817e+00,8.049752e-01,7.790142e-01
4.545000e-11,0.000000e+00,0.000000e+00,0.000000e+00,-2.275034e-07,1.376690e-07,2.074855e-08,1.699557e-09,1.620133e-10,1.620133e-10,1.003664e-11,1.067053e-12,8.623248e-14,1.093403e-14,1.347830e+00,8.049770e-01,7.790143e-01
4.550000e-11,0.000000e+00,0.000000e+00,0.000000e+00,-2.262949e-07,1.382459e-07,2.041752e-08,1.716553e-09,1.598998e-10,1.598998e-10,9.933848e-12,1.085518e-12,8.325152e-14,1.096143e-14,1.347843e+00,8.049787e-01,7.790144e-01
4.555000e-11,0.000000e+00,0.000000e+00,0.000000e+00,-2.250884e-07,1.389295e-07,2.010289e-08,1.734295e-09,1.574893e-10,1.574893e-10,9.870767e-12,1.101412e-12,8.022014e-14,1.104255e-14,1.347856e+00,8.049804e-01,7.790145e-01
4.560000e-11,0.000000e+00,0.000000e+00,0.000000e+00,-2.238874e-07,1.396935e-07,1.980893e-08,1.752266e-09,1.548198e-10,1.548198e-10,9.847243e-12,1.114347e-12,7.721177e-14,1.117518e-14,1.347869e+00,8.049820e-01,7.790146e-01
4.565000e-11,0.000000e+00,0.000000e+00,0.000000e+00,-2.226958e-07,1.405102e-07,1.953950e-08,1.769950e-09,1.519345e-10,1.519345e-10,9.862326e-12,1.123983e-12,7.426150e-14,1.135221e-14,1.347882e+00,8.049836e-01,7.790147e-01
4.570000e-11,0.000000e+00,0.000000e+00,0.000000e+00,-2.215172e-07,1.413510e-07,1.929797e-08,1.786839e-09,1.488805e-10,1.488805e-10,9.914286e-12,1.130073e-12,7.144496e-14,1.157472e-14,1.347895e+00,8.049853e-01,7.790148e-01
4.575000e-11,0.000000e+00,0.000000e+00,0.000000e+00,-2.203549e-07,1.421870e-07,1.908713e-08,1.802447e-09,1.457081e-10,1.457081e-10,1.000066e-11,1.132420e-12,6.879284e-14,1.182903e-14,1.347909e+00,8.049868e-01,7.790149e-01
4.580000e-11,0.000000e+00,0.000000e+00,0.000000e+00,-2.192121e-07,1.429892e-07,1.890920e-08,1.816318e-09,1.424696e-10,1.424696e-10,1.011833e-11,1.130936e-12,6.636489e-14,1.211183e-14,1.347922e+00,8.049884e-01,7.790150e-01
4.585000e-11,0.000000e+00,0.000000e+00,0.000000e+00,-2.180918e-07,1.437298e-07,1.876571e-08,1.828031e-09,1.392180e-10,1.392180e-10,1.026354e-11,1.125587e-12,6.419726e-14,1.241492e-14,1.347936e+00,8.049899e-01,7.790151e-01
4.590000e-11,0.000000e+00,0.000000e+00,0.000000e+00,-2.169965e-07,1.443819e-07,1.865755e-08,1.837217e-09,1.360065e-10,1.360065e-10,1.043202e-11,1.116434e-12,6.232615e-14,1.273335e-14,1.347950e+00,8.049913e-01,7.790152e-01
4.595000e-11,0.000000e+00,0.000000e+00,0.000000e+00,-2.159283e-07,1.449207e-07,1.858489e-08,1.843554e-09,1.328870e-10,1.328870e-10,1.061909e-11,1.103613e-12,6.078113e-14,1.305287e-14,1.347964e+00,8.049928e-01,7.790153e-01
4.600000e-11,0.000000e+00,0.000000e+00,0.000000e+00,-2.148888e-07,1.453238e-07,1.854722e-08,1.846786e-09,1.299090e-10,1.299090e-10,1.081971e-11,1.087335e-12,5.958524e-14,1.337021e-14,1.347978e+00,8.049942e-01,7.790155e-01
4.605000e-11,0.000000e+00,0.000000e+00,0.000000e+00,-2.138792e-07,1.455712e-07,1.854335e-08,1.846716e-09,1.271190e-10,1.271190e-10,1.102863e-11,1.067882e-12,5.875272e-14,1.367548e-14,1.347992e+00,8.049955e-01,7.790156e-01
4.610000e-11,0.000000e+00,0.000000e+00,0.000000e+00,-2.129002e-07,1.456465e-07,1.857141e-08,1.843217e-09,1.245593e-10,1.245593e-10,1.124047e-11,1.045593e-12,5.829070e-14,1.396377e-14,1.348007e+00,8.049968e-01,7.790157e-01
4.615000e-11,0.000000e+00,0.000000e+00,0.000000e+00,-2.119520e-07,1.455364e-07,1.862894e-08,1.836233e-09,1.222673e-10,1.222673e-10,1.144984e-11,1.020875e-12,5.819643e-14,1.422355e-14,1.348021e+00,8.049981e-01,7.790158e-01
4.620000e-11,0.000000e+00,0.000000e+00,0.000000e+00,-2.110342e-07,1.452315e-07,1.871291e-08,1.825775e-09,1.202747e-10,1.202747e-10,1.165149e-11,9.941667e-13,5.846827e-14,1.445265e-14,1.348036e+00,8.049994e-01,7.790159e-01
4.625000e-11,0.000000e+00,0.000000e+00,0.000000e+00,-2.101459e-07,1.447263e-07,1.881978e-08,1.811927e-09,1.186071e-10,1.186071e-10,1.184032e-11,9.659586e-13,5.908102e-14,1.464228e-14,1.348050e+00,8.050006e-01,7.790160e-01
4.630000e-11,0.000000e+00,0.000000e+00,0.000000e+00,-2.092856e-07,1.440194e-07,1.894557e-08,1.794839e-09,1.172832e-10,1.172832e-10,1.201159e-11,9.367622e-13,6.001986e-14,1.479026e-14,1.348065e+00,8.050018e-01,7.790161e-01
4.635000e-11,0.000000e+00,0.000000e+00,0.000000e+00,-2.084516e-07,1.431131e-07,1.908595e-08,1.774726e-09,1.163148e-10,1.163148e-10,1.216093e-11,9.070968e-13,6.125028e-14,1.488946e-14,1.348079e+00,8.050030e-01,7.790163e-01
4.640000e-11,0.000000e+00,0.000000e+00,0.000000e+00,-2.076415e-07,1.420141e-07,1.923633e-08,1.751861e-09,1.157065e-10,1.157065e-10,1.228449e-11,8.775020e-13,6.274159e-14,1.493879e-14,1.348093e+00,8.050042e-01,7.790164e-01
4.645000e-11,0.000000e+00,0.000000e+00,0.000000e+00,-2.068527e-07,1.407327e-07,1.939194e-08,1.726573e-09,1.154557e-10,1.154557e-10,1.237895e-11,8.485019e-13,6.444938e-14,1.493714e-14,1.348107e+00,8.050054e-01,7.790165e-01
4.650000e-11,0.000000e+00,0.000000e+00,0.000000e+00,-2.060821e-07,1.392829e-07,1.954793e-08,1.699235e-09,1.155526e-10,1.155526e-10,1.244164e-11,8.206122e-13,6.633091e-14,1.488233e-14,1.348121e+00,8.050065e-01,7.790167e-01
4.655000e-11,0.000000e+00,0.000000e+00,0.000000e+00,-2.053263e-07,1.376819e-07,1.969946e-08,1.670263e-09,1.159805e-10,1.159805e-10,1.247057e-11,7.943086e-13,6.834069e-14,1.477601e-14,1.348135e+00,8.050077e-01,7.790168e-01
4.660000e-11,0.000000e+00,0.000000e+00,0.000000e+00,-2.045820e-07,1.359500e-07,1.984180e-08,1.640100e-09,1.167163e-10,1.167163e-10,1.246444e-11,7.700394e-13,7.042719e-14,1.461816e-14,1.348148e+00,8.050088e-01,7.790169e-01
4.665000e-11,0.000000e+00,0.000000e+00,0.000000e+00,-2.038455e-07,1.341103e-07,1.997045e-08,1.609214e-09,1.177310e-10,1.177310e-10,1.242268e-11,7.482103e-13,7.254056e-14,1.441319e-14,1.348162e+00,8.050100e-01,7.790170e-01
4.670000e-11,0.000000e+00,0.000000e+00,0.000000e+00,-2.031130e-07,1.321877e-07,2.008116e-08,1.578081e-09,1.189901e-10,1.189901e-10,1.234548e-11,7.291681e-13,7.462816e-14,1.416326e-14,1.348175e+00,8.050112e-01,7.790172e-01
4.675000e-11,0.000000e+00,0.000000e+00,0.000000e+00,-2.023808e-07,1.302089e-07,2.017008e-08,1.547185e-09,1.204546e-10,1.204546e-10,1.223371e-11,7.131934e-13,7.663684e-14,1.387224e-14,1.348188e+00,8.050123e-01,7.790173e-01
4.680000e-11,0.000000e+00,0.000000e+00,0.000000e+00,-2.016452e-07,1.282017e-07,2.023382e-08,1.516998e-09,1.220816e-10,1.220816e-10,1.208900e-11,7.005193e-13,7.853208e-14,1.354559e-14,1.348200e+00,8.050135e-01,7.790174e-01
4.685000e-11,0.000000e+00,0.000000e+00,0.000000e+00,-2.009029e-07,1.261944e-07,2.026949e-08,1.487980e-09,1.238256e-10,1.238256e-10,1.191359e-11,6.912936e-13,8.024973e-14,1.319263e-14,1.348213e+00,8.050148e-01,7.790176e-01
4.690000e-11,0.000000e+00,0.000000e+00,0.000000e+00,-2.001504e-07,1.242154e-07,2.027479e-08,1.460563e-09,1.256388e-10,1.256388e-10,1.171036e-11,6.855948e-13,8.176241e-14,1.281611e-14,1.348225e+00,8.050160e-01,7.790177e-01
4.695000e-11,0.000000e+00,0.000000e+00,0.000000e+00,-1.993849e-07,1.222923e-07,2.024802e-08,1.435146e-09,1.274725e-10,1.274725e-10,1.148271e-11,6.834337e-13,8.303120e-14,1.242533e-14,1.348236e+00,8.050173e-01,7.790178e-01
4.700000e-11,0.000000e+00,0.000000e+00,0.000000e+00,-1.986038e-07,1.204517e-07,2.018814e-08,1.412086e-09,1.292783e-10,1.292783e-10,1.123455e-11,6.847485e-13,8.402101e-14,1.202359e-14,1.348248e+00,8.050185e-01,7.790179e-01
4.705000e-11,0.000000e+00,0.000000e+00,0.000000e+00,-1.978047e-07,1.187187e-07,2.009478e-08,1.391694e-09,1.310083e-10,1.310083e-10,1.097014e-11,6.894006e-13,8.471158e-14,1.162295e-14,1.348259e+00,8.050198e-01,7.790181e-01
4.710000e-11,0.000000e+00,0.000000e+00,0.000000e+00,-1.969859e-07,1.171160e-07,1.996824e-08,1.374223e-09,1.326169e-10,1.326169e-10,1.069406e-11,6.971876e-13,8.508427e-14,1.122779e-14,1.348270e+00,8.050212e-01,7.790182e-01
4.715000e-11,0.000000e+00,0.000000e+00,0.000000e+00,-1.961460e-07,1.156639e-07,1.980950e-08,1.359870e-09,1.340612e-10,1.340612e-10,1.041109e-11,7.078459e-13,8.512318e-14,1.085017e-14,1.348281e+00,8.050225e-01,7.790183e-01
4.720000e-11,0.000000e+00,0.000000e+00,0.000000e+00,-1.952843e-07,1.143795e-07,1.962017e-08,1.348767e-09,1.353020e-10,1.353020e-10,1.012613e-11,7.210583e-13,8.482997e-14,1.048899e-14,1.348292e+00,8.050239e-01,7.790184e-01
4.725000e-11,0.000000e+00,0.000000e+00,0.000000e+00,-1.944004e-07,1.132767e-07,1.940249e-08,1.340984e-09,1.363045e-10,1.363045e-10,9.844050e-12,7.364525e-13,8.419914e-14,1.015741e-14,1.348302e+00,8.050253e-01,7.790185e-01
4.730000e-11,0.000000e+00,0.000000e+00,0.000000e+00,-1.934946e-07,1.123658e-07,1.915925e-08,1.336522e-09,1.370389e-10,1.370389e-10,9.569648e-12,7.536126e-13,8.325207e-14,9.856519e-15,1.348312e+00,8.050267e-01,7.790186e-01
4.735000e-11,0.000000e+00,0.000000e+00,0.000000e+00,-1.925677e-07,1.116533e-07,1.889377e-08,1.335318e-09,1.374813e-10,1.374813e-10,9.307537e-12,7.720980e-13,8.199205e-14,9.593992e-15,1.348323e+00,8.050281e-01,7.790187e-01
4.740000e-11,0.000000e+00,0.000000e+00,0.000000e+00,-1.916208e-07,1.111418e-07,1.860980e-08,1.337244e-09,1.376138e-10,1.376138e-10,9.062030e-12,7.914405e-13,8.044430e-14,9.373120e-15,1.348333e+00,8.050295e-01,7.790188e-01
4.745000e-11,0.000000e+00,0.000000e+00,0.000000e+00,-1.906558e-07,1.108297e-07,1.831145e-08,1.342111e-09,1.374247e-10,1.374247e-10,8.837075e-12,8.111618e-13,7.864607e-14,9.196641e-15,1.348343e+00,8.050309e-01,7.790189e-01
4.750000e-11,0.000000e+00,0.000000e+00,0.000000e+00,-1.896747e-07,1.107119e-07,1.800315e-08,1.349674e-09,1.369092e-10,1.369092e-10,8.636186e-12,8.307778e-13,7.661931e-14,9.067296e-15,1.348353e+00,8.050324e-01,7.790190e-01
4.755000e-11,0.000000e+00,0.000000e+00,0.000000e+00,-1.886802e-07,1.107790e-07,1.768949e-08,1.359634e-09,1.360690e-10,1.360690e-10,8.462344e-12,8.498058e-13,7.440893e-14,8.987277e-15,1.348363e+00,8.050338e-01,7.790191e-01
4.760000e-11,0.000000e+00,0.000000e+00,0.000000e+00,-1.876752e-07,1.110183e-07,1.737518e-08,1.371648e-09,1.349125e-10,1.349125e-10,8.317983e-12,8.677891e-13,7.205003e-14,8.953845e-15,1.348373e+00,8.050352e-01,7.790192e-01
4.765000e-11,0.000000e+00,0.000000e+00,0.000000e+00,-1.866630e-07,1.114137e-07,1.706494e-08,1.385333e-09,1.334542e-10,1.334542e-10,8.204900e-12,8.842981e-13,6.959358e-14,8.969191e-15,1.348383e+00,8.050367e-01,7.790193e-01
4.770000e-11,0.000000e+00,0.000000e+00,0.000000e+00,-1.856468e-07,1.119460e-07,1.676341e-08,1.400276e-09,1.317149e-10,1.317149e-10,8.124260e-12,8.989195e-13,6.707902e-14,9.031671e-15,1.348394e+00,8.050381e-01,7.790193e-01
4.775000e-11,0.000000e+00,0.000000e+00,0.000000e+00,-1.846304e-07,1.125933e-07,1.647503e-08,1.416040e-09,1.297208e-10,1.297208e-10,8.076563e-12,9.113032e-13,6.455680e-14,9.135805e-15,1.348404e+00,8.050395e-01,7.790194e-01
4.780000e-11,0.000000e+00,0.000000e+00,0.000000e+00,-1.836173e-07,1.133316e-07,1.620400e-08,1.432177e-09,1.275030e-10,1.275030e-10,8.061634e-12,9.211395e-13,6.207404e-14,9.281044e-15,1.348415e+00,8.050409e-01,7.790195e-01
4.785000e-11,0.000000e+00,0.000000e+00,0.000000e+00,-1.826114e-07,1.141352e-07,1.595416e-08,1.448232e-09,1.250973e-10,1.250973e-10,8.078634e-12,9.281679e-13,5.967074e-14,9.460811e-15,1.348425e+00,8.050422e-01,7.790196e-01
4.790000e-11,0.000000e+00,0.000000e+00,0.000000e+00,-1.816160e-07,1.149771e-07,1.572894e-08,1.463754e-09,1.225427e-10,1.225427e-10,8.126101e-12,9.322061e-13,5.739241e-14,9.670174e-15,1.348436e+00,8.050436e-01,7.790197e-01
4.795000e-11,0.000000e+00,0.000000e+00,0.000000e+00,-1.806349e-07,1.158297e-07,1.553125e-08,1.478308e-09,1.198812e-10,1.198812e-10,8.201958e-12,9.331115e-13,5.528014e-14,9.905297e-15,1.348447e+00,8.050449e-01,7.790197e-01
4.800000e-11,0.000000e+00,0.000000e+00,0.000000e+00,-1.796711e-07,1.166655e-07,1.536346e-08,1.491478e-09,1.171566e-10,1.171566e-10,8.303569e-12,9.308239e-13,5.337340e-14,1.016015e-14,1.348458e+00,8.050462e-01,7.790198e-01
4.805000e-11,0.000000e+00,0.000000e+00,0.000000e+00,-1.787276e-07,1.174572e-07,1.522736e-08,1.502879e-09,1.144139e-10,1.144139e-10,8.427811e-12,9.253448e-13,5.169520e-14,1.042597e-14,1.348469e+00,8.050474e-01,7.790199e-01
4.810000e-11,0.000000e+00,0.000000e+00,0.000000e+00,-1.778071e-07,1.181786e-07,1.512407e-08,1.512166e-09,1.116979e-10,1.116979e-10,8.571120e-12,9.167395e-13,5.028228e-14,1.069726e-14,1.348481e+00,8.050486e-01,7.790200e-01
4.815000e-11,0.000000e+00,0.000000e+00,0.000000e+00,-1.769119e-07,1.188051e-07,1.505410e-08,1.519035e-09,1.090529e-10,1.090529e-10,8.729576e-12,9.051451e-13,4.914941e-14,1.096636e-14,1.348493e+00,8.050498e-01,7.790201e-01
4.820000e-11,0.000000e+00,0.000000e+00,0.000000e+00,-1.760437e-07,1.193141e-07,1.501727e-08,1.523235e-09,1.065215e-10,1.065215e-10,8.898988e-12,8.907396e-13,4.831799e-14,1.122889e-14,1.348504e+00,8.050509e-01,7.790202e-01
4.825000e-11,0.000000e+00,0.000000e+00,0.000000e+00,-1.752038e-07,1.196855e-07,1.501273e-08,1.524569e-09,1.041436e-10,1.041436e-10,9.074982e-12,8.737861e-13,4.778745e-14,1.147662e-14,1.348516e+00,8.050521e-01,7.790203e-01
4.830000e-11,0.000000e+00,0.000000e+00,0.000000e+00,-1.743932e-07,1.199020e-07,1.503901e-08,1.522899e-09,1.019560e-10,1.019560e-10,9.253084e-12,8.545707e-13,4.757097e-14,1.170188e-14,1.348528e+00,8.050532e-01,7.790203e-01
4.835000e-11,0.000000e+00,0.000000e+00,0.000000e+00,-1.736120e-07,1.199498e-07,1.509403e-08,1.518147e-09,9.999141e-11,9.999141e-11,9.428811e-12,8.334436e-13,4.765701e-14,1.190466e-14,1.348540e+00,8.050542e-01,7.790204e-01
4.840000e-11,0.000000e+00,0.000000e+00,0.000000e+00,-1.728601e-07,1.198182e-07,1.517513e-08,1.510301e-09,9.827780e-11,9.827780e-11,9.597777e-12,8.107809e-13,4.804012e-14,1.207456e-14,1.348552e+00,8.050552e-01,7.790205e-01
4.845000e-11,0.000000e+00,0.000000e+00,0.000000e+00,-1.721367e-07,1.195006e-07,1.527914e-08,1.499408e-09,9.683807e-11,9.683807e-11,9.755757e-12,7.869935e-13,4.870383e-14,1.220775e-14,1.348564e+00,8.050562e-01,7.790206e-01
4.850000e-11,0.000000e+00,0.000000e+00,0.000000e+00,-1.714405e-07,1.189939e-07,1.540245e-08,1.485579e-09,9.568946e-11,9.568946e-11,9.898791e-12,7.625062e-13,4.962349e-14,1.230366e-14,1.348576e+00,8.050572e-01,7.790207e-01
4.855000e-11,0.000000e+00,0.000000e+00,0.000000e+00,-1.707700e-07,1.182993e-07,1.554105e-08,1.468982e-09,9.484330e-11,9.484330e-11,1.002326e-11,7.377580e-13,5.077444e-14,1.235737e-14,1.348588e+00,8.050582e-01,7.790208e-01
4.860000e-11,0.000000e+00,0.000000e+00,0.000000e+00,-1.701227e-07,1.174215e-07,1.569065e-08,1.449842e-09,9.430480e-11,9.430480e-11,1.012594e-11,7.131907e-13,5.212489e-14,1.236833e-14,1.348600e+00,8.050592e-01,7.790209e-01
4.865000e-11,0.000000e+00,0.000000e+00,0.000000e+00,-1.694963e-07,1.163692e-07,1.584676e-08,1.428434e-09,9.407298e-11,9.407298e-11,1.020409e-11,6.892438e-13,5.364360e-14,1.233599e-14,1.348612e+00,8.050601e-01,7.790210e-01
4.870000e-11,0.000000e+00,0.000000e+00,0.000000e+00,-1.688877e-07,1.151545e-07,1.600476e-08,1.405077e-09,9.414076e-11,9.414076e-11,1.025549e-11,6.663333e-13,5.528398e-14,1.225926e-14,1.348623e+00,8.050610e-01,7.790211e-01
4.875000e-11,0.000000e+00,0.000000e+00,0.000000e+00,-1.682937e-07,1.137930e-07,1.616001e-08,1.380130e-09,9.449509e-11,9.449509e-11,1.027847e-11,6.448467e-13,5.701095e-14,1.213759e-14,1.348635e+00,8.050620e-01,7.790213e-01
4.880000e-11,0.000000e+00,0.000000e+00,0.000000e+00,-1.677109e-07,1.123030e-07,1.630793e-08,1.353982e-09,9.511728e-11,9.511728e-11,1.027196e-11,6.251551e-13,5.878615e-14,1.197646e-14,1.348646e+00,8.050629e-01,7.790214e-01
4.885000e-11,0.000000e+00,0.000000e+00,0.000000e+00,-1.671356e-07,1.107059e-07,1.644412e-08,1.327046e-09,9.598340e-11,9.598340e-11,1.023551e-11,6.075768e-13,6.055862e-14,1.177587e-14,1.348657e+00,8.050638e-01,7.790215e-01
4.890000e-11,0.000000e+00,0.000000e+00,0.000000e+00,-1.665641e-07,1.090248e-07,1.656441e-08,1.299748e-09,9.706479e-11,9.706479e-11,1.016927e-11,5.923941e-13,6.228998e-14,1.154129e-14,1.348668e+00,8.050648e-01,7.790216e-01
4.895000e-11,0.000000e+00,0.000000e+00,0.000000e+00,-1.659929e-07,1.072848e-07,1.666498e-08,1.272522e-09,9.832869e-11,9.832869e-11,1.007399e-11,5.798274e-13,6.394241e-14,1.127548e-14,1.348679e+00,8.050657e-01,7.790217e-01
4.900000e-11,0.000000e+00,0.000000e+00,0.000000e+00,-1.654181e-07,1.055120e-07,1.674241e-08,1.245799e-09,9.973887e-11,9.973887e-11,9.951041e-12,5.700563e-13,6.547263e-14,1.098335e-14,1.348689e+00,8.050667e-01,7.790218e-01
4.905000e-11,0.000000e+00,0.000000e+00,0.000000e+00,-1.648364e-07,1.037333e-07,1.679377e-08,1.219997e-09,1.012564e-10,1.012564e-10,9.802313e-12,5.631841e-13,6.684609e-14,1.067095e-14,1.348699e+00,8.050676e-01,7.790219e-01
4.910000e-11,0.000000e+00,0.000000e+00,0.000000e+00,-1.642445e-07,1.019756e-07,1.681665e-08,1.195517e-09,1.028406e-10,1.028406e-10,9.630227e-12,5.592741e-13,6.803212e-14,1.034430e-14,1.348709e+00,8.050686e-01,7.790220e-01
4.915000e-11,0.000000e+00,0.000000e+00,0.000000e+00,-1.636393e-07,1.002654e-07,1.680924e-08,1.172731e-09,1.044494e-10,1.044494e-10,9.437657e-12,5.583145e-13,6.899453e-14,1.000888e-14,1.348719e+00,8.050697e-01,7.790221e-01
4.920000e-11,0.000000e+00,0.000000e+00,0.000000e+00,-1.630182e-07,9.862806e-08,1.677036e-08,1.151976e-09,1.060409e-10,1.060409e-10,9.227888e-12,5.602365e-13,6.972457e-14,9.669078e-15,1.348728e+00,8.050707e-01,7.790222e-01
4.925000e-11,0.000000e+00,0.000000e+00,0.000000e+00,-1.623789e-07,9.708764e-08,1.669945e-08,1.133548e-09,1.075736e-10,1.075736e-10,9.004510e-12,5.649182e-13,7.018604e-14,9.336399e-15,1.348737e+00,8.050718e-01,7.790223e-01
4.930000e-11,0.000000e+00,0.000000e+00,0.000000e+00,-1.617195e-07,9.566605e-08,1.659664e-08,1.117695e-09,1.090075e-10,1.090075e-10,8.771404e-12,5.721757e-13,7.037787e-14,9.009748e-15,1.348746e+00,8.050728e-01,7.790224e-01
4.935000e-11,0.000000e+00,0.000000e+00,0.000000e+00,-1.610389e-07,9.438276e-08,1.646268e-08,1.104613e-09,1.103049e-10,1.103049e-10,8.532582e-12,5.817807e-13,7.028963e-14,8.700088e-15,1.348755e+00,8.050739e-01,7.790225e-01
4.940000e-11,0.000000e+00,0.000000e+00,0.000000e+00,-1.603360e-07,9.325441e-08,1.629897e-08,1.094443e-09,1.114310e-10,1.114310e-10,8.292181e-12,5.934546e-13,6.992078e-14,8.412350e-15,1.348764e+00,8.050751e-01,7.790226e-01
4.945000e-11,0.000000e+00,0.000000e+00,0.000000e+00,-1.596106e-07,9.229444e-08,1.610753e-08,1.087266e-09,1.123549e-10,1.123549e-10,8.054328e-12,6.068752e-13,6.927515e-14,8.148728e-15,1.348772e+00,8.050762e-01,7.790227e-01
4.950000e-11,0.000000e+00,0.000000e+00,0.000000e+00,-1.588628e-07,9.151282e-08,1.589092e-08,1.083103e-09,1.130498e-10,1.130498e-10,7.823081e-12,6.216984e-13,6.836316e-14,7.916345e-15,1.348780e+00,8.050774e-01,7.790228e-01
4.955000e-11,0.000000e+00,0.000000e+00,0.000000e+00,-1.580935e-07,9.091588e-08,1.565224e-08,1.081915e-09,1.134937e-10,1.134937e-10,7.602329e-12,6.375486e-13,6.720015e-14,7.716299e-15,1.348788e+00,8.050785e-01,7.790228e-01
4.960000e-11,0.000000e+00,0.000000e+00,0.000000e+00,-1.573038e-07,9.050613e-08,1.539503e-08,1.083604e-09,1.136700e-10,1.136700e-10,7.395742e-12,6.540215e-13,6.580640e-14,7.555166e-15,1.348797e+00,8.050797e-01,7.790229e-01
4.965000e-11,0.000000e+00,0.000000e+00,0.000000e+00,-1.564954e-07,9.028227e-08,1.512320e-08,1.088015e-09,1.135675e-10,1.135675e-10,7.206664e-12,6.707245e-13,6.420877e-14,7.432946e-15,1.348805e+00,8.050809e-01,7.790230e-01
4.970000e-11,0.000000e+00,0.000000e+00,0.000000e+00,-1.556705e-07,9.023920e-08,1.484097e-08,1.094938e-09,1.131807e-10,1.131807e-10,7.038074e-12,6.872494e-13,6.243467e-14,7.349639e-15,1.348813e+00,8.050821e-01,7.790231e-01
4.975000e-11,0.000000e+00,0.000000e+00,0.000000e+00,-1.548318e-07,9.036811e-08,1.455276e-08,1.104114e-09,1.125100e-10,1.125100e-10,6.892512e-12,7.031977e-13,6.051861e-14,7.309630e-15,1.348821e+00,8.050833e-01,7.790232e-01
4.980000e-11,0.000000e+00,0.000000e+00,0.000000e+00,-1.539820e-07,9.065669e-08,1.426312e-08,1.115241e-09,1.115614e-10,1.115614e-10,6.772048e-12,7.181842e-13,5.849732e-14,7.310178e-15,1.348829e+00,8.050845e-01,7.790232e-01
4.985000e-11,0.000000e+00,0.000000e+00,0.000000e+00,-1.531244e-07,9.108941e-08,1.397664e-08,1.127978e-09,1.103467e-10,1.103467e-10,6.678220e-12,7.318514e-13,5.640149e-14,7.348543e-15,1.348837e+00,8.050857e-01,7.790233e-01
4.990000e-11,0.000000e+00,0.000000e+00,0.000000e+00,-1.522624e-07,9.164779e-08,1.369782e-08,1.141954e-09,1.088830e-10,1.088830e-10,6.612028e-12,7.438690e-13,5.428265e-14,7.424177e-15,1.348845e+00,8.050869e-01,7.790234e-01
4.995000e-11,0.000000e+00,0.000000e+00,0.000000e+00,-1.513997e-07,9.231083e-08,1.343102e-08,1.156772e-09,1.071924e-10,1.071924e-10,6.573902e-12,7.539376e-13,5.216435e-14,7.536532e-15,1.348854e+00,8.050881e-01,7.790234e-01
5.000000e-11,0.000000e+00,0.000000e+00,0.000000e+00,-1.505398e-07,9.305541e-08,1.318035e-08,1.172024e-09,1.053013e-10,1.053013e-10,6.563704e-12,7.618151e-13,5.009538e-14,7.679579e-15,1.348862e+00,8.050892e-01,7.790235e-01
5.005000e-11,-5.000000e-06,-5.000000e-06,0.000000e+00,-1.569058e-06,-6.471672e-05,1.213035e-08,1.186918e-09,1.032401e-10,1.032401e-10,6.580738e-12,7.672914e-13,4.811191e-14,7.850577e-15,1.348799e+00,8.050904e-01,7.790236e-01
5.010000e-11,-1.000000e-05,-1.000000e-05,0.000000e+00,-2.728612e-06,-3.373245e-05,8.116135e-09,1.199907e-09,1.010421e-10,1.010421e-10,6.623765e-12,7.702132e-13,4.624683e-14,8.043498e-15,1.348561e+00,8.050915e-01,7.790236e-01
5.015000e-11,-1.500000e-05,-1.500000e-05,0.000000e+00,-3.567515e-06,-2.593063e-05,-2.329070e-09,1.208362e-09,9.874241e-11,9.874241e-11,6.691019e-12,7.704773e-13,4.452862e-14,8.255054e-15,1.348056e+00,8.050925e-01,7.790237e-01
5.020000e-11,-2.000000e-05,-2.000000e-05,0.000000e+00,-4.075765e-06,-1.904247e-05,-2.350227e-08,1.208248e-09,9.637664e-11,9.637664e-11,6.780256e-12,7.680417e-13,4.299950e-14,8.478119e-15,1.347224e+00,8.050936e-01,7.790237e-01
5.025000e-11,-2.500000e-05,-2.500000e-05,0.000000e+00,-4.293250e-06,-1.419637e-05,-5.987849e-08,1.193740e-09,9.397961e-11,9.397961e-11,6.888827e-12,7.629205e-13,4.167207e-14,8.708857e-15,1.346039e+00,8.050945e-01,7.790238e-01
5.030000e-11,-3.000000e-05,-3.000000e-05,0.000000e+00,-4.298730e-06,-1.211708e-05,-1.154803e-07,1.156747e-09,9.158320e-11,9.158320e-11,7.013670e-12,7.551702e-13,4.057483e-14,8.939047e-15,1.344511e+00,8.050952e-01,7.790239e-01
5.035000e-11,-3.500000e-05,-3.500000e-05,0.000000e+00,-4.192643e-06,-1.302080e-05,-1.934011e-07,1.086363e-09,8.921407e-11,8.921407e-11,7.151442e-12,7.449175e-13,3.971984e-14,9.168141e-15,1.342672e+00,8.050957e-01,7.790239e-01
5.040000e-11,-4.000000e-05,-4.000000e-05,0.000000e+00,-4.077817e-06,-1.662250e-05,-2.955470e-07,9.682559e-10,8.689067e-11,8.689067e-11,7.298537e-12,7.323277e-13,3.912025e-14,9.384081e-15,1.340570e+00,8.050956e-01,7.790240e-01
5.045000e-11,-4.500000e-05,-4.500000e-05,0.000000e+00,-4.041902e-06,-2.223477e-05,-4.226032e-07,7.840159e-10,8.461970e-11,8.461970e-11,7.451174e-12,7.176246e-13,3.877880e-14,9.586319e-15,1.338252e+00,8.050947e-01,7.790241e-01
5.050000e-11,-5.000000e-05,-5.000000e-05,0.000000e+00,-4.144514e-06,-2.892732e-05,-5.741908e-07,5.105122e-10,8.239166e-11,8.239166e-11,7.605472e-12,7.010564e-13,3.869933e-14,9.768279e-15,1.335758e+00,8.050927e-01,7.790242e-01
5.055000e-11,-5.500000e-05,-5.500000e-05,0.000000e+00,-4.410774e-06,-3.570994e-05,-7.491477e-07,1.192694e-10,8.017552e-11,8.017552e-11,7.757506e-12,6.829235e-13,3.887746e-14,9.927220e-15,1.333111e+00,8.050888e-01,7.790242e-01
5.060000e-11,-6.000000e-05,-6.000000e-05,0.000000e+00,-4.831582e-06,-4.170316e-05,-9.458602e-07,-4.240946e-10,7.791235e-11,7.791235e-11,7.903381e-12,6.635513e-13,3.930057e-14,1.005547e-14,1.330321e+00,8.050827e-01,7.790243e-01
5.065000e-11,-6.500000e-05,-6.500000e-05,0.000000e+00,-5.369706e-06,-4.626792e-05,-1.162572e-06,-1.160346e-09,7.550757e-11,7.550757e-11,8.039278e-12,6.432836e-13,3.994894e-14,1.015248e-14,1.327382e+00,8.050733e-01,7.790244e-01
5.070000e-11,-7.000000e-05,-7.000000e-05,0.000000e+00,-5.969878e-06,-4.907678e-05,-1.397616e-06,-2.136993e-09,7.282192e-11,7.282192e-11,8.161523e-12,6.224914e-13,4.081544e-14,1.021605e-14,1.324278e+00,8.050598e-01,7.790244e-01
5.075000e-11,-7.500000e-05,-7.500000e-05,0.000000e+00,-6.570620e-06,-5.012227e-05,-1.649532e-06,-3.408508e-09,6.966082e-11,6.966082e-11,8.266594e-12,6.015370e-13,4.186225e-14,1.024346e-14,1.320990e+00,8.050411e-01,7.790245e-01
5.080000e-11,-8.000000e-05,-8.000000e-05,0.000000e+00,-7.115521e-06,-4.966933e-05,-1.917072e-06,-5.036371e-09,6.576212e-11,6.576212e-11,8.351156e-12,5.808002e-13,4.307185e-14,1.023304e-14,1.317502e+00,8.050161e-01,7.790245e-01
5.085000e-11,-8.500000e-05,-8.500000e-05,0.000000e+00,-7.562126e-06,-4.816823e-05,-2.199095e-06,-7.088930e-09,6.078204e-11,6.078204e-11,8.412049e-12,5.606476e-13,4.440969e-14,1.018481e-14,1.313808e+00,8.049834e-01,7.790246e-01
5.090000e-11,-9.000000e-05,-9.000000e-05,0.000000e+00,-7.887238e-06,-4.614849e-05,-2.494398e-06,-9.641047e-09,5.427936e-11,5.427936e-11,8.446281e-12,5.414234e-13,4.583742e-14,1.009986e-14,1.309911e+00,8.049415e-01,7.790246e-01
5.095000e-11,-9.500000e-05,-9.500000e-05,0.000000e+00,-8.088235e-06,-4.411528e-05,-2.801516e-06,-1.277351e-08,4.569767e-11,4.569767e-11,8.450920e-12,5.234598e-13,4.733475e-14,9.979287e-15,1.305832e+00,8.048890e-01,7.790245e-01
5.100000e-11,-1.000000e-04,-1.000000e-04,0.000000e+00,-8.180767e-06,-4.246595e-05,-3.118545e-06,-1.657222e-08,3.434604e-11,3.434604e-11,8.423062e-12,5.070555e-13,4.884962e-14,9.824731e-15,1.301603e+00,8.048243e-01,7.790244e-01
5.105000e-11,-1.000000e-04,-1.000000e-04,0.000000e+00,-6.774377e-06,2.337218e-05,-3.442186e-06,-2.112672e-08,1.937805e-11,1.937805e-11,8.359666e-12,4.924730e-13,5.035791e-14,9.639482e-15,1.297339e+00,8.047458e-01,7.790243e-01
5.110000e-11,-1.000000e-04,-1.000000e-04,0.000000e+00,-5.583098e-06,-7.267169e-06,-3.767165e-06,-2.652855e-08,-2.304920e-13,-2.304920e-13,8.257363e-12,4.799386e-13,5.181688e-14,9.425186e-15,1.293192e+00,8.046518e-01,7.790241e-01
5.115000e-11,-1.000000e-04,-1.000000e-04,0.000000e+00,-4.704478e-06,-1.531130e-05,-4.086310e-06,-3.286929e-08,-2.570483e-11,-2.570483e-11,8.112282e-12,4.696222e-13,5.319582e-14,9.187871e-15,1.289304e+00,8.045408e-01,7.790238e-01
5.120000e-11,-1.000000e-04,-1.000000e-04,0.000000e+00,-4.178965e-06,-2.281782e-05,-4.391130e-06,-4.023853e-08,-5.849525e-11,-5.849525e-11,7.919720e-12,4.616593e-13,5.446351e-14,8.929730e-15,1.285785e+00,8.044110e-01,7.790233e-01
5.125000e-11,-1.000000e-04,-1.000000e-04,0.000000e+00,-3.987920e-06,-2.838911e-05,-4.672640e-06,-4.872145e-08,-1.003010e-10,-1.003010e-10,7.673814e-12,4.561040e-13,5.558487e-14,8.657886e-15,1.282701e+00,8.042609e-01,7.790227e-01
5.130000e-11,-1.000000e-04,-1.000000e-04,0.000000e+00,-4.063051e-06,-3.103231e-05,-4.922199e-06,-5.839621e-08,-1.530935e-10,-1.530935e-10,7.367151e-12,4.529811e-13,5.654180e-14,8.377822e-15,1.280074e+00,8.040893e-01,7.790220e-01
5.135000e-11,-1.000000e-04,-1.000000e-04,0.000000e+00,-4.304114e-06,-3.031441e-05,-5.132208e-06,-6.933113e-08,-2.191384e-10,-2.191384e-10,6.990240e-12,4.522379e-13,5.730362e-14,8.090632e-15,1.277895e+00,8.038948e-01,7.790210e-01
5.140000e-11,-1.000000e-04,-1.000000e-04,0.000000e+00,-4.600403e-06,-2.638900e-05,-5.296568e-06,-8.158172e-08,-3.010150e-10,-3.010150e-10,6.531007e-12,4.537605e-13,5.785772e-14,7.804539e-15,1.276130e+00,8.036765e-01,7.790197e-01
5.145000e-11,-1.000000e-04,-1.000000e-04,0.000000e+00,-4.851531e-06,-1.991152e-05,-5.410882e-06,-9.518758e-08,-4.016325e-10,-4.016325e-10,5.974109e-12,4.573832e-13,5.818328e-14,7.522830e-15,1.274736e+00,8.034337e-01,7.790181e-01
5.150000e-11,-1.000000e-04,-1.000000e-04,0.000000e+00,-4.983810e-06,-1.187459e-05,-5.472428e-06,-1.101694e-07,-5.242419e-10,-5.242419e-10,5.300208e-12,4.628530e-13,5.827316e-14,7.253179e-15,1.273674e+00,8.031660e-01,7.790161e-01
5.155000e-11,-1.000000e-04,-1.000000e-04,0.000000e+00,-4.959844e-06,-3.404244e-06,-5.479948e-06,-1.265262e-07,-6.724421e-10,-6.724421e-10,4.485191e-12,4.698705e-13,5.812573e-14,6.998874e-15,1.272913e+00,8.028734e-01,7.790136e-01
5.160000e-11,-1.000000e-04,-1.000000e-04,0.000000e+00,-4.780531e-06,4.441102e-06,-5.433350e-06,-1.442321e-07,-8.501801e-10,-8.501801e-10,3.499198e-12,4.780510e-13,5.773660e-14,6.764299e-15,1.272436e+00,8.025564e-01,7.790107e-01
5.165000e-11,-1.000000e-04,-1.000000e-04,0.000000e+00,-4.480094e-06,1.083356e-05,-5.333396e-06,-1.632345e-07,-1.061742e-09,-1.061742e-09,2.305685e-12,4.869539e-13,5.711454e-14,6.552743e-15,1.272238e+00,8.022158e-01,7.790071e-01
5.170000e-11,-1.000000e-04,-1.000000e-04,0.000000e+00,-4.115967e-06,1.527698e-05,-5.181441e-06,-1.834517e-07,-1.311736e-09,-1.311736e-09,8.602991e-13,4.960508e-13,5.626448e-14,6.369688e-15,1.272324e+00,8.018529e-01,7.790029e-01
5.175000e-11,-1.000000e-04,-1.000000e-04,0.000000e+00,-3.755975e-06,1.763715e-05,-4.979274e-06,-2.047712e-07,-1.605064e-09,-1.605064e-09,-8.902743e-13,5.047438e-13,5.520286e-14,6.214583e-15,1.272700e+00,8.014696e-01,7.789979e-01
5.180000e-11,-1.000000e-04,-1.000000e-04,0.000000e+00,-3.465404e-06,1.810576e-05,-4.729074e-06,-2.270491e-07,-1.946884e-09,-1.946884e-09,-3.009545e-12,5.123488e-13,5.394887e-14,6.095104e-15,1.273368e+00,8.010680e-01,7.789920e-01
5.185000e-11,-1.000000e-04,-1.000000e-04,0.000000e+00,-3.296233e-06,1.711390e-05,-4.433471e-06,-2.501092e-07,-2.342559e-09,-2.342559e-09,-5.572532e-12,5.180811e-13,5.251676e-14,6.009605e-15,1.274321e+00,8.006509e-01,7.789852e-01
5.190000e-11,-1.000000e-04,-1.000000e-04,0.000000e+00,-3.280068e-06,1.521762e-05,-4.095681e-06,-2.737434e-07,-2.797590e-09,-2.797590e-09,-8.667089e-12,5.210593e-13,5.093996e-14,5.954797e-15,1.275535e+00,8.002214e-01,7.789773e-01
5.195000e-11,-1.000000e-04,-1.000000e-04,0.000000e+00,-3.425465e-06,1.297983e-05,-3.719672e-06,-2.977131e-07,-3.317543e-09,-3.317543e-09,-1.239530e-11,5.202865e-13,4.923491e-14,5.938903e-15,1.276969e+00,7.997831e-01,7.789682e-01
5.200000e-11,-1.000000e-04,-1.000000e-04,0.000000e+00,-3.719477e-06,1.086997e-05,-3.310314e-06,-3.217505e-07,-3.907957e-09,-3.907957e-09,-1.687482e-11,5.146288e-13,4.743998e-14,5.956442e-15,1.278569e+00,7.993396e-01,7.789579e-01
5.205000e-11,-1.000000e-04,-1.000000e-04,0.000000e+00,-4.132515e-06,9.196602e-06,-2.873472e-06,-3.455614e-07,-4.574238e-09,-4.574238e-09,-2.224027e-11,5.027926e-13,4.557325e-14,6.005220e-15,1.280264e+00,7.988952e-01,7.789462e-01
5.210000e-11,-1.000000e-04,-1.000000e-04,0.000000e+00,-4.625189e-06,8.079973e-06,-2.416016e-06,-3.688288e-07,-5.321543e-09,-5.321543e-09,-2.864445e-11,4.833180e-13,4.366760e-14,6.085786e-15,1.281978e+00,7.984543e-01,7.789330e-01
5.215000e-11,-1.000000e-04,-1.000000e-04,0.000000e+00,-5.155653e-06,7.463513e-06,-1.945728e-06,-3.912165e-07,-6.154652e-09,-6.154652e-09,-3.625961e-11,4.545207e-13,4.174825e-14,6.195949e-15,1.283631e+00,7.980213e-01,7.789183e-01
5.220000e-11,-1.000000e-04,-1.000000e-04,0.000000e+00,-5.686086e-06,7.156386e-06,-1.471126e-06,-4.123746e-07,-7.077827e-09,-7.077827e-09,-4.527843e-11,4.144786e-13,3.984206e-14,6.329678e-15,1.285146e+00,7.976009e-01,7.789019e-01
5.225000e-11,-1.000000e-04,-1.000000e-04,0.000000e+00,-6.187333e-06,6.894790e-06,-1.001204e-06,-4.319447e-07,-8.094664e-09,-8.094664e-09,-5.591490e-11,3.609846e-13,3.796272e-14,6.486975e-15,1.286454e+00,7.971976e-01,7.788838e-01
5.230000e-11,-1.000000e-04,-1.000000e-04,0.000000e+00,-6.641185e-06,6.408136e-06,-5.451260e-07,-4.495662e-07,-9.207935e-09,-9.207935e-09,-6.840493e-11,2.914973e-13,3.613216e-14,6.659617e-15,1.287495e+00,7.968160e-01,7.788639e-01
5.235000e-11,-1.000000e-04,-1.000000e-04,0.000000e+00,-7.040301e-06,5.477409e-06,-1.119010e-07,-4.648829e-07,-1.041943e-08,-1.041943e-08,-8.300670e-11,2.031033e-13,3.436628e-14,6.847606e-15,1.288225e+00,7.964604e-01,7.788422e-01
5.240000e-11,-1.000000e-04,-1.000000e-04,0.000000e+00,-7.386169e-06,3.976198e-06,2.899280e-07,-4.775499e-07,-1.172980e-08,-1.172980e-08,-1.000006e-10,9.242240e-14,3.265739e-14,7.042719e-15,1.288610e+00,7.961348e-01,7.788186e-01
5.245000e-11,-1.000000e-04,-1.000000e-04,0.000000e+00,-7.685827e-06,1.889405e-06,6.525652e-07,-4.872410e-07,-1.313837e-08,-1.313837e-08,-1.196887e-10,-4.439982e-14,3.101427e-14,7.240025e-15,1.288631e+00,7.958431e-01,7.787931e-01
5.250000e-11,-1.000000e-04,-1.000000e-04,0.000000e+00,-7.948154e-06,-6.906428e-07,9.691914e-07,-4.936559e-07,-1.464304e-08,-1.464304e-08,-1.423942e-10,-2.118083e-13,2.941445e-14,7.437331e-15,1.288279e+00,7.955884e-01,7.787657e-01
5.255000e-11,-1.000000e-04,-1.000000e-04,0.000000e+00,-8.180515e-06,-3.586894e-06,1.234138e-06,-4.965274e-07,-1.624008e-08,-1.624008e-08,-1.684593e-10,-4.148995e-13,2.784094e-14,7.626964e-15,1.287557e+00,7.953736e-01,7.787365e-01
5.260000e-11,-1.000000e-04,-1.000000e-04,0.000000e+00,-8.386339e-06,-6.572445e-06,1.443006e-06,-4.956284e-07,-1.792403e-08,-1.792403e-08,-1.982439e-10,-6.594945e-13,2.625537e-14,7.805087e-15,1.286475e+00,7.952007e-01,7.787056e-01
5.265000e-11,-1.000000e-04,-1.000000e-04,0.000000e+00,-8.563977e-06,-9.409766e-06,1.592739e-06,-4.907783e-07,-1.968758e-08,-1.968758e-08,-2.321224e-10,-9.522228e-13,2.460677e-14,7.968412e-15,1.285051e+00,7.950714e-01,7.786730e-01
5.270000e-11,-1.000000e-04,-1.000000e-04,0.000000e+00,-8.706882e-06,-1.188679e-05,1.681656e-06,-4.818491e-07,-2.152150e-08,-2.152150e-08,-2.704808e-10,-1.300623e-12,2.283540e-14,8.110363e-15,1.283309e+00,7.949864e-01,7.786387e-01
5.275000e-11,-1.000000e-04,-1.000000e-04,0.000000e+00,-8.804897e-06,-1.384406e-05,1.709455e-06,-4.687706e-07,-2.341452e-08,-2.341452e-08,-3.137119e-10,-1.713209e-12,2.085960e-14,8.229842e-15,1.281281e+00,7.949458e-01,7.786031e-01
5.280000e-11,-1.000000e-04,-1.000000e-04,0.000000e+00,-8.846286e-06,-1.518946e-05,1.677208e-06,-4.515343e-07,-2.535335e-08,-2.535335e-08,-3.622114e-10,-2.199590e-12,1.857743e-14,8.318630e-15,1.279006e+00,7.949488e-01,7.785662e-01
5.285000e-11,-1.000000e-04,-1.000000e-04,0.000000e+00,-8.820032e-06,-1.589996e-05,1.587323e-06,-4.301970e-07,-2.732266e-08,-2.732266e-08,-4.163714e-10,-2.770524e-12,1.587106e-14,8.378918e-15,1.276527e+00,7.949941e-01,7.785283e-01
5.290000e-11,-1.000000e-04,-1.000000e-04,0.000000e+00,-8.717944e-06,-1.601196e-05,1.443511e-06,-4.048827e-07,-2.930512e-08,-2.930512e-08,-4.765745e-10,-3.438027e-12,1.259304e-14,8.405225e-15,1.273897e+00,7.950795e-01,7.784895e-01
5.295000e-11,-1.000000e-04,-1.000000e-04,0.000000e+00,-8.536229e-06,-1.560371e-05,1.250723e-06,-3.757829e-07,-3.128145e-08,-3.128145e-08,-5.431863e-10,-4.215444e-12,8.584993e-15,8.393168e-15,1.271174e+00,7.952020e-01,7.784502e-01
5.300000e-11,-1.000000e-04,-1.000000e-04,0.000000e+00,-8.276279e-06,-1.477421e-05,1.015070e-06,-3.431568e-07,-3.323059e-08,-3.323059e-08,-6.165480e-10,-5.117512e-12,3.641387e-15,8.344937e-15,1.268423e+00,7.953580e-01,7.784106e-01
5.305000e-11,-1.000000e-04,-1.000000e-04,0.000000e+00,-7.944651e-06,-1.362285e-05,7.437209e-07,-3.073285e-07,-3.512982e-08,-3.512982e-08,-6.969670e-10,-6.160449e-12,-2.463034e-15,8.258342e-15,1.265710e+00,7.955434e-01,7.783711e-01
5.310000e-11,-1.000000e-04,-1.000000e-04,0.000000e+00,-7.552308e-06,-1.223320e-05,4.447610e-07,-2.686838e-07,-3.695498e-08,-3.695498e-08,-7.847084e-10,-7.361945e-12,-9.991344e-15,8.128997e-15,1.263106e+00,7.957533e-01,7.783318e-01
5.315000e-11,-1.000000e-04,-1.000000e-04,0.000000e+00,-7.113336e-06,-1.066332e-05,1.270231e-07,-2.276656e-07,-3.868074e-08,-3.868074e-08,-8.799848e-10,-8.741266e-12,-1.923183e-14,7.961287e-15,1.260682e+00,7.959828e-01,7.782933e-01
5.320000e-11,-1.000000e-04,-1.000000e-04,0.000000e+00,-6.643407e-06,-8.943219e-06,-2.001152e-07,-1.847672e-07,-4.028087e-08,-4.028087e-08,-9.829460e-10,-1.031919e-11,-3.053855e-14,7.750280e-15,1.258503e+00,7.962261e-01,7.782558e-01
5.325000e-11,-1.000000e-04,-1.000000e-04,0.000000e+00,-6.158244e-06,-7.078658e-06,-5.269620e-07,-1.405253e-07,-4.172859e-08,-4.172859e-08,-1.093669e-09,-1.211803e-11,-4.428528e-14,7.497071e-15,1.256633e+00,7.964776e-01,7.782197e-01
5.330000e-11,-1.000000e-04,-1.000000e-04,0.000000e+00,-5.672342e-06,-5.059787e-06,-8.437608e-07,-9.551105e-08,-4.299694e-08,-4.299694e-08,-1.212147e-09,-1.416159e-11,-6.090993e-14,7.201660e-15,1.255127e+00,7.967315e-01,7.781853e-01
5.335000e-11,-1.000000e-04,-1.000000e-04,0.000000e+00,-5.198072e-06,-2.872059e-06,-1.140951e-06,-5.032051e-08,-4.405918e-08,-4.405918e-08,-1.338278e-09,-1.647509e-11,-8.090632e-14,6.862404e-15,1.254031e+00,7.969820e-01,7.781530e-01
5.340000e-11,-1.000000e-04,-1.000000e-04,0.000000e+00,-4.745256e-06,-5.071108e-07,-1.409430e-06,-5.564249e-09,-4.488923e-08,-4.488923e-08,-1.471857e-09,-1.908503e-11,-1.048132e-13,6.478206e-15,1.253382e+00,7.972232e-01,7.781232e-01
5.345000e-11,-1.000000e-04,-1.000000e-04,0.000000e+00,-4.321170e-06,2.028464e-06,-1.640794e-06,3.814378e-08,-4.546212e-08,-4.546212e-08,-1.612562e-09,-2.201907e-11,-1.332499e-13,6.046873e-15,1.253205e+00,7.974499e-01,7.780961e-01
5.350000e-11,-1.000000e-04,-1.000000e-04,0.000000e+00,-3.930902e-06,4.707842e-06,-1.827571e-06,8.019770e-08,-4.575448e-08,-4.575448e-08,-1.759950e-09,-2.530582e-11,-1.668933e-13,5.564022e-15,1.253514e+00,7.976571e-01,7.780721e-01
5.355000e-11,-1.000000e-04,-1.000000e-04,0.000000e+00,-3.577918e-06,7.482733e-06,-1.963414e-06,1.200114e-07,-4.574495e-08,-4.574495e-08,-1.913443e-09,-2.897460e-11,-2.064969e-13,5.029105e-15,1.254312e+00,7.978401e-01,7.780514e-01
5.360000e-11,-1.000000e-04,-1.000000e-04,0.000000e+00,-3.264691e-06,1.028597e-05,-2.043257e-06,1.570299e-07,-4.541475e-08,-4.541475e-08,-2.072325e-09,-3.305520e-11,-2.529038e-13,4.433899e-15,1.255590e+00,7.979952e-01,7.780343e-01
5.365000e-11,-1.000000e-04,-1.000000e-04,0.000000e+00,-2.993271e-06,1.303703e-05,-2.063438e-06,1.907408e-07,-4.474804e-08,-4.474804e-08,-2.235736e-09,-3.757745e-11,-3.070269e-13,3.770732e-15,1.257332e+00,7.981191e-01,7.780210e-01
5.370000e-11,-1.000000e-04,-1.000000e-04,0.000000e+00,-2.765692e-06,1.564928e-05,-2.021773e-06,2.206849e-07,-4.373243e-08,-4.373243e-08,-2.402665e-09,-4.257094e-11,-3.698831e-13,3.029191e-15,1.259508e+00,7.982093e-01,7.780116e-01
5.375000e-11,-1.000000e-04,-1.000000e-04,0.000000e+00,-2.584172e-06,1.803752e-05,-1.917602e-06,2.464654e-07,-4.235932e-08,-4.235932e-08,-2.571951e-09,-4.806450e-11,-4.425782e-13,2.197767e-15,1.262084e+00,7.982645e-01,7.780063e-01
5.380000e-11,-1.000000e-04,-1.000000e-04,0.000000e+00,-2.451104e-06,2.012471e-05,-1.751779e-06,2.677575e-07,-4.062434e-08,-4.062434e-08,-2.742282e-09,-5.408573e-11,-5.263175e-13,1.261661e-15,1.265015e+00,7.982837e-01,7.780052e-01
5.385000e-11,-1.000000e-04,-1.000000e-04,0.000000e+00,-2.368868e-06,2.184693e-05,-1.526644e-06,2.843150e-07,-3.852758e-08,-3.852758e-08,-2.912198e-09,-6.066049e-11,-6.224175e-13,2.038826e-16,1.268252e+00,7.982673e-01,7.780082e-01
5.390000e-11,-1.000000e-04,-1.000000e-04,0.000000e+00,-2.339545e-06,2.315626e-05,-1.245949e-06,2.959764e-07,-3.607393e-08,-3.607393e-08,-3.080094e-09,-6.781223e-11,-7.322850e-13,-1.002423e-15,1.271739e+00,7.982164e-01,7.780153e-01
5.395000e-11,-1.000000e-04,-1.000000e-04,0.000000e+00,-2.364581e-06,2.402142e-05,-9.147692e-07,3.026695e-07,-3.327317e-08,-3.327317e-08,-3.244231e-09,-7.556144e-11,-8.574563e-13,-2.379179e-15,1.275416e+00,7.981330e-01,7.780264e-01
5.400000e-11,-1.000000e-04,-1.000000e-04,0.000000e+00,-2.444489e-06,2.442667e-05,-5.393731e-07,3.044134e-07,-3.014017e-08,-3.014017e-08,-3.402744e-09,-8.392487e-11,-9.995603e-13,-3.960913e-15,1.279218e+00,7.980199e-01,7.780414e-01
5.405000e-11,-1.000000e-04,-1.000000e-04,0.000000e+00,-2.578628e-06,2.436956e-05,-1.270839e-07,3.013194e-07,-2.669485e-08,-2.669485e-08,-3.553659e-09,-9.291490e-11,-1.160343e-12,-5.782155e-15,1.283080e+00,7.978808e-01,7.780601e-01
5.410000e-11,-1.000000e-04,-1.000000e-04,0.000000e+00,-2.765094e-06,2.385818e-05,3.138854e-07,2.935897e-07,-2.296215e-08,-2.296215e-08,-3.694904e-09,-1.025387e-10,-1.341657e-12,-7.887846e-15,1.286934e+00,7.977200e-01,7.780821e-01
5.415000e-11,-1.000000e-04,-1.000000e-04,0.000000e+00,-3.000719e-06,2.290848e-05,7.746098e-07,2.815139e-07,-1.897190e-08,-1.897190e-08,-3.824335e-09,-1.127976e-10,-1.545451e-12,-1.032676e-14,1.290714e+00,7.975424e-01,7.781072e-01
5.420000e-11,-1.000000e-04,-1.000000e-04,0.000000e+00,-3.281175e-06,2.154224e-05,1.245643e-06,2.654644e-07,-1.475855e-08,-1.475855e-08,-3.939754e-09,-1.236861e-10,-1.773772e-12,-1.315262e-14,1.294351e+00,7.973535e-01,7.781351e-01
5.425000e-11,-1.000000e-04,-1.000000e-04,0.000000e+00,-3.601141e-06,1.978584e-05,1.717219e-06,2.458892e-07,-1.036084e-08,-1.036084e-08,-4.038937e-09,-1.351913e-10,-2.028757e-12,-1.643228e-14,1.297784e+00,7.971592e-01,7.781653e-01
5.430000e-11,-1.000000e-04,-1.000000e-04,0.000000e+00,-3.954508e-06,1.766979e-05,2.179452e-06,2.233032e-07,-5.821401e-09,-5.821401e-09,-4.119660e-09,-1.472919e-10,-2.312610e-12,-2.023425e-14,1.300951e+00,7.969655e-01,7.781974e-01
5.435000e-11,-1.000000e-04,-1.000000e-04,0.000000e+00,-4.334582e-06,1.522894e-05,2.622547e-06,1.982784e-07,-1.186248e-09,-1.186248e-09,-4.179730e-09,-1.599579e-10,-2.627607e-12,-2.464184e-14,1.303796e+00,7.967785e-01,7.782309e-01
5.440000e-11,-1.000000e-04,-1.000000e-04,0.000000e+00,-4.734273e-06,1.250293e-05,3.036998e-06,1.714323e-07,3.495827e-09,3.495827e-09,-4.217018e-09,-1.731492e-10,-2.976058e-12,-2.974384e-14,1.306271e+00,7.966045e-01,7.782654e-01
5.445000e-11,-1.000000e-04,-1.000000e-04,0.000000e+00,-5.146251e-06,9.536645e-06,3.413784e-06,1.434156e-07,8.173895e-09,8.173895e-09,-4.229491e-09,-1.868156e-10,-3.360291e-12,-3.564109e-14,1.308332e+00,7.964492e-01,7.783004e-01
5.450000e-11,-1.000000e-04,-1.000000e-04,0.000000e+00,-5.563066e-06,6.380300e-06,3.744553e-06,1.148984e-07,1.279561e-08,1.279561e-08,-4.215249e-09,-2.008960e-10,-3.782646e-12,-4.244321e-14,1.309942e+00,7.963185e-01,7.783354e-01
5.455000e-11,-1.000000e-04,-1.000000e-04,0.000000e+00,-5.977256e-06,3.089017e-06,4.021790e-06,8.655685e-08,1.730799e-08,1.730799e-08,-4.172558e-09,-2.153179e-10,-4.245407e-12,-5.027405e-14,1.311074e+00,7.962174e-01,7.783699e-01
5.460000e-11,-1.000000e-04,-1.000000e-04,0.000000e+00,-6.381439e-06,-2.782295e-07,4.238969e-06,5.905844e-08,2.165823e-08,2.165823e-08,-4.099890e-09,-2.299969e-10,-4.750820e-12,-5.926626e-14,1.311710e+00,7.961504e-01,7.784034e-01
5.465000e-11,-1.000000e-04,-1.000000e-04,0.000000e+00,-6.768416e-06,-3.660193e-06,4.390680e-06,3.304811e-08,2.579452e-08,2.579452e-08,-3.995952e-09,-2.448369e-10,-5.301016e-12,-6.956672e-14,1.311838e+00,7.961216e-01,7.784355e-01
5.470000e-11,-1.000000e-04,-1.000000e-04,0.000000e+00,-7.131294e-06,-6.995308e-06,4.472743e-06,9.134394e-09,2.966691e-08,2.966691e-08,-3.859727e-09,-2.597293e-10,-5.897989e-12,-8.133875e-14,1.311458e+00,7.961340e-01,7.784657e-01
5.475000e-11,-1.000000e-04,-1.000000e-04,0.000000e+00,-7.463631e-06,-1.022379e-05,4.482286e-06,-1.212385e-08,3.322817e-08,3.322817e-08,-3.690501e-09,-2.745540e-10,-6.543552e-12,-9.474842e-14,1.310576e+00,7.961898e-01,7.784937e-01
5.480000e-11,-1.000000e-04,-1.000000e-04,0.000000e+00,-7.759607e-06,-1.328965e-05,4.417805e-06,-3.022962e-08,3.643456e-08,3.643456e-08,-3.487897e-09,-2.891786e-10,-7.239293e-12,-1.099865e-13,1.309211e+00,7.962902e-01,7.785190e-01
5.485000e-11,-1.000000e-04,-1.000000e-04,0.000000e+00,-8.014207e-06,-1.614240e-05,4.279197e-06,-4.475888e-08,3.924667e-08,3.924667e-08,-3.251897e-09,-3.034599e-10,-7.986509e-12,-1.272545e-13,1.307386e+00,7.964356e-01,7.785415e-01
5.490000e-11,-1.000000e-04,-1.000000e-04,0.000000e+00,-8.223393e-06,-1.873832e-05,4.067767e-06,-5.537014e-08,4.163013e-08,4.163013e-08,-2.982870e-09,-3.172435e-10,-8.786169e-12,-1.467659e-13,1.305136e+00,7.966253e-01,7.785609e-01
5.495000e-11,-1.000000e-04,-1.000000e-04,0.000000e+00,-8.384271e-06,-2.104124e-05,3.786201e-06,-6.181241e-08,4.355627e-08,4.355627e-08,-2.681590e-09,-3.303654e-10,-9.638854e-12,-1.687490e-13,1.302501e+00,7.968576e-01,7.785770e-01
5.500000e-11,-1.000000e-04,-1.000000e-04,0.000000e+00,-8.495208e-06,-2.302281e-05,3.438522e-06,-6.393126e-08,4.500271e-08,4.500271e-08,-2.349247e-09,-3.426528e-10,-1.054470e-11,-1.934473e-13,1.299529e+00,7.971296e-01,7.785898e-01
5.505000e-11,-1.000000e-04,-1.000000e-04,0.000000e+00,-8.555903e-06,-2.466230e-05,3.030014e-06,-6.167291e-08,4.595385e-08,4.595385e-08,-1.987457e-09,-3.539253e-10,-1.150332e-11,-2.211184e-13,1.296273e+00,7.974379e-01,7.785990e-01
5.510000e-11,-1.000000e-04,-1.000000e-04,0.000000e+00,-8.567401e-06,-2.594614e-05,2.567124e-06,-5.508617e-08,4.640122e-08,4.640122e-08,-1.598266e-09,-3.639967e-10,-1.251378e-11,-2.520269e-13,1.292790e+00,7.977778e-01,7.786049e-01
5.515000e-11,-1.000000e-04,-1.000000e-04,0.000000e+00,-8.532030e-06,-2.686721e-05,2.057338e-06,-4.432227e-08,4.634377e-08,4.634377e-08,-1.184143e-09,-3.726764e-10,-1.357450e-11,-2.864589e-13,1.289143e+00,7.981440e-01,7.786075e-01
5.520000e-11,-1.000000e-04,-1.000000e-04,0.000000e+00,-8.453291e-06,-2.742404e-05,1.509033e-06,-2.963243e-08,4.578799e-08,4.578799e-08,-7.479730e-10,-3.797715e-10,-1.468324e-11,-3.247055e-13,1.285394e+00,7.985306e-01,7.786070e-01
5.525000e-11,-1.000000e-04,-1.000000e-04,0.000000e+00,-8.335677e-06,-2.762000e-05,9.313211e-07,-1.136337e-08,4.474789e-08,4.474789e-08,-2.930361e-10,-3.850891e-10,-1.583697e-11,-3.670682e-13,1.281607e+00,7.989308e-01,7.786036e-01
5.530000e-11,-1.000000e-04,-1.000000e-04,0.000000e+00,-8.184467e-06,-2.746271e-05,3.338615e-07,1.004933e-08,4.324488e-08,4.324488e-08,1.770143e-10,-3.884383e-10,-1.703190e-11,-4.138532e-13,1.277846e+00,7.993377e-01,7.785975e-01
5.535000e-11,-1.000000e-04,-1.000000e-04,0.000000e+00,-8.005479e-06,-2.696351e-05,-2.733261e-07,3.408975e-08,4.130751e-08,4.130751e-08,6.581838e-10,-3.896332e-10,-1.826336e-11,-4.653796e-13,1.274171e+00,7.997439e-01,7.785891e-01
5.540000e-11,-1.000000e-04,-1.000000e-04,0.000000e+00,-7.804824e-06,-2.613732e-05,-8.800628e-07,6.017199e-08,3.897103e-08,3.897103e-08,1.146175e-09,-3.884953e-10,-1.952581e-11,-5.219669e-13,1.270642e+00,8.001417e-01,7.785788e-01
5.545000e-11,-1.000000e-04,-1.000000e-04,0.000000e+00,-7.588681e-06,-2.500265e-05,-1.476214e-06,8.765200e-08,3.627687e-08,3.627687e-08,1.636431e-09,-3.848561e-10,-2.081276e-11,-5.839308e-13,1.267310e+00,8.005237e-01,7.785670e-01
5.550000e-11,-1.000000e-04,-1.000000e-04,0.000000e+00,-7.363087e-06,-2.358196e-05,-2.051889e-06,1.158409e-07,3.327199e-08,3.327199e-08,2.124186e-09,-3.785603e-10,-2.211673e-11,-6.515902e-13,1.264226e+00,8.008824e-01,7.785542e-01
5.555000e-11,-1.000000e-04,-1.000000e-04,0.000000e+00,-7.133790e-06,-2.190210e-05,-2.597641e-06,1.440191e-07,3.000808e-08,3.000808e-08,2.604524e-09,-3.694687e-10,-2.342930e-11,-7.252521e-13,1.261429e+00,8.012105e-01,7.785408e-01
5.560000e-11,-1.000000e-04,-1.000000e-04,0.000000e+00,-6.906146e-06,-1.999473e-05,-3.104647e-06,1.714517e-07,2.654071e-08,2.654071e-08,3.072433e-09,-3.574609e-10,-2.474101e-11,-8.052158e-13,1.258954e+00,8.015015e-01,7.785273e-01
5.565000e-11,-1.000000e-04,-1.000000e-04,0.000000e+00,-6.685071e-06,-1.789653e-05,-3.564879e-06,1.974033e-07,2.292839e-08,2.292839e-08,3.522879e-09,-3.424384e-10,-2.604140e-11,-8.917683e-13,1.256830e+00,8.017491e-01,7.785142e-01
5.570000e-11,-1.000000e-04,-1.000000e-04,0.000000e+00,-6.475033e-06,-1.564882e-05,-3.971255e-06,2.211545e-07,1.923148e-08,1.923148e-08,3.950864e-09,-3.243274e-10,-2.731906e-11,-9.851674e-13,1.255075e+00,8.019478e-01,7.785019e-01
5.575000e-11,-1.000000e-04,-1.000000e-04,0.000000e+00,-6.280065e-06,-1.329662e-05,-4.317768e-06,2.420167e-07,1.551119e-08,1.551119e-08,4.351503e-09,-3.030815e-10,-2.856156e-11,-1.085652e-12,1.253700e+00,8.020930e-01,7.784908e-01
5.580000e-11,-1.000000e-04,-1.000000e-04,0.000000e+00,-6.103776e-06,-1.088705e-05,-4.599587e-06,2.593472e-07,1.182845e-08,1.182845e-08,4.720094e-09,-2.786840e-10,-2.975560e-11,-1.193427e-12,1.252709e+00,8.021808e-01,7.784815e-01
5.585000e-11,-1.000000e-04,-1.000000e-04,0.000000e+00,-5.949343e-06,-8.467215e-06,-4.813137e-06,2.725634e-07,8.242770e-09,8.242770e-09,5.052187e-09,-2.511505e-10,-3.088700e-11,-1.308658e-12,1.252099e+00,8.022085e-01,7.784742e-01
5.590000e-11,-1.000000e-04,-1.000000e-04,0.000000e+00,-5.819475e-06,-6.082063e-06,-4.956146e-06,2.811556e-07,4.811175e-09,4.811175e-09,5.343656e-09,-2.205308e-10,-3.194078e-11,-1.431469e-12,1.251858e+00,8.021743e-01,7.784693e-01
5.595000e-11,-1.000000e-04,-1.000000e-04,0.000000e+00,-5.716342e-06,-3.772410e-06,-5.027668e-06,2.846988e-07,1.587127e-09,1.587127e-09,5.590764e-09,-1.869105e-10,-3.290131e-11,-1.561927e-12,1.251967e+00,8.020776e-01,7.784669e-01
5.600000e-11,-1.000000e-04,-1.000000e-04,0.000000e+00,-5.641494e-06,-1.573636e-06,-5.028076e-06,2.828623e-07,-1.380486e-09,-1.380486e-09,5.790230e-09,-1.504123e-10,-3.375233e-11,-1.700042e-12,1.252403e+00,8.019186e-01,7.784675e-01
5.605000e-11,-1.000000e-04,-1.000000e-04,0.000000e+00,-5.595780e-06,4.848352e-07,-4.959031e-06,2.754178e-07,-4.048283e-09,-4.048283e-09,5.939285e-09,-1.111969e-10,-3.447717e-11,-1.845759e-12,1.253135e+00,8.016990e-01,7.784709e-01
5.610000e-11,-1.000000e-04,-1.000000e-04,0.000000e+00,-5.579307e-06,2.379255e-06,-4.823420e-06,2.622459e-07,-6.379229e-09,-6.379229e-09,6.035727e-09,-6.946372e-11,-3.505881e-11,-1.998946e-12,1.254130e+00,8.014212e-01,7.784774e-01
5.615000e-11,-1.000000e-04,-1.000000e-04,0.000000e+00,-5.591430e-06,4.090658e-06,-4.625272e-06,2.433393e-07,-8.343359e-09,-8.343359e-09,6.077967e-09,-2.545024e-11,-3.548013e-11,-2.159388e-12,1.255349e+00,8.010890e-01,7.784869e-01
5.620000e-11,-1.000000e-04,-1.000000e-04,0.000000e+00,-5.630820e-06,5.603681e-06,-4.369659e-06,2.188050e-07,-9.918374e-09,-9.918374e-09,6.065063e-09,2.056815e-11,-3.572403e-11,-2.326782e-12,1.256752e+00,8.007068e-01,7.784993e-01
5.625000e-11,-1.000000e-04,-1.000000e-04,0.000000e+00,-5.695569e-06,6.905437e-06,-4.062565e-06,1.888631e-07,-1.109010e-08,-1.109010e-08,5.996754e-09,6.827946e-11,-3.577364e-11,-2.500721e-12,1.258295e+00,8.002801e-01,7.785144e-01
5.630000e-11,-1.000000e-04,-1.000000e-04,0.000000e+00,-5.783344e-06,7.984746e-06,-3.710748e-06,1.538445e-07,-1.185276e-08,-1.185276e-08,5.873473e-09,1.173368e-10,-3.561256e-11,-2.680702e-12,1.259935e+00,7.998149e-01,7.785319e-01
5.635000e-11,-1.000000e-04,-1.000000e-04,0.000000e+00,-5.891564e-06,8.831887e-06,-3.321586e-06,1.141851e-07,-1.220917e-08,-1.220917e-08,5.696363e-09,1.673608e-10,-3.522504e-11,-2.866107e-12,1.261628e+00,7.993183e-01,7.785516e-01
5.640000e-11,-1.000000e-04,-1.000000e-04,0.000000e+00,-6.017559e-06,9.438929e-06,-2.902919e-06,7.041895e-08,-1.217065e-08,-1.217065e-08,5.467265e-09,2.179421e-10,-3.459626e-11,-3.056193e-12,1.263332e+00,7.987975e-01,7.785731e-01
5.645000e-11,-1.000000e-04,-1.000000e-04,0.000000e+00,-6.158708e-06,9.800522e-06,-2.462877e-06,2.316869e-08,-1.175685e-08,-1.175685e-08,5.188713e-09,2.686454e-10,-3.371254e-11,-3.250102e-12,1.265006e+00,7.982603e-01,7.785960e-01
5.650000e-11,-1.000000e-04,-1.000000e-04,0.000000e+00,-6.312527e-06,9.914975e-06,-2.009720e-06,-2.686533e-08,-1.099540e-08,-1.099540e-08,4.863903e-09,3.190129e-10,-3.256160e-11,-3.446838e-12,1.266612e+00,7.977147e-01,7.786197e-01
5.655000e-11,-1.000000e-04,-1.000000e-04,0.000000e+00,-6.476704e-06,9.785354e-06,-1.551672e-06,-7.891785e-08,-9.921365e-09,-9.921365e-09,4.496661e-09,3.685691e-10,-3.113283e-11,-3.645281e-12,1.268114e+00,7.971687e-01,7.786437e-01
5.660000e-11,-1.000000e-04,-1.000000e-04,0.000000e+00,-6.649078e-06,9.420388e-06,-1.096766e-06,-1.321726e-07,-8.576581e-09,-8.576581e-09,4.091393e-09,4.168255e-10,-2.941751e-11,-3.844167e-12,1.269480e+00,7.966304e-01,7.786676e-01
5.665000e-11,-1.000000e-04,-1.000000e-04,0.000000e+00,-6.827578e-06,8.834980e-06,-6.527032e-07,-1.857776e-07,-7.008836e-09,-7.008836e-09,3.653031e-09,4.632865e-10,-2.740910e-11,-4.042101e-12,1.270684e+00,7.961075e-01,7.786906e-01
5.670000e-11,-1.000000e-04,-1.000000e-04,0.000000e+00,-7.010133e-06,8.050215e-06,-2.267175e-07,-2.388605e-07,-5.270920e-09,-5.270920e-09,3.186963e-09,5.074545e-10,-2.510341e-11,-4.237548e-12,1.271700e+00,7.956077e-01,7.787122e-01
5.675000e-11,-1.000000e-04,-1.000000e-04,0.000000e+00,-7.194581e-06,7.092853e-06,1.745360e-07,-2.905453e-07,-3.419574e-09,-3.419574e-09,2.698960e-09,5.488365e-10,-2.249894e-11,-4.428835e-12,1.272511e+00,7.951378e-01,7.787319e-01
5.680000e-11,-1.000000e-04,-1.000000e-04,0.000000e+00,-7.378581e-06,5.994365e-06,5.450824e-07,-3.399684e-07,-1.514348e-09,-1.514348e-09,2.195090e-09,5.869503e-10,-1.959696e-11,-4.614162e-12,1.273101e+00,7.947042e-01,7.787490e-01
5.685000e-11,-1.000000e-04,-1.000000e-04,0.000000e+00,-7.559564e-06,4.789639e-06,8.797078e-07,-3.862951e-07,3.836126e-10,3.836126e-10,1.681632e-09,6.213305e-10,-1.640183e-11,-4.791598e-12,1.273460e+00,7.943128e-01,7.787631e-01
5.690000e-11,-1.000000e-04,-1.000000e-04,0.000000e+00,-7.734713e-06,3.515518e-06,1.174024e-06,-4.287348e-07,2.212824e-09,2.212824e-09,1.164980e-09,6.515356e-10,-1.292108e-11,-4.959093e-12,1.273582e+00,7.939682e-01,7.787737e-01
5.695000e-11,-1.000000e-04,-1.000000e-04,0.000000e+00,-7.900988e-06,2.209330e-06,1.424518e-06,-4.665563e-07,3.912737e-09,3.912737e-09,6.515455e-10,6.771541e-10,-9.165576e-12,-5.114491e-12,1.273466e+00,7.936747e-01,7.787802e-01
5.700000e-11,-1.000000e-04,-1.000000e-04,0.000000e+00,-8.055189e-06,9.075616e-07,1.628578e-06,-4.991009e-07,5.425015e-09,5.425015e-09,1.476567e-10,6.978108e-10,-5.149655e-12,-5.255530e-12,1.273115e+00,7.934351e-01,7.787824e-01
5.705000e-11,-1.000000e-04,-1.000000e-04,0.000000e+00,-8.194050e-06,-3.552316e-07,1.784515e-06,-5.257954e-07,6.694769e-09,6.694769e-09,-3.405392e-10,7.131729e-10,-8.911676e-13,-5.379871e-12,1.272538e+00,7.932517e-01,7.787799e-01
5.710000e-11,-1.000000e-04,-1.000000e-04,0.000000e+00,-8.314356e-06,-1.547228e-06,1.891556e-06,-5.461622e-07,7.671747e-09,7.671747e-09,-8.071748e-10,7.229558e-10,3.588466e-12,-5.485104e-12,1.271744e+00,7.931254e-01,7.787724e-01
5.715000e-11,-1.000000e-04,-1.000000e-04,0.000000e+00,-8.413065e-06,-2.639847e-06,1.949837e-06,-5.598286e-07,8.311442e-09,8.311442e-09,-1.246757e-09,7.269281e-10,8.264290e-12,-5.568770e-12,1.270751e+00,7.930564e-01,7.787599e-01
5.720000e-11,-1.000000e-04,-1.000000e-04,0.000000e+00,-8.487428e-06,-3.608016e-06,1.960371e-06,-5.665334e-07,8.576096e-09,8.576096e-09,-1.654257e-09,7.249167e-10,1.310783e-11,-5.628382e-12,1.269578e+00,7.930437e-01,7.787422e-01
5.725000e-11,-1.000000e-04,-1.000000e-04,0.000000e+00,-8.535093e-06,-4.430245e-06,1.925010e-06,-5.661318e-07,8.435583e-09,8.435583e-09,-2.025192e-09,7.168104e-10,1.808725e-11,-5.661450e-12,1.268248e+00,7.930856e-01,7.787194e-01
5.730000e-11,-1.000000e-04,-1.000000e-04,0.000000e+00,-8.554199e-06,-5.088606e-06,1.846395e-06,-5.585980e-07,7.868150e-09,7.868150e-09,-2.355699e-09,7.025638e-10,2.316742e-11,-5.665504e-12,1.266787e+00,7.931791e-01,7.786915e-01
5.735000e-11,-1.000000e-04,-1.000000e-04,0.000000e+00,-8.543437e-06,-5.568669e-06,1.727891e-06,-5.440256e-07,6.860998e-09,6.860998e-09,-2.642602e-09,6.821995e-10,2.831019e-11,-5.638121e-12,1.265225e+00,7.933207e-01,7.786588e-01
5.740000e-11,-1.000000e-04,-1.000000e-04,0.000000e+00,-8.502089e-06,-5.859461e-06,1.573520e-06,-5.226255e-07,5.410696e-09,5.410696e-09,-2.883461e-09,6.558098e-10,3.347462e-11,-5.576958e-12,1.263591e+00,7.935061e-01,7.786216e-01
5.745000e-11,-1.000000e-04,-1.000000e-04,0.000000e+00,-8.430053e-06,-5.953461e-06,1.387873e-06,-4.947219e-07,3.523414e-09,3.523414e-09,-3.076618e-09,6.235576e-10,3.861727e-11,-5.479784e-12,1.261920e+00,7.937303e-01,7.785803e-01
5.750000e-11,-1.000000e-04,-1.000000e-04,0.000000e+00,-8.327838e-06,-5.846638e-06,1.176031e-06,-4.607467e-07,1.214961e-09,1.214961e-09,-3.221218e-09,5.856763e-10,4.369254e-11,-5.344502e-12,1.260246e+00,7.939876e-01,7.785353e-01
5.755000e-11,-1.000000e-04,-1.000000e-04,0.000000e+00,-8.196549e-06,-5.538511e-06,9.434606e-07,-4.212305e-07,-1.489352e-09,-1.489352e-09,-3.317232e-09,5.424682e-10,4.865310e-11,-5.169201e-12,1.258602e+00,7.942722e-01,7.784872e-01
5.760000e-11,-1.000000e-04,-1.000000e-04,0.000000e+00,-8.037856e-06,-5.032196e-06,6.959191e-07,-3.767934e-07,-4.555055e-09,-4.555055e-09,-3.365447e-09,4.943027e-10,5.345031e-11,-4.952175e-12,1.257024e+00,7.945776e-01,7.784364e-01
5.765000e-11,-1.000000e-04,-1.000000e-04,0.000000e+00,-7.853954e-06,-4.334405e-06,4.393475e-07,-3.281335e-07,-7.939030e-09,-7.939030e-09,-3.367459e-09,4.416128e-10,5.803473e-11,-4.691962e-12,1.255545e+00,7.948974e-01,7.783838e-01
5.770000e-11,-1.000000e-04,-1.000000e-04,0.000000e+00,-7.647507e-06,-3.455353e-06,1.797645e-07,-2.760138e-07,-1.159021e-08,-1.159021e-08,-3.325639e-09,3.848912e-10,6.235658e-11,-4.387383e-12,1.254199e+00,7.952251e-01,7.783300e-01
5.775000e-11,-1.000000e-04,-1.000000e-04,0.000000e+00,-7.421592e-06,-2.408584e-06,-7.684155e-08,-2.212486e-07,-1.545043e-08,-1.545043e-08,-3.243089e-09,3.246844e-10,6.636638e-11,-4.037576e-12,1.253015e+00,7.955540e-01,7.782758e-01
5.780000e-11,-1.000000e-04,-1.000000e-04,0.000000e+00,-7.179623e-06,-1.210673e-06,-3.246190e-07,-1.646886e-07,-1.945546e-08,-1.945546e-08,-3.123588e-09,2.615876e-10,7.001545e-11,-3.642022e-12,1.252022e+00,7.958779e-01,7.782218e-01
5.785000e-11,-1.000000e-04,-1.000000e-04,0.000000e+00,-6.925278e-06,1.191384e-07,-5.579568e-07,-1.072056e-07,-2.353608e-08,-2.353608e-08,-2.971521e-09,1.962370e-10,7.325657e-11,-3.200588e-12,1.251245e+00,7.961908e-01,7.781688e-01
5.790000e-11,-1.000000e-04,-1.000000e-04,0.000000e+00,-6.662412e-06,1.559383e-06,-7.715832e-07,-4.967721e-08,-2.761940e-08,-2.761940e-08,-2.791796e-09,1.293023e-10,7.604453e-11,-2.713547e-12,1.250705e+00,7.964869e-01,7.781175e-01
5.795000e-11,-1.000000e-04,-1.000000e-04,0.000000e+00,-6.394967e-06,3.086830e-06,-9.606591e-07,7.028884e-09,-3.163016e-08,-3.163016e-08,-2.589755e-09,6.147847e-11,7.833681e-11,-2.181616e-12,1.250420e+00,7.967612e-01,7.780688e-01
5.800000e-11,-1.000000e-04,-1.000000e-04,0.000000e+00,-6.126890e-06,4.676944e-06,-1.120862e-06,6.206990e-08,-3.549210e-08,-3.549210e-08,-2.371071e-09,-6.523370e-12,8.009414e-11,-1.605973e-12,1.250404e+00,7.970090e-01,7.780233e-01
5.805000e-11,-1.000000e-04,-1.000000e-04,0.000000e+00,-5.862037e-06,6.304311e-06,-1.248463e-06,1.146426e-07,-3.912943e-08,-3.912943e-08,-2.141644e-09,-7.398509e-11,8.128110e-11,-9.882793e-13,1.250665e+00,7.972265e-01,7.779816e-01
5.810000e-11,-1.000000e-04,-1.000000e-04,0.000000e+00,-5.604104e-06,7.943024e-06,-1.340388e-06,1.639970e-07,-4.246826e-08,-4.246826e-08,-1.907486e-09,-1.401913e-10,8.186677e-11,-3.306987e-13,1.251208e+00,7.974105e-01,7.779443e-01
5.815000e-11,-1.000000e-04,-1.000000e-04,0.000000e+00,-5.356549e-06,9.567015e-06,-1.394271e-06,2.094488e-07,-4.543798e-08,-4.543798e-08,-1.674609e-09,-2.044390e-10,8.182515e-11,3.640927e-13,1.252032e+00,7.975584e-01,7.779120e-01
5.820000e-11,-1.000000e-04,-1.000000e-04,0.000000e+00,-5.122542e-06,1.115035e-05,-1.408490e-06,2.503909e-07,-4.797269e-08,-4.797269e-08,-1.448906e-09,-2.660476e-10,8.113580e-11,1.092891e-12,1.253132e+00,7.976688e-01,7.778851e-01
5.825000e-11,-1.000000e-04,-1.000000e-04,0.000000e+00,-4.904920e-06,1.266752e-05,-1.382196e-06,2.863027e-07,-5.001245e-08,-5.001245e-08,-1.236038e-09,-3.243682e-10,7.978420e-11,1.851979e-12,1.254498e+00,7.977408e-01,7.778640e-01
5.830000e-11,-1.000000e-04,-1.000000e-04,0.000000e+00,-4.706163e-06,1.409368e-05,-1.315318e-06,3.167588e-07,-5.150450e-08,-5.150450e-08,-1.041322e-09,-3.787930e-10,7.776221e-11,2.637114e-12,1.256117e+00,7.977743e-01,7.778489e-01
5.835000e-11,-1.000000e-04,-1.000000e-04,0.000000e+00,-4.528377e-06,1.540499e-05,-1.208558e-06,3.414344e-07,-5.240432e-08,-5.240432e-08,-8.696275e-10,-4.287642e-10,7.506839e-11,3.443549e-12,1.257970e+00,7.977702e-01,7.778400e-01
5.840000e-11,-1.000000e-04,-1.000000e-04,0.000000e+00,-4.373289e-06,1.657897e-05,-1.063372e-06,3.601105e-07,-5.267661e-08,-5.267661e-08,-7.252747e-10,-4.737821e-10,7.170826e-11,4.266043e-12,1.260035e+00,7.977301e-01,7.778375e-01
5.845000e-11,-1.000000e-04,-1.000000e-04,0.000000e+00,-4.242256e-06,1.759483e-05,-8.819390e-07,3.726757e-07,-5.229599e-08,-5.229599e-08,-6.119489e-10,-5.134125e-10,6.769449e-11,5.098890e-12,1.262287e+00,7.976561e-01,7.778413e-01
5.850000e-11,-1.000000e-04,-1.000000e-04,0.000000e+00,-4.136268e-06,1.843397e-05,-6.671102e-07,3.791270e-07,-5.124768e-08,-5.124768e-08,-5.326222e-10,-5.472935e-10,6.304703e-11,5.935954e-12,1.264699e+00,7.975514e-01,7.778512e-01
5.855000e-11,-1.000000e-04,-1.000000e-04,0.000000e+00,-4.055957e-06,1.908039e-05,-4.223531e-07,3.795678e-07,-4.952782e-08,-4.952782e-08,-4.894888e-10,-5.751407e-10,5.779307e-11,6.770690e-12,1.267240e+00,7.974195e-01,7.778672e-01
5.860000e-11,-1.000000e-04,-1.000000e-04,0.000000e+00,-4.001600e-06,1.952117e-05,-1.516821e-07,3.742050e-07,-4.714374e-08,-4.714374e-08,-4.839153e-10,-5.967516e-10,5.196699e-11,7.596212e-12,1.269878e+00,7.972644e-01,7.778888e-01
5.865000e-11,-1.000000e-04,-1.000000e-04,0.000000e+00,-3.973125e-06,1.974691e-05,1.404193e-07,3.633435e-07,-4.411395e-08,-4.411395e-08,-5.164057e-10,-6.120090e-10,4.561022e-11,8.405327e-12,1.272579e+00,7.970907e-01,7.779156e-01
5.870000e-11,-1.000000e-04,-1.000000e-04,0.000000e+00,-3.970104e-06,1.975206e-05,4.490837e-07,3.473790e-07,-4.046793e-08,-4.046793e-08,-5.865828e-10,-6.208828e-10,3.877088e-11,9.190604e-12,1.275312e+00,7.969034e-01,7.779473e-01
5.875000e-11,-1.000000e-04,-1.000000e-04,0.000000e+00,-3.991748e-06,1.953522e-05,7.691494e-07,3.267899e-07,-3.624574e-08,-3.624574e-08,-6.931863e-10,-6.234304e-10,3.150349e-11,9.944432e-12,1.278040e+00,7.967075e-01,7.779833e-01
5.880000e-11,-1.000000e-04,-1.000000e-04,0.000000e+00,-4.036901e-06,1.909928e-05,1.095255e-06,3.021272e-07,-3.149743e-08,-3.149743e-08,-8.340876e-10,-6.197961e-10,2.386844e-11,1.065910e-11,1.280730e+00,7.965085e-01,7.780230e-01
5.885000e-11,-1.000000e-04,-1.000000e-04,0.000000e+00,-4.104031e-06,1.845141e-05,1.421936e-06,2.740036e-07,-2.628222e-08,-2.628222e-08,-1.006322e-09,-6.102087e-10,1.593150e-11,1.132687e-11,1.283350e+00,7.963116e-01,7.780657e-01
5.890000e-11,-1.000000e-04,-1.000000e-04,0.000000e+00,-4.191233e-06,1.760301e-05,1.743719e-06,2.430812e-07,-2.066765e-08,-2.066765e-08,-1.206137e-09,-5.949779e-10,7.763130e-12,1.194003e-11,1.285868e+00,7.961221e-01,7.781107e-01
5.895000e-11,-1.000000e-04,-1.000000e-04,0.000000e+00,-4.296232e-06,1.656935e-05,2.055217e-06,2.100588e-07,-1.472836e-08,-1.472836e-08,-1.429056e-09,-5.744896e-10,-5.622556e-13,1.249105e-11,1.288254e+00,7.959451e-01,7.781574e-01
5.900000e-11,-1.000000e-04,-1.000000e-04,0.000000e+00,-4.416401e-06,1.536928e-05,2.351222e-06,1.756588e-07,-8.544936e-09,-8.544936e-09,-1.669958e-09,-5.491997e-10,-8.967051e-12,1.297258e-11,1.290482e+00,7.957857e-01,7.782049e-01
5.905000e-11,-1.000000e-04,-1.000000e-04,0.000000e+00,-4.548794e-06,1.402471e-05,2.626794e-06,1.406136e-07,-2.202538e-09,-2.202538e-09,-1.923169e-09,-5.196266e-10,-1.737134e-11,1.337761e-11,1.292527e+00,7.956482e-01,7.782526e-01
5.910000e-11,-1.000000e-04,-1.000000e-04,0.000000e+00,-4.690188e-06,1.256003e-05,2.877339e-06,1.056520e-07,4.210534e-09,4.210534e-09,-2.182566e-09,-4.863429e-10,-2.569380e-11,1.369952e-11,1.294367e+00,7.955370e-01,7.782998e-01
5.915000e-11,-1.000000e-04,-1.000000e-04,0.000000e+00,-4.837141e-06,1.100157e-05,3.098690e-06,7.148594e-08,1.060433e-08,1.060433e-08,-2.441690e-09,-4.499661e-10,-3.385271e-11,1.393219e-11,1.295985e+00,7.954555e-01,7.783457e-01
5.920000e-11,-1.000000e-04,-1.000000e-04,0.000000e+00,-4.986059e-06,9.376963e-06,3.287170e-06,3.879790e-08,1.688879e-08,1.688879e-08,-2.693871e-09,-4.111482e-10,-4.176687e-11,1.407008e-11,1.297366e+00,7.954068e-01,7.783898e-01
5.925000e-11,-1.000000e-04,-1.000000e-04,0.000000e+00,-5.133281e-06,7.714512e-06,3.439657e-06,8.228489e-09,2.297524e-08,2.297524e-08,-2.932354e-09,-3.705654e-10,-4.935666e-11,1.410832e-11,1.298500e+00,7.953934e-01,7.784313e-01
5.930000e-11,-1.000000e-04,-1.000000e-04,0.000000e+00,-5.275162e-06,6.042636e-06,3.553627e-06,-1.963451e-08,2.877794e-08,2.877794e-08,-3.150427e-09,-3.289064e-10,-5.654504e-11,1.404281e-11,1.299382e+00,7.954172e-01,7.784697e-01
5.935000e-11,-1.000000e-04,-1.000000e-04,0.000000e+00,-5.408160e-06,4.389310e-06,3.627206e-06,-4.426627e-08,3.421552e-08,3.421552e-08,-3.341559e-09,-2.868611e-10,-6.325853e-11,1.387024e-11,1.300008e+00,7.954791e-01,7.785047e-01
5.940000e-11,-1.000000e-04,-1.000000e-04,0.000000e+00,-5.528931e-06,2.781571e-06,3.659186e-06,-6.521372e-08,3.921238e-08,3.921238e-08,-3.499527e-09,-2.451091e-10,-6.942821e-11,1.358826e-11,1.300382e+00,7.955797e-01,7.785356e-01
5.945000e-11,-1.000000e-04,-1.000000e-04,0.000000e+00,-5.634410e-06,1.245056e-06,3.649057e-06,-8.210294e-08,4.369994e-08,4.369994e-08,-3.618543e-09,-2.043081e-10,-7.499063e-11,1.319543e-11,1.300510e+00,7.957186e-01,7.785622e-01
5.950000e-11,-1.000000e-04,-1.000000e-04,0.000000e+00,-5.721887e-06,-1.963930e-07,3.597004e-06,-9.464492e-08,4.761783e-08,4.761783e-08,-3.693374e-09,-1.650825e-10,-7.988871e-11,1.269137e-11,1.300403e+00,7.958948e-01,7.785844e-01
5.955000e-11,-1.000000e-04,-1.000000e-04,0.000000e+00,-5.789080e-06,-1.521099e-06,3.503911e-06,-1.026399e-07,5.091490e-08,5.091490e-08,-3.719457e-09,-1.280135e-10,-8.407251e-11,1.207676e-11,1.300075e+00,7.961066e-01,7.786018e-01
5.960000e-11,-1.000000e-04,-1.000000e-04,0.000000e+00,-5.834182e-06,-2.709864e-06,3.371340e-06,-1.059797e-07,5.355004e-08,5.355004e-08,-3.692994e-09,-9.362846e-11,-8.750000e-11,1.135338e-11,1.299545e+00,7.963517e-01,7.786144e-01
5.965000e-11,-1.000000e-04,-1.000000e-04,0.000000e+00,-5.855910e-06,-3.746242e-06,3.201506e-06,-1.046488e-07,5.549288e-08,5.549288e-08,-3.611047e-09,-6.239220e-11,-9.013765e-11,1.052414e-11,1.298835e+00,7.966273e-01,7.786223e-01
5.970000e-11,-1.000000e-04,-1.000000e-04,0.000000e+00,-5.853526e-06,-4.616765e-06,2.997237e-06,-9.872335e-08,5.672424e-08,5.672424e-08,-3.471606e-09,-3.469897e-11,-9.196098e-11,9.593078e-12,1.297968e+00,7.969299e-01,7.786256e-01
5.975000e-11,-1.000000e-04,-1.000000e-04,0.000000e+00,-5.826849e-06,-5.311121e-06,2.761926e-06,-8.836849e-08,5.723645e-08,5.723645e-08,-3.273648e-09,-1.086569e-11,-9.295496e-11,8.565389e-12,1.296973e+00,7.972555e-01,7.786244e-01
5.980000e-11,-1.000000e-04,-1.000000e-04,0.000000e+00,-5.776253e-06,-5.822271e-06,2.499471e-06,-7.383445e-08,5.703340e-08,5.703340e-08,-3.017178e-09,8.873521e-12,-9.311425e-11,7.447369e-12,1.295877e+00,7.975998e-01,7.786190e-01
5.985000e-11,-1.000000e-04,-1.000000e-04,0.000000e+00,-5.702645e-06,-6.146505e-06,2.214208e-06,-5.545075e-08,5.613043e-08,5.613043e-08,-2.703250e-09,2.437132e-11,-9.244342e-11,6.246415e-12,1.294711e+00,7.979581e-01,7.786099e-01
5.990000e-11,-1.000000e-04,-1.000000e-04,0.000000e+00,-5.607433e-06,-6.283430e-06,1.910830e-06,-3.361923e-08,5.455398e-08,5.455398e-08,-2.333968e-09,3.556957e-11,-9.095690e-11,4.970962e-12,1.293506e+00,7.983256e-01,7.785973e-01
5.995000e-11,-1.000000e-04,-1.000000e-04,0.000000e+00,-5.492482e-06,-6.235899e-06,1.594308e-06,-8.805786e-09,5.234112e-08,5.234112e-08,-1.912472e-09,4.250025e-11,-8.867888e-11,3.630439e-12,1.292293e+00,7.986972e-01,7.785818e-01
6.000000e-11,-1.000000e-04,-1.000000e-04,0.000000e+00,-5.360051e-06,-6.009868e-06,1.269801e-06,1.846904e-08,4.953882e-08,4.953882e-08,-1.442903e-09,4.528467e-11,-8.564306e-11,2.235182e-12,1.291101e+00,7.990677e-01,7.785638e-01
6.005000e-11,-9.500000e-05,-9.500000e-05,0.000000e+00,-3.793363e-06,5.919637e-05,9.433809e-07,4.764062e-08,4.620306e-08,4.620306e-08,-9.303430e-10,4.413109e-11,-8.189220e-11,7.963578e-13,1.290035e+00,7.994321e-01,7.785440e-01
6.010000e-11,-9.000000e-05,-9.000000e-05,0.000000e+00,-2.473505e-06,2.877073e-05,6.224709e-07,7.811160e-08,4.239785e-08,4.239785e-08,-3.807523e-10,3.933074e-11,-7.747760e-11,-6.741357e-13,1.289222e+00,7.997853e-01,7.785230e-01
6.015000e-11,-8.500000e-05,-8.500000e-05,0.000000e+00,-1.464918e-06,2.168132e-05,3.156981e-07,1.092637e-07,3.819403e-08,3.819403e-08,1.991260e-10,3.125229e-11,-7.245845e-11,-2.163784e-12,1.288780e+00,8.001226e-01,7.785012e-01
6.020000e-11,-8.000000e-05,-8.000000e-05,0.000000e+00,-7.802245e-07,1.565066e-05,3.232987e-08,1.404696e-07,3.366803e-08,3.366803e-08,8.018670e-10,2.033486e-11,-6.690101e-11,-3.659582e-12,1.288795e+00,8.004395e-01,7.784794e-01
6.025000e-11,-7.500000e-05,-7.500000e-05,0.000000e+00,-3.819122e-07,1.179791e-05,-2.184691e-07,1.711055e-07,2.890046e-08,2.890046e-08,1.419482e-09,7.079682e-12,-6.087773e-11,-5.148154e-12,1.289310e+00,8.007318e-01,7.784581e-01
6.030000e-11,-7.000000e-05,-7.000000e-05,0.000000e+00,-1.932925e-07,1.083706e-05,-4.283500e-07,2.005629e-07,2.397475e-08,2.397475e-08,2.043545e-09,-7.959424e-12,-5.446624e-11,-6.615913e-12,1.290333e+00,8.009960e-01,7.784378e-01
6.035000e-11,-6.500000e-05,-6.500000e-05,0.000000e+00,-1.156837e-07,1.297110e-05,-5.903307e-07,2.282604e-07,1.897564e-08,1.897564e-08,2.665334e-09,-2.418672e-11,-4.774826e-11,-8.049184e-12,1.291843e+00,8.012289e-01,7.784192e-01
6.040000e-11,-6.000000e-05,-6.000000e-05,0.000000e+00,-4.776262e-08,1.789807e-05,-6.991164e-07,2.536555e-07,1.398771e-08,1.398771e-08,3.275974e-09,-4.097596e-11,-4.080847e-11,-9.434381e-12,1.293803e+00,8.014280e-01,7.784028e-01
6.045000e-11,-5.500000e-05,-5.500000e-05,0.000000e+00,9.676542e-08,2.490905e-05,-7.511828e-07,2.762547e-07,9.093919e-09,9.093919e-09,3.866583e-09,-5.768257e-11,-3.373330e-11,-1.075815e-11,1.296171e+00,8.015915e-01,7.783890e-01
6.050000e-11,-5.000000e-05,-5.000000e-05,0.000000e+00,3.761551e-07,3.304696e-05,-7.446570e-07,2.956238e-07,4.374202e-09,4.374202e-09,4.428429e-09,-7.365628e-11,-2.660968e-11,-1.200754e-11,1.298911e+00,8.017182e-01,7.783781e-01
6.055000e-11,-4.500000e-05,-4.500000e-05,0.000000e+00,8.139952e-07,4.128944e-05,-6.790589e-07,3.113959e-07,-9.590731e-11,-9.590731e-11,4.953074e-09,-8.825393e-11,-1.952378e-11,-1.317011e-11,1.301998e+00,8.018079e-01,7.783706e-01
6.060000e-11,-4.000000e-05,-4.000000e-05,0.000000e+00,1.399319e-06,4.871993e-05,-5.549816e-07,3.232793e-07,-4.246524e-09,-4.246524e-09,5.432521e-09,-1.008524e-10,-1.255980e-11,-1.423418e-11,1.305419e+00,8.018610e-01,7.783667e-01
6.065000e-11,-3.500000e-05,-3.500000e-05,0.000000e+00,2.092564e-06,5.465846e-05,-3.737813e-07,3.310633e-07,-8.014569e-09,-8.014569e-09,5.859355e-09,-1.108610e-10,-5.798676e-12,-1.518886e-11,1.309175e+00,8.018786e-01,7.783666e-01
6.070000e-11,-3.000000e-05,-3.000000e-05,0.000000e+00,2.835590e-06,5.873463e-05,-1.373360e-07,3.346227e-07,-1.134478e-08,-1.134478e-08,6.226873e-09,-1.177341e-10,6.829969e-13,-1.602431e-11,1.313272e+00,8.018628e-01,7.783704e-01
6.075000e-11,-2.500000e-05,-2.500000e-05,0.000000e+00,3.563491e-06,6.089799e-05,1.520933e-07,3.339207e-07,-1.419059e-08,-1.419059e-08,6.529202e-09,-1.209821e-10,6.814195e-12,-1.673176e-11,1.317717e+00,8.018163e-01,7.783782e-01
6.080000e-11,-2.000000e-05,-2.000000e-05,0.000000e+00,4.215962e-06,6.137311e-05,4.918891e-07,3.290101e-07,-1.651480e-08,-1.651480e-08,6.761407e-09,-1.201822e-10,1.253042e-11,-1.730373e-11,1.322513e+00,8.017425e-01,7.783899e-01
6.085000e-11,-1.500000e-05,-1.500000e-05,0.000000e+00,4.746343e-06,6.057484e-05,8.790071e-07,3.200327e-07,-1.829015e-08,-1.829015e-08,6.919580e-09,-1.149880e-10,1.777467e-11,-1.773407e-11,1.327650e+00,8.016454e-01,7.784054e-01
6.090000e-11,-1.000000e-05,-1.000000e-05,0.000000e+00,5.127160e-06,5.900474e-05,1.309840e-06,3.072177e-07,-1.949960e-08,-1.949960e-08,7.000913e-09,-1.051376e-10,2.249827e-11,-1.801807e-11,1.333104e+00,8.015299e-01,7.784245e-01
6.095000e-11,-5.000000e-06,-5.000000e-06,0.000000e+00,5.351744e-06,5.714925e-05,1.780060e-06,2.908771e-07,-2.013653e-08,-2.013653e-08,7.003755e-09,-9.045998e-11,2.666154e-11,-1.815257e-11,1.338833e+00,8.014009e-01,7.784470e-01
6.100000e-11,0.000000e+00,0.000000e+00,0.000000e+00,5.432266e-06,5.539760e-05,2.284475e-06,2.714012e-07,-2.020467e-08,-2.020467e-08,6.927645e-09,-7.088064e-11,3.023437e-11,-1.813597e-11,1.344783e+00,8.012641e-01,7.784725e-01
6.105000e-11,0.000000e+00,0.000000e+00,0.000000e+00,3.975694e-06,-1.081997e-05,2.816126e-06,2.492507e-07,-1.971786e-08,-1.971786e-08,6.773328e-09,-4.642463e-11,3.319659e-11,-1.796828e-11,1.350810e+00,8.011254e-01,7.785007e-01
6.110000e-11,0.000000e+00,0.000000e+00,0.000000e+00,2.694728e-06,1.917684e-05,3.365748e-06,2.249482e-07,-1.869967e-08,-1.869967e-08,6.542754e-09,-1.721832e-11,3.553824e-11,-1.765117e-11,1.356737e+00,8.009909e-01,7.785311e-01
6.115000e-11,0.000000e+00,0.000000e+00,0.000000e+00,1.687123e-06,2.634049e-05,3.921902e-06,1.990685e-07,-1.718276e-08,-1.718276e-08,6.239044e-09,1.651087e-11,3.725965e-11,-1.718793e-11,1.362390e+00,8.008668e-01,7.785634e-01
6.120000e-11,0.000000e+00,0.000000e+00,0.000000e+00,9.953027e-07,3.276366e-05,4.471602e-06,1.722277e-07,-1.520818e-08,-1.520818e-08,5.866450e-09,5.443658e-11,3.837127e-11,-1.658345e-11,1.367629e+00,8.007595e-01,7.785969e-01
6.125000e-11,0.000000e+00,0.000000e+00,0.000000e+00,6.044937e-07,3.709148e-05,5.001203e-06,1.450708e-07,-1.282443e-08,-1.282443e-08,5.430291e-09,9.613741e-11,3.889353e-11,-1.584422e-11,1.372356e+00,8.006750e-01,7.786312e-01
6.130000e-11,0.000000e+00,0.000000e+00,0.000000e+00,4.521358e-07,3.837840e-05,5.497303e-06,1.182596e-07,-1.008644e-08,-1.008644e-08,4.936864e-09,1.411027e-10,3.885631e-11,-1.497819e-11,1.376516e+00,8.006193e-01,7.786657e-01
6.135000e-11,0.000000e+00,0.000000e+00,0.000000e+00,4.453939e-07,3.623963e-05,5.947504e-06,9.245911e-08,-7.054439e-09,-7.054439e-09,4.393347e-09,1.887399e-10,3.829840e-11,-1.399475e-11,1.380087e+00,8.005979e-01,7.787000e-01
6.140000e-11,0.000000e+00,0.000000e+00,0.000000e+00,4.823001e-07,3.087433e-05,6.340959e-06,6.832407e-08,-3.792714e-09,-3.792714e-09,3.807686e-09,2.383837e-10,3.726674e-11,-1.290458e-11,1.383075e+00,8.006159e-01,7.787336e-01
6.145000e-11,0.000000e+00,0.000000e+00,0.000000e+00,4.720548e-07,2.297787e-05,6.668660e-06,4.648525e-08,-3.683330e-10,-3.683330e-10,3.188461e-09,2.893067e-10,3.581559e-11,-1.171954e-11,1.385493e+00,8.006776e-01,7.787659e-01
6.150000e-11,0.000000e+00,0.000000e+00,0.000000e+00,3.508377e-07,1.357515e-05,6.923498e-06,2.753611e-08,3.150196e-09,3.150196e-09,2.544751e-09,3.407307e-10,3.400547e-11,-1.045254e-11,1.387361e+00,8.007868e-01,7.787965e-01
6.155000e-11,0.000000e+00,0.000000e+00,0.000000e+00,9.081683e-08,3.816233e-06,7.100161e-06,1.201988e-08,6.694265e-09,6.694265e-09,1.885985e-09,3.918402e-10,3.190208e-11,-9.117341e-12,1.388691e+00,8.009464e-01,7.788251e-01
6.160000e-11,0.000000e+00,0.000000e+00,0.000000e+00,-2.984076e-07,-5.224195e-06,7.194931e-06,4.173701e-10,1.019650e-08,1.019650e-08,1.221790e-09,4.417958e-10,2.957509e-11,-7.728443e-12,1.389489e+00,8.011583e-01,7.788512e-01
6.165000e-11,0.000000e+00,0.000000e+00,0.000000e+00,-7.752238e-07,-1.270824e-05,7.205471e-06,-6.864178e-09,1.359206e-08,1.359206e-08,5.618321e-10,4.897487e-10,2.709687e-11,-6.300854e-12,1.389753e+00,8.014237e-01,7.788746e-01
6.170000e-11,0.000000e+00,0.000000e+00,0.000000e+00,-1.276463e-06,-1.813402e-05,7.130659e-06,-9.500974e-09,1.681987e-08,1.681987e-08,-8.433913e-11,5.348557e-10,2.454115e-11,-4.849907e-12,1.389481e+00,8.017424e-01,7.788950e-01
6.175000e-11,0.000000e+00,0.000000e+00,0.000000e+00,-1.730415e-06,-2.136388e-05,6.970507e-06,-7.261129e-09,1.982377e-08,1.982377e-08,-7.074443e-10,5.762937e-10,2.198167e-11,-3.391083e-12,1.388674e+00,8.021134e-01,7.789123e-01
6.180000e-11,0.000000e+00,0.000000e+00,0.000000e+00,-2.069805e-06,-2.258685e-05,6.726177e-06,-1.141510e-11,2.255355e-08,2.255355e-08,-1.298624e-09,6.132748e-10,1.949083e-11,-1.939787e-12,1.387345e+00,8.025347e-01,7.789263e-01
6.185000e-11,0.000000e+00,0.000000e+00,0.000000e+00,-2.242517e-06,-2.223123e-05,6.400091e-06,1.227782e-08,2.496588e-08,2.496588e-08,-1.849583e-09,6.450607e-10,1.713833e-11,-5.111606e-13,1.385523e+00,8.030031e-01,7.789372e-01
6.190000e-11,0.000000e+00,0.000000e+00,0.000000e+00,-2.218517e-06,-2.085012e-05,5.996084e-06,2.952969e-08,2.702511e-08,2.702511e-08,-2.352715e-09,6.709766e-10,1.498988e-11,8.801251e-13,1.383259e+00,8.035145e-01,7.789449e-01
6.195000e-11,0.000000e+00,0.000000e+00,0.000000e+00,-1.992336e-06,-1.900386e-05,5.519573e-06,5.155995e-08,2.870381e-08,2.870381e-08,-2.801229e-09,6.904236e-10,1.310597e-11,2.220055e-12,1.380624e+00,8.040638e-01,7.789496e-01
6.200000e-11,0.000000e+00,0.000000e+00,0.000000e+00,-1.581306e-06,-1.716047e-05,4.977674e-06,7.807826e-08,2.998331e-08,2.998331e-08,-3.189251e-09,7.028908e-10,1.154068e-11,3.495460e-12,1.377709e+00,8.046450e-01,7.789514e-01
6.205000e-11,0.000000e+00,0.000000e+00,0.000000e+00,-1.020463e-06,-1.562904e-05,4.379253e-06,1.086917e-07,3.085390e-08,3.085390e-08,-3.511910e-09,7.079654e-10,1.034071e-11,4.694193e-12,1.374620e+00,8.052515e-01,7.789508e-01
6.210000e-11,0.000000e+00,0.000000e+00,0.000000e+00,-3.554549e-07,-1.453270e-05,3.734860e-06,1.429102e-07,3.131497e-08,3.131497e-08,-3.765413e-09,7.053420e-10,9.544407e-12,5.805288e-12,1.371475e+00,8.058758e-01,7.789479e-01
6.215000e-11,0.000000e+00,0.000000e+00,0.000000e+00,3.650613e-07,-1.381988e-05,3.056549e-06,1.801546e-07,3.137487e-08,3.137487e-08,-3.947090e-09,6.948289e-10,9.180988e-12,6.819092e-12,1.368390e+00,8.065101e-01,7.789433e-01
6.220000e-11,0.000000e+00,0.000000e+00,0.000000e+00,1.096188e-06,-1.330608e-05,2.357586e-06,2.197661e-07,3.105067e-08,3.105067e-08,-4.055434e-09,6.763540e-10,9.269967e-12,7.727408e-12,1.365483e+00,8.071460e-01,7.789373e-01
6.225000e-11,0.000000e+00,0.000000e+00,0.000000e+00,1.801737e-06,-1.273403e-05,1.652069e-06,2.610177e-07,3.036768e-08,3.036768e-08,-4.090106e-09,6.499679e-10,9.820686e-12,8.523586e-12,1.362858e+00,8.077751e-01,7.789305e-01
6.230000e-11,0.000000e+00,0.000000e+00,0.000000e+00,2.456842e-06,-1.183850e-05,9.544907e-07,3.031278e-07,2.935883e-08,2.935883e-08,-4.051930e-09,6.158447e-10,1.083206e-11,9.202611e-12,1.360606e+00,8.083886e-01,7.789233e-01
6.235000e-11,0.000000e+00,0.000000e+00,0.000000e+00,3.048201e-06,-1.040382e-05,2.792670e-07,3.452740e-07,2.806393e-08,2.806393e-08,-3.942860e-09,5.742818e-10,1.229250e-11,9.761155e-12,1.358802e+00,8.089781e-01,7.789163e-01
6.240000e-11,0.000000e+00,0.000000e+00,0.000000e+00,3.572349e-06,-8.304502e-06,-3.597132e-07,3.866097e-07,2.652872e-08,2.652872e-08,-3.765939e-09,5.256965e-10,1.418002e-11,1.019761e-11,1.357502e+00,8.095352e-01,7.789101e-01
6.245000e-11,0.000000e+00,0.000000e+00,0.000000e+00,4.032605e-06,-5.524612e-06,-9.495090e-07,4.262798e-07,2.480384e-08,2.480384e-08,-3.525227e-09,4.706208e-10,1.646256e-11,1.051210e-11,1.356746e+00,8.100522e-01,7.789051e-01
6.250000e-11,0.000000e+00,0.000000e+00,0.000000e+00,4.435512e-06,-2.155328e-06,-1.478487e-06,4.634383e-07,2.294370e-08,2.294370e-08,-3.225718e-09,4.096952e-10,1.909846e-11,1.070645e-11,1.356553e+00,8.105217e-01,7.789020e-01
6.255000e-11,0.000000e+00,0.000000e+00,0.000000e+00,4.787485e-06,1.625570e-06,-1.936615e-06,4.972652e-07,2.100527e-08,2.100527e-08,-2.873244e-09,3.436590e-10,2.203714e-11,1.078416e-11,1.356931e+00,8.109374e-01,7.789011e-01
6.260000e-11,0.000000e+00,0.000000e+00,0.000000e+00,5.092271e-06,5.586067e-06,-2.315679e-06,5.269836e-07,1.904681e-08,1.904681e-08,-2.474362e-09,2.733402e-10,2.521995e-11,1.075031e-11,1.357870e+00,8.112937e-01,7.789030e-01
6.265000e-11,0.000000e+00,0.000000e+00,0.000000e+00,5.349550e-06,9.476802e-06,-2.609435e-06,5.518762e-07,1.712655e-08,1.712655e-08,-2.036226e-09,1.996429e-10,2.858115e-11,1.061147e-11,1.359351e+00,8.115859e-01,7.789081e-01
6.270000e-11,0.000000e+00,0.000000e+00,0.000000e+00,5.554744e-06,1.306548e-05,-2.813704e-06,5.713007e-07,1.530142e-08,1.530142e-08,-1.566460e-09,1.235345e-10,3.204904e-11,1.037561e-11,1.361342e+00,8.118106e-01,7.789167e-01
6.275000e-11,0.000000e+00,0.000000e+00,0.000000e+00,5.699891e-06,1.616337e-05,-2.926406e-06,5.847042e-07,1.362575e-08,1.362575e-08,-1.073017e-09,4.603022e-11,3.554727e-11,1.005190e-11,1.363801e+00,8.119658e-01,7.789291e-01
6.280000e-11,0.000000e+00,0.000000e+00,0.000000e+00,5.775243e-06,1.864078e-05,-2.947562e-06,5.916361e-07,1.215008e-08,1.215008e-08,-5.640324e-10,-3.182208e-11,3.899618e-11,9.650613e-12,1.366677e+00,8.120503e-01,7.789455e-01
6.285000e-11,0.000000e+00,0.000000e+00,0.000000e+00,5.771181e-06,2.043069e-05,-2.879257e-06,5.917586e-07,1.091994e-08,1.091994e-08,-4.768420e-11,-1.089581e-10,4.231421e-11,9.182911e-12,1.369908e+00,8.120647e-01,7.789661e-01
6.290000e-11,0.000000e+00,0.000000e+00,0.000000e+00,5.680061e-06,2.152229e-05,-2.725563e-06,5.848558e-07,9.974875e-09,9.974875e-09,4.679534e-10,-1.843139e-10,4.541944e-11,8.660665e-12,1.373426e+00,8.120105e-01,7.789908e-01
6.295000e-11,0.000000e+00,0.000000e+00,0.000000e+00,5.497642e-06,2.194725e-05,-2.492445e-06,5.708397e-07,9.347463e-09,9.347463e-09,9.750481e-10,-2.568423e-10,4.823110e-11,8.096249e-12,1.377154e+00,8.118908e-01,7.790197e-01
6.300000e-11,0.000000e+00,0.000000e+00,0.000000e+00,5.223925e-06,2.176276e-05,-2.187623e-06,5.497546e-07,9.062537e-09,9.062537e-09,1.466142e-09,-3.255294e-10,5.067111e-11,7.502333e-12,1.381008e+00,8.117098e-01,7.790526e-01
6.305000e-11,0.000000e+00,0.000000e+00,0.000000e+00,4.863321e-06,2.103495e-05,-1.820407e-06,5.217779e-07,9.136554e-09,9.136554e-09,1.934277e-09,-3.894110e-10,5.266557e-11,6.891670e-12,1.384899e+00,8.114729e-01,7.790893e-01
6.310000e-11,0.000000e+00,0.000000e+00,0.000000e+00,4.424226e-06,1.982582e-05,-1.401495e-06,4.872183e-07,9.577131e-09,9.577131e-09,2.373105e-09,-4.475872e-10,5.414622e-11,6.276871e-12,1.388737e+00,8.111864e-01,7.791294e-01
6.315000e-11,0.000000e+00,0.000000e+00,0.000000e+00,3.918168e-06,1.818540e-05,-9.427351e-07,4.465125e-07,1.038277e-08,1.038277e-08,2.776989e-09,-4.992372e-10,5.505180e-11,5.670198e-12,1.392429e+00,8.108577e-01,7.791727e-01
6.320000e-11,0.000000e+00,0.000000e+00,0.000000e+00,3.358726e-06,1.614971e-05,-4.568657e-07,4.002171e-07,1.154276e-08,1.154276e-08,3.141088e-09,-5.436317e-10,5.532938e-11,5.083358e-12,1.395885e+00,8.104949e-01,7.792186e-01
6.325000e-11,0.000000e+00,0.000000e+00,0.000000e+00,2.760442e-06,1.374361e-05,4.278244e-08,3.490000e-07,1.303729e-08,1.303729e-08,3.461424e-09,-5.801451e-10,5.493541e-11,4.527301e-12,1.399018e+00,8.101066e-01,7.792666e-01
6.330000e-11,0.000000e+00,0.000000e+00,0.000000e+00,2.137886e-06,1.098725e-05,5.425938e-07,2.936279e-07,1.483777e-08,1.483777e-08,3.734935e-09,-6.082649e-10,5.383681e-11,4.012030e-12,1.401750e+00,8.097019e-01,7.793160e-01
6.335000e-11,0.000000e+00,0.000000e+00,0.000000e+00,1.504996e-06,7.903769e-06,1.028988e-06,2.349524e-07,1.690726e-08,1.690726e-08,3.959505e-09,-6.275995e-10,5.201176e-11,3.546445e-12,1.404008e+00,8.092902e-01,7.793664e-01
6.340000e-11,0.000000e+00,0.000000e+00,0.000000e+00,8.747145e-07,4.526542e-06,1.488740e-06,1.738937e-07,1.920121e-08,1.920121e-08,4.133982e-09,-6.378850e-10,4.945036e-11,3.138170e-12,1.405731e+00,8.088808e-01,7.794169e-01
6.345000e-11,0.000000e+00,0.000000e+00,0.000000e+00,2.589061e-07,9.042855e-07,1.909289e-06,1.114233e-07,2.166824e-08,2.166824e-08,4.258169e-09,-6.389883e-10,4.615509e-11,2.793449e-12,1.406870e+00,8.084828e-01,7.794669e-01
6.350000e-11,0.000000e+00,0.000000e+00,0.000000e+00,-3.315381e-07,-2.896857e-06,2.279031e-06,4.854449e-08,2.425117e-08,2.425117e-08,4.332804e-09,-6.309095e-10,4.214103e-11,2.517021e-12,1.407388e+00,8.081049e-01,7.795156e-01
6.355000e-11,0.000000e+00,0.000000e+00,0.000000e+00,-8.864974e-07,-6.794420e-06,2.587583e-06,-1.372684e-08,2.688813e-08,2.688813e-08,4.359518e-09,-6.137812e-10,3.743595e-11,2.312048e-12,1.407259e+00,8.077553e-01,7.795623e-01
6.360000e-11,0.000000e+00,0.000000e+00,0.000000e+00,-1.396429e-06,-1.069349e-05,2.826015e-06,-7.438286e-08,2.951381e-08,2.951381e-08,4.340777e-09,-5.878665e-10,3.208006e-11,2.180066e-12,1.406474e+00,8.074415e-01,7.796064e-01
6.365000e-11,0.000000e+00,0.000000e+00,0.000000e+00,-1.852262e-06,-1.449242e-05,2.987052e-06,-1.324440e-07,3.206077e-08,3.206077e-08,4.279810e-09,-5.535537e-10,2.612567e-11,2.120955e-12,1.405035e+00,8.071700e-01,7.796471e-01
6.370000e-11,0.000000e+00,0.000000e+00,0.000000e+00,-2.245427e-06,-1.808939e-05,3.065226e-06,-1.869786e-07,3.446087e-08,3.446087e-08,4.180520e-09,-5.113501e-10,1.963652e-11,2.132944e-12,1.402959e+00,8.069461e-01,7.796838e-01
6.375000e-11,0.000000e+00,0.000000e+00,0.000000e+00,-2.568025e-06,-2.138856e-05,3.056997e-06,-2.371225e-07,3.664664e-08,3.664664e-08,4.047386e-09,-4.618737e-10,1.268705e-11,2.212650e-12,1.400276e+00,8.067741e-01,7.797159e-01
6.380000e-11,0.000000e+00,0.000000e+00,0.000000e+00,-2.813121e-06,-2.430530e-05,2.960829e-06,-2.820960e-07,3.855277e-08,3.855277e-08,3.885355e-09,-4.058422e-10,5.361309e-12,2.355142e-12,1.397028e+00,8.066571e-01,7.797430e-01
6.385000e-11,0.000000e+00,0.000000e+00,0.000000e+00,-2.975104e-06,-2.676967e-05,2.777221e-06,-3.212208e-07,4.011749e-08,4.011749e-08,3.699721e-09,-3.440621e-10,-2.248182e-12,2.554029e-12,1.393269e+00,8.065965e-01,7.797646e-01
6.390000e-11,0.000000e+00,0.000000e+00,0.000000e+00,-3.050056e-06,-2.872824e-05,2.508700e-06,-3.539333e-07,4.128395e-08,4.128395e-08,3.496007e-09,-2.774146e-10,-1.004178e-11,2.801577e-12,1.389066e+00,8.065928e-01,7.797802e-01
6.395000e-11,0.000000e+00,0.000000e+00,0.000000e+00,-3.036083e-06,-3.014443e-05,2.159769e-06,-3.797972e-07,4.200146e-08,4.200146e-08,3.279838e-09,-2.068419e-10,-1.791418e-11,3.088858e-12,1.384493e+00,8.066447e-01,7.797898e-01
6.400000e-11,0.000000e+00,0.000000e+00,0.000000e+00,-2.933543e-06,-3.099750e-05,1.736821e-06,-3.985119e-07,4.222671e-08,4.222671e-08,3.056815e-09,-1.333318e-10,-2.575606e-11,3.405908e-12,1.379635e+00,8.067497e-01,7.797931e-01
6.405000e-11,0.000000e+00,0.000000e+00,0.000000e+00,-2.745163e-06,-3.128105e-05,1.248001e-06,-4.099195e-07,4.192474e-08,4.192474e-08,2.832394e-09,-5.790181e-11,-3.345571e-11,3.741921e-12,1.374582e+00,8.069042e-01,7.797900e-01
6.410000e-11,0.000000e+00,0.000000e+00,0.000000e+00,-2.476010e-06,-3.100109e-05,7.030415e-07,-4.140075e-07,4.106992e-08,4.106992e-08,2.611764e-09,1.841665e-11,-4.090079e-11,4.085444e-12,1.369428e+00,8.071029e-01,7.797806e-01
6.415000e-11,0.000000e+00,0.000000e+00,0.000000e+00,-2.133340e-06,-3.017421e-05,1.130537e-07,-4.109098e-07,3.964653e-08,3.964653e-08,2.399742e-09,9.459481e-11,-4.798012e-11,4.424599e-12,1.364273e+00,8.073400e-01,7.797651e-01
6.420000e-11,0.000000e+00,0.000000e+00,0.000000e+00,-1.726339e-06,-2.882608e-05,-5.097084e-07,-4.009030e-07,3.764940e-08,3.764940e-08,2.200665e-09,1.696223e-10,-5.458545e-11,4.747311e-12,1.359214e+00,8.076082e-01,7.797437e-01
6.425000e-11,0.000000e+00,0.000000e+00,0.000000e+00,-1.265776e-06,-2.699019e-05,-1.152116e-06,-3.844015e-07,3.508412e-08,3.508412e-08,2.018304e-09,2.425225e-10,-6.061320e-11,5.041530e-12,1.354347e+00,8.078997e-01,7.797168e-01
6.430000e-11,0.000000e+00,0.000000e+00,0.000000e+00,-7.635969e-07,-2.470690e-05,-1.800454e-06,-3.619477e-07,3.196718e-08,3.196718e-08,1.855783e-09,3.123675e-10,-6.596616e-11,5.295482e-12,1.349766e+00,8.082060e-01,7.796849e-01
6.435000e-11,0.000000e+00,0.000000e+00,0.000000e+00,-2.324982e-07,-2.202261e-05,-2.440729e-06,-3.342012e-07,2.832586e-08,2.832586e-08,1.715522e-09,3.782915e-10,-7.055513e-11,5.497887e-12,1.345557e+00,8.085182e-01,7.796484e-01
6.440000e-11,0.000000e+00,0.000000e+00,0.000000e+00,3.145094e-07,-1.898913e-05,-3.058984e-06,-3.019241e-07,2.419784e-08,2.419784e-08,1.599188e-09,4.395035e-10,-7.430036e-11,5.638195e-12,1.341797e+00,8.088270e-01,7.796080e-01
6.445000e-11,0.000000e+00,0.000000e+00,0.000000e+00,8.645166e-07,-1.566301e-05,-3.641620e-06,-2.659649e-07,1.963070e-08,1.963070e-08,1.507664e-09,4.952980e-10,-7.713298e-11,5.706800e-12,1.338555e+00,8.091234e-01,7.795643e-01
6.450000e-11,0.000000e+00,0.000000e+00,0.000000e+00,1.405096e-06,-1.210481e-05,-4.175704e-06,-2.272402e-07,1.468111e-08,1.468111e-08,1.441042e-09,5.450647e-10,-7.899614e-11,5.695250e-12,1.335887e+00,8.093984e-01,7.795181e-01
6.455000e-11,0.000000e+00,0.000000e+00,0.000000e+00,1.924628e-06,-8.378536e-06,-4.649270e-06,-1.867147e-07,9.413940e-09,9.413940e-09,1.398624e-09,5.882959e-10,-7.984608e-11,5.596418e-12,1.333837e+00,8.096434e-01,7.794702e-01
6.460000e-11,0.000000e+00,0.000000e+00,0.000000e+00,2.412570e-06,-4.550987e-06,-5.051595e-06,-1.453806e-07,3.901067e-09,3.901067e-09,1.378949e-09,6.245923e-10,-7.965288e-11,5.404689e-12,1.332435e+00,8.098503e-01,7.794213e-01
6.465000e-11,0.000000e+00,0.000000e+00,0.000000e+00,2.859643e-06,-6.911805e-07,-5.373449e-06,-1.042360e-07,-1.779851e-09,-1.779851e-09,1.379831e-09,6.536670e-10,-7.840116e-11,5.116079e-12,1.331698e+00,8.100122e-01,7.793722e-01
6.470000e-11,0.000000e+00,0.000000e+00,0.000000e+00,3.257949e-06,3.130212e-06,-5.607301e-06,-6.426351e-08,-7.546805e-09,-7.546805e-09,1.398420e-09,6.753471e-10,-7.609036e-11,4.728363e-12,1.331626e+00,8.101226e-01,7.793237e-01
6.475000e-11,0.000000e+00,0.000000e+00,0.000000e+00,3.601012e-06,6.841507e-06,-5.747493e-06,-2.640839e-08,-1.331494e-08,-1.331494e-08,1.431268e-09,6.895735e-10,-7.273497e-11,4.241162e-12,1.332209e+00,8.101765e-01,7.792766e-01
6.480000e-11,0.000000e+00,0.000000e+00,0.000000e+00,3.883752e-06,1.037081e-05,-5.790361e-06,8.441465e-09,-1.899812e-08,-1.899812e-08,1.474417e-09,6.963988e-10,-6.836437e-11,3.655983e-12,1.333421e+00,8.101701e-01,7.792315e-01
6.485000e-11,0.000000e+00,0.000000e+00,0.000000e+00,4.102402e-06,1.364712e-05,-5.734315e-06,3.947509e-08,-2.451059e-08,-2.451059e-08,1.523498e-09,6.959835e-10,-6.302256e-11,2.976255e-12,1.335224e+00,8.101008e-01,7.791892e-01
6.490000e-11,0.000000e+00,0.000000e+00,0.000000e+00,4.254403e-06,1.660171e-05,-5.579862e-06,6.597603e-08,-2.976856e-08,-2.976856e-08,1.573831e-09,6.885897e-10,-5.676758e-11,2.207315e-12,1.337569e+00,8.099673e-01,7.791503e-01
6.495000e-11,0.000000e+00,0.000000e+00,0.000000e+00,4.338281e-06,1.916998e-05,-5.329584e-06,8.733802e-08,-3.469183e-08,-3.469183e-08,1.620548e-09,6.745741e-10,-4.967076e-11,1.356361e-12,1.340397e+00,8.097701e-01,7.791153e-01
6.500000e-11,0.000000e+00,0.000000e+00,0.000000e+00,4.353534e-06,2.129360e-05,-4.988069e-06,1.030781e-07,-3.920533e-08,-3.920533e-08,1.658701e-09,6.543786e-10,-4.181565e-11,4.323682e-13,1.343639e+00,8.095109e-01,7.790846e-01
6.505000e-11,0.000000e+00,0.000000e+00,0.000000e+00,4.300565e-06,2.292283e-05,-4.561794e-06,1.128474e-07,-4.324061e-08,-4.324061e-08,1.683392e-09,6.285203e-10,-3.329698e-11,-5.540022e-13,1.347220e+00,8.091927e-01,7.790587e-01
6.510000e-11,0.000000e+00,0.000000e+00,0.000000e+00,4.180639e-06,2.401893e-05,-4.058972e-06,1.164383e-07,-4.673712e-08,-4.673712e-08,1.689891e-09,5.975799e-10,-2.421916e-11,-1.590565e-12,1.351061e+00,8.088201e-01,7.790376e-01
6.515000e-11,0.000000e+00,0.000000e+00,0.000000e+00,3.995912e-06,2.455633e-05,-3.489362e-06,1.137896e-07,-4.964346e-08,-4.964346e-08,1.673753e-09,5.621895e-10,-1.469487e-11,-2.663763e-12,1.355077e+00,8.083989e-01,7.790217e-01
6.520000e-11,0.000000e+00,0.000000e+00,0.000000e+00,3.749479e-06,2.452426e-05,-2.864049e-06,1.049872e-07,-5.191836e-08,-5.191836e-08,1.630933e-09,5.230199e-10,-4.843377e-12,-3.758870e-12,1.359181e+00,8.079360e-01,7.790108e-01
6.525000e-11,0.000000e+00,0.000000e+00,0.000000e+00,3.445470e-06,2.392777e-05,-2.195198e-06,9.026289e-08,-5.353151e-08,-5.353151e-08,1.557892e-09,4.807669e-10,5.211189e-12,-4.860210e-12,1.363287e+00,8.074392e-01,7.790050e-01
6.530000e-11,0.000000e+00,0.000000e+00,0.000000e+00,3.089136e-06,2.278786e-05,-1.495797e-06,6.998863e-08,-5.446419e-08,-5.446419e-08,1.451689e-09,4.361384e-10,1.534165e-11,-5.951392e-12,1.367310e+00,8.069174e-01,7.790041e-01
6.535000e-11,0.000000e+00,0.000000e+00,0.000000e+00,2.686919e-06,2.114063e-05,-7.793811e-07,4.466885e-08,-5.470965e-08,-5.470965e-08,1.310073e-09,3.898409e-10,2.541966e-11,-7.015570e-12,1.371166e+00,8.063801e-01,7.790077e-01
6.540000e-11,0.000000e+00,0.000000e+00,0.000000e+00,2.246478e-06,1.903562e-05,-5.975170e-08,1.492918e-08,-5.427322e-08,-5.427322e-08,1.131542e-09,3.425669e-10,3.531753e-11,-8.035703e-12,1.374776e+00,8.058370e-01,7.790155e-01
6.545000e-11,0.000000e+00,0.000000e+00,0.000000e+00,1.776629e-06,1.653340e-05,6.493029e-07,-1.849727e-08,-5.317228e-08,-5.317228e-08,9.154052e-10,2.949824e-10,4.491011e-11,-8.994835e-12,1.378068e+00,8.052983e-01,7.790271e-01
6.550000e-11,0.000000e+00,0.000000e+00,0.000000e+00,1.287222e-06,1.370261e-05,1.334286e-06,-5.478606e-08,-5.143588e-08,-5.143588e-08,6.618190e-10,2.477158e-10,5.407661e-11,-9.876375e-12,1.380974e+00,8.047742e-01,7.790419e-01
6.555000e-11,0.000000e+00,0.000000e+00,0.000000e+00,7.889110e-07,1.061697e-05,1.982259e-06,-9.303953e-08,-4.910422e-08,-4.910422e-08,3.718045e-10,2.013473e-10,6.270232e-11,-1.066437e-11,1.383438e+00,8.042747e-01,7.790594e-01
6.560000e-11,0.000000e+00,0.000000e+00,0.000000e+00,2.928591e-07,7.352280e-06,2.581100e-06,-1.323067e-07,-4.622781e-08,-4.622781e-08,4.725143e-11,1.564004e-10,7.068022e-11,-1.134376e-11,1.385412e+00,8.038093e-01,7.790787e-01
6.565000e-11,0.000000e+00,0.000000e+00,0.000000e+00,-1.896180e-07,3.983950e-06,3.119737e-06,-1.716042e-07,-4.286652e-08,-4.286652e-08,-3.090994e-10,1.133338e-10,7.791251e-11,-1.190069e-11,1.386856e+00,8.033871e-01,7.790994e-01
6.570000e-11,0.000000e+00,0.000000e+00,0.000000e+00,-6.474381e-07,5.850897e-07,3.588369e-06,-2.099382e-07,-3.908839e-08,-3.908839e-08,-6.936909e-10,7.253538e-11,8.431193e-11,-1.232268e-11,1.387745e+00,8.030161e-01,7.791206e-01
6.575000e-11,0.000000e+00,0.000000e+00,0.000000e+00,-1.070135e-06,-2.774734e-06,3.978650e-06,-2.463262e-07,-3.496824e-08,-3.496824e-08,-1.102203e-09,3.431793e-11,8.980296e-11,-1.259894e-11,1.388063e+00,8.027038e-01,7.791418e-01
6.580000e-11,0.000000e+00,0.000000e+00,0.000000e+00,-1.448206e-06,-6.030111e-06,4.283854e-06,-2.798192e-07,-3.058624e-08,-3.058624e-08,-1.529621e-09,-1.083868e-12,9.432279e-11,-1.272048e-11,1.387809e+00,8.024560e-01,7.791621e-01
6.585000e-11,0.000000e+00,0.000000e+00,0.000000e+00,-1.773405e-06,-9.119960e-06,4.498998e-06,-3.095227e-07,-2.602627e-08,-2.602627e-08,-1.970322e-09,-3.351448e-11,9.782209e-11,-1.268037e-11,1.386991e+00,8.022777e-01,7.791809e-01
6.590000e-11,0.000000e+00,0.000000e+00,0.000000e+00,-2.038953e-06,-1.198747e-05,4.620939e-06,-3.346171e-07,-2.137428e-08,-2.137428e-08,-2.418174e-09,-6.289685e-11,1.002656e-10,-1.247385e-11,1.385632e+00,8.021723e-01,7.791976e-01
6.595000e-11,0.000000e+00,0.000000e+00,0.000000e+00,-2.239673e-06,-1.458009e-05,4.648425e-06,-3.543756e-07,-1.671654e-08,-1.671654e-08,-2.866644e-09,-8.923016e-11,1.016323e-10,-1.209842e-11,1.383763e+00,8.021419e-01,7.792116e-01
6.600000e-11,0.000000e+00,0.000000e+00,0.000000e+00,-2.372052e-06,-1.684975e-05,4.582113e-06,-3.681813e-07,-1.213797e-08,-1.213797e-08,-3.308924e-09,-1.125859e-10,1.019160e-10,-1.155399e-11,1.381430e+00,8.021870e-01,7.792224e-01
6.605000e-11,0.000000e+00,0.000000e+00,0.000000e+00,-2.434233e-06,-1.875345e-05,4.424544e-06,-3.755411e-07,-7.720413e-09,-7.720413e-09,-3.738055e-09,-1.331027e-10,1.011245e-10,-1.084287e-11,1.378684e+00,8.023067e-01,7.792296e-01
6.610000e-11,0.000000e+00,0.000000e+00,0.000000e+00,-2.425971e-06,-2.025427e-05,4.180078e-06,-3.760974e-07,-3.541016e-09,-3.541016e-09,-4.147062e-09,-1.509794e-10,9.927978e-11,-9.969779e-12,1.375589e+00,8.024985e-01,7.792328e-01
6.615000e-11,0.000000e+00,0.000000e+00,0.000000e+00,-2.348559e-06,-2.132269e-05,3.854799e-06,-3.696366e-07,3.292817e-10,3.292817e-10,-4.529088e-09,-1.664671e-10,9.641740e-11,-8.941846e-12,1.372212e+00,8.027586e-01,7.792319e-01
6.620000e-11,0.000000e+00,0.000000e+00,0.000000e+00,-2.204739e-06,-2.193796e-05,3.456378e-06,-3.560949e-07,3.827157e-09,3.827157e-09,-4.877532e-09,-1.798608e-10,9.258554e-11,-7.768527e-12,1.368629e+00,8.030818e-01,7.792267e-01
6.625000e-11,0.000000e+00,0.000000e+00,0.000000e+00,-1.998621e-06,-2.208947e-05,2.993901e-06,-3.355602e-07,6.898140e-09,6.898140e-09,-5.186178e-09,-1.914891e-10,8.784418e-11,-6.461490e-12,1.364918e+00,8.034616e-01,7.792172e-01
6.630000e-11,0.000000e+00,0.000000e+00,0.000000e+00,-1.735588e-06,-2.177760e-05,2.477679e-06,-3.082718e-07,9.497667e-09,9.497667e-09,-5.449322e-09,-2.017041e-10,8.226399e-11,-5.034494e-12,1.361158e+00,8.038906e-01,7.792033e-01
6.635000e-11,0.000000e+00,0.000000e+00,0.000000e+00,-1.422198e-06,-2.101412e-05,1.919023e-06,-2.746158e-07,1.159192e-08,1.159192e-08,-5.661891e-09,-2.108712e-10,7.592507e-11,-3.503204e-12,1.357432e+00,8.043601e-01,7.791855e-01
6.640000e-11,0.000000e+00,0.000000e+00,0.000000e+00,-1.066065e-06,-1.982182e-05,1.330004e-06,-2.351179e-07,1.315847e-08,1.315847e-08,-5.819544e-09,-2.193577e-10,6.891553e-11,-1.884991e-12,1.353817e+00,8.048610e-01,7.791638e-01
6.645000e-11,0.000000e+00,0.000000e+00,0.000000e+00,-6.757148e-07,-1.823358e-05,7.231955e-07,-1.904330e-07,1.418661e-08,1.418661e-08,-5.918773e-09,-2.275227e-10,6.133007e-11,-1.987044e-13,1.350391e+00,8.053833e-01,7.791388e-01
6.650000e-11,0.000000e+00,0.000000e+00,0.000000e+00,-2.603895e-07,-1.629071e-05,1.114091e-07,-1.413323e-07,1.467756e-08,1.467756e-08,-5.956973e-09,-2.357067e-10,5.326840e-11,1.535589e-12,1.347223e+00,8.059169e-01,7.791109e-01
6.655000e-11,0.000000e+00,0.000000e+00,0.000000e+00,1.701783e-07,-1.404117e-05,-4.925766e-07,-8.868754e-08,1.464428e-08,1.464428e-08,-5.932510e-09,-2.442218e-10,4.483360e-11,3.296881e-12,1.344380e+00,8.064512e-01,7.790806e-01
6.660000e-11,0.000000e+00,0.000000e+00,0.000000e+00,6.060359e-07,-1.153751e-05,-1.076285e-06,-3.345327e-08,1.411118e-08,1.411118e-08,-5.844759e-09,-2.533430e-10,3.613060e-11,5.063510e-12,1.341919e+00,8.069759e-01,7.790486e-01
6.665000e-11,0.000000e+00,0.000000e+00,0.000000e+00,1.037301e-06,-8.835108e-06,-1.627806e-06,2.335274e-08,1.311345e-08,1.311345e-08,-5.694130e-09,-2.632999e-10,2.726449e-11,6.813465e-12,1.339886e+00,8.074809e-01,7.790155e-01
6.670000e-11,0.000000e+00,0.000000e+00,0.000000e+00,1.454459e-06,-5.990700e-06,-2.136038e-06,8.067042e-08,1.169629e-08,1.169629e-08,-5.482072e-09,-2.742706e-10,1.833899e-11,8.524704e-12,1.338321e+00,8.079565e-01,7.789821e-01
6.675000e-11,0.000000e+00,0.000000e+00,0.000000e+00,1.848634e-06,-3.061420e-06,-2.590928e-06,1.374192e-07,9.913817e-09,9.913817e-09,-5.211053e-09,-2.863756e-10,9.454970e-12,1.017545e-11,1.337252e+00,8.083937e-01,7.789490e-01
6.680000e-11,0.000000e+00,0.000000e+00,0.000000e+00,2.211826e-06,-1.042759e-07,-2.983670e-06,1.925204e-07,7.827891e-09,7.827891e-09,-4.884531e-09,-2.996739e-10,7.089930e-13,1.174453e-11,1.336693e+00,8.087843e-01,7.789171e-01
6.685000e-11,0.000000e+00,0.000000e+00,0.000000e+00,2.537080e-06,2.824019e-06,-3.306885e-06,2.449194e-07,5.506678e-09,5.506678e-09,-4.506892e-09,-3.141606e-10,-7.807980e-12,1.321163e-11,1.336650e+00,8.091210e-01,7.788871e-01
6.690000e-11,0.000000e+00,0.000000e+00,0.000000e+00,2.818586e-06,5.667061e-06,-3.554765e-06,2.936075e-07,3.023147e-09,3.023147e-09,-4.083379e-09,-3.297657e-10,-1.601173e-11,1.455763e-11,1.337117e+00,8.093978e-01,7.788596e-01
6.695000e-11,0.000000e+00,0.000000e+00,0.000000e+00,3.051711e-06,8.368841e-06,-3.723181e-06,3.376429e-07,4.534380e-10,4.534380e-10,-3.620002e-09,-3.463550e-10,-2.382582e-11,1.576487e-11,1.338075e+00,8.096099e-01,7.788354e-01
6.700000e-11,0.000000e+00,0.000000e+00,0.000000e+00,3.232966e-06,1.087411e-05,-3.809750e-06,3.761700e-07,-2.124829e-09,-2.124829e-09,-3.123431e-09,-3.637317e-10,-3.118249e-11,1.681735e-11,1.339499e+00,8.097539e-01,7.788150e-01
6.705000e-11,0.000000e+00,0.000000e+00,0.000000e+00,3.359930e-06,1.312915e-05,-3.813861e-06,4.084370e-07,-4.634284e-09,-4.634284e-09,-2.600878e-09,-3.816404e-10,-3.802327e-11,1.770104e-11,1.341350e+00,8.098276e-01,7.787990e-01
6.710000e-11,0.000000e+00,0.000000e+00,0.000000e+00,3.431156e-06,1.508310e-05,-3.736670e-06,4.338118e-07,-6.999521e-09,-6.999521e-09,-2.059965e-09,-3.997725e-10,-4.429955e-11,1.840399e-11,1.343583e+00,8.098304e-01,7.787879e-01
6.715000e-11,0.000000e+00,0.000000e+00,0.000000e+00,3.446080e-06,1.668962e-05,-3.581042e-06,4.517945e-07,-9.148782e-09,-9.148782e-09,-1.508591e-09,-4.177720e-10,-4.997287e-11,1.891659e-11,1.346146e+00,8.097631e-01,7.787821e-01
6.720000e-11,0.000000e+00,0.000000e+00,0.000000e+00,3.404947e-06,1.790897e-05,-3.351467e-06,4.620282e-07,-1.101556e-08,-1.101556e-08,-9.547799e-10,-4.352437e-10,-5.501503e-11,1.923160e-11,1.348979e+00,8.096280e-01,7.787817e-01
6.725000e-11,0.000000e+00,0.000000e+00,0.000000e+00,3.308781e-06,1.871001e-05,-3.053937e-06,4.643060e-07,-1.254007e-08,-1.254007e-08,-4.065429e-10,-4.517617e-10,-5.940807e-11,1.934432e-11,1.352019e+00,8.094286e-01,7.787870e-01
6.730000e-11,0.000000e+00,0.000000e+00,0.000000e+00,3.159390e-06,1.907219e-05,-2.695797e-06,4.585754e-07,-1.367062e-08,-1.367062e-08,1.282740e-10,-4.668790e-10,-6.314399e-11,1.925263e-11,1.355199e+00,8.091697e-01,7.787980e-01
6.735000e-11,0.000000e+00,0.000000e+00,0.000000e+00,2.959410e-06,1.898695e-05,-2.285569e-06,4.449394e-07,-1.436477e-08,-1.436477e-08,6.421315e-10,-4.801376e-10,-6.622441e-11,1.895698e-11,1.358451e+00,8.088573e-01,7.788146e-01
6.740000e-11,0.000000e+00,0.000000e+00,0.000000e+00,2.712365e-06,1.845853e-05,-1.832752e-06,4.236542e-07,-1.459033e-08,-1.459033e-08,1.127934e-09,-4.910796e-10,-6.865993e-11,1.846043e-11,1.361704e+00,8.084985e-01,7.788367e-01
6.745000e-11,0.000000e+00,0.000000e+00,0.000000e+00,2.422732e-06,1.750400e-05,-1.347611e-06,3.951241e-07,-1.432607e-08,-1.432607e-08,1.579161e-09,-4.992574e-10,-7.046946e-11,1.776853e-11,1.364890e+00,8.081011e-01,7.788640e-01
6.750000e-11,0.000000e+00,0.000000e+00,0.000000e+00,2.095982e-06,1.615249e-05,-8.409534e-07,3.598931e-07,-1.356229e-08,-1.356229e-08,1.989979e-09,-5.042451e-10,-7.167943e-11,1.688928e-11,1.367941e+00,8.076738e-01,7.788960e-01
6.755000e-11,0.000000e+00,0.000000e+00,0.000000e+00,1.738571e-06,1.444366e-05,-3.238945e-07,3.186339e-07,-1.230108e-08,-1.230108e-08,2.355353e-09,-5.056490e-10,-7.232278e-11,1.583296e-11,1.370794e+00,8.072256e-01,7.789323e-01
6.760000e-11,0.000000e+00,0.000000e+00,0.000000e+00,1.357883e-06,1.242568e-05,1.923739e-07,2.721340e-07,-1.055634e-08,-1.055634e-08,2.671129e-09,-5.031173e-10,-7.243799e-11,1.461202e-11,1.373390e+00,8.067660e-01,7.789722e-01
6.765000e-11,0.000000e+00,0.000000e+00,0.000000e+00,9.620913e-07,1.015285e-05,6.968159e-07,2.212799e-07,-8.353546e-09,-8.353546e-09,2.934109e-09,-4.963501e-10,-7.206799e-11,1.324083e-11,1.375676e+00,8.063045e-01,7.790152e-01
6.770000e-11,0.000000e+00,0.000000e+00,0.000000e+00,5.599606e-07,7.683193e-06,1.178778e-06,1.670390e-07,-5.729277e-09,-5.729277e-09,3.142098e-09,-4.851073e-10,-7.125902e-11,1.173553e-11,1.377604e+00,8.058507e-01,7.790604e-01
6.775000e-11,0.000000e+00,0.000000e+00,0.000000e+00,1.605909e-07,5.076228e-06,1.628204e-06,1.104399e-07,-2.730493e-09,-2.730493e-09,3.293941e-09,-4.692164e-10,-7.005953e-11,1.011372e-11,1.379136e+00,8.054137e-01,7.791070e-01
6.780000e-11,0.000000e+00,0.000000e+00,0.000000e+00,-2.268762e-07,2.391164e-06,2.035836e-06,5.255207e-08,5.864143e-10,5.864143e-10,3.389532e-09,-4.485784e-10,-6.851904e-11,8.394269e-12,1.380241e+00,8.050023e-01,7.791544e-01
6.785000e-11,0.000000e+00,0.000000e+00,0.000000e+00,-5.935655e-07,-3.144485e-07,2.393402e-06,-5.536311e-09,4.156774e-09,4.156774e-09,3.429805e-09,-4.231723e-10,-6.668701e-11,6.597003e-12,1.380898e+00,8.046246e-01,7.792015e-01
6.790000e-11,0.000000e+00,0.000000e+00,0.000000e+00,-9.311632e-07,-2.985546e-06,2.693775e-06,-6.273959e-08,7.908967e-09,7.908967e-09,3.416701e-09,-3.930587e-10,-6.461187e-11,4.742425e-12,1.381095e+00,8.042879e-01,7.792475e-01
6.795000e-11,0.000000e+00,0.000000e+00,0.000000e+00,-1.232180e-06,-5.569964e-06,2.931112e-06,-1.179966e-07,1.176592e-08,1.176592e-08,3.353124e-09,-3.583810e-10,-6.233999e-11,2.851440e-12,1.380830e+00,8.039987e-01,7.792917e-01
6.800000e-11,0.000000e+00,0.000000e+00,0.000000e+00,-1.490161e-06,-8.018579e-06,3.100969e-06,-1.702914e-07,1.564671e-08,1.564671e-08,3.242865e-09,-3.193653e-10,-5.991484e-11,9.450535e-13,1.380111e+00,8.037622e-01,7.793332e-01
6.805000e-11,0.000000e+00,0.000000e+00,0.000000e+00,-1.699837e-06,-1.028536e-05,3.200375e-06,-2.186737e-07,1.946828e-08,1.946828e-08,3.090522e-09,-2.763187e-10,-5.737617e-11,-9.559113e-13,1.378957e+00,8.035826e-01,7.793712e-01
6.810000e-11,0.000000e+00,0.000000e+00,0.000000e+00,-1.857217e-06,-1.232751e-05,3.227892e-06,-2.622771e-07,2.314717e-08,2.314717e-08,2.901390e-09,-2.296256e-10,-5.475946e-11,-2.831091e-12,1.377394e+00,8.034627e-01,7.794051e-01
6.815000e-11,0.000000e+00,0.000000e+00,0.000000e+00,-1.959620e-06,-1.410585e-05,3.183622e-06,-3.003361e-07,2.660131e-08,2.660131e-08,2.681352e-09,-1.797432e-10,-5.209527e-11,-4.660844e-12,1.375459e+00,8.034042e-01,7.794342e-01
6.820000e-11,0.000000e+00,0.000000e+00,0.000000e+00,-2.005668e-06,-1.558546e-05,3.069200e-06,-3.322005e-07,2.975179e-08,2.975179e-08,2.436747e-09,-1.271941e-10,-4.940898e-11,-6.426513e-12,1.373193e+00,8.034074e-01,7.794580e-01
6.825000e-11,0.000000e+00,0.000000e+00,0.000000e+00,-1.995250e-06,-1.673659e-05,2.887742e-06,-3.573476e-07,3.252450e-08,3.252450e-08,2.174235e-09,-7.255917e-11,-4.672049e-11,-8.110641e-12,1.370649e+00,8.034713e-01,7.794761e-01
6.830000e-11,0.000000e+00,0.000000e+00,0.000000e+00,-1.929466e-06,-1.753581e-05,2.643767e-06,-3.753917e-07,3.485179e-08,3.485179e-08,1.900655e-09,-1.646754e-11,-4.404415e-11,-9.697188e-12,1.367881e+00,8.035937e-01,7.794881e-01
6.835000e-11,0.000000e+00,0.000000e+00,0.000000e+00,-1.810560e-06,-1.796703e-05,2.343092e-06,-3.860911e-07,3.667394e-08,3.667394e-08,1.622881e-09,4.041316e-11,-4.138881e-11,-1.117171e-11,1.364949e+00,8.037710e-01,7.794939e-01
6.840000e-11,0.000000e+00,0.000000e+00,0.000000e+00,-1.641864e-06,-1.802253e-05,1.992691e-06,-3.893509e-07,3.794042e-08,3.794042e-08,1.347675e-09,9.738826e-11,-3.875805e-11,-1.252150e-11,1.361918e+00,8.039986e-01,7.794932e-01
6.845000e-11,0.000000e+00,0.000000e+00,0.000000e+00,-1.427716e-06,-1.770346e-05,1.600544e-06,-3.852246e-07,3.861114e-08,3.861114e-08,1.081547e-09,1.537478e-10,-3.615047e-11,-1.373574e-11,1.358852e+00,8.042711e-01,7.794863e-01
6.850000e-11,0.000000e+00,0.000000e+00,0.000000e+00,-1.173388e-06,-1.702007e-05,1.175453e-06,-3.739107e-07,3.865726e-08,3.865726e-08,8.306175e-10,2.087791e-10,-3.356017e-11,-1.480556e-11,1.355816e+00,8.045818e-01,7.794731e-01
6.855000e-11,0.000000e+00,0.000000e+00,0.000000e+00,-8.849797e-07,-1.599125e-05,7.268504e-07,-3.557482e-07,3.806196e-08,3.806196e-08,6.004931e-10,2.617787e-10,-3.097728e-11,-1.572411e-11,1.352874e+00,8.049236e-01,7.794541e-01
6.860000e-11,0.000000e+00,0.000000e+00,0.000000e+00,-5.693018e-07,-1.464379e-05,2.645891e-07,-3.312079e-07,3.682087e-08,3.682087e-08,3.961471e-10,3.120654e-10,-2.838867e-11,-1.648658e-11,1.350086e+00,8.052887e-01,7.794294e-01
6.865000e-11,0.000000e+00,0.000000e+00,0.000000e+00,-2.337161e-07,-1.301106e-05,-2.012701e-07,-3.008814e-07,3.494228e-08,3.494228e-08,2.218204e-10,3.589920e-10,-2.577863e-11,-1.709022e-11,1.347511e+00,8.056689e-01,7.793997e-01
6.870000e-11,0.000000e+00,0.000000e+00,0.000000e+00,1.140474e-07,-1.113170e-05,-6.606776e-07,-2.654685e-07,3.244706e-08,3.244706e-08,8.093423e-11,4.019571e-10,-2.312970e-11,-1.753426e-11,1.345200e+00,8.060557e-01,7.793655e-01
6.875000e-11,0.000000e+00,0.000000e+00,0.000000e+00,4.661000e-07,-9.048115e-06,-1.103812e-06,-2.257612e-07,2.936837e-08,2.936837e-08,-2.397736e-11,4.404161e-10,-2.042345e-11,-1.781988e-11,1.343198e+00,8.064408e-01,7.793273e-01
6.880000e-11,0.000000e+00,0.000000e+00,0.000000e+00,8.146172e-07,-6.805218e-06,-1.521291e-06,-1.826271e-07,2.575109e-08,2.575109e-08,-9.131707e-11,4.738903e-10,-1.764143e-11,-1.795011e-11,1.341545e+00,8.068156e-01,7.792861e-01
6.885000e-11,0.000000e+00,0.000000e+00,0.000000e+00,1.152059e-06,-4.449380e-06,-1.904371e-06,-1.369906e-07,2.165099e-08,2.165099e-08,-1.204531e-10,5.019766e-10,-1.476592e-11,-1.792968e-11,1.340271e+00,8.071723e-01,7.792425e-01
6.890000e-11,0.000000e+00,0.000000e+00,0.000000e+00,1.471375e-06,-2.027711e-06,-2.245130e-06,-8.981381e-08,1.713371e-08,1.713371e-08,-1.117276e-10,5.243539e-10,-1.178081e-11,-1.776492e-11,1.339398e+00,8.075033e-01,7.791973e-01
6.895000e-11,0.000000e+00,0.000000e+00,0.000000e+00,1.766171e-06,4.123804e-07,-2.536638e-06,-4.207606e-08,1.227354e-08,1.227354e-08,-6.644331e-11,5.407895e-10,-8.672385e-12,-1.746356e-11,1.338939e+00,8.078016e-01,7.791515e-01
6.900000e-11,0.000000e+00,0.000000e+00,0.000000e+00,2.030835e-06,2.823446e-06,-2.773092e-06,5.245950e-09,7.151995e-09,7.151995e-09,1.316896e-11,5.511427e-10,-5.430033e-12,-1.703459e-11,1.338897e+00,8.080610e-01,7.791058e-01
6.905000e-11,0.000000e+00,0.000000e+00,0.000000e+00,2.260612e-06,5.158197e-06,-2.949935e-06,5.119824e-08,1.856237e-09,1.856237e-09,1.240044e-10,5.553676e-10,-2.046907e-12,-1.648804e-11,1.339268e+00,8.082764e-01,7.790610e-01
6.910000e-11,0.000000e+00,0.000000e+00,0.000000e+00,2.451633e-06,7.369803e-06,-3.063941e-06,9.486877e-08,-3.522584e-09,-3.522584e-09,2.621560e-10,5.535138e-10,1.479501e-12,-1.583478e-11,1.340038e+00,8.084434e-01,7.790181e-01
6.915000e-11,0.000000e+00,0.000000e+00,0.000000e+00,2.600901e-06,9.412422e-06,-3.113271e-06,1.354056e-07,-8.891102e-09,-8.891102e-09,4.230043e-10,5.457248e-10,5.146951e-12,-1.508635e-11,1.341184e+00,8.085589e-01,7.789777e-01
6.920000e-11,0.000000e+00,0.000000e+00,0.000000e+00,2.706248e-06,1.124203e-05,-3.097493e-06,1.720337e-07,-1.415555e-08,-1.415555e-08,6.013226e-10,5.322356e-10,8.948096e-12,-1.425470e-11,1.342677e+00,8.086208e-01,7.789406e-01
6.925000e-11,0.000000e+00,0.000000e+00,0.000000e+00,2.766291e-06,1.281756e-05,-3.017576e-06,2.040699e-07,-1.922358e-08,-1.922358e-08,7.913950e-10,5.133677e-10,1.287028e-11,-1.335204e-11,1.344480e+00,8.086281e-01,7.789074e-01
6.930000e-11,0.000000e+00,0.000000e+00,0.000000e+00,2.780381e-06,1.410234e-05,-2.875851e-06,2.309358e-07,-2.400605e-08,-2.400605e-08,9.871458e-10,4.895230e-10,1.689548e-11,-1.239061e-11,1.346552e+00,8.085812e-01,7.788786e-01
6.935000e-11,0.000000e+00,0.000000e+00,0.000000e+00,2.748575e-06,1.506562e-05,-2.675942e-06,2.521684e-07,-2.841879e-08,-2.841879e-08,1.182276e-09,4.611763e-10,2.100034e-11,-1.138249e-11,1.348843e+00,8.084815e-01,7.788548e-01
6.940000e-11,0.000000e+00,0.000000e+00,0.000000e+00,2.671625e-06,1.568408e-05,-2.422668e-06,2.674280e-07,-3.238421e-08,-3.238421e-08,1.370409e-09,4.288655e-10,2.515643e-11,-1.033946e-11,1.351304e+00,8.083315e-01,7.788363e-01
6.945000e-11,0.000000e+00,0.000000e+00,0.000000e+00,2.551000e-06,1.594315e-05,-2.121930e-06,2.765042e-07,-3.583281e-08,-3.583281e-08,1.545228e-09,3.931819e-10,2.933049e-11,-9.272780e-12,1.353879e+00,8.081348e-01,7.788234e-01
6.950000e-11,0.000000e+00,0.000000e+00,0.000000e+00,2.388915e-06,1.583793e-05,-1.780567e-06,2.793177e-07,-3.870453e-08,-3.870453e-08,1.700631e-09,3.547588e-10,3.348496e-11,-8.193108e-12,1.356514e+00,8.078959e-01,7.788162e-01
6.955000e-11,0.000000e+00,0.000000e+00,0.000000e+00,2.188373e-06,1.537360e-05,-1.406199e-06,2.759213e-07,-4.094991e-08,-4.094991e-08,1.830859e-09,3.142593e-10,3.757852e-11,-7.110337e-12,1.359151e+00,8.076203e-01,7.788147e-01
6.960000e-11,0.000000e+00,0.000000e+00,0.000000e+00,1.953196e-06,1.456524e-05,-1.007062e-06,2.664964e-07,-4.253104e-08,-4.253104e-08,1.930639e-09,2.723640e-10,4.156679e-11,-6.033512e-12,1.361735e+00,8.073141e-01,7.788189e-01
6.965000e-11,0.000000e+00,0.000000e+00,0.000000e+00,1.688031e-06,1.343712e-05,-5.918222e-07,2.513475e-07,-4.342227e-08,-4.342227e-08,1.995302e-09,2.297580e-10,4.540306e-11,-4.970739e-12,1.364211e+00,8.069839e-01,7.788285e-01
6.970000e-11,0.000000e+00,0.000000e+00,0.000000e+00,1.398320e-06,1.202146e-05,-1.693956e-07,2.308949e-07,-4.361068e-08,-4.361068e-08,2.020896e-09,1.871183e-10,4.903920e-11,-3.929138e-12,1.366527e+00,8.066371e-01,7.788434e-01
6.975000e-11,0.000000e+00,0.000000e+00,0.000000e+00,1.090223e-06,1.035686e-05,2.512442e-07,2.056640e-07,-4.309633e-08,-4.309633e-08,2.004284e-09,1.451011e-10,5.242650e-11,-2.914799e-12,1.368637e+00,8.062809e-01,7.788630e-01
6.980000e-11,0.000000e+00,0.000000e+00,0.000000e+00,7.704870e-07,8.486591e-06,6.612509e-07,1.762729e-07,-4.189220e-08,-4.189220e-08,1.943222e-09,1.043297e-10,5.551668e-11,-1.932785e-12,1.370495e+00,8.059230e-01,7.788869e-01
6.985000e-11,0.000000e+00,0.000000e+00,0.000000e+00,4.462763e-07,6.456773e-06,1.052089e-06,1.434184e-07,-4.002389e-08,-4.002389e-08,1.836423e-09,6.538355e-11,5.826281e-11,-9.871322e-13,1.372065e+00,8.055710e-01,7.789145e-01
6.990000e-11,0.000000e+00,0.000000e+00,0.000000e+00,1.249599e-07,4.314857e-06,1.415709e-06,1.078607e-07,-3.752911e-08,-3.752911e-08,1.683596e-09,2.878746e-11,6.062029e-11,-8.088604e-14,1.373314e+00,8.052321e-01,7.789452e-01
6.995000e-11,0.000000e+00,0.000000e+00,0.000000e+00,-1.861199e-07,2.108293e-06,1.744709e-06,7.040622e-08,-3.445692e-08,-3.445692e-08,1.485470e-09,-4.997374e-12,6.254781e-11,7.838470e-13,1.374219e+00,8.049134e-01,7.789784e-01
7.000000e-11,0.000000e+00,0.000000e+00,0.000000e+00,-4.798830e-07,-1.164302e-07,2.032486e-06,3.189010e-08,-3.086670e-08,-3.086670e-08,1.243791e-09,-3.558121e-11,6.400824e-11,1.605824e-12,1.374762e+00,8.046214e-01,7.790132e-01
7.005000e-11,5.000000e-06,0.000000e+00,5.000000e-06,2.149558e-06,1.300715e-04,2.275041e-06,-6.840701e-09,-2.682698e-08,-2.682698e-08,9.613018e-10,-6.265217e-11,6.496947e-11,2.384591e-12,1.375081e+00,8.043619e-01,7.790490e-01
7.010000e-11,1.000000e-05,0.000000e+00,1.000000e-05,4.288464e-06,6.504941e-05,2.472176e-06,-4.494473e-08,-2.241406e-08,-2.241406e-08,6.417000e-10,-8.598082e-11,6.540519e-11,3.120379e-12,1.375385e+00,8.041401e-01,7.790851e-01
7.015000e-11,1.500000e-05,0.000000e+00,1.500000e-05,5.821325e-06,4.762385e-05,2.627504e-06,-8.160299e-08,-1.771054e-08,-1.771054e-08,2.895732e-10,-1.054233e-10,6.529551e-11,3.813998e-12,1.375871e+00,8.039603e-01,7.791206e-01
7.020000e-11,2.000000e-05,0.000000e+00,2.000000e-05,6.736264e-06,3.236489e-05,2.747569e-06,-1.160351e-07,-1.280365e-08,-1.280365e-08,-8.968198e-11,-1.209224e-10,6.462760e-11,4.466715e-12,1.376681e+00,8.038258e-01,7.791548e-01
7.025000e-11,2.500000e-05,0.000000e+00,2.500000e-05,7.120884e-06,2.158217e-05,2.840578e-06,-1.475141e-07,-7.783547e-09,-7.783547e-09,-4.899596e-10,-1.325072e-10,6.339603e-11,5.080153e-12,1.377894e+00,8.037391e-01,7.791871e-01
7.030000e-11,3.000000e-05,0.000000e+00,3.000000e-05,7.139714e-06,1.676498e-05,2.915157e-06,-1.753805e-07,-2.741582e-09,-2.741582e-09,-9.045592e-10,-1.402903e-10,6.160314e-11,5.656152e-12,1.379528e+00,8.037017e-01,7.792168e-01
7.035000e-11,3.500000e-05,0.000000e+00,3.500000e-05,6.999387e-06,1.837186e-05,2.979385e-06,-1.990528e-07,2.231487e-09,2.231487e-09,-1.326314e-09,-1.444642e-10,5.925916e-11,6.196662e-12,1.381558e+00,8.037141e-01,7.792434e-01
7.040000e-11,4.000000e-05,0.000000e+00,4.000000e-05,6.909662e-06,2.584570e-05,3.040247e-06,-2.180382e-07,7.047230e-09,7.047230e-09,-1.747731e-09,-1.452954e-10,5.638219e-11,6.703621e-12,1.383941e+00,8.037759e-01,7.792663e-01
7.045000e-11,4.500000e-05,0.000000e+00,4.500000e-05,7.048031e-06,3.781346e-05,3.103518e-06,-2.319389e-07,1.162124e-08,1.162124e-08,-2.161134e-09,-1.431171e-10,5.299814e-11,7.178850e-12,1.386639e+00,8.038859e-01,7.792851e-01
7.050000e-11,5.000000e-05,0.000000e+00,5.000000e-05,7.533872e-06,5.240757e-05,3.173992e-06,-2.404576e-07,1.587473e-08,1.587473e-08,-2.558819e-09,-1.383208e-10,4.914034e-11,7.623961e-12,1.389635e+00,8.040422e-01,7.792996e-01
7.055000e-11,5.500000e-05,0.000000e+00,5.500000e-05,8.415542e-06,6.763417e-05,3.255953e-06,-2.433997e-07,1.973600e-08,1.973600e-08,-2.933208e-09,-1.313463e-10,4.484920e-11,8.040262e-12,1.392944e+00,8.042422e-01,7.793095e-01
7.060000e-11,6.000000e-05,0.000000e+00,6.000000e-05,9.671069e-06,8.171636e-05,3.353709e-06,-2.406739e-07,2.314178e-08,2.314178e-08,-3.276995e-09,-1.226712e-10,4.017158e-11,8.428694e-12,1.396617e+00,8.044828e-01,7.793146e-01
7.065000e-11,6.500000e-05,0.000000e+00,6.500000e-05,1.122056e-05,9.335468e-05,3.472070e-06,-2.322896e-07,2.603837e-08,2.603837e-08,-3.583302e-09,-1.127996e-10,3.516013e-11,8.789765e-12,1.400736e+00,8.047604e-01,7.793149e-01
7.070000e-11,7.000000e-05,0.000000e+00,7.000000e-05,1.294671e-05,1.018701e-04,3.616648e-06,-2.183529e-07,2.838261e-08,2.838261e-08,-3.845814e-09,-1.022496e-10,2.987248e-11,9.123515e-12,1.405402e+00,8.050713e-01,7.793105e-01
7.075000e-11,7.500000e-05,0.000000e+00,7.500000e-05,1.471874e-05,1.072210e-04,3.793914e-06,-1.990599e-07,3.014260e-08,3.014260e-08,-4.058909e-09,-9.154155e-11,2.437029e-11,9.429491e-12,1.410722e+00,8.054114e-01,7.793017e-01
7.080000e-11,8.000000e-05,0.000000e+00,8.000000e-05,1.641531e-05,1.099080e-04,4.011015e-06,-1.746885e-07,3.129827e-08,3.129827e-08,-4.217779e-09,-8.118580e-11,1.871831e-11,9.706743e-12,1.416793e+00,8.057767e-01,7.792885e-01
7.085000e-11,8.500000e-05,0.000000e+00,8.500000e-05,1.794266e-05,1.108008e-04,4.275375e-06,-1.455882e-07,3.184161e-08,3.184161e-08,-4.318530e-09,-7.167054e-11,1.298334e-11,9.953827e-12,1.423690e+00,8.061633e-01,7.792715e-01
7.090000e-11,9.000000e-05,0.000000e+00,9.000000e-05,1.924551e-05,1.109271e-04,4.594153e-06,-1.121690e-07,3.177677e-08,3.177677e-08,-4.358265e-09,-6.345054e-11,7.233087e-12,1.016884e-11,1.431461e+00,8.065675e-01,7.792510e-01
7.095000e-11,9.500000e-05,0.000000e+00,9.500000e-05,2.031013e-05,1.112676e-04,4.973653e-06,-7.488875e-08,3.111985e-08,3.111985e-08,-4.335151e-09,-5.693646e-11,1.535086e-12,1.034948e-11,1.440116e+00,8.069860e-01,7.792275e-01
7.100000e-11,1.000000e-04,0.000000e+00,1.000000e-04,2.116010e-05,1.125924e-04,5.418774e-06,-3.424025e-08,2.989853e-08,2.989853e-08,-4.248465e-09,-5.248515e-11,-4.044435e-12,1.049306e-11,1.449633e+00,8.074158e-01,7.792017e-01
7.105000e-11,1.000000e-04,0.000000e+00,1.000000e-04,1.894748e-05,-1.702589e-05,5.930906e-06,9.261834e-09,2.815141e-08,2.815141e-08,-4.098615e-09,-5.039118e-11,-9.441624e-12,1.059664e-11,1.459814e+00,8.078546e-01,7.791741e-01
7.110000e-11,1.000000e-04,0.000000e+00,1.000000e-04,1.715854e-05,5.019230e-05,6.506569e-06,5.509360e-08,2.592722e-08,2.592722e-08,-3.887144e-09,-5.087965e-11,-1.459608e-11,1.065706e-11,1.470381e+00,8.083007e-01,7.791454e-01
7.115000e-11,1.000000e-04,0.000000e+00,1.000000e-04,1.598298e-05,7.128622e-05,7.137418e-06,1.027347e-07,2.328377e-08,2.328377e-08,-3.616707e-09,-5.410067e-11,-1.945181e-11,1.067108e-11,1.481060e+00,8.087531e-01,7.791163e-01
7.120000e-11,1.000000e-04,0.000000e+00,1.000000e-04,1.549743e-05,9.130202e-05,7.811288e-06,1.516803e-07,2.028688e-08,2.028688e-08,-3.291031e-09,-6.012537e-11,-2.395818e-11,1.063543e-11,1.491639e+00,8.092115e-01,7.790875e-01
7.125000e-11,1.000000e-04,0.000000e+00,1.000000e-04,1.566195e-05,1.074239e-04,8.513743e-06,2.014521e-07,1.700896e-08,1.700896e-08,-2.914848e-09,-6.894366e-11,-2.807067e-11,1.054697e-11,1.501980e+00,8.096765e-01,7.790597e-01
7.130000e-11,1.000000e-04,0.000000e+00,1.000000e-04,1.633897e-05,1.176440e-04,9.229694e-06,2.516083e-07,1.352774e-08,1.352774e-08,-2.493815e-09,-8.046380e-11,-3.175157e-11,1.040276e-11,1.512026e+00,8.101493e-01,7.790335e-01
7.135000e-11,1.000000e-04,0.000000e+00,1.000000e-04,1.732848e-05,1.210647e-04,9.944755e-06,3.017512e-07,9.924692e-09,9.924692e-09,-2.034411e-09,-9.451377e-11,-3.497059e-11,1.020019e-11,1.521777e+00,8.106317e-01,7.790097e-01
7.140000e-11,1.000000e-04,0.000000e+00,1.000000e-04,1.841032e-05,1.179445e-04,1.064616e-05,3.515337e-07,6.283553e-09,6.283553e-09,-1.543821e-09,-1.108444e-10,-3.770520e-11,9.937065e-12,1.531273e+00,8.111262e-01,7.789889e-01
7.145000e-11,1.000000e-04,0.000000e+00,1.000000e-04,1.938495e-05,1.095235e-04,1.132321e-05,4.006641e-07,2.688784e-09,2.688784e-09,-1.029800e-09,-1.291342e-10,-3.994094e-11,9.611725e-12,1.540564e+00,8.116360e-01,7.789716e-01
7.150000e-11,1.000000e-04,0.000000e+00,1.000000e-04,2.010519e-05,9.769094e-05,1.196723e-05,4.489082e-07,-7.759587e-10,-7.759587e-10,-5.005347e-10,-1.489959e-10,-4.167155e-11,9.223120e-12,1.549694e+00,8.121643e-01,7.789585e-01
7.155000e-11,1.000000e-04,0.000000e+00,1.000000e-04,2.049445e-05,8.458095e-05,1.257128e-05,4.960902e-07,-4.029307e-09,-4.029307e-09,3.551165e-11,-1.699843e-10,-4.289890e-11,8.770902e-12,1.558683e+00,8.127148e-01,7.789499e-01
7.160000e-11,1.000000e-04,0.000000e+00,1.000000e-04,2.055000e-05,7.217651e-05,1.312965e-05,5.420915e-07,-6.993586e-09,-6.993586e-09,5.697560e-10,-1.916057e-10,-4.363282e-11,8.255487e-12,1.567519e+00,8.132913e-01,7.789463e-01
7.165000e-11,1.000000e-04,0.000000e+00,1.000000e-04,2.033271e-05,6.199387e-05,1.363732e-05,5.868477e-07,-9.596121e-09,-9.596121e-09,1.093656e-09,-2.133283e-10,-4.389072e-11,7.678106e-12,1.576163e+00,8.138977e-01,7.789480e-01
7.170000e-11,1.000000e-04,0.000000e+00,1.000000e-04,1.994687e-05,5.489187e-05,1.408957e-05,6.303442e-07,-1.177043e-08,-1.177043e-08,1.598871e-09,-2.345936e-10,-4.369717e-11,7.040849e-12,1.584554e+00,8.145374e-01,7.789553e-01
7.175000e-11,1.000000e-04,0.000000e+00,1.000000e-04,1.951510e-05,5.102291e-05,1.448176e-05,6.726100e-07,-1.345729e-08,-1.345729e-08,2.077416e-09,-2.548284e-10,-4.308321e-11,6.346682e-12,1.592625e+00,8.152139e-01,7.789685e-01
7.180000e-11,1.000000e-04,0.000000e+00,1.000000e-04,1.915347e-05,4.991475e-05,1.480937e-05,7.137108e-07,-1.460559e-08,-1.460559e-08,2.521818e-09,-2.734572e-10,-4.208566e-11,5.599453e-12,1.600309e+00,8.159302e-01,7.789876e-01
7.185000e-11,1.000000e-04,0.000000e+00,1.000000e-04,1.895113e-05,5.064993e-05,1.506815e-05,7.537404e-07,-1.517308e-08,-1.517308e-08,2.925251e-09,-2.899155e-10,-4.074625e-11,4.803872e-12,1.607559e+00,8.166888e-01,7.790126e-01
7.190000e-11,1.000000e-04,0.000000e+00,1.000000e-04,1.895753e-05,5.209745e-05,1.525449e-05,7.928126e-07,-1.512692e-08,-1.512692e-08,3.281667e-09,-3.036614e-10,-3.911071e-11,3.965481e-12,1.614351e+00,8.174916e-01,7.790437e-01
7.195000e-11,1.000000e-04,0.000000e+00,1.000000e-04,1.917832e-05,5.314821e-05,1.536581e-05,8.310512e-07,-1.444403e-08,-1.444403e-08,3.585913e-09,-3.141891e-10,-3.722774e-11,3.090602e-12,1.620687e+00,8.183398e-01,7.790806e-01
7.200000e-11,1.000000e-04,0.000000e+00,1.000000e-04,1.957955e-05,5.291201e-05,1.540093e-05,8.685813e-07,-1.311123e-08,-1.311123e-08,3.833827e-09,-3.210396e-10,-3.514801e-11,2.186267e-12,1.626597e+00,8.192340e-01,7.791234e-01
7.205000e-11,1.000000e-04,0.000000e+00,1.000000e-04,2.009814e-05,5.084678e-05,1.536027e-05,9.055198e-07,-1.112529e-08,-1.112529e-08,4.022320e-09,-3.238121e-10,-3.292306e-11,1.260137e-12,1.632129e+00,8.201740e-01,7.791717e-01
7.210000e-11,1.000000e-04,0.000000e+00,1.000000e-04,2.065606e-05,4.680709e-05,1.524603e-05,9.419670e-07,-8.492683e-09,-8.492683e-09,4.149433e-09,-3.221735e-10,-3.060422e-11,3.203960e-13,1.637344e+00,8.211585e-01,7.792254e-01
7.215000e-11,1.000000e-04,0.000000e+00,1.000000e-04,2.117506e-05,4.101483e-05,1.506202e-05,9.779983e-07,-5.229274e-09,-5.229274e-09,4.214379e-09,-3.158671e-10,-2.824157e-11,-6.243521e-13,1.642306e+00,8.221858e-01,7.792842e-01
7.220000e-11,1.000000e-04,0.000000e+00,1.000000e-04,2.158940e-05,3.396861e-05,1.481349e-05,1.013658e-06,-1.359786e-09,-1.359786e-09,4.217561e-09,-3.047194e-10,-2.588290e-11,-1.565213e-12,1.647072e+00,8.232530e-01,7.793478e-01
7.225000e-11,1.000000e-04,0.000000e+00,1.000000e-04,2.185460e-05,2.631692e-05,1.450672e-05,1.048951e-06,3.082835e-09,3.082835e-09,4.160563e-09,-2.886458e-10,-2.357278e-11,-2.493132e-12,1.651686e+00,8.243567e-01,7.794159e-01
7.230000e-11,1.000000e-04,0.000000e+00,1.000000e-04,2.195134e-05,1.872266e-05,1.414862e-05,1.083843e-06,8.058188e-09,8.058188e-09,4.046132e-09,-2.676537e-10,-2.135165e-11,-3.399024e-12,1.656173e+00,8.254926e-01,7.794881e-01
7.235000e-11,1.000000e-04,0.000000e+00,1.000000e-04,2.188444e-05,1.174452e-05,1.374625e-05,1.118252e-06,1.351928e-08,1.351928e-08,3.878125e-09,-2.418448e-10,-1.925507e-11,-4.273927e-12,1.660540e+00,8.266558e-01,7.795643e-01
7.240000e-11,1.000000e-04,0.000000e+00,1.000000e-04,2.167790e-05,5.753747e-06,1.330646e-05,1.152050e-06,1.941346e-08,1.941346e-08,3.661443e-09,-2.114146e-10,-1.731303e-11,-5.109124e-12,1.664778e+00,8.278408e-01,7.796439e-01
7.245000e-11,1.000000e-04,0.000000e+00,1.000000e-04,2.136747e-05,8.960759e-07,1.283552e-05,1.185060e-06,2.568346e-08,2.568346e-08,3.401947e-09,-1.766507e-10,-1.554941e-11,-5.896301e-12,1.668862e+00,8.290414e-01,7.797266e-01
7.250000e-11,1.000000e-04,0.000000e+00,1.000000e-04,2.099241e-05,-2.900927e-06,1.233893e-05,1.217063e-06,3.226834e-08,3.226834e-08,3.106353e-09,-1.379286e-10,-1.398161e-11,-6.627664e-12,1.672758e+00,8.302513e-01,7.798123e-01
7.255000e-11,1.000000e-04,0.000000e+00,1.000000e-04,2.058798e-05,-5.882937e-06,1.182130e-05,1.247791e-06,3.910463e-08,3.910463e-08,2.782115e-09,-9.570582e-11,-1.262024e-11,-7.296078e-12,1.676429e+00,8.314638e-01,7.799004e-01
7.260000e-11,1.000000e-04,0.000000e+00,1.000000e-04,2.017997e-05,-8.399702e-06,1.128632e-05,1.276943e-06,4.612729e-08,4.612729e-08,2.437294e-09,-5.051489e-11,-1.146908e-11,-7.895166e-12,1.679834e+00,8.326721e-01,7.799908e-01
7.265000e-11,1.000000e-04,0.000000e+00,1.000000e-04,1.978188e-05,-1.082738e-05,1.073683e-05,1.304179e-06,5.327076e-08,5.327076e-08,2.080413e-09,-2.953844e-12,-1.052508e-11,-8.419428e-12,1.682940e+00,8.338691e-01,7.800832e-01
7.270000e-11,1.000000e-04,0.000000e+00,1.000000e-04,1.939478e-05,-1.349735e-05,1.017491e-05,1.329133e-06,6.046988e-08,6.046988e-08,1.720314e-09,4.632419e-11,-9.778550e-12,-8.864322e-12,1.685712e+00,8.350480e-01,7.801774e-01
7.275000e-11,1.000000e-04,0.000000e+00,1.000000e-04,1.900964e-05,-1.664308e-05,9.601998e-06,1.351421e-06,6.766076e-08,6.766076e-08,1.365997e-09,9.662276e-11,-9.213580e-12,-9.226332e-12,1.688124e+00,8.362022e-01,7.802731e-01
7.280000e-11,1.000000e-04,0.000000e+00,1.000000e-04,1.861113e-05,-2.037196e-05,9.018973e-06,1.370642e-06,7.478166e-08,7.478166e-08,1.026466e-09,1.472149e-10,-8.808444e-12,-9.503028e-12,1.690150e+00,8.373252e-01,7.803700e-01
7.285000e-11,1.000000e-04,0.000000e+00,1.000000e-04,1.818217e-05,-2.466323e-05,8.426278e-06,1.386394e-06,8.177360e-08,8.177360e-08,7.105749e-10,1.973566e-10,-8.536252e-12,-9.693100e-12,1.691768e+00,8.384109e-01,7.804682e-01
7.290000e-11,1.000000e-04,0.000000e+00,1.000000e-04,1.770812e-05,-2.938864e-05,7.823956e-06,1.398276e-06,8.858106e-08,8.858106e-08,4.268694e-10,2.463010e-10,-8.365691e-12,-9.796367e-12,1.692955e+00,8.394536e-01,7.805673e-01
7.295000e-11,1.000000e-04,0.000000e+00,1.000000e-04,1.718003e-05,-3.434891e-05,7.211692e-06,1.405901e-06,9.515243e-08,9.515243e-08,1.834446e-10,2.933129e-10,-8.261819e-12,-9.813783e-12,1.693688e+00,8.404482e-01,7.806672e-01
7.300000e-11,1.000000e-04,0.000000e+00,1.000000e-04,1.659641e-05,-3.931691e-05,6.588840e-06,1.408903e-06,1.014404e-07,1.014404e-07,-1.219527e-11,3.376826e-10,-8.187018e-12,-9.747400e-12,1.693941e+00,8.413899e-01,7.807678e-01
7.305000e-11,1.000000e-04,0.000000e+00,1.000000e-04,1.596345e-05,-4.407920e-05,5.954442e-06,1.406943e-06,1.074022e-07,1.074022e-07,-1.532645e-10,3.787403e-10,-8.101943e-12,-9.600331e-12,1.693689e+00,8.422747e-01,7.808690e-01
7.310000e-11,1.000000e-04,0.000000e+00,1.000000e-04,1.529381e-05,-4.846853e-05,5.307264e-06,1.399718e-06,1.130000e-07,1.130000e-07,-2.338100e-10,4.158695e-10,-7.966547e-12,-9.376691e-12,1.692905e+00,8.430989e-01,7.809707e-01
7.315000e-11,1.000000e-04,0.000000e+00,1.000000e-04,1.460447e-05,-5.238299e-05,4.645853e-06,1.386965e-06,1.182005e-07,1.182005e-07,-2.488116e-10,4.485193e-10,-7.741097e-12,-9.081498e-12,1.691562e+00,8.438596e-01,7.810726e-01
7.320000e-11,1.000000e-04,0.000000e+00,1.000000e-04,1.391404e-05,-5.579035e-05,3.968621e-06,1.368472e-06,1.229754e-07,1.229754e-07,-1.942652e-10,4.762162e-10,-7.387249e-12,-8.720599e-12,1.689640e+00,8.445545e-01,7.811747e-01
7.325000e-11,1.000000e-04,0.000000e+00,1.000000e-04,1.324020e-05,-5.871901e-05,3.273948e-06,1.344074e-06,1.273010e-07,1.273010e-07,-6.724887e-11,4.985741e-10,-6.869014e-12,-8.300544e-12,1.687121e+00,8.451816e-01,7.812769e-01
7.330000e-11,1.000000e-04,0.000000e+00,1.000000e-04,1.259760e-05,-6.123927e-05,2.560308e-06,1.313664e-06,1.311578e-07,1.311578e-07,1.340293e-10,5.153031e-10,-6.153725e-12,-7.828467e-12,1.683993e+00,8.457396e-01,7.813789e-01
7.335000e-11,1.000000e-04,0.000000e+00,1.000000e-04,1.199657e-05,-6.343975e-05,1.826415e-06,1.277190e-06,1.345307e-07,1.345307e-07,4.102029e-10,5.262164e-10,-5.212944e-12,-7.311958e-12,1.680256e+00,8.462277e-01,7.814805e-01
7.340000e-11,1.000000e-04,0.000000e+00,1.000000e-04,1.144273e-05,-6.540405e-05,1.071350e-06,1.234660e-06,1.374082e-07,1.374082e-07,7.607372e-10,5.312350e-10,-4.023249e-12,-6.758918e-12,1.675914e+00,8.466454e-01,7.815817e-01
7.345000e-11,1.000000e-04,0.000000e+00,1.000000e-04,1.093740e-05,-6.719184e-05,2.946944e-07,1.186137e-06,1.397825e-07,1.397825e-07,1.183938e-09,5.303917e-10,-2.566923e-12,-6.177420e-12,1.670982e+00,8.469926e-01,7.816821e-01
7.350000e-11,1.000000e-04,0.000000e+00,1.000000e-04,1.047872e-05,-6.882738e-05,-5.033658e-07,1.131743e-06,1.416485e-07,1.416485e-07,1.676982e-09,5.238313e-10,-8.325459e-13,-5.575568e-12,1.665483e+00,8.472696e-01,7.817816e-01
7.355000e-11,1.000000e-04,0.000000e+00,1.000000e-04,1.006296e-05,-7.029647e-05,-1.321963e-06,1.071655e-06,1.430039e-07,1.430039e-07,2.235956e-09,5.118102e-10,1.184596e-12,-4.961342e-12,1.659447e+00,8.474770e-01,7.818798e-01
7.360000e-11,1.000000e-04,0.000000e+00,1.000000e-04,9.685982e-06,-7.155136e-05,-2.159500e-06,1.006097e-06,1.438484e-07,1.438484e-07,2.855926e-09,4.946932e-10,3.482198e-12,-4.342474e-12,1.652910e+00,8.476154e-01,7.819764e-01
7.365000e-11,1.000000e-04,0.000000e+00,1.000000e-04,9.344393e-06,-7.252166e-05,-3.013628e-06,9.353446e-07,1.441835e-07,1.441835e-07,3.531009e-09,4.729484e-10,6.050822e-12,-3.726308e-12,1.645914e+00,8.476856e-01,7.820711e-01
7.370000e-11,1.000000e-04,0.000000e+00,1.000000e-04,9.036298e-06,-7.312844e-05,-3.881259e-06,8.597139e-07,1.440122e-07,1.440122e-07,4.254463e-09,4.471401e-10,8.873914e-12,-3.119685e-12,1.638504e+00,8.476887e-01,7.821635e-01
7.375000e-11,1.000000e-04,0.000000e+00,1.000000e-04,8.761547e-06,-7.329867e-05,-4.758597e-06,7.795586e-07,1.433384e-07,1.433384e-07,5.018791e-09,4.179203e-10,1.192799e-11,-2.528823e-12,1.630730e+00,8.476257e-01,7.822533e-01
7.380000e-11,1.000000e-04,0.000000e+00,1.000000e-04,8.521508e-06,-7.297732e-05,-5.641186e-06,6.952642e-07,1.421666e-07,1.421666e-07,5.815851e-09,3.860176e-10,1.518300e-11,-1.959242e-12,1.622643e+00,8.474974e-01,7.823400e-01
7.385000e-11,1.000000e-04,0.000000e+00,1.000000e-04,8.318490e-06,-7.213522e-05,-6.523971e-06,6.072425e-07,1.405018e-07,1.405018e-07,6.636977e-09,3.522258e-10,1.860279e-11,-1.415656e-12,1.614298e+00,8.473050e-01,7.824233e-01
7.390000e-11,1.000000e-04,0.000000e+00,1.000000e-04,8.154955e-06,-7.077189e-05,-7.401370e-06,5.159252e-07,1.383493e-07,1.383493e-07,7.473099e-09,3.173900e-10,2.214579e-11,-9.019372e-13,1.605751e+00,8.470493e-01,7.825027e-01
7.395000e-11,1.000000e-04,0.000000e+00,1.000000e-04,8.032729e-06,-6.891350e-05,-8.267351e-06,4.217589e-07,1.357144e-07,1.357144e-07,8.314874e-09,2.823922e-10,2.576577e-11,-4.210576e-13,1.597060e+00,8.467312e-01,7.825777e-01
7.400000e-11,1.000000e-04,0.000000e+00,1.000000e-04,7.952354e-06,-6.660681e-05,-9.115514e-06,3.251989e-07,1.326023e-07,1.326023e-07,9.152813e-09,2.481364e-10,2.941273e-11,2.492739e-14,1.588284e+00,8.463515e-01,7.826480e-01
7.405000e-11,1.000000e-04,0.000000e+00,1.000000e-04,7.912701e-06,-6.391094e-05,-9.939180e-06,2.267047e-07,1.290182e-07,1.290182e-07,9.977409e-09,2.155326e-10,3.303391e-11,4.348866e-13,1.579484e+00,8.459110e-01,7.827130e-01
7.410000e-11,1.000000e-04,0.000000e+00,1.000000e-04,7.910898e-06,-6.088845e-05,-1.073148e-05,1.267348e-07,1.249673e-07,1.249673e-07,1.077926e-08,1.854806e-10,3.657488e-11,8.085935e-13,1.570718e+00,8.454104e-01,7.827724e-01
7.415000e-11,1.000000e-04,0.000000e+00,1.000000e-04,7.942569e-06,-5.759754e-05,-1.148548e-05,2.574296e-08,1.204548e-07,1.204548e-07,1.154920e-08,1.588540e-10,3.998066e-11,1.146702e-12,1.562046e+00,8.448505e-01,7.828257e-01
7.420000e-11,1.000000e-04,0.000000e+00,1.000000e-04,8.002298e-06,-5.408656e-05,-1.219425e-05,-7.582553e-08,1.154861e-07,1.154861e-07,1.227837e-08,1.364843e-10,4.319690e-11,1.450680e-12,1.553524e+00,8.442319e-01,7.828725e-01
7.425000e-11,1.000000e-04,0.000000e+00,1.000000e-04,8.084238e-06,-5.039146e-05,-1.285100e-05,-1.775366e-07,1.100670e-07,1.100670e-07,1.295840e-08,1.191460e-10,4.617109e-11,1.722748e-12,1.545208e+00,8.435554e-01,7.829124e-01
7.430000e-11,1.000000e-04,0.000000e+00,1.000000e-04,8.182747e-06,-4.653622e-05,-1.344924e-05,-2.789693e-07,1.042038e-07,1.042038e-07,1.358142e-08,1.075418e-10,4.885376e-11,1.965795e-12,1.537148e+00,8.428220e-01,7.829451e-01
7.435000e-11,1.000000e-04,0.000000e+00,1.000000e-04,8.292921e-06,-4.253584e-05,-1.398281e-05,-3.797178e-07,9.790355e-08,9.790355e-08,1.414018e-08,1.022891e-10,5.119957e-11,2.183276e-12,1.529389e+00,8.420326e-01,7.829702e-01
7.440000e-11,1.000000e-04,0.000000e+00,1.000000e-04,8.410980e-06,-3.840085e-05,-1.444608e-05,-4.793913e-07,9.117445e-08,9.117445e-08,1.462815e-08,1.039086e-10,5.316846e-11,2.379102e-12,1.521975e+00,8.411885e-01,7.829875e-01
7.445000e-11,1.000000e-04,0.000000e+00,1.000000e-04,8.534427e-06,-3.414238e-05,-1.483404e-05,-5.776150e-07,8.402599e-08,8.402599e-08,1.503953e-08,1.128131e-10,5.472663e-11,2.557532e-12,1.514940e+00,8.402912e-01,7.829967e-01
7.450000e-11,1.000000e-04,0.000000e+00,1.000000e-04,8.662004e-06,-2.977667e-05,-1.514236e-05,-6.740290e-07,7.646924e-08,7.646924e-08,1.536933e-08,1.292990e-10,5.584744e-11,2.723033e-12,1.508314e+00,8.393425e-01,7.829976e-01
7.455000e-11,1.000000e-04,0.000000e+00,1.000000e-04,8.793464e-06,-2.532832e-05,-1.536755e-05,-7.682875e-07,6.851716e-08,6.851716e-08,1.561338e-08,1.535393e-10,5.651220e-11,2.880163e-12,1.502123e+00,8.383444e-01,7.829901e-01
7.460000e-11,1.000000e-04,0.000000e+00,1.000000e-04,8.929228e-06,-2.083150e-05,-1.550693e-05,-8.600577e-07,6.018479e-08,6.018479e-08,1.576838e-08,1.855785e-10,5.671084e-11,3.033444e-12,1.496385e+00,8.372995e-01,7.829740e-01
7.465000e-11,1.000000e-04,0.000000e+00,1.000000e-04,9.069995e-06,-1.632936e-05,-1.555879e-05,-9.490177e-07,5.148952e-08,5.148952e-08,1.583188e-08,2.253294e-10,5.644231e-11,3.187232e-12,1.491114e+00,8.362107e-01,7.829493e-01
7.470000e-11,1.000000e-04,0.000000e+00,1.000000e-04,9.216385e-06,-1.187156e-05,-1.552230e-05,-1.034855e-06,4.245125e-08,4.245125e-08,1.580230e-08,2.725727e-10,5.571497e-11,3.345598e-12,1.486320e+00,8.350812e-01,7.829159e-01
7.475000e-11,1.000000e-04,0.000000e+00,1.000000e-04,9.368668e-06,-7.510634e-06,-1.539763e-05,-1.117264e-06,3.309258e-08,3.309258e-08,1.567891e-08,3.269576e-10,5.454666e-11,3.512219e-12,1.482007e+00,8.339150e-01,7.828740e-01
7.480000e-11,1.000000e-04,0.000000e+00,1.000000e-04,9.526621e-06,-3.297733e-06,-1.518584e-05,-1.195945e-06,2.343891e-08,2.343891e-08,1.546178e-08,3.880058e-10,5.296472e-11,3.690274e-12,1.478175e+00,8.327162e-01,7.828235e-01
7.485000e-11,1.000000e-04,0.000000e+00,1.000000e-04,9.689525e-06,7.214065e-07,-1.488892e-05,-1.270601e-06,1.351852e-08,1.351852e-08,1.515179e-08,4.551161e-10,5.100564e-11,3.882355e-12,1.474823e+00,8.314897e-01,7.827647e-01
7.490000e-11,1.000000e-04,0.000000e+00,1.000000e-04,9.856285e-06,4.509764e-06,-1.450973e-05,-1.340940e-06,3.362603e-09,3.362603e-09,1.475056e-08,5.275723e-10,4.871472e-11,4.090394e-12,1.471943e+00,8.302406e-01,7.826977e-01
7.495000e-11,1.000000e-04,0.000000e+00,1.000000e-04,1.002564e-05,8.041084e-06,-1.405193e-05,-1.406666e-06,-6.994776e-09,-6.994776e-09,1.426040e-08,6.045519e-10,4.614542e-11,4.315615e-12,1.469526e+00,8.289746e-01,7.826227e-01
7.500000e-11,1.000000e-04,0.000000e+00,1.000000e-04,1.019641e-05,1.130049e-05,-1.351994e-05,-1.467489e-06,-1.751673e-08,-1.751673e-08,1.368427e-08,6.851369e-10,4.335857e-11,4.558474e-12,1.467560e+00,8.276977e-01,7.825401e-01
7.505000e-11,1.000000e-04,0.000000e+00,1.000000e-04,1.036775e-05,1.428369e-05,-1.291885e-05,-1.523116e-06,-2.816367e-08,-2.816367e-08,1.302570e-08,7.683259e-10,4.042143e-11,4.818661e-12,1.466029e+00,8.264164e-01,7.824501e-01
7.510000e-11,1.000000e-04,0.000000e+00,1.000000e-04,1.053931e-05,1.699492e-05,-1.225434e-05,-1.573255e-06,-3.889348e-08,-3.889348e-08,1.228875e-08,8.530481e-10,3.740656e-11,5.095089e-12,1.464918e+00,8.251373e-01,7.823530e-01
7.515000e-11,1.000000e-04,0.000000e+00,1.000000e-04,1.071137e-05,1.944423e-05,-1.153261e-05,-1.617616e-06,-4.966174e-08,-4.966174e-08,1.147793e-08,9.381773e-10,3.439064e-11,5.385910e-12,1.464207e+00,8.238673e-01,7.822494e-01
7.520000e-11,1.000000e-04,0.000000e+00,1.000000e-04,1.088477e-05,2.164423e-05,-1.076025e-05,-1.655914e-06,-6.042192e-08,-6.042192e-08,1.059814e-08,1.022547e-09,3.145307e-11,5.688567e-12,1.463876e+00,8.226137e-01,7.821395e-01
7.525000e-11,1.000000e-04,0.000000e+00,1.000000e-04,1.106081e-05,2.360713e-05,-9.944199e-06,-1.687867e-06,-7.112572e-08,-7.112572e-08,9.654612e-09,1.104968e-09,2.867460e-11,5.999841e-12,1.463905e+00,8.213837e-01,7.820239e-01
7.530000e-11,1.000000e-04,0.000000e+00,1.000000e-04,1.124106e-05,2.534218e-05,-9.091593e-06,-1.713205e-06,-8.172335e-08,-8.172335e-08,8.652829e-09,1.184243e-09,2.613578e-11,6.315924e-12,1.464272e+00,8.201845e-01,7.819029e-01
7.535000e-11,1.000000e-04,0.000000e+00,1.000000e-04,1.142702e-05,2.685400e-05,-8.209685e-06,-1.731668e-06,-9.216388e-08,-9.216388e-08,7.598483e-09,1.259183e-09,2.391548e-11,6.632525e-12,1.464957e+00,8.190233e-01,7.817772e-01
7.540000e-11,1.000000e-04,0.000000e+00,1.000000e-04,1.161986e-05,2.814175e-05,-7.305742e-06,-1.743011e-06,-1.023956e-07,-1.023956e-07,6.497412e-09,1.328624e-09,2.208933e-11,6.944965e-12,1.465939e+00,8.179072e-01,7.816472e-01
7.545000e-11,1.000000e-04,0.000000e+00,1.000000e-04,1.182009e-05,2.919938e-05,-6.386945e-06,-1.747014e-06,-1.123663e-07,-1.123663e-07,5.355542e-09,1.391443e-09,2.072818e-11,7.248293e-12,1.467197e+00,8.168429e-01,7.815135e-01
7.550000e-11,1.000000e-04,0.000000e+00,1.000000e-04,1.202736e-05,3.001655e-05,-5.460297e-06,-1.743478e-06,-1.220238e-07,-1.220238e-07,4.178847e-09,1.446574e-09,1.989666e-11,7.537422e-12,1.468714e+00,8.158371e-01,7.813766e-01
7.555000e-11,1.000000e-04,0.000000e+00,1.000000e-04,1.224028e-05,3.058027e-05,-4.532538e-06,-1.732235e-06,-1.313163e-07,-1.313163e-07,2.973298e-09,1.493020e-09,1.965176e-11,7.807258e-12,1.470471e+00,8.148957e-01,7.812370e-01
7.560000e-11,1.000000e-04,0.000000e+00,1.000000e-04,1.245637e-05,3.087675e-05,-3.610075e-06,-1.713155e-06,-1.401925e-07,-1.401925e-07,1.744830e-09,1.529866e-09,2.004152e-11,8.052843e-12,1.472453e+00,8.140244e-01,7.810955e-01
7.565000e-11,1.000000e-04,0.000000e+00,1.000000e-04,1.267211e-05,3.089333e-05,-2.698918e-06,-1.686143e-06,-1.486025e-07,-1.486025e-07,4.993079e-10,1.556294e-09,2.110386e-11,8.269488e-12,1.474643e+00,8.132283e-01,7.809525e-01
7.570000e-11,1.000000e-04,0.000000e+00,1.000000e-04,1.288306e-05,3.062014e-05,-1.804640e-06,-1.651153e-06,-1.564974e-07,-1.564974e-07,-7.574997e-10,1.571593e-09,2.286551e-11,8.452909e-12,1.477025e+00,8.125119e-01,7.808087e-01
7.575000e-11,1.000000e-04,0.000000e+00,1.000000e-04,1.308411e-05,3.005141e-05,-9.323476e-07,-1.608187e-06,-1.638305e-07,-1.638305e-07,-2.019944e-09,1.575163e-09,2.534121e-11,8.599367e-12,1.479586e+00,8.118790e-01,7.806646e-01
7.580000e-11,1.000000e-04,0.000000e+00,1.000000e-04,1.326974e-05,2.918610e-05,-8.666984e-08,-1.557301e-06,-1.705569e-07,-1.705569e-07,-3.282510e-09,1.566529e-09,2.853293e-11,8.705783e-12,1.482309e+00,8.113326e-01,7.805209e-01
7.585000e-11,1.000000e-04,0.000000e+00,1.000000e-04,1.343433e-05,2.802813e-05,7.282401e-07,-1.498606e-06,-1.766342e-07,-1.766342e-07,-4.539832e-09,1.545342e-09,3.242948e-11,8.769853e-12,1.485177e+00,8.108752e-01,7.803782e-01
7.590000e-11,1.000000e-04,0.000000e+00,1.000000e-04,1.357242e-05,2.658597e-05,1.508686e-06,-1.432275e-06,-1.820227e-07,-1.820227e-07,-5.786698e-09,1.511387e-09,3.700613e-11,8.790141e-12,1.488174e+00,8.105084e-01,7.802371e-01
7.595000e-11,1.000000e-04,0.000000e+00,1.000000e-04,1.367901e-05,2.487192e-05,2.251401e-06,-1.358541e-06,-1.866854e-07,-1.866854e-07,-7.018052e-09,1.464580e-09,4.222466e-11,8.766159e-12,1.491279e+00,8.102331e-01,7.800983e-01
7.600000e-11,1.000000e-04,0.000000e+00,1.000000e-04,1.374977e-05,2.290117e-05,2.953508e-06,-1.277704e-06,-1.905888e-07,-1.905888e-07,-8.228999e-09,1.404971e-09,4.803344e-11,8.698436e-12,1.494471e+00,8.100492e-01,7.799623e-01
7.605000e-11,1.000000e-04,0.000000e+00,1.000000e-04,1.378119e-05,2.069071e-05,3.612478e-06,-1.190122e-06,-1.937026e-07,-1.937026e-07,-9.414799e-09,1.332746e-09,5.436782e-11,8.588542e-12,1.497725e+00,8.099560e-01,7.798297e-01
7.610000e-11,1.000000e-04,0.000000e+00,1.000000e-04,1.377067e-05,1.825842e-05,4.226082e-06,-1.096222e-06,-1.960001e-07,-1.960001e-07,-1.057087e-08,1.248215e-09,6.115080e-11,8.439125e-12,1.501017e+00,8.099523e-01,7.797012e-01
7.615000e-11,1.000000e-04,0.000000e+00,1.000000e-04,1.371660e-05,1.562241e-05,4.792347e-06,-9.964893e-07,-1.974584e-07,-1.974584e-07,-1.169276e-08,1.151818e-09,6.829378e-11,8.253885e-12,1.504317e+00,8.100357e-01,7.795774e-01
7.620000e-11,1.000000e-04,0.000000e+00,1.000000e-04,1.361830e-05,1.280053e-05,5.309508e-06,-8.914701e-07,-1.980583e-07,-1.980583e-07,-1.277617e-08,1.044111e-09,7.569760e-11,8.037562e-12,1.507595e+00,8.102034e-01,7.794587e-01
7.625000e-11,1.000000e-04,0.000000e+00,1.000000e-04,1.347596e-05,9.810363e-06,5.775979e-06,-7.817665e-07,-1.977849e-07,-1.977849e-07,-1.381694e-08,9.257618e-10,8.325377e-11,7.795867e-12,1.510818e+00,8.104521e-01,7.793459e-01
7.630000e-11,1.000000e-04,0.000000e+00,1.000000e-04,1.329063e-05,6.669399e-06,6.190311e-06,-6.680328e-07,-1.966273e-07,-1.966273e-07,-1.481103e-08,7.975404e-10,9.084580e-11,7.535417e-12,1.513953e+00,8.107776e-01,7.792395e-01
7.635000e-11,1.000000e-04,0.000000e+00,1.000000e-04,1.306407e-05,3.395506e-06,6.551180e-06,-5.509701e-07,-1.945788e-07,-1.945788e-07,-1.575451e-08,6.603105e-10,9.835079e-11,7.263619e-12,1.516963e+00,8.111754e-01,7.791399e-01
7.640000e-11,1.000000e-04,0.000000e+00,1.000000e-04,1.279869e-05,7.548735e-09,6.857366e-06,-4.313210e-07,-1.916372e-07,-1.916372e-07,-1.664357e-08,5.150175e-10,1.056410e-10,6.988566e-12,1.519815e+00,8.116404e-01,7.790477e-01
7.645000e-11,1.000000e-04,0.000000e+00,1.000000e-04,1.249744e-05,-3.473952e-06,7.107754e-06,-3.098627e-07,-1.878047e-07,-1.878047e-07,-1.747455e-08,3.626784e-10,1.125858e-10,6.718875e-12,1.522473e+00,8.121673e-01,7.789635e-01
7.650000e-11,1.000000e-04,0.000000e+00,1.000000e-04,1.216379e-05,-7.026193e-06,7.301337e-06,-1.874001e-07,-1.830879e-07,-1.830879e-07,-1.824385e-08,2.043694e-10,1.190532e-10,6.463549e-12,1.524900e+00,8.127502e-01,7.788875e-01
7.655000e-11,1.000000e-04,0.000000e+00,1.000000e-04,1.180165e-05,-1.062359e-05,7.437229e-06,-6.475847e-08,-1.774980e-07,-1.774980e-07,-1.894804e-08,4.121380e-11,1.249120e-10,6.231783e-12,1.527065e+00,8.133831e-01,7.788204e-01
7.660000e-11,1.000000e-04,0.000000e+00,1.000000e-04,1.141529e-05,-1.423746e-05,7.514691e-06,5.722449e-08,-1.710509e-07,-1.710509e-07,-1.958377e-08,-1.256297e-10,1.300336e-10,6.032784e-12,1.528935e+00,8.140597e-01,7.787623e-01
7.665000e-11,1.000000e-04,0.000000e+00,1.000000e-04,1.100938e-05,-1.783591e-05,7.533152e-06,1.777067e-07,-1.637670e-07,-1.637670e-07,-2.014785e-08,-2.949797e-10,1.342938e-10,5.875586e-12,1.530481e+00,8.147737e-01,7.787137e-01
7.670000e-11,1.000000e-04,0.000000e+00,1.000000e-04,1.058886e-05,-2.138399e-05,7.492250e-06,2.958499e-07,-1.556715e-07,-1.556715e-07,-2.063723e-08,-4.656439e-10,1.375751e-10,5.768831e-12,1.531676e+00,8.155185e-01,7.786749e-01
7.675000e-11,1.000000e-04,0.000000e+00,1.000000e-04,1.015901e-05,-2.484401e-05,7.391866e-06,4.108275e-07,-1.467942e-07,-1.467942e-07,-2.104900e-08,-6.364307e-10,1.397677e-10,5.720587e-12,1.532496e+00,8.162876e-01,7.786460e-01
7.680000e-11,1.000000e-04,0.000000e+00,1.000000e-04,9.725311e-06,-2.817611e-05,7.232165e-06,5.218328e-07,-1.371695e-07,-1.371695e-07,-2.138043e-08,-8.061605e-10,1.407720e-10,5.738132e-12,1.532924e+00,8.170745e-01,7.786273e-01
7.685000e-11,1.000000e-04,0.000000e+00,1.000000e-04,9.293443e-06,-3.133899e-05,7.013637e-06,6.280862e-07,-1.268366e-07,-1.268366e-07,-2.162897e-08,-9.736762e-10,1.404997e-10,5.827775e-12,1.532943e+00,8.178726e-01,7.786189e-01
7.690000e-11,1.000000e-04,0.000000e+00,1.000000e-04,8.869199e-06,-3.429073e-05,6.737144e-06,7.288433e-07,-1.158391e-07,-1.158391e-07,-2.179231e-08,-1.137853e-09,1.388754e-10,5.994661e-12,1.532543e+00,8.186755e-01,7.786208e-01
7.695000e-11,1.000000e-04,0.000000e+00,1.000000e-04,8.458399e-06,-3.698979e-05,6.403956e-06,8.234009e-07,-1.042255e-07,-1.042255e-07,-2.186834e-08,-1.297607e-09,1.358379e-10,6.242619e-12,1.531721e+00,8.194771e-01,7.786331e-01
7.700000e-11,1.000000e-04,0.000000e+00,1.000000e-04,8.066788e-06,-3.939600e-05,6.015789e-06,9.111035e-07,-9.204829e-08,-9.204829e-08,-2.185522e-08,-1.451905e-09,1.313412e-10,6.573984e-12,1.530475e+00,8.202712e-01,7.786556e-01
7.705000e-11,1.000000e-04,0.000000e+00,1.000000e-04,7.699916e-06,-4.147170e-05,5.574844e-06,9.913493e-07,-7.936459e-08,-7.936459e-08,-2.175139e-08,-1.599769e-09,1.253555e-10,6.989497e-12,1.528812e+00,8.210518e-01,7.786882e-01
7.710000e-11,1.000000e-04,0.000000e+00,1.000000e-04,7.363007e-06,-4.318283e-05,5.083831e-06,1.063595e-06,-6.623557e-08,-6.623557e-08,-2.155560e-08,-1.740285e-09,1.178678e-10,7.488177e-12,1.526744e+00,8.218133e-01,7.787308e-01
7.715000e-11,1.000000e-04,0.000000e+00,1.000000e-04,7.060819e-06,-4.450004e-05,4.545991e-06,1.127359e-06,-5.272638e-08,-5.272638e-08,-2.126693e-08,-1.872604e-09,1.088823e-10,8.067248e-12,1.524288e+00,8.225503e-01,7.787829e-01
7.720000e-11,1.000000e-04,0.000000e+00,1.000000e-04,6.797490e-06,-4.539976e-05,3.965112e-06,1.182229e-06,-3.890593e-08,-3.890593e-08,-2.088484e-08,-1.995952e-09,9.842083e-11,8.722089e-12,1.521468e+00,8.232574e-01,7.788444e-01
7.725000e-11,1.000000e-04,0.000000e+00,1.000000e-04,6.576387e-06,-4.586523e-05,3.345533e-06,1.227857e-06,-2.484661e-08,-2.484661e-08,-2.040914e-08,-2.109629e-09,8.652269e-11,9.446205e-12,1.518311e+00,8.239298e-01,7.789147e-01
7.730000e-11,1.000000e-04,0.000000e+00,1.000000e-04,6.399961e-06,-4.588738e-05,2.692136e-06,1.263972e-06,-1.062396e-08,-1.062396e-08,-1.984009e-08,-2.213011e-09,7.324441e-11,1.023125e-11,1.514851e+00,8.245628e-01,7.789934e-01
7.735000e-11,1.000000e-04,0.000000e+00,1.000000e-04,6.269606e-06,-4.546561e-05,2.010328e-06,1.290370e-06,3.683656e-09,3.683656e-09,-1.917836e-08,-2.305555e-09,5.865936e-11,1.106705e-11,1.511127e+00,8.251520e-01,7.790800e-01
7.740000e-11,1.000000e-04,0.000000e+00,1.000000e-04,6.185539e-06,-4.460832e-05,1.306011e-06,1.306925e-06,1.799544e-08,1.799544e-08,-1.842509e-08,-2.386792e-09,4.285706e-11,1.194171e-11,1.507182e+00,8.256934e-01,7.791738e-01
7.745000e-11,1.000000e-04,0.000000e+00,1.000000e-04,6.146707e-06,-4.333315e-05,5.855386e-07,1.313582e-06,3.222860e-08,3.222860e-08,-1.758190e-08,-2.456336e-09,2.594222e-11,1.284169e-11,1.503060e+00,8.261832e-01,7.792741e-01
7.750000e-11,1.000000e-04,0.000000e+00,1.000000e-04,6.150723e-06,-4.166701e-05,-1.443456e-07,1.310359e-06,4.629887e-08,4.629887e-08,-1.665088e-08,-2.513875e-09,8.033783e-12,1.375197e-11,1.498812e+00,8.266182e-01,7.793803e-01
7.755000e-11,1.000000e-04,0.000000e+00,1.000000e-04,6.193852e-06,-3.964557e-05,-8.765770e-07,1.297346e-06,6.012096e-08,6.012096e-08,-1.563465e-08,-2.559172e-09,-1.073645e-11,1.465618e-11,1.494486e+00,8.269952e-01,7.794916e-01
7.760000e-11,1.000000e-04,0.000000e+00,1.000000e-04,6.271046e-06,-3.731253e-05,-1.603858e-06,1.274705e-06,7.360915e-08,7.360915e-08,-1.453635e-08,-2.592062e-09,-3.022515e-11,1.553686e-11,1.490134e+00,8.273116e-01,7.796071e-01
7.765000e-11,1.000000e-04,0.000000e+00,1.000000e-04,6.376035e-06,-3.471832e-05,-2.318759e-06,1.242664e-06,8.667787e-08,8.667787e-08,-1.335962e-08,-2.612453e-09,-5.027911e-11,1.637562e-11,1.485807e+00,8.275652e-01,7.797261e-01
7.770000e-11,1.000000e-04,0.000000e+00,1.000000e-04,6.501494e-06,-3.191845e-05,-3.013826e-06,1.201518e-06,9.924231e-08,9.924231e-08,-1.210865e-08,-2.620314e-09,-7.073680e-11,1.715343e-11,1.481553e+00,8.277541e-01,7.798476e-01
7.775000e-11,1.000000e-04,0.000000e+00,1.000000e-04,6.639266e-06,-2.897150e-05,-3.681707e-06,1.151624e-06,1.112191e-07,1.112191e-07,-1.078814e-08,-2.615681e-09,-9.143025e-11,1.785087e-11,1.477417e+00,8.278769e-01,7.799707e-01
7.780000e-11,1.000000e-04,0.000000e+00,1.000000e-04,6.780657e-06,-2.593683e-05,-4.315281e-06,1.093400e-06,1.225268e-07,1.225268e-07,-9.403336e-09,-2.598648e-09,-1.121868e-10,1.844837e-11,1.473443e+00,8.279326e-01,7.800947e-01
7.785000e-11,1.000000e-04,0.000000e+00,1.000000e-04,6.916795e-06,-2.287210e-05,-4.907792e-06,1.027319e-06,1.330869e-07,1.330869e-07,-7.959972e-09,-2.569362e-09,-1.328310e-10,1.892659e-11,1.469666e+00,8.279207e-01,7.802184e-01
7.790000e-11,1.000000e-04,0.000000e+00,1.000000e-04,7.039032e-06,-1.983096e-05,-5.452983e-06,9.539091e-07,1.428242e-07,1.428242e-07,-6.464290e-09,-2.528026e-09,-1.531866e-10,1.926662e-11,1.466117e+00,8.278412e-01,7.803410e-01
7.795000e-11,1.000000e-04,0.000000e+00,1.000000e-04,7.139368e-06,-1.686081e-05,-5.945237e-06,8.737462e-07,1.516675e-07,1.516675e-07,-4.923012e-09,-2.474885e-09,-1.730782e-10,1.945034e-11,1.462821e+00,8.276946e-01,7.804616e-01
7.800000e-11,1.000000e-04,0.000000e+00,1.000000e-04,7.210892e-06,-1.400117e-05,-6.379693e-06,7.874516e-07,1.595505e-07,1.595505e-07,-3.343315e-09,-2.410234e-09,-1.923332e-10,1.946070e-11,1.459794e+00,8.274819e-01,7.805793e-01
7.805000e-11,1.000000e-04,0.000000e+00,1.000000e-04,7.248177e-06,-1.128254e-05,-6.752371e-06,6.956875e-07,1.664120e-07,1.664120e-07,-1.732806e-09,-2.334404e-09,-2.107838e-10,1.928202e-11,1.457044e+00,8.272045e-01,7.806931e-01
7.810000e-11,1.000000e-04,0.000000e+00,1.000000e-04,7.247629e-06,-8.726088e-06,-7.060261e-06,5.991531e-07,1.721971e-07,1.721971e-07,-9.948852e-11,-2.247767e-09,-2.282686e-10,1.890024e-11,1.454573e+00,8.268645e-01,7.808024e-01
7.815000e-11,1.000000e-04,0.000000e+00,1.000000e-04,7.207730e-06,-6.344125e-06,-7.301404e-06,4.985792e-07,1.768574e-07,1.768574e-07,1.548272e-09,-2.150727e-09,-2.446338e-10,1.830322e-11,1.452373e+00,8.264645e-01,7.809061e-01
7.820000e-11,1.000000e-04,0.000000e+00,1.000000e-04,7.129177e-06,-4.141264e-06,-7.474938e-06,3.947244e-07,1.803515e-07,1.803515e-07,3.201792e-09,-2.043723e-09,-2.597353e-10,1.748095e-11,1.450432e+00,8.260076e-01,7.810036e-01
7.825000e-11,1.000000e-04,0.000000e+00,1.000000e-04,7.014865e-06,-2.116173e-06,-7.581126e-06,2.883696e-07,1.826457e-07,1.826457e-07,4.852109e-09,-1.927221e-09,-2.734399e-10,1.642580e-11,1.448728e+00,8.254973e-01,7.810941e-01
7.830000e-11,1.000000e-04,0.000000e+00,1.000000e-04,6.869741e-06,-2.636200e-07,-7.621341e-06,1.803131e-07,1.837145e-07,1.837145e-07,6.490038e-09,-1.801717e-09,-2.856263e-10,1.513269e-11,1.447237e+00,8.249378e-01,7.811770e-01
7.835000e-11,1.000000e-04,0.000000e+00,1.000000e-04,6.700520e-06,1.423462e-06,-7.598026e-06,7.136541e-08,1.835405e-07,1.835405e-07,8.106215e-09,-1.667733e-09,-2.961862e-10,1.359923e-11,1.445930e+00,8.243336e-01,7.812516e-01
7.840000e-11,1.000000e-04,0.000000e+00,1.000000e-04,6.515281e-06,2.952208e-06,-7.514620e-06,-3.765664e-08,1.821155e-07,1.821155e-07,9.691159e-09,-1.525816e-09,-3.050255e-10,1.182590e-11,1.444776e+00,8.236897e-01,7.813175e-01
7.845000e-11,1.000000e-04,0.000000e+00,1.000000e-04,6.322989e-06,4.328589e-06,-7.375455e-06,-1.459352e-07,1.794398e-07,1.794398e-07,1.123533e-08,-1.376539e-09,-3.120645e-10,9.816091e-12,1.443741e+00,8.230114e-01,7.813741e-01
7.850000e-11,1.000000e-04,0.000000e+00,1.000000e-04,6.132976e-06,5.556881e-06,-7.185627e-06,-2.526577e-07,1.755234e-07,1.755234e-07,1.272918e-08,-1.220496e-09,-3.172390e-10,7.576174e-12,1.442795e+00,8.223044e-01,7.814209e-01
7.855000e-11,1.000000e-04,0.000000e+00,1.000000e-04,5.954431e-06,6.639844e-06,-6.950839e-06,-3.570226e-07,1.703851e-07,1.703851e-07,1.416324e-08,-1.058305e-09,-3.205002e-10,5.115510e-12,1.441907e+00,8.215746e-01,7.814578e-01
7.860000e-11,1.000000e-04,0.000000e+00,1.000000e-04,5.795935e-06,7.579538e-06,-6.677240e-06,-4.582460e-07,1.640533e-07,1.640533e-07,1.552816e-08,-8.906078e-10,-3.218151e-10,2.446424e-12,1.441052e+00,8.208282e-01,7.814845e-01
7.865000e-11,1.000000e-04,0.000000e+00,1.000000e-04,5.665078e-06,8.378531e-06,-6.371241e-06,-5.555679e-07,1.565653e-07,1.565653e-07,1.681479e-08,-7.180681e-10,-3.211663e-10,-4.158679e-13,1.440206e+00,8.200713e-01,7.815007e-01
7.870000e-11,1.000000e-04,0.000000e+00,1.000000e-04,5.568177e-06,9.041231e-06,-6.039334e-06,-6.482584e-07,1.479677e-07,1.479677e-07,1.801424e-08,-5.413720e-10,-3.185523e-10,-3.453362e-12,1.439353e+00,8.193104e-01,7.815063e-01
7.875000e-11,1.000000e-04,0.000000e+00,1.000000e-04,5.510109e-06,9.575031e-06,-5.687917e-06,-7.356249e-07,1.383157e-07,1.383157e-07,1.911796e-08,-3.612283e-10,-3.139866e-10,-6.645418e-12,1.438483e+00,8.185516e-01,7.815015e-01
7.880000e-11,1.000000e-04,0.000000e+00,1.000000e-04,5.494240e-06,9.990992e-06,-5.323128e-06,-8.170175e-07,1.276730e-07,1.276730e-07,2.011782e-08,-1.783678e-10,-3.074974e-10,-9.968933e-12,1.437589e+00,8.178012e-01,7.814862e-01
7.885000e-11,1.000000e-04,0.000000e+00,1.000000e-04,5.522449e-06,1.030389e-05,-4.950687e-06,-8.918361e-07,1.161114e-07,1.161114e-07,2.100611e-08,6.456557e-12,-2.991275e-10,-1.339856e-11,1.436673e+00,8.170649e-01,7.814606e-01
7.890000e-11,1.000000e-04,0.000000e+00,1.000000e-04,5.595202e-06,1.053155e-05,-4.575772e-06,-9.595361e-07,1.037103e-07,1.037103e-07,2.177572e-08,1.924704e-10,-2.889329e-10,-1.690698e-11,1.435743e+00,8.163486e-01,7.814250e-01
7.895000e-11,1.000000e-04,0.000000e+00,1.000000e-04,5.711669e-06,1.069359e-05,-4.202908e-06,-1.019634e-06,9.055605e-08,9.055605e-08,2.242009e-08,3.788784e-10,-2.769821e-10,-2.046512e-11,1.434810e+00,8.156576e-01,7.813796e-01
7.900000e-11,1.000000e-04,0.000000e+00,1.000000e-04,5.869848e-06,1.080962e-05,-3.835891e-06,-1.071712e-06,7.674149e-08,7.674149e-08,2.293337e-08,5.648652e-10,-2.633555e-10,-2.404252e-11,1.433893e+00,8.149966e-01,7.813248e-01
7.905000e-11,1.000000e-04,0.000000e+00,1.000000e-04,6.066681e-06,1.089744e-05,-3.477734e-06,-1.115426e-06,6.236514e-08,6.236514e-08,2.331040e-08,7.495969e-10,-2.481442e-10,-2.760763e-11,1.433012e+00,8.143702e-01,7.812611e-01
7.910000e-11,1.000000e-04,0.000000e+00,1.000000e-04,6.298154e-06,1.097117e-05,-3.130646e-06,-1.150503e-06,4.753049e-08,4.753049e-08,2.354683e-08,9.322222e-10,-2.314490e-10,-3.112812e-11,1.432191e+00,8.137822e-01,7.811889e-01
7.915000e-11,1.000000e-04,0.000000e+00,1.000000e-04,6.559384e-06,1.103996e-05,-2.796035e-06,-1.176751e-06,3.234522e-08,3.234522e-08,2.363913e-08,1.111875e-09,-2.133791e-10,-3.457129e-11,1.431459e+00,8.132360e-01,7.811090e-01
7.920000e-11,1.000000e-04,0.000000e+00,1.000000e-04,6.844699e-06,1.110725e-05,-2.474545e-06,-1.194060e-06,1.692034e-08,1.692034e-08,2.358466e-08,1.287677e-09,-1.940513e-10,-3.790435e-11,1.430843e+00,8.127342e-01,7.810219e-01
7.925000e-11,1.000000e-04,0.000000e+00,1.000000e-04,7.147733e-06,1.117073e-05,-2.166109e-06,-1.202400e-06,1.369334e-09,1.369334e-09,2.338172e-08,1.458738e-09,-1.735885e-10,-4.109486e-11,1.430371e+00,8.122790e-01,7.809283e-01
7.930000e-11,1.000000e-04,0.000000e+00,1.000000e-04,7.461543e-06,1.122308e-05,-1.870029e-06,-1.201824e-06,-1.419279e-08,-1.419279e-08,2.302955e-08,1.624165e-09,-1.521188e-10,-4.411105e-11,1.430070e+00,8.118719e-01,7.808290e-01
7.935000e-11,1.000000e-04,0.000000e+00,1.000000e-04,7.778761e-06,1.125319e-05,-1.585074e-06,-1.192469e-06,-2.965039e-08,-2.965039e-08,2.252841e-08,1.783059e-09,-1.297746e-10,-4.692215e-11,1.429965e+00,8.115136e-01,7.807248e-01
7.940000e-11,1.000000e-04,0.000000e+00,1.000000e-04,8.091793e-06,1.124779e-05,-1.309591e-06,-1.174553e-06,-4.488817e-08,-4.488817e-08,2.187956e-08,1.934524e-09,-1.066910e-10,-4.949879e-11,1.430078e+00,8.112045e-01,7.806163e-01
7.945000e-11,1.000000e-04,0.000000e+00,1.000000e-04,8.393060e-06,1.119312e-05,-1.041631e-06,-1.148371e-06,-5.979213e-08,-5.979213e-08,2.108531e-08,2.077671e-09,-8.300519e-11,-5.181326e-11,1.430427e+00,8.109443e-01,7.805046e-01
7.950000e-11,1.000000e-04,0.000000e+00,1.000000e-04,8.675264e-06,1.107643e-05,-7.790772e-07,-1.114293e-06,-7.425050e-08,-7.425050e-08,2.014901e-08,2.211622e-09,-5.885514e-11,-5.383986e-11,1.431026e+00,8.107321e-01,7.803905e-01
7.955000e-11,1.000000e-04,0.000000e+00,1.000000e-04,8.931663e-06,1.088703e-05,-5.197767e-07,-1.072759e-06,-8.815470e-08,-8.815470e-08,1.907506e-08,2.335516e-09,-3.437901e-11,-5.555518e-11,1.431881e+00,8.105666e-01,7.802747e-01
7.960000e-11,1.000000e-04,0.000000e+00,1.000000e-04,9.156336e-06,1.061694e-05,-2.616723e-07,-1.024274e-06,-1.014003e-07,-1.014003e-07,1.786888e-08,2.448515e-09,-9.714077e-12,-5.693832e-11,1.432995e+00,8.104461e-01,7.801583e-01
7.965000e-11,1.000000e-04,0.000000e+00,1.000000e-04,9.344400e-06,1.026079e-05,-2.923504e-09,-9.693992e-07,-1.138877e-07,-1.138877e-07,1.653694e-08,2.549810e-09,1.500401e-11,-5.797117e-11,1.434364e+00,8.103685e-01,7.800421e-01
7.970000e-11,1.000000e-04,0.000000e+00,1.000000e-04,9.492178e-06,9.815458e-06,2.579822e-07,-9.087468e-07,-1.255234e-07,-1.255234e-07,1.508670e-08,2.638629e-09,3.964191e-11,-5.863855e-11,1.435977e+00,8.103315e-01,7.799269e-01
7.975000e-11,1.000000e-04,0.000000e+00,1.000000e-04,9.597283e-06,9.279187e-06,5.221336e-07,-8.429715e-07,-1.362205e-07,-1.362205e-07,1.352657e-08,2.714242e-09,6.406924e-11,-5.892840e-11,1.437816e+00,8.103325e-01,7.798137e-01
7.980000e-11,1.000000e-04,0.000000e+00,1.000000e-04,9.658617e-06,8.650677e-06,7.901194e-07,-7.727614e-07,-1.458995e-07,-1.458995e-07,1.186591e-08,2.775967e-09,8.815910e-11,-5.883191e-11,1.439861e+00,8.103687e-01,7.797031e-01
7.985000e-11,1.000000e-04,0.000000e+00,1.000000e-04,9.676297e-06,7.928207e-06,1.061972e-06,-6.988295e-07,-1.544890e-07,-1.544890e-07,1.011493e-08,2.823180e-09,1.117886e-10,-5.834357e-11,1.442083e+00,8.104374e-01,7.795961e-01
7.990000e-11,1.000000e-04,0.000000e+00,1.000000e-04,9.651510e-06,7.108999e-06,1.337135e-06,-6.219043e-07,-1.619265e-07,-1.619265e-07,8.284652e-09,2.855319e-09,1.348391e-10,-5.746127e-11,1.444450e+00,8.105357e-01,7.794934e-01
7.995000e-11,1.000000e-04,0.000000e+00,1.000000e-04,9.586314e-06,6.188959e-06,1.614453e-06,-5.427211e-07,-1.681589e-07,-1.681589e-07,6.386860e-09,2.871891e-09,1.571970e-10,-5.618626e-11,1.446926e+00,8.106608e-01,7.793956e-01
8.000000e-11,1.000000e-04,0.000000e+00,1.000000e-04,9.483422e-06,5.162840e-06,1.892188e-06,-4.620122e-07,-1.731427e-07,-1.731427e-07,4.433996e-09,2.872481e-09,1.787532e-10,-5.452317e-11,1.449472e+00,8.108100e-01,7.793035e-01
8.005000e-11,9.500000e-05,0.000000e+00,9.500000e-05,6.446679e-06,-1.283611e-04,2.166377e-06,-3.804994e-07,-1.768450e-07,-1.768450e-07,2.439088e-09,2.856756e-09,1.994042e-10,-5.247992e-11,1.451901e+00,8.109809e-01,7.792176e-01
8.010000e-11,9.000000e-05,0.000000e+00,9.000000e-05,3.898389e-06,-6.675726e-05,2.429798e-06,-2.988865e-07,-1.792431e-07,-1.792431e-07,4.156650e-10,2.824472e-09,2.190516e-10,-5.006764e-11,1.453962e+00,8.111709e-01,7.791385e-01
8.015000e-11,8.500000e-05,0.000000e+00,8.500000e-05,1.960715e-06,-5.284015e-05,2.672118e-06,-2.178515e-07,-1.803253e-07,-1.803253e-07,-1.622348e-09,2.775480e-09,2.376025e-10,-4.730052e-11,1.455421e+00,8.113780e-01,7.790666e-01
8.020000e-11,8.000000e-05,0.000000e+00,8.000000e-05,6.497189e-07,-4.119905e-05,2.880910e-06,-1.380410e-07,-1.800906e-07,-1.800906e-07,-3.660726e-09,2.709728e-09,2.549697e-10,-4.419570e-11,1.456108e+00,8.116002e-01,7.790024e-01
8.025000e-11,7.500000e-05,0.000000e+00,7.500000e-05,-1.207386e-07,-3.416616e-05,3.043031e-06,-6.006449e-08,-1.785491e-07,-1.785491e-07,-5.685053e-09,2.627271e-09,2.710714e-10,-4.077303e-11,1.455926e+00,8.118355e-01,7.789461e-01
8.030000e-11,7.000000e-05,0.000000e+00,7.000000e-05,-5.163060e-07,-3.324652e-05,3.145969e-06,1.551012e-08,-1.757216e-07,-1.757216e-07,-7.680833e-09,2.528270e-09,2.858314e-10,-3.705489e-11,1.454843e+00,8.120825e-01,7.788981e-01
8.035000e-11,6.500000e-05,0.000000e+00,6.500000e-05,-7.467727e-07,-3.889752e-05,3.178862e-06,8.815934e-08,-1.716396e-07,-1.716396e-07,-9.633603e-09,2.412997e-09,2.991794e-10,-3.306597e-11,1.452878e+00,8.123395e-01,7.788584e-01
8.040000e-11,6.000000e-05,0.000000e+00,6.000000e-05,-1.026204e-06,-5.053573e-05,3.133076e-06,1.574061e-07,-1.663448e-07,-1.663448e-07,-1.152905e-08,2.281837e-09,3.110506e-10,-2.883298e-11,1.450075e+00,8.126050e-01,7.788273e-01
8.045000e-11,5.500000e-05,0.000000e+00,5.500000e-05,-1.536414e-06,-6.673130e-05,3.002327e-06,2.228204e-07,-1.598891e-07,-1.598891e-07,-1.335313e-08,2.135291e-09,3.213857e-10,-2.438442e-11,1.446476e+00,8.128775e-01,7.788047e-01
8.050000e-11,5.000000e-05,0.000000e+00,5.000000e-05,-2.399862e-06,-8.552737e-05,2.782417e-06,2.840191e-07,-1.523337e-07,-1.523337e-07,-1.509218e-08,1.973973e-09,3.301315e-10,-1.975031e-11,1.442108e+00,8.131552e-01,7.787905e-01
8.055000e-11,4.500000e-05,0.000000e+00,4.500000e-05,-3.665555e-06,-1.048101e-04,2.470718e-06,3.406642e-07,-1.437489e-07,-1.437489e-07,-1.673303e-08,1.798613e-09,3.372402e-10,-1.496188e-11,1.436969e+00,8.134365e-01,7.787848e-01
8.060000e-11,4.000000e-05,0.000000e+00,4.000000e-05,-5.308727e-06,-1.226571e-04,2.065567e-06,3.924604e-07,-1.342130e-07,-1.342130e-07,-1.826315e-08,1.610054e-09,3.426702e-10,-1.005129e-11,1.431022e+00,8.137193e-01,7.787871e-01
8.065000e-11,3.500000e-05,0.000000e+00,3.500000e-05,-7.242577e-06,-1.376059e-04,1.565720e-06,4.391521e-07,-1.238120e-07,-1.238120e-07,-1.967070e-08,1.409251e-09,3.463855e-10,-5.051380e-12,1.424206e+00,8.140012e-01,7.787974e-01
8.070000e-11,3.000000e-05,0.000000e+00,3.000000e-05,-9.338519e-06,-1.488078e-04,9.699723e-07,4.805194e-07,-1.126386e-07,-1.126386e-07,-2.094470e-08,1.197265e-09,3.483564e-10,4.664637e-15,1.416442e+00,8.142794e-01,7.788153e-01
8.075000e-11,2.500000e-05,0.000000e+00,2.500000e-05,-1.145042e-05,-1.560570e-04,2.770417e-07,5.163735e-07,-1.007914e-07,-1.007914e-07,-2.207510e-08,9.752603e-10,3.485593e-10,5.083560e-12,1.407649e+00,8.145510e-01,7.788404e-01
8.080000e-11,2.000000e-05,0.000000e+00,2.000000e-05,-1.343831e-05,-1.597094e-04,-5.142938e-07,5.465517e-07,-8.837380e-08,-8.837380e-08,-2.305285e-08,7.444986e-10,3.469769e-10,1.015220e-11,1.397763e+00,8.148123e-01,7.788723e-01
8.085000e-11,1.500000e-05,0.000000e+00,1.500000e-05,-1.518784e-05,-1.605235e-04,-1.404818e-06,5.709129e-07,-7.549326e-08,-7.549326e-08,-2.387006e-08,5.063329e-10,3.435986e-10,1.517790e-11,1.386748e+00,8.150593e-01,7.789105e-01
8.090000e-11,1.000000e-05,0.000000e+00,1.000000e-05,-1.662312e-05,-1.594631e-04,-2.394338e-06,5.893325e-07,-6.226018e-08,-6.226018e-08,-2.452000e-08,2.621993e-10,3.384206e-10,2.012866e-11,1.374607e+00,8.152875e-01,7.789545e-01
8.095000e-11,5.000000e-06,0.000000e+00,5.000000e-06,-1.771187e-05,-1.575056e-04,-3.481067e-06,6.016974e-07,-4.878694e-08,-4.878694e-08,-2.499723e-08,1.360880e-11,3.314462e-10,2.497338e-11,1.361389e+00,8.154920e-01,7.790036e-01
8.100000e-11,0.000000e+00,0.000000e+00,0.000000e+00,-1.846374e-05,-1.554856e-04,-4.661043e-06,6.079021e-07,-3.518686e-08,-3.518686e-08,-2.529760e-08,-2.378623e-10,3.226860e-10,2.968205e-11,1.347188e+00,8.156672e-01,7.790575e-01
8.105000e-11,0.000000e+00,0.000000e+00,0.000000e+00,-1.602384e-05,-2.161256e-05,-5.925980e-06,6.078457e-07,-2.157319e-08,-2.157319e-08,-2.541836e-08,-4.905825e-10,3.121582e-10,3.422600e-11,1.332284e+00,8.158071e-01,7.791153e-01
8.110000e-11,0.000000e+00,0.000000e+00,0.000000e+00,-1.388057e-05,-8.387530e-05,-7.261892e-06,6.014294e-07,-8.058112e-09,-8.058112e-09,-2.535816e-08,-7.428762e-10,2.998889e-10,3.857796e-11,1.317052e+00,8.159055e-01,7.791765e-01
8.115000e-11,0.000000e+00,0.000000e+00,0.000000e+00,-1.223638e-05,-9.958159e-05,-8.649110e-06,5.885562e-07,5.248206e-09,5.248206e-09,-2.511708e-08,-9.930355e-10,2.859125e-10,4.271232e-11,1.301867e+00,8.159554e-01,7.792405e-01
8.120000e-11,0.000000e+00,0.000000e+00,0.000000e+00,-1.119175e-05,-1.140800e-04,-1.006340e-05,5.691300e-07,1.823856e-08,1.823856e-08,-2.469666e-08,-1.239333e-09,2.702718e-10,4.660519e-11,1.287053e+00,8.159498e-01,7.793065e-01
8.125000e-11,0.000000e+00,0.000000e+00,0.000000e+00,-1.074072e-05,-1.248528e-04,-1.147764e-05,5.430567e-07,3.080955e-08,3.080955e-08,-2.409987e-08,-1.480033e-09,2.530183e-10,5.023452e-11,1.272855e+00,8.158815e-01,7.793739e-01
8.130000e-11,0.000000e+00,0.000000e+00,0.000000e+00,-1.078737e-05,-1.301411e-04,-1.286372e-05,5.102474e-07,4.286245e-08,4.286245e-08,-2.333112e-08,-1.713409e-09,2.342126e-10,5.358019e-11,1.259436e+00,8.157432e-01,7.794422e-01
8.135000e-11,0.000000e+00,0.000000e+00,0.000000e+00,-1.117683e-05,-1.292037e-04,-1.419412e-05,4.706218e-07,5.430386e-08,5.430386e-08,-2.239623e-08,-1.937751e-09,2.139244e-10,5.662407e-11,1.246888e+00,8.155274e-01,7.795105e-01
8.140000e-11,0.000000e+00,0.000000e+00,0.000000e+00,-1.173256e-05,-1.223335e-04,-1.544329e-05,4.241139e-07,6.504648e-08,6.504648e-08,-2.130238e-08,-2.151387e-09,1.922326e-10,5.935004e-11,1.235251e+00,8.152274e-01,7.795783e-01
8.145000e-11,0.000000e+00,0.000000e+00,0.000000e+00,-1.229152e-05,-1.106722e-04,-1.658847e-05,3.706781e-07,7.500957e-08,7.500957e-08,-2.005807e-08,-2.352689e-09,1.692256e-10,6.174407e-11,1.224529e+00,8.148366e-01,7.796449e-01
8.150000e-11,0.000000e+00,0.000000e+00,0.000000e+00,-1.273096e-05,-9.589477e-05,-1.761015e-05,3.102975e-07,8.411956e-08,8.411956e-08,-1.867306e-08,-2.540094e-09,1.450014e-10,6.379418e-11,1.214712e+00,8.143491e-01,7.797096e-01
8.155000e-11,0.000000e+00,0.000000e+00,0.000000e+00,-1.298308e-05,-7.984250e-05,-1.849221e-05,2.429917e-07,9.231037e-08,9.231037e-08,-1.715826e-08,-2.712114e-09,1.196672e-10,6.549044e-11,1.205788e+00,8.137599e-01,7.797720e-01
8.160000e-11,0.000000e+00,0.000000e+00,0.000000e+00,-1.303691e-05,-6.418164e-05,-1.922174e-05,1.688263e-07,9.952375e-08,9.952375e-08,-1.552571e-08,-2.867350e-09,9.333955e-11,6.682498e-11,1.197749e+00,8.130652e-01,7.798313e-01
8.165000e-11,0.000000e+00,0.000000e+00,0.000000e+00,-1.292886e-05,-5.014704e-05,-1.978892e-05,8.792207e-08,1.057095e-07,1.057095e-07,-1.378839e-08,-3.004505e-09,6.614424e-11,6.779194e-11,1.190596e+00,8.122621e-01,7.798870e-01
8.170000e-11,0.000000e+00,0.000000e+00,0.000000e+00,-1.272590e-05,-3.840426e-05,-2.018673e-05,4.643491e-10,1.108257e-07,1.108257e-07,-1.196021e-08,-3.122396e-09,3.821571e-11,6.838740e-11,1.184332e+00,8.113493e-01,7.799385e-01
8.175000e-11,0.000000e+00,0.000000e+00,0.000000e+00,-1.250540e-05,-2.903714e-05,-2.041084e-05,-9.328794e-08,1.148385e-07,1.148385e-07,-1.005584e-08,-3.219968e-09,9.696930e-12,6.860939e-11,1.178958e+00,8.103269e-01,7.799853e-01
8.180000e-11,0.000000e+00,0.000000e+00,0.000000e+00,-1.233624e-05,-2.164368e-05,-2.045953e-05,-1.929940e-07,1.177223e-07,1.177223e-07,-8.090570e-09,-3.296303e-09,-1.926125e-11,6.845778e-11,1.174463e+00,8.091967e-01,7.800268e-01
8.185000e-11,0.000000e+00,0.000000e+00,0.000000e+00,-1.226447e-05,-1.550617e-05,-2.033368e-05,-2.982239e-07,1.194598e-07,1.194598e-07,-6.080240e-09,-3.350630e-09,-4.850060e-11,6.793423e-11,1.170824e+00,8.079622e-01,7.800625e-01
8.190000e-11,0.000000e+00,0.000000e+00,0.000000e+00,-1.230569e-05,-9.793072e-06,-2.003683e-05,-4.084525e-07,1.200414e-07,1.200414e-07,-4.041057e-09,-3.382334e-09,-7.785622e-11,6.704216e-11,1.167997e+00,8.066284e-01,7.800920e-01
8.195000e-11,0.000000e+00,0.000000e+00,0.000000e+00,-1.244461e-05,-3.751203e-06,-1.957518e-05,-5.230558e-07,1.194653e-07,1.194653e-07,-1.989480e-09,-3.390965e-09,-1.071573e-10,6.578665e-11,1.165922e+00,8.052021e-01,7.801147e-01
8.200000e-11,0.000000e+00,0.000000e+00,0.000000e+00,-1.264092e-05,3.145558e-06,-1.895749e-05,-6.413080e-07,1.177372e-07,1.177372e-07,5.792614e-11,-3.376245e-09,-1.362283e-10,6.417436e-11,1.164524e+00,8.036917e-01,7.801302e-01
8.205000e-11,0.000000e+00,0.000000e+00,0.000000e+00,-1.283960e-05,1.111171e-05,-1.819498e-05,-7.623816e-07,1.148698e-07,1.148698e-07,2.084631e-09,-3.338069e-09,-1.648893e-10,6.221352e-11,1.163721e+00,8.021075e-01,7.801380e-01
8.210000e-11,0.000000e+00,0.000000e+00,0.000000e+00,-1.298301e-05,2.003592e-05,-1.730093e-05,-8.853503e-07,1.108829e-07,1.108829e-07,4.074278e-09,-3.276515e-09,-1.929578e-10,5.991382e-11,1.163433e+00,8.004607e-01,7.801379e-01
8.215000e-11,0.000000e+00,0.000000e+00,0.000000e+00,-1.302251e-05,2.952986e-05,-1.629035e-05,-1.009193e-06,1.058026e-07,1.058026e-07,6.010823e-09,-3.191840e-09,-2.202496e-10,5.728637e-11,1.163584e+00,7.987642e-01,7.801293e-01
8.220000e-11,0.000000e+00,0.000000e+00,0.000000e+00,-1.292726e-05,3.902230e-05,-1.517940e-05,-1.132802e-06,9.966117e-08,9.966117e-08,7.878668e-09,-3.084486e-09,-2.465798e-10,5.434363e-11,1.164112e+00,7.970319e-01,7.801119e-01
8.225000e-11,0.000000e+00,0.000000e+00,0.000000e+00,-1.268917e-05,4.787560e-05,-1.398488e-05,-1.254991e-06,9.249665e-08,9.249665e-08,9.662793e-09,-2.955077e-09,-2.717647e-10,5.109937e-11,1.164970e+00,7.952787e-01,7.800855e-01
8.230000e-11,0.000000e+00,0.000000e+00,0.000000e+00,-1.232330e-05,5.550047e-05,-1.272366e-05,-1.374511e-06,8.435262e-08,8.435262e-08,1.134888e-08,-2.804417e-09,-2.956227e-10,4.756861e-11,1.166129e+00,7.935200e-01,7.800496e-01
8.235000e-11,0.000000e+00,0.000000e+00,0.000000e+00,-1.186434e-05,6.144921e-05,-1.141225e-05,-1.490061e-06,7.527780e-08,7.527780e-08,1.292343e-08,-2.633484e-09,-3.179759e-10,4.376760e-11,1.167571e+00,7.917720e-01,7.800042e-01
8.240000e-11,0.000000e+00,0.000000e+00,0.000000e+00,-1.136000e-05,6.547394e-05,-1.006638e-05,-1.600307e-06,6.532578e-08,6.532578e-08,1.437387e-08,-2.443427e-09,-3.386517e-10,3.971375e-11,1.169289e+00,7.900506e-01,7.799489e-01
8.245000e-11,0.000000e+00,0.000000e+00,0.000000e+00,-1.086297e-05,6.754456e-05,-8.700777e-06,-1.703899e-06,5.455477e-08,5.455477e-08,1.568865e-08,-2.235559e-09,-3.574840e-10,3.542557e-11,1.171281e+00,7.883721e-01,7.798837e-01
8.250000e-11,0.000000e+00,0.000000e+00,0.000000e+00,-1.042277e-05,6.782917e-05,-7.329050e-06,-1.799493e-06,4.302739e-08,4.302739e-08,1.685735e-08,-2.011347e-09,-3.743151e-10,3.092271e-11,1.173542e+00,7.867522e-01,7.798085e-01
8.255000e-11,0.000000e+00,0.000000e+00,0.000000e+00,-1.007888e-05,6.664559e-05,-5.963670e-06,-1.885769e-06,3.081041e-08,3.081041e-08,1.787073e-08,-1.772402e-09,-3.889969e-10,2.622583e-11,1.176061e+00,7.852060e-01,7.797233e-01
8.260000e-11,0.000000e+00,0.000000e+00,0.000000e+00,-9.856065e-06,6.439663e-05,-4.616062e-06,-1.961454e-06,1.797464e-08,1.797464e-08,1.872084e-08,-1.520467e-09,-4.013926e-10,2.135663e-11,1.178817e+00,7.837479e-01,7.796281e-01
8.265000e-11,0.000000e+00,0.000000e+00,0.000000e+00,-9.762370e-06,6.150248e-05,-3.296741e-06,-2.025344e-06,4.594777e-09,4.594777e-09,1.940100e-08,-1.257405e-09,-4.113779e-10,1.633778e-11,1.181777e+00,7.823912e-01,7.795230e-01
8.270000e-11,0.000000e+00,0.000000e+00,0.000000e+00,-9.789600e-06,5.834203e-05,-2.015456e-06,-2.076326e-06,-9.250761e-09,-9.250761e-09,1.990594e-08,-9.851859e-10,-4.188424e-10,1.119291e-11,1.184898e+00,7.811479e-01,7.794083e-01
8.275000e-11,0.000000e+00,0.000000e+00,0.000000e+00,-9.915966e-06,5.521147e-05,-7.813260e-07,-2.113396e-06,-2.347991e-08,-2.347991e-08,2.023176e-08,-7.058686e-10,-4.236914e-10,5.946522e-12,1.188124e+00,7.800287e-01,7.792843e-01
8.280000e-11,0.000000e+00,0.000000e+00,0.000000e+00,-1.011010e-05,5.230408e-05,3.970854e-07,-2.135680e-06,-3.800711e-08,-3.800711e-08,2.037597e-08,-4.215872e-10,-4.258465e-10,6.239723e-13,1.191397e+00,7.790426e-01,7.791513e-01
8.285000e-11,0.000000e+00,0.000000e+00,0.000000e+00,-1.033562e-05,4.971061e-05,1.511747e-06,-2.142456e-06,-5.274336e-08,-5.274336e-08,2.033749e-08,-1.345328e-10,-4.252470e-10,-4.748586e-12,1.194655e+00,7.781971e-01,7.790100e-01
8.290000e-11,0.000000e+00,0.000000e+00,0.000000e+00,-1.055560e-05,4.743615e-05,2.555208e-06,-2.133161e-06,-6.759642e-08,-6.759642e-08,2.011666e-08,1.530636e-10,-4.218510e-10,-1.014427e-11,1.197840e+00,7.774977e-01,7.788607e-01
8.295000e-11,0.000000e+00,0.000000e+00,0.000000e+00,-1.073616e-05,4.542703e-05,3.520710e-06,-2.107413e-06,-8.247094e-08,-8.247094e-08,1.971521e-08,4.389497e-10,-4.156362e-10,-1.553556e-11,1.200902e+00,7.769483e-01,7.787043e-01
8.300000e-11,0.000000e+00,0.000000e+00,0.000000e+00,-1.084912e-05,4.360069e-05,4.402337e-06,-2.065019e-06,-9.726864e-08,-9.726864e-08,1.913623e-08,7.208703e-10,-4.066006e-10,-2.089432e-11,1.203798e+00,7.765507e-01,7.785415e-01
8.305000e-11,0.000000e+00,0.000000e+00,0.000000e+00,-1.087342e-05,4.187218e-05,5.195205e-06,-2.005982e-06,-1.118886e-07,-1.118886e-07,1.838412e-08,9.965860e-10,-3.947632e-10,-2.619195e-11,1.206504e+00,7.763052e-01,7.783732e-01
8.310000e-11,0.000000e+00,0.000000e+00,0.000000e+00,-1.079553e-05,4.017305e-05,5.895650e-06,-1.930508e-06,-1.262275e-07,-1.262275e-07,1.746459e-08,1.263892e-09,-3.801642e-10,-3.139948e-11,1.209006e+00,7.762100e-01,7.782004e-01
8.315000e-11,0.000000e+00,0.000000e+00,0.000000e+00,-1.060912e-05,3.846051e-05,6.501400e-06,-1.839005e-06,-1.401801e-07,-1.401801e-07,1.638451e-08,1.520637e-09,-3.628654e-10,-3.648765e-11,1.211310e+00,7.762617e-01,7.780242e-01
8.320000e-11,0.000000e+00,0.000000e+00,0.000000e+00,-1.031429e-05,3.671749e-05,7.011719e-06,-1.732086e-06,-1.536396e-07,-1.536396e-07,1.515196e-08,1.764742e-09,-3.429504e-10,-4.142707e-11,1.213433e+00,7.764553e-01,7.778457e-01
8.325000e-11,0.000000e+00,0.000000e+00,0.000000e+00,-9.916580e-06,3.494594e-05,7.427505e-06,-1.610559e-06,-1.664982e-07,-1.664982e-07,1.377606e-08,1.994215e-09,-3.205242e-10,-4.618836e-11,1.215409e+00,7.767840e-01,7.776661e-01
8.330000e-11,0.000000e+00,0.000000e+00,0.000000e+00,-9.426095e-06,3.315670e-05,7.751325e-06,-1.475422e-06,-1.786478e-07,-1.786478e-07,1.226694e-08,2.207173e-09,-2.957129e-10,-5.074228e-11,1.217282e+00,7.772399e-01,7.774868e-01
8.335000e-11,0.000000e+00,0.000000e+00,0.000000e+00,-8.856719e-06,3.135954e-05,7.987390e-06,-1.327852e-06,-1.899806e-07,-1.899806e-07,1.063564e-08,2.401855e-09,-2.686634e-10,-5.505991e-11,1.219104e+00,7.778135e-01,7.773090e-01
8.340000e-11,0.000000e+00,0.000000e+00,0.000000e+00,-8.225465e-06,2.955613e-05,8.141472e-06,-1.169187e-06,-2.003901e-07,-2.003901e-07,8.894040e-09,2.576637e-09,-2.395424e-10,-5.911283e-11,1.220934e+00,7.784946e-01,7.771342e-01
8.345000e-11,0.000000e+00,0.000000e+00,0.000000e+00,-7.551874e-06,2.773751e-05,8.220748e-06,-1.000912e-06,-2.097715e-07,-2.097715e-07,7.054747e-09,2.730048e-09,-2.085358e-10,-6.287330e-11,1.222834e+00,7.792717e-01,7.769638e-01
8.350000e-11,0.000000e+00,0.000000e+00,0.000000e+00,-6.857361e-06,2.588619e-05,8.233594e-06,-8.246419e-07,-2.180236e-07,-2.180236e-07,5.131016e-09,2.860782e-09,-1.758472e-10,-6.631444e-11,1.224866e+00,7.801328e-01,7.767993e-01
8.355000e-11,0.000000e+00,0.000000e+00,0.000000e+00,-6.164408e-06,2.398184e-05,8.189333e-06,-6.420923e-07,-2.250489e-07,-2.250489e-07,3.136653e-09,2.967711e-09,-1.416971e-10,-6.941049e-11,1.227085e+00,7.810653e-01,7.766420e-01
8.360000e-11,0.000000e+00,0.000000e+00,0.000000e+00,-5.495582e-06,2.200858e-05,8.097932e-06,-4.550624e-07,-2.307552e-07,-2.307552e-07,1.085921e-09,3.049889e-09,-1.063209e-10,-7.213694e-11,1.229542e+00,7.820563e-01,7.764933e-01
8.365000e-11,0.000000e+00,0.000000e+00,0.000000e+00,-4.872387e-06,1.996186e-05,7.969680e-06,-2.654077e-07,-2.350568e-07,-2.350568e-07,-1.006557e-09,3.106569e-09,-6.996785e-11,-7.447081e-11,1.232278e+00,7.830928e-01,7.763547e-01
8.370000e-11,0.000000e+00,0.000000e+00,0.000000e+00,-4.314052e-06,1.785289e-05,7.814849e-06,-7.501412e-08,-2.378757e-07,-2.378757e-07,-3.125886e-09,3.137204e-09,-3.289862e-11,-7.639083e-11,1.235322e+00,7.841619e-01,7.762274e-01
8.375000e-11,0.000000e+00,0.000000e+00,0.000000e+00,-3.836390e-06,1.570943e-05,7.643355e-06,1.142281e-07,-2.391424e-07,-2.391424e-07,-5.256995e-09,3.141453e-09,4.616093e-12,-7.787767e-11,1.238689e+00,7.852509e-01,7.761127e-01
8.380000e-11,0.000000e+00,0.000000e+00,0.000000e+00,-3.450876e-06,1.357277e-05,7.464428e-06,3.004510e-07,-2.387977e-07,-2.387977e-07,-7.384725e-09,3.119184e-09,4.229786e-11,-7.891416e-11,1.242379e+00,7.863477e-01,7.760117e-01
8.385000e-11,0.000000e+00,0.000000e+00,0.000000e+00,-3.164076e-06,1.149131e-05,7.286324e-06,4.818348e-07,-2.367935e-07,-2.367935e-07,-9.493919e-09,3.070477e-09,7.986265e-11,-7.948550e-11,1.246378e+00,7.874407e-01,7.759254e-01
8.390000e-11,0.000000e+00,0.000000e+00,0.000000e+00,-2.977530e-06,9.512094e-06,7.116069e-06,6.566336e-07,-2.330941e-07,-2.330941e-07,-1.156950e-08,2.995621e-09,1.170231e-10,-7.957944e-11,1.250658e+00,7.885194e-01,7.758547e-01
8.395000e-11,0.000000e+00,0.000000e+00,0.000000e+00,-2.888097e-06,7.672045e-06,6.959263e-06,8.231987e-07,-2.276773e-07,-2.276773e-07,-1.359658e-08,2.895115e-09,1.534908e-10,-7.918651e-11,1.255177e+00,7.895739e-01,7.758005e-01
8.400000e-11,0.000000e+00,0.000000e+00,0.000000e+00,-2.888737e-06,5.990512e-06,6.819944e-06,9.800010e-07,-2.205350e-07,-2.205350e-07,-1.556049e-08,2.769659e-09,1.889787e-10,-7.830016e-11,1.259883e+00,7.905956e-01,7.757633e-01
8.405000e-11,0.000000e+00,0.000000e+00,0.000000e+00,-2.969601e-06,4.464573e-06,6.700524e-06,1.125652e-06,-2.116747e-07,-2.116747e-07,-1.744691e-08,2.620155e-09,2.232036e-10,-7.691694e-11,1.264715e+00,7.915770e-01,7.757436e-01
8.410000e-11,0.000000e+00,0.000000e+00,0.000000e+00,-3.119303e-06,3.067926e-06,6.601784e-06,1.258919e-06,-2.011194e-07,-2.011194e-07,-1.924193e-08,2.447693e-09,2.558882e-10,-7.503668e-11,1.269605e+00,7.925119e-01,7.757417e-01
8.415000e-11,0.000000e+00,0.000000e+00,0.000000e+00,-3.326194e-06,1.753527e-06,6.522942e-06,1.378744e-06,-1.889089e-07,-1.889089e-07,-2.093210e-08,2.253546e-09,2.867641e-10,-7.266254e-11,1.274480e+00,7.933954e-01,7.757576e-01
8.420000e-11,0.000000e+00,0.000000e+00,0.000000e+00,-3.579475e-06,4.594953e-07,6.461774e-06,1.484253e-06,-1.750995e-07,-1.750995e-07,-2.250454e-08,2.039160e-09,3.155736e-10,-6.980118e-11,1.279269e+00,7.942237e-01,7.757914e-01
8.425000e-11,0.000000e+00,0.000000e+00,0.000000e+00,-3.870034e-06,-8.827204e-07,6.414775e-06,1.574766e-06,-1.597645e-07,-1.597645e-07,-2.394697e-08,1.806138e-09,3.420725e-10,-6.646280e-11,1.283899e+00,7.949944e-01,7.758427e-01
8.430000e-11,0.000000e+00,0.000000e+00,0.000000e+00,-4.190913e-06,-2.339216e-06,6.377370e-06,1.649801e-06,-1.429942e-07,-1.429942e-07,-2.524782e-08,1.556234e-09,3.660317e-10,-6.266123e-11,1.288301e+00,7.957064e-01,7.759112e-01
8.435000e-11,0.000000e+00,0.000000e+00,0.000000e+00,-4.537402e-06,-3.964907e-06,6.344130e-06,1.709080e-06,-1.248950e-07,-1.248950e-07,-2.639626e-08,1.291330e-09,3.872400e-10,-5.841386e-11,1.292410e+00,7.963598e-01,7.759961e-01
8.440000e-11,0.000000e+00,0.000000e+00,0.000000e+00,-4.906765e-06,-5.796385e-06,6.309013e-06,1.752525e-06,-1.055897e-07,-1.055897e-07,-2.738231e-08,1.013430e-09,4.055055e-10,-5.374175e-11,1.296166e+00,7.969555e-01,7.760968e-01
8.445000e-11,0.000000e+00,0.000000e+00,0.000000e+00,-5.297709e-06,-7.847196e-06,6.265598e-06,1.780252e-06,-8.521609e-08,-8.521609e-08,-2.819684e-08,7.246385e-10,4.206578e-10,-4.866949e-11,1.299516e+00,7.974957e-01,7.762122e-01
8.450000e-11,0.000000e+00,0.000000e+00,0.000000e+00,-5.709659e-06,-1.010594e-05,6.207311e-06,1.792571e-06,-6.392613e-08,-6.392613e-08,-2.883170e-08,4.271446e-10,4.325496e-10,-4.322516e-11,1.302413e+00,7.979832e-01,7.763413e-01
8.455000e-11,0.000000e+00,0.000000e+00,0.000000e+00,-6.141996e-06,-1.253711e-05,6.127637e-06,1.789967e-06,-4.188476e-08,-4.188476e-08,-2.927975e-08,1.232070e-10,4.410581e-10,-3.744023e-11,1.304815e+00,7.984217e-01,7.764827e-01
8.460000e-11,0.000000e+00,0.000000e+00,0.000000e+00,-6.593331e-06,-1.508432e-05,6.020314e-06,1.773092e-06,-1.926835e-08,-1.926835e-08,-2.953494e-08,-1.848650e-10,4.460864e-10,-3.134940e-11,1.306689e+00,7.988153e-01,7.766352e-01
8.465000e-11,0.000000e+00,0.000000e+00,0.000000e+00,-7.060920e-06,-1.767506e-05,5.879503e-06,1.742749e-06,3.736960e-09,3.736960e-09,-2.959232e-08,-4.947285e-10,4.475646e-10,-2.499043e-11,1.308007e+00,7.991686e-01,7.767973e-01
8.470000e-11,0.000000e+00,0.000000e+00,0.000000e+00,-7.540281e-06,-2.022643e-05,5.699940e-06,1.699873e-06,2.693710e-08,2.693710e-08,-2.944817e-08,-8.040249e-10,4.454504e-10,-1.840392e-11,1.308749e+00,7.994862e-01,7.769674e-01
8.475000e-11,0.000000e+00,0.000000e+00,0.000000e+00,-8.025028e-06,-2.265079e-05,5.477067e-06,1.645513e-06,5.013213e-08,5.013213e-08,-2.910001e-08,-1.110397e-09,4.397301e-10,-1.163309e-11,1.308901e+00,7.997732e-01,7.771438e-01
8.480000e-11,0.000000e+00,0.000000e+00,0.000000e+00,-8.506920e-06,-2.486090e-05,5.207147e-06,1.580809e-06,7.311840e-08,7.311840e-08,-2.854665e-08,-1.411508e-09,4.304187e-10,-4.723491e-12,1.308457e+00,8.000341e-01,7.773249e-01
8.485000e-11,0.000000e+00,0.000000e+00,0.000000e+00,-8.976105e-06,-2.677413e-05,4.887357e-06,1.506974e-06,9.569084e-08,9.569084e-08,-2.778825e-08,-1.705055e-09,4.175604e-10,2.277317e-12,1.307419e+00,8.002737e-01,7.775090e-01
8.490000e-11,0.000000e+00,0.000000e+00,0.000000e+00,-9.421506e-06,-2.831540e-05,4.515875e-06,1.425269e-06,1.176453e-07,1.176453e-07,-2.682636e-08,-1.988790e-09,4.012278e-10,9.320055e-12,1.305797e+00,8.004959e-01,7.776944e-01
8.495000e-11,0.000000e+00,0.000000e+00,0.000000e+00,-9.831309e-06,-2.941923e-05,4.091947e-06,1.336983e-06,1.387810e-07,1.387810e-07,-2.566398e-08,-2.260533e-09,3.815224e-10,1.635411e-11,1.303608e+00,8.007046e-01,7.778794e-01
8.500000e-11,0.000000e+00,0.000000e+00,0.000000e+00,-1.019350e-05,-3.003077e-05,3.615945e-06,1.243407e-06,1.589030e-07,1.589030e-07,-2.430554e-08,-2.518186e-09,3.585733e-10,2.332788e-11,1.300880e+00,8.009027e-01,7.780622e-01
8.505000e-11,0.000000e+00,0.000000e+00,0.000000e+00,-1.049639e-05,-3.010637e-05,3.089409e-06,1.145818e-06,1.778242e-07,1.778242e-07,-2.275695e-08,-2.759753e-09,3.325366e-10,3.018922e-11,1.297650e+00,8.010929e-01,7.782415e-01
8.510000e-11,0.000000e+00,0.000000e+00,0.000000e+00,-1.072917e-05,-2.961394e-05,2.515075e-06,1.045456e-06,1.953684e-07,1.953684e-07,-2.102562e-08,-2.983347e-09,3.035945e-10,3.688581e-11,1.293964e+00,8.012767e-01,7.784155e-01
8.515000e-11,0.000000e+00,0.000000e+00,0.000000e+00,-1.088237e-05,-2.853311e-05,1.896890e-06,9.435072e-07,2.113719e-07,2.113719e-07,-1.912044e-08,-3.187207e-09,2.719536e-10,4.336558e-11,1.289878e+00,8.014551e-01,7.785829e-01
8.520000e-11,0.000000e+00,0.000000e+00,0.000000e+00,-1.094828e-05,-2.685557e-05,1.240001e-06,8.410855e-07,2.256856e-07,2.256856e-07,-1.705181e-08,-3.369708e-09,2.378436e-10,4.957718e-11,1.285455e+00,8.016283e-01,7.787425e-01
8.525000e-11,0.000000e+00,0.000000e+00,0.000000e+00,-1.092131e-05,-2.458535e-05,5.507274e-07,7.392192e-07,2.381774e-07,2.381774e-07,-1.483157e-08,-3.529373e-09,2.015155e-10,5.547037e-11,1.280770e+00,8.017958e-01,7.788929e-01
8.530000e-11,0.000000e+00,0.000000e+00,0.000000e+00,-1.079827e-05,-2.173894e-05,-1.634886e-07,6.388388e-07,2.487336e-07,2.487336e-07,-1.247298e-08,-3.664882e-09,1.632398e-10,6.099650e-11,1.275902e+00,8.019560e-01,7.790332e-01
8.535000e-11,0.000000e+00,0.000000e+00,0.000000e+00,-1.057855e-05,-1.834531e-05,-8.941632e-07,5.407669e-07,2.572600e-07,2.572600e-07,-9.990690e-09,-3.775079e-09,1.233040e-10,6.610890e-11,1.270939e+00,8.021070e-01,7.791625e-01
8.540000e-11,0.000000e+00,0.000000e+00,0.000000e+00,-1.026424e-05,-1.444542e-05,-1.631875e-06,4.457114e-07,2.636841e-07,2.636841e-07,-7.400668e-09,-3.858984e-09,8.201079e-11,7.076333e-11,1.265973e+00,8.022461e-01,7.792801e-01
8.545000e-11,0.000000e+00,0.000000e+00,0.000000e+00,-9.860077e-06,-1.009149e-05,-2.366398e-06,3.542612e-07,2.679550e-07,2.679550e-07,-4.720106e-09,-3.915792e-09,3.967552e-11,7.491842e-11,1.261097e+00,8.023701e-01,7.793852e-01
8.550000e-11,0.000000e+00,0.000000e+00,0.000000e+00,-9.373382e-06,-5.345782e-06,-3.086866e-06,2.668845e-07,2.700447e-07,2.700447e-07,-1.967338e-09,-3.944887e-09,-3.376418e-12,7.853600e-11,1.256409e+00,8.024752e-01,7.794777e-01
8.555000e-11,0.000000e+00,0.000000e+00,0.000000e+00,-8.813822e-06,-2.792487e-07,-3.781960e-06,1.839300e-07,2.699484e-07,2.699484e-07,8.382748e-10,-3.945839e-09,-4.681207e-11,8.158152e-11,1.252004e+00,8.025575e-01,7.795570e-01
8.560000e-11,0.000000e+00,0.000000e+00,0.000000e+00,-8.193114e-06,5.029885e-06,-4.440120e-06,1.056306e-07,2.676840e-07,2.676840e-07,3.676471e-09,-3.918411e-09,-9.029360e-11,8.402441e-11,1.247973e+00,8.026127e-01,7.796233e-01
8.565000e-11,0.000000e+00,0.000000e+00,0.000000e+00,-7.524655e-06,1.049748e-05,-5.049780e-06,3.210922e-08,2.632927e-07,2.632927e-07,6.526231e-09,-3.862560e-09,-1.334810e-10,8.583838e-11,1.244404e+00,8.026366e-01,7.796765e-01
8.570000e-11,0.000000e+00,0.000000e+00,0.000000e+00,-6.823111e-06,1.603461e-05,-5.599622e-06,-3.661241e-08,2.568375e-07,2.568375e-07,9.365934e-09,-3.778436e-09,-1.760346e-10,8.700172e-11,1.241377e+00,8.026250e-01,7.797168e-01
8.575000e-11,0.000000e+00,0.000000e+00,0.000000e+00,-6.103984e-06,2.154844e-05,-6.078830e-06,-1.006038e-07,2.484030e-07,2.484030e-07,1.217353e-08,-3.666386e-09,-2.176184e-10,8.749756e-11,1.238959e+00,8.025740e-01,7.797445e-01
8.580000e-11,0.000000e+00,0.000000e+00,0.000000e+00,-5.383191e-06,2.694293e-05,-6.477358e-06,-1.600136e-07,2.380938e-07,2.380938e-07,1.492671e-08,-3.526948e-09,-2.579018e-10,8.731406e-11,1.237212e+00,8.024799e-01,7.797602e-01
8.585000e-11,0.000000e+00,0.000000e+00,0.000000e+00,-4.676678e-06,3.211947e-05,-6.786191e-06,-2.150562e-07,2.260332e-07,2.260332e-07,1.760314e-08,-3.360853e-09,-2.965631e-10,8.644465e-11,1.236178e+00,8.023397e-01,7.797643e-01
8.590000e-11,0.000000e+00,0.000000e+00,0.000000e+00,-4.000069e-06,3.697779e-05,-6.997592e-06,-2.659972e-07,2.123616e-07,2.123616e-07,2.018061e-08,-3.169018e-09,-3.332916e-10,8.488810e-11,1.235889e+00,8.021509e-01,7.797575e-01
8.595000e-11,0.000000e+00,0.000000e+00,0.000000e+00,-3.368366e-06,4.141720e-05,-7.105334e-06,-3.131389e-07,1.972343e-07,1.972343e-07,2.263727e-08,-2.952545e-09,-3.677901e-10,8.264865e-11,1.236361e+00,8.019120e-01,7.797406e-01
8.600000e-11,0.000000e+00,0.000000e+00,0.000000e+00,-2.795682e-06,4.533850e-05,-7.104902e-06,-3.568043e-07,1.808195e-07,1.808195e-07,2.495186e-08,-2.712711e-09,-3.997775e-10,7.973603e-11,1.237594e+00,8.016220e-01,7.797143e-01
8.605000e-11,0.000000e+00,0.000000e+00,0.000000e+00,-2.294987e-06,4.864673e-05,-6.993669e-06,-3.973223e-07,1.632963e-07,1.632963e-07,2.710392e-08,-2.450969e-09,-4.289906e-10,7.616547e-11,1.239569e+00,8.012810e-01,7.796796e-01
8.610000e-11,0.000000e+00,0.000000e+00,0.000000e+00,-1.877861e-06,5.125469e-05,-6.771025e-06,-4.350130e-07,1.448517e-07,1.448517e-07,2.907396e-08,-2.168933e-09,-4.551866e-10,7.195764e-11,1.242254e+00,8.008902e-01,7.796373e-01
8.615000e-11,0.000000e+00,0.000000e+00,0.000000e+00,-1.554206e-06,5.308719e-05,-6.438472e-06,-4.701737e-07,1.256791e-07,1.256791e-07,3.084378e-08,-1.868375e-09,-4.781447e-10,6.713855e-11,1.245601e+00,8.004519e-01,7.795884e-01
8.620000e-11,0.000000e+00,0.000000e+00,0.000000e+00,-1.331926e-06,5.408576e-05,-5.999665e-06,-5.030664e-07,1.059746e-07,1.059746e-07,3.239655e-08,-1.551212e-09,-4.976681e-10,6.173943e-11,1.249546e+00,7.999692e-01,7.795336e-01
8.625000e-11,0.000000e+00,0.000000e+00,0.000000e+00,-1.216548e-06,5.421336e-05,-5.460409e-06,-5.339063e-07,8.593549e-08,8.593549e-08,3.371713e-08,-1.219499e-09,-5.135850e-10,5.579647e-11,1.254011e+00,7.994465e-01,7.794740e-01
8.630000e-11,0.000000e+00,0.000000e+00,0.000000e+00,-1.210817e-06,5.345860e-05,-4.828603e-06,-5.628529e-07,6.575732e-08,6.575732e-08,3.479216e-08,-8.754168e-10,-5.257507e-10,4.935065e-11,1.258909e+00,7.988891e-01,7.794103e-01
8.635000e-11,0.000000e+00,0.000000e+00,0.000000e+00,-1.314267e-06,5.183870e-05,-4.114130e-06,-5.900024e-07,4.563157e-08,4.563157e-08,3.561030e-08,-5.212579e-10,-5.340481e-10,4.244741e-11,1.264138e+00,7.983035e-01,7.793435e-01
8.640000e-11,0.000000e+00,0.000000e+00,0.000000e+00,-1.522855e-06,4.940060e-05,-3.328704e-06,-6.153825e-07,2.574339e-08,2.574339e-08,3.616238e-08,-1.594156e-10,-5.383889e-10,3.513636e-11,1.269593e+00,7.976968e-01,7.792743e-01
8.645000e-11,0.000000e+00,0.000000e+00,0.000000e+00,-1.828690e-06,4.621964e-05,-2.485659e-06,-6.389499e-07,6.269524e-09,6.269524e-09,3.644148e-08,2.076309e-10,-5.387142e-10,2.747088e-11,1.275160e+00,7.970771e-01,7.792034e-01
8.650000e-11,0.000000e+00,0.000000e+00,0.000000e+00,-2.219961e-06,4.239540e-05,-1.599694e-06,-6.605897e-07,-1.262370e-08,-1.262370e-08,3.644312e-08,5.773312e-10,-5.349948e-10,1.950771e-11,1.280726e+00,7.964531e-01,7.791316e-01
8.655000e-11,0.000000e+00,0.000000e+00,0.000000e+00,-2.681137e-06,3.804469e-05,-6.865777e-07,-6.801174e-07,-3.078209e-08,-3.078209e-08,3.616531e-08,9.470798e-10,-5.272318e-10,1.130660e-11,1.286174e+00,7.958340e-01,7.790593e-01
8.660000e-11,0.000000e+00,0.000000e+00,0.000000e+00,-3.193484e-06,3.329219e-05,2.371889e-07,-6.972838e-07,-4.806506e-08,-4.806506e-08,3.560861e-08,1.314233e-09,-5.154564e-10,2.929724e-12,1.291396e+00,7.952293e-01,7.789871e-01
8.665000e-11,0.000000e+00,0.000000e+00,0.000000e+00,-3.735953e-06,2.825966e-05,1.154738e-06,-7.117813e-07,-6.434693e-08,-6.434693e-08,3.477617e-08,1.676124e-09,-4.997296e-10,-5.558704e-12,1.296286e+00,7.946488e-01,7.789154e-01
8.670000e-11,0.000000e+00,0.000000e+00,0.000000e+00,-4.286393e-06,2.305529e-05,2.049227e-06,-7.232531e-07,-7.951792e-08,-7.951792e-08,3.367377e-08,2.030086e-09,-4.801420e-10,-1.409299e-11,1.300751e+00,7.941021e-01,7.788447e-01
8.675000e-11,0.000000e+00,0.000000e+00,0.000000e+00,-4.823017e-06,1.776468e-05,2.904233e-06,-7.313038e-07,-9.348482e-08,-9.348482e-08,3.230975e-08,2.373466e-09,-4.568130e-10,-2.260648e-11,1.304709e+00,7.935987e-01,7.787753e-01
8.680000e-11,0.000000e+00,0.000000e+00,0.000000e+00,-5.325995e-06,1.244538e-05,3.704162e-06,-7.355120e-07,-1.061715e-07,-1.061715e-07,3.069497e-08,2.703644e-09,-4.298900e-10,-3.103209e-11,1.308096e+00,7.931475e-01,7.787073e-01
8.685000e-11,0.000000e+00,0.000000e+00,0.000000e+00,-5.778963e-06,7.126128e-06,4.434623e-06,-7.354443e-07,-1.175190e-07,-1.175190e-07,2.884275e-08,3.018059e-09,-3.995476e-10,-3.930283e-11,1.310862e+00,7.927570e-01,7.786410e-01
8.690000e-11,0.000000e+00,0.000000e+00,0.000000e+00,-6.170271e-06,1.811402e-06,5.082790e-06,-7.306695e-07,-1.274855e-07,-1.274855e-07,2.676871e-08,3.314220e-09,-3.659858e-10,-4.735241e-11,1.312975e+00,7.924348e-01,7.785764e-01
8.695000e-11,0.000000e+00,0.000000e+00,0.000000e+00,-6.493764e-06,-3.509098e-06,5.637709e-06,-7.207746e-07,-1.360459e-07,-1.360459e-07,2.449068e-08,3.589733e-09,-3.294294e-10,-5.511572e-11,1.314422e+00,7.921874e-01,7.785138e-01
8.700000e-11,0.000000e+00,0.000000e+00,0.000000e+00,-6.748952e-06,-8.847431e-06,6.090546e-06,-7.053798e-07,-1.431913e-07,-1.431913e-07,2.202849e-08,3.842319e-09,-2.901259e-10,-6.252939e-11,1.315207e+00,7.920203e-01,7.784531e-01
8.705000e-11,0.000000e+00,0.000000e+00,0.000000e+00,-6.940514e-06,-1.420301e-05,6.434778e-06,-6.841544e-07,-1.489278e-07,-1.489278e-07,1.940381e-08,4.069831e-09,-2.483438e-10,-6.953233e-11,1.315350e+00,7.919377e-01,7.783944e-01
8.710000e-11,0.000000e+00,0.000000e+00,0.000000e+00,-7.077163e-06,-1.954937e-05,6.666289e-06,-6.568311e-07,-1.532763e-07,-1.532763e-07,1.663987e-08,4.270280e-09,-2.043711e-10,-7.606621e-11,1.314885e+00,7.919422e-01,7.783377e-01
8.715000e-11,0.000000e+00,0.000000e+00,0.000000e+00,-7.170017e-06,-2.482471e-05,6.783405e-06,-6.232198e-07,-1.562702e-07,-1.562702e-07,1.376131e-08,4.441848e-09,-1.585131e-10,-8.207598e-11,1.313857e+00,7.920352e-01,7.782829e-01
8.720000e-11,0.000000e+00,0.000000e+00,0.000000e+00,-7.230682e-06,-2.992798e-05,6.786840e-06,-5.832199e-07,-1.579551e-07,-1.579551e-07,1.079382e-08,4.582908e-09,-1.110904e-10,-8.751029e-11,1.312320e+00,7.922165e-01,7.782301e-01
8.725000e-11,0.000000e+00,0.000000e+00,0.000000e+00,-7.269327e-06,-3.472177e-05,6.679574e-06,-5.368307e-07,-1.583864e-07,-1.583864e-07,7.763947e-09,4.692045e-09,-6.243640e-11,-9.232197e-11,1.310333e+00,7.924842e-01,7.781792e-01
8.730000e-11,0.000000e+00,0.000000e+00,0.000000e+00,-7.293030e-06,-3.904182e-05,6.466681e-06,-4.841599e-07,-1.576287e-07,-1.576287e-07,4.698788e-09,4.768067e-09,-1.289566e-11,-9.646839e-11,1.307960e+00,7.928350e-01,7.781304e-01
8.735000e-11,0.000000e+00,0.000000e+00,0.000000e+00,-7.304636e-06,-4.271194e-05,6.155100e-06,-4.254296e-07,-1.557533e-07,-1.557533e-07,1.625679e-09,4.810024e-09,3.717901e-11,-9.991184e-11,1.305266e+00,7.932641e-01,7.780837e-01
8.740000e-11,0.000000e+00,0.000000e+00,0.000000e+00,-7.302303e-06,-4.556242e-05,5.753386e-06,-3.609799e-07,-1.528374e-07,-1.528374e-07,-1.428080e-09,4.817218e-09,8.742868e-11,-1.026199e-10,1.302315e+00,7.937653e-01,7.780391e-01
8.745000e-11,0.000000e+00,0.000000e+00,0.000000e+00,-7.279812e-06,-4.744929e-05,5.271446e-06,-2.912694e-07,-1.489620e-07,-1.489620e-07,-4.435526e-09,4.789219e-09,1.374908e-10,-1.045655e-10,1.299174e+00,7.943310e-01,7.779967e-01
8.750000e-11,0.000000e+00,0.000000e+00,0.000000e+00,-7.227603e-06,-4.827183e-05,4.720273e-06,-2.168736e-07,-1.442106e-07,-1.442106e-07,-7.370323e-09,4.725870e-09,1.870018e-10,-1.057277e-10,1.295905e+00,7.949525e-01,7.779568e-01
8.755000e-11,0.000000e+00,0.000000e+00,0.000000e+00,-7.134408e-06,-4.798590e-05,4.111700e-06,-1.384797e-07,-1.386676e-07,-1.386676e-07,-1.020704e-08,4.627297e-09,2.355993e-10,-1.060911e-10,1.292573e+00,7.956201e-01,7.779195e-01
8.760000e-11,0.000000e+00,0.000000e+00,0.000000e+00,-6.989250e-06,-4.661139e-05,3.458161e-06,-5.687961e-08,-1.324174e-07,-1.324174e-07,-1.292144e-08,4.493915e-09,2.829250e-10,-1.056466e-10,1.289241e+00,7.963233e-01,7.778850e-01
8.765000e-11,0.000000e+00,0.000000e+00,0.000000e+00,-6.783549e-06,-4.423277e-05,2.772485e-06,2.704098e-08,-1.255427e-07,-1.255427e-07,-1.549069e-08,4.326427e-09,3.286268e-10,-1.043914e-10,1.285972e+00,7.970508e-01,7.778536e-01
8.770000e-11,0.000000e+00,0.000000e+00,0.000000e+00,-6.513036e-06,-4.099269e-05,2.067697e-06,1.123147e-07,-1.181235e-07,-1.181235e-07,-1.789366e-08,4.125827e-09,3.723615e-10,-1.023288e-10,1.282830e+00,7.977913e-01,7.778256e-01
8.775000e-11,0.000000e+00,0.000000e+00,0.000000e+00,-6.179219e-06,-3.707927e-05,1.356844e-06,1.979075e-07,-1.102366e-07,-1.102366e-07,-2.011108e-08,3.893399e-09,4.137973e-10,-9.946823e-11,1.279879e+00,7.985327e-01,7.778013e-01
8.780000e-11,0.000000e+00,0.000000e+00,0.000000e+00,-5.790182e-06,-3.270845e-05,6.528134e-07,2.827355e-07,-1.019546e-07,-1.019546e-07,-2.212576e-08,3.630707e-09,4.526158e-10,-9.582559e-11,1.277179e+00,7.992635e-01,7.777810e-01
8.785000e-11,0.000000e+00,0.000000e+00,0.000000e+00,-5.360579e-06,-2.810347e-05,-3.183931e-08,3.656836e-07,-9.334537e-08,-9.334537e-08,-2.392276e-08,3.339588e-09,4.885150e-10,-9.142270e-11,1.274790e+00,7.999721e-01,7.777651e-01
8.790000e-11,0.000000e+00,0.000000e+00,0.000000e+00,-4.910786e-06,-2.347345e-05,-6.850799e-07,4.456243e-07,-8.447181e-08,-8.447181e-08,-2.548948e-08,3.022144e-09,5.212109e-10,-8.628734e-11,1.272766e+00,8.006474e-01,7.777539e-01
8.795000e-11,0.000000e+00,0.000000e+00,0.000000e+00,-4.465272e-06,-1.899369e-05,-1.295596e-06,5.214392e-07,-7.539161e-08,-7.539161e-08,-2.681581e-08,2.680724e-09,5.504400e-10,-8.045304e-11,1.271152e+00,8.012791e-01,7.777478e-01
8.800000e-11,0.000000e+00,0.000000e+00,0.000000e+00,-4.050342e-06,-1.478983e-05,-1.853015e-06,5.920385e-07,-6.615732e-08,-6.615732e-08,-2.789415e-08,2.317909e-09,5.759612e-10,-7.395885e-11,1.269984e+00,8.018576e-01,7.777471e-01
8.805000e-11,0.000000e+00,0.000000e+00,0.000000e+00,-3.691507e-06,-1.092786e-05,-2.348125e-06,6.563826e-07,-5.681650e-08,-5.681650e-08,-2.871953e-08,1.936493e-09,5.975578e-10,-6.684904e-11,1.269287e+00,8.023743e-01,7.777520e-01
8.810000e-11,0.000000e+00,0.000000e+00,0.000000e+00,-3.410770e-06,-7.411426e-06,-2.773111e-06,7.135019e-07,-4.741205e-08,-4.741205e-08,-2.928950e-08,1.539458e-09,6.150397e-10,-5.917278e-11,1.269069e+00,8.028221e-01,7.777629e-01
8.815000e-11,0.000000e+00,0.000000e+00,0.000000e+00,-3.224167e-06,-4.186939e-06,-3.121764e-06,7.625158e-07,-3.798265e-08,-3.798265e-08,-2.960421e-08,1.129953e-09,6.282442e-10,-5.098380e-11,1.269322e+00,8.031947e-01,7.777799e-01
8.820000e-11,0.000000e+00,0.000000e+00,0.000000e+00,-3.139880e-06,-1.156083e-06,-3.389674e-06,8.026505e-07,-2.856338e-08,-2.856338e-08,-2.966630e-08,7.112662e-10,6.370384e-10,-4.233997e-11,1.270024e+00,8.034876e-01,7.778031e-01
8.825000e-11,0.000000e+00,0.000000e+00,0.000000e+00,-3.157166e-06,1.805761e-06,-3.574376e-06,8.332553e-07,-1.918630e-08,-1.918630e-08,-2.948080e-08,2.867937e-10,6.413200e-10,-3.330292e-11,1.271135e+00,8.036976e-01,7.778327e-01
8.830000e-11,0.000000e+00,0.000000e+00,0.000000e+00,-3.266277e-06,4.827588e-06,-3.675436e-06,8.538161e-07,-9.881206e-09,-9.881206e-09,-2.905506e-08,-1.399873e-10,6.410186e-10,-2.393754e-11,1.272603e+00,8.038231e-01,7.778686e-01
8.835000e-11,0.000000e+00,0.000000e+00,0.000000e+00,-3.449396e-06,8.020378e-06,-3.694460e-06,8.639671e-07,-6.763442e-10,-6.763442e-10,-2.839858e-08,-5.655521e-10,6.360966e-10,-1.431151e-11,1.274366e+00,8.038641e-01,7.779107e-01
8.840000e-11,0.000000e+00,0.000000e+00,0.000000e+00,-3.682504e-06,1.145742e-05,-3.635032e-06,8.634993e-07,8.400811e-09,8.400811e-09,-2.752285e-08,-9.863612e-10,6.265503e-10,-4.494871e-12,1.276353e+00,8.038218e-01,7.779589e-01
8.845000e-11,0.000000e+00,0.000000e+00,0.000000e+00,-3.937947e-06,1.516015e-05,-3.502554e-06,8.523668e-07,1.732284e-08,1.732284e-08,-2.644117e-08,-1.398893e-09,6.124099e-10,5.440591e-12,1.278490e+00,8.036993e-01,7.780128e-01
8.850000e-11,0.000000e+00,0.000000e+00,0.000000e+00,-4.187402e-06,1.909155e-05,-3.304022e-06,8.306887e-07,2.606171e-08,2.606171e-08,-2.516844e-08,-1.799680e-09,5.937401e-10,1.542180e-11,1.280708e+00,8.035009e-01,7.780722e-01
8.855000e-11,0.000000e+00,0.000000e+00,0.000000e+00,-4.404861e-06,2.315785e-05,-3.047723e-06,7.987498e-07,3.458813e-08,3.458813e-08,-2.372098e-08,-2.185339e-09,5.706400e-10,2.537493e-11,1.282939e+00,8.032321e-01,7.781366e-01
8.860000e-11,0.000000e+00,0.000000e+00,0.000000e+00,-4.569297e-06,2.721801e-05,-2.742890e-06,7.569964e-07,4.287104e-08,4.287104e-08,-2.211626e-08,-2.552609e-09,5.432432e-10,3.522600e-11,1.285126e+00,8.028998e-01,7.782054e-01
8.865000e-11,0.000000e+00,0.000000e+00,0.000000e+00,-4.666678e-06,3.109951e-05,-2.399326e-06,7.060302e-07,5.087722e-08,5.087722e-08,-2.037269e-08,-2.898377e-09,5.117170e-10,4.490135e-11,1.287222e+00,8.025116e-01,7.782779e-01
8.870000e-11,0.000000e+00,0.000000e+00,0.000000e+00,-4.691138e-06,3.461770e-05,-2.027025e-06,6.465985e-07,5.857096e-08,5.857096e-08,-1.850939e-08,-3.219719e-09,4.762618e-10,5.432822e-11,1.289194e+00,8.020763e-01,7.783536e-01
8.875000e-11,0.000000e+00,0.000000e+00,0.000000e+00,-4.645197e-06,3.759609e-05,-1.635812e-06,5.795821e-07,6.591398e-08,6.591398e-08,-1.654594e-08,-3.513920e-09,4.371103e-10,6.343528e-11,1.291019e+00,8.016031e-01,7.784315e-01
8.880000e-11,0.000000e+00,0.000000e+00,0.000000e+00,-4.539064e-06,3.988456e-05,-1.235025e-06,5.059807e-07,7.286538e-08,7.286538e-08,-1.450219e-08,-3.778510e-09,3.945257e-10,7.215316e-11,1.292689e+00,8.011017e-01,7.785109e-01
8.885000e-11,0.000000e+00,0.000000e+00,0.000000e+00,-4.389173e-06,4.137338e-05,-8.332581e-07,4.268957e-07,7.938181e-08,7.938181e-08,-1.239797e-08,-4.011281e-09,3.488011e-10,8.041496e-11,1.294203e+00,8.005821e-01,7.785909e-01
8.890000e-11,0.000000e+00,0.000000e+00,0.000000e+00,-4.216152e-06,4.200161e-05,-4.381741e-07,3.435114e-07,8.541783e-08,8.541783e-08,-1.025295e-08,-4.210319e-09,3.002566e-10,8.815673e-11,1.295571e+00,8.000544e-01,7.786705e-01
8.895000e-11,0.000000e+00,0.000000e+00,0.000000e+00,-4.042522e-06,4.175932e-05,-5.638990e-08,2.570745e-07,9.092630e-08,9.092630e-08,-8.086383e-09,-4.374016e-09,2.492382e-10,9.531799e-11,1.296805e+00,7.995283e-01,7.787488e-01
8.900000e-11,0.000000e+00,0.000000e+00,0.000000e+00,-3.890378e-06,4.068426e-05,3.065601e-07,1.688730e-07,9.585904e-08,9.585904e-08,-5.916949e-09,-4.501092e-09,1.961150e-10,1.018421e-10,1.297918e+00,7.990136e-01,7.788247e-01
8.905000e-11,0.000000e+00,0.000000e+00,0.000000e+00,-3.779305e-06,3.885405e-05,6.461958e-07,8.021387e-08,1.001676e-07,1.001676e-07,-3.762582e-09,-4.590605e-09,1.412766e-10,1.076769e-10,1.298926e+00,7.985192e-01,7.788975e-01
8.910000e-11,0.000000e+00,0.000000e+00,0.000000e+00,-3.724710e-06,3.637568e-05,9.590075e-07,-7.599236e-09,1.038039e-07,1.038039e-07,-1.640318e-09,-4.641960e-09,8.513068e-11,1.127748e-10,1.299836e+00,7.980536e-01,7.789661e-01
8.915000e-11,0.000000e+00,0.000000e+00,0.000000e+00,-3.736680e-06,3.337387e-05,1.242334e-06,-9.328807e-08,1.067216e-07,1.067216e-07,4.338356e-10,-4.654920e-09,2.809972e-11,1.170933e-10,1.300656e+00,7.976242e-01,7.790296e-01
8.920000e-11,0.000000e+00,0.000000e+00,0.000000e+00,-3.819412e-06,2.998025e-05,1.494215e-06,-1.756212e-07,1.088768e-07,1.088768e-07,2.445002e-09,-4.629601e-09,-2.938212e-11,1.205955e-10,1.301383e+00,7.972378e-01,7.790873e-01
8.925000e-11,0.000000e+00,0.000000e+00,0.000000e+00,-3.971182e-06,2.632413e-05,1.713242e-06,-2.534345e-07,1.102289e-07,1.102289e-07,4.379528e-09,-4.566474e-09,-8.687233e-11,1.232502e-10,1.302012e+00,7.968999e-01,7.791383e-01
8.930000e-11,0.000000e+00,0.000000e+00,0.000000e+00,-4.184769e-06,2.252593e-05,1.898418e-06,-3.256499e-07,1.107425e-07,1.107425e-07,6.225045e-09,-4.466362e-09,-1.439236e-10,1.250321e-10,1.302528e+00,7.966152e-01,7.791819e-01
8.935000e-11,0.000000e+00,0.000000e+00,0.000000e+00,-4.448242e-06,1.869313e-05,2.049032e-06,-3.912929e-07,1.103874e-07,1.103874e-07,7.970514e-09,-4.330422e-09,-2.000874e-10,1.259221e-10,1.302916e+00,7.963870e-01,7.792176e-01
8.940000e-11,0.000000e+00,0.000000e+00,0.000000e+00,-4.745984e-06,1.491860e-05,2.164578e-06,-4.495073e-07,1.091409e-07,1.091409e-07,9.606251e-09,-4.160140e-09,-2.549176e-10,1.259077e-10,1.303156e+00,7.962177e-01,7.792450e-01
8.945000e-11,0.000000e+00,0.000000e+00,0.000000e+00,-5.059840e-06,1.128051e-05,2.244700e-06,-4.995683e-07,1.069875e-07,1.069875e-07,1.112393e-08,-3.957310e-09,-3.079747e-10,1.249829e-10,1.303227e+00,7.961083e-01,7.792635e-01
8.950000e-11,0.000000e+00,0.000000e+00,0.000000e+00,-5.370314e-06,7.843188e-06,2.289180e-06,-5.408925e-07,1.039210e-07,1.039210e-07,1.251657e-08,-3.724015e-09,-3.588291e-10,1.231482e-10,1.303112e+00,7.960589e-01,7.792731e-01
8.955000e-11,0.000000e+00,0.000000e+00,0.000000e+00,-5.657740e-06,4.658126e-06,2.297963e-06,-5.730458e-07,9.994443e-08,9.994443e-08,1.377850e-08,-3.462604e-09,-4.070650e-10,1.204109e-10,1.302796e+00,7.960683e-01,7.792735e-01
8.960000e-11,0.000000e+00,0.000000e+00,0.000000e+00,-5.903383e-06,1.764587e-06,2.271218e-06,-5.957481e-07,9.507127e-08,9.507127e-08,1.490532e-08,-3.175665e-09,-4.522844e-10,1.167851e-10,1.302270e+00,7.961346e-01,7.792649e-01
8.965000e-11,0.000000e+00,0.000000e+00,0.000000e+00,-6.090443e-06,-8.103286e-07,2.209413e-06,-6.088751e-07,8.932569e-08,8.932569e-08,1.589386e-08,-2.865999e-09,-4.941108e-10,1.122913e-10,1.301533e+00,7.962547e-01,7.792473e-01
8.970000e-11,0.000000e+00,0.000000e+00,0.000000e+00,-6.204951e-06,-3.052111e-06,2.113418e-06,-6.124580e-07,8.274295e-08,8.274295e-08,1.674208e-08,-2.536585e-09,-5.321922e-10,1.069567e-10,1.300592e+00,7.964247e-01,7.792211e-01
8.975000e-11,0.000000e+00,0.000000e+00,0.000000e+00,-6.236523e-06,-4.959382e-06,1.984606e-06,-6.066798e-07,7.536959e-08,7.536959e-08,1.744901e-08,-2.190553e-09,-5.662051e-10,1.008150e-10,1.299464e+00,7.966400e-01,7.791867e-01
8.980000e-11,0.000000e+00,0.000000e+00,0.000000e+00,-6.178953e-06,-6.544002e-06,1.824952e-06,-5.918694e-07,6.726331e-08,6.726331e-08,1.801469e-08,-1.831149e-09,-5.958574e-10,9.390615e-11,1.298176e+00,7.968953e-01,7.791445e-01
8.985000e-11,0.000000e+00,0.000000e+00,0.000000e+00,-6.030607e-06,-7.830232e-06,1.637110e-06,-5.684933e-07,5.849275e-08,5.849275e-08,1.844005e-08,-1.461699e-09,-6.208916e-10,8.627594e-11,1.296765e+00,7.971849e-01,7.790954e-01
8.990000e-11,0.000000e+00,0.000000e+00,0.000000e+00,-5.794576e-06,-8.852553e-06,1.424477e-06,-5.371446e-07,4.913697e-08,4.913697e-08,1.872686e-08,-1.085575e-09,-6.410868e-10,7.797601e-11,1.295275e+00,7.975025e-01,7.790399e-01
8.995000e-11,0.000000e+00,0.000000e+00,0.000000e+00,-5.478557e-06,-9.652072e-06,1.191207e-06,-4.985310e-07,3.928481e-08,3.928481e-08,1.887762e-08,-7.061604e-10,-6.562620e-10,6.906342e-11,1.293760e+00,7.978417e-01,7.789791e-01
9.000000e-11,0.000000e+00,0.000000e+00,0.000000e+00,-5.094432e-06,-1.027176e-05,9.421994e-07,-4.534600e-07,2.903397e-08,2.903397e-08,1.889550e-08,-3.268175e-10,-6.662777e-10,5.960025e-11,1.292275e+00,7.981958e-01,7.789137e-01
9.005000e-11,5.000000e-06,5.000000e-06,0.000000e+00,-3.238179e-06,5.405944e-05,6.838533e-07,-4.028226e-07,1.848993e-08,1.848993e-08,1.878423e-08,4.914870e-11,-6.710373e-10,4.965323e-11,1.290954e+00,7.985580e-01,7.788449e-01
9.010000e-11,1.000000e-05,1.000000e-05,0.000000e+00,-1.605965e-06,2.270627e-05,4.244935e-07,-3.475768e-07,7.764688e-09,7.764688e-09,1.854809e-08,4.185214e-10,-6.704889e-10,3.929329e-11,1.289958e+00,7.989218e-01,7.787735e-01
9.015000e-11,1.500000e-05,1.500000e-05,0.000000e+00,-2.785806e-07,1.462720e-05,1.741733e-07,-2.887290e-07,-3.024631e-09,-3.024631e-09,1.819177e-08,7.782028e-10,-6.646261e-10,2.859506e-11,1.289436e+00,7.992806e-01,7.787008e-01
9.020000e-11,2.000000e-05,2.000000e-05,0.000000e+00,7.148536e-07,7.549959e-06,-5.598146e-08,-2.273155e-07,-1.375737e-08,-1.375737e-08,1.772038e-08,1.125243e-09,-6.534881e-10,1.763637e-11,1.289502e+00,7.996284e-01,7.786277e-01
9.025000e-11,2.500000e-05,2.500000e-05,0.000000e+00,1.396341e-06,2.613494e-06,-2.546381e-07,-1.643840e-07,-2.431096e-08,-2.431096e-08,1.713935e-08,1.456867e-09,-6.371601e-10,6.497689e-12,1.290224e+00,7.999594e-01,7.785554e-01
9.030000e-11,3.000000e-05,3.000000e-05,0.000000e+00,1.829055e-06,5.638394e-07,-4.111167e-07,-1.009748e-07,-3.456269e-08,-3.456269e-08,1.645444e-08,1.770496e-09,-6.157727e-10,-4.738448e-12,1.291628e+00,8.002683e-01,7.784849e-01
9.035000e-11,3.500000e-05,3.500000e-05,0.000000e+00,2.100959e-06,1.644123e-06,-5.161007e-07,-3.810240e-08,-4.439152e-08,-4.439152e-08,1.567167e-08,2.063773e-09,-5.895011e-10,-1.598805e-11,1.293704e+00,8.005507e-01,7.784171e-01
9.040000e-11,4.000000e-05,4.000000e-05,0.000000e+00,2.305969e-06,5.595430e-06,-5.621211e-07,2.326184e-08,-5.367983e-08,-5.367983e-08,1.479732e-08,2.334579e-09,-5.585639e-10,-2.716631e-11,1.296416e+00,8.008027e-01,7.783532e-01
9.045000e-11,4.500000e-05,4.500000e-05,0.000000e+00,2.526497e-06,1.174935e-05,-5.437939e-07,8.220659e-08,-6.231527e-08,-6.231527e-08,1.383791e-08,2.581044e-09,-5.232209e-10,-3.818821e-11,1.299716e+00,8.010213e-01,7.782939e-01
9.050000e-11,5.000000e-05,5.000000e-05,0.000000e+00,2.820337e-06,1.918212e-05,-4.578374e-07,1.378957e-07,-7.019249e-08,-7.019249e-08,1.280017e-08,2.801568e-09,-4.837716e-10,-4.896921e-11,1.303553e+00,8.012043e-01,7.782401e-01
9.055000e-11,5.500000e-05,5.500000e-05,0.000000e+00,3.213688e-06,2.689421e-05,-3.029252e-07,1.895823e-07,-7.721484e-08,-7.721484e-08,1.169109e-08,2.994821e-09,-4.405519e-10,-5.942591e-11,1.307880e+00,8.013505e-01,7.781924e-01
9.060000e-11,6.000000e-05,6.000000e-05,0.000000e+00,3.700728e-06,3.398005e-05,-7.944386e-08,2.366201e-07,-8.329586e-08,-8.329586e-08,1.051786e-08,3.159754e-09,-3.939317e-10,-6.947668e-11,1.312656e+00,8.014596e-01,7.781515e-01
9.065000e-11,6.500000e-05,6.500000e-05,0.000000e+00,4.248925e-06,3.975928e-05,2.107752e-07,2.784744e-07,-8.836076e-08,-8.836076e-08,9.287944e-09,3.295597e-09,-3.443112e-10,-7.904236e-11,1.317846e+00,8.015325e-01,7.781178e-01
9.070000e-11,7.000000e-05,7.000000e-05,0.000000e+00,4.808405e-06,4.385174e-05,5.646921e-07,3.147292e-07,-9.234765e-08,-9.234765e-08,8.009011e-09,3.401862e-09,-2.921174e-10,-8.804691e-11,1.323419e+00,8.015707e-01,7.780918e-01
9.075000e-11,7.500000e-05,7.500000e-05,0.000000e+00,5.323143e-06,4.619088e-05,9.782292e-07,3.450930e-07,-9.520856e-08,-9.520856e-08,6.689003e-09,3.478338e-09,-2.378000e-10,-9.641803e-11,1.329343e+00,8.015770e-01,7.780737e-01
9.080000e-11,8.000000e-05,8.000000e-05,0.000000e+00,5.741818e-06,4.698208e-05,1.446362e-06,3.694021e-07,-9.691031e-08,-9.691031e-08,5.336108e-09,3.525084e-09,-1.818274e-10,-1.040878e-10,1.335581e+00,8.015549e-01,7.780635e-01
9.085000e-11,8.500000e-05,8.500000e-05,0.000000e+00,6.026442e-06,4.662089e-05,1.963141e-06,3.876216e-07,-9.743511e-08,-9.743511e-08,3.958775e-09,3.542417e-09,-1.246823e-10,-1.109933e-10,1.342085e+00,8.015088e-01,7.780613e-01
9.090000e-11,9.000000e-05,9.000000e-05,0.000000e+00,6.157610e-06,4.559141e-05,2.521671e-06,3.998431e-07,-9.678091e-08,-9.678091e-08,2.565701e-09,3.530906e-09,-6.685690e-11,-1.170770e-10,1.348793e+00,8.014438e-01,7.780669e-01
9.095000e-11,9.500000e-05,9.500000e-05,0.000000e+00,6.135914e-06,4.436558e-05,3.114084e-06,4.062817e-07,-9.496149e-08,-9.496149e-08,1.165832e-09,3.491353e-09,-8.848344e-12,-1.222876e-10,1.355634e+00,8.013657e-01,7.780801e-01
9.100000e-11,1.000000e-04,1.000000e-04,0.000000e+00,5.979833e-06,4.332095e-05,3.731533e-06,4.072686e-07,-9.200633e-08,-9.200633e-08,-2.316638e-10,3.424778e-09,4.884590e-11,-1.265804e-10,1.362523e+00,8.012808e-01,7.781005e-01
9.105000e-11,1.000000e-04,1.000000e-04,0.000000e+00,4.301596e-06,-2.212191e-05,4.363432e-06,4.032428e-07,-8.796018e-08,-8.796018e-08,-1.617414e-09,3.332405e-09,1.057329e-10,-1.299175e-10,1.369297e+00,8.011957e-01,7.781276e-01
9.110000e-11,1.000000e-04,1.000000e-04,0.000000e+00,2.818051e-06,8.708592e-06,4.997056e-06,3.947400e-07,-8.288240e-08,-8.288240e-08,-2.981880e-09,3.215639e-09,1.613290e-10,-1.322686e-10,1.375759e+00,8.011176e-01,7.781610e-01
9.115000e-11,1.000000e-04,1.000000e-04,0.000000e+00,1.629938e-06,1.675563e-05,5.617792e-06,3.823800e-07,-7.684605e-08,-7.684605e-08,-4.315403e-09,3.076048e-09,2.151642e-10,-1.336108e-10,1.381727e+00,8.010535e-01,7.781999e-01
9.120000e-11,1.000000e-04,1.000000e-04,0.000000e+00,7.814793e-07,2.410177e-05,6.209887e-06,3.668518e-07,-6.993676e-08,-6.993676e-08,-5.608251e-09,2.915344e-09,2.667868e-10,-1.339296e-10,1.387055e+00,8.010104e-01,7.782436e-01
9.125000e-11,1.000000e-04,1.000000e-04,0.000000e+00,2.585570e-07,2.938198e-05,6.757423e-06,3.488987e-07,-6.225138e-08,-6.225138e-08,-6.850695e-09,2.735357e-09,3.157679e-10,-1.332184e-10,1.391646e+00,8.009953e-01,7.782914e-01
9.130000e-11,1.000000e-04,1.000000e-04,0.000000e+00,-1.759213e-09,3.164223e-05,7.245294e-06,3.293005e-07,-5.389645e-08,-5.389645e-08,-8.033070e-09,2.538022e-09,3.617046e-10,-1.314791e-10,1.395450e+00,8.010146e-01,7.783426e-01
9.135000e-11,1.000000e-04,1.000000e-04,0.000000e+00,-9.348294e-08,3.049302e-05,7.660022e-06,3.088565e-07,-4.498651e-08,-4.498651e-08,-9.145869e-09,2.325349e-09,4.042247e-10,-1.287220e-10,1.398459e+00,8.010745e-01,7.783962e-01
9.140000e-11,1.000000e-04,1.000000e-04,0.000000e+00,-1.202730e-07,2.613444e-05,7.990320e-06,2.883673e-07,-3.564231e-08,-3.564231e-08,-1.017983e-08,2.099410e-09,4.429895e-10,-1.249657e-10,1.400689e+00,8.011802e-01,7.784514e-01
9.145000e-11,1.000000e-04,1.000000e-04,0.000000e+00,-1.747886e-07,1.926916e-05,8.227396e-06,2.686162e-07,-2.598884e-08,-2.598884e-08,-1.112602e-08,1.862315e-09,4.776969e-10,-1.202373e-10,1.402175e+00,8.013362e-01,7.785076e-01
9.150000e-11,1.000000e-04,1.000000e-04,0.000000e+00,-3.225387e-07,1.093526e-05,8.364994e-06,2.503517e-07,-1.615341e-08,-1.615341e-08,-1.197597e-08,1.616192e-09,5.080843e-10,-1.145720e-10,1.402955e+00,8.015462e-01,7.785637e-01
9.155000e-11,1.000000e-04,1.000000e-04,0.000000e+00,-5.925952e-07,2.299749e-06,8.399255e-06,2.342703e-07,-6.263604e-09,-6.263604e-09,-1.272176e-08,1.363173e-09,5.339304e-10,-1.080128e-10,1.403065e+00,8.018127e-01,7.786192e-01
9.160000e-11,1.000000e-04,1.000000e-04,0.000000e+00,-9.759784e-07,-5.545113e-06,8.328478e-06,2.210001e-07,3.554708e-09,3.554708e-09,-1.335612e-08,1.105373e-09,5.550576e-10,-1.006108e-10,1.402534e+00,8.021370e-01,7.786734e-01
9.165000e-11,1.000000e-04,1.000000e-04,0.000000e+00,-1.431043e-06,-1.174671e-05,8.152838e-06,2.110864e-07,1.317933e-08,1.317933e-08,-1.387255e-08,8.448745e-10,5.713325e-10,-9.242387e-11,1.401387e+00,8.025192e-01,7.787255e-01
9.170000e-11,1.000000e-04,1.000000e-04,0.000000e+00,-1.894032e-06,-1.579442e-05,7.874162e-06,2.049781e-07,2.249362e-08,2.249362e-08,-1.426545e-08,5.837159e-10,5.826676e-10,-8.351709e-11,1.399646e+00,8.029582e-01,7.787751e-01
9.175000e-11,1.000000e-04,1.000000e-04,0.000000e+00,-2.292293e-06,-1.754982e-05,7.495775e-06,2.030176e-07,3.138826e-08,3.138826e-08,-1.453017e-08,3.238750e-10,5.890208e-10,-7.396169e-11,1.397339e+00,8.034516e-01,7.788217e-01
9.180000e-11,1.000000e-04,1.000000e-04,0.000000e+00,-2.557514e-06,-1.720948e-05,7.022448e-06,2.054310e-07,3.976289e-08,3.976289e-08,-1.466315e-08,6.725869e-11,5.903960e-10,-6.383473e-11,1.394505e+00,8.039957e-01,7.788649e-01
9.185000e-11,1.000000e-04,1.000000e-04,0.000000e+00,-2.636692e-06,-1.521632e-05,6.460435e-06,2.123228e-07,4.752757e-08,4.752757e-08,-1.466197e-08,-1.843074e-10,5.868423e-10,-5.321835e-11,1.391200e+00,8.045857e-01,7.789044e-01
9.190000e-11,1.000000e-04,1.000000e-04,0.000000e+00,-2.499244e-06,-1.214249e-05,5.817555e-06,2.236713e-07,5.460404e-08,5.460404e-08,-1.452547e-08,-4.290881e-10,5.784526e-10,-4.219913e-11,1.387500e+00,8.052156e-01,7.789401e-01
9.195000e-11,1.000000e-04,1.000000e-04,0.000000e+00,-2.139580e-06,-8.568496e-06,5.103295e-06,2.393287e-07,6.092675e-08,6.092675e-08,-1.425374e-08,-6.654465e-10,5.653626e-10,-3.086736e-11,1.383501e+00,8.058783e-01,7.789719e-01
9.200000e-11,1.000000e-04,1.000000e-04,0.000000e+00,-1.575316e-06,-4.980480e-06,4.328863e-06,2.590222e-07,6.644370e-08,6.644370e-08,-1.384826e-08,-8.918502e-10,5.477489e-10,-1.931622e-11,1.379318e+00,8.065659e-01,7.789998e-01
9.205000e-11,1.000000e-04,1.000000e-04,0.000000e+00,-8.420686e-07,-1.701281e-06,3.507175e-06,2.823594e-07,7.111696e-08,7.111696e-08,-1.331185e-08,-1.106877e-09,5.258262e-10,-7.640996e-12,1.375084e+00,8.072695e-01,7.790239e-01
9.210000e-11,1.000000e-04,1.000000e-04,0.000000e+00,1.379850e-08,1.137430e-06,2.652725e-06,3.088353e-07,7.492303e-08,7.492303e-08,-1.264871e-08,-1.309217e-09,4.998452e-10,4.061753e-12,1.370935e+00,8.079798e-01,7.790445e-01
9.215000e-11,1.000000e-04,1.000000e-04,0.000000e+00,9.429312e-07,3.582954e-06,1.781356e-06,3.378425e-07,7.785281e-08,7.785281e-08,-1.186442e-08,-1.497679e-09,4.700894e-10,1.569508e-11,1.367012e+00,8.086869e-01,7.790618e-01
9.220000e-11,1.000000e-04,1.000000e-04,0.000000e+00,1.899845e-06,5.817330e-06,9.099088e-07,3.686839e-07,7.991146e-08,7.991146e-08,-1.096591e-08,-1.671192e-09,4.368720e-10,2.716250e-11,1.363450e+00,8.093808e-01,7.790762e-01
9.225000e-11,1.000000e-04,1.000000e-04,0.000000e+00,2.847862e-06,8.093702e-06,5.579715e-08,4.005873e-07,8.111784e-08,8.111784e-08,-9.961388e-09,-1.828803e-09,4.005321e-10,3.836886e-11,1.360371e+00,8.100513e-01,7.790882e-01
9.230000e-11,1.000000e-04,1.000000e-04,0.000000e+00,3.761584e-06,1.066757e-05,-7.634773e-07,4.327220e-07,8.150387e-08,8.150387e-08,-8.860318e-09,-1.969684e-09,3.614314e-10,4.922123e-11,1.357884e+00,8.106884e-01,7.790982e-01
9.235000e-11,1.000000e-04,1.000000e-04,0.000000e+00,4.626889e-06,1.373620e-05,-1.530828e-06,4.642175e-07,8.111355e-08,8.111355e-08,-7.673290e-09,-2.093128e-09,3.199501e-10,5.962971e-11,1.356076e+00,8.112824e-01,7.791068e-01
9.240000e-11,1.000000e-04,1.000000e-04,0.000000e+00,5.438877e-06,1.739602e-05,-2.230071e-06,4.941821e-07,8.000181e-08,8.000181e-08,-6.411938e-09,-2.198551e-09,2.764831e-10,6.950830e-11,1.355017e+00,8.118242e-01,7.791146e-01
9.245000e-11,1.000000e-04,1.000000e-04,0.000000e+00,6.198496e-06,2.162357e-05,-2.846373e-06,5.217242e-07,7.823314e-08,7.823314e-08,-5.088808e-09,-2.285490e-09,2.314359e-10,7.877564e-11,1.354753e+00,8.123056e-01,7.791220e-01
9.250000e-11,1.000000e-04,1.000000e-04,0.000000e+00,6.908717e-06,2.628027e-05,-3.366632e-06,5.459721e-07,7.588018e-08,7.588018e-08,-3.717218e-09,-2.353604e-09,1.852207e-10,8.735579e-11,1.355313e+00,8.127191e-01,7.791297e-01
9.255000e-11,1.000000e-04,1.000000e-04,0.000000e+00,7.571075e-06,3.113741e-05,-3.779791e-06,5.660955e-07,7.302198e-08,7.302198e-08,-2.311104e-09,-2.402673e-09,1.382521e-10,9.517895e-11,1.356709e+00,8.130586e-01,7.791382e-01
9.260000e-11,1.000000e-04,1.000000e-04,0.000000e+00,8.183206e-06,3.591451e-05,-4.077079e-06,5.813248e-07,6.974240e-08,6.974240e-08,-8.848556e-10,-2.432597e-09,9.094376e-11,1.021821e-10,1.358934e+00,8.133190e-01,7.791480e-01
9.265000e-11,1.000000e-04,1.000000e-04,0.000000e+00,8.737768e-06,4.032280e-05,-4.252175e-06,5.909708e-07,6.612825e-08,6.612825e-08,5.468640e-10,-2.443394e-09,4.370392e-11,1.083094e-10,1.361965e+00,8.134968e-01,7.791595e-01
9.270000e-11,1.000000e-04,1.000000e-04,0.000000e+00,9.222779e-06,4.410593e-05,-4.301323e-06,5.944425e-07,6.226749e-08,6.226749e-08,1.969301e-09,-2.435199e-09,-3.067784e-12,1.135131e-10,1.365766e+00,8.135901e-01,7.791733e-01
9.275000e-11,1.000000e-04,1.000000e-04,0.000000e+00,9.623194e-06,4.707131e-05,-4.223382e-06,5.912629e-07,5.824748e-08,5.824748e-08,3.367798e-09,-2.408265e-09,-4.898395e-11,1.177536e-10,1.370285e+00,8.135984e-01,7.791897e-01
9.280000e-11,1.000000e-04,1.000000e-04,0.000000e+00,9.923288e-06,4.910811e-05,-4.019840e-06,5.810830e-07,5.415323e-08,5.415323e-08,4.727984e-09,-2.362958e-09,-9.367267e-11,1.210000e-10,1.375458e+00,8.135230e-01,7.792088e-01
9.285000e-11,1.000000e-04,1.000000e-04,0.000000e+00,1.010935e-05,5.019066e-05,-3.694784e-06,5.636932e-07,5.006567e-08,5.006567e-08,6.035964e-09,-2.299759e-09,-1.367805e-10,1.232301e-10,1.381203e+00,8.133667e-01,7.792310e-01
9.290000e-11,1.000000e-04,1.000000e-04,0.000000e+00,1.017215e-05,5.036831e-05,-3.254825e-06,5.390318e-07,4.606019e-08,4.606019e-08,7.278501e-09,-2.219258e-09,-1.779753e-10,1.244311e-10,1.387431e+00,8.131340e-01,7.792563e-01
9.295000e-11,1.000000e-04,1.000000e-04,0.000000e+00,1.010875e-05,4.974539e-05,-2.708984e-06,5.071905e-07,4.220515e-08,4.220515e-08,8.443187e-09,-2.122156e-09,-2.169484e-10,1.245991e-10,1.394037e+00,8.128310e-01,7.792846e-01
9.300000e-11,1.000000e-04,1.000000e-04,0.000000e+00,9.923419e-06,4.845555e-05,-2.068526e-06,4.684166e-07,3.856070e-08,3.856070e-08,9.518615e-09,-2.009260e-09,-2.534173e-10,1.237397e-10,1.400908e+00,8.124652e-01,7.793160e-01
9.305000e-11,1.000000e-04,1.000000e-04,0.000000e+00,9.627434e-06,4.663546e-05,-1.346743e-06,4.231122e-07,3.517774e-08,3.517774e-08,1.049452e-08,-1.881480e-09,-2.871266e-10,1.218673e-10,1.407926e+00,8.120454e-01,7.793501e-01
9.310000e-11,1.000000e-04,1.000000e-04,0.000000e+00,9.237988e-06,4.440231e-05,-5.586811e-07,3.718295e-07,3.209704e-08,3.209704e-08,1.136194e-08,-1.739827e-09,-3.178507e-10,1.190053e-10,1.414966e+00,8.115816e-01,7.793868e-01
9.315000e-11,1.000000e-04,1.000000e-04,0.000000e+00,8.776330e-06,4.183832e-05,2.791855e-07,3.152635e-07,2.934872e-08,2.934872e-08,1.211327e-08,-1.585409e-09,-3.453937e-10,1.151859e-10,1.421907e+00,8.110849e-01,7.794255e-01
9.320000e-11,1.000000e-04,1.000000e-04,0.000000e+00,8.265501e-06,3.898397e-05,1.149330e-06,2.542406e-07,2.695188e-08,2.695188e-08,1.274243e-08,-1.419422e-09,-3.695914e-10,1.104494e-10,1.428628e+00,8.105670e-01,7.794660e-01
9.325000e-11,1.000000e-04,1.000000e-04,0.000000e+00,7.728019e-06,3.584006e-05,2.033582e-06,1.897049e-07,2.491446e-08,2.491446e-08,1.324491e-08,-1.243152e-09,-3.903110e-10,1.048442e-10,1.435020e+00,8.100403e-01,7.795076e-01
9.330000e-11,1.000000e-04,1.000000e-04,0.000000e+00,7.183843e-06,3.237687e-05,2.913569e-06,1.227011e-07,2.323346e-08,2.323346e-08,1.361780e-08,-1.057959e-09,-4.074518e-10,9.842597e-11,1.440979e+00,8.095174e-01,7.795498e-01
9.335000e-11,1.000000e-04,1.000000e-04,0.000000e+00,6.648874e-06,2.854830e-05,3.771152e-06,5.435574e-08,2.189527e-08,2.189527e-08,1.385982e-08,-8.652794e-10,-4.209449e-10,9.125714e-11,1.446418e+00,8.090109e-01,7.795918e-01
9.340000e-11,1.000000e-04,1.000000e-04,0.000000e+00,6.134130e-06,2.430769e-05,4.588858e-06,-1.414472e-08,2.087635e-08,2.087635e-08,1.397136e-08,-6.666100e-10,-4.307531e-10,8.340640e-11,1.451263e+00,8.085334e-01,7.796332e-01
9.345000e-11,1.000000e-04,1.000000e-04,0.000000e+00,5.645636e-06,1.962284e-05,5.350280e-06,-8.157673e-08,2.014406e-08,2.014406e-08,1.395440e-08,-4.635031e-10,-4.368700e-10,7.494790e-11,1.455456e+00,8.080968e-01,7.796730e-01
9.350000e-11,1.000000e-04,1.000000e-04,0.000000e+00,5.184961e-06,1.448809e-05,6.040432e-06,-1.467040e-07,1.965771e-08,1.965771e-08,1.381250e-08,-2.575551e-10,-4.393193e-10,6.596051e-11,1.458953e+00,8.077124e-01,7.797107e-01
9.355000e-11,1.000000e-04,1.000000e-04,0.000000e+00,4.750249e-06,8.932001e-06,6.646043e-06,-2.083023e-07,1.936980e-08,1.936980e-08,1.355069e-08,-5.039492e-11,-4.381536e-10,5.652709e-11,1.461726e+00,8.073906e-01,7.797455e-01
9.360000e-11,1.000000e-04,1.000000e-04,0.000000e+00,4.337570e-06,3.020503e-06,7.155791e-06,-2.651852e-07,1.922742e-08,1.922742e-08,1.317543e-08,1.563270e-10,-4.334533e-10,4.673362e-11,1.463761e+00,8.071404e-01,7.797768e-01
9.365000e-11,1.000000e-04,1.000000e-04,0.000000e+00,3.942381e-06,-3.144597e-06,7.560463e-06,-3.162282e-07,1.917372e-08,1.917372e-08,1.269442e-08,3.609523e-10,-4.253250e-10,3.666841e-11,1.465055e+00,8.069698e-01,7.798040e-01
9.370000e-11,1.000000e-04,1.000000e-04,0.000000e+00,3.560916e-06,-9.430829e-06,7.853053e-06,-3.603933e-07,1.914953e-08,1.914953e-08,1.211652e-08,5.618277e-10,-4.138998e-10,2.642122e-11,1.465617e+00,8.068849e-01,7.798264e-01
9.375000e-11,1.000000e-04,1.000000e-04,0.000000e+00,3.191352e-06,-1.568305e-05,8.028790e-06,-3.967514e-07,1.909499e-08,1.909499e-08,1.145157e-08,7.573192e-10,-3.993317e-10,1.608244e-11,1.465463e+00,8.068903e-01,7.798437e-01
9.380000e-11,1.000000e-04,1.000000e-04,0.000000e+00,2.834635e-06,-2.173306e-05,8.085122e-06,-4.245029e-07,1.895122e-08,1.895122e-08,1.071026e-08,9.458267e-10,-3.817957e-10,5.742197e-12,1.464620e+00,8.069890e-01,7.798554e-01
9.385000e-11,1.000000e-04,1.000000e-04,0.000000e+00,2.494909e-06,-2.740955e-05,8.021649e-06,-4.429959e-07,1.866197e-08,1.866197e-08,9.903879e-09,1.125799e-09,-3.614856e-10,-4.510463e-12,1.463119e+00,8.071818e-01,7.798611e-01
9.390000e-11,1.000000e-04,1.000000e-04,0.000000e+00,2.179548e-06,-3.254751e-05,7.840026e-06,-4.517424e-07,1.817516e-08,1.817516e-08,9.044220e-09,1.295748e-09,-3.386126e-10,-1.458838e-11,1.461001e+00,8.074679e-01,7.798608e-01
9.395000e-11,1.000000e-04,1.000000e-04,0.000000e+00,1.898818e-06,-3.699603e-05,7.543848e-06,-4.504299e-07,1.744442e-08,1.744442e-08,8.143329e-09,1.454266e-09,-3.134022e-10,-2.440707e-11,1.458309e+00,8.078447e-01,7.798543e-01
9.400000e-11,1.000000e-04,1.000000e-04,0.000000e+00,1.665243e-06,-4.062422e-05,7.138514e-06,-4.389313e-07,1.643041e-08,1.643041e-08,7.213340e-09,1.600036e-09,-2.860933e-10,-3.388548e-11,1.455096e+00,8.083076e-01,7.798416e-01
9.405000e-11,1.000000e-04,1.000000e-04,0.000000e+00,1.492763e-06,-4.332509e-05,6.631093e-06,-4.173097e-07,1.510207e-08,1.510207e-08,6.266282e-09,1.731850e-09,-2.569353e-10,-4.294671e-11,1.451420e+00,8.088504e-01,7.798229e-01
9.410000e-11,1.000000e-04,1.000000e-04,0.000000e+00,1.395773e-06,-4.501757e-05,6.030183e-06,-3.858205e-07,1.343758e-08,1.343758e-08,5.313899e-09,1.848622e-09,-2.261861e-10,-5.151859e-11,1.447345e+00,8.094654e-01,7.797985e-01
9.415000e-11,1.000000e-04,1.000000e-04,0.000000e+00,1.388131e-06,-4.564731e-05,5.345781e-06,-3.449090e-07,1.142521e-08,1.142521e-08,4.367477e-09,1.949397e-09,-1.941102e-10,-5.953439e-11,1.442944e+00,8.101433e-01,7.797687e-01
9.420000e-11,1.000000e-04,1.000000e-04,0.000000e+00,1.482193e-06,-4.518667e-05,4.589146e-06,-2.952046e-07,9.063849e-09,9.063849e-09,3.437680e-09,2.033367e-09,-1.609769e-10,-6.693323e-11,1.438295e+00,8.108736e-01,7.797342e-01
9.425000e-11,1.000000e-04,1.000000e-04,0.000000e+00,1.687920e-06,-4.363472e-05,3.772667e-06,-2.375109e-07,6.363396e-09,6.363396e-09,2.534409e-09,2.099879e-09,-1.270577e-10,-7.366064e-11,1.433484e+00,8.116447e-01,7.796954e-01
9.430000e-11,1.000000e-04,1.000000e-04,0.000000e+00,2.012082e-06,-4.101738e-05,2.909729e-06,-1.727928e-07,3.344775e-09,3.344775e-09,1.666667e-09,2.148444e-09,-9.262467e-11,-7.966890e-11,1.428605e+00,8.124442e-01,7.796532e-01
9.435000e-11,1.000000e-04,1.000000e-04,0.000000e+00,2.457580e-06,-3.738789e-05,2.014573e-06,-1.021598e-07,3.977131e-11,3.977131e-11,8.424505e-10,2.178742e-09,-5.794885e-11,-8.491736e-11,1.423757e+00,8.132592e-01,7.796083e-01
9.440000e-11,1.000000e-04,1.000000e-04,0.000000e+00,3.022879e-06,-3.282735e-05,1.102140e-06,-2.684638e-08,-3.509423e-09,-3.509423e-09,6.866301e-11,2.190632e-09,-2.329800e-11,-8.937274e-11,1.419044e+00,8.140762e-01,7.795617e-01
9.445000e-11,1.000000e-04,1.000000e-04,0.000000e+00,3.701588e-06,-2.744480e-05,1.878993e-07,5.181008e-08,-7.250912e-09,-7.250912e-09,-6.489567e-10,2.184150e-09,1.106495e-11,-9.300923e-11,1.414571e+00,8.148817e-01,7.795142e-01
9.450000e-11,1.000000e-04,1.000000e-04,0.000000e+00,4.482210e-06,-2.137598e-05,-7.123388e-07,1.323935e-07,-1.112403e-08,-1.112403e-08,-1.305876e-09,2.159513e-09,4.488354e-11,-9.580864e-11,1.410448e+00,8.156623e-01,7.794669e-01
9.455000e-11,1.000000e-04,1.000000e-04,0.000000e+00,5.348105e-06,-1.478019e-05,-1.582644e-06,2.134355e-07,-1.506054e-08,-1.506054e-08,-1.898789e-09,2.117117e-09,7.790940e-11,-9.776037e-11,1.406780e+00,8.164051e-01,7.794207e-01
9.460000e-11,1.000000e-04,1.000000e-04,0.000000e+00,6.277733e-06,-7.834607e-06,-2.407206e-06,2.934422e-07,-1.898594e-08,-1.898594e-08,-2.425613e-09,2.057532e-09,1.099037e-10,-9.886143e-11,1.403669e+00,8.170977e-01,7.793766e-01
9.465000e-11,1.000000e-04,1.000000e-04,0.000000e+00,7.245236e-06,-7.259353e-07,-3.170612e-06,3.709229e-07,-2.282108e-08,-2.282108e-08,-2.885466e-09,1.981501e-09,1.406388e-10,-9.911623e-11,1.401210e+00,8.177286e-01,7.793357e-01
9.470000e-11,1.000000e-04,1.000000e-04,0.000000e+00,8.221384e-06,6.360184e-06,-3.858136e-06,4.444180e-07,-2.648378e-08,-2.648378e-08,-3.278610e-09,1.889926e-09,1.698990e-10,-9.853645e-11,1.399484e+00,8.182874e-01,7.792989e-01
9.475000e-11,1.000000e-04,1.000000e-04,0.000000e+00,9.174914e-06,1.325098e-05,-4.456062e-06,5.125265e-07,-2.989068e-08,-2.989068e-08,-3.606390e-09,1.783867e-09,1.974827e-10,-9.714078e-11,1.398562e+00,8.187648e-01,7.792670e-01
9.480000e-11,1.000000e-04,1.000000e-04,0.000000e+00,1.007420e-05,1.979805e-05,-4.952015e-06,5.739338e-07,-3.295906e-08,-3.295906e-08,-3.871141e-09,1.664519e-09,2.232025e-10,-9.495457e-11,1.398493e+00,8.191533e-01,7.792409e-01
9.485000e-11,1.000000e-04,1.000000e-04,0.000000e+00,1.088914e-05,2.588668e-05,-5.335290e-06,6.274365e-07,-3.560875e-08,-3.560875e-08,-4.076086e-09,1.533207e-09,2.468872e-10,-9.200949e-11,1.399311e+00,8.194466e-01,7.792213e-01
9.490000e-11,1.000000e-04,1.000000e-04,0.000000e+00,1.159314e-05,3.144121e-05,-5.597183e-06,6.719664e-07,-3.776405e-08,-3.776405e-08,-4.225209e-09,1.391369e-09,2.683822e-10,-8.834314e-11,1.401023e+00,8.196405e-01,7.792089e-01
9.495000e-11,1.000000e-04,1.000000e-04,0.000000e+00,1.216489e-05,3.642520e-05,-5.731282e-06,7.066120e-07,-3.935551e-08,-3.935551e-08,-4.323134e-09,1.240536e-09,2.875505e-10,-8.399849e-11,1.403617e+00,8.197322e-01,7.792040e-01
9.500000e-11,1.000000e-04,1.000000e-04,0.000000e+00,1.258986e-05,4.083590e-05,-5.733725e-06,7.306366e-07,-4.032174e-08,-4.032174e-08,-4.374975e-09,1.082315e-09,3.042737e-10,-7.902352e-11,1.407054e+00,8.197211e-01,7.792072e-01
9.505000e-11,1.000000e-04,1.000000e-04,0.000000e+00,1.286111e-05,4.469367e-05,-5.603398e-06,7.434936e-07,-4.061096e-08,-4.061096e-08,-4.386196e-09,9.183726e-10,3.184525e-10,-7.347057e-11,1.411274e+00,8.196084e-01,7.792186e-01
9.510000e-11,1.000000e-04,1.000000e-04,0.000000e+00,1.297950e-05,4.802818e-05,-5.342054e-06,7.448391e-07,-4.018254e-08,-4.018254e-08,-4.362461e-09,7.504110e-10,3.300072e-10,-6.739585e-11,1.416196e+00,8.193972e-01,7.792382e-01
9.515000e-11,1.000000e-04,1.000000e-04,0.000000e+00,1.295307e-05,5.086383e-05,-4.954357e-06,7.345393e-07,-3.900819e-08,-3.900819e-08,-4.309482e-09,5.801501e-10,3.388784e-10,-6.085884e-11,1.421721e+00,8.190924e-01,7.792661e-01
9.520000e-11,1.000000e-04,1.000000e-04,0.000000e+00,1.279581e-05,5.320735e-05,-4.447821e-06,7.126752e-07,-3.707300e-08,-3.707300e-08,-4.232883e-09,4.093058e-10,3.450271e-10,-5.392172e-11,1.427734e+00,8.187008e-01,7.793019e-01
9.525000e-11,1.000000e-04,1.000000e-04,0.000000e+00,1.252591e-05,5.504020e-05,-3.832668e-06,6.795427e-07,-3.437622e-08,-3.437622e-08,-4.138055e-09,2.395699e-10,3.484352e-10,-4.664875e-11,1.434112e+00,8.182306e-01,7.793452e-01
9.530000e-11,1.000000e-04,1.000000e-04,0.000000e+00,1.216376e-05,5.631764e-05,-3.121586e-06,6.356488e-07,-3.093177e-08,-3.093177e-08,-4.030037e-09,7.258961e-11,3.491054e-10,-3.910569e-11,1.440723e+00,8.176919e-01,7.793956e-01
9.535000e-11,1.000000e-04,1.000000e-04,0.000000e+00,1.173004e-05,5.697496e-05,-2.329410e-06,5.817040e-07,-2.676840e-08,-2.676840e-08,-3.913393e-09,-9.005158e-11,3.470612e-10,-3.135921e-11,1.447435e+00,8.170959e-01,7.794523e-01
9.540000e-11,1.000000e-04,1.000000e-04,0.000000e+00,1.124415e-05,5.694003e-05,-1.472741e-06,5.186102e-07,-2.192961e-08,-2.192961e-08,-3.792120e-09,-2.468523e-10,3.423468e-10,-2.347631e-11,1.454117e+00,8.164548e-01,7.795146e-01
9.545000e-11,1.000000e-04,1.000000e-04,0.000000e+00,1.072325e-05,5.614983e-05,-5.695074e-07,4.474456e-07,-1.647328e-08,-1.647328e-08,-3.669563e-09,-3.964104e-10,3.350270e-10,-1.552375e-11,1.460645e+00,8.157821e-01,7.795815e-01
9.550000e-11,1.000000e-04,1.000000e-04,0.000000e+00,1.018193e-05,5.456794e-05,3.614955e-07,3.694455e-07,-1.047090e-08,-1.047090e-08,-3.548350e-09,-5.374384e-10,3.251862e-10,-7.567470e-12,1.466901e+00,8.150917e-01,7.796520e-01
9.555000e-11,1.000000e-04,1.000000e-04,0.000000e+00,9.632537e-06,5.219935e-05,1.301082e-06,2.859803e-07,-4.006611e-09,-4.006611e-09,-3.430351e-09,-6.687773e-10,3.129284e-10,3.278690e-13,1.472779e+00,8.143978e-01,7.797251e-01
9.560000e-11,1.000000e-04,1.000000e-04,0.000000e+00,9.086026e-06,4.909952e-05,2.230145e-06,1.985309e-07,2.824072e-09,2.824072e-09,-3.316654e-09,-7.894082e-10,2.983760e-10,8.099442e-12,1.478188e+00,8.137149e-01,7.797994e-01
9.565000e-11,1.000000e-04,1.000000e-04,0.000000e+00,8.553072e-06,4.537546e-05,3.130103e-06,1.086614e-07,9.915817e-09,9.915817e-09,-3.207566e-09,-8.984619e-10,2.816694e-10,1.568670e-11,1.483047e+00,8.130572e-01,7.798739e-01
9.570000e-11,1.000000e-04,1.000000e-04,0.000000e+00,8.045105e-06,4.117828e-05,3.983321e-06,1.799020e-08,1.715523e-08,1.715523e-08,-3.102629e-09,-9.952265e-10,2.629652e-10,2.303180e-11,1.487292e+00,8.124386e-01,7.799473e-01
9.575000e-11,1.000000e-04,1.000000e-04,0.000000e+00,7.575029e-06,3.668795e-05,4.773491e-06,-7.183989e-08,2.442282e-08,2.442282e-08,-3.000663e-09,-1.079152e-09,2.424358e-10,3.008003e-11,1.490874e+00,8.118722e-01,7.800184e-01
9.580000e-11,1.000000e-04,1.000000e-04,0.000000e+00,7.157383e-06,3.209274e-05,5.485972e-06,-1.591926e-07,3.159514e-08,3.159514e-08,-2.899829e-09,-1.149853e-09,2.202675e-10,3.678015e-11,1.493762e+00,8.113699e-01,7.800859e-01
9.585000e-11,1.000000e-04,1.000000e-04,0.000000e+00,6.807817e-06,2.756667e-05,6.108086e-06,-2.424689e-07,3.854704e-08,3.854704e-08,-2.797699e-09,-1.207108e-09,1.966592e-10,4.308472e-11,1.495939e+00,8.109428e-01,7.801488e-01
9.590000e-11,1.000000e-04,1.000000e-04,0.000000e+00,6.541927e-06,2.324866e-05,6.629373e-06,-3.201375e-07,4.515397e-08,4.515397e-08,-2.691359e-09,-1.250860e-09,1.718210e-10,4.895038e-11,1.497408e+00,8.106003e-01,7.802060e-01
9.595000e-11,1.000000e-04,1.000000e-04,0.000000e+00,6.373580e-06,1.922696e-05,7.041789e-06,-3.907636e-07,5.129442e-08,5.129442e-08,-2.577512e-09,-1.281207e-09,1.459717e-10,5.433812e-11,1.498189e+00,8.103502e-01,7.802565e-01
9.600000e-11,1.000000e-04,1.000000e-04,0.000000e+00,6.313008e-06,1.553144e-05,7.339863e-06,-4.530366e-07,5.685221e-08,5.685221e-08,-2.452600e-09,-1.298399e-09,1.193381e-10,5.921344e-11,1.498319e+00,8.101984e-01,7.802994e-01
9.605000e-11,1.000000e-04,1.000000e-04,0.000000e+00,6.364977e-06,1.213495e-05,7.520795e-06,-5.057951e-07,6.171883e-08,6.171883e-08,-2.312933e-09,-1.302829e-09,9.215196e-11,6.354655e-11,1.497851e+00,8.101493e-01,7.803340e-01
9.610000e-11,1.000000e-04,1.000000e-04,0.000000e+00,6.527381e-06,8.963501e-06,7.584487e-06,-5.480491e-07,6.579565e-08,6.579565e-08,-2.154820e-09,-1.295019e-09,6.464859e-11,6.731249e-11,1.496855e+00,8.102050e-01,7.803597e-01
9.615000e-11,1.000000e-04,1.000000e-04,0.000000e+00,6.790520e-06,5.913463e-06,7.533511e-06,-5.789990e-07,6.899594e-08,6.899594e-08,-1.974708e-09,-1.275612e-09,3.706458e-11,7.049119e-11,1.495411e+00,8.103658e-01,7.803760e-01
9.620000e-11,1.000000e-04,1.000000e-04,0.000000e+00,7.137250e-06,2.872952e-06,7.373003e-06,-5.980510e-07,7.124676e-08,7.124676e-08,-1.769317e-09,-1.245353e-09,9.635676e-12,7.306755e-11,1.493611e+00,8.106297e-01,7.803827e-01
9.625000e-11,1.000000e-04,1.000000e-04,0.000000e+00,7.544043e-06,-2.562782e-07,7.110474e-06,-6.048282e-07,7.249058e-08,7.249058e-08,-1.535770e-09,-1.205079e-09,-1.740537e-11,7.503144e-11,1.491551e+00,8.109931e-01,7.803797e-01
9.630000e-11,1.000000e-04,1.000000e-04,0.000000e+00,7.982870e-06,-3.539881e-06,6.755553e-06,-5.991781e-07,7.268664e-08,7.268664e-08,-1.271718e-09,-1.155699e-09,-4.383094e-11,7.637764e-11,1.489330e+00,8.114505e-01,7.803670e-01
9.635000e-11,1.000000e-04,1.000000e-04,0.000000e+00,8.423662e-06,-6.997866e-06,6.319649e-06,-5.811749e-07,7.181206e-08,7.181206e-08,-9.754524e-10,-1.098181e-09,-6.942071e-11,7.710584e-11,1.487043e+00,8.119946e-01,7.803449e-01
9.640000e-11,1.000000e-04,1.000000e-04,0.000000e+00,8.837070e-06,-1.059926e-05,5.815564e-06,-5.511178e-07,6.986252e-08,6.986252e-08,-6.460062e-10,-1.033533e-09,-9.396365e-11,7.722050e-11,1.484778e+00,8.126164e-01,7.803139e-01
9.645000e-11,1.000000e-04,1.000000e-04,0.000000e+00,9.197137e-06,-1.426494e-05,5.257049e-06,-5.095253e-07,6.685276e-08,6.685276e-08,-2.832364e-10,-9.627850e-10,-1.172601e-10,7.673075e-11,1.482615e+00,8.133059e-01,7.802745e-01
9.650000e-11,1.000000e-04,1.000000e-04,0.000000e+00,9.483589e-06,-1.787778e-05,4.658345e-06,-4.571241e-07,6.281655e-08,6.281655e-08,1.121096e-10,-8.869764e-10,-1.391236e-10,7.565021e-11,1.480617e+00,8.140517e-01,7.802274e-01
9.655000e-11,1.000000e-04,1.000000e-04,0.000000e+00,9.683440e-06,-2.129804e-05,4.033719e-06,-3.948354e-07,5.780647e-08,5.780647e-08,5.383487e-10,-8.071371e-10,-1.593827e-10,7.399686e-11,1.478833e+00,8.148415e-01,7.801736e-01
9.660000e-11,1.000000e-04,1.000000e-04,0.000000e+00,9.791775e-06,-2.438136e-05,3.397015e-06,-3.237563e-07,5.189321e-08,5.189321e-08,9.928387e-10,-7.242742e-10,-1.778827e-10,7.179278e-11,1.477294e+00,8.156626e-01,7.801141e-01
9.665000e-11,1.000000e-04,1.000000e-04,0.000000e+00,9.811654e-06,-2.699653e-05,2.761256e-06,-2.451383e-07,4.516460e-08,4.516460e-08,1.471977e-09,-6.393571e-10,-1.944866e-10,6.906394e-11,1.476018e+00,8.165018e-01,7.800501e-01
9.670000e-11,1.000000e-04,1.000000e-04,0.000000e+00,9.753203e-06,-2.904032e-05,2.138300e-06,-1.603635e-07,3.772423e-08,3.772423e-08,1.971226e-09,-5.533062e-10,-2.090773e-10,6.583996e-11,1.475005e+00,8.173457e-01,7.799827e-01
9.675000e-11,1.000000e-04,1.000000e-04,0.000000e+00,9.632070e-06,-3.044769e-05,1.538578e-06,-7.091731e-08,2.968985e-08,2.968985e-08,2.485152e-09,-4.669811e-10,-2.215576e-10,6.215383e-11,1.474243e+00,8.181812e-01,7.799132e-01
9.680000e-11,1.000000e-04,1.000000e-04,0.000000e+00,9.467473e-06,-3.119638e-05,9.709106e-07,2.163949e-08,2.119141e-08,2.119141e-08,3.007503e-09,-3.811721e-10,-2.318519e-10,5.804159e-11,1.473710e+00,8.189957e-01,7.798431e-01
9.685000e-11,1.000000e-04,1.000000e-04,0.000000e+00,9.280087e-06,-3.130586e-05,4.424132e-07,1.157005e-07,1.236889e-08,1.236889e-08,3.531295e-09,-2.965928e-10,-2.399062e-10,5.354207e-11,1.473378e+00,8.197771e-01,7.797736e-01
9.690000e-11,1.000000e-04,1.000000e-04,0.000000e+00,9.090028e-06,-3.083168e-05,-4.151729e-08,2.096438e-07,3.369899e-09,3.369899e-09,4.048922e-09,-2.138745e-10,-2.456891e-10,4.869652e-11,1.473213e+00,8.205143e-01,7.797061e-01
9.695000e-11,1.000000e-04,1.000000e-04,0.000000e+00,8.915122e-06,-2.985648e-05,-4.771415e-07,3.018619e-07,-5.652883e-09,-5.652883e-09,4.552292e-09,-1.335628e-10,-2.491911e-10,4.354831e-11,1.473182e+00,8.211973e-01,7.796420e-01
9.700000e-11,1.000000e-04,1.000000e-04,0.000000e+00,8.769589e-06,-2.847955e-05,-8.622560e-07,3.907909e-07,-1.454439e-08,-1.454439e-08,5.032966e-09,-5.611672e-11,-2.504252e-10,3.814257e-11,1.473253e+00,8.218173e-01,7.795825e-01
9.705000e-11,1.000000e-04,1.000000e-04,0.000000e+00,8.663220e-06,-2.680644e-05,-1.196025e-06,4.749390e-07,-2.314991e-08,-2.314991e-08,5.482325e-09,1.809167e-11,-2.494261e-10,3.252583e-11,1.473397e+00,8.223669e-01,7.795288e-01
9.710000e-11,1.000000e-04,1.000000e-04,0.000000e+00,8.601045e-06,-2.494012e-05,-1.478787e-06,5.529121e-07,-3.131791e-08,-3.131791e-08,5.891737e-09,8.877424e-11,-2.462496e-10,2.674565e-11,1.473592e+00,8.228402e-01,7.794821e-01
9.715000e-11,1.000000e-04,1.000000e-04,0.000000e+00,8.583414e-06,-2.297438e-05,-1.711839e-06,6.234381e-07,-3.890273e-08,-3.890273e-08,6.252733e-09,1.557230e-10,-2.409719e-10,2.085026e-11,1.473818e+00,8.232326e-01,7.794433e-01
9.720000e-11,1.000000e-04,1.000000e-04,0.000000e+00,8.606446e-06,-2.098988e-05,-1.897235e-06,6.853881e-07,-4.576727e-08,-4.576727e-08,6.557194e-09,2.188046e-10,-2.336883e-10,1.488820e-11,1.474063e+00,8.235413e-01,7.794133e-01
9.725000e-11,1.000000e-04,1.000000e-04,0.000000e+00,8.662694e-06,-1.905273e-05,-2.037585e-06,7.377938e-07,-5.178552e-08,-5.178552e-08,6.797524e-09,2.779528e-10,-2.245120e-10,8.907934e-12,1.474320e+00,8.237651e-01,7.793928e-01
9.730000e-11,1.000000e-04,1.000000e-04,0.000000e+00,8.741965e-06,-1.721502e-05,-2.135891e-06,7.798631e-07,-5.684490e-08,-5.684490e-08,6.966832e-09,3.331608e-10,-2.135724e-10,2.957486e-12,1.474584e+00,8.239041e-01,7.793823e-01
9.735000e-11,1.000000e-04,1.000000e-04,0.000000e+00,8.832182e-06,-1.551661e-05,-2.195397e-06,8.109903e-07,-6.084842e-08,-6.084842e-08,7.059102e-09,3.844719e-10,-2.010137e-10,-2.915934e-12,1.474856e+00,8.239599e-01,7.793822e-01
9.740000e-11,1.000000e-04,1.000000e-04,0.000000e+00,8.920235e-06,-1.398749e-05,-2.219487e-06,8.307638e-07,-6.371647e-08,-6.371647e-08,7.069343e-09,4.319694e-10,-1.869927e-10,-8.666278e-12,1.475136e+00,8.239355e-01,7.793927e-01
9.745000e-11,1.000000e-04,1.000000e-04,0.000000e+00,8.992779e-06,-1.265002e-05,-2.211608e-06,8.389694e-07,-6.538844e-08,-6.538844e-08,6.993740e-09,4.757667e-10,-1.716771e-10,-1.424902e-11,1.475424e+00,8.238351e-01,7.794137e-01
9.750000e-11,1.000000e-04,1.000000e-04,0.000000e+00,9.036942e-06,-1.152078e-05,-2.175227e-06,8.355902e-07,-6.582389e-08,-6.582389e-08,6.829771e-09,5.159965e-10,-1.552432e-10,-1.962150e-11,1.475720e+00,8.236640e-01,7.794451e-01
9.755000e-11,1.000000e-04,1.000000e-04,0.000000e+00,9.040952e-06,-1.061163e-05,-2.113815e-06,8.208029e-07,-6.500345e-08,-6.500345e-08,6.576312e-09,5.528006e-10,-1.378740e-10,-2.474322e-11,1.476019e+00,8.234284e-01,7.794866e-01
9.760000e-11,1.000000e-04,1.000000e-04,0.000000e+00,8.994666e-06,-9.930182e-06,-2.030855e-06,7.949698e-07,-6.292926e-08,-6.292926e-08,6.233717e-09,5.863200e-10,-1.197568e-10,-2.957619e-11,1.476315e+00,8.231354e-01,7.795375e-01
9.765000e-11,1.000000e-04,1.000000e-04,0.000000e+00,8.890004e-06,-9.479797e-06,-1.929869e-06,7.586290e-07,-5.962514e-08,-5.962514e-08,5.803865e-09,6.166857e-10,-1.010810e-10,-3.408521e-11,1.476595e+00,8.227926e-01,7.795972e-01
9.770000e-11,1.000000e-04,1.000000e-04,0.000000e+00,8.721292e-06,-9.259348e-06,-1.814448e-06,7.124804e-07,-5.513623e-08,-5.513623e-08,5.290188e-09,6.440098e-10,-8.203620e-11,-3.823809e-11,1.476843e+00,8.224080e-01,7.796648e-01
9.775000e-11,1.000000e-04,1.000000e-04,0.000000e+00,8.485490e-06,-9.263031e-06,-1.688292e-06,6.573695e-07,-4.952837e-08,-4.952837e-08,4.697667e-09,6.683785e-10,-6.280965e-11,-4.200599e-11,1.477035e+00,8.219902e-01,7.797393e-01
9.780000e-11,1.000000e-04,1.000000e-04,0.000000e+00,8.182322e-06,-9.480398e-06,-1.555238e-06,5.942696e-07,-4.288704e-08,-4.288704e-08,4.032791e-09,6.898462e-10,-4.358456e-11,-4.536354e-11,1.477144e+00,8.215474e-01,7.798197e-01
9.785000e-11,1.000000e-04,1.000000e-04,0.000000e+00,7.814285e-06,-9.896708e-06,-1.419289e-06,5.242610e-07,-3.531598e-08,-3.531598e-08,3.303499e-09,7.084304e-10,-2.453801e-11,-4.828908e-11,1.477139e+00,8.210882e-01,7.799047e-01
9.790000e-11,1.000000e-04,1.000000e-04,0.000000e+00,7.386529e-06,-1.049358e-05,-1.284618e-06,4.485100e-07,-2.693544e-08,-2.693544e-08,2.519082e-09,7.241088e-10,-5.839114e-12,-5.076483e-11,1.476985e+00,8.206207e-01,7.799931e-01
9.795000e-11,1.000000e-04,1.000000e-04,0.000000e+00,6.906634e-06,-1.124988e-05,-1.155558e-06,3.682461e-07,-1.788018e-08,-1.788018e-08,1.690064e-09,7.368183e-10,1.235252e-11,-5.277698e-11,1.476643e+00,8.201529e-01,7.800835e-01
9.800000e-11,1.000000e-04,1.000000e-04,0.000000e+00,6.384263e-06,-1.214263e-05,-1.036570e-06,2.847389e-07,-8.297190e-09,-8.297190e-09,8.280502e-10,7.464545e-10,2.988836e-11,-5.431578e-11,1.476075e+00,8.196921e-01,7.801746e-01
9.805000e-11,1.000000e-04,1.000000e-04,0.000000e+00,5.830743e-06,-1.314790e-05,-9.321921e-07,1.992755e-07,1.656810e-09,1.656810e-09,-5.444319e-11,7.528745e-10,4.663216e-11,-5.537566e-11,1.475243e+00,8.192452e-01,7.802649e-01
9.810000e-11,1.000000e-04,1.000000e-04,0.000000e+00,5.258569e-06,-1.424144e-05,-8.469621e-07,1.131371e-07,1.181804e-08,1.181804e-08,-9.441835e-10,7.558999e-10,6.246111e-11,-5.595516e-11,1.474111e+00,8.188183e-01,7.803532e-01
9.815000e-11,1.000000e-04,1.000000e-04,0.000000e+00,4.680885e-06,-1.539907e-05,-7.853230e-07,2.757747e-08,2.201846e-08,2.201846e-08,-1.827434e-09,7.553226e-10,7.726659e-11,-5.605700e-11,1.472647e+00,8.184167e-01,7.804381e-01
9.820000e-11,1.000000e-04,1.000000e-04,0.000000e+00,4.110955e-06,-1.659677e-05,-7.515134e-07,-5.619837e-08,3.208862e-08,3.208862e-08,-2.690181e-09,7.509110e-10,9.095487e-11,-5.568795e-11,1.470822e+00,8.180449e-01,7.805183e-01
9.825000e-11,1.000000e-04,1.000000e-04,0.000000e+00,3.561663e-06,-1.781055e-05,-7.494443e-07,-1.370535e-07,4.186055e-08,4.186055e-08,-3.518369e-09,7.424185e-10,1.034475e-10,-5.485879e-11,1.468616e+00,8.177067e-01,7.805928e-01
9.830000e-11,1.000000e-04,1.000000e-04,0.000000e+00,3.045068e-06,-1.901611e-05,-7.825706e-07,-2.139369e-07,5.117063e-08,5.117063e-08,-4.298148e-09,7.295923e-10,1.146815e-10,-5.358417e-11,1.466016e+00,8.174045e-01,7.806604e-01
9.835000e-11,1.000000e-04,1.000000e-04,0.000000e+00,2.572026e-06,-2.018854e-05,-8.537610e-07,-2.858992e-07,5.986234e-08,5.986234e-08,-5.016117e-09,7.121837e-10,1.246092e-10,-5.188244e-11,1.463017e+00,8.171403e-01,7.807202e-01
9.840000e-11,1.000000e-04,1.000000e-04,0.000000e+00,2.151895e-06,-2.130191e-05,-9.651741e-07,-3.521066e-07,6.778892e-08,6.778892e-08,-5.659567e-09,6.899589e-10,1.331982e-10,-4.977543e-11,1.459623e+00,8.169148e-01,7.807713e-01
9.845000e-11,1.000000e-04,1.000000e-04,0.000000e+00,1.792337e-06,-2.232917e-05,-1.118144e-06,-4.118516e-07,7.481581e-08,7.481581e-08,-6.216716e-09,6.627101e-10,1.404307e-10,-4.728827e-11,1.455849e+00,8.167278e-01,7.808131e-01
9.850000e-11,1.000000e-04,1.000000e-04,0.000000e+00,1.499199e-06,-2.324211e-05,-1.313084e-06,-4.645618e-07,8.082290e-08,8.082290e-08,-6.676937e-09,6.302665e-10,1.463030e-10,-4.444907e-11,1.451718e+00,8.165783e-01,7.808450e-01
9.855000e-11,1.000000e-04,1.000000e-04,0.000000e+00,1.276482e-06,-2.401157e-05,-1.549408e-06,-5.098063e-07,8.570649e-08,8.570649e-08,-7.030963e-09,5.925060e-10,1.508248e-10,-4.128867e-11,1.447263e+00,8.164643e-01,7.808667e-01
9.860000e-11,1.000000e-04,1.000000e-04,0.000000e+00,1.126386e-06,-2.460793e-05,-1.825486e-06,-5.472987e-07,8.938101e-08,8.938101e-08,-7.271076e-09,5.493652e-10,1.540179e-10,-3.784030e-11,1.442526e+00,8.163831e-01,7.808780e-01
9.865000e-11,1.000000e-04,1.000000e-04,0.000000e+00,1.049412e-06,-2.500169e-05,-2.138610e-06,-5.768981e-07,9.178032e-08,9.178032e-08,-7.391275e-09,5.008498e-10,1.559153e-10,-3.413925e-11,1.437556e+00,8.163313e-01,7.808789e-01
9.870000e-11,1.000000e-04,1.000000e-04,0.000000e+00,1.044516e-06,-2.516432e-05,-2.485014e-06,-5.986071e-07,9.285880e-08,9.285880e-08,-7.387409e-09,4.470431e-10,1.565602e-10,-3.022251e-11,1.432410e+00,8.163045e-01,7.808693e-01
9.875000e-11,1.000000e-04,1.000000e-04,0.000000e+00,1.109289e-06,-2.506919e-05,-2.859897e-06,-6.125677e-07,9.259191e-08,9.259191e-08,-7.257286e-09,3.881141e-10,1.560048e-10,-2.612840e-11,1.427149e+00,8.162981e-01,7.808498e-01
9.880000e-11,1.000000e-04,1.000000e-04,0.000000e+00,1.240165e-06,-2.469256e-05,-3.257500e-06,-6.190543e-07,9.097656e-08,9.097656e-08,-7.000750e-09,3.243227e-10,1.543084e-10,-2.189617e-11,1.421840e+00,8.163070e-01,7.808205e-01
9.885000e-11,1.000000e-04,1.000000e-04,0.000000e+00,1.432628e-06,-2.401468e-05,-3.671197e-06,-6.184649e-07,8.803097e-08,8.803097e-08,-6.619722e-09,2.560247e-10,1.515369e-10,-1.756563e-11,1.416552e+00,8.163253e-01,7.807822e-01
9.890000e-11,1.000000e-04,1.000000e-04,0.000000e+00,1.681412e-06,-2.302079e-05,-4.093613e-06,-6.113103e-07,8.379424e-08,8.379424e-08,-6.118202e-09,1.836739e-10,1.477610e-10,-1.317676e-11,1.411356e+00,8.163475e-01,7.807355e-01
9.895000e-11,1.000000e-04,1.000000e-04,0.000000e+00,1.980688e-06,-2.170216e-05,-4.516771e-06,-5.982011e-07,7.832555e-08,7.832555e-08,-5.502242e-09,1.078223e-10,1.430550e-10,-8.769302e-12,1.406323e+00,8.163673e-01,7.806811e-01
9.900000e-11,1.000000e-04,1.000000e-04,0.000000e+00,2.324223e-06,-2.005695e-05,-4.932251e-06,-5.798334e-07,7.170297e-08,7.170297e-08,-4.779877e-09,2.911827e-11,1.374959e-10,-4.382375e-12,1.401522e+00,8.163789e-01,7.806200e-01
9.905000e-11,1.000000e-04,1.000000e-04,0.000000e+00,2.705510e-06,-1.809104e-05,-5.331365e-06,-5.569735e-07,6.402208e-08,6.402208e-08,-3.961025e-09,-5.169752e-11,1.311616e-10,-5.412426e-14,1.397018e+00,8.163764e-01,7.805532e-01
9.910000e-11,1.000000e-04,1.000000e-04,0.000000e+00,3.117863e-06,-1.581856e-05,-5.705345e-06,-5.304411e-07,5.539412e-08,5.539412e-08,-3.057351e-09,-1.337986e-10,1.241307e-10,4.178650e-12,1.392874e+00,8.163540e-01,7.804815e-01
9.915000e-11,1.000000e-04,1.000000e-04,0.000000e+00,3.554484e-06,-1.326228e-05,-6.045529e-06,-5.010924e-07,4.594412e-08,4.594412e-08,-2.082101e-09,-2.162811e-10,1.164807e-10,8.280830e-12,1.389148e+00,8.163064e-01,7.804062e-01
9.920000e-11,1.000000e-04,1.000000e-04,0.000000e+00,4.008499e-06,-1.045356e-05,-6.343553e-06,-4.698020e-07,3.580858e-08,3.580858e-08,-1.049901e-09,-2.981747e-10,1.082879e-10,1.221929e-11,1.385889e+00,8.162289e-01,7.803283e-01
9.925000e-11,1.000000e-04,1.000000e-04,0.000000e+00,4.472977e-06,-7.432144e-06,-6.591534e-06,-4.374460e-07,2.513318e-08,2.513318e-08,2.345858e-11,-3.784551e-10,9.962622e-11,1.596320e-11,1.383142e+00,8.161169e-01,7.802489e-01
9.930000e-11,1.000000e-04,1.000000e-04,0.000000e+00,4.940935e-06,-4.245388e-06,-6.782247e-06,-4.048839e-07,1.407020e-08,1.407020e-08,1.121274e-09,-4.560584e-10,9.056707e-11,1.948424e-11,1.380940e+00,8.159670e-01,7.801690e-01
9.935000e-11,1.000000e-04,1.000000e-04,0.000000e+00,5.405347e-06,-9.472350e-07,-6.909286e-06,-3.729423e-07,2.776018e-09,2.776018e-09,2.226188e-09,-5.298976e-10,8.117856e-11,2.275688e-11,1.379313e+00,8.157761e-01,7.800896e-01
9.940000e-11,1.000000e-04,1.000000e-04,0.000000e+00,5.859161e-06,2.403240e-06,-6.967213e-06,-3.423991e-07,-8.591599e-09,-8.591599e-09,3.320467e-09,-5.988794e-10,7.152551e-11,2.575856e-11,1.378277e+00,8.155421e-01,7.800117e-01
9.945000e-11,1.000000e-04,1.000000e-04,0.000000e+00,6.295339e-06,5.743584e-06,-6.951687e-06,-3.139680e-07,-1.987604e-08,-1.987604e-08,4.386290e-09,-6.619233e-10,6.166922e-11,2.846979e-11,1.377843e+00,8.152639e-01,7.799363e-01
9.950000e-11,1.000000e-04,1.000000e-04,0.000000e+00,6.706929e-06,9.009958e-06,-6.859566e-06,-2.882859e-07,-3.092444e-08,-3.092444e-08,5.406032e-09,-7.179799e-10,5.166753e-11,3.087434e-11,1.378009e+00,8.149411e-01,7.798641e-01
9.955000e-11,1.000000e-04,1.000000e-04,0.000000e+00,7.087165e-06,1.213926e-05,-6.688996e-06,-2.659004e-07,-4.159010e-08,-4.159010e-08,6.362563e-09,-7.660510e-10,4.157494e-11,3.295926e-11,1.378766e+00,8.145744e-01,7.797958e-01
9.960000e-11,1.000000e-04,1.000000e-04,0.000000e+00,7.429608e-06,1.507121e-05,-6.439465e-06,-2.472605e-07,-5.173480e-08,-5.173480e-08,7.239525e-09,-8.052089e-10,3.144288e-11,3.471497e-11,1.380095e+00,8.141653e-01,7.797321e-01
9.965000e-11,1.000000e-04,1.000000e-04,0.000000e+00,7.728307e-06,1.775037e-05,-6.111840e-06,-2.327079e-07,-6.123095e-08,-6.123095e-08,8.021605e-09,-8.346153e-10,2.132001e-11,3.613521e-11,1.381969e+00,8.137165e-01,7.796735e-01
9.970000e-11,1.000000e-04,1.000000e-04,0.000000e+00,7.977988e-06,2.012782e-05,-5.708372e-06,-2.224718e-07,-6.996345e-08,-6.996345e-08,8.694798e-09,-8.535394e-10,1.125269e-11,3.721702e-11,1.384351e+00,8.132313e-01,7.796203e-01
9.975000e-11,1.000000e-04,1.000000e-04,0.000000e+00,8.174244e-06,2.216247e-05,-5.232676e-06,-2.166649e-07,-7.783137e-08,-7.783137e-08,9.246637e-09,-8.613758e-10,1.285388e-12,3.796069e-11,1.387197e+00,8.127142e-01,7.795729e-01
9.980000e-11,1.000000e-04,1.000000e-04,0.000000e+00,8.313715e-06,2.382190e-05,-4.689691e-06,-2.152818e-07,-8.474932e-08,-8.474932e-08,9.666412e-09,-8.576590e-10,-8.538761e-12,3.836961e-11,1.390457e+00,8.121704e-01,7.795313e-01
9.985000e-11,1.000000e-04,1.000000e-04,0.000000e+00,8.394243e-06,2.508274e-05,-4.085603e-06,-2.182007e-07,-9.064856e-08,-9.064856e-08,9.945351e-09,-8.420782e-10,-1.817747e-11,3.845016e-11,1.394073e+00,8.116057e-01,7.794956e-01
9.990000e-11,1.000000e-04,1.000000e-04,0.000000e+00,8.414980e-06,2.593045e-05,-3.427753e-06,-2.251858e-07,-9.547775e-08,-9.547775e-08,1.007678e-08,-8.144882e-10,-2.758877e-11,3.821154e-11,1.397982e+00,8.110268e-01,7.794656e-01
9.995000e-11,1.000000e-04,1.000000e-04,0.000000e+00,8.376445e-06,2.635873e-05,-2.724520e-06,-2.358931e-07,-9.920340e-08,-9.920340e-08,1.005622e-08,-7.749187e-10,-3.673056e-11,3.766556e-11,1.402117e+00,8.104409e-01,7.794413e-01
1.000000e-10,1.000000e-04,1.000000e-04,0.000000e+00,8.280507e-06,2.636851e-05,-1.985178e-06,-2.498781e-07,-1.018100e-07,-1.018100e-07,9.881529e-09,-7.235808e-10,-4.556015e-11,3.682642e-11,1.406409e+00,8.098556e-01,7.794222e-01
1.000500e-10,9.500000e-05,9.500000e-05,0.000000e+00,6.710932e-06,-3.884379e-05,-1.220563e-06,-2.666052e-07,-1.033000e-07,-1.033000e-07,9.552867e-09,-6.608705e-10,-5.403394e-11,3.571048e-11,1.410713e+00,8.092787e-01,7.794079e-01
1.001000e-10,9.000000e-05,9.000000e-05,0.000000e+00,5.350210e-06,-8.667707e-06,-4.434226e-07,-2.854602e-07,-1.036930e-07,-1.036930e-07,9.072766e-09,-5.873691e-10,-6.210712e-11,3.433601e-11,1.414856e+00,8.087184e-01,7.793981e-01
1.001500e-10,8.500000e-05,8.500000e-05,0.000000e+00,4.264873e-06,-2.073924e-06,3.318087e-07,-3.057625e-07,-1.030253e-07,-1.030253e-07,8.446075e-09,-5.038405e-10,-6.973354e-11,3.272293e-11,1.418673e+00,8.081827e-01,7.793920e-01
1.002000e-10,8.000000e-05,8.000000e-05,0.000000e+00,3.470088e-06,3.209740e-06,1.089676e-06,-3.267806e-07,-1.013484e-07,-1.013484e-07,7.679891e-09,-4.112252e-10,-7.686566e-11,3.089252e-11,1.422033e+00,8.076798e-01,7.793892e-01
1.002500e-10,7.500000e-05,7.500000e-05,0.000000e+00,2.931056e-06,6.055242e-06,1.814549e-06,-3.477477e-07,-9.872836e-08,-9.872836e-08,6.783461e-09,-3.106313e-10,-8.345462e-11,2.886716e-11,1.424846e+00,8.072173e-01,7.793890e-01
1.003000e-10,7.000000e-05,7.000000e-05,0.000000e+00,2.573673e-06,5.736347e-06,2.491442e-06,-3.678778e-07,-9.524349e-08,-9.524349e-08,5.768030e-09,-2.033226e-10,-8.945048e-11,2.667006e-11,1.427058e+00,8.068024e-01,7.793907e-01
1.003500e-10,6.500000e-05,6.500000e-05,0.000000e+00,2.301458e-06,2.035938e-06,3.106678e-06,-3.863837e-07,-9.098314e-08,-9.098314e-08,4.646677e-09,-9.070293e-11,-9.480256e-11,2.432498e-11,1.428645e+00,8.064421e-01,7.793936e-01
1.004000e-10,6.000000e-05,6.000000e-05,0.000000e+00,2.014723e-06,-4.757531e-06,3.648316e-06,-4.024940e-07,-8.604563e-08,-8.604563e-08,3.434104e-09,2.570156e-11,-9.945992e-11,2.185600e-11,1.429601e+00,8.061421e-01,7.793970e-01
1.004500e-10,5.500000e-05,5.500000e-05,0.000000e+00,1.628184e-06,-1.394466e-05,4.106345e-06,-4.154706e-07,-8.053620e-08,-8.053620e-08,2.146412e-09,1.442628e-10,-1.033720e-10,1.928722e-11,1.429926e+00,8.059076e-01,7.794004e-01
1.005000e-10,5.000000e-05,5.000000e-05,0.000000e+00,1.084056e-06,-2.457021e-05,4.472665e-06,-4.246261e-07,-7.456498e-08,-7.456498e-08,8.008436e-10,2.632737e-10,-1.064895e-10,1.664258e-11,1.429620e+00,8.057427e-01,7.794031e-01
1.005500e-10,4.500000e-05,4.500000e-05,0.000000e+00,3.589052e-07,-3.560233e-05,4.740921e-06,-4.293394e-07,-6.824483e-08,-6.824483e-08,-5.844837e-10,3.809725e-10,-1.087648e-10,1.394561e-11,1.428673e+00,8.056505e-01,7.794045e-01
1.006000e-10,4.000000e-05,4.000000e-05,0.000000e+00,-5.361126e-07,-4.610071e-05,4.906273e-06,-4.290714e-07,-6.168921e-08,-6.168921e-08,-1.990862e-09,4.955694e-10,-1.101535e-10,1.121924e-11,1.427064e+00,8.056326e-01,7.794041e-01
1.006500e-10,3.500000e-05,3.500000e-05,0.000000e+00,-1.560772e-06,-5.534534e-05,4.965154e-06,-4.233782e-07,-5.501006e-08,-5.501006e-08,-3.399286e-09,6.052733e-10,-1.106150e-10,8.485648e-12,1.424767e+00,8.056897e-01,7.794016e-01
1.007000e-10,3.000000e-05,3.000000e-05,0.000000e+00,-2.655323e-06,-6.290875e-05,4.915093e-06,-4.119237e-07,-4.831581e-08,-4.831581e-08,-4.790745e-09,7.083201e-10,-1.101140e-10,5.766059e-12,1.421749e+00,8.058210e-01,7.793965e-01
1.007500e-10,2.500000e-05,2.500000e-05,0.000000e+00,-3.751857e-06,-6.866698e-05,4.754635e-06,-3.944895e-07,-4.170949e-08,-4.170949e-08,-6.146520e-09,8.030005e-10,-1.086210e-10,3.080660e-12,1.417982e+00,8.060243e-01,7.793887e-01
1.008000e-10,2.000000e-05,2.000000e-05,0.000000e+00,-4.785292e-06,-7.275651e-05,4.483359e-06,-3.709826e-07,-3.528691e-08,-3.528691e-08,-7.448471e-09,8.876881e-10,-1.061141e-10,4.484727e-13,1.413447e+00,8.062963e-01,7.793779e-01
1.008500e-10,1.500000e-05,1.500000e-05,0.000000e+00,-5.702179e-06,-7.549252e-05,4.101987e-06,-3.414415e-07,-2.913517e-08,-2.913517e-08,-8.679311e-09,9.608666e-10,-1.025798e-10,-2.112726e-12,1.408141e+00,8.066322e-01,7.793641e-01
1.009000e-10,1.000000e-05,1.000000e-05,0.000000e+00,-6.466152e-06,-7.726913e-05,3.612572e-06,-3.060391e-07,-2.333123e-08,-2.333123e-08,-9.822868e-09,1.021155e-09,-9.801388e-11,-4.586470e-12,1.402080e+00,8.070262e-01,7.793473e-01
1.009500e-10,5.000000e-06,5.000000e-06,0.000000e+00,-7.059657e-06,-7.846239e-05,3.018687e-06,-2.650831e-07,-1.794082e-08,-1.794082e-08,-1.086432e-08,1.067333e-09,-9.242287e-11,-6.957630e-12,1.395305e+00,8.074710e-01,7.793277e-01
1.010000e-10,0.000000e+00,0.000000e+00,0.000000e+00,-7.482285e-06,-7.935331e-05,2.325621e-06,-2.190147e-07,-1.301753e-08,-1.301753e-08,-1.179043e-08,1.098362e-09,-8.582447e-11,-9.212451e-12,1.387878e+00,8.079585e-01,7.793055e-01
1.010500e-10,0.000000e+00,0.000000e+00,0.000000e+00,-6.327235e-06,-1.527187e-05,1.541328e-06,-1.684025e-07,-8.602168e-09,-8.602168e-09,-1.258970e-08,1.113405e-09,-7.824855e-11,-1.133854e-11,1.379952e+00,8.084795e-01,7.792810e-01
1.011000e-10,0.000000e+00,0.000000e+00,0.000000e+00,-5.292852e-06,-4.680793e-05,6.770152e-07,-1.139358e-07,-4.722446e-09,-4.722446e-09,-1.325257e-08,1.111843e-09,-6.973769e-11,-1.332485e-11,1.371731e+00,8.090240e-01,7.792546e-01
1.011500e-10,0.000000e+00,0.000000e+00,0.000000e+00,-4.462782e-06,-5.484463e-05,-2.529305e-07,-5.641421e-08,-1.392873e-09,-1.392873e-09,-1.377151e-08,1.093290e-09,-6.034760e-11,-1.516166e-11,1.363418e+00,8.095813e-01,7.792268e-01
1.012000e-10,0.000000e+00,0.000000e+00,0.000000e+00,-3.866615e-06,-6.143350e-05,-1.231533e-06,3.264814e-09,1.385049e-09,1.385049e-09,-1.414112e-08,1.057601e-09,-5.014731e-11,-1.684051e-11,1.355197e+00,8.101402e-01,7.791982e-01
1.012500e-10,0.000000e+00,0.000000e+00,0.000000e+00,-3.479158e-06,-6.521328e-05,-2.240074e-06,6.412049e-08,3.622370e-09,3.622370e-09,-1.435820e-08,1.004878e-09,-3.921922e-11,-1.835421e-11,1.347216e+00,8.106892e-01,7.791693e-01
1.013000e-10,0.000000e+00,0.000000e+00,0.000000e+00,-3.231024e-06,-6.527071e-05,-3.258980e-06,1.251053e-07,5.341985e-09,5.341985e-09,-1.442175e-08,9.354773e-10,-2.765885e-11,-1.969670e-11,1.339594e+00,8.112165e-01,7.791407e-01
1.013500e-10,0.000000e+00,0.000000e+00,0.000000e+00,-3.027221e-06,-6.129165e-05,-4.268596e-06,1.851236e-07,6.577692e-09,6.577692e-09,-1.433298e-08,8.500004e-10,-1.557435e-11,-2.086305e-11,1.332422e+00,8.117105e-01,7.791130e-01
1.014000e-10,0.000000e+00,0.000000e+00,0.000000e+00,-2.769086e-06,-5.357907e-05,-5.249776e-06,2.430511e-07,7.373042e-09,7.373042e-09,-1.409521e-08,7.492953e-10,-3.085805e-12,-2.184939e-11,1.325774e+00,8.121598e-01,7.790871e-01
1.014500e-10,0.000000e+00,0.000000e+00,0.000000e+00,-2.374961e-06,-4.295521e-05,-6.184257e-06,2.977563e-07,7.779992e-09,7.779992e-09,-1.371382e-08,6.344435e-10,9.675741e-12,-2.265283e-11,1.319717e+00,8.125536e-01,7.790634e-01
1.015000e-10,0.000000e+00,0.000000e+00,0.000000e+00,-1.795798e-06,-3.058118e-05,-7.054848e-06,3.481215e-07,7.857408e-09,7.857408e-09,-1.319612e-08,5.067486e-10,2.256949e-11,-2.327144e-11,1.314321e+00,8.128816e-01,7.790427e-01
1.015500e-10,0.000000e+00,0.000000e+00,0.000000e+00,-1.023361e-06,-1.773699e-05,-7.845507e-06,3.930656e-07,7.669437e-09,7.669437e-09,-1.255121e-08,3.677188e-10,3.544633e-11,-2.370417e-11,1.309658e+00,8.131345e-01,7.790254e-01
1.016000e-10,0.000000e+00,0.000000e+00,0.000000e+00,-9.026419e-08,-5.606469e-06,-8.541366e-06,4.315654e-07,7.283790e-09,7.283790e-09,-1.178980e-08,2.190472e-10,4.815047e-11,-2.395081e-11,1.305805e+00,8.133041e-01,7.790123e-01
1.016500e-10,0.000000e+00,0.000000e+00,0.000000e+00,9.372927e-07,4.895386e-06,-9.128783e-06,4.626771e-07,6.769963e-09,6.769963e-09,-1.092398e-08,6.258846e-11,6.052136e-11,-2.401199e-11,1.302838e+00,8.133835e-01,7.790036e-01
1.017000e-10,0.000000e+00,0.000000e+00,0.000000e+00,1.972054e-06,1.322715e-05,-9.595479e-06,4.855572e-07,6.197444e-09,6.197444e-09,-9.967051e-09,-9.966696e-11,7.239567e-11,-2.388912e-11,1.300826e+00,8.133672e-01,7.789999e-01
1.017500e-10,0.000000e+00,0.000000e+00,0.000000e+00,2.920750e-06,1.924808e-05,-9.930779e-06,4.994809e-07,5.633938e-09,5.633938e-09,-8.933272e-09,-2.656210e-10,8.360949e-11,-2.358440e-11,1.299818e+00,8.132512e-01,7.790013e-01
1.018000e-10,0.000000e+00,0.000000e+00,0.000000e+00,3.698788e-06,2.317280e-05,-1.012596e-05,5.038605e-07,5.143642e-09,5.143642e-09,-7.837602e-09,-4.330981e-10,9.400068e-11,-2.310080e-11,1.299840e+00,8.130332e-01,7.790082e-01
1.018500e-10,0.000000e+00,0.000000e+00,0.000000e+00,4.242111e-06,2.547097e-05,-1.017467e-05,4.982598e-07,4.785618e-09,4.785618e-09,-6.695462e-09,-5.998767e-10,1.034112e-10,-2.244210e-11,1.300884e+00,8.127127e-01,7.790206e-01
1.019000e-10,0.000000e+00,0.000000e+00,0.000000e+00,4.514562e-06,2.673712e-05,-1.007336e-05,4.824077e-07,4.612283e-09,4.612283e-09,-5.522477e-09,-7.637220e-10,1.116895e-10,-2.161286e-11,1.302905e+00,8.122910e-01,7.790384e-01
1.019500e-10,0.000000e+00,0.000000e+00,0.000000e+00,4.510050e-06,2.755749e-05,-9.821714e-06,4.562077e-07,4.668061e-09,4.668061e-09,-4.334228e-09,-9.224180e-10,1.186932e-10,-2.061851e-11,1.305822e+00,8.117712e-01,7.790616e-01
1.020000e-10,0.000000e+00,0.000000e+00,0.000000e+00,4.249814e-06,2.839818e-05,-9.422913e-06,4.197455e-07,4.988217e-09,4.988217e-09,-3.146003e-09,-1.073801e-09,1.242913e-10,-1.946532e-11,1.309517e+00,8.111581e-01,7.790899e-01
1.020500e-10,0.000000e+00,0.000000e+00,0.000000e+00,3.775872e-06,2.953148e-05,-8.883811e-06,3.732922e-07,5.597903e-09,5.597903e-09,-1.972565e-09,-1.215792e-09,1.283662e-10,-1.816048e-11,1.313848e+00,8.104584e-01,7.791229e-01
1.021000e-10,0.000000e+00,0.000000e+00,0.000000e+00,3.142267e-06,3.100876e-05,-8.214897e-06,3.173051e-07,6.511432e-09,6.511432e-09,-8.279360e-10,-1.346424e-09,1.308168e-10,-1.671214e-11,1.318651e+00,8.096806e-01,7.791602e-01
1.021500e-10,0.000000e+00,0.000000e+00,0.000000e+00,2.405874e-06,3.267848e-05,-7.430084e-06,2.524241e-07,7.731798e-09,7.731798e-09,2.748071e-10,-1.463879e-09,1.315595e-10,-1.512940e-11,1.323753e+00,8.088345e-01,7.792011e-01
1.022000e-10,0.000000e+00,0.000000e+00,0.000000e+00,1.618367e-06,3.424038e-05,-6.546319e-06,1.794650e-07,9.250461e-09,9.250461e-09,1.323709e-09,-1.566505e-09,1.305310e-10,-1.342244e-11,1.328977e+00,8.079314e-01,7.792449e-01
1.022500e-10,0.000000e+00,0.000000e+00,0.000000e+00,8.205291e-07,3.532142e-05,-5.583049e-06,9.940927e-08,1.104738e-08,1.104738e-08,2.308091e-09,-1.652848e-09,1.276891e-10,-1.160246e-11,1.334155e+00,8.069838e-01,7.792909e-01
1.023000e-10,0.000000e+00,0.000000e+00,0.000000e+00,3.950122e-08,3.555729e-05,-4.561595e-06,1.338979e-08,1.309135e-08,1.309135e-08,3.218676e-09,-1.721672e-09,1.230146e-10,-9.681792e-12,1.339131e+00,8.060054e-01,7.793381e-01
1.023500e-10,0.000000e+00,0.000000e+00,0.000000e+00,-7.110227e-07,3.466400e-05,-3.504467e-06,-7.732599e-08,1.534051e-08,1.534051e-08,4.047691e-09,-1.771975e-09,1.165121e-10,-7.673846e-12,1.343765e+00,8.050105e-01,7.793858e-01
1.024000e-10,0.000000e+00,0.000000e+00,0.000000e+00,-1.428170e-06,3.248827e-05,-2.434677e-06,-1.713563e-07,1.774326e-08,1.774326e-08,4.788932e-09,-1.803004e-09,1.082108e-10,-5.593151e-12,1.347934e+00,8.040137e-01,7.794328e-01
1.024500e-10,0.000000e+00,0.000000e+00,0.000000e+00,-2.115708e-06,2.903016e-05,-1.375081e-06,-2.672282e-07,2.023922e-08,2.023922e-08,5.437808e-09,-1.814268e-09,9.816491e-11,-3.455337e-12,1.351538e+00,8.030301e-01,7.794783e-01
1.025000e-10,0.000000e+00,0.000000e+00,0.000000e+00,-2.779343e-06,2.443736e-05,-3.477861e-07,-3.634023e-07,2.276058e-08,2.276058e-08,5.991344e-09,-1.805543e-09,8.645348e-11,-1.277097e-12,1.354493e+00,8.020746e-01,7.795211e-01
1.025500e-10,0.000000e+00,0.000000e+00,0.000000e+00,-3.422462e-06,1.897547e-05,6.263769e-07,-4.583005e-07,2.523352e-08,2.523352e-08,6.448161e-09,-1.776874e-09,7.318015e-11,9.238579e-13,1.356735e+00,8.011617e-01,7.795603e-01
1.026000e-10,0.000000e+00,0.000000e+00,0.000000e+00,-4.043103e-06,1.298232e-05,1.528293e-06,-5.503340e-07,2.757986e-08,2.757986e-08,6.808431e-09,-1.728578e-09,5.847239e-11,3.128880e-12,1.358216e+00,8.003052e-01,7.795949e-01
1.026500e-10,0.000000e+00,0.000000e+00,0.000000e+00,-4.632571e-06,6.816101e-06,2.340936e-06,-6.379327e-07,2.971882e-08,2.971882e-08,7.073792e-09,-1.661230e-09,4.248033e-11,5.318470e-12,1.358908e+00,7.995180e-01,7.796240e-01
1.027000e-10,0.000000e+00,0.000000e+00,0.000000e+00,-5.175785e-06,8.068413e-07,3.049664e-06,-7.195748e-07,3.156888e-08,3.156888e-08,7.247251e-09,-1.575663e-09,2.537529e-11,7.472405e-12,1.358796e+00,7.988117e-01,7.796467e-01
1.027500e-10,0.000000e+00,0.000000e+00,0.000000e+00,-5.653109e-06,-4.780939e-06,3.642468e-06,-7.938163e-07,3.304970e-08,3.304970e-08,7.333058e-09,-1.472949e-09,7.347897e-12,9.569885e-12,1.357884e+00,7.981964e-01,7.796622e-01
1.028000e-10,0.000000e+00,0.000000e+00,0.000000e+00,-6.043162e-06,-9.769618e-06,4.110164e-06,-8.593186e-07,3.408405e-08,3.408405e-08,7.336564e-09,-1.354383e-09,-1.139410e-11,1.158969e-11,1.356197e+00,7.976805e-01,7.796698e-01
1.028500e-10,0.000000e+00,0.000000e+00,0.000000e+00,-6.326001e-06,-1.407252e-05,4.446535e-06,-9.148757e-07,3.459974e-08,3.459974e-08,7.264057e-09,-1.221464e-09,-3.062831e-11,1.351040e-11,1.353772e+00,7.972707e-01,7.796689e-01
1.029000e-10,0.000000e+00,0.000000e+00,0.000000e+00,-6.486065e-06,-1.768240e-05,4.648431e-06,-9.594383e-07,3.453147e-08,3.453147e-08,7.122591e-09,-1.075872e-09,-5.012051e-11,1.531055e-11,1.350671e+00,7.969715e-01,7.796592e-01
1.029500e-10,0.000000e+00,0.000000e+00,0.000000e+00,-6.514357e-06,-2.064867e-05,4.715811e-06,-9.921360e-07,3.382259e-08,3.382259e-08,6.919806e-09,-9.194405e-10,-6.962762e-11,1.696894e-11,1.346969e+00,7.967852e-01,7.796402e-01
1.030000e-10,0.000000e+00,0.000000e+00,0.000000e+00,-6.409569e-06,-2.304904e-05,4.651725e-06,-1.012296e-06,3.242669e-08,3.242669e-08,6.663741e-09,-7.541320e-10,-8.890091e-11,1.846483e-11,1.342759e+00,7.967124e-01,7.796119e-01
1.030500e-10,0.000000e+00,0.000000e+00,0.000000e+00,-6.178038e-06,-2.496140e-05,4.462230e-06,-1.019456e-06,3.030911e-08,3.030911e-08,6.362642e-09,-5.820065e-10,-1.076894e-10,1.977821e-11,1.338149e+00,7.967510e-01,7.795742e-01
1.031000e-10,0.000000e+00,0.000000e+00,0.000000e+00,-5.832648e-06,-2.644113e-05,4.156228e-06,-1.013380e-06,2.744812e-08,2.744812e-08,6.024784e-09,-4.051915e-10,-1.257432e-10,2.089011e-11,1.333257e+00,7.968971e-01,7.795273e-01
1.031500e-10,0.000000e+00,0.000000e+00,0.000000e+00,-5.390962e-06,-2.750717e-05,3.745230e-06,-9.940584e-07,2.383592e-08,2.383592e-08,5.658287e-09,-2.258517e-10,-1.428172e-10,2.178285e-11,1.328207e+00,7.971447e-01,7.794716e-01
1.032000e-10,0.000000e+00,0.000000e+00,0.000000e+00,-4.872950e-06,-2.813836e-05,3.243052e-06,-9.617160e-07,1.947940e-08,1.947940e-08,5.270950e-09,-4.615697e-11,-1.586743e-10,2.244030e-11,1.323128e+00,7.974860e-01,7.794074e-01
1.032500e-10,0.000000e+00,0.000000e+00,0.000000e+00,-4.298735e-06,-2.827959e-05,2.665434e-06,-9.168057e-07,1.440059e-08,1.440059e-08,4.870097e-09,1.317481e-10,-1.730891e-10,2.284825e-11,1.318147e+00,7.979112e-01,7.793355e-01
1.033000e-10,0.000000e+00,0.000000e+00,0.000000e+00,-3.686692e-06,-2.785544e-05,2.029622e-06,-8.600032e-07,8.636805e-09,8.636805e-09,4.462437e-09,3.057743e-10,-1.858512e-10,2.299458e-11,1.313386e+00,7.984094e-01,7.792565e-01
1.033500e-10,0.000000e+00,0.000000e+00,0.000000e+00,-3.052158e-06,-2.678815e-05,1.353904e-06,-7.921945e-07,2.240497e-09,2.240497e-09,4.053945e-09,4.739159e-10,-1.967679e-10,2.286958e-11,1.308960e+00,7.989681e-01,7.791715e-01
1.034000e-10,0.000000e+00,0.000000e+00,0.000000e+00,-2.406884e-06,-2.501639e-05,6.571305e-07,-7.144609e-07,-4.721207e-09,-4.721207e-09,3.649764e-09,6.342786e-10,-2.056680e-10,2.246619e-11,1.304973e+00,7.995741e-01,7.790815e-01
1.034500e-10,0.000000e+00,0.000000e+00,0.000000e+00,-1.759199e-06,-2.251124e-05,-4.176378e-08,-6.280584e-07,-1.216727e-08,-1.216727e-08,3.254132e-09,7.851030e-10,-2.124035e-10,2.178020e-11,1.301516e+00,8.002132e-01,7.789876e-01
1.035000e-10,0.000000e+00,0.000000e+00,0.000000e+00,-1.114762e-06,-1.928712e-05,-7.242183e-07,-5.343944e-07,-2.000382e-08,-2.000382e-08,2.870329e-09,9.247877e-10,-2.168529e-10,2.081047e-11,1.298667e+00,8.008711e-01,7.788909e-01
1.035500e-10,0.000000e+00,0.000000e+00,0.000000e+00,-4.776950e-07,-1.540610e-05,-1.372478e-06,-4.350016e-07,-2.812548e-08,-2.812548e-08,2.500653e-09,1.051908e-09,-2.189224e-10,1.955906e-11,1.296489e+00,8.015332e-01,7.787929e-01
1.036000e-10,0.000000e+00,0.000000e+00,0.000000e+00,1.481660e-07,-1.097538e-05,-1.969982e-06,-3.315079e-07,-3.641702e-08,-3.641702e-08,2.146419e-09,1.165233e-09,-2.185480e-10,1.803138e-11,1.295032e+00,8.021854e-01,7.786949e-01
1.036500e-10,0.000000e+00,0.000000e+00,0.000000e+00,7.581328e-07,-6.138972e-06,-2.501700e-06,-2.256063e-07,-4.475516e-08,-4.475516e-08,1.807982e-09,1.263736e-09,-2.156968e-10,1.623626e-11,1.294327e+00,8.028138e-01,7.785982e-01
1.037000e-10,0.000000e+00,0.000000e+00,0.000000e+00,1.345835e-06,-1.065241e-06,-2.954426e-06,-1.190215e-07,-5.301065e-08,-5.301065e-08,1.484789e-09,1.346607e-09,-2.103674e-10,1.418600e-11,1.294396e+00,8.034057e-01,7.785042e-01
1.037500e-10,0.000000e+00,0.000000e+00,0.000000e+00,1.902819e-06,4.067514e-06,-3.317007e-06,-1.347729e-08,-6.105046e-08,-6.105046e-08,1.175448e-09,1.413258e-09,-2.025905e-10,1.189636e-11,1.295241e+00,8.039491e-01,7.784141e-01
1.038000e-10,0.000000e+00,0.000000e+00,0.000000e+00,2.418617e-06,9.085221e-06,-3.580535e-06,8.933665e-08,-6.874014e-08,-6.874014e-08,8.778188e-10,1.463322e-09,-1.924288e-10,9.386475e-12,1.296855e+00,8.044338e-01,7.783294e-01
1.038500e-10,0.000000e+00,0.000000e+00,0.000000e+00,2.881242e-06,1.383007e-05,-3.738480e-06,1.877971e-07,-7.594628e-08,-7.594628e-08,5.891254e-10,1.496655e-09,-1.799763e-10,6.678811e-12,1.299212e+00,8.048509e-01,7.782513e-01
1.039000e-10,0.000000e+00,0.000000e+00,0.000000e+00,3.277999e-06,1.816908e-05,-3.786782e-06,2.803784e-07,-8.253888e-08,-8.253888e-08,3.060812e-10,1.513331e-09,-1.653575e-10,3.798948e-12,1.302276e+00,8.051931e-01,7.781808e-01
1.039500e-10,0.000000e+00,0.000000e+00,0.000000e+00,3.596488e-06,2.199874e-05,-3.723896e-06,3.656810e-07,-8.839390e-08,-8.839390e-08,2.502750e-11,1.513633e-09,-1.487254e-10,7.754083e-13,1.305995e+00,8.054552e-01,7.781189e-01
1.040000e-10,0.000000e+00,0.000000e+00,0.000000e+00,3.825620e-06,2.524560e-05,-3.550792e-06,4.424580e-07,-9.339559e-08,-9.339559e-08,-2.579175e-10,1.498041e-09,-1.302603e-10,-2.360619e-12,1.310306e+00,8.056339e-01,7.780666e-01
1.040500e-10,0.000000e+00,0.000000e+00,0.000000e+00,3.956533e-06,2.786379e-05,-3.270916e-06,5.096378e-07,-9.743881e-08,-9.743881e-08,-5.467050e-10,1.467221e-09,-1.101672e-10,-5.575572e-12,1.315133e+00,8.057279e-01,7.780246e-01
1.041000e-10,0.000000e+00,0.000000e+00,0.000000e+00,3.983279e-06,2.983035e-05,-2.890103e-06,5.663438e-07,-1.004311e-07,-1.004311e-07,-8.451992e-10,1.422007e-09,-8.867305e-11,-8.833870e-12,1.320388e+00,8.057379e-01,7.779934e-01
1.041500e-10,0.000000e+00,0.000000e+00,0.000000e+00,3.903247e-06,3.113962e-05,-2.416446e-06,6.119097e-07,-1.022948e-07,-1.022948e-07,-1.157021e-09,1.363380e-09,-6.602380e-11,-1.209830e-11,1.325975e+00,8.056665e-01,7.779734e-01
1.042000e-10,0.000000e+00,0.000000e+00,0.000000e+00,3.717279e-06,3.179798e-05,-1.860121e-06,6.458899e-07,-1.029684e-07,-1.029684e-07,-1.485401e-09,1.292455e-09,-4.248140e-11,-1.533045e-11,1.331790e+00,8.055182e-01,7.779649e-01
1.042500e-10,0.000000e+00,0.000000e+00,0.000000e+00,3.429541e-06,3.181956e-05,-1.233170e-06,6.680664e-07,-1.024084e-07,-1.024084e-07,-1.833033e-09,1.210450e-09,-1.832010e-11,-1.849117e-11,1.337721e+00,8.052995e-01,7.779679e-01
1.043000e-10,0.000000e+00,0.000000e+00,0.000000e+00,3.047178e-06,3.122368e-05,-5.492459e-07,6.784503e-07,-1.005902e-07,-1.005902e-07,-2.201948e-09,1.118671e-09,6.177137e-12,-2.154103e-11,1.343655e+00,8.050181e-01,7.779822e-01
1.043500e-10,0.000000e+00,0.000000e+00,0.000000e+00,2.579851e-06,3.003400e-05,1.766860e-07,6.772786e-07,-9.750861e-08,-9.750861e-08,-2.593401e-09,1.018485e-09,3.072238e-11,-2.444086e-11,1.349479e+00,8.046834e-01,7.780075e-01
1.044000e-10,0.000000e+00,0.000000e+00,0.000000e+00,2.039212e-06,2.827915e-05,9.286691e-07,6.650067e-07,-9.317898e-08,-9.317898e-08,-3.007772e-09,9.112999e-10,5.502664e-11,-2.715225e-11,1.355078e+00,8.043060e-01,7.780434e-01
1.044500e-10,0.000000e+00,0.000000e+00,0.000000e+00,1.438393e-06,2.599430e-05,1.690104e-06,6.422964e-07,-8.763668e-08,-8.763668e-08,-3.444489e-09,7.985381e-10,7.880365e-11,-2.963806e-11,1.360345e+00,8.038971e-01,7.780890e-01
1.045000e-10,0.000000e+00,0.000000e+00,0.000000e+00,7.915542e-07,2.322319e-05,2.444110e-06,6.099996e-07,-8.093705e-08,-8.093705e-08,-3.901982e-09,6.816172e-10,1.017737e-10,-3.186296e-11,1.365178e+00,8.034689e-01,7.781436e-01
1.045500e-10,0.000000e+00,0.000000e+00,0.000000e+00,1.134964e-07,2.001973e-05,3.173897e-06,5.691383e-07,-7.315470e-08,-7.315470e-08,-4.377645e-09,5.619281e-10,1.236674e-10,-3.379391e-11,1.369483e+00,8.030339e-01,7.782063e-01
1.046000e-10,0.000000e+00,0.000000e+00,0.000000e+00,-5.806452e-07,1.644894e-05,3.863128e-06,5.208811e-07,-6.438249e-08,-6.438249e-08,-4.867837e-09,4.408156e-10,1.442291e-10,-3.540069e-11,1.373178e+00,8.026046e-01,7.782759e-01
1.046500e-10,0.000000e+00,0.000000e+00,0.000000e+00,-1.275657e-06,1.258661e-05,4.496278e-06,4.665175e-07,-5.473017e-08,-5.473017e-08,-5.367906e-09,3.195608e-10,1.632203e-10,-3.665631e-11,1.376193e+00,8.021933e-01,7.783512e-01
1.047000e-10,0.000000e+00,0.000000e+00,0.000000e+00,-1.956472e-06,8.517904e-06,5.058969e-06,4.074290e-07,-4.432267e-08,-4.432267e-08,-5.872230e-09,1.993652e-10,1.804226e-10,-3.753751e-11,1.378472e+00,8.018120e-01,7.784310e-01
1.047500e-10,0.000000e+00,0.000000e+00,0.000000e+00,-2.608400e-06,4.334775e-06,5.538281e-06,3.450592e-07,-3.329813e-08,-3.329813e-08,-6.374299e-09,8.133761e-11,1.956408e-10,-3.802507e-11,1.379975e+00,8.014718e-01,7.785140e-01
1.048000e-10,0.000000e+00,0.000000e+00,0.000000e+00,-3.217380e-06,1.326181e-07,5.923027e-06,2.808828e-07,-2.180568e-08,-2.180568e-08,-6.866804e-09,-3.351724e-11,2.087048e-10,-3.810423e-11,1.380676e+00,8.011829e-01,7.785988e-01
1.048500e-10,0.000000e+00,0.000000e+00,0.000000e+00,-3.770265e-06,-3.993419e-06,6.203995e-06,2.163738e-07,-1.000295e-08,-1.000295e-08,-7.341762e-09,-1.443068e-10,2.194721e-10,-3.776491e-11,1.380567e+00,8.009540e-01,7.786840e-01
1.049000e-10,0.000000e+00,0.000000e+00,0.000000e+00,-4.255148e-06,-7.952071e-06,6.374141e-06,1.529748e-07,1.946563e-09,1.946563e-09,-7.790654e-09,-2.502565e-10,2.278292e-10,-3.700202e-11,1.379657e+00,8.007928e-01,7.787683e-01
1.049500e-10,0.000000e+00,0.000000e+00,0.000000e+00,-4.661694e-06,-1.165910e-05,6.428745e-06,9.206645e-08,1.387622e-08,1.387622e-08,-8.204583e-09,-3.507135e-10,2.336930e-10,-3.581554e-11,1.377971e+00,8.007051e-01,7.788505e-01
1.050000e-10,0.000000e+00,0.000000e+00,0.000000e+00,-4.981471e-06,-1.503968e-05,6.365508e-06,3.493914e-08,2.561909e-08,2.561909e-08,-8.574446e-09,-4.451465e-10,2.370113e-10,-3.421069e-11,1.375548e+00,8.006950e-01,7.789292e-01
1.050500e-10,0.000000e+00,0.000000e+00,0.000000e+00,-5.208237e-06,-1.802983e-05,6.184602e-06,-1.723345e-08,3.701080e-08,3.701080e-08,-8.891121e-09,-5.331443e-10,2.377633e-10,-3.219795e-11,1.372446e+00,8.007650e-01,7.790034e-01
1.051000e-10,0.000000e+00,0.000000e+00,0.000000e+00,-5.338155e-06,-2.057695e-05,5.888675e-06,-6.341792e-08,4.789233e-08,4.789233e-08,-9.145653e-09,-6.144117e-10,2.359598e-10,-2.979299e-11,1.368734e+00,8.009154e-01,7.790721e-01
1.051500e-10,0.000000e+00,0.000000e+00,0.000000e+00,-5.369901e-06,-2.263951e-05,5.482793e-06,-1.027416e-07,5.811278e-08,5.811278e-08,-9.329456e-09,-6.887626e-10,2.316418e-10,-2.701658e-11,1.364495e+00,8.011449e-01,7.791342e-01
1.052000e-10,0.000000e+00,0.000000e+00,0.000000e+00,-5.304663e-06,-2.418619e-05,4.974337e-06,-1.345090e-07,6.753191e-08,6.753191e-08,-9.434506e-09,-7.561122e-10,2.248806e-10,-2.389441e-11,1.359820e+00,8.014503e-01,7.791892e-01
1.052500e-10,0.000000e+00,0.000000e+00,0.000000e+00,-5.146010e-06,-2.519477e-05,4.372850e-06,-1.582149e-07,7.602256e-08,7.602256e-08,-9.453529e-09,-8.164665e-10,2.157757e-10,-2.045683e-11,1.354813e+00,8.018265e-01,7.792363e-01
1.053000e-10,0.000000e+00,0.000000e+00,0.000000e+00,-4.899652e-06,-2.565108e-05,3.689835e-06,-1.735527e-07,8.347281e-08,8.347281e-08,-9.380190e-09,-8.699113e-10,2.044531e-10,-1.673854e-11,1.349580e+00,8.022668e-01,7.792752e-01
1.053500e-10,0.000000e+00,0.000000e+00,0.000000e+00,-4.573114e-06,-2.554818e-05,2.938511e-06,-1.804183e-07,8.978788e-08,8.978788e-08,-9.209258e-09,-9.165994e-10,1.910636e-10,-1.277820e-11,1.344233e+00,8.027629e-01,7.793055e-01
1.054000e-10,0.000000e+00,0.000000e+00,0.000000e+00,-4.175344e-06,-2.488620e-05,2.133533e-06,-1.789099e-07,9.489169e-08,9.489169e-08,-8.936766e-09,-9.567375e-10,1.757801e-10,-8.617958e-12,1.338884e+00,8.033055e-01,7.793272e-01
1.054500e-10,0.000000e+00,0.000000e+00,0.000000e+00,-3.716309e-06,-2.367263e-05,1.290681e-06,-1.693234e-07,9.872809e-08,9.872809e-08,-8.560141e-09,-9.905729e-10,1.587951e-10,-4.303021e-12,1.333645e+00,8.038837e-01,7.793403e-01
1.055000e-10,0.000000e+00,0.000000e+00,0.000000e+00,-3.206608e-06,-2.192324e-05,4.265188e-07,-1.521432e-07,1.012617e-07,1.012617e-07,-8.078321e-09,-1.018380e-09,1.403177e-10,1.189524e-13,1.328624e+00,8.044860e-01,7.793451e-01
1.055500e-10,0.000000e+00,0.000000e+00,0.000000e+00,-2.657139e-06,-1.966337e-05,-4.419553e-07,-1.280290e-07,1.024785e-07,1.024785e-07,-7.491840e-09,-1.040445e-09,1.205705e-10,4.598401e-12,1.323921e+00,8.051003e-01,7.793420e-01
1.056000e-10,0.000000e+00,0.000000e+00,0.000000e+00,-2.078842e-06,-1.692939e-05,-1.297670e-06,-9.779930e-08,1.023857e-07,1.023857e-07,-6.802887e-09,-1.057056e-09,9.978682e-11,9.084486e-12,1.319632e+00,8.057139e-01,7.793315e-01
1.056500e-10,0.000000e+00,0.000000e+00,0.000000e+00,-1.482532e-06,-1.376997e-05,-2.123842e-06,-6.241084e-08,1.010118e-07,1.010118e-07,-6.015336e-09,-1.068491e-09,7.820699e-11,1.352573e-11,1.315840e+00,8.063141e-01,7.793143e-01
1.057000e-10,0.000000e+00,0.000000e+00,0.000000e+00,-8.788206e-07,-1.024682e-05,-2.904324e-06,-2.293581e-08,9.840534e-08,9.840534e-08,-5.134746e-09,-1.075005e-09,5.607539e-11,1.787066e-11,1.312619e+00,8.068885e-01,7.792911e-01
1.057500e-10,0.000000e+00,0.000000e+00,0.000000e+00,-2.781039e-07,-6.434733e-06,-3.623943e-06,1.946374e-08,9.463451e-08,9.463451e-08,-4.168327e-09,-1.076822e-09,3.363712e-11,2.206847e-11,1.310027e+00,8.074250e-01,7.792629e-01
1.058000e-10,0.000000e+00,0.000000e+00,0.000000e+00,3.093992e-07,-2.420564e-06,-4.268805e-06,6.356304e-08,8.978524e-08,8.978524e-08,-3.124877e-09,-1.074129e-09,1.113493e-11,2.606968e-11,1.308113e+00,8.079123e-01,7.792306e-01
1.058500e-10,0.000000e+00,0.000000e+00,0.000000e+00,8.736028e-07,1.698835e-06,-4.826579e-06,1.081031e-07,8.395963e-08,8.395963e-08,-2.014688e-09,-1.067067e-09,-1.119384e-11,2.982677e-11,1.306909e+00,8.083400e-01,7.791953e-01
1.059000e-10,0.000000e+00,0.000000e+00,0.000000e+00,1.404534e-06,5.819729e-06,-5.286738e-06,1.518197e-07,7.727397e-08,7.727397e-08,-8.494183e-10,-1.055732e-09,-3.312013e-11,3.329481e-11,1.306433e+00,8.086988e-01,7.791580e-01
1.059500e-10,0.000000e+00,0.000000e+00,0.000000e+00,1.892371e-06,9.835481e-06,-5.640765e-06,1.934722e-07,6.985639e-08,6.985639e-08,3.580555e-10,-1.040168e-09,-5.442570e-11,3.643199e-11,1.306688e+00,8.089809e-01,7.791197e-01
1.060000e-10,0.000000e+00,0.000000e+00,0.000000e+00,2.327559e-06,1.364112e-05,-5.882313e-06,2.318721e-07,6.184445e-08,6.184445e-08,1.593820e-09,-1.020373e-09,-7.490564e-11,3.920025e-11,1.307664e+00,8.091801e-01,7.790816e-01
1.060500e-10,0.000000e+00,0.000000e+00,0.000000e+00,2.701023e-06,1.713807e-05,-6.007322e-06,2.659097e-07,5.338247e-08,5.338247e-08,2.843122e-09,-9.962967e-10,-9.437041e-11,4.156571e-11,1.309336e+00,8.092917e-01,7.790445e-01
1.061000e-10,0.000000e+00,0.000000e+00,0.000000e+00,3.004467e-06,2.023873e-05,-6.014090e-06,2.945790e-07,4.461884e-08,4.461884e-08,4.090594e-09,-9.678471e-10,-1.126477e-10,4.349916e-11,1.311663e+00,8.093129e-01,7.790096e-01
1.061500e-10,0.000000e+00,0.000000e+00,0.000000e+00,3.230739e-06,2.287030e-05,-5.903292e-06,3.170009e-07,3.570322e-08,3.570322e-08,5.320481e-09,-9.348969e-10,-1.295839e-10,4.497639e-11,1.314593e+00,8.092428e-01,7.789776e-01
1.062000e-10,0.000000e+00,0.000000e+00,0.000000e+00,3.374239e-06,2.497773e-05,-5.677960e-06,3.324426e-07,2.678377e-08,2.678377e-08,6.516898e-09,-8.972905e-10,-1.450454e-10,4.597856e-11,1.318064e+00,8.090823e-01,7.789493e-01
1.062500e-10,0.000000e+00,0.000000e+00,0.000000e+00,3.431319e-06,2.652521e-05,-5.343408e-06,3.403341e-07,1.800446e-08,1.800446e-08,7.664072e-09,-8.548545e-10,-1.589194e-10,4.649240e-11,1.322000e+00,8.088340e-01,7.789254e-01
1.063000e-10,0.000000e+00,0.000000e+00,0.000000e+00,3.400621e-06,2.749631e-05,-4.907115e-06,3.402809e-07,9.502483e-09,9.502483e-09,8.746608e-09,-8.074073e-10,-1.711141e-10,4.651040e-11,1.326318e+00,8.085026e-01,7.789065e-01
1.063500e-10,0.000000e+00,0.000000e+00,0.000000e+00,3.283324e-06,2.789266e-05,-4.378563e-06,3.320734e-07,1.405793e-09,1.405793e-09,9.749737e-09,-7.547716e-10,-1.815594e-10,4.603091e-11,1.330926e+00,8.080943e-01,7.788929e-01
1.064000e-10,0.000000e+00,0.000000e+00,0.000000e+00,3.083235e-06,2.773125e-05,-3.769036e-06,3.156912e-07,-6.169082e-09,-6.169082e-09,1.065956e-08,-6.967862e-10,-1.902065e-10,4.505812e-11,1.335728e+00,8.076169e-01,7.788849e-01
1.064500e-10,0.000000e+00,0.000000e+00,0.000000e+00,2.806713e-06,2.704084e-05,-3.091375e-06,2.913041e-07,-1.311902e-08,-1.311902e-08,1.146331e-08,-6.333189e-10,-1.970276e-10,4.360204e-11,1.340625e+00,8.070798e-01,7.788827e-01
1.065000e-10,0.000000e+00,0.000000e+00,0.000000e+00,2.462410e-06,2.585787e-05,-2.359706e-06,2.592686e-07,-1.935598e-08,-1.935598e-08,1.214952e-08,-5.642792e-10,-2.020148e-10,4.167833e-11,1.345515e+00,8.064932e-01,7.788862e-01
1.065500e-10,0.000000e+00,0.000000e+00,0.000000e+00,2.060842e-06,2.422242e-05,-1.589132e-06,2.201203e-07,-2.480835e-08,-2.480835e-08,1.270827e-08,-4.896305e-10,-2.051796e-10,3.930808e-11,1.350300e+00,8.058689e-01,7.788953e-01
1.066000e-10,0.000000e+00,0.000000e+00,0.000000e+00,1.613816e-06,2.217476e-05,-7.954100e-07,1.745624e-07,-2.942197e-08,-2.942197e-08,1.313134e-08,-4.094022e-10,-2.065513e-10,3.651758e-11,1.354883e+00,8.052189e-01,7.789095e-01
1.066500e-10,0.000000e+00,0.000000e+00,0.000000e+00,1.133785e-06,1.975310e-05,5.390408e-09,1.234508e-07,-3.316076e-08,-3.316076e-08,1.341237e-08,-3.237001e-10,-2.061761e-10,3.333788e-11,1.359175e+00,8.045561e-01,7.789286e-01
1.067000e-10,0.000000e+00,0.000000e+00,0.000000e+00,6.331793e-07,1.699272e-05,7.972321e-07,6.777584e-08,-3.600704e-08,-3.600704e-08,1.354697e-08,-2.327164e-10,-2.041148e-10,2.980446e-11,1.363094e+00,8.038935e-01,7.789519e-01
1.067500e-10,0.000000e+00,0.000000e+00,0.000000e+00,1.237978e-07,1.392671e-05,1.564452e-06,8.640530e-09,-3.796137e-08,-3.796137e-08,1.353280e-08,-1.367371e-10,-2.004419e-10,2.595670e-11,1.366567e+00,8.032440e-01,7.789788e-01
1.068000e-10,0.000000e+00,0.000000e+00,0.000000e+00,-3.836821e-07,1.058806e-05,2.292092e-06,-5.276262e-08,-3.904214e-08,-3.904214e-08,1.336965e-08,-3.614872e-11,-1.952432e-10,2.183743e-11,1.369532e+00,8.026205e-01,7.790084e-01
1.068500e-10,0.000000e+00,0.000000e+00,0.000000e+00,-8.800174e-07,7.012764e-06,2.966203e-06,-1.151775e-07,-3.928474e-08,-3.928474e-08,1.305940e-08,6.855789e-11,-1.886143e-10,1.749231e-11,1.371940e+00,8.020351e-01,7.790400e-01
1.069000e-10,0.000000e+00,0.000000e+00,0.000000e+00,-1.357515e-06,3.243295e-06,3.574125e-06,-1.773112e-07,-3.874039e-08,-3.874039e-08,1.260608e-08,1.767855e-10,-1.806585e-10,1.296927e-11,1.373752e+00,8.014991e-01,7.790727e-01
1.069500e-10,0.000000e+00,0.000000e+00,0.000000e+00,-1.809942e-06,-6.682125e-07,4.104725e-06,-2.378621e-07,-3.747470e-08,-3.747470e-08,1.201572e-08,2.878309e-10,-1.714855e-10,8.317932e-12,1.374945e+00,8.010231e-01,7.791056e-01
1.070000e-10,0.000000e+00,0.000000e+00,0.000000e+00,-2.232272e-06,-4.657718e-06,4.548598e-06,-2.955474e-07,-3.556595e-08,-3.556595e-08,1.129636e-08,4.008876e-10,-1.612088e-10,3.588929e-12,1.375506e+00,8.006160e-01,7.791377e-01
1.070500e-10,0.000000e+00,0.000000e+00,0.000000e+00,-2.620306e-06,-8.648500e-06,4.898216e-06,-3.491312e-07,-3.310309e-08,-3.310309e-08,1.045784e-08,5.150514e-10,-1.499449e-10,-1.166677e-12,1.375434e+00,8.002858e-01,7.791682e-01
1.071000e-10,0.000000e+00,0.000000e+00,0.000000e+00,-2.970242e-06,-1.255212e-05,5.148039e-06,-3.974504e-07,-3.018360e-08,-3.018360e-08,9.511684e-09,6.293277e-10,-1.378109e-10,-5.898049e-12,1.374743e+00,8.000384e-01,7.791961e-01
1.071500e-10,0.000000e+00,0.000000e+00,0.000000e+00,-3.278277e-06,-1.627118e-05,5.294572e-06,-4.394406e-07,-2.691119e-08,-2.691119e-08,8.470923e-09,7.426418e-10,-1.249236e-10,-1.055517e-11,1.373454e+00,7.998785e-01,7.792206e-01
1.072000e-10,0.000000e+00,0.000000e+00,0.000000e+00,-3.540288e-06,-1.970353e-05,5.336381e-06,-4.741581e-07,-2.339340e-08,-2.339340e-08,7.349867e-09,8.538510e-10,-1.113983e-10,-1.508945e-11,1.371601e+00,7.998088e-01,7.792411e-01
1.072500e-10,0.000000e+00,0.000000e+00,0.000000e+00,-3.751671e-06,-2.274763e-05,5.274074e-06,-5.008011e-07,-1.973917e-08,-1.973917e-08,6.163883e-09,9.617593e-10,-9.734704e-11,-1.945426e-11,1.369225e+00,7.998301e-01,7.792567e-01
1.073000e-10,0.000000e+00,0.000000e+00,0.000000e+00,-3.907343e-06,-2.530835e-05,5.110237e-06,-5.187265e-07,-1.605639e-08,-1.605639e-08,4.929143e-09,1.065133e-09,-8.287836e-11,-2.360552e-11,1.366378e+00,7.999416e-01,7.792670e-01
1.073500e-10,0.000000e+00,0.000000e+00,0.000000e+00,-4.001938e-06,-2.730265e-05,4.849349e-06,-5.274642e-07,-1.244951e-08,-1.244951e-08,3.662368e-09,1.162720e-09,-6.809618e-11,-2.750210e-11,1.363117e+00,8.001407e-01,7.792715e-01
1.074000e-10,0.000000e+00,0.000000e+00,0.000000e+00,-4.030162e-06,-2.866458e-05,4.497660e-06,-5.267274e-07,-9.017325e-09,-9.017325e-09,2.380554e-09,1.253266e-09,-5.309941e-11,-3.110633e-11,1.359510e+00,8.004229e-01,7.792699e-01
1.074500e-10,0.000000e+00,0.000000e+00,0.000000e+00,-3.987275e-06,-2.934916e-05,4.063056e-06,-5.164194e-07,-5.850823e-09,-5.850823e-09,1.100700e-09,1.335537e-09,-3.798152e-11,-3.438434e-11,1.355627e+00,8.007822e-01,7.792620e-01
1.075000e-10,0.000000e+00,0.000000e+00,0.000000e+00,-3.869640e-06,-2.933483e-05,3.554900e-06,-4.966357e-07,-3.031286e-09,-3.031286e-09,-1.604620e-10,1.408341e-09,-2.283043e-11,-3.730640e-11,1.351545e+00,8.012111e-01,7.792479e-01
1.075500e-10,0.000000e+00,0.000000e+00,0.000000e+00,-3.675291e-06,-2.862444e-05,2.983853e-06,-4.676630e-07,-6.286155e-10,-6.286155e-10,-1.386734e-09,1.470544e-09,-7.728470e-12,-3.984718e-11,1.347347e+00,8.017008e-01,7.792275e-01
1.076000e-10,0.000000e+00,0.000000e+00,0.000000e+00,-3.404443e-06,-2.724462e-05,2.361686e-06,-4.299736e-07,1.300068e-09,1.300068e-09,-2.562704e-09,1.521095e-09,7.247458e-12,-4.198593e-11,1.343116e+00,8.022414e-01,7.792012e-01
1.076500e-10,0.000000e+00,0.000000e+00,0.000000e+00,-3.059891e-06,-2.524390e-05,1.701072e-06,-3.842161e-07,2.711533e-09,2.711533e-09,-3.673986e-09,1.559045e-09,2.202555e-11,-4.370667e-11,1.338939e+00,8.028218e-01,7.791693e-01
1.077000e-10,0.000000e+00,0.000000e+00,0.000000e+00,-2.647262e-06,-2.268961e-05,1.015367e-06,-3.312025e-07,3.577218e-09,3.577218e-09,-4.707436e-09,1.583566e-09,3.653873e-11,-4.499818e-11,1.334902e+00,8.034305e-01,7.791324e-01
1.077500e-10,0.000000e+00,0.000000e+00,0.000000e+00,-2.175069e-06,-1.966389e-05,3.183752e-07,-2.718920e-07,3.883685e-09,3.883685e-09,-5.651350e-09,1.593966e-09,5.072408e-11,-4.585407e-11,1.331092e+00,8.040555e-01,7.790912e-01
1.078000e-10,0.000000e+00,0.000000e+00,0.000000e+00,-1.654567e-06,-1.625906e-05,-3.759004e-07,-2.073717e-07,3.632728e-09,3.632728e-09,-6.495628e-09,1.589711e-09,6.452235e-11,-4.627271e-11,1.327589e+00,8.046844e-01,7.790462e-01
1.078500e-10,0.000000e+00,0.000000e+00,0.000000e+00,-1.099400e-06,-1.257280e-05,-1.053513e-06,-1.388348e-07,2.841142e-09,2.841142e-09,-7.231913e-09,1.570432e-09,7.787724e-11,-4.625710e-11,1.324470e+00,8.053050e-01,7.789985e-01
1.079000e-10,0.000000e+00,0.000000e+00,0.000000e+00,-5.250582e-07,-8.703252e-06,-1.700842e-06,-6.755626e-08,1.540160e-09,1.540160e-09,-7.853698e-09,1.535941e-09,9.073484e-11,-4.581470e-11,1.321805e+00,8.059052e-01,7.789488e-01
1.079500e-10,0.000000e+00,0.000000e+00,0.000000e+00,5.181517e-08,-4.744683e-06,-2.304862e-06,5.132353e-09,-2.254265e-10,-2.254265e-10,-8.356394e-09,1.486238e-09,1.030430e-10,-4.495722e-11,1.319654e+00,8.064735e-01,7.788982e-01
1.080000e-10,0.000000e+00,0.000000e+00,0.000000e+00,6.142272e-07,-7.838010e-07,-2.853417e-06,7.787001e-08,-2.398450e-09,-2.398450e-09,-8.737370e-09,1.421517e-09,1.147507e-10,-4.370036e-11,1.318064e+00,8.069992e-01,7.788477e-01
1.080500e-10,0.000000e+00,0.000000e+00,0.000000e+00,1.145680e-06,3.102775e-06,-3.335483e-06,1.492933e-07,-4.910813e-09,-4.910813e-09,-8.995952e-09,1.342171e-09,1.258075e-10,-4.206346e-11,1.317072e+00,8.074723e-01,7.787982e-01
1.081000e-10,0.000000e+00,0.000000e+00,0.000000e+00,1.630995e-06,6.849773e-06,-3.741417e-06,2.180639e-07,-7.685174e-09,-7.685174e-09,-9.133393e-09,1.248788e-09,1.361633e-10,-4.006920e-11,1.316700e+00,8.078843e-01,7.787508e-01
1.081500e-10,0.000000e+00,0.000000e+00,0.000000e+00,2.057038e-06,1.040315e-05,-4.063186e-06,2.828950e-07,-1.063683e-08,-1.063683e-08,-9.152799e-09,1.142151e-09,1.457678e-10,-3.774319e-11,1.316954e+00,8.082276e-01,7.787065e-01
1.082000e-10,0.000000e+00,0.000000e+00,0.000000e+00,2.413298e-06,1.371871e-05,-4.294561e-06,3.425771e-07,-1.367576e-08,-1.367576e-08,-9.059039e-09,1.023230e-09,1.545704e-10,-3.511364e-11,1.317828e+00,8.084962e-01,7.786661e-01
1.082500e-10,0.000000e+00,0.000000e+00,0.000000e+00,2.692253e-06,1.675973e-05,-4.431277e-06,3.960019e-07,-1.670876e-08,-1.670876e-08,-8.858608e-09,8.931694e-10,1.625200e-10,-3.221084e-11,1.319297e+00,8.086857e-01,7.786305e-01
1.083000e-10,0.000000e+00,0.000000e+00,0.000000e+00,2.889513e-06,1.949410e-05,-4.471138e-06,4.421841e-07,-1.964170e-08,-1.964170e-08,-8.559473e-09,7.532807e-10,1.695652e-10,-2.906685e-11,1.321324e+00,8.087933e-01,7.786006e-01
1.083500e-10,0.000000e+00,0.000000e+00,0.000000e+00,3.003728e-06,2.189148e-05,-4.414085e-06,4.802807e-07,-2.238171e-08,-2.238171e-08,-8.170895e-09,6.050224e-10,1.756546e-10,-2.571501e-11,1.323859e+00,8.088179e-01,7.785769e-01
1.084000e-10,0.000000e+00,0.000000e+00,0.000000e+00,3.036287e-06,2.392107e-05,-4.262191e-06,5.096076e-07,-2.483939e-08,-2.483939e-08,-7.703227e-09,4.499827e-10,1.807369e-10,-2.218957e-11,1.326840e+00,8.087598e-01,7.785600e-01
1.084500e-10,0.000000e+00,0.000000e+00,0.000000e+00,2.990871e-06,2.555048e-05,-4.019619e-06,5.296522e-07,-2.693095e-08,-2.693095e-08,-7.167694e-09,2.898591e-10,1.847617e-10,-1.852525e-11,1.330196e+00,8.086214e-01,7.785503e-01
1.085000e-10,0.000000e+00,0.000000e+00,0.000000e+00,2.872899e-06,2.674601e-05,-3.692506e-06,5.400835e-07,-2.858018e-08,-2.858018e-08,-6.576174e-09,1.264351e-10,1.876800e-10,-1.475686e-11,1.333847e+00,8.084064e-01,7.785482e-01
1.085500e-10,0.000000e+00,0.000000e+00,0.000000e+00,2.688973e-06,2.747434e-05,-3.288811e-06,5.407577e-07,-2.972028e-08,-2.972028e-08,-5.940953e-09,-3.844434e-11,1.894449e-10,-1.091893e-11,1.337709e+00,8.081201e-01,7.785537e-01
1.086000e-10,0.000000e+00,0.000000e+00,0.000000e+00,2.446366e-06,2.770554e-05,-2.818109e-06,5.317206e-07,-3.029548e-08,-3.029548e-08,-5.274495e-09,-2.028983e-10,1.900130e-10,-7.045371e-12,1.341695e+00,8.077692e-01,7.785668e-01
1.086500e-10,0.000000e+00,0.000000e+00,0.000000e+00,2.152621e-06,2.741689e-05,-2.291348e-06,5.132059e-07,-3.026240e-08,-3.026240e-08,-4.589202e-09,-3.650370e-10,1.893447e-10,-3.169165e-12,1.345717e+00,8.073617e-01,7.785873e-01
1.087000e-10,0.000000e+00,0.000000e+00,0.000000e+00,1.815299e-06,2.659691e-05,-1.720577e-06,4.856293e-07,-2.959115e-08,-2.959115e-08,-3.897187e-09,-5.229884e-10,1.874059e-10,6.779316e-13,1.349688e+00,8.069065e-01,7.786150e-01
1.087500e-10,0.000000e+00,0.000000e+00,0.000000e+00,1.441878e-06,2.524894e-05,-1.118654e-06,4.495803e-07,-2.826614e-08,-2.826614e-08,-3.210059e-09,-6.749258e-10,1.841687e-10,4.465637e-12,1.353524e+00,8.064136e-01,7.786494e-01
1.088000e-10,0.000000e+00,0.000000e+00,0.000000e+00,1.039784e-06,2.339367e-05,-4.989386e-07,4.058088e-07,-2.628658e-08,-2.628658e-08,-2.538715e-09,-8.190937e-10,1.796129e-10,8.165345e-12,1.357147e+00,8.058936e-01,7.786899e-01
1.088500e-10,0.000000e+00,0.000000e+00,0.000000e+00,6.165193e-07,2.107006e-05,1.250138e-07,3.552101e-07,-2.366661e-08,-2.366661e-08,-1.893163e-09,-9.538342e-10,1.737267e-10,1.175031e-11,1.360483e+00,8.053575e-01,7.787358e-01
1.089000e-10,0.000000e+00,0.000000e+00,0.000000e+00,1.798287e-07,1.833460e-05,7.397561e-07,2.988057e-07,-2.043520e-08,-2.043520e-08,-1.282355e-09,-1.077610e-09,1.665084e-10,1.519578e-11,1.363468e+00,8.048166e-01,7.787863e-01
1.089500e-10,0.000000e+00,0.000000e+00,0.000000e+00,-2.621591e-07,1.525866e-05,1.332241e-06,2.377232e-07,-1.663560e-08,-1.663560e-08,-7.140549e-10,-1.189029e-09,1.579669e-10,1.847912e-11,1.366044e+00,8.042821e-01,7.788404e-01
1.090000e-10,0.000000e+00,0.000000e+00,0.000000e+00,-7.008628e-07,1.192450e-05,1.890095e-06,1.731723e-07,-1.232461e-08,-1.232461e-08,-1.947266e-10,-1.286861e-09,1.481231e-10,2.157985e-11,1.368165e+00,8.037650e-01,7.788972e-01
1.090500e-10,0.000000e+00,0.000000e+00,0.000000e+00,-1.127296e-06,8.420284e-06,2.401872e-06,1.064210e-07,-7.571429e-09,-7.571429e-09,2.705431e-10,-1.370059e-09,1.370104e-10,2.447971e-11,1.369793e+00,8.032758e-01,7.789557e-01
1.091000e-10,0.000000e+00,0.000000e+00,0.000000e+00,-1.532248e-06,4.834851e-06,2.857279e-06,3.876977e-08,-2.456347e-09,-2.456347e-09,6.780957e-10,-1.437772e-09,1.246753e-10,2.716262e-11,1.370901e+00,8.028244e-01,7.790148e-01
1.091500e-10,0.000000e+00,0.000000e+00,0.000000e+00,-1.906585e-06,1.252798e-06,3.247376e-06,-2.847454e-08,2.930899e-09,2.930899e-09,1.025719e-09,-1.489355e-09,1.111785e-10,2.961472e-11,1.371476e+00,8.024198e-01,7.790734e-01
1.092000e-10,0.000000e+00,0.000000e+00,0.000000e+00,-2.241650e-06,-2.249407e-06,3.564743e-06,-9.402481e-08,8.492926e-09,8.492926e-09,1.312638e-09,-1.524382e-09,9.659453e-11,3.182428e-11,1.371512e+00,8.020697e-01,7.791304e-01
1.092500e-10,0.000000e+00,0.000000e+00,0.000000e+00,-2.529703e-06,-5.605964e-06,3.803614e-06,-1.566390e-07,1.412670e-08,1.412670e-08,1.539468e-09,-1.542649e-09,8.101210e-11,3.378165e-11,1.371017e+00,8.017809e-01,7.791848e-01
1.093000e-10,0.000000e+00,0.000000e+00,0.000000e+00,-2.764351e-06,-8.762706e-06,3.959975e-06,-2.151449e-07,1.972563e-08,1.972563e-08,1.708151e-09,-1.544171e-09,6.453403e-11,3.547916e-11,1.370011e+00,8.015588e-01,7.792357e-01
1.093500e-10,0.000000e+00,0.000000e+00,0.000000e+00,-2.940905e-06,-1.167656e-05,4.031624e-06,-2.684623e-07,2.518181e-08,2.518181e-08,1.821856e-09,-1.529188e-09,4.727679e-11,3.691102e-11,1.368523e+00,8.014071e-01,7.792821e-01
1.094000e-10,0.000000e+00,0.000000e+00,0.000000e+00,-3.056618e-06,-1.431384e-05,4.018195e-06,-3.156247e-07,3.038823e-08,3.038823e-08,1.884860e-09,-1.498154e-09,2.936981e-11,3.807324e-11,1.366593e+00,8.013284e-01,7.793231e-01
1.094500e-10,0.000000e+00,0.000000e+00,0.000000e+00,-3.110773e-06,-1.664774e-05,3.921142e-06,-3.557970e-07,3.524100e-08,3.524100e-08,1.902405e-09,-1.451729e-09,1.095472e-11,3.896350e-11,1.364270e+00,8.013233e-01,7.793581e-01
1.095000e-10,0.000000e+00,0.000000e+00,0.000000e+00,-3.104607e-06,-1.865570e-05,3.743679e-06,-3.882913e-07,3.964156e-08,3.964156e-08,1.880544e-09,-1.390767e-09,-7.815912e-12,3.958103e-11,1.361609e+00,8.013912e-01,7.793864e-01
1.095500e-10,0.000000e+00,0.000000e+00,0.000000e+00,-3.041081e-06,-2.031711e-05,3.490689e-06,-4.125794e-07,4.349872e-08,4.349872e-08,1.825959e-09,-1.316303e-09,-2.677984e-11,3.992649e-11,1.358674e+00,8.015299e-01,7.794076e-01
1.096000e-10,0.000000e+00,0.000000e+00,0.000000e+00,-2.924548e-06,-2.161175e-05,3.168588e-06,-4.283018e-07,4.673061e-08,4.673061e-08,1.745788e-09,-1.229533e-09,-4.576679e-11,4.000190e-11,1.355533e+00,8.017357e-01,7.794212e-01
1.096500e-10,0.000000e+00,0.000000e+00,0.000000e+00,-2.760332e-06,-2.251937e-05,2.785164e-06,-4.352733e-07,4.926641e-08,4.926641e-08,1.647427e-09,-1.131792e-09,-6.460022e-11,3.981050e-11,1.352254e+00,8.020036e-01,7.794272e-01
1.097000e-10,0.000000e+00,0.000000e+00,0.000000e+00,-2.554309e-06,-2.302041e-05,2.349385e-06,-4.334849e-07,5.104792e-08,5.104792e-08,1.538347e-09,-1.024539e-09,-8.309933e-11,3.935668e-11,1.348910e+00,8.023273e-01,7.794255e-01
1.097500e-10,0.000000e+00,0.000000e+00,0.000000e+00,-2.312519e-06,-2.309769e-05,1.871177e-06,-4.231025e-07,5.203075e-08,5.203075e-08,1.425897e-09,-9.093233e-10,-1.010811e-10,3.864588e-11,1.345572e+00,8.026994e-01,7.794161e-01
1.098000e-10,0.000000e+00,0.000000e+00,0.000000e+00,-2.040856e-06,-2.273891e-05,1.361195e-06,-4.044612e-07,5.218542e-08,5.218542e-08,1.317127e-09,-7.877688e-10,-1.183628e-10,3.768456e-11,1.342309e+00,8.031118e-01,7.793993e-01
1.098500e-10,0.000000e+00,0.000000e+00,0.000000e+00,-1.744881e-06,-2.193946e-05,8.305781e-07,-3.780573e-07,5.149796e-08,5.149796e-08,1.218617e-09,-6.615420e-10,-1.347638e-10,3.648013e-11,1.339187e+00,8.035553e-01,7.793755e-01
1.099000e-10,0.000000e+00,0.000000e+00,0.000000e+00,-1.429747e-06,-2.070501e-05,2.907002e-07,-3.445358e-07,4.997033e-08,4.997033e-08,1.136311e-09,-5.323288e-10,-1.501087e-10,3.504088e-11,1.336267e+00,8.040205e-01,7.793452e-01
1.099500e-10,0.000000e+00,0.000000e+00,0.000000e+00,-1.100249e-06,-1.905366e-05,-2.470740e-07,-3.046765e-07,4.762050e-08,4.762050e-08,1.075386e-09,-4.018077e-10,-1.642289e-10,3.337602e-11,1.333605e+00,8.044974e-01,7.793091e-01
1.100000e-10,1.292470e-18,0.000000e+00,1.292470e-18,-7.609504e-07,-1.701701e-05,-7.716263e-07,-2.593759e-07,4.448213e-08,4.448213e-08,1.040123e-09,-2.716249e-10,-1.769658e-10,3.149560e-11,1.331249e+00,8.049760e-01,7.792679e-01
1.100500e-10,5.000000e-06,0.000000e+00,5.000000e-06,2.482912e-06,1.177457e-04,-1.270635e-06,-2.096274e-07,4.060406e-08,4.060406e-08,1.033813e-09,-1.433698e-10,-1.881725e-10,2.941057e-11,1.329391e+00,8.054465e-01,7.792224e-01
1.101000e-10,1.000000e-05,0.000000e+00,1.000000e-05,5.207096e-06,5.751463e-05,-1.729696e-06,-1.564992e-07,3.604934e-08,3.604934e-08,1.058683e-09,-1.855236e-11,-1.977164e-10,2.713274e-11,1.328273e+00,8.058991e-01,7.791736e-01
1.101500e-10,1.500000e-05,0.000000e+00,1.500000e-05,7.286224e-06,4.499138e-05,-2.132591e-06,-1.011106e-07,3.089413e-08,3.089413e-08,1.115845e-09,1.014182e-10,-2.054810e-10,2.467484e-11,1.328113e+00,8.063247e-01,7.791224e-01
1.102000e-10,2.000000e-05,0.000000e+00,2.000000e-05,8.699202e-06,3.463597e-05,-2.462398e-06,-4.460826e-08,2.522620e-08,2.522620e-08,1.205280e-09,2.152519e-10,-2.113677e-10,2.205047e-11,1.329057e+00,8.067150e-01,7.790698e-01
1.102500e-10,2.500000e-05,0.000000e+00,2.500000e-05,9.525078e-06,2.864608e-05,-2.702939e-06,1.185881e-08,1.914331e-08,1.914331e-08,1.325841e-09,3.217945e-10,-2.152982e-10,1.927423e-11,1.331172e+00,8.070623e-01,7.790168e-01
1.103000e-10,3.000000e-05,0.000000e+00,3.000000e-05,9.920540e-06,2.840073e-05,-2.840154e-06,6.716360e-08,1.275130e-08,1.275130e-08,1.475287e-09,4.200417e-10,-2.172147e-10,1.636162e-11,1.334446e+00,8.073602e-01,7.789646e-01
1.103500e-10,3.500000e-05,0.000000e+00,3.500000e-05,1.008518e-05,3.425407e-05,-2.863137e-06,1.202255e-07,6.162085e-09,6.162085e-09,1.650339e-09,5.091491e-10,-2.170821e-10,1.332917e-11,1.338814e+00,8.076034e-01,7.789140e-01
1.104000e-10,4.000000e-05,0.000000e+00,4.000000e-05,1.022268e-05,4.555494e-05,-2.764705e-06,1.700336e-07,-5.085136e-10,-5.085136e-10,1.846770e-09,5.884409e-10,-2.148885e-10,1.019436e-11,1.344177e+00,8.077881e-01,7.788660e-01
1.104500e-10,4.500000e-05,0.000000e+00,4.500000e-05,1.050567e-05,6.085107e-05,-2.541478e-06,2.156682e-07,-7.142982e-09,-7.142982e-09,2.059503e-09,6.574138e-10,-2.106454e-10,6.975669e-12,1.350429e+00,8.079118e-01,7.788216e-01
1.105000e-10,5.000000e-05,0.000000e+00,5.000000e-05,1.105015e-05,7.821430e-05,-2.193558e-06,2.563212e-07,-1.362438e-08,-1.362438e-08,2.282739e-09,7.157392e-10,-2.043882e-10,3.692557e-12,1.357473e+00,8.079737e-01,7.787814e-01
1.105500e-10,5.500000e-05,0.000000e+00,5.500000e-05,1.190298e-05,9.561231e-05,-1.723927e-06,2.913131e-07,-1.983856e-08,-1.983856e-08,2.510105e-09,7.632613e-10,-1.961761e-10,3.654168e-13,1.365240e+00,8.079745e-01,7.787464e-01
1.106000e-10,6.000000e-05,0.000000e+00,6.000000e-05,1.304293e-05,1.112541e-04,-1.137725e-06,3.201082e-07,-2.567638e-08,-2.567638e-08,2.734802e-09,7.999929e-10,-1.860915e-10,-2.984455e-12,1.373684e+00,8.079166e-01,7.787170e-01
1.106500e-10,6.500000e-05,0.000000e+00,6.500000e-05,1.439349e-05,1.238520e-04,-4.415446e-07,3.423265e-07,-3.103573e-08,-3.103573e-08,2.949778e-09,8.261076e-10,-1.742391e-10,-6.334941e-12,1.382787e+00,8.078040e-01,7.786938e-01
1.107000e-10,7.000000e-05,0.000000e+00,7.000000e-05,1.584364e-05,1.327654e-04,3.571310e-07,3.577521e-07,-3.582352e-08,-3.582352e-08,3.147900e-09,8.419301e-10,-1.607446e-10,-9.663178e-12,1.392550e+00,8.076422e-01,7.786771e-01
1.107500e-10,7.500000e-05,0.000000e+00,7.500000e-05,1.727214e-05,1.380169e-04,1.250291e-06,3.663388e-07,-3.995733e-08,-3.995733e-08,3.322131e-09,8.479239e-10,-1.457537e-10,-1.294568e-11,1.402974e+00,8.074383e-01,7.786672e-01
1.108000e-10,8.000000e-05,0.000000e+00,8.000000e-05,1.857057e-05,1.401965e-04,2.229542e-06,3.682117e-07,-4.336701e-08,-4.336701e-08,3.465703e-09,8.446767e-10,-1.294299e-10,-1.615848e-11,1.414057e+00,8.072004e-01,7.786642e-01
1.108500e-10,8.500000e-05,0.000000e+00,8.500000e-05,1.966144e-05,1.402857e-04,3.286059e-06,3.636653e-07,-4.599587e-08,-4.599587e-08,3.572291e-09,8.328839e-10,-1.119524e-10,-1.927726e-11,1.425778e+00,8.069383e-01,7.786681e-01
1.109000e-10,9.000000e-05,0.000000e+00,9.000000e-05,2.050910e-05,1.394431e-04,4.410430e-06,3.531585e-07,-4.780175e-08,-4.780175e-08,3.636173e-09,8.133314e-10,-9.351423e-11,-2.227756e-11,1.438094e+00,8.066623e-01,7.786786e-01
1.109500e-10,9.500000e-05,0.000000e+00,9.500000e-05,2.112238e-05,1.387951e-04,5.592449e-06,3.373058e-07,-4.875762e-08,-4.875762e-08,3.652379e-09,7.868764e-10,-7.431928e-11,-2.513498e-11,1.450938e+00,8.063838e-01,7.786956e-01
1.110000e-10,1.000000e-04,0.000000e+00,1.000000e-04,2.155002e-05,1.392661e-04,6.820964e-06,3.168656e-07,-4.885203e-08,-4.885203e-08,3.616824e-09,7.544284e-10,-5.457994e-11,-2.782539e-11,1.464221e+00,8.061149e-01,7.787186e-01
1.110500e-10,1.000000e-04,0.000000e+00,1.000000e-04,1.897105e-05,9.086033e-06,8.082169e-06,2.927246e-07,-4.808911e-08,-4.808911e-08,3.526426e-09,7.169293e-10,-3.451419e-11,-3.032517e-11,1.477695e+00,8.058680e-01,7.787471e-01
1.111000e-10,1.000000e-04,0.000000e+00,1.000000e-04,1.689935e-05,7.616644e-05,9.358632e-06,2.658795e-07,-4.648840e-08,-4.648840e-08,3.379199e-09,6.753339e-10,-1.434275e-11,-3.261148e-11,1.491047e+00,8.056557e-01,7.787806e-01
1.111500e-10,1.000000e-04,0.000000e+00,1.000000e-04,1.555135e-05,9.765596e-05,1.062967e-05,2.374167e-07,-4.408419e-08,-4.408419e-08,3.174324e-09,6.305913e-10,5.713857e-12,-3.466248e-11,1.503991e+00,8.054905e-01,7.788182e-01
1.112000e-10,1.000000e-04,0.000000e+00,1.000000e-04,1.502814e-05,1.186779e-04,1.187273e-05,2.084899e-07,-4.092475e-08,-4.092475e-08,2.912193e-09,5.836262e-10,2.543817e-11,-3.645765e-11,1.516321e+00,8.053849e-01,7.788593e-01
1.112500e-10,1.000000e-04,0.000000e+00,1.000000e-04,1.531037e-05,1.364598e-04,1.306524e-05,1.802963e-07,-3.707110e-08,-3.707110e-08,2.594433e-09,5.353225e-10,4.461868e-11,-3.797806e-11,1.527928e+00,8.053507e-01,7.789032e-01
1.113000e-10,1.000000e-04,0.000000e+00,1.000000e-04,1.627603e-05,1.490071e-04,1.418648e-05,1.540516e-07,-3.259569e-08,-3.259569e-08,2.223899e-09,4.865078e-10,6.305258e-11,-3.920659e-11,1.538806e+00,8.053989e-01,7.789489e-01
1.113500e-10,1.000000e-04,0.000000e+00,1.000000e-04,1.773472e-05,1.554147e-04,1.521909e-05,1.309643e-07,-2.758074e-08,-2.758074e-08,1.804641e-09,4.379397e-10,8.054835e-11,-4.012825e-11,1.549026e+00,8.055398e-01,7.789957e-01
1.114000e-10,1.000000e-04,0.000000e+00,1.000000e-04,1.946979e-05,1.559252e-04,1.615016e-05,1.122100e-07,-2.211641e-08,-2.211641e-08,1.341845e-09,3.902946e-10,9.692825e-11,-4.073041e-11,1.558718e+00,8.057823e-01,7.790428e-01
1.114500e-10,1.000000e-04,0.000000e+00,1.000000e-04,2.127943e-05,1.517660e-04,1.697164e-05,9.890634e-08,-1.629888e-08,-1.629888e-08,8.417526e-10,3.441580e-10,1.120305e-10,-4.100301e-11,1.568043e+00,8.061340e-01,7.790894e-01
1.115000e-10,1.000000e-04,0.000000e+00,1.000000e-04,2.300928e-05,1.448283e-04,1.768033e-05,9.208859e-08,-1.022825e-08,-1.022825e-08,3.115536e-10,3.000181e-10,1.257112e-10,-4.093884e-11,1.577166e+00,8.066011e-01,7.791348e-01
1.115500e-10,1.000000e-04,0.000000e+00,1.000000e-04,2.457206e-05,1.372695e-04,1.827741e-05,9.268741e-08,-4.006356e-09,-4.006356e-09,-2.407388e-10,2.582609e-10,1.378461e-10,-4.053366e-11,1.586242e+00,8.071879e-01,7.791783e-01
1.116000e-10,1.000000e-04,0.000000e+00,1.000000e-04,2.595237e-05,1.311196e-04,1.876777e-05,1.015083e-07,2.265327e-09,2.265327e-09,-8.064340e-10,2.191683e-10,1.483321e-10,-3.978640e-11,1.595404e+00,8.078971e-01,7.792194e-01
1.116500e-10,1.000000e-04,0.000000e+00,1.000000e-04,2.719802e-05,1.279634e-04,1.915918e-05,1.192140e-07,8.487893e-09,8.487893e-09,-1.376323e-09,1.829187e-10,1.570879e-10,-3.869927e-11,1.604758e+00,8.087296e-01,7.792576e-01
1.117000e-10,1.000000e-04,0.000000e+00,1.000000e-04,2.840128e-05,1.287433e-04,1.946163e-05,1.463094e-07,1.456707e-08,1.456707e-08,-1.940849e-09,1.495894e-10,1.640552e-10,-3.727784e-11,1.614396e+00,8.096844e-01,7.792925e-01
1.117500e-10,1.000000e-04,0.000000e+00,1.000000e-04,2.967489e-05,1.337023e-04,1.968672e-05,1.831303e-07,2.041518e-08,2.041518e-08,-2.490289e-09,1.191624e-10,1.691986e-10,-3.553110e-11,1.624396e+00,8.107589e-01,7.793240e-01
1.118000e-10,1.000000e-04,0.000000e+00,1.000000e-04,3.112787e-05,1.424561e-04,1.984730e-05,2.298358e-07,2.595299e-08,2.595299e-08,-3.014940e-09,9.153063e-11,1.725062e-10,-3.347147e-11,1.634841e+00,8.119487e-01,7.793519e-01
1.118500e-10,1.000000e-04,0.000000e+00,1.000000e-04,3.284547e-05,1.541646e-04,1.995730e-05,2.864042e-07,3.111133e-08,3.111133e-08,-3.505300e-09,6.650789e-11,1.739886e-10,-3.111472e-11,1.645822e+00,8.132478e-01,7.793762e-01
1.119000e-10,1.000000e-04,0.000000e+00,1.000000e-04,3.487625e-05,1.677564e-04,2.003166e-05,3.526330e-07,3.583253e-08,3.583253e-08,-3.952253e-09,4.383900e-11,1.736790e-10,-2.847993e-11,1.657449e+00,8.146491e-01,7.793971e-01
1.119500e-10,1.000000e-04,0.000000e+00,1.000000e-04,3.722754e-05,1.821590e-04,2.008642e-05,4.281431e-07,4.007153e-08,4.007153e-08,-4.347245e-09,2.321202e-11,1.716316e-10,-2.558930e-11,1.669855e+00,8.161440e-01,7.794149e-01
1.120000e-10,1.000000e-04,0.000000e+00,1.000000e-04,3.986890e-05,1.964916e-04,2.013871e-05,5.123871e-07,4.379686e-08,4.379686e-08,-4.682450e-09,4.271379e-12,1.679205e-10,-2.246805e-11,1.683190e+00,8.177231e-01,7.794300e-01
1.120500e-10,1.000000e-04,0.000000e+00,1.000000e-04,4.274167e-05,2.101896e-04,2.020674e-05,6.046604e-07,4.699116e-08,4.699116e-08,-4.950917e-09,-1.336831e-11,1.626385e-10,-1.914411e-11,1.697620e+00,8.193762e-01,7.794429e-01
1.121000e-10,1.000000e-04,0.000000e+00,1.000000e-04,4.577181e-05,2.230469e-04,2.030967e-05,7.041175e-07,4.965153e-08,4.965153e-08,-5.146709e-09,-3.010799e-11,1.558949e-10,-1.564791e-11,1.713316e+00,8.210927e-01,7.794544e-01
1.121500e-10,1.000000e-04,0.000000e+00,1.000000e-04,4.888317e-05,2.351768e-04,2.046730e-05,8.097902e-07,5.178949e-08,5.178949e-08,-5.265017e-09,-4.634981e-11,1.478136e-10,-1.201206e-11,1.730448e+00,8.228617e-01,7.794651e-01
1.122000e-10,1.000000e-04,0.000000e+00,1.000000e-04,5.200832e-05,2.469069e-04,2.069974e-05,9.206094e-07,5.343065e-08,5.343065e-08,-5.302250e-09,-6.248310e-11,1.385313e-10,-8.270989e-12,1.749175e+00,8.246726e-01,7.794760e-01
1.122500e-10,1.000000e-04,0.000000e+00,1.000000e-04,5.509490e-05,2.586336e-04,2.102690e-05,1.035429e-06,5.461415e-08,5.461415e-08,-5.256104e-09,-7.887088e-11,1.281947e-10,-4.460606e-12,1.769638e+00,8.265151e-01,7.794879e-01
1.123000e-10,1.000000e-04,0.000000e+00,1.000000e-04,5.810666e-05,2.706643e-04,2.146799e-05,1.153052e-06,5.539170e-08,5.539170e-08,-5.125606e-09,-9.583728e-11,1.169582e-10,-6.178800e-13,1.791958e+00,8.283792e-01,7.795018e-01
1.123500e-10,1.000000e-04,0.000000e+00,1.000000e-04,6.101909e-05,2.830764e-04,2.204101e-05,1.272258e-06,5.582641e-08,5.582641e-08,-4.911131e-09,-1.136562e-10,1.049819e-10,3.219582e-12,1.816231e+00,8.302564e-01,7.795186e-01
1.124000e-10,1.000000e-04,0.000000e+00,1.000000e-04,6.381088e-05,2.956175e-04,2.276228e-05,1.391831e-06,5.599142e-08,5.599142e-08,-4.614388e-09,-1.325412e-10,9.242871e-11,7.013965e-12,1.842529e+00,8.321389e-01,7.795396e-01
1.124500e-10,1.000000e-04,0.000000e+00,1.000000e-04,6.645311e-05,3.076677e-04,2.364601e-05,1.510589e-06,5.596826e-08,5.596826e-08,-4.238388e-09,-1.526374e-10,7.946202e-11,1.072770e-11,1.870898e+00,8.340206e-01,7.795655e-01
1.125000e-10,1.000000e-04,0.000000e+00,1.000000e-04,6.889869e-05,3.182733e-04,2.470394e-05,1.627409e-06,5.584504e-08,5.584504e-08,-3.787380e-09,-1.740149e-10,6.624348e-11,1.432390e-11,1.901359e+00,8.358967e-01,7.795975e-01
1.125500e-10,1.000000e-04,0.000000e+00,1.000000e-04,7.107472e-05,3.262592e-04,2.594503e-05,1.741258e-06,5.571456e-08,5.571456e-08,-3.266763e-09,-1.966642e-10,5.293066e-11,1.776684e-11,1.933904e+00,8.377645e-01,7.796365e-01
1.126000e-10,1.000000e-04,0.000000e+00,1.000000e-04,7.288048e-05,3.304140e-04,2.737508e-05,1.851214e-06,5.567226e-08,5.567226e-08,-2.682976e-09,-2.204939e-10,3.967499e-11,2.102233e-11,1.968493e+00,8.396230e-01,7.796834e-01
1.126500e-10,1.000000e-04,0.000000e+00,1.000000e-04,7.419301e-05,3.297300e-04,2.899643e-05,1.956492e-06,5.581418e-08,5.581418e-08,-2.043371e-09,-2.453305e-10,2.661986e-11,2.405821e-11,2.005046e+00,8.414732e-01,7.797389e-01
1.127000e-10,1.000000e-04,0.000000e+00,1.000000e-04,7.488111e-05,3.236636e-04,3.080756e-05,2.056463e-06,5.623486e-08,5.623486e-08,-1.356063e-09,-2.709198e-10,1.389887e-11,2.684469e-11,2.043433e+00,8.433184e-01,7.798039e-01
1.127500e-10,1.000000e-04,0.000000e+00,1.000000e-04,7.482708e-05,3.123637e-04,3.280258e-05,2.150671e-06,5.702533e-08,5.702533e-08,-6.297703e-10,-2.969313e-10,1.634376e-12,2.935477e-11,2.083472e+00,8.451638e-01,7.798790e-01
1.128000e-10,1.000000e-04,0.000000e+00,1.000000e-04,7.395314e-05,2.968023e-04,3.497083e-05,2.238845e-06,5.827115e-08,5.827115e-08,1.263635e-10,-3.229637e-10,-1.006375e-11,3.156449e-11,2.124916e+00,8.470168e-01,7.799645e-01
1.128500e-10,1.000000e-04,0.000000e+00,1.000000e-04,7.224759e-05,2.787501e-04,3.729649e-05,2.320910e-06,6.005063e-08,6.005063e-08,9.029463e-10,-3.485526e-10,-2.109911e-11,3.345333e-11,2.167462e+00,8.488866e-01,7.800611e-01
1.129000e-10,1.000000e-04,0.000000e+00,1.000000e-04,6.978467e-05,2.605651e-04,3.975829e-05,2.396988e-06,6.243312e-08,6.243312e-08,1.690525e-09,-3.731803e-10,-3.138951e-11,3.500439e-11,2.210749e+00,8.507846e-01,7.801688e-01
1.129500e-10,1.000000e-04,0.000000e+00,1.000000e-04,6.673190e-05,2.448132e-04,4.232961e-05,2.467401e-06,6.547763e-08,6.547763e-08,2.479772e-09,-3.962858e-10,-4.086733e-11,3.620459e-11,2.254381e+00,8.527237e-01,7.802878e-01
1.130000e-10,1.000000e-04,0.000000e+00,1.000000e-04,6.334126e-05,2.337955e-04,4.497889e-05,2.532664e-06,6.923158e-08,6.923158e-08,3.261664e-09,-4.172778e-10,-4.947978e-11,3.704486e-11,2.297945e+00,8.547183e-01,7.804182e-01
1.130500e-10,1.000000e-04,0.000000e+00,1.000000e-04,5.992365e-05,2.290930e-04,4.767049e-05,2.593477e-06,7.372984e-08,7.372984e-08,4.027662e-09,-4.355468e-10,-5.718873e-11,3.752021e-11,2.341046e+00,8.567840e-01,7.805597e-01
1.131000e-10,1.000000e-04,0.000000e+00,1.000000e-04,5.681026e-05,2.312465e-04,5.036608e-05,2.650709e-06,7.899412e-08,7.899412e-08,4.769871e-09,-4.504792e-10,-6.397039e-11,3.762980e-11,2.383334e+00,8.589375e-01,7.807121e-01
1.131500e-10,1.000000e-04,0.000000e+00,1.000000e-04,5.430791e-05,2.396520e-04,5.302641e-05,2.705379e-06,8.503255e-08,8.503255e-08,5.481195e-09,-4.614711e-10,-6.981474e-11,3.737688e-11,2.424541e+00,8.611960e-01,7.808752e-01
1.132000e-10,1.000000e-04,0.000000e+00,1.000000e-04,5.265669e-05,2.526980e-04,5.561340e-05,2.758635e-06,9.183963e-08,9.183963e-08,6.155463e-09,-4.679422e-10,-7.472467e-11,3.676876e-11,2.464503e+00,8.635767e-01,7.810483e-01
1.132500e-10,1.000000e-04,0.000000e+00,1.000000e-04,5.199830e-05,2.681047e-04,5.809235e-05,2.811728e-06,9.939648e-08,9.939648e-08,6.787552e-09,-4.693497e-10,-7.871507e-11,3.581668e-11,2.503178e+00,8.660968e-01,7.812309e-01
1.133000e-10,1.000000e-04,0.000000e+00,1.000000e-04,5.236041e-05,2.833820e-04,6.043405e-05,2.865982e-06,1.076714e-07,1.076714e-07,7.373471e-09,-4.652009e-10,-8.181156e-11,3.453562e-11,2.540653e+00,8.687730e-01,7.814225e-01
1.133500e-10,1.000000e-04,0.000000e+00,1.000000e-04,5.365940e-05,2.963007e-04,6.261664e-05,2.922763e-06,1.166206e-07,1.166206e-07,7.910432e-09,-4.550660e-10,-8.404926e-11,3.294411e-11,2.577131e+00,8.716208e-01,7.816224e-01
1.134000e-10,1.000000e-04,0.000000e+00,1.000000e-04,5.571997e-05,3.052785e-04,6.462690e-05,2.983449e-06,1.261895e-07,1.261895e-07,8.396896e-09,-4.385886e-10,-8.547138e-11,3.106392e-11,2.612916e+00,8.746543e-01,7.818299e-01
1.134500e-10,1.000000e-04,0.000000e+00,1.000000e-04,5.830682e-05,3.096126e-04,6.646103e-05,3.049396e-06,1.363138e-07,1.363138e-07,8.832586e-09,-4.154955e-10,-8.612767e-11,2.891977e-11,2.648387e+00,8.778862e-01,7.820442e-01
1.135000e-10,1.000000e-04,0.000000e+00,1.000000e-04,6.116209e-05,3.095287e-04,6.812471e-05,3.121904e-06,1.469213e-07,1.469213e-07,9.218480e-09,-3.856050e-10,-8.607297e-11,2.653897e-11,2.683964e+00,8.813269e-01,7.822647e-01
1.135500e-10,1.000000e-04,0.000000e+00,1.000000e-04,6.404178e-05,3.060597e-04,6.963259e-05,3.202190e-06,1.579336e-07,1.579336e-07,9.556780e-09,-3.488325e-10,-8.536566e-11,2.395107e-11,2.720080e+00,8.849845e-01,7.824908e-01
1.136000e-10,1.000000e-04,0.000000e+00,1.000000e-04,6.674538e-05,3.007997e-04,7.100719e-05,3.291358e-06,1.692677e-07,1.692677e-07,9.850852e-09,-3.051949e-10,-8.406610e-11,2.118742e-11,2.757152e+00,8.888651e-01,7.827217e-01
1.136500e-10,1.000000e-04,0.000000e+00,1.000000e-04,6.913517e-05,2.956009e-04,7.227754e-05,3.390369e-06,1.808383e-07,1.808383e-07,1.010515e-08,-2.548131e-10,-8.223522e-11,1.828078e-11,2.795561e+00,8.929719e-01,7.829569e-01
1.137000e-10,1.000000e-04,0.000000e+00,1.000000e-04,7.114368e-05,2.922773e-04,7.347747e-05,3.500028e-06,1.925597e-07,1.925597e-07,1.032509e-08,-1.979113e-10,-7.993316e-11,1.526483e-11,2.835637e+00,8.973059e-01,7.831961e-01
1.137500e-10,1.000000e-04,0.000000e+00,1.000000e-04,7.277062e-05,2.923700e-04,7.464407e-05,3.620958e-06,2.043478e-07,2.043478e-07,1.051697e-08,-1.348154e-10,-7.721792e-11,1.217381e-11,2.877660e+00,9.018656e-01,7.834387e-01
1.138000e-10,1.000000e-04,0.000000e+00,1.000000e-04,7.407138e-05,2.969946e-04,7.581607e-05,3.753591e-06,2.161222e-07,2.161222e-07,1.068780e-08,-6.594861e-11,-7.414434e-11,9.041997e-12,2.921856e+00,9.066473e-01,7.836847e-01
1.138500e-10,1.000000e-04,0.000000e+00,1.000000e-04,7.514032e-05,3.067737e-04,7.703267e-05,3.898162e-06,2.278079e-07,2.278079e-07,1.084515e-08,8.175063e-12,-7.076301e-11,5.903343e-12,2.968410e+00,9.116453e-01,7.839337e-01
1.139000e-10,1.000000e-04,0.000000e+00,1.000000e-04,7.609184e-05,3.218366e-04,7.833252e-05,4.054707e-06,2.393375e-07,2.393375e-07,1.099702e-08,8.695880e-11,-6.711953e-11,2.791002e-12,3.017480e+00,9.168525e-01,7.841859e-01
1.139500e-10,1.000000e-04,0.000000e+00,1.000000e-04,7.704167e-05,3.418719e-04,7.975312e-05,4.223066e-06,2.506521e-07,2.506521e-07,1.115163e-08,1.697331e-10,-6.325381e-11,-2.630415e-13,3.069205e+00,9.222601e-01,7.844414e-01
1.140000e-10,1.000000e-04,0.000000e+00,1.000000e-04,7.809078e-05,3.662210e-04,8.133058e-05,4.402894e-06,2.617036e-07,2.617036e-07,1.131728e-08,2.557672e-10,-5.919967e-11,-3.228349e-12,3.123723e+00,9.278588e-01,7.847004e-01
1.140500e-10,1.000000e-04,0.000000e+00,1.000000e-04,7.931343e-05,3.940024e-04,8.309950e-05,4.593676e-06,2.724551e-07,2.724551e-07,1.150217e-08,3.442821e-10,-5.498453e-11,-6.076371e-12,3.181178e+00,9.336386e-01,7.849634e-01
1.141000e-10,1.000000e-04,0.000000e+00,1.000000e-04,8.075050e-05,4.242517e-04,8.509322e-05,4.794750e-06,2.828823e-07,2.828823e-07,1.171424e-08,4.344644e-10,-5.062938e-11,-8.780766e-12,3.241729e+00,9.395897e-01,7.852310e-01
1.141500e-10,1.000000e-04,0.000000e+00,1.000000e-04,8.240853e-05,4.560552e-04,8.734404e-05,5.005329e-06,2.929738e-07,2.929738e-07,1.196098e-08,5.254812e-10,-4.614883e-11,-1.131764e-11,3.305550e+00,9.457027e-01,7.855037e-01
1.142000e-10,1.000000e-04,0.000000e+00,1.000000e-04,8.426353e-05,4.886489e-04,8.988351e-05,5.224533e-06,3.027319e-07,3.027319e-07,1.224935e-08,6.164952e-10,-4.155146e-11,-1.366581e-11,3.372827e+00,9.519692e-01,7.857825e-01
1.142500e-10,1.000000e-04,0.000000e+00,1.000000e-04,8.626804e-05,5.214611e-04,9.274268e-05,5.451424e-06,3.121721e-07,3.121721e-07,1.258557e-08,7.066804e-10,-3.684020e-11,-1.580693e-11,3.443755e+00,9.583822e-01,7.860682e-01
1.143000e-10,1.000000e-04,0.000000e+00,1.000000e-04,8.835932e-05,5.540895e-04,9.595222e-05,5.685037e-06,3.213231e-07,3.213231e-07,1.297508e-08,7.952370e-10,-3.201294e-11,-1.772571e-11,3.518527e+00,9.649365e-01,7.863617e-01
1.143500e-10,1.000000e-04,0.000000e+00,1.000000e-04,9.046637e-05,5.862214e-04,9.954244e-05,5.924423e-06,3.302263e-07,3.302263e-07,1.342236e-08,8.814067e-10,-2.706328e-11,-1.940988e-11,3.597321e+00,9.716291e-01,7.866642e-01
1.144000e-10,1.000000e-04,0.000000e+00,1.000000e-04,9.251452e-05,6.175265e-04,1.035431e-04,6.168684e-06,3.389351e-07,3.389351e-07,1.393094e-08,9.644867e-10,-2.198129e-11,-2.085036e-11,3.680291e+00,9.784599e-01,7.869767e-01
1.144500e-10,1.000000e-04,0.000000e+00,1.000000e-04,9.442737e-05,6.475713e-04,1.079832e-04,6.417016e-06,3.475136e-07,3.475136e-07,1.450327e-08,1.043843e-09,-1.675443e-11,-2.204115e-11,3.767546e+00,9.854315e-01,7.873005e-01
1.145000e-10,1.000000e-04,0.000000e+00,1.000000e-04,9.612781e-05,6.758123e-04,1.128902e-04,6.668744e-06,3.560351e-07,3.560351e-07,1.514075e-08,1.118922e-09,-1.136854e-11,-2.297934e-11,3.859141e+00,9.925498e-01,7.876366e-01
1.145500e-10,1.000000e-04,0.000000e+00,1.000000e-04,9.754150e-05,7.017142e-04,1.182897e-04,6.923361e-06,3.645814e-07,3.645814e-07,1.584370e-08,1.189261e-09,-5.808742e-12,-2.366495e-11,3.955057e+00,9.998242e-01,7.879862e-01
1.146000e-10,1.000000e-04,0.000000e+00,1.000000e-04,9.860643e-05,7.250029e-04,1.242046e-04,7.180564e-06,3.732405e-07,3.732405e-07,1.661136e-08,1.254497e-09,-6.052738e-14,-2.410088e-11,4.055185e+00,1.007268e+00,7.883506e-01
1.146500e-10,1.000000e-04,0.000000e+00,1.000000e-04,9.929133e-05,7.459926e-04,1.306540e-04,7.440281e-06,3.821051e-07,3.821051e-07,1.744197e-08,1.314373e-09,5.889343e-12,-2.429264e-11,4.159314e+00,1.014899e+00,7.887307e-01
1.147000e-10,1.000000e-04,0.000000e+00,1.000000e-04,9.962187e-05,7.658573e-04,1.376527e-04,7.702705e-06,3.912707e-07,3.912707e-07,1.833279e-08,1.368744e-09,1.205192e-11,-2.424823e-11,4.267123e+00,1.022737e+00,7.891277e-01
1.147500e-10,1.000000e-04,0.000000e+00,1.000000e-04,9.970848e-05,7.866707e-04,1.452099e-04,7.968314e-06,4.008342e-07,4.008342e-07,1.928023e-08,1.417576e-09,1.843518e-11,-2.397783e-11,4.378173e+00,1.030808e+00,7.895425e-01
1.148000e-10,1.000000e-04,0.000000e+00,1.000000e-04,9.966863e-05,8.066711e-04,1.533291e-04,8.237889e-06,4.108918e-07,4.108918e-07,2.027992e-08,1.460953e-09,2.504332e-11,-2.349362e-11,4.491921e+00,1.039141e+00,7.899761e-01
1.148500e-10,1.000000e-04,0.000000e+00,1.000000e-04,9.968056e-05,8.278332e-04,1.620073e-04,8.512532e-06,4.215374e-07,4.215374e-07,2.132683e-08,1.499068e-09,3.187606e-11,-2.280941e-11,4.607725e+00,1.047769e+00,7.904293e-01
1.149000e-10,1.000000e-04,0.000000e+00,1.000000e-04,1.001078e-04,8.572403e-04,1.712357e-04,8.793666e-06,4.328611e-07,4.328611e-07,2.241542e-08,1.532223e-09,3.892817e-11,-2.194047e-11,4.724878e+00,1.056731e+00,7.909029e-01
1.149500e-10,1.000000e-04,0.000000e+00,1.000000e-04,1.014223e-04,8.970938e-04,1.809998e-04,9.083048e-06,4.449479e-07,4.449479e-07,2.353978e-08,1.560824e-09,4.618909e-11,-2.090312e-11,4.842647e+00,1.066066e+00,7.913975e-01
1.150000e-10,1.000000e-04,0.000000e+00,1.000000e-04,1.040441e-04,9.439974e-04,1.912818e-04,9.382756e-06,4.578765e-07,4.578765e-07,2.469377e-08,1.585371e-09,5.364268e-11,-1.971449e-11,4.960327e+00,1.075821e+00,7.919138e-01
1.150500e-10,1.000000e-04,0.000000e+00,1.000000e-04,1.081472e-04,9.885425e-04,2.020620e-04,9.695187e-06,4.717185e-07,4.717185e-07,2.587118e-08,1.606448e-09,6.126720e-11,-1.839224e-11,5.077284e+00,1.086042e+00,7.924523e-01
1.151000e-10,1.000000e-04,0.000000e+00,1.000000e-04,1.135523e-04,1.019392e-03,2.133216e-04,1.002304e-05,4.865375e-07,4.865375e-07,2.706589e-08,1.624715e-09,6.903536e-11,-1.695424e-11,5.192968e+00,1.096781e+00,7.930135e-01
1.151500e-10,1.000000e-04,0.000000e+00,1.000000e-04,1.198103e-04,1.030376e-03,2.250447e-04,1.036931e-05,5.023893e-07,5.023893e-07,2.827202e-08,1.640892e-09,7.691462e-11,-1.541831e-11,5.306906e+00,1.108094e+00,7.935977e-01
1.152000e-10,1.000000e-04,0.000000e+00,1.000000e-04,1.261407e-04,1.010733e-03,2.372195e-04,1.073723e-05,5.193215e-07,5.193215e-07,2.948409e-08,1.655748e-09,8.486756e-11,-1.380194e-11,5.418658e+00,1.120035e+00,7.942054e-01
1.152500e-10,1.000000e-04,0.000000e+00,1.000000e-04,1.319157e-04,9.719517e-04,2.498388e-04,1.113030e-05,5.373739e-07,5.373739e-07,3.069714e-08,1.670087e-09,9.285245e-11,-1.212211e-11,5.527770e+00,1.132664e+00,7.948369e-01
1.153000e-10,1.000000e-04,0.000000e+00,1.000000e-04,1.364900e-04,9.101141e-04,2.628995e-04,1.155222e-05,5.565793e-07,5.565793e-07,3.190687e-08,1.684730e-09,1.008239e-10,-1.039503e-11,5.633725e+00,1.146041e+00,7.954927e-01
1.153500e-10,1.000000e-04,0.000000e+00,1.000000e-04,1.395047e-04,8.373050e-04,2.764009e-04,1.200686e-05,5.769644e-07,5.769644e-07,3.310976e-08,1.700505e-09,1.087339e-10,-8.635960e-12,5.735915e+00,1.160230e+00,7.961732e-01
1.154000e-10,1.000000e-04,0.000000e+00,1.000000e-04,1.408373e-04,7.588048e-04,2.903433e-04,1.249825e-05,5.985510e-07,5.985510e-07,3.430316e-08,1.718226e-09,1.165323e-10,-6.859082e-12,5.833639e+00,1.175293e+00,7.968789e-01
1.154500e-10,1.000000e-04,0.000000e+00,1.000000e-04,1.406149e-04,6.814871e-04,3.047260e-04,1.303052e-05,6.213578e-07,6.213578e-07,3.548539e-08,1.738687e-09,1.241681e-10,-5.077345e-12,5.926123e+00,1.191297e+00,7.976104e-01
1.155000e-10,1.000000e-04,0.000000e+00,1.000000e-04,1.391690e-04,6.104782e-04,3.195462e-04,1.360791e-05,6.454018e-07,6.454018e-07,3.665578e-08,1.762638e-09,1.315905e-10,-3.302384e-12,6.012569e+00,1.208307e+00,7.983685e-01
1.155500e-10,1.000000e-04,0.000000e+00,1.000000e-04,1.369889e-04,5.500587e-04,3.347983e-04,1.423469e-05,6.707010e-07,6.707010e-07,3.781471e-08,1.790782e-09,1.387499e-10,-1.544461e-12,6.092222e+00,1.226390e+00,7.991541e-01
1.156000e-10,1.000000e-04,0.000000e+00,1.000000e-04,1.346840e-04,5.042221e-04,3.504740e-04,1.491517e-05,6.972758e-07,6.972758e-07,3.896368e-08,1.823758e-09,1.455990e-10,1.875830e-13,6.164444e+00,1.245616e+00,7.999683e-01
1.156500e-10,1.000000e-04,0.000000e+00,1.000000e-04,1.329371e-04,4.761016e-04,3.665634e-04,1.565366e-05,7.251521e-07,7.251521e-07,4.010526e-08,1.862130e-09,1.520940e-10,1.886310e-12,6.228799e+00,1.266053e+00,8.008124e-01
1.157000e-10,1.000000e-04,0.000000e+00,1.000000e-04,1.324070e-04,4.658189e-04,3.830561e-04,1.645446e-05,7.543633e-07,7.543633e-07,4.124311e-08,1.906384e-09,1.581955e-10,3.545681e-12,6.285120e+00,1.287774e+00,8.016880e-01
1.157500e-10,1.000000e-04,0.000000e+00,1.000000e-04,1.336086e-04,4.700005e-04,3.999431e-04,1.732186e-05,7.849529e-07,7.849529e-07,4.238194e-08,1.956916e-09,1.638695e-10,5.160981e-12,6.333571e+00,1.310850e+00,8.025970e-01
1.158000e-10,1.000000e-04,0.000000e+00,1.000000e-04,1.368052e-04,4.824073e-04,4.172186e-04,1.826007e-05,8.169773e-07,8.169773e-07,4.352744e-08,2.014031e-09,1.690885e-10,6.728757e-12,6.374673e+00,1.335356e+00,8.035416e-01
1.158500e-10,1.000000e-04,0.000000e+00,1.000000e-04,1.419425e-04,4.952802e-04,4.348803e-04,1.927331e-05,8.505076e-07,8.505076e-07,4.468626e-08,2.077939e-09,1.738320e-10,8.246726e-12,6.409296e+00,1.361369e+00,8.045243e-01
1.159000e-10,1.000000e-04,0.000000e+00,1.000000e-04,1.486406e-04,5.009933e-04,4.529297e-04,2.036576e-05,8.856324e-07,8.856324e-07,4.586589e-08,2.148751e-09,1.780875e-10,9.713650e-12,6.438607e+00,1.388968e+00,8.055479e-01
1.159500e-10,1.000000e-04,0.000000e+00,1.000000e-04,1.562472e-04,4.936219e-04,4.713689e-04,2.154158e-05,9.224601e-07,9.224601e-07,4.707461e-08,2.226489e-09,1.818506e-10,1.112921e-11,6.463989e+00,1.418236e+00,8.066158e-01
1.160000e-10,1.000000e-04,0.000000e+00,1.000000e-04,1.639411e-04,4.701102e-04,4.901969e-04,2.280493e-05,9.611203e-07,9.611203e-07,4.832138e-08,2.311080e-09,1.851260e-10,1.249389e-11,6.486927e+00,1.449259e+00,8.077315e-01
1.160500e-10,1.000000e-04,0.000000e+00,1.000000e-04,1.708655e-04,4.308422e-04,5.094023e-04,2.416004e-05,1.001766e-06,1.001766e-06,4.961577e-08,2.402367e-09,1.879272e-10,1.380881e-11,6.508893e+00,1.482129e+00,8.088992e-01
1.161000e-10,1.000000e-04,0.000000e+00,1.000000e-04,1.762685e-04,3.795557e-04,5.289556e-04,2.561119e-05,1.044576e-06,1.044576e-06,5.096783e-08,2.500115e-09,1.902769e-10,1.507557e-11,6.531224e+00,1.516943e+00,8.101232e-01
1.161500e-10,1.000000e-04,0.000000e+00,1.000000e-04,1.796235e-04,3.226628e-04,5.487989e-04,2.716279e-05,1.089753e-06,1.089753e-06,5.238802e-08,2.604020e-09,1.922066e-10,1.629616e-11,6.555036e+00,1.553803e+00,8.114085e-01
1.162000e-10,1.000000e-04,0.000000e+00,1.000000e-04,1.807082e-04,2.679378e-04,5.688358e-04,2.881942e-05,1.137529e-06,1.137529e-06,5.388712e-08,2.713719e-09,1.937565e-10,1.747275e-11,6.581160e+00,1.592821e+00,8.127603e-01
1.162500e-10,1.000000e-04,0.000000e+00,1.000000e-04,1.796247e-04,2.228921e-04,5.889228e-04,3.058588e-05,1.188163e-06,1.188163e-06,5.547615e-08,2.828801e-09,1.949750e-10,1.860761e-11,6.610128e+00,1.634114e+00,8.141843e-01
1.163000e-10,1.000000e-04,0.000000e+00,1.000000e-04,1.768118e-04,1.956553e-04,6.088613e-04,3.246726e-05,1.241941e-06,1.241941e-06,5.716632e-08,2.948822e-09,1.959182e-10,1.970299e-11,6.642197e+00,1.677812e+00,8.156868e-01
1.163500e-10,1.000000e-04,0.000000e+00,1.000000e-04,1.729459e-04,1.903759e-04,6.283947e-04,3.446897e-05,1.299179e-06,1.299179e-06,5.896895e-08,3.073316e-09,1.966489e-10,2.076098e-11,6.677404e+00,1.724053e+00,8.172743e-01
1.164000e-10,1.000000e-04,0.000000e+00,1.000000e-04,1.688262e-04,2.083209e-04,6.472092e-04,3.659687e-05,1.360220e-06,1.360220e-06,6.089545e-08,3.201809e-09,1.972361e-10,2.178342e-11,6.715658e+00,1.772987e+00,8.189537e-01
1.164500e-10,1.000000e-04,0.000000e+00,1.000000e-04,1.652634e-04,2.483160e-04,6.649409e-04,3.885726e-05,1.425436e-06,1.425436e-06,6.295729e-08,3.333838e-09,1.977535e-10,2.277189e-11,6.756822e+00,1.824776e+00,8.207326e-01
1.165000e-10,1.000000e-04,0.000000e+00,1.000000e-04,1.629290e-04,3.047706e-04,6.811897e-04,4.125700e-05,1.495223e-06,1.495223e-06,6.516601e-08,3.468960e-09,1.982788e-10,2.372757e-11,6.800810e+00,1.879593e+00,8.226187e-01
1.165500e-10,1.000000e-04,0.000000e+00,1.000000e-04,1.623125e-04,3.729824e-04,6.955387e-04,4.380356e-05,1.570006e-06,1.570006e-06,6.753324e-08,3.606767e-09,1.988923e-10,2.465128e-11,6.847644e+00,1.937625e+00,8.246204e-01
1.166000e-10,1.000000e-04,0.000000e+00,1.000000e-04,1.636298e-04,4.449834e-04,7.075806e-04,4.650510e-05,1.650235e-06,1.650235e-06,7.007072e-08,3.746903e-09,1.996760e-10,2.554341e-11,6.897502e+00,1.999073e+00,8.267463e-01
1.166500e-10,1.000000e-04,0.000000e+00,1.000000e-04,1.668288e-04,5.143929e-04,7.169474e-04,4.937052e-05,1.736385e-06,1.736385e-06,7.279041e-08,3.889075e-09,2.007118e-10,2.640398e-11,6.950714e+00,2.064149e+00,8.290055e-01
1.167000e-10,1.000000e-04,0.000000e+00,1.000000e-04,1.716183e-04,5.757166e-04,7.233421e-04,5.240961e-05,1.828952e-06,1.828952e-06,7.570450e-08,4.033064e-09,2.020807e-10,2.723261e-11,7.007747e+00,2.133080e+00,8.314077e-01
1.167500e-10,1.000000e-04,0.000000e+00,1.000000e-04,1.775287e-04,6.252874e-04,7.265686e-04,5.563304e-05,1.928458e-06,1.928458e-06,7.882557e-08,4.178740e-09,2.038615e-10,2.802860e-11,7.069147e+00,2.206103e+00,8.339629e-01
1.168000e-10,1.000000e-04,0.000000e+00,1.000000e-04,1.840068e-04,6.621454e-04,7.265577e-04,5.905255e-05,2.035446e-06,2.035446e-06,8.216666e-08,4.326065e-09,2.061295e-10,2.879101e-11,7.135481e+00,2.283470e+00,8.366815e-01
1.168500e-10,1.000000e-04,0.000000e+00,1.000000e-04,1.905059e-04,6.874250e-04,7.233839e-04,6.268095e-05,2.150480e-06,2.150480e-06,8.574147e-08,4.475111e-09,2.089553e-10,2.951867e-11,7.207263e+00,2.365444e+00,8.395745e-01
1.169000e-10,1.000000e-04,0.000000e+00,1.000000e-04,1.965668e-04,7.040061e-04,7.172732e-04,6.653231e-05,2.274146e-06,2.274146e-06,8.956442e-08,4.626058e-09,2.124042e-10,3.021034e-11,7.284900e+00,2.452300e+00,8.426535e-01
1.169500e-10,1.000000e-04,0.000000e+00,1.000000e-04,2.018707e-04,7.156547e-04,7.085982e-04,7.062198e-05,2.407053e-06,2.407053e-06,9.365090e-08,4.779206e-09,2.165348e-10,3.086473e-11,7.368648e+00,2.544323e+00,8.459306e-01
1.170000e-10,1.000000e-04,0.000000e+00,1.000000e-04,2.062603e-04,7.261617e-04,6.978628e-04,7.496671e-05,2.549830e-06,2.549830e-06,9.801737e-08,4.934976e-09,2.213988e-10,3.148069e-11,7.458588e+00,2.641809e+00,8.494185e-01
1.170500e-10,1.000000e-04,0.000000e+00,1.000000e-04,2.097302e-04,7.386044e-04,6.856761e-04,7.958469e-05,2.703131e-06,2.703131e-06,1.026816e-07,5.093914e-09,2.270397e-10,3.205726e-11,7.554635e+00,2.745062e+00,8.531306e-01
1.171000e-10,1.000000e-04,0.000000e+00,1.000000e-04,2.123906e-04,7.548310e-04,6.727194e-04,8.449559e-05,2.867634e-06,2.867634e-06,1.076628e-07,5.256694e-09,2.334930e-10,3.259380e-11,7.656554e+00,2.854388e+00,8.570809e-01
1.171500e-10,1.000000e-04,0.000000e+00,1.000000e-04,2.144259e-04,7.756774e-04,6.597079e-04,8.972051e-05,3.044044e-06,3.044044e-06,1.129817e-07,5.424112e-09,2.407857e-10,3.309006e-11,7.764005e+00,2.970095e+00,8.612843e-01
1.172000e-10,1.000000e-04,0.000000e+00,1.000000e-04,2.160479e-04,8.008516e-04,6.473508e-04,9.528185e-05,3.233096e-06,3.233096e-06,1.186612e-07,5.597093e-09,2.489362e-10,3.354637e-11,7.876582e+00,3.092485e+00,8.657567e-01
1.172500e-10,1.000000e-04,0.000000e+00,1.000000e-04,2.174477e-04,8.289837e-04,6.363111e-04,1.012031e-04,3.435558e-06,3.435558e-06,1.247259e-07,5.776683e-09,2.579543e-10,3.396363e-11,7.993863e+00,3.221839e+00,8.705149e-01
1.173000e-10,1.000000e-04,0.000000e+00,1.000000e-04,2.187738e-04,8.587046e-04,6.271679e-04,1.075084e-04,3.652234e-06,3.652234e-06,1.312028e-07,5.964048e-09,2.678419e-10,3.434346e-11,8.115452e+00,3.358408e+00,8.755765e-01
1.173500e-10,1.000000e-04,0.000000e+00,1.000000e-04,2.201197e-04,8.886551e-04,6.203818e-04,1.142219e-04,3.883970e-06,3.883970e-06,1.381209e-07,6.160470e-09,2.785930e-10,3.468824e-11,8.241014e+00,3.502386e+00,8.809607e-01
1.174000e-10,1.000000e-04,0.000000e+00,1.000000e-04,2.215216e-04,9.176809e-04,6.162637e-04,1.213675e-04,4.131658e-06,4.131658e-06,1.455123e-07,6.367344e-09,2.901946e-10,3.500120e-11,8.370294e+00,3.653893e+00,8.866877e-01
1.174500e-10,1.000000e-04,0.000000e+00,1.000000e-04,2.229618e-04,9.448750e-04,6.149502e-04,1.289671e-04,4.396239e-06,4.396239e-06,1.534113e-07,6.586170e-09,3.026277e-10,3.528642e-11,8.503134e+00,3.812935e+00,8.927792e-01
1.175000e-10,1.000000e-04,0.000000e+00,1.000000e-04,2.243770e-04,9.696120e-04,6.163840e-04,1.370401e-04,4.678710e-06,4.678710e-06,1.618552e-07,6.818554e-09,3.158680e-10,3.554886e-11,8.639474e+00,3.979372e+00,8.992586e-01
1.175500e-10,1.000000e-04,0.000000e+00,1.000000e-04,2.256721e-04,9.916728e-04,6.203052e-04,1.456020e-04,4.980132e-06,4.980132e-06,1.708843e-07,7.066199e-09,3.298871e-10,3.579440e-11,8.779344e+00,4.152876e+00,9.061506e-01
1.176000e-10,1.000000e-04,0.000000e+00,1.000000e-04,2.267321e-04,1.011012e-03,6.262530e-04,1.546630e-04,5.301627e-06,5.301627e-06,1.805420e-07,7.330902e-09,3.446540e-10,3.602975e-11,8.922849e+00,4.332890e+00,9.134818e-01
1.176500e-10,1.000000e-04,0.000000e+00,1.000000e-04,2.274320e-04,1.027682e-03,6.335835e-04,1.642270e-04,5.644389e-06,5.644389e-06,1.908749e-07,7.614554e-09,3.601360e-10,3.626250e-11,9.070152e+00,4.518590e+00,9.212809e-01
1.177000e-10,1.000000e-04,0.000000e+00,1.000000e-04,2.276700e-04,1.042860e-03,6.415054e-04,1.742911e-04,6.009685e-06,6.009685e-06,2.019327e-07,7.919134e-09,3.763005e-10,3.650099e-11,9.221444e+00,4.708859e+00,9.295781e-01
1.177500e-10,1.000000e-04,0.000000e+00,1.000000e-04,2.272208e-04,1.050332e-03,6.491338e-04,1.848449e-04,6.398856e-06,6.398856e-06,2.137689e-07,8.246706e-09,3.931165e-10,3.675429e-11,9.376911e+00,4.902277e+00,9.384059e-01
1.178000e-10,1.000000e-04,0.000000e+00,1.000000e-04,2.258832e-04,1.052372e-03,6.555587e-04,1.958708e-04,6.813321e-06,6.813321e-06,2.264403e-07,8.599426e-09,4.105559e-10,3.703210e-11,9.536693e+00,5.097133e+00,9.477986e-01
1.178500e-10,1.000000e-04,0.000000e+00,1.000000e-04,2.236980e-04,1.058635e-03,6.599226e-04,2.073452e-04,7.254576e-06,7.254576e-06,2.400072e-07,8.979535e-09,4.285953e-10,3.734460e-11,9.700848e+00,5.291460e+00,9.577926e-01
1.179000e-10,1.000000e-04,0.000000e+00,1.000000e-04,2.209691e-04,1.076444e-03,6.614968e-04,2.192402e-04,7.724192e-06,7.724192e-06,2.545338e-07,9.389365e-09,4.472174e-10,3.770241e-11,9.869330e+00,5.483106e+00,9.684262e-01
1.179500e-10,1.000000e-04,0.000000e+00,1.000000e-04,2.179292e-04,1.097729e-03,6.597445e-04,2.315250e-04,8.223812e-06,8.223812e-06,2.700881e-07,9.831345e-09,4.664126e-10,3.811643e-11,1.004198e+01,5.669818e+00,9.797396e-01
1.180000e-10,1.000000e-04,0.000000e+00,1.000000e-04,2.151488e-04,1.138037e-03,6.543609e-04,2.441688e-04,8.755150e-06,8.755150e-06,2.867418e-07,1.030800e-08,4.861803e-10,3.859767e-11,1.021852e+01,5.849348e+00,9.917745e-01
1.180500e-10,1.000000e-04,0.000000e+00,1.000000e-04,2.131705e-04,1.190553e-03,6.452863e-04,2.571428e-04,9.319983e-06,9.319983e-06,3.045707e-07,1.082197e-08,5.065306e-10,3.915718e-11,1.039858e+01,6.019559e+00,1.004575e+00
1.181000e-10,1.000000e-04,0.000000e+00,1.000000e-04,2.124551e-04,1.251712e-03,6.326904e-04,2.704231e-04,9.920146e-06,9.920146e-06,3.236547e-07,1.137599e-08,5.274852e-10,3.980588e-11,1.058169e+01,6.178523e+00,1.018184e+00
1.181500e-10,1.000000e-04,0.000000e+00,1.000000e-04,2.132990e-04,1.315173e-03,6.169355e-04,2.839924e-04,1.055752e-05,1.055752e-05,3.440777e-07,1.197296e-08,5.490792e-10,4.055440e-11,1.076730e+01,6.324609e+00,1.032650e+00
1.182000e-10,1.000000e-04,0.000000e+00,1.000000e-04,2.157488e-04,1.371958e-03,5.985270e-04,2.978419e-04,1.123405e-05,1.123405e-05,3.659281e-07,1.261587e-08,5.713614e-10,4.141302e-11,1.095477e+01,6.456541e+00,1.048020e+00
1.182500e-10,1.000000e-04,0.000000e+00,1.000000e-04,2.195734e-04,1.412903e-03,5.780600e-04,3.119737e-04,1.195170e-05,1.195170e-05,3.892984e-07,1.330789e-08,5.943961e-10,4.239145e-11,1.114337e+01,6.573427e+00,1.064341e+00
1.183000e-10,1.000000e-04,0.000000e+00,1.000000e-04,2.243549e-04,1.433097e-03,5.561719e-04,3.264012e-04,1.271247e-05,1.271247e-05,4.142858e-07,1.405235e-08,6.182632e-10,4.349881e-11,1.133221e+01,6.674774e+00,1.081662e+00
1.183500e-10,1.000000e-04,0.000000e+00,1.000000e-04,2.295645e-04,1.429389e-03,5.335033e-04,3.411500e-04,1.351841e-05,1.351841e-05,4.409922e-07,1.485275e-08,6.430597e-10,4.474349e-11,1.152027e+01,6.760470e+00,1.100035e+00
1.184000e-10,1.000000e-04,0.000000e+00,1.000000e-04,2.346728e-04,1.402295e-03,5.106708e-04,3.562580e-04,1.437159e-05,1.437159e-05,4.695238e-07,1.571280e-08,6.688994e-10,4.613309e-11,1.170634e+01,6.830756e+00,1.119509e+00
1.184500e-10,1.000000e-04,0.000000e+00,1.000000e-04,2.392393e-04,1.354683e-03,4.882498e-04,3.717746e-04,1.527412e-05,1.527412e-05,4.999922e-07,1.663641e-08,6.959141e-10,4.767433e-11,1.188906e+01,6.886191e+00,1.140137e+00
1.185000e-10,1.000000e-04,0.000000e+00,1.000000e-04,2.429565e-04,1.290272e-03,4.667647e-04,3.877585e-04,1.622815e-05,1.622815e-05,5.325134e-07,1.762774e-08,7.242535e-10,4.937306e-11,1.206693e+01,6.927605e+00,1.161973e+00
1.185500e-10,1.000000e-04,0.000000e+00,1.000000e-04,2.455980e-04,1.210138e-03,4.466857e-04,4.042748e-04,1.723589e-05,1.723589e-05,5.672089e-07,1.869118e-08,7.540854e-10,5.123421e-11,1.223837e+01,6.956052e+00,1.185071e+00
1.186000e-10,1.000000e-04,0.000000e+00,1.000000e-04,2.470957e-04,1.120062e-03,4.284275e-04,4.213914e-04,1.829964e-05,1.829964e-05,6.042053e-07,1.983140e-08,7.855963e-10,5.326181e-11,1.240182e+01,6.972770e+00,1.209490e+00
1.186500e-10,1.000000e-04,0.000000e+00,1.000000e-04,2.476162e-04,1.028719e-03,4.123497e-04,4.391732e-04,1.942177e-05,1.942177e-05,6.436345e-07,2.105335e-08,8.189906e-10,5.545905e-11,1.255574e+01,6.979137e+00,1.235290e+00
1.187000e-10,1.000000e-04,0.000000e+00,1.000000e-04,2.475422e-04,9.435007e-04,3.987573e-04,4.576758e-04,2.060480e-05,2.060480e-05,6.856339e-07,2.236231e-08,8.544912e-10,5.782831e-11,1.269879e+01,6.976633e+00,1.262535e+00
1.187500e-10,1.000000e-04,0.000000e+00,1.000000e-04,2.473236e-04,8.660345e-04,3.879009e-04,4.769374e-04,2.185140e-05,2.185140e-05,7.303464e-07,2.376387e-08,8.923390e-10,6.037126e-11,1.282988e+01,6.966805e+00,1.291293e+00
1.188000e-10,1.000000e-04,0.000000e+00,1.000000e-04,2.473604e-04,7.954403e-04,3.799774e-04,4.969699e-04,2.316443e-05,2.316443e-05,7.779208e-07,2.526397e-08,9.327930e-10,6.308901e-11,1.294822e+01,6.951236e+00,1.321639e+00
1.188500e-10,1.000000e-04,0.000000e+00,1.000000e-04,2.480223e-04,7.337740e-04,3.751291e-04,5.177484e-04,2.454699e-05,2.454699e-05,8.285119e-07,2.686890e-08,9.761297e-10,6.598218e-11,1.305342e+01,6.931517e+00,1.353653e+00
1.189000e-10,1.000000e-04,0.000000e+00,1.000000e-04,2.496212e-04,6.817496e-04,3.734447e-04,5.392002e-04,2.600248e-05,2.600248e-05,8.822805e-07,2.858537e-08,1.022643e-09,6.905112e-11,1.314546e+01,6.909217e+00,1.387423e+00
1.189500e-10,1.000000e-04,0.000000e+00,1.000000e-04,2.523182e-04,6.362502e-04,3.749596e-04,5.611933e-04,2.753459e-05,2.753459e-05,9.393937e-07,3.042046e-08,1.072645e-09,7.229606e-11,1.322473e+01,6.885861e+00,1.423044e+00
1.190000e-10,1.000000e-04,0.000000e+00,1.000000e-04,2.560603e-04,5.924061e-04,3.796575e-04,5.835261e-04,2.914738e-05,2.914738e-05,1.000025e-06,3.238169e-08,1.126465e-09,7.571735e-11,1.329197e+01,6.862906e+00,1.460621e+00
1.190500e-10,1.000000e-04,0.000000e+00,1.000000e-04,2.605934e-04,5.463898e-04,3.874722e-04,6.059182e-04,3.084533e-05,3.084533e-05,1.064356e-06,3.447698e-08,1.184447e-09,7.931564e-11,1.334821e+01,6.841719e+00,1.500269e+00
1.191000e-10,1.000000e-04,0.000000e+00,1.000000e-04,2.654987e-04,4.951456e-04,3.982904e-04,6.280060e-04,3.263333e-05,3.263333e-05,1.132574e-06,3.671475e-08,1.246956e-09,8.309212e-11,1.339475e+01,6.823563e+00,1.542113e+00
1.191500e-10,1.000000e-04,0.000000e+00,1.000000e-04,2.702604e-04,4.373657e-04,4.119545e-04,6.493432e-04,3.451674e-05,3.451674e-05,1.204876e-06,3.910384e-08,1.314370e-09,8.704879e-11,1.343298e+01,6.809576e+00,1.586288e+00
1.192000e-10,1.000000e-04,0.000000e+00,1.000000e-04,2.743427e-04,3.734296e-04,4.282652e-04,6.694099e-04,3.650140e-05,3.650140e-05,1.281464e-06,4.165360e-08,1.387088e-09,9.118870e-11,1.346436e+01,6.800761e+00,1.632942e+00
1.192500e-10,1.000000e-04,0.000000e+00,1.000000e-04,2.772602e-04,3.050772e-04,4.469847e-04,6.876309e-04,3.859364e-05,3.859364e-05,1.362553e-06,4.437386e-08,1.465524e-09,9.551620e-11,1.349027e+01,6.797976e+00,1.682230e+00
1.193000e-10,1.000000e-04,0.000000e+00,1.000000e-04,2.786371e-04,2.350840e-04,4.678391e-04,7.034049e-04,4.080028e-05,4.080028e-05,1.448366e-06,4.727496e-08,1.550111e-09,1.000372e-10,1.351201e+01,6.801923e+00,1.734319e+00
1.193500e-10,1.000000e-04,0.000000e+00,1.000000e-04,2.781915e-04,1.642931e-04,4.905206e-04,7.161436e-04,4.312866e-05,4.312866e-05,1.539135e-06,5.036775e-08,1.641301e-09,1.047594e-10,1.353067e+01,6.813151e+00,1.789384e+00
1.194000e-10,1.000000e-04,0.000000e+00,1.000000e-04,2.758649e-04,9.941511e-05,5.146900e-04,7.253175e-04,4.558661e-05,4.558661e-05,1.635106e-06,5.366362e-08,1.739565e-09,1.096927e-10,1.354714e+01,6.832048e+00,1.847607e+00
1.194500e-10,1.000000e-04,0.000000e+00,1.000000e-04,2.719037e-04,4.904740e-05,5.399783e-04,7.305050e-04,4.818250e-05,4.818250e-05,1.736538e-06,5.717452e-08,1.845393e-09,1.148492e-10,1.356212e+01,6.858848e+00,1.909178e+00
1.195000e-10,1.000000e-04,0.000000e+00,1.000000e-04,2.668354e-04,1.994093e-05,5.659902e-04,7.314373e-04,5.092519e-05,5.092519e-05,1.843702e-06,6.091293e-08,1.959296e-09,1.202435e-10,1.357611e+01,6.893639e+00,1.974290e+00
1.195500e-10,1.000000e-04,0.000000e+00,1.000000e-04,2.613276e-04,1.345242e-05,5.923071e-04,7.280341e-04,5.382411e-05,5.382411e-05,1.956886e-06,6.489193e-08,2.081810e-09,1.258933e-10,1.358950e+01,6.936366e+00,2.043142e+00
1.196000e-10,1.000000e-04,0.000000e+00,1.000000e-04,2.560907e-04,2.937923e-05,6.184917e-04,7.204235e-04,5.688924e-05,5.688924e-05,2.076396e-06,6.912516e-08,2.213491e-09,1.318189e-10,1.360265e+01,6.986847e+00,2.115932e+00
1.196500e-10,1.000000e-04,0.000000e+00,1.000000e-04,2.518006e-04,6.615012e-05,6.440944e-04,7.089435e-04,6.013119e-05,6.013119e-05,2.202555e-06,7.362689e-08,2.354922e-09,1.380442e-10,1.361595e+01,7.044789e+00,2.192866e+00
1.197000e-10,1.000000e-04,0.000000e+00,1.000000e-04,2.490488e-04,1.216430e-04,6.686598e-04,6.941256e-04,6.356126e-05,6.356126e-05,2.335709e-06,7.841201e-08,2.506711e-09,1.445960e-10,1.362987e+01,7.109801e+00,2.274147e+00
1.197500e-10,1.000000e-04,0.000000e+00,1.000000e-04,2.482601e-04,1.912112e-04,6.917360e-04,6.766618e-04,6.719148e-05,6.719148e-05,2.476226e-06,8.349606e-08,2.669494e-09,1.515051e-10,1.364504e+01,7.181420e+00,2.359983e+00
1.198000e-10,1.000000e-04,0.000000e+00,1.000000e-04,2.496633e-04,2.702429e-04,7.128844e-04,6.573621e-04,7.103475e-05,7.103475e-05,2.624502e-06,8.889524e-08,2.843939e-09,1.588056e-10,1.366224e+01,7.259124e+00,2.450585e+00
1.198500e-10,1.000000e-04,0.000000e+00,1.000000e-04,2.532560e-04,3.529704e-04,7.316909e-04,6.371058e-04,7.510490e-05,7.510490e-05,2.780960e-06,9.462645e-08,3.030744e-09,1.665357e-10,1.368246e+01,7.342360e+00,2.546168e+00
1.199000e-10,1.000000e-04,0.000000e+00,1.000000e-04,2.588058e-04,4.338593e-04,7.477793e-04,6.167943e-04,7.941681e-05,7.941681e-05,2.946053e-06,1.007073e-07,3.230640e-09,1.747373e-10,1.370680e+01,7.430563e+00,2.646952e+00
1.199500e-10,1.000000e-04,0.000000e+00,1.000000e-04,2.658790e-04,5.081741e-04,7.608245e-04,5.973073e-04,8.398647e-05,8.398647e-05,3.120270e-06,1.071563e-07,3.444394e-09,1.834563e-10,1.373645e+01,7.523177e+00,2.753160e+00
1.200000e-10,1.000000e-04,0.000000e+00,1.000000e-04,2.738817e-04,5.719440e-04,7.705669e-04,5.794658e-04,8.883105e-05,8.883105e-05,3.304137e-06,1.139927e-07,3.672813e-09,1.927427e-10,1.377265e+01,7.619673e+00,2.865021e+00
1.200500e-10,9.500000e-05,0.000000e+00,9.500000e-05,2.792116e-04,4.897543e-04,7.768254e-04,5.640023e-04,9.396893e-05,9.396893e-05,3.498222e-06,1.212365e-07,3.916741e-09,2.026506e-10,1.381642e+01,7.719568e+00,2.982762e+00
1.201000e-10,9.000000e-05,0.000000e+00,9.000000e-05,2.845379e-04,5.875153e-04,7.795086e-04,5.515355e-04,9.941959e-05,9.941959e-05,3.703136e-06,1.289088e-07,4.177066e-09,2.132382e-10,1.386857e+01,7.822437e+00,3.106608e+00
1.201500e-10,8.500000e-05,0.000000e+00,8.500000e-05,2.892618e-04,6.226088e-04,7.786260e-04,5.425516e-04,1.052034e-04,1.052034e-04,3.919539e-06,1.370316e-07,4.454721e-09,2.245679e-10,1.392972e+01,7.927926e+00,3.236765e+00
1.202000e-10,8.000000e-05,0.000000e+00,8.000000e-05,2.927867e-04,6.423945e-04,7.742953e-04,5.373863e-04,1.113415e-04,1.113415e-04,4.148145e-06,1.456281e-07,4.750683e-09,2.367064e-10,1.400024e+01,8.035755e+00,3.373415e+00
1.202500e-10,7.500000e-05,0.000000e+00,7.500000e-05,2.946264e-04,6.497021e-04,7.667461e-04,5.362095e-04,1.178549e-04,1.178549e-04,4.389723e-06,1.547226e-07,5.065981e-09,2.497243e-10,1.408028e+01,8.145730e+00,3.516690e+00
1.203000e-10,7.000000e-05,0.000000e+00,7.000000e-05,2.944402e-04,6.471894e-04,7.563175e-04,5.390115e-04,1.247644e-04,1.247644e-04,4.645103e-06,1.643406e-07,5.401695e-09,2.636968e-10,1.416971e+01,8.257737e+00,3.666656e+00
1.203500e-10,6.500000e-05,0.000000e+00,6.500000e-05,2.921182e-04,6.408733e-04,7.434492e-04,5.455897e-04,1.320894e-04,1.320894e-04,4.915182e-06,1.745092e-07,5.758959e-09,2.787030e-10,1.426813e+01,8.371745e+00,3.823277e+00
1.204000e-10,6.000000e-05,0.000000e+00,6.000000e-05,2.878154e-04,6.373410e-04,7.286676e-04,5.555411e-04,1.398468e-04,1.398468e-04,5.200921e-06,1.852568e-07,6.138963e-09,2.948264e-10,1.437493e+01,8.487804e+00,3.986384e+00
1.204500e-10,5.500000e-05,0.000000e+00,5.500000e-05,2.819400e-04,6.426817e-04,7.125662e-04,5.682598e-04,1.480505e-04,1.480505e-04,5.503357e-06,1.966135e-07,6.542957e-09,3.121547e-10,1.448932e+01,8.606037e+00,4.155643e+00
1.205000e-10,5.000000e-05,0.000000e+00,5.000000e-05,2.751131e-04,6.620878e-04,6.957832e-04,5.829477e-04,1.567098e-04,1.567098e-04,5.823600e-06,2.086113e-07,6.972254e-09,3.307800e-10,1.461040e+01,8.726636e+00,4.330511e+00
1.205500e-10,4.500000e-05,0.000000e+00,4.500000e-05,2.680906e-04,6.986552e-04,6.789772e-04,5.986381e-04,1.658284e-04,1.658284e-04,6.162839e-06,2.212841e-07,7.428231e-09,3.507987e-10,1.473732e+01,8.849853e+00,4.510210e+00
1.206000e-10,4.000000e-05,0.000000e+00,4.000000e-05,2.616606e-04,7.528569e-04,6.628026e-04,6.142397e-04,1.754042e-04,1.754042e-04,6.522339e-06,2.346681e-07,7.912332e-09,3.723113e-10,1.486928e+01,8.975992e+00,4.693703e+00
1.206500e-10,3.500000e-05,0.000000e+00,3.500000e-05,2.565320e-04,8.223925e-04,6.478864e-04,6.285977e-04,1.854288e-04,1.854288e-04,6.903445e-06,2.488017e-07,8.426075e-09,3.954230e-10,1.500570e+01,9.105400e+00,4.879684e+00
1.207000e-10,3.000000e-05,0.000000e+00,3.000000e-05,2.532350e-04,9.026525e-04,6.348064e-04,6.405709e-04,1.958874e-04,1.958874e-04,7.307582e-06,2.637260e-07,8.971051e-09,4.202436e-10,1.514623e+01,9.238452e+00,5.066589e+00
1.207500e-10,2.500000e-05,0.000000e+00,2.500000e-05,2.520654e-04,9.882290e-04,6.240720e-04,6.491176e-04,2.067603e-04,2.067603e-04,7.736250e-06,2.794848e-07,9.548931e-09,4.468874e-10,1.529080e+01,9.375540e+00,5.252631e+00
1.208000e-10,2.000000e-05,0.000000e+00,2.000000e-05,2.530572e-04,1.073266e-03,6.161056e-04,6.533782e-04,2.180234e-04,2.180234e-04,8.191023e-06,2.961252e-07,1.016147e-08,4.754735e-10,1.543965e+01,9.517052e+00,5.435857e+00
1.208500e-10,1.500000e-05,0.000000e+00,1.500000e-05,2.559831e-04,1.151996e-03,6.112264e-04,6.527428e-04,2.296506e-04,2.296506e-04,8.673544e-06,3.136975e-07,1.081050e-08,5.061259e-10,1.559325e+01,9.663355e+00,5.614223e+00
1.209000e-10,1.000000e-05,0.000000e+00,1.000000e-05,2.603922e-04,1.219732e-03,6.096343e-04,6.468938e-04,2.416152e-04,2.416152e-04,9.185524e-06,3.322555e-07,1.149797e-08,5.389738e-10,1.575226e+01,9.814770e+00,5.785683e+00
1.209500e-10,5.000000e-06,0.000000e+00,5.000000e-06,2.656771e-04,1.273457e-03,6.113948e-04,6.358165e-04,2.538926e-04,2.538926e-04,9.728727e-06,3.518569e-07,1.222590e-08,5.741518e-10,1.591746e+01,9.971544e+00,5.948284e+00
1.210000e-10,0.000000e+00,0.000000e+00,0.000000e+00,2.711576e-04,1.311988e-03,6.164262e-04,6.197786e-04,2.664621e-04,2.664621e-04,1.030497e-05,3.725638e-07,1.299644e-08,6.118000e-10,1.608961e+01,1.013381e+01,6.100251e+00
1.210500e-10,0.000000e+00,0.000000e+00,0.000000e+00,2.790674e-04,1.468255e-03,6.244905e-04,5.992843e-04,2.793088e-04,2.793088e-04,1.091613e-05,3.944424e-07,1.381182e-08,6.520643e-10,1.626950e+01,1.030157e+01,6.240066e+00
1.211000e-10,0.000000e+00,0.000000e+00,0.000000e+00,2.854152e-04,1.416507e-03,6.351898e-04,5.750129e-04,2.924257e-04,2.924257e-04,1.156410e-05,4.175638e-07,1.467443e-08,6.950969e-10,1.645775e+01,1.047463e+01,6.366522e+00
1.211500e-10,0.000000e+00,0.000000e+00,0.000000e+00,2.896664e-04,1.402256e-03,6.479697e-04,5.477537e-04,3.058150e-04,3.058150e-04,1.225081e-05,4.420042e-07,1.558675e-08,7.410565e-10,1.665462e+01,1.065258e+01,6.478754e+00
1.212000e-10,0.000000e+00,0.000000e+00,0.000000e+00,2.915880e-04,1.382988e-03,6.621334e-04,5.183457e-04,3.194892e-04,3.194892e-04,1.297823e-05,4.678450e-07,1.655143e-08,7.901087e-10,1.685984e+01,1.083476e+01,6.576252e+00
1.212500e-10,0.000000e+00,0.000000e+00,0.000000e+00,2.912580e-04,1.363533e-03,6.768692e-04,4.876287e-04,3.334719e-04,3.334719e-04,1.374835e-05,4.951730e-07,1.757124e-08,8.424262e-10,1.707259e+01,1.102026e+01,6.658857e+00
1.213000e-10,0.000000e+00,0.000000e+00,0.000000e+00,2.890292e-04,1.347007e-03,6.912930e-04,4.564082e-04,3.477979e-04,3.477979e-04,1.456320e-05,5.240811e-07,1.864913e-08,8.981897e-10,1.729141e+01,1.120787e+01,6.726734e+00
1.213500e-10,0.000000e+00,0.000000e+00,0.000000e+00,2.854569e-04,1.334291e-03,7.045028e-04,4.254336e-04,3.625121e-04,3.625121e-04,1.542480e-05,5.546681e-07,1.978821e-08,9.575880e-10,1.751429e+01,1.139613e+01,6.780342e+00
1.214000e-10,0.000000e+00,0.000000e+00,0.000000e+00,2.812033e-04,1.323973e-03,7.156415e-04,3.953879e-04,3.776685e-04,3.776685e-04,1.633526e-05,5.870391e-07,2.099178e-08,1.020819e-09,1.773869e+01,1.158335e+01,6.820399e+00
1.214500e-10,0.000000e+00,0.000000e+00,0.000000e+00,2.769367e-04,1.312709e-03,7.239600e-04,3.668834e-04,3.933273e-04,3.933273e-04,1.729670e-05,6.213055e-07,2.226334e-08,1.088088e-09,1.796173e+01,1.176770e+01,6.847840e+00
1.215000e-10,0.000000e+00,0.000000e+00,0.000000e+00,2.732375e-04,1.295930e-03,7.288718e-04,3.404627e-04,4.095516e-04,4.095516e-04,1.831133e-05,6.575856e-07,2.360661e-08,1.159613e-09,1.818034e+01,1.194722e+01,6.863777e+00
1.215500e-10,0.000000e+00,0.000000e+00,0.000000e+00,2.705283e-04,1.268731e-03,7.299908e-04,3.166009e-04,4.264031e-04,4.264031e-04,1.938144e-05,6.960043e-07,2.502554e-08,1.235621e-09,1.839147e+01,1.212001e+01,6.869463e+00
1.216000e-10,0.000000e+00,0.000000e+00,0.000000e+00,2.690334e-04,1.226793e-03,7.271493e-04,2.957066e-04,4.439358e-04,4.439358e-04,2.050944e-05,7.366934e-07,2.652433e-08,1.316350e-09,1.859227e+01,1.228422e+01,6.866256e+00
1.216500e-10,0.000000e+00,0.000000e+00,0.000000e+00,2.687745e-04,1.167174e-03,7.203935e-04,2.781233e-04,4.621898e-04,4.621898e-04,2.169787e-05,7.797919e-07,2.810745e-08,1.402051e-09,1.878024e+01,1.243821e+01,6.855586e+00
1.217000e-10,0.000000e+00,0.000000e+00,0.000000e+00,2.695972e-04,1.088834e-03,7.099615e-04,2.641276e-04,4.811827e-04,4.811827e-04,2.294949e-05,8.254457e-07,2.977965e-08,1.492985e-09,1.895336e+01,1.258059e+01,6.838925e+00
1.217500e-10,0.000000e+00,0.000000e+00,0.000000e+00,2.712229e-04,9.928324e-04,6.962490e-04,2.539284e-04,5.009010e-04,5.009010e-04,2.426724e-05,8.738080e-07,3.154603e-08,1.589429e-09,1.911019e+01,1.271027e+01,6.817761e+00
1.218000e-10,0.000000e+00,0.000000e+00,0.000000e+00,2.733124e-04,8.821703e-04,6.797688e-04,2.476647e-04,5.212895e-04,5.212895e-04,2.565434e-05,9.250393e-07,3.341197e-08,1.691675e-09,1.924979e+01,1.282649e+01,6.793569e+00
1.218500e-10,0.000000e+00,0.000000e+00,0.000000e+00,2.755292e-04,7.613343e-04,6.611115e-04,2.454049e-04,5.422418e-04,5.422418e-04,2.711433e-05,9.793076e-07,3.538326e-08,1.800027e-09,1.937180e+01,1.292887e+01,6.767791e+00
1.219000e-10,0.000000e+00,0.000000e+00,0.000000e+00,2.775917e-04,6.356455e-04,6.409090e-04,2.471466e-04,5.635895e-04,5.635895e-04,2.865108e-05,1.036788e-06,3.746603e-08,1.914808e-09,1.947629e+01,1.301731e+01,6.741814e+00
1.219500e-10,0.000000e+00,0.000000e+00,0.000000e+00,2.793056e-04,5.105403e-04,6.198054e-04,2.528187e-04,5.850940e-04,5.850940e-04,3.026884e-05,1.097664e-06,3.966684e-08,2.036357e-09,1.956375e+01,1.309206e+01,6.716948e+00
1.220000e-10,0.000000e+00,0.000000e+00,0.000000e+00,2.805753e-04,3.909135e-04,5.984329e-04,2.622851e-04,6.064403e-04,6.064403e-04,3.197227e-05,1.162127e-06,4.199266e-08,2.165033e-09,1.963498e+01,1.315362e+01,6.694409e+00
1.220500e-10,0.000000e+00,0.000000e+00,0.000000e+00,2.813937e-04,2.806270e-04,5.773942e-04,2.753500e-04,6.272361e-04,6.272361e-04,3.376649e-05,1.230376e-06,4.445094e-08,2.301214e-09,1.969103e+01,1.320273e+01,6.675305e+00
1.221000e-10,0.000000e+00,0.000000e+00,0.000000e+00,2.818188e-04,1.822449e-04,5.572491e-04,2.917648e-04,6.470165e-04,6.470165e-04,3.565707e-05,1.302618e-06,4.704958e-08,2.445297e-09,1.973316e+01,1.324033e+01,6.660622e+00
1.221500e-10,0.000000e+00,0.000000e+00,0.000000e+00,2.819416e-04,9.700548e-05,5.385040e-04,3.112360e-04,6.652574e-04,6.652574e-04,3.765007e-05,1.379070e-06,4.979701e-08,2.597705e-09,1.976274e+01,1.326751e+01,6.651213e+00
1.222000e-10,0.000000e+00,0.000000e+00,0.000000e+00,2.818553e-04,2.499711e-05,5.216050e-04,3.334333e-04,6.813988e-04,6.813988e-04,3.975203e-05,1.459958e-06,5.270219e-08,2.758884e-09,1.978128e+01,1.328547e+01,6.647794e+00
1.222500e-10,0.000000e+00,0.000000e+00,0.000000e+00,2.816304e-04,-3.452620e-05,5.069315e-04,3.579990e-04,6.948759e-04,6.948759e-04,4.196998e-05,1.545519e-06,5.577463e-08,2.929305e-09,1.979034e+01,1.329550e+01,6.650934e+00
1.223000e-10,0.000000e+00,0.000000e+00,0.000000e+00,2.813003e-04,-8.276830e-05,4.947922e-04,3.845558e-04,7.051600e-04,7.051600e-04,4.431145e-05,1.636000e-06,5.902441e-08,3.109467e-09,1.979153e+01,1.329894e+01,6.661057e+00
1.223500e-10,0.000000e+00,0.000000e+00,0.000000e+00,2.808583e-04,-1.210306e-04,4.854224e-04,4.127152e-04,7.118021e-04,7.118021e-04,4.678445e-05,1.731660e-06,6.246224e-08,3.299897e-09,1.978646e+01,1.329714e+01,6.678441e+00
1.224000e-10,0.000000e+00,0.000000e+00,0.000000e+00,2.802659e-04,-1.504288e-04,4.789816e-04,4.420847e-04,7.144771e-04,7.144771e-04,4.939751e-05,1.832772e-06,6.609946e-08,3.501157e-09,1.977672e+01,1.329147e+01,6.703224e+00
1.224500e-10,0.000000e+00,0.000000e+00,0.000000e+00,2.794665e-04,-1.717251e-04,4.755532e-04,4.722739e-04,7.130210e-04,7.130210e-04,5.215966e-05,1.939621e-06,6.994805e-08,3.713839e-09,1.976386e+01,1.328325e+01,6.735404e+00
1.225000e-10,0.000000e+00,0.000000e+00,0.000000e+00,2.784043e-04,-1.852840e-04,4.751445e-04,5.029000e-04,7.074575e-04,7.074575e-04,5.508047e-05,2.052512e-06,7.402071e-08,3.938573e-09,1.974935e+01,1.327377e+01,6.774857e+00
1.225500e-10,0.000000e+00,0.000000e+00,0.000000e+00,2.770400e-04,-1.911400e-04,4.776879e-04,5.335907e-04,6.980077e-04,6.980077e-04,5.817006e-05,2.171762e-06,7.833081e-08,4.176026e-09,1.973457e+01,1.326426e+01,6.821339e+00
1.226000e-10,0.000000e+00,0.000000e+00,0.000000e+00,2.753636e-04,-1.891420e-04,4.830432e-04,5.639869e-04,6.850838e-04,6.850838e-04,6.143921e-05,2.297712e-06,8.289248e-08,4.426909e-09,1.972075e+01,1.325588e+01,6.874506e+00
1.226500e-10,0.000000e+00,0.000000e+00,0.000000e+00,2.733997e-04,-1.791332e-04,4.910007e-04,5.937425e-04,6.692666e-04,6.692666e-04,6.489935e-05,2.430722e-06,8.772062e-08,4.691973e-09,1.970904e+01,1.324968e+01,6.933929e+00
1.227000e-10,0.000000e+00,0.000000e+00,0.000000e+00,2.712060e-04,-1.611225e-04,5.012853e-04,6.225232e-04,6.512705e-04,6.512705e-04,6.856269e-05,2.571176e-06,9.283091e-08,4.972019e-09,1.970043e+01,1.324664e+01,6.999110e+00
1.227500e-10,0.000000e+00,0.000000e+00,0.000000e+00,2.688657e-04,-1.354115e-04,5.135621e-04,6.500029e-04,6.319008e-04,6.319008e-04,7.244228e-05,2.719483e-06,9.823985e-08,5.267895e-09,1.969575e+01,1.324760e+01,7.069499e+00
1.228000e-10,0.000000e+00,0.000000e+00,0.000000e+00,2.664755e-04,-1.026542e-04,5.274426e-04,6.758601e-04,6.120095e-04,6.120095e-04,7.655211e-05,2.876081e-06,1.039648e-07,5.580504e-09,1.969573e+01,1.325331e+01,7.144520e+00
1.228500e-10,0.000000e+00,0.000000e+00,0.000000e+00,2.641326e-04,-6.384373e-05,5.424931e-04,6.997730e-04,5.924517e-04,5.924517e-04,8.090723e-05,3.041441e-06,1.100241e-07,5.910804e-09,1.970096e+01,1.326440e+01,7.223585e+00
1.229000e-10,0.000000e+00,0.000000e+00,0.000000e+00,2.619225e-04,-2.023482e-05,5.582439e-04,7.214167e-04,5.740476e-04,5.740476e-04,8.552378e-05,3.216066e-06,1.164368e-07,6.259816e-09,1.971191e+01,1.328136e+01,7.306116e+00
1.229500e-10,0.000000e+00,0.000000e+00,0.000000e+00,2.599099e-04,2.677492e-05,5.742006e-04,7.404623e-04,5.575497e-04,5.575497e-04,9.041904e-05,3.400499e-06,1.232232e-07,6.628622e-09,1.972894e+01,1.330460e+01,7.391559e+00
1.230000e-10,0.000000e+00,0.000000e+00,0.000000e+00,2.581339e-04,7.577484e-05,5.898571e-04,7.565800e-04,5.436165e-04,5.436165e-04,9.561139e-05,3.595323e-06,1.304045e-07,7.018371e-09,1.975232e+01,1.333438e+01,7.479405e+00
1.230500e-10,0.000000e+00,0.000000e+00,0.000000e+00,2.566074e-04,1.254535e-04,6.047105e-04,7.694476e-04,5.327904e-04,5.327904e-04,1.011202e-04,3.801166e-06,1.380029e-07,7.430285e-09,1.978222e+01,1.337085e+01,7.569197e+00
1.231000e-10,0.000000e+00,0.000000e+00,0.000000e+00,2.553198e-04,1.746721e-04,6.182769e-04,7.787657e-04,5.254793e-04,5.254793e-04,1.069657e-04,4.018705e-06,1.460419e-07,7.865662e-09,1.981872e+01,1.341409e+01,7.660544e+00
1.231500e-10,0.000000e+00,0.000000e+00,0.000000e+00,2.542418e-04,2.224905e-04,6.301090e-04,7.842775e-04,5.219403e-04,5.219403e-04,1.131684e-04,4.248671e-06,1.545461e-07,8.325879e-09,1.986183e+01,1.346404e+01,7.753127e+00
1.232000e-10,0.000000e+00,0.000000e+00,0.000000e+00,2.533298e-04,2.681538e-04,6.398135e-04,7.857935e-04,5.222648e-04,5.222648e-04,1.197488e-04,4.491849e-06,1.635415e-07,8.812397e-09,1.991148e+01,1.352059e+01,7.846700e+00
1.232500e-10,0.000000e+00,0.000000e+00,0.000000e+00,2.525314e-04,3.110543e-04,6.470677e-04,7.832173e-04,5.263645e-04,5.263645e-04,1.267265e-04,4.749087e-06,1.730555e-07,9.326767e-09,1.996752e+01,1.358354e+01,7.941095e+00
1.233000e-10,0.000000e+00,0.000000e+00,0.000000e+00,2.517874e-04,3.506930e-04,6.516351e-04,7.765691e-04,5.339604e-04,5.339604e-04,1.341195e-04,5.021297e-06,1.831168e-07,9.870633e-09,2.002977e+01,1.365264e+01,8.036220e+00
1.233500e-10,0.000000e+00,0.000000e+00,0.000000e+00,2.510351e-04,3.866557e-04,6.533767e-04,7.660037e-04,5.445773e-04,5.445773e-04,1.419433e-04,5.309459e-06,1.937561e-07,1.044574e-08,2.009796e+01,1.372758e+01,8.132054e+00
1.234000e-10,0.000000e+00,0.000000e+00,0.000000e+00,2.502095e-04,4.186144e-04,6.522592e-04,7.518186e-04,5.575456e-04,5.575456e-04,1.502094e-04,5.614624e-06,2.050054e-07,1.105393e-08,2.017178e+01,1.380802e+01,8.228642e+00
1.234500e-10,0.000000e+00,0.000000e+00,0.000000e+00,2.492459e-04,4.463538e-04,6.483580e-04,7.344514e-04,5.720163e-04,5.720163e-04,1.589248e-04,5.937917e-06,2.168989e-07,1.169715e-08,2.025089e+01,1.389361e+01,8.326092e+00
1.235000e-10,0.000000e+00,0.000000e+00,0.000000e+00,2.480832e-04,4.698099e-04,6.418549e-04,7.144668e-04,5.869905e-04,5.869905e-04,1.680909e-04,6.280540e-06,2.294726e-07,1.237749e-08,2.033492e+01,1.398399e+01,8.424569e+00
1.235500e-10,0.000000e+00,0.000000e+00,0.000000e+00,2.466679e-04,4.891115e-04,6.330306e-04,6.925323e-04,6.013687e-04,6.013687e-04,1.777032e-04,6.643769e-06,2.427651e-07,1.309712e-08,2.042345e+01,1.407881e+01,8.524286e+00
1.236000e-10,0.000000e+00,0.000000e+00,0.000000e+00,2.449595e-04,5.046052e-04,6.222525e-04,6.693892e-04,6.140150e-04,6.140150e-04,1.877509e-04,7.028959e-06,2.568169e-07,1.385836e-08,2.051608e+01,1.417774e+01,8.625499e+00
1.236500e-10,0.000000e+00,0.000000e+00,0.000000e+00,2.429356e-04,5.168589e-04,6.099588e-04,6.458188e-04,6.238357e-04,6.238357e-04,1.982174e-04,7.437540e-06,2.716716e-07,1.466366e-08,2.061238e+01,1.428048e+01,8.728502e+00
1.237000e-10,0.000000e+00,0.000000e+00,0.000000e+00,2.405967e-04,5.266350e-04,5.966404e-04,6.226093e-04,6.298618e-04,6.298618e-04,2.090814e-04,7.871014e-06,2.873753e-07,1.551560e-08,2.071194e+01,1.438678e+01,8.833624e+00
1.237500e-10,0.000000e+00,0.000000e+00,0.000000e+00,2.379693e-04,5.348380e-04,5.828211e-04,6.005256e-04,6.313248e-04,6.313248e-04,2.203180e-04,8.330954e-06,3.039772e-07,1.641691e-08,2.081436e+01,1.449643e+01,8.941217e+00
1.238000e-10,0.000000e+00,0.000000e+00,0.000000e+00,2.351064e-04,5.424386e-04,5.690382e-04,5.802825e-04,6.277148e-04,6.277148e-04,2.319009e-04,8.818999e-06,3.215299e-07,1.737048e-08,2.091927e+01,1.460927e+01,9.051657e+00
1.238500e-10,0.000000e+00,0.000000e+00,0.000000e+00,2.320849e-04,5.503844e-04,5.558239e-04,5.625238e-04,6.188124e-04,6.188124e-04,2.438038e-04,9.336847e-06,3.400896e-07,1.837934e-08,2.102634e+01,1.472522e+01,9.165333e+00
1.239000e-10,0.000000e+00,0.000000e+00,0.000000e+00,2.290006e-04,5.595017e-04,5.436888e-04,5.478048e-04,6.046898e-04,6.046898e-04,2.560031e-04,9.886249e-06,3.597161e-07,1.944670e-08,2.113527e+01,1.484425e+01,9.282645e+00
1.239500e-10,0.000000e+00,0.000000e+00,0.000000e+00,2.259595e-04,5.703976e-04,5.331074e-04,5.365786e-04,5.856833e-04,5.856833e-04,2.684795e-04,1.046900e-05,3.804734e-07,2.057597e-08,2.124585e+01,1.496638e+01,9.403990e+00
1.240000e-10,0.000000e+00,0.000000e+00,0.000000e+00,2.230662e-04,5.833694e-04,5.245057e-04,5.291849e-04,5.623453e-04,5.623453e-04,2.812199e-04,1.108695e-05,4.024301e-07,2.177071e-08,2.135792e+01,1.509171e+01,9.529756e+00
1.240500e-10,0.000000e+00,0.000000e+00,0.000000e+00,2.204111e-04,5.983376e-04,5.182512e-04,5.258395e-04,5.353841e-04,5.353841e-04,2.942193e-04,1.174196e-05,4.256590e-07,2.303469e-08,2.147137e+01,1.522038e+01,9.660307e+00
1.241000e-10,0.000000e+00,0.000000e+00,0.000000e+00,2.180565e-04,6.148196e-04,5.146444e-04,5.266247e-04,5.056024e-04,5.056024e-04,3.074821e-04,1.243593e-05,4.502380e-07,2.437192e-08,2.158620e+01,1.535258e+01,9.795963e+00
1.241500e-10,0.000000e+00,0.000000e+00,0.000000e+00,2.160248e-04,6.319673e-04,5.139111e-04,5.314783e-04,4.738429e-04,4.738429e-04,3.210228e-04,1.317078e-05,4.762503e-07,2.578660e-08,2.170246e+01,1.548854e+01,9.936986e+00
1.242000e-10,0.000000e+00,0.000000e+00,0.000000e+00,2.142906e-04,6.486808e-04,5.161959e-04,5.401851e-04,4.409441e-04,4.409441e-04,3.348670e-04,1.394847e-05,5.037844e-07,2.728316e-08,2.182025e+01,1.562849e+01,1.008355e+01
1.242500e-10,0.000000e+00,0.000000e+00,0.000000e+00,2.127799e-04,6.637905e-04,5.215544e-04,5.523684e-04,4.077101e-04,4.077101e-04,3.490508e-04,1.477095e-05,5.329342e-07,2.886632e-08,2.193972e+01,1.577271e+01,1.023571e+01
1.243000e-10,0.000000e+00,0.000000e+00,0.000000e+00,2.113766e-04,6.762769e-04,5.299461e-04,5.674865e-04,3.748907e-04,3.748907e-04,3.636199e-04,1.564024e-05,5.637999e-07,3.054104e-08,2.206105e+01,1.592143e+01,1.039339e+01
1.243500e-10,0.000000e+00,0.000000e+00,0.000000e+00,2.099377e-04,6.854776e-04,5.412263e-04,5.848360e-04,3.431710e-04,3.431710e-04,3.786283e-04,1.655835e-05,5.964875e-07,3.231256e-08,2.218440e+01,1.607486e+01,1.055632e+01
1.244000e-10,0.000000e+00,0.000000e+00,0.000000e+00,2.083146e-04,6.912262e-04,5.551385e-04,6.035642e-04,3.131672e-04,3.131672e-04,3.941353e-04,1.752738e-05,6.311093e-07,3.418645e-08,2.230991e+01,1.623315e+01,1.072404e+01
1.244500e-10,0.000000e+00,0.000000e+00,0.000000e+00,2.063765e-04,6.938869e-04,5.713072e-04,6.226965e-04,2.854247e-04,2.854247e-04,4.102019e-04,1.854947e-05,6.677840e-07,3.616858e-08,2.243765e+01,1.639634e+01,1.089584e+01
1.245000e-10,0.000000e+00,0.000000e+00,0.000000e+00,2.040325e-04,6.942699e-04,5.892349e-04,6.411765e-04,2.604182e-04,2.604182e-04,4.268863e-04,1.962687e-05,7.066368e-07,3.826519e-08,2.256763e+01,1.656434e+01,1.107079e+01
1.245500e-10,0.000000e+00,0.000000e+00,0.000000e+00,2.012483e-04,6.934479e-04,6.083036e-04,6.579224e-04,2.385507e-04,2.385507e-04,4.442383e-04,2.076193e-05,7.477996e-07,4.048287e-08,2.269971e+01,1.673690e+01,1.124770e+01
1.246000e-10,0.000000e+00,0.000000e+00,0.000000e+00,1.980529e-04,6.925110e-04,6.277848e-04,6.718927e-04,2.201527e-04,2.201527e-04,4.622918e-04,2.195717e-05,7.914110e-07,4.282862e-08,2.283367e+01,1.691355e+01,1.142513e+01
1.246500e-10,0.000000e+00,0.000000e+00,0.000000e+00,1.945369e-04,6.923141e-04,6.468601e-04,6.821576e-04,2.054801e-04,2.054801e-04,4.810576e-04,2.321528e-05,8.376166e-07,4.530986e-08,2.296913e+01,1.709362e+01,1.160150e+01
1.247000e-10,0.000000e+00,0.000000e+00,0.000000e+00,1.908395e-04,6.932673e-04,6.646547e-04,6.879652e-04,1.947132e-04,1.947132e-04,5.005139e-04,2.453918e-05,8.865686e-07,4.793447e-08,2.310560e+01,1.727616e+01,1.177503e+01
1.247500e-10,0.000000e+00,0.000000e+00,0.000000e+00,1.871293e-04,6.952091e-04,6.802817e-04,6.887940e-04,1.879546e-04,1.879546e-04,5.205972e-04,2.593206e-05,9.384265e-07,5.071080e-08,2.324247e+01,1.745999e+01,1.194390e+01
1.248000e-10,0.000000e+00,0.000000e+00,0.000000e+00,1.835808e-04,6.973848e-04,6.928973e-04,6.843840e-04,1.852297e-04,1.852297e-04,5.411919e-04,2.739741e-05,9.933567e-07,5.364774e-08,2.337902e+01,1.764369e+01,1.210632e+01
1.248500e-10,0.000000e+00,0.000000e+00,0.000000e+00,1.803505e-04,6.985296e-04,7.017582e-04,6.747425e-04,1.864882e-04,1.864882e-04,5.621211e-04,2.893907e-05,1.051533e-06,5.675469e-08,2.351446e+01,1.782564e+01,1.226054e+01
1.249000e-10,0.000000e+00,0.000000e+00,0.000000e+00,1.775569e-04,6.970400e-04,7.062773e-04,6.601256e-04,1.916074e-04,1.916074e-04,5.831388e-04,3.056126e-05,1.113136e-06,6.004166e-08,2.364794e+01,1.800408e+01,1.240501e+01
1.249500e-10,0.000000e+00,0.000000e+00,0.000000e+00,1.752667e-04,6.911992e-04,7.060663e-04,6.409994e-04,2.003975e-04,2.003975e-04,6.039253e-04,3.226864e-05,1.178355e-06,6.351928e-08,2.377860e+01,1.817720e+01,1.253840e+01
1.250000e-10,0.000000e+00,0.000000e+00,0.000000e+00,1.734888e-04,6.794183e-04,7.009612e-04,6.179900e-04,2.126090e-04,2.126090e-04,6.240866e-04,3.406627e-05,1.247386e-06,6.719883e-08,2.390556e+01,1.834316e+01,1.265964e+01
1.250500e-10,0.000000e+00,0.000000e+00,0.000000e+00,1.721768e-04,6.604539e-04,6.910267e-04,5.918298e-04,2.279413e-04,2.279413e-04,6.431608e-04,3.595970e-05,1.320434e-06,7.109229e-08,2.402798e+01,1.850026e+01,1.276800e+01
1.251000e-10,0.000000e+00,0.000000e+00,0.000000e+00,1.712383e-04,6.335704e-04,6.765387e-04,5.633077e-04,2.460523e-04,2.460523e-04,6.606327e-04,3.795495e-05,1.397713e-06,7.521235e-08,2.414507e+01,1.864696e+01,1.286301e+01
1.251500e-10,0.000000e+00,0.000000e+00,0.000000e+00,1.705493e-04,5.986260e-04,6.579515e-04,5.332264e-04,2.665694e-04,2.665694e-04,6.759572e-04,4.005853e-05,1.479444e-06,7.957251e-08,2.425611e+01,1.878197e+01,1.294453e+01
1.252000e-10,0.000000e+00,0.000000e+00,0.000000e+00,1.699713e-04,5.560785e-04,6.358533e-04,5.023714e-04,2.890997e-04,2.890997e-04,6.885906e-04,4.227741e-05,1.565861e-06,8.418706e-08,2.436045e+01,1.890428e+01,1.301272e+01
1.252500e-10,0.000000e+00,0.000000e+00,0.000000e+00,1.693683e-04,5.069144e-04,6.109191e-04,4.714888e-04,3.132409e-04,3.132409e-04,6.980307e-04,4.461909e-05,1.657207e-06,8.907115e-08,2.445756e+01,1.901320e+01,1.306797e+01
1.253000e-10,0.000000e+00,0.000000e+00,0.000000e+00,1.686207e-04,4.525236e-04,5.838658e-04,4.412714e-04,3.385919e-04,3.385919e-04,7.038583e-04,4.709152e-05,1.753736e-06,9.424081e-08,2.454700e+01,1.910837e+01,1.311090e+01
1.253500e-10,0.000000e+00,0.000000e+00,0.000000e+00,1.676365e-04,3.945390e-04,5.554144e-04,4.123518e-04,3.647626e-04,3.647626e-04,7.057795e-04,4.970318e-05,1.855717e-06,9.971303e-08,2.462843e+01,1.918974e+01,1.314233e+01
1.254000e-10,0.000000e+00,0.000000e+00,0.000000e+00,1.663555e-04,3.346715e-04,5.262595e-04,3.852981e-04,3.913828e-04,3.913828e-04,7.036597e-04,5.246304e-05,1.963432e-06,1.055058e-07,2.470164e+01,1.925756e+01,1.316322e+01
1.254500e-10,0.000000e+00,0.000000e+00,0.000000e+00,1.647511e-04,2.745606e-04,4.970489e-04,3.606122e-04,4.181107e-04,4.181107e-04,6.975467e-04,5.538062e-05,2.077179e-06,1.116380e-07,2.476654e+01,1.931231e+01,1.317468e+01
1.255000e-10,0.000000e+00,0.000000e+00,0.000000e+00,1.628256e-04,2.156600e-04,4.683697e-04,3.387288e-04,4.446401e-04,4.446401e-04,6.876791e-04,5.846599e-05,2.197272e-06,1.181297e-07,2.482313e+01,1.935475e+01,1.317787e+01
1.255500e-10,0.000000e+00,0.000000e+00,0.000000e+00,1.606042e-04,1.591660e-04,4.407407e-04,3.200144e-04,4.707056e-04,4.707056e-04,6.744776e-04,6.172986e-05,2.324046e-06,1.250021e-07,2.487154e+01,1.938577e+01,1.317404e+01
1.256000e-10,0.000000e+00,0.000000e+00,0.000000e+00,1.581273e-04,1.059920e-04,4.146090e-04,3.047666e-04,4.960872e-04,4.960872e-04,6.585222e-04,6.518360e-05,2.457856e-06,1.322775e-07,2.491199e+01,1.940645e+01,1.316448e+01
1.256500e-10,0.000000e+00,0.000000e+00,0.000000e+00,1.554424e-04,5.678152e-05,3.903501e-04,2.932133e-04,5.206114e-04,5.206114e-04,6.405179e-04,6.883936e-05,2.599081e-06,1.399792e-07,2.494483e+01,1.941796e+01,1.315047e+01
1.257000e-10,0.000000e+00,0.000000e+00,0.000000e+00,1.525976e-04,1.194992e-05,3.682687e-04,2.855123e-04,5.441509e-04,5.441509e-04,6.212538e-04,7.271014e-05,2.748126e-06,1.481322e-07,2.497048e+01,1.942156e+01,1.313331e+01
1.257500e-10,0.000000e+00,0.000000e+00,0.000000e+00,1.496368e-04,-2.825900e-05,3.486014e-04,2.817519e-04,5.666208e-04,5.666208e-04,6.015598e-04,7.680986e-05,2.905425e-06,1.567623e-07,2.498944e+01,1.941854e+01,1.311425e+01
1.258000e-10,0.000000e+00,0.000000e+00,0.000000e+00,1.465973e-04,-6.371396e-05,3.315200e-04,2.819521e-04,5.879720e-04,5.879720e-04,5.822659e-04,8.115350e-05,3.071442e-06,1.658969e-07,2.500231e+01,1.941022e+01,1.309452e+01
1.258500e-10,0.000000e+00,0.000000e+00,0.000000e+00,1.435095e-04,-9.434570e-05,3.171348e-04,2.860670e-04,6.081819e-04,6.081819e-04,5.641655e-04,8.575708e-05,3.246677e-06,1.755648e-07,2.500971e+01,1.939793e+01,1.307526e+01
1.259000e-10,0.000000e+00,0.000000e+00,0.000000e+00,1.403978e-04,-1.201116e-04,3.054994e-04,2.939883e-04,6.272422e-04,6.272422e-04,5.479843e-04,9.063779e-05,3.431667e-06,1.857962e-07,2.501235e+01,1.938294e+01,1.305755e+01
1.259500e-10,0.000000e+00,0.000000e+00,0.000000e+00,1.372829e-04,-1.409775e-04,2.966144e-04,3.055495e-04,6.451446e-04,6.451446e-04,5.343549e-04,9.581387e-05,3.626992e-06,1.966229e-07,2.501093e+01,1.936649e+01,1.304240e+01
1.260000e-10,0.000000e+00,0.000000e+00,0.000000e+00,1.341842e-04,-1.569163e-04,2.904335e-04,3.205307e-04,6.618662e-04,6.618662e-04,5.237954e-04,1.013045e-04,3.833274e-06,2.080783e-07,2.500618e+01,1.934974e+01,1.303069e+01
1.260500e-10,0.000000e+00,0.000000e+00,0.000000e+00,1.311220e-04,-1.679169e-04,2.868685e-04,3.386636e-04,6.773543e-04,6.773543e-04,5.166917e-04,1.071297e-04,4.051186e-06,2.201974e-07,2.499884e+01,1.933379e+01,1.302323e+01
1.261000e-10,0.000000e+00,0.000000e+00,0.000000e+00,1.281189e-04,-1.739992e-04,2.857955e-04,3.596366e-04,6.915142e-04,6.915142e-04,5.132808e-04,1.133096e-04,4.281454e-06,2.330171e-07,2.498964e+01,1.931962e+01,1.302069e+01
1.261500e-10,0.000000e+00,0.000000e+00,0.000000e+00,1.252005e-04,-1.752289e-04,2.870616e-04,3.830992e-04,7.041998e-04,7.041998e-04,5.136366e-04,1.198646e-04,4.524860e-06,2.465761e-07,2.497927e+01,1.930812e+01,1.302366e+01
1.262000e-10,0.000000e+00,0.000000e+00,0.000000e+00,1.223956e-04,-1.717264e-04,2.904907e-04,4.086661e-04,7.152110e-04,7.152110e-04,5.176560e-04,1.268137e-04,4.782246e-06,2.609152e-07,2.496841e+01,1.930006e+01,1.303258e+01
1.262500e-10,0.000000e+00,0.000000e+00,0.000000e+00,1.197353e-04,-1.636703e-04,2.958907e-04,4.359205e-04,7.242969e-04,7.242969e-04,5.250488e-04,1.341746e-04,5.054521e-06,2.760774e-07,2.495770e+01,1.929610e+01,1.304780e+01
1.263000e-10,0.000000e+00,0.000000e+00,0.000000e+00,1.172521e-04,-1.512925e-04,3.030589e-04,4.644173e-04,7.311687e-04,7.311687e-04,5.353321e-04,1.419621e-04,5.342659e-06,2.921078e-07,2.494773e+01,1.929675e+01,1.306955e+01
1.263500e-10,0.000000e+00,0.000000e+00,0.000000e+00,1.149788e-04,-1.348724e-04,3.117883e-04,4.936853e-04,7.355202e-04,7.355202e-04,5.478330e-04,1.501874e-04,5.647707e-06,3.090543e-07,2.493905e+01,1.930245e+01,1.309796e+01
1.264000e-10,0.000000e+00,0.000000e+00,0.000000e+00,1.129472e-04,-1.147315e-04,3.218724e-04,5.232301e-04,7.370562e-04,7.370562e-04,5.617043e-04,1.588571e-04,5.970783e-06,3.269670e-07,2.493216e+01,1.931348e+01,1.313305e+01
1.264500e-10,0.000000e+00,0.000000e+00,0.000000e+00,1.111861e-04,-9.123471e-05,3.331096e-04,5.525379e-04,7.355255e-04,7.355255e-04,5.759546e-04,1.679721e-04,6.313084e-06,3.458994e-07,2.492751e+01,1.933003e+01,1.317475e+01
1.265000e-10,0.000000e+00,0.000000e+00,0.000000e+00,1.097202e-04,-6.480041e-05,3.453071e-04,5.810793e-04,7.307553e-04,7.307553e-04,5.894962e-04,1.775273e-04,6.675880e-06,3.659078e-07,2.492549e+01,1.935216e+01,1.322291e+01
1.265500e-10,0.000000e+00,0.000000e+00,0.000000e+00,1.085668e-04,-3.591806e-05,3.582838e-04,6.083165e-04,7.226826e-04,7.226826e-04,6.012101e-04,1.875118e-04,7.060518e-06,3.870518e-07,2.492646e+01,1.937986e+01,1.327728e+01
1.266000e-10,0.000000e+00,0.000000e+00,0.000000e+00,1.077335e-04,-5.166536e-06,3.718722e-04,6.337117e-04,7.113780e-04,7.113780e-04,6.100219e-04,1.979088e-04,7.468420e-06,4.093949e-07,2.493071e+01,1.941302e+01,1.333759e+01
1.266500e-10,0.000000e+00,0.000000e+00,0.000000e+00,1.072148e-04,2.677626e-05,3.859194e-04,6.567395e-04,6.970585e-04,6.970585e-04,6.149825e-04,2.086967e-04,7.901080e-06,4.330044e-07,2.493848e+01,1.945146e+01,1.340349e+01
1.267000e-10,0.000000e+00,0.000000e+00,0.000000e+00,1.069887e-04,5.914301e-05,4.002880e-04,6.769012e-04,6.800870e-04,6.800870e-04,6.153412e-04,2.198507e-04,8.360060e-06,4.579517e-07,2.494999e+01,1.949491e+01,1.347459e+01
1.267500e-10,0.000000e+00,0.000000e+00,0.000000e+00,1.070159e-04,9.111243e-05,4.148552e-04,6.937427e-04,6.609599e-04,6.609599e-04,6.106021e-04,2.313444e-04,8.846989e-06,4.843133e-07,2.496537e+01,1.954309e+01,1.355048e+01
1.268000e-10,0.000000e+00,0.000000e+00,0.000000e+00,1.072391e-04,1.218696e-04,4.295113e-04,7.068745e-04,6.402830e-04,6.402830e-04,6.005535e-04,2.431515e-04,9.363550e-06,5.121703e-07,2.498473e+01,1.959566e+01,1.363074e+01
1.268500e-10,0.000000e+00,0.000000e+00,0.000000e+00,1.075865e-04,1.506819e-04,4.441582e-04,7.159918e-04,6.187407e-04,6.187407e-04,5.852689e-04,2.552482e-04,9.911482e-06,5.416092e-07,2.500810e+01,1.965225e+01,1.371494e+01
1.269000e-10,0.000000e+00,0.000000e+00,0.000000e+00,1.079768e-04,1.769763e-04,4.587056e-04,7.208940e-04,5.970617e-04,5.970617e-04,5.650794e-04,2.676151e-04,1.049257e-05,5.727226e-07,2.503547e+01,1.971248e+01,1.380268e+01
1.269500e-10,0.000000e+00,0.000000e+00,0.000000e+00,1.083268e-04,2.004004e-04,4.730683e-04,7.215012e-04,5.759842e-04,5.759842e-04,5.405269e-04,2.802390e-04,1.110863e-05,6.056091e-07,2.506675e+01,1.977597e+01,1.389355e+01
1.270000e-10,0.000000e+00,0.000000e+00,0.000000e+00,1.085603e-04,2.208558e-04,4.871620e-04,7.178647e-04,5.562246e-04,5.562246e-04,5.123054e-04,2.931144e-04,1.176152e-05,6.403740e-07,2.510182e+01,1.984235e+01,1.398721e+01
1.270500e-10,0.000000e+00,0.000000e+00,0.000000e+00,1.086167e-04,2.384961e-04,5.008991e-04,7.101719e-04,5.384503e-04,5.384503e-04,4.812020e-04,3.062450e-04,1.245311e-05,6.771297e-07,2.514045e+01,1.991127e+01,1.408332e+01
1.271000e-10,0.000000e+00,0.000000e+00,0.000000e+00,1.084584e-04,2.536888e-04,5.141852e-04,6.987419e-04,5.232570e-04,5.232570e-04,4.480433e-04,3.196449e-04,1.318532e-05,7.159965e-07,2.518240e+01,1.998240e+01,1.418161e+01
1.271500e-10,0.000000e+00,0.000000e+00,0.000000e+00,1.080751e-04,2.669459e-04,5.269158e-04,6.840148e-04,5.111508e-04,5.111508e-04,4.136542e-04,3.333385e-04,1.396005e-05,7.571022e-07,2.522735e+01,2.005543e+01,1.428186e+01
1.272000e-10,0.000000e+00,0.000000e+00,0.000000e+00,1.074850e-04,2.788283e-04,5.389738e-04,6.665333e-04,5.025333e-04,5.025333e-04,3.788276e-04,3.473607e-04,1.477925e-05,8.005834e-07,2.527495e+01,2.013012e+01,1.438387e+01
1.272500e-10,0.000000e+00,0.000000e+00,0.000000e+00,1.067310e-04,2.898327e-04,5.502286e-04,6.469195e-04,4.976889e-04,4.976889e-04,3.443066e-04,3.617562e-04,1.564489e-05,8.465856e-07,2.532482e+01,2.020624e+01,1.448754e+01
1.273000e-10,0.000000e+00,0.000000e+00,0.000000e+00,1.058733e-04,3.002739e-04,5.605372e-04,6.258490e-04,4.967724e-04,4.967724e-04,3.107746e-04,3.765772e-04,1.655897e-05,8.952634e-07,2.537655e+01,2.028361e+01,1.459279e+01
1.273500e-10,0.000000e+00,0.000000e+00,0.000000e+00,1.049777e-04,3.101816e-04,5.697467e-04,6.040244e-04,4.997979e-04,4.997979e-04,2.788513e-04,3.918815e-04,1.752354e-05,9.467814e-07,2.542976e+01,2.036210e+01,1.469960e+01
1.274000e-10,0.000000e+00,0.000000e+00,0.000000e+00,1.041018e-04,3.192411e-04,5.776993e-04,5.821500e-04,5.066275e-04,5.066275e-04,2.490914e-04,4.077287e-04,1.854071e-05,1.001314e-06,2.548408e+01,2.044162e+01,1.480801e+01
1.274500e-10,0.000000e+00,0.000000e+00,0.000000e+00,1.032816e-04,3.268088e-04,5.842389e-04,5.609094e-04,5.169615e-04,5.169615e-04,2.219844e-04,4.241755e-04,1.961267e-05,1.059046e-06,2.553915e+01,2.052213e+01,1.491811e+01
1.275000e-10,0.000000e+00,0.000000e+00,0.000000e+00,1.025208e-04,3.320240e-04,5.892202e-04,5.409467e-04,5.303322e-04,5.303322e-04,1.979533e-04,4.412705e-04,2.074175e-05,1.120173e-06,2.559466e+01,2.060362e+01,1.503003e+01
1.275500e-10,0.000000e+00,0.000000e+00,0.000000e+00,1.017875e-04,3.340067e-04,5.925181e-04,5.228510e-04,5.461029e-04,5.461029e-04,1.773524e-04,4.590472e-04,2.193038e-05,1.184901e-06,2.565034e+01,2.068612e+01,1.514393e+01
1.276000e-10,0.000000e+00,0.000000e+00,0.000000e+00,1.010193e-04,3.320998e-04,5.940379e-04,5.071447e-04,5.634776e-04,5.634776e-04,1.604646e-04,4.775164e-04,2.318122e-05,1.253448e-06,2.570594e+01,2.076972e+01,1.526003e+01
1.276500e-10,0.000000e+00,0.000000e+00,0.000000e+00,1.001355e-04,3.260851e-04,5.937258e-04,4.942744e-04,5.815221e-04,5.815221e-04,1.474974e-04,4.966577e-04,2.449712e-05,1.326044e-06,2.576126e+01,2.085451e+01,1.537857e+01
1.277000e-10,0.000000e+00,0.000000e+00,0.000000e+00,9.905661e-05,3.163042e-04,5.915770e-04,4.846038e-04,5.992013e-04,5.992013e-04,1.385806e-04,5.164099e-04,2.588119e-05,1.402928e-06,2.581609e+01,2.094065e+01,1.549981e+01
1.277500e-10,0.000000e+00,0.000000e+00,0.000000e+00,9.772385e-05,3.036426e-04,5.876430e-04,4.784073e-04,6.154314e-04,6.154314e-04,1.337639e-04,5.366618e-04,2.733685e-05,1.484354e-06,2.587024e+01,2.102828e+01,1.562403e+01
1.278000e-10,0.000000e+00,0.000000e+00,0.000000e+00,9.611561e-05,2.893768e-04,5.820351e-04,4.758640e-04,6.291459e-04,6.291459e-04,1.330171e-04,5.572426e-04,2.886786e-05,1.570585e-06,2.592353e+01,2.111762e+01,1.575152e+01
1.278500e-10,0.000000e+00,0.000000e+00,0.000000e+00,9.425606e-05,2.749250e-04,5.749251e-04,4.770521e-04,6.393684e-04,6.393684e-04,1.362327e-04,5.779148e-04,3.047835e-05,1.661900e-06,2.597577e+01,2.120888e+01,1.588256e+01
1.279000e-10,0.000000e+00,0.000000e+00,0.000000e+00,9.221413e-05,2.615673e-04,5.665430e-04,4.819419e-04,6.452846e-04,6.452846e-04,1.432296e-04,5.983688e-04,3.217287e-05,1.758585e-06,2.602677e+01,2.130229e+01,1.601741e+01
1.279500e-10,0.000000e+00,0.000000e+00,0.000000e+00,9.009293e-05,2.502031e-04,5.571700e-04,4.903894e-04,6.463025e-04,6.463025e-04,1.537606e-04,6.182231e-04,3.395638e-05,1.860944e-06,2.607634e+01,2.139813e+01,1.615628e+01
1.280000e-10,0.000000e+00,0.000000e+00,0.000000e+00,8.801237e-05,2.412004e-04,5.471305e-04,5.021298e-04,6.420926e-04,6.420926e-04,1.675203e-04,6.370294e-04,3.583432e-05,1.969291e-06,2.612432e+01,2.149666e+01,1.629934e+01
1.280500e-10,0.000000e+00,0.000000e+00,0.000000e+00,8.608869e-05,2.343632e-04,5.367792e-04,5.167725e-04,6.326014e-04,6.326014e-04,1.841546e-04,6.542869e-04,3.781259e-05,2.083954e-06,2.617056e+01,2.159816e+01,1.644666e+01
1.281000e-10,0.000000e+00,0.000000e+00,0.000000e+00,8.441513e-05,2.290139e-04,5.264884e-04,5.337990e-04,6.180386e-04,6.180386e-04,2.032719e-04,6.694636e-04,3.989757e-05,2.205276e-06,2.621495e+01,2.170295e+01,1.659821e+01
1.281500e-10,0.000000e+00,0.000000e+00,0.000000e+00,8.304767e-05,2.241640e-04,5.166325e-04,5.525665e-04,5.988409e-04,5.988409e-04,2.244537e-04,6.820270e-04,4.209613e-05,2.333614e-06,2.625741e+01,2.181131e+01,1.675380e+01
1.282000e-10,0.000000e+00,0.000000e+00,0.000000e+00,8.199801e-05,2.187282e-04,5.075722e-04,5.723179e-04,5.756215e-04,5.756215e-04,2.472656e-04,6.914817e-04,4.441562e-05,2.469341e-06,2.629789e+01,2.192355e+01,1.691311e+01
1.282500e-10,0.000000e+00,0.000000e+00,0.000000e+00,8.123460e-05,2.117364e-04,4.996384e-04,5.922016e-04,5.491123e-04,5.491123e-04,2.712694e-04,6.974104e-04,4.686386e-05,2.612846e-06,2.633641e+01,2.203995e+01,1.707562e+01
1.283000e-10,0.000000e+00,0.000000e+00,0.000000e+00,8.069086e-05,2.025018e-04,4.931160e-04,6.113022e-04,5.201095e-04,5.201095e-04,2.960331e-04,6.995140e-04,4.944917e-05,2.764538e-06,2.637298e+01,2.216079e+01,1.724061e+01
1.283500e-10,0.000000e+00,0.000000e+00,0.000000e+00,8.027839e-05,1.907186e-04,4.882276e-04,6.286816e-04,4.894260e-04,4.894260e-04,3.211422e-04,6.976465e-04,5.218040e-05,2.924842e-06,2.640764e+01,2.228630e+01,1.740715e+01
1.284000e-10,0.000000e+00,0.000000e+00,0.000000e+00,7.990237e-05,1.764798e-04,4.851188e-04,6.434294e-04,4.578562e-04,4.578562e-04,3.462101e-04,6.918378e-04,5.506690e-05,3.094208e-06,2.644046e+01,2.241668e+01,1.757413e+01
1.284500e-10,0.000000e+00,0.000000e+00,0.000000e+00,7.947621e-05,1.602229e-04,4.838439e-04,6.547178e-04,4.261511e-04,4.261511e-04,3.708870e-04,6.823035e-04,5.811858e-05,3.273107e-06,2.647146e+01,2.255206e+01,1.774025e+01
1.285000e-10,0.000000e+00,0.000000e+00,0.000000e+00,7.893313e-05,1.426241e-04,4.843541e-04,6.618557e-04,3.950040e-04,3.950040e-04,3.948686e-04,6.694384e-04,6.134597e-05,3.462036e-06,2.650071e+01,2.269247e+01,1.790409e+01
1.285500e-10,0.000000e+00,0.000000e+00,0.000000e+00,7.823319e-05,1.244693e-04,4.864883e-04,6.643349e-04,3.650431e-04,3.650431e-04,4.179034e-04,6.537956e-04,6.476025e-05,3.661520e-06,2.652821e+01,2.283784e+01,1.806413e+01
1.286000e-10,0.000000e+00,0.000000e+00,0.000000e+00,7.736530e-05,1.065303e-04,4.899693e-04,6.618625e-04,3.368291e-04,3.368291e-04,4.397980e-04,6.360543e-04,6.837337e-05,3.872115e-06,2.655398e+01,2.298796e+01,1.821882e+01
1.286500e-10,0.000000e+00,0.000000e+00,0.000000e+00,7.634485e-05,8.947063e-05,4.944050e-04,6.543750e-04,3.108552e-04,3.108552e-04,4.604204e-04,6.169806e-04,7.219809e-05,4.094411e-06,2.657802e+01,2.314247e+01,1.836665e+01
1.287000e-10,0.000000e+00,0.000000e+00,0.000000e+00,7.520815e-05,7.379255e-05,4.992986e-04,6.420324e-04,2.875469e-04,2.875469e-04,4.797010e-04,5.973859e-04,7.624809e-05,4.329038e-06,2.660032e+01,2.330081e+01,1.850623e+01
1.287500e-10,0.000000e+00,0.000000e+00,0.000000e+00,7.400536e-05,5.982891e-05,5.040673e-04,6.251950e-04,2.672632e-04,2.672632e-04,4.976313e-04,5.780862e-04,8.053806e-05,4.576663e-06,2.662086e+01,2.346223e+01,1.863630e+01
1.288000e-10,0.000000e+00,0.000000e+00,0.000000e+00,7.279330e-05,4.776946e-05,5.080703e-04,6.043866e-04,2.502956e-04,2.502956e-04,5.142594e-04,5.598664e-04,8.508375e-05,4.838003e-06,2.663965e+01,2.362575e+01,1.875583e+01
1.288500e-10,0.000000e+00,0.000000e+00,0.000000e+00,7.162937e-05,3.770546e-05,5.106458e-04,5.802510e-04,2.368675e-04,2.368675e-04,5.296828e-04,5.434485e-04,8.990202e-05,5.113823e-06,2.665671e+01,2.379023e+01,1.886403e+01
1.289000e-10,0.000000e+00,0.000000e+00,0.000000e+00,7.056692e-05,2.967404e-05,5.111538e-04,5.535064e-04,2.271340e-04,2.271340e-04,5.440394e-04,5.294666e-04,9.501081e-05,5.404944e-06,2.667208e+01,2.395430e+01,1.896036e+01
1.289500e-10,0.000000e+00,0.000000e+00,0.000000e+00,6.965209e-05,2.368670e-05,5.090204e-04,5.249043e-04,2.211815e-04,2.211815e-04,5.574949e-04,5.184448e-04,1.004290e-04,5.712247e-06,2.668585e+01,2.411646e+01,1.904455e+01
1.290000e-10,0.000000e+00,0.000000e+00,0.000000e+00,6.892157e-05,1.973424e-05,5.037784e-04,4.951943e-04,2.190289e-04,2.190289e-04,5.702296e-04,5.107794e-04,1.061763e-04,6.036679e-06,2.669812e+01,2.427511e+01,1.911658e+01
1.290500e-10,0.000000e+00,0.000000e+00,0.000000e+00,6.840077e-05,1.777032e-05,4.950998e-04,4.650976e-04,2.206302e-04,2.206302e-04,5.824229e-04,5.067223e-04,1.122727e-04,6.379259e-06,2.670906e+01,2.442860e+01,1.917667e+01
1.291000e-10,0.000000e+00,0.000000e+00,0.000000e+00,6.810185e-05,1.768418e-05,4.828146e-04,4.352879e-04,2.258785e-04,2.258785e-04,5.942379e-04,5.063665e-04,1.187382e-04,6.741084e-06,2.671885e+01,2.457530e+01,1.922527e+01
1.291500e-10,0.000000e+00,0.000000e+00,0.000000e+00,6.802174e-05,1.927790e-05,4.669157e-04,4.063791e-04,2.346113e-04,2.346113e-04,6.058047e-04,5.096325e-04,1.255920e-04,7.123334e-06,2.672773e+01,2.471367e+01,1.926300e+01
1.292000e-10,0.000000e+00,0.000000e+00,0.000000e+00,6.814050e-05,2.226230e-05,4.475487e-04,3.789185e-04,2.466176e-04,2.466176e-04,6.172055e-04,5.162573e-04,1.328519e-04,7.527281e-06,2.673597e+01,2.484234e+01,1.929065e+01
1.292500e-10,0.000000e+00,0.000000e+00,0.000000e+00,6.842074e-05,2.627915e-05,4.249916e-04,3.533828e-04,2.616455e-04,2.616455e-04,6.284599e-04,5.257885e-04,1.405330e-04,7.954294e-06,2.674386e+01,2.496012e+01,1.930912e+01
1.293000e-10,0.000000e+00,0.000000e+00,0.000000e+00,6.880887e-05,3.094832e-05,3.996255e-04,3.301775e-04,2.794101e-04,2.794101e-04,6.395144e-04,5.375853e-04,1.486469e-04,8.405843e-06,2.675170e+01,2.506608e+01,1.931943e+01
1.293500e-10,0.000000e+00,0.000000e+00,0.000000e+00,6.923856e-05,3.592969e-05,3.719048e-04,3.096371e-04,2.996017e-04,2.996017e-04,6.502339e-04,5.508323e-04,1.572007e-04,8.883510e-06,2.675979e+01,2.515956e+01,1.932267e+01
1.294000e-10,0.000000e+00,0.000000e+00,0.000000e+00,6.963653e-05,4.098452e-05,3.423270e-04,2.920260e-04,3.218935e-04,3.218935e-04,6.604002e-04,5.645663e-04,1.661965e-04,9.388991e-06,2.676845e+01,2.524017e+01,1.931996e+01
1.294500e-10,0.000000e+00,0.000000e+00,0.000000e+00,6.993005e-05,4.602029e-05,3.114074e-04,2.775404e-04,3.459491e-04,3.459491e-04,6.697159e-04,5.777215e-04,1.756300e-04,9.924099e-06,2.677795e+01,2.530779e+01,1.931247e+01
1.295000e-10,0.000000e+00,0.000000e+00,0.000000e+00,7.005511e-05,5.110721e-05,2.796591e-04,2.663107e-04,3.714284e-04,3.714284e-04,6.778176e-04,5.891899e-04,1.854913e-04,1.049077e-05,2.678855e+01,2.536256e+01,1.930133e+01
1.295500e-10,0.000000e+00,0.000000e+00,0.000000e+00,6.996403e-05,5.646145e-05,2.475779e-04,2.584042e-04,3.979931e-04,3.979931e-04,6.842968e-04,5.978952e-04,1.957645e-04,1.109107e-05,2.680044e+01,2.540486e+01,1.928771e+01
1.296000e-10,0.000000e+00,0.000000e+00,0.000000e+00,6.963123e-05,6.239798e-05,2.156327e-04,2.538289e-04,4.253113e-04,4.253113e-04,6.887298e-04,6.028714e-04,2.064291e-04,1.172719e-05,2.681378e+01,2.543529e+01,1.927268e+01
1.296500e-10,0.000000e+00,0.000000e+00,0.000000e+00,6.905627e-05,6.926249e-05,1.842590e-04,2.525376e-04,4.530612e-04,4.530612e-04,6.907132e-04,6.033370e-04,2.174605e-04,1.240145e-05,2.682869e+01,2.545459e+01,1.925732e+01
1.297000e-10,0.000000e+00,0.000000e+00,0.000000e+00,6.826354e-05,7.735596e-05,1.538548e-04,2.544331e-04,4.809327e-04,4.809327e-04,6.899044e-04,5.987532e-04,2.288328e-04,1.311629e-05,2.684520e+01,2.546370e+01,1.924260e+01
1.297500e-10,0.000000e+00,0.000000e+00,0.000000e+00,6.729878e-05,8.686586e-05,1.247786e-04,2.593739e-04,5.086297e-04,5.086297e-04,6.860592e-04,5.888581e-04,2.405194e-04,1.387426e-05,2.686333e+01,2.546364e+01,1.922945e+01
1.298000e-10,0.000000e+00,0.000000e+00,0.000000e+00,6.622291e-05,9.781582e-05,9.734743e-05,2.671804e-04,5.358697e-04,5.358697e-04,6.790654e-04,5.736722e-04,2.524962e-04,1.467806e-05,2.688303e+01,2.545553e+01,1.921868e+01
1.298500e-10,0.000000e+00,0.000000e+00,0.000000e+00,6.510415e-05,1.100412e-04,7.183532e-05,2.776417e-04,5.623831e-04,5.623831e-04,6.689651e-04,5.534763e-04,2.647426e-04,1.553048e-05,2.690421e+01,2.544055e+01,1.921103e+01
1.299000e-10,0.000000e+00,0.000000e+00,0.000000e+00,6.400959e-05,1.231925e-04,4.847259e-05,2.905216e-04,5.879106e-04,5.879106e-04,6.559638e-04,5.287679e-04,2.772440e-04,1.643440e-05,2.692678e+01,2.541991e+01,1.920715e+01
1.299500e-10,0.000000e+00,0.000000e+00,0.000000e+00,6.299733e-05,1.367651e-04,2.744484e-05,3.055657e-04,6.122008e-04,6.122008e-04,6.404254e-04,5.002056e-04,2.899932e-04,1.739281e-05,2.695060e+01,2.539482e+01,1.920756e+01
1.300000e-10,0.000000e+00,0.000000e+00,0.000000e+00,6.211015e-05,1.501486e-04,8.892709e-06,3.225067e-04,6.350057e-04,6.350057e-04,6.228535e-04,4.685498e-04,3.029918e-04,1.840878e-05,2.697553e+01,2.536649e+01,1.921270e+01
1.300500e-10,0.000000e+00,0.000000e+00,0.000000e+00,6.137150e-05,1.626891e-04,-7.087821e-06,3.410701e-04,6.560773e-04,6.560773e-04,6.038624e-04,4.346092e-04,3.162514e-04,1.948547e-05,2.700144e+01,2.533608e+01,1.922291e+01
1.301000e-10,0.000000e+00,0.000000e+00,0.000000e+00,6.078416e-05,1.737561e-04,-2.044427e-05,3.609783e-04,6.751648e-04,6.751648e-04,5.841423e-04,3.991975e-04,3.297937e-04,2.062608e-05,2.702816e+01,2.530472e+01,1.923841e+01
1.301500e-10,0.000000e+00,0.000000e+00,0.000000e+00,6.033159e-05,1.828056e-04,-3.116572e-05,3.819546e-04,6.920132e-04,6.920132e-04,5.644220e-04,3.631015e-04,3.436512e-04,2.183390e-05,2.705556e+01,2.527342e+01,1.925936e+01
1.302000e-10,0.000000e+00,0.000000e+00,0.000000e+00,5.998168e-05,1.894330e-04,-3.928007e-05,4.037255e-04,7.063652e-04,7.063652e-04,5.454334e-04,3.270618e-04,3.578656e-04,2.311227e-05,2.708347e+01,2.524316e+01,1.928579e+01
1.302500e-10,0.000000e+00,0.000000e+00,0.000000e+00,5.969232e-05,1.934074e-04,-4.485063e-05,4.260226e-04,7.179669e-04,7.179669e-04,5.278805e-04,2.917618e-04,3.724872e-04,2.446460e-05,2.711175e+01,2.521478e+01,1.931767e+01
1.303000e-10,0.000000e+00,0.000000e+00,0.000000e+00,5.941796e-05,1.946865e-04,-4.797231e-05,4.485836e-04,7.265781e-04,7.265781e-04,5.124127e-04,2.578234e-04,3.875718e-04,2.589433e-05,2.714023e+01,2.518904e+01,1.935491e+01
1.303500e-10,0.000000e+00,0.000000e+00,0.000000e+00,5.911620e-05,1.934067e-04,-4.876756e-05,4.711518e-04,7.319859e-04,7.319859e-04,4.996035e-04,2.258059e-04,4.031780e-04,2.740504e-05,2.716876e+01,2.516659e+01,1.939734e+01
1.304000e-10,0.000000e+00,0.000000e+00,0.000000e+00,5.875360e-05,1.898525e-04,-4.738227e-05,4.934758e-04,7.340228e-04,7.340228e-04,4.899335e-04,1.962065e-04,4.193626e-04,2.900035e-05,2.719716e+01,2.514794e+01,1.944471e+01
1.304500e-10,0.000000e+00,0.000000e+00,0.000000e+00,5.830981e-05,1.844091e-04,-4.398190e-05,5.153081e-04,7.325858e-04,7.325858e-04,4.837756e-04,1.694601e-04,4.361755e-04,3.068402e-05,2.722524e+01,2.513352e+01,1.949677e+01
1.305000e-10,0.000000e+00,0.000000e+00,0.000000e+00,5.777960e-05,1.775040e-04,-3.874782e-05,5.364030e-04,7.276552e-04,7.276552e-04,4.813819e-04,1.459383e-04,4.536533e-04,3.245998e-05,2.725282e+01,2.512363e+01,1.955321e+01
1.305500e-10,0.000000e+00,0.000000e+00,0.000000e+00,5.717248e-05,1.695493e-04,-3.187403e-05,5.565154e-04,7.193107e-04,7.193107e-04,4.828708e-04,1.259475e-04,4.718121e-04,3.433232e-05,2.727972e+01,2.511845e+01,1.961370e+01
1.306000e-10,0.000000e+00,0.000000e+00,0.000000e+00,5.651031e-05,1.608902e-04,-2.356416e-05,5.753991e-04,7.077408e-04,7.077408e-04,4.882140e-04,1.097261e-04,4.906389e-04,3.630538e-05,2.730573e+01,2.511808e+01,1.967787e+01
1.306500e-10,0.000000e+00,0.000000e+00,0.000000e+00,5.582311e-05,1.517708e-04,-1.402879e-05,5.928058e-04,6.932462e-04,6.932462e-04,4.972244e-04,9.744160e-05,5.100831e-04,3.838379e-05,2.733067e+01,2.512251e+01,1.974539e+01
1.307000e-10,0.000000e+00,0.000000e+00,0.000000e+00,5.514400e-05,1.423191e-04,-3.482931e-06,6.084862e-04,6.762345e-04,6.762345e-04,5.095447e-04,8.918840e-05,5.300468e-04,4.057253e-05,2.735438e+01,2.513166e+01,1.981591e+01
1.307500e-10,0.000000e+00,0.000000e+00,0.000000e+00,5.450409e-05,1.325532e-04,7.856352e-06,6.221917e-04,6.572075e-04,6.572075e-04,5.246418e-04,8.498678e-05,5.503756e-04,4.287699e-05,2.737670e+01,2.514534e+01,1.988907e+01
1.308000e-10,0.000000e+00,0.000000e+00,0.000000e+00,5.392802e-05,1.224070e-04,1.977226e-05,6.336797e-04,6.367418e-04,6.367418e-04,5.418075e-04,8.478329e-05,5.708512e-04,4.530303e-05,2.739749e+01,2.516332e+01,1.996457e+01
1.308500e-10,0.000000e+00,0.000000e+00,0.000000e+00,5.343082e-05,1.117670e-04,3.205059e-05,6.427200e-04,6.154657e-04,6.154657e-04,5.601715e-04,8.845300e-05,5.911855e-04,4.785706e-05,2.741666e+01,2.518531e+01,2.004211e+01
1.309000e-10,0.000000e+00,0.000000e+00,0.000000e+00,5.301654e-05,1.005153e-04,4.448208e-05,6.491048e-04,5.940344e-04,5.940344e-04,5.787289e-04,9.580357e-05,6.110195e-04,5.054610e-05,2.743412e+01,2.521095e+01,2.012143e+01
1.309500e-10,0.000000e+00,0.000000e+00,0.000000e+00,5.267848e-05,8.856912e-05,5.686470e-05,6.526600e-04,5.731044e-04,5.731044e-04,5.963844e-04,1.065809e-04,6.299271e-04,5.337782e-05,2.744982e+01,2.523986e+01,2.020228e+01
1.310000e-10,0.000000e+00,0.000000e+00,0.000000e+00,5.240107e-05,7.591136e-05,6.900603e-05,6.532580e-04,5.533110e-04,5.533110e-04,6.120140e-04,1.204763e-04,6.474266e-04,5.636062e-05,2.746374e+01,2.527163e+01,2.028449e+01
1.310500e-10,0.000000e+00,0.000000e+00,0.000000e+00,5.216279e-05,6.260866e-05,8.072537e-05,6.508306e-04,5.352475e-04,5.352475e-04,6.245378e-04,1.371348e-04,6.630004e-04,5.950370e-05,2.747589e+01,2.530582e+01,2.036789e+01
1.311000e-10,0.000000e+00,0.000000e+00,0.000000e+00,5.193963e-05,4.881498e-05,9.185587e-05,6.453806e-04,5.194489e-04,5.194489e-04,6.329988e-04,1.561642e-04,6.761226e-04,6.281704e-05,2.748629e+01,2.534200e+01,2.045236e+01
1.311500e-10,0.000000e+00,0.000000e+00,0.000000e+00,5.170863e-05,3.476278e-05,1.022463e-04,6.369901e-04,5.063767e-04,5.063767e-04,6.366359e-04,1.771450e-04,6.862942e-04,6.631148e-05,2.749499e+01,2.537970e+01,2.053783e+01
1.312000e-10,0.000000e+00,0.000000e+00,0.000000e+00,5.145096e-05,2.074408e-05,1.117627e-04,6.258255e-04,4.964074e-04,4.964074e-04,6.349408e-04,1.996401e-04,6.930831e-04,6.999876e-05,2.750206e+01,2.541850e+01,2.062425e+01
1.312500e-10,0.000000e+00,0.000000e+00,0.000000e+00,5.115416e-05,7.085295e-06,1.202895e-04,6.121373e-04,4.898218e-04,4.898218e-04,6.276902e-04,2.232057e-04,6.961637e-04,7.389151e-05,2.750758e+01,2.545795e+01,2.071161e+01
1.313000e-10,0.000000e+00,0.000000e+00,0.000000e+00,5.081340e-05,-5.880613e-06,1.277304e-04,5.962551e-04,4.867951e-04,4.867951e-04,6.149490e-04,2.474012e-04,6.953529e-04,7.800332e-05,2.751163e+01,2.549765e+01,2.079994e+01
1.313500e-10,0.000000e+00,0.000000e+00,0.000000e+00,5.043168e-05,-1.784086e-05,1.340089e-04,5.785780e-04,4.873880e-04,4.873880e-04,5.970458e-04,2.717995e-04,6.906360e-04,8.234873e-05,2.751432e+01,2.553720e+01,2.088928e+01
1.314000e-10,0.000000e+00,0.000000e+00,0.000000e+00,5.001897e-05,-2.852562e-05,1.390687e-04,5.595609e-04,4.915370e-04,4.915370e-04,5.745276e-04,2.959972e-04,6.821795e-04,8.694334e-05,2.751575e+01,2.557622e+01,2.097974e+01
1.314500e-10,0.000000e+00,0.000000e+00,0.000000e+00,4.959069e-05,-3.772444e-05,1.428733e-04,5.396992e-04,4.990464e-04,4.990464e-04,5.481022e-04,3.196239e-04,6.703295e-04,9.180377e-05,2.751605e+01,2.561439e+01,2.107141e+01
1.315000e-10,0.000000e+00,0.000000e+00,0.000000e+00,4.916549e-05,-4.529537e-05,1.454059e-04,5.195112e-04,5.095820e-04,5.095820e-04,5.185777e-04,3.423520e-04,6.555942e-04,9.694781e-05,2.751534e+01,2.565139e+01,2.116443e+01
1.315500e-10,0.000000e+00,0.000000e+00,0.000000e+00,4.876299e-05,-5.116652e-05,1.466682e-04,4.995214e-04,5.226678e-04,5.226678e-04,4.868078e-04,3.639038e-04,6.386158e-04,1.023945e-04,2.751376e+01,2.568695e+01,2.125897e+01
1.316000e-10,0.000000e+00,0.000000e+00,0.000000e+00,4.840148e-05,-5.533137e-05,1.466803e-04,4.802447e-04,5.376885e-04,5.376885e-04,4.536474e-04,3.840590e-04,6.201328e-04,1.081642e-04,2.751146e+01,2.572082e+01,2.135520e+01
1.316500e-10,0.000000e+00,0.000000e+00,0.000000e+00,4.809597e-05,-5.783934e-05,1.454788e-04,4.621720e-04,5.539010e-04,5.539010e-04,4.199201e-04,4.026589e-04,6.009396e-04,1.142788e-04,2.750858e+01,2.575280e+01,2.145332e+01
1.317000e-10,0.000000e+00,0.000000e+00,0.000000e+00,4.785674e-05,-5.878398e-05,1.431161e-04,4.457581e-04,5.704546e-04,5.704546e-04,3.863965e-04,4.196103e-04,5.818463e-04,1.207617e-04,2.750529e+01,2.578271e+01,2.155356e+01
1.317500e-10,0.000000e+00,0.000000e+00,0.000000e+00,4.768839e-05,-5.829061e-05,1.396588e-04,4.314111e-04,5.864250e-04,5.864250e-04,3.537830e-04,4.348850e-04,5.636412e-04,1.276383e-04,2.750175e+01,2.581041e+01,2.165614e+01
1.318000e-10,0.000000e+00,0.000000e+00,0.000000e+00,4.758948e-05,-5.650500e-05,1.351863e-04,4.194837e-04,6.008583e-04,6.008583e-04,3.227153e-04,4.485189e-04,5.470585e-04,1.349359e-04,2.749814e+01,2.583579e+01,2.176132e+01
1.318500e-10,0.000000e+00,0.000000e+00,0.000000e+00,4.755274e-05,-5.358392e-05,1.297889e-04,4.102656e-04,6.128259e-04,6.128259e-04,2.937565e-04,4.606068e-04,5.327512e-04,1.426840e-04,2.749463e+01,2.585879e+01,2.186933e+01
1.319000e-10,0.000000e+00,0.000000e+00,0.000000e+00,4.756560e-05,-4.968768e-05,1.235666e-04,4.039768e-04,6.214834e-04,6.214834e-04,2.673969e-04,4.712971e-04,5.212678e-04,1.509140e-04,2.749138e+01,2.587934e+01,2.198045e+01
1.319500e-10,0.000000e+00,0.000000e+00,0.000000e+00,4.761117e-05,-4.497386e-05,1.166267e-04,4.007613e-04,6.261284e-04,6.261284e-04,2.440532e-04,4.807827e-04,5.130331e-04,1.596602e-04,2.748856e+01,2.589744e+01,2.209491e+01
1.320000e-10,0.000000e+00,0.000000e+00,0.000000e+00,4.766944e-05,-3.959163e-05,1.090828e-04,4.006802e-04,6.262488e-04,6.262488e-04,2.240684e-04,4.892918e-04,5.083308e-04,1.689586e-04,2.748633e+01,2.591310e+01,2.221296e+01
1.320500e-10,0.000000e+00,0.000000e+00,0.000000e+00,4.771876e-05,-3.367588e-05,1.010525e-04,4.037058e-04,6.215557e-04,6.215557e-04,2.077104e-04,4.970772e-04,5.072874e-04,1.788477e-04,2.748482e+01,2.592635e+01,2.233481e+01
1.321000e-10,0.000000e+00,0.000000e+00,0.000000e+00,4.773737e-05,-2.734115e-05,9.265569e-05,4.097152e-04,6.119962e-04,6.119962e-04,1.951711e-04,5.044050e-04,5.098582e-04,1.893675e-04,2.748417e+01,2.593726e+01,2.246063e+01
1.321500e-10,0.000000e+00,0.000000e+00,0.000000e+00,4.770518e-05,-2.067612e-05,8.401303e-05,4.184845e-04,5.977450e-04,5.977450e-04,1.865655e-04,5.115427e-04,5.158146e-04,2.005596e-04,2.748448e+01,2.594590e+01,2.259055e+01
1.322000e-10,0.000000e+00,0.000000e+00,0.000000e+00,4.760538e-05,-1.374024e-05,7.524414e-05,4.296844e-04,5.791778e-04,5.791778e-04,1.819330e-04,5.187480e-04,5.247371e-04,2.124658e-04,2.748584e+01,2.595239e+01,2.272459e+01
1.322500e-10,0.000000e+00,0.000000e+00,0.000000e+00,4.742601e-05,-6.564038e-06,6.646605e-05,4.428782e-04,5.568314e-04,5.568314e-04,1.812385e-04,5.262562e-04,5.360146e-04,2.251279e-04,2.748830e+01,2.595685e+01,2.286273e+01
1.323000e-10,0.000000e+00,0.000000e+00,0.000000e+00,4.716109e-05,8.455256e-07,5.779167e-05,4.575234e-04,5.313579e-04,5.313579e-04,1.843773e-04,5.342684e-04,5.488551e-04,2.385862e-04,2.749192e+01,2.595942e+01,2.300478e+01
1.323500e-10,0.000000e+00,0.000000e+00,0.000000e+00,4.681125e-05,8.494517e-06,4.932845e-05,4.729793e-04,5.034774e-04,5.034774e-04,1.911804e-04,5.429403e-04,5.623115e-04,2.528787e-04,2.749669e+01,2.596026e+01,2.315046e+01
1.324000e-10,0.000000e+00,0.000000e+00,0.000000e+00,4.638369e-05,1.638737e-05,4.117705e-05,4.885206e-04,4.739371e-04,4.739371e-04,2.014226e-04,5.523699e-04,5.753237e-04,2.680399e-04,2.750262e+01,2.595955e+01,2.329931e+01
1.324500e-10,0.000000e+00,0.000000e+00,0.000000e+00,4.589131e-05,2.451060e-05,3.343025e-05,5.033600e-04,4.434766e-04,4.434766e-04,2.148310e-04,5.625872e-04,5.867782e-04,2.841002e-04,2.750968e+01,2.595745e+01,2.345070e+01
1.325000e-10,0.000000e+00,0.000000e+00,0.000000e+00,4.535123e-05,3.281800e-05,2.617195e-05,5.166782e-04,4.128031e-04,4.128031e-04,2.310954e-04,5.735440e-04,5.955817e-04,3.010849e-04,2.751782e+01,2.595417e+01,2.360384e+01
1.325500e-10,0.000000e+00,0.000000e+00,0.000000e+00,4.478271e-05,4.122058e-05,1.947635e-05,5.276625e-04,3.825737e-04,3.825737e-04,2.498775e-04,5.851063e-04,6.007411e-04,3.190149e-04,2.752697e+01,2.594992e+01,2.375776e+01
1.326000e-10,0.000000e+00,0.000000e+00,0.000000e+00,4.420483e-05,4.958369e-05,1.340725e-05,5.355495e-04,3.533851e-04,3.533851e-04,2.708215e-04,5.970502e-04,6.014408e-04,3.379067e-04,2.753707e+01,2.594488e+01,2.391132e+01
1.326500e-10,0.000000e+00,0.000000e+00,0.000000e+00,4.363419e-05,5.773227e-05,8.017530e-06,5.396693e-04,3.257682e-04,3.257682e-04,2.935629e-04,6.090623e-04,5.971045e-04,3.577736e-04,2.754803e+01,2.593928e+01,2.406326e+01
1.327000e-10,0.000000e+00,0.000000e+00,0.000000e+00,4.308313e-05,6.546379e-05,3.348829e-06,5.394870e-04,3.001852e-04,3.001852e-04,3.177374e-04,6.207463e-04,5.874348e-04,3.786280e-04,2.755977e+01,2.593332e+01,2.421221e+01
1.327500e-10,0.000000e+00,0.000000e+00,0.000000e+00,4.255840e-05,7.256669e-05,-5.687131e-07,5.346345e-04,2.770291e-04,2.770291e-04,3.429878e-04,6.316383e-04,5.724221e-04,4.004834e-04,2.757220e+01,2.592720e+01,2.435678e+01
1.328000e-10,0.000000e+00,0.000000e+00,0.000000e+00,4.206085e-05,7.884132e-05,-3.716499e-06,5.249307e-04,2.566242e-04,2.566242e-04,3.689714e-04,6.412297e-04,5.523253e-04,4.233569e-04,2.758523e+01,2.592113e+01,2.449554e+01
1.328500e-10,0.000000e+00,0.000000e+00,0.000000e+00,4.158581e-05,8.411993e-05,-6.087400e-06,5.103867e-04,2.392264e-04,2.392264e-04,3.953649e-04,6.489992e-04,5.276300e-04,4.472725e-04,2.759877e+01,2.591530e+01,2.462715e+01
1.329000e-10,0.000000e+00,0.000000e+00,0.000000e+00,4.112428e-05,8.828276e-05,-7.685538e-06,4.911964e-04,2.250243e-04,2.250243e-04,4.218700e-04,6.544507e-04,4.989918e-04,4.722637e-04,2.761274e+01,2.590989e+01,2.475037e+01
1.329500e-10,0.000000e+00,0.000000e+00,0.000000e+00,4.066465e-05,9.126842e-05,-8.525943e-06,4.677138e-04,2.141403e-04,2.141403e-04,4.482163e-04,6.571554e-04,4.671756e-04,4.983763e-04,2.762703e+01,2.590507e+01,2.486410e+01
1.330000e-10,0.000000e+00,0.000000e+00,0.000000e+00,4.019470e-05,9.307806e-05,-8.634073e-06,4.404226e-04,2.066325e-04,2.066325e-04,4.741649e-04,6.567917e-04,4.329999e-04,5.256699e-04,2.764157e+01,2.590099e+01,2.496746e+01
1.330500e-10,0.000000e+00,0.000000e+00,0.000000e+00,3.970371e-05,9.377431e-05,-8.045207e-06,4.099006e-04,2.024975e-04,2.024975e-04,4.995092e-04,6.531799e-04,3.972902e-04,5.542197e-04,2.765626e+01,2.589778e+01,2.505977e+01
1.331000e-10,0.000000e+00,0.000000e+00,0.000000e+00,3.918438e-05,9.347656e-05,-6.803710e-06,3.767843e-04,2.016741e-04,2.016741e-04,5.240754e-04,6.463054e-04,3.608464e-04,5.841154e-04,2.767102e+01,2.589557e+01,2.514059e+01
1.331500e-10,0.000000e+00,0.000000e+00,0.000000e+00,3.863447e-05,9.235461e-05,-4.962179e-06,3.417366e-04,2.040482e-04,2.040482e-04,5.477203e-04,6.363278e-04,3.244203e-04,6.154597e-04,2.768576e+01,2.589444e+01,2.520970e+01
1.332000e-10,0.000000e+00,0.000000e+00,0.000000e+00,3.805808e-05,9.062144e-05,-2.580466e-06,3.054203e-04,2.094585e-04,2.094585e-04,5.703277e-04,6.235762e-04,2.887050e-04,6.483637e-04,2.770040e+01,2.589447e+01,2.526713e+01
1.332500e-10,0.000000e+00,0.000000e+00,0.000000e+00,3.746648e-05,8.852455e-05,2.754095e-07,2.684770e-04,2.177038e-04,2.177038e-04,5.918023e-04,6.085288e-04,2.543294e-04,6.829394e-04,2.771484e+01,2.589571e+01,2.531309e+01
1.333000e-10,0.000000e+00,0.000000e+00,0.000000e+00,3.687840e-05,8.633360e-05,3.534454e-06,2.315121e-04,2.285500e-04,2.285500e-04,6.120625e-04,5.917841e-04,2.218581e-04,7.192891e-04,2.772902e+01,2.589819e+01,2.534800e+01
1.333500e-10,0.000000e+00,0.000000e+00,0.000000e+00,3.631955e-05,8.432166e-05,7.121976e-06,1.950851e-04,2.417381e-04,2.417381e-04,6.310306e-04,5.740242e-04,1.917916e-04,7.574898e-04,2.774285e+01,2.590190e+01,2.537246e+01
1.334000e-10,0.000000e+00,0.000000e+00,0.000000e+00,3.582120e-05,8.273835e-05,1.096094e-05,1.597029e-04,2.569914e-04,2.569914e-04,6.486229e-04,5.559773e-04,1.645670e-04,7.975740e-04,2.775629e+01,2.590683e+01,2.538718e+01
1.334500e-10,0.000000e+00,0.000000e+00,0.000000e+00,3.541778e-05,8.177615e-05,1.497338e-05,1.258165e-04,2.740236e-04,2.740236e-04,6.647400e-04,5.383816e-04,1.405574e-04,8.395049e-04,2.776928e+01,2.591294e+01,2.539302e+01
1.335000e-10,0.000000e+00,0.000000e+00,0.000000e+00,3.514316e-05,8.153532e-05,1.908180e-05,9.381940e-05,2.925454e-04,2.925454e-04,6.792583e-04,5.219535e-04,1.200701e-04,8.831476e-04,2.778180e+01,2.592016e+01,2.539092e+01
1.335500e-10,0.000000e+00,0.000000e+00,0.000000e+00,3.502626e-05,8.199575e-05,2.321061e-05,6.404614e-05,3.122704e-04,3.122704e-04,6.920239e-04,5.073607e-04,1.033437e-04,9.282365e-04,2.779383e+01,2.592841e+01,2.538187e+01
1.336000e-10,0.000000e+00,0.000000e+00,0.000000e+00,3.508621e-05,8.300542e-05,2.728749e-05,3.677276e-05,3.329210e-04,3.329210e-04,7.028517e-04,4.952009e-04,9.054520e-05,9.743423e-04,2.780540e+01,2.593760e+01,2.536692e+01
1.336500e-10,0.000000e+00,0.000000e+00,0.000000e+00,3.532800e-05,8.429219e-05,3.124468e-05,1.221698e-05,3.542325e-04,3.542325e-04,7.115287e-04,4.859840e-04,8.176732e-05,1.020842e-03,2.781654e+01,2.594760e+01,2.534714e+01
1.337000e-10,0.000000e+00,0.000000e+00,0.000000e+00,3.573944e-05,8.550054e-05,3.502010e-05,-9.460778e-06,3.759574e-04,3.759574e-04,7.178239e-04,4.801170e-04,7.702703e-05,1.066894e-03,2.782732e+01,2.595830e+01,2.532361e+01
1.337500e-10,0.000000e+00,0.000000e+00,0.000000e+00,3.629031e-05,8.624860e-05,3.855833e-05,-2.815569e-05,3.978678e-04,3.978678e-04,7.215047e-04,4.778899e-04,7.626568e-05,1.111435e-03,2.783782e+01,2.596956e+01,2.529737e+01
1.338000e-10,0.000000e+00,0.000000e+00,0.000000e+00,3.693393e-05,8.619460e-05,4.181140e-05,-4.381612e-05,4.197575e-04,4.197575e-04,7.223573e-04,4.794624e-04,7.935111e-05,1.153188e-03,2.784813e+01,2.598124e+01,2.526944e+01
1.338500e-10,0.000000e+00,0.000000e+00,0.000000e+00,3.761129e-05,8.509971e-05,4.473926e-05,-5.644026e-05,4.414429e-04,4.414429e-04,7.202117e-04,4.848495e-04,8.608203e-05,1.190711e-03,2.785837e+01,2.599318e+01,2.524078e+01
1.339000e-10,0.000000e+00,0.000000e+00,0.000000e+00,3.825725e-05,8.287400e-05,4.731012e-05,-6.607210e-05,4.627632e-04,4.627632e-04,7.149669e-04,4.939073e-04,9.619420e-05,1.222458e-03,2.786864e+01,2.600525e+01,2.521231e+01
1.339500e-10,0.000000e+00,0.000000e+00,0.000000e+00,3.880769e-05,7.959648e-05,4.950045e-05,-7.279659e-05,4.835791e-04,4.835791e-04,7.066133e-04,5.063206e-04,1.093685e-04,1.246883e-03,2.787905e+01,2.601729e+01,2.518484e+01
1.340000e-10,0.000000e+00,0.000000e+00,0.000000e+00,3.920678e-05,7.550530e-05,5.129479e-05,-7.673434e-05,5.037702e-04,5.037702e-04,6.952500e-04,5.215945e-04,1.252402e-04,1.262553e-03,2.788969e+01,2.602916e+01,2.515913e+01
1.340500e-10,0.000000e+00,0.000000e+00,0.000000e+00,3.941303e-05,7.096094e-05,5.268545e-05,-7.803607e-05,5.232316e-04,5.232316e-04,6.810941e-04,5.390519e-04,1.434090e-04,1.268270e-03,2.790063e+01,2.604072e+01,2.513582e+01
1.341000e-10,0.000000e+00,0.000000e+00,0.000000e+00,3.940335e-05,6.638991e-05,5.367189e-05,-7.687709e-05,5.418689e-04,5.418689e-04,6.644805e-04,5.578443e-04,1.634497e-04,1.263175e-03,2.791195e+01,2.605184e+01,2.511549e+01
1.341500e-10,0.000000e+00,0.000000e+00,0.000000e+00,3.917453e-05,6.222025e-05,5.426021e-05,-7.345194e-05,5.595927e-04,5.595927e-04,6.458522e-04,5.769753e-04,1.849230e-04,1.246829e-03,2.792366e+01,2.606240e+01,2.509859e+01
1.342000e-10,0.000000e+00,0.000000e+00,0.000000e+00,3.874211e-05,5.882061e-05,5.446247e-05,-6.796964e-05,5.763115e-04,5.763115e-04,6.257427e-04,5.953431e-04,2.073864e-04,1.219252e-03,2.793579e+01,2.607230e+01,2.508550e+01
1.342500e-10,0.000000e+00,0.000000e+00,0.000000e+00,3.813697e-05,5.645335e-05,5.429601e-05,-6.064936e-05,5.919255e-04,5.919255e-04,6.047523e-04,6.118003e-04,2.304048e-04,1.180925e-03,2.794834e+01,2.608142e+01,2.507649e+01
1.343000e-10,0.000000e+00,0.000000e+00,0.000000e+00,3.740039e-05,5.524839e-05,5.378286e-05,-5.171687e-05,6.063202e-04,6.063202e-04,5.835217e-04,6.252276e-04,2.535618e-04,1.132736e-03,2.796128e+01,2.608970e+01,2.507175e+01
1.343500e-10,0.000000e+00,0.000000e+00,0.000000e+00,3.657829e-05,5.520027e-05,5.294916e-05,-4.140154e-05,6.193613e-04,6.193613e-04,5.627044e-04,6.346152e-04,2.764693e-04,1.075913e-03,2.797460e+01,2.609706e+01,2.507136e+01
1.344000e-10,0.000000e+00,0.000000e+00,0.000000e+00,3.571579e-05,5.618647e-05,5.182460e-05,-2.993392e-05,6.308919e-04,6.308919e-04,5.429411e-04,6.391405e-04,2.987779e-04,1.011926e-03,2.798827e+01,2.610346e+01,2.507535e+01
1.344500e-10,0.000000e+00,0.000000e+00,0.000000e+00,3.485257e-05,5.800099e-05,5.044200e-05,-1.754381e-05,6.407329e-04,6.407329e-04,5.248362e-04,6.382317e-04,3.201847e-04,9.423860e-04,2.800225e+01,2.610887e+01,2.508366e+01
1.345000e-10,0.000000e+00,0.000000e+00,0.000000e+00,3.401978e-05,6.039554e-05,4.883679e-05,-4.458629e-06,6.486866e-04,6.486866e-04,5.089386e-04,6.316069e-04,3.404408e-04,8.689470e-04,2.801653e+01,2.611325e+01,2.509615e+01
1.345500e-10,0.000000e+00,0.000000e+00,0.000000e+00,3.323844e-05,6.311955e-05,4.704665e-05,9.098090e-06,6.545448e-04,6.545448e-04,4.957246e-04,6.192829e-04,3.593558e-04,7.932251e-04,2.803110e+01,2.611663e+01,2.511265e+01
1.346000e-10,0.000000e+00,0.000000e+00,0.000000e+00,3.251936e-05,6.595199e-05,4.511104e-05,2.290805e-05,6.581006e-04,6.581006e-04,4.855848e-04,6.015560e-04,3.768007e-04,7.167311e-04,2.804594e+01,2.611900e+01,2.513290e+01
1.346500e-10,0.000000e+00,0.000000e+00,0.000000e+00,3.186425e-05,6.871989e-05,4.307074e-05,3.675966e-05,6.591643e-04,6.591643e-04,4.788114e-04,5.789579e-04,3.927082e-04,6.408232e-04,2.806107e+01,2.612040e+01,2.515663e+01
1.347000e-10,0.000000e+00,0.000000e+00,0.000000e+00,3.126738e-05,7.130249e-05,4.096739e-05,5.044955e-05,6.575811e-04,6.575811e-04,4.755874e-04,5.521974e-04,4.070708e-04,5.666789e-04,2.807648e+01,2.612088e+01,2.518351e+01
1.347500e-10,0.000000e+00,0.000000e+00,0.000000e+00,3.071749e-05,7.362307e-05,3.884294e-05,6.378420e-05,6.532498e-04,6.532498e-04,4.759768e-04,5.220990e-04,4.199373e-04,4.952810e-04,2.809220e+01,2.612049e+01,2.521318e+01
1.348000e-10,0.000000e+00,0.000000e+00,0.000000e+00,3.019944e-05,7.563377e-05,3.673910e-05,7.658169e-05,6.461395e-04,6.461395e-04,4.799138e-04,4.895441e-04,4.314078e-04,4.274174e-04,2.810826e+01,2.611932e+01,2.524527e+01
1.348500e-10,0.000000e+00,0.000000e+00,0.000000e+00,2.969556e-05,7.730029e-05,3.469671e-05,8.867347e-05,6.363039e-04,6.363039e-04,4.871948e-04,4.554233e-04,4.416273e-04,3.636898e-04,2.812467e+01,2.611744e+01,2.527938e+01
1.349000e-10,0.000000e+00,0.000000e+00,0.000000e+00,2.918668e-05,7.859318e-05,3.275519e-05,9.990605e-05,6.238897e-04,6.238897e-04,4.974714e-04,4.206005e-04,4.507786e-04,3.045290e-04,2.814147e+01,2.611494e+01,2.531511e+01
1.349500e-10,0.000000e+00,0.000000e+00,0.000000e+00,2.865313e-05,7.948996e-05,3.095182e-05,1.101427e-04,6.091385e-04,6.091385e-04,5.102478e-04,3.858895e-04,4.590756e-04,2.502133e-04,2.815866e+01,2.611194e+01,2.535204e+01
1.350000e-10,0.000000e+00,0.000000e+00,0.000000e+00,2.807590e-05,7.998849e-05,2.932122e-05,1.192647e-04,5.923826e-04,5.923826e-04,5.248846e-04,3.520394e-04,4.667548e-04,2.008894e-04,2.817628e+01,2.610854e+01,2.538978e+01
1.350500e-10,0.000000e+00,0.000000e+00,0.000000e+00,2.743843e-05,8.012745e-05,2.789466e-05,1.271727e-04,5.740345e-04,5.740345e-04,5.406113e-04,3.197276e-04,4.740687e-04,1.565928e-04,2.819432e+01,2.610485e+01,2.542791e+01
1.351000e-10,0.000000e+00,0.000000e+00,0.000000e+00,2.672874e-05,8.000638e-05,2.669959e-05,1.337878e-04,5.545711e-04,5.545711e-04,5.565506e-04,2.895566e-04,4.812779e-04,1.172675e-04,2.821279e+01,2.610100e+01,2.546606e+01
1.351500e-10,0.000000e+00,0.000000e+00,0.000000e+00,2.594189e-05,7.979707e-05,2.575915e-05,1.390514e-04,5.345149e-04,5.345149e-04,5.717546e-04,2.620523e-04,4.886434e-04,8.278439e-05,2.823168e+01,2.609709e+01,2.550385e+01
1.352000e-10,0.000000e+00,0.000000e+00,0.000000e+00,2.508229e-05,7.973934e-05,2.509174e-05,1.429263e-04,5.144139e-04,5.144139e-04,5.852533e-04,2.376635e-04,4.964195e-04,5.295730e-05,2.825097e+01,2.609324e+01,2.554094e+01
1.352500e-10,0.000000e+00,0.000000e+00,0.000000e+00,2.416511e-05,8.011886e-05,2.471079e-05,1.453959e-04,4.948210e-04,4.948210e-04,5.961127e-04,2.167599e-04,5.048458e-04,2.755710e-05,2.827064e+01,2.608957e+01,2.557700e+01
1.353000e-10,0.000000e+00,0.000000e+00,0.000000e+00,2.321648e-05,8.122948e-05,2.462459e-05,1.464641e-04,4.762751e-04,4.762751e-04,6.034956e-04,1.996316e-04,5.141388e-04,6.323873e-06,2.829064e+01,2.608619e+01,2.561172e+01
1.353500e-10,0.000000e+00,0.000000e+00,0.000000e+00,2.227198e-05,8.332721e-05,2.483629e-05,1.461545e-04,4.592844e-04,4.592844e-04,6.067202e-04,1.864868e-04,5.244828e-04,-1.102287e-05,2.831095e+01,2.608320e+01,2.564485e+01
1.354000e-10,0.000000e+00,0.000000e+00,0.000000e+00,2.137339e-05,8.658526e-05,2.534408e-05,1.445094e-04,4.443113e-04,4.443113e-04,6.053073e-04,1.774516e-04,5.360207e-04,-2.477573e-05,2.833152e+01,2.608069e+01,2.567615e+01
1.354500e-10,0.000000e+00,0.000000e+00,0.000000e+00,2.056420e-05,9.106010e-05,2.614145e-05,1.415885e-04,4.317597e-04,4.317597e-04,5.990091e-04,1.725702e-04,5.488430e-04,-3.523244e-05,2.835234e+01,2.607875e+01,2.570541e+01
1.355000e-10,0.000000e+00,0.000000e+00,0.000000e+00,1.988428e-05,9.667560e-05,2.721767e-05,1.374677e-04,4.219645e-04,4.219645e-04,5.878183e-04,1.718070e-04,5.629763e-04,-4.269019e-05,2.837338e+01,2.607745e+01,2.573246e+01
1.355500e-10,0.000000e+00,0.000000e+00,0.000000e+00,1.936469e-05,1.032291e-04,2.855835e-05,1.322374e-04,4.151814e-04,4.151814e-04,5.719539e-04,1.750507e-04,5.783721e-04,-4.744105e-05,2.839464e+01,2.607685e+01,2.575716e+01
1.356000e-10,0.000000e+00,0.000000e+00,0.000000e+00,1.902336e-05,1.104184e-04,3.014606e-05,1.260006e-04,4.115780e-04,4.115780e-04,5.518312e-04,1.821197e-04,5.948950e-04,-4.976830e-05,2.841614e+01,2.607701e+01,2.577941e+01
1.356500e-10,0.000000e+00,0.000000e+00,0.000000e+00,1.886236e-05,1.178842e-04,3.196107e-05,1.188712e-04,4.112250e-04,4.112250e-04,5.280187e-04,1.927703e-04,6.123135e-04,-4.994350e-05,2.843789e+01,2.607797e+01,2.579915e+01
1.357000e-10,0.000000e+00,0.000000e+00,0.000000e+00,1.886719e-05,1.252618e-04,3.398203e-05,1.109722e-04,4.140881e-04,4.140881e-04,5.011909e-04,2.067053e-04,6.302938e-04,-4.822422e-05,2.845995e+01,2.607974e+01,2.581634e+01
1.357500e-10,0.000000e+00,0.000000e+00,0.000000e+00,1.900822e-05,1.322316e-04,3.618665e-05,1.024337e-04,4.200194e-04,4.200194e-04,4.720821e-04,2.235841e-04,6.483993e-04,-4.485231e-05,2.848238e+01,2.608234e+01,2.583098e+01
1.358000e-10,0.000000e+00,0.000000e+00,0.000000e+00,1.924404e-05,1.385612e-04,3.855229e-05,9.339073e-05,4.287514e-04,4.287514e-04,4.414469e-04,2.430329e-04,6.660983e-04,-4.005254e-05,2.850524e+01,2.608578e+01,2.584309e+01
1.358500e-10,0.000000e+00,0.000000e+00,0.000000e+00,1.952621e-05,1.441335e-04,4.105653e-05,8.398123e-05,4.398927e-04,4.398927e-04,4.100281e-04,2.646557e-04,6.827817e-04,-3.403166e-05,2.852862e+01,2.609003e+01,2.585273e+01
1.359000e-10,0.000000e+00,0.000000e+00,0.000000e+00,1.980470e-05,1.489560e-04,4.367755e-05,7.434425e-05,4.529274e-04,4.529274e-04,3.785340e-04,2.880443e-04,6.977930e-04,-2.697781e-05,2.855258e+01,2.609507e+01,2.586000e+01
1.359500e-10,0.000000e+00,0.000000e+00,0.000000e+00,2.003344e-05,1.531526e-04,4.639445e-05,6.461779e-05,4.672209e-04,4.672209e-04,3.476228e-04,3.127882e-04,7.104689e-04,-1.906014e-05,2.857720e+01,2.610087e+01,2.586499e+01
1.360000e-10,0.000000e+00,0.000000e+00,0.000000e+00,2.017494e-05,1.569398e-04,4.918747e-05,5.493694e-05,4.820333e-04,4.820333e-04,3.178938e-04,3.384842e-04,7.201899e-04,-1.042875e-05,2.860254e+01,2.610737e+01,2.586786e+01
1.360500e-10,0.000000e+00,0.000000e+00,0.000000e+00,2.020379e-05,1.605915e-04,5.203816e-05,4.543194e-05,4.965419e-04,4.965419e-04,2.898823e-04,3.647453e-04,7.264344e-04,-1.214812e-06,2.862865e+01,2.611454e+01,2.586874e+01
1.361000e-10,0.000000e+00,0.000000e+00,0.000000e+00,2.010848e-05,1.643992e-04,5.492941e-05,3.622646e-05,5.098736e-04,5.098736e-04,2.640563e-04,3.912090e-04,7.288309e-04,8.469118e-06,2.865555e+01,2.612231e+01,2.586784e+01
1.361500e-10,0.000000e+00,0.000000e+00,0.000000e+00,1.989145e-05,1.686322e-04,5.784554e-05,2.743590e-05,5.211470e-04,5.211470e-04,2.408155e-04,4.175445e-04,7.272013e-04,1.852859e-05,2.868328e+01,2.613060e+01,2.586533e+01
1.362000e-10,0.000000e+00,0.000000e+00,0.000000e+00,1.956752e-05,1.735034e-04,6.077232e-05,1.916588e-05,5.295205e-04,5.295205e-04,2.204906e-04,4.434595e-04,7.215865e-04,2.888665e-05,2.871183e+01,2.613935e+01,2.586143e+01
1.362500e-10,0.000000e+00,0.000000e+00,0.000000e+00,1.916108e-05,1.791445e-04,6.369706e-05,1.151079e-05,5.342435e-04,5.342435e-04,2.033420e-04,4.687055e-04,7.122528e-04,3.948304e-05,2.874120e+01,2.614850e+01,2.585637e+01
1.363000e-10,0.000000e+00,0.000000e+00,0.000000e+00,1.870229e-05,1.855923e-04,6.660865e-05,4.552685e-06,5.347037e-04,5.347037e-04,1.895601e-04,4.930815e-04,6.996765e-04,5.027337e-05,2.877137e+01,2.615795e+01,2.585036e+01
1.363500e-10,0.000000e+00,0.000000e+00,0.000000e+00,1.822300e-05,1.927875e-04,6.949768e-05,-1.639819e-06,5.304657e-04,5.304657e-04,1.792654e-04,5.164358e-04,6.845100e-04,6.122821e-05,2.880233e+01,2.616763e+01,2.584364e+01
1.364000e-10,0.000000e+00,0.000000e+00,0.000000e+00,1.775276e-05,2.005840e-04,7.235658e-05,-7.012268e-06,5.212953e-04,5.212953e-04,1.725094e-04,5.386653e-04,6.675348e-04,7.233206e-05,2.883407e+01,2.617748e+01,2.583644e+01
1.364500e-10,0.000000e+00,0.000000e+00,0.000000e+00,1.731542e-05,2.087674e-04,7.517976e-05,-1.152495e-05,5.071673e-04,5.071673e-04,1.692772e-04,5.597124e-04,6.496074e-04,8.358232e-05,2.886656e+01,2.618742e+01,2.582901e+01
1.365000e-10,0.000000e+00,0.000000e+00,0.000000e+00,1.692665e-05,2.170794e-04,7.796376e-05,-1.515320e-05,4.882550e-04,4.882550e-04,1.694910e-04,5.795582e-04,6.316048e-04,9.498831e-05,2.889979e+01,2.619738e+01,2.582156e+01
1.365500e-10,0.000000e+00,0.000000e+00,0.000000e+00,1.659259e-05,2.252453e-04,8.070739e-05,-1.788742e-05,4.649069e-04,4.649069e-04,1.730150e-04,5.982146e-04,6.143735e-04,1.065701e-04,2.893377e+01,2.620729e+01,2.581431e+01
1.366000e-10,0.000000e+00,0.000000e+00,0.000000e+00,1.630968e-05,2.330001e-04,8.341183e-05,-1.973288e-05,4.376115e-04,4.376115e-04,1.796623e-04,6.157115e-04,5.986852e-04,1.183576e-04,2.896848e+01,2.621711e+01,2.580747e+01
1.366500e-10,0.000000e+00,0.000000e+00,0.000000e+00,1.606560e-05,2.401120e-04,8.608068e-05,-2.070920e-05,4.069585e-04,4.069585e-04,1.892015e-04,6.320843e-04,5.851997e-04,1.303891e-04,2.900393e+01,2.622677e+01,2.580123e+01
1.367000e-10,0.000000e+00,0.000000e+00,0.000000e+00,1.584116e-05,2.463988e-04,8.871993e-05,-2.084965e-05,3.736002e-04,3.736002e-04,2.013655e-04,6.473587e-04,5.744345e-04,1.427105e-04,2.904013e+01,2.623624e+01,2.579576e+01
1.367500e-10,0.000000e+00,0.000000e+00,0.000000e+00,1.561272e-05,2.517379e-04,9.133792e-05,-2.020016e-05,3.382163e-04,3.382163e-04,2.158599e-04,6.615364e-04,5.667397e-04,1.553740e-04,2.907707e+01,2.624547e+01,2.579121e+01
1.368000e-10,0.000000e+00,0.000000e+00,0.000000e+00,1.535500e-05,2.560684e-04,9.394512e-05,-1.881808e-05,3.014858e-04,3.014858e-04,2.323718e-04,6.745815e-04,5.622782e-04,1.684365e-04,2.911476e+01,2.625444e+01,2.578771e+01
1.368500e-10,0.000000e+00,0.000000e+00,0.000000e+00,1.504381e-05,2.593858e-04,9.655396e-05,-1.677087e-05,2.640657e-04,2.640657e-04,2.505781e-04,6.864104e-04,5.610097e-04,1.819585e-04,2.915319e+01,2.626312e+01,2.578537e+01
1.369000e-10,0.000000e+00,0.000000e+00,0.000000e+00,1.465846e-05,2.617317e-04,9.917855e-05,-1.413450e-05,2.265760e-04,2.265760e-04,2.701535e-04,6.968859e-04,5.626810e-04,1.960024e-04,2.919234e+01,2.627151e+01,2.578425e+01
1.369500e-10,0.000000e+00,0.000000e+00,0.000000e+00,1.418355e-05,2.631789e-04,1.018343e-04,-1.099180e-05,1.895904e-04,1.895904e-04,2.907776e-04,7.058174e-04,5.668248e-04,2.106313e-04,2.923218e+01,2.627959e+01,2.578441e+01
1.370000e-10,0.000000e+00,0.000000e+00,0.000000e+00,1.361020e-05,2.638157e-04,1.045376e-04,-7.430738e-06,1.536307e-04,1.536307e-04,3.121416e-04,7.129680e-04,5.727694e-04,2.259065e-04,2.927265e+01,2.628736e+01,2.578588e+01
1.370500e-10,0.000000e+00,0.000000e+00,0.000000e+00,1.293633e-05,2.637300e-04,1.073055e-04,-3.542616e-06,1.191639e-04,1.191639e-04,3.339541e-04,7.180694e-04,5.796655e-04,2.418867e-04,2.931370e+01,2.629485e+01,2.578865e+01
1.371000e-10,0.000000e+00,0.000000e+00,0.000000e+00,1.216641e-05,2.629964e-04,1.101553e-04,5.797136e-07,8.660050e-05,8.660050e-05,3.559457e-04,7.208439e-04,5.865298e-04,2.586261e-04,2.935524e+01,2.630206e+01,2.579268e+01
1.371500e-10,0.000000e+00,0.000000e+00,0.000000e+00,1.131048e-05,2.616667e-04,1.131041e-04,4.843599e-06,5.629340e-05,5.629340e-05,3.778739e-04,7.210325e-04,5.923089e-04,2.761732e-04,2.939718e+01,2.630902e+01,2.579793e+01
1.372000e-10,0.000000e+00,0.000000e+00,0.000000e+00,1.038284e-05,2.597659e-04,1.161689e-04,9.158268e-06,2.853738e-05,2.853738e-05,3.995260e-04,7.184260e-04,5.959574e-04,2.945702e-04,2.943943e+01,2.631576e+01,2.580431e+01
1.372500e-10,0.000000e+00,0.000000e+00,0.000000e+00,9.400453e-06,2.572922e-04,1.193658e-04,1.343640e-05,3.568722e-06,3.568722e-06,4.207222e-04,7.128954e-04,5.965234e-04,3.138527e-04,2.948185e+01,2.632233e+01,2.581173e+01
1.373000e-10,0.000000e+00,0.000000e+00,0.000000e+00,8.381387e-06,2.542223e-04,1.227102e-04,1.759556e-05,-1.843470e-05,-1.843470e-05,4.413168e-04,7.044185e-04,5.932308e-04,3.340504e-04,2.952433e+01,2.632876e+01,2.582007e+01
1.373500e-10,0.000000e+00,0.000000e+00,0.000000e+00,7.343388e-06,2.505202e-04,1.262167e-04,2.155951e-05,-3.735260e-05,-3.735260e-05,4.611989e-04,6.930989e-04,5.855447e-04,3.551883e-04,2.956673e+01,2.633510e+01,2.582921e+01
1.374000e-10,0.000000e+00,0.000000e+00,0.000000e+00,6.302786e-06,2.461474e-04,1.298987e-04,2.525926e-05,-5.312066e-05,-5.312066e-05,4.802915e-04,6.791737e-04,5.732108e-04,3.772887e-04,2.960893e+01,2.634141e+01,2.583898e+01
1.374500e-10,0.000000e+00,0.000000e+00,0.000000e+00,5.273772e-06,2.410747e-04,1.337685e-04,2.863407e-05,-6.572776e-05,-6.572776e-05,4.985489e-04,6.630107e-04,5.562626e-04,4.003739e-04,2.965080e+01,2.634774e+01,2.584925e+01
1.375000e-10,0.000000e+00,0.000000e+00,0.000000e+00,4.268093e-06,2.352921e-04,1.378376e-04,3.163208e-05,-7.521217e-05,-7.521217e-05,5.159528e-04,6.450934e-04,5.349981e-04,4.244686e-04,2.969220e+01,2.635416e+01,2.585984e+01
1.375500e-10,0.000000e+00,0.000000e+00,0.000000e+00,3.295113e-06,2.288176e-04,1.421161e-04,3.421093e-05,-8.165684e-05,-8.165684e-05,5.325061e-04,6.259981e-04,5.099320e-04,4.496038e-04,2.973301e+01,2.636071e+01,2.587060e+01
1.376000e-10,0.000000e+00,0.000000e+00,0.000000e+00,2.362171e-06,2.217019e-04,1.466137e-04,3.633805e-05,-8.518393e-05,-8.518393e-05,5.482264e-04,6.063648e-04,4.817345e-04,4.758192e-04,2.977313e+01,2.636748e+01,2.588137e+01
1.376500e-10,0.000000e+00,0.000000e+00,0.000000e+00,1.475124e-06,2.140307e-04,1.513390e-04,3.799083e-05,-8.594891e-05,-8.594891e-05,5.631364e-04,5.868649e-04,4.511679e-04,5.031661e-04,2.981244e+01,2.637451e+01,2.589198e+01
1.377000e-10,0.000000e+00,0.000000e+00,0.000000e+00,6.389548e-07,2.059227e-04,1.563000e-04,3.915660e-05,-8.413460e-05,-8.413460e-05,5.772548e-04,5.681700e-04,4.190292e-04,5.317099e-04,2.985086e+01,2.638188e+01,2.590228e+01
1.377500e-10,0.000000e+00,0.000000e+00,0.000000e+00,-1.416647e-07,1.975248e-04,1.615046e-04,3.983245e-05,-7.994546e-05,-7.994546e-05,5.905862e-04,5.509226e-04,3.861059e-04,5.615302e-04,2.988831e+01,2.638965e+01,2.591213e+01
1.378000e-10,0.000000e+00,0.000000e+00,0.000000e+00,-8.619507e-07,1.890058e-04,1.669603e-04,4.002491e-05,-7.360230e-05,-7.360230e-05,6.031110e-04,5.357103e-04,3.531448e-04,5.927212e-04,2.992473e+01,2.639788e+01,2.592140e+01
1.378500e-10,0.000000e+00,0.000000e+00,0.000000e+00,-1.516796e-06,1.805467e-04,1.726745e-04,3.974946e-05,-6.533772e-05,-6.533772e-05,6.147768e-04,5.230438e-04,3.208356e-04,6.253884e-04,2.996007e+01,2.640664e+01,2.592995e+01
1.379000e-10,0.000000e+00,0.000000e+00,0.000000e+00,-2.100799e-06,1.723320e-04,1.786551e-04,3.903001e-05,-5.539227e-05,-5.539227e-05,6.254916e-04,5.133383e-04,2.898032e-04,6.596440e-04,2.999430e+01,2.641598e+01,2.593770e+01
1.379500e-10,0.000000e+00,0.000000e+00,0.000000e+00,-2.608544e-06,1.645401e-04,1.849104e-04,3.789817e-05,-4.401123e-05,-4.401123e-05,6.351202e-04,5.068968e-04,2.606078e-04,6.955983e-04,3.002743e+01,2.642596e+01,2.594454e+01
1.380000e-10,0.000000e+00,0.000000e+00,0.000000e+00,-3.035078e-06,1.573346e-04,1.914496e-04,3.639250e-05,-3.144213e-05,-3.144213e-05,6.434843e-04,5.038961e-04,2.337473e-04,7.333475e-04,3.005946e+01,2.643663e+01,2.595041e+01
1.380500e-10,0.000000e+00,0.000000e+00,0.000000e+00,-3.376554e-06,1.508578e-04,1.982829e-04,3.455765e-05,-1.793267e-05,-1.793267e-05,6.503675e-04,5.043727e-04,2.096604e-04,7.729570e-04,3.009043e+01,2.644805e+01,2.595526e+01
1.381000e-10,0.000000e+00,0.000000e+00,0.000000e+00,-3.630918e-06,1.452262e-04,2.054215e-04,3.244346e-05,-3.728943e-06,-3.728943e-06,6.555258e-04,5.082110e-04,1.887286e-04,8.144396e-04,3.012040e+01,2.646026e+01,2.595904e+01
1.381500e-10,0.000000e+00,0.000000e+00,0.000000e+00,-3.798576e-06,1.405282e-04,2.128784e-04,3.010400e-05,1.092620e-05,1.092620e-05,6.587028e-04,5.151337e-04,1.712751e-04,8.577291e-04,3.014943e+01,2.647331e+01,2.596175e+01
1.382000e-10,0.000000e+00,0.000000e+00,0.000000e+00,-3.882916e-06,1.368249e-04,2.206680e-04,2.759652e-05,2.579484e-05,2.579484e-05,6.596501e-04,5.246958e-04,1.575619e-04,9.026492e-04,3.017764e+01,2.648725e+01,2.596338e+01
1.382500e-10,0.000000e+00,0.000000e+00,0.000000e+00,-3.890616e-06,1.341532e-04,2.288064e-04,2.498049e-05,4.064577e-05,4.064577e-05,6.581498e-04,5.362868e-04,1.477853e-04,9.488800e-04,3.020512e+01,2.650210e+01,2.596396e+01
1.383000e-10,0.000000e+00,0.000000e+00,0.000000e+00,-3.831667e-06,1.325300e-04,2.373115e-04,2.231649e-05,5.525648e-05,5.525648e-05,6.540392e-04,5.491416e-04,1.420704e-04,9.959240e-04,3.023201e+01,2.651791e+01,2.596353e+01
1.383500e-10,0.000000e+00,0.000000e+00,0.000000e+00,-3.719088e-06,1.319582e-04,2.462026e-04,1.966521e-05,6.941531e-05,6.941531e-05,6.472330e-04,5.623653e-04,1.404654e-04,1.043077e-03,3.025845e+01,2.653471e+01,2.596214e+01
1.384000e-10,0.000000e+00,0.000000e+00,0.000000e+00,-3.568362e-06,1.324313e-04,2.555006e-04,1.708638e-05,8.292372e-05,8.292372e-05,6.377412e-04,5.749725e-04,1.429381e-04,1.089410e-03,3.028460e+01,2.655254e+01,2.595987e+01
1.384500e-10,0.000000e+00,0.000000e+00,0.000000e+00,-3.396631e-06,1.339381e-04,2.652273e-04,1.463781e-05,9.559857e-05,9.559857e-05,6.256811e-04,5.859413e-04,1.493745e-04,1.133768e-03,3.031061e+01,2.657142e+01,2.595679e+01
1.385000e-10,0.000000e+00,0.000000e+00,0.000000e+00,-3.221767e-06,1.364642e-04,2.754050e-04,1.237444e-05,1.072743e-04,1.072743e-04,6.112809e-04,5.942793e-04,1.595799e-04,1.174793e-03,3.033665e+01,2.659138e+01,2.595302e+01
1.385500e-10,0.000000e+00,0.000000e+00,0.000000e+00,-3.061397e-06,1.399926e-04,2.860562e-04,1.034741e-05,1.178051e-04,1.178051e-04,5.948748e-04,5.990937e-04,1.732838e-04,1.210975e-03,3.036287e+01,2.661246e+01,2.594865e+01
1.386000e-10,0.000000e+00,0.000000e+00,0.000000e+00,-2.932024e-06,1.445017e-04,2.972021e-04,8.603346e-06,1.270664e-04,1.270664e-04,5.768905e-04,5.996589e-04,1.901473e-04,1.240740e-03,3.038945e+01,2.663469e+01,2.594380e+01
1.386500e-10,0.000000e+00,0.000000e+00,0.000000e+00,-2.848302e-06,1.499617e-04,3.088619e-04,7.183597e-06,1.349563e-04,1.349563e-04,5.578307e-04,5.954701e-04,2.097738e-04,1.262550e-03,3.041652e+01,2.665809e+01,2.593860e+01
1.387000e-10,0.000000e+00,0.000000e+00,0.000000e+00,-2.822543e-06,1.563311e-04,3.210518e-04,6.123680e-06,1.413966e-04,1.413966e-04,5.382505e-04,5.862768e-04,2.317214e-04,1.275031e-03,3.044423e+01,2.668272e+01,2.593318e+01
1.387500e-10,0.000000e+00,0.000000e+00,0.000000e+00,-2.864479e-06,1.635534e-04,3.337829e-04,5.452821e-06,1.463332e-04,1.463332e-04,5.187327e-04,5.720901e-04,2.555169e-04,1.277088e-03,3.047271e+01,2.670859e+01,2.592766e+01
1.388000e-10,0.000000e+00,0.000000e+00,0.000000e+00,-2.981244e-06,1.715548e-04,3.470599e-04,5.193634e-06,1.497361e-04,1.497361e-04,4.998643e-04,5.531655e-04,2.806708e-04,1.268010e-03,3.050208e+01,2.673576e+01,2.592217e+01
1.388500e-10,0.000000e+00,0.000000e+00,0.000000e+00,-3.177545e-06,1.802436e-04,3.608792e-04,5.361949e-06,1.515988e-04,1.515988e-04,4.822140e-04,5.299657e-04,3.066923e-04,1.247533e-03,3.053244e+01,2.676427e+01,2.591684e+01
1.389000e-10,0.000000e+00,0.000000e+00,0.000000e+00,-3.455950e-06,1.895123e-04,3.752263e-04,5.966778e-06,1.519379e-04,1.519379e-04,4.663119e-04,5.031100e-04,3.331049e-04,1.215865e-03,3.056389e+01,2.679417e+01,2.591180e+01
1.389500e-10,0.000000e+00,0.000000e+00,0.000000e+00,-3.817196e-06,1.992412e-04,3.900739e-04,7.010433e-06,1.507918e-04,1.507918e-04,4.526332e-04,4.733212e-04,3.594608e-04,1.173668e-03,3.059649e+01,2.682554e+01,2.590716e+01
1.390000e-10,0.000000e+00,0.000000e+00,0.000000e+00,-4.260488e-06,2.093033e-04,4.053794e-04,8.488785e-06,1.482193e-04,1.482193e-04,4.415828e-04,4.413745e-04,3.853551e-04,1.121994e-03,3.063030e+01,2.685843e+01,2.590302e+01
1.390500e-10,0.000000e+00,0.000000e+00,0.000000e+00,-4.783692e-06,2.195700e-04,4.210823e-04,1.039165e-05,1.442980e-04,1.442980e-04,4.334829e-04,4.080558e-04,4.104377e-04,1.062202e-03,3.066536e+01,2.689292e+01,2.589949e+01
1.391000e-10,0.000000e+00,0.000000e+00,0.000000e+00,-5.383436e-06,2.299173e-04,4.371020e-04,1.270331e-05,1.391223e-04,1.391223e-04,4.285612e-04,3.741301e-04,4.344247e-04,9.958585e-04,3.070170e+01,2.692910e+01,2.589665e+01
1.391500e-10,0.000000e+00,0.000000e+00,0.000000e+00,-6.055096e-06,2.402305e-04,4.533358e-04,1.540311e-05,1.328020e-04,1.328020e-04,4.269398e-04,3.403207e-04,4.571052e-04,9.246287e-04,3.073934e+01,2.696706e+01,2.589457e+01
1.392000e-10,0.000000e+00,0.000000e+00,0.000000e+00,-6.792715e-06,2.504074e-04,4.696575e-04,1.846619e-05,1.254594e-04,1.254594e-04,4.286250e-04,3.072972e-04,4.783468e-04,8.501882e-04,3.077827e+01,2.700692e+01,2.589332e+01
1.392500e-10,0.000000e+00,0.000000e+00,0.000000e+00,-7.588881e-06,2.603600e-04,4.859167e-04,2.186424e-05,1.172280e-04,1.172280e-04,4.334969e-04,2.756688e-04,4.980962e-04,7.741426e-04,3.081847e+01,2.704879e+01,2.589295e+01
1.393000e-10,0.000000e+00,0.000000e+00,0.000000e+00,-8.434636e-06,2.700137e-04,5.019394e-04,2.556633e-05,1.082498e-04,1.082498e-04,4.413016e-04,2.459827e-04,5.163770e-04,6.979676e-04,3.085993e+01,2.709280e+01,2.589348e+01
1.393500e-10,0.000000e+00,0.000000e+00,0.000000e+00,-9.319457e-06,2.793052e-04,5.175302e-04,2.953978e-05,9.867312e-05,9.867312e-05,4.516445e-04,2.187225e-04,5.332830e-04,6.229694e-04,3.090260e+01,2.713910e+01,2.589493e+01
1.394000e-10,0.000000e+00,0.000000e+00,0.000000e+00,-1.023136e-05,2.881781e-04,5.324759e-04,3.375104e-05,8.865026e-05,8.865026e-05,4.639902e-04,1.943078e-04,5.489690e-04,5.502621e-04,3.094644e+01,2.718785e+01,2.589730e+01
1.394500e-10,0.000000e+00,0.000000e+00,0.000000e+00,-1.115713e-05,2.965790e-04,5.465515e-04,3.816650e-05,7.833546e-05,7.833546e-05,4.776676e-04,1.730928e-04,5.636383e-04,4.807596e-04,3.099139e+01,2.723922e+01,2.590059e+01
1.395000e-10,0.000000e+00,0.000000e+00,0.000000e+00,-1.208269e-05,3.044520e-04,5.595284e-04,4.275341e-05,6.788241e-05,6.788241e-05,4.918860e-04,1.553637e-04,5.775279e-04,4.151803e-04,3.103739e+01,2.729339e+01,2.590477e+01
1.395500e-10,0.000000e+00,0.000000e+00,0.000000e+00,-1.299360e-05,3.117354e-04,5.711841e-04,4.748058e-05,5.744209e-05,5.744209e-05,5.057608e-04,1.413364e-04,5.908924e-04,3.540584e-04,3.108435e+01,2.735055e+01,2.590981e+01
1.396000e-10,0.000000e+00,0.000000e+00,0.000000e+00,-1.387560e-05,3.183579e-04,5.813140e-04,5.231921e-05,4.716061e-05,4.716061e-05,5.183526e-04,1.311541e-04,6.039867e-04,2.977616e-04,3.113220e+01,2.741093e+01,2.591566e+01
1.396500e-10,0.000000e+00,0.000000e+00,0.000000e+00,-1.471520e-05,3.242377e-04,5.897442e-04,5.724353e-05,3.717708e-05,3.717708e-05,5.287159e-04,1.248858e-04,6.170484e-04,2.465115e-04,3.118083e+01,2.747474e+01,2.592227e+01
1.397000e-10,0.000000e+00,0.000000e+00,0.000000e+00,-1.550019e-05,3.292822e-04,5.963443e-04,6.223141e-05,2.762165e-05,2.762165e-05,5.359564e-04,1.225258e-04,6.302801e-04,2.004046e-04,3.123015e+01,2.754222e+01,2.592956e+01
1.397500e-10,0.000000e+00,0.000000e+00,0.000000e+00,-1.622012e-05,3.333908e-04,6.010397e-04,6.726489e-05,1.861375e-05,1.861375e-05,5.392887e-04,1.239964e-04,6.438320e-04,1.594335e-04,3.128004e+01,2.761363e+01,2.593748e+01
1.398000e-10,0.000000e+00,0.000000e+00,0.000000e+00,-1.686660e-05,3.364575e-04,6.038209e-04,7.233063e-05,1.026033e-05,1.026033e-05,5.380895e-04,1.291509e-04,6.577869e-04,1.235062e-04,3.133038e+01,2.768921e+01,2.594594e+01
1.398500e-10,0.000000e+00,0.000000e+00,0.000000e+00,-1.743346e-05,3.383755e-04,6.047510e-04,7.742027e-05,2.654549e-06,2.654549e-06,5.319388e-04,1.377794e-04,6.721448e-04,9.246411e-05,3.138104e+01,2.776925e+01,2.595488e+01
1.399000e-10,0.000000e+00,0.000000e+00,0.000000e+00,-1.791678e-05,3.390427e-04,6.039674e-04,8.253066e-05,-4.125526e-06,-4.125526e-06,5.206423e-04,1.496165e-04,6.868130e-04,6.609805e-05,3.143185e+01,2.785403e+01,2.596421e+01
1.399500e-10,0.000000e+00,0.000000e+00,0.000000e+00,-1.831477e-05,3.383661e-04,6.016799e-04,8.766407e-05,-1.001779e-05,-1.001779e-05,5.042343e-04,1.643493e-04,7.015987e-04,4.416164e-05,3.148267e+01,2.794384e+01,2.597385e+01
1.400000e-10,0.000000e+00,0.000000e+00,0.000000e+00,-1.862753e-05,3.362664e-04,5.981628e-04,9.282819e-05,-1.497678e-05,-1.497678e-05,4.829602e-04,1.816270e-04,7.162086e-04,2.638311e-05,3.153333e+01,2.803896e+01,2.598374e+01
1.400500e-10,0.000000e+00,0.000000e+00,0.000000e+00,-1.885682e-05,3.326813e-04,5.937423e-04,9.803612e-05,-1.897399e-05,-1.897399e-05,4.572446e-04,2.010703e-04,7.302561e-04,1.247504e-05,3.158363e+01,2.813970e+01,2.599378e+01
1.401000e-10,0.000000e+00,0.000000e+00,0.000000e+00,-1.900582e-05,3.275679e-04,5.887793e-04,1.033061e-04,-2.199791e-05,-2.199791e-05,4.276488e-04,2.222810e-04,7.432785e-04,2.142439e-06,3.163340e+01,2.824633e+01,2.600392e+01
1.401500e-10,0.000000e+00,0.000000e+00,0.000000e+00,-1.907890e-05,3.209029e-04,5.836479e-04,1.086615e-04,-2.405373e-05,-2.405373e-05,3.948265e-04,2.448518e-04,7.547641e-04,-4.910652e-06,3.168243e+01,2.835914e+01,2.601410e+01
1.402000e-10,0.000000e+00,0.000000e+00,0.000000e+00,-1.908157e-05,3.126835e-04,5.787119e-04,1.141297e-04,-2.516273e-05,-2.516273e-05,3.594810e-04,2.683757e-04,7.641897e-04,-8.975835e-06,3.173051e+01,2.847837e+01,2.602425e+01
1.402500e-10,0.000000e+00,0.000000e+00,0.000000e+00,-1.902047e-05,3.029260e-04,5.742987e-04,1.197421e-04,-2.536138e-05,-2.536138e-05,3.223300e-04,2.924547e-04,7.710654e-04,-1.033607e-05,3.177745e+01,2.860421e+01,2.603433e+01
1.403000e-10,0.000000e+00,0.000000e+00,0.000000e+00,-1.890344e-05,2.916665e-04,5.706730e-04,1.255332e-04,-2.470014e-05,-2.470014e-05,2.840779e-04,3.167090e-04,7.749830e-04,-9.262297e-06,3.182303e+01,2.873683e+01,2.604431e+01
1.403500e-10,0.000000e+00,0.000000e+00,0.000000e+00,-1.873958e-05,2.789613e-04,5.680116e-04,1.315392e-04,-2.324206e-05,-2.324206e-05,2.453963e-04,3.407848e-04,7.756625e-04,-6.010796e-06,3.186706e+01,2.887628e+01,2.605415e+01
1.404000e-10,0.000000e+00,0.000000e+00,0.000000e+00,-1.853939e-05,2.648888e-04,5.663805e-04,1.377972e-04,-2.106113e-05,-2.106113e-05,2.069123e-04,3.643628e-04,7.729885e-04,-8.211617e-07,3.190935e+01,2.902251e+01,2.606384e+01
1.404500e-10,0.000000e+00,0.000000e+00,0.000000e+00,-1.831461e-05,2.495530e-04,5.657167e-04,1.443437e-04,-1.824047e-05,-1.824047e-05,1.692016e-04,3.871647e-04,7.670342e-04,6.085209e-06,3.194972e+01,2.917535e+01,2.607336e+01
1.405000e-10,0.000000e+00,0.000000e+00,0.000000e+00,-1.807804e-05,2.330873e-04,5.658172e-04,1.512134e-04,-1.487044e-05,-1.487044e-05,1.327845e-04,4.089599e-04,7.580651e-04,1.450620e-05,3.198802e+01,2.933444e+01,2.608272e+01
1.405500e-10,0.000000e+00,0.000000e+00,0.000000e+00,-1.784306e-05,2.156580e-04,5.663374e-04,1.584377e-04,-1.104661e-05,-1.104661e-05,9.812499e-05,4.295696e-04,7.465247e-04,2.425970e-05,3.202411e+01,2.949921e+01,2.609192e+01
1.406000e-10,0.000000e+00,0.000000e+00,0.000000e+00,-1.762303e-05,1.974669e-04,5.668022e-04,1.660433e-04,-6.867755e-06,-6.867755e-06,6.562934e-05,4.488709e-04,7.330029e-04,3.518398e-05,3.205788e+01,2.966888e+01,2.610101e+01
1.406500e-10,0.000000e+00,0.000000e+00,0.000000e+00,-1.743048e-05,1.787508e-04,5.666298e-04,1.740514e-04,-2.433832e-06,-2.433832e-06,3.564534e-05,4.667974e-04,7.181910e-04,4.713781e-05,3.208924e+01,2.984240e+01,2.610999e+01
1.407000e-10,0.000000e+00,0.000000e+00,0.000000e+00,-1.727637e-05,1.597787e-04,5.651707e-04,1.824771e-04,2.155950e-06,2.155950e-06,8.461306e-06,4.833390e-04,7.028296e-04,6.000032e-05,3.211814e+01,3.001849e+01,2.611893e+01
1.407500e-10,0.000000e+00,0.000000e+00,0.000000e+00,-1.716930e-05,1.408444e-04,5.617571e-04,1.913289e-04,6.804985e-06,6.804985e-06,-1.569484e-05,4.985381e-04,6.876541e-04,7.367057e-05,3.214455e+01,3.019560e+01,2.612787e+01
1.408000e-10,0.000000e+00,0.000000e+00,0.000000e+00,-1.711494e-05,1.222567e-04,5.557599e-04,2.006093e-04,1.142098e-05,1.142098e-05,-3.665606e-05,5.124847e-04,6.733426e-04,8.806687e-05,3.216848e+01,3.037200e+01,2.613687e+01
1.408500e-10,0.000000e+00,0.000000e+00,0.000000e+00,-1.711584e-05,1.043271e-04,5.466448e-04,2.103156e-04,1.591748e-05,1.591748e-05,-5.431584e-05,5.253084e-04,6.604683e-04,1.031259e-04,3.218998e+01,3.054577e+01,2.614600e+01
1.409000e-10,0.000000e+00,0.000000e+00,0.000000e+00,-1.717134e-05,8.735624e-05,5.340200e-04,2.204412e-04,2.021528e-05,2.021528e-05,-6.862673e-05,5.371690e-04,6.494597e-04,1.188016e-04,3.220911e+01,3.071492e+01,2.615534e+01
1.409500e-10,0.000000e+00,0.000000e+00,0.000000e+00,-1.727799e-05,7.162064e-05,5.176683e-04,2.309766e-04,2.424350e-05,2.424350e-05,-7.959753e-05,5.482448e-04,6.405674e-04,1.350634e-04,3.222598e+01,3.087746e+01,2.616497e+01
1.410000e-10,0.000000e+00,0.000000e+00,0.000000e+00,-1.743016e-05,5.736167e-05,4.975602e-04,2.419119e-04,2.794058e-05,2.794058e-05,-8.728908e-05,5.587204e-04,6.338409e-04,1.518951e-04,3.224073e+01,3.103147e+01,2.617498e+01
1.410500e-10,0.000000e+00,0.000000e+00,0.000000e+00,-1.762075e-05,4.477691e-05,4.738457e-04,2.532378e-04,3.125496e-05,3.125496e-05,-9.180901e-05,5.687734e-04,6.291144e-04,1.692924e-04,3.225353e+01,3.117519e+01,2.618545e+01
1.411000e-10,0.000000e+00,0.000000e+00,0.000000e+00,-1.784209e-05,3.401509e-05,4.468301e-04,2.649477e-04,3.414560e-05,3.414560e-05,-9.330555e-05,5.785607e-04,6.260055e-04,1.872608e-04,3.226457e+01,3.130710e+01,2.619649e+01
1.411500e-10,0.000000e+00,0.000000e+00,0.000000e+00,-1.808670e-05,2.517441e-05,4.169388e-04,2.770388e-04,3.658226e-05,3.658226e-05,-9.196100e-05,5.882054e-04,6.239296e-04,2.058136e-04,3.227405e+01,3.142596e+01,2.620819e+01
1.412000e-10,0.000000e+00,0.000000e+00,0.000000e+00,-1.834787e-05,1.830372e-05,3.846776e-04,2.895139e-04,3.854558e-05,3.854558e-05,-8.798521e-05,5.977844e-04,6.221310e-04,2.249695e-04,3.228222e+01,3.153087e+01,2.622065e+01
1.412500e-10,0.000000e+00,0.000000e+00,0.000000e+00,-1.862007e-05,1.340575e-05,3.505960e-04,3.023821e-04,4.002696e-05,4.002696e-05,-8.160934e-05,6.073175e-04,6.197345e-04,2.447503e-04,3.228932e+01,3.162124e+01,2.623396e+01
1.413000e-10,0.000000e+00,0.000000e+00,0.000000e+00,-1.889912e-05,1.044133e-05,3.152556e-04,3.156593e-04,4.102831e-05,4.102831e-05,-7.308044e-05,6.167591e-04,6.158139e-04,2.651795e-04,3.229559e+01,3.169683e+01,2.624823e+01
1.413500e-10,0.000000e+00,0.000000e+00,0.000000e+00,-1.918207e-05,9.333772e-06,2.792073e-04,3.293687e-04,4.156159e-05,4.156159e-05,-6.265672e-05,6.259930e-04,6.094739e-04,2.862803e-04,3.230130e+01,3.175771e+01,2.626356e+01
1.414000e-10,0.000000e+00,0.000000e+00,0.000000e+00,-1.946696e-05,9.972517e-06,2.429767e-04,3.435401e-04,4.164825e-05,4.164825e-05,-5.060373e-05,6.348312e-04,5.999339e-04,3.080757e-04,3.230667e+01,3.180426e+01,2.628002e+01
1.414500e-10,0.000000e+00,0.000000e+00,0.000000e+00,-1.975250e-05,1.221614e-05,2.070556e-04,3.582086e-04,4.131853e-05,4.131853e-05,-3.719135e-05,6.430192e-04,5.866048e-04,3.305878e-04,3.231195e+01,3.183708e+01,2.629773e+01
1.415000e-10,0.000000e+00,0.000000e+00,0.000000e+00,-2.003767e-05,1.589469e-05,1.718990e-04,3.734130e-04,4.061065e-05,4.061065e-05,-2.269128e-05,6.502460e-04,5.691437e-04,3.538393e-04,3.231735e+01,3.185703e+01,2.631676e+01
1.415500e-10,0.000000e+00,0.000000e+00,0.000000e+00,-2.032143e-05,2.081202e-05,1.379244e-04,3.891930e-04,3.956992e-05,3.956992e-05,-7.375065e-06,6.561615e-04,5.474809e-04,3.778543e-04,3.232305e+01,3.186512e+01,2.633721e+01
1.416000e-10,0.000000e+00,0.000000e+00,0.000000e+00,-2.060246e-05,2.674897e-05,1.055116e-04,4.055851e-04,3.824773e-05,3.824773e-05,8.487880e-06,6.604005e-04,5.218141e-04,4.026608e-04,3.232922e+01,3.186255e+01,2.635915e+01
1.416500e-10,0.000000e+00,0.000000e+00,0.000000e+00,-2.087898e-05,3.346788e-05,7.500320e-05,4.226185e-04,3.670056e-05,3.670056e-05,2.463215e-05,6.626113e-04,4.925744e-04,4.282930e-04,3.233598e+01,3.185059e+01,2.638268e+01
1.417000e-10,0.000000e+00,0.000000e+00,0.000000e+00,-2.114866e-05,4.071895e-05,4.670372e-05,4.403092e-04,3.498885e-05,3.498885e-05,4.079853e-05,6.624872e-04,4.603719e-04,4.547938e-04,3.234343e+01,3.183061e+01,2.640787e+01
1.417500e-10,0.000000e+00,0.000000e+00,0.000000e+00,-2.140848e-05,4.824817e-05,2.087781e-05,4.586537e-04,3.317592e-05,3.317592e-05,5.673637e-05,6.597983e-04,4.259322e-04,4.822171e-04,3.235161e+01,3.180404e+01,2.643480e+01
1.418000e-10,0.000000e+00,0.000000e+00,0.000000e+00,-2.165467e-05,5.580613e-05,-2.252078e-06,4.776214e-04,3.132676e-05,3.132676e-05,7.220627e-05,6.544188e-04,3.900344e-04,5.106304e-04,3.236053e+01,3.177233e+01,2.646355e+01
1.418500e-10,0.000000e+00,0.000000e+00,0.000000e+00,-2.188260e-05,6.315660e-05,-2.250834e-05,4.971468e-04,2.950694e-05,2.950694e-05,8.698300e-05,6.463478e-04,3.534592e-04,5.401154e-04,3.237019e+01,3.173690e+01,2.649420e+01
1.419000e-10,0.000000e+00,0.000000e+00,0.000000e+00,-2.208665e-05,7.008362e-05,-3.976059e-05,5.171210e-04,2.778145e-05,2.778145e-05,1.008584e-04,6.357200e-04,3.169502e-04,5.707690e-04,3.238051e+01,3.169916e+01,2.652683e+01
1.419500e-10,0.000000e+00,0.000000e+00,0.000000e+00,-2.226020e-05,7.639624e-05,-5.392725e-05,5.373837e-04,2.621358e-05,2.621358e-05,1.136442e-04,6.228045e-04,2.811898e-04,6.027011e-04,3.239141e+01,3.166047e+01,2.656153e+01
1.420000e-10,0.000000e+00,0.000000e+00,0.000000e+00,-2.239572e-05,8.193030e-05,-6.497616e-05,5.577161e-04,2.486392e-05,2.486392e-05,1.251747e-04,6.079943e-04,2.467880e-04,6.360317e-04,3.240276e+01,3.162209e+01,2.659838e+01
1.420500e-10,0.000000e+00,0.000000e+00,0.000000e+00,-2.248502e-05,8.654754e-05,-7.292389e-05,5.778362e-04,2.378930e-05,2.378930e-05,1.353090e-04,5.917848e-04,2.142811e-04,6.708846e-04,3.241442e+01,3.158521e+01,2.663749e+01
1.421000e-10,0.000000e+00,0.000000e+00,0.000000e+00,-2.251972e-05,9.013285e-05,-7.783394e-05,5.973976e-04,2.304193e-05,2.304193e-05,1.439327e-04,5.747468e-04,1.841349e-04,7.073775e-04,3.242622e+01,3.155089e+01,2.667895e+01
1.421500e-10,0.000000e+00,0.000000e+00,0.000000e+00,-2.249193e-05,9.259099e-05,-7.981384e-05,6.159929e-04,2.266862e-05,2.266862e-05,1.509587e-04,5.574963e-04,1.567512e-04,7.456086e-04,3.243799e+01,3.152007e+01,2.672286e+01
1.422000e-10,0.000000e+00,0.000000e+00,0.000000e+00,-2.239503e-05,9.384400e-05,-7.901157e-05,6.331643e-04,2.271007e-05,2.271007e-05,1.563282e-04,5.406626e-04,1.324740e-04,7.856385e-04,3.244953e+01,3.149357e+01,2.676933e+01
1.422500e-10,0.000000e+00,0.000000e+00,0.000000e+00,-2.222447e-05,9.383063e-05,-7.561146e-05,6.484205e-04,2.320036e-05,2.320036e-05,1.600102e-04,5.248589e-04,1.115932e-04,8.274671e-04,3.246067e+01,3.147203e+01,2.681849e+01
1.423000e-10,0.000000e+00,0.000000e+00,0.000000e+00,-2.197855e-05,9.250823e-05,-6.982973e-05,6.612622e-04,2.416655e-05,2.416655e-05,1.620009e-04,5.106554e-04,9.434650e-05,8.710058e-04,3.247121e+01,3.145599e+01,2.687046e+01
1.423500e-10,0.000000e+00,0.000000e+00,0.000000e+00,-2.165886e-05,8.985714e-05,-6.191011e-05,6.712134e-04,2.562845e-05,2.562845e-05,1.623229e-04,4.985558e-04,8.091842e-05,9.160458e-04,3.248099e+01,3.144581e+01,2.692537e+01
1.424000e-10,0.000000e+00,0.000000e+00,0.000000e+00,-2.127046e-05,8.588680e-05,-5.211926e-05,6.778578e-04,2.759859e-05,2.759859e-05,1.610232e-04,4.889763e-04,7.143745e-05,9.622243e-04,3.248984e+01,3.144171e+01,2.698336e+01
1.424500e-10,0.000000e+00,0.000000e+00,0.000000e+00,-2.082171e-05,8.064249e-05,-4.074229e-05,6.808748e-04,3.008228e-05,3.008228e-05,1.581716e-04,4.822278e-04,6.597207e-05,1.008992e-03,3.249762e+01,3.144379e+01,2.704458e+01
1.425000e-10,0.000000e+00,0.000000e+00,0.000000e+00,-2.032362e-05,7.421106e-05,-2.807820e-05,6.800738e-04,3.307791e-05,3.307791e-05,1.538585e-04,4.784987e-04,6.452680e-05,1.055587e-03,3.250421e+01,3.145199e+01,2.710916e+01
1.425500e-10,0.000000e+00,0.000000e+00,0.000000e+00,-1.978898e-05,6.672439e-05,-1.443510e-05,6.754184e-04,3.657737e-05,3.657737e-05,1.481930e-04,4.778405e-04,6.703904e-05,1.101020e-03,3.250951e+01,3.146613e+01,2.717726e+01
1.426000e-10,0.000000e+00,0.000000e+00,0.000000e+00,-1.923123e-05,5.835939e-05,-1.253597e-07,6.670412e-04,4.056659e-05,4.056659e-05,1.413002e-04,4.801539e-04,7.337770e-05,1.144081e-03,3.251345e+01,3.148591e+01,2.724904e+01
1.426500e-10,0.000000e+00,0.000000e+00,0.000000e+00,-1.866326e-05,4.933375e-05,1.453952e-05,6.552437e-04,4.502632e-05,4.502632e-05,1.333187e-04,4.851783e-04,8.334396e-05,1.183370e-03,3.251599e+01,3.151095e+01,2.732466e+01
1.427000e-10,0.000000e+00,0.000000e+00,0.000000e+00,-1.809641e-05,3.989763e-05,2.925418e-05,6.404835e-04,4.993286e-05,4.993286e-05,1.243987e-04,4.924868e-04,9.667444e-05,1.217360e-03,3.251712e+01,3.154074e+01,2.740427e+01
1.427500e-10,0.000000e+00,0.000000e+00,0.000000e+00,-1.753957e-05,3.032167e-05,4.372481e-05,6.233492e-04,5.525900e-05,5.525900e-05,1.146988e-04,5.014871e-04,1.130468e-04,1.244482e-03,3.251683e+01,3.157472e+01,2.748804e+01
1.428000e-10,0.000000e+00,0.000000e+00,0.000000e+00,-1.699881e-05,2.088240e-05,5.767433e-05,6.045287e-04,6.097502e-05,6.097502e-05,1.043840e-04,5.114347e-04,1.320872e-04,1.263243e-03,3.251518e+01,3.161225e+01,2.757614e+01
1.428500e-10,0.000000e+00,0.000000e+00,0.000000e+00,-1.647730e-05,1.184658e-05,7.084746e-05,5.847711e-04,6.704967e-05,6.704967e-05,9.362279e-05,5.214584e-04,1.533800e-04,1.272343e-03,3.251224e+01,3.165267e+01,2.766875e+01
1.429000e-10,0.000000e+00,0.000000e+00,0.000000e+00,-1.597579e-05,3.456144e-06,8.301514e-05,5.648499e-04,7.345117e-05,7.345117e-05,8.258477e-05,5.306003e-04,1.764778e-04,1.270795e-03,3.250809e+01,3.169526e+01,2.776605e+01
1.429500e-10,0.000000e+00,0.000000e+00,0.000000e+00,-1.549337e-05,-4.084779e-06,9.397835e-05,5.455279e-04,8.014828e-05,8.014828e-05,7.143812e-05,5.378715e-04,2.009134e-04,1.258011e-03,3.250287e+01,3.173931e+01,2.786823e+01
1.430000e-10,0.000000e+00,0.000000e+00,0.000000e+00,-1.502849e-05,-1.061910e-05,1.035711e-04,5.275255e-04,8.711117e-05,8.711117e-05,6.034702e-05,5.423162e-04,2.262119e-04,1.233860e-03,3.249672e+01,3.178410e+01,2.797548e+01
1.430500e-10,0.000000e+00,0.000000e+00,0.000000e+00,-1.458014e-05,-1.604154e-05,1.116621e-04,5.114948e-04,9.431233e-05,9.431233e-05,4.946923e-05,5.430817e-04,2.519030e-04,1.198678e-03,3.248981e+01,3.182894e+01,2.808799e+01
1.431000e-10,0.000000e+00,0.000000e+00,0.000000e+00,-1.414885e-05,-2.029832e-05,1.181564e-04,4.979969e-04,1.017272e-04,1.017272e-04,3.895375e-05,5.394823e-04,2.775340e-04,1.153239e-03,3.248233e+01,3.187317e+01,2.820595e+01
1.431500e-10,0.000000e+00,0.000000e+00,0.000000e+00,-1.373749e-05,-2.338231e-05,1.229945e-04,4.874835e-04,1.093350e-04,1.093350e-04,2.893866e-05,5.310500e-04,3.026819e-04,1.098683e-03,3.247448e+01,3.191616e+01,2.832954e+01
1.432000e-10,0.000000e+00,0.000000e+00,0.000000e+00,-1.335170e-05,-2.532434e-05,1.261521e-04,4.802802e-04,1.171187e-04,1.171187e-04,1.954905e-05,5.175638e-04,3.269653e-04,1.036428e-03,3.246647e+01,3.195736e+01,2.845893e+01
1.432500e-10,0.000000e+00,0.000000e+00,0.000000e+00,-1.299976e-05,-2.618225e-05,1.276386e-04,4.765720e-04,1.250654e-04,1.250654e-04,1.089530e-05,4.990545e-04,3.500550e-04,9.680666e-04,3.245853e+01,3.199626e+01,2.859423e+01
1.433000e-10,0.000000e+00,0.000000e+00,0.000000e+00,-1.269207e-05,-2.602942e-05,1.274944e-04,4.763893e-04,1.331662e-04,1.331662e-04,3.071569e-06,4.757855e-04,3.716824e-04,8.952679e-04,3.245088e+01,3.203243e+01,2.873550e+01
1.433500e-10,0.000000e+00,0.000000e+00,0.000000e+00,-1.244019e-05,-2.494460e-05,1.257885e-04,4.795964e-04,1.414161e-04,1.414161e-04,-3.845441e-06,4.482145e-04,3.916461e-04,8.196860e-04,3.244372e+01,3.206552e+01,2.888275e+01
1.434000e-10,0.000000e+00,0.000000e+00,0.000000e+00,-1.225556e-05,-2.300434e-05,1.226158e-04,4.858823e-04,1.498129e-04,1.498129e-04,-9.797293e-06,4.169446e-04,4.098157e-04,7.428880e-04,3.243726e+01,3.209524e+01,2.903584e+01
1.434500e-10,0.000000e+00,0.000000e+00,0.000000e+00,-1.214817e-05,-2.027919e-05,1.180934e-04,4.947575e-04,1.583568e-04,1.583568e-04,-1.474431e-05,3.826723e-04,4.261325e-04,6.663002e-04,3.243168e+01,3.212139e+01,2.919451e+01
1.435000e-10,0.000000e+00,0.000000e+00,0.000000e+00,-1.212527e-05,-1.683376e-05,1.123579e-04,5.055580e-04,1.670494e-04,1.670494e-04,-1.866566e-05,3.461391e-04,4.406081e-04,5.911730e-04,3.242715e+01,3.214384e+01,2.935836e+01
1.435500e-10,0.000000e+00,0.000000e+00,0.000000e+00,-1.219031e-05,-1.273030e-05,1.055613e-04,5.174614e-04,1.758928e-04,1.758928e-04,-2.155909e-05,3.080922e-04,4.533193e-04,5.185630e-04,3.242380e+01,3.216252e+01,2.952675e+01
1.436000e-10,0.000000e+00,0.000000e+00,0.000000e+00,-1.234239e-05,-8.034579e-06,9.786802e-05,5.295163e-04,1.848884e-04,1.848884e-04,-2.344026e-05,2.692554e-04,4.644021e-04,4.493282e-04,3.242175e+01,3.217745e+01,2.969884e+01
1.436500e-10,0.000000e+00,0.000000e+00,0.000000e+00,-1.257602e-05,-2.822811e-06,8.945123e-05,5.406871e-04,1.940370e-04,1.940370e-04,-2.434171e-05,2.303099e-04,4.740429e-04,3.841347e-04,3.242106e+01,3.218871e+01,2.987356e+01
1.437000e-10,0.000000e+00,0.000000e+00,0.000000e+00,-1.288156e-05,2.812154e-06,8.048940e-05,5.499137e-04,2.033374e-04,2.033374e-04,-2.431152e-05,1.918839e-04,4.824690e-04,3.234700e-04,3.242178e+01,3.219642e+01,3.004959e+01
1.437500e-10,0.000000e+00,0.000000e+00,0.000000e+00,-1.324594e-05,8.756689e-06,7.116287e-05,5.561799e-04,2.127875e-04,2.127875e-04,-2.341172e-05,1.545480e-04,4.899388e-04,2.676607e-04,3.242393e+01,3.220079e+01,3.022542e+01
1.438000e-10,0.000000e+00,0.000000e+00,0.000000e+00,-1.365376e-05,1.487538e-05,6.165046e-05,5.585862e-04,2.223841e-04,2.223841e-04,-2.171642e-05,1.188136e-04,4.967312e-04,2.168934e-04,3.242748e+01,3.220204e+01,3.039934e+01
1.438500e-10,0.000000e+00,0.000000e+00,0.000000e+00,-1.408857e-05,2.101365e-05,5.212621e-05,5.564154e-04,2.321237e-04,2.321237e-04,-1.930978e-05,8.513333e-05,5.031352e-04,1.712354e-04,3.243239e+01,3.220045e+01,3.056953e+01
1.439000e-10,0.000000e+00,0.000000e+00,0.000000e+00,-1.453408e-05,2.700384e-05,4.275635e-05,5.491827e-04,2.420041e-04,2.420041e-04,-1.628386e-05,5.390125e-05,5.094405e-04,1.306546e-04,3.243858e+01,3.219634e+01,3.073411e+01
1.439500e-10,0.000000e+00,0.000000e+00,0.000000e+00,-1.497528e-05,3.267413e-05,3.369636e-05,5.366638e-04,2.520252e-04,2.520252e-04,-1.273639e-05,2.545238e-05,5.159280e-04,9.503913e-05,3.244596e+01,3.219004e+01,3.089123e+01
1.440000e-10,0.000000e+00,0.000000e+00,0.000000e+00,-1.539924e-05,3.785910e-05,2.508840e-05,5.188963e-04,2.621906e-04,2.621906e-04,-8.768558e-06,6.174210e-08,5.228603e-04,6.421371e-05,3.245442e+01,3.218192e+01,3.103915e+01
1.440500e-10,0.000000e+00,0.000000e+00,0.000000e+00,-1.579556e-05,4.241058e-05,1.705908e-05,4.961576e-04,2.725089e-04,2.725089e-04,-4.482793e-06,-2.205710e-05,5.304732e-04,3.795512e-05,3.246382e+01,3.217235e+01,3.117630e+01
1.441000e-10,0.000000e+00,0.000000e+00,0.000000e+00,-1.615651e-05,4.620740e-05,9.717485e-06,4.689232e-04,2.829949e-04,2.829949e-04,1.931349e-08,-4.075326e-05,5.389663e-04,1.600493e-05,3.247402e+01,3.216171e+01,3.130136e+01
1.441500e-10,0.000000e+00,0.000000e+00,0.000000e+00,-1.647673e-05,4.916284e-05,3.153754e-06,4.378155e-04,2.936702e-04,2.936702e-04,4.638999e-06,-5.593893e-05,5.484941e-04,-1.919456e-06,3.248487e+01,3.215037e+01,3.141329e+01
1.442000e-10,0.000000e+00,0.000000e+00,0.000000e+00,-1.675283e-05,5.122893e-05,-2.561973e-06,4.035501e-04,3.045646e-04,3.045646e-04,9.282128e-06,-6.758863e-05,5.591565e-04,-1.611557e-05,3.249620e+01,3.213871e+01,3.151137e+01
1.442500e-10,0.000000e+00,0.000000e+00,0.000000e+00,-1.698275e-05,5.239710e-05,-7.380118e-06,3.668865e-04,3.157160e-04,3.157160e-04,1.386081e-05,-7.573677e-05,5.709888e-04,-2.688827e-05,3.250786e+01,3.212707e+01,3.159518e+01
1.443000e-10,0.000000e+00,0.000000e+00,0.000000e+00,-1.716515e-05,5.269542e-05,-1.127176e-05,3.285887e-04,3.271703e-04,3.271703e-04,1.829481e-05,-8.047378e-05,5.839522e-04,-3.454347e-05,3.251968e+01,3.211580e+01,3.166463e+01
1.443500e-10,0.000000e+00,0.000000e+00,0.000000e+00,-1.729887e-05,5.218299e-05,-1.422825e-05,2.893962e-04,3.389814e-04,3.389814e-04,2.251268e-05,-8.194087e-05,5.979252e-04,-3.938309e-05,3.253150e+01,3.210519e+01,3.171991e+01
1.444000e-10,0.000000e+00,0.000000e+00,0.000000e+00,-1.738258e-05,5.094221e-05,-1.626043e-05,2.500048e-04,3.512095e-04,3.512095e-04,2.645274e-05,-8.032381e-05,6.126962e-04,-4.170086e-05,3.254318e+01,3.209552e+01,3.176147e+01
1.444500e-10,0.000000e+00,0.000000e+00,0.000000e+00,-1.741469e-05,4.907021e-05,-1.739742e-05,2.110568e-04,3.639195e-04,3.639195e-04,3.006377e-05,-7.584627e-05,6.279606e-04,-4.177910e-05,3.255456e+01,3.208704e+01,3.179002e+01
1.445000e-10,0.000000e+00,0.000000e+00,0.000000e+00,-1.739338e-05,4.667051e-05,-1.768502e-05,1.731355e-04,3.771786e-04,3.771786e-04,3.330543e-05,-6.876312e-05,6.433215e-04,-3.988609e-05,3.256551e+01,3.207993e+01,3.180643e+01
1.445500e-10,0.000000e+00,0.000000e+00,0.000000e+00,-1.731698e-05,4.384585e-05,-1.718391e-05,1.367646e-04,3.910530e-04,3.910530e-04,3.614855e-05,-5.935406e-05,6.582994e-04,-3.627405e-05,3.257591e+01,3.207437e+01,3.181177e+01
1.446000e-10,0.000000e+00,0.000000e+00,0.000000e+00,-1.718432e-05,4.069295e-05,-1.596750e-05,1.024075e-04,4.056040e-04,4.056040e-04,3.857515e-05,-4.791786e-05,6.723488e-04,-3.117758e-05,3.258565e+01,3.207045e+01,3.180720e+01
1.446500e-10,0.000000e+00,0.000000e+00,0.000000e+00,-1.699524e-05,3.729955e-05,-1.411970e-05,7.046744e-05,4.208827e-04,4.208827e-04,4.057829e-05,-3.476726e-05,6.848860e-04,-2.481257e-05,3.259464e+01,3.206826e+01,3.179402e+01
1.447000e-10,0.000000e+00,0.000000e+00,0.000000e+00,-1.675103e-05,3.374363e-05,-1.173253e-05,4.128711e-05,4.369247e-04,4.369247e-04,4.216167e-05,-2.022446e-05,6.953254e-04,-1.737540e-05,3.260281e+01,3.206782e+01,3.177355e+01
1.447500e-10,0.000000e+00,0.000000e+00,0.000000e+00,-1.645470e-05,3.009460e-05,-8.903710e-06,1.514724e-05,4.537431e-04,4.537431e-04,4.333920e-05,-4.616991e-06,7.031228e-04,-9.042549e-06,3.261009e+01,3.206911e+01,3.174719e+01
1.448000e-10,0.000000e+00,0.000000e+00,0.000000e+00,-1.611119e-05,2.641563e-05,-5.734287e-06,-7.734724e-06,4.713215e-04,4.713215e-04,4.413432e-05,1.172614e-05,7.078226e-04,2.964562e-08,3.261646e+01,3.207209e+01,3.171631e+01
1.448500e-10,0.000000e+00,0.000000e+00,0.000000e+00,-1.572724e-05,2.276661e-05,-2.326301e-06,-2.720581e-05,4.896059e-04,4.896059e-04,4.457921e-05,2.847836e-05,7.091021e-04,9.704851e-06,3.262189e+01,3.207666e+01,3.168230e+01
1.449000e-10,0.000000e+00,0.000000e+00,0.000000e+00,-1.531119e-05,1.920681e-05,1.219390e-06,-4.317787e-05,5.084964e-04,5.084964e-04,4.471390e-05,4.531954e-05,7.068073e-04,1.986647e-05,3.262637e+01,3.208271e+01,3.164649e+01
1.449500e-10,0.000000e+00,0.000000e+00,0.000000e+00,-1.487253e-05,1.579678e-05,4.805135e-06,-5.562675e-05,5.278395e-04,5.278395e-04,4.458528e-05,6.194030e-05,7.009756e-04,3.041714e-05,3.262993e+01,3.209007e+01,3.161014e+01
1.450000e-10,0.000000e+00,0.000000e+00,0.000000e+00,-1.442140e-05,1.259896e-05,8.338309e-06,-6.458985e-05,5.474212e-04,5.474212e-04,4.424605e-05,7.804648e-05,6.918413e-04,4.127813e-05,3.263259e+01,3.209858e+01,3.157446e+01
1.450500e-10,0.000000e+00,0.000000e+00,0.000000e+00,-1.396802e-05,9.676915e-06,1.173291e-05,-7.016235e-05,5.669623e-04,5.669623e-04,4.375354e-05,9.336370e-05,6.798224e-04,5.238847e-05,3.263439e+01,3.210805e+01,3.154054e+01
1.451000e-10,0.000000e+00,0.000000e+00,0.000000e+00,-1.352210e-05,7.093345e-06,1.491089e-05,-7.249194e-05,5.861168e-04,5.861168e-04,4.316855e-05,1.076418e-04,6.654928e-04,6.370415e-05,3.263539e+01,3.211826e+01,3.150937e+01
1.451500e-10,0.000000e+00,0.000000e+00,0.000000e+00,-1.309243e-05,4.907046e-06,1.780332e-05,-7.177276e-05,6.044763e-04,6.044763e-04,4.255410e-05,1.206591e-04,6.495415e-04,7.519704e-05,3.263565e+01,3.212901e+01,3.148181e+01
1.452000e-10,0.000000e+00,0.000000e+00,0.000000e+00,-1.268647e-05,3.169422e-06,2.035115e-05,-6.823863e-05,6.215790e-04,6.215790e-04,4.197422e-05,1.322258e-04,6.327255e-04,8.685385e-05,3.263524e+01,3.214007e+01,3.145860e+01
1.452500e-10,0.000000e+00,0.000000e+00,0.000000e+00,-1.231022e-05,1.920984e-06,2.250590e-05,-6.215612e-05,6.369275e-04,6.369275e-04,4.149270e-05,1.421867e-04,6.158208e-04,9.867501e-05,3.263424e+01,3.215122e+01,3.144034e+01
1.453000e-10,0.000000e+00,0.000000e+00,0.000000e+00,-1.196810e-05,1.188330e-06,2.423000e-05,-5.381783e-05,6.500130e-04,6.500130e-04,4.117190e-05,1.504231e-04,5.995760e-04,1.106734e-04,3.263273e+01,3.216226e+01,3.142748e+01
1.453500e-10,0.000000e+00,0.000000e+00,0.000000e+00,-1.166305e-05,9.819929e-07,2.549690e-05,-4.353588e-05,6.603466e-04,6.603466e-04,4.107166e-05,1.568533e-04,5.846700e-04,1.228733e-04,3.263079e+01,3.217299e+01,3.142036e+01
1.454000e-10,0.000000e+00,0.000000e+00,0.000000e+00,-1.139674e-05,1.295381e-06,2.629108e-05,-3.163597e-05,6.674952e-04,6.674952e-04,4.124815e-05,1.614323e-04,5.716754e-04,1.353088e-04,3.262852e+01,3.218321e+01,3.141916e+01
1.454500e-10,0.000000e+00,0.000000e+00,0.000000e+00,-1.116976e-05,2.104889e-06,2.660775e-05,-1.845178e-05,6.711180e-04,6.711180e-04,4.175301e-05,1.641507e-04,5.610279e-04,1.480226e-04,3.262599e+01,3.219276e+01,3.142393e+01
1.455000e-10,0.000000e+00,0.000000e+00,0.000000e+00,-1.098189e-05,3.371092e-06,2.645244e-05,-4.319795e-06,6.710006e-04,6.710006e-04,4.263252e-05,1.650318e-04,5.530012e-04,1.610645e-04,3.262329e+01,3.220148e+01,3.143460e+01
1.455500e-10,0.000000e+00,0.000000e+00,0.000000e+00,-1.083239e-05,5.040831e-06,2.584042e-05,1.042570e-05,6.670806e-04,6.670806e-04,4.392689e-05,1.641296e-04,5.476864e-04,1.744901e-04,3.262050e+01,3.220925e+01,3.145099e+01
1.456000e-10,0.000000e+00,0.000000e+00,0.000000e+00,-1.072014e-05,7.049900e-06,2.479598e-05,2.545743e-05,6.594630e-04,6.594630e-04,4.566982e-05,1.615251e-04,5.449781e-04,1.883587e-04,3.261770e+01,3.221596e+01,3.147279e+01
1.456500e-10,0.000000e+00,0.000000e+00,0.000000e+00,-1.064384e-05,9.326057e-06,2.335156e-05,4.045983e-05,6.484218e-04,6.484218e-04,4.788814e-05,1.573232e-04,5.445675e-04,2.027319e-04,3.261496e+01,3.222154e+01,3.149961e+01
1.457000e-10,0.000000e+00,0.000000e+00,0.000000e+00,-1.060209e-05,1.179206e-05,2.154684e-05,5.513379e-05,6.343886e-04,6.343886e-04,5.060176e-05,1.516493e-04,5.459454e-04,2.176717e-04,3.261234e+01,3.222592e+01,3.153096e+01
1.457500e-10,0.000000e+00,0.000000e+00,0.000000e+00,-1.059338e-05,1.436851e-05,1.942765e-05,6.920106e-05,6.179290e-04,6.179290e-04,5.382365e-05,1.446457e-04,5.484195e-04,2.332387e-04,3.260992e+01,3.222908e+01,3.156630e+01
1.458000e-10,0.000000e+00,0.000000e+00,0.000000e+00,-1.061609e-05,1.697631e-05,1.704486e-05,8.240858e-05,5.997113e-04,5.997113e-04,5.756017e-05,1.364688e-04,5.511472e-04,2.494906e-04,3.260773e+01,3.223101e+01,3.160500e+01
1.458500e-10,0.000000e+00,0.000000e+00,0.000000e+00,-1.066845e-05,1.953873e-05,1.445321e-05,9.453223e-05,5.804702e-04,5.804702e-04,6.181146e-05,1.272862e-04,5.531857e-04,2.664803e-04,3.260582e+01,3.223173e+01,3.164640e+01
1.459000e-10,0.000000e+00,0.000000e+00,0.000000e+00,-1.074844e-05,2.198297e-05,1.171008e-05,1.053800e-04,5.609696e-04,5.609696e-04,6.657203e-05,1.172734e-04,5.535587e-04,2.842557e-04,3.260422e+01,3.223129e+01,3.168984e+01
1.459500e-10,0.000000e+00,0.000000e+00,0.000000e+00,-1.085375e-05,2.424128e-05,8.874244e-06,1.147943e-04,5.419679e-04,5.419679e-04,7.183148e-05,1.066113e-04,5.513332e-04,3.028580e-04,3.260297e+01,3.222974e+01,3.173460e+01
1.460000e-10,0.000000e+00,0.000000e+00,0.000000e+00,-1.098169e-05,2.625181e-05,6.004664e-06,1.226535e-04,5.241864e-04,5.241864e-04,7.757531e-05,9.548365e-05,5.456980e-04,3.223228e-04,3.260207e+01,3.222717e+01,3.178000e+01
1.460500e-10,0.000000e+00,0.000000e+00,0.000000e+00,-1.112924e-05,2.795913e-05,3.159258e-06,1.288722e-04,5.082830e-04,5.082830e-04,8.378575e-05,8.407428e-05,5.360335e-04,3.426803e-04,3.260154e+01,3.222368e+01,3.182536e+01
1.461000e-10,0.000000e+00,0.000000e+00,0.000000e+00,-1.129300e-05,2.931463e-05,3.937578e-07,1.334008e-04,4.948296e-04,4.948296e-04,9.044266e-05,7.256427e-05,5.219617e-04,3.639570e-04,3.260136e+01,3.221939e+01,3.187004e+01
1.461500e-10,0.000000e+00,0.000000e+00,0.000000e+00,-1.146926e-05,3.027685e-05,-2.239382e-06,1.362240e-04,4.842937e-04,4.842937e-04,9.752436e-05,6.112947e-05,5.033692e-04,3.861777e-04,3.260153e+01,3.221441e+01,3.191343e+01
1.462000e-10,0.000000e+00,0.000000e+00,0.000000e+00,-1.165410e-05,3.081173e-05,-4.691969e-06,1.373586e-04,4.770210e-04,4.770210e-04,1.050084e-04,4.993776e-05,4.804010e-04,4.093680e-04,3.260204e+01,3.220889e+01,3.195499e+01
1.462500e-10,0.000000e+00,0.000000e+00,0.000000e+00,-1.184346e-05,3.089300e-05,-6.920944e-06,1.368510e-04,4.732214e-04,4.732214e-04,1.128719e-04,3.914650e-05,4.534285e-04,4.335573e-04,3.260284e+01,3.220297e+01,3.199423e+01
1.463000e-10,0.000000e+00,0.000000e+00,0.000000e+00,-1.203323e-05,3.050250e-05,-8.889127e-06,1.347740e-04,4.729543e-04,4.729543e-04,1.210927e-04,2.890005e-05,4.229992e-04,4.587816e-04,3.260391e+01,3.219678e+01,3.203073e+01
1.463500e-10,0.000000e+00,0.000000e+00,0.000000e+00,-1.221943e-05,2.963062e-05,-1.056580e-05,1.312238e-04,4.761166e-04,4.761166e-04,1.296487e-04,1.932755e-05,3.897791e-04,4.850864e-04,3.260522e+01,3.219049e+01,3.206413e+01
1.464000e-10,0.000000e+00,0.000000e+00,0.000000e+00,-1.239826e-05,2.827673e-05,-1.192716e-05,1.263165e-04,4.824328e-04,4.824328e-04,1.385183e-04,1.054095e-05,3.544953e-04,5.125287e-04,3.260672e+01,3.218422e+01,3.209416e+01
1.464500e-10,0.000000e+00,0.000000e+00,0.000000e+00,-1.256620e-05,2.644953e-05,-1.295656e-05,1.201855e-04,4.914492e-04,4.914492e-04,1.476806e-04,2.633378e-06,3.178879e-04,5.411787e-04,3.260837e+01,3.217812e+01,3.212060e+01
1.465000e-10,0.000000e+00,0.000000e+00,0.000000e+00,-1.272009e-05,2.416748e-05,-1.364463e-05,1.129778e-04,5.025365e-04,5.025365e-04,1.571144e-04,-4.322011e-06,2.806733e-04,5.711199e-04,3.261012e+01,3.217231e+01,3.214334e+01
1.465500e-10,0.000000e+00,0.000000e+00,0.000000e+00,-1.285715e-05,2.145901e-05,-1.398924e-05,1.048517e-04,5.149017e-04,5.149017e-04,1.667982e-04,-1.027279e-05,2.435214e-04,6.024477e-04,3.261193e+01,3.216691e+01,3.216230e+01
1.466000e-10,0.000000e+00,0.000000e+00,0.000000e+00,-1.297496e-05,1.836257e-05,-1.399524e-05,9.597379e-05,5.276144e-04,5.276144e-04,1.767097e-04,-1.518747e-05,2.070424e-04,6.352658e-04,3.261375e+01,3.216204e+01,3.217750e+01
1.466500e-10,0.000000e+00,0.000000e+00,0.000000e+00,-1.307149e-05,1.492655e-05,-1.367414e-05,8.651612e-05,5.396480e-04,5.396480e-04,1.868255e-04,-1.905524e-05,1.717838e-04,6.696798e-04,3.261553e+01,3.215777e+01,3.218900e+01
1.467000e-10,0.000000e+00,0.000000e+00,0.000000e+00,-1.314500e-05,1.120878e-05,-1.304359e-05,7.665360e-05,5.499354e-04,5.499354e-04,1.971215e-04,-2.188519e-05,1.382305e-04,7.057873e-04,3.261724e+01,3.215420e+01,3.219694e+01
1.467500e-10,0.000000e+00,0.000000e+00,0.000000e+00,-1.319401e-05,7.275840e-06,-1.212680e-05,6.656120e-05,5.574369e-04,5.574369e-04,2.075727e-04,-2.370512e-05,1.068089e-04,7.436643e-04,3.261884e+01,3.215138e+01,3.220148e+01
1.468000e-10,0.000000e+00,0.000000e+00,0.000000e+00,-1.321717e-05,3.201864e-06,-1.095180e-05,5.641121e-05,5.612124e-04,5.612124e-04,2.181542e-04,-2.455984e-05,7.788941e-05,7.833465e-04,3.262029e+01,3.214935e+01,3.220288e+01
1.468500e-10,0.000000e+00,0.000000e+00,0.000000e+00,-1.321328e-05,-9.329543e-07,-9.550743e-06,4.637048e-05,5.604904e-04,5.604904e-04,2.288426e-04,-2.450929e-05,5.178877e-05,8.248071e-04,3.262157e+01,3.214814e+01,3.220139e+01
1.469000e-10,0.000000e+00,0.000000e+00,0.000000e+00,-1.318116e-05,-5.044317e-06,-7.958987e-06,3.659764e-05,5.547231e-04,5.547231e-04,2.396165e-04,-2.362624e-05,2.876966e-05,8.679286e-04,3.262265e+01,3.214776e+01,3.219732e+01
1.469500e-10,0.000000e+00,0.000000e+00,0.000000e+00,-1.311968e-05,-9.046107e-06,-6.214296e-06,2.724044e-05,5.436206e-04,5.436206e-04,2.504589e-04,-2.199391e-05,9.038974e-06,9.124720e-04,3.262352e+01,3.214820e+01,3.219101e+01
1.470000e-10,0.000000e+00,0.000000e+00,0.000000e+00,-1.302776e-05,-1.285295e-05,-4.355951e-06,1.843326e-05,5.271589e-04,5.271589e-04,2.613581e-04,-1.970340e-05,-7.255291e-06,9.580444e-04,3.262416e+01,3.214944e+01,3.218281e+01
1.470500e-10,0.000000e+00,0.000000e+00,0.000000e+00,-1.290446e-05,-1.638294e-05,-2.423885e-06,1.029477e-05,5.055634e-04,5.055634e-04,2.723097e-04,-1.685122e-05,-2.002741e-05,1.004068e-03,3.262458e+01,3.215144e+01,3.217309e+01
1.471000e-10,0.000000e+00,0.000000e+00,0.000000e+00,-1.274906e-05,-1.956033e-05,-4.578484e-07,2.926013e-06,4.792709e-04,4.792709e-04,2.833176e-04,-1.353669e-05,-2.925681e-05,1.049757e-03,3.262477e+01,3.215415e+01,3.216223e+01
1.471500e-10,0.000000e+00,0.000000e+00,0.000000e+00,-1.256123e-05,-2.231810e-05,1.503384e-06,-3.591214e-06,4.488797e-04,4.488797e-04,2.943949e-04,-9.859660e-06,-3.498954e-05,1.094107e-03,3.262475e+01,3.215750e+01,3.215061e+01
1.472000e-10,0.000000e+00,0.000000e+00,0.000000e+00,-1.234118e-05,-2.460006e-05,3.422751e-06,-9.195469e-06,4.150953e-04,4.150953e-04,3.055655e-04,-5.918209e-06,-3.733790e-05,1.135900e-03,3.262453e+01,3.216143e+01,3.213860e+01
1.472500e-10,0.000000e+00,0.000000e+00,0.000000e+00,-1.208987e-05,-2.636252e-05,5.265570e-06,-1.384629e-05,3.786791e-04,3.786791e-04,3.168639e-04,-1.806678e-06,-3.647767e-05,1.173745e-03,3.262414e+01,3.216584e+01,3.212655e+01
1.473000e-10,0.000000e+00,0.000000e+00,0.000000e+00,-1.180917e-05,-2.757525e-05,7.000126e-06,-1.752431e-05,3.404060e-04,3.404060e-04,3.283352e-04,2.386113e-06,-3.264323e-05,1.206135e-03,3.262361e+01,3.217065e+01,3.211481e+01
1.473500e-10,0.000000e+00,0.000000e+00,0.000000e+00,-1.150198e-05,-2.822174e-05,8.598163e-06,-2.023080e-05,3.010322e-04,3.010322e-04,3.400351e-04,6.578361e-06,-2.612060e-05,1.231540e-03,3.262297e+01,3.217577e+01,3.210367e+01
1.474000e-10,0.000000e+00,0.000000e+00,0.000000e+00,-1.117229e-05,-2.829878e-05,1.003529e-05,-2.198678e-05,2.612742e-04,2.612742e-04,3.520283e-04,1.069652e-05,-1.723891e-05,1.248518e-03,3.262226e+01,3.218110e+01,3.209344e+01
1.474500e-10,0.000000e+00,0.000000e+00,0.000000e+00,-1.082524e-05,-2.781541e-05,1.129129e-05,-2.283162e-05,2.217959e-04,2.217959e-04,3.643869e-04,1.467625e-05,-6.360885e-06,1.255825e-03,3.262153e+01,3.218654e+01,3.208434e+01
1.475000e-10,0.000000e+00,0.000000e+00,0.000000e+00,-1.046697e-05,-2.679150e-05,1.235031e-05,-2.282123e-05,1.832030e-04,1.832030e-04,3.771877e-04,1.846311e-05,6.127230e-06,1.252536e-03,3.262081e+01,3.219200e+01,3.207660e+01
1.475500e-10,0.000000e+00,0.000000e+00,0.000000e+00,-1.010449e-05,-2.525604e-05,1.320096e-05,-2.202598e-05,1.460404e-04,1.460404e-04,3.905094e-04,2.201299e-05,1.982579e-05,1.238117e-03,3.262015e+01,3.219739e+01,3.207037e+01
1.476000e-10,0.000000e+00,0.000000e+00,0.000000e+00,-9.745419e-06,-2.324544e-05,1.383637e-05,-2.052832e-05,1.107925e-04,1.107925e-04,4.044277e-04,2.529228e-05,3.433173e-05,1.212484e-03,3.261960e+01,3.220263e+01,3.206579e+01
1.476500e-10,0.000000e+00,0.000000e+00,0.000000e+00,-9.397731e-06,-2.080204e-05,1.425403e-05,-1.842026e-05,7.788272e-05,7.788272e-05,4.190110e-04,2.827788e-05,4.924816e-05,1.176004e-03,3.261920e+01,3.220762e+01,3.206293e+01
1.477000e-10,0.000000e+00,0.000000e+00,0.000000e+00,-9.069388e-06,-1.797291e-05,1.445568e-05,-1.580081e-05,4.767320e-05,4.767320e-05,4.343144e-04,3.095693e-05,6.419345e-05,1.129461e-03,3.261898e+01,3.221231e+01,3.206183e+01
1.477500e-10,0.000000e+00,0.000000e+00,0.000000e+00,-8.768033e-06,-1.480905e-05,1.444703e-05,-1.277331e-05,2.046384e-05,2.046384e-05,4.503726e-04,3.332645e-05,7.880967e-05,1.073993e-03,3.261899e+01,3.221662e+01,3.206248e+01
1.478000e-10,0.000000e+00,0.000000e+00,0.000000e+00,-8.500684e-06,-1.136495e-05,1.423747e-05,-9.442985e-06,-3.509161e-06,-3.509161e-06,4.671932e-04,3.539274e-05,9.277013e-05,1.010996e-03,3.261925e+01,3.222049e+01,3.206485e+01
1.478500e-10,0.000000e+00,0.000000e+00,0.000000e+00,-8.273473e-06,-7.698384e-06,1.383968e-05,-5.914508e-06,-2.407458e-05,-2.407458e-05,4.847481e-04,3.717074e-05,1.057858e-04,9.420332e-04,3.261978e+01,3.222389e+01,3.206885e+01
1.479000e-10,0.000000e+00,0.000000e+00,0.000000e+00,-8.091456e-06,-3.870227e-06,1.326921e-05,-2.289805e-06,-4.112668e-05,-4.112668e-05,5.029651e-04,3.868319e-05,1.176104e-04,8.687318e-04,3.262059e+01,3.222678e+01,3.207436e+01
1.479500e-10,0.000000e+00,0.000000e+00,0.000000e+00,-7.958484e-06,5.581820e-08,1.254403e-05,1.333920e-06,-5.462467e-05,-5.462467e-05,5.217194e-04,3.995979e-05,1.280435e-04,7.927023e-04,3.262169e+01,3.222914e+01,3.208124e+01
1.480000e-10,0.000000e+00,0.000000e+00,0.000000e+00,-7.877139e-06,4.013875e-06,1.168406e-05,4.865911e-06,-6.459055e-05,-6.459055e-05,5.408264e-04,4.103620e-05,1.369322e-04,7.154671e-04,3.262309e+01,3.223094e+01,3.208932e+01
1.480500e-10,0.000000e+00,0.000000e+00,0.000000e+00,-7.848723e-06,7.936997e-06,1.071068e-05,8.223319e-06,-7.110561e-05,-7.110561e-05,5.600355e-04,4.195304e-05,1.441708e-04,6.384102e-04,3.262476e+01,3.223219e+01,3.209840e+01
1.481000e-10,0.000000e+00,0.000000e+00,0.000000e+00,-7.873285e-06,1.175877e-05,9.646184e-06,1.133237e-05,-7.430545e-05,-7.430545e-05,5.790275e-04,4.275479e-05,1.496981e-04,5.627442e-04,3.262669e+01,3.223289e+01,3.210829e+01
1.481500e-10,0.000000e+00,0.000000e+00,0.000000e+00,-7.949658e-06,1.541532e-05,8.513364e-06,1.412929e-05,-7.437392e-05,-7.437392e-05,5.974164e-04,4.348877e-05,1.534945e-04,4.894932e-04,3.262886e+01,3.223306e+01,3.211877e+01
1.482000e-10,0.000000e+00,0.000000e+00,0.000000e+00,-8.075503e-06,1.884757e-05,7.334984e-06,1.656089e-05,-7.153649e-05,-7.153649e-05,6.147568e-04,4.420398e-05,1.555764e-04,4.194894e-04,3.263123e+01,3.223272e+01,3.212961e+01
1.482500e-10,0.000000e+00,0.000000e+00,0.000000e+00,-8.247352e-06,2.200347e-05,6.133358e-06,1.858501e-05,-6.605327e-05,-6.605327e-05,6.305591e-04,4.495006e-05,1.559913e-04,3.533788e-04,3.263376e+01,3.223190e+01,3.214059e+01
1.483000e-10,0.000000e+00,0.000000e+00,0.000000e+00,-8.460632e-06,2.483987e-05,4.929928e-06,2.017060e-05,-5.821218e-05,-5.821218e-05,6.443110e-04,4.577622e-05,1.548115e-04,2.916350e-04,3.263642e+01,3.223066e+01,3.215150e+01
1.483500e-10,0.000000e+00,0.000000e+00,0.000000e+00,-8.709704e-06,2.732388e-05,3.744888e-06,2.129772e-05,-4.832238e-05,-4.832238e-05,6.555082e-04,4.673024e-05,1.521291e-04,2.345763e-04,3.263915e+01,3.222902e+01,3.216214e+01
1.484000e-10,0.000000e+00,0.000000e+00,0.000000e+00,-8.987912e-06,2.943341e-05,2.596862e-06,2.195727e-05,-3.670821e-05,-3.670821e-05,6.636886e-04,4.785755e-05,1.480501e-04,1.823851e-04,3.264191e+01,3.222704e+01,3.217231e+01
1.484500e-10,0.000000e+00,0.000000e+00,0.000000e+00,-9.287670e-06,3.115688e-05,1.502624e-06,2.215053e-05,-2.370351e-05,-2.370351e-05,6.684702e-04,4.920040e-05,1.426910e-04,1.351284e-04,3.264464e+01,3.222478e+01,3.218183e+01
1.485000e-10,0.000000e+00,0.000000e+00,0.000000e+00,-9.600596e-06,3.249226e-05,4.768761e-07,2.188869e-05,-9.646402e-06,-9.646402e-06,6.695866e-04,5.079717e-05,1.361745e-04,9.277707e-05,3.264730e+01,3.222230e+01,3.219054e+01
1.485500e-10,0.000000e+00,0.000000e+00,0.000000e+00,-9.917713e-06,3.344537e-05,-4.679150e-07,2.119207e-05,5.125724e-06,5.125724e-06,6.669170e-04,5.268175e-05,1.286272e-04,5.522377e-05,3.264984e+01,3.221965e+01,3.219831e+01
1.486000e-10,0.000000e+00,0.000000e+00,0.000000e+00,-1.022971e-05,3.402804e-05,-1.321622e-06,2.008941e-05,2.028102e-05,2.028102e-05,6.605055e-04,5.488318e-05,1.201774e-04,2.229948e-05,3.265221e+01,3.221689e+01,3.220503e+01
1.486500e-10,0.000000e+00,0.000000e+00,0.000000e+00,-1.052725e-05,3.425616e-05,-2.076504e-06,1.861691e-05,3.549795e-05,3.549795e-05,6.505674e-04,5.742530e-05,1.109542e-04,-6.212302e-06,3.265437e+01,3.221408e+01,3.221061e+01
1.487000e-10,0.000000e+00,0.000000e+00,0.000000e+00,-1.080134e-05,3.414813e-05,-2.727198e-06,1.681731e-05,5.046994e-05,5.046994e-05,6.374823e-04,6.032674e-05,1.010865e-04,-3.056323e-05,3.265629e+01,3.221128e+01,3.221497e+01
1.487500e-10,0.000000e+00,0.000000e+00,0.000000e+00,-1.104366e-05,3.372373e-05,-3.270655e-06,1.473883e-05,6.491003e-05,6.491003e-05,6.217740e-04,6.360093e-05,9.070250e-05,-5.102964e-05,3.265794e+01,3.220854e+01,3.221810e+01
1.488000e-10,0.000000e+00,0.000000e+00,0.000000e+00,-1.124692e-05,3.300362e-05,-3.706029e-06,1.243406e-05,7.855519e-05,7.855519e-05,6.040809e-04,6.725633e-05,7.992915e-05,-6.790379e-05,3.265930e+01,3.220592e+01,3.221998e+01
1.488500e-10,0.000000e+00,0.000000e+00,0.000000e+00,-1.140512e-05,3.200945e-05,-4.034525e-06,9.958819e-06,9.117034e-05,9.117034e-05,5.851212e-04,7.129688e-05,6.889207e-05,-8.148664e-05,3.266035e+01,3.220346e+01,3.222062e+01
1.489000e-10,0.000000e+00,0.000000e+00,0.000000e+00,-1.151375e-05,3.076438e-05,-4.259209e-06,7.370962e-06,1.025518e-04,1.025518e-04,5.656544e-04,7.572241e-05,5.771494e-05,-9.208184e-05,3.266109e+01,3.220119e+01,3.222006e+01
1.489500e-10,0.000000e+00,0.000000e+00,0.000000e+00,-1.156993e-05,2.929387e-05,-4.384795e-06,4.729190e-06,1.125298e-04,1.125298e-04,5.464462e-04,8.052935e-05,4.651892e-05,-9.999085e-05,3.266152e+01,3.219916e+01,3.221836e+01
1.490000e-10,0.000000e+00,0.000000e+00,0.000000e+00,-1.157235e-05,2.762639e-05,-4.417407e-06,2.091838e-06,1.209705e-04,1.209705e-04,5.282350e-04,8.571136e-05,3.542185e-05,-1.055090e-04,3.266165e+01,3.219740e+01,3.221560e+01
1.490500e-10,0.000000e+00,0.000000e+00,0.000000e+00,-1.152123e-05,2.579386e-05,-4.364338e-06,-4.843086e-07,1.277766e-04,1.277766e-04,5.117036e-04,9.126008e-05,2.453736e-05,-1.089223e-04,3.266150e+01,3.219592e+01,3.221188e+01
1.491000e-10,0.000000e+00,0.000000e+00,0.000000e+00,-1.141818e-05,2.383159e-05,-4.233791e-06,-2.945153e-06,1.328869e-04,1.328869e-04,4.974563e-04,9.716589e-05,1.397372e-05,-1.105047e-04,3.266109e+01,3.219474e+01,3.220732e+01
1.491500e-10,0.000000e+00,0.000000e+00,0.000000e+00,-1.126592e-05,2.177764e-05,-4.034638e-06,-5.240361e-06,1.362755e-04,1.362755e-04,4.859977e-04,1.034185e-04,3.832764e-06,-1.105163e-04,3.266045e+01,3.219387e+01,3.220204e+01
1.492000e-10,0.000000e+00,0.000000e+00,0.000000e+00,-1.106817e-05,1.967151e-05,-3.776176e-06,-7.324349e-06,1.379497e-04,1.379497e-04,4.777165e-04,1.100078e-04,-5.791367e-06,-1.092013e-04,3.265963e+01,3.219332e+01,3.219618e+01
1.492500e-10,0.000000e+00,0.000000e+00,0.000000e+00,-1.082932e-05,1.755237e-05,-3.467905e-06,-9.157151e-06,1.379474e-04,1.379474e-04,4.728694e-04,1.169238e-04,-1.481334e-05,-1.067873e-04,3.265866e+01,3.219308e+01,3.218989e+01
1.493000e-10,0.000000e+00,0.000000e+00,0.000000e+00,-1.055436e-05,1.545701e-05,-3.119315e-06,-1.070515e-05,1.363343e-04,1.363343e-04,4.715671e-04,1.241575e-04,-2.315767e-05,-1.034839e-04,3.265757e+01,3.219313e+01,3.218331e+01
1.493500e-10,0.000000e+00,0.000000e+00,0.000000e+00,-1.024867e-05,1.341774e-05,-2.739702e-06,-1.194168e-05,1.332005e-04,1.332005e-04,4.737608e-04,1.317006e-04,-3.075967e-05,-9.948263e-05,3.265643e+01,3.219347e+01,3.217660e+01
1.494000e-10,0.000000e+00,0.000000e+00,0.000000e+00,-9.918011e-06,1.146059e-05,-2.338000e-06,-1.284738e-05,1.286576e-04,1.286576e-04,4.792316e-04,1.395455e-04,-3.756612e-05,-9.495607e-05,3.265526e+01,3.219408e+01,3.216991e+01
1.494500e-10,0.000000e+00,0.000000e+00,0.000000e+00,-9.568411e-06,9.604013e-06,-1.922646e-06,-1.341051e-05,1.228353e-04,1.228353e-04,4.875827e-04,1.476848e-04,-4.353575e-05,-9.005831e-05,3.265412e+01,3.219492e+01,3.216337e+01
1.495000e-10,0.000000e+00,0.000000e+00,0.000000e+00,-9.206196e-06,7.858400e-06,-1.501461e-06,-1.362693e-05,1.158782e-04,1.158782e-04,4.982388e-04,1.561111e-04,-4.863951e-05,-8.492489e-05,3.265305e+01,3.219597e+01,3.215713e+01
1.495500e-10,0.000000e+00,0.000000e+00,0.000000e+00,-8.837957e-06,6.226374e-06,-1.081561e-06,-1.350000e-05,1.079434e-04,1.079434e-04,5.104548e-04,1.648162e-04,-5.286050e-05,-7.967332e-05,3.265209e+01,3.219721e+01,3.215132e+01
1.496000e-10,0.000000e+00,0.000000e+00,0.000000e+00,-8.470506e-06,4.703902e-06,-6.692973e-07,-1.304029e-05,9.919679e-05,9.919679e-05,5.233370e-04,1.737905e-04,-5.619374e-05,-7.440367e-05,3.265127e+01,3.219859e+01,3.214603e+01
1.496500e-10,0.000000e+00,0.000000e+00,0.000000e+00,-8.110802e-06,3.282034e-06,-2.702135e-07,-1.226507e-05,8.981115e-05,8.981115e-05,5.358796e-04,1.830226e-04,-5.864566e-05,-6.919938e-05,3.265064e+01,3.220008e+01,3.214139e+01
1.497000e-10,0.000000e+00,0.000000e+00,0.000000e+00,-7.765813e-06,1.949014e-06,1.109692e-07,-1.119778e-05,7.996275e-05,7.996275e-05,5.470161e-04,1.924990e-04,-6.023339e-05,-6.412825e-05,3.265020e+01,3.220164e+01,3.213746e+01
1.497500e-10,0.000000e+00,0.000000e+00,0.000000e+00,-7.442331e-06,6.924483e-07,4.703463e-07,-9.867227e-06,6.982885e-05,6.982885e-05,5.556847e-04,2.022046e-04,-6.098390e-05,-5.924355e-05,3.265000e+01,3.220325e+01,3.213433e+01
1.498000e-10,0.000000e+00,0.000000e+00,0.000000e+00,-7.146746e-06,-4.987986e-07,8.048059e-07,-8.306817e-06,5.958486e-05,5.958486e-05,5.609002e-04,2.121226e-04,-6.093294e-05,-5.458520e-05,3.265003e+01,3.220486e+01,3.213203e+01
1.498500e-10,0.000000e+00,0.000000e+00,0.000000e+00,-6.884793e-06,-1.633232e-06,1.111988e-06,-6.553642e-06,4.940152e-05,4.940152e-05,5.618257e-04,2.222358e-04,-6.012400e-05,-5.018106e-05,3.265032e+01,3.220645e+01,3.213060e+01
1.499000e-10,0.000000e+00,0.000000e+00,0.000000e+00,-6.661312e-06,-2.716051e-06,1.390229e-06,-4.647546e-06,3.944211e-05,3.944211e-05,5.578340e-04,2.325279e-04,-5.860705e-05,-4.604832e-05,3.265086e+01,3.220798e+01,3.213006e+01
1.499500e-10,0.000000e+00,0.000000e+00,0.000000e+00,-6.480037e-06,-3.749206e-06,1.638500e-06,-2.630173e-06,2.985975e-05,2.985975e-05,5.485487e-04,2.429846e-04,-5.643739e-05,-4.219483e-05,3.265165e+01,3.220942e+01,3.213040e+01
1.500000e-10,0.000000e+00,0.000000e+00,0.000000e+00,-6.343446e-06,-4.732099e-06,1.856335e-06,-5.440219e-07,2.079474e-05,2.079474e-05,5.338617e-04,2.535954e-04,-5.367444e-05,-3.862048e-05,3.265268e+01,3.221075e+01,3.213160e+01
1.500500e-10,0.000000e+00,0.000000e+00,0.000000e+00,-6.252697e-06,-5.662723e-06,2.043755e-06,1.568473e-06,1.237219e-05,1.237219e-05,5.139234e-04,2.643552e-04,-5.038056e-05,-3.531855e-05,3.265394e+01,3.221195e+01,3.213363e+01
1.501000e-10,0.000000e+00,0.000000e+00,0.000000e+00,-6.207645e-06,-6.538972e-06,2.201198e-06,3.665806e-06,4.699951e-06,4.699951e-06,4.891104e-04,2.752655e-04,-4.661995e-05,-3.227700e-05,3.265539e+01,3.221300e+01,3.213643e+01
1.501500e-10,0.000000e+00,0.000000e+00,0.000000e+00,-6.206946e-06,-7.359828e-06,2.329447e-06,5.708200e-06,-2.133144e-06,-2.133144e-06,4.599785e-04,2.863357e-04,-4.245760e-05,-2.947973e-05,3.265701e+01,3.221388e+01,3.213994e+01
1.502000e-10,0.000000e+00,0.000000e+00,0.000000e+00,-6.248232e-06,-8.126174e-06,2.429562e-06,7.658324e-06,-8.058549e-06,-8.058549e-06,4.272080e-04,2.975844e-04,-3.795833e-05,-2.690768e-05,3.265877e+01,3.221459e+01,3.214408e+01
1.502500e-10,0.000000e+00,0.000000e+00,0.000000e+00,-6.328323e-06,-8.841041e-06,2.502819e-06,9.481919e-06,-1.302880e-05,-1.302880e-05,3.915505e-04,3.090395e-04,-3.318589e-05,-2.453992e-05,3.266064e+01,3.221513e+01,3.214877e+01
1.503000e-10,0.000000e+00,0.000000e+00,0.000000e+00,-6.443463e-06,-9.509241e-06,2.550661e-06,1.114833e-05,-1.701778e-05,-1.701778e-05,3.537831e-04,3.207389e-04,-2.820222e-05,-2.235459e-05,3.266257e+01,3.221548e+01,3.215392e+01
1.503500e-10,0.000000e+00,0.000000e+00,0.000000e+00,-6.589541e-06,-1.013641e-05,2.574645e-06,1.263092e-05,-2.002044e-05,-2.002044e-05,3.146727e-04,3.327300e-04,-2.306670e-05,-2.032971e-05,3.266453e+01,3.221565e+01,3.215942e+01
1.504000e-10,0.000000e+00,0.000000e+00,0.000000e+00,-6.762264e-06,-1.072766e-05,2.576409e-06,1.390741e-05,-2.205206e-05,-2.205206e-05,2.749516e-04,3.450687e-04,-1.783560e-05,-1.844389e-05,3.266648e+01,3.221566e+01,3.216519e+01
1.504500e-10,0.000000e+00,0.000000e+00,0.000000e+00,-6.957292e-06,-1.128599e-05,2.557633e-06,1.496008e-05,-2.314692e-05,-2.314692e-05,2.353024e-04,3.578183e-04,-1.256153e-05,-1.667693e-05,3.266839e+01,3.221550e+01,3.217111e+01
1.505000e-10,0.000000e+00,0.000000e+00,0.000000e+00,-7.170297e-06,-1.181083e-05,2.520013e-06,1.577592e-05,-2.335669e-05,-2.335669e-05,1.963503e-04,3.710465e-04,-7.293020e-06,-1.501024e-05,3.267021e+01,3.221520e+01,3.217708e+01
1.505500e-10,0.000000e+00,0.000000e+00,0.000000e+00,-7.396974e-06,-1.229696e-05,2.465237e-06,1.634663e-05,-2.274835e-05,-2.274835e-05,1.586603e-04,3.848230e-04,-2.074156e-06,-1.342727e-05,3.267191e+01,3.221476e+01,3.218301e+01
1.506000e-10,0.000000e+00,0.000000e+00,0.000000e+00,-7.633009e-06,-1.273387e-05,2.394965e-06,1.666857e-05,-2.140187e-05,-2.140187e-05,1.227368e-04,3.992150e-04,3.055684e-06,-1.191366e-05,3.267347e+01,3.221421e+01,3.218880e+01
1.506500e-10,0.000000e+00,0.000000e+00,0.000000e+00,-7.874026e-06,-1.310594e-05,2.310813e-06,1.674265e-05,-1.940777e-05,-1.940777e-05,8.902301e-05,4.142825e-04,8.062044e-06,-1.045744e-05,3.267484e+01,3.221356e+01,3.219437e+01
1.507000e-10,0.000000e+00,0.000000e+00,0.000000e+00,-8.115531e-06,-1.339319e-05,2.214342e-06,1.657410e-05,-1.686443e-05,-1.686443e-05,5.790154e-05,4.300728e-04,1.291553e-05,-9.049028e-06,3.267602e+01,3.221284e+01,3.219963e+01
1.507500e-10,0.000000e+00,0.000000e+00,0.000000e+00,-8.352893e-06,-1.357268e-05,2.107045e-06,1.617220e-05,-1.387553e-05,-1.387553e-05,2.969306e-05,4.466136e-04,1.759188e-05,-7.681234e-06,3.267698e+01,3.221206e+01,3.220450e+01
1.508000e-10,0.000000e+00,0.000000e+00,0.000000e+00,-8.581356e-06,-1.362030e-05,1.990342e-06,1.554997e-05,-1.054744e-05,-1.054744e-05,4.655022e-06,4.639056e-04,2.207199e-05,-6.349115e-06,3.267771e+01,3.221126e+01,3.220894e+01
1.508500e-10,0.000000e+00,0.000000e+00,0.000000e+00,-8.796102e-06,-1.351275e-05,1.865584e-06,1.472380e-05,-6.986761e-06,-6.986761e-06,-1.701975e-05,4.819144e-04,2.634184e-05,-5.049825e-06,3.267818e+01,3.221044e+01,3.221287e+01
1.509000e-10,0.000000e+00,0.000000e+00,0.000000e+00,-8.992374e-06,-1.322935e-05,1.734049e-06,1.371304e-05,-3.298008e-06,-3.298008e-06,-3.520406e-05,5.005620e-04,3.039243e-05,-3.782394e-06,3.267841e+01,3.220964e+01,3.221627e+01
1.509500e-10,0.000000e+00,0.000000e+00,0.000000e+00,-9.165627e-06,-1.275365e-05,1.596950e-06,1.253955e-05,4.184350e-07,4.184350e-07,-4.983620e-05,5.197183e-04,3.421960e-05,-2.547482e-06,3.267839e+01,3.220888e+01,3.221910e+01
1.510000e-10,0.000000e+00,0.000000e+00,0.000000e+00,-9.311712e-06,-1.207438e-05,1.455450e-06,1.122723e-05,4.068174e-06,4.068174e-06,-6.091853e-05,5.391935e-04,3.782383e-05,-1.347101e-06,3.267813e+01,3.220816e+01,3.222133e+01
1.510500e-10,0.000000e+00,0.000000e+00,0.000000e+00,-9.427052e-06,-1.118601e-05,1.310669e-06,9.801575e-06,7.564362e-06,7.564362e-06,-6.851444e-05,5.587324e-04,4.121000e-05,-1.843256e-07,3.267763e+01,3.220751e+01,3.222297e+01
1.511000e-10,0.000000e+00,0.000000e+00,0.000000e+00,-9.508807e-06,-1.008852e-05,1.163705e-06,8.289145e-06,1.082899e-05,1.082899e-05,-7.274387e-05,5.780115e-04,4.438709e-05,9.369907e-07,3.267692e+01,3.220695e+01,3.222401e+01
1.511500e-10,0.000000e+00,0.000000e+00,0.000000e+00,-9.554992e-06,-8.786869e-06,1.015646e-06,6.717091e-06,1.379389e-05,1.379389e-05,-7.377761e-05,5.966409e-04,4.736786e-05,2.012507e-06,3.267601e+01,3.220648e+01,3.222446e+01
1.512000e-10,0.000000e+00,0.000000e+00,0.000000e+00,-9.564543e-06,-7.290010e-06,8.675905e-07,5.112662e-06,1.640149e-05,1.640149e-05,-7.183078e-05,6.141723e-04,5.016845e-05,3.037667e-06,3.267493e+01,3.220612e+01,3.222434e+01
1.512500e-10,0.000000e+00,0.000000e+00,0.000000e+00,-9.537322e-06,-5.609844e-06,7.206561e-07,3.502730e-06,1.860523e-05,1.860523e-05,-6.715591e-05,6.301134e-04,5.280806e-05,4.007948e-06,3.267370e+01,3.220587e+01,3.222369e+01
1.513000e-10,0.000000e+00,0.000000e+00,0.000000e+00,-9.474069e-06,-3.760195e-06,5.759943e-07,1.913333e-06,2.036987e-05,2.036987e-05,-6.003587e-05,6.439510e-04,5.530850e-05,4.919095e-06,3.267236e+01,3.220574e+01,3.222254e+01
1.513500e-10,0.000000e+00,0.000000e+00,0.000000e+00,-9.376289e-06,-1.756013e-06,4.347953e-07,3.692484e-07,2.167143e-05,2.167143e-05,-5.077710e-05,6.551806e-04,5.769378e-05,5.767314e-06,3.267094e+01,3.220573e+01,3.222093e+01
1.514000e-10,0.000000e+00,0.000000e+00,0.000000e+00,-9.246124e-06,3.871108e-07,2.982893e-07,-1.106406e-06,2.249707e-05,2.249707e-05,-3.970319e-05,6.633419e-04,5.998971e-05,6.549448e-06,3.266948e+01,3.220584e+01,3.221892e+01
1.514500e-10,0.000000e+00,0.000000e+00,0.000000e+00,-9.086192e-06,2.653066e-06,1.677434e-07,-2.492529e-06,2.284463e-05,2.284463e-05,-2.714893e-05,6.680561e-04,6.222352e-05,7.263104e-06,3.266801e+01,3.220606e+01,3.221657e+01
1.515000e-10,0.000000e+00,0.000000e+00,0.000000e+00,-8.899435e-06,5.025011e-06,4.445161e-08,-3.770340e-06,2.272222e-05,2.272222e-05,-1.345472e-05,6.690618e-04,6.442345e-05,7.906763e-06,3.266657e+01,3.220638e+01,3.221393e+01
1.515500e-10,0.000000e+00,0.000000e+00,0.000000e+00,-8.688980e-06,7.484909e-06,-7.027863e-08,-4.923645e-06,2.214747e-05,2.214747e-05,1.038694e-06,6.662445e-04,6.661841e-05,8.479841e-06,3.266520e+01,3.220681e+01,3.221105e+01
1.516000e-10,0.000000e+00,0.000000e+00,0.000000e+00,-8.458036e-06,1.001292e-05,-1.751446e-07,-5.939035e-06,2.114684e-05,2.114684e-05,1.599524e-05,6.596557e-04,6.883768e-05,8.982730e-06,3.266393e+01,3.220733e+01,3.220802e+01
1.516500e-10,0.000000e+00,0.000000e+00,0.000000e+00,-8.209815e-06,1.258676e-05,-2.688696e-07,-6.806034e-06,1.975468e-05,1.975468e-05,3.108845e-05,6.495188e-04,7.111060e-05,9.416807e-06,3.266279e+01,3.220793e+01,3.220487e+01
1.517000e-10,0.000000e+00,0.000000e+00,0.000000e+00,-7.947501e-06,1.518121e-05,-3.502262e-07,-7.517181e-06,1.801231e-05,1.801231e-05,4.600629e-05,6.362216e-04,7.346642e-05,9.784408e-06,3.266181e+01,3.220859e+01,3.220169e+01
1.517500e-10,0.000000e+00,0.000000e+00,0.000000e+00,-7.674250e-06,1.776774e-05,-4.180608e-07,-8.068059e-06,1.596699e-05,1.596699e-05,6.045585e-05,6.202955e-04,7.593406e-05,1.008879e-05,3.266102e+01,3.220930e+01,3.219853e+01
1.518000e-10,0.000000e+00,0.000000e+00,0.000000e+00,-7.393214e-06,2.031447e-05,-4.713182e-07,-8.457256e-06,1.367080e-05,1.367080e-05,7.416781e-05,6.023864e-04,7.854203e-05,1.033404e-05,3.266045e+01,3.221004e+01,3.219543e+01
1.518500e-10,0.000000e+00,0.000000e+00,0.000000e+00,-7.107584e-06,2.278633e-05,-5.090649e-07,-8.686273e-06,1.117947e-05,1.117947e-05,8.690054e-05,5.832183e-04,8.131833e-05,1.052506e-05,3.266011e+01,3.221081e+01,3.219247e+01
1.519000e-10,0.000000e+00,0.000000e+00,0.000000e+00,-6.820640e-06,2.514559e-05,-5.305120e-07,-8.759383e-06,8.551264e-06,8.551264e-06,9.844365e-05,5.635564e-04,8.429048e-05,1.066738e-05,3.266001e+01,3.221158e+01,3.218967e+01
1.519500e-10,0.000000e+00,0.000000e+00,0.000000e+00,-6.535791e-06,2.735254e-05,-5.350352e-07,-8.683430e-06,5.845677e-06,5.845677e-06,1.086207e-04,5.441703e-04,8.748547e-05,1.076711e-05,3.266018e+01,3.221233e+01,3.218709e+01
1.520000e-10,0.000000e+00,0.000000e+00,0.000000e+00,-6.256613e-06,2.936644e-05,-5.221937e-07,-8.467594e-06,3.122272e-06,3.122272e-06,1.172913e-04,5.258020e-04,9.092981e-05,1.083082e-05,3.266062e+01,3.221306e+01,3.218475e+01
1.520500e-10,0.000000e+00,0.000000e+00,0.000000e+00,-5.986848e-06,3.114660e-05,-4.917458e-07,-8.123116e-06,4.394553e-07,4.394553e-07,1.243516e-04,5.091377e-04,9.464959e-05,1.086542e-05,3.266132e+01,3.221375e+01,3.218270e+01
1.521000e-10,0.000000e+00,0.000000e+00,0.000000e+00,-5.730394e-06,3.265353e-05,-4.436631e-07,-7.662997e-06,-2.146690e-06,-2.146690e-06,1.297345e-04,4.947841e-04,9.867044e-05,1.087804e-05,3.266230e+01,3.221438e+01,3.218094e+01
1.521500e-10,0.000000e+00,0.000000e+00,0.000000e+00,-5.491252e-06,3.385015e-05,-3.781425e-07,-7.101667e-06,-4.583518e-06,-4.583518e-06,1.334086e-04,4.832490e-04,1.030175e-04,1.087592e-05,3.266353e+01,3.221496e+01,3.217950e+01
1.522000e-10,0.000000e+00,0.000000e+00,0.000000e+00,-5.273454e-06,3.470297e-05,-2.956156e-07,-6.454651e-06,-6.822843e-06,-6.822843e-06,1.353760e-04,4.749244e-04,1.077154e-04,1.086633e-05,3.266503e+01,3.221545e+01,3.217839e+01
1.522500e-10,0.000000e+00,0.000000e+00,0.000000e+00,-5.080959e-06,3.518322e-05,-1.967568e-07,-5.738223e-06,-8.821860e-06,-8.821860e-06,1.356701e-04,4.700709e-04,1.127880e-04,1.085642e-05,3.266675e+01,3.221587e+01,3.217760e+01
1.523000e-10,0.000000e+00,0.000000e+00,0.000000e+00,-4.917526e-06,3.526784e-05,-8.248874e-08,-4.969060e-06,-1.054394e-05,-1.054394e-05,1.343523e-04,4.688037e-04,1.182579e-04,1.085319e-05,3.266870e+01,3.221619e+01,3.217714e+01
1.523500e-10,0.000000e+00,0.000000e+00,0.000000e+00,-4.786582e-06,3.494031e-05,4.601431e-08,-4.163912e-06,-1.195925e-05,-1.195925e-05,1.315094e-04,4.710798e-04,1.241462e-04,1.086337e-05,3.267085e+01,3.221643e+01,3.217700e+01
1.524000e-10,0.000000e+00,0.000000e+00,0.000000e+00,-4.691071e-06,3.419125e-05,1.873258e-07,-3.339275e-06,-1.304526e-05,-1.304526e-05,1.272497e-04,4.766862e-04,1.304720e-04,1.089340e-05,3.267316e+01,3.221657e+01,3.217715e+01
1.524500e-10,0.000000e+00,0.000000e+00,0.000000e+00,-4.633317e-06,3.301886e-05,3.397692e-07,-2.511099e-06,-1.378700e-05,-1.378700e-05,1.217001e-04,4.852328e-04,1.372512e-04,1.094932e-05,3.267561e+01,3.221661e+01,3.217758e+01
1.525000e-10,0.000000e+00,0.000000e+00,0.000000e+00,-4.614895e-06,3.142898e-05,5.014247e-07,-1.694511e-06,-1.417722e-05,-1.417722e-05,1.150030e-04,4.961508e-04,1.444962e-04,1.103680e-05,3.267817e+01,3.221656e+01,3.217827e+01
1.525500e-10,0.000000e+00,0.000000e+00,0.000000e+00,-4.636527e-06,2.943504e-05,6.701389e-07,-9.035719e-07,-1.421629e-05,-1.421629e-05,1.073134e-04,5.087004e-04,1.522145e-04,1.116106e-05,3.268079e+01,3.221642e+01,3.217918e+01
1.526000e-10,0.000000e+00,0.000000e+00,0.000000e+00,-4.698010e-06,2.705767e-05,8.435412e-07,-1.510663e-07,-1.391196e-05,-1.391196e-05,9.879567e-05,5.219910e-04,1.604085e-04,1.132688e-05,3.268345e+01,3.221620e+01,3.218029e+01
1.526500e-10,0.000000e+00,0.000000e+00,0.000000e+00,-4.798175e-06,2.432416e-05,1.019064e-06,5.516709e-07,-1.327897e-05,-1.327897e-05,8.962113e-05,5.350167e-04,1.690747e-04,1.153859e-05,3.268610e+01,3.221590e+01,3.218156e+01
1.527000e-10,0.000000e+00,0.000000e+00,0.000000e+00,-4.934895e-06,2.126785e-05,1.193972e-06,1.194893e-06,-1.233849e-05,-1.233849e-05,7.996507e-05,5.467065e-04,1.782033e-04,1.180010e-05,3.268870e+01,3.221553e+01,3.218296e+01
1.527500e-10,0.000000e+00,0.000000e+00,0.000000e+00,-5.105122e-06,1.792734e-05,1.365393e-06,1.770543e-06,-1.111741e-05,-1.111741e-05,7.000406e-05,5.559885e-04,1.877786e-04,1.211488e-05,3.269121e+01,3.221511e+01,3.218445e+01
1.528000e-10,0.000000e+00,0.000000e+00,0.000000e+00,-5.304965e-06,1.434575e-05,1.530359e-06,2.272315e-06,-9.647574e-06,-9.647574e-06,5.991315e-05,5.618622e-04,1.977794e-04,1.248603e-05,3.269359e+01,3.221463e+01,3.218600e+01
1.528500e-10,0.000000e+00,0.000000e+00,0.000000e+00,-5.529798e-06,1.057002e-05,1.685853e-06,2.695680e-06,-7.964910e-06,-7.964910e-06,4.986307e-05,5.634704e-04,2.081804e-04,1.291627e-05,3.269581e+01,3.221412e+01,3.218758e+01
1.529000e-10,0.000000e+00,0.000000e+00,0.000000e+00,-5.774390e-06,6.650250e-06,1.828861e-06,3.037878e-06,-6.108490e-06,-6.108490e-06,4.001742e-05,5.601617e-04,2.189532e-04,1.340800e-05,3.269783e+01,3.221358e+01,3.218915e+01
1.529500e-10,0.000000e+00,0.000000e+00,0.000000e+00,-6.033048e-06,2.639098e-06,1.956428e-06,3.297877e-06,-4.119590e-06,-4.119590e-06,3.052990e-05,5.515347e-04,2.300685e-04,1.396336e-05,3.269961e+01,3.221303e+01,3.219068e+01
1.530000e-10,0.000000e+00,0.000000e+00,0.000000e+00,-6.299764e-06,-1.408742e-06,2.065718e-06,3.476300e-06,-2.040736e-06,-2.040736e-06,2.154172e-05,5.374564e-04,2.414976e-04,1.458421e-05,3.270114e+01,3.221248e+01,3.219214e+01
1.530500e-10,0.000000e+00,0.000000e+00,0.000000e+00,-6.568367e-06,-5.437048e-06,2.154075e-06,3.575321e-06,8.523398e-08,8.523398e-08,1.317917e-05,5.180555e-04,2.532146e-04,1.527225e-05,3.270238e+01,3.221193e+01,3.219350e+01
1.531000e-10,0.000000e+00,0.000000e+00,0.000000e+00,-6.832655e-06,-9.388608e-06,2.219090e-06,3.598547e-06,2.216051e-06,2.216051e-06,5.551411e-06,4.936915e-04,2.651982e-04,1.602901e-05,3.270331e+01,3.221141e+01,3.219476e+01
1.531500e-10,0.000000e+00,0.000000e+00,0.000000e+00,-7.086534e-06,-1.320583e-05,2.258662e-06,3.550867e-06,4.310850e-06,4.310850e-06,-1.251214e-06,4.649084e-04,2.774336e-04,1.685592e-05,3.270393e+01,3.221093e+01,3.219587e+01
1.532000e-10,0.000000e+00,0.000000e+00,0.000000e+00,-7.324126e-06,-1.683146e-05,2.271057e-06,3.438293e-06,6.330918e-06,6.330918e-06,-7.158576e-06,4.323802e-04,2.899137e-04,1.775435e-05,3.270422e+01,3.221048e+01,3.219684e+01
1.532500e-10,0.000000e+00,0.000000e+00,0.000000e+00,-7.539887e-06,-2.020946e-05,2.254961e-06,3.267779e-06,8.240363e-06,8.240363e-06,-1.212159e-05,3.968574e-04,3.026404e-04,1.872561e-05,3.270419e+01,3.221009e+01,3.219765e+01
1.533000e-10,0.000000e+00,0.000000e+00,0.000000e+00,-7.728701e-06,-2.328598e-05,2.209538e-06,3.047040e-06,1.000668e-05,1.000668e-05,-1.611252e-05,3.591200e-04,3.156256e-04,1.977106e-05,3.270384e+01,3.220975e+01,3.219829e+01
1.533500e-10,0.000000e+00,0.000000e+00,0.000000e+00,-7.885976e-06,-2.601052e-05,2.134461e-06,2.784354e-06,1.160123e-05,1.160123e-05,-1.912479e-05,3.199409e-04,3.288914e-04,2.089208e-05,3.270319e+01,3.220948e+01,3.219876e+01
1.534000e-10,0.000000e+00,0.000000e+00,0.000000e+00,-8.007739e-06,-2.833714e-05,2.029954e-06,2.488373e-06,1.299959e-05,1.299959e-05,-2.117222e-05,2.800603e-04,3.424696e-04,2.209013e-05,3.270224e+01,3.220928e+01,3.219906e+01
1.534500e-10,0.000000e+00,0.000000e+00,0.000000e+00,-8.090726e-06,-3.022567e-05,1.896809e-06,2.167927e-06,1.418183e-05,1.418183e-05,-2.228779e-05,2.401699e-04,3.564010e-04,2.336678e-05,3.270102e+01,3.220915e+01,3.219919e+01
1.535000e-10,0.000000e+00,0.000000e+00,0.000000e+00,-8.132466e-06,-3.164283e-05,1.736402e-06,1.831838e-06,1.513269e-05,1.513269e-05,-2.252199e-05,2.009048e-04,3.707335e-04,2.472375e-05,3.269957e+01,3.220909e+01,3.219917e+01
1.535500e-10,0.000000e+00,0.000000e+00,0.000000e+00,-8.131367e-06,-3.256327e-05,1.550688e-06,1.488741e-06,1.584162e-05,1.584162e-05,-2.194081e-05,1.628396e-04,3.855196e-04,2.616292e-05,3.269791e+01,3.220912e+01,3.219899e+01
1.536000e-10,0.000000e+00,0.000000e+00,0.000000e+00,-8.086785e-06,-3.297036e-05,1.342189e-06,1.146917e-06,1.630279e-05,1.630279e-05,-2.062338e-05,1.264883e-04,4.008131e-04,2.768637e-05,3.269609e+01,3.220921e+01,3.219868e+01
1.536500e-10,0.000000e+00,0.000000e+00,0.000000e+00,-7.999073e-06,-3.285660e-05,1.113968e-06,8.141396e-07,1.651497e-05,1.651497e-05,-1.865952e-05,9.230401e-05,4.166646e-04,2.929642e-05,3.269415e+01,3.220937e+01,3.219825e+01
1.537000e-10,0.000000e+00,0.000000e+00,0.000000e+00,-7.869617e-06,-3.222393e-05,8.695837e-07,4.975390e-07,1.648138e-05,1.648138e-05,-1.614712e-05,6.067846e-05,4.331161e-04,3.099565e-05,3.269212e+01,3.220960e+01,3.219771e+01
1.537500e-10,0.000000e+00,0.000000e+00,0.000000e+00,-7.700832e-06,-3.108350e-05,6.130439e-07,2.034859e-07,1.620943e-05,1.620943e-05,-1.318943e-05,3.194160e-05,4.501950e-04,3.278696e-05,3.269006e+01,3.220990e+01,3.219708e+01
1.538000e-10,0.000000e+00,0.000000e+00,0.000000e+00,-7.496125e-06,-2.945530e-05,3.487318e-07,-6.250536e-08,1.571041e-05,1.571041e-05,-9.892557e-06,6.359932e-06,4.679070e-04,3.467358e-05,3.268802e+01,3.221024e+01,3.219639e+01
1.538500e-10,0.000000e+00,0.000000e+00,0.000000e+00,-7.259823e-06,-2.736750e-05,8.133018e-08,-2.958517e-07,1.499918e-05,1.499918e-05,-6.362907e-06,-1.586489e-05,4.862281e-04,3.665914e-05,3.268603e+01,3.221063e+01,3.219565e+01
1.539000e-10,0.000000e+00,0.000000e+00,0.000000e+00,-6.997062e-06,-2.485560e-05,-1.842687e-07,-4.929534e-07,1.409373e-05,1.409373e-05,-2.704906e-06,-3.459706e-05,5.050960e-04,3.874773e-05,3.268416e+01,3.221106e+01,3.219489e+01
1.539500e-10,0.000000e+00,0.000000e+00,0.000000e+00,-6.713647e-06,-2.196148e-05,-4.430622e-07,-6.512237e-07,1.301480e-05,1.301480e-05,9.811045e-07,-4.976663e-05,5.244018e-04,4.094388e-05,3.268243e+01,3.221152e+01,3.219411e+01
1.540000e-10,0.000000e+00,0.000000e+00,0.000000e+00,-6.415872e-06,-1.873237e-05,-6.900425e-07,-7.690963e-07,1.178537e-05,1.178537e-05,4.600719e-06,-6.136813e-05,5.439818e-04,4.325269e-05,3.268089e+01,3.221200e+01,3.219335e+01
1.540500e-10,0.000000e+00,0.000000e+00,0.000000e+00,-6.110341e-06,-1.521990e-05,-9.203072e-07,-8.460105e-07,1.043022e-05,1.043022e-05,8.067048e-06,-6.945759e-05,5.636109e-04,4.567985e-05,3.267959e+01,3.221249e+01,3.219262e+01
1.541000e-10,0.000000e+00,0.000000e+00,0.000000e+00,-5.803758e-06,-1.147911e-05,-1.129171e-06,-8.823767e-07,8.975437e-06,8.975437e-06,1.130201e-05,-7.414822e-05,5.829983e-04,4.823167e-05,3.267854e+01,3.221299e+01,3.219194e+01
1.541500e-10,0.000000e+00,0.000000e+00,0.000000e+00,-5.502738e-06,-7.567547e-06,-1.312277e-06,-8.795224e-07,7.447919e-06,7.447919e-06,1.423735e-05,-7.560466e-05,6.017879e-04,5.091516e-05,3.267777e+01,3.221347e+01,3.219131e+01
1.542000e-10,0.000000e+00,0.000000e+00,0.000000e+00,-5.213615e-06,-3.544432e-06,-1.465703e-06,-8.396210e-07,5.874867e-06,5.874867e-06,1.681539e-05,-7.403653e-05,6.195634e-04,5.373805e-05,3.267731e+01,3.221394e+01,3.219076e+01
1.542500e-10,0.000000e+00,0.000000e+00,0.000000e+00,-4.942277e-06,5.301740e-07,-1.586059e-06,-7.656062e-07,4.283317e-06,4.283317e-06,1.898948e-05,-6.969147e-05,6.358607e-04,5.670883e-05,3.267716e+01,3.221438e+01,3.219030e+01
1.543000e-10,0.000000e+00,0.000000e+00,0.000000e+00,-4.694016e-06,4.596163e-06,-1.670579e-06,-6.610738e-07,2.699668e-06,2.699668e-06,2.072426e-05,-6.284813e-05,6.501873e-04,5.983681e-05,3.267733e+01,3.221478e+01,3.218993e+01
1.543500e-10,0.000000e+00,0.000000e+00,0.000000e+00,-4.473419e-06,8.594206e-06,-1.717194e-06,-5.301733e-07,1.149240e-06,1.149240e-06,2.199565e-05,-5.380934e-05,6.620502e-04,6.313210e-05,3.267782e+01,3.221515e+01,3.218966e+01
1.544000e-10,0.000000e+00,0.000000e+00,0.000000e+00,-4.284276e-06,1.246660e-05,-1.724592e-06,-3.774928e-07,-3.441386e-07,-3.441386e-07,2.279067e-05,-4.289578e-05,6.709884e-04,6.660565e-05,3.267862e+01,3.221547e+01,3.218949e+01
1.544500e-10,0.000000e+00,0.000000e+00,0.000000e+00,-4.129522e-06,1.615816e-05,-1.692260e-06,-2.079398e-07,-1.758501e-06,-1.758501e-06,2.310708e-05,-3.044000e-05,6.766103e-04,7.026931e-05,3.267972e+01,3.221573e+01,3.218944e+01
1.545000e-10,0.000000e+00,0.000000e+00,0.000000e+00,-4.011205e-06,1.961714e-05,-1.620511e-06,-2.661924e-08,-3.074076e-06,-3.074076e-06,2.295288e-05,-1.678097e-05,6.786298e-04,7.413576e-05,3.268109e+01,3.221595e+01,3.218948e+01
1.545500e-10,0.000000e+00,0.000000e+00,0.000000e+00,-3.930468e-06,2.279613e-05,-1.510481e-06,1.612861e-07,-4.273562e-06,-4.273562e-06,2.234561e-05,-2.258891e-06,6.768978e-04,7.821861e-05,3.268271e+01,3.221610e+01,3.218963e+01
1.546000e-10,0.000000e+00,0.000000e+00,0.000000e+00,-3.887564e-06,2.565294e-05,-1.364119e-06,3.506325e-07,-5.342359e-06,-5.342359e-06,2.131164e-05,1.278977e-05,6.714247e-04,8.253239e-05,3.268454e+01,3.221620e+01,3.218988e+01
1.546500e-10,0.000000e+00,0.000000e+00,0.000000e+00,-3.881877e-06,2.815140e-05,-1.184143e-06,5.364266e-07,-6.268729e-06,-6.268729e-06,1.988529e-05,2.803708e-05,6.623909e-04,8.709258e-05,3.268655e+01,3.221623e+01,3.219022e+01
1.547000e-10,0.000000e+00,0.000000e+00,0.000000e+00,-3.911957e-06,3.026202e-05,-9.739934e-07,7.139279e-07,-7.043913e-06,-7.043913e-06,1.810786e-05,4.316843e-05,6.501425e-04,9.191566e-05,3.268870e+01,3.221621e+01,3.219064e+01
1.547500e-10,0.000000e+00,0.000000e+00,0.000000e+00,-3.975576e-06,3.196246e-05,-7.377509e-07,8.787427e-07,-7.662170e-06,-7.662170e-06,1.602661e-05,5.788717e-05,6.351756e-04,9.701921e-05,3.269094e+01,3.221614e+01,3.219114e+01
1.548000e-10,0.000000e+00,0.000000e+00,0.000000e+00,-4.069794e-06,3.323784e-05,-4.800542e-07,1.026906e-06,-8.120772e-06,-8.120772e-06,1.369369e-05,7.191914e-05,6.181084e-04,1.024220e-04,3.269324e+01,3.221601e+01,3.219169e+01
1.548500e-10,0.000000e+00,0.000000e+00,0.000000e+00,-4.191030e-06,3.408077e-05,-2.059955e-07,1.154952e-06,-8.419934e-06,-8.419934e-06,1.116497e-05,8.501680e-05,5.996470e-04,1.081439e-04,3.269555e+01,3.221583e+01,3.219230e+01
1.549000e-10,0.000000e+00,0.000000e+00,0.000000e+00,-4.335162e-06,3.449123e-05,7.899181e-08,1.259970e-06,-8.562684e-06,-8.562684e-06,8.498845e-06,9.696293e-05,5.805479e-04,1.142065e-04,3.269782e+01,3.221562e+01,3.219294e+01
1.549500e-10,0.000000e+00,0.000000e+00,0.000000e+00,-4.497626e-06,3.447618e-05,3.692538e-07,1.339648e-06,-8.554695e-06,-8.554695e-06,5.755064e-06,1.075735e-04,5.615806e-04,1.206326e-04,3.270002e+01,3.221536e+01,3.219360e+01
1.550000e-10,0.000000e+00,0.000000e+00,0.000000e+00,-4.673537e-06,3.404903e-05,6.590411e-07,1.392299e-06,-8.404061e-06,-8.404061e-06,2.993481e-06,1.167001e-04,5.434936e-04,1.274471e-04,3.270210e+01,3.221508e+01,3.219428e+01
1.550500e-10,0.000000e+00,0.000000e+00,0.000000e+00,-4.857817e-06,3.322897e-05,9.426365e-07,1.416879e-06,-8.121042e-06,-8.121042e-06,2.728531e-07,1.242304e-04,5.269837e-04,1.346764e-04,3.270404e+01,3.221478e+01,3.219495e+01
1.551000e-10,0.000000e+00,0.000000e+00,0.000000e+00,-5.045334e-06,3.204025e-05,1.214481e-06,1.412986e-06,-7.717771e-06,-7.717771e-06,-2.350329e-06,1.300892e-04,5.126706e-04,1.423492e-04,3.270580e+01,3.221446e+01,3.219561e+01
1.551500e-10,0.000000e+00,0.000000e+00,0.000000e+00,-5.231035e-06,3.051136e-05,1.469293e-06,1.380848e-06,-7.207944e-06,-7.207944e-06,-4.822962e-06,1.342366e-04,5.010746e-04,1.504963e-04,3.270735e+01,3.221414e+01,3.219623e+01
1.552000e-10,0.000000e+00,0.000000e+00,0.000000e+00,-5.410090e-06,2.867425e-05,1.702187e-06,1.321295e-06,-6.606487e-06,-6.606487e-06,-7.096368e-06,1.366673e-04,4.925983e-04,1.591506e-04,3.270867e+01,3.221381e+01,3.219682e+01
1.552500e-10,0.000000e+00,0.000000e+00,0.000000e+00,-5.578021e-06,2.656361e-05,1.908774e-06,1.235728e-06,-5.929216e-06,-5.929216e-06,-9.127223e-06,1.374073e-04,4.875091e-04,1.683473e-04,3.270975e+01,3.221350e+01,3.219736e+01
1.553000e-10,0.000000e+00,0.000000e+00,0.000000e+00,-5.730815e-06,2.421620e-05,2.085253e-06,1.126068e-06,-5.192502e-06,-5.192502e-06,-1.087836e-05,1.365117e-04,4.859236e-04,1.781236e-04,3.271058e+01,3.221320e+01,3.219784e+01
1.553500e-10,0.000000e+00,0.000000e+00,0.000000e+00,-5.865024e-06,2.167022e-05,2.228492e-06,9.947042e-07,-4.412928e-06,-4.412928e-06,-1.231943e-05,1.340616e-04,4.877942e-04,1.885183e-04,3.271115e+01,3.221292e+01,3.219826e+01
1.554000e-10,0.000000e+00,0.000000e+00,0.000000e+00,-5.977837e-06,1.896478e-05,2.336084e-06,8.444264e-07,-3.606975e-06,-3.606975e-06,-1.342738e-05,1.301604e-04,4.928967e-04,1.995716e-04,3.271147e+01,3.221268e+01,3.219860e+01
1.554500e-10,0.000000e+00,0.000000e+00,0.000000e+00,-6.067130e-06,1.613946e-05,2.406395e-06,6.783594e-07,-2.790712e-06,-2.790712e-06,-1.418677e-05,1.249309e-04,5.008234e-04,2.113240e-04,3.271153e+01,3.221246e+01,3.219886e+01
1.555000e-10,0.000000e+00,0.000000e+00,0.000000e+00,-6.131483e-06,1.323389e-05,2.438587e-06,4.998880e-07,-1.979517e-06,-1.979517e-06,-1.458992e-05,1.185122e-04,5.109829e-04,2.238159e-04,3.271136e+01,3.221229e+01,3.219905e+01
1.555500e-10,0.000000e+00,0.000000e+00,0.000000e+00,-6.170175e-06,1.028732e-05,2.432623e-06,3.125814e-07,-1.187822e-06,-1.187822e-06,-1.463684e-05,1.110566e-04,5.226101e-04,2.370866e-04,3.271097e+01,3.221215e+01,3.219915e+01
1.556000e-10,0.000000e+00,0.000000e+00,0.000000e+00,-6.183147e-06,7.338309e-06,2.389257e-06,1.201152e-07,-4.288942e-07,-4.288942e-07,-1.433499e-05,1.027264e-04,5.347904e-04,2.511728e-04,3.271038e+01,3.221207e+01,3.219917e+01
1.556500e-10,0.000000e+00,0.000000e+00,0.000000e+00,-6.170951e-06,4.424299e-06,2.310005e-06,-7.380519e-08,2.853568e-07,2.853568e-07,-1.369891e-05,9.369166e-05,5.464995e-04,2.661083e-04,3.270963e+01,3.221203e+01,3.219911e+01
1.557000e-10,0.000000e+00,0.000000e+00,0.000000e+00,-6.134677e-06,1.581290e-06,2.197094e-06,-2.655205e-07,9.445291e-07,9.445291e-07,-1.274965e-05,8.412695e-05,5.566596e-04,2.819226e-04,3.270872e+01,3.221203e+01,3.219897e+01
1.557500e-10,0.000000e+00,0.000000e+00,0.000000e+00,-6.075864e-06,-1.156557e-06,2.053401e-06,-4.514891e-07,1.539846e-06,1.539846e-06,-1.151407e-05,7.420872e-05,5.642085e-04,2.986408e-04,3.270770e+01,3.221208e+01,3.219876e+01
1.558000e-10,0.000000e+00,0.000000e+00,0.000000e+00,-5.996414e-06,-3.757282e-06,1.882382e-06,-6.283546e-07,2.064237e-06,2.064237e-06,-1.002412e-05,6.411249e-05,5.681751e-04,3.162834e-04,3.270660e+01,3.221218e+01,3.219848e+01
1.558500e-10,0.000000e+00,0.000000e+00,0.000000e+00,-5.898491e-06,-6.191506e-06,1.687979e-06,-7.930072e-07,2.512380e-06,2.512380e-06,-8.315877e-06,5.401001e-05,5.677529e-04,3.348668e-04,3.270545e+01,3.221232e+01,3.219814e+01
1.559000e-10,0.000000e+00,0.000000e+00,0.000000e+00,-5.784436e-06,-8.432786e-06,1.474527e-06,-9.426390e-07,2.880709e-06,2.880709e-06,-6.428694e-06,4.406653e-05,5.623602e-04,3.544044e-04,3.270428e+01,3.221250e+01,3.219775e+01
1.559500e-10,0.000000e+00,0.000000e+00,0.000000e+00,-5.656682e-06,-1.045797e-05,1.246653e-06,-1.074791e-06,3.167393e-06,3.167393e-06,-4.404201e-06,3.443795e-05,5.516786e-04,3.749085e-04,3.270313e+01,3.221272e+01,3.219731e+01
1.560000e-10,0.000000e+00,0.000000e+00,0.000000e+00,-5.517682e-06,-1.224752e-05,1.009170e-06,-1.187390e-06,3.372275e-06,3.372275e-06,-2.285354e-06,2.526822e-05,5.356650e-04,3.963922e-04,3.270201e+01,3.221297e+01,3.219683e+01
1.560500e-10,0.000000e+00,0.000000e+00,0.000000e+00,-5.369853e-06,-1.378583e-05,7.669704e-07,-1.278784e-06,3.496794e-06,3.496794e-06,-1.154992e-07,1.668689e-05,5.145359e-04,4.188722e-04,3.270097e+01,3.221325e+01,3.219632e+01
1.561000e-10,0.000000e+00,0.000000e+00,0.000000e+00,-5.215537e-06,-1.506149e-05,5.249233e-07,-1.347754e-06,3.543868e-06,3.543868e-06,2.062529e-06,8.806918e-06,4.887293e-04,4.423715e-04,3.270003e+01,3.221354e+01,3.219580e+01
1.561500e-10,0.000000e+00,0.000000e+00,0.000000e+00,-5.056979e-06,-1.606751e-05,2.877728e-07,-1.393535e-06,3.517764e-06,3.517764e-06,4.207249e-06,1.722823e-06,4.588534e-04,4.669221e-04,3.269920e+01,3.221386e+01,3.219527e+01
1.562000e-10,0.000000e+00,0.000000e+00,0.000000e+00,-4.896319e-06,-1.680147e-05,6.004493e-08,-1.415810e-06,3.423946e-06,3.423946e-06,6.279293e-06,-4.490691e-06,4.256285e-04,4.925675e-04,3.269851e+01,3.221418e+01,3.219473e+01
1.562500e-10,0.000000e+00,0.000000e+00,0.000000e+00,-4.735601e-06,-1.726562e-05,-1.540383e-07,-1.414709e-06,3.268911e-06,3.268911e-06,8.242084e-06,-9.779674e-06,3.898337e-04,5.193646e-04,3.269797e+01,3.221450e+01,3.219421e+01
1.563000e-10,0.000000e+00,0.000000e+00,0.000000e+00,-4.576798e-06,-1.746679e-05,-3.506350e-07,-1.390789e-06,3.060003e-06,3.060003e-06,1.006242e-05,-1.411132e-05,3.522616e-04,5.473850e-04,3.269761e+01,3.221482e+01,3.219370e+01
1.563500e-10,0.000000e+00,0.000000e+00,0.000000e+00,-4.421832e-06,-1.741626e-05,-5.263489e-07,-1.345013e-06,2.805235e-06,2.805235e-06,1.171095e-05,-1.747386e-05,3.136844e-04,5.767148e-04,3.269741e+01,3.221513e+01,3.219322e+01
1.564000e-10,0.000000e+00,0.000000e+00,0.000000e+00,-4.272610e-06,-1.712937e-05,-6.782831e-07,-1.278720e-06,2.513089e-06,2.513089e-06,1.316255e-05,-1.987588e-05,2.748317e-04,6.074524e-04,3.269740e+01,3.221543e+01,3.219278e+01
1.564500e-10,0.000000e+00,0.000000e+00,0.000000e+00,-4.131042e-06,-1.662506e-05,-8.040818e-07,-1.193585e-06,2.192332e-06,2.192332e-06,1.439660e-05,-2.134519e-05,2.363778e-04,6.397048e-04,3.269758e+01,3.221570e+01,3.219237e+01
1.565000e-10,0.000000e+00,0.000000e+00,0.000000e+00,-3.999053e-06,-1.592523e-05,-9.019604e-07,-1.091579e-06,1.851825e-06,1.851825e-06,1.539717e-05,-2.192728e-05,1.989363e-04,6.735806e-04,3.269794e+01,3.221595e+01,3.219201e+01
1.565500e-10,0.000000e+00,0.000000e+00,0.000000e+00,-3.878587e-06,-1.505394e-05,-9.707226e-07,-9.749197e-07,1.500341e-06,1.500341e-06,1.615307e-05,-2.168333e-05,1.630582e-04,7.091799e-04,3.269847e+01,3.221618e+01,3.219169e+01
1.566000e-10,0.000000e+00,0.000000e+00,0.000000e+00,-3.771578e-06,-1.403661e-05,-1.009768e-06,-8.460234e-07,1.146393e-06,1.146393e-06,1.665788e-05,-2.068796e-05,1.292325e-04,7.465801e-04,3.269917e+01,3.221637e+01,3.219143e+01
1.566500e-10,0.000000e+00,0.000000e+00,0.000000e+00,-3.679916e-06,-1.289907e-05,-1.019085e-06,-7.074514e-07,7.980771e-07,7.980771e-07,1.690981e-05,-1.902683e-05,9.788634e-05,7.858171e-04,3.270003e+01,3.221652e+01,3.219122e+01
1.567000e-10,0.000000e+00,0.000000e+00,0.000000e+00,-3.605382e-06,-1.166678e-05,-9.992406e-07,-5.618566e-07,4.629250e-07,4.629250e-07,1.691157e-05,-1.679402e-05,6.938475e-05,8.268627e-04,3.270103e+01,3.221664e+01,3.219107e+01
1.567500e-10,0.000000e+00,0.000000e+00,0.000000e+00,-3.549577e-06,-1.036403e-05,-9.513516e-07,-4.119303e-07,1.477801e-07,1.477801e-07,1.667012e-05,-1.408943e-05,4.402909e-05,8.695964e-04,3.270216e+01,3.221672e+01,3.219098e+01
1.568000e-10,0.000000e+00,0.000000e+00,0.000000e+00,-3.513837e-06,-9.013367e-06,-8.770548e-07,-2.603499e-07,-1.413104e-07,-1.413104e-07,1.619636e-05,-1.101620e-05,2.205473e-05,9.137750e-04,3.270340e+01,3.221676e+01,3.219095e+01
1.568500e-10,0.000000e+00,0.000000e+00,0.000000e+00,-3.499151e-06,-7.635112e-06,-7.784659e-07,-1.097288e-07,-3.991820e-07,-3.991820e-07,1.550483e-05,-7.678247e-06,3.628402e-06,9.590000e-04,3.270473e+01,3.221677e+01,3.219097e+01
1.569000e-10,0.000000e+00,0.000000e+00,0.000000e+00,-3.506081e-06,-6.247159e-06,-6.581323e-07,3.743065e-08,-6.216176e-07,-6.216176e-07,1.461326e-05,-4.177920e-06,-1.115400e-05,1.004688e-03,3.270611e+01,3.221674e+01,3.219104e+01
1.569500e-10,0.000000e+00,0.000000e+00,0.000000e+00,-3.534696e-06,-4.864908e-06,-5.189797e-07,1.787800e-07,-8.053906e-07,-8.053906e-07,1.354221e-05,-6.139183e-07,-2.226866e-05,1.050045e-03,3.270754e+01,3.221667e+01,3.219116e+01
1.570000e-10,0.000000e+00,0.000000e+00,0.000000e+00,-3.584532e-06,-3.501371e-06,-3.642533e-07,3.121636e-07,-9.482855e-07,-9.482855e-07,1.231455e-05,2.920579e-06,-2.976339e-05,1.094063e-03,3.270899e+01,3.221657e+01,3.219132e+01
1.570500e-10,0.000000e+00,0.000000e+00,0.000000e+00,-3.654573e-06,-2.167399e-06,-1.974546e-07,4.356514e-07,-1.049097e-06,-1.049097e-06,1.095503e-05,6.339508e-06,-3.375533e-05,1.135520e-03,3.271043e+01,3.221645e+01,3.219153e+01
1.571000e-10,0.000000e+00,0.000000e+00,0.000000e+00,-3.743255e-06,-8.719722e-07,-2.227369e-08,5.475668e-07,-1.107608e-06,-1.107608e-06,9.489805e-06,9.565241e-06,-3.442657e-05,1.173025e-03,3.271183e+01,3.221630e+01,3.219177e+01
1.571500e-10,0.000000e+00,0.000000e+00,0.000000e+00,-3.848505e-06,3.775048e-07,1.574802e-07,6.465082e-07,-1.124550e-06,-1.124550e-06,7.945887e-06,1.252962e-05,-3.201788e-05,1.205072e-03,3.271317e+01,3.221613e+01,3.219204e+01
1.572000e-10,0.000000e+00,0.000000e+00,0.000000e+00,-3.967802e-06,1.574944e-06,3.379509e-07,7.313644e-07,-1.101545e-06,-1.101545e-06,6.350698e-06,1.517469e-05,-2.682079e-05,1.230140e-03,3.271443e+01,3.221594e+01,3.219234e+01
1.572500e-10,0.000000e+00,0.000000e+00,0.000000e+00,-4.098249e-06,2.715389e-06,5.153082e-07,8.013239e-07,-1.041026e-06,-1.041026e-06,4.731565e-06,1.745325e-05,-1.916852e-05,1.246793e-03,3.271559e+01,3.221575e+01,3.219265e+01
1.573000e-10,0.000000e+00,0.000000e+00,0.000000e+00,-4.236664e-06,3.794926e-06,6.858202e-07,8.558778e-07,-9.461572e-07,-9.461572e-07,3.115258e-06,1.932904e-05,-9.426223e-06,1.253802e-03,3.271663e+01,3.221554e+01,3.219298e+01
1.573500e-10,0.000000e+00,0.000000e+00,0.000000e+00,-4.379677e-06,4.810680e-06,8.459240e-07,8.948168e-07,-8.207295e-07,-8.207295e-07,1.527538e-06,2.077678e-05,2.019064e-06,1.250253e-03,3.271752e+01,3.221534e+01,3.219331e+01
1.574000e-10,0.000000e+00,0.000000e+00,0.000000e+00,-4.523824e-06,5.760882e-06,9.922937e-07,9.182227e-07,-6.690547e-07,-6.690547e-07,-7.252902e-09,2.178199e-05,1.476837e-05,1.235627e-03,3.271826e+01,3.221513e+01,3.219364e+01
1.574500e-10,0.000000e+00,0.000000e+00,0.000000e+00,-4.665634e-06,6.644971e-06,1.121904e-06,9.264544e-07,-4.958519e-07,-4.958519e-07,-1.466575e-06,2.234063e-05,2.842047e-05,1.209850e-03,3.271883e+01,3.221494e+01,3.219397e+01
1.575000e-10,0.000000e+00,0.000000e+00,0.000000e+00,-4.801706e-06,7.463686e-06,1.232089e-06,9.201295e-07,-3.061309e-07,-3.061309e-07,-2.830028e-06,2.245857e-05,4.258103e-05,1.173294e-03,3.271922e+01,3.221475e+01,3.219428e+01
1.575500e-10,0.000000e+00,0.000000e+00,0.000000e+00,-4.928782e-06,8.219121e-06,1.320593e-06,9.001008e-07,-1.050748e-07,-1.050748e-07,-4.079634e-06,2.215093e-05,5.687135e-05,1.126750e-03,3.271944e+01,3.221459e+01,3.219458e+01
1.576000e-10,0.000000e+00,0.000000e+00,0.000000e+00,-5.043796e-06,8.914688e-06,1.385614e-06,8.674305e-07,1.020767e-07,1.020767e-07,-5.200078e-06,2.144134e-05,7.093626e-05,1.071352e-03,3.271947e+01,3.221444e+01,3.219486e+01
1.576500e-10,0.000000e+00,0.000000e+00,0.000000e+00,-5.143926e-06,9.554980e-06,1.425841e-06,8.233600e-07,3.101386e-07,3.101386e-07,-6.178883e-06,2.036103e-05,8.445122e-05,1.008494e-03,3.271932e+01,3.221431e+01,3.219512e+01
1.577000e-10,0.000000e+00,0.000000e+00,0.000000e+00,-5.226631e-06,1.014553e-05,1.440476e-06,7.692791e-07,5.140871e-07,5.140871e-07,-7.006530e-06,1.894787e-05,9.712830e-05,9.397273e-04,3.271900e+01,3.221422e+01,3.219535e+01
1.577500e-10,0.000000e+00,0.000000e+00,0.000000e+00,-5.289682e-06,1.069248e-05,1.429254e-06,7.066920e-07,7.091578e-07,7.091578e-07,-7.676516e-06,1.724539e-05,1.087206e-04,8.666703e-04,3.271852e+01,3.221414e+01,3.219555e+01
1.578000e-10,0.000000e+00,0.000000e+00,0.000000e+00,-5.331197e-06,1.120215e-05,1.392445e-06,6.371839e-07,8.909343e-07,8.909343e-07,-8.185358e-06,1.530165e-05,1.190255e-04,7.909203e-04,3.271790e+01,3.221410e+01,3.219572e+01
1.578500e-10,0.000000e+00,0.000000e+00,0.000000e+00,-5.349669e-06,1.168056e-05,1.330852e-06,5.623863e-07,1.055427e-06,1.055427e-06,-8.532529e-06,1.316814e-05,1.278853e-04,7.139863e-04,3.271714e+01,3.221408e+01,3.219586e+01
1.579000e-10,0.000000e+00,0.000000e+00,0.000000e+00,-5.343999e-06,1.213303e-05,1.245793e-06,4.839443e-07,1.199137e-06,1.199137e-06,-8.720350e-06,1.089862e-05,1.351874e-04,6.372392e-04,3.271626e+01,3.221410e+01,3.219597e+01
1.579500e-10,0.000000e+00,0.000000e+00,0.000000e+00,-5.313521e-06,1.256367e-05,1.139080e-06,4.034833e-07,1.319114e-06,1.319114e-06,-8.753821e-06,8.547934e-06,1.408615e-04,5.618787e-04,3.271530e+01,3.221414e+01,3.219604e+01
1.580000e-10,0.000000e+00,0.000000e+00,0.000000e+00,-5.258033e-06,1.297506e-05,1.012981e-06,3.225793e-07,1.412994e-06,1.412994e-06,-8.640416e-06,6.170865e-06,1.448769e-04,4.889177e-04,3.271427e+01,3.221421e+01,3.219609e+01
1.580500e-10,0.000000e+00,0.000000e+00,0.000000e+00,-5.177820e-06,1.336794e-05,8.701794e-07,2.427298e-07,1.479024e-06,1.479024e-06,-8.389834e-06,3.820982e-06,1.472373e-04,4.191782e-04,3.271320e+01,3.221431e+01,3.219610e+01
1.581000e-10,0.000000e+00,0.000000e+00,0.000000e+00,-5.073671e-06,1.374102e-05,7.137196e-07,1.653294e-07,1.516084e-06,1.516084e-06,-8.013711e-06,1.549544e-06,1.479764e-04,3.532980e-04,3.271211e+01,3.221443e+01,3.219608e+01
1.581500e-10,0.000000e+00,0.000000e+00,0.000000e+00,-4.946891e-06,1.409086e-05,5.469507e-07,9.164656e-08,1.523680e-06,1.523680e-06,-7.525324e-06,-5.955249e-07,1.471525e-04,2.917440e-04,3.271104e+01,3.221457e+01,3.219604e+01
1.582000e-10,0.000000e+00,0.000000e+00,0.000000e+00,-4.799292e-06,1.441193e-05,3.734599e-07,2.280541e-08,1.501937e-06,1.501937e-06,-6.939257e-06,-2.570584e-06,1.448439e-04,2.348297e-04,3.271000e+01,3.221472e+01,3.219597e+01
1.582500e-10,0.000000e+00,0.000000e+00,0.000000e+00,-4.633186e-06,1.469665e-05,1.970024e-07,-4.022951e-08,1.451577e-06,1.451577e-06,-6.271071e-06,-4.337103e-06,1.411437e-04,1.827345e-04,3.270904e+01,3.221490e+01,3.219588e+01
1.583000e-10,0.000000e+00,0.000000e+00,0.000000e+00,-4.451352e-06,1.493563e-05,2.142644e-08,-9.666440e-08,1.373883e-06,1.373883e-06,-5.536967e-06,-5.862363e-06,1.361567e-04,1.355239e-04,3.270817e+01,3.221508e+01,3.219577e+01
1.583500e-10,0.000000e+00,0.000000e+00,0.000000e+00,-4.256997e-06,1.511790e-05,-1.494036e-07,-1.458834e-07,1.270656e-06,1.270656e-06,-4.753454e-06,-7.120015e-06,1.299959e-04,9.316861e-05,3.270741e+01,3.221527e+01,3.219564e+01
1.584000e-10,0.000000e+00,0.000000e+00,0.000000e+00,-4.053695e-06,1.523129e-05,-3.116864e-07,-1.874520e-07,1.144164e-06,1.144164e-06,-3.937022e-06,-8.090472e-06,1.227800e-04,5.556293e-05,3.270680e+01,3.221546e+01,3.219551e+01
1.584500e-10,0.000000e+00,0.000000e+00,0.000000e+00,-3.845322e-06,1.526280e-05,-4.617627e-07,-2.211163e-07,9.970849e-07,9.970849e-07,-3.103844e-06,-8.761139e-06,1.146317e-04,2.254045e-05,3.270634e+01,3.221566e+01,3.219536e+01
1.585000e-10,0.000000e+00,0.000000e+00,0.000000e+00,-3.635967e-06,1.519907e-05,-5.961923e-07,-2.467992e-07,8.324373e-07,8.324373e-07,-2.269489e-06,-9.126469e-06,1.056763e-04,-6.111578e-06,3.270607e+01,3.221584e+01,3.219521e+01
1.585500e-10,0.000000e+00,0.000000e+00,0.000000e+00,-3.429844e-06,1.502693e-05,-7.118285e-07,-2.645921e-07,6.535151e-07,6.535151e-07,-1.448669e-06,-9.187857e-06,9.604059e-05,-3.064010e-05,3.270598e+01,3.221602e+01,3.219506e+01
1.586000e-10,0.000000e+00,0.000000e+00,0.000000e+00,-3.231185e-06,1.473385e-05,-8.058882e-07,-2.747450e-07,4.638142e-07,4.638142e-07,-6.550085e-07,-8.953365e-06,8.585250e-05,-5.131599e-05,3.270609e+01,3.221619e+01,3.219491e+01
1.586500e-10,0.000000e+00,0.000000e+00,0.000000e+00,-3.044135e-06,1.430858e-05,-8.760150e-07,-2.776522e-07,2.669587e-07,2.669587e-07,9.914522e-08,-8.437306e-06,7.523988e-05,-6.842547e-05,3.270640e+01,3.221634e+01,3.219477e+01
1.587000e-10,0.000000e+00,0.000000e+00,0.000000e+00,-2.872636e-06,1.374160e-05,-9.203354e-07,-2.738366e-07,6.662777e-08,6.662777e-08,8.028824e-07,-7.659699e-06,6.433008e-05,-8.226302e-05,3.270692e+01,3.221648e+01,3.219463e+01
1.587500e-10,0.000000e+00,0.000000e+00,0.000000e+00,-2.720324e-06,1.302563e-05,-9.375057e-07,-2.639318e-07,-1.335164e-07,-1.335164e-07,1.446854e-06,-6.645601e-06,5.324906e-05,-9.312559e-05,3.270764e+01,3.221660e+01,3.219450e+01
1.588000e-10,0.000000e+00,0.000000e+00,0.000000e+00,-2.590417e-06,1.215601e-05,-9.267488e-07,-2.486628e-07,-3.298984e-07,-3.298984e-07,2.023357e-06,-5.424367e-06,4.212051e-05,-1.013079e-04,3.270855e+01,3.221669e+01,3.219438e+01
1.588500e-10,0.000000e+00,0.000000e+00,0.000000e+00,-2.485625e-06,1.113109e-05,-8.878792e-07,-2.288250e-07,-5.190947e-07,-5.190947e-07,2.526389e-06,-4.028832e-06,3.106472e-05,-1.070985e-04,3.270965e+01,3.221676e+01,3.219428e+01
1.589000e-10,0.000000e+00,0.000000e+00,0.000000e+00,-2.408067e-06,9.952377e-06,-8.213160e-07,-2.052639e-07,-6.978946e-07,-6.978946e-07,2.951663e-06,-2.494465e-06,2.019748e-05,-1.107771e-04,3.271090e+01,3.221681e+01,3.219419e+01
1.589500e-10,0.000000e+00,0.000000e+00,0.000000e+00,-2.359210e-06,8.624697e-06,-7.280829e-07,-1.788532e-07,-8.633542e-07,-8.633542e-07,3.296593e-06,-8.584958e-07,9.628826e-06,-1.126115e-04,3.271231e+01,3.221684e+01,3.219412e+01
1.590000e-10,0.000000e+00,0.000000e+00,0.000000e+00,-2.339823e-06,7.156197e-06,-6.097949e-07,-1.504744e-07,-1.012844e-06,-1.012844e-06,3.560246e-06,8.409389e-07,-5.382488e-07,-1.128562e-04,3.271383e+01,3.221684e+01,3.219406e+01
1.590500e-10,0.000000e+00,0.000000e+00,0.000000e+00,-2.349961e-06,5.558273e-06,-4.686312e-07,-1.209969e-07,-1.144090e-06,-1.144090e-06,3.743267e-06,2.565631e-06,-1.020898e-05,-1.117507e-04,3.271545e+01,3.221682e+01,3.219402e+01
1.591000e-10,0.000000e+00,0.000000e+00,0.000000e+00,-2.388965e-06,3.845410e-06,-3.072960e-07,-9.125887e-08,-1.255204e-06,-1.255204e-06,3.847781e-06,4.278086e-06,-1.929801e-05,-1.095183e-04,3.271713e+01,3.221677e+01,3.219400e+01
1.591500e-10,0.000000e+00,0.000000e+00,0.000000e+00,-2.455490e-06,2.034978e-06,-1.289656e-07,-6.204998e-08,-1.344709e-06,-1.344709e-06,3.877268e-06,5.942248e-06,-2.773034e-05,-1.063653e-04,3.271886e+01,3.221671e+01,3.219399e+01
1.592000e-10,0.000000e+00,0.000000e+00,0.000000e+00,-2.547549e-06,1.469791e-07,6.277496e-08,-3.409617e-08,-1.411551e-06,-1.411551e-06,3.836420e-06,7.524155e-06,-3.544222e-05,-1.024805e-04,3.272058e+01,3.221663e+01,3.219400e+01
1.592500e-10,0.000000e+00,0.000000e+00,0.000000e+00,-2.662578e-06,-1.796231e-06,2.640057e-07,-8.046161e-09,-1.455110e-06,-1.455110e-06,3.730987e-06,8.992504e-06,-4.238171e-05,-9.803491e-05,3.272228e+01,3.221654e+01,3.219402e+01
1.593000e-10,0.000000e+00,0.000000e+00,0.000000e+00,-2.797511e-06,-3.770239e-06,4.705543e-07,1.553952e-08,-1.475195e-06,-1.475195e-06,3.567608e-06,1.031914e-05,-4.850903e-05,-9.318165e-05,3.272393e+01,3.221643e+01,3.219406e+01
1.593500e-10,0.000000e+00,0.000000e+00,0.000000e+00,-2.948871e-06,-5.748885e-06,6.780852e-07,3.619705e-08,-1.472036e-06,-1.472036e-06,3.353630e-06,1.147945e-05,-5.379675e-05,-8.805625e-05,3.272548e+01,3.221632e+01,3.219410e+01
1.594000e-10,0.000000e+00,0.000000e+00,0.000000e+00,-3.112862e-06,-7.704598e-06,8.821932e-07,5.356534e-08,-1.446262e-06,-1.446262e-06,3.096929e-06,1.245265e-05,-5.822962e-05,-8.277696e-05,3.272692e+01,3.221620e+01,3.219416e+01
1.594500e-10,0.000000e+00,0.000000e+00,0.000000e+00,-3.285461e-06,-9.608760e-06,1.078500e-06,6.738939e-08,-1.398884e-06,-1.398884e-06,2.805726e-06,1.322204e-05,-6.180423e-05,-7.744533e-05,3.272822e+01,3.221608e+01,3.219422e+01
1.595000e-10,0.000000e+00,0.000000e+00,0.000000e+00,-3.462523e-06,-1.143210e-05,1.262749e-06,7.752112e-08,-1.331257e-06,-1.331257e-06,2.488407e-06,1.377507e-05,-6.452845e-05,-7.214698e-05,3.272935e+01,3.221596e+01,3.219430e+01
1.595500e-10,0.000000e+00,0.000000e+00,0.000000e+00,-3.639868e-06,-1.314517e-05,1.430903e-06,8.391773e-08,-1.245048e-06,-1.245048e-06,2.153350e-06,1.410346e-05,-6.642070e-05,-6.695244e-05,3.273030e+01,3.221584e+01,3.219437e+01
1.596000e-10,0.000000e+00,0.000000e+00,0.000000e+00,-3.813373e-06,-1.471882e-05,1.579229e-06,8.663768e-08,-1.142195e-06,-1.142195e-06,1.808753e-06,1.420311e-05,-6.750900e-05,-6.191822e-05,3.273105e+01,3.221574e+01,3.219445e+01
1.596500e-10,0.000000e+00,0.000000e+00,0.000000e+00,-3.979061e-06,-1.612476e-05,1.704387e-06,8.583453e-08,-1.024860e-06,-1.024860e-06,1.462487e-06,1.407407e-05,-6.783002e-05,-5.708790e-05,3.273160e+01,3.221564e+01,3.219452e+01
1.597000e-10,0.000000e+00,0.000000e+00,0.000000e+00,-4.133179e-06,-1.733616e-05,1.803501e-06,8.174878e-08,-8.953854e-07,-8.953854e-07,1.121950e-06,1.372033e-05,-6.742792e-05,-5.249333e-05,3.273192e+01,3.221556e+01,3.219460e+01
1.597500e-10,0.000000e+00,0.000000e+00,0.000000e+00,-4.272277e-06,-1.832831e-05,1.874226e-06,7.469808e-08,-7.562455e-07,-7.562455e-07,7.939450e-07,1.314964e-05,-6.635328e-05,-4.815587e-05,3.273202e+01,3.221550e+01,3.219467e+01
1.598000e-10,0.000000e+00,0.000000e+00,0.000000e+00,-4.393277e-06,-1.907917e-05,1.914801e-06,6.506598e-08,-6.099950e-07,-6.099950e-07,4.845721e-07,1.237325e-05,-6.466185e-05,-4.408769e-05,3.273191e+01,3.221546e+01,3.219474e+01
1.598500e-10,0.000000e+00,0.000000e+00,0.000000e+00,-4.493538e-06,-1.957003e-05,1.924089e-06,5.328959e-08,-4.592224e-07,-4.592224e-07,1.991437e-07,1.140561e-05,-6.241347e-05,-4.029301e-05,3.273158e+01,3.221543e+01,3.219480e+01
1.599000e-10,0.000000e+00,0.000000e+00,0.000000e+00,-4.570914e-06,-1.978600e-05,1.901606e-06,3.984643e-08,-3.065020e-07,-3.065020e-07,-5.788464e-08,1.026403e-05,-5.967092e-05,-3.676939e-05,3.273106e+01,3.221543e+01,3.219485e+01
1.599500e-10,0.000000e+00,0.000000e+00,0.000000e+00,-4.623797e-06,-1.971649e-05,1.847529e-06,2.524088e-08,-1.543490e-07,-1.543490e-07,-2.829592e-07,8.968319e-06,-5.649884e-05,-3.350894e-05,3.273035e+01,3.221545e+01,3.219490e+01
1.600000e-10,0.000000e+00,0.000000e+00,0.000000e+00,-4.651155e-06,-1.935551e-05,1.762702e-06,9.990423e-09,-5.176771e-09,-5.176771e-09,-4.734545e-07,7.540391e-06,-5.296275e-05,-3.049947e-05,3.272948e+01,3.221550e+01,3.219493e+01
1.600500e-10,0.000000e+00,0.000000e+00,0.000000e+00,-4.652553e-06,-1.870190e-05,1.648612e-06,-5.387890e-09,1.387418e-07,1.387418e-07,-6.276780e-07,6.003865e-06,-4.912813e-05,-2.772560e-05,3.272847e+01,3.221557e+01,3.219496e+01
1.601000e-10,0.000000e+00,0.000000e+00,0.000000e+00,-4.628159e-06,-1.775941e-05,1.507361e-06,-2.039048e-08,2.753090e-07,2.753090e-07,-7.448562e-07,4.383629e-06,-4.505953e-05,-2.516975e-05,3.272734e+01,3.221565e+01,3.219497e+01
1.601500e-10,0.000000e+00,0.000000e+00,0.000000e+00,-4.578732e-06,-1.653658e-05,1.341625e-06,-3.453953e-08,4.026323e-07,4.026323e-07,-8.251019e-07,2.705420e-06,-4.081984e-05,-2.281300e-05,3.272612e+01,3.221576e+01,3.219497e+01
1.602000e-10,0.000000e+00,0.000000e+00,0.000000e+00,-4.505592e-06,-1.504663e-05,1.154592e-06,-4.739425e-08,5.190495e-07,5.190495e-07,-8.693653e-07,9.953818e-07,-3.646958e-05,-2.063594e-05,3.272484e+01,3.221589e+01,3.219497e+01
1.602500e-10,0.000000e+00,0.000000e+00,0.000000e+00,-4.410575e-06,-1.330712e-05,9.498997e-07,-5.856086e-08,6.231489e-07,6.231489e-07,-8.793687e-07,-7.203584e-07,-3.206633e-05,-1.861935e-05,3.272353e+01,3.221603e+01,3.219495e+01
1.603000e-10,0.000000e+00,0.000000e+00,0.000000e+00,-4.295969e-06,-1.133959e-05,7.315523e-07,-6.770117e-08,7.137833e-07,7.137833e-07,-8.575301e-07,-2.416115e-06,-2.766420e-05,-1.674472e-05,3.272223e+01,3.221619e+01,3.219493e+01
1.603500e-10,0.000000e+00,0.000000e+00,0.000000e+00,-4.164442e-06,-9.169193e-06,5.038380e-07,-7.453950e-08,7.900797e-07,7.900797e-07,-8.068744e-07,-4.067047e-06,-2.331338e-05,-1.499477e-05,3.272095e+01,3.221636e+01,3.219489e+01
1.604000e-10,0.000000e+00,0.000000e+00,0.000000e+00,-4.018951e-06,-6.824159e-06,2.712361e-07,-7.886798e-08,8.514425e-07,8.514425e-07,-7.309369e-07,-5.649540e-06,-1.905985e-05,-1.335376e-05,3.271973e+01,3.221653e+01,3.219485e+01
1.604500e-10,0.000000e+00,0.000000e+00,0.000000e+00,-3.862654e-06,-4.335388e-06,3.832064e-08,-8.054997e-08,8.975526e-07,8.975526e-07,-6.336610e-07,-7.141562e-06,-1.494501e-05,-1.180777e-05,3.271860e+01,3.221671e+01,3.219480e+01
1.605000e-10,0.000000e+00,0.000000e+00,0.000000e+00,-3.698815e-06,-1.735959e-06,-1.903373e-07,-7.952171e-08,9.283608e-07,9.283608e-07,-5.192915e-07,-8.522987e-06,-1.100554e-05,-1.034487e-05,3.271758e+01,3.221690e+01,3.219475e+01
1.605500e-10,0.000000e+00,0.000000e+00,0.000000e+00,-3.530716e-06,9.393313e-07,-4.102666e-07,-7.579223e-08,9.440771e-07,9.440771e-07,-3.922674e-07,-9.775872e-06,-7.273279e-06,-8.955153e-06,3.271669e+01,3.221707e+01,3.219469e+01
1.606000e-10,0.000000e+00,0.000000e+00,0.000000e+00,-3.361571e-06,3.654426e-06,-6.171908e-07,-6.944141e-08,9.451553e-07,9.451553e-07,-2.571150e-07,-1.088470e-05,-3.775106e-06,-7.630747e-06,3.271596e+01,3.221725e+01,3.219463e+01
1.606500e-10,0.000000e+00,0.000000e+00,0.000000e+00,-3.194457e-06,6.372461e-06,-8.071177e-07,-6.061646e-08,9.322742e-07,9.322742e-07,-1.183451e-07,-1.183658e-05,-5.329961e-07,-6.365759e-06,3.271539e+01,3.221741e+01,3.219457e+01
1.607000e-10,0.000000e+00,0.000000e+00,0.000000e+00,-3.032244e-06,9.056226e-06,-9.764211e-07,-4.952688e-08,9.063157e-07,9.063157e-07,1.964621e-08,-1.262136e-05,2.435935e-06,-5.156130e-06,3.271501e+01,3.221756e+01,3.219451e+01
1.607500e-10,0.000000e+00,0.000000e+00,0.000000e+00,-2.877557e-06,1.166863e-05,-1.121915e-06,-3.643796e-08,8.683399e-07,8.683399e-07,1.526682e-07,-1.323175e-05,5.119297e-06,-3.999472e-06,3.271482e+01,3.221770e+01,3.219445e+01
1.608000e-10,0.000000e+00,0.000000e+00,0.000000e+00,-2.732733e-06,1.417321e-05,-1.240916e-06,-2.166326e-08,8.195583e-07,8.195583e-07,2.768191e-07,-1.366335e-05,7.509247e-06,-2.894862e-06,3.271482e+01,3.221781e+01,3.219439e+01
1.608500e-10,0.000000e+00,0.000000e+00,0.000000e+00,-2.599800e-06,1.653459e-05,-1.331294e-06,-5.555953e-09,7.613051e-07,7.613051e-07,3.885597e-07,-1.391463e-05,9.602254e-06,-1.842610e-06,3.271501e+01,3.221791e+01,3.219433e+01
1.609000e-10,0.000000e+00,0.000000e+00,0.000000e+00,-2.480467e-06,1.871908e-05,-1.391510e-06,1.150051e-08,6.950083e-07,6.950083e-07,4.847760e-07,-1.398685e-05,1.139883e-05,-8.440216e-07,3.271539e+01,3.221799e+01,3.219428e+01
1.609500e-10,0.000000e+00,0.000000e+00,0.000000e+00,-2.376121e-06,2.069516e-05,-1.420643e-06,2.910221e-08,6.221595e-07,6.221595e-07,5.628312e-07,-1.388399e-05,1.290319e-05,9.885241e-08,3.271596e+01,3.221804e+01,3.219424e+01
1.610000e-10,0.000000e+00,0.000000e+00,0.000000e+00,-2.287824e-06,2.243403e-05,-1.418396e-06,4.683496e-08,5.442848e-07,5.442848e-07,6.206048e-07,-1.361254e-05,1.412297e-05,9.834588e-07,3.271669e+01,3.221807e+01,3.219420e+01
1.610500e-10,0.000000e+00,0.000000e+00,0.000000e+00,-2.216329e-06,2.391017e-05,-1.385097e-06,6.428440e-08,4.629157e-07,4.629157e-07,6.565204e-07,-1.318134e-05,1.506875e-05,1.806976e-06,3.271759e+01,3.221807e+01,3.219417e+01
1.611000e-10,0.000000e+00,0.000000e+00,0.000000e+00,-2.162081e-06,2.510177e-05,-1.321682e-06,8.104600e-08,3.795619e-07,3.795619e-07,6.695611e-07,-1.260136e-05,1.575379e-05,2.566532e-06,3.271862e+01,3.221805e+01,3.219415e+01
1.611500e-10,0.000000e+00,0.000000e+00,0.000000e+00,-2.125234e-06,2.599121e-05,-1.229665e-06,9.673459e-08,2.956851e-07,2.956851e-07,6.592728e-07,-1.188538e-05,1.619351e-05,3.259403e-06,3.271978e+01,3.221800e+01,3.219414e+01
1.612000e-10,0.000000e+00,0.000000e+00,0.000000e+00,-2.105657e-06,2.656534e-05,-1.111098e-06,1.109932e-07,2.126756e-07,2.126756e-07,6.257562e-07,-1.104780e-05,1.640519e-05,3.883180e-06,3.272104e+01,3.221793e+01,3.219414e+01
1.612500e-10,0.000000e+00,0.000000e+00,0.000000e+00,-2.102951e-06,2.681583e-05,-9.685219e-07,1.235012e-07,1.318307e-07,1.318307e-07,5.696480e-07,-1.010426e-05,1.640747e-05,4.435924e-06,3.272237e+01,3.221784e+01,3.219414e+01
1.613000e-10,0.000000e+00,0.000000e+00,0.000000e+00,-2.116455e-06,2.673920e-05,-8.049045e-07,1.339812e-07,5.433634e-08,5.433634e-08,4.920916e-07,-9.071378e-06,1.622007e-05,4.916274e-06,3.272377e+01,3.221773e+01,3.219415e+01
1.613500e-10,0.000000e+00,0.000000e+00,0.000000e+00,-2.145262e-06,2.633694e-05,-6.235754e-07,1.422052e-07,-1.874855e-08,-1.874855e-08,3.946992e-07,-7.966451e-06,1.586331e-05,5.323540e-06,3.272519e+01,3.221761e+01,3.219417e+01
1.614000e-10,0.000000e+00,0.000000e+00,0.000000e+00,-2.188240e-06,2.561536e-05,-4.281527e-07,1.479989e-07,-8.650464e-08,-8.650464e-08,2.795054e-07,-6.807123e-06,1.535785e-05,5.657760e-06,3.272662e+01,3.221747e+01,3.219420e+01
1.614500e-10,0.000000e+00,0.000000e+00,0.000000e+00,-2.244045e-06,2.458544e-05,-2.224665e-07,1.512454e-07,-1.481614e-07,-1.481614e-07,1.489142e-07,-5.611106e-06,1.472430e-05,5.919730e-06,3.272804e+01,3.221732e+01,3.219424e+01
1.615000e-10,0.000000e+00,0.000000e+00,0.000000e+00,-2.311149e-06,2.326252e-05,-1.047975e-08,1.518870e-07,-2.031031e-07,-2.031031e-07,5.640112e-09,-4.395894e-06,1.398296e-05,6.111014e-06,3.272942e+01,3.221716e+01,3.219428e+01
1.615500e-10,0.000000e+00,0.000000e+00,0.000000e+00,-2.387871e-06,2.166595e-05,2.037910e-07,1.499255e-07,-2.508719e-07,-2.508719e-07,-1.473547e-07,-3.178501e-06,1.315355e-05,6.233918e-06,3.273075e+01,3.221699e+01,3.219433e+01
1.616000e-10,0.000000e+00,0.000000e+00,0.000000e+00,-2.472407e-06,1.981870e-05,4.163546e-07,1.454216e-07,-2.911672e-07,-2.911672e-07,-3.069268e-07,-1.975215e-06,1.225499e-05,6.291456e-06,3.273199e+01,3.221683e+01,3.219438e+01
1.616500e-10,0.000000e+00,0.000000e+00,0.000000e+00,-2.562867e-06,1.774688e-05,6.233210e-07,1.384927e-07,-3.238429e-07,-3.238429e-07,-4.698189e-07,-8.013879e-07,1.130520e-05,6.287290e-06,3.273314e+01,3.221667e+01,3.219444e+01
1.617000e-10,0.000000e+00,0.000000e+00,0.000000e+00,-2.657313e-06,1.547931e-05,8.209737e-07,1.293096e-07,-3.489009e-07,-3.489009e-07,-6.327281e-07,3.287604e-07,1.032094e-05,6.225657e-06,3.273418e+01,3.221652e+01,3.219450e+01
1.617500e-10,0.000000e+00,0.000000e+00,0.000000e+00,-2.753800e-06,1.304707e-05,1.005836e-06,1.180913e-07,-3.664830e-07,-3.664830e-07,-7.923725e-07,1.402300e-06,9.317727e-06,6.111283e-06,3.273509e+01,3.221637e+01,3.219456e+01
1.618000e-10,0.000000e+00,0.000000e+00,0.000000e+00,-2.850410e-06,1.048306e-05,1.174734e-06,1.051002e-07,-3.768601e-07,-3.768601e-07,-9.455564e-07,2.407722e-06,8.309688e-06,5.949291e-06,3.273587e+01,3.221624e+01,3.219462e+01
1.618500e-10,0.000000e+00,0.000000e+00,0.000000e+00,-2.945290e-06,7.821569e-06,1.324845e-06,9.063501e-08,-3.804195e-07,-3.804195e-07,-1.089231e-06,3.335042e-06,7.309554e-06,5.745104e-06,3.273650e+01,3.221612e+01,3.219468e+01
1.619000e-10,0.000000e+00,0.000000e+00,0.000000e+00,-3.036672e-06,5.097898e-06,1.453748e-06,7.502362e-08,-3.776506e-07,-3.776506e-07,-1.220552e-06,4.175868e-06,6.328607e-06,5.504339e-06,3.273699e+01,3.221602e+01,3.219474e+01
1.619500e-10,0.000000e+00,0.000000e+00,0.000000e+00,-3.122904e-06,2.347955e-06,1.559454e-06,5.861547e-08,-3.691296e-07,-3.691296e-07,-1.336930e-06,4.923442e-06,5.376686e-06,5.232714e-06,3.273732e+01,3.221594e+01,3.219480e+01
1.620000e-10,0.000000e+00,0.000000e+00,0.000000e+00,-3.202463e-06,-3.921161e-07,1.640439e-06,4.177335e-08,-3.555031e-07,-3.555031e-07,-1.436077e-06,5.572657e-06,4.462202e-06,4.935942e-06,3.273751e+01,3.221588e+01,3.219485e+01
1.620500e-10,0.000000e+00,0.000000e+00,0.000000e+00,-3.273962e-06,-3.086326e-06,1.695658e-06,2.486507e-08,-3.374711e-07,-3.374711e-07,-1.516042e-06,6.120044e-06,3.592182e-06,4.619645e-06,3.273754e+01,3.221585e+01,3.219490e+01
1.621000e-10,0.000000e+00,0.000000e+00,0.000000e+00,-3.336159e-06,-5.699246e-06,1.724552e-06,8.255211e-09,-3.157702e-07,-3.157702e-07,-1.575245e-06,6.563729e-06,2.772322e-06,4.289268e-06,3.273744e+01,3.221584e+01,3.219494e+01
1.621500e-10,0.000000e+00,0.000000e+00,0.000000e+00,-3.387955e-06,-8.196439e-06,1.727052e-06,-7.702933e-09,-2.911567e-07,-2.911567e-07,-1.612497e-06,6.903381e-06,2.007055e-06,3.950000e-06,3.273720e+01,3.221586e+01,3.219498e+01
1.622000e-10,0.000000e+00,0.000000e+00,0.000000e+00,-3.428395e-06,-1.054492e-05,1.703564e-06,-2.267508e-08,-2.643899e-07,-2.643899e-07,-1.627018e-06,7.140128e-06,1.299635e-06,3.606707e-06,3.273683e+01,3.221590e+01,3.219501e+01
1.622500e-10,0.000000e+00,0.000000e+00,0.000000e+00,-3.456665e-06,-1.271365e-05,1.654955e-06,-3.635307e-08,-2.362173e-07,-2.362173e-07,-1.618440e-06,7.276458e-06,6.522200e-07,3.263880e-06,3.273635e+01,3.221596e+01,3.219504e+01
1.623000e-10,0.000000e+00,0.000000e+00,0.000000e+00,-3.472101e-06,-1.467404e-05,1.582525e-06,-4.846137e-08,-2.073593e-07,-2.073593e-07,-1.586808e-06,7.316111e-06,6.596767e-08,2.925585e-06,3.273577e+01,3.221605e+01,3.219505e+01
1.623500e-10,0.000000e+00,0.000000e+00,0.000000e+00,-3.474186e-06,-1.640050e-05,1.487976e-06,-5.876266e-08,-1.784966e-07,-1.784966e-07,-1.532573e-06,7.263953e-06,-4.588673e-07,2.595433e-06,3.273511e+01,3.221616e+01,3.219507e+01
1.624000e-10,0.000000e+00,0.000000e+00,0.000000e+00,-3.462573e-06,-1.787090e-05,1.373371e-06,-6.706256e-08,-1.502581e-07,-1.502581e-07,-1.456572e-06,7.125837e-06,-9.228356e-07,2.276556e-06,3.273438e+01,3.221629e+01,3.219507e+01
1.624500e-10,0.000000e+00,0.000000e+00,0.000000e+00,-3.437095e-06,-1.906710e-05,1.241096e-06,-7.321331e-08,-1.232112e-07,-1.232112e-07,-1.360007e-06,6.908470e-06,-1.327194e-06,1.971597e-06,3.273361e+01,3.221644e+01,3.219507e+01
1.625000e-10,0.000000e+00,0.000000e+00,0.000000e+00,-3.397789e-06,-1.997530e-05,1.093807e-06,-7.711637e-08,-9.785331e-08,-9.785331e-08,-1.244419e-06,6.619259e-06,-1.673809e-06,1.682708e-06,3.273279e+01,3.221660e+01,3.219506e+01
1.625500e-10,0.000000e+00,0.000000e+00,0.000000e+00,-3.344925e-06,-2.058641e-05,9.343821e-07,-7.872394e-08,-7.460548e-08,-7.460548e-08,-1.111647e-06,6.266169e-06,-1.965061e-06,1.411560e-06,3.273197e+01,3.221678e+01,3.219504e+01
1.626000e-10,0.000000e+00,0.000000e+00,0.000000e+00,-3.279025e-06,-2.089622e-05,7.658661e-07,-7.803926e-08,-5.380796e-08,-5.380796e-08,-9.637960e-07,5.857571e-06,-2.203755e-06,1.159356e-06,3.273115e+01,3.221696e+01,3.219502e+01
1.626500e-10,0.000000e+00,0.000000e+00,0.000000e+00,-3.200893e-06,-2.090550e-05,5.914180e-07,-7.511591e-08,-3.571756e-08,-3.571756e-08,-8.031916e-07,5.402104e-06,-2.393030e-06,9.268647e-07,3.273035e+01,3.221715e+01,3.219499e+01
1.627000e-10,0.000000e+00,0.000000e+00,0.000000e+00,-3.111626e-06,-2.061988e-05,4.142539e-07,-7.005590e-08,-2.050689e-08,-2.050689e-08,-6.323346e-07,4.908525e-06,-2.536284e-06,7.144432e-07,3.272959e+01,3.221735e+01,3.219496e+01
1.627500e-10,0.000000e+00,0.000000e+00,0.000000e+00,-3.012623e-06,-2.004970e-05,2.375911e-07,-6.300688e-08,-8.265466e-09,-8.265466e-09,-4.538547e-07,4.385585e-06,-2.637091e-06,5.220789e-07,3.272889e+01,3.221754e+01,3.219492e+01
1.628000e-10,0.000000e+00,0.000000e+00,0.000000e+00,-2.905581e-06,-1.920965e-05,6.459350e-08,-5.415823e-08,9.976258e-10,9.976258e-10,-2.704629e-07,3.841898e-06,-2.699140e-06,3.494287e-07,3.272826e+01,3.221773e+01,3.219488e+01
1.628500e-10,0.000000e+00,0.000000e+00,0.000000e+00,-2.792469e-06,-1.811831e-05,-1.016831e-07,-4.373645e-08,7.349371e-09,7.349371e-09,-8.490317e-08,3.285829e-06,-2.726162e-06,1.958632e-07,3.272772e+01,3.221792e+01,3.219484e+01
1.629000e-10,0.000000e+00,0.000000e+00,0.000000e+00,-2.675496e-06,-1.679762e-05,-2.583423e-07,-3.199977e-08,1.092715e-08,1.092715e-08,1.000942e-07,2.725385e-06,-2.721882e-06,6.051187e-08,3.272727e+01,3.221809e+01,3.219480e+01
1.629500e-10,0.000000e+00,0.000000e+00,0.000000e+00,-2.557062e-06,-1.527233e-05,-4.026969e-07,-1.923208e-08,1.193181e-08,1.193181e-08,2.818577e-07,2.168125e-06,-2.689965e-06,-5.769099e-08,3.272694e+01,3.221826e+01,3.219475e+01
1.630000e-10,0.000000e+00,0.000000e+00,0.000000e+00,-2.439688e-06,-1.356933e-05,-5.323149e-07,-5.736495e-09,1.061973e-08,1.061973e-08,4.578177e-07,1.621081e-06,-2.633975e-06,-1.599606e-07,3.272673e+01,3.221840e+01,3.219471e+01
1.630500e-10,0.000000e+00,0.000000e+00,0.000000e+00,-2.325947e-06,-1.171715e-05,-6.450614e-07,8.171447e-09,7.294007e-09,7.294007e-09,6.255457e-07,1.090687e-06,-2.557336e-06,-2.476180e-07,3.272663e+01,3.221854e+01,3.219467e+01
1.631000e-10,0.000000e+00,0.000000e+00,0.000000e+00,-2.218381e-06,-9.745275e-06,-7.391362e-07,2.217079e-08,2.295111e-09,2.295111e-09,7.827907e-07,5.827261e-07,-2.463306e-06,-3.220479e-07,3.272667e+01,3.221865e+01,3.219462e+01
1.631500e-10,0.000000e+00,0.000000e+00,0.000000e+00,-2.119419e-06,-7.683740e-06,-8.131054e-07,3.594216e-08,-4.008905e-09,-4.008905e-09,9.275107e-07,1.022918e-07,-2.354951e-06,-3.846602e-07,3.272684e+01,3.221874e+01,3.219458e+01
1.632000e-10,0.000000e+00,0.000000e+00,0.000000e+00,-2.031297e-06,-5.562595e-06,-8.659271e-07,4.917461e-08,-1.123235e-08,-1.123235e-08,1.057900e-06,-3.462417e-07,-2.235127e-06,-4.368548e-07,3.272713e+01,3.221882e+01,3.219455e+01
1.632500e-10,0.000000e+00,0.000000e+00,0.000000e+00,-1.955986e-06,-3.411528e-06,-8.969705e-07,6.157229e-08,-1.898182e-08,-1.898182e-08,1.172411e-06,-7.592338e-07,-2.106470e-06,-4.799903e-07,3.272754e+01,3.221886e+01,3.219451e+01
1.633000e-10,0.000000e+00,0.000000e+00,0.000000e+00,-1.895127e-06,-1.259498e-06,-9.060273e-07,7.286058e-08,-2.686585e-08,-2.686585e-08,1.269774e-06,-1.133780e-06,-1.971385e-06,-5.153574e-07,3.272807e+01,3.221889e+01,3.219448e+01
1.633500e-10,0.000000e+00,0.000000e+00,0.000000e+00,-1.849983e-06,8.655808e-07,-8.933153e-07,8.279184e-08,-3.450415e-08,-3.450415e-08,1.349005e-06,-1.467705e-06,-1.832049e-06,-5.441567e-07,3.272871e+01,3.221890e+01,3.219446e+01
1.634000e-10,0.000000e+00,0.000000e+00,0.000000e+00,-1.821404e-06,2.937142e-06,-8.594735e-07,9.115036e-08,-4.153629e-08,-4.153629e-08,1.409416e-06,-1.759541e-06,-1.690405e-06,-5.674809e-07,3.272944e+01,3.221888e+01,3.219444e+01
1.634500e-10,0.000000e+00,0.000000e+00,0.000000e+00,-1.809807e-06,4.930244e-06,-8.055500e-07,9.775674e-08,-4.762956e-08,-4.762956e-08,1.450616e-06,-2.008503e-06,-1.548174e-06,-5.863023e-07,3.273025e+01,3.221884e+01,3.219442e+01
1.635000e-10,0.000000e+00,0.000000e+00,0.000000e+00,-1.815171e-06,6.821847e-06,-7.329801e-07,1.024713e-07,-5.248593e-08,-5.248593e-08,1.472508e-06,-2.214448e-06,-1.406859e-06,-6.014639e-07,3.273112e+01,3.221879e+01,3.219441e+01
1.635500e-10,0.000000e+00,0.000000e+00,0.000000e+00,-1.837043e-06,8.591084e-06,-6.435570e-07,1.051966e-07,-5.584812e-08,-5.584812e-08,1.475282e-06,-2.377836e-06,-1.267753e-06,-6.136754e-07,3.273205e+01,3.221871e+01,3.219441e+01
1.636000e-10,0.000000e+00,0.000000e+00,0.000000e+00,-1.874562e-06,1.021952e-05,-5.393954e-07,1.058793e-07,-5.750444e-08,-5.750444e-08,1.459402e-06,-2.499674e-06,-1.131958e-06,-6.235131e-07,3.273300e+01,3.221862e+01,3.219441e+01
1.636500e-10,0.000000e+00,0.000000e+00,0.000000e+00,-1.926481e-06,1.169140e-05,-4.228874e-07,1.045106e-07,-5.729256e-08,-5.729256e-08,1.425588e-06,-2.581469e-06,-1.000393e-06,-6.314232e-07,3.273396e+01,3.221852e+01,3.219441e+01
1.637000e-10,0.000000e+00,0.000000e+00,0.000000e+00,-1.991212e-06,1.299385e-05,-2.966523e-07,1.011263e-07,-5.510212e-08,-5.510212e-08,1.374803e-06,-2.625165e-06,-8.738081e-07,-6.377282e-07,3.273492e+01,3.221840e+01,3.219442e+01
1.637500e-10,0.000000e+00,0.000000e+00,0.000000e+00,-2.066861e-06,1.411702e-05,-1.634823e-07,9.580538e-08,-5.087604e-08,-5.087604e-08,1.308222e-06,-2.633081e-06,-7.528036e-07,-6.426363e-07,3.273584e+01,3.221828e+01,3.219444e+01
1.638000e-10,0.000000e+00,0.000000e+00,0.000000e+00,-2.151280e-06,1.505423e-05,-2.628294e-08,8.866792e-08,-4.461073e-08,-4.461073e-08,1.227215e-06,-2.607857e-06,-6.378421e-07,-6.462527e-07,3.273673e+01,3.221815e+01,3.219445e+01
1.638500e-10,0.000000e+00,0.000000e+00,0.000000e+00,-2.242117e-06,1.580194e-05,1.119878e-07,7.987228e-08,-3.635514e-08,-3.635514e-08,1.133314e-06,-2.552383e-06,-5.292644e-07,-6.485931e-07,3.273755e+01,3.221802e+01,3.219448e+01
1.639000e-10,0.000000e+00,0.000000e+00,0.000000e+00,-2.336870e-06,1.635969e-05,2.483828e-07,6.961134e-08,-2.620866e-08,-2.620866e-08,1.028185e-06,-2.469745e-06,-4.273037e-07,-6.495976e-07,3.273830e+01,3.221788e+01,3.219450e+01
1.639500e-10,0.000000e+00,0.000000e+00,0.000000e+00,-2.432944e-06,1.672999e-05,3.800279e-07,5.810808e-08,-1.431809e-08,-1.431809e-08,9.135997e-07,-2.363161e-06,-3.321002e-07,-6.491465e-07,3.273896e+01,3.221775e+01,3.219453e+01
1.640000e-10,0.000000e+00,0.000000e+00,0.000000e+00,-2.527712e-06,1.691802e-05,5.041835e-07,4.561060e-08,-8.736137e-10,-8.736137e-10,7.914052e-07,-2.235927e-06,-2.437135e-07,-6.470754e-07,3.273952e+01,3.221763e+01,3.219455e+01
1.640500e-10,0.000000e+00,0.000000e+00,0.000000e+00,-2.618574e-06,1.693140e-05,6.183027e-07,3.238665e-08,1.389601e-08,1.389601e-08,6.634922e-07,-2.091363e-06,-1.621348e-07,-6.431907e-07,3.273996e+01,3.221751e+01,3.219458e+01
1.641000e-10,0.000000e+00,0.000000e+00,0.000000e+00,-2.703024e-06,1.677980e-05,7.200850e-07,1.871777e-08,2.972892e-08,2.972892e-08,5.317658e-07,-1.932763e-06,-8.729821e-08,-6.372843e-07,3.274030e+01,3.221740e+01,3.219461e+01
1.641500e-10,0.000000e+00,0.000000e+00,0.000000e+00,-2.778708e-06,1.647456e-05,8.075258e-07,4.893274e-09,4.633625e-08,4.633625e-08,3.981168e-07,-1.763347e-06,-1.909015e-08,-6.291478e-07,3.274051e+01,3.221730e+01,3.219464e+01
1.642000e-10,0.000000e+00,0.000000e+00,0.000000e+00,-2.843488e-06,1.602831e-05,8.789581e-07,-8.795970e-09,6.340856e-08,6.340856e-08,2.643935e-07,-1.586225e-06,4.264148e-08,-6.185849e-07,3.274060e+01,3.221722e+01,3.219467e+01
1.642500e-10,0.000000e+00,0.000000e+00,0.000000e+00,-2.895499e-06,1.545454e-05,9.330872e-07,-2.206365e-08,8.062263e-08,8.062263e-08,1.323765e-07,-1.404357e-06,9.807988e-08,-6.054234e-07,3.274057e+01,3.221715e+01,3.219470e+01
1.643000e-10,0.000000e+00,0.000000e+00,0.000000e+00,-2.933199e-06,1.476730e-05,9.690179e-07,-3.463402e-08,9.764832e-08,9.764832e-08,3.754619e-09,-1.220524e-06,1.474327e-07,-5.895244e-07,3.274043e+01,3.221710e+01,3.219473e+01
1.643500e-10,0.000000e+00,0.000000e+00,0.000000e+00,-2.955416e-06,1.398081e-05,9.862711e-07,-4.624757e-08,1.141555e-07,1.141555e-07,-1.198964e-07,-1.037302e-06,1.909266e-07,-5.707907e-07,3.274019e+01,3.221707e+01,3.219476e+01
1.644000e-10,0.000000e+00,0.000000e+00,0.000000e+00,-2.961377e-06,1.310920e-05,9.847929e-07,-5.666638e-08,1.298207e-07,1.298207e-07,-2.371325e-07,-8.570403e-07,2.288023e-07,-5.491731e-07,3.273985e+01,3.221706e+01,3.219478e+01
1.644500e-10,0.000000e+00,0.000000e+00,0.000000e+00,-2.950735e-06,1.216627e-05,9.649528e-07,-6.567887e-08,1.443338e-07,1.443338e-07,-3.466574e-07,-6.818491e-07,2.613114e-07,-5.246744e-07,3.273942e+01,3.221706e+01,3.219480e+01
1.645000e-10,0.000000e+00,0.000000e+00,0.000000e+00,-2.923575e-06,1.116528e-05,9.275328e-07,-7.310406e-08,1.574039e-07,1.574039e-07,-4.473354e-07,-5.135861e-07,2.887126e-07,-4.973526e-07,3.273893e+01,3.221708e+01,3.219482e+01
1.645500e-10,0.000000e+00,0.000000e+00,0.000000e+00,-2.880413e-06,1.011884e-05,8.737069e-07,-7.879503e-08,1.687648e-07,1.687648e-07,-5.382015e-07,-3.538521e-07,3.112702e-07,-4.673208e-07,3.273838e+01,3.221712e+01,3.219483e+01
1.646000e-10,0.000000e+00,0.000000e+00,0.000000e+00,-2.822173e-06,9.038773e-06,8.050117e-07,-8.264171e-08,1.781807e-07,1.781807e-07,-6.184681e-07,-2.039893e-07,3.292514e-07,-4.347474e-07,3.273780e+01,3.221717e+01,3.219484e+01
1.646500e-10,0.000000e+00,0.000000e+00,0.000000e+00,-2.750163e-06,7.936035e-06,7.233088e-07,-8.457283e-08,1.854495e-07,1.854495e-07,-6.875291e-07,-6.508428e-08,3.429254e-07,-3.998523e-07,3.273720e+01,3.221724e+01,3.219485e+01
1.647000e-10,0.000000e+00,0.000000e+00,0.000000e+00,-2.666026e-06,6.820700e-06,6.307390e-07,-8.455706e-08,1.904073e-07,1.904073e-07,-7.449606e-07,6.202610e-08,3.525627e-07,-3.629044e-07,3.273659e+01,3.221732e+01,3.219485e+01
1.647500e-10,0.000000e+00,0.000000e+00,0.000000e+00,-2.571696e-06,5.701922e-06,5.296710e-07,-8.260329e-08,1.929307e-07,1.929307e-07,-7.905195e-07,1.767446e-07,3.584334e-07,-3.242154e-07,3.273601e+01,3.221742e+01,3.219485e+01
1.648000e-10,0.000000e+00,0.000000e+00,0.000000e+00,-2.469331e-06,4.587939e-06,4.226442e-07,-7.876000e-08,1.929388e-07,1.929388e-07,-8.241382e-07,2.787015e-07,3.608078e-07,-2.841343e-07,3.273546e+01,3.221752e+01,3.219485e+01
1.648500e-10,0.000000e+00,0.000000e+00,0.000000e+00,-2.361254e-06,3.486092e-06,3.123082e-07,-7.311395e-08,1.903947e-07,1.903947e-07,-8.459184e-07,3.677391e-07,3.599550e-07,-2.430404e-07,3.273496e+01,3.221763e+01,3.219485e+01
1.649000e-10,0.000000e+00,0.000000e+00,0.000000e+00,-2.249882e-06,2.402859e-06,2.013592e-07,-6.578791e-08,1.853054e-07,1.853054e-07,-8.561211e-07,4.438954e-07,3.561431e-07,-2.013355e-07,3.273452e+01,3.221775e+01,3.219484e+01
1.649500e-10,0.000000e+00,0.000000e+00,0.000000e+00,-2.137663e-06,1.343897e-06,9.247685e-08,-5.693777e-08,1.777216e-07,1.777216e-07,-8.551560e-07,5.073853e-07,3.496386e-07,-1.594365e-07,3.273417e+01,3.221787e+01,3.219483e+01
1.650000e-10,0.000000e+00,0.000000e+00,0.000000e+00,-2.027006e-06,3.141000e-07,-1.173965e-08,-4.674896e-08,1.677362e-07,1.677362e-07,-8.435680e-07,5.585814e-07,3.407060e-07,-1.177669e-07,3.273391e+01,3.221799e+01,3.219481e+01
1.650500e-10,0.000000e+00,0.000000e+00,0.000000e+00,-1.920222e-06,-6.823351e-07,-1.088317e-07,-3.543225e-08,1.554823e-07,1.554823e-07,-8.220230e-07,5.979934e-07,3.296074e-07,-7.674892e-08,3.273374e+01,3.221811e+01,3.219480e+01
1.651000e-10,0.000000e+00,0.000000e+00,0.000000e+00,-1.819468e-06,-1.641837e-06,-1.965385e-07,-2.321912e-08,1.411304e-07,1.411304e-07,-7.912925e-07,6.262476e-07,3.166018e-07,-3.679578e-08,3.273369e+01,3.221822e+01,3.219478e+01
1.651500e-10,0.000000e+00,0.000000e+00,0.000000e+00,-1.726705e-06,-2.561378e-06,-2.728484e-07,-1.035673e-08,1.248852e-07,1.248852e-07,-7.522372e-07,6.440668e-07,3.019444e-07,1.695867e-09,3.273374e+01,3.221833e+01,3.219477e+01
1.652000e-10,0.000000e+00,0.000000e+00,0.000000e+00,-1.643648e-06,-3.438392e-06,-3.360440e-07,2.897446e-09,1.069814e-07,1.069814e-07,-7.057898e-07,6.522498e-07,2.858860e-07,3.835276e-08,3.273391e+01,3.221843e+01,3.219475e+01
1.652500e-10,0.000000e+00,0.000000e+00,0.000000e+00,-1.571748e-06,-4.270682e-06,-3.847402e-07,1.628100e-08,8.767967e-08,8.767967e-08,-6.529383e-07,6.516522e-07,2.686717e-07,7.283125e-08,3.273418e+01,3.221852e+01,3.219473e+01
1.653000e-10,0.000000e+00,0.000000e+00,0.000000e+00,-1.512163e-06,-5.056330e-06,-4.179126e-07,2.953215e-08,6.726148e-08,6.726148e-08,-5.947085e-07,6.431682e-07,2.505405e-07,1.048228e-07,3.273457e+01,3.221860e+01,3.219471e+01
1.653500e-10,0.000000e+00,0.000000e+00,0.000000e+00,-1.465749e-06,-5.793595e-06,-4.349181e-07,4.239513e-08,4.602440e-08,4.602440e-08,-5.321477e-07,6.277126e-07,2.317236e-07,1.340585e-07,3.273505e+01,3.221867e+01,3.219470e+01
1.654000e-10,0.000000e+00,0.000000e+00,0.000000e+00,-1.433059e-06,-6.480821e-06,-4.355055e-07,5.462544e-08,2.427667e-08,2.427667e-08,-4.663079e-07,6.062057e-07,2.124435e-07,1.603127e-07,3.273562e+01,3.221873e+01,3.219468e+01
1.654500e-10,0.000000e+00,0.000000e+00,0.000000e+00,-1.414341e-06,-7.116330e-06,-4.198165e-07,6.599473e-08,2.332013e-09,2.332013e-09,-3.982310e-07,5.795581e-07,1.929131e-07,1.834059e-07,3.273628e+01,3.221877e+01,3.219467e+01
1.655000e-10,0.000000e+00,0.000000e+00,0.000000e+00,-1.409551e-06,-7.698330e-06,-3.883778e-07,7.629531e-08,-1.949574e-08,-1.949574e-08,-3.289338e-07,5.486585e-07,1.733339e-07,2.032063e-07,3.273700e+01,3.221880e+01,3.219465e+01
1.655500e-10,0.000000e+00,0.000000e+00,0.000000e+00,-1.418371e-06,-8.224820e-06,-3.420842e-07,8.534421e-08,-4.089778e-08,-4.089778e-08,-2.593947e-07,5.143618e-07,1.538957e-07,2.196306e-07,3.273778e+01,3.221881e+01,3.219464e+01
1.656000e-10,0.000000e+00,0.000000e+00,0.000000e+00,-1.440221e-06,-8.693514e-06,-2.821722e-07,9.298656e-08,-6.157535e-08,-6.157535e-08,-1.905422e-07,4.774800e-07,1.347746e-07,2.326439e-07,3.273860e+01,3.221881e+01,3.219463e+01
1.656500e-10,0.000000e+00,0.000000e+00,0.000000e+00,-1.474286e-06,-9.101769e-06,-2.101878e-07,9.909841e-08,-8.124443e-08,-8.124443e-08,-1.232437e-07,4.387744e-07,1.161328e-07,2.422588e-07,3.273944e+01,3.221880e+01,3.219463e+01
1.657000e-10,0.000000e+00,0.000000e+00,0.000000e+00,-1.519536e-06,-9.446555e-06,-1.279460e-07,1.035888e-07,-9.964014e-08,-9.964014e-08,-5.829664e-08,3.989489e-07,9.811701e-08,2.485332e-07,3.274029e+01,3.221878e+01,3.219462e+01
1.657500e-10,0.000000e+00,0.000000e+00,0.000000e+00,-1.574751e-06,-9.724440e-06,-3.748590e-08,1.064013e-07,-1.165206e-07,-1.165206e-07,3.578927e-09,3.586456e-07,8.085827e-08,2.515680e-07,3.274113e+01,3.221875e+01,3.219462e+01
1.658000e-10,0.000000e+00,0.000000e+00,0.000000e+00,-1.638549e-06,-9.931622e-06,5.897920e-08,1.075142e-07,-1.316706e-07,-1.316706e-07,6.174655e-08,3.184418e-07,6.447097e-08,2.515036e-07,3.274195e+01,3.221871e+01,3.219462e+01
1.658500e-10,0.000000e+00,0.000000e+00,0.000000e+00,-1.709409e-06,-1.006399e-05,1.591146e-07,1.069410e-07,-1.449042e-07,-1.449042e-07,1.156576e-07,2.788482e-07,4.905262e-08,2.485162e-07,3.274273e+01,3.221866e+01,3.219463e+01
1.659000e-10,0.000000e+00,0.000000e+00,0.000000e+00,-1.785702e-06,-1.011726e-05,2.605191e-07,1.047288e-07,-1.560675e-07,-1.560675e-07,1.648543e-07,2.403083e-07,3.468352e-08,2.428137e-07,3.274345e+01,3.221860e+01,3.219463e+01
1.659500e-10,0.000000e+00,0.000000e+00,0.000000e+00,-1.865715e-06,-1.008708e-05,3.607797e-07,1.009575e-07,-1.650400e-07,-1.650400e-07,2.089705e-07,2.031991e-07,2.142676e-08,2.346306e-07,3.274411e+01,3.221854e+01,3.219464e+01
1.660000e-10,0.000000e+00,0.000000e+00,0.000000e+00,-1.947690e-06,-9.969240e-06,4.575268e-07,9.573682e-08,-1.717363e-07,-1.717363e-07,2.477323e-07,1.678331e-07,9.328410e-09,2.242235e-07,3.274469e+01,3.221848e+01,3.219465e+01
1.660500e-10,0.000000e+00,0.000000e+00,0.000000e+00,-2.029848e-06,-9.759901e-06,5.484862e-07,8.920397e-08,-1.761063e-07,-1.761063e-07,2.809559e-07,1.344607e-07,-1.582171e-09,2.118659e-07,3.274518e+01,3.221842e+01,3.219466e+01
1.661000e-10,0.000000e+00,0.000000e+00,0.000000e+00,-2.110428e-06,-9.455774e-06,6.315293e-07,8.151998e-08,-1.781353e-07,-1.781353e-07,3.085451e-07,1.032737e-07,-1.129172e-08,1.978432e-07,3.274558e+01,3.221836e+01,3.219467e+01
1.661500e-10,0.000000e+00,0.000000e+00,0.000000e+00,-2.187720e-06,-9.054367e-06,7.047187e-07,7.286591e-08,-1.778434e-07,-1.778434e-07,3.304872e-07,7.440915e-08,-1.980236e-08,1.824475e-07,3.274587e+01,3.221830e+01,3.219469e+01
1.662000e-10,0.000000e+00,0.000000e+00,0.000000e+00,-2.260104e-06,-8.554181e-06,7.663487e-07,6.343867e-08,-1.752844e-07,-1.752844e-07,3.468483e-07,4.795404e-08,-2.713062e-08,1.659731e-07,3.274606e+01,3.221825e+01,3.219470e+01
1.662500e-10,0.000000e+00,0.000000e+00,0.000000e+00,-2.326077e-06,-7.954887e-06,8.149805e-07,5.344645e-08,-1.705442e-07,-1.705442e-07,3.577676e-07,2.394981e-08,-3.330643e-08,1.487113e-07,3.274615e+01,3.221820e+01,3.219472e+01
1.663000e-10,0.000000e+00,0.000000e+00,0.000000e+00,-2.384294e-06,-7.257467e-06,8.494711e-07,4.310415e-08,-1.637383e-07,-1.637383e-07,3.634505e-07,2.397547e-09,-3.837181e-08,1.309466e-07,3.274613e+01,3.221816e+01,3.219473e+01
1.663500e-10,0.000000e+00,0.000000e+00,0.000000e+00,-2.433590e-06,-6.464301e-06,8.689951e-07,3.262862e-08,-1.550097e-07,-1.550097e-07,3.641614e-07,-1.673700e-08,-4.237964e-08,1.129524e-07,3.274600e+01,3.221813e+01,3.219475e+01
1.664000e-10,0.000000e+00,0.000000e+00,0.000000e+00,-2.473004e-06,-5.579210e-06,8.730594e-07,2.223397e-08,-1.445257e-07,-1.445257e-07,3.602169e-07,-3.351830e-08,-4.539213e-08,9.498757e-08,3.274578e+01,3.221812e+01,3.219477e+01
1.664500e-10,0.000000e+00,0.000000e+00,0.000000e+00,-2.501801e-06,-4.607449e-06,8.615104e-07,1.212703e-08,-1.324747e-07,-1.324747e-07,3.519771e-07,-4.803603e-08,-4.747943e-08,7.729321e-08,3.274547e+01,3.221811e+01,3.219478e+01
1.665000e-10,0.000000e+00,0.000000e+00,0.000000e+00,-2.519475e-06,-3.555658e-06,8.345343e-07,2.503116e-09,-1.190628e-07,-1.190628e-07,3.398379e-07,-6.040028e-08,-4.871803e-08,6.009007e-08,3.274508e+01,3.221811e+01,3.219479e+01
1.665500e-10,0.000000e+00,0.000000e+00,0.000000e+00,-2.525752e-06,-2.431778e-06,7.926492e-07,-6.458032e-09,-1.045100e-07,-1.045100e-07,3.242233e-07,-7.073699e-08,-4.918923e-08,4.357642e-08,3.274461e+01,3.221813e+01,3.219481e+01
1.666000e-10,0.000000e+00,0.000000e+00,0.000000e+00,-2.520589e-06,-1.244943e-06,7.366909e-07,-1.459575e-08,-8.904641e-08,-8.904641e-08,3.055768e-07,-7.918365e-08,-4.897766e-08,2.792643e-08,3.274408e+01,3.221815e+01,3.219482e+01
1.666500e-10,0.000000e+00,0.000000e+00,0.000000e+00,-2.504157e-06,-5.363806e-09,6.677921e-07,-2.177155e-08,-7.290856e-08,-7.290856e-08,2.843543e-07,-8.588540e-08,-4.816971e-08,1.328903e-08,3.274351e+01,3.221819e+01,3.219483e+01
1.667000e-10,0.000000e+00,0.000000e+00,0.000000e+00,-2.476822e-06,1.275796e-06,5.873550e-07,-2.787164e-08,-5.633557e-08,-5.633557e-08,2.610162e-07,-9.099150e-08,-4.685218e-08,-2.127389e-10,3.274290e+01,3.221824e+01,3.219484e+01
1.667500e-10,0.000000e+00,0.000000e+00,0.000000e+00,-2.439129e-06,2.586533e-06,4.970190e-07,-3.280891e-08,-3.956533e-08,-3.956533e-08,2.360210e-07,-9.465220e-08,-4.511083e-08,-1.248184e-08,3.274227e+01,3.221829e+01,3.219484e+01
1.668000e-10,0.000000e+00,0.000000e+00,0.000000e+00,-2.391772e-06,3.914117e-06,3.986242e-07,-3.652421e-08,-2.283103e-08,-2.283103e-08,2.098184e-07,-9.701599e-08,-4.302923e-08,-2.344697e-08,3.274163e+01,3.221836e+01,3.219485e+01
1.668500e-10,0.000000e+00,0.000000e+00,0.000000e+00,-2.335572e-06,5.245176e-06,2.941706e-07,-3.898708e-08,-6.357720e-09,-6.357720e-09,1.828432e-07,-9.822736e-08,-4.068753e-08,-3.306186e-08,3.274101e+01,3.221843e+01,3.219485e+01
1.669000e-10,0.000000e+00,0.000000e+00,0.000000e+00,-2.271454e-06,6.565794e-06,1.857750e-07,-4.019578e-08,9.640820e-09,9.640820e-09,1.555108e-07,-9.842483e-08,-3.816151e-08,-4.130422e-08,3.274040e+01,3.221851e+01,3.219485e+01
1.669500e-10,0.000000e+00,0.000000e+00,0.000000e+00,-2.200425e-06,7.861590e-06,7.562672e-08,-4.017669e-08,2.496491e-08,2.496491e-08,1.282118e-07,-9.773950e-08,-3.552168e-08,-4.817430e-08,3.273983e+01,3.221859e+01,3.219485e+01
1.670000e-10,0.000000e+00,0.000000e+00,0.000000e+00,-2.123556e-06,9.117818e-06,-3.405832e-08,-3.898309e-08,3.943151e-08,3.943151e-08,1.013083e-07,-9.629391e-08,-3.283254e-08,-5.369324e-08,3.273930e+01,3.221867e+01,3.219485e+01
1.670500e-10,0.000000e+00,0.000000e+00,0.000000e+00,-2.041972e-06,1.031947e-05,-1.410822e-07,-3.669341e-08,5.287639e-08,5.287639e-08,7.513085e-08,-9.420127e-08,-3.015205e-08,-5.790116e-08,3.273884e+01,3.221875e+01,3.219484e+01
1.671000e-10,0.000000e+00,0.000000e+00,0.000000e+00,-1.956836e-06,1.145141e-05,-2.433089e-07,-3.340891e-08,6.515591e-08,6.515591e-08,4.997566e-08,-9.156499e-08,-2.753115e-08,-6.085502e-08,3.273844e+01,3.221884e+01,3.219484e+01
1.671500e-10,0.000000e+00,0.000000e+00,0.000000e+00,-1.869345e-06,1.249853e-05,-3.387062e-07,-2.925091e-08,7.614841e-08,7.614841e-08,2.610289e-08,-8.847850e-08,-2.501353e-08,-6.262648e-08,3.273812e+01,3.221891e+01,3.219483e+01
1.672000e-10,0.000000e+00,0.000000e+00,0.000000e+00,-1.780722e-06,1.344596e-05,-4.253839e-07,-2.435759e-08,8.575527e-08,8.575527e-08,3.735447e-09,-8.502533e-08,-2.263548e-08,-6.329950e-08,3.273789e+01,3.221899e+01,3.219482e+01
1.672500e-10,0.000000e+00,0.000000e+00,0.000000e+00,-1.692213e-06,1.427930e-05,-5.016296e-07,-1.888051e-08,9.390142e-08,9.390142e-08,-1.694154e-08,-8.127941e-08,-2.042590e-08,-6.296805e-08,3.273775e+01,3.221906e+01,3.219481e+01
1.673000e-10,0.000000e+00,0.000000e+00,0.000000e+00,-1.605073e-06,1.498484e-05,-5.659396e-07,-1.298088e-08,1.005356e-07,1.005356e-07,-3.578063e-08,-7.730549e-08,-1.840645e-08,-6.173377e-08,3.273770e+01,3.221912e+01,3.219480e+01
1.673500e-10,0.000000e+00,0.000000e+00,0.000000e+00,-1.520566e-06,1.554987e-05,-6.170455e-07,-6.825645e-09,1.056302e-07,1.056302e-07,-5.267141e-08,-7.315977e-08,-1.659182e-08,-5.970365e-08,3.273775e+01,3.221917e+01,3.219479e+01
1.674000e-10,0.000000e+00,0.000000e+00,0.000000e+00,-1.439942e-06,1.596299e-05,-6.539360e-07,-5.835564e-10,1.091806e-07,1.091806e-07,-6.753935e-08,-6.889060e-08,-1.499008e-08,-5.698786e-08,3.273790e+01,3.221921e+01,3.219478e+01
1.674500e-10,0.000000e+00,0.000000e+00,0.000000e+00,-1.364432e-06,1.621433e-05,-6.758732e-07,5.578792e-09,1.112045e-07,1.112045e-07,-8.034418e-08,-6.453925e-08,-1.360319e-08,-5.369764e-08,3.273815e+01,3.221924e+01,3.219477e+01
1.675000e-10,0.000000e+00,0.000000e+00,0.000000e+00,-1.295220e-06,1.629589e-05,-6.824048e-07,1.150077e-08,1.117404e-07,1.117404e-07,-9.107782e-08,-6.014070e-08,-1.242747e-08,-4.994337e-08,3.273849e+01,3.221926e+01,3.219475e+01
1.675500e-10,0.000000e+00,0.000000e+00,0.000000e+00,-1.233421e-06,1.620174e-05,-6.733692e-07,1.703136e-08,1.108465e-07,1.108465e-07,-9.976210e-08,-5.572451e-08,-1.145429e-08,-4.583279e-08,3.273893e+01,3.221927e+01,3.219474e+01
1.676000e-10,0.000000e+00,0.000000e+00,0.000000e+00,-1.180059e-06,1.592824e-05,-6.488970e-07,2.203250e-08,1.085985e-07,1.085985e-07,-1.064460e-07,-5.131560e-08,-1.067068e-08,-4.146945e-08,3.273945e+01,3.221927e+01,3.219473e+01
1.676500e-10,0.000000e+00,0.000000e+00,0.000000e+00,-1.136040e-06,1.547419e-05,-6.094065e-07,2.638214e-08,1.050883e-07,1.050883e-07,-1.112031e-07,-4.693505e-08,-1.006004e-08,-3.695128e-08,3.274004e+01,3.221925e+01,3.219472e+01
1.677000e-10,0.000000e+00,0.000000e+00,0.000000e+00,-1.102122e-06,1.484093e-05,-5.555947e-07,2.997681e-08,1.004213e-07,1.004213e-07,-1.141280e-07,-4.260081e-08,-9.602857e-09,-3.236946e-08,3.274071e+01,3.221922e+01,3.219472e+01
1.677500e-10,0.000000e+00,0.000000e+00,0.000000e+00,-1.078893e-06,1.403238e-05,-4.884228e-07,3.273386e-08,9.471462e-08,9.471462e-08,-1.153339e-07,-3.832839e-08,-9.277408e-09,-2.780746e-08,3.274143e+01,3.221919e+01,3.219471e+01
1.678000e-10,0.000000e+00,0.000000e+00,0.000000e+00,-1.066751e-06,1.305506e-05,-4.090981e-07,3.459306e-08,8.809443e-08,8.809443e-08,-1.149490e-07,-3.413145e-08,-9.060468e-09,-2.334026e-08,3.274221e+01,3.221914e+01,3.219470e+01
1.678500e-10,0.000000e+00,0.000000e+00,0.000000e+00,-1.065884e-06,1.191799e-05,-3.190514e-07,3.551778e-08,8.069396e-08,8.069396e-08,-1.131135e-07,-3.002228e-08,-8.927996e-09,-1.903387e-08,3.274301e+01,3.221909e+01,3.219470e+01
1.679000e-10,0.000000e+00,0.000000e+00,0.000000e+00,-1.076262e-06,1.063260e-05,-2.199103e-07,3.549557e-08,7.265096e-08,7.265096e-08,-1.099765e-07,-2.601226e-08,-8.855777e-09,-1.494496e-08,3.274385e+01,3.221902e+01,3.219470e+01
1.679500e-10,0.000000e+00,0.000000e+00,0.000000e+00,-1.097628e-06,9.212611e-06,-1.134698e-07,3.453823e-08,6.410549e-08,6.410549e-08,-1.056933e-07,-2.211216e-08,-8.820030e-09,-1.112079e-08,3.274469e+01,3.221895e+01,3.219470e+01
1.680000e-10,0.000000e+00,0.000000e+00,0.000000e+00,-1.129500e-06,7.673814e-06,-1.659563e-09,3.268126e-08,5.519764e-08,5.519764e-08,-1.004221e-07,-1.833244e-08,-8.797949e-09,-7.599152e-09,3.274553e+01,3.221888e+01,3.219470e+01
1.680500e-10,0.000000e+00,0.000000e+00,0.000000e+00,-1.171180e-06,6.033904e-06,1.134910e-07,2.998288e-08,4.606546e-08,4.606546e-08,-9.432183e-08,-1.468334e-08,-8.768194e-09,-4.408686e-09,3.274635e+01,3.221880e+01,3.219470e+01
1.681000e-10,0.000000e+00,0.000000e+00,0.000000e+00,-1.221763e-06,4.312247e-06,2.298890e-07,2.652242e-08,3.684296e-08,3.684296e-08,-8.754958e-08,-1.117506e-08,-8.711312e-09,-1.569163e-09,3.274714e+01,3.221873e+01,3.219470e+01
1.681500e-10,0.000000e+00,0.000000e+00,0.000000e+00,-1.280156e-06,2.529646e-06,3.454165e-07,2.239841e-08,2.765833e-08,2.765833e-08,-8.025827e-08,-7.817698e-09,-8.610085e-09,9.080046e-10,3.274790e+01,3.221865e+01,3.219471e+01
1.682000e-10,0.000000e+00,0.000000e+00,0.000000e+00,-1.345100e-06,7.080842e-07,4.579681e-07,1.772606e-08,1.863229e-08,1.863229e-08,-7.259480e-08,-4.621288e-09,-8.449807e-09,3.019179e-09,3.274860e+01,3.221858e+01,3.219471e+01
1.682500e-10,0.000000e+00,0.000000e+00,0.000000e+00,-1.415192e-06,-1.129537e-06,5.654894e-07,1.263456e-08,9.876675e-09,9.876675e-09,-6.469839e-08,-1.595654e-09,-8.218490e-09,4.767820e-09,3.274923e+01,3.221851e+01,3.219472e+01
1.683000e-10,0.000000e+00,0.000000e+00,0.000000e+00,-1.488917e-06,-2.959683e-06,6.660146e-07,7.263961e-09,1.493238e-09,1.493238e-09,-5.669907e-08,1.249693e-09,-7.906993e-09,6.163738e-09,3.274979e+01,3.221844e+01,3.219473e+01
1.683500e-10,0.000000e+00,0.000000e+00,0.000000e+00,-1.564677e-06,-4.758485e-06,7.577019e-07,1.761882e-09,-6.427331e-09,-6.427331e-09,-4.871659e-08,3.905720e-09,-7.509083e-09,7.222300e-09,3.275027e+01,3.221839e+01,3.219473e+01
1.684000e-10,0.000000e+00,0.000000e+00,0.000000e+00,-1.640819e-06,-6.502060e-06,8.388676e-07,-3.719944e-09,-1.380615e-08,-1.380615e-08,-4.085945e-08,6.364052e-09,-7.021425e-09,7.963608e-09,3.275066e+01,3.221834e+01,3.219474e+01
1.684500e-10,0.000000e+00,0.000000e+00,0.000000e+00,-1.715670e-06,-8.166841e-06,9.080173e-07,-9.029211e-09,-2.057666e-08,-2.057666e-08,-3.322428e-08,8.617166e-09,-6.443514e-09,8.411660e-09,3.275096e+01,3.221830e+01,3.219475e+01
1.685000e-10,0.000000e+00,0.000000e+00,0.000000e+00,-1.787571e-06,-9.729934e-06,9.638734e-07,-1.401658e-08,-2.668493e-08,-2.668493e-08,-2.589544e-08,1.065858e-08,-5.777549e-09,8.593522e-09,3.275116e+01,3.221828e+01,3.219476e+01
1.685500e-10,0.000000e+00,0.000000e+00,0.000000e+00,-1.854908e-06,-1.116948e-05,1.005400e-06,-1.853912e-08,-3.208968e-08,-3.208968e-08,-1.894484e-08,1.248303e-08,-5.028249e-09,8.538519e-09,3.275126e+01,3.221826e+01,3.219477e+01
1.686000e-10,0.000000e+00,0.000000e+00,0.000000e+00,-1.916149e-06,-1.246500e-05,1.031820e-06,-2.246367e-08,-3.676220e-08,-3.676220e-08,-1.243198e-08,1.408666e-08,-4.202633e-09,8.277449e-09,3.275126e+01,3.221826e+01,3.219478e+01
1.686500e-10,0.000000e+00,0.000000e+00,0.000000e+00,-1.969876e-06,-1.359781e-05,1.042636e-06,-2.566988e-08,-4.068599e-08,-4.068599e-08,-6.404177e-09,1.546715e-08,-3.309758e-09,7.841861e-09,3.275117e+01,3.221827e+01,3.219479e+01
1.687000e-10,0.000000e+00,0.000000e+00,0.000000e+00,-2.014819e-06,-1.455129e-05,1.037634e-06,-2.805303e-08,-4.385621e-08,-4.385621e-08,-8.969857e-10,1.662386e-08,-2.360427e-09,7.263367e-09,3.275098e+01,3.221829e+01,3.219480e+01
1.687500e-10,0.000000e+00,0.000000e+00,0.000000e+00,-2.049886e-06,-1.531130e-05,1.016892e-06,-2.952654e-08,-4.627908e-08,-4.627908e-08,4.065247e-09,1.755788e-08,-1.366882e-09,6.573030e-09,3.275070e+01,3.221833e+01,3.219481e+01
1.688000e-10,0.000000e+00,0.000000e+00,0.000000e+00,-2.074195e-06,-1.586636e-05,9.807799e-07,-3.002396e-08,-4.797101e-08,-4.797101e-08,8.468690e-09,1.827213e-08,-3.424704e-10,5.800818e-09,3.275035e+01,3.221838e+01,3.219481e+01
1.688500e-10,0.000000e+00,0.000000e+00,0.000000e+00,-2.087097e-06,-1.620798e-05,9.299527e-07,-2.950066e-08,-4.895769e-08,-4.895769e-08,1.230923e-08,1.877137e-08,6.986824e-10,4.975123e-09,3.274992e+01,3.221844e+01,3.219482e+01
1.689000e-10,0.000000e+00,0.000000e+00,0.000000e+00,-2.088200e-06,-1.633078e-05,8.653394e-07,-2.793497e-08,-4.927311e-08,-4.927311e-08,1.559158e-08,1.906216e-08,1.742009e-09,4.122366e-09,3.274943e+01,3.221851e+01,3.219482e+01
1.689500e-10,0.000000e+00,0.000000e+00,0.000000e+00,-2.077381e-06,-1.623261e-05,7.881275e-07,-2.532882e-08,-4.895840e-08,-4.895840e-08,1.832834e-08,1.915284e-08,2.772825e-09,3.266670e-09,3.274890e+01,3.221859e+01,3.219483e+01
1.690000e-10,0.000000e+00,0.000000e+00,0.000000e+00,-2.054800e-06,-1.591461e-05,6.997407e-07,-2.170792e-08,-4.806075e-08,-4.806075e-08,2.053905e-08,1.905342e-08,3.776642e-09,2.429611e-09,3.274833e+01,3.221868e+01,3.219483e+01
1.690500e-10,0.000000e+00,0.000000e+00,0.000000e+00,-2.020893e-06,-1.538120e-05,6.018134e-07,-1.712137e-08,-4.663221e-08,-4.663221e-08,2.224909e-08,1.877546e-08,4.739461e-09,1.630043e-09,3.274773e+01,3.221878e+01,3.219483e+01
1.691000e-10,0.000000e+00,0.000000e+00,0.000000e+00,-1.976373e-06,-1.463995e-05,4.961598e-07,-1.164081e-08,-4.472858e-08,-4.472858e-08,2.348879e-08,1.833197e-08,5.648041e-09,8.839885e-10,3.274712e+01,3.221888e+01,3.219483e+01
1.691500e-10,0.000000e+00,0.000000e+00,0.000000e+00,-1.922208e-06,-1.370149e-05,3.847400e-07,-5.359061e-09,-4.240822e-08,-4.240822e-08,2.429234e-08,1.773716e-08,6.490147e-09,2.046006e-10,3.274652e+01,3.221899e+01,3.219483e+01
1.692000e-10,0.000000e+00,0.000000e+00,0.000000e+00,-1.859601e-06,-1.257924e-05,2.696217e-07,1.611668e-09,-3.973095e-08,-3.973095e-08,2.469691e-08,1.700630e-08,7.254753e-09,-3.978206e-10,3.274593e+01,3.221910e+01,3.219483e+01
1.692500e-10,0.000000e+00,0.000000e+00,0.000000e+00,-1.789955e-06,-1.128921e-05,1.529411e-07,9.142027e-09,-3.675704e-08,-3.675704e-08,2.474168e-08,1.615548e-08,7.932228e-09,-9.157544e-10,3.274538e+01,3.221921e+01,3.219483e+01
1.693000e-10,0.000000e+00,0.000000e+00,0.000000e+00,-1.714838e-06,-9.849723e-06,3.686013e-08,1.708812e-08,-3.354620e-08,-3.354620e-08,2.446701e-08,1.520141e-08,8.514475e-09,-1.344339e-09,3.274486e+01,3.221932e+01,3.219482e+01
1.693500e-10,0.000000e+00,0.000000e+00,0.000000e+00,-1.635938e-06,-8.281050e-06,-7.647569e-08,2.529440e-08,-3.015667e-08,-3.015667e-08,2.391365e-08,1.416117e-08,8.995040e-09,-1.681208e-09,3.274440e+01,3.221942e+01,3.219482e+01
1.694000e-10,0.000000e+00,0.000000e+00,0.000000e+00,-1.555017e-06,-6.605118e-06,-1.849803e-07,3.359691e-08,-2.664448e-08,-2.664448e-08,2.312202e-08,1.305198e-08,9.369176e-09,-1.926298e-09,3.274401e+01,3.221952e+01,3.219481e+01
1.694500e-10,0.000000e+00,0.000000e+00,0.000000e+00,-1.473860e-06,-4.845147e-06,-2.866691e-07,4.182656e-08,-2.306269e-08,-2.306269e-08,2.213157e-08,1.189097e-08,9.633889e-09,-2.081623e-09,3.274368e+01,3.221961e+01,3.219481e+01
1.695000e-10,0.000000e+00,0.000000e+00,0.000000e+00,-1.394231e-06,-3.025290e-06,-3.796987e-07,4.981271e-08,-1.946083e-08,-1.946083e-08,2.098023e-08,1.069495e-08,9.787929e-09,-2.151031e-09,3.274344e+01,3.221970e+01,3.219480e+01
1.695500e-10,0.000000e+00,0.000000e+00,0.000000e+00,-1.317822e-06,-1.170271e-06,-4.624045e-07,5.738666e-08,-1.588441e-08,-1.588441e-08,1.970394e-08,9.480223e-09,9.831761e-09,-2.139953e-09,3.274329e+01,3.221977e+01,3.219480e+01
1.696000e-10,0.000000e+00,0.000000e+00,0.000000e+00,-1.246212e-06,6.949764e-07,-5.333347e-07,6.438517e-08,-1.237458e-08,-1.237458e-08,1.833627e-08,8.262343e-09,9.767500e-09,-2.055129e-09,3.274322e+01,3.221984e+01,3.219479e+01
1.696500e-10,0.000000e+00,0.000000e+00,0.000000e+00,-1.180825e-06,2.545671e-06,-5.912790e-07,7.065392e-08,-8.967824e-09,-8.967824e-09,1.690812e-08,7.055974e-09,9.598827e-09,-1.904355e-09,3.274324e+01,3.221989e+01,3.219478e+01
1.697000e-10,0.000000e+00,0.000000e+00,0.000000e+00,-1.122900e-06,4.357540e-06,-6.352933e-07,7.605074e-08,-5.695869e-09,-5.695869e-09,1.544750e-08,5.874710e-09,9.330865e-09,-1.696212e-09,3.274335e+01,3.221993e+01,3.219478e+01
1.697500e-10,0.000000e+00,0.000000e+00,0.000000e+00,-1.073463e-06,6.107165e-06,-6.647180e-07,8.044865e-08,-2.585594e-09,-2.585594e-09,1.397937e-08,4.730944e-09,8.970051e-09,-1.439819e-09,3.274355e+01,3.221996e+01,3.219477e+01
1.698000e-10,0.000000e+00,0.000000e+00,0.000000e+00,-1.033303e-06,7.772313e-06,-6.791904e-07,8.373860e-08,3.409034e-10,3.409034e-10,1.252560e-08,3.635759e-09,8.523976e-09,-1.144590e-09,3.274383e+01,3.221997e+01,3.219477e+01
1.698500e-10,0.000000e+00,0.000000e+00,0.000000e+00,-1.002964e-06,9.332251e-06,-6.786506e-07,8.583181e-08,3.066180e-09,3.066180e-09,1.110493e-08,2.598840e-09,8.001223e-09,-8.200158e-10,3.274419e+01,3.221998e+01,3.219477e+01
1.699000e-10,0.000000e+00,0.000000e+00,0.000000e+00,-9.827338e-07,1.076804e-05,-6.633403e-07,8.666180e-08,5.577235e-09,5.577235e-09,9.733063e-09,1.628413e-09,7.411187e-09,-4.754552e-10,3.274462e+01,3.221996e+01,3.219477e+01
1.699500e-10,0.000000e+00,0.000000e+00,0.000000e+00,-9.726462e-07,1.206278e-05,-6.337960e-07,8.618588e-08,7.865237e-09,7.865237e-09,8.422722e-09,7.312154e-10,6.763892e-09,-1.199557e-10,3.274511e+01,3.221994e+01,3.219476e+01
1.700000e-10,0.000000e+00,0.000000e+00,0.000000e+00,-9.724860e-07,1.320185e-05,-5.908343e-07,8.438624e-08,9.925197e-09,9.925197e-09,7.183835e-09,-8.751270e-11,6.069807e-09,2.379066e-10,3.274564e+01,3.221990e+01,3.219476e+01
1.700500e-10,0.000000e+00,0.000000e+00,0.000000e+00,-9.818010e-07,1.417310e-05,-5.355329e-07,8.127049e-08,1.175559e-08,1.175559e-08,6.023706e-09,-8.240131e-10,5.339660e-09,5.901621e-10,3.274622e+01,3.221985e+01,3.219476e+01
1.701000e-10,0.000000e+00,0.000000e+00,0.000000e+00,-9.999199e-07,1.496695e-05,-4.692038e-07,7.687173e-08,1.335798e-08,1.335798e-08,4.947233e-09,-1.475968e-09,4.584255e-09,9.295572e-10,3.274683e+01,3.221979e+01,3.219477e+01
1.701500e-10,0.000000e+00,0.000000e+00,0.000000e+00,-1.025974e-06,1.557651e-05,-3.933638e-07,7.124804e-08,1.473655e-08,1.473655e-08,3.957139e-09,-2.042442e-09,3.814305e-09,1.249642e-09,3.274745e+01,3.221973e+01,3.219477e+01
1.702000e-10,0.000000e+00,0.000000e+00,0.000000e+00,-1.058924e-06,1.599758e-05,-3.096986e-07,6.448158e-08,1.589772e-08,1.589772e-08,3.054230e-09,-2.523796e-09,3.040262e-09,1.544830e-09,3.274808e+01,3.221965e+01,3.219477e+01
1.702500e-10,0.000000e+00,0.000000e+00,0.000000e+00,-1.097589e-06,1.622868e-05,-2.200252e-07,5.667710e-08,1.684971e-08,1.684971e-08,2.237652e-09,-2.921597e-09,2.272172e-09,1.810440e-09,3.274869e+01,3.221957e+01,3.219478e+01
1.703000e-10,0.000000e+00,0.000000e+00,0.000000e+00,-1.140683e-06,1.627092e-05,-1.262510e-07,4.796004e-08,1.760212e-08,1.760212e-08,1.505148e-09,-3.238505e-09,1.519532e-09,2.042714e-09,3.274929e+01,3.221949e+01,3.219478e+01
1.703500e-10,0.000000e+00,0.000000e+00,0.000000e+00,-1.186847e-06,1.612793e-05,-3.033103e-08,3.847418e-08,1.816554e-08,1.816554e-08,8.533211e-10,-3.478152e-09,7.911753e-10,2.238811e-09,3.274986e+01,3.221940e+01,3.219479e+01
1.704000e-10,0.000000e+00,0.000000e+00,0.000000e+00,-1.234688e-06,1.580570e-05,6.577438e-08,2.837899e-08,1.855118e-08,1.855118e-08,2.778791e-10,-3.645011e-09,9.516474e-11,2.396792e-09,3.275039e+01,3.221931e+01,3.219480e+01
1.704500e-10,0.000000e+00,0.000000e+00,0.000000e+00,-1.282814e-06,1.531235e-05,1.601422e-07,1.784656e-08,1.877058e-08,1.877058e-08,-2.261289e-10,-3.744263e-09,-5.612917e-10,2.515583e-09,3.275087e+01,3.221923e+01,3.219480e+01
1.705000e-10,0.000000e+00,0.000000e+00,0.000000e+00,-1.329875e-06,1.465797e-05,2.509273e-07,7.058374e-09,1.883528e-08,1.883528e-08,-6.640943e-10,-3.781658e-09,-1.171909e-09,2.594923e-09,3.275129e+01,3.221914e+01,3.219481e+01
1.705500e-10,0.000000e+00,0.000000e+00,0.000000e+00,-1.374596e-06,1.385436e-05,3.364015e-07,-3.798199e-09,1.875661e-08,1.875661e-08,-1.041650e-09,-3.763374e-09,-1.731371e-09,2.635306e-09,3.275165e+01,3.221906e+01,3.219482e+01
1.706000e-10,0.000000e+00,0.000000e+00,0.000000e+00,-1.415808e-06,1.291480e-05,4.149880e-07,-1.453346e-08,1.854546e-08,1.854546e-08,-1.364493e-09,-3.695887e-09,-2.235363e-09,2.637908e-09,3.275195e+01,3.221899e+01,3.219483e+01
1.706500e-10,0.000000e+00,0.000000e+00,0.000000e+00,-1.452480e-06,1.185378e-05,4.852929e-07,-2.495903e-08,1.821219e-08,1.821219e-08,-1.638232e-09,-3.585833e-09,-2.680582e-09,2.604514e-09,3.275218e+01,3.221892e+01,3.219484e+01
1.707000e-10,0.000000e+00,0.000000e+00,0.000000e+00,-1.483738e-06,1.068682e-05,5.461317e-07,-3.489145e-08,1.776646e-08,1.776646e-08,-1.868255e-09,-3.439889e-09,-3.064731e-09,2.537432e-09,3.275234e+01,3.221887e+01,3.219484e+01
1.707500e-10,0.000000e+00,0.000000e+00,0.000000e+00,-1.508890e-06,9.430175e-06,5.965501e-07,-4.415570e-08,1.721724e-08,1.721724e-08,-2.059628e-09,-3.264654e-09,-3.386501e-09,2.439409e-09,3.275244e+01,3.221882e+01,3.219485e+01
1.708000e-10,0.000000e+00,0.000000e+00,0.000000e+00,-1.527428e-06,8.100650e-06,6.358394e-07,-5.258856e-08,1.657276e-08,1.657276e-08,-2.217011e-09,-3.066542e-09,-3.645531e-09,2.313548e-09,3.275247e+01,3.221878e+01,3.219486e+01
1.708500e-10,0.000000e+00,0.000000e+00,0.000000e+00,-1.539041e-06,6.715380e-06,6.635464e-07,-6.004168e-08,1.584055e-08,1.584055e-08,-2.344604e-09,-2.851690e-09,-3.842362e-09,2.163220e-09,3.275243e+01,3.221875e+01,3.219486e+01
1.709000e-10,0.000000e+00,0.000000e+00,0.000000e+00,-1.543610e-06,5.291633e-06,6.794763e-07,-6.638444e-08,1.502748e-08,1.502748e-08,-2.446107e-09,-2.625875e-09,-3.978376e-09,1.991985e-09,3.275234e+01,3.221874e+01,3.219487e+01
1.709500e-10,0.000000e+00,0.000000e+00,0.000000e+00,-1.541200e-06,3.846617e-06,6.836903e-07,-7.150639e-08,1.413991e-08,1.413991e-08,-2.524708e-09,-2.394442e-09,-4.055724e-09,1.803512e-09,3.275220e+01,3.221873e+01,3.219487e+01
1.710000e-10,0.000000e+00,0.000000e+00,0.000000e+00,-1.532045e-06,2.397303e-06,6.764974e-07,-7.531928e-08,1.318375e-08,1.318375e-08,-2.583086e-09,-2.162249e-09,-4.077249e-09,1.601503e-09,3.275201e+01,3.221874e+01,3.219488e+01
1.710500e-10,0.000000e+00,0.000000e+00,0.000000e+00,-1.516532e-06,9.602469e-07,6.584401e-07,-7.775874e-08,1.216460e-08,1.216460e-08,-2.623430e-09,-1.933625e-09,-4.046401e-09,1.389631e-09,3.275179e+01,3.221876e+01,3.219488e+01
1.711000e-10,0.000000e+00,0.000000e+00,0.000000e+00,-1.495179e-06,-4.485759e-07,6.302761e-07,-7.878537e-08,1.108792e-08,1.108792e-08,-2.647471e-09,-1.712337e-09,-3.967146e-09,1.171474e-09,3.275154e+01,3.221879e+01,3.219488e+01
1.711500e-10,0.000000e+00,0.000000e+00,0.000000e+00,-1.468606e-06,-1.813938e-06,5.929546e-07,-7.838543e-08,9.959158e-09,9.959158e-09,-2.656531e-09,-1.501576e-09,-3.843875e-09,9.504623e-10,3.275127e+01,3.221884e+01,3.219488e+01
1.712000e-10,0.000000e+00,0.000000e+00,0.000000e+00,-1.437515e-06,-3.121516e-06,5.475897e-07,-7.657097e-08,8.783901e-09,8.783901e-09,-2.651569e-09,-1.303951e-09,-3.681313e-09,7.298341e-10,3.275099e+01,3.221889e+01,3.219488e+01
1.712500e-10,0.000000e+00,0.000000e+00,0.000000e+00,-1.402662e-06,-4.358048e-06,4.954306e-07,-7.337947e-08,7.568013e-09,7.568013e-09,-2.633250e-09,-1.121494e-09,-3.484423e-09,5.125938e-10,3.275070e+01,3.221895e+01,3.219488e+01
1.713000e-10,0.000000e+00,0.000000e+00,0.000000e+00,-1.364832e-06,-5.511472e-06,4.378293e-07,-6.887303e-08,6.317760e-09,6.317760e-09,-2.601999e-09,-9.556780e-10,-3.258317e-09,3.014827e-10,3.275043e+01,3.221901e+01,3.219488e+01
1.713500e-10,0.000000e+00,0.000000e+00,0.000000e+00,-1.324822e-06,-6.571058e-06,3.762080e-07,-6.313701e-08,5.039916e-09,5.039916e-09,-2.558072e-09,-8.074424e-10,-3.008171e-09,9.895454e-11,3.275016e+01,3.221909e+01,3.219487e+01
1.714000e-10,0.000000e+00,0.000000e+00,0.000000e+00,-1.283418e-06,-7.527525e-06,3.120248e-07,-5.627828e-08,3.741847e-09,3.741847e-09,-2.501621e-09,-6.772272e-10,-2.739140e-09,-9.284097e-11,3.274992e+01,3.221916e+01,3.219487e+01
1.714500e-10,0.000000e+00,0.000000e+00,0.000000e+00,-1.241385e-06,-8.373129e-06,2.467413e-07,-4.842306e-08,2.431570e-09,2.431570e-09,-2.432750e-09,-5.650143e-10,-2.456285e-09,-2.720679e-10,3.274971e+01,3.221924e+01,3.219486e+01
1.715000e-10,0.000000e+00,0.000000e+00,0.000000e+00,-1.199453e-06,-9.101735e-06,1.817897e-07,-3.971439e-08,1.117778e-09,1.117778e-09,-2.351578e-09,-4.703726e-10,-2.164499e-09,-4.372074e-10,3.274953e+01,3.221933e+01,3.219485e+01
1.715500e-10,0.000000e+00,0.000000e+00,0.000000e+00,-1.158310e-06,-9.708849e-06,1.185435e-07,-3.030929e-08,-1.901607e-10,-1.901607e-10,-2.258286e-09,-3.925103e-10,-1.868450e-09,-5.870556e-10,3.274939e+01,3.221941e+01,3.219485e+01
1.716000e-10,0.000000e+00,0.000000e+00,0.000000e+00,-1.118600e-06,-1.019163e-05,5.828893e-08,-2.037570e-08,-1.482235e-09,-1.482235e-09,-2.153165e-09,-3.303268e-10,-1.572520e-09,-7.207158e-10,3.274929e+01,3.221949e+01,3.219484e+01
1.716500e-10,0.000000e+00,0.000000e+00,0.000000e+00,-1.080917e-06,-1.054885e-05,2.200837e-09,-1.008922e-08,-2.747858e-09,-2.747858e-09,-2.036651e-09,-2.824684e-10,-1.280764e-09,-8.375872e-10,3.274923e+01,3.221957e+01,3.219483e+01
1.717000e-10,0.000000e+00,0.000000e+00,0.000000e+00,-1.045807e-06,-1.078085e-05,-4.867892e-08,3.702693e-10,-3.975960e-09,-3.975960e-09,-1.909353e-09,-2.473833e-10,-9.968724e-10,-9.373482e-10,3.274922e+01,3.221965e+01,3.219482e+01
1.717500e-10,0.000000e+00,0.000000e+00,0.000000e+00,-1.013768e-06,-1.088944e-05,-9.345899e-08,1.082199e-08,-5.155114e-09,-5.155114e-09,-1.772073e-09,-2.233776e-10,-7.241371e-10,-1.019938e-09,3.274926e+01,3.221972e+01,3.219481e+01
1.718000e-10,0.000000e+00,0.000000e+00,0.000000e+00,-9.852482e-07,-1.087776e-05,-1.314123e-07,2.108769e-08,-6.273685e-09,-6.273685e-09,-1.625812e-09,-2.086659e-10,-4.654350e-10,-1.085536e-09,3.274934e+01,3.221979e+01,3.219480e+01
1.718500e-10,0.000000e+00,0.000000e+00,0.000000e+00,-9.606436e-07,-1.075019e-05,-1.619856e-07,3.099493e-08,-7.320003e-09,-7.320003e-09,-1.471778e-09,-2.014248e-10,-2.232127e-10,-1.134536e-09,3.274947e+01,3.221985e+01,3.219480e+01
1.719000e-10,0.000000e+00,0.000000e+00,0.000000e+00,-9.402987e-07,-1.051214e-05,-1.848055e-07,4.038023e-08,-8.282550e-09,-8.282550e-09,-1.311372e-09,-1.998362e-10,5.167482e-13,-1.167525e-09,3.274964e+01,3.221990e+01,3.219479e+01
1.719500e-10,0.000000e+00,0.000000e+00,0.000000e+00,-9.245001e-07,-1.016992e-05,-1.996797e-07,4.909197e-08,-9.150162e-09,-9.150162e-09,-1.146175e-09,-2.021335e-10,2.041729e-10,-1.185254e-09,3.274985e+01,3.221994e+01,3.219478e+01
1.720000e-10,0.000000e+00,0.000000e+00,0.000000e+00,-9.134719e-07,-9.730558e-06,-2.065957e-07,5.699311e-08,-9.912250e-09,-9.912250e-09,-9.779262e-10,-2.066369e-10,3.865984e-10,-1.188617e-09,3.275009e+01,3.221997e+01,3.219478e+01
1.720500e-10,0.000000e+00,0.000000e+00,0.000000e+00,-9.073692e-07,-9.201671e-06,-2.057144e-07,6.396345e-08,-1.055900e-08,-1.055900e-08,-8.084939e-10,-2.117882e-10,5.470438e-10,-1.178622e-09,3.275037e+01,3.222000e+01,3.219477e+01
1.721000e-10,0.000000e+00,0.000000e+00,0.000000e+00,-9.062706e-07,-8.591296e-06,-1.973619e-07,6.990166e-08,-1.108161e-08,-1.108161e-08,-6.398395e-10,-2.161777e-10,6.851470e-10,-1.156368e-09,3.275067e+01,3.222002e+01,3.219477e+01
1.721500e-10,0.000000e+00,0.000000e+00,0.000000e+00,-9.101718e-07,-7.907777e-06,-1.820173e-07,7.472683e-08,-1.147246e-08,-1.147246e-08,-4.739815e-10,-2.185668e-10,8.009086e-10,-1.123023e-09,3.275099e+01,3.222003e+01,3.219476e+01
1.722000e-10,0.000000e+00,0.000000e+00,0.000000e+00,-9.189795e-07,-7.159656e-06,-1.602985e-07,7.837963e-08,-1.172534e-08,-1.172534e-08,-3.129536e-10,-2.179034e-10,8.946623e-10,-1.079798e-09,3.275132e+01,3.222003e+01,3.219476e+01
1.722500e-10,0.000000e+00,0.000000e+00,0.000000e+00,-9.325073e-07,-6.355583e-06,-1.329450e-07,8.082303e-08,-1.183559e-08,-1.183559e-08,-1.587614e-10,-2.133351e-10,9.670433e-10,-1.027931e-09,3.275166e+01,3.222002e+01,3.219476e+01
1.723000e-10,0.000000e+00,0.000000e+00,0.000000e+00,-9.504738e-07,-5.504250e-06,-1.007998e-07,8.204257e-08,-1.180029e-08,-1.180029e-08,-1.334046e-11,-2.042135e-10,1.018954e-09,-9.686661e-10,3.275200e+01,3.222000e+01,3.219476e+01
1.723500e-10,0.000000e+00,0.000000e+00,0.000000e+00,-9.725039e-07,-4.614332e-06,-6.478865e-08,8.204620e-08,-1.161835e-08,-1.161835e-08,1.214869e-10,-1.900958e-10,1.051526e-09,-9.032336e-10,3.275233e+01,3.221998e+01,3.219476e+01
1.724000e-10,0.000000e+00,0.000000e+00,0.000000e+00,-9.981325e-07,-3.694447e-06,-2.589924e-08,8.086367e-08,-1.129061e-08,-1.129061e-08,2.440518e-10,-1.707410e-10,1.066087e-09,-8.328398e-10,3.275266e+01,3.221995e+01,3.219477e+01
1.724500e-10,0.000000e+00,0.000000e+00,0.000000e+00,-1.026812e-06,-2.753111e-06,1.484099e-08,7.854551e-08,-1.081991e-08,-1.081991e-08,3.528774e-10,-1.461021e-10,1.064120e-09,-7.586512e-10,3.275296e+01,3.221992e+01,3.219477e+01
1.725000e-10,0.000000e+00,0.000000e+00,0.000000e+00,-1.057924e-06,-1.798703e-06,5.638700e-08,7.516165e-08,-1.021112e-08,-1.021112e-08,4.467106e-10,-1.163139e-10,1.047228e-09,-6.817825e-10,3.275325e+01,3.221988e+01,3.219477e+01
1.725500e-10,0.000000e+00,0.000000e+00,0.000000e+00,-1.090788e-06,-8.394245e-07,9.769829e-08,7.079966e-08,-9.471095e-09,-9.471095e-09,5.245528e-10,-8.167894e-11,1.017101e-09,-6.032897e-10,3.275350e+01,3.221985e+01,3.219478e+01
1.726000e-10,0.000000e+00,0.000000e+00,0.000000e+00,-1.124680e-06,1.167438e-07,1.377605e-07,6.556268e-08,-8.608649e-09,-8.608649e-09,5.856831e-10,-4.264917e-11,9.754752e-10,-5.241599e-10,3.275372e+01,3.221981e+01,3.219479e+01
1.726500e-10,0.000000e+00,0.000000e+00,0.000000e+00,-1.158847e-06,1.062094e-06,1.756061e-07,5.956713e-08,-7.634459e-09,-7.634459e-09,6.296755e-10,1.929563e-13,9.241092e-10,-4.453074e-10,3.275391e+01,3.221976e+01,3.219479e+01
1.727000e-10,0.000000e+00,0.000000e+00,0.000000e+00,-1.192519e-06,1.989243e-06,2.103338e-07,5.294015e-08,-6.560933e-09,-6.560933e-09,6.564106e-10,4.615664e-11,8.647485e-10,-3.675680e-10,3.275405e+01,3.221972e+01,3.219480e+01
1.727500e-10,0.000000e+00,0.000000e+00,0.000000e+00,-1.224933e-06,2.891187e-06,2.411262e-07,4.581695e-08,-5.402057e-09,-5.402057e-09,6.660799e-10,9.446482e-11,7.991007e-10,-2.916974e-10,3.275415e+01,3.221969e+01,3.219481e+01
1.728000e-10,0.000000e+00,0.000000e+00,0.000000e+00,-1.255337e-06,3.761357e-06,2.672660e-07,3.833799e-08,-4.173190e-09,-4.173190e-09,6.591843e-10,1.442758e-10,7.288113e-10,-2.183690e-10,3.275422e+01,3.221965e+01,3.219482e+01
1.728500e-10,0.000000e+00,0.000000e+00,0.000000e+00,-1.283015e-06,4.593659e-06,2.881494e-07,3.064616e-08,-2.890853e-09,-2.890853e-09,6.365253e-10,1.947085e-10,6.554422e-10,-1.481735e-10,3.275423e+01,3.221962e+01,3.219483e+01
1.729000e-10,0.000000e+00,0.000000e+00,0.000000e+00,-1.307288e-06,5.382514e-06,3.032975e-07,2.288400e-08,-1.572472e-09,-1.572472e-09,5.991900e-10,2.448624e-10,5.804543e-10,-8.162067e-11,3.275421e+01,3.221959e+01,3.219484e+01
1.729500e-10,0.000000e+00,0.000000e+00,0.000000e+00,-1.327535e-06,6.122877e-06,3.123647e-07,1.519090e-08,-2.361143e-10,-2.361143e-10,5.485301e-10,2.938401e-10,5.051926e-10,-1.913989e-11,3.275414e+01,3.221956e+01,3.219485e+01
1.730000e-10,0.000000e+00,0.000000e+00,0.000000e+00,-1.343198e-06,6.810239e-06,3.151451e-07,7.700567e-09,1.099795e-09,1.099795e-09,4.861350e-10,3.407677e-10,4.308751e-10,3.891739e-11,3.275403e+01,3.221954e+01,3.219486e+01
1.730500e-10,0.000000e+00,0.000000e+00,0.000000e+00,-1.353790e-06,7.440614e-06,3.115752e-07,5.384943e-10,2.416766e-09,2.416766e-09,4.138021e-10,3.848126e-10,3.585845e-10,9.227331e-11,3.275389e+01,3.221953e+01,3.219486e+01
1.731000e-10,0.000000e+00,0.000000e+00,0.000000e+00,-1.358906e-06,8.010510e-06,3.017343e-07,-6.180192e-09,3.696545e-09,3.696545e-09,3.334983e-10,4.252016e-10,2.892623e-10,1.407218e-10,3.275371e+01,3.221952e+01,3.219487e+01
1.731500e-10,0.000000e+00,0.000000e+00,0.000000e+00,-1.358231e-06,8.516883e-06,2.858423e-07,-1.235272e-08,4.921407e-09,4.921407e-09,2.473234e-10,4.612338e-10,2.237074e-10,1.841231e-10,3.275350e+01,3.221952e+01,3.219488e+01
1.732000e-10,0.000000e+00,0.000000e+00,0.000000e+00,-1.351545e-06,8.957085e-06,2.642540e-07,-1.789035e-08,6.074448e-09,6.074448e-09,1.574673e-10,4.922939e-10,1.625756e-10,2.224005e-10,3.275328e+01,3.221952e+01,3.219489e+01
1.732500e-10,0.000000e+00,0.000000e+00,0.000000e+00,-1.338734e-06,9.328808e-06,2.374518e-07,-2.271968e-08,7.139859e-09,7.139859e-09,6.616639e-11,5.178631e-10,1.063823e-10,2.555356e-10,3.275303e+01,3.221953e+01,3.219489e+01
1.733000e-10,0.000000e+00,0.000000e+00,0.000000e+00,-1.319795e-06,9.630028e-06,2.060351e-07,-2.678368e-08,8.103186e-09,8.103186e-09,-2.433997e-11,5.375251e-10,5.550718e-11,2.835631e-10,3.275277e+01,3.221955e+01,3.219490e+01
1.733500e-10,0.000000e+00,0.000000e+00,0.000000e+00,-1.294843e-06,9.858961e-06,1.707082e-07,-3.004235e-08,8.951571e-09,8.951571e-09,-1.118543e-10,5.509726e-10,1.020094e-11,3.065672e-10,3.275251e+01,3.221956e+01,3.219490e+01
1.734000e-10,0.000000e+00,0.000000e+00,0.000000e+00,-1.264115e-06,1.001403e-05,1.322657e-07,-3.247298e-08,9.673952e-09,9.673952e-09,-1.942631e-10,5.580093e-10,-2.940608e-11,3.246760e-10,3.275225e+01,3.221959e+01,3.219491e+01
1.734500e-10,0.000000e+00,0.000000e+00,0.000000e+00,-1.227972e-06,1.009386e-05,9.157602e-08,-3.407007e-08,1.026125e-08,1.026125e-08,-2.695789e-10,5.585514e-10,-6.329511e-11,3.380573e-10,3.275200e+01,3.221962e+01,3.219491e+01
1.735000e-10,0.000000e+00,0.000000e+00,0.000000e+00,-1.186903e-06,1.009725e-05,4.956432e-08,-3.484496e-08,1.070650e-08,1.070650e-08,-3.359785e-10,5.526257e-10,-9.154843e-11,3.469138e-10,3.275176e+01,3.221965e+01,3.219491e+01
1.735500e-10,0.000000e+00,0.000000e+00,0.000000e+00,-1.141520e-06,1.002324e-05,7.193266e-09,-3.482502e-08,1.100496e-08,1.100496e-08,-3.918377e-10,5.403653e-10,-1.143366e-10,3.514790e-10,3.275155e+01,3.221968e+01,3.219491e+01
1.736000e-10,0.000000e+00,0.000000e+00,0.000000e+00,-1.092549e-06,9.871146e-06,-3.455653e-08,-3.405262e-08,1.115420e-08,1.115420e-08,-4.357629e-10,5.220055e-10,-1.319089e-10,3.520121e-10,3.275136e+01,3.221971e+01,3.219491e+01
1.736500e-10,0.000000e+00,0.000000e+00,0.000000e+00,-1.040824e-06,9.640595e-06,-7.470667e-08,-3.258377e-08,1.115409e-08,1.115409e-08,-4.666158e-10,4.978752e-10,-1.445792e-10,3.487943e-10,3.275120e+01,3.221975e+01,3.219491e+01
1.737000e-10,0.000000e+00,0.000000e+00,0.000000e+00,-9.872682e-07,9.331625e-06,-1.123014e-07,-3.048652e-08,1.100681e-08,1.100681e-08,-4.835361e-10,4.683903e-10,-1.527148e-10,3.421253e-10,3.275109e+01,3.221978e+01,3.219490e+01
1.737500e-10,0.000000e+00,0.000000e+00,0.000000e+00,-9.328776e-07,8.944757e-06,-1.464276e-07,-2.783915e-08,1.071679e-08,1.071679e-08,-4.859559e-10,4.340425e-10,-1.567255e-10,3.323176e-10,3.275102e+01,3.221982e+01,3.219490e+01
1.738000e-10,0.000000e+00,0.000000e+00,0.000000e+00,-8.786979e-07,8.481077e-06,-1.762348e-07,-2.472821e-08,1.029060e-08,1.029060e-08,-4.736094e-10,3.953889e-10,-1.570498e-10,3.196947e-10,3.275099e+01,3.221985e+01,3.219490e+01
1.738500e-10,0.000000e+00,0.000000e+00,0.000000e+00,-8.257999e-07,7.942313e-06,-2.009532e-07,-2.124639e-08,9.736852e-09,9.736852e-09,-4.465373e-10,3.530422e-10,-1.541467e-10,3.045863e-10,3.275101e+01,3.221988e+01,3.219489e+01
1.739000e-10,0.000000e+00,0.000000e+00,0.000000e+00,-7.752513e-07,7.330907e-06,-2.199115e-07,-1.749039e-08,9.066005e-09,9.066005e-09,-4.050832e-10,3.076568e-10,-1.484832e-10,2.873255e-10,3.275109e+01,3.221991e+01,3.219489e+01
1.739500e-10,0.000000e+00,0.000000e+00,0.000000e+00,-7.280894e-07,6.650068e-06,-2.325525e-07,-1.355862e-08,8.290181e-09,8.290181e-09,-3.498866e-10,2.599185e-10,-1.405261e-10,2.682448e-10,3.275122e+01,3.221993e+01,3.219488e+01
1.740000e-10,0.000000e+00,0.000000e+00,0.000000e+00,-6.852923e-07,5.903821e-06,-2.384464e-07,-9.549117e-09,7.422937e-09,7.422937e-09,-2.818688e-10,2.105317e-10,-1.307345e-10,2.476745e-10,3.275140e+01,3.221995e+01,3.219488e+01
1.740500e-10,0.000000e+00,0.000000e+00,0.000000e+00,-6.477524e-07,5.097023e-06,-2.373021e-07,-5.557312e-09,6.479023e-09,6.479023e-09,-2.022130e-10,1.602078e-10,-1.195493e-10,2.259379e-10,3.275162e+01,3.221997e+01,3.219487e+01
1.741000e-10,0.000000e+00,0.000000e+00,0.000000e+00,-6.162512e-07,4.235377e-06,-2.289760e-07,-1.674055e-09,5.474114e-09,5.474114e-09,-1.123423e-10,1.096533e-10,-1.073903e-10,2.033501e-10,3.275190e+01,3.221998e+01,3.219487e+01
1.741500e-10,0.000000e+00,0.000000e+00,0.000000e+00,-5.914377e-07,3.325416e-06,-2.134770e-07,2.016282e-09,4.424535e-09,4.424535e-09,-1.388861e-11,5.955970e-11,-9.464836e-11,1.802151e-10,3.275222e+01,3.221998e+01,3.219486e+01
1.742000e-10,0.000000e+00,0.000000e+00,0.000000e+00,-5.738109e-07,2.374481e-06,-1.909693e-07,5.437505e-09,3.346976e-09,3.346976e-09,9.133713e-11,1.059260e-11,-8.168181e-11,1.568232e-10,3.275258e+01,3.221998e+01,3.219485e+01
1.742500e-10,0.000000e+00,0.000000e+00,0.000000e+00,-5.637060e-07,1.390671e-06,-1.617715e-07,8.523085e-09,2.258204e-09,2.258204e-09,2.013821e-10,-3.661714e-11,-6.881322e-11,1.334496e-10,3.275298e+01,3.221998e+01,3.219485e+01
1.743000e-10,0.000000e+00,0.000000e+00,0.000000e+00,-5.612858e-07,3.827954e-07,-1.263523e-07,1.121739e-08,1.174783e-09,1.174783e-09,3.141880e-10,-8.148247e-11,-5.632701e-11,1.103515e-10,3.275340e+01,3.221997e+01,3.219485e+01
1.743500e-10,0.000000e+00,0.000000e+00,0.000000e+00,-5.665370e-07,-6.397016e-07,-8.532260e-08,1.347665e-08,1.127951e-10,1.127951e-10,4.276317e-10,-1.234673e-10,-4.446733e-11,8.776765e-11,3.275385e+01,3.221996e+01,3.219484e+01
1.744000e-10,0.000000e+00,0.000000e+00,0.000000e+00,-5.792712e-07,-1.666818e-06,-3.942524e-08,1.526969e-08,-9.124178e-10,-9.124178e-10,5.395641e-10,-1.620923e-10,-3.343857e-11,6.591608e-11,3.275431e+01,3.221994e+01,3.219484e+01
1.744500e-10,0.000000e+00,0.000000e+00,0.000000e+00,-5.991302e-07,-2.688088e-06,1.047931e-08,1.657824e-08,-1.886499e-09,-1.886499e-09,6.478528e-10,-1.969411e-10,-2.340488e-11,4.499346e-11,3.275477e+01,3.221992e+01,3.219483e+01
1.745000e-10,0.000000e+00,0.000000e+00,0.000000e+00,-6.255957e-07,-3.692684e-06,6.342956e-08,1.739711e-08,-2.796297e-09,-2.796297e-09,7.504199e-10,-2.276633e-10,-1.449136e-11,2.517385e-11,3.275523e+01,3.221990e+01,3.219483e+01
1.745500e-10,0.000000e+00,0.000000e+00,0.000000e+00,-6.580030e-07,-4.669527e-06,1.183823e-07,1.773397e-08,-3.630063e-09,-3.630063e-09,8.452824e-10,-2.539785e-10,-6.784915e-12,6.608252e-12,3.275568e+01,3.221988e+01,3.219483e+01
1.746000e-10,0.000000e+00,0.000000e+00,0.000000e+00,-6.955577e-07,-5.607418e-06,1.742338e-07,1.760883e-08,-4.377611e-09,-4.377611e-09,9.305872e-10,-2.756769e-10,-3.382785e-13,-1.057578e-11,3.275612e+01,3.221985e+01,3.219483e+01
1.746500e-10,0.000000e+00,0.000000e+00,0.000000e+00,-7.373553e-07,-6.495168e-06,2.298429e-07,1.705332e-08,-5.030459e-09,-5.030459e-09,1.004646e-09,-2.926202e-10,4.830115e-12,-2.627471e-11,3.275652e+01,3.221983e+01,3.219483e+01
1.747000e-10,0.000000e+00,0.000000e+00,0.000000e+00,-7.824029e-07,-7.321748e-06,2.840553e-07,1.610965e-08,-5.581922e-09,-5.581922e-09,1.065966e-09,-3.047420e-10,8.730806e-12,-4.040827e-11,3.275690e+01,3.221980e+01,3.219483e+01
1.747500e-10,0.000000e+00,0.000000e+00,0.000000e+00,-8.296429e-07,-8.076446e-06,3.357278e-07,1.482939e-08,-6.027179e-09,-6.027179e-09,1.113274e-09,-3.120449e-10,1.140157e-11,-5.291996e-11,3.275723e+01,3.221978e+01,3.219483e+01
1.748000e-10,0.000000e+00,0.000000e+00,0.000000e+00,-8.779777e-07,-8.749026e-06,3.837537e-07,1.327200e-08,-6.363304e-09,-6.363304e-09,1.145543e-09,-3.145990e-10,1.290309e-11,-6.377529e-11,3.275752e+01,3.221976e+01,3.219483e+01
1.748500e-10,0.000000e+00,0.000000e+00,0.000000e+00,-9.262953e-07,-9.329901e-06,4.270866e-07,1.150328e-08,-6.589261e-09,-6.589261e-09,1.162006e-09,-3.125389e-10,1.331684e-11,-7.296237e-11,3.275776e+01,3.221974e+01,3.219483e+01
1.749000e-10,0.000000e+00,0.000000e+00,0.000000e+00,-9.734949e-07,-9.810301e-06,4.647639e-07,9.593569e-09,-6.705857e-09,-6.705857e-09,1.162171e-09,-3.060581e-10,1.273964e-11,-8.048984e-11,3.275794e+01,3.221972e+01,3.219483e+01
1.749500e-10,0.000000e+00,0.000000e+00,0.000000e+00,-1.018512e-06,-1.018244e-05,4.959282e-07,7.615989e-09,-6.715675e-09,-6.715675e-09,1.145829e-09,-2.954062e-10,1.128165e-11,-8.638600e-11,3.275807e+01,3.221971e+01,3.219483e+01
1.750000e-10,0.000000e+00,0.000000e+00,0.000000e+00,-1.060343e-06,-1.043967e-05,5.198469e-07,5.644551e-09,-6.622969e-09,-6.622969e-09,1.113052e-09,-2.808818e-10,9.062806e-12,-9.069790e-11,3.275813e+01,3.221970e+01,3.219484e+01
1.750500e-10,0.000000e+00,0.000000e+00,0.000000e+00,-1.098069e-06,-1.057665e-05,5.359288e-07,3.752291e-09,-6.433527e-09,-6.433527e-09,1.064197e-09,-2.628278e-10,6.208554e-12,-9.348868e-11,3.275814e+01,3.221970e+01,3.219484e+01
1.751000e-10,0.000000e+00,0.000000e+00,0.000000e+00,-1.130872e-06,-1.058942e-05,5.437385e-07,2.009445e-09,-6.154519e-09,-6.154519e-09,9.998945e-10,-2.416247e-10,2.848323e-12,-9.483707e-11,3.275809e+01,3.221970e+01,3.219484e+01
1.751500e-10,0.000000e+00,0.000000e+00,0.000000e+00,-1.158062e-06,-1.047560e-05,5.430064e-07,4.816913e-10,-5.794316e-09,-5.794316e-09,9.210346e-10,-2.176841e-10,-8.888931e-13,-9.483478e-11,3.275799e+01,3.221971e+01,3.219485e+01
1.752000e-10,0.000000e+00,0.000000e+00,0.000000e+00,-1.179081e-06,-1.023438e-05,5.336361e-07,-7.714826e-10,-5.362296e-09,-5.362296e-09,8.287534e-10,-1.914416e-10,-4.875574e-12,-9.358484e-11,3.275783e+01,3.221972e+01,3.219485e+01
1.752500e-10,0.000000e+00,0.000000e+00,0.000000e+00,-1.193523e-06,-9.866630e-06,5.157074e-07,-1.698262e-09,-4.868634e-09,-4.868634e-09,7.244089e-10,-1.633513e-10,-8.989250e-12,-9.120002e-11,3.275762e+01,3.221974e+01,3.219485e+01
1.753000e-10,0.000000e+00,0.000000e+00,0.000000e+00,-1.201138e-06,-9.374920e-06,4.894759e-07,-2.255801e-09,-4.324085e-09,-4.324085e-09,6.095568e-10,-1.338771e-10,-1.311376e-11,-8.779975e-11,3.275737e+01,3.221977e+01,3.219485e+01
1.753500e-10,0.000000e+00,0.000000e+00,0.000000e+00,-1.201833e-06,-8.763507e-06,4.553682e-07,-2.411306e-09,-3.739766e-09,-3.739766e-09,4.859232e-10,-1.034880e-10,-1.714085e-11,-8.350990e-11,3.275708e+01,3.221980e+01,3.219486e+01
1.754000e-10,0.000000e+00,0.000000e+00,0.000000e+00,-1.195677e-06,-8.038310e-06,4.139737e-07,-2.142880e-09,-3.126929e-09,-3.126929e-09,3.553724e-10,-7.264963e-11,-2.097222e-11,-7.845880e-11,3.275676e+01,3.221983e+01,3.219486e+01
1.754500e-10,0.000000e+00,0.000000e+00,0.000000e+00,-1.182888e-06,-7.206844e-06,3.660327e-07,-1.440110e-09,-2.496755e-09,-2.496755e-09,2.198739e-10,-4.181967e-11,-2.452025e-11,-7.277692e-11,3.275642e+01,3.221987e+01,3.219486e+01
1.755000e-10,0.000000e+00,0.000000e+00,0.000000e+00,-1.163829e-06,-6.278136e-06,3.124213e-07,-3.043847e-10,-1.860137e-09,-1.860137e-09,8.146960e-11,-1.144058e-11,-2.770829e-11,-6.659404e-11,3.275606e+01,3.221991e+01,3.219486e+01
1.755500e-10,0.000000e+00,0.000000e+00,0.000000e+00,-1.138996e-06,-5.262607e-06,2.541330e-07,1.251058e-09,-1.227494e-09,-1.227494e-09,-5.776415e-11,1.806482e-11,-3.047234e-11,-6.003805e-11,3.275570e+01,3.221996e+01,3.219487e+01
1.756000e-10,0.000000e+00,0.000000e+00,0.000000e+00,-1.108995e-06,-4.171943e-06,1.922578e-07,3.201367e-09,-6.085927e-10,-6.085927e-10,-1.957487e-10,4.629958e-11,-3.276017e-11,-5.323290e-11,3.275533e+01,3.222001e+01,3.219487e+01
1.756500e-10,0.000000e+00,0.000000e+00,0.000000e+00,-1.074531e-06,-3.018929e-06,1.279596e-07,5.510580e-09,-1.238650e-11,-1.238650e-11,-3.304414e-10,7.289609e-11,-3.453198e-11,-4.629728e-11,3.275497e+01,3.222006e+01,3.219487e+01
1.757000e-10,0.000000e+00,0.000000e+00,0.000000e+00,-1.036382e-06,-1.817289e-06,6.245129e-08,8.132391e-09,5.531165e-10,5.531165e-10,-4.598661e-10,9.752138e-11,-3.576027e-11,-3.934343e-11,3.275463e+01,3.222011e+01,3.219487e+01
1.757500e-10,0.000000e+00,0.000000e+00,0.000000e+00,-9.953808e-07,-5.814917e-07,-3.030682e-09,1.101115e-08,1.080964e-09,1.080964e-09,-5.821480e-10,1.198790e-10,-3.642932e-11,-3.247535e-11,3.275431e+01,3.222016e+01,3.219487e+01
1.758000e-10,0.000000e+00,0.000000e+00,0.000000e+00,-9.523902e-07,6.734418e-07,-6.725207e-08,1.408310e-08,1.565344e-09,1.565344e-09,-6.955414e-10,1.397137e-10,-3.653422e-11,-2.578863e-11,3.275403e+01,3.222021e+01,3.219487e+01
1.758500e-10,0.000000e+00,0.000000e+00,0.000000e+00,-9.082821e-07,1.932143e-06,-1.290068e-07,1.727779e-08,2.001646e-09,2.001646e-09,-7.984588e-10,1.568126e-10,-3.608096e-11,-1.936904e-11,3.275378e+01,3.222026e+01,3.219487e+01
1.759000e-10,0.000000e+00,0.000000e+00,0.000000e+00,-8.639159e-07,3.179103e-06,-1.871417e-07,2.051965e-08,2.386486e-09,2.386486e-09,-8.894930e-10,1.710071e-10,-3.508496e-11,-1.329174e-11,3.275356e+01,3.222030e+01,3.219487e+01
1.759500e-10,0.000000e+00,0.000000e+00,0.000000e+00,-8.201196e-07,4.398888e-06,-2.405806e-07,2.372971e-08,2.717711e-09,2.717711e-09,-9.674386e-10,1.821738e-10,-3.357099e-11,-7.621614e-12,3.275340e+01,3.222034e+01,3.219487e+01
1.760000e-10,0.000000e+00,0.000000e+00,0.000000e+00,-7.776713e-07,5.576341e-06,-2.883456e-07,2.682739e-08,2.994377e-09,2.994377e-09,-1.031308e-09,1.902355e-10,-3.157134e-11,-2.411795e-12,3.275328e+01,3.222038e+01,3.219487e+01
1.760500e-10,0.000000e+00,0.000000e+00,0.000000e+00,-7.372846e-07,6.696797e-06,-3.295768e-07,2.973238e-08,3.216700e-09,3.216700e-09,-1.080346e-09,1.951601e-10,-2.912496e-11,2.295359e-12,3.275321e+01,3.222041e+01,3.219487e+01
1.761000e-10,0.000000e+00,0.000000e+00,0.000000e+00,-6.995953e-07,7.746276e-06,-3.635489e-07,3.236641e-08,3.385982e-09,3.385982e-09,-1.114035e-09,1.969603e-10,-2.627716e-11,6.468261e-12,3.275320e+01,3.222044e+01,3.219487e+01
1.761500e-10,0.000000e+00,0.000000e+00,0.000000e+00,-6.651522e-07,8.711678e-06,-3.896845e-07,3.465518e-08,3.504518e-09,3.504518e-09,-1.132100e-09,1.956924e-10,-2.307769e-11,1.008676e-11,3.275324e+01,3.222046e+01,3.219487e+01
1.762000e-10,0.000000e+00,0.000000e+00,0.000000e+00,-6.344091e-07,9.580960e-06,-4.075647e-07,3.653003e-08,3.575489e-09,3.575489e-09,-1.134510e-09,1.914543e-10,-1.958015e-11,1.314090e-11,3.275332e+01,3.222047e+01,3.219487e+01
1.762500e-10,0.000000e+00,0.000000e+00,0.000000e+00,-6.077212e-07,1.034330e-05,-4.169350e-07,3.792961e-08,3.602827e-09,3.602827e-09,-1.121474e-09,1.843826e-10,-1.584064e-11,1.563042e-11,3.275346e+01,3.222048e+01,3.219487e+01
1.763000e-10,0.000000e+00,0.000000e+00,0.000000e+00,-5.853429e-07,1.098925e-05,-4.177089e-07,3.880136e-08,3.591083e-09,3.591083e-09,-1.093430e-09,1.746507e-10,-1.191774e-11,1.756460e-11,3.275364e+01,3.222048e+01,3.219487e+01
1.763500e-10,0.000000e+00,0.000000e+00,0.000000e+00,-5.674288e-07,1.151084e-05,-4.099669e-07,3.910282e-08,3.545278e-09,3.545278e-09,-1.051035e-09,1.624647e-10,-7.869623e-12,1.896093e-11,3.275387e+01,3.222047e+01,3.219487e+01
1.764000e-10,0.000000e+00,0.000000e+00,0.000000e+00,-5.540364e-07,1.190174e-05,-3.939524e-07,3.880274e-08,3.470747e-09,3.470747e-09,-9.951496e-10,1.480602e-10,-3.755842e-12,1.984473e-11,3.275413e+01,3.222046e+01,3.219487e+01
1.764500e-10,0.000000e+00,0.000000e+00,0.000000e+00,-5.451315e-07,1.215726e-05,-3.700636e-07,3.788193e-08,3.372990e-09,3.372990e-09,-9.268170e-10,1.316983e-10,3.664099e-13,2.024757e-11,3.275442e+01,3.222044e+01,3.219487e+01
1.765000e-10,0.000000e+00,0.000000e+00,0.000000e+00,-5.405941e-07,1.227449e-05,-3.388435e-07,3.633386e-08,3.257517e-09,3.257517e-09,-8.472462e-10,1.136615e-10,4.440660e-12,2.020714e-11,3.275474e+01,3.222041e+01,3.219487e+01
1.765500e-10,0.000000e+00,0.000000e+00,0.000000e+00,-5.402269e-07,1.225226e-05,-3.009657e-07,3.416503e-08,3.129703e-09,3.129703e-09,-7.577842e-10,9.424924e-11,8.412854e-12,1.976567e-11,3.275509e+01,3.222038e+01,3.219487e+01
1.766000e-10,0.000000e+00,0.000000e+00,0.000000e+00,-5.437643e-07,1.209118e-05,-2.572188e-07,3.139500e-08,2.994652e-09,2.994652e-09,-6.598944e-10,7.377329e-11,1.223247e-11,1.896887e-11,3.275545e+01,3.222034e+01,3.219488e+01
1.766500e-10,0.000000e+00,0.000000e+00,0.000000e+00,-5.508825e-07,1.179364e-05,-2.084882e-07,2.805621e-08,2.857073e-09,2.857073e-09,-5.551262e-10,5.255385e-11,1.585161e-11,1.786524e-11,3.275582e+01,3.222030e+01,3.219488e+01
1.767000e-10,0.000000e+00,0.000000e+00,0.000000e+00,-5.612096e-07,1.136371e-05,-1.557364e-07,2.419347e-08,2.721166e-09,2.721166e-09,-4.450919e-10,3.091411e-11,1.922730e-11,1.650472e-11,3.275619e+01,3.222026e+01,3.219488e+01
1.767500e-10,0.000000e+00,0.000000e+00,0.000000e+00,-5.743367e-07,1.080710e-05,-9.998261e-08,1.986322e-08,2.590532e-09,2.590532e-09,-3.314358e-10,9.175893e-12,2.232042e-11,1.493831e-11,3.275656e+01,3.222021e+01,3.219488e+01
1.768000e-10,0.000000e+00,0.000000e+00,0.000000e+00,-5.898287e-07,1.013106e-05,-4.228120e-08,1.513248e-08,2.468099e-09,2.468099e-09,-2.158086e-10,-1.234369e-11,2.509642e-11,1.321601e-11,3.275692e+01,3.222016e+01,3.219488e+01
1.768500e-10,0.000000e+00,0.000000e+00,0.000000e+00,-6.072345e-07,9.344298e-06,1.629960e-08,1.007770e-08,2.356063e-09,2.356063e-09,-9.984064e-11,-3.333843e-11,2.752587e-11,1.138765e-11,3.275727e+01,3.222011e+01,3.219489e+01
1.769000e-10,0.000000e+00,0.000000e+00,0.000000e+00,-6.260968e-07,8.456807e-06,7.469884e-08,4.783257e-09,2.255862e-09,2.255862e-09,1.488352e-11,-5.351464e-11,2.958422e-11,9.500246e-12,3.275760e+01,3.222006e+01,3.219489e+01
1.769500e-10,0.000000e+00,0.000000e+00,0.000000e+00,-6.459617e-07,7.479757e-06,1.318832e-07,-6.601350e-10,2.168158e-09,2.168158e-09,1.268490e-10,-7.259761e-11,3.125290e-11,7.598587e-12,3.275791e+01,3.222002e+01,3.219489e+01
1.770000e-10,0.000000e+00,0.000000e+00,0.000000e+00,-6.663861e-07,6.425339e-06,1.868661e-07,-6.157168e-09,2.092850e-09,2.092850e-09,2.346327e-10,-9.033243e-11,3.251755e-11,5.724428e-12,3.275819e+01,3.221997e+01,3.219490e+01
1.770500e-10,0.000000e+00,0.000000e+00,0.000000e+00,-6.869449e-07,5.306605e-06,2.387252e-07,-1.160980e-08,2.029104e-09,2.029104e-09,3.369217e-10,-1.064890e-10,3.337017e-11,3.915493e-12,3.275843e+01,3.221993e+01,3.219490e+01
1.771000e-10,0.000000e+00,0.000000e+00,0.000000e+00,-7.072365e-07,4.137303e-06,2.866184e-07,-1.691918e-08,1.975403e-09,1.975403e-09,4.325315e-10,-1.208637e-10,3.380689e-11,2.205633e-12,3.275865e+01,3.221989e+01,3.219490e+01
1.771500e-10,0.000000e+00,0.000000e+00,0.000000e+00,-7.268870e-07,2.931710e-06,3.297975e-07,-2.198758e-08,1.929614e-09,1.929614e-09,5.204185e-10,-1.332820e-10,3.382976e-11,6.238194e-13,3.275883e+01,3.221986e+01,3.219490e+01
1.772000e-10,0.000000e+00,0.000000e+00,0.000000e+00,-7.455528e-07,1.704455e-06,3.676190e-07,-2.672033e-08,1.889077e-09,1.889077e-09,5.996934e-10,-1.436004e-10,3.344573e-11,-8.053407e-13,3.275898e+01,3.221983e+01,3.219491e+01
1.772500e-10,0.000000e+00,0.000000e+00,0.000000e+00,-7.629226e-07,4.703480e-07,3.995537e-07,-3.102772e-08,1.850699e-09,1.850699e-09,6.696262e-10,-1.517077e-10,3.266585e-11,-2.062187e-12,3.275909e+01,3.221981e+01,3.219491e+01
1.773000e-10,0.000000e+00,0.000000e+00,0.000000e+00,-7.787178e-07,-7.558024e-07,4.251928e-07,-3.482673e-08,1.811066e-09,1.811066e-09,7.296540e-10,-1.575259e-10,3.150636e-11,-3.132023e-12,3.275917e+01,3.221979e+01,3.219491e+01
1.773500e-10,0.000000e+00,0.000000e+00,0.000000e+00,-7.926925e-07,-1.959365e-06,4.442514e-07,-3.804276e-08,1.766563e-09,1.766563e-09,7.793809e-10,-1.610099e-10,2.998762e-11,-4.004483e-12,3.275921e+01,3.221978e+01,3.219491e+01
1.774000e-10,0.000000e+00,0.000000e+00,0.000000e+00,-8.046328e-07,-3.126068e-06,4.565705e-07,-4.061104e-08,1.713496e-09,1.713496e-09,8.185775e-10,-1.621493e-10,2.813328e-11,-4.674761e-12,3.275921e+01,3.221978e+01,3.219491e+01
1.774500e-10,0.000000e+00,0.000000e+00,0.000000e+00,-8.143564e-07,-4.242172e-06,4.621155e-07,-4.247800e-08,1.648219e-09,1.648219e-09,8.471773e-10,-1.609659e-10,2.597168e-11,-5.141455e-12,3.275919e+01,3.221979e+01,3.219491e+01
1.775000e-10,0.000000e+00,0.000000e+00,0.000000e+00,-8.217118e-07,-5.294648e-06,4.609728e-07,-4.360234e-08,1.567263e-09,1.567263e-09,8.652690e-10,-1.575138e-10,2.353309e-11,-5.408247e-12,3.275913e+01,3.221980e+01,3.219491e+01
1.775500e-10,0.000000e+00,0.000000e+00,0.000000e+00,-8.265784e-07,-6.271347e-06,4.533447e-07,-4.395583e-08,1.467451e-09,1.467451e-09,8.730879e-10,-1.518775e-10,2.085143e-11,-5.482101e-12,3.275905e+01,3.221981e+01,3.219491e+01
1.776000e-10,0.000000e+00,0.000000e+00,0.000000e+00,-8.288670e-07,-7.161154e-06,4.395420e-07,-4.352398e-08,1.346020e-09,1.346020e-09,8.710047e-10,-1.441707e-10,1.796261e-11,-5.373785e-12,3.275894e+01,3.221984e+01,3.219491e+01
1.776500e-10,0.000000e+00,0.000000e+00,0.000000e+00,-8.285211e-07,-7.954141e-06,4.199746e-07,-4.230627e-08,1.200721e-09,1.200721e-09,8.595119e-10,-1.345331e-10,1.490442e-11,-5.097030e-12,3.275882e+01,3.221987e+01,3.219491e+01
1.777000e-10,0.000000e+00,0.000000e+00,0.000000e+00,-8.255194e-07,-8.641701e-06,3.951419e-07,-4.031630e-08,1.029915e-09,1.029915e-09,8.392094e-10,-1.231295e-10,1.171623e-11,-4.668044e-12,3.275867e+01,3.221990e+01,3.219491e+01
1.777500e-10,0.000000e+00,0.000000e+00,0.000000e+00,-8.198778e-07,-9.216653e-06,3.656205e-07,-3.758149e-08,8.326486e-10,8.326486e-10,8.107878e-10,-1.101450e-10,8.438267e-12,-4.105293e-12,3.275852e+01,3.221995e+01,3.219490e+01
1.778000e-10,0.000000e+00,0.000000e+00,0.000000e+00,-8.116530e-07,-9.673342e-06,3.320519e-07,-3.414265e-08,6.087170e-10,6.087170e-10,7.750130e-10,-9.578344e-11,5.111324e-12,-3.428929e-12,3.275835e+01,3.221999e+01,3.219490e+01
1.778500e-10,0.000000e+00,0.000000e+00,0.000000e+00,-8.009454e-07,-1.000770e-05,2.951298e-07,-3.005319e-08,3.587050e-10,3.587050e-10,7.327079e-10,-8.026370e-11,1.776787e-12,-2.660208e-12,3.275819e+01,3.222004e+01,3.219490e+01
1.779000e-10,0.000000e+00,0.000000e+00,0.000000e+00,-7.879018e-07,-1.021730e-05,2.555859e-07,-2.537822e-08,8.401205e-11,8.401205e-11,6.847352e-10,-6.381593e-11,-1.525656e-12,-1.821088e-12,3.275802e+01,3.222009e+01,3.219489e+01
1.779500e-10,0.000000e+00,0.000000e+00,0.000000e+00,-7.727174e-07,-1.030132e-05,2.141766e-07,-2.019326e-08,-2.131465e-10,-2.131465e-10,6.319810e-10,-4.667919e-11,-4.755823e-12,-9.339139e-13,3.275785e+01,3.222014e+01,3.219489e+01
1.780000e-10,0.000000e+00,0.000000e+00,0.000000e+00,-7.556363e-07,-1.026061e-05,1.716689e-07,-1.458293e-08,-5.297547e-10,-5.297547e-10,5.753377e-10,-2.909615e-11,-7.875516e-12,-2.088810e-14,3.275770e+01,3.222020e+01,3.219489e+01
1.780500e-10,0.000000e+00,0.000000e+00,0.000000e+00,-7.369510e-07,-1.009755e-05,1.288274e-07,-8.639334e-09,-8.620357e-10,-8.620357e-10,5.156890e-10,-1.131141e-11,-1.084875e-11,8.967327e-13,3.275755e+01,3.222025e+01,3.219488e+01
1.781000e-10,0.000000e+00,0.000000e+00,0.000000e+00,-7.169990e-07,-9.816043e-06,8.640031e-08,-2.460422e-09,-1.205508e-09,-1.205508e-09,4.538950e-10,6.433360e-12,-1.364016e-11,1.798201e-12,3.275742e+01,3.222030e+01,3.219488e+01
1.781500e-10,0.000000e+00,0.000000e+00,0.000000e+00,-6.961586e-07,-9.421419e-06,4.510791e-08,3.851835e-09,-1.555061e-09,-1.555061e-09,3.907793e-10,2.390171e-11,-1.621895e-11,2.664206e-12,3.275730e+01,3.222035e+01,3.219487e+01
1.782000e-10,0.000000e+00,0.000000e+00,0.000000e+00,-6.748411e-07,-8.920290e-06,5.630057e-09,1.019329e-08,-1.905048e-09,-1.905048e-09,3.271188e-10,4.086627e-11,-1.855558e-11,3.477176e-12,3.275720e+01,3.222040e+01,3.219487e+01
1.782500e-10,0.000000e+00,0.000000e+00,0.000000e+00,-6.534827e-07,-8.320450e-06,-3.140447e-08,1.645949e-08,-2.249395e-09,-2.249395e-09,2.636317e-10,5.711204e-11,-2.062440e-11,4.221203e-12,3.275712e+01,3.222045e+01,3.219486e+01
1.783000e-10,0.000000e+00,0.000000e+00,0.000000e+00,-6.325334e-07,-7.630719e-06,-6.542787e-08,2.254758e-08,-2.581721e-09,-2.581721e-09,2.009723e-10,7.243708e-11,-2.240345e-11,4.882274e-12,3.275707e+01,3.222049e+01,3.219486e+01
1.783500e-10,0.000000e+00,0.000000e+00,0.000000e+00,-6.124448e-07,-6.860809e-06,-9.594202e-08,2.835811e-08,-2.895467e-09,-2.895467e-09,1.397240e-10,8.665846e-11,-2.387394e-11,5.448620e-12,3.275704e+01,3.222053e+01,3.219486e+01
1.784000e-10,0.000000e+00,0.000000e+00,0.000000e+00,-5.936582e-07,-6.021161e-06,-1.225259e-07,3.379684e-08,-3.184037e-09,-3.184037e-09,8.039541e-11,9.961070e-11,-2.502146e-11,5.911193e-12,3.275703e+01,3.222057e+01,3.219485e+01
1.784500e-10,0.000000e+00,0.000000e+00,0.000000e+00,-5.765905e-07,-5.122798e-06,-1.448417e-07,3.877630e-08,-3.440940e-09,-3.440940e-09,2.341890e-11,1.111502e-10,-2.583551e-11,6.262520e-12,3.275705e+01,3.222060e+01,3.219485e+01
1.785000e-10,0.000000e+00,0.000000e+00,0.000000e+00,-5.616223e-07,-4.177168e-06,-1.626392e-07,4.321740e-08,-3.659932e-09,-3.659932e-09,-3.084915e-11,1.211559e-10,-2.630971e-11,6.498182e-12,3.275710e+01,3.222062e+01,3.219485e+01
1.785500e-10,0.000000e+00,0.000000e+00,0.000000e+00,-5.490856e-07,-3.195998e-06,-1.757590e-07,4.705071e-08,-3.835162e-09,-3.835162e-09,-8.212737e-11,1.295294e-10,-2.644234e-11,6.615601e-12,3.275716e+01,3.222064e+01,3.219485e+01
1.786000e-10,0.000000e+00,0.000000e+00,0.000000e+00,-5.392537e-07,-2.191140e-06,-1.841335e-07,5.021763e-08,-3.961306e-09,-3.961306e-09,-1.302052e-10,1.361975e-10,-2.623493e-11,6.614706e-12,3.275725e+01,3.222065e+01,3.219485e+01
1.786500e-10,0.000000e+00,0.000000e+00,0.000000e+00,-5.323320e-07,-1.174433e-06,-1.877869e-07,5.267132e-08,-4.033701e-09,-4.033701e-09,-1.749384e-10,1.411110e-10,-2.569461e-11,6.497550e-12,3.275736e+01,3.222065e+01,3.219485e+01
1.787000e-10,0.000000e+00,0.000000e+00,0.000000e+00,-5.284517e-07,-1.575597e-07,-1.868333e-07,5.437745e-08,-4.048459e-09,-4.048459e-09,-2.162423e-10,1.442456e-10,-2.483138e-11,6.268290e-12,3.275749e+01,3.222066e+01,3.219485e+01
1.787500e-10,0.000000e+00,0.000000e+00,0.000000e+00,-5.276653e-07,8.480845e-07,-1.814726e-07,5.531464e-08,-4.002574e-09,-4.002574e-09,-2.540860e-10,1.456006e-10,-2.365929e-11,5.932958e-12,3.275763e+01,3.222065e+01,3.219485e+01
1.788000e-10,0.000000e+00,0.000000e+00,0.000000e+00,-5.299444e-07,1.831523e-06,-1.719857e-07,5.547475e-08,-3.894013e-09,-3.894013e-09,-2.884832e-10,1.452000e-10,-2.219699e-11,5.499061e-12,3.275778e+01,3.222064e+01,3.219485e+01
1.788500e-10,0.000000e+00,0.000000e+00,0.000000e+00,-5.351797e-07,2.782320e-06,-1.587275e-07,5.486283e-08,-3.721786e-09,-3.721786e-09,-3.194842e-10,1.430892e-10,-2.046547e-11,4.975999e-12,3.275794e+01,3.222063e+01,3.219485e+01
1.789000e-10,0.000000e+00,0.000000e+00,0.000000e+00,-5.431837e-07,3.690690e-06,-1.421187e-07,5.349690e-08,-3.485998e-09,-3.485998e-09,-3.471669e-10,1.393343e-10,-1.848976e-11,4.373856e-12,3.275811e+01,3.222061e+01,3.219486e+01
1.789500e-10,0.000000e+00,0.000000e+00,0.000000e+00,-5.536950e-07,4.547610e-06,-1.226364e-07,5.140748e-08,-3.187880e-09,-3.187880e-09,-3.716295e-10,1.340227e-10,-1.629700e-11,3.704648e-12,3.275828e+01,3.222059e+01,3.219486e+01
1.790000e-10,0.000000e+00,0.000000e+00,0.000000e+00,-5.663841e-07,5.344905e-06,-1.008038e-07,4.863689e-08,-2.829798e-09,-2.829798e-09,-3.929793e-10,1.272576e-10,-1.391737e-11,2.980246e-12,3.275845e+01,3.222056e+01,3.219486e+01
1.790500e-10,0.000000e+00,0.000000e+00,0.000000e+00,-5.808612e-07,6.075327e-06,-7.717827e-08,4.523834e-08,-2.415239e-09,-2.415239e-09,-4.113276e-10,1.191593e-10,-1.138291e-11,2.213841e-12,3.275861e+01,3.222053e+01,3.219487e+01
1.791000e-10,0.000000e+00,0.000000e+00,0.000000e+00,-5.966857e-07,6.732621e-06,-5.233962e-08,4.127486e-08,-1.948777e-09,-1.948777e-09,-4.267806e-10,1.098604e-10,-8.727369e-12,1.418427e-12,3.275877e+01,3.222050e+01,3.219487e+01
1.791500e-10,0.000000e+00,0.000000e+00,0.000000e+00,-6.133761e-07,7.311566e-06,-2.687753e-08,3.681803e-08,-1.436014e-09,-1.436014e-09,-4.394340e-10,9.950575e-11,-5.985047e-12,6.074211e-13,3.275891e+01,3.222047e+01,3.219488e+01
1.792000e-10,0.000000e+00,0.000000e+00,0.000000e+00,-6.304214e-07,7.808001e-06,-1.378825e-09,3.194661e-08,-8.835018e-10,-8.835018e-10,-4.493661e-10,8.824832e-11,-3.192232e-12,-2.058820e-13,3.275904e+01,3.222044e+01,3.219489e+01
1.792500e-10,0.000000e+00,0.000000e+00,0.000000e+00,-6.472934e-07,8.218831e-06,2.358503e-08,2.674506e-08,-2.986438e-10,-2.986438e-10,-4.566358e-10,7.624773e-11,-3.844218e-13,-1.008732e-12,3.275915e+01,3.222041e+01,3.219489e+01
1.793000e-10,0.000000e+00,0.000000e+00,0.000000e+00,-6.634595e-07,8.542014e-06,4.747018e-08,2.130190e-08,3.104198e-10,3.104198e-10,-4.612776e-10,6.366757e-11,2.402623e-12,-1.788625e-12,3.275924e+01,3.222037e+01,3.219490e+01
1.793500e-10,0.000000e+00,0.000000e+00,0.000000e+00,-6.783958e-07,8.776529e-06,6.977189e-08,1.570818e-08,9.349445e-10,9.349445e-10,-4.633012e-10,5.067382e-11,5.133633e-12,-2.533757e-12,3.275932e+01,3.222034e+01,3.219490e+01
1.794000e-10,0.000000e+00,0.000000e+00,0.000000e+00,-6.916008e-07,8.922328e-06,9.003526e-08,1.005575e-08,1.565726e-09,1.565726e-09,-4.626912e-10,3.743032e-11,7.775092e-12,-3.233412e-12,3.275937e+01,3.222032e+01,3.219491e+01
1.794500e-10,0.000000e+00,0.000000e+00,0.000000e+00,-7.026090e-07,8.980276e-06,1.078648e-07,4.435663e-09,2.193255e-09,2.193255e-09,-4.594073e-10,2.409947e-11,1.029408e-11,-3.877856e-12,3.275940e+01,3.222029e+01,3.219491e+01
1.795000e-10,0.000000e+00,0.000000e+00,0.000000e+00,-7.110035e-07,8.952083e-06,1.229325e-07,-1.063402e-09,2.807881e-09,2.807881e-09,-4.533879e-10,1.083810e-11,1.266082e-11,-4.458163e-12,3.275941e+01,3.222027e+01,3.219492e+01
1.795500e-10,0.000000e+00,0.000000e+00,0.000000e+00,-7.164291e-07,8.840223e-06,1.349849e-07,-6.356680e-09,3.399982e-09,3.399982e-09,-4.445526e-10,-2.203686e-12,1.484604e-11,-4.966826e-12,3.275941e+01,3.222025e+01,3.219492e+01
1.796000e-10,0.000000e+00,0.000000e+00,0.000000e+00,-7.186027e-07,8.647854e-06,1.438476e-07,-1.136474e-08,3.960128e-09,3.960128e-09,-4.328082e-10,-1.488347e-11,1.682513e-11,-5.397549e-12,3.275938e+01,3.222023e+01,3.219493e+01
1.796500e-10,0.000000e+00,0.000000e+00,0.000000e+00,-7.173235e-07,8.378740e-06,1.494288e-07,-1.601475e-08,4.479254e-09,4.479254e-09,-4.180532e-10,-2.706979e-11,1.857484e-11,-5.745509e-12,3.275933e+01,3.222022e+01,3.219493e+01
1.797000e-10,0.000000e+00,0.000000e+00,0.000000e+00,-7.124800e-07,8.037170e-06,1.517204e-07,-2.024169e-08,4.948819e-09,4.948819e-09,-4.001850e-10,-3.864159e-11,2.007629e-11,-6.006987e-12,3.275927e+01,3.222021e+01,3.219494e+01
1.797500e-10,0.000000e+00,0.000000e+00,0.000000e+00,-7.040558e-07,7.627891e-06,1.507976e-07,-2.398927e-08,5.360963e-09,5.360963e-09,-3.791065e-10,-4.949044e-11,2.131311e-11,-6.179792e-12,3.275920e+01,3.222020e+01,3.219494e+01
1.798000e-10,0.000000e+00,0.000000e+00,0.000000e+00,-6.921314e-07,7.156032e-06,1.468158e-07,-2.721076e-08,5.708644e-09,5.708644e-09,-3.547344e-10,-5.952078e-11,2.227310e-11,-6.263239e-12,3.275912e+01,3.222020e+01,3.219494e+01
1.798500e-10,0.000000e+00,0.000000e+00,0.000000e+00,-6.768842e-07,6.627055e-06,1.400064e-07,-2.986962e-08,5.985776e-09,5.985776e-09,-3.270056e-10,-6.865058e-11,2.294740e-11,-6.257556e-12,3.275904e+01,3.222020e+01,3.219494e+01
1.799000e-10,0.000000e+00,0.000000e+00,0.000000e+00,-6.585844e-07,6.046693e-06,1.306706e-07,-3.193989e-08,6.187334e-09,6.187334e-09,-2.958859e-10,-7.681152e-11,2.333122e-11,-6.164639e-12,3.275895e+01,3.222021e+01,3.219495e+01
1.799500e-10,0.000000e+00,0.000000e+00,0.000000e+00,-6.375887e-07,5.420911e-06,1.191705e-07,-3.340637e-08,6.309454e-09,6.309454e-09,-2.613771e-10,-8.394988e-11,2.342330e-11,-5.987151e-12,3.275886e+01,3.222022e+01,3.219495e+01
1.800000e-10,0.000000e+00,0.000000e+00,0.000000e+00,-6.143306e-07,4.755858e-06,1.059207e-07,-3.426467e-08,6.349505e-09,6.349505e-09,-2.235235e-10,-9.002529e-11,2.322618e-11,-5.729531e-12,3.275878e+01,3.222023e+01,3.219495e+01
1.800500e-10,0.000000e+00,0.000000e+00,0.000000e+00,-5.893083e-07,4.057833e-06,9.137626e-08,-3.452098e-08,6.306143e-09,6.306143e-09,-1.824181e-10,-9.501119e-11,2.274653e-11,-5.396584e-12,3.275870e+01,3.222024e+01,3.219494e+01
1.801000e-10,0.000000e+00,0.000000e+00,0.000000e+00,-5.630704e-07,3.333248e-06,7.602153e-08,-3.419165e-08,6.179340e-09,6.179340e-09,-1.382082e-10,-9.889442e-11,2.199340e-11,-4.994466e-12,3.275864e+01,3.222026e+01,3.219494e+01
1.801500e-10,0.000000e+00,0.000000e+00,0.000000e+00,-5.362003e-07,2.588595e-06,6.035718e-08,-3.330265e-08,5.970393e-09,5.970393e-09,-9.109849e-11,-1.016741e-10,2.098018e-11,-4.530070e-12,3.275859e+01,3.222028e+01,3.219494e+01
1.802000e-10,0.000000e+00,0.000000e+00,0.000000e+00,-5.092990e-07,1.830413e-06,4.488718e-08,-3.188880e-08,5.681904e-09,5.681904e-09,-4.135604e-11,-1.033609e-10,1.972356e-11,-4.010709e-12,3.275856e+01,3.222030e+01,3.219494e+01
1.802500e-10,0.000000e+00,0.000000e+00,0.000000e+00,-4.829681e-07,1.065248e-06,3.010559e-08,-2.999287e-08,5.317744e-09,5.317744e-09,1.069136e-11,-1.039768e-10,1.824152e-11,-3.444731e-12,3.275855e+01,3.222032e+01,3.219494e+01
1.803000e-10,0.000000e+00,0.000000e+00,0.000000e+00,-4.577929e-07,2.996227e-07,1.648364e-08,-2.766454e-08,4.882994e-09,4.882994e-09,6.465134e-11,-1.035534e-10,1.655658e-11,-2.840712e-12,3.275856e+01,3.222034e+01,3.219493e+01
1.803500e-10,0.000000e+00,0.000000e+00,0.000000e+00,-4.343261e-07,-4.600026e-07,4.457368e-09,-2.495930e-08,4.383852e-09,4.383852e-09,1.200727e-10,-1.021313e-10,1.469204e-11,-2.207194e-12,3.275859e+01,3.222037e+01,3.219493e+01
1.804000e-10,0.000000e+00,0.000000e+00,0.000000e+00,-4.130736e-07,-1.207268e-06,-5.583803e-09,-2.193720e-08,3.827544e-09,3.827544e-09,1.764440e-10,-9.975847e-11,1.267369e-11,-1.553577e-12,3.275864e+01,3.222039e+01,3.219492e+01
1.804500e-10,0.000000e+00,0.000000e+00,0.000000e+00,-3.944813e-07,-1.935951e-06,-1.330729e-08,-1.866159e-08,3.222194e-09,3.222194e-09,2.332018e-10,-9.649018e-11,1.052866e-11,-8.888054e-13,3.275872e+01,3.222041e+01,3.219492e+01
1.805000e-10,0.000000e+00,0.000000e+00,0.000000e+00,-3.789251e-07,-2.640006e-06,-1.844608e-08,-1.519781e-08,2.576692e-09,2.576692e-09,2.897345e-10,-9.238690e-11,8.285316e-12,-2.219471e-13,3.275882e+01,3.222043e+01,3.219491e+01
1.805500e-10,0.000000e+00,0.000000e+00,0.000000e+00,-3.667023e-07,-3.313596e-06,-2.080575e-08,-1.161191e-08,1.900549e-09,1.900549e-09,3.453909e-10,-8.751326e-11,5.972594e-12,4.379837e-13,3.275895e+01,3.222045e+01,3.219491e+01
1.806000e-10,0.000000e+00,0.000000e+00,0.000000e+00,-3.580266e-07,-3.951133e-06,-2.026955e-08,-7.969302e-09,1.203733e-09,1.203733e-09,3.994884e-10,-8.193822e-11,3.619657e-12,1.082639e-12,3.275909e+01,3.222047e+01,3.219491e+01
1.806500e-10,0.000000e+00,0.000000e+00,0.000000e+00,-3.530249e-07,-4.547308e-06,-1.680150e-08,-4.333609e-09,4.965066e-10,4.965066e-10,4.513229e-10,-7.573254e-11,1.256110e-12,1.703740e-12,3.275925e+01,3.222048e+01,3.219490e+01
1.807000e-10,0.000000e+00,0.000000e+00,0.000000e+00,-3.517367e-07,-5.097124e-06,-1.044733e-08,-7.654456e-10,-2.107440e-10,-2.107440e-10,5.001810e-10,-6.896897e-11,-1.089198e-12,2.293605e-12,3.275943e+01,3.222049e+01,3.219490e+01
1.807500e-10,0.000000e+00,0.000000e+00,0.000000e+00,-3.541161e-07,-5.595924e-06,-1.333341e-09,2.678628e-09,-9.076792e-10,-9.076792e-10,5.453498e-10,-6.172061e-11,-3.388310e-12,2.845149e-12,3.275962e+01,3.222050e+01,3.219489e+01
1.808000e-10,0.000000e+00,0.000000e+00,0.000000e+00,-3.600353e-07,-6.039420e-06,1.033685e-08,5.947059e-09,-1.584176e-09,-1.584176e-09,5.861302e-10,-5.406101e-11,-5.614252e-12,3.351883e-12,3.275981e+01,3.222051e+01,3.219489e+01
1.808500e-10,0.000000e+00,0.000000e+00,0.000000e+00,-3.692908e-07,-6.423720e-06,2.428753e-08,8.994123e-09,-2.230493e-09,-2.230493e-09,6.218499e-10,-4.606334e-11,-7.741383e-12,3.808212e-12,3.276002e+01,3.222052e+01,3.219488e+01
1.809000e-10,0.000000e+00,0.000000e+00,0.000000e+00,-3.816098e-07,-6.745357e-06,4.017797e-08,1.178060e-08,-2.837424e-09,-2.837424e-09,6.518754e-10,-3.779943e-11,-9.746150e-12,4.209137e-12,3.276022e+01,3.222053e+01,3.219488e+01
1.809500e-10,0.000000e+00,0.000000e+00,0.000000e+00,-3.966590e-07,-7.001315e-06,5.761108e-08,1.427429e-08,-3.396447e-09,-3.396447e-09,6.756238e-10,-2.933916e-11,-1.160654e-11,4.550379e-12,3.276042e+01,3.222053e+01,3.219488e+01
1.810000e-10,0.000000e+00,0.000000e+00,0.000000e+00,-4.140538e-07,-7.189057e-06,7.614354e-08,1.645038e-08,-3.899855e-09,-3.899855e-09,6.925774e-10,-2.075158e-11,-1.330306e-11,4.828870e-12,3.276061e+01,3.222053e+01,3.219488e+01
1.810500e-10,0.000000e+00,0.000000e+00,0.000000e+00,-4.333682e-07,-7.306557e-06,9.529696e-08,1.829160e-08,-4.340874e-09,-4.340874e-09,7.022921e-10,-1.210293e-11,-1.481887e-11,5.042223e-12,3.276080e+01,3.222053e+01,3.219487e+01
1.811000e-10,0.000000e+00,0.000000e+00,0.000000e+00,-4.541454e-07,-7.352325e-06,1.145700e-07,1.978830e-08,-4.713765e-09,-4.713765e-09,7.044091e-10,-3.457341e-12,-1.613894e-11,5.188668e-12,3.276097e+01,3.222053e+01,3.219487e+01
1.811500e-10,0.000000e+00,0.000000e+00,0.000000e+00,-4.759083e-07,-7.325443e-06,1.334507e-07,2.093824e-08,-5.013900e-09,-5.013900e-09,6.986653e-10,5.123250e-12,-1.725182e-11,5.267818e-12,3.276112e+01,3.222052e+01,3.219487e+01
1.812000e-10,0.000000e+00,0.000000e+00,0.000000e+00,-4.981703e-07,-7.225589e-06,1.514296e-07,2.174637e-08,-5.237830e-09,-5.237830e-09,6.848987e-10,1.357941e-11,-1.814817e-11,5.279727e-12,3.276126e+01,3.222052e+01,3.219487e+01
1.812500e-10,0.000000e+00,0.000000e+00,0.000000e+00,-5.204458e-07,-7.053066e-06,1.680119e-07,2.222432e-08,-5.383321e-09,-5.383321e-09,6.630568e-10,2.185376e-11,-1.882199e-11,5.225498e-12,3.276137e+01,3.222051e+01,3.219487e+01
1.813000e-10,0.000000e+00,0.000000e+00,0.000000e+00,-5.422602e-07,-6.808830e-06,1.827301e-07,2.238987e-08,-5.449374e-09,-5.449374e-09,6.332003e-10,2.989166e-11,-1.926944e-11,5.106939e-12,3.276146e+01,3.222051e+01,3.219487e+01
1.813500e-10,0.000000e+00,0.000000e+00,0.000000e+00,-5.631599e-07,-6.494504e-06,1.951551e-07,2.226624e-08,-5.436221e-09,-5.436221e-09,5.955060e-10,3.764055e-11,-1.949016e-11,4.926734e-12,3.276152e+01,3.222050e+01,3.219488e+01
1.814000e-10,0.000000e+00,0.000000e+00,0.000000e+00,-5.827207e-07,-6.112393e-06,2.049067e-07,2.188133e-08,-5.345306e-09,-5.345306e-09,5.502674e-10,4.504978e-11,-1.948588e-11,4.688143e-12,3.276156e+01,3.222050e+01,3.219488e+01
1.814500e-10,0.000000e+00,0.000000e+00,0.000000e+00,-6.005562e-07,-5.665492e-06,2.116629e-07,2.126681e-08,-5.179237e-09,-5.179237e-09,4.978936e-10,5.207125e-11,-1.926130e-11,4.395130e-12,3.276157e+01,3.222050e+01,3.219488e+01
1.815000e-10,0.000000e+00,0.000000e+00,0.000000e+00,-6.163242e-07,-5.157481e-06,2.151676e-07,2.045724e-08,-4.941723e-09,-4.941723e-09,4.389064e-10,5.865818e-11,-1.882341e-11,4.052292e-12,3.276155e+01,3.222050e+01,3.219488e+01
1.815500e-10,0.000000e+00,0.000000e+00,0.000000e+00,-6.297328e-07,-4.592712e-06,2.152368e-07,1.948911e-08,-4.637497e-09,-4.637497e-09,3.739347e-10,6.476708e-11,-1.818152e-11,3.664766e-12,3.276151e+01,3.222050e+01,3.219488e+01
1.816000e-10,0.000000e+00,0.000000e+00,0.000000e+00,-6.405446e-07,-3.976186e-06,2.117631e-07,1.839986e-08,-4.272215e-09,-4.272215e-09,3.037071e-10,7.035520e-11,-1.734732e-11,3.238147e-12,3.276144e+01,3.222050e+01,3.219489e+01
1.816500e-10,0.000000e+00,0.000000e+00,0.000000e+00,-6.485795e-07,-3.313518e-06,2.047178e-07,1.722692e-08,-3.852348e-09,-3.852348e-09,2.290432e-10,7.538246e-11,-1.633369e-11,2.777995e-12,3.276135e+01,3.222050e+01,3.219489e+01
1.817000e-10,0.000000e+00,0.000000e+00,0.000000e+00,-6.537163e-07,-2.610895e-06,1.941522e-07,1.600684e-08,-3.385059e-09,-3.385059e-09,1.508434e-10,7.981142e-11,-1.515636e-11,2.290922e-12,3.276124e+01,3.222050e+01,3.219489e+01
1.817500e-10,0.000000e+00,0.000000e+00,0.000000e+00,-6.558924e-07,-1.875018e-06,1.801964e-07,1.477434e-08,-2.878070e-09,-2.878070e-09,7.007518e-11,8.360632e-11,-1.383105e-11,1.782978e-12,3.276111e+01,3.222051e+01,3.219490e+01
1.818000e-10,0.000000e+00,0.000000e+00,0.000000e+00,-6.551029e-07,-1.113041e-06,1.630561e-07,1.356160e-08,-2.339527e-09,-2.339527e-09,-1.223896e-11,8.673452e-11,-1.237617e-11,1.260968e-12,3.276096e+01,3.222052e+01,3.219490e+01
1.818500e-10,0.000000e+00,0.000000e+00,0.000000e+00,-6.513972e-07,-3.324988e-07,1.430082e-07,1.239750e-08,-1.777852e-09,-1.777852e-09,-9.503740e-11,8.916649e-11,-1.080981e-11,7.313116e-13,3.276081e+01,3.222053e+01,3.219490e+01
1.819000e-10,0.000000e+00,0.000000e+00,0.000000e+00,-6.448756e-07,4.587697e-07,1.203949e-07,1.130702e-08,-1.201605e-09,-1.201605e-09,-1.772345e-10,9.087572e-11,-9.151725e-12,2.004276e-13,3.276064e+01,3.222054e+01,3.219491e+01
1.819500e-10,0.000000e+00,0.000000e+00,0.000000e+00,-6.356844e-07,1.252707e-06,9.561565e-08,1.031078e-08,-6.193366e-10,-6.193366e-10,-2.577372e-10,9.183922e-11,-7.421748e-12,-3.250722e-13,3.276047e+01,3.222055e+01,3.219491e+01
1.820000e-10,0.000000e+00,0.000000e+00,0.000000e+00,-6.240103e-07,2.041120e-06,6.911890e-08,9.424677e-09,-3.945236e-11,-3.945236e-11,-3.354609e-10,9.203859e-11,-5.639805e-12,-8.392072e-13,3.276030e+01,3.222057e+01,3.219491e+01
1.820500e-10,0.000000e+00,0.000000e+00,0.000000e+00,-6.100741e-07,2.815774e-06,4.139212e-08,8.659615e-09,5.299220e-10,5.299220e-10,-4.093477e-10,9.145967e-11,-3.825873e-12,-1.335646e-12,3.276013e+01,3.222058e+01,3.219492e+01
1.821000e-10,0.000000e+00,0.000000e+00,0.000000e+00,-5.941250e-07,3.568476e-06,1.295150e-08,8.021451e-09,1.081065e-09,1.081065e-09,-4.783809e-10,9.009374e-11,-2.000102e-12,-1.809075e-12,3.275996e+01,3.222060e+01,3.219492e+01
1.821500e-10,0.000000e+00,0.000000e+00,0.000000e+00,-5.764339e-07,4.291170e-06,-1.566903e-08,7.511010e-09,1.606770e-09,1.606770e-09,-5.416021e-10,8.793749e-11,-1.816265e-13,-2.254161e-12,3.275980e+01,3.222062e+01,3.219492e+01
1.822000e-10,0.000000e+00,0.000000e+00,0.000000e+00,-5.572876e-07,4.976021e-06,-4.392891e-08,7.124256e-09,2.100453e-09,2.100453e-09,-5.981265e-10,8.499295e-11,1.610594e-12,-2.666013e-12,3.275966e+01,3.222063e+01,3.219492e+01
1.822500e-10,0.000000e+00,0.000000e+00,0.000000e+00,-5.369832e-07,5.615506e-06,-7.129205e-08,6.852573e-09,2.556233e-09,2.556233e-09,-6.471560e-10,8.127005e-11,3.358758e-12,-3.040508e-12,3.275953e+01,3.222065e+01,3.219492e+01
1.823000e-10,0.000000e+00,0.000000e+00,0.000000e+00,-5.158229e-07,6.202493e-06,-9.723775e-08,6.683176e-09,2.969009e-09,2.969009e-09,-6.879928e-10,7.678426e-11,5.045976e-12,-3.373665e-12,3.275942e+01,3.222066e+01,3.219493e+01
1.823500e-10,0.000000e+00,0.000000e+00,0.000000e+00,-4.941095e-07,6.730324e-06,-1.212710e-07,6.599605e-09,3.334514e-09,3.334514e-09,-7.200501e-10,7.155885e-11,6.656167e-12,-3.662381e-12,3.275932e+01,3.222068e+01,3.219493e+01
1.824000e-10,0.000000e+00,0.000000e+00,0.000000e+00,-4.721429e-07,7.192895e-06,-1.429322e-07,6.582324e-09,3.649360e-09,3.649360e-09,-7.428622e-10,6.562493e-11,8.174842e-12,-3.903848e-12,3.275925e+01,3.222069e+01,3.219493e+01
1.824500e-10,0.000000e+00,0.000000e+00,0.000000e+00,-4.502165e-07,7.584723e-06,-1.618059e-07,6.609381e-09,3.911052e-09,3.911052e-09,-7.560912e-10,5.902076e-11,9.588674e-12,-4.096208e-12,3.275921e+01,3.222070e+01,3.219493e+01
1.825000e-10,0.000000e+00,0.000000e+00,0.000000e+00,-4.286145e-07,7.901021e-06,-1.775284e-07,6.657128e-09,4.118002e-09,4.118002e-09,-7.595337e-10,5.179257e-11,1.088577e-11,-4.237917e-12,3.275918e+01,3.222071e+01,3.219493e+01
1.825500e-10,0.000000e+00,0.000000e+00,0.000000e+00,-4.076099e-07,8.137758e-06,-1.897947e-07,6.700973e-09,4.269519e-09,4.269519e-09,-7.531231e-10,4.399469e-11,1.205579e-11,-4.328345e-12,3.275919e+01,3.222072e+01,3.219493e+01
1.826000e-10,0.000000e+00,0.000000e+00,0.000000e+00,-3.874625e-07,8.291715e-06,-1.983634e-07,6.716154e-09,4.365775e-09,4.365775e-09,-7.369318e-10,3.568877e-11,1.308974e-11,-4.367087e-12,3.275921e+01,3.222072e+01,3.219493e+01
1.826500e-10,0.000000e+00,0.000000e+00,0.000000e+00,-3.684168e-07,8.360539e-06,-2.030606e-07,6.678510e-09,4.407777e-09,4.407777e-09,-7.111701e-10,2.694442e-11,1.398051e-11,-4.354722e-12,3.275927e+01,3.222072e+01,3.219493e+01
1.827000e-10,0.000000e+00,0.000000e+00,0.000000e+00,-3.507009e-07,8.342780e-06,-2.037830e-07,6.565229e-09,4.397302e-09,4.397302e-09,-6.761822e-10,1.783739e-11,1.472220e-11,-4.292286e-12,3.275934e+01,3.222072e+01,3.219493e+01
1.827500e-10,0.000000e+00,0.000000e+00,0.000000e+00,-3.345243e-07,8.237930e-06,-2.004986e-07,6.355560e-09,4.336839e-09,4.336839e-09,-6.324421e-10,8.450948e-12,1.531045e-11,-4.181111e-12,3.275944e+01,3.222072e+01,3.219493e+01
1.828000e-10,0.000000e+00,0.000000e+00,0.000000e+00,-3.200764e-07,8.046441e-06,-1.932468e-07,6.031466e-09,4.229510e-09,4.229510e-09,-5.805462e-10,-1.126362e-12,1.574274e-11,-4.023547e-12,3.275956e+01,3.222072e+01,3.219493e+01
1.828500e-10,0.000000e+00,0.000000e+00,0.000000e+00,-3.075244e-07,7.769737e-06,-1.821369e-07,5.578208e-09,4.078988e-09,4.078988e-09,-5.212030e-10,-1.080069e-11,1.601768e-11,-3.822084e-12,3.275971e+01,3.222071e+01,3.219493e+01
1.829000e-10,0.000000e+00,0.000000e+00,0.000000e+00,-2.970115e-07,7.410219e-06,-1.673456e-07,4.984844e-09,3.889406e-09,3.889406e-09,-4.552238e-10,-2.047378e-11,1.613547e-11,-3.579775e-12,3.275987e+01,3.222070e+01,3.219493e+01
1.829500e-10,0.000000e+00,0.000000e+00,0.000000e+00,-2.886549e-07,6.971247e-06,-1.491128e-07,4.244628e-09,3.665258e-09,3.665258e-09,-3.835089e-10,-3.004469e-11,1.609820e-11,-3.300127e-12,3.276005e+01,3.222068e+01,3.219493e+01
1.830000e-10,0.000000e+00,0.000000e+00,0.000000e+00,-2.825431e-07,6.457120e-06,-1.277373e-07,3.355309e-09,3.411311e-09,3.411311e-09,-3.070345e-10,-3.941006e-11,1.590797e-11,-2.986841e-12,3.276024e+01,3.222067e+01,3.219493e+01
1.830500e-10,0.000000e+00,0.000000e+00,0.000000e+00,-2.787346e-07,5.873036e-06,-1.035706e-07,2.319308e-09,3.132498e-09,3.132498e-09,-2.268376e-10,-4.846584e-11,1.556986e-11,-2.644073e-12,3.276044e+01,3.222065e+01,3.219493e+01
1.831000e-10,0.000000e+00,0.000000e+00,0.000000e+00,-2.772557e-07,5.225048e-06,-7.701050e-08,1.143785e-09,2.833829e-09,2.833829e-09,-1.440000e-10,-5.710821e-11,1.508833e-11,-2.276154e-12,3.276065e+01,3.222063e+01,3.219493e+01
1.831500e-10,0.000000e+00,0.000000e+00,0.000000e+00,-2.780988e-07,4.519996e-06,-4.849386e-08,-1.594141e-10,2.520294e-09,2.520294e-09,-5.963250e-11,-6.523539e-11,1.447065e-11,-1.887821e-12,3.276086e+01,3.222061e+01,3.219493e+01
1.832000e-10,0.000000e+00,0.000000e+00,0.000000e+00,-2.812212e-07,3.765447e-06,-1.848887e-08,-1.573926e-09,2.196780e-09,2.196780e-09,2.514191e-11,-7.274865e-11,1.372366e-11,-1.483564e-12,3.276108e+01,3.222059e+01,3.219493e+01
1.832500e-10,0.000000e+00,0.000000e+00,0.000000e+00,-2.865447e-07,2.969603e-06,1.251313e-08,-3.079160e-09,1.867989e-09,1.867989e-09,1.092056e-10,-7.955358e-11,1.285622e-11,-1.068292e-12,3.276129e+01,3.222057e+01,3.219493e+01
1.833000e-10,0.000000e+00,0.000000e+00,0.000000e+00,-2.939550e-07,2.141222e-06,4.400604e-08,-4.650682e-09,1.538364e-09,1.538364e-09,1.914604e-10,-8.556223e-11,1.187714e-11,-6.467420e-13,3.276151e+01,3.222055e+01,3.219493e+01
1.833500e-10,0.000000e+00,0.000000e+00,0.000000e+00,-3.033022e-07,1.289514e-06,7.547750e-08,-6.260706e-09,1.212029e-09,1.212029e-09,2.708469e-10,-9.069314e-11,1.079678e-11,-2.236483e-13,3.276171e+01,3.222053e+01,3.219493e+01
1.834000e-10,0.000000e+00,0.000000e+00,0.000000e+00,-3.144021e-07,4.240401e-07,1.064175e-07,-7.878671e-09,8.927346e-10,8.927346e-10,3.463559e-10,-9.487420e-11,9.625855e-12,1.961132e-13,3.276191e+01,3.222051e+01,3.219492e+01
1.834500e-10,0.000000e+00,0.000000e+00,0.000000e+00,-3.270378e-07,-4.453952e-07,1.363264e-07,-9.471886e-09,5.838192e-10,5.838192e-10,4.170453e-10,-9.804272e-11,8.375182e-12,6.082630e-13,3.276209e+01,3.222049e+01,3.219492e+01
1.835000e-10,0.000000e+00,0.000000e+00,0.000000e+00,-3.409624e-07,-1.308861e-06,1.647237e-07,-1.100624e-08,2.881747e-10,2.881747e-10,4.820515e-10,-1.001464e-10,7.056864e-12,1.008206e-12,3.276226e+01,3.222048e+01,3.219492e+01
1.835500e-10,0.000000e+00,0.000000e+00,0.000000e+00,-3.559024e-07,-2.156417e-06,1.911552e-07,-1.244697e-08,8.229948e-12,8.229948e-12,5.406013e-10,-1.011455e-10,5.683002e-12,1.391786e-12,3.276241e+01,3.222046e+01,3.219492e+01
1.836000e-10,0.000000e+00,0.000000e+00,0.000000e+00,-3.715615e-07,-2.978233e-06,2.152002e-07,-1.375940e-08,-2.540575e-10,-2.540575e-10,5.920217e-10,-1.010126e-10,4.265908e-12,1.755302e-12,3.276254e+01,3.222045e+01,3.219492e+01
1.836500e-10,0.000000e+00,0.000000e+00,0.000000e+00,-3.876258e-07,-3.764708e-06,2.364787e-07,-1.490978e-08,-4.971980e-10,-4.971980e-10,6.357483e-10,-9.973350e-11,2.818403e-12,2.095001e-12,3.276266e+01,3.222044e+01,3.219492e+01
1.837000e-10,0.000000e+00,0.000000e+00,0.000000e+00,-4.037690e-07,-4.506599e-06,2.546571e-07,-1.586605e-08,-7.201568e-10,-7.201568e-10,6.713306e-10,-9.730815e-11,1.353482e-12,2.407797e-12,3.276275e+01,3.222043e+01,3.219492e+01
1.837500e-10,0.000000e+00,0.000000e+00,0.000000e+00,-4.196590e-07,-5.195132e-06,2.694533e-07,-1.659858e-08,-9.223302e-10,-9.223302e-10,6.984381e-10,-9.375035e-11,-1.161386e-13,2.690584e-12,3.276282e+01,3.222043e+01,3.219492e+01
1.838000e-10,0.000000e+00,0.000000e+00,0.000000e+00,-4.349642e-07,-5.822128e-06,2.806414e-07,-1.708092e-08,-1.103514e-09,-1.103514e-09,7.168613e-10,-8.908844e-11,-1.577324e-12,2.940978e-12,3.276286e+01,3.222043e+01,3.219492e+01
1.838500e-10,0.000000e+00,0.000000e+00,0.000000e+00,-4.493606e-07,-6.380104e-06,2.880550e-07,-1.729043e-08,-1.263866e-09,-1.263866e-09,7.265129e-10,-8.336452e-11,-3.017252e-12,3.156839e-12,3.276289e+01,3.222043e+01,3.219492e+01
1.839000e-10,0.000000e+00,0.000000e+00,0.000000e+00,-4.625399e-07,-6.862388e-06,2.915899e-07,-1.720890e-08,-1.403858e-09,-1.403858e-09,7.274263e-10,-7.663487e-11,-4.423507e-12,3.336519e-12,3.276289e+01,3.222044e+01,3.219492e+01
1.839500e-10,0.000000e+00,0.000000e+00,0.000000e+00,-4.742158e-07,-7.263205e-06,2.912058e-07,-1.682304e-08,-1.524230e-09,-1.524230e-09,7.197528e-10,-6.896918e-11,-5.783356e-12,3.478772e-12,3.276287e+01,3.222045e+01,3.219492e+01
1.840000e-10,0.000000e+00,0.000000e+00,0.000000e+00,-4.841324e-07,-7.577766e-06,2.869266e-07,-1.612489e-08,-1.625932e-09,-1.625932e-09,7.037558e-10,-6.044936e-11,-7.085083e-12,3.582669e-12,3.276283e+01,3.222047e+01,3.219492e+01
1.840500e-10,0.000000e+00,0.000000e+00,0.000000e+00,-4.920701e-07,-7.802336e-06,2.788403e-07,-1.511215e-08,-1.710076e-09,-1.710076e-09,6.798059e-10,-5.116947e-11,-8.316920e-12,3.647684e-12,3.276276e+01,3.222048e+01,3.219492e+01
1.841000e-10,0.000000e+00,0.000000e+00,0.000000e+00,-4.978527e-07,-7.934291e-06,2.670971e-07,-1.378833e-08,-1.777876e-09,-1.777876e-09,6.483705e-10,-4.123396e-11,-9.467765e-12,3.673991e-12,3.276268e+01,3.222050e+01,3.219492e+01
1.841500e-10,0.000000e+00,0.000000e+00,0.000000e+00,-5.013517e-07,-7.972153e-06,2.519070e-07,-1.216289e-08,-1.830594e-09,-1.830594e-09,6.100072e-10,-3.075679e-11,-1.052717e-11,3.661819e-12,3.276259e+01,3.222052e+01,3.219492e+01
1.842000e-10,0.000000e+00,0.000000e+00,0.000000e+00,-5.024914e-07,-7.915620e-06,2.335364e-07,-1.025114e-08,-1.869494e-09,-1.869494e-09,5.653506e-10,-1.985966e-11,-1.148553e-11,3.612133e-12,3.276248e+01,3.222055e+01,3.219492e+01
1.842500e-10,0.000000e+00,0.000000e+00,0.000000e+00,-5.012508e-07,-7.765562e-06,2.123034e-07,-8.074146e-09,-1.895788e-09,-1.895788e-09,5.151041e-10,-8.670965e-12,-1.233349e-11,3.525792e-12,3.276236e+01,3.222057e+01,3.219492e+01
1.843000e-10,0.000000e+00,0.000000e+00,0.000000e+00,-4.976654e-07,-7.524013e-06,1.885724e-07,-5.658392e-09,-1.910601e-09,-1.910601e-09,4.600247e-10,2.676413e-12,-1.306336e-11,3.404357e-12,3.276223e+01,3.222060e+01,3.219492e+01
1.843500e-10,0.000000e+00,0.000000e+00,0.000000e+00,-4.918263e-07,-7.194141e-06,1.627477e-07,-3.035448e-09,-1.914928e-09,-1.914928e-09,4.009132e-10,1.404635e-11,-1.366773e-11,3.249792e-12,3.276210e+01,3.222063e+01,3.219491e+01
1.844000e-10,0.000000e+00,0.000000e+00,0.000000e+00,-4.838784e-07,-6.780196e-06,1.352665e-07,-2.414541e-10,-1.909607e-09,-1.909607e-09,3.385998e-10,2.530167e-11,-1.414028e-11,3.064009e-12,3.276196e+01,3.222066e+01,3.219491e+01
1.844500e-10,0.000000e+00,0.000000e+00,0.000000e+00,-4.740166e-07,-6.287453e-06,1.065914e-07,2.683458e-09,-1.895298e-09,-1.895298e-09,2.739316e-10,3.630577e-11,-1.447631e-11,2.849499e-12,3.276183e+01,3.222069e+01,3.219491e+01
1.845000e-10,0.000000e+00,0.000000e+00,0.000000e+00,-4.624804e-07,-5.722138e-06,7.720171e-08,5.695834e-09,-1.872468e-09,-1.872468e-09,2.077609e-10,4.692469e-11,-1.467153e-11,2.608856e-12,3.276169e+01,3.222072e+01,3.219491e+01
1.845500e-10,0.000000e+00,0.000000e+00,0.000000e+00,-4.495473e-07,-5.091330e-06,4.758555e-08,8.749640e-09,-1.841384e-09,-1.841384e-09,1.409322e-10,5.702850e-11,-1.472357e-11,2.344747e-12,3.276156e+01,3.222075e+01,3.219491e+01
1.846000e-10,0.000000e+00,0.000000e+00,0.000000e+00,-4.355249e-07,-4.402876e-06,1.823051e-08,1.179706e-08,-1.802115e-09,-1.802115e-09,7.427010e-11,6.649351e-11,-1.463100e-11,2.060398e-12,3.276144e+01,3.222078e+01,3.219491e+01
1.846500e-10,0.000000e+00,0.000000e+00,0.000000e+00,-4.207423e-07,-3.665270e-06,-1.038495e-08,1.478935e-08,-1.754542e-09,-1.754542e-09,8.570190e-12,7.520394e-11,-1.439346e-11,1.758845e-12,3.276134e+01,3.222081e+01,3.219491e+01
1.847000e-10,0.000000e+00,0.000000e+00,0.000000e+00,-4.055409e-07,-2.887550e-06,-3.780024e-08,1.767768e-08,-1.698375e-09,-1.698375e-09,-5.541338e-11,8.305296e-11,-1.401253e-11,1.443191e-12,3.276124e+01,3.222084e+01,3.219491e+01
1.847500e-10,0.000000e+00,0.000000e+00,0.000000e+00,-3.902648e-07,-2.079167e-06,-6.358101e-08,2.041404e-08,-1.633178e-09,-1.633178e-09,-1.169743e-10,8.994473e-11,-1.349052e-11,1.116908e-12,3.276116e+01,3.222086e+01,3.219491e+01
1.848000e-10,0.000000e+00,0.000000e+00,0.000000e+00,-3.752514e-07,-1.249871e-06,-8.732711e-08,2.295211e-08,-1.558396e-09,-1.558396e-09,-1.754642e-10,9.579565e-11,-1.283168e-11,7.834003e-13,3.276109e+01,3.222088e+01,3.219491e+01
1.848500e-10,0.000000e+00,0.000000e+00,0.000000e+00,-3.608221e-07,-4.095738e-07,-1.086798e-07,2.524811e-08,-1.473394e-09,-1.473394e-09,-2.302973e-10,1.005353e-10,-1.204126e-11,4.457707e-13,3.276104e+01,3.222090e+01,3.219491e+01
1.849000e-10,0.000000e+00,0.000000e+00,0.000000e+00,-3.472745e-07,4.317691e-07,-1.273282e-07,2.726159e-08,-1.377494e-09,-1.377494e-09,-2.809575e-10,1.041075e-10,-1.112626e-11,1.076325e-13,3.276101e+01,3.222092e+01,3.219491e+01
1.849500e-10,0.000000e+00,0.000000e+00,0.000000e+00,-3.348740e-07,1.264291e-06,-1.430150e-07,2.895622e-08,-1.270019e-09,-1.270019e-09,-3.270009e-10,1.064704e-10,-1.009455e-11,-2.279802e-13,3.276100e+01,3.222093e+01,3.219491e+01
1.850000e-10,0.000000e+00,0.000000e+00,0.000000e+00,-3.238479e-07,2.078339e-06,-1.555402e-07,3.030046e-08,-1.150336e-09,-1.150336e-09,-3.680591e-10,1.075986e-10,-8.955331e-12,-5.576299e-13,3.276100e+01,3.222094e+01,3.219491e+01
1.850500e-10,0.000000e+00,0.000000e+00,0.000000e+00,-3.143799e-07,2.864589e-06,-1.647654e-07,3.126816e-08,-1.017902e-09,-1.017902e-09,-4.038410e-10,1.074821e-10,-7.719566e-12,-8.783175e-13,3.276103e+01,3.222094e+01,3.219491e+01
1.851000e-10,0.000000e+00,0.000000e+00,0.000000e+00,-3.066062e-07,3.614168e-06,-1.706146e-07,3.183907e-08,-8.723061e-10,-8.723061e-10,-4.341315e-10,1.061260e-10,-6.398564e-12,-1.187132e-12,3.276107e+01,3.222095e+01,3.219491e+01
1.851500e-10,0.000000e+00,0.000000e+00,0.000000e+00,-3.006128e-07,4.318758e-06,-1.730757e-07,3.199927e-08,-7.133147e-10,-7.133147e-10,-4.587924e-10,1.035523e-10,-5.005410e-12,-1.481073e-12,3.276112e+01,3.222094e+01,3.219491e+01
1.852000e-10,0.000000e+00,0.000000e+00,0.000000e+00,-2.964343e-07,4.970694e-06,-1.721993e-07,3.174144e-08,-5.409081e-10,-5.409081e-10,-4.777581e-10,9.979766e-11,-3.553608e-12,-1.757687e-12,3.276119e+01,3.222094e+01,3.219491e+01
1.852500e-10,0.000000e+00,0.000000e+00,0.000000e+00,-2.940544e-07,5.563055e-06,-1.680971e-07,3.106503e-08,-3.553151e-10,-3.553151e-10,-4.910344e-10,9.491373e-11,-2.057592e-12,-2.014430e-12,3.276127e+01,3.222093e+01,3.219491e+01
1.853000e-10,0.000000e+00,0.000000e+00,0.000000e+00,-2.934072e-07,6.089740e-06,-1.609383e-07,2.997635e-08,-1.570434e-10,-1.570434e-10,-4.986924e-10,8.896594e-11,-5.324625e-13,-2.249110e-12,3.276137e+01,3.222092e+01,3.219491e+01
1.853500e-10,0.000000e+00,0.000000e+00,0.000000e+00,-2.943802e-07,6.545528e-06,-1.509452e-07,2.848845e-08,5.309866e-11,5.309866e-11,-5.008652e-10,8.203305e-11,1.005926e-12,-2.459535e-12,3.276147e+01,3.222091e+01,3.219492e+01
1.854000e-10,0.000000e+00,0.000000e+00,0.000000e+00,-2.968185e-07,6.926130e-06,-1.383879e-07,2.662100e-08,2.739860e-10,2.739860e-10,-4.977411e-10,7.420541e-11,2.541789e-12,-2.644213e-12,3.276158e+01,3.222089e+01,3.219492e+01
1.854500e-10,0.000000e+00,0.000000e+00,0.000000e+00,-3.005301e-07,7.228224e-06,-1.235775e-07,2.439990e-08,5.041691e-10,5.041691e-10,-4.895586e-10,6.558429e-11,4.058746e-12,-2.801479e-12,3.276169e+01,3.222087e+01,3.219492e+01
1.855000e-10,0.000000e+00,0.000000e+00,0.000000e+00,-3.052919e-07,7.449469e-06,-1.068590e-07,2.185693e-08,7.418740e-10,7.418740e-10,-4.765994e-10,5.627974e-11,5.540591e-12,-2.930122e-12,3.276181e+01,3.222085e+01,3.219492e+01
1.855500e-10,0.000000e+00,0.000000e+00,0.000000e+00,-3.108568e-07,7.588514e-06,-8.860335e-08,1.902918e-08,9.850103e-10,9.850103e-10,-4.591817e-10,4.640940e-11,6.971751e-12,-3.029126e-12,3.276192e+01,3.222083e+01,3.219493e+01
1.856000e-10,0.000000e+00,0.000000e+00,0.000000e+00,-3.169614e-07,7.644986e-06,-6.919902e-08,1.595846e-08,1.231190e-09,1.231190e-09,-4.376545e-10,3.609724e-11,8.335826e-12,-3.097788e-12,3.276203e+01,3.222081e+01,3.219493e+01
1.856500e-10,0.000000e+00,0.000000e+00,0.000000e+00,-3.233343e-07,7.619468e-06,-4.904345e-08,1.269055e-08,1.477750e-09,1.477750e-09,-4.123887e-10,2.547114e-11,9.618366e-12,-3.135741e-12,3.276214e+01,3.222078e+01,3.219493e+01
1.857000e-10,0.000000e+00,0.000000e+00,0.000000e+00,-3.297038e-07,7.513462e-06,-2.853443e-08,9.274493e-09,1.721789e-09,1.721789e-09,-3.837744e-10,1.466127e-11,1.080467e-11,-3.142686e-12,3.276225e+01,3.222076e+01,3.219494e+01
1.857500e-10,0.000000e+00,0.000000e+00,0.000000e+00,-3.358069e-07,7.329345e-06,-8.061634e-09,5.761685e-09,1.960205e-09,1.960205e-09,-3.522100e-10,3.799442e-12,1.188131e-11,-3.118904e-12,3.276234e+01,3.222074e+01,3.219494e+01
1.858000e-10,0.000000e+00,0.000000e+00,0.000000e+00,-3.413964e-07,7.070312e-06,1.200151e-08,2.205058e-09,2.189744e-09,2.189744e-09,-3.181015e-10,-6.984922e-12,1.283573e-11,-3.064623e-12,3.276243e+01,3.222071e+01,3.219494e+01
1.858500e-10,0.000000e+00,0.000000e+00,0.000000e+00,-3.462488e-07,6.740317e-06,3.130531e-08,-1.341839e-09,2.407053e-09,2.407053e-09,-2.818530e-10,-1.756339e-11,1.365710e-11,-2.980667e-12,3.276251e+01,3.222069e+01,3.219494e+01
1.859000e-10,0.000000e+00,0.000000e+00,0.000000e+00,-3.501706e-07,6.344003e-06,4.953068e-08,-4.825748e-09,2.608741e-09,2.608741e-09,-2.438647e-10,-2.781359e-11,1.433534e-11,-2.867826e-12,3.276257e+01,3.222067e+01,3.219495e+01
1.859500e-10,0.000000e+00,0.000000e+00,0.000000e+00,-3.530038e-07,5.886633e-06,6.639503e-08,-8.194595e-09,2.791435e-09,2.791435e-09,-2.045272e-10,-3.761744e-11,1.486217e-11,-2.727309e-12,3.276263e+01,3.222065e+01,3.219495e+01
1.860000e-10,0.000000e+00,0.000000e+00,0.000000e+00,-3.546299e-07,5.374011e-06,8.165720e-08,-1.139836e-08,2.951850e-09,2.951850e-09,-1.642195e-10,-4.686510e-11,1.523132e-11,-2.560625e-12,3.276268e+01,3.222064e+01,3.219495e+01
1.860500e-10,0.000000e+00,0.000000e+00,0.000000e+00,-3.549731e-07,4.812411e-06,9.512130e-08,-1.438992e-08,3.086851e-09,3.086851e-09,-1.233048e-10,-5.545500e-11,1.543745e-11,-2.369388e-12,3.276271e+01,3.222062e+01,3.219495e+01
1.861000e-10,0.000000e+00,0.000000e+00,0.000000e+00,-3.540011e-07,4.208497e-06,1.066393e-07,-1.712581e-08,3.193519e-09,3.193519e-09,-8.212857e-11,-6.329523e-11,1.547789e-11,-2.155456e-12,3.276274e+01,3.222061e+01,3.219495e+01
1.861500e-10,0.000000e+00,0.000000e+00,0.000000e+00,-3.517252e-07,3.569247e-06,1.161123e-07,-1.956693e-08,3.269215e-09,3.269215e-09,-4.101831e-11,-7.030460e-11,1.535098e-11,-1.920916e-12,3.276276e+01,3.222060e+01,3.219496e+01
1.862000e-10,0.000000e+00,0.000000e+00,0.000000e+00,-3.481985e-07,2.901875e-06,1.234910e-07,-2.167920e-08,3.311640e-09,3.311640e-09,-2.807179e-13,-7.641349e-11,1.505795e-11,-1.667944e-12,3.276277e+01,3.222059e+01,3.219496e+01
1.862500e-10,0.000000e+00,0.000000e+00,0.000000e+00,-3.435126e-07,2.213756e-06,1.287745e-07,-2.343401e-08,3.318894e-09,3.318894e-09,3.979727e-11,-8.156483e-11,1.460108e-11,-1.399064e-12,3.276277e+01,3.222059e+01,3.219496e+01
1.863000e-10,0.000000e+00,0.000000e+00,0.000000e+00,-3.377934e-07,1.512349e-06,1.320078e-07,-2.480876e-08,3.289520e-09,3.289520e-09,7.894914e-11,-8.571346e-11,1.398493e-11,-1.116961e-12,3.276277e+01,3.222059e+01,3.219496e+01
1.863500e-10,0.000000e+00,0.000000e+00,0.000000e+00,-3.311957e-07,8.051241e-07,1.332791e-07,-2.578706e-08,3.222555e-09,3.222555e-09,1.169281e-10,-8.882824e-11,1.321608e-11,-8.241593e-13,3.276276e+01,3.222059e+01,3.219496e+01
1.864000e-10,0.000000e+00,0.000000e+00,0.000000e+00,-3.238969e-07,9.948773e-08,1.327150e-07,-2.635903e-08,3.117563e-09,3.117563e-09,1.535057e-10,-9.088999e-11,1.230241e-11,-5.235179e-13,3.276275e+01,3.222059e+01,3.219496e+01
1.864500e-10,0.000000e+00,0.000000e+00,0.000000e+00,-3.160905e-07,-5.972882e-07,1.304762e-07,-2.652132e-08,2.974663e-09,2.974663e-09,1.884719e-10,-9.189325e-11,1.125427e-11,-2.180886e-13,3.276274e+01,3.222060e+01,3.219496e+01
1.865000e-10,0.000000e+00,0.000000e+00,0.000000e+00,-3.079793e-07,-1.278136e-06,1.267511e-07,-2.627710e-08,2.794545e-09,2.794545e-09,2.216322e-10,-9.184506e-11,1.008264e-11,8.944528e-14,3.276273e+01,3.222061e+01,3.219495e+01
1.865500e-10,0.000000e+00,0.000000e+00,0.000000e+00,-2.997684e-07,-1.936262e-06,1.217500e-07,-2.563594e-08,2.578482e-09,2.578482e-09,2.528077e-10,-9.076512e-11,8.801029e-12,3.959620e-13,3.276272e+01,3.222062e+01,3.219495e+01
1.866000e-10,0.000000e+00,0.000000e+00,0.000000e+00,-2.916591e-07,-2.565204e-06,1.156988e-07,-2.461351e-08,2.328325e-09,2.328325e-09,2.818321e-10,-8.868429e-11,7.423607e-12,6.985150e-13,3.276271e+01,3.222063e+01,3.219495e+01
1.866500e-10,0.000000e+00,0.000000e+00,0.000000e+00,-2.838431e-07,-3.158900e-06,1.088321e-07,-2.323124e-08,2.046490e-09,2.046490e-09,3.085523e-10,-8.564492e-11,5.965632e-12,9.941053e-13,3.276270e+01,3.222065e+01,3.219495e+01
1.867000e-10,0.000000e+00,0.000000e+00,0.000000e+00,-2.764974e-07,-3.711737e-06,1.013871e-07,-2.151587e-08,1.735937e-09,1.735937e-09,3.328252e-10,-8.169958e-11,4.443852e-12,1.279822e-12,3.276270e+01,3.222066e+01,3.219495e+01
1.867500e-10,0.000000e+00,0.000000e+00,0.000000e+00,-2.697802e-07,-4.218604e-06,9.359703e-08,-1.949889e-08,1.400132e-09,1.400132e-09,3.545181e-10,-7.691013e-11,2.875613e-12,1.552928e-12,3.276271e+01,3.222068e+01,3.219494e+01
1.868000e-10,0.000000e+00,0.000000e+00,0.000000e+00,-2.638279e-07,-4.674934e-06,8.568540e-08,-1.721592e-08,1.043010e-09,1.043010e-09,3.735070e-10,-7.134664e-11,1.278401e-12,1.810688e-12,3.276272e+01,3.222070e+01,3.219494e+01
1.868500e-10,0.000000e+00,0.000000e+00,0.000000e+00,-2.587525e-07,-5.076744e-06,7.786078e-08,-1.470605e-08,6.689184e-10,6.689184e-10,3.896770e-10,-6.508624e-11,-3.293691e-13,2.050314e-12,3.276274e+01,3.222072e+01,3.219494e+01
1.869000e-10,0.000000e+00,0.000000e+00,0.000000e+00,-2.546413e-07,-5.420658e-06,7.031206e-08,-1.201109e-08,2.825559e-10,2.825559e-10,4.029213e-10,-5.821242e-11,-1.929475e-12,2.269665e-12,3.276276e+01,3.222074e+01,3.219493e+01
1.869500e-10,0.000000e+00,0.000000e+00,0.000000e+00,-2.515554e-07,-5.703935e-06,6.320455e-08,-9.174815e-09,-1.110930e-10,-1.110930e-10,4.131426e-10,-5.081298e-11,-3.503642e-12,2.466392e-12,3.276279e+01,3.222076e+01,3.219493e+01
1.870000e-10,0.000000e+00,0.000000e+00,0.000000e+00,-2.495312e-07,-5.924481e-06,5.667688e-08,-6.242189e-09,-5.068333e-10,-5.068333e-10,4.202529e-10,-4.297988e-11,-5.034050e-12,2.638530e-12,3.276282e+01,3.222078e+01,3.219493e+01
1.870500e-10,0.000000e+00,0.000000e+00,0.000000e+00,-2.485807e-07,-6.080855e-06,5.083882e-08,-3.258579e-09,-8.993389e-10,-8.993389e-10,4.241740e-10,-3.480738e-11,-6.503391e-12,2.784116e-12,3.276286e+01,3.222079e+01,3.219492e+01
1.871000e-10,0.000000e+00,0.000000e+00,0.000000e+00,-2.486934e-07,-6.172269e-06,4.576989e-08,-2.689759e-10,-1.283235e-09,-1.283235e-09,4.248407e-10,-2.639032e-11,-7.894896e-12,2.901692e-12,3.276290e+01,3.222081e+01,3.219492e+01
1.871500e-10,0.000000e+00,0.000000e+00,0.000000e+00,-2.498381e-07,-6.198582e-06,4.151895e-08,2.682743e-09,-1.653183e-09,-1.653183e-09,4.222006e-10,-1.782462e-11,-9.192730e-12,2.990068e-12,3.276295e+01,3.222083e+01,3.219492e+01
1.872000e-10,0.000000e+00,0.000000e+00,0.000000e+00,-2.519647e-07,-6.160284e-06,3.810448e-08,5.554526e-09,-2.003963e-09,-2.003963e-09,4.162173e-10,-9.204375e-12,-1.038272e-11,3.047979e-12,3.276300e+01,3.222084e+01,3.219492e+01
1.872500e-10,0.000000e+00,0.000000e+00,0.000000e+00,-2.550069e-07,-6.058483e-06,3.551584e-08,8.306802e-09,-2.330562e-09,-2.330562e-09,4.068714e-10,-6.219779e-13,-1.145156e-11,3.075129e-12,3.276305e+01,3.222085e+01,3.219491e+01
1.873000e-10,0.000000e+00,0.000000e+00,0.000000e+00,-2.588842e-07,-5.894876e-06,3.371508e-08,1.090307e-08,-2.628253e-09,-2.628253e-09,3.941639e-10,7.833372e-12,-1.238726e-11,3.070849e-12,3.276310e+01,3.222087e+01,3.219491e+01
1.873500e-10,0.000000e+00,0.000000e+00,0.000000e+00,-2.635039e-07,-5.671726e-06,3.263947e-08,1.331043e-08,-2.892675e-09,-2.892675e-09,3.781180e-10,1.607651e-11,-1.318006e-11,3.035141e-12,3.276315e+01,3.222088e+01,3.219491e+01
1.874000e-10,0.000000e+00,0.000000e+00,0.000000e+00,-2.687635e-07,-5.391830e-06,3.220457e-08,1.550002e-08,-3.119902e-09,-3.119902e-09,3.587815e-10,2.402676e-11,-1.382133e-11,2.968250e-12,3.276320e+01,3.222089e+01,3.219491e+01
1.874500e-10,0.000000e+00,0.000000e+00,0.000000e+00,-2.745522e-07,-5.058484e-06,3.230766e-08,1.744734e-08,-3.306510e-09,-3.306510e-09,3.362290e-10,3.160914e-11,-1.430451e-11,2.870843e-12,3.276325e+01,3.222089e+01,3.219491e+01
1.875000e-10,0.000000e+00,0.000000e+00,0.000000e+00,-2.807536e-07,-4.675451e-06,3.283160e-08,1.913257e-08,-3.449638e-09,-3.449638e-09,3.105645e-10,3.875473e-11,-1.462500e-11,2.743725e-12,3.276329e+01,3.222090e+01,3.219491e+01
1.875500e-10,0.000000e+00,0.000000e+00,0.000000e+00,-2.872467e-07,-4.246918e-06,3.364881e-08,2.054069e-08,-3.547032e-09,-3.547032e-09,2.819223e-10,4.540063e-11,-1.477978e-11,2.588160e-12,3.276333e+01,3.222090e+01,3.219491e+01
1.876000e-10,0.000000e+00,0.000000e+00,0.000000e+00,-2.939079e-07,-3.777457e-06,3.462540e-08,2.166159e-08,-3.597087e-09,-3.597087e-09,2.504691e-10,5.149179e-11,-1.476836e-11,2.405727e-12,3.276336e+01,3.222091e+01,3.219491e+01
1.876500e-10,0.000000e+00,0.000000e+00,0.000000e+00,-3.006129e-07,-3.271981e-06,3.562530e-08,2.249005e-08,-3.598876e-09,-3.598876e-09,2.164055e-10,5.697987e-11,-1.459186e-11,2.198144e-12,3.276339e+01,3.222091e+01,3.219491e+01
1.877000e-10,0.000000e+00,0.000000e+00,0.000000e+00,-3.072378e-07,-2.735699e-06,3.651427e-08,2.302559e-08,-3.552167e-09,-3.552167e-09,1.799657e-10,6.182349e-11,-1.425323e-11,1.967761e-12,3.276341e+01,3.222091e+01,3.219491e+01
1.877500e-10,0.000000e+00,0.000000e+00,0.000000e+00,-3.136608e-07,-2.174065e-06,3.716372e-08,2.327235e-08,-3.457427e-09,-3.457427e-09,1.414179e-10,6.599013e-11,-1.375737e-11,1.716543e-12,3.276343e+01,3.222091e+01,3.219491e+01
1.878000e-10,0.000000e+00,0.000000e+00,0.000000e+00,-3.197637e-07,-1.592732e-06,3.745427e-08,2.323880e-08,-3.315820e-09,-3.315820e-09,1.010638e-10,6.945352e-11,-1.311131e-11,1.447365e-12,3.276343e+01,3.222091e+01,3.219491e+01
1.878500e-10,0.000000e+00,0.000000e+00,0.000000e+00,-3.254330e-07,-9.974954e-07,3.727897e-08,2.293738e-08,-3.129189e-09,-3.129189e-09,5.923761e-11,7.219525e-11,-1.232328e-11,1.162929e-12,3.276343e+01,3.222091e+01,3.219491e+01
1.879000e-10,0.000000e+00,0.000000e+00,0.000000e+00,-3.305615e-07,-3.942429e-07,3.654609e-08,2.238414e-08,-2.900030e-09,-2.900030e-09,1.630366e-11,7.420461e-11,-1.140338e-11,8.662863e-13,3.276342e+01,3.222091e+01,3.219491e+01
1.879500e-10,0.000000e+00,0.000000e+00,0.000000e+00,-3.350489e-07,2.111036e-07,3.518149e-08,2.159828e-08,-2.631449e-09,-2.631449e-09,-2.734577e-11,7.547759e-11,-1.036308e-11,5.604536e-13,3.276340e+01,3.222090e+01,3.219492e+01
1.880000e-10,0.000000e+00,0.000000e+00,0.000000e+00,-3.388034e-07,8.126427e-07,3.313049e-08,2.060165e-08,-2.327121e-09,-2.327121e-09,-7.129353e-11,7.601714e-11,-9.215231e-12,2.486929e-13,3.276338e+01,3.222090e+01,3.219492e+01
1.880500e-10,0.000000e+00,0.000000e+00,0.000000e+00,-3.417419e-07,1.404549e-06,3.035924e-08,1.941829e-08,-1.991226e-09,-1.991226e-09,-1.151017e-10,7.583283e-11,-7.973713e-12,-6.550551e-14,3.276335e+01,3.222090e+01,3.219492e+01
1.881000e-10,0.000000e+00,0.000000e+00,0.000000e+00,-3.437915e-07,1.981128e-06,2.685553e-08,1.807383e-08,-1.628388e-09,-1.628388e-09,-1.583159e-10,7.494041e-11,-6.653045e-12,-3.790200e-13,3.276331e+01,3.222089e+01,3.219492e+01
1.881500e-10,0.000000e+00,0.000000e+00,0.000000e+00,-3.448895e-07,2.536870e-06,2.262920e-08,1.659503e-08,-1.243603e-09,-1.243603e-09,-2.004704e-10,7.336084e-11,-5.269098e-12,-6.883077e-13,3.276327e+01,3.222089e+01,3.219493e+01
1.882000e-10,0.000000e+00,0.000000e+00,0.000000e+00,-3.449844e-07,3.066499e-06,1.771188e-08,1.500918e-08,-8.421591e-10,-8.421591e-10,-2.410937e-10,7.112178e-11,-3.837904e-12,-9.900364e-13,3.276322e+01,3.222089e+01,3.219493e+01
1.882500e-10,0.000000e+00,0.000000e+00,0.000000e+00,-3.440363e-07,3.565023e-06,1.215639e-08,1.334363e-08,-4.295561e-10,-4.295561e-10,-2.797144e-10,6.825380e-11,-2.376052e-12,-1.280979e-12,3.276317e+01,3.222088e+01,3.219493e+01
1.883000e-10,0.000000e+00,0.000000e+00,0.000000e+00,-3.420173e-07,4.027773e-06,6.035606e-09,1.162527e-08,-1.142071e-11,-1.142071e-11,-3.158670e-10,6.479404e-11,-9.000299e-13,-1.557926e-12,3.276311e+01,3.222088e+01,3.219494e+01
1.883500e-10,0.000000e+00,0.000000e+00,0.000000e+00,-3.389122e-07,4.450449e-06,-5.590474e-10,9.880127e-09,4.065795e-10,4.065795e-10,-3.490996e-10,6.078205e-11,5.735196e-13,-1.817984e-12,3.276306e+01,3.222088e+01,3.219494e+01
1.884000e-10,0.000000e+00,0.000000e+00,0.000000e+00,-3.347190e-07,4.829146e-06,-7.519516e-09,8.132885e-09,8.188217e-10,8.188217e-10,-3.789788e-10,5.626196e-11,2.028215e-12,-2.058188e-12,3.276300e+01,3.222088e+01,3.219494e+01
1.884500e-10,0.000000e+00,0.000000e+00,0.000000e+00,-3.294495e-07,5.160393e-06,-1.472332e-08,6.406568e-09,1.219813e-09,1.219813e-09,-4.050983e-10,5.128045e-11,3.448378e-12,-2.275961e-12,3.276295e+01,3.222088e+01,3.219494e+01
1.885000e-10,0.000000e+00,0.000000e+00,0.000000e+00,-3.231297e-07,5.441172e-06,-2.203607e-08,4.722209e-09,1.604271e-09,1.604271e-09,-4.270837e-10,4.588734e-11,4.818224e-12,-2.468795e-12,3.276289e+01,3.222088e+01,3.219495e+01
1.885500e-10,0.000000e+00,0.000000e+00,0.000000e+00,-3.158012e-07,5.668942e-06,-2.931414e-08,3.098608e-09,1.967202e-09,1.967202e-09,-4.446004e-10,4.013415e-11,6.123704e-12,-2.634777e-12,3.276284e+01,3.222087e+01,3.219495e+01
1.886000e-10,0.000000e+00,0.000000e+00,0.000000e+00,-3.075210e-07,5.841656e-06,-3.640760e-08,1.552132e-09,2.303970e-09,2.303970e-09,-4.573580e-10,3.407514e-11,7.350718e-12,-2.772032e-12,3.276280e+01,3.222087e+01,3.219495e+01
1.886500e-10,0.000000e+00,0.000000e+00,0.000000e+00,-2.983624e-07,5.957771e-06,-4.316317e-08,9.659083e-11,2.610365e-09,2.610365e-09,-4.651169e-10,2.776530e-11,8.487287e-12,-2.878840e-12,3.276276e+01,3.222087e+01,3.219495e+01
1.887000e-10,0.000000e+00,0.000000e+00,0.000000e+00,-2.884156e-07,6.016261e-06,-4.942731e-08,-1.256834e-09,2.882658e-09,2.882658e-09,-4.676928e-10,2.126114e-11,9.521537e-12,-2.954360e-12,3.276272e+01,3.222087e+01,3.219495e+01
1.887500e-10,0.000000e+00,0.000000e+00,0.000000e+00,-2.777874e-07,6.016624e-06,-5.504925e-08,-2.499598e-09,3.117649e-09,3.117649e-09,-4.649612e-10,1.461960e-11,1.044391e-11,-2.997504e-12,3.276269e+01,3.222087e+01,3.219495e+01
1.888000e-10,0.000000e+00,0.000000e+00,0.000000e+00,-2.666012e-07,5.958880e-06,-5.988407e-08,-3.625741e-09,3.312711e-09,3.312711e-09,-4.568607e-10,7.898439e-12,1.124543e-11,-3.008010e-12,3.276268e+01,3.222087e+01,3.219496e+01
1.888500e-10,0.000000e+00,0.000000e+00,0.000000e+00,-2.549963e-07,5.843581e-06,-6.379560e-08,-4.631789e-09,3.465813e-09,3.465813e-09,-4.433954e-10,1.155142e-12,1.191913e-11,-2.985753e-12,3.276267e+01,3.222087e+01,3.219496e+01
1.889000e-10,0.000000e+00,0.000000e+00,0.000000e+00,-2.431267e-07,5.671800e-06,-6.665931e-08,-5.516600e-09,3.575546e-09,3.575546e-09,-4.246379e-10,-5.552973e-12,1.245929e-11,-2.930964e-12,3.276267e+01,3.222087e+01,3.219496e+01
1.889500e-10,0.000000e+00,0.000000e+00,0.000000e+00,-2.311591e-07,5.445132e-06,-6.836492e-08,-6.281173e-09,3.641129e-09,3.641129e-09,-4.007273e-10,-1.216905e-11,1.286190e-11,-2.844360e-12,3.276268e+01,3.222087e+01,3.219496e+01
1.890000e-10,0.000000e+00,0.000000e+00,0.000000e+00,-2.192709e-07,5.165682e-06,-6.881888e-08,-6.928415e-09,3.662411e-09,3.662411e-09,-3.718725e-10,-1.863743e-11,1.312457e-11,-2.726923e-12,3.276270e+01,3.222087e+01,3.219496e+01
1.890500e-10,0.000000e+00,0.000000e+00,0.000000e+00,-2.076470e-07,4.836057e-06,-6.794661e-08,-7.462884e-09,3.639857e-09,3.639857e-09,-3.383478e-10,-2.490363e-11,1.324611e-11,-2.580023e-12,3.276273e+01,3.222087e+01,3.219496e+01
1.891000e-10,0.000000e+00,0.000000e+00,0.000000e+00,-1.964763e-07,4.459347e-06,-6.569446e-08,-7.890507e-09,3.574533e-09,3.574533e-09,-3.004924e-10,-3.091429e-11,1.322706e-11,-2.405306e-12,3.276278e+01,3.222087e+01,3.219496e+01
1.891500e-10,0.000000e+00,0.000000e+00,0.000000e+00,-1.859479e-07,4.039108e-06,-6.203132e-08,-8.218286e-09,3.468072e-09,3.468072e-09,-2.587062e-10,-3.661867e-11,1.307002e-11,-2.204844e-12,3.276283e+01,3.222087e+01,3.219496e+01
1.892000e-10,0.000000e+00,0.000000e+00,0.000000e+00,-1.762467e-07,3.579334e-06,-5.694994e-08,-8.454000e-09,3.322642e-09,3.322642e-09,-2.134458e-10,-4.196758e-11,1.277806e-11,-1.980845e-12,3.276290e+01,3.222087e+01,3.219496e+01
1.892500e-10,0.000000e+00,0.000000e+00,0.000000e+00,-1.675489e-07,3.084434e-06,-5.046788e-08,-8.605898e-09,3.140897e-09,3.140897e-09,-1.652191e-10,-4.691464e-11,1.235629e-11,-1.735905e-12,3.276297e+01,3.222086e+01,3.219495e+01
1.893000e-10,0.000000e+00,0.000000e+00,0.000000e+00,-1.600175e-07,2.559190e-06,-4.262807e-08,-8.682419e-09,2.925928e-09,2.925928e-09,-1.145795e-10,-5.141649e-11,1.181107e-11,-1.472866e-12,3.276306e+01,3.222086e+01,3.219495e+01
1.893500e-10,0.000000e+00,0.000000e+00,0.000000e+00,-1.537975e-07,2.008726e-06,-3.349889e-08,-8.691906e-09,2.681206e-09,2.681206e-09,-6.211796e-11,-5.543248e-11,1.114948e-11,-1.194691e-12,3.276315e+01,3.222086e+01,3.219495e+01
1.894000e-10,0.000000e+00,0.000000e+00,0.000000e+00,-1.490120e-07,1.438460e-06,-2.317392e-08,-8.642362e-09,2.410521e-09,2.410521e-09,-8.456612e-12,-5.892602e-11,1.038042e-11,-9.043444e-13,3.276325e+01,3.222085e+01,3.219495e+01
1.894500e-10,0.000000e+00,0.000000e+00,0.000000e+00,-1.457582e-07,8.540592e-07,-1.177111e-08,-8.541216e-09,2.117916e-09,2.117916e-09,4.575978e-11,-6.186405e-11,9.513154e-12,-6.052639e-13,3.276336e+01,3.222085e+01,3.219495e+01
1.895000e-10,0.000000e+00,0.000000e+00,0.000000e+00,-1.441042e-07,2.613858e-07,5.683569e-10,-8.395137e-09,1.807625e-09,1.807625e-09,9.987305e-11,-6.421769e-11,8.557931e-12,-3.006589e-13,3.276347e+01,3.222084e+01,3.219495e+01
1.895500e-10,0.000000e+00,0.000000e+00,0.000000e+00,-1.440862e-07,-3.335561e-07,1.368184e-08,-8.209872e-09,1.484000e-09,1.484000e-09,1.532196e-10,-6.596273e-11,7.526136e-12,5.822712e-15,3.276359e+01,3.222084e+01,3.219495e+01
1.896000e-10,0.000000e+00,0.000000e+00,0.000000e+00,-1.457072e-07,-9.246796e-07,2.738731e-08,-7.990128e-09,1.151448e-09,1.151448e-09,2.051405e-10,-6.707952e-11,6.429151e-12,3.111468e-13,3.276370e+01,3.222083e+01,3.219495e+01
1.896500e-10,0.000000e+00,0.000000e+00,0.000000e+00,-1.489357e-07,-1.505875e-06,4.148594e-08,-7.739494e-09,8.143628e-10,8.143628e-10,2.549893e-10,-6.755384e-11,5.279376e-12,6.117355e-13,3.276382e+01,3.222083e+01,3.219494e+01
1.897000e-10,0.000000e+00,0.000000e+00,0.000000e+00,-1.537056e-07,-2.071074e-06,5.576512e-08,-7.460408e-09,4.770644e-10,4.770644e-10,3.021427e-10,-6.737627e-11,4.088894e-12,9.042216e-13,3.276394e+01,3.222083e+01,3.219494e+01
1.897500e-10,0.000000e+00,0.000000e+00,0.000000e+00,-1.599174e-07,-2.614311e-06,7.000178e-08,-7.154159e-09,1.437362e-10,1.437362e-10,3.460081e-10,-6.654376e-11,2.870685e-12,1.185553e-12,3.276405e+01,3.222082e+01,3.219494e+01
1.898000e-10,0.000000e+00,0.000000e+00,0.000000e+00,-1.674399e-07,-3.129789e-06,8.396608e-08,-6.820937e-09,-1.816282e-10,-1.816282e-10,3.860321e-10,-6.505800e-11,1.637164e-12,1.452539e-12,3.276416e+01,3.222082e+01,3.219494e+01
1.898500e-10,0.000000e+00,0.000000e+00,0.000000e+00,-1.761129e-07,-3.611945e-06,9.742537e-08,-6.459913e-09,-4.952768e-10,-4.952768e-10,4.217085e-10,-6.292773e-11,4.011007e-13,1.702565e-12,3.276426e+01,3.222082e+01,3.219494e+01
1.899000e-10,0.000000e+00,0.000000e+00,0.000000e+00,-1.857506e-07,-4.055512e-06,1.101483e-07,-6.069364e-09,-7.937431e-10,-7.937431e-10,4.525862e-10,-6.016686e-11,-8.250538e-13,1.932684e-12,3.276436e+01,3.222081e+01,3.219494e+01
1.899500e-10,0.000000e+00,0.000000e+00,0.000000e+00,-1.961460e-07,-4.455582e-06,1.219093e-07,-5.646823e-09,-1.073885e-09,-1.073885e-09,4.782742e-10,-5.679584e-11,-2.029250e-12,2.140741e-12,3.276444e+01,3.222081e+01,3.219494e+01
1.900000e-10,0.000000e+00,0.000000e+00,0.000000e+00,-2.070753e-07,-4.807669e-06,1.324926e-07,-5.189254e-09,-1.332915e-09,-1.332915e-09,4.984483e-10,-5.284104e-11,-3.199931e-12,2.324455e-12,3.276452e+01,3.222081e+01,3.219494e+01
1.900500e-10,0.000000e+00,0.000000e+00,0.000000e+00,-2.183037e-07,-5.107760e-06,1.416966e-07,-4.693259e-09,-1.568428e-09,-1.568428e-09,5.128555e-10,-4.833493e-11,-4.325503e-12,2.481808e-12,3.276458e+01,3.222081e+01,3.219493e+01
1.901000e-10,0.000000e+00,0.000000e+00,0.000000e+00,-2.295906e-07,-5.352376e-06,1.493383e-07,-4.155290e-09,-1.778415e-09,-1.778415e-09,5.213166e-10,-4.331572e-11,-5.395883e-12,2.611662e-12,3.276463e+01,3.222081e+01,3.219493e+01
1.901500e-10,0.000000e+00,0.000000e+00,0.000000e+00,-2.406956e-07,-5.538613e-06,1.552568e-07,-3.571875e-09,-1.961276e-09,-1.961276e-09,5.237304e-10,-3.782802e-11,-6.400897e-12,2.712577e-12,3.276467e+01,3.222082e+01,3.219493e+01
1.902000e-10,0.000000e+00,0.000000e+00,0.000000e+00,-2.513843e-07,-5.664190e-06,1.593171e-07,-2.939853e-09,-2.115823e-09,-2.115823e-09,5.200734e-10,-3.192060e-11,-7.331812e-12,2.783537e-12,3.276469e+01,3.222082e+01,3.219493e+01
1.902500e-10,0.000000e+00,0.000000e+00,0.000000e+00,-2.614337e-07,-5.727482e-06,1.614133e-07,-2.256599e-09,-2.241276e-09,-2.241276e-09,5.104012e-10,-2.564861e-11,-8.179981e-12,2.824173e-12,3.276470e+01,3.222083e+01,3.219493e+01
1.903000e-10,0.000000e+00,0.000000e+00,0.000000e+00,-2.706378e-07,-5.727549e-06,1.614712e-07,-1.520242e-09,-2.337254e-09,-2.337254e-09,4.948469e-10,-1.907093e-11,-8.938459e-12,2.834188e-12,3.276470e+01,3.222083e+01,3.219493e+01
1.903500e-10,0.000000e+00,0.000000e+00,0.000000e+00,-2.788124e-07,-5.664156e-06,1.594506e-07,-7.298711e-10,-2.403761e-09,-2.403761e-09,4.736190e-10,-1.225116e-11,-9.600565e-12,2.813720e-12,3.276468e+01,3.222084e+01,3.219493e+01
1.904000e-10,0.000000e+00,0.000000e+00,0.000000e+00,-2.857992e-07,-5.537786e-06,1.553466e-07,1.142806e-10,-2.441161e-09,-2.441161e-09,4.469991e-10,-5.256260e-12,-1.016137e-11,2.763350e-12,3.276465e+01,3.222085e+01,3.219493e+01
1.904500e-10,0.000000e+00,0.000000e+00,0.000000e+00,-2.914693e-07,-5.349638e-06,1.491904e-07,1.010681e-09,-2.450160e-09,-2.450160e-09,4.153368e-10,1.843625e-12,-1.061624e-11,2.683779e-12,3.276460e+01,3.222086e+01,3.219493e+01
1.905000e-10,0.000000e+00,0.000000e+00,0.000000e+00,-2.957259e-07,-5.101626e-06,1.410495e-07,1.956371e-09,-2.431770e-09,-2.431770e-09,3.790451e-10,8.976517e-12,-1.096189e-11,2.576094e-12,3.276455e+01,3.222087e+01,3.219493e+01
1.905500e-10,0.000000e+00,0.000000e+00,0.000000e+00,-2.985060e-07,-4.796358e-06,1.310271e-07,2.946874e-09,-2.387278e-09,-2.387278e-09,3.385941e-10,1.606798e-11,-1.119616e-11,2.441681e-12,3.276448e+01,3.222088e+01,3.219493e+01
1.906000e-10,0.000000e+00,0.000000e+00,0.000000e+00,-2.997812e-07,-4.437109e-06,1.192605e-07,3.976139e-09,-2.318217e-09,-2.318217e-09,2.945047e-10,2.304393e-11,-1.131784e-11,2.282451e-12,3.276441e+01,3.222090e+01,3.219493e+01
1.906500e-10,0.000000e+00,0.000000e+00,0.000000e+00,-2.995573e-07,-4.027791e-06,1.059193e-07,5.036536e-09,-2.226321e-09,-2.226321e-09,2.473401e-10,2.982940e-11,-1.132670e-11,2.100035e-12,3.276433e+01,3.222091e+01,3.219493e+01
1.907000e-10,0.000000e+00,0.000000e+00,0.000000e+00,-2.978731e-07,-3.572906e-06,9.120224e-08,6.118876e-09,-2.113494e-09,-2.113494e-09,1.976998e-10,3.635044e-11,-1.122391e-11,1.896889e-12,3.276424e+01,3.222092e+01,3.219493e+01
1.907500e-10,0.000000e+00,0.000000e+00,0.000000e+00,-2.947987e-07,-3.077495e-06,7.533409e-08,7.212488e-09,-1.981771e-09,-1.981771e-09,1.462087e-10,4.253535e-11,-1.101096e-11,1.675257e-12,3.276415e+01,3.222094e+01,3.219493e+01
1.908000e-10,0.000000e+00,0.000000e+00,0.000000e+00,-2.904322e-07,-2.547078e-06,5.856140e-08,8.305332e-09,-1.833281e-09,-1.833281e-09,9.351020e-11,4.831459e-11,-1.069104e-11,1.437754e-12,3.276406e+01,3.222095e+01,3.219493e+01
1.908500e-10,0.000000e+00,0.000000e+00,0.000000e+00,-2.848967e-07,-1.987593e-06,4.114806e-08,9.384153e-09,-1.670213e-09,-1.670213e-09,4.025706e-11,5.362220e-11,-1.026814e-11,1.187149e-12,3.276396e+01,3.222097e+01,3.219493e+01
1.909000e-10,0.000000e+00,0.000000e+00,0.000000e+00,-2.783356e-07,-1.405323e-06,2.337045e-08,1.043467e-08,-1.494779e-09,-1.494779e-09,-1.289834e-11,5.839630e-11,-9.746571e-12,9.260392e-13,3.276387e+01,3.222098e+01,3.219493e+01
1.909500e-10,0.000000e+00,0.000000e+00,0.000000e+00,-2.709085e-07,-8.068195e-07,5.512175e-09,1.144183e-08,-1.309189e-09,-1.309189e-09,-6.531171e-11,6.258070e-11,-9.132187e-12,6.573702e-13,3.276378e+01,3.222100e+01,3.219493e+01
1.910000e-10,0.000000e+00,0.000000e+00,0.000000e+00,-2.627866e-07,-1.988272e-07,-1.214124e-08,1.239000e-08,-1.115617e-09,-1.115617e-09,-1.163563e-10,6.612454e-11,-8.431340e-12,3.842288e-13,3.276370e+01,3.222101e+01,3.219493e+01
1.910500e-10,0.000000e+00,0.000000e+00,0.000000e+00,-2.541472e-07,4.117996e-07,-2.930783e-08,1.326333e-08,-9.161795e-10,-9.161795e-10,-1.654296e-10,6.898385e-11,-7.651096e-12,1.094740e-13,3.276362e+01,3.222102e+01,3.219493e+01
1.911000e-10,0.000000e+00,0.000000e+00,0.000000e+00,-2.451699e-07,1.018179e-06,-4.571446e-08,1.404602e-08,-7.129142e-10,-7.129142e-10,-2.119628e-10,7.112157e-11,-6.799490e-12,-1.639129e-13,3.276355e+01,3.222103e+01,3.219493e+01
1.911500e-10,0.000000e+00,0.000000e+00,0.000000e+00,-2.360311e-07,1.613485e-06,-6.110206e-08,1.472262e-08,-5.077601e-10,-5.077601e-10,-2.554266e-10,7.250862e-11,-5.884587e-12,-4.331782e-13,3.276349e+01,3.222104e+01,3.219494e+01
1.912000e-10,0.000000e+00,0.000000e+00,0.000000e+00,-2.269003e-07,2.191027e-06,-7.523044e-08,1.527838e-08,-3.025452e-10,-3.025452e-10,-2.953383e-10,7.312437e-11,-4.915614e-12,-6.954283e-13,3.276344e+01,3.222105e+01,3.219494e+01
1.912500e-10,0.000000e+00,0.000000e+00,0.000000e+00,-2.179360e-07,2.744337e-06,-8.788274e-08,1.569957e-08,-9.897500e-11,-9.897500e-11,-3.312659e-10,7.295655e-11,-3.901813e-12,-9.479095e-13,3.276340e+01,3.222106e+01,3.219494e+01
1.913000e-10,0.000000e+00,0.000000e+00,0.000000e+00,-2.092823e-07,3.267240e-06,-9.886935e-08,1.597380e-08,1.013728e-10,1.013728e-10,-3.628357e-10,7.200183e-11,-2.853094e-12,-1.188114e-12,3.276337e+01,3.222106e+01,3.219494e+01
1.913500e-10,0.000000e+00,0.000000e+00,0.000000e+00,-2.010665e-07,3.753933e-06,-1.080312e-07,1.609030e-08,2.970533e-10,2.970533e-10,-3.897331e-10,7.026589e-11,-1.779207e-12,-1.413621e-12,3.276335e+01,3.222107e+01,3.219494e+01
1.914000e-10,0.000000e+00,0.000000e+00,0.000000e+00,-1.933964e-07,4.199051e-06,-1.152427e-07,1.604025e-08,4.867532e-10,4.867532e-10,-4.117074e-10,6.776388e-11,-6.908683e-13,-1.622432e-12,3.276335e+01,3.222107e+01,3.219494e+01
1.914500e-10,0.000000e+00,0.000000e+00,0.000000e+00,-1.863593e-07,4.597730e-06,-1.204131e-07,1.581697e-08,6.692895e-10,6.692895e-10,-4.285733e-10,6.451947e-11,4.015918e-13,-1.812179e-12,3.276335e+01,3.222107e+01,3.219494e+01
1.915000e-10,0.000000e+00,0.000000e+00,0.000000e+00,-1.800211e-07,4.945667e-06,-1.234885e-07,1.541621e-08,8.436031e-10,8.436031e-10,-4.402116e-10,6.056548e-11,1.488089e-12,-1.981371e-12,3.276337e+01,3.222107e+01,3.219494e+01
1.915500e-10,0.000000e+00,0.000000e+00,0.000000e+00,-1.744261e-07,5.239162e-06,-1.244514e-07,1.483626e-08,1.008754e-09,1.008754e-09,-4.465706e-10,5.594358e-11,2.557749e-12,-2.128412e-12,3.276340e+01,3.222107e+01,3.219494e+01
1.916000e-10,0.000000e+00,0.000000e+00,0.000000e+00,-1.695971e-07,5.475163e-06,-1.233212e-07,1.407817e-08,1.163908e-09,1.163908e-09,-4.476627e-10,5.070258e-11,3.600891e-12,-2.251881e-12,3.276344e+01,3.222106e+01,3.219494e+01
1.916500e-10,0.000000e+00,0.000000e+00,0.000000e+00,-1.655373e-07,5.651297e-06,-1.201526e-07,1.314576e-08,1.308335e-09,1.308335e-09,-4.435659e-10,4.490021e-11,4.607046e-12,-2.351008e-12,3.276348e+01,3.222105e+01,3.219495e+01
1.917000e-10,0.000000e+00,0.000000e+00,0.000000e+00,-1.622310e-07,5.765888e-06,-1.150338e-07,1.204571e-08,1.441389e-09,1.441389e-09,-4.344188e-10,3.859992e-11,5.566723e-12,-2.424756e-12,3.276354e+01,3.222105e+01,3.219495e+01
1.917500e-10,0.000000e+00,0.000000e+00,0.000000e+00,-1.596463e-07,5.817978e-06,-1.080846e-07,1.078752e-08,1.562508e-09,1.562508e-09,-4.204178e-10,3.187237e-11,6.470805e-12,-2.472723e-12,3.276360e+01,3.222104e+01,3.219495e+01
1.918000e-10,0.000000e+00,0.000000e+00,0.000000e+00,-1.577372e-07,5.807324e-06,-9.945287e-08,9.383469e-09,1.671193e-09,1.671193e-09,-4.018144e-10,2.479292e-11,7.309994e-12,-2.494752e-12,3.276367e+01,3.222102e+01,3.219495e+01
1.918500e-10,0.000000e+00,0.000000e+00,0.000000e+00,-1.564462e-07,5.734395e-06,-8.931114e-08,7.848464e-09,1.767010e-09,1.767010e-09,-3.789084e-10,1.744164e-11,8.077014e-12,-2.490718e-12,3.276374e+01,3.222101e+01,3.219495e+01
1.919000e-10,0.000000e+00,0.000000e+00,0.000000e+00,-1.557076e-07,5.600363e-06,-7.785295e-08,6.199882e-09,1.849570e-09,1.849570e-09,-3.520452e-10,9.902223e-12,8.763480e-12,-2.461008e-12,3.276382e+01,3.222100e+01,3.219495e+01
1.919500e-10,0.000000e+00,0.000000e+00,0.000000e+00,-1.554498e-07,5.407074e-06,-6.528844e-08,4.457344e-09,1.918534e-09,1.918534e-09,-3.216076e-10,2.261054e-12,9.363009e-12,-2.406306e-12,3.276390e+01,3.222099e+01,3.219495e+01
1.920000e-10,0.000000e+00,0.000000e+00,0.000000e+00,-1.555987e-07,5.157027e-06,-5.184003e-08,2.642444e-09,1.973598e-09,1.973598e-09,-2.880120e-10,-5.395023e-12,9.869304e-12,-2.327331e-12,3.276398e+01,3.222097e+01,3.219495e+01
1.920500e-10,0.000000e+00,0.000000e+00,0.000000e+00,-1.560802e-07,4.853331e-06,-3.773788e-08,7.784366e-10,2.014494e-09,2.014494e-09,-2.517016e-10,-1.297735e-11,1.027775e-11,-2.225153e-12,3.276406e+01,3.222096e+01,3.219496e+01
1.921000e-10,0.000000e+00,0.000000e+00,0.000000e+00,-1.568227e-07,4.499668e-06,-2.321546e-08,-1.110109e-09,2.040991e-09,2.040991e-09,-2.131390e-10,-2.039905e-11,1.058352e-11,-2.100859e-12,3.276414e+01,3.222094e+01,3.219496e+01
1.921500e-10,0.000000e+00,0.000000e+00,0.000000e+00,-1.577594e-07,4.100243e-06,-8.505108e-09,-2.997691e-09,2.052892e-09,2.052892e-09,-1.728019e-10,-2.757468e-11,1.078394e-11,-1.956151e-12,3.276422e+01,3.222093e+01,3.219496e+01
1.922000e-10,0.000000e+00,0.000000e+00,0.000000e+00,-1.588298e-07,3.659732e-06,6.166095e-09,-4.858276e-09,2.050036e-09,2.050036e-09,-1.311747e-10,-3.442196e-11,1.087607e-11,-1.792694e-12,3.276429e+01,3.222091e+01,3.219496e+01
1.922500e-10,0.000000e+00,0.000000e+00,0.000000e+00,-1.599814e-07,3.183227e-06,2.058023e-08,-6.665717e-09,2.032308e-09,2.032308e-09,-8.874378e-11,-4.086195e-11,1.085966e-11,-1.612049e-12,3.276437e+01,3.222090e+01,3.219496e+01
1.923000e-10,0.000000e+00,0.000000e+00,0.000000e+00,-1.611703e-07,2.676176e-06,3.453206e-08,-8.394184e-09,1.999640e-09,1.999640e-09,-4.599153e-11,-4.682145e-11,1.073366e-11,-1.416375e-12,3.276443e+01,3.222089e+01,3.219496e+01
1.923500e-10,0.000000e+00,0.000000e+00,0.000000e+00,-1.623615e-07,2.144319e-06,4.783214e-08,-1.001859e-08,1.952025e-09,1.952025e-09,-3.389502e-12,-5.223203e-11,1.049954e-11,-1.207687e-12,3.276450e+01,3.222088e+01,3.219496e+01
1.924000e-10,0.000000e+00,0.000000e+00,0.000000e+00,-1.635291e-07,1.593625e-06,6.030942e-08,-1.151500e-08,1.889519e-09,1.889519e-09,3.860535e-11,-5.703308e-11,1.015939e-11,-9.883002e-13,3.276456e+01,3.222087e+01,3.219496e+01
1.924500e-10,0.000000e+00,0.000000e+00,0.000000e+00,-1.646552e-07,1.030225e-06,7.181343e-08,-1.286106e-08,1.812260e-09,1.812260e-09,7.955614e-11,-6.117024e-11,9.716230e-12,-7.603901e-13,3.276461e+01,3.222086e+01,3.219496e+01
1.925000e-10,0.000000e+00,0.000000e+00,0.000000e+00,-1.657297e-07,4.603451e-07,8.221581e-08,-1.403637e-08,1.720473e-09,1.720473e-09,1.190508e-10,-6.459812e-11,9.173964e-12,-5.263416e-13,3.276466e+01,3.222085e+01,3.219496e+01
1.925500e-10,0.000000e+00,0.000000e+00,0.000000e+00,-1.667485e-07,-1.097624e-07,9.141145e-08,-1.502280e-08,1.614482e-09,1.614482e-09,1.567053e-10,-6.727933e-11,8.538201e-12,-2.885750e-13,3.276470e+01,3.222085e+01,3.219496e+01
1.926000e-10,0.000000e+00,0.000000e+00,0.000000e+00,-1.677124e-07,-6.738857e-07,9.931901e-08,-1.580489e-08,1.494726e-09,1.494726e-09,1.921667e-10,-6.918578e-11,7.814781e-12,-4.938782e-14,3.276474e+01,3.222084e+01,3.219496e+01
1.926500e-10,0.000000e+00,0.000000e+00,0.000000e+00,-1.686255e-07,-1.225921e-06,1.058810e-07,-1.637001e-08,1.361762e-09,1.361762e-09,2.251172e-10,-7.029892e-11,7.011282e-12,1.887471e-13,3.276477e+01,3.222084e+01,3.219496e+01
1.927000e-10,0.000000e+00,0.000000e+00,0.000000e+00,-1.694937e-07,-1.759941e-06,1.110634e-07,-1.670867e-08,1.216282e-09,1.216282e-09,2.552744e-10,-7.060914e-11,6.135262e-12,4.234094e-13,3.276480e+01,3.222084e+01,3.219496e+01
1.927500e-10,0.000000e+00,0.000000e+00,0.000000e+00,-1.703235e-07,-2.270254e-06,1.148548e-07,-1.681467e-08,1.059113e-09,1.059113e-09,2.823952e-10,-7.011710e-11,5.195683e-12,6.526524e-13,3.276482e+01,3.222084e+01,3.219496e+01
1.928000e-10,0.000000e+00,0.000000e+00,0.000000e+00,-1.711204e-07,-2.751471e-06,1.172653e-07,-1.668521e-08,8.912309e-10,8.912309e-10,3.062742e-10,-6.883228e-11,4.202069e-12,8.737225e-13,3.276484e+01,3.222085e+01,3.219496e+01
1.928500e-10,0.000000e+00,0.000000e+00,0.000000e+00,-1.718884e-07,-3.198560e-06,1.183247e-07,-1.632092e-08,7.137575e-10,7.137575e-10,3.267469e-10,-6.677455e-11,3.164749e-12,1.085006e-12,3.276485e+01,3.222085e+01,3.219496e+01
1.929000e-10,0.000000e+00,0.000000e+00,0.000000e+00,-1.726288e-07,-3.606902e-06,1.180813e-07,-1.572594e-08,5.279661e-10,5.279661e-10,3.436876e-10,-6.397161e-11,2.093826e-12,1.284101e-12,3.276485e+01,3.222086e+01,3.219496e+01
1.929500e-10,0.000000e+00,0.000000e+00,0.000000e+00,-1.733406e-07,-3.972340e-06,1.165993e-07,-1.490776e-08,3.352763e-10,3.352763e-10,3.570103e-10,-6.046062e-11,1.001103e-12,1.469323e-12,3.276486e+01,3.222087e+01,3.219495e+01
1.930000e-10,0.000000e+00,0.000000e+00,0.000000e+00,-1.740196e-07,-4.291221e-06,1.139573e-07,-1.387721e-08,1.372519e-10,1.372519e-10,3.666671e-10,-5.628661e-11,-1.025639e-13,1.639006e-12,3.276486e+01,3.222088e+01,3.219495e+01
1.930500e-10,0.000000e+00,0.000000e+00,0.000000e+00,-1.746596e-07,-4.560438e-06,1.102456e-07,-1.264820e-08,-6.440886e-11,-6.440886e-11,3.726477e-10,-5.150210e-11,-1.205354e-12,1.791308e-12,3.276485e+01,3.222089e+01,3.219495e+01
1.931000e-10,0.000000e+00,0.000000e+00,0.000000e+00,-1.752522e-07,-4.777455e-06,1.055644e-07,-1.123757e-08,-2.678848e-10,-2.678848e-10,3.749767e-10,-4.616657e-11,-2.295762e-12,1.925003e-12,3.276485e+01,3.222090e+01,3.219495e+01
1.931500e-10,0.000000e+00,0.000000e+00,0.000000e+00,-1.757881e-07,-4.940334e-06,1.000211e-07,-9.664767e-09,-4.712450e-10,-4.712450e-10,3.737129e-10,-4.034471e-11,-3.362213e-12,2.038931e-12,3.276484e+01,3.222091e+01,3.219495e+01
1.932000e-10,0.000000e+00,0.000000e+00,0.000000e+00,-1.762578e-07,-5.047751e-06,9.372890e-08,-7.951586e-09,-6.724684e-10,-6.724684e-10,3.689463e-10,-3.410724e-11,-4.393114e-12,2.131990e-12,3.276483e+01,3.222093e+01,3.219495e+01
1.932500e-10,0.000000e+00,0.000000e+00,0.000000e+00,-1.766526e-07,-5.099006e-06,8.680397e-08,-6.121781e-09,-8.694632e-10,-8.694632e-10,3.607969e-10,-2.752891e-11,-5.377766e-12,2.203177e-12,3.276482e+01,3.222094e+01,3.219494e+01
1.933000e-10,0.000000e+00,0.000000e+00,0.000000e+00,-1.769654e-07,-5.094018e-06,7.936401e-08,-4.200709e-09,-1.060091e-09,-1.060091e-09,3.494104e-10,-2.068711e-11,-6.305278e-12,2.252162e-12,3.276480e+01,3.222095e+01,3.219494e+01
1.933500e-10,0.000000e+00,0.000000e+00,0.000000e+00,-1.771917e-07,-5.033328e-06,7.152627e-08,-2.214928e-09,-1.242194e-09,-1.242194e-09,3.349580e-10,-1.366224e-11,-7.166005e-12,2.278592e-12,3.276479e+01,3.222097e+01,3.219494e+01
1.934000e-10,0.000000e+00,0.000000e+00,0.000000e+00,-1.773302e-07,-4.918079e-06,6.340594e-08,-1.917826e-10,-1.413620e-09,-1.413620e-09,3.176321e-10,-6.535188e-12,-7.950036e-12,2.282100e-12,3.276477e+01,3.222098e+01,3.219494e+01
1.934500e-10,0.000000e+00,0.000000e+00,0.000000e+00,-1.773833e-07,-4.749994e-06,5.511464e-08,1.841027e-09,-1.572255e-09,-1.572255e-09,2.976444e-10,6.120162e-13,-8.649235e-12,2.262808e-12,3.276475e+01,3.222100e+01,3.219494e+01
1.935000e-10,0.000000e+00,0.000000e+00,0.000000e+00,-1.773571e-07,-4.531358e-06,4.675916e-08,3.855865e-09,-1.716053e-09,-1.716053e-09,2.752231e-10,7.698836e-12,-9.255657e-12,2.220996e-12,3.276474e+01,3.222101e+01,3.219494e+01
1.935500e-10,0.000000e+00,0.000000e+00,0.000000e+00,-1.772614e-07,-4.264974e-06,3.844027e-08,5.825580e-09,-1.843068e-09,-1.843068e-09,2.506105e-10,1.464591e-11,-9.762829e-12,2.157210e-12,3.276472e+01,3.222102e+01,3.219494e+01
1.936000e-10,0.000000e+00,0.000000e+00,0.000000e+00,-1.771097e-07,-3.954136e-06,3.025177e-08,7.723915e-09,-1.951484e-09,-1.951484e-09,2.240609e-10,2.137689e-11,-1.016505e-11,2.072131e-12,3.276471e+01,3.222104e+01,3.219493e+01
1.936500e-10,0.000000e+00,0.000000e+00,0.000000e+00,-1.769179e-07,-3.602580e-06,2.227968e-08,9.525889e-09,-2.039648e-09,-2.039648e-09,1.958380e-10,2.781874e-11,-1.045777e-11,1.966533e-12,3.276469e+01,3.222105e+01,3.219493e+01
1.937000e-10,0.000000e+00,0.000000e+00,0.000000e+00,-1.767042e-07,-3.214437e-06,1.460158e-08,1.120817e-08,-2.106097e-09,-2.106097e-09,1.662118e-10,3.390250e-11,-1.063759e-11,1.841748e-12,3.276468e+01,3.222106e+01,3.219493e+01
1.937500e-10,0.000000e+00,0.000000e+00,0.000000e+00,-1.764875e-07,-2.794190e-06,7.286115e-09,1.274937e-08,-2.149589e-09,-2.149589e-09,1.354585e-10,3.956472e-11,-1.070274e-11,1.698776e-12,3.276466e+01,3.222107e+01,3.219493e+01
1.938000e-10,0.000000e+00,0.000000e+00,0.000000e+00,-1.762868e-07,-2.346611e-06,3.926696e-10,1.413040e-08,-2.169126e-09,-2.169126e-09,1.038561e-10,4.474712e-11,-1.065227e-11,1.539388e-12,3.276465e+01,3.222108e+01,3.219493e+01
1.938500e-10,0.000000e+00,0.000000e+00,0.000000e+00,-1.761197e-07,-1.876717e-06,-6.028853e-09,1.533466e-08,-2.163978e-09,-2.163978e-09,7.168511e-11,4.939831e-11,-1.048656e-11,1.364900e-12,3.276464e+01,3.222108e+01,3.219493e+01
1.939000e-10,0.000000e+00,0.000000e+00,0.000000e+00,-1.760014e-07,-1.389705e-06,-1.193809e-08,1.634827e-08,-2.133706e-09,-2.133706e-09,3.922424e-11,5.347319e-11,-1.020755e-11,1.177310e-12,3.276463e+01,3.222109e+01,3.219493e+01
1.939500e-10,0.000000e+00,0.000000e+00,0.000000e+00,-1.759437e-07,-8.908957e-07,-1.730414e-08,1.716024e-08,-2.078168e-09,-2.078168e-09,6.750575e-12,5.693402e-11,-9.818127e-12,9.783910e-13,3.276462e+01,3.222109e+01,3.219493e+01
1.940000e-10,0.000000e+00,0.000000e+00,0.000000e+00,-1.759536e-07,-3.856781e-07,-2.210538e-08,1.776256e-08,-1.997542e-09,-1.997542e-09,-2.546221e-11,5.975060e-11,-9.322723e-12,7.700011e-13,3.276461e+01,3.222110e+01,3.219493e+01
1.940500e-10,0.000000e+00,0.000000e+00,0.000000e+00,-1.760329e-07,1.205525e-07,-2.632915e-08,1.815031e-08,-1.892324e-09,-1.892324e-09,-5.714646e-11,6.190073e-11,-8.726737e-12,5.545783e-13,3.276460e+01,3.222110e+01,3.219493e+01
1.941000e-10,0.000000e+00,0.000000e+00,0.000000e+00,-1.761774e-07,6.224507e-07,-2.997130e-08,1.832159e-08,-1.763337e-09,-1.763337e-09,-8.804063e-11,6.336903e-11,-8.036641e-12,3.340167e-13,3.276459e+01,3.222110e+01,3.219493e+01
1.941500e-10,0.000000e+00,0.000000e+00,0.000000e+00,-1.763762e-07,1.114779e-06,-3.303567e-08,1.827758e-08,-1.611720e-09,-1.611720e-09,-1.178909e-10,6.414906e-11,-7.260133e-12,1.106315e-13,3.276459e+01,3.222110e+01,3.219493e+01
1.942000e-10,0.000000e+00,0.000000e+00,0.000000e+00,-1.766119e-07,1.592461e-06,-3.553343e-08,1.802239e-08,-1.438929e-09,-1.438929e-09,-1.464531e-10,6.424132e-11,-6.405930e-12,-1.133324e-13,3.276458e+01,3.222110e+01,3.219494e+01
1.942500e-10,0.000000e+00,0.000000e+00,0.000000e+00,-1.768604e-07,2.050637e-06,-3.748237e-08,1.756297e-08,-1.246718e-09,-1.246718e-09,-1.734934e-10,6.365452e-11,-5.483627e-12,-3.356829e-13,3.276458e+01,3.222110e+01,3.219494e+01
1.943000e-10,0.000000e+00,0.000000e+00,0.000000e+00,-1.770910e-07,2.484710e-06,-3.890603e-08,1.690892e-08,-1.037124e-09,-1.037124e-09,-1.987892e-10,6.240406e-11,-4.503044e-12,-5.541223e-13,3.276457e+01,3.222109e+01,3.219494e+01
1.943500e-10,0.000000e+00,0.000000e+00,0.000000e+00,-1.772676e-07,2.890391e-06,-3.983285e-08,1.607232e-08,-8.124431e-10,-8.124431e-10,-2.221318e-10,6.051275e-11,-3.475633e-12,-7.664934e-13,3.276457e+01,3.222109e+01,3.219494e+01
1.944000e-10,0.000000e+00,0.000000e+00,0.000000e+00,-1.773486e-07,3.263743e-06,-4.029523e-08,1.506746e-08,-5.752050e-10,-5.752050e-10,-2.433260e-10,5.800968e-11,-2.412286e-12,-9.705689e-13,3.276457e+01,3.222109e+01,3.219494e+01
1.944500e-10,0.000000e+00,0.000000e+00,0.000000e+00,-1.772888e-07,3.601215e-06,-4.032851e-08,1.391060e-08,-3.281413e-10,-3.281413e-10,-2.621919e-10,5.493017e-11,-1.325123e-12,-1.164367e-12,3.276456e+01,3.222108e+01,3.219494e+01
1.945000e-10,0.000000e+00,0.000000e+00,0.000000e+00,-1.770401e-07,3.899673e-06,-3.996999e-08,1.261966e-08,-7.414971e-11,-7.414971e-11,-2.785669e-10,5.131490e-11,-2.261562e-13,-1.345888e-12,3.276456e+01,3.222107e+01,3.219495e+01
1.945500e-10,0.000000e+00,0.000000e+00,0.000000e+00,-1.765533e-07,4.156427e-06,-3.925789e-08,1.121396e-08,1.837410e-10,1.837410e-10,-2.923057e-10,4.720995e-11,8.727228e-13,-1.513256e-12,3.276456e+01,3.222107e+01,3.219495e+01
1.946000e-10,0.000000e+00,0.000000e+00,0.000000e+00,-1.757797e-07,4.369249e-06,-3.823037e-08,9.713841e-09,4.424132e-10,4.424132e-10,-3.032827e-10,4.266548e-11,1.958781e-12,-1.664840e-12,3.276456e+01,3.222106e+01,3.219495e+01
1.946500e-10,0.000000e+00,0.000000e+00,0.000000e+00,-1.746725e-07,4.536387e-06,-3.692457e-08,8.140402e-09,6.987024e-10,6.987024e-10,-3.113924e-10,3.773512e-11,3.020935e-12,-1.798867e-12,3.276456e+01,3.222105e+01,3.219495e+01
1.947000e-10,0.000000e+00,0.000000e+00,0.000000e+00,-1.731894e-07,4.656573e-06,-3.537569e-08,6.515138e-09,9.494402e-10,9.494402e-10,-3.165510e-10,3.247623e-11,4.046610e-12,-1.914199e-12,3.276456e+01,3.222105e+01,3.219495e+01
1.947500e-10,0.000000e+00,0.000000e+00,0.000000e+00,-1.712938e-07,4.729029e-06,-3.361620e-08,4.859632e-09,1.191498e-09,1.191498e-09,-3.186974e-10,2.694790e-11,5.025421e-12,-2.009660e-12,3.276456e+01,3.222104e+01,3.219496e+01
1.948000e-10,0.000000e+00,0.000000e+00,0.000000e+00,-1.689572e-07,4.753462e-06,-3.167510e-08,3.195249e-09,1.421833e-09,1.421833e-09,-3.177944e-10,2.121137e-11,5.946041e-12,-2.084233e-12,3.276456e+01,3.222103e+01,3.219496e+01
1.948500e-10,0.000000e+00,0.000000e+00,0.000000e+00,-1.661605e-07,4.730057e-06,-2.957733e-08,1.542830e-09,1.637527e-09,1.637527e-09,-3.138293e-10,1.532839e-11,6.799069e-12,-2.136918e-12,3.276456e+01,3.222103e+01,3.219496e+01
1.949000e-10,0.000000e+00,0.000000e+00,0.000000e+00,-1.628959e-07,4.659469e-06,-2.734332e-08,-7.757724e-11,1.835834e-09,1.835834e-09,-3.068153e-10,9.361746e-12,7.575068e-12,-2.167364e-12,3.276456e+01,3.222102e+01,3.219496e+01
1.949500e-10,0.000000e+00,0.000000e+00,0.000000e+00,-1.591681e-07,4.542803e-06,-2.498871e-08,-1.646982e-09,2.014214e-09,2.014214e-09,-2.967921e-10,3.373244e-12,8.266024e-12,-2.175204e-12,3.276456e+01,3.222101e+01,3.219496e+01
1.950000e-10,0.000000e+00,0.000000e+00,0.000000e+00,-1.549953e-07,4.381603e-06,-2.252422e-08,-3.147676e-09,2.170372e-09,2.170372e-09,-2.838258e-10,-2.575743e-12,8.864378e-12,-2.160331e-12,3.276457e+01,3.222101e+01,3.219496e+01
1.950500e-10,0.000000e+00,0.000000e+00,0.000000e+00,-1.504097e-07,4.177823e-06,-1.995572e-08,-4.563439e-09,2.302293e-09,2.302293e-09,-2.680097e-10,-8.425850e-12,9.364482e-12,-2.123045e-12,3.276458e+01,3.222100e+01,3.219496e+01
1.951000e-10,0.000000e+00,0.000000e+00,0.000000e+00,-1.454578e-07,3.933810e-06,-1.728443e-08,-5.879711e-09,2.408268e-09,2.408268e-09,-2.494648e-10,-1.411924e-11,9.760935e-12,-2.063555e-12,3.276458e+01,3.222100e+01,3.219497e+01
1.951500e-10,0.000000e+00,0.000000e+00,0.000000e+00,-1.401999e-07,3.652273e-06,-1.450742e-08,-7.083729e-09,2.486920e-09,2.486920e-09,-2.283389e-10,-1.960121e-11,1.005007e-11,-1.982423e-12,3.276460e+01,3.222099e+01,3.219497e+01
1.952000e-10,0.000000e+00,0.000000e+00,0.000000e+00,-1.347093e-07,3.336256e-06,-1.161813e-08,-8.164635e-09,2.537224e-09,2.537224e-09,-2.048062e-10,-2.481966e-11,1.022919e-11,-1.880631e-12,3.276461e+01,3.222099e+01,3.219497e+01
1.952500e-10,0.000000e+00,0.000000e+00,0.000000e+00,-1.290709e-07,2.989111e-06,-8.607219e-09,-9.113548e-09,2.558524e-09,2.558524e-09,-1.790672e-10,-2.972663e-11,1.029729e-11,-1.759301e-12,3.276463e+01,3.222098e+01,3.219497e+01
1.953000e-10,0.000000e+00,0.000000e+00,0.000000e+00,-1.233794e-07,2.614461e-06,-5.463410e-09,-9.923604e-09,2.550539e-09,2.550539e-09,-1.513471e-10,-3.427745e-11,1.025383e-11,-1.619486e-12,3.276465e+01,3.222098e+01,3.219497e+01
1.953500e-10,0.000000e+00,0.000000e+00,0.000000e+00,-1.177370e-07,2.216168e-06,-2.174560e-09,-1.058996e-08,2.513369e-09,2.513369e-09,-1.218942e-10,-3.843165e-11,1.010030e-11,-1.462746e-12,3.276467e+01,3.222098e+01,3.219497e+01
1.954000e-10,0.000000e+00,0.000000e+00,0.000000e+00,-1.122508e-07,1.798300e-06,1.271222e-09,-1.110978e-08,2.447493e-09,2.447493e-09,-9.097896e-11,-4.215382e-11,9.838875e-12,-1.290801e-12,3.276470e+01,3.222098e+01,3.219497e+01
1.954500e-10,0.000000e+00,0.000000e+00,0.000000e+00,-1.070298e-07,1.365091e-06,4.884392e-09,-1.148216e-08,2.353763e-09,2.353763e-09,-5.889098e-11,-4.541284e-11,9.473219e-12,-1.105509e-12,3.276473e+01,3.222098e+01,3.219497e+01
1.955000e-10,0.000000e+00,0.000000e+00,0.000000e+00,-1.021818e-07,9.209065e-07,8.672768e-09,-1.170805e-08,2.233388e-09,2.233388e-09,-2.593780e-11,-4.818270e-11,9.008314e-12,-9.086062e-13,3.276477e+01,3.222097e+01,3.219497e+01
1.955500e-10,0.000000e+00,0.000000e+00,0.000000e+00,-9.781059e-08,4.701994e-07,1.264034e-08,-1.179019e-08,2.087923e-09,2.087923e-09,7.559090e-12,-5.044247e-11,8.449527e-12,-7.023734e-13,3.276481e+01,3.222097e+01,3.219496e+01
1.956000e-10,0.000000e+00,0.000000e+00,0.000000e+00,-9.401237e-08,1.747337e-08,1.678617e-08,-1.173290e-08,1.919239e-09,1.919239e-09,4.126598e-11,-5.217610e-11,7.803662e-12,-4.889324e-13,3.276485e+01,3.222097e+01,3.219496e+01
1.956500e-10,0.000000e+00,0.000000e+00,0.000000e+00,-9.087319e-08,-4.327595e-07,2.110335e-08,-1.154202e-08,1.729501e-09,1.729501e-09,7.484130e-11,-5.337270e-11,7.078664e-12,-2.704404e-13,3.276490e+01,3.222097e+01,3.219496e+01
1.957000e-10,0.000000e+00,0.000000e+00,0.000000e+00,-8.846620e-08,-8.760201e-07,2.557816e-08,-1.122469e-08,1.521135e-09,1.521135e-09,1.079383e-10,-5.402702e-11,6.282882e-12,-4.944044e-14,3.276494e+01,3.222098e+01,3.219496e+01
1.957500e-10,0.000000e+00,0.000000e+00,0.000000e+00,-8.684937e-08,-1.307904e-06,3.018938e-08,-1.078919e-08,1.296795e-09,1.296795e-09,1.402087e-10,-5.413830e-11,5.425435e-12,1.717349e-13,3.276499e+01,3.222098e+01,3.219496e+01
1.958000e-10,0.000000e+00,0.000000e+00,0.000000e+00,-8.606363e-08,-1.724121e-06,3.490783e-08,-1.024479e-08,1.059322e-09,1.059322e-09,1.713074e-10,-5.371120e-11,4.516338e-12,3.909285e-13,3.276505e+01,3.222098e+01,3.219496e+01
1.958500e-10,0.000000e+00,0.000000e+00,0.000000e+00,-8.613161e-08,-2.120541e-06,3.969612e-08,-9.601526e-09,8.117088e-10,8.117088e-10,2.008953e-10,-5.275507e-11,3.565710e-12,6.055971e-13,3.276510e+01,3.222098e+01,3.219496e+01
1.959000e-10,0.000000e+00,0.000000e+00,0.000000e+00,-8.705682e-08,-2.493225e-06,4.450875e-08,-8.870037e-09,5.570539e-10,5.570539e-10,2.286444e-10,-5.128403e-11,2.583916e-12,8.135662e-13,3.276515e+01,3.222098e+01,3.219496e+01
1.959500e-10,0.000000e+00,0.000000e+00,0.000000e+00,-8.882344e-08,-2.838471e-06,4.929240e-08,-8.061384e-09,2.985211e-10,2.985211e-10,2.542403e-10,-4.931658e-11,1.582725e-12,1.012538e-12,3.276521e+01,3.222099e+01,3.219495e+01
1.960000e-10,0.000000e+00,0.000000e+00,0.000000e+00,-9.139667e-08,-3.152847e-06,5.398657e-08,-7.186872e-09,3.929531e-11,3.929531e-11,2.773882e-10,-4.687597e-11,5.719061e-13,1.200566e-12,3.276526e+01,3.222099e+01,3.219495e+01
1.960500e-10,0.000000e+00,0.000000e+00,0.000000e+00,-9.472363e-08,-3.433225e-06,5.852442e-08,-6.257885e-09,-2.174601e-10,-2.174601e-10,2.978146e-10,-4.398901e-11,-4.365631e-13,1.375423e-12,3.276531e+01,3.222099e+01,3.219495e+01
1.961000e-10,0.000000e+00,0.000000e+00,0.000000e+00,-9.873472e-08,-3.676811e-06,6.283398e-08,-5.285733e-09,-4.686459e-10,-4.686459e-10,3.152728e-10,-4.068615e-11,-1.432457e-12,1.535372e-12,3.276536e+01,3.222099e+01,3.219495e+01
1.961500e-10,0.000000e+00,0.000000e+00,0.000000e+00,-1.033455e-07,-3.881178e-06,6.683949e-08,-4.281515e-09,-7.112676e-10,-7.112676e-10,3.295450e-10,-3.700206e-11,-2.404903e-12,1.678642e-12,3.276541e+01,3.222100e+01,3.219495e+01
1.962000e-10,0.000000e+00,0.000000e+00,0.000000e+00,-1.084588e-07,-4.044289e-06,7.046301e-08,-3.255991e-09,-9.424734e-10,-9.424734e-10,3.404463e-10,-3.297384e-11,-3.343815e-12,1.803725e-12,3.276545e+01,3.222100e+01,3.219495e+01
1.962500e-10,0.000000e+00,0.000000e+00,0.000000e+00,-1.139674e-07,-4.164517e-06,7.362623e-08,-2.219478e-09,-1.159592e-09,-1.159592e-09,3.478272e-10,-2.864161e-11,-4.239601e-12,1.909394e-12,3.276549e+01,3.222101e+01,3.219495e+01
1.963000e-10,0.000000e+00,0.000000e+00,0.000000e+00,-1.197567e-07,-4.240669e-06,7.625229e-08,-1.181762e-09,-1.360164e-09,-1.360164e-09,3.515759e-10,-2.404808e-11,-5.082842e-12,1.994542e-12,3.276552e+01,3.222101e+01,3.219494e+01
1.963500e-10,0.000000e+00,0.000000e+00,0.000000e+00,-1.257076e-07,-4.271994e-06,7.826779e-08,-1.520278e-10,-1.541972e-09,-1.541972e-09,3.516210e-10,-1.923787e-11,-5.865014e-12,2.058224e-12,3.276555e+01,3.222102e+01,3.219494e+01
1.964000e-10,0.000000e+00,0.000000e+00,0.000000e+00,-1.316993e-07,-4.258199e-06,7.960476e-08,8.611960e-10,-1.703064e-09,-1.703064e-09,3.479320e-10,-1.425758e-11,-6.578595e-12,2.099789e-12,3.276557e+01,3.222102e+01,3.219494e+01
1.964500e-10,0.000000e+00,0.000000e+00,0.000000e+00,-1.376125e-07,-4.199450e-06,8.020259e-08,1.850068e-09,-1.841779e-09,-1.841779e-09,3.405210e-10,-9.154531e-12,-7.216445e-12,2.119011e-12,3.276558e+01,3.222103e+01,3.219494e+01
1.965000e-10,0.000000e+00,0.000000e+00,0.000000e+00,-1.433317e-07,-4.096377e-06,8.000990e-08,2.807453e-09,-1.956759e-09,-1.956759e-09,3.294438e-10,-3.977859e-12,-7.772935e-12,2.115416e-12,3.276559e+01,3.222103e+01,3.219494e+01
1.965500e-10,0.000000e+00,0.000000e+00,0.000000e+00,-1.487484e-07,-3.950067e-06,7.898621e-08,3.726920e-09,-2.046964e-09,-2.046964e-09,3.147981e-10,1.223787e-12,-8.242487e-12,2.089372e-12,3.276559e+01,3.222104e+01,3.219494e+01
1.966000e-10,0.000000e+00,0.000000e+00,0.000000e+00,-1.537627e-07,-3.762061e-06,7.710350e-08,4.602736e-09,-2.111680e-09,-2.111680e-09,2.967248e-10,6.400599e-12,-8.621122e-12,2.041211e-12,3.276558e+01,3.222104e+01,3.219494e+01
1.966500e-10,0.000000e+00,0.000000e+00,0.000000e+00,-1.582860e-07,-3.534334e-06,7.434741e-08,5.429835e-09,-2.150520e-09,-2.150520e-09,2.754057e-10,1.150403e-11,-8.905838e-12,1.971339e-12,3.276557e+01,3.222105e+01,3.219494e+01
1.967000e-10,0.000000e+00,0.000000e+00,0.000000e+00,-1.622421e-07,-3.269281e-06,7.071822e-08,6.203786e-09,-2.163421e-09,-2.163421e-09,2.510622e-10,1.648582e-11,-9.094761e-12,1.880841e-12,3.276555e+01,3.222105e+01,3.219494e+01
1.967500e-10,0.000000e+00,0.000000e+00,0.000000e+00,-1.655686e-07,-2.969692e-06,6.623154e-08,6.920751e-09,-2.150641e-09,-2.150641e-09,2.239526e-10,2.129839e-11,-9.186275e-12,1.770420e-12,3.276552e+01,3.222106e+01,3.219494e+01
1.968000e-10,0.000000e+00,0.000000e+00,0.000000e+00,-1.682177e-07,-2.638728e-06,6.091863e-08,7.577432e-09,-2.112749e-09,-2.112749e-09,1.943702e-10,2.589671e-11,-9.180874e-12,1.641689e-12,3.276549e+01,3.222107e+01,3.219494e+01
1.968500e-10,0.000000e+00,0.000000e+00,0.000000e+00,-1.701568e-07,-2.279884e-06,5.482629e-08,8.171025e-09,-2.050606e-09,-2.050606e-09,1.626392e-10,3.023659e-11,-9.079432e-12,1.495806e-12,3.276546e+01,3.222107e+01,3.219494e+01
1.969000e-10,0.000000e+00,0.000000e+00,0.000000e+00,-1.713681e-07,-1.896955e-06,4.801656e-08,8.699166e-09,-1.965350e-09,-1.965350e-09,1.291113e-10,3.427699e-11,-8.883810e-12,1.334559e-12,3.276542e+01,3.222108e+01,3.219494e+01
1.969500e-10,0.000000e+00,0.000000e+00,0.000000e+00,-1.718485e-07,-1.493997e-06,4.056589e-08,9.159876e-09,-1.858375e-09,-1.858375e-09,9.416139e-11,3.797882e-11,-8.597059e-12,1.159947e-12,3.276537e+01,3.222108e+01,3.219494e+01
1.970000e-10,0.000000e+00,0.000000e+00,0.000000e+00,-1.716088e-07,-1.075284e-06,3.256409e-08,9.551518e-09,-1.731306e-09,-1.731306e-09,5.818343e-11,4.130678e-11,-8.223038e-12,9.735855e-13,3.276532e+01,3.222109e+01,3.219494e+01
1.970500e-10,0.000000e+00,0.000000e+00,0.000000e+00,-1.706722e-07,-6.452600e-07,2.411291e-08,9.872754e-09,-1.585972e-09,-1.585972e-09,2.158586e-11,4.422827e-11,-7.766621e-12,7.777179e-13,3.276527e+01,3.222110e+01,3.219494e+01
1.971000e-10,0.000000e+00,0.000000e+00,0.000000e+00,-1.690737e-07,-2.084916e-07,1.532431e-08,1.012251e-08,-1.424377e-09,-1.424377e-09,-1.521464e-11,4.671444e-11,-7.232843e-12,5.744491e-13,3.276522e+01,3.222110e+01,3.219494e+01
1.971500e-10,0.000000e+00,0.000000e+00,0.000000e+00,-1.668577e-07,2.303801e-07,6.318604e-09,1.029994e-08,-1.248672e-09,-1.248672e-09,-5.179658e-11,4.874126e-11,-6.628597e-12,3.660943e-13,3.276517e+01,3.222111e+01,3.219494e+01
1.972000e-10,0.000000e+00,0.000000e+00,0.000000e+00,-1.640768e-07,6.666920e-07,-2.777774e-09,1.040443e-08,-1.061123e-09,-1.061123e-09,-8.773964e-11,5.028741e-11,-5.960212e-12,1.547579e-13,3.276512e+01,3.222111e+01,3.219495e+01
1.972500e-10,0.000000e+00,0.000000e+00,0.000000e+00,-1.607902e-07,1.095809e-06,-1.183449e-08,1.043557e-08,-8.640779e-10,-8.640779e-10,-1.226308e-10,5.133766e-11,-5.235320e-12,-5.728005e-14,3.276507e+01,3.222112e+01,3.219495e+01
1.973000e-10,0.000000e+00,0.000000e+00,0.000000e+00,-1.570612e-07,1.513177e-06,-2.071973e-08,1.039316e-08,-6.599372e-10,-6.599372e-10,-1.560674e-10,5.188033e-11,-4.461811e-12,-2.674063e-13,3.276502e+01,3.222112e+01,3.219495e+01
1.973500e-10,0.000000e+00,0.000000e+00,0.000000e+00,-1.529561e-07,1.914370e-06,-2.930259e-08,1.027722e-08,-4.511222e-10,-4.511222e-10,-1.876647e-10,5.190899e-11,-3.648227e-12,-4.735864e-13,3.276498e+01,3.222113e+01,3.219495e+01
1.974000e-10,0.000000e+00,0.000000e+00,0.000000e+00,-1.485424e-07,2.295142e-06,-3.745551e-08,1.008802e-08,-2.400452e-10,-2.400452e-10,-2.170585e-10,5.142195e-11,-2.803215e-12,-6.736632e-13,3.276494e+01,3.222113e+01,3.219495e+01
1.974500e-10,0.000000e+00,0.000000e+00,0.000000e+00,-1.438869e-07,2.651469e-06,-4.505658e-08,9.826111e-09,-2.907996e-11,-2.907996e-11,-2.439112e-10,5.042260e-11,-1.935245e-12,-8.654444e-13,3.276490e+01,3.222113e+01,3.219495e+01
1.975000e-10,0.000000e+00,0.000000e+00,0.000000e+00,-1.390549e-07,2.979598e-06,-5.199179e-08,9.492345e-09,1.794650e-10,1.794650e-10,-2.679154e-10,4.891957e-11,-1.053841e-12,-1.046966e-12,3.276487e+01,3.222113e+01,3.219495e+01
1.975500e-10,0.000000e+00,0.000000e+00,0.000000e+00,-1.341090e-07,3.276085e-06,-5.815700e-08,9.087931e-09,3.833715e-10,3.833715e-10,-2.887976e-10,4.692650e-11,-1.679291e-13,-1.216105e-12,3.276484e+01,3.222113e+01,3.219495e+01
1.976000e-10,0.000000e+00,0.000000e+00,0.000000e+00,-1.291078e-07,3.537834e-06,-6.345983e-08,8.614476e-09,5.805353e-10,5.805353e-10,-3.063224e-10,4.446125e-11,7.139662e-13,-1.371407e-12,3.276482e+01,3.222113e+01,3.219495e+01
1.976500e-10,0.000000e+00,0.000000e+00,0.000000e+00,-1.241057e-07,3.762127e-06,-6.782121e-08,8.074037e-09,7.689859e-10,7.689859e-10,-3.202941e-10,4.154744e-11,1.582182e-12,-1.511134e-12,3.276481e+01,3.222113e+01,3.219496e+01
1.977000e-10,0.000000e+00,0.000000e+00,0.000000e+00,-1.191525e-07,3.946654e-06,-7.117665e-08,7.469164e-09,9.469055e-10,9.469055e-10,-3.305607e-10,3.821299e-11,2.428948e-12,-1.633972e-12,3.276480e+01,3.222113e+01,3.219496e+01
1.977500e-10,0.000000e+00,0.000000e+00,0.000000e+00,-1.142930e-07,4.089541e-06,-7.347727e-08,6.802950e-09,1.112643e-09,1.112643e-09,-3.370140e-10,3.448991e-11,3.245075e-12,-1.738518e-12,3.276480e+01,3.222113e+01,3.219496e+01
1.978000e-10,0.000000e+00,0.000000e+00,0.000000e+00,-1.095669e-07,4.189363e-06,-7.469048e-08,6.079071e-09,1.264728e-09,1.264728e-09,-3.395920e-10,3.041494e-11,4.023371e-12,-1.823912e-12,3.276480e+01,3.222113e+01,3.219496e+01
1.978500e-10,0.000000e+00,0.000000e+00,0.000000e+00,-1.050096e-07,4.245161e-06,-7.480031e-08,5.301820e-09,1.401878e-09,1.401878e-09,-3.382792e-10,2.602840e-11,4.755718e-12,-1.889365e-12,3.276481e+01,3.222112e+01,3.219496e+01
1.979000e-10,0.000000e+00,0.000000e+00,0.000000e+00,-1.006520e-07,4.256451e-06,-7.380751e-08,4.476133e-09,1.523009e-09,1.523009e-09,-3.331062e-10,2.137367e-11,5.435607e-12,-1.934333e-12,3.276483e+01,3.222112e+01,3.219496e+01
1.979500e-10,0.000000e+00,0.000000e+00,0.000000e+00,-9.652090e-08,4.223229e-06,-7.172925e-08,3.607608e-09,1.627234e-09,1.627234e-09,-3.241500e-10,1.649822e-11,6.056357e-12,-1.958325e-12,3.276485e+01,3.222112e+01,3.219496e+01
1.980000e-10,0.000000e+00,0.000000e+00,0.000000e+00,-9.264006e-08,4.145966e-06,-6.859858e-08,2.702506e-09,1.713872e-09,1.713872e-09,-3.115316e-10,1.145106e-11,6.612163e-12,-1.961307e-12,3.276488e+01,3.222111e+01,3.219496e+01
1.980500e-10,0.000000e+00,0.000000e+00,0.000000e+00,-8.903016e-08,4.025601e-06,-6.446365e-08,1.767742e-09,1.782438e-09,1.782438e-09,-2.954153e-10,6.284039e-12,7.098447e-12,-1.943365e-12,3.276491e+01,3.222110e+01,3.219496e+01
1.981000e-10,0.000000e+00,0.000000e+00,0.000000e+00,-8.570960e-08,3.863534e-06,-5.938662e-08,8.108644e-10,1.832648e-09,1.832648e-09,-2.760058e-10,1.050280e-12,7.509931e-12,-1.904921e-12,3.276495e+01,3.222110e+01,3.219496e+01
1.981500e-10,0.000000e+00,0.000000e+00,0.000000e+00,-8.269482e-08,3.661606e-06,-5.344241e-08,-1.599897e-10,1.864408e-09,1.864408e-09,-2.535454e-10,-4.195860e-12,7.844000e-12,-1.846466e-12,3.276499e+01,3.222109e+01,3.219496e+01
1.982000e-10,0.000000e+00,0.000000e+00,0.000000e+00,-8.000075e-08,3.422077e-06,-4.671728e-08,-1.136143e-09,1.877811e-09,1.877811e-09,-2.283111e-10,-9.399664e-12,8.097042e-12,-1.768824e-12,3.276503e+01,3.222108e+01,3.219496e+01
1.982500e-10,0.000000e+00,0.000000e+00,0.000000e+00,-7.764101e-08,3.147602e-06,-3.930725e-08,-2.108449e-09,1.873124e-09,1.873124e-09,-2.006108e-10,-1.450659e-11,8.267567e-12,-1.672907e-12,3.276508e+01,3.222107e+01,3.219496e+01
1.983000e-10,0.000000e+00,0.000000e+00,0.000000e+00,-7.562802e-08,2.841203e-06,-3.131645e-08,-3.067378e-09,1.850780e-09,1.850780e-09,-1.707785e-10,-1.946224e-11,8.354119e-12,-1.559750e-12,3.276513e+01,3.222107e+01,3.219496e+01
1.983500e-10,0.000000e+00,0.000000e+00,0.000000e+00,-7.397300e-08,2.506233e-06,-2.285534e-08,-4.003111e-09,1.811367e-09,1.811367e-09,-1.391713e-10,-2.421399e-11,8.356521e-12,-1.430809e-12,3.276519e+01,3.222106e+01,3.219497e+01
1.984000e-10,0.000000e+00,0.000000e+00,0.000000e+00,-7.268582e-08,2.146341e-06,-1.403900e-08,-4.905657e-09,1.755616e-09,1.755616e-09,-1.061633e-10,-2.871120e-11,8.275161e-12,-1.287731e-12,3.276524e+01,3.222105e+01,3.219497e+01
1.984500e-10,0.000000e+00,0.000000e+00,0.000000e+00,-7.177465e-08,1.765435e-06,-4.985363e-09,-5.764966e-09,1.684384e-09,1.684384e-09,-7.214235e-11,-3.290511e-11,8.110933e-12,-1.131921e-12,3.276530e+01,3.222104e+01,3.219497e+01
1.985000e-10,0.000000e+00,0.000000e+00,0.000000e+00,-7.124559e-08,1.367637e-06,4.186541e-09,-6.571069e-09,1.598648e-09,1.598648e-09,-3.750435e-11,-3.675036e-11,7.866572e-12,-9.650619e-13,3.276535e+01,3.222104e+01,3.219497e+01
1.985500e-10,0.000000e+00,0.000000e+00,0.000000e+00,-7.110215e-08,9.572390e-07,1.335822e-08,-7.314207e-09,1.499484e-09,1.499484e-09,-2.647720e-12,-4.020483e-11,7.544411e-12,-7.892581e-13,3.276541e+01,3.222103e+01,3.219497e+01
1.986000e-10,0.000000e+00,0.000000e+00,0.000000e+00,-7.134467e-08,5.386609e-07,2.241330e-08,-7.984983e-09,1.388059e-09,1.388059e-09,3.202990e-11,-4.323081e-11,7.147993e-12,-6.060181e-13,3.276546e+01,3.222102e+01,3.219496e+01
1.986500e-10,0.000000e+00,0.000000e+00,0.000000e+00,-7.196972e-08,1.164006e-07,3.123904e-08,-8.574499e-09,1.265613e-09,1.265613e-09,6.613766e-11,-4.579447e-11,6.681913e-12,-4.177445e-13,3.276551e+01,3.222102e+01,3.219496e+01
1.987000e-10,0.000000e+00,0.000000e+00,0.000000e+00,-7.296955e-08,-3.050130e-07,3.972765e-08,-9.074503e-09,1.133449e-09,1.133449e-09,9.929576e-11,-4.786778e-11,6.150783e-12,-2.263492e-13,3.276556e+01,3.222101e+01,3.219496e+01
1.987500e-10,0.000000e+00,0.000000e+00,0.000000e+00,-7.433156e-08,-7.210679e-07,4.777756e-08,-9.477530e-09,9.929204e-10,9.929204e-10,1.311398e-10,-4.942648e-11,5.560357e-12,-3.367352e-14,3.276561e+01,3.222101e+01,3.219496e+01
1.988000e-10,0.000000e+00,0.000000e+00,0.000000e+00,-7.603784e-08,-1.127318e-06,5.529453e-08,-9.777037e-09,8.454161e-10,8.454161e-10,1.613247e-10,-5.045363e-11,4.916421e-12,1.579849e-13,3.276566e+01,3.222101e+01,3.219496e+01
1.988500e-10,0.000000e+00,0.000000e+00,0.000000e+00,-7.806495e-08,-1.519429e-06,6.219259e-08,-9.967524e-09,6.923506e-10,6.923506e-10,1.895292e-10,-5.093688e-11,4.225956e-12,3.468548e-13,3.276570e+01,3.222100e+01,3.219496e+01
1.989000e-10,0.000000e+00,0.000000e+00,0.000000e+00,-8.038375e-08,-1.893229e-06,6.839491e-08,-1.004465e-08,5.351526e-10,5.351526e-10,2.154589e-10,-5.086965e-11,3.495732e-12,5.308665e-13,3.276574e+01,3.222100e+01,3.219496e+01
1.989500e-10,0.000000e+00,0.000000e+00,0.000000e+00,-8.295952e-08,-2.244749e-06,7.383448e-08,-1.000535e-08,3.752544e-10,3.752544e-10,2.388491e-10,-5.025278e-11,2.733325e-12,7.081260e-13,3.276577e+01,3.222100e+01,3.219496e+01
1.990000e-10,0.000000e+00,0.000000e+00,0.000000e+00,-8.575224e-08,-2.570270e-06,7.845464e-08,-9.847866e-09,2.140821e-10,2.140821e-10,2.594677e-10,-4.909178e-11,1.946014e-12,8.768443e-13,3.276581e+01,3.222100e+01,3.219496e+01
1.990500e-10,0.000000e+00,0.000000e+00,0.000000e+00,-8.871714e-08,-2.866362e-06,8.220958e-08,-9.571887e-09,5.304666e-11,5.304666e-11,2.771175e-10,-4.739856e-11,1.142199e-12,1.035461e-12,3.276583e+01,3.222101e+01,3.219496e+01
1.991000e-10,0.000000e+00,0.000000e+00,0.000000e+00,-9.180539e-08,-3.129922e-06,8.506459e-08,-9.178537e-09,-1.064654e-10,-1.064654e-10,2.916380e-10,-4.519179e-11,3.297900e-13,1.182256e-12,3.276585e+01,3.222101e+01,3.219496e+01
1.991500e-10,0.000000e+00,0.000000e+00,0.000000e+00,-9.496506e-08,-3.358210e-06,8.699625e-08,-8.670423e-09,-2.630997e-10,-2.630997e-10,3.029059e-10,-4.249489e-11,-4.832500e-13,1.315828e-12,3.276587e+01,3.222101e+01,3.219496e+01
1.992000e-10,0.000000e+00,0.000000e+00,0.000000e+00,-9.814222e-08,-3.548875e-06,8.799253e-08,-8.051636e-09,-4.155414e-10,-4.155414e-10,3.108367e-10,-3.933745e-11,-1.288749e-12,1.434913e-12,3.276588e+01,3.222102e+01,3.219496e+01
1.992500e-10,0.000000e+00,0.000000e+00,0.000000e+00,-1.012822e-07,-3.699986e-06,8.805274e-08,-7.327726e-09,-5.625228e-10,-5.625228e-10,3.153845e-10,-3.575356e-11,-2.078340e-12,1.538318e-12,3.276589e+01,3.222102e+01,3.219496e+01
1.993000e-10,0.000000e+00,0.000000e+00,0.000000e+00,-1.043308e-07,-3.810052e-06,8.718731e-08,-6.505669e-09,-7.028297e-10,-7.028297e-10,3.165424e-10,-3.178310e-11,-2.844746e-12,1.625308e-12,3.276589e+01,3.222103e+01,3.219495e+01
1.993500e-10,0.000000e+00,0.000000e+00,0.000000e+00,-1.072359e-07,-3.878035e-06,8.541764e-08,-5.593792e-09,-8.353085e-10,-8.353085e-10,3.143402e-10,-2.746936e-11,-3.579758e-12,1.694935e-12,3.276589e+01,3.222103e+01,3.219495e+01
1.994000e-10,0.000000e+00,0.000000e+00,0.000000e+00,-1.099485e-07,-3.903364e-06,8.277563e-08,-4.601695e-09,-9.588715e-10,-9.588715e-10,3.088455e-10,-2.286037e-11,-4.276221e-12,1.746533e-12,3.276588e+01,3.222104e+01,3.219495e+01
1.994500e-10,0.000000e+00,0.000000e+00,0.000000e+00,-1.124242e-07,-3.885938e-06,7.930325e-08,-3.540142e-09,-1.072505e-09,-1.072505e-09,3.001612e-10,-1.800667e-11,-4.927382e-12,1.779786e-12,3.276587e+01,3.222105e+01,3.219495e+01
1.995000e-10,0.000000e+00,0.000000e+00,0.000000e+00,-1.146242e-07,-3.826129e-06,7.505196e-08,-2.420933e-09,-1.175270e-09,-1.175270e-09,2.884223e-10,-1.296216e-11,-5.526350e-12,1.794693e-12,3.276586e+01,3.222106e+01,3.219495e+01
1.995500e-10,0.000000e+00,0.000000e+00,0.000000e+00,-1.165165e-07,-3.724772e-06,7.008201e-08,-1.256764e-09,-1.266317e-09,-1.266317e-09,2.737967e-10,-7.782862e-12,-6.067441e-12,1.790905e-12,3.276584e+01,3.222107e+01,3.219495e+01
1.996000e-10,0.000000e+00,0.000000e+00,0.000000e+00,-1.180762e-07,-3.583157e-06,6.446168e-08,-6.106682e-11,-1.344881e-09,-1.344881e-09,2.564789e-10,-2.525654e-12,-6.545219e-12,1.768701e-12,3.276582e+01,3.222108e+01,3.219495e+01
1.996500e-10,0.000000e+00,0.000000e+00,0.000000e+00,-1.192865e-07,-3.403012e-06,5.826639e-08,1.152161e-09,-1.410294e-09,-1.410294e-09,2.366915e-10,2.751003e-12,-6.954879e-12,1.728679e-12,3.276579e+01,3.222109e+01,3.219495e+01
1.997000e-10,0.000000e+00,0.000000e+00,0.000000e+00,-1.201388e-07,-3.186478e-06,5.157774e-08,2.368539e-09,-1.461988e-09,-1.461988e-09,2.146778e-10,7.988919e-12,-7.292193e-12,1.671013e-12,3.276577e+01,3.222110e+01,3.219495e+01
1.997500e-10,0.000000e+00,0.000000e+00,0.000000e+00,-1.206324e-07,-2.936088e-06,4.448246e-08,3.573494e-09,-1.499501e-09,-1.499501e-09,1.907019e-10,1.313030e-11,-7.553776e-12,1.596651e-12,3.276574e+01,3.222111e+01,3.219495e+01
1.998000e-10,0.000000e+00,0.000000e+00,0.000000e+00,-1.207745e-07,-2.654735e-06,3.707125e-08,4.752450e-09,-1.522478e-09,-1.522478e-09,1.650438e-10,1.811867e-11,-7.737402e-12,1.506469e-12,3.276571e+01,3.222112e+01,3.219495e+01
1.998500e-10,0.000000e+00,0.000000e+00,0.000000e+00,-1.205797e-07,-2.345635e-06,2.943765e-08,5.891031e-09,-1.530682e-09,-1.530682e-09,1.379966e-10,2.289922e-11,-7.840668e-12,1.401327e-12,3.276568e+01,3.222112e+01,3.219495e+01
1.999000e-10,0.000000e+00,0.000000e+00,0.000000e+00,-1.200689e-07,-2.012291e-06,2.167675e-08,6.975251e-09,-1.523990e-09,-1.523990e-09,1.098627e-10,2.741959e-11,-7.862959e-12,1.282505e-12,3.276564e+01,3.222113e+01,3.219495e+01
1.999500e-10,0.000000e+00,0.000000e+00,0.000000e+00,-1.192688e-07,-1.658452e-06,1.388396e-08,7.991707e-09,-1.502404e-09,-1.502404e-09,8.095047e-11,3.163108e-11,-7.804153e-12,1.151301e-12,3.276561e+01,3.222114e+01,3.219495e+01
