time,"I(I_WL1)","I(I_BL1)","I(I_SE1)","I(BVMOUT)","V(QBIN)","V(QBOUT)","V(O1)","V(O2)","V(O2)","V(O3)","V(O4)","V(O5)","V(O6)","P(BJ1|XBQ1)","P(B01|XJTL1_1)","P(B01|XJTL1_2)"
4.500000e-11,0.000000e+00,0.000000e+00,0.000000e+00,-2.382741e-07,1.408726e-07,2.365536e-08,1.664264e-09,1.648920e-10,1.648920e-10,1.237828e-11,8.825289e-13,1.025765e-13,1.315646e-14,1.347706e+00,8.049605e-01,7.790132e-01
4.505000e-11,0.000000e+00,0.000000e+00,0.000000e+00,-2.371838e-07,1.398151e-07,2.339469e-08,1.656694e-09,1.659298e-10,1.659298e-10,1.204718e-11,8.997477e-13,1.019978e-13,1.274705e-14,1.347719e+00,8.049622e-01,7.790133e-01
4.510000e-11,0.000000e+00,0.000000e+00,0.000000e+00,-2.360722e-07,1.389591e-07,2.310970e-08,1.652794e-09,1.666500e-10,1.666500e-10,1.172527e-11,9.191428e-13,1.010436e-13,1.237162e-14,1.347732e+00,8.049639e-01,7.790135e-01
4.520000e-11,0.000000e+00,0.000000e+00,0.000000e+00,-2.337898e-07,1.378605e-07,2.248234e-08,1.655481e-09,1.670433e-10,1.670433e-10,1.113014e-11,9.623638e-13,9.805164e-14,1.174243e-14,1.347757e+00,8.049673e-01,7.790137e-01
4.525000e-11,0.000000e+00,0.000000e+00,0.000000e+00,-2.326226e-07,1.376126e-07,2.214865e-08,1.661637e-09,1.666874e-10,1.666874e-10,1.086655e-11,9.850764e-13,9.607585e-14,1.150019e-14,1.347770e+00,8.049691e-01,7.790138e-01
4.530000e-11,0.000000e+00,0.000000e+00,0.000000e+00,-2.314410e-07,1.375557e-07,2.180783e-08,1.670609e-09,1.659567e-10,1.659567e-10,1.063121e-11,1.007778e-12,9.381779e-14,1.131000e-14,1.347783e+00,8.049708e-01,7.790139e-01
4.535000e-11,0.000000e+00,0.000000e+00,0.000000e+00,-2.302479e-07,1.376776e-07,2.146473e-08,1.682038e-09,1.648557e-10,1.648557e-10,1.042755e-11,1.029903e-12,9.132626e-14,1.117737e-14,1.347795e+00,8.049726e-01,7.790140e-01
4.540000e-11,0.000000e+00,0.000000e+00,0.000000e+00,-2.290464e-07,1.379627e-07,2.112421e-08,1.695517e-09,1.633965e-10,1.633965e-10,1.025836e-11,1.050898e-12,8.864783e-14,1.109845e-14,1.347808e+00,8.049743e-01,7.790142e-01
4.545000e-11,0.000000e+00,0.000000e+00,0.000000e+00,-2.278398e-07,1.383924e-07,2.079111e-08,1.710602e-09,1.615984e-10,1.615984e-10,1.012568e-11,1.070263e-12,8.583074e-14,1.107653e-14,1.347821e+00,8.049760e-01,7.790143e-01
4.550000e-11,0.000000e+00,0.000000e+00,0.000000e+00,-2.266317e-07,1.389451e-07,2.047006e-08,1.726821e-09,1.594874e-10,1.594874e-10,1.003080e-11,1.087508e-12,8.292706e-14,1.110886e-14,1.347834e+00,8.049777e-01,7.790144e-01
4.555000e-11,0.000000e+00,0.000000e+00,0.000000e+00,-2.254256e-07,1.395972e-07,2.016547e-08,1.743686e-09,1.570958e-10,1.570958e-10,9.974239e-12,1.102211e-12,7.999159e-14,1.119272e-14,1.347847e+00,8.049794e-01,7.790145e-01
4.560000e-11,0.000000e+00,0.000000e+00,0.000000e+00,-2.242254e-07,1.403230e-07,1.988142e-08,1.760696e-09,1.544610e-10,1.544610e-10,9.955713e-12,1.114002e-12,7.707914e-14,1.132645e-14,1.347860e+00,8.049810e-01,7.790146e-01
4.565000e-11,0.000000e+00,0.000000e+00,0.000000e+00,-2.230346e-07,1.410956e-07,1.962156e-08,1.777355e-09,1.516254e-10,1.516254e-10,9.974185e-12,1.122567e-12,7.424068e-14,1.150293e-14,1.347873e+00,8.049827e-01,7.790147e-01
4.570000e-11,0.000000e+00,0.000000e+00,0.000000e+00,-2.218568e-07,1.418871e-07,1.938906e-08,1.793176e-09,1.486349e-10,1.486349e-10,1.002787e-11,1.127677e-12,7.152991e-14,1.171941e-14,1.347886e+00,8.049843e-01,7.790148e-01
4.575000e-11,0.000000e+00,0.000000e+00,0.000000e+00,-2.206954e-07,1.426696e-07,1.918656e-08,1.807695e-09,1.455383e-10,1.455383e-10,1.011429e-11,1.129166e-12,6.899453e-14,1.196769e-14,1.347900e+00,8.049858e-01,7.790149e-01
4.580000e-11,0.000000e+00,0.000000e+00,0.000000e+00,-2.195536e-07,1.434153e-07,1.901609e-08,1.820474e-09,1.423862e-10,1.423862e-10,1.023031e-11,1.126939e-12,6.667893e-14,1.224282e-14,1.347914e+00,8.049874e-01,7.790150e-01
4.585000e-11,0.000000e+00,0.000000e+00,0.000000e+00,-2.184342e-07,1.440972e-07,1.887906e-08,1.831118e-09,1.392298e-10,1.392298e-10,1.037226e-11,1.120999e-12,6.462092e-14,1.253659e-14,1.347928e+00,8.049889e-01,7.790151e-01
4.590000e-11,0.000000e+00,0.000000e+00,0.000000e+00,-2.173396e-07,1.446898e-07,1.877621e-08,1.839275e-09,1.361203e-10,1.361203e-10,1.053592e-11,1.111406e-12,6.285339e-14,1.284022e-14,1.347942e+00,8.049903e-01,7.790152e-01
4.595000e-11,0.000000e+00,0.000000e+00,0.000000e+00,-2.162720e-07,1.451694e-07,1.870762e-08,1.844646e-09,1.331073e-10,1.331073e-10,1.071674e-11,1.098307e-12,6.140922e-14,1.314714e-14,1.347956e+00,8.049918e-01,7.790153e-01
4.600000e-11,0.000000e+00,0.000000e+00,0.000000e+00,-2.152330e-07,1.455144e-07,1.867269e-08,1.846989e-09,1.302382e-10,1.302382e-10,1.090980e-11,1.081917e-12,6.029554e-14,1.344968e-14,1.347970e+00,8.049931e-01,7.790154e-01
4.605000e-11,0.000000e+00,0.000000e+00,0.000000e+00,-2.142237e-07,1.457064e-07,1.867018e-08,1.846128e-09,1.275572e-10,1.275572e-10,1.111003e-11,1.062518e-12,5.953866e-14,1.374070e-14,1.347984e+00,8.049945e-01,7.790155e-01
4.610000e-11,0.000000e+00,0.000000e+00,0.000000e+00,-2.132448e-07,1.457296e-07,1.869822e-08,1.841948e-09,1.251044e-10,1.251044e-10,1.131223e-11,1.040449e-12,5.914185e-14,1.401200e-14,1.347999e+00,8.049958e-01,7.790156e-01
4.615000e-11,0.000000e+00,0.000000e+00,0.000000e+00,-2.122964e-07,1.455721e-07,1.875433e-08,1.834406e-09,1.229150e-10,1.229150e-10,1.151122e-11,1.016102e-12,5.909691e-14,1.425753e-14,1.348013e+00,8.049971e-01,7.790157e-01
4.620000e-11,0.000000e+00,0.000000e+00,0.000000e+00,-2.113781e-07,1.452251e-07,1.883551e-08,1.823523e-09,1.210186e-10,1.210186e-10,1.170195e-11,9.899164e-13,5.940164e-14,1.446854e-14,1.348027e+00,8.049984e-01,7.790158e-01
4.625000e-11,0.000000e+00,0.000000e+00,0.000000e+00,-2.104889e-07,1.446840e-07,1.893828e-08,1.809390e-09,1.194389e-10,1.194389e-10,1.187956e-11,9.623654e-13,6.003521e-14,1.464338e-14,1.348042e+00,8.049996e-01,7.790160e-01
4.630000e-11,0.000000e+00,0.000000e+00,0.000000e+00,-2.096276e-07,1.439480e-07,1.905874e-08,1.792160e-09,1.181929e-10,1.181929e-10,1.203952e-11,9.339391e-13,6.097460e-14,1.477711e-14,1.348056e+00,8.050009e-01,7.790161e-01
4.635000e-11,0.000000e+00,0.000000e+00,0.000000e+00,-2.087922e-07,1.430201e-07,1.919268e-08,1.772051e-09,1.172909e-10,1.172909e-10,1.217773e-11,9.051588e-13,6.219297e-14,1.486206e-14,1.348071e+00,8.050021e-01,7.790162e-01
4.640000e-11,0.000000e+00,0.000000e+00,0.000000e+00,-2.079804e-07,1.419072e-07,1.933563e-08,1.749334e-09,1.167363e-10,1.167363e-10,1.229051e-11,8.765292e-13,6.365632e-14,1.490097e-14,1.348085e+00,8.050032e-01,7.790163e-01
4.645000e-11,0.000000e+00,0.000000e+00,0.000000e+00,-2.071896e-07,1.406200e-07,1.948295e-08,1.724333e-09,1.165253e-10,1.165253e-10,1.237480e-11,8.485556e-13,6.532246e-14,1.488727e-14,1.348099e+00,8.050044e-01,7.790165e-01
4.650000e-11,0.000000e+00,0.000000e+00,0.000000e+00,-2.064167e-07,1.391723e-07,1.962997e-08,1.697415e-09,1.166475e-10,1.166475e-10,1.242811e-11,8.217297e-13,6.714863e-14,1.482314e-14,1.348113e+00,8.050056e-01,7.790166e-01
4.655000e-11,0.000000e+00,0.000000e+00,0.000000e+00,-2.056584e-07,1.375815e-07,1.977203e-08,1.668985e-09,1.170858e-10,1.170858e-10,1.244863e-11,7.965129e-13,6.908606e-14,1.471134e-14,1.348126e+00,8.050068e-01,7.790167e-01
4.660000e-11,0.000000e+00,0.000000e+00,0.000000e+00,-2.049113e-07,1.358677e-07,1.990457e-08,1.639475e-09,1.178170e-10,1.178170e-10,1.243522e-11,7.733235e-13,7.109365e-14,1.454801e-14,1.348140e+00,8.050079e-01,7.790168e-01
4.665000e-11,0.000000e+00,0.000000e+00,0.000000e+00,-2.041718e-07,1.340534e-07,2.002327e-08,1.609337e-09,1.188122e-10,1.188122e-10,1.238745e-11,7.525505e-13,7.311987e-14,1.433865e-14,1.348153e+00,8.050091e-01,7.790170e-01
4.670000e-11,0.000000e+00,0.000000e+00,0.000000e+00,-2.034361e-07,1.321631e-07,2.012410e-08,1.579035e-09,1.200375e-10,1.200375e-10,1.230561e-11,7.345063e-13,7.510992e-14,1.408982e-14,1.348166e+00,8.050103e-01,7.790171e-01
4.675000e-11,0.000000e+00,0.000000e+00,0.000000e+00,-2.027005e-07,1.302228e-07,2.020339e-08,1.549031e-09,1.214546e-10,1.214546e-10,1.219068e-11,7.194749e-13,7.702269e-14,1.380099e-14,1.348179e+00,8.050115e-01,7.790172e-01
4.680000e-11,0.000000e+00,0.000000e+00,0.000000e+00,-2.019616e-07,1.282594e-07,2.025792e-08,1.519782e-09,1.230217e-10,1.230217e-10,1.204430e-11,7.076420e-13,7.880830e-14,1.348037e-14,1.348192e+00,8.050127e-01,7.790174e-01
4.685000e-11,0.000000e+00,0.000000e+00,0.000000e+00,-2.012157e-07,1.263005e-07,2.028499e-08,1.491726e-09,1.246945e-10,1.246945e-10,1.186875e-11,6.991590e-13,8.042292e-14,1.313289e-14,1.348204e+00,8.050139e-01,7.790175e-01
4.690000e-11,0.000000e+00,0.000000e+00,0.000000e+00,-2.004598e-07,1.243734e-07,2.028245e-08,1.465277e-09,1.264268e-10,1.264268e-10,1.166688e-11,6.940844e-13,8.183585e-14,1.276459e-14,1.348216e+00,8.050152e-01,7.790176e-01
4.695000e-11,0.000000e+00,0.000000e+00,0.000000e+00,-1.996909e-07,1.225047e-07,2.024876e-08,1.440814e-09,1.281716e-10,1.281716e-10,1.144208e-11,6.924128e-13,8.300105e-14,1.238422e-14,1.348228e+00,8.050164e-01,7.790177e-01
4.700000e-11,0.000000e+00,0.000000e+00,0.000000e+00,-1.989063e-07,1.207200e-07,2.018301e-08,1.418675e-09,1.298821e-10,1.298821e-10,1.119814e-11,6.940756e-13,8.390044e-14,1.199345e-14,1.348239e+00,8.050177e-01,7.790179e-01
4.705000e-11,0.000000e+00,0.000000e+00,0.000000e+00,-1.981039e-07,1.190431e-07,2.008492e-08,1.399151e-09,1.315126e-10,1.315126e-10,1.093926e-11,6.989293e-13,8.450277e-14,1.160816e-14,1.348251e+00,8.050190e-01,7.790180e-01
4.710000e-11,0.000000e+00,0.000000e+00,0.000000e+00,-1.972820e-07,1.174957e-07,1.995490e-08,1.382480e-09,1.330194e-10,1.330194e-10,1.066987e-11,7.067711e-13,8.479489e-14,1.122779e-14,1.348262e+00,8.050204e-01,7.790181e-01
4.715000e-11,0.000000e+00,0.000000e+00,0.000000e+00,-1.964392e-07,1.160969e-07,1.979397e-08,1.368842e-09,1.343616e-10,1.343616e-10,1.039461e-11,7.173347e-13,8.476803e-14,1.086004e-14,1.348273e+00,8.050217e-01,7.790182e-01
4.720000e-11,0.000000e+00,0.000000e+00,0.000000e+00,-1.955748e-07,1.148629e-07,1.960379e-08,1.358356e-09,1.355021e-10,1.355021e-10,1.011820e-11,7.302988e-13,8.441672e-14,1.051640e-14,1.348283e+00,8.050231e-01,7.790183e-01
4.725000e-11,0.000000e+00,0.000000e+00,0.000000e+00,-1.946885e-07,1.138064e-07,1.938658e-08,1.351078e-09,1.364080e-10,1.364080e-10,9.845345e-12,7.453082e-13,8.374643e-14,1.019797e-14,1.348294e+00,8.050245e-01,7.790184e-01
4.730000e-11,0.000000e+00,0.000000e+00,0.000000e+00,-1.937805e-07,1.129370e-07,1.914515e-08,1.347001e-09,1.370515e-10,1.370515e-10,9.580641e-12,7.619504e-13,8.276593e-14,9.911326e-15,1.348304e+00,8.050259e-01,7.790185e-01
4.735000e-11,0.000000e+00,0.000000e+00,0.000000e+00,-1.928517e-07,1.122601e-07,1.888275e-08,1.346053e-09,1.374104e-10,1.374104e-10,9.328482e-12,7.798006e-13,8.149276e-14,9.662501e-15,1.348315e+00,8.050273e-01,7.790186e-01
4.740000e-11,0.000000e+00,0.000000e+00,0.000000e+00,-1.919033e-07,1.117777e-07,1.860306e-08,1.348104e-09,1.374683e-10,1.374683e-10,9.092988e-12,7.983999e-13,7.994829e-14,9.455878e-15,1.348325e+00,8.050287e-01,7.790187e-01
4.745000e-11,0.000000e+00,0.000000e+00,0.000000e+00,-1.909370e-07,1.114877e-07,1.831012e-08,1.352962e-09,1.372151e-10,1.372151e-10,8.877898e-12,8.172887e-13,7.815994e-14,9.290361e-15,1.348335e+00,8.050301e-01,7.790188e-01
4.750000e-11,0.000000e+00,0.000000e+00,0.000000e+00,-1.899550e-07,1.113844e-07,1.800823e-08,1.360381e-09,1.366470e-10,1.366470e-10,8.686521e-12,8.359960e-13,7.616276e-14,9.169237e-15,1.348345e+00,8.050316e-01,7.790189e-01
4.755000e-11,0.000000e+00,0.000000e+00,0.000000e+00,-1.889599e-07,1.114583e-07,1.770183e-08,1.370068e-09,1.357667e-10,1.357667e-10,8.521649e-12,8.540665e-13,7.399185e-14,9.097988e-15,1.348355e+00,8.050330e-01,7.790190e-01
4.760000e-11,0.000000e+00,0.000000e+00,0.000000e+00,-1.879546e-07,1.116964e-07,1.739551e-08,1.381684e-09,1.345833e-10,1.345833e-10,8.385529e-12,8.710600e-13,7.168885e-14,9.072776e-15,1.348365e+00,8.050344e-01,7.790191e-01
4.765000e-11,0.000000e+00,0.000000e+00,0.000000e+00,-1.869423e-07,1.120827e-07,1.709380e-08,1.394855e-09,1.331117e-10,1.331117e-10,8.279800e-12,8.865572e-13,6.929597e-14,9.093055e-15,1.348376e+00,8.050359e-01,7.790192e-01
4.770000e-11,0.000000e+00,0.000000e+00,0.000000e+00,-1.859264e-07,1.125980e-07,1.680118e-08,1.409178e-09,1.313727e-10,1.313727e-10,8.205488e-12,9.001834e-13,6.685596e-14,9.158276e-15,1.348386e+00,8.050373e-01,7.790193e-01
4.775000e-11,0.000000e+00,0.000000e+00,0.000000e+00,-1.849104e-07,1.132210e-07,1.652191e-08,1.424230e-09,1.293926e-10,1.293926e-10,8.162955e-12,9.115981e-13,6.441485e-14,9.263505e-15,1.348397e+00,8.050387e-01,7.790194e-01
4.780000e-11,0.000000e+00,0.000000e+00,0.000000e+00,-1.838981e-07,1.139279e-07,1.625999e-08,1.439576e-09,1.272020e-10,1.272020e-10,8.151938e-12,9.205097e-13,6.201594e-14,9.408744e-15,1.348407e+00,8.050401e-01,7.790194e-01
4.785000e-11,0.000000e+00,0.000000e+00,0.000000e+00,-1.828929e-07,1.146937e-07,1.601910e-08,1.454777e-09,1.248359e-10,1.248359e-10,8.171537e-12,9.266849e-13,5.970801e-14,9.586319e-15,1.348418e+00,8.050414e-01,7.790195e-01
4.790000e-11,0.000000e+00,0.000000e+00,0.000000e+00,-1.818986e-07,1.154923e-07,1.580246e-08,1.469400e-09,1.223325e-10,1.223325e-10,8.220225e-12,9.299464e-13,5.752175e-14,9.790202e-15,1.348429e+00,8.050427e-01,7.790196e-01
4.795000e-11,0.000000e+00,0.000000e+00,0.000000e+00,-1.809185e-07,1.162968e-07,1.561282e-08,1.483027e-09,1.197327e-10,1.197327e-10,8.295922e-12,9.301750e-13,5.550430e-14,1.001820e-14,1.348440e+00,8.050440e-01,7.790197e-01
4.800000e-11,0.000000e+00,0.000000e+00,0.000000e+00,-1.799558e-07,1.170805e-07,1.545239e-08,1.495260e-09,1.170788e-10,1.170788e-10,8.396004e-12,9.273245e-13,5.369183e-14,1.026428e-14,1.348451e+00,8.050453e-01,7.790198e-01
4.805000e-11,0.000000e+00,0.000000e+00,0.000000e+00,-1.790135e-07,1.178173e-07,1.532281e-08,1.505734e-09,1.144143e-10,1.144143e-10,8.517386e-12,9.214014e-13,5.210078e-14,1.052023e-14,1.348463e+00,8.050466e-01,7.790198e-01
4.810000e-11,0.000000e+00,0.000000e+00,0.000000e+00,-1.780941e-07,1.184820e-07,1.522507e-08,1.514120e-09,1.117825e-10,1.117825e-10,8.656566e-12,9.124805e-13,5.077170e-14,1.078112e-14,1.348474e+00,8.050478e-01,7.790199e-01
4.815000e-11,0.000000e+00,0.000000e+00,0.000000e+00,-1.771998e-07,1.190512e-07,1.515956e-08,1.520133e-09,1.092259e-10,1.092259e-10,8.809727e-12,9.007013e-13,4.971393e-14,1.103597e-14,1.348486e+00,8.050490e-01,7.790200e-01
4.820000e-11,0.000000e+00,0.000000e+00,0.000000e+00,-1.763325e-07,1.195032e-07,1.512601e-08,1.523538e-09,1.067851e-10,1.067851e-10,8.972792e-12,8.862558e-13,4.895101e-14,1.128589e-14,1.348497e+00,8.050501e-01,7.790201e-01
4.825000e-11,0.000000e+00,0.000000e+00,0.000000e+00,-1.754933e-07,1.198192e-07,1.512352e-08,1.524153e-09,1.044983e-10,1.044983e-10,9.141510e-12,8.693911e-13,4.847693e-14,1.152101e-14,1.348509e+00,8.050512e-01,7.790202e-01
4.830000e-11,0.000000e+00,0.000000e+00,0.000000e+00,-1.746831e-07,1.199830e-07,1.515057e-08,1.521853e-09,1.024004e-10,1.024004e-10,9.311571e-12,8.504037e-13,4.830922e-14,1.173312e-14,1.348521e+00,8.050523e-01,7.790203e-01
4.835000e-11,0.000000e+00,0.000000e+00,0.000000e+00,-1.739022e-07,1.199816e-07,1.520505e-08,1.516573e-09,1.005222e-10,1.005222e-10,9.478658e-12,8.296285e-13,4.842760e-14,1.192165e-14,1.348533e+00,8.050534e-01,7.790204e-01
4.840000e-11,0.000000e+00,0.000000e+00,0.000000e+00,-1.731503e-07,1.198054e-07,1.528432e-08,1.508310e-09,9.889007e-11,9.889007e-11,9.638558e-12,8.074349e-13,4.883537e-14,1.207730e-14,1.348545e+00,8.050544e-01,7.790205e-01
4.845000e-11,0.000000e+00,0.000000e+00,0.000000e+00,-1.724265e-07,1.194486e-07,1.538525e-08,1.497119e-09,9.752519e-11,9.752519e-11,9.787240e-12,7.842252e-13,4.950182e-14,1.219898e-14,1.348557e+00,8.050554e-01,7.790206e-01
4.850000e-11,0.000000e+00,0.000000e+00,0.000000e+00,-1.717298e-07,1.189090e-07,1.550428e-08,1.483115e-09,9.644335e-11,9.644335e-11,9.920925e-12,7.604104e-13,5.042039e-14,1.228119e-14,1.348569e+00,8.050564e-01,7.790207e-01
4.855000e-11,0.000000e+00,0.000000e+00,0.000000e+00,-1.710583e-07,1.181883e-07,1.563750e-08,1.466469e-09,9.565457e-11,9.565457e-11,1.003619e-11,7.364196e-13,5.155545e-14,1.232503e-14,1.348581e+00,8.050574e-01,7.790208e-01
4.860000e-11,0.000000e+00,0.000000e+00,0.000000e+00,-1.704098e-07,1.172916e-07,1.578072e-08,1.447407e-09,9.516292e-11,9.516292e-11,1.012999e-11,7.126668e-13,5.287465e-14,1.232613e-14,1.348593e+00,8.050584e-01,7.790209e-01
4.865000e-11,0.000000e+00,0.000000e+00,0.000000e+00,-1.697818e-07,1.162280e-07,1.592956e-08,1.426199e-09,9.496657e-11,9.496657e-11,1.019975e-11,6.895836e-13,5.434897e-14,1.228502e-14,1.348605e+00,8.050593e-01,7.790210e-01
4.870000e-11,0.000000e+00,0.000000e+00,0.000000e+00,-1.691714e-07,1.150098e-07,1.607956e-08,1.403162e-09,9.505774e-11,9.505774e-11,1.024343e-11,6.675599e-13,5.593728e-14,1.220226e-14,1.348616e+00,8.050602e-01,7.790211e-01
4.875000e-11,0.000000e+00,0.000000e+00,0.000000e+00,-1.685752e-07,1.136527e-07,1.622624e-08,1.378647e-09,9.542298e-11,9.542298e-11,1.025950e-11,6.469793e-13,5.760780e-14,1.207730e-14,1.348628e+00,8.050612e-01,7.790212e-01
4.880000e-11,0.000000e+00,0.000000e+00,0.000000e+00,-1.679900e-07,1.121749e-07,1.636518e-08,1.353032e-09,9.604344e-11,9.604344e-11,1.024703e-11,6.281788e-13,5.930901e-14,1.191398e-14,1.348639e+00,8.050621e-01,7.790213e-01
4.885000e-11,0.000000e+00,0.000000e+00,0.000000e+00,-1.674120e-07,1.105973e-07,1.649215e-08,1.326719e-09,9.689530e-11,9.689530e-11,1.020568e-11,6.114648e-13,6.100310e-14,1.171393e-14,1.348650e+00,8.050631e-01,7.790214e-01
4.890000e-11,0.000000e+00,0.000000e+00,0.000000e+00,-1.668377e-07,1.089428e-07,1.660318e-08,1.300123e-09,9.795025e-11,9.795025e-11,1.013567e-11,5.970976e-13,6.265335e-14,1.148045e-14,1.348661e+00,8.050640e-01,7.790215e-01
4.895000e-11,0.000000e+00,0.000000e+00,0.000000e+00,-1.662634e-07,1.072358e-07,1.669461e-08,1.273660e-09,9.917608e-11,9.917608e-11,1.003784e-11,5.852922e-13,6.421974e-14,1.121574e-14,1.348672e+00,8.050650e-01,7.790216e-01
4.900000e-11,0.000000e+00,0.000000e+00,0.000000e+00,-1.656855e-07,1.055017e-07,1.676322e-08,1.247747e-09,1.005374e-10,1.005374e-10,9.913598e-12,5.761931e-13,6.566171e-14,1.092964e-14,1.348682e+00,8.050660e-01,7.790217e-01
4.905000e-11,0.000000e+00,0.000000e+00,0.000000e+00,-1.651005e-07,1.037668e-07,1.680623e-08,1.222786e-09,1.019964e-10,1.019964e-10,9.764831e-12,5.699177e-13,6.694913e-14,1.062327e-14,1.348692e+00,8.050669e-01,7.790218e-01
4.910000e-11,0.000000e+00,0.000000e+00,0.000000e+00,-1.645052e-07,1.020568e-07,1.682142e-08,1.199159e-09,1.035134e-10,1.035134e-10,9.593965e-12,5.664900e-13,6.804527e-14,1.030594e-14,1.348702e+00,8.050679e-01,7.790219e-01
4.915000e-11,0.000000e+00,0.000000e+00,0.000000e+00,-1.638967e-07,1.003974e-07,1.680712e-08,1.177221e-09,1.050479e-10,1.050479e-10,9.403834e-12,5.659047e-13,6.892986e-14,9.979287e-15,1.348712e+00,8.050690e-01,7.790220e-01
4.920000e-11,0.000000e+00,0.000000e+00,0.000000e+00,-1.632723e-07,9.881289e-08,1.676226e-08,1.157293e-09,1.065595e-10,1.065595e-10,9.197656e-12,5.680860e-13,6.957823e-14,9.652088e-15,1.348721e+00,8.050700e-01,7.790221e-01
4.925000e-11,0.000000e+00,0.000000e+00,0.000000e+00,-1.626298e-07,9.732621e-08,1.668643e-08,1.139653e-09,1.080082e-10,1.080082e-10,8.978949e-12,5.728970e-13,6.997558e-14,9.330918e-15,1.348730e+00,8.050711e-01,7.790222e-01
4.930000e-11,0.000000e+00,0.000000e+00,0.000000e+00,-1.619674e-07,9.595817e-08,1.657983e-08,1.124534e-09,1.093558e-10,1.093558e-10,8.751474e-12,5.801688e-13,7.010493e-14,9.015777e-15,1.348739e+00,8.050722e-01,7.790223e-01
4.935000e-11,0.000000e+00,0.000000e+00,0.000000e+00,-1.612838e-07,9.472716e-08,1.644329e-08,1.112117e-09,1.105663e-10,1.105663e-10,8.519135e-12,5.896576e-13,6.996736e-14,8.720366e-15,1.348748e+00,8.050733e-01,7.790224e-01
4.940000e-11,0.000000e+00,0.000000e+00,0.000000e+00,-1.605783e-07,9.364874e-08,1.627826e-08,1.102529e-09,1.116066e-10,1.116066e-10,8.285918e-12,6.010942e-13,6.955576e-14,8.442494e-15,1.348757e+00,8.050744e-01,7.790225e-01
4.945000e-11,0.000000e+00,0.000000e+00,0.000000e+00,-1.598504e-07,9.273533e-08,1.608676e-08,1.095840e-09,1.124476e-10,1.124476e-10,8.055800e-12,6.141646e-13,6.887834e-14,8.190929e-15,1.348765e+00,8.050756e-01,7.790226e-01
4.950000e-11,0.000000e+00,0.000000e+00,0.000000e+00,-1.591005e-07,9.199596e-08,1.587138e-08,1.092061e-09,1.130639e-10,1.130639e-10,7.832678e-12,6.285306e-13,6.794662e-14,7.969508e-15,1.348773e+00,8.050767e-01,7.790227e-01
4.955000e-11,0.000000e+00,0.000000e+00,0.000000e+00,-1.583293e-07,9.143608e-08,1.563516e-08,1.091146e-09,1.134353e-10,1.134353e-10,7.620271e-12,6.438240e-13,6.678033e-14,7.783164e-15,1.348782e+00,8.050779e-01,7.790228e-01
4.960000e-11,0.000000e+00,0.000000e+00,0.000000e+00,-1.575380e-07,9.105746e-08,1.538159e-08,1.092991e-09,1.135464e-10,1.135464e-10,7.422074e-12,6.596584e-13,6.538932e-14,7.631348e-15,1.348790e+00,8.050791e-01,7.790229e-01
4.965000e-11,0.000000e+00,0.000000e+00,0.000000e+00,-1.567285e-07,9.085816e-08,1.511451e-08,1.097439e-09,1.133873e-10,1.133873e-10,7.241258e-12,6.756505e-13,6.381033e-14,7.518445e-15,1.348798e+00,8.050803e-01,7.790229e-01
4.970000e-11,0.000000e+00,0.000000e+00,0.000000e+00,-1.559027e-07,9.083258e-08,1.483804e-08,1.104278e-09,1.129536e-10,1.129536e-10,7.080635e-12,6.914032e-13,6.206253e-14,7.445004e-15,1.348806e+00,8.050815e-01,7.790230e-01
4.975000e-11,0.000000e+00,0.000000e+00,0.000000e+00,-1.550634e-07,9.097155e-08,1.455648e-08,1.113253e-09,1.122464e-10,1.122464e-10,6.942586e-12,7.065437e-13,6.018648e-14,7.408831e-15,1.348814e+00,8.050827e-01,7.790231e-01
4.980000e-11,0.000000e+00,0.000000e+00,0.000000e+00,-1.542134e-07,9.126256e-08,1.427423e-08,1.124065e-09,1.112726e-10,1.112726e-10,6.829026e-12,7.206949e-13,5.821287e-14,7.413216e-15,1.348822e+00,8.050839e-01,7.790232e-01
4.985000e-11,0.000000e+00,0.000000e+00,0.000000e+00,-1.533558e-07,9.169003e-08,1.399573e-08,1.136378e-09,1.100443e-10,1.100443e-10,6.741362e-12,7.335247e-13,5.617624e-14,7.455965e-15,1.348831e+00,8.050850e-01,7.790232e-01
4.990000e-11,0.000000e+00,0.000000e+00,0.000000e+00,-1.524942e-07,9.223557e-08,1.372531e-08,1.149832e-09,1.085787e-10,1.085787e-10,6.680462e-12,7.447076e-13,5.412042e-14,7.533791e-15,1.348839e+00,8.050862e-01,7.790233e-01
4.995000e-11,0.000000e+00,0.000000e+00,0.000000e+00,-1.516321e-07,9.287845e-08,1.346718e-08,1.164040e-09,1.068979e-10,1.068979e-10,6.646666e-12,7.539765e-13,5.207228e-14,7.643954e-15,1.348848e+00,8.050874e-01,7.790234e-01
5.000000e-11,0.000000e+00,0.000000e+00,0.000000e+00,-1.507731e-07,9.359597e-08,1.322525e-08,1.178605e-09,1.050281e-10,1.050281e-10,6.639743e-12,7.610916e-13,5.007949e-14,7.787001e-15,1.348856e+00,8.050885e-01,7.790234e-01
5.005000e-11,-5.000000e-06,-5.000000e-06,0.000000e+00,-1.569312e-06,-6.471581e-05,1.218536e-08,1.192752e-09,1.029991e-10,1.029991e-10,6.658943e-12,7.658626e-13,4.817165e-14,7.952518e-15,1.348793e+00,8.050897e-01,7.790235e-01
5.010000e-11,-1.000000e-05,-1.000000e-05,0.000000e+00,-2.728955e-06,-3.373008e-05,8.188202e-09,1.204949e-09,1.008435e-10,1.008435e-10,6.702980e-12,7.681568e-13,4.638549e-14,8.141055e-15,1.348556e+00,8.050908e-01,7.790236e-01
5.015000e-11,-1.500000e-05,-1.500000e-05,0.000000e+00,-3.568082e-06,-2.592485e-05,-2.220273e-09,1.212592e-09,9.859534e-11,9.859534e-11,6.770083e-12,7.678713e-13,4.475333e-14,8.345485e-15,1.348053e+00,8.050919e-01,7.790236e-01
5.020000e-11,-2.000000e-05,-2.000000e-05,0.000000e+00,-4.076757e-06,-1.903041e-05,-2.331539e-08,1.211677e-09,9.628930e-11,9.628930e-11,6.858016e-12,7.649862e-13,4.329491e-14,8.560330e-15,1.347224e+00,8.050929e-01,7.790237e-01
5.025000e-11,-2.500000e-05,-2.500000e-05,0.000000e+00,-4.294912e-06,-1.417438e-05,-5.954148e-08,1.196421e-09,9.395887e-11,9.395887e-11,6.964159e-12,7.595143e-13,4.204476e-14,8.781750e-15,1.346045e+00,8.050938e-01,7.790238e-01
5.030000e-11,-3.000000e-05,-3.000000e-05,0.000000e+00,-4.301306e-06,-1.208097e-05,-1.148831e-07,1.158790e-09,9.163459e-11,9.163459e-11,7.085509e-12,7.515212e-13,4.101055e-14,9.004267e-15,1.344525e+00,8.050945e-01,7.790238e-01
5.035000e-11,-3.500000e-05,-3.500000e-05,0.000000e+00,-4.196333e-06,-1.296624e-05,-1.923916e-07,1.087958e-09,8.934165e-11,8.934165e-11,7.218795e-12,7.411440e-13,4.022078e-14,9.221304e-15,1.342699e+00,8.050950e-01,7.790239e-01
5.040000e-11,-4.000000e-05,-4.000000e-05,0.000000e+00,-4.082735e-06,-1.654545e-05,-2.939303e-07,9.696917e-10,8.709705e-11,8.709705e-11,7.360514e-12,7.285411e-13,3.967051e-14,9.425734e-15,1.340613e+00,8.050949e-01,7.790240e-01
5.045000e-11,-4.500000e-05,-4.500000e-05,0.000000e+00,-4.048053e-06,-2.213197e-05,-4.201454e-07,7.857185e-10,8.490600e-11,8.490600e-11,7.506986e-12,7.139366e-13,3.937784e-14,9.617560e-15,1.338315e+00,8.050941e-01,7.790240e-01
5.050000e-11,-5.000000e-05,-5.000000e-05,0.000000e+00,-4.151787e-06,-2.879665e-05,-5.706248e-07,5.130804e-10,8.275762e-11,8.275762e-11,7.654479e-12,6.975805e-13,3.933619e-14,9.786914e-15,1.335844e+00,8.050920e-01,7.790241e-01
5.055000e-11,-5.500000e-05,-5.500000e-05,0.000000e+00,-4.418965e-06,-3.555065e-05,-7.441822e-07,1.235225e-10,8.061965e-11,8.061965e-11,7.799190e-12,6.797644e-13,3.953459e-14,9.932153e-15,1.333224e+00,8.050882e-01,7.790242e-01
5.060000e-11,-6.000000e-05,-6.000000e-05,0.000000e+00,-4.840425e-06,-4.151591e-05,-9.391886e-07,-4.170628e-10,7.843210e-11,7.843210e-11,7.937381e-12,6.608055e-13,3.996976e-14,1.005054e-14,1.330465e+00,8.050821e-01,7.790243e-01
5.065000e-11,-6.500000e-05,-6.500000e-05,0.000000e+00,-5.378923e-06,-4.605460e-05,-1.153882e-06,-1.149104e-09,7.609967e-11,7.609967e-11,8.065395e-12,6.410420e-13,4.062745e-14,1.013768e-14,1.327559e+00,8.050727e-01,7.790243e-01
5.070000e-11,-7.000000e-05,-7.000000e-05,0.000000e+00,-5.979225e-06,-4.884021e-05,-1.386596e-06,-2.119701e-09,7.348276e-11,7.348276e-11,8.179714e-12,6.208291e-13,4.148025e-14,1.019194e-14,1.324492e+00,8.050594e-01,7.790244e-01
5.075000e-11,-7.500000e-05,-7.500000e-05,0.000000e+00,-6.579918e-06,-4.986577e-05,-1.635881e-06,-3.382842e-09,7.038696e-11,7.038696e-11,8.276974e-12,6.005220e-13,4.251391e-14,1.021167e-14,1.321243e+00,8.050408e-01,7.790244e-01
5.080000e-11,-8.000000e-05,-8.000000e-05,0.000000e+00,-7.124682e-06,-4.939632e-05,-1.900500e-06,-4.999438e-09,6.655092e-11,6.655092e-11,8.354012e-12,5.804812e-13,4.369117e-14,1.019303e-14,1.317797e+00,8.050159e-01,7.790245e-01
5.085000e-11,-8.500000e-05,-8.500000e-05,0.000000e+00,-7.571153e-06,-4.788180e-05,-2.179331e-06,-7.037182e-09,6.163243e-11,6.163243e-11,8.407812e-12,5.610592e-13,4.498900e-14,1.013987e-14,1.314146e+00,8.049834e-01,7.790245e-01
5.090000e-11,-9.000000e-05,-9.000000e-05,0.000000e+00,-7.896207e-06,-4.585124e-05,-2.471192e-06,-9.570191e-09,5.519276e-11,5.519276e-11,8.435524e-12,5.425914e-13,4.637453e-14,1.005163e-14,1.310296e+00,8.049419e-01,7.790245e-01
5.095000e-11,-9.500000e-05,-9.500000e-05,0.000000e+00,-8.097266e-06,-4.380924e-05,-2.774644e-06,-1.267842e-08,4.667915e-11,4.667915e-11,8.434366e-12,5.253852e-13,4.781212e-14,9.925576e-15,1.306265e+00,8.048898e-01,7.790245e-01
5.100000e-11,-1.000000e-04,-1.000000e-04,0.000000e+00,-8.189988e-06,-4.215267e-05,-3.087811e-06,-1.644684e-08,3.540558e-11,3.540558e-11,8.401558e-12,5.097285e-13,4.926670e-14,9.771020e-15,1.302087e+00,8.048256e-01,7.790244e-01
5.105000e-11,-1.000000e-04,-1.000000e-04,0.000000e+00,-6.783864e-06,2.369097e-05,-3.407431e-06,-2.096402e-08,2.053209e-11,2.053209e-11,8.334154e-12,4.958727e-13,5.070703e-14,9.586868e-15,1.297875e+00,8.047477e-01,7.790243e-01
5.110000e-11,-1.000000e-04,-1.000000e-04,0.000000e+00,-5.592824e-06,-6.945383e-06,-3.728276e-06,-2.632040e-08,1.042732e-12,1.042732e-12,8.228913e-12,4.840195e-13,5.209749e-14,9.374764e-15,1.293781e+00,8.046545e-01,7.790240e-01
5.115000e-11,-1.000000e-04,-1.000000e-04,0.000000e+00,-4.714276e-06,-1.499033e-05,-4.043235e-06,-3.260646e-08,-2.427749e-11,-2.427749e-11,8.082031e-12,4.743373e-13,5.340190e-14,9.141833e-15,1.289945e+00,8.045444e-01,7.790237e-01
5.120000e-11,-1.000000e-04,-1.000000e-04,0.000000e+00,-4.188528e-06,-2.250306e-05,-4.343894e-06,-3.991062e-08,-5.686629e-11,-5.686629e-11,7.888891e-12,4.669307e-13,5.459450e-14,8.889721e-15,1.286476e+00,8.044157e-01,7.790233e-01
5.125000e-11,-1.000000e-04,-1.000000e-04,0.000000e+00,-3.996843e-06,-2.808756e-05,-4.621362e-06,-4.831691e-08,-9.840778e-11,-9.840778e-11,7.643697e-12,4.618615e-13,5.564516e-14,8.622262e-15,1.283438e+00,8.042670e-01,7.790227e-01
5.130000e-11,-1.000000e-04,-1.000000e-04,0.000000e+00,-4.070895e-06,-3.075233e-05,-4.867108e-06,-5.790234e-08,-1.508554e-10,-1.508554e-10,7.339095e-12,4.591376e-13,5.652920e-14,8.348226e-15,1.280853e+00,8.040970e-01,7.790219e-01
5.135000e-11,-1.000000e-04,-1.000000e-04,0.000000e+00,-4.310483e-06,-3.006516e-05,-5.073645e-06,-6.873413e-08,-2.164536e-10,-2.164536e-10,6.965663e-12,4.587008e-13,5.722525e-14,8.069805e-15,1.278709e+00,8.039043e-01,7.790209e-01
5.140000e-11,-1.000000e-04,-1.000000e-04,0.000000e+00,-4.605017e-06,-2.617970e-05,-5.234996e-06,-8.086680e-08,-2.977572e-10,-2.977572e-10,6.511374e-12,4.604316e-13,5.770974e-14,7.792481e-15,1.276973e+00,8.036881e-01,7.790197e-01
5.145000e-11,-1.000000e-04,-1.000000e-04,0.000000e+00,-4.854276e-06,-1.975061e-05,-5.346880e-06,-9.433907e-08,-3.976469e-10,-3.976469e-10,5.960962e-12,4.641519e-13,5.798268e-14,7.523378e-15,1.275601e+00,8.034477e-01,7.790181e-01
5.150000e-11,-1.000000e-04,-1.000000e-04,0.000000e+00,-4.984754e-06,-1.176898e-05,-5.406681e-06,-1.091710e-07,-5.193414e-10,-5.193414e-10,5.295188e-12,4.696239e-13,5.802269e-14,7.263044e-15,1.274552e+00,8.031827e-01,7.790161e-01
5.155000e-11,-1.000000e-04,-1.000000e-04,0.000000e+00,-4.959227e-06,-3.358714e-06,-5.413236e-06,-1.253609e-07,-6.664035e-10,-6.664035e-10,4.490036e-12,4.765351e-13,5.783470e-14,7.018056e-15,1.273797e+00,8.028931e-01,7.790137e-01
5.160000e-11,-1.000000e-04,-1.000000e-04,0.000000e+00,-4.778716e-06,4.424206e-06,-5.366531e-06,-1.428829e-07,-8.427394e-10,-8.427394e-10,3.515813e-12,4.845172e-13,5.741378e-14,6.794443e-15,1.273317e+00,8.025794e-01,7.790108e-01
5.165000e-11,-1.000000e-04,-1.000000e-04,0.000000e+00,-4.477510e-06,1.075433e-05,-5.267387e-06,-1.616844e-07,-1.052590e-09,-1.052590e-09,2.336165e-12,4.931301e-13,5.676487e-14,6.593301e-15,1.273108e+00,8.022424e-01,7.790072e-01
5.170000e-11,-1.000000e-04,-1.000000e-04,0.000000e+00,-4.113040e-06,1.513766e-05,-5.117200e-06,-1.816842e-07,-1.300514e-09,-1.300514e-09,9.069992e-13,5.018516e-13,5.590604e-14,6.420110e-15,1.273175e+00,8.018835e-01,7.790030e-01
5.175000e-11,-1.000000e-04,-1.000000e-04,0.000000e+00,-3.753066e-06,1.744165e-05,-4.917783e-06,-2.027707e-07,-1.591361e-09,-1.591361e-09,-8.246570e-13,5.100968e-13,5.484552e-14,6.275967e-15,1.273524e+00,8.015044e-01,7.789981e-01
5.180000e-11,-1.000000e-04,-1.000000e-04,0.000000e+00,-3.462773e-06,1.785906e-05,-4.671322e-06,-2.248010e-07,-1.930232e-09,-1.930232e-09,-2.921900e-12,5.171905e-13,5.359153e-14,6.162516e-15,1.274159e+00,8.011073e-01,7.789923e-01
5.185000e-11,-1.000000e-04,-1.000000e-04,0.000000e+00,-3.294022e-06,1.682146e-05,-4.380435e-06,-2.476008e-07,-2.322426e-09,-2.322426e-09,-5.459204e-12,5.223736e-13,5.218463e-14,6.081950e-15,1.275071e+00,8.006949e-01,7.789855e-01
5.190000e-11,-1.000000e-04,-1.000000e-04,0.000000e+00,-3.278307e-06,1.488493e-05,-4.048312e-06,-2.709643e-07,-2.773383e-09,-2.773383e-09,-8.523777e-12,5.247736e-13,5.063085e-14,6.037008e-15,1.276236e+00,8.002704e-01,7.789777e-01
5.195000e-11,-1.000000e-04,-1.000000e-04,0.000000e+00,-3.424104e-06,1.261217e-05,-3.678876e-06,-2.946555e-07,-3.288603e-09,-3.288603e-09,-1.221690e-11,5.234116e-13,4.896362e-14,6.024951e-15,1.277616e+00,7.998370e-01,7.789687e-01
5.200000e-11,-1.000000e-04,-1.000000e-04,0.000000e+00,-3.718428e-06,1.047233e-05,-3.276939e-06,-3.184097e-07,-3.873555e-09,-3.873555e-09,-1.665528e-11,5.171751e-13,4.721253e-14,6.044133e-15,1.279155e+00,7.993988e-01,7.789584e-01
5.205000e-11,-1.000000e-04,-1.000000e-04,0.000000e+00,-4.131696e-06,8.773854e-06,-2.848287e-06,-3.419367e-07,-4.533580e-09,-4.533580e-09,-2.197239e-11,5.047969e-13,4.539622e-14,6.097296e-15,1.280785e+00,7.989596e-01,7.789469e-01
5.210000e-11,-1.000000e-04,-1.000000e-04,0.000000e+00,-4.624565e-06,7.637137e-06,-2.399693e-06,-3.649233e-07,-5.273766e-09,-5.273766e-09,-2.831971e-11,4.848394e-13,4.354757e-14,6.178411e-15,1.282430e+00,7.985239e-01,7.789338e-01
5.215000e-11,-1.000000e-04,-1.000000e-04,0.000000e+00,-5.155261e-06,7.006103e-06,-1.938828e-06,-3.870382e-07,-6.098831e-09,-6.098831e-09,-3.586793e-11,4.556393e-13,4.169016e-14,6.287477e-15,1.284011e+00,7.980961e-01,7.789192e-01
5.220000e-11,-1.000000e-04,-1.000000e-04,0.000000e+00,-5.686039e-06,6.690706e-06,-1.474078e-06,-4.079363e-07,-7.012975e-09,-7.012975e-09,-4.480794e-11,4.153072e-13,3.984864e-14,6.420110e-15,1.285453e+00,7.976806e-01,7.789030e-01
5.225000e-11,-1.000000e-04,-1.000000e-04,0.000000e+00,-6.187811e-06,6.428110e-06,-1.014288e-06,-4.272646e-07,-8.019740e-09,-8.019740e-09,-5.535171e-11,3.616664e-13,3.803836e-14,6.571378e-15,1.286687e+00,7.972821e-01,7.788851e-01
5.230000e-11,-1.000000e-04,-1.000000e-04,0.000000e+00,-6.642409e-06,5.948707e-06,-5.684622e-07,-4.446680e-07,-9.121852e-09,-9.121852e-09,-6.773288e-11,2.922087e-13,3.628014e-14,6.741280e-15,1.287657e+00,7.969049e-01,7.788654e-01
5.235000e-11,-1.000000e-04,-1.000000e-04,0.000000e+00,-7.042498e-06,5.034286e-06,-1.454392e-07,-4.597961e-07,-1.032107e-08,-1.032107e-08,-8.220703e-11,2.040416e-13,3.457893e-14,6.919951e-15,1.288317e+00,7.965533e-01,7.788438e-01
5.240000e-11,-1.000000e-04,-1.000000e-04,0.000000e+00,-7.389533e-06,3.558890e-06,2.464163e-07,-4.723098e-07,-1.161800e-08,-1.161800e-08,-9.905172e-11,9.384739e-14,3.294294e-14,7.108488e-15,1.288638e+00,7.962314e-01,7.788205e-01
5.245000e-11,-1.000000e-04,-1.000000e-04,0.000000e+00,-7.690488e-06,1.507406e-06,5.994882e-07,-4.818885e-07,-1.301199e-08,-1.301199e-08,-1.185660e-10,-4.221028e-14,3.136175e-14,7.299217e-15,1.288599e+00,7.959426e-01,7.787953e-01
5.250000e-11,-1.000000e-04,-1.000000e-04,0.000000e+00,-7.954157e-06,-1.028387e-06,9.071344e-07,-4.882377e-07,-1.450093e-08,-1.450093e-08,-1.410694e-10,-2.085204e-13,2.982331e-14,7.487205e-15,1.288195e+00,7.956904e-01,7.787682e-01
5.255000e-11,-1.000000e-04,-1.000000e-04,0.000000e+00,-8.187807e-06,-3.872500e-06,1.163857e-06,-4.910954e-07,-1.608112e-08,-1.608112e-08,-1.669008e-10,-4.101334e-13,2.830680e-14,7.667521e-15,1.287428e+00,7.954772e-01,7.787393e-01
5.260000e-11,-1.000000e-04,-1.000000e-04,0.000000e+00,-8.394775e-06,-6.799536e-06,1.365416e-06,-4.902393e-07,-1.774714e-08,-1.774714e-08,-1.964159e-10,-6.528080e-13,2.677658e-14,7.836327e-15,1.286309e+00,7.953053e-01,7.787087e-01
5.265000e-11,-1.000000e-04,-1.000000e-04,0.000000e+00,-8.573339e-06,-9.573781e-06,1.508897e-06,-4.854934e-07,-1.949178e-08,-1.949178e-08,-2.299852e-10,-9.431166e-13,2.517073e-14,7.989239e-15,1.284856e+00,7.951761e-01,7.786764e-01
5.270000e-11,-1.000000e-04,-1.000000e-04,0.000000e+00,-8.716896e-06,-1.198516e-05,1.592745e-06,-4.767333e-07,-2.130587e-08,-2.130587e-08,-2.679902e-10,-1.288535e-12,2.344212e-14,8.121324e-15,1.283095e+00,7.950904e-01,7.786426e-01
5.275000e-11,-1.000000e-04,-1.000000e-04,0.000000e+00,-8.815266e-06,-1.387619e-05,1.616761e-06,-4.638916e-07,-2.317830e-08,-2.317830e-08,-3.108193e-10,-1.697495e-12,2.150194e-14,8.231487e-15,1.281057e+00,7.950481e-01,7.786073e-01
5.280000e-11,-1.000000e-04,-1.000000e-04,0.000000e+00,-8.856712e-06,-1.515668e-05,1.582095e-06,-4.469619e-07,-2.509593e-08,-2.509593e-08,-3.588634e-10,-2.179514e-12,1.925266e-14,8.311505e-15,1.278781e+00,7.950487e-01,7.785708e-01
5.285000e-11,-1.000000e-04,-1.000000e-04,0.000000e+00,-8.830234e-06,-1.580528e-05,1.491209e-06,-4.260020e-07,-2.704361e-08,-2.704361e-08,-4.125102e-10,-2.745261e-12,1.657094e-14,8.361928e-15,1.276310e+00,7.950907e-01,7.785333e-01
5.290000e-11,-1.000000e-04,-1.000000e-04,0.000000e+00,-8.727675e-06,-1.585983e-05,1.347838e-06,-4.011356e-07,-2.900421e-08,-2.900421e-08,-4.721375e-10,-3.406633e-12,1.331923e-14,8.380014e-15,1.273697e+00,7.951718e-01,7.784950e-01
5.295000e-11,-1.000000e-04,-1.000000e-04,0.000000e+00,-8.545275e-06,-1.539978e-05,1.156928e-06,-3.725533e-07,-3.095872e-08,-3.095872e-08,-5.381066e-10,-4.176864e-12,9.329274e-15,8.363572e-15,1.270999e+00,7.952891e-01,7.784561e-01
5.300000e-11,-1.000000e-04,-1.000000e-04,0.000000e+00,-8.284461e-06,-1.452512e-05,9.245611e-07,-3.405114e-07,-3.288635e-08,-3.288635e-08,-6.107541e-10,-5.070553e-12,4.407591e-15,8.309313e-15,1.268279e+00,7.954393e-01,7.784169e-01
5.305000e-11,-1.000000e-04,-1.000000e-04,0.000000e+00,-7.951816e-06,-1.333603e-05,6.578418e-07,-3.053305e-07,-3.476467e-08,-3.476467e-08,-6.903837e-10,-6.103759e-12,-1.673811e-15,8.218881e-15,1.265605e+00,7.956180e-01,7.783778e-01
5.310000e-11,-1.000000e-04,-1.000000e-04,0.000000e+00,-7.558319e-06,-1.191676e-05,3.647658e-07,-2.673913e-07,-3.656988e-08,-3.656988e-08,-7.772568e-10,-7.294016e-12,-9.165949e-15,8.088440e-15,1.263044e+00,7.958206e-01,7.783390e-01
5.315000e-11,-1.000000e-04,-1.000000e-04,0.000000e+00,-7.118066e-06,-1.032595e-05,5.404834e-08,-2.271303e-07,-3.827698e-08,-3.827698e-08,-8.715829e-10,-8.660398e-12,-1.837684e-14,7.917442e-15,1.260666e+00,7.960421e-01,7.783008e-01
5.320000e-11,-1.000000e-04,-1.000000e-04,0.000000e+00,-6.646731e-06,-8.594064e-06,-2.650759e-07,-1.850335e-07,-3.986013e-08,-3.986013e-08,-9.735097e-10,-1.022348e-11,-2.962327e-14,7.707530e-15,1.258536e+00,7.962770e-01,7.782637e-01
5.325000e-11,-1.000000e-04,-1.000000e-04,0.000000e+00,-6.160045e-06,-6.727278e-06,-5.830808e-07,-1.416290e-07,-4.129293e-08,-4.129293e-08,-1.083112e-09,-1.200537e-11,-4.330752e-14,7.454869e-15,1.256716e+00,7.965197e-01,7.782280e-01
5.330000e-11,-1.000000e-04,-1.000000e-04,0.000000e+00,-5.672511e-06,-4.715994e-06,-8.903956e-07,-9.747818e-08,-4.254884e-08,-4.254884e-08,-1.200384e-09,-1.402964e-11,-5.984558e-14,7.163295e-15,1.255259e+00,7.967645e-01,7.781939e-01
5.335000e-11,-1.000000e-04,-1.000000e-04,0.000000e+00,-5.196518e-06,-2.545748e-06,-1.177661e-06,-5.316664e-08,-4.360151e-08,-4.360151e-08,-1.325223e-09,-1.632123e-11,-7.972030e-14,6.828971e-15,1.254210e+00,7.970057e-01,7.781619e-01
5.340000e-11,-1.000000e-04,-1.000000e-04,0.000000e+00,-4.741918e-06,-2.080363e-07,-1.435986e-06,-9.293623e-09,-4.442529e-08,-4.442529e-08,-1.457426e-09,-1.890640e-11,-1.034792e-13,6.448610e-15,1.253604e+00,7.972378e-01,7.781323e-01
5.345000e-11,-1.000000e-04,-1.000000e-04,0.000000e+00,-4.316027e-06,2.290965e-06,-1.657186e-06,3.353883e-08,-4.499561e-08,-4.499561e-08,-1.596675e-09,-2.181249e-11,-1.317224e-13,6.025499e-15,1.253465e+00,7.974554e-01,7.781055e-01
5.350000e-11,-1.000000e-04,-1.000000e-04,0.000000e+00,-3.923985e-06,4.925143e-06,-1.834011e-06,7.473714e-08,-4.528948e-08,-4.528948e-08,-1.742530e-09,-2.506784e-11,-1.651290e-13,5.551965e-15,1.253805e+00,7.976536e-01,7.780816e-01
5.355000e-11,-1.000000e-04,-1.000000e-04,0.000000e+00,-3.569311e-06,7.647224e-06,-1.960328e-06,1.137277e-07,-4.528592e-08,-4.528592e-08,-1.894422e-09,-2.870145e-11,-2.044389e-13,5.025816e-15,1.254628e+00,7.978282e-01,7.780610e-01
5.360000e-11,-1.000000e-04,-1.000000e-04,0.000000e+00,-3.254536e-06,1.039134e-05,-2.031278e-06,1.499680e-07,-4.496647e-08,-4.496647e-08,-2.051643e-09,-3.274278e-11,-2.504846e-13,4.441572e-15,1.255922e+00,7.979753e-01,7.780440e-01
5.365000e-11,-1.000000e-04,-1.000000e-04,0.000000e+00,-2.981762e-06,1.307850e-05,-2.043391e-06,1.829579e-07,-4.431560e-08,-4.431560e-08,-2.213342e-09,-3.722136e-11,-3.041742e-13,3.788819e-15,1.257671e+00,7.980918e-01,7.780306e-01
5.370000e-11,-1.000000e-04,-1.000000e-04,0.000000e+00,-2.753068e-06,1.562378e-05,-1.994660e-06,2.122497e-07,-4.332116e-08,-4.332116e-08,-2.378521e-09,-4.216643e-11,-3.665119e-13,3.061528e-15,1.259846e+00,7.981755e-01,7.780212e-01
5.375000e-11,-1.000000e-04,-1.000000e-04,0.000000e+00,-2.570704e-06,1.794377e-05,-1.884571e-06,2.374580e-07,-4.197478e-08,-4.197478e-08,-2.546034e-09,-4.760650e-11,-4.385910e-13,2.245449e-15,1.262410e+00,7.982248e-01,7.780157e-01
5.380000e-11,-1.000000e-04,-1.000000e-04,0.000000e+00,-2.437082e-06,1.996325e-05,-1.714106e-06,2.582678e-07,-4.027220e-08,-4.027220e-08,-2.714586e-09,-5.356888e-11,-5.216063e-13,1.325785e-15,1.265320e+00,7.982391e-01,7.780143e-01
5.385000e-11,-1.000000e-04,-1.000000e-04,0.000000e+00,-2.354587e-06,2.162007e-05,-1.485697e-06,2.744417e-07,-3.821360e-08,-3.821360e-08,-2.882734e-09,-6.007911e-11,-6.168545e-13,2.828049e-16,1.268526e+00,7.982188e-01,7.780170e-01
5.390000e-11,-1.000000e-04,-1.000000e-04,0.000000e+00,-2.325294e-06,2.286796e-05,-1.203162e-06,2.858260e-07,-3.580384e-08,-3.580384e-08,-3.048897e-09,-6.716037e-11,-7.257394e-13,-9.054142e-16,1.271973e+00,7.981650e-01,7.780237e-01
5.395000e-11,-1.000000e-04,-1.000000e-04,0.000000e+00,-2.350631e-06,2.367709e-05,-8.716036e-07,2.923542e-07,-3.305263e-08,-3.305263e-08,-3.211357e-09,-7.483291e-11,-8.497685e-13,-2.262987e-15,1.275601e+00,7.980797e-01,7.780344e-01
5.400000e-11,-1.000000e-04,-1.000000e-04,0.000000e+00,-2.431087e-06,2.403303e-05,-4.972886e-07,2.940498e-07,-2.997466e-08,-2.997466e-08,-3.368274e-09,-8.311328e-11,-9.905648e-13,-3.826636e-15,1.279348e+00,7.979658e-01,7.780488e-01
5.405000e-11,-1.000000e-04,-1.000000e-04,0.000000e+00,-2.565992e-06,2.393442e-05,-8.750309e-08,2.910265e-07,-2.658959e-08,-2.658959e-08,-3.517702e-09,-9.201370e-11,-1.149852e-12,-5.627599e-15,1.283148e+00,7.978269e-01,7.780668e-01
5.410000e-11,-1.000000e-04,-1.000000e-04,0.000000e+00,-2.753411e-06,2.339020e-05,3.496092e-07,2.834869e-07,-2.292202e-08,-2.292202e-08,-3.657597e-09,-1.015413e-10,-1.329459e-12,-7.710271e-15,1.286935e+00,7.976672e-01,7.780882e-01
5.415000e-11,-1.000000e-04,-1.000000e-04,0.000000e+00,-2.990146e-06,2.241699e-05,8.052235e-07,2.717193e-07,-1.900131e-08,-1.900131e-08,-3.785845e-09,-1.116972e-10,-1.531326e-12,-1.012398e-14,1.290643e+00,7.974918e-01,7.781126e-01
5.420000e-11,-1.000000e-04,-1.000000e-04,0.000000e+00,-3.271840e-06,2.103706e-05,1.270023e-06,2.560924e-07,-1.486139e-08,-1.486139e-08,-3.900280e-09,-1.224762e-10,-1.757473e-12,-1.292353e-14,1.294207e+00,7.973059e-01,7.781396e-01
5.425000e-11,-1.000000e-04,-1.000000e-04,0.000000e+00,-3.593144e-06,1.927707e-05,1.734395e-06,2.370488e-07,-1.054038e-08,-1.054038e-08,-3.998708e-09,-1.338653e-10,-2.010014e-12,-1.617250e-14,1.297564e+00,7.971154e-01,7.781690e-01
5.430000e-11,-1.000000e-04,-1.000000e-04,0.000000e+00,-3.947923e-06,1.716765e-05,2.188631e-06,2.150959e-07,-6.080199e-09,-6.080199e-09,-4.078939e-09,-1.458437e-10,-2.291131e-12,-1.994104e-14,1.300656e+00,7.969261e-01,7.782002e-01
5.435000e-11,-1.000000e-04,-1.000000e-04,0.000000e+00,-4.329459e-06,1.474358e-05,2.623133e-06,1.907964e-07,-1.526076e-09,-1.526076e-09,-4.138811e-09,-1.583815e-10,-2.603081e-12,-2.431026e-14,1.303429e+00,7.967441e-01,7.782328e-01
5.440000e-11,-1.000000e-04,-1.000000e-04,0.000000e+00,-4.730636e-06,1.204428e-05,3.028602e-06,1.647569e-07,3.074049e-09,3.074049e-09,-4.176228e-09,-1.714393e-10,-2.948143e-12,-2.936787e-14,1.305834e+00,7.965754e-01,7.782664e-01
5.445000e-11,-1.000000e-04,-1.000000e-04,0.000000e+00,-5.144101e-06,9.114220e-06,3.396239e-06,1.376154e-07,7.670164e-09,7.670164e-09,-4.189187e-09,-1.849675e-10,-3.328630e-12,-3.521360e-14,1.307830e+00,7.964258e-01,7.783004e-01
5.450000e-11,-1.000000e-04,-1.000000e-04,0.000000e+00,-5.562380e-06,6.003038e-06,3.717914e-06,1.100284e-07,1.221089e-08,1.221089e-08,-4.175816e-09,-1.989055e-10,-3.746848e-12,-4.195871e-14,1.309382e+00,7.963008e-01,7.783345e-01
5.455000e-11,-1.000000e-04,-1.000000e-04,0.000000e+00,-5.977986e-06,2.765096e-06,3.986337e-06,8.265686e-08,1.664425e-08,1.664425e-08,-4.134411e-09,-2.131819e-10,-4.205070e-12,-4.972270e-14,1.310464e+00,7.962054e-01,7.783680e-01
5.460000e-11,-1.000000e-04,-1.000000e-04,0.000000e+00,-6.383513e-06,-5.415559e-07,4.195201e-06,5.615265e-08,2.091845e-08,2.091845e-08,-4.063465e-09,-2.277134e-10,-4.705511e-12,-5.863927e-14,1.311057e+00,7.961441e-01,7.784006e-01
5.465000e-11,-1.000000e-04,-1.000000e-04,0.000000e+00,-6.771738e-06,-3.856751e-06,4.339307e-06,3.114440e-08,2.498273e-08,2.498273e-08,-3.961709e-09,-2.424048e-10,-5.250277e-12,-6.885313e-14,1.311153e+00,7.961205e-01,7.784318e-01
5.470000e-11,-1.000000e-04,-1.000000e-04,0.000000e+00,-7.135748e-06,-7.120142e-06,4.414670e-06,8.224124e-09,2.878818e-08,2.878818e-08,-3.828141e-09,-2.571494e-10,-5.841348e-12,-8.052158e-14,1.310751e+00,7.961377e-01,7.784611e-01
5.475000e-11,-1.000000e-04,-1.000000e-04,0.000000e+00,-7.469084e-06,-1.027327e-05,4.418597e-06,-1.206574e-08,3.228854e-08,3.228854e-08,-3.662061e-09,-2.718282e-10,-6.480523e-12,-9.381670e-14,1.309858e+00,7.961978e-01,7.784883e-01
5.480000e-11,-1.000000e-04,-1.000000e-04,0.000000e+00,-7.765909e-06,-1.326157e-05,4.349742e-06,-2.924424e-08,3.544105e-08,3.544105e-08,-3.463098e-09,-2.863108e-10,-7.169356e-12,-1.089215e-13,1.308494e+00,7.963018e-01,7.785130e-01
5.485000e-11,-1.000000e-04,-1.000000e-04,0.000000e+00,-8.021195e-06,-1.603602e-05,4.208134e-06,-4.290262e-08,3.820722e-08,3.820722e-08,-3.231238e-09,-3.004557e-10,-7.909145e-12,-1.260367e-13,1.306682e+00,7.964500e-01,7.785348e-01
5.490000e-11,-1.000000e-04,-1.000000e-04,0.000000e+00,-8.230899e-06,-1.855438e-05,3.995180e-06,-5.271370e-08,4.055349e-08,4.055349e-08,-2.966846e-09,-3.141106e-10,-8.700854e-12,-1.453732e-13,1.304456e+00,7.966416e-01,7.785536e-01
5.495000e-11,-1.000000e-04,-1.000000e-04,0.000000e+00,-8.392119e-06,-2.078198e-05,3.713643e-06,-5.843944e-08,4.245195e-08,4.245195e-08,-2.670684e-09,-3.271138e-10,-9.545047e-12,-1.671591e-13,1.301857e+00,7.968748e-01,7.785693e-01
5.500000e-11,-1.000000e-04,-1.000000e-04,0.000000e+00,-8.503222e-06,-2.269189e-05,3.367586e-06,-5.993681e-08,4.388084e-08,4.388084e-08,-2.343926e-09,-3.392946e-10,-1.044187e-11,-1.916338e-13,1.298932e+00,7.971469e-01,7.785816e-01
5.505000e-11,-1.000000e-04,-1.000000e-04,0.000000e+00,-8.563909e-06,-2.426478e-05,2.962304e-06,-5.716160e-08,4.482508e-08,4.482508e-08,-1.988163e-09,-3.504752e-10,-1.139094e-11,-2.190505e-13,1.295733e+00,7.974543e-01,7.785906e-01
5.510000e-11,-1.000000e-04,-1.000000e-04,0.000000e+00,-8.575226e-06,-2.548834e-05,2.504221e-06,-5.017017e-08,4.527659e-08,4.527659e-08,-1.605409e-09,-3.604719e-10,-1.239133e-11,-2.496740e-13,1.292317e+00,7.977923e-01,7.785963e-01
5.515000e-11,-1.000000e-04,-1.000000e-04,0.000000e+00,-8.539510e-06,-2.635662e-05,2.000764e-06,-3.911908e-08,4.523454e-08,4.523454e-08,-1.198094e-09,-3.690966e-10,-1.344150e-11,-2.837843e-13,1.288745e+00,7.981557e-01,7.785988e-01
5.520000e-11,-1.000000e-04,-1.000000e-04,0.000000e+00,-8.460268e-06,-2.686915e-05,1.460224e-06,-2.426262e-08,4.470552e-08,4.470552e-08,-7.690575e-10,-3.761592e-10,-1.453921e-11,-3.216709e-13,1.285079e+00,7.985385e-01,7.785983e-01
5.525000e-11,-1.000000e-04,-1.000000e-04,0.000000e+00,-8.342006e-06,-2.703020e-05,8.915916e-07,-5.948128e-09,4.370347e-08,4.370347e-08,-3.215251e-10,-3.814693e-10,-1.568150e-11,-3.636329e-13,1.281381e+00,7.989342e-01,7.785950e-01
5.530000e-11,-1.000000e-04,-1.000000e-04,0.000000e+00,-8.190014e-06,-2.684804e-05,3.043782e-07,1.539060e-08,4.224956e-08,4.224956e-08,1.409107e-10,-3.848389e-10,-1.686460e-11,-4.099740e-13,1.277713e+00,7.993359e-01,7.785891e-01
5.535000e-11,-1.000000e-04,-1.000000e-04,0.000000e+00,-8.010127e-06,-2.633453e-05,-2.915704e-07,3.924186e-08,4.037193e-08,4.037193e-08,6.143227e-10,-3.860845e-10,-1.808393e-11,-4.610093e-13,1.274134e+00,7.997362e-01,7.785810e-01
5.540000e-11,-1.000000e-04,-1.000000e-04,0.000000e+00,-7.808477e-06,-2.550486e-05,-8.862718e-07,6.502626e-08,3.810529e-08,3.810529e-08,1.094487e-09,-3.850302e-10,-1.933399e-11,-5.170518e-13,1.270701e+00,8.001277e-01,7.785712e-01
5.545000e-11,-1.000000e-04,-1.000000e-04,0.000000e+00,-7.591261e-06,-2.437762e-05,-1.469806e-06,9.210856e-08,3.549033e-08,3.549033e-08,1.576925e-09,-3.815099e-10,-2.060838e-11,-5.784172e-13,1.267467e+00,8.005030e-01,7.785598e-01
5.550000e-11,-1.000000e-04,-1.000000e-04,0.000000e+00,-7.364544e-06,-2.297511e-05,-2.032513e-06,1.198107e-07,3.257314e-08,3.257314e-08,2.056957e-09,-3.753705e-10,-2.189973e-11,-6.454211e-13,1.264476e+00,8.008548e-01,7.785476e-01
5.555000e-11,-1.000000e-04,-1.000000e-04,0.000000e+00,-7.134100e-06,-2.132380e-05,-2.565184e-06,1.474257e-07,2.940440e-08,2.940440e-08,2.529751e-09,-3.664748e-10,-2.319971e-11,-7.183667e-13,1.261770e+00,8.011762e-01,7.785347e-01
5.560000e-11,-1.000000e-04,-1.000000e-04,0.000000e+00,-6.905313e-06,-1.945478e-05,-3.059240e-06,1.742330e-07,2.603855e-08,2.603855e-08,2.990390e-09,-3.547040e-10,-2.449899e-11,-7.975499e-13,1.259382e+00,8.014604e-01,7.785219e-01
5.565000e-11,-1.000000e-04,-1.000000e-04,0.000000e+00,-6.683130e-06,-1.740391e-05,-3.506897e-06,1.995129e-07,2.253282e-08,2.253282e-08,3.433927e-09,-3.399611e-10,-2.578725e-11,-8.832546e-13,1.257336e+00,8.017016e-01,7.785094e-01
5.570000e-11,-1.000000e-04,-1.000000e-04,0.000000e+00,-6.472048e-06,-1.521153e-05,-3.901312e-06,2.225626e-07,1.894625e-08,1.894625e-08,3.855460e-09,-3.221734e-10,-2.705321e-11,-9.757384e-13,1.255652e+00,8.018944e-01,7.784978e-01
5.575000e-11,-1.000000e-04,-1.000000e-04,0.000000e+00,-6.276126e-06,-1.292152e-05,-4.236705e-06,2.427108e-07,1.533862e-08,1.533862e-08,4.250197e-09,-3.012949e-10,-2.828461e-11,-1.075234e-12,1.254340e+00,8.020343e-01,7.784875e-01
5.580000e-11,-1.000000e-04,-1.000000e-04,0.000000e+00,-6.099001e-06,-1.057969e-05,-4.508460e-06,2.593324e-07,1.176936e-08,1.176936e-08,4.613523e-09,-2.773093e-10,-2.946833e-11,-1.181949e-12,1.253402e+00,8.021176e-01,7.784788e-01
5.585000e-11,-1.000000e-04,-1.000000e-04,0.000000e+00,-5.943871e-06,-8.231797e-06,-4.713196e-06,2.718625e-07,8.296497e-09,8.296497e-09,4.941077e-09,-2.502319e-10,-3.059035e-11,-1.296046e-12,1.252834e+00,8.021418e-01,7.784722e-01
5.590000e-11,-1.000000e-04,-1.000000e-04,0.000000e+00,-5.813463e-06,-5.921314e-06,-4.848810e-06,2.798085e-07,4.975542e-09,4.975542e-09,5.228814e-09,-2.201114e-10,-3.163592e-11,-1.417646e-12,1.252623e+00,8.021050e-01,7.784679e-01
5.595000e-11,-1.000000e-04,-1.000000e-04,0.000000e+00,-5.709961e-06,-3.687581e-06,-4.914502e-06,2.827619e-07,1.858463e-09,1.858463e-09,5.473073e-09,-1.870322e-10,-3.258958e-11,-1.546818e-12,1.252752e+00,8.020068e-01,7.784662e-01
5.600000e-11,-1.000000e-04,-1.000000e-04,0.000000e+00,-5.634922e-06,-1.564501e-06,-4.910758e-06,2.804073e-07,-1.007297e-09,-1.007297e-09,5.670642e-09,-1.511149e-10,-3.343531e-11,-1.683575e-12,1.253196e+00,8.018476e-01,7.784673e-01
5.605000e-11,-1.000000e-04,-1.000000e-04,0.000000e+00,-5.589201e-06,4.199416e-07,-4.839322e-06,2.725305e-07,-3.579733e-09,-3.579733e-09,5.818810e-09,-1.125176e-10,-3.415664e-11,-1.827858e-12,1.253926e+00,8.016290e-01,7.784713e-01
5.610000e-11,-1.000000e-04,-1.000000e-04,0.000000e+00,-5.572899e-06,2.243366e-06,-4.703128e-06,2.590239e-07,-5.823091e-09,-5.823091e-09,5.915427e-09,-7.143646e-11,-3.473679e-11,-1.979541e-12,1.254907e+00,8.013536e-01,7.784782e-01
5.615000e-11,-1.000000e-04,-1.000000e-04,0.000000e+00,-5.585367e-06,3.888079e-06,-4.506223e-06,2.398907e-07,-7.708571e-09,-7.708571e-09,5.958939e-09,-2.810507e-11,-3.515886e-11,-2.138411e-12,1.256102e+00,8.010250e-01,7.784881e-01
5.620000e-11,-1.000000e-04,-1.000000e-04,0.000000e+00,-5.625264e-06,5.339866e-06,-4.253656e-06,2.152456e-07,-9.214899e-09,-9.214899e-09,5.948432e-09,1.720570e-11,-3.540597e-11,-2.304166e-12,1.257471e+00,8.006478e-01,7.785007e-01
5.625000e-11,-1.000000e-04,-1.000000e-04,0.000000e+00,-5.690664e-06,6.586848e-06,-3.951359e-06,1.853143e-07,-1.032877e-08,-1.032877e-08,5.883658e-09,6.418902e-11,-3.546148e-11,-2.476414e-12,1.258971e+00,8.002272e-01,7.785160e-01
5.630000e-11,-1.000000e-04,-1.000000e-04,0.000000e+00,-5.779219e-06,7.618690e-06,-3.606003e-06,1.504306e-07,-1.104510e-08,-1.104510e-08,5.765049e-09,1.125037e-10,-3.530921e-11,-2.654651e-12,1.260560e+00,7.997695e-01,7.785337e-01
5.635000e-11,-1.000000e-04,-1.000000e-04,0.000000e+00,-5.888323e-06,8.426351e-06,-3.224851e-06,1.110307e-07,-1.136721e-08,-1.136721e-08,5.593731e-09,1.617768e-10,-3.493362e-11,-2.838267e-12,1.262196e+00,7.992813e-01,7.785535e-01
5.640000e-11,-1.000000e-04,-1.000000e-04,0.000000e+00,-6.015283e-06,9.002396e-06,-2.815600e-06,6.764623e-08,-1.130672e-08,-1.130672e-08,5.371517e-09,2.116057e-10,-3.432007e-11,-3.026534e-12,1.263837e+00,7.987699e-01,7.785749e-01
5.645000e-11,-1.000000e-04,-1.000000e-04,0.000000e+00,-6.157451e-06,9.341790e-06,-2.386212e-06,2.089480e-08,-1.088339e-08,-1.088339e-08,5.100895e-09,2.615625e-10,-3.345508e-11,-3.218601e-12,1.265444e+00,7.982429e-01,7.785976e-01
5.650000e-11,-1.000000e-04,-1.000000e-04,0.000000e+00,-6.312319e-06,9.442970e-06,-1.944758e-06,-2.853089e-08,-1.012472e-08,-1.012472e-08,4.785002e-09,3.111972e-10,-3.232652e-11,-3.413486e-12,1.266980e+00,7.977081e-01,7.786211e-01
5.655000e-11,-1.000000e-04,-1.000000e-04,0.000000e+00,-6.477546e-06,9.308955e-06,-1.499256e-06,-7.987569e-08,-9.065479e-09,-9.065479e-09,4.427590e-09,3.600423e-10,-3.092391e-11,-3.610085e-12,1.268410e+00,7.971736e-01,7.786449e-01
5.660000e-11,-1.000000e-04,-1.000000e-04,0.000000e+00,-6.650948e-06,8.948253e-06,-1.057524e-06,-1.323358e-07,-7.746967e-09,-7.746967e-09,4.032977e-09,4.076179e-10,-2.923864e-11,-3.807151e-12,1.269704e+00,7.966470e-01,7.786684e-01
5.665000e-11,-1.000000e-04,-1.000000e-04,0.000000e+00,-6.830429e-06,8.375384e-06,-6.270345e-07,-1.850734e-07,-6.216249e-09,-6.216249e-09,3.605994e-09,4.534366e-10,-2.726425e-11,-4.003303e-12,1.270836e+00,7.961360e-01,7.786911e-01
5.670000e-11,-1.000000e-04,-1.000000e-04,0.000000e+00,-7.013897e-06,7.610908e-06,-2.147942e-07,-2.372326e-07,-4.525208e-09,-4.525208e-09,3.151917e-09,4.970098e-10,-2.499659e-11,-4.197028e-12,1.271784e+00,7.956480e-01,7.787123e-01
5.675000e-11,-1.000000e-04,-1.000000e-04,0.000000e+00,-7.199171e-06,6.680932e-06,1.727714e-07,-2.879551e-07,-2.729508e-09,-2.729508e-09,2.676391e-09,5.378529e-10,-2.243415e-11,-4.386675e-12,1.272529e+00,7.951896e-01,7.787315e-01
5.680000e-11,-1.000000e-04,-1.000000e-04,0.000000e+00,-7.383897e-06,5.616165e-06,5.299107e-07,-3.363962e-07,-8.874674e-10,-8.874674e-10,2.185354e-09,5.754922e-10,-1.957818e-11,-4.570466e-12,1.273057e+00,7.947672e-01,7.787483e-01
5.685000e-11,-1.000000e-04,-1.000000e-04,0.000000e+00,-7.565493e-06,4.450647e-06,8.516247e-07,-3.817406e-07,9.411267e-10,9.411267e-10,1.684944e-09,6.094707e-10,-1.643292e-11,-4.746497e-12,1.273360e+00,7.943863e-01,7.787619e-01
5.690000e-11,-1.000000e-04,-1.000000e-04,0.000000e+00,-7.741136e-06,3.220305e-06,1.133728e-06,-4.232178e-07,2.696255e-09,2.696255e-09,1.181407e-09,6.393546e-10,-1.300578e-11,-4.912746e-12,1.273431e+00,7.940514e-01,7.787721e-01
5.695000e-11,-1.000000e-04,-1.000000e-04,0.000000e+00,-7.907782e-06,1.961510e-06,1.372891e-06,-4.601165e-07,4.318913e-09,4.318913e-09,6.810059e-10,6.647399e-10,-9.307445e-12,-5.067076e-12,1.273272e+00,7.937666e-01,7.787782e-01
5.700000e-11,-1.000000e-04,-1.000000e-04,0.000000e+00,-8.062230e-06,7.097605e-07,1.566672e-06,-4.917979e-07,5.752354e-09,5.752354e-09,1.899165e-10,6.852580e-10,-5.351998e-12,-5.207263e-12,1.272885e+00,7.935347e-01,7.787801e-01
5.705000e-11,-1.000000e-04,-1.000000e-04,0.000000e+00,-8.201217e-06,-5.013822e-07,1.713524e-06,-5.177072e-07,6.943305e-09,6.943305e-09,-2.858652e-10,7.005823e-10,-1.156993e-12,-5.330993e-12,1.272278e+00,7.933576e-01,7.787773e-01
5.710000e-11,-1.000000e-04,-1.000000e-04,0.000000e+00,-8.321533e-06,-1.641082e-06,1.812797e-06,-5.373848e-07,7.843118e-09,7.843118e-09,-7.406207e-10,7.104332e-10,3.256505e-12,-5.435890e-12,1.271463e+00,7.932364e-01,7.787696e-01
5.715000e-11,-1.000000e-04,-1.000000e-04,0.000000e+00,-8.420141e-06,-2.681724e-06,1.864724e-06,-5.504738e-07,8.408846e-09,8.408846e-09,-1.169001e-09,7.145837e-10,7.863943e-12,-5.519525e-12,1.270457e+00,7.931710e-01,7.787569e-01
5.720000e-11,-1.000000e-04,-1.000000e-04,0.000000e+00,-8.494300e-06,-3.599161e-06,1.870386e-06,-5.567275e-07,8.604225e-09,8.604225e-09,-1.566113e-09,7.128637e-10,1.263733e-11,-5.579445e-12,1.269279e+00,7.931604e-01,7.787391e-01
5.725000e-11,-1.000000e-04,-1.000000e-04,0.000000e+00,-8.541666e-06,-4.372787e-06,1.831678e-06,-5.560130e-07,8.400521e-09,8.400521e-09,-1.927602e-09,7.051642e-10,1.754532e-11,-5.613187e-12,1.267951e+00,7.932028e-01,7.787163e-01
5.730000e-11,-1.000000e-04,-1.000000e-04,0.000000e+00,-8.560385e-06,-4.985499e-06,1.751255e-06,-5.483144e-07,7.777243e-09,7.777243e-09,-2.249721e-09,6.914404e-10,2.255339e-11,-5.618314e-12,1.266500e+00,7.932955e-01,7.786886e-01
5.735000e-11,-1.000000e-04,-1.000000e-04,0.000000e+00,-8.549156e-06,-5.423629e-06,1.632472e-06,-5.337321e-07,6.722707e-09,6.722707e-09,-2.529396e-09,6.717143e-10,2.762401e-11,-5.592434e-12,1.264953e+00,7.934347e-01,7.786561e-01
5.740000e-11,-1.000000e-04,-1.000000e-04,0.000000e+00,-8.507270e-06,-5.676888e-06,1.479311e-06,-5.124815e-07,5.234418e-09,5.234418e-09,-2.764275e-09,6.460765e-10,3.271689e-11,-5.533237e-12,1.263343e+00,7.936162e-01,7.786193e-01
5.745000e-11,-1.000000e-04,-1.000000e-04,0.000000e+00,-8.434630e-06,-5.738357e-06,1.296302e-06,-4.848884e-07,3.319287e-09,3.319287e-09,-2.952771e-09,6.146866e-10,3.778930e-11,-5.438514e-12,1.261700e+00,7.938350e-01,7.785784e-01
5.750000e-11,-1.000000e-04,-1.000000e-04,0.000000e+00,-8.331754e-06,-5.604517e-06,1.088437e-06,-4.513828e-07,9.936561e-10,9.936561e-10,-3.094083e-09,5.777732e-10,4.279640e-11,-5.306197e-12,1.260058e+00,7.940858e-01,7.785339e-01
5.755000e-11,-1.000000e-04,-1.000000e-04,0.000000e+00,-8.199753e-06,-5.275302e-06,8.610742e-07,-4.124913e-07,-1.716856e-09,-1.716856e-09,-3.188213e-09,5.356326e-10,4.769165e-11,-5.134397e-12,1.258451e+00,7.943626e-01,7.784863e-01
5.760000e-11,-1.000000e-04,-1.000000e-04,0.000000e+00,-8.040305e-06,-4.754135e-06,6.198441e-07,-3.688267e-07,-4.777698e-09,-4.777698e-09,-3.235966e-09,4.886265e-10,5.242719e-11,-4.921425e-12,1.256913e+00,7.946592e-01,7.784363e-01
5.765000e-11,-1.000000e-04,-1.000000e-04,0.000000e+00,-7.855612e-06,-4.047926e-06,3.705429e-07,-3.210771e-07,-8.145909e-09,-8.145909e-09,-3.238930e-09,4.371793e-10,5.695439e-11,-4.665840e-12,1.255475e+00,7.949693e-01,7.783845e-01
5.770000e-11,-1.000000e-04,-1.000000e-04,0.000000e+00,-7.648346e-06,-3.166975e-06,1.190308e-07,-2.699929e-07,-1.177081e-08,-1.177081e-08,-3.199449e-09,3.817733e-10,6.122430e-11,-4.366473e-12,1.254171e+00,7.952865e-01,7.783315e-01
5.775000e-11,-1.000000e-04,-1.000000e-04,0.000000e+00,-7.421593e-06,-2.124791e-06,-1.288732e-07,-2.163737e-07,-1.559485e-08,-1.559485e-08,-3.120579e-09,3.229440e-10,6.518825e-11,-4.022467e-12,1.253030e+00,7.956044e-01,7.782781e-01
5.780000e-11,-1.000000e-04,-1.000000e-04,0.000000e+00,-7.178777e-06,-9.378003e-07,-3.674943e-07,-1.610530e-07,-1.955461e-08,-1.955461e-08,-3.006035e-09,2.612739e-10,6.879838e-11,-3.633308e-12,1.252078e+00,7.959169e-01,7.782250e-01
5.785000e-11,-1.000000e-04,-1.000000e-04,0.000000e+00,-6.923585e-06,3.750221e-07,-5.914028e-07,-1.048842e-07,-2.358194e-08,-2.358194e-08,-2.860115e-09,1.973858e-10,7.200821e-11,-3.198858e-12,1.251340e+00,7.962182e-01,7.781730e-01
5.790000e-11,-1.000000e-04,-1.000000e-04,0.000000e+00,-6.659883e-06,1.792585e-06,-7.955095e-07,-4.872465e-08,-2.760514e-08,-2.760514e-08,-2.687625e-09,1.319351e-10,7.477332e-11,-2.719382e-12,1.250837e+00,7.965028e-01,7.781227e-01
5.795000e-11,-1.000000e-04,-1.000000e-04,0.000000e+00,-6.391627e-06,3.292139e-06,-9.751556e-07,6.579146e-09,-3.155033e-08,-3.155033e-08,-2.493789e-09,6.560183e-11,7.705185e-11,-2.195578e-12,1.250584e+00,7.967656e-01,7.780749e-01
5.800000e-11,-1.000000e-04,-1.000000e-04,0.000000e+00,-6.122770e-06,4.849722e-06,-1.126194e-06,6.020631e-08,-3.534278e-08,-3.534278e-08,-2.284147e-09,-9.182763e-13,7.880519e-11,-1.628602e-12,1.250596e+00,7.970024e-01,7.780303e-01
5.805000e-11,-1.000000e-04,-1.000000e-04,0.000000e+00,-5.857185e-06,6.440582e-06,-1.245060e-06,1.113758e-07,-3.890831e-08,-3.890831e-08,-2.064454e-09,-6.692293e-11,7.999851e-11,-1.020083e-12,1.250881e+00,7.972093e-01,7.779895e-01
5.810000e-11,-1.000000e-04,-1.000000e-04,0.000000e+00,-5.598574e-06,8.039542e-06,-1.328837e-06,1.593597e-07,-4.217473e-08,-4.217473e-08,-1.840568e-09,-1.317126e-10,8.060134e-11,-3.721483e-13,1.251441e+00,7.973834e-01,7.779530e-01
5.815000e-11,-1.000000e-04,-1.000000e-04,0.000000e+00,-5.350408e-06,9.621321e-06,-1.375297e-06,2.034952e-07,-4.507318e-08,-4.507318e-08,-1.618339e-09,-1.946003e-10,8.058813e-11,3.125696e-13,1.252276e+00,7.975223e-01,7.779214e-01
5.820000e-11,-1.000000e-04,-1.000000e-04,0.000000e+00,-5.115865e-06,1.116082e-05,-1.382946e-06,2.431960e-07,-4.753950e-08,-4.753950e-08,-1.403492e-09,-2.549208e-10,7.993872e-11,1.030930e-12,1.253380e+00,7.976246e-01,7.778952e-01
5.825000e-11,-1.000000e-04,-1.000000e-04,0.000000e+00,-4.897793e-06,1.263336e-05,-1.351039e-06,2.779610e-07,-4.951549e-08,-4.951549e-08,-1.201521e-09,-3.120402e-10,7.863881e-11,1.779268e-12,1.254744e+00,7.976895e-01,7.778746e-01
5.830000e-11,-1.000000e-04,-1.000000e-04,0.000000e+00,-4.698674e-06,1.401498e-05,-1.279589e-06,3.073823e-07,-5.095004e-08,-5.095004e-08,-1.017574e-09,-3.653652e-10,7.668032e-11,2.553415e-12,1.256354e+00,7.977171e-01,7.778599e-01
5.835000e-11,-1.000000e-04,-1.000000e-04,0.000000e+00,-4.520621e-06,1.528270e-05,-1.169365e-06,3.311514e-07,-5.180023e-08,-5.180023e-08,-8.563565e-10,-4.143512e-10,7.406178e-11,3.348701e-12,1.258191e+00,7.977083e-01,7.778513e-01
5.840000e-11,-1.000000e-04,-1.000000e-04,0.000000e+00,-4.365364e-06,1.641483e-05,-1.021866e-06,3.490629e-07,-5.203219e-08,-5.203219e-08,-7.220309e-10,-4.585109e-10,7.078854e-11,4.159974e-12,1.260234e+00,7.976646e-01,7.778490e-01
5.845000e-11,-1.000000e-04,-1.000000e-04,0.000000e+00,-4.234260e-06,1.739139e-05,-8.392882e-07,3.610166e-07,-5.162187e-08,-5.162187e-08,-6.181339e-10,-4.974211e-10,6.687297e-11,4.981620e-12,1.262459e+00,7.975885e-01,7.778528e-01
5.850000e-11,-1.000000e-04,-1.000000e-04,0.000000e+00,-4.128297e-06,1.819449e-05,-6.244814e-07,3.670182e-07,-5.055556e-08,-5.055556e-08,-5.475007e-10,-5.307290e-10,6.233457e-11,5.807594e-12,1.264837e+00,7.974827e-01,7.778626e-01
5.855000e-11,-1.000000e-04,-1.000000e-04,0.000000e+00,-4.048102e-06,1.880880e-05,-3.808880e-07,3.671772e-07,-4.883034e-08,-4.883034e-08,-5.122031e-10,-5.581582e-10,5.719997e-11,6.631466e-12,1.267338e+00,7.973510e-01,7.778782e-01
5.860000e-11,-1.000000e-04,-1.000000e-04,0.000000e+00,-3.993950e-06,1.922197e-05,-1.124759e-07,3.617034e-07,-4.645422e-08,-4.645422e-08,-5.135015e-10,-5.795122e-10,5.150282e-11,7.446454e-12,1.269933e+00,7.971973e-01,7.778994e-01
5.865000e-11,-1.000000e-04,-1.000000e-04,0.000000e+00,-3.965760e-06,1.942509e-05,1.763376e-07,3.509020e-07,-4.344614e-08,-4.344614e-08,-5.518118e-10,-5.946778e-10,4.528369e-11,8.245486e-12,1.272588e+00,7.970261e-01,7.779258e-01
5.870000e-11,-1.000000e-04,-1.000000e-04,0.000000e+00,-3.963095e-06,1.941299e-05,4.807698e-07,3.351659e-07,-3.983577e-08,-3.983577e-08,-6.266887e-10,-6.036269e-10,3.858973e-11,9.021245e-12,1.275269e+00,7.968423e-01,7.779568e-01
5.875000e-11,-1.000000e-04,-1.000000e-04,0.000000e+00,-3.985157e-06,1.918455e-05,7.957605e-07,3.149682e-07,-3.566308e-08,-3.566308e-08,-7.368249e-10,-6.064169e-10,3.147434e-11,9.766243e-12,1.277945e+00,7.966508e-01,7.779920e-01
5.880000e-11,-1.000000e-04,-1.000000e-04,0.000000e+00,-4.030779e-06,1.874284e-05,1.116064e-06,2.908517e-07,-3.097778e-08,-3.097778e-08,-8.800668e-10,-6.031900e-10,2.399669e-11,1.047289e-11,1.280581e+00,7.964569e-01,7.780307e-01
5.885000e-11,-1.000000e-04,-1.000000e-04,0.000000e+00,-4.098420e-06,1.809511e-05,1.436344e-06,2.634183e-07,-2.583851e-08,-2.583851e-08,-1.053447e-09,-5.941707e-10,1.622120e-11,1.113357e-11,1.283147e+00,7.962657e-01,7.780724e-01
5.890000e-11,-1.000000e-04,-1.000000e-04,0.000000e+00,-4.186162e-06,1.725272e-05,1.751263e-06,2.333170e-07,-2.031190e-08,-2.031190e-08,-1.253234e-09,-5.796624e-10,8.216893e-12,1.174071e-11,1.285611e+00,7.960826e-01,7.781163e-01
5.895000e-11,-1.000000e-04,-1.000000e-04,0.000000e+00,-4.291720e-06,1.623081e-05,2.055580e-06,2.012317e-07,-1.447153e-08,-1.447153e-08,-1.474992e-09,-5.600428e-10,5.668266e-14,1.228687e-11,1.287944e+00,7.959123e-01,7.781617e-01
5.900000e-11,-1.000000e-04,-1.000000e-04,0.000000e+00,-4.412459e-06,1.504799e-05,2.344235e-06,1.678678e-07,-8.396647e-09,-8.396647e-09,-1.713666e-09,-5.357573e-10,-8.183422e-12,1.276483e-11,1.290122e+00,7.957597e-01,7.782080e-01
5.905000e-11,-1.000000e-04,-1.000000e-04,0.000000e+00,-4.545422e-06,1.372585e-05,2.612437e-06,1.339393e-07,-2.170873e-09,-2.170873e-09,-1.963664e-09,-5.073122e-10,-1.642514e-11,1.316769e-11,1.292119e+00,7.956292e-01,7.782544e-01
5.910000e-11,-1.000000e-04,-1.000000e-04,0.000000e+00,-4.687380e-06,1.228840e-05,2.855742e-06,1.001556e-07,4.119199e-09,4.119199e-09,-2.218967e-09,-4.752664e-10,-2.458883e-11,1.348892e-11,1.293915e+00,7.955247e-01,7.783003e-01
5.915000e-11,-1.000000e-04,-1.000000e-04,0.000000e+00,-4.834881e-06,1.076148e-05,3.070126e-06,6.720831e-08,1.038548e-08,1.038548e-08,-2.473238e-09,-4.402221e-10,-3.259445e-11,1.372250e-11,1.295493e+00,7.954498e-01,7.783449e-01
5.920000e-11,-1.000000e-04,-1.000000e-04,0.000000e+00,-4.984327e-06,9.172188e-06,3.252051e-06,3.575910e-08,1.653987e-08,1.653987e-08,-2.719941e-09,-4.028149e-10,-4.036248e-11,1.386297e-11,1.296840e+00,7.954073e-01,7.783876e-01
5.925000e-11,-1.000000e-04,-1.000000e-04,0.000000e+00,-5.132050e-06,7.548229e-06,3.398524e-06,6.427869e-09,2.249577e-08,2.249577e-08,-2.952468e-09,-3.637033e-10,-4.781497e-11,1.390554e-11,1.297946e+00,7.953997e-01,7.784279e-01
5.930000e-11,-1.000000e-04,-1.000000e-04,0.000000e+00,-5.274400e-06,5.917383e-06,3.507141e-06,-2.021807e-08,2.816954e-08,2.816954e-08,-3.164266e-09,-3.235576e-10,-5.487647e-11,1.384614e-11,1.298805e+00,7.954285e-01,7.784651e-01
5.935000e-11,-1.000000e-04,-1.000000e-04,0.000000e+00,-5.407831e-06,4.306951e-06,3.576131e-06,-4.367368e-08,3.348192e-08,3.348192e-08,-3.348967e-09,-2.830488e-10,-6.147506e-11,1.368154e-11,1.299415e+00,7.954947e-01,7.784989e-01
5.940000e-11,-1.000000e-04,-1.000000e-04,0.000000e+00,-5.528995e-06,2.743268e-06,3.604380e-06,-6.350466e-08,3.835939e-08,3.835939e-08,-3.500516e-09,-2.428372e-10,-6.754326e-11,1.340937e-11,1.299779e+00,7.955988e-01,7.785288e-01
5.945000e-11,-1.000000e-04,-1.000000e-04,0.000000e+00,-5.634821e-06,1.251257e-06,3.591450e-06,-7.935452e-08,4.273541e-08,4.273541e-08,-3.613292e-09,-2.035613e-10,-7.301898e-11,1.302823e-11,1.299905e+00,7.957402e-01,7.785544e-01
5.950000e-11,-1.000000e-04,-1.000000e-04,0.000000e+00,-5.722598e-06,-1.459630e-07,3.537586e-06,-9.095007e-08,4.655151e-08,4.655151e-08,-3.682230e-09,-1.658266e-10,-7.784633e-11,1.253772e-11,1.299802e+00,7.959181e-01,7.785757e-01
5.955000e-11,-1.000000e-04,-1.000000e-04,0.000000e+00,-5.790038e-06,-1.427430e-06,3.443711e-06,-9.810542e-08,4.975833e-08,4.975833e-08,-3.702923e-09,-1.301960e-10,-8.197644e-11,1.193848e-11,1.299485e+00,7.961306e-01,7.785924e-01
5.960000e-11,-1.000000e-04,-1.000000e-04,0.000000e+00,-5.835334e-06,-2.574644e-06,3.311407e-06,-1.007243e-07,5.231636e-08,5.231636e-08,-3.671726e-09,-9.717921e-11,-8.536819e-11,1.123225e-11,1.298973e+00,7.963755e-01,7.786045e-01
5.965000e-11,-1.000000e-04,-1.000000e-04,0.000000e+00,-5.857196e-06,-3.571831e-06,3.142892e-06,-9.880054e-08,5.419664e-08,5.419664e-08,-3.585838e-09,-6.722480e-11,-8.798876e-11,1.042187e-11,1.298286e+00,7.966498e-01,7.786119e-01
5.970000e-11,-1.000000e-04,-1.000000e-04,0.000000e+00,-5.854886e-06,-4.406156e-06,2.940977e-06,-9.241741e-08,5.538119e-08,5.538119e-08,-3.443371e-09,-4.071202e-11,-8.981418e-11,9.511278e-12,1.297450e+00,7.969502e-01,7.786149e-01
5.975000e-11,-1.000000e-04,-1.000000e-04,0.000000e+00,-5.828220e-06,-5.067891e-06,2.709019e-06,-8.174461e-08,5.586327e-08,5.586327e-08,-3.243410e-09,-1.794437e-11,-9.082973e-11,8.505559e-12,1.296489e+00,7.972727e-01,7.786135e-01
5.980000e-11,-1.000000e-04,-1.000000e-04,0.000000e+00,-5.777570e-06,-5.550524e-06,2.450865e-06,-6.703428e-08,5.564742e-08,5.564742e-08,-2.986046e-09,8.555731e-13,-9.103019e-11,7.410876e-12,1.295434e+00,7.976131e-01,7.786082e-01
5.985000e-11,-1.000000e-04,-1.000000e-04,0.000000e+00,-5.703844e-06,-5.850801e-06,2.170779e-06,-4.861531e-08,5.474939e-08,5.474939e-08,-2.672396e-09,1.555003e-11,-9.041997e-11,6.234472e-12,1.294312e+00,7.979667e-01,7.785991e-01
5.990000e-11,-1.000000e-04,-1.000000e-04,0.000000e+00,-5.608451e-06,-5.968709e-06,1.873369e-06,-2.688637e-08,5.319573e-08,5.319573e-08,-2.304606e-09,2.608829e-11,-8.901317e-11,4.984608e-12,1.293154e+00,7.983288e-01,7.785868e-01
5.995000e-11,-1.000000e-04,-1.000000e-04,0.000000e+00,-5.493256e-06,-5.907394e-06,1.563509e-06,-2.307715e-09,5.102330e-08,5.102330e-08,-1.885833e-09,3.250746e-11,-8.683340e-11,3.670520e-12,1.291990e+00,7.986945e-01,7.785717e-01
6.000000e-11,-1.000000e-04,-1.000000e-04,0.000000e+00,-5.360525e-06,-5.673017e-06,1.246245e-06,2.460803e-08,4.827860e-08,4.827860e-08,-1.420210e-09,3.493162e-11,-8.391354e-11,2.302337e-12,1.290851e+00,7.990586e-01,7.785543e-01
6.005000e-11,-9.500000e-05,-9.500000e-05,0.000000e+00,-3.793463e-06,5.953562e-05,9.275265e-07,5.330631e-08,4.501685e-08,4.501685e-08,-9.127886e-10,3.356942e-11,-8.029532e-11,8.910027e-13,1.289836e+00,7.994163e-01,7.785351e-01
6.010000e-11,-9.000000e-05,-9.000000e-05,0.000000e+00,-2.473119e-06,2.910574e-05,6.146416e-07,8.320176e-08,4.130103e-08,4.130103e-08,-3.694692e-10,2.871006e-11,-7.602883e-11,-5.518269e-13,1.289075e+00,7.997626e-01,7.785147e-01
6.015000e-11,-8.500000e-05,-8.500000e-05,0.000000e+00,-1.463871e-06,2.200466e-05,3.160697e-07,1.136897e-07,3.720070e-08,3.720070e-08,2.030861e-10,2.071784e-11,-7.117180e-11,-2.013885e-12,1.288684e+00,8.000930e-01,7.784938e-01
6.020000e-11,-8.000000e-05,-8.000000e-05,0.000000e+00,-7.782886e-07,1.595421e-05,4.091809e-08,1.441581e-07,3.279075e-08,3.279075e-08,7.975569e-10,1.002517e-11,-6.578889e-11,-3.482421e-12,1.288745e+00,8.004030e-01,7.784728e-01
6.025000e-11,-7.500000e-05,-7.500000e-05,0.000000e+00,-3.788270e-07,1.207305e-05,-2.018181e-07,1.739990e-07,2.815010e-08,2.815010e-08,1.406080e-09,-2.875568e-12,-5.995075e-11,-4.944329e-12,1.289302e+00,8.006887e-01,7.784524e-01
6.030000e-11,-7.000000e-05,-7.000000e-05,0.000000e+00,-1.888088e-07,1.107504e-05,-4.039651e-07,2.026211e-07,2.336027e-08,2.336027e-08,2.020376e-09,-1.744147e-11,-5.373310e-11,-6.386289e-12,1.290361e+00,8.009465e-01,7.784331e-01
6.035000e-11,-6.500000e-05,-6.500000e-05,0.000000e+00,-1.096103e-07,1.316346e-05,-5.587155e-07,2.294604e-07,1.850394e-08,1.850394e-08,2.631883e-09,-3.308951e-11,-4.721559e-11,-7.794897e-12,1.291899e+00,8.011735e-01,7.784155e-01
6.040000e-11,-6.000000e-05,-6.000000e-05,0.000000e+00,-4.000681e-08,1.803724e-05,-6.609430e-07,2.539918e-07,1.366355e-08,1.366355e-08,3.231903e-09,-4.920784e-11,-4.048076e-11,-9.156836e-12,1.293880e+00,8.013673e-01,7.784000e-01
6.045000e-11,-5.500000e-05,-5.500000e-05,0.000000e+00,1.061736e-07,2.498881e-05,-7.072796e-07,2.757394e-07,8.919836e-09,8.919836e-09,3.811743e-09,-6.516763e-11,-3.361283e-11,-1.045902e-11,1.296259e+00,8.015261e-01,7.783871e-01
6.050000e-11,-5.000000e-05,-5.000000e-05,0.000000e+00,3.870610e-07,3.306290e-05,-6.959908e-07,2.942857e-07,4.350452e-09,4.350452e-09,4.362863e-09,-8.033545e-11,-2.669642e-11,-1.168872e-11,1.299002e+00,8.016489e-01,7.783771e-01
6.055000e-11,-4.500000e-05,-4.500000e-05,0.000000e+00,8.261401e-07,4.123919e-05,-6.267142e-07,3.092798e-07,2.867917e-11,2.867917e-11,4.877026e-09,-9.408582e-11,-1.981547e-11,-1.283379e-11,1.302083e+00,8.017355e-01,7.783705e-01
6.060000e-11,-4.000000e-05,-4.000000e-05,0.000000e+00,1.412379e-06,4.860323e-05,-5.001364e-07,3.204449e-07,-3.977819e-09,-3.977819e-09,5.346435e-09,-1.058137e-10,-1.305189e-11,-1.388274e-11,1.305489e+00,8.017864e-01,7.783673e-01
6.065000e-11,-3.500000e-05,-3.500000e-05,0.000000e+00,2.106199e-06,5.447697e-05,-3.176828e-07,3.275838e-07,-7.608103e-09,-7.608103e-09,5.763873e-09,-1.149470e-10,-6.484433e-12,-1.482491e-11,1.309220e+00,8.018028e-01,7.783679e-01
6.070000e-11,-3.000000e-05,-3.000000e-05,0.000000e+00,2.849489e-06,5.849157e-05,-8.127632e-08,3.305832e-07,-1.080894e-08,-1.080894e-08,6.122826e-09,-1.209580e-10,-1.875128e-13,-1.565062e-11,1.313283e+00,8.017866e-01,7.783724e-01
6.075000e-11,-2.500000e-05,-2.500000e-05,0.000000e+00,3.577417e-06,6.059772e-05,2.068007e-07,3.294161e-07,-1.353563e-08,-1.353563e-08,6.417604e-09,-1.233750e-10,5.769836e-12,-1.635130e-11,1.317687e+00,8.017407e-01,7.783807e-01
6.080000e-11,-2.000000e-05,-2.000000e-05,0.000000e+00,4.229770e-06,6.102061e-05,5.439316e-07,3.241432e-07,-1.575268e-08,-1.575268e-08,6.643438e-09,-1.217922e-10,1.132503e-11,-1.691959e-11,1.322433e+00,8.016685e-01,7.783927e-01
6.085000e-11,-1.500000e-05,-1.500000e-05,0.000000e+00,4.759984e-06,6.017535e-05,9.270939e-07,3.149122e-07,-1.743431e-08,-1.743431e-08,6.796571e-09,-1.158790e-10,1.642281e-11,-1.734945e-11,1.327512e+00,8.015739e-01,7.784085e-01
6.090000e-11,-1.000000e-05,-1.000000e-05,0.000000e+00,5.140665e-06,5.856340e-05,1.352722e-06,3.019557e-07,-1.856474e-08,-1.856474e-08,6.874326e-09,-1.053879e-10,2.101603e-11,-1.763626e-11,1.332901e+00,8.014616e-01,7.784278e-01
6.095000e-11,-5.000000e-06,-5.000000e-06,0.000000e+00,5.365196e-06,5.667106e-05,1.816550e-06,2.855869e-07,-1.913836e-08,-1.913836e-08,6.875160e-09,-9.016094e-11,2.506636e-11,-1.777689e-11,1.338559e+00,8.013367e-01,7.784504e-01
6.100000e-11,0.000000e+00,0.000000e+00,0.000000e+00,5.445761e-06,5.488740e-05,2.313466e-06,2.661947e-07,-1.915963e-08,-1.915963e-08,6.798697e-09,-7.013439e-11,2.854477e-11,-1.776976e-11,1.344430e+00,8.012046e-01,7.784758e-01
6.105000e-11,0.000000e+00,0.000000e+00,0.000000e+00,3.989282e-06,-1.135688e-05,2.836611e-06,2.442364e-07,-1.864285e-08,-1.864285e-08,6.645741e-09,-4.534222e-11,3.143201e-11,-1.761485e-11,1.350374e+00,8.010712e-01,7.785039e-01
6.110000e-11,0.000000e+00,0.000000e+00,0.000000e+00,2.708359e-06,1.861955e-05,3.376848e-06,2.202289e-07,-1.761176e-08,-1.761176e-08,6.418270e-09,-1.591739e-11,3.371867e-11,-1.731377e-11,1.356214e+00,8.009425e-01,7.785340e-01
6.115000e-11,0.000000e+00,0.000000e+00,0.000000e+00,1.700606e-06,2.577063e-05,3.922882e-06,1.947392e-07,-1.609892e-08,-1.609892e-08,6.119408e-09,1.790849e-11,3.540543e-11,-1.686972e-11,1.361778e+00,8.008246e-01,7.785659e-01
6.120000e-11,0.000000e+00,0.000000e+00,0.000000e+00,1.008308e-06,3.219076e-05,4.461908e-06,1.683734e-07,-1.414498e-08,-1.414498e-08,5.753381e-09,5.580737e-11,3.650283e-11,-1.628745e-11,1.366928e+00,8.007235e-01,7.785990e-01
6.125000e-11,0.000000e+00,0.000000e+00,0.000000e+00,6.165860e-07,3.652681e-05,4.980478e-06,1.417651e-07,-1.179779e-08,-1.179779e-08,5.325448e-09,9.735867e-11,3.703106e-11,-1.557328e-11,1.371568e+00,8.006454e-01,7.786327e-01
6.130000e-11,0.000000e+00,0.000000e+00,0.000000e+00,4.628414e-07,3.783468e-05,5.465411e-06,1.155629e-07,-9.111368e-09,-9.111368e-09,4.841824e-09,1.420551e-10,3.701952e-11,-1.473497e-11,1.375645e+00,8.005960e-01,7.786667e-01
6.135000e-11,0.000000e+00,0.000000e+00,0.000000e+00,4.542747e-07,3.573047e-05,5.904543e-06,9.041758e-08,-6.144783e-09,-6.144783e-09,4.309574e-09,1.893100e-10,3.650624e-11,-1.378166e-11,1.379141e+00,8.005806e-01,7.787004e-01
6.140000e-11,0.000000e+00,0.000000e+00,0.000000e+00,4.890254e-07,3.041342e-05,6.287269e-06,6.696851e-08,-2.960962e-09,-2.960962e-09,3.736506e-09,2.384664e-10,3.553720e-11,-1.272376e-11,1.382059e+00,8.006042e-01,7.787332e-01
6.145000e-11,0.000000e+00,0.000000e+00,0.000000e+00,4.764526e-07,2.257810e-05,6.604818e-06,4.583050e-08,3.745810e-10,3.745810e-10,3.131038e-09,2.888073e-10,3.416536e-11,-1.157286e-11,1.384419e+00,8.006711e-01,7.787648e-01
6.150000e-11,0.000000e+00,0.000000e+00,0.000000e+00,3.529160e-07,1.324783e-05,6.850313e-06,2.758070e-08,3.795050e-09,3.795050e-09,2.502068e-09,3.395672e-10,3.244981e-11,-1.034153e-11,1.386238e+00,8.007847e-01,7.787948e-01
6.155000e-11,0.000000e+00,0.000000e+00,0.000000e+00,9.075304e-08,3.570375e-06,7.018656e-06,1.274599e-08,7.233675e-09,7.233675e-09,1.858825e-09,3.899451e-10,3.045456e-11,-9.043201e-12,1.387530e+00,8.009480e-01,7.788226e-01
6.160000e-11,0.000000e+00,0.000000e+00,0.000000e+00,-3.003047e-07,-5.382246e-06,7.106326e-06,1.791188e-09,1.062501e-08,1.062501e-08,1.210717e-09,4.391177e-10,2.824746e-11,-7.692007e-12,1.388302e+00,8.011628e-01,7.788480e-01
6.165000e-11,0.000000e+00,0.000000e+00,0.000000e+00,-7.785707e-07,-1.277492e-05,7.111159e-06,-4.891817e-09,1.390621e-08,1.390621e-08,5.671843e-10,4.862538e-10,2.589887e-11,-6.302584e-12,1.388553e+00,8.014300e-01,7.788707e-01
6.170000e-11,0.000000e+00,0.000000e+00,0.000000e+00,-1.280863e-06,-1.810836e-05,7.032179e-06,-6.993622e-09,1.701818e-08,1.701818e-08,-6.245855e-11,5.305285e-10,2.348043e-11,-4.889884e-12,1.388280e+00,8.017495e-01,7.788905e-01
6.175000e-11,0.000000e+00,0.000000e+00,0.000000e+00,-1.735513e-06,-2.124715e-05,6.869517e-06,-4.295443e-09,1.990677e-08,1.990677e-08,-6.691721e-10,5.711380e-10,2.106369e-11,-3.469002e-12,1.387486e+00,8.021203e-01,7.789073e-01
6.180000e-11,0.000000e+00,0.000000e+00,0.000000e+00,-2.075325e-06,-2.238206e-05,6.624428e-06,3.324395e-09,2.252371e-08,2.252371e-08,-1.244337e-09,6.073139e-10,1.871883e-11,-2.054954e-12,1.386183e+00,8.025402e-01,7.789208e-01
6.185000e-11,0.000000e+00,0.000000e+00,0.000000e+00,-2.248276e-06,-2.194264e-05,6.299396e-06,1.588580e-08,2.482752e-08,2.482752e-08,-1.779891e-09,6.383376e-10,1.651327e-11,-6.624974e-13,1.384400e+00,8.030060e-01,7.789313e-01
6.190000e-11,0.000000e+00,0.000000e+00,0.000000e+00,-2.224415e-06,-2.048287e-05,5.898288e-06,3.330418e-08,2.678427e-08,2.678427e-08,-2.268459e-09,6.635531e-10,1.451053e-11,6.940707e-13,1.382187e+00,8.035136e-01,7.789386e-01
6.195000e-11,0.000000e+00,0.000000e+00,0.000000e+00,-1.998329e-06,-1.856373e-05,5.426519e-06,5.538978e-08,2.836813e-08,2.836813e-08,-2.703466e-09,6.823800e-10,1.276889e-11,2.001094e-12,1.379616e+00,8.040581e-01,7.789431e-01
6.200000e-11,0.000000e+00,0.000000e+00,0.000000e+00,-1.587365e-06,-1.665391e-05,4.891172e-06,8.184912e-08,2.956183e-08,2.956183e-08,-3.079237e-09,6.943247e-10,1.134038e-11,3.245751e-12,1.376775e+00,8.046334e-01,7.789447e-01
6.205000e-11,0.000000e+00,0.000000e+00,0.000000e+00,-1.026534e-06,-1.506325e-05,4.301044e-06,1.122885e-07,3.035688e-08,3.035688e-08,-3.391085e-09,6.989904e-10,1.026974e-11,4.416209e-12,1.373772e+00,8.052331e-01,7.789440e-01
6.210000e-11,0.000000e+00,0.000000e+00,0.000000e+00,-3.614239e-07,-1.391588e-05,3.666579e-06,1.462198e-07,3.075365e-08,3.075365e-08,-3.635376e-09,6.960856e-10,9.593492e-12,5.501794e-12,1.370719e+00,8.058497e-01,7.789412e-01
6.215000e-11,0.000000e+00,0.000000e+00,0.000000e+00,3.593878e-07,-1.316150e-05,2.999689e-06,1.830681e-07,3.076126e-08,3.076126e-08,-3.809580e-09,6.854308e-10,9.339261e-12,6.493114e-12,1.367735e+00,8.064756e-01,7.789366e-01
6.220000e-11,0.000000e+00,0.000000e+00,0.000000e+00,1.091083e-06,-1.261711e-05,2.313463e-06,2.221812e-07,3.039728e-08,3.039728e-08,-3.912296e-09,6.669636e-10,9.525140e-12,7.382199e-12,1.364933e+00,8.071024e-01,7.789308e-01
6.225000e-11,0.000000e+00,0.000000e+00,0.000000e+00,1.797538e-06,-1.202691e-05,1.621789e-06,2.628413e-07,2.968730e-08,2.968730e-08,-3.943270e-09,6.407419e-10,1.015931e-11,8.162587e-12,1.362415e+00,8.077220e-01,7.789242e-01
6.230000e-11,0.000000e+00,0.000000e+00,0.000000e+00,2.453914e-06,-1.112710e-05,9.389161e-07,3.042779e-07,2.866427e-08,2.866427e-08,-3.903374e-09,6.069445e-10,1.123975e-11,8.829408e-12,1.360272e+00,8.083257e-01,7.789173e-01
6.235000e-11,0.000000e+00,0.000000e+00,0.000000e+00,3.046902e-06,-9.703017e-06,2.789963e-07,3.456821e-07,2.736777e-08,2.736777e-08,-3.794588e-09,5.658704e-10,1.275421e-11,9.379437e-12,1.358574e+00,8.089053e-01,7.789107e-01
6.240000e-11,0.000000e+00,0.000000e+00,0.000000e+00,3.572980e-06,-7.629730e-06,-3.443673e-07,3.862220e-07,2.584305e-08,2.584305e-08,-3.619942e-09,5.179358e-10,1.468034e-11,9.811132e-12,1.357377e+00,8.094526e-01,7.789049e-01
6.245000e-11,0.000000e+00,0.000000e+00,0.000000e+00,4.035380e-06,-4.891181e-06,-9.185316e-07,4.250592e-07,2.414006e-08,2.414006e-08,-3.383456e-09,4.636688e-10,1.698597e-11,1.012463e-11,1.356717e+00,8.099600e-01,7.789004e-01
6.250000e-11,0.000000e+00,0.000000e+00,0.000000e+00,4.440526e-06,-1.577737e-06,-1.432167e-06,4.613653e-07,2.231233e-08,2.231233e-08,-3.090055e-09,4.037029e-10,1.962962e-11,1.032172e-11,1.356613e+00,8.104204e-01,7.788977e-01
6.255000e-11,0.000000e+00,0.000000e+00,0.000000e+00,4.794706e-06,2.134308e-06,-1.875540e-06,4.943388e-07,2.041572e-08,2.041572e-08,-2.745471e-09,3.387675e-10,2.256120e-11,1.040582e-11,1.357069e+00,8.108277e-01,7.788973e-01
6.260000e-11,0.000000e+00,0.000000e+00,0.000000e+00,5.101544e-06,6.015003e-06,-2.240730e-06,5.232216e-07,1.850723e-08,1.850723e-08,-2.356134e-09,2.696781e-10,2.572276e-11,1.038190e-11,1.358076e+00,8.111762e-01,7.788997e-01
6.265000e-11,0.000000e+00,0.000000e+00,0.000000e+00,5.360611e-06,9.817481e-06,-2.521767e-06,5.473156e-07,1.664371e-08,1.664371e-08,-1.929050e-09,1.973239e-10,2.904956e-11,1.025636e-11,1.359613e+00,8.114618e-01,7.789052e-01
6.270000e-11,0.000000e+00,0.000000e+00,0.000000e+00,5.567251e-06,1.331219e-05,-2.714722e-06,5.659971e-07,1.488061e-08,1.488061e-08,-1.471669e-09,1.226549e-10,3.247115e-11,1.003696e-11,1.361647e+00,8.116810e-01,7.789143e-01
6.275000e-11,0.000000e+00,0.000000e+00,0.000000e+00,5.713451e-06,1.631322e-05,-2.817738e-06,5.787314e-07,1.327068e-08,1.327068e-08,-9.917500e-10,4.666671e-11,3.591262e-11,9.732630e-12,1.364135e+00,8.118318e-01,7.789270e-01
6.280000e-11,0.000000e+00,0.000000e+00,0.000000e+00,5.789443e-06,1.869359e-05,-2.831025e-06,5.850847e-07,1.186284e-08,1.186284e-08,-4.972229e-10,-2.961382e-11,3.929594e-11,9.353364e-12,1.367027e+00,8.119134e-01,7.789438e-01
6.285000e-11,0.000000e+00,0.000000e+00,0.000000e+00,5.785618e-06,2.038883e-05,-2.756816e-06,5.847347e-07,1.070104e-08,1.070104e-08,3.955876e-12,-1.051451e-10,4.254136e-11,8.910011e-12,1.370261e+00,8.119263e-01,7.789646e-01
6.290000e-11,0.000000e+00,0.000000e+00,0.000000e+00,5.694356e-06,2.139034e-05,-2.599293e-06,5.774795e-07,9.823227e-09,9.823227e-09,5.039411e-10,-1.788869e-10,4.556891e-11,8.414101e-12,1.373768e+00,8.118722e-01,7.789895e-01
6.295000e-11,0.000000e+00,0.000000e+00,0.000000e+00,5.511455e-06,2.173173e-05,-2.364485e-06,5.632427e-07,9.260451e-09,9.260451e-09,9.951344e-10,-2.498164e-10,4.829982e-11,7.877652e-12,1.377473e+00,8.117541e-01,7.790185e-01
6.300000e-11,0.000000e+00,0.000000e+00,0.000000e+00,5.236956e-06,2.147180e-05,-2.060131e-06,5.420778e-07,9.036116e-09,9.036116e-09,1.470313e-09,-3.169445e-10,5.065813e-11,7.312955e-12,1.381292e+00,8.115763e-01,7.790514e-01
6.305000e-11,0.000000e+00,0.000000e+00,0.000000e+00,4.875308e-06,2.067804e-05,-1.695513e-06,5.141691e-07,9.165368e-09,9.165368e-09,1.922749e-09,-3.793314e-10,5.257203e-11,6.732373e-12,1.385138e+00,8.113441e-01,7.790881e-01
6.310000e-11,0.000000e+00,0.000000e+00,0.000000e+00,4.434939e-06,1.941358e-05,-1.281258e-06,4.798293e-07,9.654663e-09,9.654663e-09,2.346321e-09,-4.361015e-10,5.397536e-11,6.148120e-12,1.388921e+00,8.110639e-01,7.791281e-01
6.315000e-11,0.000000e+00,0.000000e+00,0.000000e+00,3.927403e-06,1.772938e-05,-8.290974e-07,4.394960e-07,1.050151e-08,1.050151e-08,2.735606e-09,-4.864568e-10,5.480891e-11,5.572068e-12,1.392552e+00,8.107428e-01,7.791711e-01
6.320000e-11,0.000000e+00,0.000000e+00,0.000000e+00,3.366299e-06,1.566221e-05,-3.516116e-07,3.937242e-07,1.169440e-08,1.169440e-08,3.085963e-09,-5.296900e-10,5.502166e-11,5.015527e-12,1.395940e+00,8.103889e-01,7.792167e-01
6.325000e-11,0.000000e+00,0.000000e+00,0.000000e+00,2.766186e-06,1.323757e-05,1.380644e-07,3.431766e-07,1.321295e-08,1.321295e-08,3.393599e-09,-5.651955e-10,5.457191e-11,4.489069e-12,1.399003e+00,8.100108e-01,7.792642e-01
6.330000e-11,0.000000e+00,0.000000e+00,0.000000e+00,2.141656e-06,1.047600e-05,6.265444e-07,2.886123e-07,1.502817e-08,1.502817e-08,3.655613e-09,-5.924788e-10,5.342821e-11,4.002333e-12,1.401662e+00,8.096173e-01,7.793132e-01
6.335000e-11,0.000000e+00,0.000000e+00,0.000000e+00,1.506670e-06,7.400839e-06,1.100506e-06,2.308720e-07,1.710300e-08,1.710300e-08,3.870033e-09,-6.111640e-10,5.157019e-11,3.563871e-12,1.403849e+00,8.092176e-01,7.793630e-01
6.340000e-11,0.000000e+00,0.000000e+00,0.000000e+00,8.742053e-07,4.045425e-06,1.547006e-06,1.708627e-07,1.939296e-08,1.939296e-08,4.035822e-09,-6.210002e-10,4.898919e-11,3.181000e-12,1.405503e+00,8.088208e-01,7.794129e-01
6.345000e-11,0.000000e+00,0.000000e+00,0.000000e+00,2.561643e-07,4.581194e-07,1.953780e-06,1.095399e-07,2.184701e-08,2.184701e-08,4.152874e-09,-6.218644e-10,4.568865e-11,2.859672e-12,1.406577e+00,8.084359e-01,7.794622e-01
6.350000e-11,0.000000e+00,0.000000e+00,0.000000e+00,-3.365144e-07,-3.295601e-06,2.309530e-06,4.788922e-08,2.440849e-08,2.440849e-08,4.221991e-09,-6.137637e-10,4.168437e-11,2.604377e-12,1.407035e+00,8.080713e-01,7.795102e-01
6.355000e-11,0.000000e+00,0.000000e+00,0.000000e+00,-8.936591e-07,-7.134270e-06,2.604185e-06,-1.309355e-08,2.701628e-08,2.701628e-08,4.244839e-09,-5.968346e-10,3.700452e-11,2.418070e-12,1.406856e+00,8.077351e-01,7.795562e-01
6.360000e-11,0.000000e+00,0.000000e+00,0.000000e+00,-1.405675e-06,-1.096429e-05,2.829120e-06,-7.242186e-08,2.960601e-08,2.960601e-08,4.223893e-09,-5.713406e-10,3.168944e-11,2.302112e-12,1.406030e+00,8.074344e-01,7.795996e-01
6.365000e-11,0.000000e+00,0.000000e+00,0.000000e+00,-1.863440e-06,-1.468562e-05,2.977354e-06,-1.291386e-07,3.211136e-08,3.211136e-08,4.162363e-09,-5.376672e-10,2.579125e-11,2.256260e-12,1.404560e+00,8.071756e-01,7.796396e-01
6.370000e-11,0.000000e+00,0.000000e+00,0.000000e+00,-2.258341e-06,-1.819828e-05,3.043699e-06,-1.823352e-07,3.446543e-08,3.446543e-08,4.064105e-09,-4.963156e-10,1.937319e-11,2.278661e-12,1.402466e+00,8.069638e-01,7.796756e-01
6.375000e-11,0.000000e+00,0.000000e+00,0.000000e+00,-2.582442e-06,-2.140846e-05,3.024870e-06,-2.311707e-07,3.660215e-08,3.660215e-08,3.933529e-09,-4.478943e-10,1.250891e-11,2.365904e-12,1.399776e+00,8.068030e-01,7.797071e-01
6.380000e-11,0.000000e+00,0.000000e+00,0.000000e+00,-2.828780e-06,-2.423365e-05,2.919555e-06,-2.748887e-07,3.845768e-08,3.845768e-08,3.775484e-09,-3.931086e-10,5.281365e-12,2.513069e-12,1.396535e+00,8.066962e-01,7.797336e-01
6.385000e-11,0.000000e+00,0.000000e+00,0.000000e+00,-2.991724e-06,-2.660609e-05,2.728447e-06,-3.128330e-07,3.997180e-08,3.997180e-08,3.595152e-09,-3.327494e-10,-2.218281e-12,2.713823e-12,1.392798e+00,8.066447e-01,7.797547e-01
6.390000e-11,0.000000e+00,0.000000e+00,0.000000e+00,-3.067347e-06,-2.847453e-05,2.454227e-06,-3.444614e-07,4.108919e-08,4.108919e-08,3.397920e-09,-2.676798e-10,-9.892012e-12,2.960538e-12,1.388628e+00,8.066488e-01,7.797699e-01
6.395000e-11,0.000000e+00,0.000000e+00,0.000000e+00,-3.053748e-06,-2.980447e-05,2.101514e-06,-3.693572e-07,4.176074e-08,4.176074e-08,3.189263e-09,-1.988214e-10,-1.763639e-11,3.244437e-12,1.384102e+00,8.067070e-01,7.797792e-01
6.400000e-11,0.000000e+00,0.000000e+00,0.000000e+00,-2.951289e-06,-3.057719e-05,1.676769e-06,-3.872374e-07,4.194464e-08,4.194464e-08,2.974619e-09,-1.271393e-10,-2.534414e-11,3.555741e-12,1.379303e+00,8.068170e-01,7.797822e-01
6.405000e-11,0.000000e+00,0.000000e+00,0.000000e+00,-2.762699e-06,-3.078813e-05,1.188163e-06,-3.979593e-07,4.160739e-08,4.160739e-08,2.759272e-09,-5.362664e-11,-3.290577e-11,3.883872e-12,1.374319e+00,8.069747e-01,7.797791e-01
6.410000e-11,0.000000e+00,0.000000e+00,0.000000e+00,-2.493054e-06,-3.044498e-05,6.454064e-07,-4.015232e-07,4.072466e-08,4.072466e-08,2.548234e-09,2.071112e-11,-4.021133e-11,4.217631e-12,1.369246e+00,8.071753e-01,7.797698e-01
6.415000e-11,0.000000e+00,0.000000e+00,0.000000e+00,-2.149620e-06,-2.956584e-05,5.954487e-08,-3.980723e-07,3.928195e-08,3.928195e-08,2.346140e-09,9.487197e-11,-4.715209e-11,4.545435e-12,1.364178e+00,8.074126e-01,7.797544e-01
6.420000e-11,0.000000e+00,0.000000e+00,0.000000e+00,-1.741596e-06,-2.817767e-05,-5.572794e-07,-3.878901e-07,3.727509e-08,3.727509e-08,2.157148e-09,1.678729e-10,-5.362229e-11,4.855509e-12,1.359213e+00,8.076796e-01,7.797334e-01
6.425000e-11,0.000000e+00,0.000000e+00,0.000000e+00,-1.279763e-06,-2.631500e-05,-1.192091e-06,-3.713938e-07,3.471052e-08,3.471052e-08,1.984852e-09,2.387648e-10,-5.952090e-11,5.136136e-12,1.354446e+00,8.079685e-01,7.797069e-01
6.430000e-11,0.000000e+00,0.000000e+00,0.000000e+00,-7.760905e-07,-2.401895e-05,-1.831368e-06,-3.491259e-07,3.160535e-08,3.160535e-08,1.832211e-09,3.066471e-10,-6.475320e-11,5.375883e-12,1.349966e+00,8.082709e-01,7.796756e-01
6.435000e-11,0.000000e+00,0.000000e+00,0.000000e+00,-2.432986e-07,-2.133646e-05,-2.461346e-06,-3.217421e-07,2.798724e-08,2.798724e-08,1.701488e-09,3.706803e-10,-6.923238e-11,5.563811e-12,1.345858e+00,8.085780e-01,7.796398e-01
6.440000e-11,0.000000e+00,0.000000e+00,0.000000e+00,3.055701e-07,-1.831950e-05,-3.068324e-06,-2.899977e-07,2.389404e-08,2.389404e-08,1.594204e-09,4.300988e-10,-7.288102e-11,5.689723e-12,1.342198e+00,8.088809e-01,7.796002e-01
6.445000e-11,0.000000e+00,0.000000e+00,0.000000e+00,8.575681e-07,-1.502448e-05,-3.638985e-06,-2.547309e-07,1.937323e-08,1.937323e-08,1.511117e-09,4.842210e-10,-7.563237e-11,5.744348e-12,1.339052e+00,8.091704e-01,7.795574e-01
6.450000e-11,0.000000e+00,0.000000e+00,0.000000e+00,1.400223e-06,-1.151148e-05,-4.160696e-06,-2.168450e-07,1.448114e-08,1.448114e-08,1.452207e-09,5.324584e-10,-7.743151e-11,5.719564e-12,1.336474e+00,8.094378e-01,7.795123e-01
6.455000e-11,0.000000e+00,0.000000e+00,0.000000e+00,1.921868e-06,-7.843673e-06,-4.621803e-06,-1.772889e-07,9.282023e-09,9.282023e-09,1.416689e-09,5.743233e-10,-7.823639e-11,5.608555e-12,1.334505e+00,8.096748e-01,7.794655e-01
6.460000e-11,0.000000e+00,0.000000e+00,0.000000e+00,2.411905e-06,-4.086684e-06,-5.011897e-06,-1.370362e-07,3.846943e-09,3.846943e-09,1.403032e-09,6.094336e-10,-7.801854e-11,5.405991e-12,1.333175e+00,8.098736e-01,7.794177e-01
6.465000e-11,0.000000e+00,0.000000e+00,0.000000e+00,2.861002e-06,-3.080542e-07,-5.322059e-06,-9.706470e-08,-1.747510e-09,-1.747510e-09,1.409005e-09,6.375167e-10,-7.676371e-11,5.108147e-12,1.332498e+00,8.100273e-01,7.793699e-01
6.470000e-11,0.000000e+00,0.000000e+00,0.000000e+00,3.261207e-06,3.423301e-06,-5.545057e-06,-5.833452e-08,-7.420599e-09,-7.420599e-09,1.431732e-09,6.584113e-10,-7.447216e-11,4.713026e-12,1.332474e+00,8.101298e-01,7.793227e-01
6.475000e-11,0.000000e+00,0.000000e+00,0.000000e+00,3.605994e-06,7.037682e-06,-5.675515e-06,-2.176771e-08,-1.308892e-08,-1.308892e-08,1.467765e-09,6.720668e-10,-7.115886e-11,4.220429e-12,1.333090e+00,8.101762e-01,7.792768e-01
6.480000e-11,0.000000e+00,0.000000e+00,0.000000e+00,3.890239e-06,1.046536e-05,-5.710027e-06,1.177204e-08,-1.866798e-08,-1.866798e-08,1.513165e-09,6.785410e-10,-6.685334e-11,3.632012e-12,1.334321e+00,8.101628e-01,7.792331e-01
6.485000e-11,0.000000e+00,0.000000e+00,0.000000e+00,4.110141e-06,1.363757e-05,-5.647229e-06,4.149813e-08,-2.407375e-08,-2.407375e-08,1.563605e-09,6.779963e-10,-6.159936e-11,2.951309e-12,1.336127e+00,8.100874e-01,7.791921e-01
6.490000e-11,0.000000e+00,0.000000e+00,0.000000e+00,4.263111e-06,1.648792e-05,-5.487816e-06,6.671827e-08,-2.922430e-08,-2.922430e-08,1.614466e-09,6.706937e-10,-5.545437e-11,2.183709e-12,1.338460e+00,8.099488e-01,7.791544e-01
6.495000e-11,0.000000e+00,0.000000e+00,0.000000e+00,4.347658e-06,1.895410e-05,-5.234523e-06,8.684957e-08,-3.404133e-08,-3.404133e-08,1.660955e-09,6.569853e-10,-4.848874e-11,1.336414e-12,1.341260e+00,8.097475e-01,7.791205e-01
6.500000e-11,0.000000e+00,0.000000e+00,0.000000e+00,4.363275e-06,2.097995e-05,-4.892039e-06,1.014313e-07,-3.845172e-08,-3.845172e-08,1.698221e-09,6.373056e-10,-4.078476e-11,4.183682e-13,1.344460e+00,8.094854e-01,7.790909e-01
6.505000e-11,0.000000e+00,0.000000e+00,0.000000e+00,4.310365e-06,2.251783e-05,-4.466903e-06,1.101348e-07,-4.238894e-08,-4.238894e-08,1.721472e-09,6.121611e-10,-3.243550e-11,-5.598650e-13,1.347986e+00,8.091656e-01,7.790660e-01
6.510000e-11,0.000000e+00,0.000000e+00,0.000000e+00,4.190207e-06,2.353088e-05,-3.967337e-06,1.127712e-07,-4.579432e-08,-4.579432e-08,1.726095e-09,5.821195e-10,-2.354347e-11,-1.586228e-12,1.351758e+00,8.087928e-01,7.790458e-01
6.515000e-11,0.000000e+00,0.000000e+00,0.000000e+00,4.004974e-06,2.399517e-05,-3.403065e-06,1.092949e-07,-4.861824e-08,-4.861824e-08,1.707769e-09,5.477974e-10,-1.421910e-11,-2.647347e-12,1.355694e+00,8.083727e-01,7.790306e-01
6.520000e-11,0.000000e+00,0.000000e+00,0.000000e+00,3.757789e-06,2.390135e-05,-2.785086e-06,9.980515e-08,-5.082110e-08,-5.082110e-08,1.662578e-09,5.098477e-10,-4.579205e-12,-3.728718e-12,1.359709e+00,8.079122e-01,7.790204e-01
6.525000e-11,0.000000e+00,0.000000e+00,0.000000e+00,3.452810e-06,2.325562e-05,-2.125439e-06,8.454349e-08,-5.237409e-08,-5.237409e-08,1.587114e-09,4.689470e-10,5.254776e-12,-4.814923e-12,1.363717e+00,8.074192e-01,7.790151e-01
6.530000e-11,0.000000e+00,0.000000e+00,0.000000e+00,3.095324e-06,2.207981e-05,-1.436942e-06,6.388879e-08,-5.325982e-08,-5.325982e-08,1.478567e-09,4.257819e-10,1.515854e-11,-5.889866e-12,1.367635e+00,8.069024e-01,7.790146e-01
6.535000e-11,0.000000e+00,0.000000e+00,0.000000e+00,2.691810e-06,2.041060e-05,-7.329215e-07,3.834880e-08,-5.347262e-08,-5.347262e-08,1.334806e-09,3.810370e-10,2.500671e-11,-6.937028e-12,1.371382e+00,8.063710e-01,7.790184e-01
6.540000e-11,0.000000e+00,0.000000e+00,0.000000e+00,2.249959e-06,1.829783e-05,-2.693909e-08,8.549029e-09,-5.301870e-08,-5.301870e-08,1.154448e-09,3.353818e-10,3.467470e-11,-7.939714e-12,1.374882e+00,8.058350e-01,7.790263e-01
6.545000e-11,0.000000e+00,0.000000e+00,0.000000e+00,1.778627e-06,1.580204e-05,6.674851e-07,-2.478095e-08,-5.191602e-08,-5.191602e-08,9.369076e-10,2.894592e-10,4.404051e-11,-8.881334e-12,1.378062e+00,8.053041e-01,7.790379e-01
6.550000e-11,0.000000e+00,0.000000e+00,0.000000e+00,1.287695e-06,1.299162e-05,1.337144e-06,-6.082359e-08,-5.019398e-08,-5.019398e-08,6.824323e-10,2.438743e-10,5.298645e-11,-9.745672e-12,1.380860e+00,8.047885e-01,7.790525e-01
6.555000e-11,0.000000e+00,0.000000e+00,0.000000e+00,7.878522e-07,9.939720e-06,1.969404e-06,-9.869135e-08,-4.789279e-08,-4.789279e-08,3.921214e-10,1.991848e-10,6.140089e-11,-1.051716e-11,1.383219e+00,8.042979e-01,7.790695e-01
6.560000e-11,0.000000e+00,0.000000e+00,0.000000e+00,2.902912e-07,6.721384e-06,2.552456e-06,-1.374463e-07,-4.506274e-08,-4.506274e-08,6.792456e-11,1.558920e-10,6.917979e-11,-1.118113e-11,1.385093e+00,8.038416e-01,7.790885e-01
6.565000e-11,0.000000e+00,0.000000e+00,0.000000e+00,-1.936441e-07,3.411012e-06,3.075547e-06,-1.761208e-07,-4.176317e-08,-4.176317e-08,-2.873760e-10,1.144340e-10,7.622816e-11,-1.172408e-11,1.386446e+00,8.034285e-01,7.791086e-01
6.570000e-11,0.000000e+00,0.000000e+00,0.000000e+00,-6.528461e-07,8.049470e-08,3.529184e-06,-2.137389e-07,-3.806130e-08,-3.806130e-08,-6.702017e-10,7.517926e-11,8.246139e-11,-1.213391e-11,1.387253e+00,8.030665e-01,7.791291e-01
6.575000e-11,0.000000e+00,0.000000e+00,0.000000e+00,-1.076825e-06,-3.201999e-06,3.905325e-06,-2.493384e-07,-3.403089e-08,-3.403089e-08,-1.076231e-09,3.842282e-11,8.780638e-11,-1.240014e-11,1.387500e+00,8.027626e-01,7.791495e-01
6.580000e-11,0.000000e+00,0.000000e+00,0.000000e+00,-1.456059e-06,-6.372623e-06,4.197525e-06,-2.819915e-07,-2.975080e-08,-2.975080e-08,-1.500470e-09,4.383689e-12,9.220243e-11,-1.251411e-11,1.387187e+00,8.025227e-01,7.791690e-01
6.585000e-11,0.000000e+00,0.000000e+00,0.000000e+00,-1.782280e-06,-9.371989e-06,4.401066e-06,-3.108262e-07,-2.530337e-08,-2.530337e-08,-1.937335e-09,-2.679608e-11,9.560208e-11,-1.246917e-11,1.386324e+00,8.023513e-01,7.791869e-01
6.590000e-11,0.000000e+00,0.000000e+00,0.000000e+00,-2.048693e-06,-1.214509e-05,4.513037e-06,-3.350458e-07,-2.077282e-08,-2.077282e-08,-2.380754e-09,-5.505064e-11,9.797154e-11,-1.226076e-11,1.384933e+00,8.022519e-01,7.792027e-01
6.595000e-11,0.000000e+00,0.000000e+00,0.000000e+00,-2.250107e-06,-1.464125e-05,4.532389e-06,-3.539465e-07,-1.624355e-08,-1.624355e-08,-2.824275e-09,-8.038786e-11,9.929107e-11,-1.188662e-11,1.383047e+00,8.022262e-01,7.792159e-01
6.600000e-11,0.000000e+00,0.000000e+00,0.000000e+00,-2.382996e-06,-1.681431e-05,4.459942e-06,-3.669339e-07,-1.179844e-08,-1.179844e-08,-3.261183e-09,-1.028855e-10,9.955506e-11,-1.134676e-11,1.380711e+00,8.022748e-01,7.792258e-01
6.605000e-11,0.000000e+00,0.000000e+00,0.000000e+00,-2.445492e-06,-1.862319e-05,4.298363e-06,-3.735362e-07,-7.517243e-09,-7.517243e-09,-3.684631e-09,-1.226858e-10,9.877187e-11,-1.064360e-11,1.377978e+00,8.023964e-01,7.792321e-01
6.610000e-11,0.000000e+00,0.000000e+00,0.000000e+00,-2.437342e-06,-2.003286e-05,4.052095e-06,-3.734158e-07,-3.474958e-09,-3.474958e-09,-4.087769e-09,-1.399887e-10,9.696352e-11,-9.781893e-12,1.374908e+00,8.025886e-01,7.792345e-01
6.615000e-11,0.000000e+00,0.000000e+00,0.000000e+00,-2.359832e-06,-2.101562e-05,3.727261e-06,-3.663772e-07,2.596365e-10,2.596365e-10,-4.463875e-09,-1.550441e-10,9.416514e-11,-8.768751e-12,1.371571e+00,8.028476e-01,7.792329e-01
6.620000e-11,0.000000e+00,0.000000e+00,0.000000e+00,-2.215706e-06,-2.155243e-05,3.331525e-06,-3.523720e-07,3.625343e-09,3.625343e-09,-4.806489e-09,-1.681434e-10,9.042417e-11,-7.613550e-12,1.368039e+00,8.031681e-01,7.792269e-01
6.625000e-11,0.000000e+00,0.000000e+00,0.000000e+00,-2.009073e-06,-2.163424e-05,2.873925e-06,-3.315016e-07,6.569744e-09,6.569744e-09,-5.109543e-09,-1.796093e-10,8.579949e-11,-6.327826e-12,1.364391e+00,8.035436e-01,7.792168e-01
6.630000e-11,0.000000e+00,0.000000e+00,0.000000e+00,-1.745321e-06,-2.126284e-05,2.364677e-06,-3.040150e-07,9.050212e-09,9.050212e-09,-5.367481e-09,-1.897864e-10,8.036031e-11,-4.925147e-12,1.360704e+00,8.039667e-01,7.792025e-01
6.635000e-11,0.000000e+00,0.000000e+00,0.000000e+00,-1.431020e-06,-2.045115e-05,1.814957e-06,-2.703052e-07,1.103472e-08,1.103472e-08,-5.575376e-09,-1.990303e-10,7.418493e-11,-3.420938e-12,1.357058e+00,8.044289e-01,7.791842e-01
6.640000e-11,0.000000e+00,0.000000e+00,0.000000e+00,-1.073799e-06,-1.922294e-05,1.236661e-06,-2.309015e-07,1.250244e-08,1.250244e-08,-5.729031e-09,-2.076976e-10,6.735937e-11,-1.832276e-12,1.353530e+00,8.049212e-01,7.791622e-01
6.645000e-11,0.000000e+00,0.000000e+00,0.000000e+00,-6.821991e-07,-1.761173e-05,6.421521e-07,-1.864588e-07,1.344407e-08,1.344407e-08,-5.825069e-09,-2.161351e-10,5.997597e-11,-1.776645e-13,1.350194e+00,8.054337e-01,7.791370e-01
6.650000e-11,0.000000e+00,0.000000e+00,0.000000e+00,-2.654882e-07,-1.565926e-05,4.400105e-08,-1.377450e-07,1.386196e-08,1.386196e-08,-5.861008e-09,-2.246704e-10,5.213186e-11,1.523208e-12,1.347120e+00,8.059564e-01,7.791090e-01
6.655000e-11,0.000000e+00,0.000000e+00,0.000000e+00,1.665746e-07,-1.341360e-05,-5.452817e-07,-8.562502e-08,1.376998e-08,1.376998e-08,-5.835323e-09,-2.336017e-10,4.392733e-11,3.249755e-12,1.344371e+00,8.064790e-01,7.790787e-01
6.660000e-11,0.000000e+00,0.000000e+00,0.000000e+00,6.040058e-07,-1.092713e-05,-1.113509e-06,-3.104342e-08,1.319314e-08,1.319314e-08,-5.747482e-09,-2.431903e-10,3.546441e-11,4.980770e-12,1.342002e+00,8.069914e-01,7.790468e-01
6.665000e-11,0.000000e+00,0.000000e+00,0.000000e+00,1.036890e-06,-8.254727e-06,-1.649072e-06,2.499509e-08,1.216698e-08,1.216698e-08,-5.597966e-09,-2.536519e-10,2.684514e-11,6.694717e-12,1.340058e+00,8.074837e-01,7.790139e-01
6.670000e-11,0.000000e+00,0.000000e+00,0.000000e+00,1.455674e-06,-5.452392e-06,-2.141185e-06,8.144621e-08,1.073671e-08,1.073671e-08,-5.388276e-09,-2.651509e-10,1.817016e-11,8.370045e-12,1.338576e+00,8.079464e-01,7.789808e-01
6.675000e-11,0.000000e+00,0.000000e+00,0.000000e+00,1.851448e-06,-2.576232e-06,-2.580106e-06,1.372476e-07,8.956210e-09,8.956210e-09,-5.120914e-09,-2.777948e-10,9.537258e-12,9.985490e-12,1.337583e+00,8.083707e-01,7.789481e-01
6.680000e-11,0.000000e+00,0.000000e+00,0.000000e+00,2.216172e-06,3.180094e-07,-2.957340e-06,1.913408e-07,6.886795e-09,6.886795e-09,-4.799342e-09,-2.916307e-10,1.039910e-12,1.152037e-11,1.337091e+00,8.087488e-01,7.789166e-01
6.685000e-11,0.000000e+00,0.000000e+00,0.000000e+00,2.542855e-06,3.175096e-06,-3.265807e-06,2.426931e-07,4.595826e-09,4.595826e-09,-4.427930e-09,-3.066425e-10,-7.233879e-12,1.295490e-11,1.337106e+00,8.090735e-01,7.788870e-01
6.690000e-11,0.000000e+00,0.000000e+00,0.000000e+00,2.825653e-06,5.940279e-06,-3.499980e-06,2.903189e-07,2.155212e-09,2.155212e-09,-4.011880e-09,-3.227508e-10,-1.520277e-11,1.427043e-11,1.337619e+00,8.093391e-01,7.788601e-01
6.695000e-11,0.000000e+00,0.000000e+00,0.000000e+00,3.059901e-06,8.559336e-06,-3.655987e-06,3.332998e-07,-3.601946e-10,-3.601946e-10,-3.557138e-09,-3.398130e-10,-2.279302e-11,1.544976e-11,1.338613e+00,8.095410e-01,7.788364e-01
6.700000e-11,0.000000e+00,0.000000e+00,0.000000e+00,3.242084e-06,1.097889e-05,-3.731675e-06,3.708040e-07,-2.874262e-09,-2.874262e-09,-3.070286e-09,-3.576260e-10,-2.993937e-11,1.647737e-11,1.340058e+00,8.096759e-01,7.788165e-01
6.705000e-11,0.000000e+00,0.000000e+00,0.000000e+00,3.369759e-06,1.314717e-05,-3.726629e-06,4.021031e-07,-5.311275e-09,-5.311275e-09,-2.558427e-09,-3.759296e-10,-3.658563e-11,1.733959e-11,1.341919e+00,8.097419e-01,7.788011e-01
6.710000e-11,0.000000e+00,0.000000e+00,0.000000e+00,3.441467e-06,1.501521e-05,-3.642164e-06,4.265875e-07,-7.597619e-09,-7.597619e-09,-2.029056e-09,-3.944122e-10,-4.268519e-11,1.802488e-11,1.344149e+00,8.097385e-01,7.787904e-01
6.715000e-11,0.000000e+00,0.000000e+00,0.000000e+00,3.456632e-06,1.653855e-05,-3.481262e-06,4.437784e-07,-9.663419e-09,-9.663419e-09,-1.489922e-09,-4.127167e-10,-4.820132e-11,1.852391e-11,1.346696e+00,8.096667e-01,7.787850e-01
6.720000e-11,0.000000e+00,0.000000e+00,0.000000e+00,3.415500e-06,1.767921e-05,-3.248489e-06,4.533382e-07,-1.144410e-08,-1.144410e-08,-9.488896e-10,-4.304486e-10,-5.310724e-11,1.882973e-11,1.349502e+00,8.095286e-01,7.787850e-01
6.725000e-11,0.000000e+00,0.000000e+00,0.000000e+00,3.319099e-06,1.840771e-05,-2.949870e-06,4.550770e-07,-1.288185e-08,-1.288185e-08,-4.137950e-10,-4.471844e-10,-5.738609e-11,1.893784e-11,1.352503e+00,8.093280e-01,7.787906e-01
6.730000e-11,0.000000e+00,0.000000e+00,0.000000e+00,3.169250e-06,1.870496e-05,-2.592738e-06,4.489568e-07,-1.392688e-08,-1.392688e-08,1.076994e-10,-4.624811e-10,-6.103066e-11,1.884626e-11,1.355635e+00,8.090696e-01,7.788018e-01
6.735000e-11,0.000000e+00,0.000000e+00,0.000000e+00,2.968605e-06,1.856367e-05,-2.185559e-06,4.350918e-07,-1.453863e-08,-1.453863e-08,6.082440e-10,-4.758863e-10,-6.404300e-11,1.855554e-11,1.358828e+00,8.087595e-01,7.788185e-01
6.740000e-11,0.000000e+00,0.000000e+00,0.000000e+00,2.720711e-06,1.798913e-05,-1.737736e-06,4.137466e-07,-1.468664e-08,-1.468664e-08,1.080936e-09,-4.869487e-10,-6.643383e-11,1.806876e-11,1.362016e+00,8.084047e-01,7.788406e-01
6.745000e-11,0.000000e+00,0.000000e+00,0.000000e+00,2.430069e-06,1.699923e-05,-1.259401e-06,3.853303e-07,-1.435132e-08,-1.435132e-08,1.519444e-09,-4.952289e-10,-6.822189e-11,1.739141e-11,1.365130e+00,8.080129e-01,7.788678e-01
6.750000e-11,0.000000e+00,0.000000e+00,0.000000e+00,2.102176e-06,1.562366e-05,-7.611886e-07,3.503883e-07,-1.352438e-08,-1.352438e-08,1.918124e-09,-5.003096e-10,-6.943307e-11,1.653139e-11,1.368106e+00,8.075926e-01,7.788996e-01
6.755000e-11,0.000000e+00,0.000000e+00,0.000000e+00,1.743520e-06,1.390241e-05,-2.540135e-07,3.095910e-07,-1.220915e-08,-1.220915e-08,2.272119e-09,-5.018066e-10,-7.009952e-11,1.549880e-11,1.370880e+00,8.071528e-01,7.789356e-01
6.760000e-11,0.000000e+00,0.000000e+00,0.000000e+00,1.361512e-06,1.188372e-05,2.511607e-07,2.637202e-07,-1.042053e-08,-1.042053e-08,2.577444e-09,-4.993780e-10,-7.025865e-11,1.430585e-11,1.373397e+00,8.067027e-01,7.789751e-01
6.765000e-11,0.000000e+00,0.000000e+00,0.000000e+00,9.643529e-07,9.621717e-06,7.435480e-07,2.136531e-07,-8.184755e-09,-8.184755e-09,2.831052e-09,-4.927336e-10,-6.995209e-11,1.296662e-11,1.375603e+00,8.062518e-01,7.790175e-01
6.770000e-11,0.000000e+00,0.000000e+00,0.000000e+00,5.608361e-07,7.174037e-06,1.212760e-06,1.603447e-07,-5.538882e-09,-5.538882e-09,3.030887e-09,-4.816431e-10,-6.922456e-11,1.149689e-11,1.377454e+00,8.058093e-01,7.790621e-01
6.775000e-11,0.000000e+00,0.000000e+00,0.000000e+00,1.600870e-07,4.599596e-06,1.649018e-06,1.048082e-07,-2.530086e-09,-2.530086e-09,3.175910e-09,-4.659433e-10,-6.812279e-11,9.913867e-12,1.378913e+00,8.053841e-01,7.791080e-01
6.780000e-11,0.000000e+00,0.000000e+00,0.000000e+00,-2.287291e-07,1.956796e-06,2.043343e-06,4.809457e-08,7.853051e-10,7.853051e-10,3.266109e-09,-4.455437e-10,-6.669445e-11,8.235968e-12,1.379951e+00,8.049849e-01,7.791546e-01
6.785000e-11,0.000000e+00,0.000000e+00,0.000000e+00,-5.967145e-07,-6.978005e-07,2.387743e-06,-8.728401e-09,4.342958e-09,4.342958e-09,3.302489e-09,-4.204310e-10,-6.498704e-11,6.482535e-12,1.380547e+00,8.046194e-01,7.792008e-01
6.790000e-11,0.000000e+00,0.000000e+00,0.000000e+00,-9.355352e-07,-3.310275e-06,2.675363e-06,-6.459762e-08,8.071857e-09,8.071857e-09,3.287038e-09,-3.906721e-10,-6.304695e-11,4.673556e-12,1.380691e+00,8.042949e-01,7.792460e-01
6.795000e-11,0.000000e+00,0.000000e+00,0.000000e+00,-1.237683e-06,-5.829747e-06,2.900620e-06,-1.184759e-07,1.189578e-08,1.189578e-08,3.222680e-09,-3.564154e-10,-6.091845e-11,2.829394e-12,1.380383e+00,8.040173e-01,7.792893e-01
6.800000e-11,0.000000e+00,0.000000e+00,0.000000e+00,-1.496685e-06,-8.208491e-06,3.059310e-06,-1.693724e-07,1.573490e-08,1.573490e-08,3.113200e-09,-3.178907e-10,-5.864292e-11,9.704966e-13,1.379631e+00,8.037919e-01,7.793298e-01
6.805000e-11,0.000000e+00,0.000000e+00,0.000000e+00,-1.707258e-06,-1.040196e-05,3.148684e-06,-2.163624e-07,1.950743e-08,1.950743e-08,2.963164e-09,-2.754066e-10,-5.625807e-11,-8.828753e-13,1.378454e+00,8.036225e-01,7.793670e-01
6.810000e-11,0.000000e+00,0.000000e+00,0.000000e+00,-1.865395e-06,-1.236892e-05,3.167495e-06,-2.586051e-07,2.313140e-08,2.313140e-08,2.777811e-09,-2.293479e-10,-5.379735e-11,-2.710924e-12,1.376879e+00,8.035119e-01,7.794000e-01
6.815000e-11,0.000000e+00,0.000000e+00,0.000000e+00,-1.968404e-06,-1.407175e-05,3.116009e-06,-2.953599e-07,2.652635e-08,2.652635e-08,2.562942e-09,-1.801697e-10,-5.128946e-11,-4.494568e-12,1.374943e+00,8.034616e-01,7.794283e-01
6.820000e-11,0.000000e+00,0.000000e+00,0.000000e+00,-2.014897e-06,-1.547712e-05,2.995990e-06,-3.260006e-07,2.961507e-08,2.961507e-08,2.324793e-09,-1.283911e-10,-4.875795e-11,-6.215693e-12,1.372688e+00,8.034715e-01,7.794513e-01
6.825000e-11,0.000000e+00,0.000000e+00,0.000000e+00,-2.004754e-06,-1.655685e-05,2.810648e-06,-3.500270e-07,3.232526e-08,3.232526e-08,2.069898e-09,-7.458723e-11,-4.622111e-11,-7.857362e-12,1.370165e+00,8.035408e-01,7.794687e-01
6.830000e-11,0.000000e+00,0.000000e+00,0.000000e+00,-1.939069e-06,-1.728897e-05,2.564560e-06,-3.670743e-07,3.459110e-08,3.459110e-08,1.804956e-09,-1.938009e-11,-4.369180e-11,-9.404026e-12,1.367429e+00,8.036670e-01,7.794802e-01
6.835000e-11,0.000000e+00,0.000000e+00,0.000000e+00,-1.820085e-06,-1.765883e-05,2.263560e-06,-3.769185e-07,3.635464e-08,3.635464e-08,1.536681e-09,3.657173e-11,-4.117761e-11,-1.084169e-11,1.364539e+00,8.038465e-01,7.794855e-01
6.840000e-11,0.000000e+00,0.000000e+00,0.000000e+00,-1.651133e-06,-1.765994e-05,1.914606e-06,-3.794804e-07,3.756716e-08,3.756716e-08,1.271667e-09,9.258410e-11,-3.868101e-11,-1.215808e-11,1.361558e+00,8.040749e-01,7.794845e-01
6.845000e-11,0.000000e+00,0.000000e+00,0.000000e+00,-1.436556e-06,-1.729462e-05,1.525620e-06,-3.748259e-07,3.819019e-08,3.819019e-08,1.016245e-09,1.479590e-10,-3.619972e-11,-1.334272e-11,1.358549e+00,8.043465e-01,7.794773e-01
6.850000e-11,0.000000e+00,0.000000e+00,0.000000e+00,-1.181632e-06,-1.657403e-05,1.105314e-06,-3.631627e-07,3.819645e-08,3.819645e-08,7.763520e-10,2.019966e-10,-3.372716e-11,-1.438707e-11,1.355576e+00,8.046548e-01,7.794641e-01
6.855000e-11,0.000000e+00,0.000000e+00,0.000000e+00,-8.924729e-07,-1.551783e-05,6.629940e-07,-3.448353e-07,3.757050e-08,3.757050e-08,5.574068e-10,2.540077e-10,-3.125300e-11,-1.528452e-11,1.352702e+00,8.049928e-01,7.794451e-01
6.860000e-11,0.000000e+00,0.000000e+00,0.000000e+00,-5.759033e-07,-1.415334e-05,2.083581e-07,-3.203167e-07,3.630913e-08,3.630913e-08,3.641993e-10,3.033256e-10,-2.876383e-11,-1.603048e-11,1.349986e+00,8.053527e-01,7.794207e-01
6.865000e-11,0.000000e+00,0.000000e+00,0.000000e+00,-2.393030e-07,-1.251425e-05,-2.487155e-07,-2.901972e-07,3.442160e-08,3.442160e-08,2.007907e-10,3.493182e-10,-2.624387e-11,-1.662232e-11,1.347484e+00,8.057265e-01,7.793913e-01
6.870000e-11,0.000000e+00,0.000000e+00,0.000000e+00,1.095771e-07,-1.063926e-05,-6.983827e-07,-2.551714e-07,3.192949e-08,3.192949e-08,7.043176e-11,3.913993e-10,-2.367578e-11,-1.705936e-11,1.345246e+00,8.061058e-01,7.793575e-01
6.875000e-11,0.000000e+00,0.000000e+00,0.000000e+00,4.628242e-07,-8.570618e-06,-1.131046e-06,-2.160229e-07,2.886640e-08,2.886640e-08,-2.450281e-11,4.290389e-10,-2.104142e-11,-1.734279e-11,1.343316e+00,8.064825e-01,7.793200e-01
6.880000e-11,0.000000e+00,0.000000e+00,0.000000e+00,8.125877e-07,-6.352834e-06,-1.537560e-06,-1.736076e-07,2.527738e-08,2.527738e-08,-8.256008e-11,4.617732e-10,-1.832276e-11,-1.747558e-11,1.341732e+00,8.068483e-01,7.792795e-01
6.885000e-11,0.000000e+00,0.000000e+00,0.000000e+00,1.151300e-06,-4.031659e-06,-1.909427e-06,-1.288354e-07,2.121809e-08,2.121809e-08,-1.032355e-10,4.892124e-10,-1.550263e-11,-1.746238e-11,1.340522e+00,8.071955e-01,7.792368e-01
6.890000e-11,0.000000e+00,0.000000e+00,0.000000e+00,1.471882e-06,-1.653370e-06,-2.238974e-06,-8.265076e-08,1.675379e-08,1.675379e-08,-8.697860e-11,5.110483e-10,-1.256560e-11,-1.730935e-11,1.339707e+00,8.075166e-01,7.791926e-01
6.895000e-11,0.000000e+00,0.000000e+00,0.000000e+00,1.767908e-06,7.356471e-07,-2.519515e-06,-3.601344e-08,1.195809e-08,1.195809e-08,-3.517873e-11,5.270593e-10,-9.498687e-12,-1.702400e-11,1.339299e+00,8.078050e-01,7.791477e-01
6.900000e-11,0.000000e+00,0.000000e+00,0.000000e+00,2.033741e-06,3.089133e-06,-2.745486e-06,1.012151e-08,6.911573e-09,6.911573e-09,4.987000e-11,5.371146e-10,-6.292083e-12,-1.661507e-11,1.339300e+00,8.080547e-01,7.791031e-01
6.905000e-11,0.000000e+00,0.000000e+00,0.000000e+00,2.264597e-06,5.361124e-06,-2.912555e-06,5.482321e-08,1.700224e-09,1.700224e-09,1.650229e-10,5.411762e-10,-2.939774e-12,-1.609227e-11,1.339705e+00,8.082606e-01,7.790595e-01
6.910000e-11,0.000000e+00,0.000000e+00,0.000000e+00,2.456583e-06,7.506220e-06,-3.017703e-06,9.720374e-08,-3.586214e-09,-3.586214e-09,3.063574e-10,5.392995e-10,5.599263e-13,-1.546613e-11,1.340500e+00,8.084187e-01,7.790177e-01
6.915000e-11,0.000000e+00,0.000000e+00,0.000000e+00,2.606678e-06,9.480078e-06,-3.059274e-06,1.364358e-07,-8.855978e-09,-8.855978e-09,4.692625e-10,5.316322e-10,4.203962e-12,-1.474782e-11,1.341661e+00,8.085260e-01,7.789785e-01
6.920000e-11,0.000000e+00,0.000000e+00,0.000000e+00,2.712700e-06,1.124020e-05,-3.036997e-06,1.717691e-07,-1.401707e-08,-1.401707e-08,6.485432e-10,5.184109e-10,7.984218e-12,-1.394887e-11,1.343158e+00,8.085805e-01,7.789425e-01
6.925000e-11,0.000000e+00,0.000000e+00,0.000000e+00,2.773251e-06,1.274707e-05,-2.951969e-06,2.025445e-07,-1.897905e-08,-1.897905e-08,8.385381e-10,4.999565e-10,1.188734e-11,-1.308109e-11,1.344956e+00,8.085815e-01,7.789104e-01
6.930000e-11,0.000000e+00,0.000000e+00,0.000000e+00,2.787674e-06,1.396548e-05,-2.806618e-06,2.282069e-07,-2.365476e-08,-2.365476e-08,1.033247e-09,4.766681e-10,1.589468e-11,-1.215625e-11,1.347011e+00,8.085294e-01,7.788827e-01
6.935000e-11,0.000000e+00,0.000000e+00,0.000000e+00,2.756021e-06,1.486609e-05,-2.604633e-06,2.483153e-07,-2.796209e-08,-2.796209e-08,1.226465e-09,4.490153e-10,1.998240e-11,-1.118601e-11,1.349278e+00,8.084258e-01,7.788599e-01
6.940000e-11,0.000000e+00,0.000000e+00,0.000000e+00,2.679049e-06,1.542690e-05,-2.350863e-06,2.625500e-07,-3.182548e-08,-3.182548e-08,1.411926e-09,4.175288e-10,2.412162e-11,-1.018168e-11,1.351704e+00,8.082731e-01,7.788423e-01
6.945000e-11,0.000000e+00,0.000000e+00,0.000000e+00,2.558230e-06,1.563450e-05,-2.051203e-06,2.707183e-07,-3.517747e-08,-3.517747e-08,1.583440e-09,3.827904e-10,2.827885e-11,-9.154110e-12,1.354238e+00,8.080751e-01,7.788302e-01
6.950000e-11,0.000000e+00,0.000000e+00,0.000000e+00,2.395791e-06,1.548502e-05,-1.712452e-06,2.727565e-07,-3.795996e-08,-3.795996e-08,1.735039e-09,3.454220e-10,3.241638e-11,-8.113511e-12,1.356823e+00,8.078363e-01,7.788236e-01
6.955000e-11,0.000000e+00,0.000000e+00,0.000000e+00,2.194748e-06,1.498446e-05,-1.342159e-06,2.687296e-07,-4.012531e-08,-4.012531e-08,1.861110e-09,3.060736e-10,3.649289e-11,-7.069369e-12,1.359406e+00,8.075621e-01,7.788227e-01
6.960000e-11,0.000000e+00,0.000000e+00,0.000000e+00,1.958940e-06,1.414857e-05,-9.484571e-07,2.588286e-07,-4.163732e-08,-4.163732e-08,1.956528e-09,2.654111e-10,4.046411e-11,-6.030339e-12,1.361930e+00,8.072585e-01,7.788272e-01
6.965000e-11,0.000000e+00,0.000000e+00,0.000000e+00,1.693031e-06,1.300205e-05,-5.398811e-07,2.433644e-07,-4.247182e-08,-4.247182e-08,2.016774e-09,2.241036e-10,4.428363e-11,-5.004172e-12,1.364343e+00,8.069322e-01,7.788371e-01
6.970000e-11,0.000000e+00,0.000000e+00,0.000000e+00,1.402484e-06,1.157739e-05,-1.251904e-07,2.227602e-07,-4.261719e-08,-4.261719e-08,2.038045e-09,1.828111e-10,4.790368e-11,-3.997653e-12,1.366594e+00,8.065903e-01,7.788521e-01
6.975000e-11,0.000000e+00,0.000000e+00,0.000000e+00,1.093478e-06,9.913266e-06,2.868183e-07,1.975410e-07,-4.207452e-08,-4.207452e-08,2.017345e-09,1.421721e-10,5.127609e-11,-3.016585e-12,1.368638e+00,8.062400e-01,7.788716e-01
6.980000e-11,0.000000e+00,0.000000e+00,0.000000e+00,7.727810e-07,8.052772e-06,6.874933e-07,1.683215e-07,-4.085754e-08,-4.085754e-08,1.952565e-09,1.027917e-10,5.435314e-11,-2.065772e-12,1.370431e+00,8.058889e-01,7.788953e-01
6.985000e-11,0.000000e+00,0.000000e+00,0.000000e+00,4.475773e-07,6.041727e-06,1.068506e-06,1.357919e-07,-3.899236e-08,-3.899236e-08,1.842540e-09,6.523115e-11,5.708863e-11,-1.149031e-12,1.371938e+00,8.055444e-01,7.789226e-01
6.990000e-11,0.000000e+00,0.000000e+00,0.000000e+00,1.252549e-07,3.927077e-06,1.422023e-06,1.007026e-07,-3.651687e-08,-3.651687e-08,1.687086e-09,2.999708e-11,5.943869e-11,-2.692358e-13,1.373127e+00,8.052135e-01,7.789529e-01
6.995000e-11,0.000000e+00,0.000000e+00,0.000000e+00,-1.868252e-07,1.755606e-06,1.740861e-06,6.384757e-08,-3.348001e-08,-3.348001e-08,1.487024e-09,-2.466810e-12,6.136282e-11,5.716408e-13,1.373977e+00,8.049031e-01,7.789855e-01
7.000000e-11,0.000000e+00,0.000000e+00,0.000000e+00,-4.815657e-07,-4.270064e-07,2.018635e-06,2.604726e-08,-2.994074e-08,-2.994074e-08,1.244170e-09,-3.178752e-11,6.282471e-11,1.372450e-12,1.374471e+00,8.046196e-01,7.790196e-01
7.005000e-11,5.000000e-06,0.000000e+00,5.000000e-06,2.146978e-06,1.298083e-04,2.251555e-06,-1.186837e-08,-2.596688e-08,-2.596688e-08,9.613214e-10,-5.766875e-11,6.379308e-11,2.132788e-12,1.374748e+00,8.043685e-01,7.790546e-01
7.010000e-11,1.000000e-05,0.000000e+00,1.000000e-05,4.285180e-06,6.483633e-05,2.439614e-06,-4.907659e-08,-2.163375e-08,-2.163375e-08,6.422031e-10,-7.989534e-11,6.424240e-11,2.852903e-12,1.375016e+00,8.041550e-01,7.790898e-01
7.015000e-11,1.500000e-05,0.000000e+00,1.500000e-05,5.817686e-06,4.746074e-05,2.586586e-06,-8.477842e-08,-1.702268e-08,-1.702268e-08,2.914107e-10,-9.833604e-11,6.415356e-11,3.533577e-12,1.375471e+00,8.039830e-01,7.791244e-01
7.020000e-11,2.000000e-05,0.000000e+00,2.000000e-05,6.732768e-06,3.224849e-05,2.699140e-06,-1.182144e-07,-1.221939e-08,-1.221939e-08,-8.567443e-11,-1.129445e-10,6.351440e-11,4.176026e-12,1.376257e+00,8.038558e-01,7.791576e-01
7.025000e-11,2.500000e-05,0.000000e+00,2.500000e-05,7.118131e-06,2.150629e-05,2.785568e-06,-1.486793e-07,-7.312339e-09,-7.312339e-09,-4.829842e-10,-1.237584e-10,6.232009e-11,4.781780e-12,1.377449e+00,8.037757e-01,7.791889e-01
7.030000e-11,3.000000e-05,0.000000e+00,3.000000e-05,7.138325e-06,1.672097e-05,2.854541e-06,-1.755347e-07,-2.390982e-09,-2.390982e-09,-8.938776e-10,-1.308973e-10,6.057344e-11,5.352565e-12,1.379064e+00,8.037440e-01,7.792176e-01
7.035000e-11,3.500000e-05,0.000000e+00,3.500000e-05,6.999907e-06,1.834936e-05,2.914147e-06,-1.982206e-07,2.455958e-09,2.455958e-09,-1.311268e-09,-1.345581e-10,5.828504e-11,5.890193e-12,1.381078e+00,8.037611e-01,7.792432e-01
7.040000e-11,4.000000e-05,0.000000e+00,4.000000e-05,6.912477e-06,2.583357e-05,2.971349e-06,-2.162643e-07,7.142197e-09,7.142197e-09,-1.727759e-09,-1.350095e-10,5.547320e-11,6.396443e-12,1.383446e+00,8.038266e-01,7.792651e-01
7.045000e-11,4.500000e-05,0.000000e+00,4.500000e-05,7.053315e-06,3.780079e-05,3.031876e-06,-2.292873e-07,1.158553e-08,1.158553e-08,-2.135792e-09,-1.325847e-10,5.216388e-11,6.872968e-12,1.386129e+00,8.039392e-01,7.792830e-01
7.050000e-11,5.000000e-05,0.000000e+00,5.000000e-05,7.541578e-06,5.238445e-05,3.100459e-06,-2.370097e-07,1.570941e-08,1.570941e-08,-2.527792e-09,-1.276727e-10,4.839032e-11,7.321192e-12,1.389108e+00,8.040969e-01,7.792967e-01
7.055000e-11,5.500000e-05,0.000000e+00,5.500000e-05,8.425439e-06,6.759231e-05,3.181299e-06,-2.392528e-07,1.944433e-08,1.944433e-08,-2.896320e-09,-1.207092e-10,4.419262e-11,7.742238e-12,1.392400e+00,8.042971e-01,7.793057e-01
7.060000e-11,6.000000e-05,0.000000e+00,6.000000e-05,9.682805e-06,8.164923e-05,3.278612e-06,-2.359388e-07,2.272918e-08,2.272918e-08,-3.234221e-09,-1.121654e-10,3.961721e-11,8.136856e-12,1.396055e+00,8.045367e-01,7.793102e-01
7.065000e-11,6.500000e-05,0.000000e+00,6.500000e-05,1.123376e-05,9.325737e-05,3.397106e-06,-2.270884e-07,2.551230e-08,2.551230e-08,-3.534770e-09,-1.025368e-10,3.471609e-11,8.505361e-12,1.400153e+00,8.048121e-01,7.793099e-01
7.070000e-11,7.000000e-05,0.000000e+00,7.000000e-05,1.296105e-05,1.017389e-04,3.542271e-06,-2.128164e-07,2.775242e-08,2.775242e-08,-3.791806e-09,-9.233174e-11,2.954610e-11,8.847612e-12,1.404794e+00,8.051196e-01,7.793051e-01
7.075000e-11,7.500000e-05,0.000000e+00,7.500000e-05,1.473404e-05,1.070525e-04,3.720452e-06,-1.933248e-07,2.941939e-08,2.941939e-08,-3.999865e-09,-8.205922e-11,2.416794e-11,9.162985e-12,1.410084e+00,8.054552e-01,7.792959e-01
7.080000e-11,8.000000e-05,0.000000e+00,8.000000e-05,1.643155e-05,1.096987e-04,3.938652e-06,-1.688950e-07,3.049463e-08,3.049463e-08,-4.154285e-09,-7.221689e-11,1.864528e-11,9.450358e-12,1.416120e+00,8.058151e-01,7.792825e-01
7.085000e-11,8.500000e-05,0.000000e+00,8.500000e-05,1.795999e-05,1.105465e-04,4.204140e-06,-1.398772e-07,3.097141e-08,3.097141e-08,-4.251311e-09,-6.327950e-11,1.304368e-11,9.708151e-12,1.422975e+00,8.061953e-01,7.792654e-01
7.090000e-11,9.000000e-05,0.000000e+00,9.000000e-05,1.926423e-05,1.106225e-04,4.523913e-06,-1.066795e-07,3.085490e-08,3.085490e-08,-4.288177e-09,-5.568772e-11,7.429462e-12,9.934327e-12,1.430694e+00,8.065923e-01,7.792449e-01
7.095000e-11,9.500000e-05,0.000000e+00,9.500000e-05,2.033060e-05,1.109066e-04,4.904105e-06,-6.975530e-08,3.016193e-08,3.016193e-08,-4.263164e-09,-4.983774e-11,1.868754e-12,1.012646e-11,1.439287e+00,8.070028e-01,7.792216e-01
7.100000e-11,1.000000e-04,0.000000e+00,1.000000e-04,2.118269e-05,1.121683e-04,5.349452e-06,-2.959066e-08,2.892062e-08,2.892062e-08,-4.175643e-09,-4.607196e-11,-3.573737e-12,1.028179e-11,1.448731e+00,8.074241e-01,7.791960e-01
7.105000e-11,1.000000e-04,0.000000e+00,1.000000e-04,1.897242e-05,-1.751888e-05,5.861185e-06,1.330854e-08,2.716971e-08,2.716971e-08,-4.026101e-09,-4.467071e-11,-8.835723e-12,1.039729e-11,1.458829e+00,8.078539e-01,7.791688e-01
7.110000e-11,1.000000e-04,0.000000e+00,1.000000e-04,1.718587e-05,4.962701e-05,6.435692e-06,5.842910e-08,2.495776e-08,2.495776e-08,-3.816135e-09,-4.584548e-11,-1.385837e-11,1.046975e-11,1.469300e+00,8.082906e-01,7.791406e-01
7.115000e-11,1.000000e-04,0.000000e+00,1.000000e-04,1.601240e-05,7.064871e-05,7.064529e-06,1.052629e-07,2.234215e-08,2.234215e-08,-3.548432e-09,-4.973353e-11,-1.858729e-11,1.049588e-11,1.479875e+00,8.087334e-01,7.791121e-01
7.120000e-11,1.000000e-04,0.000000e+00,1.000000e-04,1.552835e-05,9.059661e-05,7.735477e-06,1.533186e-07,1.938792e-08,1.938792e-08,-3.226725e-09,-5.639425e-11,-2.297335e-11,1.047242e-11,1.490340e+00,8.091822e-01,7.790839e-01
7.125000e-11,1.000000e-04,0.000000e+00,1.000000e-04,1.569355e-05,1.066594e-04,8.434092e-06,2.021324e-07,1.616650e-08,1.616650e-08,-2.855731e-09,-6.580712e-11,-2.697352e-11,1.039620e-11,1.500562e+00,8.096374e-01,7.790567e-01
7.130000e-11,1.000000e-04,0.000000e+00,1.000000e-04,1.637033e-05,1.168331e-04,9.145328e-06,2.512774e-07,1.275431e-08,1.275431e-08,-2.441063e-09,-7.787145e-11,-3.055151e-11,1.026432e-11,1.510485e+00,8.101004e-01,7.790313e-01
7.135000e-11,1.000000e-04,0.000000e+00,1.000000e-04,1.735872e-05,1.202232e-04,9.854879e-06,3.003712e-07,9.231356e-09,9.231356e-09,-1.989136e-09,-9.240794e-11,-3.367827e-11,1.007418e-11,1.520110e+00,8.105733e-01,7.790082e-01
7.140000e-11,1.000000e-04,0.000000e+00,1.000000e-04,1.843877e-05,1.170901e-04,1.055010e-05,3.490821e-07,5.679672e-09,5.679672e-09,-1.507041e-09,-1.091619e-10,-3.633244e-11,9.823622e-12,1.529480e+00,8.110584e-01,7.789882e-01
7.145000e-11,1.000000e-04,0.000000e+00,1.000000e-04,1.941123e-05,1.086735e-04,1.122041e-05,3.971329e-07,2.181865e-09,2.181865e-09,-1.002425e-09,-1.278083e-10,-3.850056e-11,9.511033e-12,1.538647e+00,8.115590e-01,7.789716e-01
7.150000e-11,1.000000e-04,0.000000e+00,1.000000e-04,2.012925e-05,9.686144e-05,1.185731e-05,4.443038e-07,-1.180398e-09,-1.180398e-09,-4.833405e-10,-1.479581e-10,-4.017718e-11,9.135410e-12,1.547655e+00,8.120785e-01,7.789592e-01
7.155000e-11,1.000000e-04,0.000000e+00,1.000000e-04,2.051656e-05,8.378512e-05,1.245402e-05,4.904322e-07,-4.327826e-09,-4.327826e-09,4.189867e-11,-1.691664e-10,-4.136482e-11,8.696449e-12,1.556524e+00,8.126204e-01,7.789512e-01
7.160000e-11,1.000000e-04,0.000000e+00,1.000000e-04,2.057067e-05,7.142416e-05,1.300497e-05,5.354115e-07,-7.184873e-09,-7.184873e-09,5.648743e-10,-1.909414e-10,-4.207373e-11,8.194613e-12,1.565244e+00,8.131885e-01,7.789482e-01
7.165000e-11,1.000000e-04,0.000000e+00,1.000000e-04,2.035257e-05,6.129127e-05,1.350532e-05,5.791881e-07,-9.681014e-09,-9.681014e-09,1.077221e-09,-2.127554e-10,-4.232159e-11,7.631177e-12,1.573777e+00,8.137867e-01,7.789505e-01
7.170000e-11,1.000000e-04,0.000000e+00,1.000000e-04,1.996653e-05,5.424218e-05,1.395050e-05,6.217567e-07,-1.175189e-08,-1.175189e-08,1.570783e-09,-2.340552e-10,-4.213295e-11,7.008263e-12,1.582062e+00,8.144186e-01,7.789583e-01
7.175000e-11,1.000000e-04,0.000000e+00,1.000000e-04,1.953508e-05,5.042705e-05,1.433603e-05,6.631540e-07,-1.334032e-08,-1.334032e-08,2.037768e-09,-2.542747e-10,-4.153869e-11,6.328860e-12,1.590033e+00,8.150873e-01,7.789717e-01
7.180000e-11,1.000000e-04,0.000000e+00,1.000000e-04,1.917408e-05,4.937243e-05,1.465754e-05,7.034515e-07,-1.439717e-08,-1.439717e-08,2.470893e-09,-2.728471e-10,-4.057521e-11,5.596828e-12,1.597625e+00,8.157960e-01,7.789910e-01
7.185000e-11,1.000000e-04,0.000000e+00,1.000000e-04,1.897246e-05,5.016067e-05,1.491091e-05,7.427476e-07,-1.488201e-08,-1.488201e-08,2.863523e-09,-2.892169e-10,-3.928367e-11,4.816870e-12,1.604791e+00,8.165470e-01,7.790162e-01
7.190000e-11,1.000000e-04,0.000000e+00,1.000000e-04,1.897946e-05,5.166142e-05,1.509269e-05,7.811587e-07,-1.476366e-08,-1.476366e-08,3.209795e-09,-3.028529e-10,-3.770900e-11,3.994514e-12,1.611508e+00,8.173422e-01,7.790472e-01
7.195000e-11,1.000000e-04,0.000000e+00,1.000000e-04,1.920059e-05,5.276661e-05,1.520043e-05,8.188100e-07,-1.402049e-08,-1.402049e-08,3.504731e-09,-3.132601e-10,-3.589895e-11,3.136043e-12,1.617779e+00,8.181827e-01,7.790840e-01
7.200000e-11,1.000000e-04,0.000000e+00,1.000000e-04,1.960181e-05,5.258710e-05,1.523306e-05,8.558261e-07,-1.264060e-08,-1.264060e-08,3.744331e-09,-3.199907e-10,-3.390308e-11,2.248436e-12,1.623634e+00,8.190691e-01,7.791265e-01
7.205000e-11,1.000000e-04,0.000000e+00,1.000000e-04,2.012008e-05,5.058154e-05,1.519112e-05,8.923224e-07,-1.062175e-08,-1.062175e-08,3.925650e-09,-3.226552e-10,-3.177166e-11,1.339281e-12,1.629123e+00,8.200010e-01,7.791744e-01
7.210000e-11,1.000000e-04,0.000000e+00,1.000000e-04,2.067745e-05,4.660457e-05,1.507686e-05,9.283965e-07,-7.971196e-09,-7.971196e-09,4.046859e-09,-3.209318e-10,-2.955467e-11,4.166736e-13,1.634305e+00,8.209772e-01,7.792275e-01
7.215000e-11,1.000000e-04,0.000000e+00,1.000000e-04,2.119582e-05,4.087735e-05,1.489419e-05,9.641202e-07,-4.705304e-09,-4.705304e-09,4.107273e-09,-3.145741e-10,-2.730071e-11,-5.108942e-13,1.639246e+00,8.219959e-01,7.792856e-01
7.220000e-11,1.000000e-04,0.000000e+00,1.000000e-04,2.160960e-05,3.389710e-05,1.464836e-05,9.995329e-07,-8.490410e-10,-8.490410e-10,4.107378e-09,-3.034184e-10,-2.505607e-11,-1.434645e-12,1.644000e+00,8.230542e-01,7.793484e-01
7.225000e-11,1.000000e-04,0.000000e+00,1.000000e-04,2.187446e-05,2.631040e-05,1.434567e-05,1.034636e-06,3.564669e-09,3.564669e-09,4.048814e-09,-2.873888e-10,-2.286374e-11,-2.345668e-12,1.648612e+00,8.241486e-01,7.794156e-01
7.230000e-11,1.000000e-04,0.000000e+00,1.000000e-04,2.197118e-05,1.877805e-05,1.399300e-05,1.069388e-06,8.495703e-09,8.495703e-09,3.934357e-09,-2.665003e-10,-2.076261e-11,-3.235026e-12,1.653106e+00,8.252748e-01,7.794869e-01
7.235000e-11,1.000000e-04,0.000000e+00,1.000000e-04,2.190458e-05,1.185675e-05,1.359736e-05,1.103702e-06,1.389760e-08,1.389760e-08,3.767862e-09,-2.408604e-10,-1.878666e-11,-4.093917e-12,1.657488e+00,8.264279e-01,7.795619e-01
7.240000e-11,1.000000e-04,0.000000e+00,1.000000e-04,2.169864e-05,5.916244e-06,1.316554e-05,1.137445e-06,1.971849e-08,1.971849e-08,3.554207e-09,-2.106691e-10,-1.696438e-11,-4.913796e-12,1.661747e+00,8.276023e-01,7.796403e-01
7.245000e-11,1.000000e-04,0.000000e+00,1.000000e-04,2.138900e-05,1.101429e-06,1.270371e-05,1.170436e-06,2.590205e-08,2.590205e-08,3.299195e-09,-1.762163e-10,-1.531822e-11,-5.686519e-12,1.665860e+00,8.287922e-01,7.797218e-01
7.250000e-11,1.000000e-04,0.000000e+00,1.000000e-04,2.101477e-05,-2.660174e-06,1.221727e-05,1.202449e-06,3.238857e-08,3.238857e-08,3.009463e-09,-1.378784e-10,-1.386421e-11,-6.404470e-12,1.669791e+00,8.299910e-01,7.798061e-01
7.255000e-11,1.000000e-04,0.000000e+00,1.000000e-04,2.061106e-05,-5.613516e-06,1.171073e-05,1.233215e-06,3.911592e-08,3.911592e-08,2.692356e-09,-9.611184e-11,-1.261174e-11,-7.060682e-12,1.673501e+00,8.311922e-01,7.798929e-01
7.260000e-11,1.000000e-04,0.000000e+00,1.000000e-04,2.020353e-05,-8.106992e-06,1.118765e-05,1.262426e-06,4.602056e-08,4.602056e-08,2.355803e-09,-5.144580e-11,-1.156348e-11,-7.648952e-12,1.676953e+00,8.323889e-01,7.799819e-01
7.265000e-11,1.000000e-04,0.000000e+00,1.000000e-04,1.980555e-05,-1.051501e-05,1.065076e-05,1.289744e-06,5.303855e-08,5.303855e-08,2.008176e-09,-4.473326e-12,-1.071542e-11,-8.163938e-12,1.680109e+00,8.335743e-01,7.800728e-01
7.270000e-11,1.000000e-04,0.000000e+00,1.000000e-04,1.941812e-05,-1.316704e-05,1.010202e-05,1.314801e-06,6.010645e-08,6.010645e-08,1.658144e-09,4.415931e-11,-1.005710e-11,-8.601244e-12,1.682937e+00,8.347417e-01,7.801655e-01
7.275000e-11,1.000000e-04,0.000000e+00,1.000000e-04,1.903220e-05,-1.629480e-05,9.542752e-06,1.337209e-06,6.716215e-08,6.716215e-08,1.314517e-09,9.376423e-11,-9.571977e-12,-8.957492e-12,1.685409e+00,8.358844e-01,7.802597e-01
7.280000e-11,1.000000e-04,0.000000e+00,1.000000e-04,1.863250e-05,-2.000421e-05,8.973736e-06,1.356571e-06,7.414570e-08,7.414570e-08,9.861008e-10,1.436246e-10,-9.237881e-12,-9.230363e-12,1.687501e+00,8.369962e-01,7.803552e-01
7.285000e-11,1.000000e-04,0.000000e+00,1.000000e-04,1.820199e-05,-2.427350e-05,8.395309e-06,1.372485e-06,8.099993e-08,8.099993e-08,6.815358e-10,1.930079e-10,-9.027676e-12,-9.418646e-12,1.689189e+00,8.380710e-01,7.804519e-01
7.290000e-11,1.000000e-04,0.000000e+00,1.000000e-04,1.772613e-05,-2.897392e-05,7.807420e-06,1.384553e-06,8.767110e-08,8.767110e-08,4.091532e-10,2.411801e-10,-8.909953e-12,-9.522234e-12,1.690451e+00,8.391033e-01,7.805495e-01
7.295000e-11,1.000000e-04,0.000000e+00,1.000000e-04,1.719606e-05,-3.390609e-05,7.209671e-06,1.392392e-06,9.410930e-08,9.410930e-08,1.768296e-10,2.874192e-10,-8.849877e-12,-9.542124e-12,1.691264e+00,8.400881e-01,7.806481e-01
7.300000e-11,1.000000e-04,0.000000e+00,1.000000e-04,1.661038e-05,-3.884315e-05,6.601338e-06,1.395639e-06,1.002689e-07,1.002689e-07,-8.147281e-12,3.310298e-10,-8.810084e-12,-9.480400e-12,1.691602e+00,8.410206e-01,7.807473e-01
7.305000e-11,1.000000e-04,0.000000e+00,1.000000e-04,1.597532e-05,-4.357209e-05,5.981396e-06,1.393959e-06,1.061086e-07,1.061086e-07,-1.392019e-10,3.713567e-10,-8.751646e-12,-9.340164e-12,1.691440e+00,8.418971e-01,7.808472e-01
7.310000e-11,1.000000e-04,0.000000e+00,1.000000e-04,1.530358e-05,-4.792616e-05,5.348559e-06,1.387055e-06,1.115920e-07,1.115920e-07,-2.105822e-10,4.077977e-10,-8.635061e-12,-9.125498e-12,1.690750e+00,8.427139e-01,7.809475e-01
7.315000e-11,1.000000e-04,0.000000e+00,1.000000e-04,1.461214e-05,-5.180387e-05,4.701330e-06,1.374670e-06,1.166872e-07,1.166872e-07,-2.174559e-10,4.398162e-10,-8.421291e-12,-8.841367e-12,1.689508e+00,8.434683e-01,7.810482e-01
7.320000e-11,1.000000e-04,0.000000e+00,1.000000e-04,1.391960e-05,-5.517323e-05,4.038086e-06,1.356595e-06,1.213669e-07,1.213669e-07,-1.559906e-10,4.669524e-10,-8.072765e-12,-8.493523e-12,1.687692e+00,8.441580e-01,7.811492e-01
7.325000e-11,1.000000e-04,0.000000e+00,1.000000e-04,1.324363e-05,-5.806274e-05,3.357187e-06,1.332673e-06,1.256083e-07,1.256083e-07,-2.341662e-11,4.888327e-10,-7.554347e-12,-8.088406e-12,1.685285e+00,8.447810e-01,7.812502e-01
7.330000e-11,1.000000e-04,0.000000e+00,1.000000e-04,1.259884e-05,-6.054267e-05,2.657096e-06,1.302801e-06,1.293928e-07,1.293928e-07,1.819277e-10,5.051789e-10,-6.834303e-12,-7.633010e-12,1.682277e+00,8.453363e-01,7.813511e-01
7.335000e-11,1.000000e-04,0.000000e+00,1.000000e-04,1.199555e-05,-6.270154e-05,1.936523e-06,1.266933e-06,1.327059e-07,1.327059e-07,4.605697e-10,5.158140e-10,-5.885146e-12,-7.134763e-12,1.678664e+00,8.458230e-01,7.814518e-01
7.340000e-11,1.000000e-04,0.000000e+00,1.000000e-04,1.143939e-05,-6.462287e-05,1.194553e-06,1.225080e-06,1.355367e-07,1.355367e-07,8.118951e-10,5.206675e-10,-4.684416e-12,-6.601383e-12,1.674454e+00,8.462407e-01,7.815520e-01
7.345000e-11,1.000000e-04,0.000000e+00,1.000000e-04,1.093170e-05,-6.636641e-05,4.307780e-07,1.177311e-06,1.378775e-07,1.378775e-07,1.234158e-09,5.197785e-10,-3.215363e-12,-6.040743e-12,1.669662e+00,8.465894e-01,7.816516e-01
7.350000e-11,1.000000e-04,0.000000e+00,1.000000e-04,1.047065e-05,-6.795668e-05,-3.546061e-07,1.123749e-06,1.397234e-07,1.397234e-07,1.724509e-09,5.132962e-10,-1.467468e-12,-5.460724e-12,1.664309e+00,8.468693e-01,7.817502e-01
7.355000e-11,1.000000e-04,0.000000e+00,1.000000e-04,1.005257e-05,-6.938002e-05,-1.160720e-06,1.064574e-06,1.410720e-07,1.410720e-07,2.279043e-09,5.014789e-10,5.631062e-13,-4.869083e-12,1.658426e+00,8.470810e-01,7.818476e-01
7.360000e-11,1.000000e-04,0.000000e+00,1.000000e-04,9.673358e-06,-7.058946e-05,-1.985956e-06,1.000012e-06,1.419229e-07,1.419229e-07,2.892859e-09,4.846911e-10,2.873281e-12,-4.273316e-12,1.652048e+00,8.472252e-01,7.819435e-01
7.365000e-11,1.000000e-04,0.000000e+00,1.000000e-04,9.329688e-06,-7.151561e-05,-2.827961e-06,9.303375e-07,1.422775e-07,1.422775e-07,3.560136e-09,4.633982e-10,5.452928e-12,-3.680519e-12,1.645218e+00,8.473028e-01,7.820375e-01
7.370000e-11,1.000000e-04,0.000000e+00,1.000000e-04,9.019701e-06,-7.208070e-05,-3.683650e-06,8.558671e-07,1.421380e-07,1.421380e-07,4.274222e-09,4.381595e-10,8.284923e-12,-3.097289e-12,1.637979e+00,8.473147e-01,7.821293e-01
7.375000e-11,1.000000e-04,0.000000e+00,1.000000e-04,8.743277e-06,-7.221294e-05,-4.549237e-06,7.769523e-07,1.415080e-07,1.415080e-07,5.027736e-09,4.096192e-10,1.134533e-11,-2.529609e-12,1.630382e+00,8.472618e-01,7.822186e-01
7.380000e-11,1.000000e-04,0.000000e+00,1.000000e-04,8.501799e-06,-7.185853e-05,-5.420286e-06,6.939758e-07,1.403915e-07,1.403915e-07,5.812677e-09,3.784963e-10,1.460378e-11,-1.982755e-12,1.622476e+00,8.471451e-01,7.823049e-01
7.385000e-11,1.000000e-04,0.000000e+00,1.000000e-04,8.297572e-06,-7.098942e-05,-6.291774e-06,6.073453e-07,1.387928e-07,1.387928e-07,6.620538e-09,3.455725e-10,1.802396e-11,-1.461223e-12,1.614316e+00,8.469655e-01,7.823877e-01
7.390000e-11,1.000000e-04,0.000000e+00,1.000000e-04,8.133045e-06,-6.960614e-05,-7.158162e-06,5.174879e-07,1.367164e-07,1.367164e-07,7.442432e-09,3.116789e-10,2.156426e-11,-9.686693e-13,1.605956e+00,8.467240e-01,7.824667e-01
7.395000e-11,1.000000e-04,0.000000e+00,1.000000e-04,8.010023e-06,-6.773559e-05,-8.013473e-06,4.248439e-07,1.341669e-07,1.341669e-07,8.269213e-09,2.776818e-10,2.517856e-11,-5.078705e-13,1.597454e+00,8.464213e-01,7.825415e-01
7.400000e-11,1.000000e-04,0.000000e+00,1.000000e-04,7.929020e-06,-6.542516e-05,-8.851375e-06,3.298622e-07,1.311489e-07,1.311489e-07,9.091603e-09,2.444680e-10,2.881712e-11,-8.070463e-14,1.588868e+00,8.460582e-01,7.826115e-01
7.405000e-11,1.000000e-04,0.000000e+00,1.000000e-04,7.888883e-06,-6.273432e-05,-9.665267e-06,2.329945e-07,1.276667e-07,1.276667e-07,9.900315e-09,2.129288e-10,3.242757e-11,3.118516e-13,1.580256e+00,8.456353e-01,7.826764e-01
7.410000e-11,1.000000e-04,0.000000e+00,1.000000e-04,7.886721e-06,-5.972584e-05,-1.044838e-05,1.346911e-07,1.237248e-07,1.237248e-07,1.068618e-08,1.839447e-10,3.595598e-11,6.697105e-13,1.571677e+00,8.451535e-01,7.827357e-01
7.415000e-11,1.000000e-04,0.000000e+00,1.000000e-04,7.918140e-06,-5.645801e-05,-1.119385e-05,3.539678e-08,1.193278e-07,1.193278e-07,1.144024e-08,1.583692e-10,3.934797e-11,9.936236e-13,1.563187e+00,8.446132e-01,7.827890e-01
7.420000e-11,1.000000e-04,0.000000e+00,1.000000e-04,7.977718e-06,-5.297912e-05,-1.189489e-05,-6.445252e-08,1.144803e-07,1.144803e-07,1.215390e-08,1.370137e-10,4.254991e-11,1.285147e-12,1.554844e+00,8.440152e-01,7.828359e-01
7.425000e-11,1.000000e-04,0.000000e+00,1.000000e-04,8.059604e-06,-4.932500e-05,-1.254483e-05,-1.644325e-07,1.091875e-07,1.091875e-07,1.281899e-08,1.206324e-10,4.551007e-11,1.546556e-12,1.546699e+00,8.433602e-01,7.828760e-01
7.430000e-11,1.000000e-04,0.000000e+00,1.000000e-04,8.158154e-06,-4.551945e-05,-1.313727e-05,-2.641324e-07,1.034550e-07,1.034550e-07,1.342787e-08,1.099084e-10,4.817978e-11,1.780766e-12,1.538803e+00,8.426489e-01,7.829089e-01
7.435000e-11,1.000000e-04,0.000000e+00,1.000000e-04,8.268466e-06,-4.157719e-05,-1.366620e-05,-3.631564e-07,9.728945e-08,9.728945e-08,1.397351e-08,1.054404e-10,5.051457e-11,1.991233e-12,1.531200e+00,8.418825e-01,7.829344e-01
7.440000e-11,1.000000e-04,0.000000e+00,1.000000e-04,8.386753e-06,-3.750837e-05,-1.412611e-05,-4.611244e-07,9.069848e-08,9.069848e-08,1.444956e-08,1.077314e-10,5.247521e-11,2.181849e-12,1.523929e+00,8.410619e-01,7.829522e-01
7.445000e-11,1.000000e-04,0.000000e+00,1.000000e-04,8.510511e-06,-3.332366e-05,-1.451210e-05,-5.576717e-07,8.369115e-08,8.369115e-08,1.485040e-08,1.171784e-10,5.402877e-11,2.356819e-12,1.517027e+00,8.401887e-01,7.829620e-01
7.450000e-11,1.000000e-04,0.000000e+00,1.000000e-04,8.638469e-06,-2.903873e-05,-1.481997e-05,-6.524487e-07,7.627815e-08,7.627815e-08,1.517122e-08,1.340634e-10,5.514937e-11,2.520542e-12,1.510522e+00,8.392646e-01,7.829636e-01
7.455000e-11,1.000000e-04,0.000000e+00,1.000000e-04,8.770361e-06,-2.467741e-05,-1.504632e-05,-7.451196e-07,6.847208e-08,6.847208e-08,1.540798e-08,1.585476e-10,5.581907e-11,2.677487e-12,1.504437e+00,8.382915e-01,7.829568e-01
7.460000e-11,1.000000e-04,0.000000e+00,1.000000e-04,8.906587e-06,-2.027303e-05,-1.518858e-05,-8.353616e-07,6.028767e-08,6.028767e-08,1.555750e-08,1.906656e-10,5.602839e-11,2.832067e-12,1.498791e+00,8.372719e-01,7.829417e-01
7.465000e-11,1.000000e-04,0.000000e+00,1.000000e-04,9.047822e-06,-1.586773e-05,-1.524510e-05,-9.228622e-07,5.174204e-08,5.174204e-08,1.561744e-08,2.303236e-10,5.577683e-11,2.988508e-12,1.493597e+00,8.362086e-01,7.829180e-01
7.470000e-11,1.000000e-04,0.000000e+00,1.000000e-04,9.194666e-06,-1.151006e-05,-1.521514e-05,-1.007318e-06,4.285484e-08,4.285484e-08,1.558630e-08,2.772978e-10,5.507312e-11,3.150750e-12,1.488864e+00,8.351049e-01,7.828859e-01
7.475000e-11,1.000000e-04,0.000000e+00,1.000000e-04,9.347370e-06,-7.251356e-06,-1.509888e-05,-1.088433e-06,3.364846e-08,3.364846e-08,1.546338e-08,3.312364e-10,5.393537e-11,3.322326e-12,1.484596e+00,8.339645e-01,7.828452e-01
7.480000e-11,1.000000e-04,0.000000e+00,1.000000e-04,9.505698e-06,-3.141529e-06,-1.489742e-05,-1.165915e-06,2.414806e-08,2.414806e-08,1.524880e-08,3.916626e-10,5.239095e-11,3.506259e-12,1.480794e+00,8.327916e-01,7.827963e-01
7.485000e-11,1.000000e-04,0.000000e+00,1.000000e-04,9.668927e-06,7.749221e-07,-1.461275e-05,-1.239477e-06,1.438172e-08,1.438172e-08,1.494344e-08,4.579802e-10,5.047630e-11,3.704986e-12,1.477454e+00,8.315909e-01,7.827390e-01
7.490000e-11,1.000000e-04,0.000000e+00,1.000000e-04,9.835962e-06,4.462175e-06,-1.424768e-05,-1.308831e-06,4.380412e-09,4.380412e-09,1.454889e-08,5.294805e-10,4.823645e-11,3.920291e-12,1.474571e+00,8.303674e-01,7.826737e-01
7.495000e-11,1.000000e-04,0.000000e+00,1.000000e-04,1.000555e-05,7.895098e-06,-1.380584e-05,-1.373692e-06,-5.822038e-09,-5.822038e-09,1.406742e-08,6.053519e-10,4.572440e-11,4.153237e-12,1.472135e+00,8.291266e-01,7.826006e-01
7.500000e-11,1.000000e-04,0.000000e+00,1.000000e-04,1.017653e-05,1.105983e-05,-1.329156e-05,-1.433775e-06,-1.618900e-08,-1.618900e-08,1.350193e-08,6.846897e-10,4.300037e-11,4.404143e-12,1.470134e+00,8.278746e-01,7.825200e-01
7.505000e-11,1.000000e-04,0.000000e+00,1.000000e-04,1.034806e-05,1.395297e-05,-1.270984e-05,-1.488794e-06,-2.668120e-08,-2.668120e-08,1.285586e-08,7.665089e-10,4.013081e-11,4.672562e-12,1.468555e+00,8.266176e-01,7.824321e-01
7.510000e-11,1.000000e-04,0.000000e+00,1.000000e-04,1.051983e-05,1.657953e-05,-1.206623e-05,-1.538463e-06,-3.725684e-08,-3.725684e-08,1.213318e-08,8.497572e-10,3.718734e-11,4.957275e-12,1.467381e+00,8.253621e-01,7.823373e-01
7.515000e-11,1.000000e-04,0.000000e+00,1.000000e-04,1.069211e-05,1.895017e-05,-1.136679e-05,-1.582497e-06,-4.787187e-08,-4.787187e-08,1.133827e-08,9.333290e-10,3.424551e-11,5.256332e-12,1.466593e+00,8.241151e-01,7.822359e-01
7.520000e-11,1.000000e-04,0.000000e+00,1.000000e-04,1.086576e-05,2.107798e-05,-1.061796e-05,-1.620616e-06,-5.848021e-08,-5.848021e-08,1.047590e-08,1.016081e-09,3.138350e-11,5.567073e-12,1.466174e+00,8.228835e-01,7.821285e-01
7.525000e-11,1.000000e-04,0.000000e+00,1.000000e-04,1.104211e-05,2.297556e-05,-9.826479e-06,-1.652544e-06,-6.903403e-08,-6.903403e-08,9.551165e-09,1.096848e-09,2.868069e-11,5.886197e-12,1.466104e+00,8.216744e-01,7.820154e-01
7.530000e-11,1.000000e-04,0.000000e+00,1.000000e-04,1.122273e-05,2.465241e-05,-8.999296e-06,-1.678014e-06,-7.948408e-08,-7.948408e-08,8.569387e-09,1.174457e-09,2.621619e-11,6.209837e-12,1.466362e+00,8.204950e-01,7.818971e-01
7.535000e-11,1.000000e-04,0.000000e+00,1.000000e-04,1.140911e-05,2.611327e-05,-8.143458e-06,-1.696769e-06,-8.978003e-08,-8.978003e-08,7.536100e-09,1.247747e-09,2.406737e-11,6.533655e-12,1.466928e+00,8.193522e-01,7.817740e-01
7.540000e-11,1.000000e-04,0.000000e+00,1.000000e-04,1.160243e-05,2.735740e-05,-7.266016e-06,-1.708570e-06,-9.987079e-08,-9.987079e-08,6.456972e-09,1.315580e-09,2.230829e-11,6.852938e-12,1.467783e+00,8.182531e-01,7.816468e-01
7.545000e-11,1.000000e-04,0.000000e+00,1.000000e-04,1.180320e-05,2.837868e-05,-6.373931e-06,-1.713195e-06,-1.097049e-07,-1.097049e-07,5.337762e-09,1.376860e-09,2.100829e-11,7.162724e-12,1.468909e+00,8.172043e-01,7.815158e-01
7.550000e-11,1.000000e-04,0.000000e+00,1.000000e-04,1.201107e-05,2.916669e-05,-5.473982e-06,-1.710450e-06,-1.192310e-07,-1.192310e-07,4.184270e-09,1.430547e-09,2.023045e-11,7.457931e-12,1.470287e+00,8.162122e-01,7.813818e-01
7.555000e-11,1.000000e-04,0.000000e+00,1.000000e-04,1.222465e-05,2.970822e-05,-4.572686e-06,-1.700167e-06,-1.283980e-07,-1.283980e-07,3.002301e-09,1.475670e-09,2.003031e-11,7.733480e-12,1.471902e+00,8.152828e-01,7.812451e-01
7.560000e-11,1.000000e-04,0.000000e+00,1.000000e-04,1.244144e-05,2.998924e-05,-3.676230e-06,-1.682215e-06,-1.371555e-07,-1.371555e-07,1.797621e-09,1.511339e-09,2.045453e-11,7.984443e-12,1.473738e+00,8.144216e-01,7.811065e-01
7.565000e-11,1.000000e-04,0.000000e+00,1.000000e-04,1.265792e-05,2.999674e-05,-2.790415e-06,-1.656502e-06,-1.454543e-07,-1.454543e-07,5.759336e-10,1.536760e-09,2.153977e-11,8.206169e-12,1.475781e+00,8.136335e-01,7.809663e-01
7.570000e-11,1.000000e-04,0.000000e+00,1.000000e-04,1.286967e-05,2.972051e-05,-1.920612e-06,-1.622977e-06,-1.532467e-07,-1.532467e-07,-6.571493e-10,1.551241e-09,2.331167e-11,8.394427e-12,1.478015e+00,8.129230e-01,7.808254e-01
7.575000e-11,1.000000e-04,0.000000e+00,1.000000e-04,1.307156e-05,2.915431e-05,-1.071739e-06,-1.581640e-06,-1.604868e-07,-1.604868e-07,-1.896127e-09,1.554203e-09,2.578402e-11,8.545534e-12,1.480427e+00,8.122938e-01,7.806841e-01
7.580000e-11,1.000000e-04,0.000000e+00,1.000000e-04,1.325806e-05,2.829668e-05,-2.482503e-07,-1.532543e-06,-1.671306e-07,-1.671306e-07,-3.135627e-09,1.545187e-09,2.895809e-11,8.656468e-12,1.483002e+00,8.117489e-01,7.805432e-01
7.585000e-11,1.000000e-04,0.000000e+00,1.000000e-04,1.342356e-05,2.715107e-05,5.458576e-07,-1.475794e-06,-1.731367e-07,-1.731367e-07,-4.370412e-09,1.523859e-09,3.282218e-11,8.724981e-12,1.485724e+00,8.112908e-01,7.804033e-01
7.590000e-11,1.000000e-04,0.000000e+00,1.000000e-04,1.356259e-05,2.572549e-05,1.307028e-06,-1.411557e-06,-1.784662e-07,-1.784662e-07,-5.595391e-09,1.490014e-09,3.735133e-11,8.749697e-12,1.488577e+00,8.109209e-01,7.802648e-01
7.595000e-11,1.000000e-04,0.000000e+00,1.000000e-04,1.367014e-05,2.403182e-05,2.032112e-06,-1.340061e-06,-1.830832e-07,-1.830832e-07,-6.805622e-09,1.443578e-09,4.250731e-11,8.730183e-12,1.491541e+00,8.106401e-01,7.801285e-01
7.600000e-11,1.000000e-04,0.000000e+00,1.000000e-04,1.374187e-05,2.208482e-05,2.718335e-06,-1.261594e-06,-1.869550e-07,-1.869550e-07,-7.996309e-09,1.384605e-09,4.823876e-11,8.667008e-12,1.494596e+00,8.104485e-01,7.799949e-01
7.605000e-11,1.000000e-04,0.000000e+00,1.000000e-04,1.377426e-05,1.990115e-05,3.363247e-06,-1.176507e-06,-1.900521e-07,-1.900521e-07,-9.162803e-09,1.313282e-09,5.448164e-11,8.561783e-12,1.497719e+00,8.103455e-01,7.798647e-01
7.610000e-11,1.000000e-04,0.000000e+00,1.000000e-04,1.376470e-05,1.749841e-05,3.964678e-06,-1.085213e-06,-1.923486e-07,-1.923486e-07,-1.030060e-08,1.229920e-09,6.115976e-11,8.417177e-12,1.500883e+00,8.103296e-01,7.797384e-01
7.615000e-11,1.000000e-04,0.000000e+00,1.000000e-04,1.371157e-05,1.489446e-05,4.520697e-06,-9.881859e-07,-1.938223e-07,-1.938223e-07,-1.140532e-08,1.134952e-09,6.818564e-11,8.236902e-12,1.504060e+00,8.103988e-01,7.796165e-01
7.620000e-11,1.000000e-04,0.000000e+00,1.000000e-04,1.361416e-05,1.210701e-05,5.029563e-06,-8.859579e-07,-1.944546e-07,-1.944546e-07,-1.247273e-08,1.028927e-09,7.546153e-11,8.025693e-12,1.507222e+00,8.105502e-01,7.794998e-01
7.625000e-11,1.000000e-04,0.000000e+00,1.000000e-04,1.347266e-05,9.153540e-06,5.489692e-06,-7.791158e-07,-1.942313e-07,-1.942313e-07,-1.349872e-08,9.125021e-10,8.288057e-11,7.789243e-12,1.510334e+00,8.107807e-01,7.793887e-01
7.630000e-11,1.000000e-04,0.000000e+00,1.000000e-04,1.328811e-05,6.051477e-06,5.899627e-06,-6.682976e-07,-1.931417e-07,-1.931417e-07,-1.447929e-08,7.864338e-10,9.032817e-11,7.534130e-12,1.513365e+00,8.110862e-01,7.792837e-01
7.635000e-11,1.000000e-04,0.000000e+00,1.000000e-04,1.306225e-05,2.818687e-06,6.258019e-06,-5.541871e-07,-1.911797e-07,-1.911797e-07,-1.541055e-08,6.515689e-10,9.768352e-11,7.267712e-12,1.516279e+00,8.114623e-01,7.791854e-01
7.640000e-11,1.000000e-04,0.000000e+00,1.000000e-04,1.279747e-05,-5.259485e-07,6.563610e-06,-4.375084e-07,-1.883433e-07,-1.883433e-07,-1.628873e-08,5.088340e-10,1.048212e-10,6.998010e-12,1.519042e+00,8.119042e-01,7.790944e-01
7.645000e-11,1.000000e-04,0.000000e+00,1.000000e-04,1.249675e-05,-3.961874e-06,6.815235e-06,-3.190196e-07,-1.846347e-07,-1.846347e-07,-1.711018e-08,3.592248e-10,1.116130e-10,6.733556e-12,1.521618e+00,8.124066e-01,7.790110e-01
7.650000e-11,1.000000e-04,0.000000e+00,1.000000e-04,1.216354e-05,-7.466253e-06,7.011829e-06,-1.995060e-07,-1.800606e-07,-1.800606e-07,-1.787135e-08,2.037941e-10,1.179296e-10,6.483253e-12,1.523972e+00,8.129639e-01,7.789357e-01
7.655000e-11,1.000000e-04,0.000000e+00,1.000000e-04,1.180173e-05,-1.101348e-05,7.152440e-06,-7.977261e-08,-1.746322e-07,-1.746322e-07,-1.856880e-08,4.364061e-11,1.236423e-10,6.256184e-12,1.526072e+00,8.135702e-01,7.788689e-01
7.660000e-11,1.000000e-04,0.000000e+00,1.000000e-04,1.141563e-05,-1.457486e-05,7.236255e-06,3.936348e-08,-1.683649e-07,-1.683649e-07,-1.919921e-08,-1.201034e-10,1.286254e-10,6.061437e-12,1.527886e+00,8.142196e-01,7.788110e-01
7.665000e-11,1.000000e-04,0.000000e+00,1.000000e-04,1.100988e-05,-1.811854e-05,7.262626e-06,1.570808e-07,-1.612789e-07,-1.612789e-07,-1.975942e-08,-2.862837e-10,1.327575e-10,5.907911e-12,1.529384e+00,8.149057e-01,7.787624e-01
7.670000e-11,1.000000e-04,0.000000e+00,1.000000e-04,1.058946e-05,-2.160966e-05,7.231107e-06,2.725614e-07,-1.533987e-07,-1.533987e-07,-2.024636e-08,-4.537359e-10,1.359235e-10,5.804117e-12,1.530541e+00,8.156223e-01,7.787232e-01
7.675000e-11,1.000000e-04,0.000000e+00,1.000000e-04,1.015964e-05,-2.501065e-05,7.141494e-06,3.849990e-07,-1.447535e-07,-1.447535e-07,-2.065716e-08,-6.212968e-10,1.380166e-10,5.757986e-12,1.531334e+00,8.163631e-01,7.786938e-01
7.680000e-11,1.000000e-04,0.000000e+00,1.000000e-04,9.725926e-06,-2.828184e-05,6.993864e-06,4.936063e-07,-1.353769e-07,-1.353769e-07,-2.098909e-08,-7.878151e-10,1.389394e-10,5.776659e-12,1.531743e+00,8.171217e-01,7.786742e-01
7.685000e-11,1.000000e-04,0.000000e+00,1.000000e-04,9.294003e-06,-3.138219e-05,6.788620e-06,5.976229e-07,-1.253071e-07,-1.253071e-07,-2.123963e-08,-9.521617e-10,1.386062e-10,5.866316e-12,1.531753e+00,8.178918e-01,7.786647e-01
7.690000e-11,1.000000e-04,0.000000e+00,1.000000e-04,8.869680e-06,-3.427008e-05,6.526532e-06,6.963220e-07,-1.145868e-07,-1.145868e-07,-2.140645e-08,-1.113239e-09,1.369437e-10,6.031984e-12,1.531356e+00,8.186672e-01,7.786653e-01
7.695000e-11,1.000000e-04,0.000000e+00,1.000000e-04,8.458789e-06,-3.690438e-05,6.208778e-06,7.890171e-07,-1.032629e-07,-1.032629e-07,-2.148748e-08,-1.269991e-09,1.338927e-10,6.277377e-12,1.530546e+00,8.194419e-01,7.786760e-01
7.700000e-11,1.000000e-04,0.000000e+00,1.000000e-04,8.067088e-06,-3.924538e-05,5.836984e-06,8.750683e-07,-9.138681e-08,-9.138681e-08,-2.148088e-08,-1.421408e-09,1.294088e-10,6.604752e-12,1.529322e+00,8.202099e-01,7.786967e-01
7.705000e-11,1.000000e-04,0.000000e+00,1.000000e-04,7.700137e-06,-4.125596e-05,5.413256e-06,9.538876e-07,-7.901407e-08,-7.901407e-08,-2.138511e-08,-1.566536e-09,1.234635e-10,7.014767e-12,1.527692e+00,8.209655e-01,7.787273e-01
7.710000e-11,1.000000e-04,0.000000e+00,1.000000e-04,7.363173e-06,-4.290265e-05,4.940211e-06,1.024944e-06,-6.620423e-08,-6.620423e-08,-2.119892e-08,-1.704484e-09,1.160450e-10,7.506398e-12,1.525667e+00,8.217031e-01,7.787676e-01
7.715000e-11,1.000000e-04,0.000000e+00,1.000000e-04,7.060957e-06,-4.415676e-05,4.420995e-06,1.087766e-06,-5.302073e-08,-5.302073e-08,-2.092142e-08,-1.834424e-09,1.071582e-10,8.076848e-12,1.523263e+00,8.224174e-01,7.788173e-01
7.720000e-11,1.000000e-04,0.000000e+00,1.000000e-04,6.797633e-06,-4.499544e-05,3.859298e-06,1.141949e-06,-3.953066e-08,-3.953066e-08,-2.055205e-08,-1.955601e-09,9.682523e-11,8.721500e-12,1.520504e+00,8.231033e-01,7.788761e-01
7.725000e-11,1.000000e-04,0.000000e+00,1.000000e-04,6.576571e-06,-4.540266e-05,3.259359e-06,1.187154e-06,-2.580449e-08,-2.580449e-08,-2.009065e-08,-2.067330e-09,8.508533e-11,9.433902e-12,1.517418e+00,8.237561e-01,7.789436e-01
7.730000e-11,1.000000e-04,0.000000e+00,1.000000e-04,6.400221e-06,-4.537017e-05,2.625954e-06,1.223110e-06,-1.191575e-08,-1.191575e-08,-1.953747e-08,-2.169003e-09,7.199464e-11,1.020577e-11,1.514038e+00,8.243711e-01,7.790193e-01
7.735000e-11,1.000000e-04,0.000000e+00,1.000000e-04,6.269973e-06,-4.489813e-05,1.964385e-06,1.249620e-06,2.059238e-09,2.059238e-09,-1.889318e-08,-2.260086e-09,5.762572e-11,1.102705e-11,1.510401e+00,8.249441e-01,7.791027e-01
7.740000e-11,1.000000e-04,0.000000e+00,1.000000e-04,6.186040e-06,-4.399572e-05,1.280443e-06,1.266555e-06,1.604181e-08,1.604181e-08,-1.815891e-08,-2.340124e-09,4.206688e-11,1.188598e-11,1.506549e+00,8.254711e-01,7.791932e-01
7.745000e-11,1.000000e-04,0.000000e+00,1.000000e-04,6.147357e-06,-4.268134e-05,5.803626e-07,1.273858e-06,2.995136e-08,2.995136e-08,-1.733626e-08,-2.408736e-09,2.542130e-11,1.276920e-11,1.502528e+00,8.259485e-01,7.792901e-01
7.750000e-11,1.000000e-04,0.000000e+00,1.000000e-04,6.151530e-06,-4.098259e-05,-1.292312e-07,1.271545e-06,4.370577e-08,4.370577e-08,-1.642731e-08,-2.465616e-09,7.805969e-12,1.366187e-11,1.498385e+00,8.263729e-01,7.793928e-01
7.755000e-11,1.000000e-04,0.000000e+00,1.000000e-04,6.194813e-06,-3.893577e-05,-8.414008e-07,1.259697e-06,5.722198e-08,5.722198e-08,-1.543463e-08,-2.510530e-09,-1.064958e-11,1.454790e-11,1.494169e+00,8.267413e-01,7.795006e-01
7.760000e-11,1.000000e-04,0.000000e+00,1.000000e-04,6.272144e-06,-3.658511e-05,-1.548979e-06,1.238469e-06,7.041644e-08,7.041644e-08,-1.436133e-08,-2.543314e-09,-2.980462e-11,1.541007e-11,1.489930e+00,8.270512e-01,7.796125e-01
7.765000e-11,1.000000e-04,0.000000e+00,1.000000e-04,6.377244e-06,-3.398146e-05,-2.244672e-06,1.208078e-06,8.320576e-08,8.320576e-08,-1.321100e-08,-2.563875e-09,-4.950880e-11,1.623031e-11,1.485718e+00,8.273003e-01,7.797279e-01
7.770000e-11,1.000000e-04,0.000000e+00,1.000000e-04,6.502774e-06,-3.118060e-05,-2.921164e-06,1.168806e-06,9.550725e-08,9.550725e-08,-1.198777e-08,-2.572181e-09,-6.960376e-11,1.698990e-11,1.481578e+00,8.274867e-01,7.798458e-01
7.775000e-11,1.000000e-04,0.000000e+00,1.000000e-04,6.640567e-06,-2.824126e-05,-3.571244e-06,1.120998e-06,1.072396e-07,1.072396e-07,-1.069627e-08,-2.568262e-09,-8.992487e-11,1.766975e-11,1.477558e+00,8.276090e-01,7.799653e-01
7.780000e-11,1.000000e-04,0.000000e+00,1.000000e-04,6.781920e-06,-2.522275e-05,-4.187935e-06,1.065055e-06,1.183234e-07,1.183234e-07,-9.341636e-09,-2.552205e-09,-1.103030e-10,1.825067e-11,1.473695e+00,8.276661e-01,7.800857e-01
7.785000e-11,1.000000e-04,0.000000e+00,1.000000e-04,6.917955e-06,-2.218255e-05,-4.764620e-06,1.001435e-06,1.286819e-07,1.286819e-07,-7.929523e-09,-2.524152e-09,-1.305665e-10,1.871367e-11,1.470028e+00,8.276577e-01,7.802060e-01
7.790000e-11,1.000000e-04,0.000000e+00,1.000000e-04,7.040015e-06,-1.917393e-05,-5.295184e-06,9.306467e-07,1.382418e-07,1.382418e-07,-6.466056e-09,-2.484294e-09,-1.505426e-10,1.904021e-11,1.466584e+00,8.275835e-01,7.803252e-01
7.795000e-11,1.000000e-04,0.000000e+00,1.000000e-04,7.140101e-06,-1.624376e-05,-5.774143e-06,8.532465e-07,1.469335e-07,1.469335e-07,-4.957829e-09,-2.432870e-09,-1.700601e-10,1.921257e-11,1.463387e+00,8.274440e-01,7.804426e-01
7.800000e-11,1.000000e-04,0.000000e+00,1.000000e-04,7.211296e-06,-1.343084e-05,-6.196764e-06,7.698358e-07,1.546921e-07,1.546921e-07,-3.411882e-09,-2.370161e-09,-1.889501e-10,1.921404e-11,1.460452e+00,8.272401e-01,7.805572e-01
7.805000e-11,1.000000e-04,0.000000e+00,1.000000e-04,7.248176e-06,-1.076481e-05,-6.559184e-06,6.810560e-07,1.614579e-07,1.614579e-07,-1.835668e-09,-2.296489e-09,-2.070485e-10,1.902931e-11,1.457787e+00,8.269732e-01,7.806681e-01
7.810000e-11,1.000000e-04,0.000000e+00,1.000000e-04,7.247148e-06,-8.265858e-06,-6.858499e-06,5.875843e-07,1.671770e-07,1.671770e-07,-2.370258e-10,-2.212211e-09,-2.241977e-10,1.864464e-11,1.455392e+00,8.266454e-01,7.807746e-01
7.815000e-11,1.000000e-04,0.000000e+00,1.000000e-04,7.206701e-06,-5.945192e-06,-7.092837e-06,4.901298e-07,1.718020e-07,1.718020e-07,1.375857e-09,-2.117721e-09,-2.402476e-10,1.804821e-11,1.453259e+00,8.262590e-01,7.808758e-01
7.820000e-11,1.000000e-04,0.000000e+00,1.000000e-04,7.127535e-06,-3.806248e-06,-7.261411e-06,3.894286e-07,1.752923e-07,1.752923e-07,2.994485e-09,-2.013442e-09,-2.550574e-10,1.723030e-11,1.451375e+00,8.258171e-01,7.809709e-01
7.825000e-11,1.000000e-04,0.000000e+00,1.000000e-04,7.012554e-06,-1.846466e-06,-7.364533e-06,2.862392e-07,1.776146e-07,1.776146e-07,4.610095e-09,-1.899829e-09,-2.684972e-10,1.618351e-11,1.449719e+00,8.253230e-01,7.810594e-01
7.830000e-11,1.000000e-04,0.000000e+00,1.000000e-04,6.866715e-06,-5.937618e-08,-7.403608e-06,1.813375e-07,1.787437e-07,1.787437e-07,6.213711e-09,-1.777363e-09,-2.804486e-10,1.490296e-11,1.448266e+00,8.247809e-01,7.811404e-01
7.835000e-11,1.000000e-04,0.000000e+00,1.000000e-04,6.696742e-06,1.563303e-06,-7.381084e-06,7.551177e-08,1.786624e-07,1.786624e-07,7.796185e-09,-1.646553e-09,-2.908062e-10,1.338643e-11,1.446986e+00,8.241951e-01,7.812135e-01
7.840000e-11,1.000000e-04,0.000000e+00,1.000000e-04,6.510728e-06,3.029862e-06,-7.300382e-06,-3.044294e-08,1.773620e-07,1.773620e-07,9.348259e-09,-1.507933e-09,-2.994781e-10,1.163450e-11,1.445849e+00,8.235704e-01,7.812780e-01
7.845000e-11,1.000000e-04,0.000000e+00,1.000000e-04,6.317651e-06,4.347335e-06,-7.165790e-06,-1.357302e-07,1.748429e-07,1.748429e-07,1.086062e-08,-1.362059e-09,-3.063868e-10,9.650625e-12,1.444823e+00,8.229121e-01,7.813336e-01
7.850000e-11,1.000000e-04,0.000000e+00,1.000000e-04,6.126858e-06,5.520935e-06,-6.982333e-06,-2.395581e-07,1.711139e-07,1.711139e-07,1.232396e-08,-1.209515e-09,-3.114698e-10,7.441157e-12,1.443876e+00,8.222256e-01,7.813798e-01
7.855000e-11,1.000000e-04,0.000000e+00,1.000000e-04,5.947556e-06,6.554213e-06,-6.755624e-06,-3.411452e-07,1.661931e-07,1.661931e-07,1.372903e-08,-1.050903e-09,-3.146797e-10,5.015396e-12,1.442980e+00,8.215168e-01,7.814162e-01
7.860000e-11,1.000000e-04,0.000000e+00,1.000000e-04,5.788342e-06,7.449841e-06,-6.491693e-06,-4.397265e-07,1.601077e-07,1.601077e-07,1.506671e-08,-8.868516e-10,-3.159845e-10,2.385545e-12,1.442108e+00,8.207916e-01,7.814427e-01
7.865000e-11,1.000000e-04,0.000000e+00,1.000000e-04,5.656824e-06,8.210815e-06,-6.196812e-06,-5.345602e-07,1.528936e-07,1.528936e-07,1.632809e-08,-7.180110e-10,-3.153675e-10,-4.333689e-13,1.441240e+00,8.200561e-01,7.814591e-01
7.870000e-11,1.000000e-04,0.000000e+00,1.000000e-04,5.559340e-06,8.841775e-06,-5.877319e-06,-6.249334e-07,1.445958e-07,1.445958e-07,1.750451e-08,-5.450535e-10,-3.128273e-10,-3.423587e-12,1.440360e+00,8.193164e-01,7.814653e-01
7.875000e-11,1.000000e-04,0.000000e+00,1.000000e-04,5.500784e-06,9.350147e-06,-5.539440e-06,-7.101690e-07,1.352675e-07,1.352675e-07,1.858762e-08,-3.686740e-10,-3.083773e-10,-6.564779e-12,1.439457e+00,8.185786e-01,7.814612e-01
7.880000e-11,1.000000e-04,0.000000e+00,1.000000e-04,5.484540e-06,9.746837e-06,-5.189125e-06,-7.896316e-07,1.249705e-07,1.249705e-07,1.956950e-08,-1.895897e-10,-3.020454e-10,-9.834208e-12,1.438527e+00,8.178487e-01,7.814469e-01
7.885000e-11,1.000000e-04,0.000000e+00,1.000000e-04,5.512500e-06,1.004628e-05,-4.831904e-06,-8.627339e-07,1.137743e-07,1.137743e-07,2.044265e-08,-8.539381e-12,-2.938733e-10,-1.320695e-11,1.437572e+00,8.171325e-01,7.814227e-01
7.890000e-11,1.000000e-04,0.000000e+00,1.000000e-04,5.585144e-06,1.026582e-05,-4.472756e-06,-9.289426e-07,1.017558e-07,1.017558e-07,2.120011e-08,1.737166e-10,-2.839158e-10,-1.665615e-11,1.436600e+00,8.164355e-01,7.813886e-01
7.895000e-11,1.000000e-04,0.000000e+00,1.000000e-04,5.701652e-06,1.042441e-05,-4.116009e-06,-9.877839e-07,8.899882e-08,8.899882e-08,2.183553e-08,3.563973e-10,-2.722400e-10,-2.015328e-11,1.435625e+00,8.157628e-01,7.813450e-01
7.900000e-11,1.000000e-04,0.000000e+00,1.000000e-04,5.860026e-06,1.054095e-05,-3.765260e-06,-1.038849e-06,7.559338e-08,7.559338e-08,2.234318e-08,5.387021e-10,-2.589245e-10,-2.366842e-11,1.434664e+00,8.151193e-01,7.812923e-01
7.905000e-11,1.000000e-04,0.000000e+00,1.000000e-04,6.057208e-06,1.063242e-05,-3.423335e-06,-1.081797e-06,6.163516e-08,6.163516e-08,2.271803e-08,7.198119e-10,-2.440581e-10,-2.717062e-11,1.433740e+00,8.145092e-01,7.812309e-01
7.910000e-11,1.000000e-04,0.000000e+00,1.000000e-04,6.289180e-06,1.071209e-05,-3.092264e-06,-1.116363e-06,4.722470e-08,4.722470e-08,2.295585e-08,8.988910e-10,-2.277393e-10,-3.062819e-11,1.432877e+00,8.139362e-01,7.811613e-01
7.915000e-11,1.000000e-04,0.000000e+00,1.000000e-04,6.551049e-06,1.078825e-05,-2.773289e-06,-1.142356e-06,3.246664e-08,3.246664e-08,2.305318e-08,1.075089e-09,-2.100748e-10,-3.400906e-11,1.432102e+00,8.134036e-01,7.810840e-01
7.920000e-11,1.000000e-04,0.000000e+00,1.000000e-04,6.837131e-06,1.086350e-05,-2.466904e-06,-1.159665e-06,1.746891e-08,1.746891e-08,2.300745e-08,1.247542e-09,-1.911784e-10,-3.728113e-11,1.431444e+00,8.129140e-01,7.809997e-01
7.925000e-11,1.000000e-04,0.000000e+00,1.000000e-04,7.141042e-06,1.093476e-05,-2.172911e-06,-1.168259e-06,2.341866e-09,2.341866e-09,2.281698e-08,1.415380e-09,-1.711703e-10,-4.041263e-11,1.430932e+00,8.124695e-01,7.809091e-01
7.930000e-11,1.000000e-04,0.000000e+00,1.000000e-04,7.455818e-06,1.099401e-05,-1.890499e-06,-1.168189e-06,-1.280258e-08,-1.280258e-08,2.248102e-08,1.577723e-09,-1.501754e-10,-4.337245e-11,1.430591e+00,8.120713e-01,7.808129e-01
7.935000e-11,1.000000e-04,0.000000e+00,1.000000e-04,7.774068e-06,1.102955e-05,-1.618345e-06,-1.159586e-06,-2.785187e-08,-2.785187e-08,2.199981e-08,1.733690e-09,-1.283229e-10,-4.613050e-11,1.430447e+00,8.117204e-01,7.807118e-01
7.940000e-11,1.000000e-04,0.000000e+00,1.000000e-04,8.088175e-06,1.102764e-05,-1.354728e-06,-1.142660e-06,-4.269376e-08,-4.269376e-08,2.137456e-08,1.882404e-09,-1.057448e-10,-4.865804e-11,1.430522e+00,8.114169e-01,7.806067e-01
7.945000e-11,1.000000e-04,0.000000e+00,1.000000e-04,8.390535e-06,1.097418e-05,-1.097649e-06,-1.117696e-06,-5.721719e-08,-5.721719e-08,2.060748e-08,2.022993e-09,-8.257469e-11,-5.092801e-11,1.430833e+00,8.111606e-01,7.804982e-01
7.950000e-11,1.000000e-04,0.000000e+00,1.000000e-04,8.673824e-06,1.085621e-05,-8.449619e-07,-1.085053e-06,-7.131325e-08,-7.131325e-08,1.970183e-08,2.154596e-09,-5.894753e-11,-5.291529e-11,1.431393e+00,8.109506e-01,7.803874e-01
7.955000e-11,1.000000e-04,0.000000e+00,1.000000e-04,8.931278e-06,1.066299e-05,-5.945068e-07,-1.045159e-06,-8.487608e-08,-8.487608e-08,1.866185e-08,2.276370e-09,-3.499808e-11,-5.459702e-11,1.432210e+00,8.107857e-01,7.802750e-01
7.960000e-11,1.000000e-04,0.000000e+00,1.000000e-04,9.156950e-06,1.038660e-05,-3.442350e-07,-9.985021e-07,-9.780380e-08,-9.780380e-08,1.749281e-08,2.387494e-09,-1.086036e-11,-5.595282e-11,1.433286e+00,8.106641e-01,7.801618e-01
7.965000e-11,1.000000e-04,0.000000e+00,1.000000e-04,9.345940e-06,1.002189e-05,-9.233116e-08,-9.456287e-07,-1.099993e-07,-1.099993e-07,1.620097e-08,2.487179e-09,1.333316e-11,-5.696503e-11,1.434615e+00,8.105838e-01,7.800488e-01
7.970000e-11,1.000000e-04,0.000000e+00,1.000000e-04,9.494551e-06,9.566038e-06,1.626786e-07,-8.871328e-07,-1.213713e-07,-1.213713e-07,1.479356e-08,2.574667e-09,3.745226e-11,-5.761887e-11,1.436187e+00,8.105426e-01,7.799368e-01
7.975000e-11,1.000000e-04,0.000000e+00,1.000000e-04,9.600378e-06,9.017727e-06,4.218335e-07,-8.236497e-07,-1.318348e-07,-1.318348e-07,1.327876e-08,2.649245e-09,6.136953e-11,-5.790261e-11,1.437984e+00,8.105380e-01,7.798266e-01
7.980000e-11,1.000000e-04,0.000000e+00,1.000000e-04,9.662308e-06,8.376171e-06,6.856636e-07,-7.558474e-07,-1.413121e-07,-1.413121e-07,1.166563e-08,2.710247e-09,8.496098e-11,-5.780771e-11,1.439986e+00,8.105673e-01,7.797190e-01
7.985000e-11,1.000000e-04,0.000000e+00,1.000000e-04,9.680450e-06,7.640229e-06,9.541376e-07,-6.844176e-07,-1.497333e-07,-1.497333e-07,9.964081e-09,2.757063e-09,1.081065e-10,-5.732887e-11,1.442162e+00,8.106278e-01,7.796148e-01
7.990000e-11,1.000000e-04,0.000000e+00,1.000000e-04,9.655979e-06,6.807759e-06,1.226632e-06,-6.100672e-07,-1.570374e-07,-1.570374e-07,8.184834e-09,2.789145e-09,1.306901e-10,-5.646409e-11,1.444482e+00,8.107168e-01,7.795147e-01
7.995000e-11,1.000000e-04,0.000000e+00,1.000000e-04,9.590951e-06,5.875329e-06,1.501926e-06,-5.335088e-07,-1.631719e-07,-1.631719e-07,6.339321e-09,2.806013e-09,1.526005e-10,-5.521467e-11,1.446910e+00,8.108316e-01,7.794193e-01
8.000000e-11,1.000000e-04,0.000000e+00,1.000000e-04,9.488074e-06,4.838357e-06,1.778214e-06,-4.554524e-07,-1.680944e-07,-1.680944e-07,4.439631e-09,2.807261e-09,1.737311e-10,-5.358521e-11,1.449408e+00,8.109697e-01,7.793294e-01
8.005000e-11,9.500000e-05,0.000000e+00,9.500000e-05,6.451158e-06,-1.286935e-04,2.051477e-06,-3.765971e-07,-1.717722e-07,-1.717722e-07,2.498424e-09,2.792565e-09,1.939805e-10,-5.158354e-11,1.451786e+00,8.111287e-01,7.792456e-01
8.010000e-11,9.000000e-05,0.000000e+00,9.000000e-05,3.902413e-06,-6.709240e-05,2.314449e-06,-2.976241e-07,-1.741829e-07,-1.741829e-07,5.288475e-10,2.761689e-09,2.132522e-10,-4.922059e-11,1.453797e+00,8.113063e-01,7.791682e-01
8.015000e-11,8.500000e-05,0.000000e+00,8.500000e-05,1.963873e-06,-5.317069e-05,2.556778e-06,-2.191898e-07,-1.753144e-07,-1.753144e-07,-1.455559e-09,2.714486e-09,2.314555e-10,-4.651032e-11,1.455209e+00,8.115005e-01,7.790979e-01
8.020000e-11,8.000000e-05,0.000000e+00,8.000000e-05,6.514739e-07,-4.151523e-05,2.766041e-06,-1.419193e-07,-1.751656e-07,-1.751656e-07,-3.440964e-09,2.650909e-09,2.485045e-10,-4.346954e-11,1.455852e+00,8.117094e-01,7.790350e-01
8.025000e-11,7.500000e-05,0.000000e+00,7.500000e-05,-1.209962e-07,-3.445611e-05,2.929132e-06,-6.640180e-08,-1.737456e-07,-1.737456e-07,-5.413344e-09,2.571011e-09,2.643191e-10,-4.011770e-11,1.455632e+00,8.119314e-01,7.789798e-01
8.030000e-11,7.000000e-05,0.000000e+00,7.000000e-05,-5.191783e-07,-3.349683e-05,3.033599e-06,6.814086e-09,-1.710743e-07,-1.710743e-07,-7.358596e-09,2.474951e-09,2.788245e-10,-3.647675e-11,1.454519e+00,8.121648e-01,7.789325e-01
8.035000e-11,6.500000e-05,0.000000e+00,6.500000e-05,-7.527589e-07,-3.909404e-05,3.068659e-06,7.722287e-08,-1.671818e-07,-1.671818e-07,-9.262644e-09,2.362994e-09,2.919517e-10,-3.257084e-11,1.452534e+00,8.124083e-01,7.788934e-01
8.040000e-11,6.000000e-05,0.000000e+00,6.000000e-05,-1.035619e-06,-5.066461e-05,3.025771e-06,1.443640e-07,-1.621083e-07,-1.621083e-07,-1.111155e-08,2.235517e-09,3.036368e-10,-2.842612e-11,1.449721e+00,8.126603e-01,7.788626e-01
8.045000e-11,5.500000e-05,0.000000e+00,5.500000e-05,-1.549335e-06,-6.677991e-05,2.898748e-06,2.078226e-07,-1.559040e-07,-1.559040e-07,-1.289164e-08,2.093008e-09,3.138217e-10,-2.407050e-11,1.446125e+00,8.129196e-01,7.788400e-01
8.050000e-11,5.000000e-05,0.000000e+00,5.000000e-05,-2.416127e-06,-8.548514e-05,2.683486e-06,2.672287e-07,-1.486279e-07,-1.486279e-07,-1.458961e-08,1.936068e-09,3.224539e-10,-1.953333e-11,1.441773e+00,8.131845e-01,7.788256e-01
8.055000e-11,4.500000e-05,0.000000e+00,4.500000e-05,-3.684797e-06,-1.046691e-04,2.377445e-06,3.222558e-07,-1.403479e-07,-1.403479e-07,-1.619261e-08,1.765409e-09,3.294865e-10,-1.484513e-11,1.436662e+00,8.134533e-01,7.788193e-01
8.060000e-11,4.000000e-05,0.000000e+00,4.000000e-05,-5.330447e-06,-1.224120e-04,1.979041e-06,3.726183e-07,-1.311401e-07,-1.311401e-07,-1.768843e-08,1.581852e-09,3.348783e-10,-1.003739e-11,1.430758e+00,8.137241e-01,7.788209e-01
8.065000e-11,3.500000e-05,0.000000e+00,3.500000e-05,-7.266240e-06,-1.372541e-04,1.487095e-06,4.180684e-07,-1.210878e-07,-1.210878e-07,-1.906552e-08,1.386328e-09,3.385938e-10,-5.142171e-12,1.423998e+00,8.139944e-01,7.788303e-01
8.070000e-11,3.000000e-05,0.000000e+00,3.000000e-05,-9.363643e-06,-1.483487e-04,9.004624e-07,4.583920e-07,-1.102807e-07,-1.102807e-07,-2.031315e-08,1.179871e-09,3.406037e-10,-1.919231e-13,1.416305e+00,8.142618e-01,7.788470e-01
8.075000e-11,2.500000e-05,0.000000e+00,2.500000e-05,-1.147665e-05,-1.554912e-04,2.179096e-07,4.934044e-07,-9.881442e-08,-9.881442e-08,-2.142151e-08,9.636151e-10,3.408846e-10,4.780831e-12,1.407599e+00,8.145231e-01,7.788707e-01
8.080000e-11,2.000000e-05,0.000000e+00,2.000000e-05,-1.346545e-05,-1.590383e-04,-5.617445e-07,5.229453e-07,-8.678945e-08,-8.678945e-08,-2.238176e-08,7.387901e-10,3.394194e-10,9.743739e-12,1.397816e+00,8.147748e-01,7.789009e-01
8.085000e-11,1.500000e-05,0.000000e+00,1.500000e-05,-1.521590e-05,-1.597484e-04,-1.439252e-06,5.468742e-07,-7.431000e-08,-7.431000e-08,-2.318617e-08,5.067134e-10,3.361974e-10,1.466488e-11,1.386921e+00,8.150130e-01,7.789373e-01
8.090000e-11,1.000000e-05,0.000000e+00,1.000000e-05,-1.665219e-05,-1.585856e-04,-2.414397e-06,5.650653e-07,-6.148327e-08,-6.148327e-08,-2.382813e-08,2.687835e-10,3.312148e-10,1.951298e-11,1.374917e+00,8.152332e-01,7.789793e-01
8.095000e-11,5.000000e-06,0.000000e+00,5.000000e-06,-1.774215e-05,-1.565270e-04,-3.485386e-06,5.774030e-07,-4.841838e-08,-4.841838e-08,-2.430229e-08,2.647149e-11,3.244745e-10,2.425767e-11,1.361853e+00,8.154304e-01,7.790264e-01
8.100000e-11,0.000000e+00,0.000000e+00,0.000000e+00,-1.849541e-05,-1.544080e-04,-4.648271e-06,5.837780e-07,-3.522540e-08,-3.522540e-08,-2.460458e-08,-2.186877e-10,3.159867e-10,2.886964e-11,1.347822e+00,8.155993e-01,7.790780e-01
8.105000e-11,0.000000e+00,0.000000e+00,0.000000e+00,-1.605694e-05,-2.044025e-05,-5.894805e-06,5.840842e-07,-2.201436e-08,-2.201436e-08,-2.473225e-08,-4.651059e-10,3.057690e-10,3.332087e-11,1.333104e+00,8.157338e-01,7.791335e-01
8.110000e-11,0.000000e+00,0.000000e+00,0.000000e+00,-1.391492e-05,-8.261598e-05,-7.211085e-06,5.782169e-07,-8.894262e-09,-8.894262e-09,-2.468394e-08,-7.111518e-10,2.938471e-10,3.758474e-11,1.318071e+00,8.158277e-01,7.791924e-01
8.115000e-11,0.000000e+00,0.000000e+00,0.000000e+00,-1.227147e-05,-9.824775e-05,-8.577576e-06,5.660718e-07,4.027823e-09,4.027823e-09,-2.445965e-08,-9.551630e-10,2.802543e-10,4.163621e-11,1.303097e+00,8.158742e-01,7.792539e-01
8.120000e-11,0.000000e+00,0.000000e+00,0.000000e+00,-1.122673e-05,-1.126895e-04,-9.970238e-06,5.475451e-07,1.664767e-08,1.664767e-08,-2.406082e-08,-1.195457e-09,2.650324e-10,4.545197e-11,1.288499e+00,8.158664e-01,7.793174e-01
8.125000e-11,0.000000e+00,0.000000e+00,0.000000e+00,-1.077452e-05,-1.234291e-04,-1.136222e-05,5.225344e-07,2.886476e-08,2.886476e-08,-2.349028e-08,-1.430347e-09,2.482318e-10,4.901045e-11,1.274519e+00,8.157969e-01,7.793823e-01
8.130000e-11,0.000000e+00,0.000000e+00,0.000000e+00,-1.081880e-05,-1.287121e-04,-1.272571e-05,4.909418e-07,4.058304e-08,4.058304e-08,-2.275226e-08,-1.658148e-09,2.299116e-10,5.229200e-11,1.261316e+00,8.156585e-01,7.794481e-01
8.135000e-11,0.000000e+00,0.000000e+00,0.000000e+00,-1.120477e-05,-1.278010e-04,-1.403359e-05,4.526779e-07,5.171167e-08,5.171167e-08,-2.185235e-08,-1.877199e-09,2.101399e-10,5.527889e-11,1.248978e+00,8.154440e-01,7.795139e-01
8.140000e-11,0.000000e+00,0.000000e+00,0.000000e+00,-1.175611e-05,-1.209900e-04,-1.526070e-05,4.076671e-07,6.216563e-08,6.216563e-08,-2.079750e-08,-2.085869e-09,1.889940e-10,5.795538e-11,1.237539e+00,8.151466e-01,7.795792e-01
8.145000e-11,0.000000e+00,0.000000e+00,0.000000e+00,-1.231011e-05,-1.094204e-04,-1.638473e-05,3.558543e-07,7.186634e-08,7.186634e-08,-1.959591e-08,-2.282575e-09,1.665602e-10,6.030772e-11,1.227001e+00,8.147597e-01,7.796434e-01
8.150000e-11,0.000000e+00,0.000000e+00,0.000000e+00,-1.274441e-05,-9.476449e-05,-1.738661e-05,2.972124e-07,8.074208e-08,8.074208e-08,-1.825701e-08,-2.465794e-09,1.429341e-10,6.232420e-11,1.217350e+00,8.142776e-01,7.797059e-01
8.155000e-11,0.000000e+00,0.000000e+00,0.000000e+00,-1.299163e-05,-7.885910e-05,-1.825065e-05,2.317513e-07,8.872841e-08,8.872841e-08,-1.679138e-08,-2.634075e-09,1.182207e-10,6.399509e-11,1.208571e+00,8.136954e-01,7.797661e-01
8.160000e-11,0.000000e+00,0.000000e+00,0.000000e+00,-1.304110e-05,-6.336493e-05,-1.896439e-05,1.595265e-07,9.576846e-08,9.576846e-08,-1.521066e-08,-2.786056e-09,9.253385e-11,6.531267e-11,1.200655e+00,8.130090e-01,7.798233e-01
8.165000e-11,0.000000e+00,0.000000e+00,0.000000e+00,-1.292948e-05,-4.951070e-05,-1.951836e-05,8.064849e-08,1.018132e-07,1.018132e-07,-1.352747e-08,-2.920472e-09,6.599631e-11,6.627117e-11,1.193601e+00,8.122159e-01,7.798771e-01
8.170000e-11,0.000000e+00,0.000000e+00,0.000000e+00,-1.272383e-05,-3.795594e-05,-1.990592e-05,-4.707852e-09,1.068213e-07,1.068213e-07,-1.175529e-08,-3.036170e-09,3.873948e-11,6.686675e-11,1.187411e+00,8.113147e-01,7.799268e-01
8.175000e-11,0.000000e+00,0.000000e+00,0.000000e+00,-1.250151e-05,-2.877903e-05,-2.012304e-05,-9.629429e-08,1.107598e-07,1.107598e-07,-9.908323e-09,-3.132121e-09,1.090297e-11,6.709741e-11,1.182084e+00,8.103056e-01,7.799719e-01
8.180000e-11,0.000000e+00,0.000000e+00,0.000000e+00,-1.233130e-05,-2.157353e-05,-2.016824e-05,-1.937811e-07,1.136033e-07,1.136033e-07,-8.001450e-09,-3.207427e-09,-1.736591e-11,6.696299e-11,1.177610e+00,8.091903e-01,7.800120e-01
8.185000e-11,0.000000e+00,0.000000e+00,0.000000e+00,-1.225910e-05,-1.561833e-05,-2.004259e-05,-2.967498e-07,1.153344e-07,1.153344e-07,-6.050038e-09,-3.261334e-09,-4.591268e-11,6.646508e-11,1.173965e+00,8.079721e-01,7.800464e-01
8.190000e-11,0.000000e+00,0.000000e+00,0.000000e+00,-1.230033e-05,-1.007952e-05,-1.974976e-05,-4.046876e-07,1.159432e-07,1.159432e-07,-4.069836e-09,-3.293242e-09,-7.457638e-11,6.560695e-11,1.171104e+00,8.066562e-01,7.800748e-01
8.195000e-11,0.000000e+00,0.000000e+00,0.000000e+00,-1.243956e-05,-4.202362e-06,-1.929600e-05,-5.169828e-07,1.154276e-07,1.154276e-07,-2.076837e-09,-3.302707e-09,-1.031904e-10,6.439353e-11,1.168969e+00,8.052492e-01,7.800966e-01
8.200000e-11,0.000000e+00,0.000000e+00,0.000000e+00,-1.263640e-05,2.540311e-06,-1.869008e-05,-6.329233e-07,1.137924e-07,1.137924e-07,-8.714543e-11,-3.289453e-09,-1.315832e-10,6.283127e-11,1.167486e+00,8.037595e-01,7.801114e-01
8.205000e-11,0.000000e+00,0.000000e+00,0.000000e+00,-1.283575e-05,1.036383e-05,-1.794310e-05,-7.516959e-07,1.110494e-07,1.110494e-07,1.883163e-09,-3.253374e-09,-1.595794e-10,6.092817e-11,1.166575e+00,8.021970e-01,7.801188e-01
8.210000e-11,0.000000e+00,0.000000e+00,0.000000e+00,-1.298002e-05,1.915775e-05,-1.706822e-05,-8.723894e-07,1.072171e-07,1.072171e-07,3.818177e-09,-3.194540e-09,-1.870011e-10,5.869363e-11,1.166156e+00,8.005731e-01,7.801184e-01
8.215000e-11,0.000000e+00,0.000000e+00,0.000000e+00,-1.302057e-05,2.853472e-05,-1.608020e-05,-9.939989e-07,1.023200e-07,1.023200e-07,5.702283e-09,-3.113197e-09,-2.136685e-10,5.613846e-11,1.166158e+00,7.989002e-01,7.801098e-01
8.220000e-11,0.000000e+00,0.000000e+00,0.000000e+00,-1.292663e-05,3.792472e-05,-1.499492e-05,-1.115433e-06,9.638890e-08,9.638890e-08,7.520296e-09,-3.009768e-09,-2.394013e-10,5.327479e-11,1.166520e+00,7.971921e-01,7.800926e-01
8.225000e-11,0.000000e+00,0.000000e+00,0.000000e+00,-1.269012e-05,4.669130e-05,-1.382884e-05,-1.235525e-06,8.946000e-08,8.946000e-08,9.257589e-09,-2.884855e-09,-2.640204e-10,5.011603e-11,1.167199e+00,7.954635e-01,7.800665e-01
8.230000e-11,0.000000e+00,0.000000e+00,0.000000e+00,-1.232610e-05,5.424629e-05,-1.259845e-05,-1.353044e-06,8.157487e-08,8.157487e-08,1.090021e-08,-2.739234e-09,-2.873487e-10,4.667683e-11,1.168166e+00,7.937295e-01,7.800312e-01
8.235000e-11,0.000000e+00,0.000000e+00,0.000000e+00,-1.186919e-05,6.014280e-05,-1.131981e-05,-1.466707e-06,7.278010e-08,7.278010e-08,1.243500e-08,-2.573850e-09,-3.092128e-10,4.297299e-11,1.169407e+00,7.920059e-01,7.799866e-01
8.240000e-11,0.000000e+00,0.000000e+00,0.000000e+00,-1.136700e-05,6.413322e-05,-1.000821e-05,-1.575202e-06,6.312704e-08,6.312704e-08,1.384970e-08,-2.389816e-09,-3.294444e-10,3.902150e-11,1.170919e+00,7.903085e-01,7.799324e-01
8.245000e-11,0.000000e+00,0.000000e+00,0.000000e+00,-1.087209e-05,6.618719e-05,-8.677885e-06,-1.677198e-06,5.267155e-08,5.267155e-08,1.513303e-08,-2.188404e-09,-3.478817e-10,3.484042e-11,1.172700e+00,7.886532e-01,7.798684e-01
8.250000e-11,0.000000e+00,0.000000e+00,0.000000e+00,-1.043382e-05,6.647187e-05,-7.341975e-06,-1.771372e-06,4.147378e-08,4.147378e-08,1.627482e-08,-1.971034e-09,-3.643710e-10,3.044889e-11,1.174748e+00,7.870553e-01,7.797946e-01
8.255000e-11,0.000000e+00,0.000000e+00,0.000000e+00,-1.009153e-05,6.530366e-05,-6.012473e-06,-1.856425e-06,2.959803e-08,2.959803e-08,1.726603e-08,-1.739269e-09,-3.787678e-10,2.586710e-11,1.177054e+00,7.855297e-01,7.797110e-01
8.260000e-11,0.000000e+00,0.000000e+00,0.000000e+00,-9.869881e-06,6.308355e-05,-4.700340e-06,-1.931104e-06,1.711254e-08,1.711254e-08,1.809886e-08,-1.494799e-09,-3.909387e-10,2.111622e-11,1.179599e+00,7.840904e-01,7.796175e-01
8.265000e-11,0.000000e+00,0.000000e+00,0.000000e+00,-9.776822e-06,6.022973e-05,-3.415646e-06,-1.994224e-06,4.089403e-09,4.089403e-09,1.876679e-08,-1.239432e-09,-4.007627e-10,1.621837e-11,1.182351e+00,7.827505e-01,7.795144e-01
8.270000e-11,0.000000e+00,0.000000e+00,0.000000e+00,-9.804142e-06,5.711914e-05,-2.167724e-06,-2.044690e-06,-9.395548e-09,-9.395548e-09,1.926460e-08,-9.750801e-10,-4.081322e-10,1.119662e-11,1.185269e+00,7.815217e-01,7.794019e-01
8.275000e-11,0.000000e+00,0.000000e+00,0.000000e+00,-9.930077e-06,5.404626e-05,-9.653007e-07,-2.081514e-06,-2.326287e-08,-2.326287e-08,1.958845e-08,-7.037421e-10,-4.129547e-10,6.074892e-12,1.188300e+00,7.804144e-01,7.792801e-01
8.280000e-11,0.000000e+00,0.000000e+00,0.000000e+00,-1.012333e-05,5.120299e-05,1.834146e-07,-2.103838e-06,-3.742957e-08,-3.742957e-08,1.973584e-08,-4.274907e-10,-4.151536e-10,8.779487e-13,1.191386e+00,7.794374e-01,7.791495e-01
8.285000e-11,0.000000e+00,0.000000e+00,0.000000e+00,-1.034762e-05,4.867909e-05,1.270711e-06,-2.110950e-06,-5.180924e-08,-5.180924e-08,1.970565e-08,-1.484548e-10,-4.146698e-10,-4.368673e-12,1.194467e+00,7.785979e-01,7.790107e-01
8.290000e-11,0.000000e+00,0.000000e+00,0.000000e+00,-1.056612e-05,4.647903e-05,2.289422e-06,-2.102299e-06,-6.631217e-08,-6.631217e-08,1.949815e-08,1.311977e-10,-4.114623e-10,-9.638721e-12,1.197486e+00,7.779015e-01,7.788640e-01
8.295000e-11,0.000000e+00,0.000000e+00,0.000000e+00,-1.074507e-05,4.454880e-05,3.233031e-06,-2.077509e-06,-8.084547e-08,-8.084547e-08,1.911493e-08,4.092772e-10,-4.055090e-10,-1.490530e-11,1.200393e+00,7.773516e-01,7.787103e-01
8.300000e-11,0.000000e+00,0.000000e+00,0.000000e+00,-1.085638e-05,4.280556e-05,4.095827e-06,-2.036391e-06,-9.531329e-08,-9.531329e-08,1.855893e-08,6.835908e-10,-3.968079e-10,-2.014095e-11,1.203150e+00,7.769503e-01,7.785503e-01
8.305000e-11,0.000000e+00,0.000000e+00,0.000000e+00,-1.087903e-05,4.116408e-05,4.873087e-06,-1.978948e-06,-1.096171e-07,-1.096171e-07,1.783435e-08,9.519603e-10,-3.853771e-10,-2.531775e-11,1.205729e+00,7.766976e-01,7.783848e-01
8.310000e-11,0.000000e+00,0.000000e+00,0.000000e+00,-1.079954e-05,3.955540e-05,5.561264e-06,-1.905380e-06,-1.236558e-07,-1.236558e-07,1.694665e-08,1.212240e-09,-3.712554e-10,-3.040737e-11,1.208121e+00,7.765919e-01,7.782149e-01
8.315000e-11,0.000000e+00,0.000000e+00,0.000000e+00,-1.061157e-05,3.793591e-05,6.158160e-06,-1.816091e-06,-1.373263e-07,-1.373263e-07,1.590246e-08,1.462337e-09,-3.545029e-10,-3.538126e-11,1.210329e+00,7.766297e-01,7.780415e-01
8.320000e-11,0.000000e+00,0.000000e+00,0.000000e+00,-1.031519e-05,3.628737e-05,6.663069e-06,-1.711679e-06,-1.505240e-07,-1.505240e-07,1.470954e-08,1.700225e-09,-3.352004e-10,-4.021071e-11,1.212373e+00,7.768060e-01,7.778658e-01
8.325000e-11,0.000000e+00,0.000000e+00,0.000000e+00,-9.915911e-06,3.461018e-05,7.076874e-06,-1.592938e-06,-1.631430e-07,-1.631430e-07,1.337668e-08,1.923964e-09,-3.134498e-10,-4.486703e-11,1.214285e+00,7.771145e-01,7.776890e-01
8.330000e-11,0.000000e+00,0.000000e+00,0.000000e+00,-9.423793e-06,3.291338e-05,7.402080e-06,-1.460845e-06,-1.750772e-07,-1.750772e-07,1.191367e-08,2.131720e-09,-2.893735e-10,-4.932166e-11,1.216108e+00,7.775471e-01,7.775124e-01
8.335000e-11,0.000000e+00,0.000000e+00,0.000000e+00,-8.852683e-06,3.120476e-05,7.642794e-06,-1.316553e-06,-1.862204e-07,-1.862204e-07,1.033118e-08,2.321775e-09,-2.631141e-10,-5.354638e-11,1.217895e+00,7.780949e-01,7.773372e-01
8.340000e-11,0.000000e+00,0.000000e+00,0.000000e+00,-8.219567e-06,2.948399e-05,7.804640e-06,-1.161373e-06,-1.964677e-07,-1.964677e-07,8.640680e-09,2.492543e-09,-2.348334e-10,-5.751341e-11,1.219704e+00,7.787476e-01,7.771650e-01
8.345000e-11,0.000000e+00,0.000000e+00,0.000000e+00,-7.543980e-06,2.774022e-05,7.894605e-06,-9.967599e-07,-2.057161e-07,-2.057161e-07,6.854378e-09,2.642589e-09,-2.047121e-10,-6.119568e-11,1.221595e+00,7.794943e-01,7.769970e-01
8.350000e-11,0.000000e+00,0.000000e+00,0.000000e+00,-6.847345e-06,2.595433e-05,7.920841e-06,-8.242916e-07,-2.138655e-07,-2.138655e-07,4.985103e-09,2.770636e-09,-1.729478e-10,-6.456697e-11,1.223627e+00,7.803231e-01,7.768346e-01
8.355000e-11,0.000000e+00,0.000000e+00,0.000000e+00,-6.152171e-06,2.410468e-05,7.892409e-06,-6.456484e-07,-2.208196e-07,-2.208196e-07,3.046232e-09,2.875578e-09,-1.397548e-10,-6.760208e-11,1.225857e+00,7.812219e-01,7.766793e-01
8.360000e-11,0.000000e+00,0.000000e+00,0.000000e+00,-5.481063e-06,2.217458e-05,7.818986e-06,-4.625895e-07,-2.264873e-07,-2.264873e-07,1.051590e-09,2.956489e-09,-1.053618e-10,-7.027712e-11,1.228332e+00,7.821781e-01,7.765325e-01
8.365000e-11,0.000000e+00,0.000000e+00,0.000000e+00,-4.855573e-06,2.015906e-05,7.710547e-06,-2.769291e-07,-2.307837e-07,-2.307837e-07,-9.846381e-10,3.012634e-09,-7.001078e-11,-7.256963e-11,1.231093e+00,7.831791e-01,7.763954e-01
8.370000e-11,0.000000e+00,0.000000e+00,0.000000e+00,-4.294985e-06,1.806938e-05,7.577030e-06,-9.051033e-08,-2.336313e-07,-2.336313e-07,-3.047995e-09,3.043471e-09,-3.395534e-11,-7.445887e-11,1.234165e+00,7.842122e-01,7.762695e-01
8.375000e-11,0.000000e+00,0.000000e+00,0.000000e+00,-3.815167e-06,1.593381e-05,7.428003e-06,9.482002e-08,-2.349614e-07,-2.349614e-07,-5.123843e-09,3.048661e-09,2.541502e-12,-7.592594e-11,1.237562e+00,7.852653e-01,7.761558e-01
8.380000e-11,0.000000e+00,0.000000e+00,0.000000e+00,-3.427647e-06,1.379449e-05,7.272347e-06,2.772376e-07,-2.347147e-07,-2.347147e-07,-7.197450e-09,3.028065e-09,3.920909e-11,-7.695410e-11,1.241283e+00,7.863267e-01,7.760555e-01
8.385000e-11,0.000000e+00,0.000000e+00,0.000000e+00,-3.139045e-06,1.170096e-05,7.117963e-06,4.549660e-07,-2.328432e-07,-2.328432e-07,-9.254071e-09,2.981752e-09,7.577130e-11,-7.752887e-11,1.245314e+00,7.873850e-01,7.759696e-01
8.390000e-11,0.000000e+00,0.000000e+00,0.000000e+00,-2.950948e-06,9.701719e-06,6.971536e-06,6.263012e-07,-2.293110e-07,-2.293110e-07,-1.127904e-08,2.909993e-09,1.119487e-10,-7.763830e-11,1.249623e+00,7.884301e-01,7.758990e-01
8.395000e-11,0.000000e+00,0.000000e+00,0.000000e+00,-2.860259e-06,7.835271e-06,6.838335e-06,7.896348e-07,-2.240952e-07,-2.240952e-07,-1.325783e-08,2.813262e-09,1.474607e-10,-7.727310e-11,1.254169e+00,7.894526e-01,7.758446e-01
8.400000e-11,0.000000e+00,0.000000e+00,0.000000e+00,-2.859977e-06,6.122700e-06,6.722092e-06,9.434760e-07,-2.171873e-07,-2.171873e-07,-1.517617e-08,2.692233e-09,1.820282e-10,-7.642688e-11,1.258898e+00,7.904440e-01,7.758068e-01
8.405000e-11,0.000000e+00,0.000000e+00,0.000000e+00,-2.940284e-06,4.562881e-06,6.624936e-06,1.086471e-06,-2.085934e-07,-2.085934e-07,-1.702007e-08,2.547770e-09,2.153755e-10,-7.509626e-11,1.263749e+00,7.913972e-01,7.757861e-01
8.410000e-11,0.000000e+00,0.000000e+00,0.000000e+00,-3.089822e-06,3.131330e-06,6.547400e-06,1.217420e-06,-1.983354e-07,-1.983354e-07,-1.877593e-08,2.380926e-09,2.472330e-10,-7.328099e-11,1.268654e+00,7.923062e-01,7.757829e-01
8.415000e-11,0.000000e+00,0.000000e+00,0.000000e+00,-3.296957e-06,1.782782e-06,6.488491e-06,1.335293e-06,-1.864514e-07,-1.864514e-07,-2.043062e-08,2.192929e-09,2.773392e-10,-7.098416e-11,1.273540e+00,7.931662e-01,7.757972e-01
8.420000e-11,0.000000e+00,0.000000e+00,0.000000e+00,-3.550895e-06,4.570538e-07,6.445808e-06,1.439238e-06,-1.729958e-07,-1.729958e-07,-2.197150e-08,1.985175e-09,3.054433e-10,-6.821221e-11,1.278335e+00,7.939738e-01,7.758290e-01
8.425000e-11,0.000000e+00,0.000000e+00,0.000000e+00,-3.842518e-06,-9.128454e-07,6.415717e-06,1.528595e-06,-1.580399e-07,-1.580399e-07,-2.338657e-08,1.759215e-09,3.313072e-10,-6.497504e-11,1.282969e+00,7.947266e-01,7.758779e-01
8.430000e-11,0.000000e+00,0.000000e+00,0.000000e+00,-4.164848e-06,-2.391630e-06,6.393550e-06,1.602896e-06,-1.416712e-07,-1.416712e-07,-2.466443e-08,1.516747e-09,3.547080e-10,-6.128605e-11,1.287371e+00,7.954236e-01,7.759437e-01
8.435000e-11,0.000000e+00,0.000000e+00,0.000000e+00,-4.513141e-06,-4.033056e-06,6.373833e-06,1.661872e-06,-1.239936e-07,-1.239936e-07,-2.579446e-08,1.259594e-09,3.754395e-10,-5.716219e-11,1.291479e+00,7.960649e-01,7.760257e-01
8.440000e-11,0.000000e+00,0.000000e+00,0.000000e+00,-4.884616e-06,-5.872809e-06,6.350515e-06,1.705448e-06,-1.051269e-07,-1.051269e-07,-2.676681e-08,9.896974e-10,3.933146e-10,-5.262390e-11,1.295233e+00,7.966516e-01,7.761231e-01
8.445000e-11,0.000000e+00,0.000000e+00,0.000000e+00,-5.277921e-06,-7.923806e-06,6.317205e-06,1.733739e-06,-8.520559e-08,-8.520559e-08,-2.757247e-08,7.090973e-10,4.081669e-10,-4.769509e-11,1.298580e+00,7.971856e-01,7.762350e-01
8.450000e-11,0.000000e+00,0.000000e+00,0.000000e+00,-5.692419e-06,-1.017430e-05,6.267397e-06,1.747047e-06,-6.437813e-08,-6.437813e-08,-2.820338e-08,4.199184e-10,4.198525e-10,-4.240308e-11,1.301475e+00,7.976698e-01,7.763603e-01
8.455000e-11,0.000000e+00,0.000000e+00,0.000000e+00,-6.127422e-06,-1.258872e-05,6.194671e-06,1.745844e-06,-4.280577e-08,-4.280577e-08,-2.865244e-08,1.243522e-10,4.282510e-10,-3.677846e-11,1.303878e+00,7.981077e-01,7.764978e-01
8.460000e-11,0.000000e+00,0.000000e+00,0.000000e+00,-6.581471e-06,-1.511088e-05,6.092892e-06,1.730766e-06,-2.066101e-08,-2.066101e-08,-2.891360e-08,-1.753585e-10,4.332675e-10,-3.085497e-11,1.305755e+00,7.985034e-01,7.766462e-01
8.465000e-11,0.000000e+00,0.000000e+00,0.000000e+00,-7.051757e-06,-1.766872e-05,5.956366e-06,1.702592e-06,1.874040e-09,1.874040e-09,-2.898191e-08,-4.769378e-10,4.348330e-10,-2.466935e-11,1.307081e+00,7.988612e-01,7.768040e-01
8.470000e-11,0.000000e+00,0.000000e+00,0.000000e+00,-7.533739e-06,-2.017997e-05,5.779996e-06,1.662232e-06,2.460946e-08,2.460946e-08,-2.885359e-08,-7.780931e-10,4.329055e-10,-1.826109e-11,1.307836e+00,7.991856e-01,7.769697e-01
8.475000e-11,0.000000e+00,0.000000e+00,0.000000e+00,-8.020977e-06,-2.255781e-05,5.559402e-06,1.610701e-06,4.734952e-08,4.734952e-08,-2.852606e-08,-1.076533e-09,4.274706e-10,-1.167223e-11,1.308007e+00,7.994813e-01,7.771417e-01
8.480000e-11,0.000000e+00,0.000000e+00,0.000000e+00,-8.505188e-06,-2.471597e-05,5.291031e-06,1.549109e-06,6.989486e-08,6.989486e-08,-2.799802e-08,-1.369982e-09,4.185420e-10,-4.947065e-12,1.307589e+00,7.997529e-01,7.773183e-01
8.485000e-11,0.000000e+00,0.000000e+00,0.000000e+00,-8.976486e-06,-2.657284e-05,4.972249e-06,1.478628e-06,9.204463e-08,9.204463e-08,-2.726947e-08,-1.656200e-09,4.061614e-10,1.868118e-12,1.306584e+00,8.000045e-01,7.774980e-01
8.490000e-11,0.000000e+00,0.000000e+00,0.000000e+00,-9.423772e-06,-2.805452e-05,4.601421e-06,1.400480e-06,1.135989e-07,1.135989e-07,-2.634179e-08,-1.932996e-09,3.903985e-10,8.725383e-12,1.305003e+00,8.002402e-01,7.776791e-01
8.495000e-11,0.000000e+00,0.000000e+00,0.000000e+00,-9.835214e-06,-2.909669e-05,4.177971e-06,1.315911e-06,1.343610e-07,1.343610e-07,-2.521774e-08,-2.198246e-09,3.713508e-10,1.557548e-11,1.302864e+00,8.004633e-01,7.778598e-01
8.500000e-11,0.000000e+00,0.000000e+00,0.000000e+00,-1.019878e-05,-2.964576e-05,3.702441e-06,1.226171e-06,1.541399e-07,1.541399e-07,-2.390151e-08,-2.449904e-09,3.491428e-10,2.236822e-11,1.300195e+00,8.006768e-01,7.780386e-01
8.505000e-11,0.000000e+00,0.000000e+00,0.000000e+00,-1.050280e-05,-2.965938e-05,3.176523e-06,1.132492e-06,1.727523e-07,1.727523e-07,-2.239875e-08,-2.686020e-09,3.239253e-10,2.905283e-11,1.297033e+00,8.008827e-01,7.782139e-01
8.510000e-11,0.000000e+00,0.000000e+00,0.000000e+00,-1.073643e-05,-2.910677e-05,2.603090e-06,1.036070e-06,1.900255e-07,1.900255e-07,-2.071654e-08,-2.904751e-09,2.958743e-10,3.557841e-11,1.293424e+00,8.010827e-01,7.783842e-01
8.515000e-11,0.000000e+00,0.000000e+00,0.000000e+00,-1.089023e-05,-2.796892e-05,1.986199e-06,9.380478e-07,2.057989e-07,2.057989e-07,-1.886346e-08,-3.104376e-09,2.651898e-10,4.189429e-11,1.289423e+00,8.012774e-01,7.785483e-01
8.520000e-11,0.000000e+00,0.000000e+00,0.000000e+00,-1.095647e-05,-2.623890e-05,1.331086e-06,8.394979e-07,2.199264e-07,2.199264e-07,-1.684955e-08,-3.283302e-09,2.320941e-10,4.795046e-11,1.285093e+00,8.014668e-01,7.787047e-01
8.525000e-11,0.000000e+00,0.000000e+00,0.000000e+00,-1.092958e-05,-2.392209e-05,6.441306e-07,7.414083e-07,2.322784e-07,2.322784e-07,-1.468625e-08,-3.440082e-09,1.968305e-10,5.369803e-11,1.280508e+00,8.016501e-01,7.788523e-01
8.530000e-11,0.000000e+00,0.000000e+00,0.000000e+00,-1.080637e-05,-2.103635e-05,-6.719337e-08,6.446715e-07,2.427431e-07,2.427431e-07,-1.238645e-08,-3.573417e-09,1.596610e-10,5.908961e-11,1.275747e+00,8.018258e-01,7.789902e-01
8.535000e-11,0.000000e+00,0.000000e+00,0.000000e+00,-1.058624e-05,-1.761194e-05,-7.944010e-07,5.500753e-07,2.512282e-07,2.512282e-07,-9.964367e-09,-3.682171e-09,1.208646e-10,6.407975e-11,1.270894e+00,8.019917e-01,7.791175e-01
8.540000e-11,0.000000e+00,0.000000e+00,0.000000e+00,-1.027129e-05,-1.369106e-05,-1.528100e-06,4.582960e-07,2.576620e-07,2.576620e-07,-7.435537e-09,-3.765374e-09,8.073477e-11,6.862535e-11,1.266042e+00,8.021450e-01,7.792333e-01
8.545000e-11,0.000000e+00,0.000000e+00,0.000000e+00,-9.866265e-06,-9.326992e-06,-2.258126e-06,3.698945e-07,2.619944e-07,2.619944e-07,-4.816702e-09,-3.822229e-09,3.957768e-11,7.268610e-11,1.261283e+00,8.022824e-01,7.793372e-01
8.550000e-11,0.000000e+00,0.000000e+00,0.000000e+00,-9.378515e-06,-4.582949e-06,-2.973700e-06,2.853151e-07,2.641974e-07,2.641974e-07,-2.125735e-09,-3.852119e-09,-2.290795e-12,7.622478e-11,1.256711e+00,8.024001e-01,7.794288e-01
8.555000e-11,0.000000e+00,0.000000e+00,0.000000e+00,-8.817727e-06,4.693785e-07,-3.663622e-06,2.048867e-07,2.642657e-07,2.642657e-07,6.184728e-10,-3.854611e-09,-4.454723e-11,7.920770e-11,1.252420e+00,8.024942e-01,7.795077e-01
8.560000e-11,0.000000e+00,0.000000e+00,0.000000e+00,-8.195646e-06,5.751279e-06,-4.316473e-06,1.288267e-07,2.622164e-07,2.622164e-07,3.396135e-09,-3.829456e-09,-8.686337e-11,8.160501e-11,1.248501e+00,8.025604e-01,7.795739e-01
8.565000e-11,0.000000e+00,0.000000e+00,0.000000e+00,-7.525703e-06,1.117839e-05,-4.920853e-06,5.724732e-08,2.580888e-07,2.580888e-07,6.186711e-09,-3.776595e-09,-1.289087e-10,8.339103e-11,1.245037e+00,8.025945e-01,7.796275e-01
8.570000e-11,0.000000e+00,0.000000e+00,0.000000e+00,-6.822600e-06,1.666187e-05,-5.465626e-06,-9.836343e-09,2.519441e-07,2.519441e-07,8.969056e-09,-3.696157e-09,-1.703530e-10,8.454452e-11,1.242108e+00,8.025924e-01,7.796686e-01
8.575000e-11,0.000000e+00,0.000000e+00,0.000000e+00,-6.101879e-06,2.210927e-05,-5.940173e-06,-7.249591e-08,2.438641e-07,2.438641e-07,1.172159e-08,-3.588461e-09,-2.108692e-10,8.504895e-11,1.239779e+00,8.025501e-01,7.796975e-01
8.580000e-11,0.000000e+00,0.000000e+00,0.000000e+00,-5.379502e-06,2.742527e-05,-6.334653e-06,-1.308779e-07,2.339503e-07,2.339503e-07,1.442248e-08,-3.454014e-09,-2.501357e-10,8.489266e-11,1.238109e+00,8.024641e-01,7.797146e-01
8.585000e-11,0.000000e+00,0.000000e+00,0.000000e+00,-4.671457e-06,3.251230e-05,-6.640258e-06,-1.851907e-07,2.223225e-07,2.223225e-07,1.704983e-08,-3.293510e-09,-2.878392e-10,8.406912e-11,1.237140e+00,8.023315e-01,7.797206e-01
8.590000e-11,0.000000e+00,0.000000e+00,0.000000e+00,-3.993412e-06,3.727145e-05,-6.849459e-06,-2.356901e-07,2.091170e-07,2.091170e-07,1.958187e-08,-3.107826e-09,-3.236769e-10,8.257697e-11,1.236901e+00,8.021500e-01,7.797160e-01
8.595000e-11,0.000000e+00,0.000000e+00,0.000000e+00,-3.360412e-06,4.160367e-05,-6.956223e-06,-2.826653e-07,1.944847e-07,1.944847e-07,2.199718e-08,-2.898017e-09,-3.573591e-10,8.042019e-11,1.237408e+00,8.019178e-01,7.797016e-01
8.600000e-11,0.000000e+00,0.000000e+00,0.000000e+00,-2.786607e-06,4.541165e-05,-6.956218e-06,-3.264231e-07,1.785890e-07,1.785890e-07,2.427488e-08,-2.665313e-09,-3.886116e-10,7.760807e-11,1.238659e+00,8.016344e-01,7.796781e-01
8.605000e-11,0.000000e+00,0.000000e+00,0.000000e+00,-2.285004e-06,4.860256e-05,-6.846978e-06,-3.672740e-07,1.616041e-07,1.616041e-07,2.639488e-08,-2.411113e-09,-4.171775e-10,7.415526e-11,1.240635e+00,8.012999e-01,7.796463e-01
8.610000e-11,0.000000e+00,0.000000e+00,0.000000e+00,-1.867206e-06,5.109145e-05,-6.628028e-06,-4.055173e-07,1.437118e-07,1.437118e-07,2.833803e-08,-2.136975e-09,-4.428194e-10,7.008170e-11,1.243304e+00,8.009155e-01,7.796072e-01
8.615000e-11,0.000000e+00,0.000000e+00,0.000000e+00,-1.543138e-06,5.280555e-05,-6.300975e-06,-4.414281e-07,1.250997e-07,1.250997e-07,3.008641e-08,-1.844613e-09,-4.653214e-10,6.541253e-11,1.246616e+00,8.004836e-01,7.795615e-01
8.620000e-11,0.000000e+00,0.000000e+00,0.000000e+00,-1.320714e-06,5.368879e-05,-5.869542e-06,-4.752449e-07,1.059588e-07,1.059588e-07,3.162348e-08,-1.535884e-09,-4.844905e-10,6.017793e-11,1.250509e+00,8.000075e-01,7.795102e-01
8.625000e-11,0.000000e+00,0.000000e+00,0.000000e+00,-1.205468e-06,5.370659e-05,-5.339564e-06,-5.071594e-07,8.648077e-08,8.648077e-08,3.293429e-08,-1.212779e-09,-5.001585e-10,5.441295e-11,1.254907e+00,7.994914e-01,7.794541e-01
8.630000e-11,0.000000e+00,0.000000e+00,0.000000e+00,-1.200136e-06,5.284988e-05,-4.718929e-06,-5.373069e-07,6.685552e-08,6.685552e-08,3.400567e-08,-8.774140e-10,-5.121826e-10,4.815729e-11,1.259720e+00,7.989410e-01,7.793940e-01
8.635000e-11,0.000000e+00,0.000000e+00,0.000000e+00,-1.304244e-06,5.113809e-05,-4.017465e-06,-5.657600e-07,4.726919e-08,4.726919e-08,3.482641e-08,-5.320173e-10,-5.204475e-10,4.145499e-11,1.264852e+00,7.983624e-01,7.793307e-01
8.640000e-11,0.000000e+00,0.000000e+00,0.000000e+00,-1.513728e-06,4.862015e-05,-3.246786e-06,-5.925238e-07,2.790172e-08,2.790172e-08,3.538738e-08,-1.789158e-10,-5.248653e-10,3.435414e-11,1.270195e+00,7.977630e-01,7.792650e-01
8.645000e-11,0.000000e+00,0.000000e+00,0.000000e+00,-1.820674e-06,4.537316e-05,-2.420085e-06,-6.175334e-07,8.924837e-09,8.924837e-09,3.568171e-08,1.794774e-10,-5.253768e-10,2.690651e-11,1.275641e+00,7.971507e-01,7.791975e-01
8.650000e-11,0.000000e+00,0.000000e+00,0.000000e+00,-2.213245e-06,4.149815e-05,-1.551878e-06,-6.406540e-07,-9.499826e-09,-9.499826e-09,3.570488e-08,5.406782e-10,-5.219518e-10,1.916720e-11,1.281077e+00,7.965342e-01,7.791290e-01
8.655000e-11,0.000000e+00,0.000000e+00,0.000000e+00,-2.675877e-06,3.711305e-05,-6.577096e-07,-6.616830e-07,-2.722241e-08,-2.722241e-08,3.545479e-08,9.021461e-10,-5.145893e-10,1.119417e-11,1.286389e+00,7.959227e-01,7.790599e-01
8.660000e-11,0.000000e+00,0.000000e+00,0.000000e+00,-3.189806e-06,3.234330e-05,2.461755e-07,-6.803554e-07,-4.410629e-08,-4.410629e-08,3.493187e-08,1.261301e-09,-5.033176e-10,3.047817e-12,1.291470e+00,7.953255e-01,7.789908e-01
8.665000e-11,0.000000e+00,0.000000e+00,0.000000e+00,-3.733950e-06,2.731108e-05,1.143199e-06,-6.963498e-07,-6.002928e-08,-6.002928e-08,3.413906e-08,1.615540e-09,-4.881941e-10,-5.209499e-12,1.296219e+00,7.947523e-01,7.789221e-01
8.670000e-11,0.000000e+00,0.000000e+00,0.000000e+00,-4.286125e-06,2.212456e-05,2.016829e-06,-7.092983e-07,-7.488460e-08,-7.488460e-08,3.308188e-08,1.962256e-09,-4.693047e-10,-1.351395e-11,1.300544e+00,7.942127e-01,7.788541e-01
8.675000e-11,0.000000e+00,0.000000e+00,0.000000e+00,-4.824510e-06,1.686897e-05,2.850978e-06,-7.187968e-07,-8.858154e-08,-8.858154e-08,3.176834e-08,2.298853e-09,-4.467636e-10,-2.180075e-11,1.304367e+00,7.937159e-01,7.787871e-01
8.680000e-11,0.000000e+00,0.000000e+00,0.000000e+00,-5.329240e-06,1.160112e-05,3.630391e-06,-7.244177e-07,-1.010459e-07,-1.010459e-07,3.020894e-08,2.622767e-09,-4.207123e-10,-3.000467e-11,1.307624e+00,7.932708e-01,7.787215e-01
8.685000e-11,0.000000e+00,0.000000e+00,0.000000e+00,-5.783913e-06,6.348661e-06,4.341026e-06,-7.257235e-07,-1.122201e-07,-1.122201e-07,2.841657e-08,2.931488e-09,-3.913185e-10,-3.806057e-11,1.310269e+00,7.928857e-01,7.786572e-01
8.690000e-11,0.000000e+00,0.000000e+00,0.000000e+00,-6.176842e-06,1.114640e-06,4.970400e-06,-7.222817e-07,-1.220631e-07,-1.220631e-07,2.640640e-08,3.222575e-09,-3.587752e-10,-4.590394e-11,1.312273e+00,7.925680e-01,7.785945e-01
8.695000e-11,0.000000e+00,0.000000e+00,0.000000e+00,-6.501828e-06,-4.112964e-06,5.507888e-06,-7.136794e-07,-1.305501e-07,-1.305501e-07,2.419573e-08,3.493676e-09,-3.232993e-10,-5.347141e-11,1.313623e+00,7.923241e-01,7.785335e-01
8.700000e-11,0.000000e+00,0.000000e+00,0.000000e+00,-6.758340e-06,-9.348197e-06,5.944971e-06,-6.995392e-07,-1.376718e-07,-1.376718e-07,2.180383e-08,3.742551e-09,-2.851297e-10,-6.070128e-11,1.314327e+00,7.921593e-01,7.784742e-01
8.705000e-11,0.000000e+00,0.000000e+00,0.000000e+00,-6.951014e-06,-1.459267e-05,6.275410e-06,-6.795340e-07,-1.434336e-07,-1.434336e-07,1.925178e-08,3.967090e-09,-2.445265e-10,-6.753404e-11,1.314404e+00,7.920777e-01,7.784166e-01
8.710000e-11,0.000000e+00,0.000000e+00,0.000000e+00,-7.088521e-06,-1.982231e-05,6.495342e-06,-6.534014e-07,-1.478548e-07,-1.478548e-07,1.656220e-08,4.165331e-09,-2.017683e-10,-7.391283e-11,1.313890e+00,7.920819e-01,7.783607e-01
8.715000e-11,0.000000e+00,0.000000e+00,0.000000e+00,-7.181944e-06,-2.497777e-05,6.603307e-06,-6.209571e-07,-1.509670e-07,-1.509670e-07,1.375907e-08,4.335481e-09,-1.571511e-10,-7.978395e-11,1.312830e+00,7.921731e-01,7.783066e-01
8.720000e-11,0.000000e+00,0.000000e+00,0.000000e+00,-7.242860e-06,-2.996054e-05,6.600187e-06,-5.821066e-07,-1.528133e-07,-1.528133e-07,1.086743e-08,4.475934e-09,-1.109857e-10,-8.509730e-11,1.311278e+00,7.923509e-01,7.782543e-01
8.725000e-11,0.000000e+00,0.000000e+00,0.000000e+00,-7.281423e-06,-3.463570e-05,6.489089e-06,-5.368556e-07,-1.534467e-07,-1.534467e-07,7.913141e-09,4.585283e-09,-6.359586e-11,-8.980680e-11,1.309294e+00,7.926135e-01,7.782037e-01
8.730000e-11,0.000000e+00,0.000000e+00,0.000000e+00,-7.304706e-06,-3.884140e-05,6.275156e-06,-4.853177e-07,-1.529282e-07,-1.529282e-07,4.922622e-09,4.662347e-09,-1.531624e-11,-9.387076e-11,1.306940e+00,7.929577e-01,7.781550e-01
8.735000e-11,0.000000e+00,0.000000e+00,0.000000e+00,-7.315566e-06,-4.240369e-05,5.965352e-06,-4.277207e-07,-1.513260e-07,-1.513260e-07,1.922530e-09,4.706173e-09,3.351023e-11,-9.725227e-11,1.304282e+00,7.933785e-01,7.781081e-01
8.740000e-11,0.000000e+00,0.000000e+00,0.000000e+00,-7.312188e-06,-4.515488e-05,5.568202e-06,-3.644088e-07,-1.487135e-07,-1.487135e-07,-1.060506e-09,4.716059e-09,8.253440e-11,-9.991949e-11,1.301382e+00,7.938697e-01,7.780633e-01
8.745000e-11,0.000000e+00,0.000000e+00,0.000000e+00,-7.288395e-06,-4.695274e-05,5.093533e-06,-2.958442e-07,-1.451676e-07,-1.451676e-07,-4.000173e-09,4.691562e-09,1.314034e-10,-1.018459e-10,1.298305e+00,7.944240e-01,7.780206e-01
8.750000e-11,0.000000e+00,0.000000e+00,0.000000e+00,-7.234677e-06,-4.769799e-05,4.552212e-06,-2.226039e-07,-1.407678e-07,-1.407678e-07,-6.870766e-09,4.632505e-09,1.797629e-10,-1.030107e-10,1.295113e+00,7.950326e-01,7.779801e-01
8.755000e-11,0.000000e+00,0.000000e+00,0.000000e+00,-7.139827e-06,-4.734760e-05,3.955901e-06,-1.453753e-07,-1.355946e-07,-1.355946e-07,-9.647454e-09,4.538991e-09,2.272598e-10,-1.033987e-10,1.291868e+00,7.956861e-01,7.779422e-01
8.760000e-11,0.000000e+00,0.000000e+00,0.000000e+00,-6.992929e-06,-4.592224e-05,3.316821e-06,-6.494839e-08,-1.297279e-07,-1.297279e-07,-1.230655e-08,4.411400e-09,2.735444e-10,-1.030008e-10,1.288632e+00,7.963740e-01,7.779069e-01
8.765000e-11,0.000000e+00,0.000000e+00,0.000000e+00,-6.785462e-06,-4.350688e-05,2.647549e-06,1.779494e-08,-1.232462e-07,-1.232462e-07,-1.482576e-08,4.250399e-09,3.182730e-10,-1.018137e-10,1.285466e+00,7.970853e-01,7.778747e-01
8.770000e-11,0.000000e+00,0.000000e+00,0.000000e+00,-6.513209e-06,-4.024433e-05,1.960831e-06,1.018931e-07,-1.162257e-07,-1.162257e-07,-1.718440e-08,4.056939e-09,3.611102e-10,-9.984028e-11,1.282432e+00,7.978087e-01,7.778458e-01
8.775000e-11,0.000000e+00,0.000000e+00,0.000000e+00,-6.177720e-06,-3.632263e-05,1.269401e-06,1.863199e-07,-1.087391e-07,-1.087391e-07,-1.936363e-08,3.832252e-09,4.017314e-10,-9.708960e-11,1.279591e+00,7.985326e-01,7.778206e-01
8.780000e-11,0.000000e+00,0.000000e+00,0.000000e+00,-5.787109e-06,-3.195746e-05,5.858178e-07,2.700013e-07,-1.008551e-07,-1.008551e-07,-2.134661e-08,3.577848e-09,4.398250e-10,-9.357659e-11,1.277003e+00,7.992456e-01,7.777993e-01
8.785000e-11,0.000000e+00,0.000000e+00,0.000000e+00,-5.356046e-06,-2.737154e-05,-7.770998e-08,3.518333e-07,-9.263814e-08,-9.263814e-08,-2.311867e-08,3.295502e-09,4.750948e-10,-8.932213e-11,1.274723e+00,7.999363e-01,7.777823e-01
8.790000e-11,0.000000e+00,0.000000e+00,0.000000e+00,-4.904913e-06,-2.277334e-05,-7.095050e-07,4.307019e-07,-8.414774e-08,-8.414774e-08,-2.466745e-08,2.987252e-09,5.072623e-10,-8.435292e-11,1.272805e+00,8.005940e-01,7.777700e-01
8.795000e-11,0.000000e+00,0.000000e+00,0.000000e+00,-4.458176e-06,-1.833731e-05,-1.298616e-06,5.055028e-07,-7.543859e-08,-7.543859e-08,-2.598298e-08,2.655377e-09,5.360683e-10,-7.870122e-11,1.271292e+00,8.012086e-01,7.777628e-01
8.800000e-11,0.000000e+00,0.000000e+00,0.000000e+00,-4.042134e-06,-1.418811e-05,-1.835026e-06,5.751618e-07,-6.656050e-08,-6.656050e-08,-2.705776e-08,2.302383e-09,5.612757e-10,-7.240468e-11,1.270218e+00,8.017707e-01,7.777609e-01
8.805000e-11,0.000000e+00,0.000000e+00,0.000000e+00,-3.682289e-06,-1.039055e-05,-2.309874e-06,6.386553e-07,-5.755862e-08,-5.755862e-08,-2.788680e-08,1.930988e-09,5.826708e-10,-6.550605e-11,1.269606e+00,8.022721e-01,7.777647e-01
8.810000e-11,0.000000e+00,0.000000e+00,0.000000e+00,-3.400640e-06,-6.946952e-06,-2.715676e-06,6.950301e-07,-4.847380e-08,-4.847380e-08,-2.846760e-08,1.544094e-09,6.000654e-10,-5.805286e-11,1.269461e+00,8.027057e-01,7.777743e-01
8.815000e-11,0.000000e+00,0.000000e+00,0.000000e+00,-3.213227e-06,-3.802205e-06,-3.046534e-06,7.434220e-07,-3.934301e-08,-3.934301e-08,-2.880016e-08,1.144768e-09,6.132984e-10,-5.009710e-11,1.269777e+00,8.030657e-01,7.777900e-01
8.820000e-11,0.000000e+00,0.000000e+00,0.000000e+00,-3.128245e-06,-8.562942e-07,-3.298320e-06,7.830730e-07,-3.019993e-08,-3.019993e-08,-2.888691e-08,7.362143e-10,6.222370e-10,-4.169481e-11,1.270529e+00,8.033476e-01,7.778120e-01
8.825000e-11,0.000000e+00,0.000000e+00,0.000000e+00,-3.144972e-06,2.017257e-06,-3.468817e-06,8.133475e-07,-2.107558e-08,-2.107558e-08,-2.873261e-08,3.217458e-10,6.267785e-10,-3.290572e-11,1.271677e+00,8.035485e-01,7.778403e-01
8.830000e-11,0.000000e+00,0.000000e+00,0.000000e+00,-3.253689e-06,4.949435e-06,-3.557797e-06,8.337449e-07,-1.199902e-08,-1.199902e-08,-2.834427e-08,-9.524464e-11,6.268513e-10,-2.379274e-11,1.273168e+00,8.036669e-01,7.778749e-01
8.835000e-11,0.000000e+00,0.000000e+00,0.000000e+00,-3.436615e-06,8.053296e-06,-3.567031e-06,8.439115e-07,-2.998096e-09,-2.998096e-09,-2.773097e-08,-5.113159e-10,6.224156e-10,-1.442159e-11,1.274941e+00,8.037027e-01,7.779157e-01
8.840000e-11,0.000000e+00,0.000000e+00,0.000000e+00,-3.669763e-06,1.140422e-05,-3.500215e-06,8.436483e-07,5.899862e-09,5.899862e-09,-2.690376e-08,-9.230101e-10,6.134645e-10,-4.860238e-12,1.276925e+00,8.036576e-01,7.779625e-01
8.845000e-11,0.000000e+00,0.000000e+00,0.000000e+00,-3.925513e-06,1.502568e-05,-3.362817e-06,8.329167e-07,1.466732e-08,1.466732e-08,-2.587541e-08,-1.326886e-09,6.000243e-10,4.821539e-12,1.279048e+00,8.035345e-01,7.780151e-01
8.850000e-11,0.000000e+00,0.000000e+00,0.000000e+00,-4.175558e-06,1.888255e-05,-3.161847e-06,8.118408e-07,2.327587e-08,2.327587e-08,-2.466030e-08,-1.719551e-09,5.821550e-10,1.455270e-11,1.281240e+00,8.033377e-01,7.780731e-01
8.855000e-11,0.000000e+00,0.000000e+00,0.000000e+00,-4.393901e-06,2.288270e-05,-2.905554e-06,7.807073e-07,3.169568e-08,3.169568e-08,-2.327412e-08,-2.097697e-09,5.599502e-10,2.426143e-11,1.283436e+00,8.030727e-01,7.781360e-01
8.860000e-11,0.000000e+00,0.000000e+00,0.000000e+00,-4.559500e-06,2.688645e-05,-2.603086e-06,7.399612e-07,3.989498e-08,3.989498e-08,-2.173374e-08,-2.458129e-09,5.335372e-10,3.387572e-11,1.285578e+00,8.027463e-01,7.782034e-01
8.865000e-11,0.000000e+00,0.000000e+00,0.000000e+00,-4.658297e-06,3.072222e-05,-2.264117e-06,6.901997e-07,4.783968e-08,4.783968e-08,-2.005692e-08,-2.797799e-09,5.030763e-10,4.332380e-11,1.287623e+00,8.023662e-01,7.782745e-01
8.870000e-11,0.000000e+00,0.000000e+00,0.000000e+00,-4.684376e-06,3.420592e-05,-1.898468e-06,6.321625e-07,5.549312e-08,5.549312e-08,-1.826213e-08,-3.113839e-09,4.687602e-10,5.253477e-11,1.289538e+00,8.019407e-01,7.783487e-01
8.875000e-11,0.000000e+00,0.000000e+00,0.000000e+00,-4.640196e-06,3.716114e-05,-1.515762e-06,5.667192e-07,6.281597e-08,6.281597e-08,-1.636827e-08,-3.403585e-09,4.308131e-10,6.143906e-11,1.291303e+00,8.014791e-01,7.784252e-01
8.880000e-11,0.000000e+00,0.000000e+00,0.000000e+00,-4.535893e-06,3.943743e-05,-1.125102e-06,4.948551e-07,6.976627e-08,6.976627e-08,-1.439452e-08,-3.664610e-09,3.894897e-10,6.996895e-11,1.292910e+00,8.009909e-01,7.785032e-01
8.885000e-11,0.000000e+00,0.000000e+00,0.000000e+00,-4.387822e-06,4.092438e-05,-7.348320e-07,4.176543e-07,7.629957e-08,7.629957e-08,-1.236007e-08,-3.894743e-09,3.450733e-10,7.805909e-11,1.294361e+00,8.004857e-01,7.785817e-01
8.890000e-11,0.000000e+00,0.000000e+00,0.000000e+00,-4.216534e-06,4.155999e-05,-3.523454e-07,3.362807e-07,8.236934e-08,8.236934e-08,-1.028392e-08,-4.092097e-09,2.978744e-10,8.564695e-11,1.295664e+00,7.999735e-01,7.786599e-01
8.895000e-11,0.000000e+00,0.000000e+00,0.000000e+00,-4.044482e-06,4.133308e-05,1.601385e-08,2.519583e-07,8.792739e-08,8.792739e-08,-8.184703e-09,-4.255084e-09,2.482288e-10,9.267333e-11,1.296835e+00,7.994638e-01,7.787369e-01
8.900000e-11,0.000000e+00,0.000000e+00,0.000000e+00,-3.893703e-06,4.028004e-05,3.649849e-07,1.659497e-07,9.292455e-08,9.292455e-08,-6.080511e-09,-4.382435e-09,1.964949e-10,9.908277e-11,1.297888e+00,7.989660e-01,7.788116e-01
8.905000e-11,0.000000e+00,0.000000e+00,0.000000e+00,-3.783743e-06,3.847709e-05,6.903555e-07,7.953488e-08,9.731137e-08,9.731137e-08,-3.988710e-09,-4.473208e-09,1.430518e-10,1.048240e-10,1.298838e+00,7.984888e-01,7.788831e-01
8.910000e-11,0.000000e+00,0.000000e+00,0.000000e+00,-3.729988e-06,3.602985e-05,9.888729e-07,-6.011092e-09,1.010390e-07,1.010390e-07,-1.925813e-09,-4.526802e-09,8.829617e-11,1.098503e-10,1.299695e+00,7.980402e-01,7.789506e-01
8.915000e-11,0.000000e+00,0.000000e+00,0.000000e+00,-3.742525e-06,3.306188e-05,1.258117e-06,-8.943955e-08,1.040603e-07,1.040603e-07,9.264792e-11,-4.542964e-09,3.263950e-11,1.141200e-10,1.300465e+00,7.976277e-01,7.790131e-01
8.920000e-11,0.000000e+00,0.000000e+00,0.000000e+00,-3.825566e-06,2.970380e-05,1.496352e-06,-1.695492e-07,1.063304e-07,1.063304e-07,2.052227e-09,-4.521784e-09,-2.349493e-11,1.175964e-10,1.301147e+00,7.972575e-01,7.790698e-01
8.925000e-11,0.000000e+00,0.000000e+00,0.000000e+00,-3.977420e-06,2.608418e-05,1.702372e-06,-2.452058e-07,1.078084e-07,1.078084e-07,3.939646e-09,-4.463700e-09,-7.967546e-11,1.202487e-10,1.301735e+00,7.969351e-01,7.791200e-01
8.930000e-11,0.000000e+00,0.000000e+00,0.000000e+00,-4.190906e-06,2.232289e-05,1.875357e-06,-3.153612e-07,1.084581e-07,1.084581e-07,5.742858e-09,-4.369490e-09,-1.354654e-10,1.220517e-10,1.302216e+00,7.966648e-01,7.791631e-01
8.935000e-11,0.000000e+00,0.000000e+00,0.000000e+00,-4.454144e-06,1.852711e-05,2.014756e-06,-3.790691e-07,1.082490e-07,1.082490e-07,7.451087e-09,-4.240262e-09,-1.904265e-10,1.229864e-10,1.302575e+00,7.964499e-01,7.791983e-01
8.940000e-11,0.000000e+00,0.000000e+00,0.000000e+00,-4.751563e-06,1.478955e-05,2.120193e-06,-4.355006e-07,1.071576e-07,1.071576e-07,9.054855e-09,-4.077442e-09,-2.441229e-10,1.230399e-10,1.302792e+00,7.962923e-01,7.792253e-01
8.945000e-11,0.000000e+00,0.000000e+00,0.000000e+00,-5.065054e-06,1.118835e-05,2.191421e-06,-4.839558e-07,1.051682e-07,1.051682e-07,1.054598e-08,-3.882758e-09,-2.961244e-10,1.222057e-10,1.302846e+00,7.961931e-01,7.792437e-01
8.950000e-11,0.000000e+00,0.000000e+00,0.000000e+00,-5.375161e-06,7.787874e-06,2.228308e-06,-5.238740e-07,1.022741e-07,1.022741e-07,1.191757e-08,-3.658221e-09,-3.460103e-10,1.204839e-10,1.302721e+00,7.961521e-01,7.792533e-01
8.955000e-11,0.000000e+00,0.000000e+00,0.000000e+00,-5.662247e-06,4.639602e-06,2.230864e-06,-5.548407e-07,9.847791e-08,9.847791e-08,1.316399e-08,-3.406102e-09,-3.933734e-10,1.178809e-10,1.302400e+00,7.961683e-01,7.792539e-01
8.960000e-11,0.000000e+00,0.000000e+00,0.000000e+00,-5.907595e-06,1.782747e-06,2.199296e-06,-5.765923e-07,9.379262e-08,9.379262e-08,1.428082e-08,-3.128904e-09,-4.378235e-10,1.144098e-10,1.301875e+00,7.962394e-01,7.792457e-01
8.965000e-11,0.000000e+00,0.000000e+00,0.000000e+00,-6.094414e-06,-7.557497e-07,2.134095e-06,-5.890176e-07,8.824188e-08,8.824188e-08,1.526479e-08,-2.829340e-09,-4.789907e-10,1.100901e-10,1.301146e+00,7.963624e-01,7.792287e-01
8.970000e-11,0.000000e+00,0.000000e+00,0.000000e+00,-6.208732e-06,-2.961675e-06,2.036129e-06,-5.921571e-07,8.186040e-08,8.186040e-08,1.611374e-08,-2.510298e-09,-5.165295e-10,1.049477e-10,1.300219e+00,7.965334e-01,7.792033e-01
8.975000e-11,0.000000e+00,0.000000e+00,0.000000e+00,-6.240154e-06,-4.834091e-06,1.906751e-06,-5.861991e-07,7.469404e-08,7.469404e-08,1.682653e-08,-2.174815e-09,-5.501214e-10,9.901492e-11,1.299110e+00,7.967479e-01,7.791698e-01
8.980000e-11,0.000000e+00,0.000000e+00,0.000000e+00,-6.182454e-06,-6.385438e-06,1.747896e-06,-5.714739e-07,6.679975e-08,6.679975e-08,1.740298e-08,-1.826041e-09,-5.794787e-10,9.233004e-11,1.297848e+00,7.970007e-01,7.791288e-01
8.985000e-11,0.000000e+00,0.000000e+00,0.000000e+00,-6.033974e-06,-7.640678e-06,1.562161e-06,-5.484453e-07,5.824528e-08,5.824528e-08,1.784377e-08,-1.467204e-09,-6.043469e-10,8.493730e-11,1.296467e+00,7.972860e-01,7.790810e-01
8.990000e-11,0.000000e+00,0.000000e+00,0.000000e+00,-5.797780e-06,-8.635078e-06,1.352864e-06,-5.176999e-07,4.910873e-08,4.910873e-08,1.815037e-08,-1.101582e-09,-6.245076e-10,7.688653e-11,1.295013e+00,7.975978e-01,7.790271e-01
8.995000e-11,0.000000e+00,0.000000e+00,0.000000e+00,-5.481539e-06,-9.410583e-06,1.124065e-06,-4.799348e-07,3.947781e-08,3.947781e-08,1.832496e-08,-7.324645e-10,-6.397810e-10,6.823290e-11,1.293537e+00,7.979297e-01,7.789678e-01
9.000000e-11,0.000000e+00,0.000000e+00,0.000000e+00,-5.097107e-06,-1.001101e-05,8.805508e-07,-4.359431e-07,2.944895e-08,2.944895e-08,1.837038e-08,-3.631209e-10,-6.500273e-10,5.903652e-11,1.292094e+00,7.982753e-01,7.789042e-01
9.005000e-11,5.000000e-06,5.000000e-06,0.000000e+00,-3.240421e-06,5.433352e-05,6.285931e-07,-3.865985e-07,1.912625e-08,1.912625e-08,1.829000e-08,3.232301e-12,-6.551492e-10,4.936209e-11,1.290817e+00,7.986280e-01,7.788372e-01
9.010000e-11,1.000000e-05,1.000000e-05,0.000000e+00,-1.607583e-06,2.298635e-05,3.763682e-07,-3.328381e-07,8.620221e-09,8.620221e-09,1.808770e-08,3.634627e-10,-6.550926e-10,3.927844e-11,1.289865e+00,7.989814e-01,7.787678e-01
9.015000e-11,1.500000e-05,1.500000e-05,0.000000e+00,-2.793044e-07,1.490451e-05,1.337619e-07,-2.756448e-07,-1.953664e-09,-1.953664e-09,1.776781e-08,7.145519e-10,-6.498475e-10,2.885808e-11,1.289386e+00,7.993291e-01,7.786971e-01
9.020000e-11,2.000000e-05,2.000000e-05,0.000000e+00,7.153604e-07,7.814465e-06,-8.828724e-08,-2.160290e-07,-1.247646e-08,-1.247646e-08,1.733504e-08,1.053624e-09,-6.394490e-10,1.817667e-11,1.289492e+00,7.996654e-01,7.786260e-01
9.025000e-11,2.500000e-05,2.500000e-05,0.000000e+00,1.398449e-06,2.854185e-06,-2.786502e-07,-1.550106e-07,-2.282744e-08,-2.282744e-08,1.679445e-08,1.377970e-09,-6.239766e-10,7.312522e-12,1.290249e+00,7.999845e-01,7.785557e-01
9.030000e-11,3.000000e-05,3.000000e-05,0.000000e+00,1.833117e-06,7.692412e-07,-4.268630e-07,-9.360072e-08,-3.288576e-08,-3.288576e-08,1.615139e-08,1.685072e-09,-6.035546e-10,-3.653996e-12,1.291682e+00,8.002817e-01,7.784872e-01
9.035000e-11,3.500000e-05,3.500000e-05,0.000000e+00,2.107253e-06,1.802931e-06,-5.238301e-07,-3.278375e-08,-4.253228e-08,-4.253228e-08,1.541151e-08,1.972625e-09,-5.783506e-10,-1.464103e-11,1.293778e+00,8.005525e-01,7.784215e-01
9.040000e-11,4.000000e-05,4.000000e-05,0.000000e+00,2.314653e-06,5.697219e-06,-5.623013e-07,2.649960e-08,-5.165134e-08,-5.165134e-08,1.458072e-08,2.238552e-09,-5.485747e-10,-2.556584e-11,1.296501e+00,8.007932e-01,7.783595e-01
9.045000e-11,4.500000e-05,4.500000e-05,0.000000e+00,2.537573e-06,1.178528e-05,-5.371017e-07,8.336846e-08,-6.013250e-08,-6.013250e-08,1.366519e-08,2.481022e-09,-5.144774e-10,-3.634547e-11,1.299803e+00,8.010010e-01,7.783020e-01
9.050000e-11,5.000000e-05,5.000000e-05,0.000000e+00,2.833647e-06,1.914553e-05,-4.451417e-07,1.370166e-07,-6.787228e-08,-6.787228e-08,1.267133e-08,2.698457e-09,-4.763480e-10,-4.689733e-11,1.303631e+00,8.011740e-01,7.782499e-01
9.055000e-11,5.500000e-05,5.500000e-05,0.000000e+00,3.228931e-06,2.678102e-05,-2.852644e-07,1.867259e-07,-7.477578e-08,-7.477578e-08,1.160579e-08,2.889546e-09,-4.345115e-10,-5.713988e-11,1.307938e+00,8.013110e-01,7.782038e-01
9.060000e-11,6.000000e-05,6.000000e-05,0.000000e+00,3.717498e-06,3.378896e-05,-5.799852e-08,2.318775e-07,-8.075825e-08,-8.075825e-08,1.047548e-08,3.053247e-09,-3.893264e-10,-6.699327e-11,1.312683e+00,8.014119e-01,7.781643e-01
9.065000e-11,6.500000e-05,6.500000e-05,0.000000e+00,4.266766e-06,3.949165e-05,2.347120e-07,2.719617e-07,-8.574639e-08,-8.574639e-08,9.287568e-09,3.188790e-09,-3.411809e-10,-7.637998e-11,1.317831e+00,8.014776e-01,7.781319e-01
9.070000e-11,7.000000e-05,7.000000e-05,0.000000e+00,4.826861e-06,4.351131e-05,5.897463e-07,3.065854e-07,-8.967963e-08,-8.967963e-08,8.049481e-09,3.295677e-09,-2.904893e-10,-8.522548e-11,1.323352e+00,8.015099e-01,7.781070e-01
9.075000e-11,7.500000e-05,7.500000e-05,0.000000e+00,5.341810e-06,4.578333e-05,1.002977e-06,3.354773e-07,-9.251115e-08,-9.251115e-08,6.768923e-09,3.373678e-09,-2.376889e-10,-9.345884e-11,1.329215e+00,8.015114e-01,7.780896e-01
9.080000e-11,8.000000e-05,8.000000e-05,0.000000e+00,5.760371e-06,4.651449e-05,1.469363e-06,3.584908e-07,-9.420862e-08,-9.420862e-08,5.453872e-09,3.422823e-09,-1.832349e-10,-1.010133e-10,1.335382e+00,8.014858e-01,7.780801e-01
9.085000e-11,8.500000e-05,8.500000e-05,0.000000e+00,6.044653e-06,4.610121e-05,1.982967e-06,3.756046e-07,-9.475487e-08,-9.475487e-08,4.112585e-09,3.443396e-09,-1.275970e-10,-1.078271e-10,1.341807e+00,8.014374e-01,7.780783e-01
9.090000e-11,9.000000e-05,9.000000e-05,0.000000e+00,6.175341e-06,4.502808e-05,2.536939e-06,3.869208e-07,-9.414816e-08,-9.414816e-08,2.753594e-09,3.435921e-09,-7.125432e-11,-1.138435e-10,1.348429e+00,8.013712e-01,7.780841e-01
9.095000e-11,9.500000e-05,9.500000e-05,0.000000e+00,6.153095e-06,4.376726e-05,3.123481e-06,3.926610e-07,-9.240229e-08,-9.240229e-08,1.385692e-09,3.401151e-09,-1.469130e-11,-1.190118e-10,1.355177e+00,8.012931e-01,7.780972e-01
9.100000e-11,1.000000e-04,1.000000e-04,0.000000e+00,5.996433e-06,4.269635e-05,3.733850e-06,3.931594e-07,-8.954642e-08,-8.954642e-08,1.792121e-11,3.340052e-09,4.160722e-11,-1.232879e-10,1.361968e+00,8.012093e-01,7.781173e-01
9.105000e-11,1.000000e-04,1.000000e-04,0.000000e+00,4.317569e-06,-2.276356e-05,4.357589e-06,3.888545e-07,-8.562467e-08,-8.562467e-08,-1.340460e-09,3.253784e-09,9.716047e-11,-1.266341e-10,1.368640e+00,8.011263e-01,7.781440e-01
9.110000e-11,1.000000e-04,1.000000e-04,0.000000e+00,2.833286e-06,8.060020e-06,4.982132e-06,3.802777e-07,-8.069544e-08,-8.069544e-08,-2.680010e-09,3.143686e-09,1.514964e-10,-1.290201e-10,1.374999e+00,8.010510e-01,7.781766e-01
9.115000e-11,1.000000e-04,1.000000e-04,0.000000e+00,1.644219e-06,1.611147e-05,5.593058e-06,3.680411e-07,-7.483048e-08,-7.483048e-08,-3.991146e-09,3.011256e-09,2.041560e-10,-1.304231e-10,1.380863e+00,8.009904e-01,7.782146e-01
9.120000e-11,1.000000e-04,1.000000e-04,0.000000e+00,7.944836e-07,2.347468e-05,6.174833e-06,3.528230e-07,-6.811382e-08,-6.811382e-08,-5.264206e-09,2.858132e-09,2.546979e-10,-1.308280e-10,1.386091e+00,8.009514e-01,7.782573e-01
9.125000e-11,1.000000e-04,1.000000e-04,0.000000e+00,2.698900e-07,2.878587e-05,6.711787e-06,3.353526e-07,-6.064038e-08,-6.064038e-08,-6.489512e-09,2.686070e-09,3.027025e-10,-1.302279e-10,1.390587e+00,8.009407e-01,7.783039e-01
9.130000e-11,1.000000e-04,1.000000e-04,0.000000e+00,7.494823e-09,3.109187e-05,7.189081e-06,3.163933e-07,-5.251452e-08,-5.251452e-08,-7.657441e-09,2.496925e-09,3.477754e-10,-1.286237e-10,1.394305e+00,8.009648e-01,7.783536e-01
9.135000e-11,1.000000e-04,1.000000e-04,0.000000e+00,-8.665719e-08,3.000344e-05,7.593514e-06,2.967255e-07,-4.384833e-08,-4.384833e-08,-8.758516e-09,2.292631e-09,3.895519e-10,-1.260248e-10,1.397237e+00,8.010293e-01,7.784057e-01
9.140000e-11,1.000000e-04,1.000000e-04,0.000000e+00,-1.161005e-07,2.572010e-05,7.914084e-06,2.771290e-07,-3.475986e-08,-3.475986e-08,-9.783492e-09,2.075180e-09,4.276996e-10,-1.224487e-10,1.399402e+00,8.011396e-01,7.784593e-01
9.145000e-11,1.000000e-04,1.000000e-04,0.000000e+00,-1.733244e-07,1.894312e-05,8.142272e-06,2.583649e-07,-2.537124e-08,-2.537124e-08,-1.072346e-08,1.846606e-09,4.619216e-10,-1.179212e-10,1.400837e+00,8.012999e-01,7.785137e-01
9.150000e-11,1.000000e-04,1.000000e-04,0.000000e+00,-3.236513e-07,1.070833e-05,8.272083e-06,2.411584e-07,-1.580677e-08,-1.580677e-08,-1.156994e-08,1.608962e-09,4.919591e-10,-1.124758e-10,1.401579e+00,8.015137e-01,7.785681e-01
9.155000e-11,1.000000e-04,1.000000e-04,0.000000e+00,-5.959818e-07,2.179842e-06,8.299899e-06,2.261820e-07,-6.190881e-09,-6.190881e-09,-1.231500e-08,1.364305e-09,5.175939e-10,-1.061540e-10,1.401667e+00,8.017833e-01,7.786219e-01
9.160000e-11,1.000000e-04,1.000000e-04,0.000000e+00,-9.812076e-07,-5.553286e-06,8.224228e-06,2.140399e-07,3.353744e-09,3.353744e-09,-1.295136e-08,1.114682e-09,5.386494e-10,-9.900489e-11,1.401130e+00,8.021099e-01,7.786742e-01
9.165000e-11,1.000000e-04,1.000000e-04,0.000000e+00,-1.437615e-06,-1.164173e-05,8.045424e-06,2.052538e-07,1.270813e-08,1.270813e-08,-1.347250e-08,8.621091e-10,5.549926e-10,-9.108451e-11,1.399993e+00,8.024936e-01,7.787246e-01
9.170000e-11,1.000000e-04,1.000000e-04,0.000000e+00,-1.901442e-06,-1.557793e-05,7.765459e-06,2.002500e-07,2.175881e-08,2.175881e-08,-1.387278e-08,6.085613e-10,5.665346e-10,-8.245570e-11,1.398278e+00,8.029332e-01,7.787724e-01
9.175000e-11,1.000000e-04,1.000000e-04,0.000000e+00,-2.300089e-06,-1.722607e-05,7.387764e-06,1.993492e-07,3.039959e-08,3.039959e-08,-1.414750e-08,3.559594e-10,5.732311e-10,-7.318751e-11,1.396013e+00,8.034260e-01,7.788174e-01
9.180000e-11,1.000000e-04,1.000000e-04,0.000000e+00,-2.565336e-06,-1.678481e-05,6.917180e-06,2.027581e-07,3.853310e-08,3.853310e-08,-1.429303e-08,1.061579e-10,5.750822e-10,-6.335466e-11,1.393236e+00,8.039685e-01,7.788590e-01
9.185000e-11,1.000000e-04,1.000000e-04,0.000000e+00,-2.644286e-06,-1.469859e-05,6.359991e-06,2.105632e-07,4.607221e-08,4.607221e-08,-1.430691e-08,-1.390647e-10,5.721319e-10,-5.303692e-11,1.390003e+00,8.045558e-01,7.788971e-01
9.190000e-11,1.000000e-04,1.000000e-04,0.000000e+00,-2.506454e-06,-1.154067e-05,5.724009e-06,2.227278e-07,5.294126e-08,5.294126e-08,-1.418787e-08,-3.780146e-10,5.644672e-10,-4.231841e-11,1.386389e+00,8.051818e-01,7.789314e-01
9.195000e-11,1.000000e-04,1.000000e-04,0.000000e+00,-2.146319e-06,-7.892356e-06,5.018672e-06,2.390914e-07,5.907707e-08,5.907707e-08,-1.393593e-08,-6.090905e-10,5.522166e-10,-3.128693e-11,1.382488e+00,8.058396e-01,7.789620e-01
9.200000e-11,1.000000e-04,1.000000e-04,0.000000e+00,-1.581526e-06,-4.240536e-06,4.255098e-06,2.593718e-07,6.442968e-08,6.442968e-08,-1.355244e-08,-8.307895e-10,5.355483e-10,-2.003318e-11,1.378417e+00,8.065212e-01,7.789888e-01
9.205000e-11,1.000000e-04,1.000000e-04,0.000000e+00,-8.476802e-07,-9.088582e-07,3.446071e-06,2.831699e-07,6.896293e-08,6.896293e-08,-1.304010e-08,-1.041713e-09,5.146679e-10,-8.649980e-12,1.374302e+00,8.072179e-01,7.790121e-01
9.210000e-11,1.000000e-04,1.000000e-04,0.000000e+00,8.903883e-09,1.970014e-06,2.605914e-06,3.099775e-07,7.265470e-08,7.265470e-08,-1.240296e-08,-1.240569e-09,4.898161e-10,2.768582e-12,1.370281e+00,8.079205e-01,7.790319e-01
9.215000e-11,1.000000e-04,1.000000e-04,0.000000e+00,9.389391e-07,4.442188e-06,1.750253e-06,3.391870e-07,7.549694e-08,7.549694e-08,-1.164646e-08,-1.426178e-09,4.612656e-10,1.412795e-11,1.366491e+00,8.086193e-01,7.790486e-01
9.220000e-11,1.000000e-04,1.000000e-04,0.000000e+00,1.897011e-06,6.688376e-06,8.956777e-07,3.701045e-07,7.749544e-08,7.749544e-08,-1.077734e-08,-1.597474e-09,4.293182e-10,2.533395e-11,1.363064e+00,8.093044e-01,7.790626e-01
9.225000e-11,1.000000e-04,1.000000e-04,0.000000e+00,2.846493e-06,8.960403e-06,5.931431e-08,4.019641e-07,7.866935e-08,7.866935e-08,-9.803628e-09,-1.753506e-09,3.943010e-10,3.629367e-11,1.360121e+00,8.099657e-01,7.790744e-01
9.230000e-11,1.000000e-04,1.000000e-04,0.000000e+00,3.762009e-06,1.151266e-05,-7.416541e-07,4.339441e-07,7.905045e-08,7.905045e-08,-8.734573e-09,-1.893441e-09,3.565635e-10,4.691627e-11,1.357766e+00,8.105934e-01,7.790843e-01
9.235000e-11,1.000000e-04,1.000000e-04,0.000000e+00,4.629419e-06,1.454166e-05,-1.490483e-06,4.651858e-07,7.868221e-08,7.868221e-08,-7.580548e-09,-2.016562e-09,3.164733e-10,5.711383e-11,1.356085e+00,8.111782e-01,7.790929e-01
9.240000e-11,1.000000e-04,1.000000e-04,0.000000e+00,5.443762e-06,1.814372e-05,-2.171348e-06,4.948120e-07,7.761868e-08,7.761868e-08,-6.352946e-09,-2.122269e-09,2.744126e-10,6.680215e-11,1.355143e+00,8.117111e-01,7.791008e-01
9.245000e-11,1.000000e-04,1.000000e-04,0.000000e+00,6.205893e-06,2.229591e-05,-2.769780e-06,5.219471e-07,7.592312e-08,7.592312e-08,-5.064062e-09,-2.210081e-09,2.307740e-10,7.590153e-11,1.354986e+00,8.121840e-01,7.791085e-01
9.250000e-11,1.000000e-04,1.000000e-04,0.000000e+00,6.918664e-06,2.686094e-05,-3.273046e-06,5.457378e-07,7.366656e-08,7.366656e-08,-3.726951e-09,-2.279636e-09,1.859571e-10,8.433750e-11,1.355641e+00,8.125897e-01,7.791165e-01
9.255000e-11,1.000000e-04,1.000000e-04,0.000000e+00,7.583480e-06,3.161209e-05,-3.670446e-06,5.653727e-07,7.092620e-08,7.092620e-08,-2.355276e-09,-2.330686e-09,1.403644e-10,9.204148e-11,1.357116e+00,8.129222e-01,7.791255e-01
9.260000e-11,1.000000e-04,1.000000e-04,0.000000e+00,8.197857e-06,3.627149e-05,-3.953547e-06,5.801026e-07,6.778370e-08,6.778370e-08,-9.631450e-10,-2.363100e-09,9.439711e-11,9.895146e-11,1.359403e+00,8.131768e-01,7.791358e-01
9.265000e-11,1.000000e-04,1.000000e-04,0.000000e+00,8.754348e-06,4.055341e-05,-4.116342e-06,5.892586e-07,6.432350e-08,6.432350e-08,4.350656e-10,-2.376866e-09,4.845216e-11,1.050125e-10,1.362478e+00,8.133501e-01,7.791480e-01
9.270000e-11,1.000000e-04,1.000000e-04,0.000000e+00,9.240896e-06,4.420479e-05,-4.155352e-06,5.922701e-07,6.063100e-08,6.063100e-08,1.824891e-09,-2.372084e-09,2.918162e-12,1.101774e-10,1.366305e+00,8.134403e-01,7.791624e-01
9.275000e-11,1.000000e-04,1.000000e-04,0.000000e+00,9.642412e-06,4.703640e-05,-4.069676e-06,5.886798e-07,5.679082e-08,5.679082e-08,3.191962e-09,-2.348969e-09,-4.182782e-11,1.144068e-10,1.370831e+00,8.134470e-01,7.791794e-01
9.280000e-11,1.000000e-04,1.000000e-04,0.000000e+00,9.943157e-06,4.894068e-05,-3.860995e-06,5.781573e-07,5.288514e-08,5.288514e-08,4.522195e-09,-2.307848e-09,-8.542338e-11,1.176699e-10,1.375990e+00,8.133716e-01,7.791991e-01
9.285000e-11,1.000000e-04,1.000000e-04,0.000000e+00,1.012943e-05,4.989497e-05,-3.533535e-06,5.605101e-07,4.899204e-08,4.899204e-08,5.801970e-09,-2.249164e-09,-1.275238e-10,1.199446e-10,1.381704e+00,8.132170e-01,7.792219e-01
9.290000e-11,1.000000e-04,1.000000e-04,0.000000e+00,1.019203e-05,4.995136e-05,-3.093996e-06,5.356916e-07,4.518402e-08,4.518402e-08,7.018318e-09,-2.173465e-09,-1.678046e-10,1.212173e-10,1.387882e+00,8.129878e-01,7.792478e-01
9.295000e-11,1.000000e-04,1.000000e-04,0.000000e+00,1.012806e-05,4.921655e-05,-2.551426e-06,5.038061e-07,4.152663e-08,4.152663e-08,8.159087e-09,-2.081411e-09,-2.059640e-10,1.214838e-10,1.394420e+00,8.126901e-01,7.792767e-01
9.300000e-11,1.000000e-04,1.000000e-04,0.000000e+00,9.941827e-06,4.782623e-05,-1.917064e-06,4.651112e-07,3.807730e-08,3.807730e-08,9.213102e-09,-1.973767e-09,-2.417249e-10,1.207486e-10,1.401208e+00,8.123312e-01,7.793085e-01
9.305000e-11,1.000000e-04,1.000000e-04,0.000000e+00,9.644639e-06,4.591878e-05,-1.204114e-06,4.200160e-07,3.488432e-08,3.488432e-08,1.017032e-08,-1.851402e-09,-2.748371e-10,1.190249e-10,1.408128e+00,8.119200e-01,7.793431e-01
9.310000e-11,1.000000e-04,1.000000e-04,0.000000e+00,9.253720e-06,4.361283e-05,-4.274792e-07,3.690766e-07,3.198608e-08,3.198608e-08,1.102195e-08,-1.715286e-09,-3.050780e-10,1.163351e-10,1.415058e+00,8.114664e-01,7.793801e-01
9.315000e-11,1.000000e-04,1.000000e-04,0.000000e+00,8.790340e-06,4.099180e-05,3.965648e-07,3.129885e-07,2.941050e-08,2.941050e-08,1.176057e-08,-1.566484e-09,-3.322544e-10,1.127096e-10,1.421879e+00,8.109813e-01,7.794191e-01
9.320000e-11,1.000000e-04,1.000000e-04,0.000000e+00,8.277561e-06,3.809713e-05,1.250739e-06,2.525754e-07,2.717474e-08,2.717474e-08,1.238024e-08,-1.406153e-09,-3.562034e-10,1.081870e-10,1.428474e+00,8.104762e-01,7.794598e-01
9.325000e-11,1.000000e-04,1.000000e-04,0.000000e+00,7.737919e-06,3.493030e-05,2.117168e-06,1.887750e-07,2.528509e-08,2.528509e-08,1.287653e-08,-1.235538e-09,-3.767923e-10,1.028138e-10,1.434733e+00,8.099633e-01,7.795015e-01
9.330000e-11,1.000000e-04,1.000000e-04,0.000000e+00,7.191403e-06,3.146207e-05,2.977810e-06,1.226226e-07,2.373719e-08,2.373719e-08,1.324659e-08,-1.055961e-09,-3.939196e-10,9.664348e-11,1.440558e+00,8.094551e-01,7.795437e-01
9.335000e-11,1.000000e-04,1.000000e-04,0.000000e+00,6.653949e-06,2.764644e-05,3.814890e-06,5.523164e-08,2.251639e-08,2.251639e-08,1.348921e-08,-8.688215e-10,-4.075144e-10,8.973641e-11,1.445864e+00,8.089638e-01,7.795858e-01
9.340000e-11,1.000000e-04,1.000000e-04,0.000000e+00,6.136624e-06,2.343653e-05,4.611324e-06,-1.222705e-08,2.159845e-08,2.159845e-08,1.360473e-08,-6.755792e-10,-4.175365e-10,8.215887e-11,1.450578e+00,8.085019e-01,7.796270e-01
9.345000e-11,1.000000e-04,1.000000e-04,0.000000e+00,5.645515e-06,1.879957e-05,5.351108e-06,-7.854843e-08,2.095035e-08,2.095035e-08,1.359512e-08,-4.777516e-10,-4.239757e-10,7.398256e-11,1.454647e+00,8.080809e-01,7.796667e-01
9.350000e-11,1.000000e-04,1.000000e-04,0.000000e+00,5.182260e-06,1.372887e-05,6.019666e-06,-1.425170e-07,2.053133e-08,2.053133e-08,1.346383e-08,-2.769017e-10,-4.268507e-10,6.528386e-11,1.458028e+00,8.077119e-01,7.797042e-01
9.355000e-11,1.000000e-04,1.000000e-04,0.000000e+00,4.745078e-06,8.251643e-06,6.604134e-06,-2.029315e-07,2.029418e-08,2.029418e-08,1.321579e-08,-7.462660e-11,-4.262086e-10,5.614303e-11,1.460695e+00,8.074049e-01,7.797388e-01
9.360000e-11,1.000000e-04,1.000000e-04,0.000000e+00,4.330113e-06,2.432065e-06,7.093586e-06,-2.586296e-07,2.018653e-08,2.018653e-08,1.285729e-08,1.274535e-10,-4.221234e-10,4.664350e-11,1.462637e+00,8.071688e-01,7.797698e-01
9.365000e-11,1.000000e-04,1.000000e-04,0.000000e+00,3.932887e-06,-3.630073e-06,7.479190e-06,-3.085120e-07,2.015241e-08,2.015241e-08,1.239585e-08,3.277084e-10,-4.146944e-10,3.687096e-11,1.463851e+00,8.070111e-01,7.797967e-01
9.370000e-11,1.000000e-04,1.000000e-04,0.000000e+00,3.549692e-06,-9.804530e-06,7.754289e-06,-3.515664e-07,2.013373e-08,2.013373e-08,1.184010e-08,5.245115e-10,-4.040453e-10,2.691262e-11,1.464348e+00,8.069379e-01,7.798190e-01
9.375000e-11,1.000000e-04,1.000000e-04,0.000000e+00,3.178744e-06,-1.593852e-05,7.914434e-06,-3.868892e-07,2.007197e-08,2.007197e-08,1.119965e-08,7.162532e-10,-3.903216e-10,1.685633e-11,1.464147e+00,8.069535e-01,7.798360e-01
9.380000e-11,1.000000e-04,1.000000e-04,0.000000e+00,2.821006e-06,-2.186623e-05,7.957356e-06,-4.137055e-07,1.990977e-08,1.990977e-08,1.048487e-08,9.013558e-10,-3.736899e-10,6.789780e-12,1.463273e+00,8.070606e-01,7.798475e-01
9.385000e-11,1.000000e-04,1.000000e-04,0.000000e+00,2.480628e-06,-2.741869e-05,7.882894e-06,-4.313874e-07,1.959252e-08,1.959252e-08,9.706778e-09,1.078288e-09,-3.543351e-10,-3.200331e-12,1.461760e+00,8.072599e-01,7.798531e-01
9.390000e-11,1.000000e-04,1.000000e-04,0.000000e+00,2.164967e-06,-3.243313e-05,7.692902e-06,-4.394684e-07,1.906994e-08,1.906994e-08,8.876835e-09,1.245581e-09,-3.324589e-10,-1.302908e-11,1.459646e+00,8.075504e-01,7.798528e-01
9.395000e-11,1.000000e-04,1.000000e-04,0.000000e+00,1.884262e-06,-3.676070e-05,7.391120e-06,-4.376559e-07,1.829748e-08,1.829748e-08,8.006751e-09,1.401841e-09,-3.082780e-10,-2.261409e-11,1.456978e+00,8.079295e-01,7.798462e-01
9.400000e-11,1.000000e-04,1.000000e-04,0.000000e+00,1.650999e-06,-4.027243e-05,6.983045e-06,-4.258395e-07,1.723767e-08,1.723767e-08,7.108314e-09,1.545764e-09,-2.820215e-10,-3.187625e-11,1.453807e+00,8.083925e-01,7.798337e-01
9.405000e-11,1.000000e-04,1.000000e-04,0.000000e+00,1.479077e-06,-4.286305e-05,6.475793e-06,-4.040959e-07,1.586127e-08,1.586127e-08,6.193200e-09,1.676154e-09,-2.539297e-10,-4.074040e-11,1.450189e+00,8.089331e-01,7.798152e-01
9.410000e-11,1.000000e-04,1.000000e-04,0.000000e+00,1.382849e-06,-4.445306e-05,5.877961e-06,-3.726908e-07,1.414825e-08,1.414825e-08,5.272799e-09,1.791931e-09,-2.242512e-10,-4.913597e-11,1.446188e+00,8.095437e-01,7.797911e-01
9.415000e-11,1.000000e-04,1.000000e-04,0.000000e+00,1.376133e-06,-4.498953e-05,5.199491e-06,-3.320759e-07,1.208854e-08,1.208854e-08,4.358047e-09,1.892147e-09,-1.932416e-10,-5.699759e-11,1.441876e+00,8.102150e-01,7.797617e-01
9.420000e-11,1.000000e-04,1.000000e-04,0.000000e+00,1.471253e-06,-4.444614e-05,4.451540e-06,-2.828828e-07,9.682564e-09,9.682564e-09,3.459269e-09,1.975995e-09,-1.611613e-10,-6.426554e-11,1.437330e+00,8.109367e-01,7.797277e-01
9.425000e-11,1.000000e-04,1.000000e-04,0.000000e+00,1.678142e-06,-4.282318e-05,3.646349e-06,-2.259133e-07,6.941567e-09,6.941567e-09,2.586036e-09,2.042821e-09,-1.282735e-10,-7.088627e-11,1.432635e+00,8.116974e-01,7.796896e-01
9.430000e-11,1.000000e-04,1.000000e-04,0.000000e+00,2.003553e-06,-4.014767e-05,2.797111e-06,-1.621263e-07,3.887622e-09,3.887622e-09,1.747042e-09,2.092133e-09,-9.484239e-11,-7.681276e-11,1.427882e+00,8.124847e-01,7.796481e-01
9.435000e-11,1.000000e-04,1.000000e-04,0.000000e+00,2.450374e-06,-3.647388e-05,1.917829e-06,-9.262095e-08,5.534306e-10,5.534306e-10,9.499962e-10,2.123603e-09,-6.113129e-11,-8.200485e-11,1.423167e+00,8.132859e-01,7.796040e-01
9.440000e-11,1.000000e-04,1.000000e-04,0.000000e+00,3.017064e-06,-3.188386e-05,1.023170e-06,-1.861736e-08,-3.018145e-09,-3.018145e-09,2.015392e-10,2.137081e-09,-2.740099e-11,-8.642944e-11,1.418593e+00,8.140879e-01,7.795583e-01
9.445000e-11,1.000000e-04,1.000000e-04,0.000000e+00,3.697231e-06,-2.648741e-05,1.282974e-07,5.856520e-08,-6.774802e-09,-6.774802e-09,-4.928232e-10,2.132589e-09,6.092049e-12,-9.006074e-11,1.414263e+00,8.148775e-01,7.795118e-01
9.450000e-11,1.000000e-04,1.000000e-04,0.000000e+00,4.479374e-06,-2.042091e-05,-7.513198e-07,1.375325e-07,-1.065574e-08,-1.065574e-08,-1.128760e-09,2.110328e-09,3.909727e-11,-9.288029e-11,1.410284e+00,8.156414e-01,7.794655e-01
9.455000e-11,1.000000e-04,1.000000e-04,0.000000e+00,5.346854e-06,-1.384406e-05,-1.600115e-06,2.168411e-07,-1.459284e-08,-1.459284e-08,-1.703131e-09,2.070673e-09,7.137158e-11,-9.487704e-11,1.406758e+00,8.163671e-01,7.794203e-01
9.460000e-11,1.000000e-04,1.000000e-04,0.000000e+00,6.278127e-06,-6.934187e-06,-2.402664e-06,2.950251e-07,-1.851202e-08,-1.851202e-08,-2.213986e-09,2.014175e-09,1.026808e-10,-9.604726e-11,1.403785e+00,8.170426e-01,7.793774e-01
9.465000e-11,1.000000e-04,1.000000e-04,0.000000e+00,7.247329e-06,1.221578e-07,-3.143950e-06,3.706238e-07,-2.233475e-08,-2.233475e-08,-2.660535e-09,1.941549e-09,1.328012e-10,-9.639448e-11,1.401456e+00,8.176566e-01,7.793375e-01
9.470000e-11,1.000000e-04,1.000000e-04,0.000000e+00,8.225219e-06,7.139808e-06,-3.809654e-06,4.422094e-07,-2.597977e-08,-2.597977e-08,-3.043097e-09,1.853671e-09,1.615206e-10,-9.592925e-11,1.399852e+00,8.181990e-01,7.793018e-01
9.475000e-11,1.000000e-04,1.000000e-04,0.000000e+00,9.180516e-06,1.394683e-05,-4.386466e-06,5.084142e-07,-2.936477e-08,-2.936477e-08,-3.363034e-09,1.751567e-09,1.886398e-10,-9.466896e-11,1.399039e+00,8.186609e-01,7.792709e-01
9.480000e-11,1.000000e-04,1.000000e-04,0.000000e+00,1.008157e-05,2.039603e-05,-4.862410e-06,5.679570e-07,-3.240834e-08,-3.240834e-08,-3.622663e-09,1.636402e-09,2.139736e-10,-9.263748e-11,1.399066e+00,8.190351e-01,7.792458e-01
9.485000e-11,1.000000e-04,1.000000e-04,0.000000e+00,1.089825e-05,2.637428e-05,-5.227168e-06,6.196682e-07,-3.503174e-08,-3.503174e-08,-3.825149e-09,1.509465e-09,2.373520e-10,-8.986487e-11,1.399963e+00,8.193155e-01,7.792271e-01
9.490000e-11,1.000000e-04,1.000000e-04,0.000000e+00,1.160393e-05,3.180787e-05,-5.472394e-06,6.625125e-07,-3.716079e-08,-3.716079e-08,-3.974390e-09,1.372157e-09,2.586210e-10,-8.638693e-11,1.401737e+00,8.194981e-01,7.792155e-01
9.495000e-11,1.000000e-04,1.000000e-04,0.000000e+00,1.217726e-05,3.666263e-05,-5.592011e-06,6.956096e-07,-3.872768e-08,-3.872768e-08,-4.074887e-09,1.225968e-09,2.776440e-10,-8.224478e-11,1.404372e+00,8.195806e-01,7.792114e-01
9.500000e-11,1.000000e-04,1.000000e-04,0.000000e+00,1.260365e-05,4.093838e-05,-5.582450e-06,7.182525e-07,-3.967265e-08,-3.967265e-08,-4.131605e-09,1.072468e-09,2.943017e-10,-7.748439e-11,1.407832e+00,8.195623e-01,7.792151e-01
9.505000e-11,1.000000e-04,1.000000e-04,0.000000e+00,1.287612e-05,4.465830e-05,-5.442844e-06,7.299218e-07,-3.994557e-08,-3.994557e-08,-4.149832e-09,9.132814e-10,3.084938e-10,-7.215605e-11,1.412053e+00,8.194447e-01,7.792268e-01
9.510000e-11,1.000000e-04,1.000000e-04,0.000000e+00,1.299547e-05,4.785502e-05,-5.175146e-06,7.302973e-07,-3.950739e-08,-3.950739e-08,-4.135034e-09,7.500691e-10,3.201388e-10,-6.631385e-11,1.416957e+00,8.192309e-01,7.792467e-01
9.515000e-11,1.000000e-04,1.000000e-04,0.000000e+00,1.296971e-05,5.055598e-05,-4.784158e-06,7.192656e-07,-3.833130e-08,-3.833130e-08,-4.092711e-09,5.845095e-10,3.291752e-10,-6.001510e-11,1.422442e+00,8.189259e-01,7.792746e-01
9.520000e-11,1.000000e-04,1.000000e-04,0.000000e+00,1.281279e-05,5.277096e-05,-4.277475e-06,6.969239e-07,-3.640375e-08,-3.640375e-08,-4.028255e-09,4.182775e-10,3.355612e-10,-5.331982e-11,1.428397e+00,8.185366e-01,7.793103e-01
9.525000e-11,1.000000e-04,1.000000e-04,0.000000e+00,1.254286e-05,5.448434e-05,-3.665335e-06,6.635801e-07,-3.372516e-08,-3.372516e-08,-3.946822e-09,2.530241e-10,3.392755e-10,-4.629011e-11,1.434698e+00,8.180712e-01,7.793534e-01
9.530000e-11,1.000000e-04,1.000000e-04,0.000000e+00,1.218030e-05,5.565413e-05,-2.960377e-06,6.197484e-07,-3.031040e-08,-3.031040e-08,-3.853204e-09,9.035756e-11,3.403172e-10,-3.898958e-11,1.441216e+00,8.175395e-01,7.794033e-01
9.535000e-11,1.000000e-04,1.000000e-04,0.000000e+00,1.174578e-05,5.621806e-05,-2.177324e-06,5.661418e-07,-2.618895e-08,-2.618895e-08,-3.751724e-09,-6.817649e-11,3.387058e-10,-3.148282e-11,1.447820e+00,8.169528e-01,7.794594e-01
9.540000e-11,1.000000e-04,1.000000e-04,0.000000e+00,1.125873e-05,5.610606e-05,-1.332603e-06,5.036594e-07,-2.140475e-08,-2.140475e-08,-3.646137e-09,-2.211123e-10,3.344811e-10,-2.383479e-11,1.454383e+00,8.163232e-01,7.795209e-01
9.545000e-11,1.000000e-04,1.000000e-04,0.000000e+00,1.073634e-05,5.525673e-05,-4.439085e-07,4.333719e-07,-1.601583e-08,-1.601583e-08,-3.539556e-09,-3.670811e-10,3.277031e-10,-1.611030e-11,1.460782e+00,8.156639e-01,7.795868e-01
9.550000e-11,1.000000e-04,1.000000e-04,0.000000e+00,1.019324e-05,5.363477e-05,4.702492e-07,3.565021e-07,-1.009355e-08,-1.009355e-08,-3.434387e-09,-5.048257e-10,3.184514e-10,-8.373458e-12,1.466902e+00,8.149884e-01,7.796562e-01
9.555000e-11,1.000000e-04,1.000000e-04,0.000000e+00,9.641825e-06,5.124580e-05,1.391017e-06,2.744031e-07,-3.721582e-09,-3.721582e-09,-3.332295e-09,-6.332145e-10,3.068246e-10,-6.871748e-13,1.472641e+00,8.143109e-01,7.797279e-01
9.560000e-11,1.000000e-04,1.000000e-04,0.000000e+00,9.093134e-06,4.814534e-05,2.299656e-06,1.885341e-07,3.005323e-09,3.005323e-09,-3.234180e-09,-7.512524e-10,2.929399e-10,6.887328e-12,1.477908e+00,8.136455e-01,7.798009e-01
9.565000e-11,1.000000e-04,1.000000e-04,0.000000e+00,8.557903e-06,4.443999e-05,3.177989e-06,1.004333e-07,9.982912e-09,9.982912e-09,-3.140180e-09,-8.580905e-10,2.769319e-10,1.429097e-11,1.482627e+00,8.130061e-01,7.798739e-01
9.570000e-11,1.000000e-04,1.000000e-04,0.000000e+00,8.047633e-06,4.027997e-05,4.008800e-06,1.168966e-08,1.709916e-08,1.709916e-08,-3.049692e-09,-9.530328e-10,2.589516e-10,2.146723e-11,1.486737e+00,8.124062e-01,7.799458e-01
9.575000e-11,1.000000e-04,1.000000e-04,0.000000e+00,7.575293e-06,3.584396e-05,4.776217e-06,-7.608684e-08,2.423623e-08,2.423623e-08,-2.961418e-09,-1.035541e-09,2.391655e-10,2.836257e-11,1.490191e+00,8.118586e-01,7.800153e-01
9.580000e-11,1.000000e-04,1.000000e-04,0.000000e+00,7.155479e-06,3.131858e-05,5.466035e-06,-1.612952e-07,3.127257e-08,3.127257e-08,-2.873422e-09,-1.105238e-09,2.177542e-10,3.492673e-11,1.492959e+00,8.113750e-01,7.800812e-01
9.585000e-11,1.000000e-04,1.000000e-04,0.000000e+00,6.803891e-06,2.687589e-05,6.066006e-06,-2.423739e-07,3.808512e-08,3.808512e-08,-2.783208e-09,-1.161906e-09,1.949106e-10,4.111311e-11,1.495028e+00,8.109660e-01,7.801425e-01
9.590000e-11,1.000000e-04,1.000000e-04,0.000000e+00,6.536166e-06,2.265265e-05,6.566085e-06,-3.178300e-07,4.455166e-08,4.455166e-08,-2.687818e-09,-1.205485e-09,1.708389e-10,4.687901e-11,1.496403e+00,8.106406e-01,7.801982e-01
9.595000e-11,1.000000e-04,1.000000e-04,0.000000e+00,6.366203e-06,1.873477e-05,6.958620e-06,-3.862682e-07,5.055308e-08,5.055308e-08,-2.583939e-09,-1.236069e-09,1.457524e-10,5.218589e-11,1.497103e+00,8.104064e-01,7.802471e-01
9.600000e-11,1.000000e-04,1.000000e-04,0.000000e+00,6.304259e-06,1.514967e-05,7.238498e-06,-4.464169e-07,5.597572e-08,5.597572e-08,-2.468018e-09,-1.253898e-09,1.198718e-10,5.699958e-11,1.497169e+00,8.102690e-01,7.802887e-01
9.605000e-11,1.000000e-04,1.000000e-04,0.000000e+00,6.355123e-06,1.186769e-05,7.403240e-06,-4.971530e-07,6.071365e-08,6.071365e-08,-2.336392e-09,-1.259351e-09,9.342352e-11,6.129041e-11,1.496654e+00,8.102326e-01,7.803220e-01
9.610000e-11,1.000000e-04,1.000000e-04,0.000000e+00,6.516705e-06,8.812265e-06,7.453023e-06,-5.375231e-07,6.467078e-08,6.467078e-08,-2.185422e-09,-1.252932e-09,6.663749e-11,6.503340e-11,1.495627e+00,8.102989e-01,7.803465e-01
9.615000e-11,1.000000e-04,1.000000e-04,0.000000e+00,6.779320e-06,5.877261e-06,7.390645e-06,-5.667621e-07,6.776288e-08,6.776288e-08,-2.011619e-09,-1.235261e-09,3.974508e-11,6.820828e-11,1.494169e+00,8.104679e-01,7.803619e-01
9.620000e-11,1.000000e-04,1.000000e-04,0.000000e+00,7.125835e-06,2.948313e-06,7.221413e-06,-5.843077e-07,6.991939e-08,6.991939e-08,-1.811785e-09,-1.207060e-09,1.297707e-11,7.079960e-11,1.492372e+00,8.107379e-01,7.803678e-01
9.625000e-11,1.000000e-04,1.000000e-04,0.000000e+00,7.532736e-06,-7.518786e-08,6.952952e-06,-5.898110e-07,7.108498e-08,7.108498e-08,-1.583136e-09,-1.169137e-09,-1.343848e-11,7.279672e-11,1.490331e+00,8.111049e-01,7.803642e-01
9.630000e-11,1.000000e-04,1.000000e-04,0.000000e+00,7.971993e-06,-3.261095e-06,6.594945e-06,-5.831435e-07,7.122092e-08,7.122092e-08,-1.323425e-09,-1.122371e-09,-3.927834e-11,7.419378e-11,1.488144e+00,8.115632e-01,7.803511e-01
9.635000e-11,1.000000e-04,1.000000e-04,0.000000e+00,8.413538e-06,-6.631394e-06,6.158798e-06,-5.643986e-07,7.030603e-08,7.030603e-08,-1.031050e-09,-1.067696e-09,-6.432623e-11,7.498969e-11,1.485904e+00,8.121057e-01,7.803289e-01
9.640000e-11,1.000000e-04,1.000000e-04,0.000000e+00,8.828002e-06,-1.015680e-05,5.657251e-06,-5.338903e-07,6.833745e-08,6.833745e-08,-7.051490e-10,-1.006085e-09,-8.837485e-11,7.518801e-11,1.483699e+00,8.127235e-01,7.802979e-01
9.645000e-11,1.000000e-04,1.000000e-04,0.000000e+00,9.189404e-06,-1.375952e-05,5.103939e-06,-4.921462e-07,6.533102e-08,6.533102e-08,-3.456856e-10,-9.385341e-10,-1.112278e-10,7.479685e-11,1.481606e+00,8.134064e-01,7.802588e-01
9.650000e-11,1.000000e-04,1.000000e-04,0.000000e+00,9.477426e-06,-1.732335e-05,4.512936e-06,-4.398971e-07,6.132123e-08,6.132123e-08,4.649367e-11,-8.660443e-10,-1.327016e-10,7.382874e-11,1.479685e+00,8.141433e-01,7.802123e-01
9.655000e-11,1.000000e-04,1.000000e-04,0.000000e+00,9.679026e-06,-2.070901e-05,3.898294e-06,-3.780626e-07,5.636101e-08,5.636101e-08,4.696153e-10,-7.896089e-10,-1.526273e-10,7.230044e-11,1.477985e+00,8.149221e-01,7.801593e-01
9.660000e-11,1.000000e-04,1.000000e-04,0.000000e+00,9.789219e-06,-2.377216e-05,3.273607e-06,-3.077328e-07,5.052096e-08,5.052096e-08,9.209585e-10,-7.101976e-10,-1.708520e-10,7.023276e-11,1.476534e+00,8.157302e-01,7.801008e-01
9.665000e-11,1.000000e-04,1.000000e-04,0.000000e+00,9.810986e-06,-2.638109e-05,2.651614e-06,-2.301472e-07,4.388840e-08,4.388840e-08,1.396857e-09,-6.287438e-10,-1.872406e-10,6.765035e-11,1.475348e+00,8.165546e-01,7.800379e-01
9.670000e-11,1.000000e-04,1.000000e-04,0.000000e+00,9.754368e-06,-2.843163e-05,2.043866e-06,-1.466703e-07,3.656603e-08,3.656603e-08,1.892723e-09,-5.461322e-10,-2.016766e-10,6.458143e-11,1.474426e+00,8.173823e-01,7.799719e-01
9.675000e-11,1.000000e-04,1.000000e-04,0.000000e+00,9.634933e-06,-2.985743e-05,1.460472e-06,-5.876544e-08,2.867023e-08,2.867023e-08,2.403096e-09,-4.631890e-10,-2.140639e-10,6.105757e-11,1.473754e+00,8.182004e-01,7.799039e-01
9.680000e-11,1.000000e-04,1.000000e-04,0.000000e+00,9.471821e-06,-3.063458e-05,9.099232e-07,3.203301e-08,2.032924e-08,2.032924e-08,2.921713e-09,-3.806724e-10,-2.243266e-10,5.711336e-11,1.473308e+00,8.189967e-01,7.798354e-01
9.685000e-11,1.000000e-04,1.000000e-04,0.000000e+00,9.285646e-06,-3.078068e-05,3.990050e-07,1.241490e-07,1.168089e-08,1.168089e-08,3.441601e-09,-2.992664e-10,-2.324106e-10,5.278617e-11,1.473059e+00,8.197594e-01,7.797677e-01
9.690000e-11,1.000000e-04,1.000000e-04,0.000000e+00,9.096480e-06,-3.034931e-05,-6.720587e-08,2.159943e-07,2.870345e-09,2.870345e-09,3.955186e-09,-2.195751e-10,-2.382832e-10,4.811580e-11,1.472972e+00,8.204777e-01,7.797020e-01
9.695000e-11,1.000000e-04,1.000000e-04,0.000000e+00,8.922123e-06,-2.942114e-05,-4.852761e-07,3.059976e-07,-5.952502e-09,-5.952502e-09,4.454424e-09,-1.421204e-10,-2.419337e-10,4.314417e-11,1.473014e+00,8.211419e-01,7.796398e-01
9.700000e-11,1.000000e-04,1.000000e-04,0.000000e+00,8.776794e-06,-2.809358e-05,-8.532876e-07,3.926335e-07,-1.463563e-08,-1.463563e-08,4.930950e-09,-6.733972e-11,-2.433731e-10,3.791496e-11,1.473152e+00,8.217435e-01,7.795821e-01
9.705000e-11,1.000000e-04,1.000000e-04,0.000000e+00,8.670306e-06,-2.647051e-05,-1.170666e-06,4.744496e-07,-2.302760e-08,-2.302760e-08,5.376232e-09,4.412350e-12,-2.426338e-10,3.247331e-11,1.473357e+00,8.222755e-01,7.795303e-01
9.710000e-11,1.000000e-04,1.000000e-04,0.000000e+00,8.607724e-06,-2.465346e-05,-1.437979e-06,5.500922e-07,-3.098029e-08,-3.098029e-08,5.781742e-09,7.286226e-11,-2.397687e-10,2.686545e-11,1.473605e+00,8.227322e-01,7.794854e-01
9.715000e-11,1.000000e-04,1.000000e-04,0.000000e+00,8.589454e-06,-2.273507e-05,-1.656725e-06,6.183292e-07,-3.835158e-08,-3.835158e-08,6.139129e-09,1.378131e-10,-2.348509e-10,2.113828e-11,1.473878e+00,8.231094e-01,7.794484e-01
9.720000e-11,1.000000e-04,1.000000e-04,0.000000e+00,8.611676e-06,-2.079517e-05,-1.829126e-06,6.780706e-07,-4.500793e-08,-4.500793e-08,6.440401e-09,1.991390e-10,-2.279719e-10,1.533912e-11,1.474163e+00,8.234044e-01,7.794200e-01
9.725000e-11,1.000000e-04,1.000000e-04,0.000000e+00,8.667011e-06,-1.889933e-05,-1.957925e-06,7.283860e-07,-5.082690e-08,-5.082690e-08,6.678100e-09,2.567782e-10,-2.192408e-10,9.515252e-12,1.474454e+00,8.236163e-01,7.794009e-01
9.730000e-11,1.000000e-04,1.000000e-04,0.000000e+00,8.745328e-06,-1.709934e-05,-2.046223e-06,7.685186e-07,-5.569936e-08,-5.569936e-08,6.845474e-09,3.107250e-10,-2.087829e-10,3.713592e-12,1.474745e+00,8.237453e-01,7.793917e-01
9.735000e-11,1.000000e-04,1.000000e-04,0.000000e+00,8.834610e-06,-1.543498e-05,-2.097331e-06,7.978950e-07,-5.953163e-08,-5.953163e-08,6.936644e-09,3.610204e-10,-1.967376e-10,-2.019661e-12,1.475038e+00,8.237932e-01,7.793927e-01
9.740000e-11,1.000000e-04,1.000000e-04,0.000000e+00,8.921795e-06,-1.393629e-05,-2.114671e-06,8.161330e-07,-6.224721e-08,-6.224721e-08,6.946760e-09,4.077431e-10,-1.832569e-10,-7.639395e-12,1.475333e+00,8.237631e-01,7.794040e-01
9.745000e-11,1.000000e-04,1.000000e-04,0.000000e+00,8.993571e-06,-1.262583e-05,-2.101695e-06,8.230435e-07,-6.378832e-08,-6.378832e-08,6.872132e-09,4.509988e-10,-1.685033e-10,-1.310192e-11,1.475631e+00,8.236592e-01,7.794257e-01
9.750000e-11,1.000000e-04,1.000000e-04,0.000000e+00,9.037088e-06,-1.152035e-05,-2.061849e-06,8.186306e-07,-6.411703e-08,-6.411703e-08,6.710356e-09,4.909105e-10,-1.526481e-10,-1.836533e-11,1.475932e+00,8.234869e-01,7.794575e-01
9.755000e-11,1.000000e-04,1.000000e-04,0.000000e+00,9.040581e-06,-1.063190e-05,-1.998557e-06,8.030874e-07,-6.321609e-08,-6.321609e-08,6.460413e-09,5.276081e-10,-1.358687e-10,-2.338976e-11,1.476232e+00,8.232524e-01,7.794991e-01
9.760000e-11,1.000000e-04,1.000000e-04,0.000000e+00,8.993900e-06,-9.968225e-06,-1.915236e-06,7.767877e-07,-6.108939e-08,-6.108939e-08,6.122739e-09,5.612190e-10,-1.183473e-10,-2.813777e-11,1.476524e+00,8.229626e-01,7.795499e-01
9.765000e-11,1.000000e-04,1.000000e-04,0.000000e+00,8.888949e-06,-9.532758e-06,-1.815319e-06,7.402760e-07,-5.776197e-08,-5.776197e-08,5.699275e-09,5.918593e-10,-1.002678e-10,-3.257459e-11,1.476797e+00,8.226252e-01,7.796092e-01
9.770000e-11,1.000000e-04,1.000000e-04,0.000000e+00,8.720026e-06,-9.324359e-06,-1.702291e-06,6.942537e-07,-5.327979e-08,-5.327979e-08,5.193492e-09,6.196253e-10,-8.181440e-11,-3.666840e-11,1.477035e+00,8.222480e-01,7.796762e-01
9.775000e-11,1.000000e-04,1.000000e-04,0.000000e+00,8.484061e-06,-9.337128e-06,-1.579731e-06,6.395630e-07,-4.770895e-08,-4.770895e-08,4.610379e-09,6.445867e-10,-6.316937e-11,-4.039055e-11,1.477215e+00,8.218392e-01,7.797498e-01
9.780000e-11,1.000000e-04,1.000000e-04,0.000000e+00,8.180743e-06,-9.560456e-06,-1.451343e-06,5.771684e-07,-4.113472e-08,-4.113472e-08,3.956408e-09,6.667810e-10,-4.451083e-11,-4.371581e-11,1.477311e+00,8.214073e-01,7.798291e-01
9.785000e-11,1.000000e-04,1.000000e-04,0.000000e+00,7.812534e-06,-9.979384e-06,-1.320987e-06,5.081375e-07,-3.366007e-08,-3.366007e-08,3.239471e-09,6.862091e-10,-2.601104e-11,-4.662256e-11,1.477292e+00,8.209603e-01,7.799128e-01
9.790000e-11,1.000000e-04,1.000000e-04,0.000000e+00,7.384553e-06,-1.057529e-05,-1.192683e-06,4.336190e-07,-2.540401e-08,-2.540401e-08,2.468778e-09,7.028324e-10,-7.834614e-12,-4.909291e-11,1.477123e+00,8.205063e-01,7.799997e-01
9.795000e-11,1.000000e-04,1.000000e-04,0.000000e+00,6.904346e-06,-1.132679e-05,-1.070607e-06,3.548209e-07,-1.649955e-08,-1.649955e-08,1.654741e-09,7.165718e-10,9.863090e-12,-5.111287e-11,1.476767e+00,8.200529e-01,7.800884e-01
9.800000e-11,1.000000e-04,1.000000e-04,0.000000e+00,6.381557e-06,-1.221067e-05,-9.590608e-07,2.729880e-07,-7.091496e-09,-7.091496e-09,8.088271e-10,7.273086e-10,2.693740e-11,-5.267243e-11,1.476187e+00,8.196073e-01,7.801776e-01
9.805000e-11,1.000000e-04,1.000000e-04,0.000000e+00,5.827495e-06,-1.320281e-05,-8.624189e-07,1.893792e-07,2.666088e-09,2.666088e-09,-5.661944e-11,7.348858e-10,4.325559e-11,-5.376564e-11,1.475345e+00,8.191761e-01,7.802660e-01
9.810000e-11,1.000000e-04,1.000000e-04,0.000000e+00,5.254646e-06,-1.427887e-05,-7.850567e-07,1.052450e-07,1.261245e-08,1.261245e-08,-9.285632e-10,7.391130e-10,5.869788e-11,-5.439057e-11,1.474205e+00,8.187652e-01,7.803523e-01
9.815000e-11,1.000000e-04,1.000000e-04,0.000000e+00,4.676152e-06,-1.541464e-05,-7.312583e-07,2.180669e-08,2.258290e-08,2.258290e-08,-1.793490e-09,7.397711e-10,7.315831e-11,-5.454938e-11,1.472737e+00,8.183796e-01,7.804351e-01
9.820000e-11,1.000000e-04,1.000000e-04,0.000000e+00,4.105286e-06,-1.658619e-05,-7.051071e-07,-5.976477e-08,3.241166e-08,3.241166e-08,-2.637629e-09,7.366192e-10,8.654532e-11,-5.424822e-11,1.470912e+00,8.180236e-01,7.805133e-01
9.825000e-11,1.000000e-04,1.000000e-04,0.000000e+00,3.554948e-06,-1.776977e-05,-7.103664e-07,-1.383672e-07,4.193463e-08,4.193463e-08,-3.447188e-09,7.294028e-10,9.878212e-11,-5.349717e-11,1.468712e+00,8.177007e-01,7.805858e-01
9.830000e-11,1.000000e-04,1.000000e-04,0.000000e+00,3.037220e-06,-1.894143e-05,-7.503520e-07,-2.129844e-07,5.099223e-08,5.099223e-08,-4.208592e-09,7.178631e-10,1.098069e-10,-5.231010e-11,1.466122e+00,8.174133e-01,7.806514e-01
9.835000e-11,1.000000e-04,1.000000e-04,0.000000e+00,2.562988e-06,-2.007675e-05,-8.278047e-07,-2.827018e-07,5.943206e-08,5.943206e-08,-4.908726e-09,7.017467e-10,1.195728e-10,-5.070450e-11,1.463140e+00,8.171631e-01,7.807092e-01
9.840000e-11,1.000000e-04,1.000000e-04,0.000000e+00,2.141646e-06,-2.115048e-05,-9.447681e-07,-3.467187e-07,6.711152e-08,6.711152e-08,-5.535169e-09,6.808166e-10,1.280475e-10,-4.870132e-11,1.459769e+00,8.169505e-01,7.807586e-01
9.845000e-11,1.000000e-04,1.000000e-04,0.000000e+00,1.780894e-06,-2.213635e-05,-1.102477e-06,-4.043596e-07,7.390015e-08,7.390015e-08,-6.076429e-09,6.548629e-10,1.352131e-10,-4.632475e-11,1.456024e+00,8.167754e-01,7.807987e-01
9.850000e-11,1.000000e-04,1.000000e-04,0.000000e+00,1.486617e-06,-2.300706e-05,-1.301261e-06,-4.550821e-07,7.968182e-08,7.968182e-08,-6.522161e-09,6.237142e-10,1.410651e-10,-4.360191e-11,1.451930e+00,8.166366e-01,7.808292e-01
9.855000e-11,1.000000e-04,1.000000e-04,0.000000e+00,1.262858e-06,-2.373448e-05,-1.540471e-06,-4.984824e-07,8.435664e-08,8.435664e-08,-6.863369e-09,5.872483e-10,1.456118e-10,-4.056261e-11,1.447517e+00,8.165319e-01,7.808497e-01
9.860000e-11,1.000000e-04,1.000000e-04,0.000000e+00,1.111853e-06,-2.429009e-05,-1.818432e-06,-5.342983e-07,8.784257e-08,8.784257e-08,-7.092590e-09,5.454030e-10,1.488736e-10,-3.723905e-11,1.442829e+00,8.164588e-01,7.808600e-01
9.865000e-11,1.000000e-04,1.000000e-04,0.000000e+00,1.034138e-06,-2.464553e-05,-2.132417e-06,-5.624101e-07,9.007673e-08,9.007673e-08,-7.204054e-09,4.981850e-10,1.508816e-10,-3.366546e-11,1.437913e+00,8.164135e-01,7.808600e-01
9.870000e-11,1.000000e-04,1.000000e-04,0.000000e+00,1.028693e-06,-2.477345e-05,-2.478655e-06,-5.828376e-07,9.101633e-08,9.101633e-08,-7.193815e-09,4.456795e-10,1.516767e-10,-2.987775e-11,1.432827e+00,8.163920e-01,7.808500e-01
9.875000e-11,1.000000e-04,1.000000e-04,0.000000e+00,1.093133e-06,-2.464836e-05,-2.852372e-06,-5.957365e-07,9.063933e-08,9.063933e-08,-7.059857e-09,3.880565e-10,1.513080e-10,-2.591317e-11,1.427630e+00,8.163896e-01,7.808302e-01
9.880000e-11,1.000000e-04,1.000000e-04,0.000000e+00,1.223905e-06,-2.424761e-05,-3.247853e-06,-6.013907e-07,8.894460e-08,8.894460e-08,-6.802162e-09,3.255773e-10,1.498323e-10,-2.180993e-11,1.422389e+00,8.164010e-01,7.808009e-01
9.885000e-11,1.000000e-04,1.000000e-04,0.000000e+00,1.416496e-06,-2.355244e-05,-3.658540e-06,-6.002040e-07,8.595189e-08,8.595189e-08,-6.422749e-09,2.585983e-10,1.473122e-10,-1.760678e-11,1.417172e+00,8.164207e-01,7.807629e-01
9.890000e-11,1.000000e-04,1.000000e-04,0.000000e+00,1.665640e-06,-2.254895e-05,-4.077148e-06,-5.926885e-07,8.170127e-08,8.170127e-08,-5.925675e-09,1.875729e-10,1.438150e-10,-1.334268e-11,1.412049e+00,8.164430e-01,7.807166e-01
9.895000e-11,1.000000e-04,1.000000e-04,0.000000e+00,1.965496e-06,-2.122910e-05,-4.495812e-06,-5.794527e-07,7.625237e-08,7.625237e-08,-5.317006e-09,1.130521e-10,1.394116e-10,-9.056406e-12,1.407088e+00,8.164621e-01,7.806631e-01
9.900000e-11,1.000000e-04,1.000000e-04,0.000000e+00,2.309817e-06,-1.959160e-05,-4.906240e-06,-5.611864e-07,6.968320e-08,6.968320e-08,-4.604744e-09,3.568161e-11,1.341752e-10,-4.786130e-12,1.402358e+00,8.164719e-01,7.806030e-01
9.905000e-11,1.000000e-04,1.000000e-04,0.000000e+00,2.692071e-06,-1.764263e-05,-5.299891e-06,-5.386462e-07,6.208867e-08,6.208867e-08,-3.798727e-09,-4.380165e-11,1.281804e-10,-5.691043e-13,1.397924e+00,8.164669e-01,7.805374e-01
9.910000e-11,1.000000e-04,1.000000e-04,0.000000e+00,3.105546e-06,-1.539645e-05,-5.668156e-06,-5.126388e-07,5.357892e-08,5.357892e-08,-2.910495e-09,-1.245765e-10,1.215018e-10,3.558695e-12,1.393846e+00,8.164414e-01,7.804673e-01
9.915000e-11,1.000000e-04,1.000000e-04,0.000000e+00,3.543415e-06,-1.287570e-05,-6.002544e-06,-4.840042e-07,4.427728e-08,4.427728e-08,-1.953122e-09,-2.057461e-10,1.142135e-10,7.562926e-12,1.390180e+00,8.163904e-01,7.803936e-01
9.920000e-11,1.000000e-04,1.000000e-04,0.000000e+00,3.998771e-06,-1.011146e-05,-6.294867e-06,-4.535985e-07,3.431813e-08,3.431813e-08,-9.410181e-10,-2.863483e-10,1.063882e-10,1.141116e-11,1.386976e+00,8.163089e-01,7.803175e-01
9.925000e-11,1.000000e-04,1.000000e-04,0.000000e+00,4.464650e-06,-7.142921e-06,-6.537425e-06,-4.222766e-07,2.384455e-08,2.384455e-08,1.102829e-10,-3.653690e-10,9.809652e-11,1.507317e-11,1.384275e+00,8.161930e-01,7.802400e-01
9.930000e-11,1.000000e-04,1.000000e-04,0.000000e+00,4.934037e-06,-4.016737e-06,-6.723174e-06,-3.908757e-07,1.300586e-08,1.300586e-08,1.184371e-09,-4.417559e-10,8.940653e-11,1.852122e-11,1.382111e+00,8.160391e-01,7.801622e-01
9.935000e-11,1.000000e-04,1.000000e-04,0.000000e+00,5.399875e-06,-7.859593e-07,-6.845886e-06,-3.601982e-07,1.955087e-09,1.955087e-09,2.264219e-09,-5.144346e-10,8.038331e-11,2.173021e-11,1.380512e+00,8.158445e-01,7.800849e-01
9.940000e-11,1.000000e-04,1.000000e-04,0.000000e+00,5.855081e-06,2.491381e-06,-6.900292e-06,-3.309971e-07,-9.153604e-09,-9.153604e-09,3.332450e-09,-5.823262e-10,7.108880e-11,2.467794e-11,1.379494e+00,8.156071e-01,7.800092e-01
9.945000e-11,1.000000e-04,1.000000e-04,0.000000e+00,6.292592e-06,5.754007e-06,-6.882210e-06,-3.039611e-07,-2.016746e-08,-2.016746e-08,4.371623e-09,-6.443649e-10,6.158170e-11,2.734522e-11,1.379065e+00,8.153259e-01,7.799360e-01
9.950000e-11,1.000000e-04,1.000000e-04,0.000000e+00,6.705432e-06,8.939356e-06,-6.788639e-06,-2.797017e-07,-3.093763e-08,-3.093763e-08,5.364516e-09,-6.995175e-10,5.191745e-11,2.971600e-11,1.379224e+00,8.150007e-01,7.798660e-01
9.955000e-11,1.000000e-04,1.000000e-04,0.000000e+00,7.086816e-06,1.198567e-05,-6.617848e-06,-2.587423e-07,-4.132154e-08,-4.132154e-08,6.294408e-09,-7.468019e-10,4.214845e-11,3.177743e-11,1.379962e+00,8.146322e-01,7.797999e-01
9.960000e-11,1.000000e-04,1.000000e-04,0.000000e+00,7.430286e-06,1.483409e-05,-6.369429e-06,-2.415081e-07,-5.118512e-08,-5.118512e-08,7.145359e-09,-7.853068e-10,3.232424e-11,3.351993e-11,1.381259e+00,8.142220e-01,7.797383e-01
9.965000e-11,1.000000e-04,1.000000e-04,0.000000e+00,7.729879e-06,1.743059e-05,-6.044324e-06,-2.283190e-07,-6.040488e-08,-6.040488e-08,7.902471e-09,-8.142099e-10,2.249193e-11,3.493713e-11,1.383089e+00,8.137729e-01,7.796816e-01
9.970000e-11,1.000000e-04,1.000000e-04,0.000000e+00,7.980310e-06,1.972765e-05,-5.644834e-06,-2.193837e-07,-6.886975e-08,-6.886975e-08,8.552144e-09,-8.327964e-10,1.269653e-11,3.602592e-11,1.385414e+00,8.132883e-01,7.796303e-01
9.975000e-11,1.000000e-04,1.000000e-04,0.000000e+00,8.177165e-06,2.168555e-05,-5.174597e-06,-2.147969e-07,-7.648265e-08,-7.648265e-08,9.082305e-09,-8.404751e-10,2.981447e-12,3.678632e-11,1.388192e+00,8.127725e-01,7.795846e-01
9.980000e-11,1.000000e-04,1.000000e-04,0.000000e+00,8.317080e-06,2.327321e-05,-4.638543e-06,-2.145376e-07,-8.316181e-08,-8.316181e-08,9.482612e-09,-8.367941e-10,-6.611009e-12,3.722137e-11,1.391372e+00,8.122308e-01,7.795446e-01
9.985000e-11,1.000000e-04,1.000000e-04,0.000000e+00,8.397895e-06,2.446847e-05,-4.042821e-06,-2.184708e-07,-8.884182e-08,-8.884182e-08,9.744636e-09,-8.214539e-10,-1.603913e-11,3.733702e-11,1.394897e+00,8.116691e-01,7.795103e-01
9.990000e-11,1.000000e-04,1.000000e-04,0.000000e+00,8.418764e-06,2.525793e-05,-3.394706e-06,-2.263506e-07,-9.347434e-08,-9.347434e-08,9.862006e-09,-7.943186e-10,-2.526134e-11,3.714198e-11,1.398706e+00,8.110939e-01,7.794816e-01
9.995000e-11,1.000000e-04,1.000000e-04,0.000000e+00,8.380208e-06,2.563629e-05,-2.702477e-06,-2.378259e-07,-9.702852e-08,-9.702852e-08,9.830527e-09,-7.554251e-10,-3.423570e-11,3.664749e-11,1.402733e+00,8.105123e-01,7.794583e-01
1.000000e-10,1.000000e-04,1.000000e-04,0.000000e+00,8.284101e-06,2.560535e-05,-1.975288e-06,-2.524480e-07,-9.949111e-08,-9.949111e-08,9.648256e-09,-7.049887e-10,-4.291954e-11,3.586713e-11,1.406909e+00,8.099318e-01,7.794400e-01
1.000500e-10,9.500000e-05,9.500000e-05,0.000000e+00,6.714199e-06,-3.963735e-05,-1.223821e-06,-2.696803e-07,-1.008662e-07,-1.008662e-07,9.315543e-09,-6.434064e-10,-5.126910e-11,3.481658e-11,1.411093e+00,8.093602e-01,7.794264e-01
1.001000e-10,9.000000e-05,9.000000e-05,0.000000e+00,5.352952e-06,-9.480093e-06,-4.606461e-07,-2.889103e-07,-1.011748e-07,-1.011748e-07,8.835040e-09,-5.712575e-10,-5.923933e-11,3.351339e-11,1.415111e+00,8.088054e-01,7.794169e-01
1.001500e-10,8.500000e-05,8.500000e-05,0.000000e+00,4.266837e-06,-2.892309e-06,3.000080e-07,-3.094625e-07,-1.004539e-07,-1.004539e-07,8.211661e-09,-4.893003e-10,-6.678369e-11,3.197673e-11,1.418803e+00,8.082755e-01,7.794111e-01
1.002000e-10,8.000000e-05,8.000000e-05,0.000000e+00,3.470969e-06,2.399307e-06,1.042918e-06,-3.306127e-07,-9.875555e-08,-9.875555e-08,7.452518e-09,-3.984661e-10,-7.385419e-11,3.022707e-11,1.422039e+00,8.077782e-01,7.794084e-01
1.002500e-10,7.500000e-05,7.500000e-05,0.000000e+00,2.930521e-06,5.267565e-06,1.752707e-06,-3.516041e-07,-9.614542e-08,-9.614542e-08,6.566808e-09,-2.998505e-10,-8.040147e-11,2.828601e-11,1.424731e+00,8.073213e-01,7.794080e-01
1.003000e-10,7.000000e-05,7.000000e-05,0.000000e+00,2.571408e-06,4.986658e-06,2.414661e-06,-3.716629e-07,-9.270132e-08,-9.270132e-08,5.565676e-09,-1.947006e-10,-8.637503e-11,2.617593e-11,1.426828e+00,8.069116e-01,7.794094e-01
1.003500e-10,6.500000e-05,6.500000e-05,0.000000e+00,2.297211e-06,1.339360e-06,3.015381e-06,-3.900158e-07,-8.851150e-08,-8.851150e-08,4.462038e-09,-8.440043e-11,-9.172364e-11,2.391977e-11,1.428308e+00,8.065560e-01,7.794118e-01
1.004000e-10,6.000000e-05,6.000000e-05,0.000000e+00,2.008347e-06,-5.386595e-06,3.543209e-06,-4.059073e-07,-8.367274e-08,-8.367274e-08,3.270386e-09,2.954728e-11,-9.639581e-11,2.154079e-11,1.429167e+00,8.062600e-01,7.794147e-01
1.004500e-10,5.500000e-05,5.500000e-05,0.000000e+00,1.619664e-06,-1.449313e-05,3.988408e-06,-4.186161e-07,-7.828839e-08,-7.828839e-08,2.006554e-09,1.455410e-10,-1.003404e-10,1.906229e-11,1.429406e+00,8.060288e-01,7.794174e-01
1.005000e-10,5.000000e-05,5.000000e-05,0.000000e+00,1.073510e-06,-2.502684e-05,4.343141e-06,-4.274721e-07,-7.246633e-08,-7.246633e-08,6.874734e-10,2.619032e-10,-1.035076e-10,1.650742e-11,1.429027e+00,8.058663e-01,7.794192e-01
1.005500e-10,4.500000e-05,4.500000e-05,0.000000e+00,3.465685e-07,-3.595805e-05,4.601298e-06,-4.318723e-07,-6.631683e-08,-6.631683e-08,-6.690940e-10,3.769042e-10,-1.058493e-10,1.389897e-11,1.428021e+00,8.057752e-01,7.794198e-01
1.006000e-10,4.000000e-05,4.000000e-05,0.000000e+00,-5.499273e-07,-4.634878e-05,4.758257e-06,-4.312954e-07,-5.995051e-08,-5.995051e-08,-2.044833e-09,4.887884e-10,-1.073206e-10,1.125914e-11,1.426368e+00,8.057574e-01,7.794185e-01
1.006500e-10,3.500000e-05,3.500000e-05,0.000000e+00,-1.575721e-06,-5.548131e-05,4.810646e-06,-4.253150e-07,-5.347630e-08,-5.347630e-08,-3.421161e-09,5.958007e-10,-1.078804e-10,8.609434e-12,1.424043e+00,8.058132e-01,7.794150e-01
1.007000e-10,3.000000e-05,3.000000e-05,0.000000e+00,-2.671080e-06,-6.293016e-05,4.756161e-06,-4.136115e-07,-4.699941e-08,-4.699941e-08,-4.779519e-09,6.962142e-10,-1.074930e-10,5.970444e-12,1.421013e+00,8.059419e-01,7.794089e-01
1.007500e-10,2.500000e-05,2.500000e-05,0.000000e+00,-3.768153e-06,-6.857310e-05,4.593483e-06,-3.959816e-07,-4.061958e-08,-4.061958e-08,-6.101655e-09,7.883577e-10,-1.061286e-10,3.361777e-12,1.417251e+00,8.061412e-01,7.794001e-01
1.008000e-10,2.000000e-05,2.000000e-05,0.000000e+00,-4.801941e-06,-7.254790e-05,4.322298e-06,-3.723461e-07,-3.442931e-08,-3.442931e-08,-7.369908e-09,8.706426e-10,-1.037648e-10,8.019301e-13,1.412738e+00,8.064078e-01,7.793883e-01
1.008500e-10,1.500000e-05,1.500000e-05,0.000000e+00,-5.719080e-06,-7.517075e-05,3.943406e-06,-3.427549e-07,-2.851237e-08,-2.851237e-08,-8.567473e-09,9.415900e-10,-1.003876e-10,-1.691787e-12,1.407472e+00,8.067368e-01,7.793736e-01
1.009000e-10,1.000000e-05,1.000000e-05,0.000000e+00,-6.483278e-06,-7.683659e-05,3.458901e-06,-3.073903e-07,-2.294250e-08,-2.294250e-08,-9.678657e-09,9.998556e-10,-9.599259e-11,-4.103315e-12,1.401469e+00,8.071225e-01,7.793559e-01
1.009500e-10,5.000000e-06,5.000000e-06,0.000000e+00,-7.077029e-06,-7.792224e-05,2.872371e-06,-2.665672e-07,-1.778230e-08,-1.778230e-08,-1.068911e-08,1.044253e-09,-9.058561e-11,-6.417872e-12,1.394770e+00,8.075578e-01,7.793355e-01
1.010000e-10,0.000000e+00,0.000000e+00,0.000000e+00,-7.499934e-06,-7.870960e-05,2.189080e-06,-2.207306e-07,-1.308242e-08,-1.308242e-08,-1.158604e-08,1.073777e-09,-8.418391e-11,-8.621983e-12,1.387435e+00,8.080345e-01,7.793125e-01
1.010500e-10,0.000000e+00,0.000000e+00,0.000000e+00,-6.345145e-06,-1.453025e-05,1.416918e-06,-1.704508e-07,-8.880963e-09,-8.880963e-09,-1.235837e-08,1.087619e-09,-7.681676e-11,-1.070347e-11,1.379618e+00,8.085436e-01,7.792873e-01
1.011000e-10,0.000000e+00,0.000000e+00,0.000000e+00,-5.310904e-06,-4.597622e-05,5.669915e-07,-1.164155e-07,-5.203176e-09,-5.203176e-09,-1.299694e-08,1.085186e-09,-6.852600e-11,-1.265145e-11,1.371520e+00,8.090753e-01,7.792604e-01
1.011500e-10,0.000000e+00,0.000000e+00,0.000000e+00,-4.480716e-06,-5.393337e-05,-3.464663e-07,-5.941986e-08,-2.061399e-09,-2.061399e-09,-1.349457e-08,1.066114e-09,-5.936654e-11,-1.445629e-11,1.363343e+00,8.096189e-01,7.792320e-01
1.012000e-10,0.000000e+00,0.000000e+00,0.000000e+00,-3.884025e-06,-6.045621e-05,-1.306679e-06,-3.541139e-10,5.447114e-10,5.447114e-10,-1.384618e-08,1.030275e-09,-4.940645e-11,-1.610958e-11,1.355267e+00,8.101636e-01,7.792029e-01
1.012500e-10,0.000000e+00,0.000000e+00,0.000000e+00,-3.495528e-06,-6.418651e-05,-2.295176e-06,5.981100e-08,2.627710e-09,2.627710e-09,-1.404882e-08,9.777855e-10,-3.872704e-11,-1.760410e-11,1.347439e+00,8.106979e-01,7.791736e-01
1.013000e-10,0.000000e+00,0.000000e+00,0.000000e+00,-3.245791e-06,-6.421368e-05,-3.292679e-06,1.200406e-07,4.211640e-09,4.211640e-09,-1.410172e-08,9.090063e-10,-2.742253e-11,-1.893373e-11,1.339974e+00,8.112104e-01,7.791447e-01
1.013500e-10,0.000000e+00,0.000000e+00,0.000000e+00,-3.039845e-06,-6.022570e-05,-4.279867e-06,1.792540e-07,5.331087e-09,5.331087e-09,-1.400622e-08,8.245427e-10,-1.559968e-11,-2.009342e-11,1.332959e+00,8.116896e-01,7.791169e-01
1.014000e-10,0.000000e+00,0.000000e+00,0.000000e+00,-2.779125e-06,-5.252677e-05,-5.237961e-06,2.363441e-07,6.030022e-09,6.030022e-09,-1.376576e-08,7.252384e-10,-3.376924e-12,-2.107914e-11,1.326466e+00,8.121245e-01,7.790908e-01
1.014500e-10,0.000000e+00,0.000000e+00,0.000000e+00,-2.382121e-06,-4.193936e-05,-6.149086e-06,2.901980e-07,6.360468e-09,6.360468e-09,-1.338576e-08,6.121655e-10,9.116469e-12,-2.188781e-11,1.320561e+00,8.125043e-01,7.790670e-01
1.015000e-10,0.000000e+00,0.000000e+00,0.000000e+00,-1.799959e-06,-2.962386e-05,-6.996460e-06,3.397186e-07,6.381013e-09,6.381013e-09,-1.287351e-08,4.866125e-10,2.174167e-11,-2.251723e-11,1.315307e+00,8.128191e-01,7.790462e-01
1.015500e-10,0.000000e+00,0.000000e+00,0.000000e+00,-1.024566e-06,-1.685869e-05,-7.764451e-06,3.838458e-07,6.155203e-09,6.155203e-09,-1.223804e-08,3.500667e-10,3.435172e-11,-2.296611e-11,1.310777e+00,8.130599e-01,7.790289e-01
1.016000e-10,0.000000e+00,0.000000e+00,0.000000e+00,-8.869122e-08,-4.825437e-06,-8.438604e-06,4.215783e-07,5.749848e-09,5.749848e-09,-1.148991e-08,2.041949e-10,4.679313e-11,-2.323393e-11,1.307043e+00,8.132187e-01,7.790156e-01
1.016500e-10,0.000000e+00,0.000000e+00,0.000000e+00,9.413800e-07,5.563480e-06,-9.005681e-06,4.519943e-07,5.233275e-09,5.233275e-09,-1.064105e-08,5.082039e-11,5.890780e-11,-2.332102e-11,1.304180e+00,8.132887e-01,7.790069e-01
1.017000e-10,0.000000e+00,0.000000e+00,0.000000e+00,1.978359e-06,1.376937e-05,-9.453792e-06,4.742716e-07,4.673572e-09,4.673572e-09,-9.704519e-09,-1.081025e-10,7.053496e-11,-2.322843e-11,1.302255e+00,8.132647e-01,7.790031e-01
1.017500e-10,0.000000e+00,0.000000e+00,0.000000e+00,2.928988e-06,1.965418e-05,-9.772628e-06,4.877063e-07,4.136847e-09,4.136847e-09,-8.694286e-09,-2.705164e-10,8.151338e-11,-2.295804e-11,1.301314e+00,8.131429e-01,7.790045e-01
1.018000e-10,0.000000e+00,0.000000e+00,0.000000e+00,3.708713e-06,2.343505e-05,-9.953804e-06,4.917300e-07,3.685550e-09,3.685550e-09,-7.624990e-09,-4.342902e-10,9.168365e-11,-2.251245e-11,1.301383e+00,8.129211e-01,7.790112e-01
1.018500e-10,0.000000e+00,0.000000e+00,0.000000e+00,4.253521e-06,2.558405e-05,-9.991269e-06,4.859241e-07,3.376884e-09,3.376884e-09,-6.511691e-09,-5.972501e-10,1.008905e-10,-2.189508e-11,1.302451e+00,8.125989e-01,7.790234e-01
1.019000e-10,0.000000e+00,0.000000e+00,0.000000e+00,4.527286e-06,2.669805e-05,-9.881741e-06,4.700328e-07,3.261343e-09,3.261343e-09,-5.369624e-09,-7.572114e-10,1.089852e-10,-2.111013e-11,1.304474e+00,8.121777e-01,7.790411e-01
1.019500e-10,0.000000e+00,0.000000e+00,0.000000e+00,4.523916e-06,2.736569e-05,-9.625102e-06,4.439726e-07,3.381408e-09,3.381408e-09,-4.213954e-09,-9.120105e-10,1.158280e-10,-2.016265e-11,1.307368e+00,8.116607e-01,7.790640e-01
1.020000e-10,0.000000e+00,0.000000e+00,0.000000e+00,4.264614e-06,2.805564e-05,-9.224688e-06,4.078388e-07,3.770427e-09,3.770427e-09,-3.059535e-09,-1.059537e-09,1.212904e-10,-1.905856e-11,1.311018e+00,8.110527e-01,7.790919e-01
1.020500e-10,0.000000e+00,0.000000e+00,0.000000e+00,3.791325e-06,2.904309e-05,-8.687438e-06,3.619090e-07,4.451699e-09,4.451699e-09,-1.920689e-09,-1.197765e-09,1.252576e-10,-1.780470e-11,1.315281e+00,8.103604e-01,7.791245e-01
1.021000e-10,0.000000e+00,0.000000e+00,0.000000e+00,3.158001e-06,3.038255e-05,-8.023858e-06,3.066436e-07,5.437790e-09,5.437790e-09,-8.109859e-10,-1.324783e-09,1.276306e-10,-1.640883e-11,1.319995e+00,8.095921e-01,7.791612e-01
1.021500e-10,0.000000e+00,0.000000e+00,0.000000e+00,2.421417e-06,3.192590e-05,-7.247804e-06,2.426816e-07,6.730094e-09,6.730094e-09,2.569405e-10,-1.438821e-09,1.283280e-10,-1.487976e-11,1.324988e+00,8.087577e-01,7.792015e-01
1.022000e-10,0.000000e+00,0.000000e+00,0.000000e+00,1.633164e-06,3.337630e-05,-6.376090e-06,1.708343e-07,8.318639e-09,8.318639e-09,1.271572e-09,-1.538281e-09,1.272882e-10,-1.322728e-11,1.330088e+00,8.078681e-01,7.792446e-01
1.022500e-10,0.000000e+00,0.000000e+00,0.000000e+00,8.339763e-07,3.436408e-05,-5.427961e-06,9.207450e-08,1.018217e-08,1.018217e-08,2.222648e-09,-1.621755e-09,1.244704e-10,-1.146228e-11,1.335129e+00,8.069359e-01,7.792899e-01
1.023000e-10,0.000000e+00,0.000000e+00,0.000000e+00,5.098943e-08,3.452782e-05,-4.424464e-06,7.522666e-09,1.228845e-08,1.228845e-08,3.101293e-09,-1.688051e-09,1.198568e-10,-9.596768e-12,1.339956e+00,8.059744e-01,7.793364e-01
1.023500e-10,0.000000e+00,0.000000e+00,0.000000e+00,-7.020546e-07,3.358584e-05,-3.387774e-06,-8.156997e-08,1.459492e-08,1.459492e-08,3.900103e-09,-1.736206e-09,1.134526e-10,-7.643828e-12,1.344433e+00,8.049976e-01,7.793832e-01
1.024000e-10,0.000000e+00,0.000000e+00,0.000000e+00,-1.422186e-06,3.138637e-05,-2.340510e-06,-1.738415e-07,1.704942e-08,1.704942e-08,4.613215e-09,-1.765502e-09,1.052872e-10,-5.617684e-12,1.348443e+00,8.040200e-01,7.794294e-01
1.024500e-10,0.000000e+00,0.000000e+00,0.000000e+00,-2.113040e-06,2.792999e-05,-1.305095e-06,-2.678421e-07,1.959137e-08,1.959137e-08,5.236338e-09,-1.775479e-09,9.541484e-11,-3.533656e-12,1.351886e+00,8.030562e-01,7.794740e-01
1.025000e-10,0.000000e+00,0.000000e+00,0.000000e+00,-2.780161e-06,2.336398e-05,-3.031611e-07,-3.620588e-07,2.215295e-08,2.215295e-08,5.766759e-09,-1.765935e-09,8.391379e-11,-1.408136e-12,1.354683e+00,8.021210e-01,7.795159e-01
1.025500e-10,0.000000e+00,0.000000e+00,0.000000e+00,-3.426775e-06,1.795260e-05,6.449524e-07,-4.549420e-07,2.466062e-08,2.466062e-08,6.203320e-09,-1.736934e-09,7.088662e-11,7.414624e-13,1.356773e+00,8.012283e-01,7.795543e-01
1.026000e-10,0.000000e+00,0.000000e+00,0.000000e+00,-4.050768e-06,1.203162e-05,1.520638e-06,-5.449341e-07,2.703670e-08,2.703670e-08,6.546364e-09,-1.688801e-09,5.645914e-11,2.896784e-12,1.358112e+00,8.003918e-01,7.795880e-01
1.026500e-10,0.000000e+00,0.000000e+00,0.000000e+00,-4.643318e-06,5.956515e-06,2.307375e-06,-6.304974e-07,2.920113e-08,2.920113e-08,6.797656e-09,-1.622120e-09,4.077935e-11,5.038621e-12,1.358672e+00,7.996240e-01,7.796163e-01
1.027000e-10,0.000000e+00,0.000000e+00,0.000000e+00,-5.189250e-06,5.425945e-08,2.991019e-06,-7.101440e-07,3.107330e-08,3.107330e-08,6.960282e-09,-1.537717e-09,2.401594e-11,7.147040e-12,1.358443e+00,7.989360e-01,7.796383e-01
1.027500e-10,0.000000e+00,0.000000e+00,0.000000e+00,-5.668869e-06,-5.413883e-06,3.560036e-06,-7.824636e-07,3.257397e-08,3.257397e-08,7.038526e-09,-1.436657e-09,6.356385e-12,9.201528e-12,1.357430e+00,7.983377e-01,7.796532e-01
1.028000e-10,0.000000e+00,0.000000e+00,0.000000e+00,-6.060768e-06,-1.027357e-05,4.005685e-06,-8.461518e-07,3.362710e-08,3.362710e-08,7.037722e-09,-1.320217e-09,-1.199513e-11,1.118115e-11,1.355659e+00,7.978373e-01,7.796603e-01
1.028500e-10,0.000000e+00,0.000000e+00,0.000000e+00,-6.345005e-06,-1.444134e-05,4.322156e-06,-9.000353e-07,3.416182e-08,3.416182e-08,6.964101e-09,-1.189874e-09,-3.082025e-11,1.306476e-11,1.353170e+00,7.974410e-01,7.796590e-01
1.029000e-10,0.000000e+00,0.000000e+00,0.000000e+00,-6.506029e-06,-1.791299e-05,4.506656e-06,-9.430966e-07,3.411419e-08,3.411419e-08,6.824619e-09,-1.047279e-09,-4.988915e-11,1.483119e-11,1.350024e+00,7.971532e-01,7.796490e-01
1.029500e-10,0.000000e+00,0.000000e+00,0.000000e+00,-6.534865e-06,-2.074084e-05,4.559445e-06,-9.744945e-07,3.342893e-08,3.342893e-08,6.626776e-09,-8.942316e-10,-6.896348e-11,1.645949e-11,1.346298e+00,7.969760e-01,7.796300e-01
1.030000e-10,0.000000e+00,0.000000e+00,0.000000e+00,-6.430220e-06,-2.300536e-05,4.483818e-06,-9.935825e-07,3.206101e-08,3.206101e-08,6.378437e-09,-7.326525e-10,-8.779959e-11,1.792918e-11,1.342084e+00,7.969097e-01,7.796017e-01
1.030500e-10,0.000000e+00,0.000000e+00,0.000000e+00,-6.198443e-06,-2.478709e-05,4.286006e-06,-9.999230e-07,2.997705e-08,2.997705e-08,6.087645e-09,-5.645571e-10,-1.061517e-10,1.922054e-11,1.337490e+00,7.969522e-01,7.795643e-01
1.031000e-10,0.000000e+00,0.000000e+00,0.000000e+00,-5.852418e-06,-2.614399e-05,3.975021e-06,-9.932976e-07,2.715648e-08,2.715648e-08,5.762444e-09,-3.920240e-10,-1.237755e-10,2.031480e-11,1.332632e+00,7.970994e-01,7.795178e-01
1.031500e-10,0.000000e+00,0.000000e+00,0.000000e+00,-5.409705e-06,-2.709749e-05,3.562410e-06,-9.737137e-07,2.359257e-08,2.359257e-08,5.410702e-09,-2.171648e-10,-1.404312e-10,2.119453e-11,1.327634e+00,7.973454e-01,7.794627e-01
1.032000e-10,0.000000e+00,0.000000e+00,0.000000e+00,-4.890270e-06,-2.762884e-05,3.061954e-06,-9.414056e-07,1.929305e-08,1.929305e-08,5.039950e-09,-4.209418e-11,-1.558874e-10,2.184381e-11,1.322622e+00,7.976824e-01,7.793993e-01
1.032500e-10,0.000000e+00,0.000000e+00,0.000000e+00,-4.314237e-06,-2.768513e-05,2.489291e-06,-8.968321e-07,1.428059e-08,1.428059e-08,4.657230e-09,1.311007e-10,-1.699241e-10,2.224861e-11,1.317721e+00,7.981006e-01,7.793283e-01
1.033000e-10,0.000000e+00,0.000000e+00,0.000000e+00,-3.699994e-06,-2.719293e-05,1.861493e-06,-8.406693e-07,8.592923e-09,8.592923e-09,4.268968e-09,3.003888e-10,-1.823363e-10,2.239697e-11,1.313051e+00,7.985893e-01,7.792506e-01
1.033500e-10,0.000000e+00,0.000000e+00,0.000000e+00,-3.062910e-06,-2.607614e-05,1.196612e-06,-7.737987e-07,2.282629e-09,2.282629e-09,3.880849e-09,4.638236e-10,-1.929365e-10,2.227931e-11,1.308724e+00,7.991361e-01,7.791669e-01
1.034000e-10,0.000000e+00,0.000000e+00,0.000000e+00,-2.414785e-06,-2.427459e-05,5.132060e-07,-6.972914e-07,-4.583297e-09,-4.583297e-09,3.497737e-09,6.195687e-10,-2.015581e-10,2.188866e-11,1.304842e+00,7.997280e-01,7.790783e-01
1.034500e-10,0.000000e+00,0.000000e+00,0.000000e+00,-1.764018e-06,-2.176003e-05,-1.701330e-07,-6.123881e-07,-1.192425e-08,-1.192425e-08,3.123592e-09,7.659216e-10,-2.080579e-10,2.122088e-11,1.301492e+00,8.003511e-01,7.789859e-01
1.035000e-10,0.000000e+00,0.000000e+00,0.000000e+00,-1.116352e-06,-1.854698e-05,-8.352301e-07,-5.204765e-07,-1.964707e-08,-1.964707e-08,2.761433e-09,9.013356e-10,-2.123183e-10,2.027483e-11,1.298749e+00,8.009913e-01,7.788910e-01
1.035500e-10,0.000000e+00,0.000000e+00,0.000000e+00,-4.760039e-07,-1.469697e-05,-1.464749e-06,-4.230642e-07,-2.764740e-08,-2.764740e-08,2.413312e-09,1.024438e-09,-2.142489e-10,1.905254e-11,1.296675e+00,8.016345e-01,7.787948e-01
1.036000e-10,0.000000e+00,0.000000e+00,0.000000e+00,1.530938e-07,-1.031610e-05,-2.042568e-06,-3.217504e-07,-3.581131e-08,-3.581131e-08,2.080318e-09,1.134045e-09,-2.137890e-10,1.755933e-11,1.295314e+00,8.022667e-01,7.786986e-01
1.036500e-10,0.000000e+00,0.000000e+00,0.000000e+00,7.661594e-07,-5.546738e-06,-2.554113e-06,-2.181951e-07,-4.401706e-08,-4.401706e-08,1.762604e-09,1.229176e-09,-2.109077e-10,1.580390e-11,1.294698e+00,8.028746e-01,7.786038e-01
1.037000e-10,0.000000e+00,0.000000e+00,0.000000e+00,1.356739e-06,-5.551875e-07,-2.986632e-06,-1.140872e-07,-5.213722e-08,-5.213722e-08,1.459438e-09,1.309060e-09,-2.056054e-10,1.379836e-11,1.294844e+00,8.034456e-01,7.785117e-01
1.037500e-10,0.000000e+00,0.000000e+00,0.000000e+00,1.916313e-06,4.482672e-06,-3.329424e-06,-1.111216e-08,-6.004079e-08,-6.004079e-08,1.169275e-09,1.373140e-09,-1.979138e-10,1.155820e-11,1.295755e+00,8.039683e-01,7.784236e-01
1.038000e-10,0.000000e+00,0.000000e+00,0.000000e+00,2.434362e-06,9.395415e-06,-3.574009e-06,8.908081e-08,-6.759552e-08,-6.759552e-08,8.898504e-10,1.421080e-09,-1.878958e-10,9.102260e-12,1.297418e+00,8.044326e-01,7.783408e-01
1.038500e-10,0.000000e+00,0.000000e+00,0.000000e+00,2.898865e-06,1.402799e-05,-3.714264e-06,1.849099e-07,-7.467031e-08,-7.467031e-08,6.182917e-10,1.452757e-09,-1.756449e-10,6.452624e-12,1.299810e+00,8.048301e-01,7.782644e-01
1.039000e-10,0.000000e+00,0.000000e+00,0.000000e+00,3.297115e-06,1.825025e-05,-3.746497e-06,2.748913e-07,-8.113765e-08,-8.113765e-08,3.512421e-10,1.468262e-09,-1.612842e-10,3.634448e-12,1.302892e+00,8.051538e-01,7.781955e-01
1.039500e-10,0.000000e+00,0.000000e+00,0.000000e+00,3.616705e-06,2.196141e-05,-3.669487e-06,3.576668e-07,-8.687597e-08,-8.687597e-08,8.499977e-11,1.467886e-09,-1.449649e-10,6.757591e-13,1.306612e+00,8.053989e-01,7.781352e-01
1.040000e-10,0.000000e+00,0.000000e+00,0.000000e+00,3.846556e-06,2.509071e-05,-3.484484e-06,4.320297e-07,-9.177202e-08,-9.177202e-08,-1.843352e-10,1.452114e-09,-1.268644e-10,-2.392799e-12,1.310907e+00,8.055623e-01,7.780843e-01
1.040500e-10,0.000000e+00,0.000000e+00,0.000000e+00,3.977818e-06,2.759483e-05,-3.195153e-06,4.969470e-07,-9.572310e-08,-9.572310e-08,-4.607091e-10,1.421607e-09,-1.071841e-10,-5.538264e-12,1.315700e+00,8.056428e-01,7.780434e-01
1.041000e-10,0.000000e+00,0.000000e+00,0.000000e+00,4.004560e-06,2.945319e-05,-2.807493e-06,5.515777e-07,-9.863913e-08,-9.863913e-08,-7.479601e-10,1.377189e-09,-8.614679e-11,-8.725705e-12,1.320905e+00,8.056414e-01,7.780132e-01
1.041500e-10,0.000000e+00,0.000000e+00,0.000000e+00,3.924188e-06,3.066237e-05,-2.329694e-06,5.952879e-07,-1.004446e-07,-1.004446e-07,-1.049666e-09,1.319829e-09,-6.399366e-11,-1.191860e-11,1.326427e+00,8.055608e-01,7.779940e-01
1.042000e-10,0.000000e+00,0.000000e+00,0.000000e+00,3.737562e-06,3.123078e-05,-1.771972e-06,6.276606e-07,-1.010800e-07,-1.010800e-07,-1.368996e-09,1.250617e-09,-4.098123e-11,-1.507927e-11,1.332161e+00,8.054058e-01,7.779860e-01
1.042500e-10,0.000000e+00,0.000000e+00,0.000000e+00,3.448866e-06,3.117442e-05,-1.146341e-06,6.485020e-07,-1.005036e-07,-1.005036e-07,-1.708577e-09,1.170746e-09,-1.737781e-11,-1.816932e-11,1.338000e+00,8.051826e-01,7.779892e-01
1.043000e-10,0.000000e+00,0.000000e+00,0.000000e+00,3.065266e-06,3.051423e-05,-4.663644e-07,6.578424e-07,-9.869211e-08,-9.869211e-08,-2.070359e-09,1.081492e-09,6.540001e-12,-2.115011e-11,1.343831e+00,8.048993e-01,7.780036e-01
1.043500e-10,0.000000e+00,0.000000e+00,0.000000e+00,2.596441e-06,2.927526e-05,2.531402e-07,6.559329e-07,-9.564170e-08,-9.564170e-08,-2.455514e-09,9.841871e-10,3.049101e-11,-2.398327e-11,1.349543e+00,8.045649e-01,7.780286e-01
1.044000e-10,0.000000e+00,0.000000e+00,0.000000e+00,2.054071e-06,2.748723e-05,9.964196e-07,6.432376e-07,-9.136830e-08,-9.136830e-08,-2.864338e-09,8.801984e-10,5.419322e-11,-2.663119e-11,1.355026e+00,8.041900e-01,7.780639e-01
1.044500e-10,0.000000e+00,0.000000e+00,0.000000e+00,1.451318e-06,2.518611e-05,1.747127e-06,6.204213e-07,-8.590768e-08,-8.590768e-08,-3.296177e-09,7.709075e-10,7.736757e-11,-2.905753e-11,1.360172e+00,8.037858e-01,7.781087e-01
1.045000e-10,0.000000e+00,0.000000e+00,0.000000e+00,8.023762e-07,2.241609e-05,2.488680e-06,5.883331e-07,-7.931512e-08,-7.931512e-08,-3.749383e-09,6.576875e-10,9.974166e-11,-3.122774e-11,1.364883e+00,8.033642e-01,7.781623e-01
1.045500e-10,0.000000e+00,0.000000e+00,0.000000e+00,1.220878e-07,1.923117e-05,3.204620e-06,5.479870e-07,-7.166474e-08,-7.166474e-08,-4.221282e-09,5.418835e-10,1.210533e-10,-3.310954e-11,1.369068e+00,8.029375e-01,7.782236e-01
1.046000e-10,0.000000e+00,0.000000e+00,0.000000e+00,-5.743687e-07,1.569605e-05,3.878973e-06,5.005381e-07,-6.304849e-08,-6.304849e-08,-4.708176e-09,4.247932e-10,1.410541e-10,-3.467342e-11,1.372647e+00,8.025180e-01,7.782917e-01
1.046500e-10,0.000000e+00,0.000000e+00,0.000000e+00,-1.271733e-06,1.188587e-05,4.496596e-06,4.472571e-07,-5.357477e-08,-5.357477e-08,-5.205367e-09,3.076504e-10,1.595125e-10,-3.589309e-11,1.375554e+00,8.021177e-01,7.783653e-01
1.047000e-10,0.000000e+00,0.000000e+00,0.000000e+00,-1.954892e-06,7.884748e-06,5.043504e-06,3.895023e-07,-4.336675e-08,-4.336675e-08,-5.707207e-09,1.916098e-10,1.762168e-10,-3.674587e-11,1.377733e+00,8.017482e-01,7.784432e-01
1.047500e-10,0.000000e+00,0.000000e+00,0.000000e+00,-2.609109e-06,3.783266e-06,5.507174e-06,3.286898e-07,-3.256042e-08,-3.256042e-08,-6.207170e-09,7.773402e-11,1.909781e-10,-3.721310e-11,1.379148e+00,8.014205e-01,7.785241e-01
1.048000e-10,0.000000e+00,0.000000e+00,0.000000e+00,-3.220278e-06,-3.248543e-07,5.876810e-06,2.662628e-07,-2.130237e-08,-2.130237e-08,-6.697952e-09,-3.301661e-11,2.036321e-10,-3.728050e-11,1.379774e+00,8.011442e-01,7.786067e-01
1.048500e-10,0.000000e+00,0.000000e+00,0.000000e+00,-3.775214e-06,-4.346403e-06,6.143575e-06,2.036614e-07,-9.747357e-09,-9.747357e-09,-7.171592e-09,-1.397919e-10,2.140416e-10,-3.693837e-11,1.379606e+00,8.009280e-01,7.786896e-01
1.049000e-10,0.000000e+00,0.000000e+00,0.000000e+00,-4.261971e-06,-8.192264e-06,6.300783e-06,1.422913e-07,1.944269e-09,1.944269e-09,-7.619608e-09,-2.418573e-10,2.220978e-10,-3.618190e-11,1.378652e+00,8.007790e-01,7.787716e-01
1.049500e-10,0.000000e+00,0.000000e+00,0.000000e+00,-4.670184e-06,-1.178051e-05,6.344035e-06,8.349510e-08,1.360928e-08,1.360928e-08,-8.033158e-09,-3.385964e-10,2.277214e-10,-3.501126e-11,1.376940e+00,8.007029e-01,7.788514e-01
1.050000e-10,0.000000e+00,0.000000e+00,0.000000e+00,-4.991392e-06,-1.503876e-05,6.271321e-06,2.852412e-08,2.508433e-08,2.508433e-08,-8.403207e-09,-4.295115e-10,2.308636e-10,-3.343177e-11,1.374511e+00,8.007036e-01,7.789278e-01
1.050500e-10,0.000000e+00,0.000000e+00,0.000000e+00,-5.219330e-06,-1.790554e-05,6.083061e-06,-2.148715e-08,3.620879e-08,3.620879e-08,-8.720715e-09,-5.142210e-10,2.315061e-10,-3.145385e-11,1.371420e+00,8.007831e-01,7.789997e-01
1.051000e-10,0.000000e+00,0.000000e+00,0.000000e+00,-5.350140e-06,-2.033078e-05,5.782101e-06,-6.554381e-08,4.682745e-08,4.682745e-08,-8.976820e-09,-5.924555e-10,2.296611e-10,-2.909304e-11,1.367738e+00,8.009417e-01,7.790661e-01
1.051500e-10,0.000000e+00,0.000000e+00,0.000000e+00,-5.382483e-06,-2.227546e-05,5.373654e-06,-1.028102e-07,5.679319e-08,5.679319e-08,-9.163036e-09,-6.640504e-10,2.253706e-10,-2.636983e-11,1.363546e+00,8.011778e-01,7.791261e-01
1.052000e-10,0.000000e+00,0.000000e+00,0.000000e+00,-5.317533e-06,-2.371074e-05,4.865192e-06,-1.326259e-07,6.596954e-08,6.596954e-08,-9.271440e-09,-7.289384e-10,2.187057e-10,-2.330955e-11,1.358938e+00,8.014881e-01,7.791791e-01
1.052500e-10,0.000000e+00,0.000000e+00,0.000000e+00,-5.158854e-06,-2.461674e-05,4.266295e-06,-1.545177e-07,7.423296e-08,7.423296e-08,-9.294867e-09,-7.871388e-10,2.097650e-10,-1.994205e-11,1.354012e+00,8.018673e-01,7.792244e-01
1.053000e-10,0.000000e+00,0.000000e+00,0.000000e+00,-4.912154e-06,-2.498149e-05,3.588442e-06,-1.682077e-07,8.147499e-08,8.147499e-08,-9.227082e-09,-8.387462e-10,1.986729e-10,-1.630141e-11,1.348875e+00,8.023088e-01,7.792616e-01
1.053500e-10,0.000000e+00,0.000000e+00,0.000000e+00,-4.584961e-06,-2.480006e-05,2.844776e-06,-1.736165e-07,8.760403e-08,8.760403e-08,-9.062955e-09,-8.839187e-10,1.855776e-10,-1.242558e-11,1.343637e+00,8.028044e-01,7.792905e-01
1.054000e-10,0.000000e+00,0.000000e+00,0.000000e+00,-4.186235e-06,-2.407432e-05,2.049814e-06,-1.708630e-07,9.254690e-08,9.254690e-08,-8.798603e-09,-9.228641e-10,1.706487e-10,-8.355907e-12,1.338407e+00,8.033445e-01,7.793110e-01
1.054500e-10,0.000000e+00,0.000000e+00,0.000000e+00,-3.725963e-06,-2.281320e-05,1.219149e-06,-1.602585e-07,9.624997e-08,9.624997e-08,-8.431530e-09,-9.558271e-10,1.540745e-10,-4.136669e-12,1.333296e+00,8.039185e-01,7.793232e-01
1.055000e-10,0.000000e+00,0.000000e+00,0.000000e+00,-3.214771e-06,-2.103359e-05,3.691073e-07,-1.422983e-07,9.868002e-08,9.868002e-08,-7.960730e-09,-9.830759e-10,1.360595e-10,1.854586e-13,1.328407e+00,8.045150e-01,7.793273e-01
1.055500e-10,0.000000e+00,0.000000e+00,0.000000e+00,-2.663593e-06,-1.876157e-05,-4.835951e-07,-1.176476e-07,9.982466e-08,9.982466e-08,-7.386775e-09,-1.004889e-09,1.168211e-10,4.561983e-12,1.323841e+00,8.051219e-01,7.793237e-01
1.056000e-10,0.000000e+00,0.000000e+00,0.000000e+00,-2.083410e-06,-1.603383e-05,-1.322207e-06,-8.712529e-08,9.969239e-08,9.969239e-08,-6.711870e-09,-1.021543e-09,9.658661e-11,8.943191e-12,1.319689e+00,8.057270e-01,7.793130e-01
1.056500e-10,0.000000e+00,0.000000e+00,0.000000e+00,-1.485085e-06,-1.289895e-05,-2.130297e-06,-5.168359e-08,9.831228e-08,9.831228e-08,-5.939877e-09,-1.033300e-09,7.559009e-11,1.327878e-11,1.316031e+00,8.063176e-01,7.792959e-01
1.057000e-10,0.000000e+00,0.000000e+00,0.000000e+00,-8.792832e-07,-9.418139e-06,-2.892093e-06,-1.238511e-08,9.573326e-08,9.573326e-08,-5.076317e-09,-1.040401e-09,5.406924e-11,1.751849e-11,1.312939e+00,8.068815e-01,7.792730e-01
1.057500e-10,0.000000e+00,0.000000e+00,0.000000e+00,-2.764543e-07,-5.665250e-06,-3.592815e-06,2.962222e-08,9.202305e-08,9.202305e-08,-4.128335e-09,-1.043052e-09,3.226226e-11,2.161273e-11,1.310469e+00,8.074071e-01,7.792454e-01
1.058000e-10,0.000000e+00,0.000000e+00,0.000000e+00,3.131278e-07,-1.725831e-06,-4.218969e-06,7.313202e-08,8.726675e-08,8.726675e-08,-3.104632e-09,-1.041422e-09,1.040471e-11,2.551328e-11,1.308666e+00,8.078831e-01,7.792139e-01
1.058500e-10,0.000000e+00,0.000000e+00,0.000000e+00,8.793248e-07,2.304931e-06,-4.758621e-06,1.169075e-07,8.156514e-08,8.156514e-08,-2.015373e-09,-1.035633e-09,-1.127328e-11,2.917381e-11,1.307561e+00,8.082996e-01,7.791795e-01
1.059000e-10,0.000000e+00,0.000000e+00,0.000000e+00,1.412115e-06,6.325268e-06,-5.201632e-06,1.597098e-07,7.503263e-08,7.503263e-08,-8.720608e-10,-1.025760e-09,-3.254989e-11,3.255059e-11,1.307171e+00,8.086475e-01,7.791433e-01
1.059500e-10,0.000000e+00,0.000000e+00,0.000000e+00,1.901632e-06,1.023077e-05,-5.539855e-06,2.003264e-07,6.779510e-08,6.779510e-08,3.126139e-10,-1.011830e-09,-5.321404e-11,3.560297e-11,1.307496e+00,8.089193e-01,7.791063e-01
1.060000e-10,0.000000e+00,0.000000e+00,0.000000e+00,2.338285e-06,1.391885e-05,-5.767284e-06,2.375988e-07,5.998737e-08,5.998737e-08,1.524949e-09,-9.938190e-10,-7.306777e-11,3.829397e-11,1.308525e+00,8.091091e-01,7.790696e-01
1.060500e-10,0.000000e+00,0.000000e+00,0.000000e+00,2.712970e-06,1.729350e-05,-5.880168e-06,2.704486e-07,5.175070e-08,5.175070e-08,2.750431e-09,-9.716590e-10,-9.192827e-11,4.059073e-11,1.310231e+00,8.092124e-01,7.790340e-01
1.061000e-10,0.000000e+00,0.000000e+00,0.000000e+00,3.017366e-06,2.026970e-05,-5.877070e-06,2.979021e-07,4.323008e-08,4.323008e-08,3.973949e-09,-9.452399e-10,-1.096296e-10,4.246496e-11,1.312574e+00,8.092267e-01,7.790006e-01
1.061500e-10,0.000000e+00,0.000000e+00,0.000000e+00,3.244307e-06,2.277726e-05,-5.758886e-06,3.191120e-07,3.457150e-08,3.457150e-08,5.180028e-09,-9.144170e-10,-1.260241e-10,4.389329e-11,1.315503e+00,8.091512e-01,7.789702e-01
1.062000e-10,0.000000e+00,0.000000e+00,0.000000e+00,3.388187e-06,2.476367e-05,-5.528815e-06,3.333764e-07,2.591929e-08,2.591929e-08,6.353074e-09,-8.790190e-10,-1.409836e-10,4.485760e-11,1.318953e+00,8.089869e-01,7.789435e-01
1.062500e-10,0.000000e+00,0.000000e+00,0.000000e+00,3.445352e-06,2.619557e-05,-5.192281e-06,3.401551e-07,1.741345e-08,1.741345e-08,7.477618e-09,-8.388573e-10,-1.544001e-10,4.534519e-11,1.322851e+00,8.087368e-01,7.789212e-01
1.063000e-10,0.000000e+00,0.000000e+00,0.000000e+00,3.414452e-06,2.705883e-05,-4.756817e-06,3.390813e-07,9.187122e-09,9.187122e-09,8.538573e-09,-7.937369e-10,-1.661864e-10,4.534904e-11,1.327114e+00,8.084054e-01,7.789037e-01
1.063500e-10,0.000000e+00,0.000000e+00,0.000000e+00,3.296673e-06,2.735716e-05,-4.231902e-06,3.299699e-07,1.364238e-09,1.364238e-09,9.521479e-09,-7.434679e-10,-1.762760e-10,4.486780e-11,1.331651e+00,8.079991e-01,7.788916e-01
1.064000e-10,0.000000e+00,0.000000e+00,0.000000e+00,3.095837e-06,2.710943e-05,-3.628753e-06,3.128223e-07,-5.942623e-09,-5.942623e-09,1.041275e-08,-6.878781e-10,-1.846231e-10,4.390585e-11,1.336369e+00,8.075257e-01,7.788850e-01
1.064500e-10,0.000000e+00,0.000000e+00,0.000000e+00,2.818321e-06,2.634602e-05,-2.960092e-06,2.878262e-07,-1.263414e-08,-1.263414e-08,1.119989e-08,-6.268249e-10,-1.912021e-10,4.247321e-11,1.341169e+00,8.069944e-01,7.788840e-01
1.065000e-10,0.000000e+00,0.000000e+00,0.000000e+00,2.472799e-06,2.510467e-05,-2.239867e-06,2.553520e-07,-1.862586e-08,-1.862586e-08,1.187173e-08,-5.602089e-10,-1.960070e-10,4.058543e-11,1.345952e+00,8.064156e-01,7.788885e-01
1.065500e-10,0.000000e+00,0.000000e+00,0.000000e+00,2.069813e-06,2.342647e-05,-1.482958e-06,2.159449e-07,-2.384950e-08,-2.384950e-08,1.241860e-08,-4.879851e-10,-1.990501e-10,3.826335e-11,1.350623e+00,8.058006e-01,7.788985e-01
1.066000e-10,0.000000e+00,0.000000e+00,0.000000e+00,1.621200e-06,2.135238e-05,-7.048511e-07,1.703133e-07,-2.825388e-08,-2.825388e-08,1.283253e-08,-4.101753e-10,-2.003611e-10,3.553279e-11,1.355086e+00,8.051616e-01,7.789135e-01
1.066500e-10,0.000000e+00,0.000000e+00,0.000000e+00,1.139446e-06,1.892094e-05,7.869392e-08,1.193135e-07,-3.180556e-08,-3.180556e-08,1.310734e-08,-3.268782e-10,-1.999855e-10,3.242428e-11,1.359255e+00,8.045110e-01,7.789332e-01
1.067000e-10,0.000000e+00,0.000000e+00,0.000000e+00,6.370172e-07,1.616746e-05,8.519807e-07,6.393190e-08,-3.448904e-08,-3.448904e-08,1.323881e-08,-2.382791e-10,-1.979833e-10,2.897258e-11,1.363051e+00,8.038618e-01,7.789569e-01
1.067500e-10,0.000000e+00,0.000000e+00,0.000000e+00,1.257507e-07,1.312470e-05,1.599712e-06,5.263121e-09,-3.630666e-08,-3.630666e-08,1.322474e-08,-1.446573e-10,-1.944272e-10,2.521626e-11,1.366402e+00,8.032266e-01,7.789840e-01
1.068000e-10,0.000000e+00,0.000000e+00,0.000000e+00,-3.836355e-07,9.824972e-06,2.307311e-06,-5.551297e-08,-3.727809e-08,-3.727809e-08,1.306498e-08,-4.639228e-11,-1.894007e-10,2.119717e-11,1.369250e+00,8.026178e-01,7.790137e-01
1.068500e-10,0.000000e+00,0.000000e+00,0.000000e+00,-8.818575e-07,6.303317e-06,2.961220e-06,-1.171568e-07,-3.743950e-08,-3.743950e-08,1.276149e-08,5.603235e-11,-1.829965e-10,1.695992e-11,1.371547e+00,8.020474e-01,7.790453e-01
1.069000e-10,0.000000e+00,0.000000e+00,0.000000e+00,-1.361181e-06,2.600946e-06,3.549169e-06,-1.783954e-07,-3.684243e-08,-3.684243e-08,1.231827e-08,1.620271e-10,-1.753149e-10,1.255131e-11,1.373258e+00,8.015265e-01,7.790777e-01
1.069500e-10,0.000000e+00,0.000000e+00,0.000000e+00,-1.815335e-06,-1.231515e-06,4.060408e-06,-2.379502e-07,-3.555229e-08,-3.555229e-08,1.174131e-08,2.708972e-10,-1.664616e-10,8.019705e-12,1.374360e+00,8.010652e-01,7.791102e-01
1.070000e-10,0.000000e+00,0.000000e+00,0.000000e+00,-2.239255e-06,-5.131753e-06,4.485900e-06,-2.945641e-07,-3.364669e-08,-3.364669e-08,1.103854e-08,3.818455e-10,-1.565463e-10,3.414446e-12,1.374841e+00,8.006722e-01,7.791419e-01
1.070500e-10,0.000000e+00,0.000000e+00,0.000000e+00,-2.628711e-06,-9.024952e-06,4.818462e-06,-3.470284e-07,-3.121344e-08,-3.121344e-08,1.021966e-08,4.939777e-10,-1.456808e-10,-1.214767e-12,1.374705e+00,8.003552e-01,7.791718e-01
1.071000e-10,0.000000e+00,0.000000e+00,0.000000e+00,-2.979875e-06,-1.282471e-05,5.052869e-06,-3.942089e-07,-2.834849e-08,-2.834849e-08,9.296005e-09,6.063105e-10,-1.339777e-10,-5.818474e-12,1.373963e+00,8.001198e-01,7.791990e-01
1.071500e-10,0.000000e+00,0.000000e+00,0.000000e+00,-3.288922e-06,-1.643574e-05,5.185907e-06,-4.350705e-07,-2.515358e-08,-2.515358e-08,8.280365e-09,7.177811e-10,-1.215492e-10,-1.034806e-11,1.372639e+00,7.999705e-01,7.792229e-01
1.072000e-10,0.000000e+00,0.000000e+00,0.000000e+00,-3.551715e-06,-1.975806e-05,5.216383e-06,-4.686988e-07,-2.173399e-08,-2.173399e-08,7.186774e-09,8.272599e-10,-1.085054e-10,-1.475634e-11,1.370767e+00,7.999097e-01,7.792426e-01
1.072500e-10,0.000000e+00,0.000000e+00,0.000000e+00,-3.763641e-06,-2.269228e-05,5.145103e-06,-4.943206e-07,-1.819603e-08,-1.819603e-08,6.030284e-09,9.335648e-10,-9.495351e-11,-1.899808e-11,1.368389e+00,7.999381e-01,7.792575e-01
1.073000e-10,0.000000e+00,0.000000e+00,0.000000e+00,-3.919616e-06,-2.514537e-05,4.974802e-06,-5.113202e-07,-1.464479e-08,-1.464479e-08,4.826722e-09,1.035477e-09,-8.099708e-11,-2.303053e-11,1.365555e+00,8.000548e-01,7.792671e-01
1.073500e-10,0.000000e+00,0.000000e+00,0.000000e+00,-4.014278e-06,-2.703633e-05,4.710060e-06,-5.192526e-07,-1.118170e-08,-1.118170e-08,3.592433e-09,1.131758e-09,-6.673514e-11,-2.681387e-11,1.362324e+00,8.002569e-01,7.792709e-01
1.074000e-10,0.000000e+00,0.000000e+00,0.000000e+00,-4.042342e-06,-2.830110e-05,4.357177e-06,-5.178539e-07,-7.902430e-09,-7.902430e-09,2.344015e-09,1.221171e-09,-5.226180e-11,-3.031167e-11,1.358761e+00,8.005400e-01,7.792687e-01
1.074500e-10,0.000000e+00,0.000000e+00,0.000000e+00,-3.999078e-06,-2.889648e-05,3.924039e-06,-5.070470e-07,-4.894780e-09,-4.894780e-09,1.098053e-09,1.302498e-09,-3.766589e-11,-3.349120e-11,1.354936e+00,8.008980e-01,7.792603e-01
1.075000e-10,0.000000e+00,0.000000e+00,0.000000e+00,-3.880864e-06,-2.880252e-05,3.419956e-06,-4.869437e-07,-2.236857e-09,-2.236857e-09,-1.291455e-10,1.374561e-09,-2.303090e-11,-3.632378e-11,1.350925e+00,8.013235e-01,7.792457e-01
1.075500e-10,0.000000e+00,0.000000e+00,0.000000e+00,-3.685750e-06,-2.802348e-05,2.855490e-06,-4.578430e-07,4.547545e-12,4.547545e-12,-1.321810e-09,1.436243e-09,-8.434963e-12,-3.878505e-11,1.346809e+00,8.018076e-01,7.792250e-01
1.076000e-10,0.000000e+00,0.000000e+00,0.000000e+00,-3.413967e-06,-2.658723e-05,2.242264e-06,-4.202253e-07,1.775292e-09,1.775292e-09,-2.464956e-09,1.486506e-09,6.048957e-12,-4.085509e-11,1.342669e+00,8.023406e-01,7.791985e-01
1.076500e-10,0.000000e+00,0.000000e+00,0.000000e+00,-3.068326e-06,-2.454331e-05,1.592761e-06,-3.747431e-07,3.034937e-09,3.034937e-09,-3.544611e-09,1.524416e-09,2.035270e-11,-4.251861e-11,1.338592e+00,8.029116e-01,7.791665e-01
1.077000e-10,0.000000e+00,0.000000e+00,0.000000e+00,-2.654470e-06,-2.195982e-05,9.201037e-07,-3.222076e-07,3.757480e-09,3.757480e-09,-4.548033e-09,1.549156e-09,3.441251e-11,-4.376499e-11,1.334660e+00,8.035093e-01,7.791297e-01
1.077500e-10,0.000000e+00,0.000000e+00,0.000000e+00,-2.180927e-06,-1.891944e-05,2.378286e-07,-2.635730e-07,3.931756e-09,3.931756e-09,-5.463896e-09,1.560046e-09,4.816850e-11,-4.458825e-11,1.330958e+00,8.041218e-01,7.790885e-01
1.078000e-10,0.000000e+00,0.000000e+00,0.000000e+00,-1.658969e-06,-1.551480e-05,-4.403591e-07,-1.999169e-07,3.561513e-09,3.561513e-09,-6.282450e-09,1.556558e-09,6.156407e-11,-4.498707e-11,1.327565e+00,8.047369e-01,7.790439e-01
1.078500e-10,0.000000e+00,0.000000e+00,0.000000e+00,-1.102257e-06,-1.184357e-05,-1.100837e-06,-1.324188e-07,2.665145e-09,2.665145e-09,-6.995655e-09,1.538330e-09,7.454529e-11,-4.496457e-11,1.324555e+00,8.053428e-01,7.789966e-01
1.079000e-10,0.000000e+00,0.000000e+00,0.000000e+00,-5.262998e-07,-8.003667e-06,-1.730328e-06,-6.233614e-08,1.275108e-09,1.275108e-09,-7.597282e-09,1.505177e-09,8.706027e-11,-4.452823e-11,1.321995e+00,8.059276e-01,7.789474e-01
1.079500e-10,0.000000e+00,0.000000e+00,0.000000e+00,5.223626e-08,-4.088795e-06,-2.316164e-06,9.020701e-09,-5.629783e-10,-5.629783e-10,-8.082978e-09,1.457099e-09,9.905853e-11,-4.368962e-11,1.319943e+00,8.064801e-01,7.788975e-01
1.080000e-10,0.000000e+00,0.000000e+00,0.000000e+00,6.163332e-07,-1.848396e-07,-2.846549e-06,8.031492e-08,-2.791518e-09,-2.791518e-09,-8.450302e-09,1.394288e-09,1.104904e-10,-4.246414e-11,1.318446e+00,8.069900e-01,7.788477e-01
1.080500e-10,0.000000e+00,0.000000e+00,0.000000e+00,1.149464e-06,3.632698e-06,-3.310819e-06,1.502100e-07,-5.342383e-09,-5.342383e-09,-8.698720e-09,1.317129e-09,1.213067e-10,-4.087074e-11,1.317537e+00,8.074475e-01,7.787990e-01
1.081000e-10,0.000000e+00,0.000000e+00,0.000000e+00,1.636417e-06,7.299943e-06,-3.699685e-06,2.173964e-07,-8.138594e-09,-8.138594e-09,-8.829573e-09,1.226201e-09,1.314579e-10,-3.893153e-11,1.317236e+00,8.078444e-01,7.787524e-01
1.081500e-10,0.000000e+00,0.000000e+00,0.000000e+00,2.064023e-06,1.076451e-05,-4.005449e-06,2.806178e-07,-1.109618e-08,-1.109618e-08,-8.846007e-09,1.122273e-09,1.408944e-10,-3.667149e-11,1.317550e+00,8.081734e-01,7.787090e-01
1.082000e-10,0.000000e+00,0.000000e+00,0.000000e+00,2.421733e-06,1.398408e-05,-4.222194e-06,3.386960e-07,-1.412619e-08,-1.412619e-08,-8.752873e-09,1.006296e-09,1.495657e-10,-3.411802e-11,1.318469e+00,8.084288e-01,7.786695e-01
1.082500e-10,0.000000e+00,0.000000e+00,0.000000e+00,2.701988e-06,1.692402e-05,-4.345937e-06,3.905538e-07,-1.713684e-08,-1.713684e-08,-8.556600e-09,8.793963e-10,1.574209e-10,-3.130057e-11,1.319968e+00,8.086064e-01,7.786348e-01
1.083000e-10,0.000000e+00,0.000000e+00,0.000000e+00,2.900360e-06,1.955445e-05,-4.374731e-06,4.352372e-07,-2.003564e-08,-2.003564e-08,-8.265040e-09,7.428592e-10,1.644085e-10,-2.825023e-11,1.322011e+00,8.087037e-01,7.786057e-01
1.083500e-10,0.000000e+00,0.000000e+00,0.000000e+00,3.015466e-06,2.184735e-05,-4.308722e-06,4.719328e-07,-2.273162e-08,-2.273162e-08,-7.887288e-09,5.981156e-10,1.704765e-10,-2.499932e-11,1.324547e+00,8.087196e-01,7.785828e-01
1.084000e-10,0.000000e+00,0.000000e+00,0.000000e+00,3.048669e-06,2.377426e-05,-4.150146e-06,4.999846e-07,-2.513747e-08,-2.513747e-08,-7.433486e-09,4.467229e-10,1.755734e-10,-2.158100e-11,1.327513e+00,8.086549e-01,7.785666e-01
1.084500e-10,0.000000e+00,0.000000e+00,0.000000e+00,3.003627e-06,2.530509e-05,-3.903274e-06,5.189059e-07,-2.717161e-08,-2.717161e-08,-6.914612e-09,2.903447e-10,1.796480e-10,-1.802883e-11,1.330839e+00,8.085117e-01,7.785576e-01
1.085000e-10,0.000000e+00,0.000000e+00,0.000000e+00,2.885749e-06,2.640834e-05,-3.574306e-06,5.283886e-07,-2.876012e-08,-2.876012e-08,-6.342254e-09,1.307282e-10,1.826504e-10,-1.437648e-11,1.334447e+00,8.082941e-01,7.785559e-01
1.085500e-10,0.000000e+00,0.000000e+00,0.000000e+00,2.701632e-06,2.705271e-05,-3.171211e-06,5.283086e-07,-2.983852e-08,-2.983852e-08,-5.728383e-09,-3.031968e-11,1.845330e-10,-1.065727e-11,1.338253e+00,8.080072e-01,7.785618e-01
1.086000e-10,0.000000e+00,0.000000e+00,0.000000e+00,2.458556e-06,2.721008e-05,-2.703517e-06,5.187277e-07,-3.035330e-08,-3.035330e-08,-5.085118e-09,-1.909581e-10,1.852512e-10,-6.903933e-12,1.342172e+00,8.076579e-01,7.785751e-01
1.086500e-10,0.000000e+00,0.000000e+00,0.000000e+00,2.164078e-06,2.685924e-05,-2.182081e-06,4.998914e-07,-3.026327e-08,-3.026327e-08,-4.424500e-09,-3.493380e-10,1.847644e-10,-3.148256e-12,1.346117e+00,8.072539e-01,7.785958e-01
1.087000e-10,0.000000e+00,0.000000e+00,0.000000e+00,1.825783e-06,2.598992e-05,-1.618808e-06,4.722230e-07,-2.954061e-08,-2.954061e-08,-3.758266e-09,-5.036289e-10,1.830371e-10,5.791746e-13,1.350003e+00,8.068043e-01,7.786234e-01
1.087500e-10,0.000000e+00,0.000000e+00,0.000000e+00,1.451178e-06,2.460635e-05,-1.026371e-06,4.363151e-07,-2.817159e-08,-2.817159e-08,-3.097640e-09,-6.520455e-10,1.800401e-10,4.249201e-12,1.353749e+00,8.063188e-01,7.786576e-01
1.088000e-10,0.000000e+00,0.000000e+00,0.000000e+00,1.047723e-06,2.272972e-05,-4.179020e-07,3.929163e-07,-2.615705e-08,-2.615705e-08,-2.453139e-09,-7.928732e-10,1.757518e-10,7.834310e-12,1.357276e+00,8.058079e-01,7.786977e-01
1.088500e-10,0.000000e+00,0.000000e+00,0.000000e+00,6.229572e-07,2.039921e-05,1.933030e-07,3.429158e-07,-2.351254e-08,-2.351254e-08,-1.834389e-09,-9.244934e-10,1.701590e-10,1.130879e-11,1.360516e+00,8.052823e-01,7.787430e-01
1.089000e-10,0.000000e+00,0.000000e+00,0.000000e+00,1.846639e-07,1.767116e-05,7.940853e-07,2.873251e-07,-2.026807e-08,-2.026807e-08,-1.249979e-09,-1.045407e-09,1.632582e-10,1.464885e-11,1.363404e+00,8.047532e-01,7.787927e-01
1.089500e-10,0.000000e+00,0.000000e+00,0.000000e+00,-2.589900e-07,1.461649e-05,1.371707e-06,2.272570e-07,-1.646768e-08,-1.646768e-08,-7.073228e-10,-1.154257e-09,1.550567e-10,1.783276e-11,1.365885e+00,8.042315e-01,7.788460e-01
1.090000e-10,0.000000e+00,0.000000e+00,0.000000e+00,-6.993861e-07,1.131674e-05,1.914120e-06,1.639029e-07,-1.216858e-08,-1.216858e-08,-2.125606e-10,-1.249846e-09,1.455733e-10,2.084085e-11,1.367916e+00,8.037280e-01,7.789019e-01
1.090500e-10,0.000000e+00,0.000000e+00,0.000000e+00,-1.127503e-06,7.859114e-06,2.410208e-06,9.850890e-08,-7.440058e-09,-7.440058e-09,2.295187e-10,-1.331155e-09,1.348397e-10,2.365557e-11,1.369459e+00,8.032528e-01,7.789593e-01
1.091000e-10,0.000000e+00,0.000000e+00,0.000000e+00,-1.534098e-06,4.331244e-06,2.850011e-06,3.235039e-08,-2.362131e-09,-2.362131e-09,6.155214e-10,-1.397358e-09,1.229003e-10,2.626152e-11,1.370491e+00,8.028156e-01,7.790172e-01
1.091500e-10,0.000000e+00,0.000000e+00,0.000000e+00,-1.910008e-06,8.163586e-07,3.224914e-06,-3.329349e-08,2.976070e-09,2.976070e-09,9.434650e-10,-1.447833e-09,1.098135e-10,2.864537e-11,1.370998e+00,8.024251e-01,7.790745e-01
1.092000e-10,0.000000e+00,0.000000e+00,0.000000e+00,-2.246546e-06,-2.610605e-06,3.527809e-06,-9.716531e-08,8.478095e-09,8.478095e-09,1.212763e-09,-1.482169e-09,9.565147e-11,3.079583e-11,1.370977e+00,8.020888e-01,7.791303e-01
1.092500e-10,0.000000e+00,0.000000e+00,0.000000e+00,-2.535949e-06,-5.885503e-06,3.753220e-06,-1.580543e-07,1.404214e-08,1.404214e-08,1.424183e-09,-1.500171e-09,8.050055e-11,3.270361e-11,1.370437e+00,8.018131e-01,7.791834e-01
1.093000e-10,0.000000e+00,0.000000e+00,0.000000e+00,-2.771798e-06,-8.955919e-06,3.897401e-06,-2.148200e-07,1.956315e-08,1.956315e-08,1.579772e-09,-1.501863e-09,6.446092e-11,3.436129e-11,1.369398e+00,8.016031e-01,7.792329e-01
1.093500e-10,0.000000e+00,0.000000e+00,0.000000e+00,-2.949385e-06,-1.178061e-05,3.958384e-06,-2.664148e-07,2.493496e-08,2.493496e-08,1.682765e-09,-1.487483e-09,4.764629e-11,3.576326e-11,1.367890e+00,8.014626e-01,7.792780e-01
1.094000e-10,0.000000e+00,0.000000e+00,0.000000e+00,-3.065945e-06,-1.432774e-05,3.936007e-06,-3.119037e-07,3.005251e-08,3.005251e-08,1.737459e-09,-1.457480e-09,3.018326e-11,3.690558e-11,1.365953e+00,8.013935e-01,7.793177e-01
1.094500e-10,0.000000e+00,0.000000e+00,0.000000e+00,-3.120742e-06,-1.657238e-05,3.831883e-06,-3.504825e-07,3.481403e-08,3.481403e-08,1.749079e-09,-1.412504e-09,1.221045e-11,3.778592e-11,1.363636e+00,8.013966e-01,7.793515e-01
1.095000e-10,0.000000e+00,0.000000e+00,0.000000e+00,-3.115000e-06,-1.849383e-05,3.649349e-06,-3.814925e-07,3.912318e-08,3.912318e-08,1.723615e-09,-1.353394e-09,-6.122652e-12,3.840339e-11,1.360995e+00,8.014711e-01,7.793787e-01
1.095500e-10,0.000000e+00,0.000000e+00,0.000000e+00,-3.051673e-06,-2.007325e-05,3.393364e-06,-4.044321e-07,4.289105e-08,4.289105e-08,1.667656e-09,-1.281162e-09,-2.465700e-11,3.875847e-11,1.358092e+00,8.016145e-01,7.793989e-01
1.096000e-10,0.000000e+00,0.000000e+00,0.000000e+00,-2.935109e-06,-2.129210e-05,3.070378e-06,-4.189659e-07,4.603805e-08,4.603805e-08,1.588208e-09,-1.196978e-09,-4.322557e-11,3.885293e-11,1.354993e+00,8.018233e-01,7.794117e-01
1.096500e-10,0.000000e+00,0.000000e+00,0.000000e+00,-2.770634e-06,-2.213170e-05,2.688168e-06,-4.249298e-07,4.849562e-08,4.849562e-08,1.492506e-09,-1.102150e-09,-6.165516e-11,3.868965e-11,1.351769e+00,8.020922e-01,7.794170e-01
1.097000e-10,0.000000e+00,0.000000e+00,0.000000e+00,-2.564133e-06,-2.257382e-05,2.255646e-06,-4.223319e-07,5.020768e-08,5.020768e-08,1.387835e-09,-9.980973e-10,-7.976828e-11,3.827264e-11,1.348487e+00,8.024151e-01,7.794147e-01
1.097500e-10,0.000000e+00,0.000000e+00,0.000000e+00,-2.321656e-06,-2.260246e-05,1.782640e-06,-4.113514e-07,5.113186e-08,5.113186e-08,1.281335e-09,-8.863347e-10,-9.738532e-11,3.760689e-11,1.345220e+00,8.027846e-01,7.794050e-01
1.098000e-10,0.000000e+00,0.000000e+00,0.000000e+00,-2.049119e-06,-2.220623e-05,1.279670e-06,-3.923327e-07,5.124046e-08,5.124046e-08,1.179834e-09,-7.684427e-10,-1.143267e-10,3.669834e-11,1.342034e+00,8.031926e-01,7.793880e-01
1.098500e-10,0.000000e+00,0.000000e+00,0.000000e+00,-1.752107e-06,-2.138114e-05,7.577023e-07,-3.657766e-07,5.052109e-08,5.052109e-08,1.089671e-09,-6.460441e-10,-1.304152e-10,3.555386e-11,1.338993e+00,8.036301e-01,7.793642e-01
1.099000e-10,0.000000e+00,0.000000e+00,0.000000e+00,-1.435803e-06,-2.013327e-05,2.279060e-07,-3.323290e-07,4.897702e-08,4.897702e-08,1.016553e-09,-5.207788e-10,-1.454784e-10,3.418115e-11,1.336156e+00,8.040878e-01,7.793342e-01
1.099500e-10,0.000000e+00,0.000000e+00,0.000000e+00,-1.105030e-06,-1.848077e-05,-2.985858e-07,-2.927652e-07,4.662719e-08,4.662719e-08,9.654096e-10,-3.942780e-10,-1.593509e-10,3.258880e-11,1.333578e+00,8.045559e-01,7.792984e-01
1.100000e-10,1.292470e-18,0.000000e+00,1.292470e-18,-7.643881e-07,-1.645506e-05,-8.109088e-07,-2.479739e-07,4.350595e-08,4.350595e-08,9.402845e-10,-2.681402e-10,-1.718767e-10,3.078623e-11,1.331307e+00,8.050247e-01,7.792578e-01
1.100500e-10,5.000000e-06,0.000000e+00,5.000000e-06,2.480896e-06,1.182843e-04,-1.297015e-06,-1.989362e-07,3.966243e-08,3.966243e-08,9.442380e-10,-1.439069e-10,-1.829115e-10,2.878370e-11,1.329529e+00,8.054843e-01,7.792130e-01
1.101000e-10,1.000000e-05,0.000000e+00,1.000000e-05,5.206643e-06,5.801672e-05,-1.742791e-06,-1.467039e-07,3.515964e-08,3.515964e-08,9.792793e-10,-2.304105e-11,-1.923249e-10,2.659236e-11,1.328487e+00,8.059255e-01,7.791651e-01
1.101500e-10,1.500000e-05,0.000000e+00,1.500000e-05,7.287587e-06,4.544298e-05,-2.132333e-06,-9.237718e-08,3.007333e-08,3.007333e-08,1.046322e-09,9.309355e-11,-2.000026e-10,2.422423e-11,1.328395e+00,8.063392e-01,7.791149e-01
1.102000e-10,2.000000e-05,0.000000e+00,2.000000e-05,8.702740e-06,3.502237e-05,-2.449046e-06,-3.708000e-08,2.449052e-08,2.449052e-08,1.145169e-09,2.032505e-10,-2.058475e-10,2.169225e-11,1.329396e+00,8.067175e-01,7.790634e-01
1.102500e-10,2.500000e-05,0.000000e+00,2.500000e-05,9.531215e-06,2.895220e-05,-2.677091e-06,1.806350e-08,1.850785e-08,1.850785e-08,1.274517e-09,3.063165e-10,-2.097825e-10,1.901030e-11,1.331554e+00,8.070529e-01,7.790117e-01
1.103000e-10,3.000000e-05,0.000000e+00,3.000000e-05,9.929687e-06,2.861176e-05,-2.802751e-06,7.195332e-08,1.222972e-08,1.222972e-08,1.431998e-09,4.013245e-10,-2.117508e-10,1.619321e-11,1.334856e+00,8.073392e-01,7.789608e-01
1.103500e-10,3.500000e-05,0.000000e+00,3.500000e-05,1.009764e-05,3.435630e-05,-2.815452e-06,1.235373e-07,5.766295e-09,5.766295e-09,1.614236e-09,4.874643e-10,-2.117176e-10,1.325682e-11,1.339235e+00,8.075715e-01,7.789116e-01
1.104000e-10,4.000000e-05,0.000000e+00,4.000000e-05,1.023858e-05,4.553672e-05,-2.708320e-06,1.718336e-07,-7.685978e-10,-7.685978e-10,1.816931e-09,5.640896e-10,-2.096709e-10,1.021793e-11,1.344590e+00,8.077459e-01,7.788650e-01
1.104500e-10,4.500000e-05,0.000000e+00,4.500000e-05,1.052489e-05,6.070374e-05,-2.478252e-06,2.159521e-07,-7.259691e-09,-7.259691e-09,2.034968e-09,6.307223e-10,-2.056216e-10,7.094370e-12,1.350814e+00,8.078604e-01,7.788219e-01
1.105000e-10,5.000000e-05,0.000000e+00,5.000000e-05,1.107237e-05,7.793294e-05,-2.125585e-06,2.551136e-07,-1.359247e-08,-1.359247e-08,2.262540e-09,6.870541e-10,-1.996042e-10,3.904955e-12,1.357812e+00,8.079142e-01,7.787832e-01
1.105500e-10,5.500000e-05,0.000000e+00,5.500000e-05,1.192766e-05,9.519608e-05,-1.653482e-06,2.886667e-07,-1.965536e-08,-1.965536e-08,2.493290e-09,7.329446e-10,-1.916763e-10,6.694530e-13,1.365513e+00,8.079082e-01,7.787495e-01
1.106000e-10,6.000000e-05,0.000000e+00,6.000000e-05,1.306944e-05,1.107063e-04,-1.067215e-06,3.161022e-07,-2.534188e-08,-2.534188e-08,2.720468e-09,7.684165e-10,-1.819182e-10,-2.591450e-12,1.373873e+00,8.078450e-01,7.787213e-01
1.106500e-10,6.500000e-05,0.000000e+00,6.500000e-05,1.442117e-05,1.231795e-04,-3.734516e-07,3.370644e-07,-3.055261e-08,-3.055261e-08,2.937093e-09,7.936483e-10,-1.704319e-10,-5.856214e-12,1.382875e+00,8.077286e-01,7.786993e-01
1.107000e-10,7.000000e-05,0.000000e+00,7.000000e-05,1.587191e-05,1.319778e-04,4.203006e-07,3.513592e-07,-3.519714e-08,-3.519714e-08,3.136127e-09,8.089646e-10,-1.573403e-10,-9.102539e-12,1.392520e+00,8.075645e-01,7.786836e-01
1.107500e-10,7.500000e-05,0.000000e+00,7.500000e-05,1.730058e-05,1.371259e-04,1.306055e-06,3.589592e-07,-3.919566e-08,-3.919566e-08,3.310647e-09,8.148234e-10,-1.427856e-10,-1.230748e-11,1.402810e+00,8.073598e-01,7.786746e-01
1.108000e-10,8.000000e-05,0.000000e+00,8.000000e-05,1.859893e-05,1.392145e-04,2.275486e-06,3.600046e-07,-4.248052e-08,-4.248052e-08,3.454015e-09,8.118021e-10,-1.269272e-10,-1.544757e-11,1.413744e+00,8.071227e-01,7.786724e-01
1.108500e-10,8.500000e-05,0.000000e+00,8.500000e-05,1.968970e-05,1.392249e-04,3.319877e-06,3.548017e-07,-4.499736e-08,-4.499736e-08,3.560048e-09,8.005815e-10,-1.099403e-10,-1.849898e-11,1.425303e+00,8.068627e-01,7.786769e-01
1.109000e-10,9.000000e-05,0.000000e+00,9.000000e-05,2.053737e-05,1.383149e-04,4.429958e-06,3.438169e-07,-4.670610e-08,-4.670610e-08,3.623174e-09,7.819281e-10,-9.201296e-11,-2.143769e-11,1.437444e+00,8.065902e-01,7.786878e-01
1.109500e-10,9.500000e-05,0.000000e+00,9.500000e-05,2.115092e-05,1.376099e-04,5.595698e-06,3.276684e-07,-4.758157e-08,-4.758157e-08,3.638576e-09,7.566765e-10,-7.334437e-11,-2.423974e-11,1.450102e+00,8.063165e-01,7.787051e-01
1.110000e-10,1.000000e-04,0.000000e+00,1.000000e-04,2.157909e-05,1.380331e-04,6.806151e-06,3.071139e-07,-4.761387e-08,-4.761387e-08,3.602323e-09,7.257097e-10,-5.414165e-11,-2.688136e-11,1.463188e+00,8.060533e-01,7.787282e-01
1.110500e-10,1.000000e-04,0.000000e+00,1.000000e-04,1.900086e-05,7.814591e-06,8.047742e-06,2.830355e-07,-4.680838e-08,-4.680838e-08,3.511483e-09,6.899405e-10,-3.461744e-11,-2.933929e-11,1.476458e+00,8.058130e-01,7.787566e-01
1.111000e-10,1.000000e-04,0.000000e+00,1.000000e-04,1.692989e-05,7.486685e-05,9.303308e-06,2.564211e-07,-4.518548e-08,-4.518548e-08,3.364208e-09,6.502922e-10,-1.498696e-11,-3.159099e-11,1.489600e+00,8.056078e-01,7.787897e-01
1.111500e-10,1.000000e-04,0.000000e+00,1.000000e-04,1.558238e-05,9.634049e-05,1.055247e-05,2.283446e-07,-4.278000e-08,-4.278000e-08,3.159805e-09,6.076805e-10,4.534785e-12,-3.361491e-11,1.502331e+00,8.054502e-01,7.788269e-01
1.112000e-10,1.000000e-04,0.000000e+00,1.000000e-04,1.505914e-05,1.173613e-04,1.177300e-05,1.999437e-07,-3.964032e-08,-3.964032e-08,2.898780e-09,5.629957e-10,2.373588e-11,-3.539075e-11,1.514449e+00,8.053522e-01,7.788675e-01
1.112500e-10,1.000000e-04,0.000000e+00,1.000000e-04,1.534065e-05,1.351590e-04,1.294270e-05,1.723963e-07,-3.582724e-08,-3.582724e-08,2.582851e-09,5.170864e-10,4.241025e-11,-3.689974e-11,1.525849e+00,8.053254e-01,7.789106e-01
1.113000e-10,1.000000e-04,0.000000e+00,1.000000e-04,1.630485e-05,1.477409e-04,1.404123e-05,1.468961e-07,-3.141258e-08,-3.141258e-08,2.214944e-09,4.707450e-10,6.036038e-11,-3.812491e-11,1.536526e+00,8.053806e-01,7.789554e-01
1.113500e-10,1.000000e-04,0.000000e+00,1.000000e-04,1.776145e-05,1.542025e-04,1.505163e-05,1.246273e-07,-2.647757e-08,-2.647757e-08,1.799153e-09,4.246944e-10,7.739982e-11,-3.905135e-11,1.546555e+00,8.055278e-01,7.790012e-01
1.114000e-10,1.000000e-04,0.000000e+00,1.000000e-04,1.949405e-05,1.547856e-04,1.596137e-05,1.067393e-07,-2.111106e-08,-2.111106e-08,1.340688e-09,3.795775e-10,9.335562e-11,-3.966646e-11,1.556069e+00,8.057756e-01,7.790472e-01
1.114500e-10,1.000000e-04,0.000000e+00,1.000000e-04,2.130118e-05,1.507147e-04,1.676275e-05,9.432241e-08,-1.540760e-08,-1.540760e-08,8.457839e-10,3.359476e-10,1.080704e-10,-3.996015e-11,1.565228e+00,8.061314e-01,7.790927e-01
1.115000e-10,1.000000e-04,0.000000e+00,1.000000e-04,2.302888e-05,1.438771e-04,1.745291e-05,8.838391e-08,-9.465355e-09,-9.465355e-09,3.215996e-10,2.942628e-10,1.214044e-10,-3.992513e-11,1.574199e+00,8.066011e-01,7.791369e-01
1.115500e-10,1.000000e-04,0.000000e+00,1.000000e-04,2.459023e-05,1.364246e-04,1.803330e-05,8.982639e-08,-3.384032e-09,-3.384032e-09,-2.239104e-10,2.548814e-10,1.332369e-10,-3.955702e-11,1.583136e+00,8.071888e-01,7.791791e-01
1.116000e-10,1.000000e-04,0.000000e+00,1.000000e-04,2.597011e-05,1.303814e-04,1.850901e-05,9.942787e-08,2.737264e-09,2.737264e-09,-7.821384e-10,2.180605e-10,1.434678e-10,-3.885453e-11,1.592170e+00,8.078970e-01,7.792190e-01
1.116500e-10,1.000000e-04,0.000000e+00,1.000000e-04,2.721646e-05,1.273262e-04,1.888798e-05,1.178246e-07,8.802128e-09,8.802128e-09,-1.343982e-09,1.839564e-10,1.520183e-10,-3.781962e-11,1.601410e+00,8.087265e-01,7.792560e-01
1.117000e-10,1.000000e-04,0.000000e+00,1.000000e-04,2.842155e-05,1.281963e-04,1.918030e-05,1.454968e-07,1.471889e-08,1.471889e-08,-1.900015e-09,1.526280e-10,1.588321e-10,-3.645752e-11,1.610943e+00,8.096762e-01,7.792897e-01
1.117500e-10,1.000000e-04,0.000000e+00,1.000000e-04,2.969803e-05,1.332304e-04,1.939761e-05,1.827578e-07,2.040253e-08,2.040253e-08,-2.440663e-09,1.240418e-10,1.638751e-10,-3.477685e-11,1.620847e+00,8.107432e-01,7.793200e-01
1.118000e-10,1.000000e-04,0.000000e+00,1.000000e-04,3.115468e-05,1.420414e-04,1.955273e-05,2.297470e-07,2.577646e-08,2.577646e-08,-2.956384e-09,9.807941e-11,1.671361e-10,-3.278956e-11,1.631203e+00,8.119233e-01,7.793468e-01
1.118500e-10,1.000000e-04,0.000000e+00,1.000000e-04,3.287650e-05,1.537878e-04,1.965952e-05,2.864257e-07,3.077410e-08,3.077410e-08,-3.437854e-09,7.454618e-11,1.686259e-10,-3.051092e-11,1.642101e+00,8.132105e-01,7.793702e-01
1.119000e-10,1.000000e-04,0.000000e+00,1.000000e-04,3.491180e-05,1.673979e-04,1.973280e-05,3.525783e-07,3.534025e-08,3.534025e-08,-3.876143e-09,5.318228e-11,1.683770e-10,-2.795941e-11,1.653650e+00,8.145975e-01,7.793902e-01
1.119500e-10,1.000000e-04,0.000000e+00,1.000000e-04,3.726770e-05,1.817996e-04,1.978845e-05,4.278163e-07,3.943220e-08,3.943220e-08,-4.262889e-09,3.367442e-11,1.664423e-10,-2.515666e-11,1.665979e+00,8.160758e-01,7.794072e-01
1.120000e-10,1.000000e-04,0.000000e+00,1.000000e-04,3.991365e-05,1.961131e-04,1.984338e-05,5.115865e-07,4.302058e-08,4.302058e-08,-4.590453e-09,1.566884e-11,1.628943e-10,-2.212716e-11,1.679237e+00,8.176363e-01,7.794216e-01
1.120500e-10,1.000000e-04,0.000000e+00,1.000000e-04,4.279092e-05,2.097745e-04,1.991554e-05,6.031829e-07,4.608990e-08,4.608990e-08,-4.852075e-09,-1.215081e-12,1.578234e-10,-1.889814e-11,1.693586e+00,8.192688e-01,7.794340e-01
1.121000e-10,1.000000e-04,0.000000e+00,1.000000e-04,4.582554e-05,2.225783e-04,2.002379e-05,7.017625e-07,4.863886e-08,4.863886e-08,-5.041997e-09,-1.737086e-11,1.513360e-10,-1.549926e-11,1.709194e+00,8.209628e-01,7.794450e-01
1.121500e-10,1.000000e-04,0.000000e+00,1.000000e-04,4.894147e-05,2.346375e-04,2.018760e-05,8.063636e-07,5.068027e-08,5.068027e-08,-5.155578e-09,-3.319090e-11,1.435525e-10,-1.196231e-11,1.726229e+00,8.227078e-01,7.794555e-01
1.122000e-10,1.000000e-04,0.000000e+00,1.000000e-04,5.207139e-05,2.462792e-04,2.042671e-05,9.159273e-07,5.224069e-08,5.224069e-08,-5.189379e-09,-4.905274e-11,1.346058e-10,-8.320901e-12,1.744846e+00,8.244932e-01,7.794661e-01
1.122500e-10,1.000000e-04,0.000000e+00,1.000000e-04,5.516309e-05,2.578990e-04,2.076061e-05,1.029322e-06,5.335986e-08,5.335986e-08,-5.141231e-09,-6.530607e-11,1.246381e-10,-4.610082e-12,1.765182e+00,8.263089e-01,7.794778e-01
1.123000e-10,1.000000e-04,0.000000e+00,1.000000e-04,5.818042e-05,2.698030e-04,2.120810e-05,1.145367e-06,5.408971e-08,5.408971e-08,-5.010271e-09,-8.226044e-11,1.137996e-10,-8.659437e-13,1.787355e+00,8.281454e-01,7.794917e-01
1.123500e-10,1.000000e-04,0.000000e+00,1.000000e-04,6.109895e-05,2.820678e-04,2.178674e-05,1.262862e-06,5.449325e-08,5.449325e-08,-4.796960e-09,-1.001743e-10,1.022453e-10,2.874784e-12,1.811457e+00,8.299942e-01,7.795086e-01
1.124000e-10,1.000000e-04,0.000000e+00,1.000000e-04,6.389739e-05,2.944409e-04,2.251237e-05,1.380615e-06,5.464313e-08,5.464313e-08,-4.503069e-09,-1.192456e-10,9.013299e-11,6.575165e-12,1.837557e+00,8.318480e-01,7.795296e-01
1.124500e-10,1.000000e-04,0.000000e+00,1.000000e-04,6.654683e-05,3.063026e-04,2.339877e-05,1.497467e-06,5.462004e-08,5.462004e-08,-4.131637e-09,-1.396036e-10,7.762091e-11,1.019850e-11,1.865697e+00,8.337006e-01,7.795556e-01
1.125000e-10,1.000000e-04,0.000000e+00,1.000000e-04,6.900013e-05,3.167004e-04,2.445721e-05,1.612321e-06,5.451096e-08,5.451096e-08,-3.686914e-09,-1.613030e-10,6.486540e-11,1.370874e-11,1.895896e+00,8.355477e-01,7.795877e-01
1.125500e-10,1.000000e-04,0.000000e+00,1.000000e-04,7.118437e-05,3.244610e-04,2.569620e-05,1.724171e-06,5.440723e-08,5.440723e-08,-3.174270e-09,-1.843197e-10,5.201875e-11,1.707097e-11,1.928142e+00,8.373867e-01,7.796268e-01
1.126000e-10,1.000000e-04,0.000000e+00,1.000000e-04,7.299882e-05,3.283756e-04,2.712115e-05,1.832121e-06,5.440258e-08,5.440258e-08,-2.600083e-09,-2.085488e-10,3.922720e-11,2.025180e-11,1.962393e+00,8.392168e-01,7.796737e-01
1.126500e-10,1.000000e-04,0.000000e+00,1.000000e-04,7.432049e-05,3.274390e-04,2.873398e-05,1.935413e-06,5.459110e-08,5.459110e-08,-1.971617e-09,-2.338043e-10,2.662906e-11,2.321978e-11,1.998566e+00,8.410392e-01,7.797293e-01
1.127000e-10,1.000000e-04,0.000000e+00,1.000000e-04,7.501820e-05,3.211102e-04,3.053281e-05,2.033443e-06,5.506519e-08,5.506519e-08,-1.296870e-09,-2.598216e-10,1.435309e-11,2.594580e-11,2.036531e+00,8.428573e-01,7.797943e-01
1.127500e-10,1.000000e-04,0.000000e+00,1.000000e-04,7.497420e-05,3.095402e-04,3.251144e-05,2.125778e-06,5.591361e-08,5.591361e-08,-5.844158e-10,-2.862612e-10,2.517079e-12,2.840345e-11,2.076101e+00,8.446763e-01,7.798691e-01
1.128000e-10,1.000000e-04,0.000000e+00,1.000000e-04,7.411062e-05,2.937030e-04,3.465892e-05,2.212168e-06,5.721956e-08,5.721956e-08,1.567676e-10,-3.127148e-10,-8.773396e-12,3.056932e-11,2.117033e+00,8.465038e-01,7.799544e-01
1.128500e-10,1.000000e-04,0.000000e+00,1.000000e-04,7.241564e-05,2.753709e-04,3.695921e-05,2.292555e-06,5.905892e-08,5.905892e-08,9.174753e-10,-3.387133e-10,-1.942581e-11,3.242332e-11,2.159019e+00,8.483490e-01,7.800505e-01
1.129000e-10,1.000000e-04,0.000000e+00,1.000000e-04,6.996323e-05,2.569037e-04,3.939089e-05,2.367078e-06,6.149865e-08,6.149865e-08,1.688458e-09,-3.637357e-10,-2.936145e-11,3.394892e-11,2.201702e+00,8.502231e-01,7.801577e-01
1.129500e-10,1.000000e-04,0.000000e+00,1.000000e-04,6.692060e-05,2.408697e-04,4.192724e-05,2.436070e-06,6.459538e-08,6.459538e-08,2.460605e-09,-3.872205e-10,-3.851572e-11,3.513331e-11,2.244685e+00,8.521390e-01,7.802760e-01
1.130000e-10,1.000000e-04,0.000000e+00,1.000000e-04,6.353938e-05,2.295730e-04,4.453667e-05,2.500051e-06,6.839429e-08,6.839429e-08,3.225120e-09,-4.085772e-10,-4.683837e-11,3.596759e-11,2.287558e+00,8.541109e-01,7.804054e-01
1.130500e-10,1.000000e-04,0.000000e+00,1.000000e-04,6.013010e-05,2.245987e-04,4.718358e-05,2.559726e-06,7.292815e-08,7.292815e-08,3.973693e-09,-4.271994e-10,-5.429335e-11,3.644686e-11,2.329927e+00,8.561544e-01,7.805458e-01
1.131000e-10,1.000000e-04,0.000000e+00,1.000000e-04,5.702367e-05,2.264920e-04,4.982976e-05,2.615959e-06,7.821675e-08,7.821675e-08,4.698663e-09,-4.424780e-10,-6.085839e-11,3.657021e-11,2.371447e+00,8.582858e-01,7.806969e-01
1.131500e-10,1.000000e-04,0.000000e+00,1.000000e-04,5.452672e-05,2.346537e-04,5.243614e-05,2.669763e-06,8.426653e-08,8.426653e-08,5.393157e-09,-4.538153e-10,-6.652449e-11,3.634079e-11,2.411851e+00,8.605219e-01,7.808584e-01
1.132000e-10,1.000000e-04,0.000000e+00,1.000000e-04,5.287937e-05,2.474761e-04,5.496487e-05,2.722276e-06,9.107055e-08,9.107055e-08,6.051225e-09,-4.606380e-10,-7.129510e-11,3.576565e-11,2.450979e+00,8.628799e-01,7.810298e-01
1.132500e-10,1.000000e-04,0.000000e+00,1.000000e-04,5.222351e-05,2.626822e-04,5.738153e-05,2.774731e-06,9.860880e-08,9.860880e-08,6.667950e-09,-4.624117e-10,-7.518507e-11,3.485570e-11,2.488792e+00,8.653764e-01,7.812105e-01
1.133000e-10,1.000000e-04,0.000000e+00,1.000000e-04,5.258719e-05,2.777821e-04,5.965722e-05,2.828431e-06,1.068487e-07,1.068487e-07,7.239529e-09,-4.586526e-10,-7.821961e-11,3.362549e-11,2.525378e+00,8.680277e-01,7.814000e-01
1.133500e-10,1.000000e-04,0.000000e+00,1.000000e-04,5.388739e-05,2.905445e-04,6.177037e-05,2.884718e-06,1.157460e-07,1.157460e-07,7.763344e-09,-4.489399e-10,-8.043290e-11,3.209300e-11,2.560940e+00,8.708490e-01,7.815976e-01
1.134000e-10,1.000000e-04,0.000000e+00,1.000000e-04,5.594949e-05,2.993821e-04,6.370806e-05,2.944940e-06,1.252458e-07,1.252458e-07,8.237999e-09,-4.329268e-10,-8.186681e-11,3.027940e-11,2.595785e+00,8.738539e-01,7.818026e-01
1.134500e-10,1.000000e-04,0.000000e+00,1.000000e-04,5.853892e-05,3.035849e-04,6.546674e-05,3.010419e-06,1.352840e-07,1.352840e-07,8.663336e-09,-4.103489e-10,-8.256937e-11,2.820870e-11,2.630289e+00,8.770545e-01,7.820143e-01
1.135000e-10,1.000000e-04,0.000000e+00,1.000000e-04,6.139854e-05,3.033693e-04,6.705228e-05,3.082423e-06,1.457888e-07,1.457888e-07,9.040425e-09,-3.810330e-10,-8.259338e-11,2.590744e-11,2.664871e+00,8.804607e-01,7.822320e-01
1.135500e-10,1.000000e-04,0.000000e+00,1.000000e-04,6.428497e-05,2.997575e-04,6.847943e-05,3.162128e-06,1.566823e-07,1.566823e-07,9.371527e-09,-3.449018e-10,-8.199481e-11,2.340434e-11,2.699959e+00,8.840804e-01,7.824551e-01
1.136000e-10,1.000000e-04,0.000000e+00,1.000000e-04,6.699819e-05,2.943334e-04,6.977076e-05,3.250596e-06,1.678828e-07,1.678828e-07,9.660034e-09,-3.019789e-10,-8.083143e-11,2.072985e-11,2.735966e+00,8.879189e-01,7.826829e-01
1.136500e-10,1.000000e-04,0.000000e+00,1.000000e-04,6.940073e-05,2.889387e-04,7.095519e-05,3.348751e-06,1.793060e-07,1.793060e-07,9.910394e-09,-2.523899e-10,-7.916136e-11,1.791579e-11,2.773268e+00,8.919791e-01,7.829150e-01
1.137000e-10,1.000000e-04,0.000000e+00,1.000000e-04,7.142523e-05,2.853790e-04,7.206642e-05,3.457350e-06,1.908676e-07,1.908676e-07,1.012800e-08,-1.963626e-10,-7.704175e-11,1.499488e-11,2.812190e+00,8.962614e-01,7.831509e-01
1.137500e-10,1.000000e-04,0.000000e+00,1.000000e-04,7.307128e-05,2.851882e-04,7.314124e-05,3.576975e-06,2.024852e-07,2.024852e-07,1.031907e-08,-1.342243e-10,-7.452757e-11,1.200036e-11,2.853004e+00,9.007638e-01,7.833902e-01
1.138000e-10,1.000000e-04,0.000000e+00,1.000000e-04,7.439398e-05,2.894775e-04,7.421801e-05,3.708015e-06,2.140800e-07,2.140800e-07,1.049051e-08,-6.639800e-11,-7.167054e-11,8.965523e-12,2.895932e+00,9.054822e-01,7.836327e-01
1.138500e-10,1.000000e-04,0.000000e+00,1.000000e-04,7.548727e-05,2.988670e-04,7.533544e-05,3.850665e-06,2.255787e-07,2.255787e-07,1.064979e-08,6.604555e-12,-6.851815e-11,5.923302e-12,2.941152e+00,9.104106e-01,7.838783e-01
1.139000e-10,1.000000e-04,0.000000e+00,1.000000e-04,7.646505e-05,3.134858e-04,7.653165e-05,4.004917e-06,2.369157e-07,2.369157e-07,1.080474e-08,8.419086e-11,-6.511296e-11,2.905876e-12,2.988814e+00,9.155412e-01,7.841270e-01
1.139500e-10,1.000000e-04,0.000000e+00,1.000000e-04,7.744251e-05,3.330246e-04,7.784350e-05,4.170574e-06,2.480339e-07,2.480339e-07,1.096341e-08,1.656977e-10,-6.149193e-11,-5.572463e-14,3.039054e+00,9.208650e-01,7.843789e-01
1.140000e-10,1.000000e-04,0.000000e+00,1.000000e-04,7.852007e-05,3.568284e-04,7.930638e-05,4.347252e-06,2.588867e-07,2.588867e-07,1.113391e-08,2.504025e-10,-5.768606e-11,-2.931985e-12,3.092002e+00,9.263721e-01,7.846344e-01
1.140500e-10,1.000000e-04,0.000000e+00,1.000000e-04,7.977147e-05,3.840206e-04,8.095417e-05,4.534404e-06,2.694389e-07,2.694389e-07,1.132423e-08,3.375363e-10,-5.372013e-11,-5.695232e-12,3.147799e+00,9.320523e-01,7.848938e-01
1.141000e-10,1.000000e-04,0.000000e+00,1.000000e-04,8.123716e-05,4.136433e-04,8.281938e-05,4.731333e-06,2.796673e-07,2.796673e-07,1.154208e-08,4.262974e-10,-4.961267e-11,-8.319931e-12,3.206597e+00,9.378954e-01,7.851577e-01
1.141500e-10,1.000000e-04,0.000000e+00,1.000000e-04,8.292327e-05,4.447898e-04,8.493346e-05,4.937225e-06,2.895617e-07,2.895617e-07,1.179475e-08,5.158661e-10,-4.537611e-11,-1.078294e-11,3.268568e+00,9.438916e-01,7.854268e-01
1.142000e-10,1.000000e-04,0.000000e+00,1.000000e-04,8.480541e-05,4.767042e-04,8.732709e-05,5.151172e-06,2.991252e-07,2.991252e-07,1.208894e-08,6.054194e-10,-4.101701e-11,-1.306375e-11,3.333895e+00,9.500321e-01,7.857018e-01
1.142500e-10,1.000000e-04,0.000000e+00,1.000000e-04,8.683576e-05,5.088245e-04,9.003042e-05,5.372210e-06,3.083737e-07,3.083737e-07,1.243066e-08,6.941464e-10,-3.653662e-11,-1.514460e-11,3.402772e+00,9.563095e-01,7.859836e-01
1.143000e-10,1.000000e-04,0.000000e+00,1.000000e-04,8.895117e-05,5.407603e-04,9.307326e-05,5.599355e-06,3.173362e-07,3.173362e-07,1.282510e-08,7.812636e-10,-3.193140e-11,-1.701069e-11,3.475393e+00,9.627182e-01,7.862732e-01
1.143500e-10,1.000000e-04,0.000000e+00,1.000000e-04,9.108016e-05,5.722131e-04,9.648504e-05,5.831635e-06,3.260538e-07,3.260538e-07,1.327656e-08,8.660287e-10,-2.719376e-11,-1.865018e-11,3.551939e+00,9.692550e-01,7.865717e-01
1.144000e-10,1.000000e-04,0.000000e+00,1.000000e-04,9.314750e-05,6.028709e-04,1.002947e-04,6.068135e-06,3.345792e-07,3.345792e-07,1.378832e-08,9.477553e-10,-2.231287e-11,-2.005428e-11,3.632569e+00,9.759191e-01,7.868800e-01
1.144500e-10,1.000000e-04,0.000000e+00,1.000000e-04,9.507610e-05,6.323222e-04,1.045304e-04,6.308033e-06,3.429754e-07,3.429754e-07,1.436268e-08,1.025825e-09,-1.727555e-11,-2.121721e-11,3.717403e+00,9.827126e-01,7.871994e-01
1.145000e-10,1.000000e-04,0.000000e+00,1.000000e-04,9.678801e-05,6.600487e-04,1.092192e-04,6.550638e-06,3.513145e-07,3.513145e-07,1.500085e-08,1.099700e-09,-1.206726e-11,-2.213616e-11,3.806511e+00,9.896411e-01,7.875309e-01
1.145500e-10,1.000000e-04,0.000000e+00,1.000000e-04,9.820781e-05,6.855431e-04,1.143861e-04,6.795427e-06,3.596762e-07,3.596762e-07,1.570300e-08,1.168931e-09,-6.672963e-12,-2.281118e-11,3.899892e+00,9.967134e-01,7.878757e-01
1.146000e-10,1.000000e-04,0.000000e+00,1.000000e-04,9.927204e-05,7.085593e-04,1.200537e-04,7.042078e-06,3.681462e-07,3.681462e-07,1.646825e-08,1.233168e-09,-1.078197e-12,-2.324506e-11,3.997464e+00,1.003942e+00,7.882348e-01
1.146500e-10,1.000000e-04,0.000000e+00,1.000000e-04,9.994761e-05,7.294394e-04,1.262411e-04,7.290504e-06,3.768147e-07,3.768147e-07,1.729473e-08,1.292166e-09,4.730058e-12,-2.344315e-11,4.099048e+00,1.011343e+00,7.886094e-01
1.147000e-10,1.000000e-04,0.000000e+00,1.000000e-04,1.002578e-04,7.493834e-04,1.329634e-04,7.540878e-06,3.857740e-07,3.857740e-07,1.817962e-08,1.345787e-09,1.076242e-11,-2.341316e-11,4.204359e+00,1.018938e+00,7.890004e-01
1.147500e-10,1.000000e-04,0.000000e+00,1.000000e-04,1.003105e-04,7.704930e-04,1.402303e-04,7.793657e-06,3.951177e-07,3.951177e-07,1.911929e-08,1.394008e-09,1.702637e-11,-2.316494e-11,4.313007e+00,1.026749e+00,7.894088e-01
1.148000e-10,1.000000e-04,0.000000e+00,1.000000e-04,1.002246e-04,7.912406e-04,1.480463e-04,8.049598e-06,4.049382e-07,4.049382e-07,2.010932e-08,1.436913e-09,2.352544e-11,-2.271021e-11,4.424497e+00,1.034807e+00,7.898354e-01
1.148500e-10,1.000000e-04,0.000000e+00,1.000000e-04,1.001747e-04,8.133181e-04,1.564098e-04,8.309775e-06,4.153253e-07,4.153253e-07,2.114470e-08,1.474700e-09,3.025866e-11,-2.206232e-11,4.538243e+00,1.043142e+00,7.902810e-01
1.149000e-10,1.000000e-04,0.000000e+00,1.000000e-04,1.005204e-04,8.438798e-04,1.653135e-04,8.575586e-06,4.263649e-07,4.263649e-07,2.221989e-08,1.507670e-09,3.722003e-11,-2.123593e-11,4.653594e+00,1.051792e+00,7.907464e-01
1.149500e-10,1.000000e-04,0.000000e+00,1.000000e-04,1.017335e-04,8.852843e-04,1.747450e-04,8.848750e-06,4.381375e-07,4.381375e-07,2.332902e-08,1.536226e-09,4.439822e-11,-2.024677e-11,4.769874e+00,1.060797e+00,7.912321e-01
1.150000e-10,1.000000e-04,0.000000e+00,1.000000e-04,1.042387e-04,9.342777e-04,1.846883e-04,9.131311e-06,4.507171e-07,4.507171e-07,2.446600e-08,1.560861e-09,5.177633e-11,-1.911131e-11,4.886434e+00,1.070198e+00,7.917386e-01
1.150500e-10,1.000000e-04,0.000000e+00,1.000000e-04,1.082194e-04,9.815166e-04,1.951262e-04,9.425625e-06,4.641705e-07,4.641705e-07,2.562469e-08,1.582152e-09,5.933188e-11,-1.784652e-11,5.002685e+00,1.080045e+00,7.922665e-01
1.151000e-10,1.000000e-04,0.000000e+00,1.000000e-04,1.135232e-04,1.016360e-03,2.060420e-04,9.734349e-06,4.785566e-07,4.785566e-07,2.679905e-08,1.600747e-09,6.703691e-11,-1.646955e-11,5.118118e+00,1.090386e+00,7.928161e-01
1.151500e-10,1.000000e-04,0.000000e+00,1.000000e-04,1.197087e-04,1.031428e-03,2.174215e-04,1.006042e-05,4.939261e-07,4.939261e-07,2.798328e-08,1.617353e-09,7.485825e-11,-1.499747e-11,5.232292e+00,1.101274e+00,7.933878e-01
1.152000e-10,1.000000e-04,0.000000e+00,1.000000e-04,1.259931e-04,1.015754e-03,2.292549e-04,1.040704e-05,5.103217e-07,5.103217e-07,2.917198e-08,1.632723e-09,8.275797e-11,-1.344707e-11,5.344787e+00,1.112764e+00,7.939819e-01
1.152500e-10,1.000000e-04,0.000000e+00,1.000000e-04,1.317457e-04,9.808432e-04,2.415363e-04,1.077764e-05,5.277784e-07,5.277784e-07,3.036027e-08,1.647643e-09,9.069393e-11,-1.183458e-11,5.455156e+00,1.124914e+00,7.945987e-01
1.153000e-10,1.000000e-04,0.000000e+00,1.000000e-04,1.363217e-04,9.228580e-04,2.542633e-04,1.117586e-05,5.463241e-07,5.463241e-07,3.154392e-08,1.662914e-09,9.862045e-11,-1.017551e-11,5.562877e+00,1.137783e+00,7.952385e-01
1.153500e-10,1.000000e-04,0.000000e+00,1.000000e-04,1.393585e-04,8.535713e-04,2.674355e-04,1.160552e-05,5.659807e-07,5.659807e-07,3.271949e-08,1.679343e-09,1.064892e-10,-8.484420e-12,5.667321e+00,1.151431e+00,7.959017e-01
1.154000e-10,1.000000e-04,0.000000e+00,1.000000e-04,1.407262e-04,7.780513e-04,2.810528e-04,1.207058e-05,5.867655e-07,5.867655e-07,3.388437e-08,1.697723e-09,1.142499e-10,-6.774844e-12,5.767751e+00,1.165921e+00,7.965888e-01
1.154500e-10,1.000000e-04,0.000000e+00,1.000000e-04,1.405423e-04,7.030686e-04,2.951137e-04,1.257512e-05,6.086926e-07,6.086926e-07,3.503689e-08,1.718822e-09,1.218517e-10,-5.059108e-12,5.863346e+00,1.181316e+00,7.973002e-01
1.155000e-10,1.000000e-04,0.000000e+00,1.000000e-04,1.391293e-04,6.337196e-04,3.096141e-04,1.312328e-05,6.317747e-07,6.317747e-07,3.617639e-08,1.743370e-09,1.292439e-10,-3.348274e-12,5.953250e+00,1.197681e+00,7.980367e-01
1.155500e-10,1.000000e-04,0.000000e+00,1.000000e-04,1.369701e-04,5.743539e-04,3.245465e-04,1.371927e-05,6.560255e-07,6.560255e-07,3.730325e-08,1.772043e-09,1.363769e-10,-1.652081e-12,6.036639e+00,1.215081e+00,7.987990e-01
1.156000e-10,1.000000e-04,0.000000e+00,1.000000e-04,1.346701e-04,5.289662e-04,3.399010e-04,1.436734e-05,6.814615e-07,6.814615e-07,3.841888e-08,1.805456e-09,1.432038e-10,2.109527e-14,6.112797e+00,1.233583e+00,7.995882e-01
1.156500e-10,1.000000e-04,0.000000e+00,1.000000e-04,1.329110e-04,5.007765e-04,3.556657e-04,1.507170e-05,7.081046e-07,7.081046e-07,3.952578e-08,1.844152e-09,1.496810e-10,1.664229e-12,6.181207e+00,1.253255e+00,8.004056e-01
1.157000e-10,1.000000e-04,0.000000e+00,1.000000e-04,1.323545e-04,4.900336e-04,3.718291e-04,1.583657e-05,7.359845e-07,7.359845e-07,4.062747e-08,1.888594e-09,1.557693e-10,3.271621e-12,6.241619e+00,1.274167e+00,8.012526e-01
1.157500e-10,1.000000e-04,0.000000e+00,1.000000e-04,1.335229e-04,4.934964e-04,3.883817e-04,1.666612e-05,7.651410e-07,7.651410e-07,4.172850e-08,1.939156e-09,1.614352e-10,4.838849e-12,6.294114e+00,1.296387e+00,8.021311e-01
1.158000e-10,1.000000e-04,0.000000e+00,1.000000e-04,1.366897e-04,5.050365e-04,4.053186e-04,1.756450e-05,7.956270e-07,7.956270e-07,4.283437e-08,1.996122e-09,1.666514e-10,6.362679e-12,6.339133e+00,1.319989e+00,8.030430e-01
1.158500e-10,1.000000e-04,0.000000e+00,1.000000e-04,1.418125e-04,5.169618e-04,4.226404e-04,1.853578e-05,8.275100e-07,8.275100e-07,4.395147e-08,2.059684e-09,1.713976e-10,7.840983e-12,6.377470e+00,1.345047e+00,8.039909e-01
1.159000e-10,1.000000e-04,0.000000e+00,1.000000e-04,1.485226e-04,5.216576e-04,4.403534e-04,1.958401e-05,8.608754e-07,8.608754e-07,4.508703e-08,2.129937e-09,1.756616e-10,9.272625e-12,6.410227e+00,1.371637e+00,8.049775e-01
1.159500e-10,1.000000e-04,0.000000e+00,1.000000e-04,1.561765e-04,5.131542e-04,4.584675e-04,2.071323e-05,8.958277e-07,8.958277e-07,4.624899e-08,2.206887e-09,1.794392e-10,1.065733e-11,6.438726e+00,1.399838e+00,8.060060e-01
1.160000e-10,1.000000e-04,0.000000e+00,1.000000e-04,1.639566e-04,4.883068e-04,4.769925e-04,2.192744e-05,9.324934e-07,9.324934e-07,4.744597e-08,2.290448e-09,1.827350e-10,1.199556e-11,6.464408e+00,1.429734e+00,8.070798e-01
1.160500e-10,1.000000e-04,0.000000e+00,1.000000e-04,1.710047e-04,4.473888e-04,4.959319e-04,2.323068e-05,9.710219e-07,9.710219e-07,4.868712e-08,2.380452e-09,1.855625e-10,1.328836e-11,6.488703e+00,1.461412e+00,8.082028e-01
1.161000e-10,1.000000e-04,0.000000e+00,1.000000e-04,1.765607e-04,3.940332e-04,5.152742e-04,2.462704e-05,1.011587e-06,1.011587e-06,4.998209e-08,2.476655e-09,1.879439e-10,1.453723e-11,6.512922e+00,1.494964e+00,8.093795e-01
1.161500e-10,1.000000e-04,0.000000e+00,1.000000e-04,1.800855e-04,3.345795e-04,5.349840e-04,2.612071e-05,1.054390e-06,1.054390e-06,5.134086e-08,2.578745e-09,1.899105e-10,1.574399e-11,6.538165e+00,1.530489e+00,8.106145e-01
1.162000e-10,1.000000e-04,0.000000e+00,1.000000e-04,1.813409e-04,2.768045e-04,5.549908e-04,2.771605e-05,1.099656e-06,1.099656e-06,5.277374e-08,2.686353e-09,1.915019e-10,1.691062e-11,6.565255e+00,1.568091e+00,8.119130e-01
1.162500e-10,1.000000e-04,0.000000e+00,1.000000e-04,1.804113e-04,2.282182e-04,5.751797e-04,2.941758e-05,1.147640e-06,1.147640e-06,5.429124e-08,2.799065e-09,1.927658e-10,1.803917e-11,6.594725e+00,1.607885e+00,8.132806e-01
1.163000e-10,1.000000e-04,0.000000e+00,1.000000e-04,1.777188e-04,1.970578e-04,5.953828e-04,3.123011e-05,1.198624e-06,1.198624e-06,5.590402e-08,2.916432e-09,1.937574e-10,1.913163e-11,6.626836e+00,1.649991e+00,8.147232e-01
1.163500e-10,1.000000e-04,0.000000e+00,1.000000e-04,1.739269e-04,1.876449e-04,6.153738e-04,3.315876e-05,1.252918e-06,1.252918e-06,5.762286e-08,3.037987e-09,1.945383e-10,2.018980e-11,6.661639e+00,1.694543e+00,8.162472e-01
1.164000e-10,1.000000e-04,0.000000e+00,1.000000e-04,1.698272e-04,2.014215e-04,6.348671e-04,3.520905e-05,1.310858e-06,1.310858e-06,5.945859e-08,3.163256e-09,1.951762e-10,2.121527e-11,6.699055e+00,1.741682e+00,8.178594e-01
1.164500e-10,1.000000e-04,0.000000e+00,1.000000e-04,1.662293e-04,2.374318e-04,6.535215e-04,3.738693e-05,1.372808e-06,1.372808e-06,6.142212e-08,3.291773e-09,1.957434e-10,2.220929e-11,6.738971e+00,1.791565e+00,8.195671e-01
1.165000e-10,1.000000e-04,0.000000e+00,1.000000e-04,1.638138e-04,2.904765e-04,6.709506e-04,3.969888e-05,1.439159e-06,1.439159e-06,6.352439e-08,3.423095e-09,1.963161e-10,2.317276e-11,6.781317e+00,1.844357e+00,8.213779e-01
1.165500e-10,1.000000e-04,0.000000e+00,1.000000e-04,1.630712e-04,3.553087e-04,6.867390e-04,4.215196e-05,1.510327e-06,1.510327e-06,6.577645e-08,3.556814e-09,1.969728e-10,2.410617e-11,6.826142e+00,1.900239e+00,8.232997e-01
1.166000e-10,1.000000e-04,0.000000e+00,1.000000e-04,1.642349e-04,4.248370e-04,7.004656e-04,4.475389e-05,1.586751e-06,1.586751e-06,6.818946e-08,3.692571e-09,1.977934e-10,2.500965e-11,6.873649e+00,1.959402e+00,8.253411e-01
1.166500e-10,1.000000e-04,0.000000e+00,1.000000e-04,1.672590e-04,4.919440e-04,7.117302e-04,4.751314e-05,1.668896e-06,1.668896e-06,7.077476e-08,3.830071e-09,1.988581e-10,2.588290e-11,6.924199e+00,2.022053e+00,8.275109e-01
1.167000e-10,1.000000e-04,0.000000e+00,1.000000e-04,1.718711e-04,5.518911e-04,7.201852e-04,5.043896e-05,1.757246e-06,1.757246e-06,7.354398e-08,3.969090e-09,2.002456e-10,2.672528e-11,6.978289e+00,2.088411e+00,8.298183e-01
1.167500e-10,1.000000e-04,0.000000e+00,1.000000e-04,1.776179e-04,6.007131e-04,7.255661e-04,5.354150e-05,1.852311e-06,1.852311e-06,7.650910e-08,4.109490e-09,2.020326e-10,2.753583e-11,7.036503e+00,2.158707e+00,8.322730e-01
1.168000e-10,1.000000e-04,0.000000e+00,1.000000e-04,1.839563e-04,6.372648e-04,7.277201e-04,5.683188e-05,1.954617e-06,1.954617e-06,7.968260e-08,4.251228e-09,2.042921e-10,2.831334e-11,7.099444e+00,2.233186e+00,8.348852e-01
1.168500e-10,1.000000e-04,0.000000e+00,1.000000e-04,1.903453e-04,6.625558e-04,7.266287e-04,6.032230e-05,2.064715e-06,2.064715e-06,8.307759e-08,4.394361e-09,2.070926e-10,2.905644e-11,7.167669e+00,2.312105e+00,8.376654e-01
1.169000e-10,1.000000e-04,0.000000e+00,1.000000e-04,1.963274e-04,6.793955e-04,7.224210e-04,6.402610e-05,2.183170e-06,2.183170e-06,8.670792e-08,4.539057e-09,2.104970e-10,2.976365e-11,7.241626e+00,2.395731e+00,8.406249e-01
1.169500e-10,1.000000e-04,0.000000e+00,1.000000e-04,2.015832e-04,6.914918e-04,7.153769e-04,6.795790e-05,2.310573e-06,2.310573e-06,9.058842e-08,4.685599e-09,2.145617e-10,3.043353e-11,7.321612e+00,2.484344e+00,8.437752e-01
1.170000e-10,1.000000e-04,0.000000e+00,1.000000e-04,2.059538e-04,7.025982e-04,7.059180e-04,7.213363e-05,2.447530e-06,2.447530e-06,9.473499e-08,4.834388e-09,2.193362e-10,3.106472e-11,7.407748e+00,2.578236e+00,8.471285e-01
1.170500e-10,1.000000e-04,0.000000e+00,1.000000e-04,2.094319e-04,7.157837e-04,6.945886e-04,7.657066e-05,2.594672e-06,2.594672e-06,9.916480e-08,4.985944e-09,2.248619e-10,3.165613e-11,7.499982e+00,2.677704e+00,8.506977e-01
1.171000e-10,1.000000e-04,0.000000e+00,1.000000e-04,2.121264e-04,7.328725e-04,6.820268e-04,8.128781e-05,2.752650e-06,2.752650e-06,1.038965e-07,5.140914e-09,2.311723e-10,3.220695e-11,7.598109e+00,2.783054e+00,8.544963e-01
1.171500e-10,1.000000e-04,0.000000e+00,1.000000e-04,2.142209e-04,7.546763e-04,6.689296e-04,8.630537e-05,2.922139e-06,2.922139e-06,1.089503e-07,5.300062e-09,2.382923e-10,3.271685e-11,7.701807e+00,2.894597e+00,8.585386e-01
1.172000e-10,1.000000e-04,0.000000e+00,1.000000e-04,2.159273e-04,7.808824e-04,6.560140e-04,9.164500e-05,3.103845e-06,3.103845e-06,1.143483e-07,5.464278e-09,2.462384e-10,3.318599e-11,7.810682e+00,3.012638e+00,8.628397e-01
1.172500e-10,1.000000e-04,0.000000e+00,1.000000e-04,2.174365e-04,8.100250e-04,6.439771e-04,9.732961e-05,3.298498e-06,3.298498e-06,1.201146e-07,5.634569e-09,2.550189e-10,3.361520e-11,7.924316e+00,3.137473e+00,8.674156e-01
1.173000e-10,1.000000e-04,0.000000e+00,1.000000e-04,2.188954e-04,8.406338e-04,6.334565e-04,1.033830e-04,3.506868e-06,3.506868e-06,1.262754e-07,5.812057e-09,2.646339e-10,3.400600e-11,8.042305e+00,3.269375e+00,8.722834e-01
1.173500e-10,1.000000e-04,0.000000e+00,1.000000e-04,2.203940e-04,8.712391e-04,6.249942e-04,1.098296e-04,3.729758e-06,3.729758e-06,1.328592e-07,5.997977e-09,2.750759e-10,3.436067e-11,8.164297e+00,3.408578e+00,8.774611e-01
1.174000e-10,1.000000e-04,0.000000e+00,1.000000e-04,2.219632e-04,9.005797e-04,6.190024e-04,1.166936e-04,3.968017e-06,3.968017e-06,1.398971e-07,6.193673e-09,2.863307e-10,3.468234e-11,8.290016e+00,3.555253e+00,8.829682e-01
1.174500e-10,1.000000e-04,0.000000e+00,1.000000e-04,2.235783e-04,9.276697e-04,6.157349e-04,1.239982e-04,4.222541e-06,4.222541e-06,1.474226e-07,6.400593e-09,2.983777e-10,3.497499e-11,8.419274e+00,3.709482e+00,8.888254e-01
1.175000e-10,1.000000e-04,0.000000e+00,1.000000e-04,2.251684e-04,9.518371e-04,6.152636e-04,1.317647e-04,4.494278e-06,4.494278e-06,1.554721e-07,6.620284e-09,3.111917e-10,3.524350e-11,8.551974e+00,3.871225e+00,8.950548e-01
1.175500e-10,1.000000e-04,0.000000e+00,1.000000e-04,2.266309e-04,9.728635e-04,6.174624e-04,1.400112e-04,4.784235e-06,4.784235e-06,1.640850e-07,6.854389e-09,3.247432e-10,3.549360e-11,8.688105e+00,4.040279e+00,9.016803e-01
1.176000e-10,1.000000e-04,0.000000e+00,1.000000e-04,2.278444e-04,9.907433e-04,6.220011e-04,1.487515e-04,5.093483e-06,5.093483e-06,1.733033e-07,7.104643e-09,3.389999e-10,3.573192e-11,8.827734e+00,4.216237e+00,9.087273e-01
1.176500e-10,1.000000e-04,0.000000e+00,1.000000e-04,2.286791e-04,1.005590e-03,6.283529e-04,1.579937e-04,5.423161e-06,5.423161e-06,1.831726e-07,7.372868e-09,3.539284e-10,3.596588e-11,8.970981e+00,4.398451e+00,9.162230e-01
1.177000e-10,1.000000e-04,0.000000e+00,1.000000e-04,2.290094e-04,1.017727e-03,6.358177e-04,1.677392e-04,5.774480e-06,5.774480e-06,1.937412e-07,7.660976e-09,3.694951e-10,3.620371e-11,9.117999e+00,4.585993e+00,9.241966e-01
1.177500e-10,1.000000e-04,0.000000e+00,1.000000e-04,2.286354e-04,1.023492e-03,6.435641e-04,1.779824e-04,6.148725e-06,6.148725e-06,2.050609e-07,7.970962e-09,3.856680e-10,3.645429e-11,9.268945e+00,4.777638e+00,9.326792e-01
1.178000e-10,1.000000e-04,0.000000e+00,1.000000e-04,2.273585e-04,1.023502e-03,6.506890e-04,1.887103e-04,6.547260e-06,6.547260e-06,2.171870e-07,8.304906e-09,4.024179e-10,3.672714e-11,9.423943e+00,4.971854e+00,9.417040e-01
1.178500e-10,1.000000e-04,0.000000e+00,1.000000e-04,2.252075e-04,1.027219e-03,6.562905e-04,1.999028e-04,6.971529e-06,6.971529e-06,2.301779e-07,8.664975e-09,4.197205e-10,3.703226e-11,9.583050e+00,5.166833e+00,9.513059e-01
1.179000e-10,1.000000e-04,0.000000e+00,1.000000e-04,2.224848e-04,1.042815e-03,6.595465e-04,2.115346e-04,7.423050e-06,7.423050e-06,2.440959e-07,9.053425e-09,4.375572e-10,3.738003e-11,9.746247e+00,5.360531e+00,9.615223e-01
1.179500e-10,1.000000e-04,0.000000e+00,1.000000e-04,2.194102e-04,1.061739e-03,6.597876e-04,2.235761e-04,7.903422e-06,7.903422e-06,2.590066e-07,9.472604e-09,4.559170e-10,3.778112e-11,9.913423e+00,5.550744e+00,9.723919e-01
1.180000e-10,1.000000e-04,0.000000e+00,1.000000e-04,2.165509e-04,1.100325e-03,6.565542e-04,2.359965e-04,8.414314e-06,8.414314e-06,2.749794e-07,9.924958e-09,4.747978e-10,3.824631e-11,1.008438e+01,5.735207e+00,9.839558e-01
1.180500e-10,1.000000e-04,0.000000e+00,1.000000e-04,2.144453e-04,1.151790e-03,6.496272e-04,2.487650e-04,8.957464e-06,8.957464e-06,2.920875e-07,1.041304e-08,4.942081e-10,3.878636e-11,1.025887e+01,5.911695e+00,9.962563e-01
1.181000e-10,1.000000e-04,0.000000e+00,1.000000e-04,2.135521e-04,1.212888e-03,6.390314e-04,2.618543e-04,9.534676e-06,9.534676e-06,3.104079e-07,1.093951e-08,5.141677e-10,3.941191e-11,1.043656e+01,6.078132e+00,1.009338e+00
1.181500e-10,1.000000e-04,0.000000e+00,1.000000e-04,2.141851e-04,1.278287e-03,6.250115e-04,2.752424e-04,1.014781e-05,1.014781e-05,3.300215e-07,1.150715e-08,5.347091e-10,4.013329e-11,1.061707e+01,6.232688e+00,1.023245e+00
1.182000e-10,1.000000e-04,0.000000e+00,1.000000e-04,2.164080e-04,1.338824e-03,6.079898e-04,2.889147e-04,1.079877e-05,1.079877e-05,3.510134e-07,1.211890e-08,5.558790e-10,4.096046e-11,1.079998e+01,6.373849e+00,1.038025e+00
1.182500e-10,1.000000e-04,0.000000e+00,1.000000e-04,2.199932e-04,1.384829e-03,5.885139e-04,3.028660e-04,1.148952e-05,1.148952e-05,3.734727e-07,1.277781e-08,5.777384e-10,4.190283e-11,1.098475e+01,6.500471e+00,1.053726e+00
1.183000e-10,1.000000e-04,0.000000e+00,1.000000e-04,2.245262e-04,1.411516e-03,5.672044e-04,3.171021e-04,1.222204e-05,1.222204e-05,3.974929e-07,1.348711e-08,6.003644e-10,4.296918e-11,1.117071e+01,6.611805e+00,1.070395e+00
1.183500e-10,1.000000e-04,0.000000e+00,1.000000e-04,2.294796e-04,1.415514e-03,5.447092e-04,3.316406e-04,1.299837e-05,1.299837e-05,4.231719e-07,1.425020e-08,6.238500e-10,4.416755e-11,1.135705e+01,6.707493e+00,1.088084e+00
1.184000e-10,1.000000e-04,0.000000e+00,1.000000e-04,2.343253e-04,1.397082e-03,5.216682e-04,3.465115e-04,1.382055e-05,1.382055e-05,4.506121e-07,1.507069e-08,6.483052e-10,4.550521e-11,1.154271e+01,6.787554e+00,1.106841e+00
1.184500e-10,1.000000e-04,0.000000e+00,1.000000e-04,2.386261e-04,1.358800e-03,4.986889e-04,3.617566e-04,1.469070e-05,1.469070e-05,4.799206e-07,1.595237e-08,6.738573e-10,4.698852e-11,1.172647e+01,6.852346e+00,1.126719e+00
1.185000e-10,1.000000e-04,0.000000e+00,1.000000e-04,2.420832e-04,1.304180e-03,4.763318e-04,3.774288e-04,1.561093e-05,1.561093e-05,5.112092e-07,1.689926e-08,7.006511e-10,4.862299e-11,1.190686e+01,6.902530e+00,1.147770e+00
1.185500e-10,1.000000e-04,0.000000e+00,1.000000e-04,2.444862e-04,1.234057e-03,4.551028e-04,3.935893e-04,1.658344e-05,1.658344e-05,5.445949e-07,1.791565e-08,7.288491e-10,5.041320e-11,1.208232e+01,6.939019e+00,1.170048e+00
1.186000e-10,1.000000e-04,0.000000e+00,1.000000e-04,2.457805e-04,1.153585e-03,4.354510e-04,4.103046e-04,1.761046e-05,1.761046e-05,5.801996e-07,1.900604e-08,7.586319e-10,5.236283e-11,1.225118e+01,6.962939e+00,1.193610e+00
1.186500e-10,1.000000e-04,0.000000e+00,1.000000e-04,2.461447e-04,1.071039e-03,4.177684e-04,4.276421e-04,1.869433e-05,1.869433e-05,6.181503e-07,2.017527e-08,7.901979e-10,5.447472e-11,1.241178e+01,6.975582e+00,1.218513e+00
1.187000e-10,1.000000e-04,0.000000e+00,1.000000e-04,2.459726e-04,9.935402e-04,4.023908e-04,4.456638e-04,1.983746e-05,1.983746e-05,6.585799e-07,2.142842e-08,8.237630e-10,5.675090e-11,1.256258e+01,6.978368e+00,1.244820e+00
1.187500e-10,1.000000e-04,0.000000e+00,1.000000e-04,2.457341e-04,9.230134e-04,3.895992e-04,4.644200e-04,2.104244e-05,2.104244e-05,7.016262e-07,2.277093e-08,8.595612e-10,5.919270e-11,1.270228e+01,6.972803e+00,1.272597e+00
1.188000e-10,1.000000e-04,0.000000e+00,1.000000e-04,2.458343e-04,8.577446e-04,3.796205e-04,4.839405e-04,2.231199e-05,2.231199e-05,7.474332e-07,2.420855e-08,8.978436e-10,6.180087e-11,1.282987e+01,6.960454e+00,1.301912e+00
1.188500e-10,1.000000e-04,0.000000e+00,1.000000e-04,2.466374e-04,7.996340e-04,3.726285e-04,5.042251e-04,2.364908e-05,2.364908e-05,7.961506e-07,2.574738e-08,9.388787e-10,6.457569e-11,1.294471e+01,6.942911e+00,1.332844e+00
1.189000e-10,1.000000e-04,0.000000e+00,1.000000e-04,2.484448e-04,7.494717e-04,3.687447e-04,5.252329e-04,2.505689e-05,2.505689e-05,8.479342e-07,2.739391e-08,9.829522e-10,6.751717e-11,1.304657e+01,6.921760e+00,1.365473e+00
1.189500e-10,1.000000e-04,0.000000e+00,1.000000e-04,2.514092e-04,7.044806e-04,3.680385e-04,5.468714e-04,2.653891e-05,2.653891e-05,9.029462e-07,2.915499e-08,1.030366e-09,7.062519e-11,1.313565e+01,6.898559e+00,1.399892e+00
1.190000e-10,1.000000e-04,0.000000e+00,1.000000e-04,2.554663e-04,6.598496e-04,3.705288e-04,5.689849e-04,2.809898e-05,2.809898e-05,9.613550e-07,3.103790e-08,1.081441e-09,7.389972e-11,1.321252e+01,6.874813e+00,1.436197e+00
1.190500e-10,1.000000e-04,0.000000e+00,1.000000e-04,2.603481e-04,6.118685e-04,3.761852e-04,5.913446e-04,2.974129e-05,2.974129e-05,1.023336e-06,3.305031e-08,1.136510e-09,7.734105e-11,1.327807e+01,6.851952e+00,1.474498e+00
1.191000e-10,1.000000e-04,0.000000e+00,1.000000e-04,2.656206e-04,5.576142e-04,3.849300e-04,6.136409e-04,3.147045e-05,3.147045e-05,1.089073e-06,3.520033e-08,1.195928e-09,8.095000e-11,1.333348e+01,6.831309e+00,1.514913e+00
1.191500e-10,1.000000e-04,0.000000e+00,1.000000e-04,2.707507e-04,4.958757e-04,3.966404e-04,6.354808e-04,3.329150e-05,3.329150e-05,1.158755e-06,3.749654e-08,1.260063e-09,8.472817e-11,1.338005e+01,6.814106e+00,1.557571e+00
1.192000e-10,1.000000e-04,0.000000e+00,1.000000e-04,2.751855e-04,4.271664e-04,4.111505e-04,6.563906e-04,3.520998e-05,3.520998e-05,1.232581e-06,3.994795e-08,1.329301e-09,8.867816e-11,1.341916e+01,6.801437e+00,1.602610e+00
1.192500e-10,1.000000e-04,0.000000e+00,1.000000e-04,2.784238e-04,3.533671e-04,4.282542e-04,6.758290e-04,3.723187e-05,3.723187e-05,1.310758e-06,4.256407e-08,1.404044e-09,9.280390e-11,1.345216e+01,6.794254e+00,1.650180e+00
1.193000e-10,1.000000e-04,0.000000e+00,1.000000e-04,2.800762e-04,2.774041e-04,4.477069e-04,6.932084e-04,3.936367e-05,3.936367e-05,1.393503e-06,4.535487e-08,1.484713e-09,9.711080e-11,1.348026e+01,6.793363e+00,1.700441e+00
1.193500e-10,1.000000e-04,0.000000e+00,1.000000e-04,2.798555e-04,2.004816e-04,4.692279e-04,7.079284e-04,4.161237e-05,4.161237e-05,1.481042e-06,4.833085e-08,1.571745e-09,1.016061e-10,1.350455e+01,6.799412e+00,1.753563e+00
1.194000e-10,1.000000e-04,0.000000e+00,1.000000e-04,2.776910e-04,1.289146e-04,4.925028e-04,7.194172e-04,4.398546e-05,4.398546e-05,1.573613e-06,5.150301e-08,1.665599e-09,1.062991e-10,1.352588e+01,6.812893e+00,1.809723e+00
1.194500e-10,1.000000e-04,0.000000e+00,1.000000e-04,2.738158e-04,7.136383e-05,5.171852e-04,7.271790e-04,4.649095e-05,4.649095e-05,1.671467e-06,5.488286e-08,1.766748e-09,1.112012e-10,1.354492e+01,6.834141e+00,1.869106e+00
1.195000e-10,1.000000e-04,0.000000e+00,1.000000e-04,2.687491e-04,3.482290e-05,5.429002e-04,7.308429e-04,4.913736e-05,4.913736e-05,1.774866e-06,5.848248e-08,1.875691e-09,1.163266e-10,1.356217e+01,6.863336e+00,1.931903e+00
1.195500e-10,1.000000e-04,0.000000e+00,1.000000e-04,2.631606e-04,2.103118e-05,5.692471e-04,7.302044e-04,5.193373e-05,5.193373e-05,1.884089e-06,6.231449e-08,1.992944e-09,1.216921e-10,1.357800e+01,6.900513e+00,1.998308e+00
1.196000e-10,1.000000e-04,0.000000e+00,1.000000e-04,2.577689e-04,2.992069e-05,5.958046e-04,7.252561e-04,5.488966e-05,5.488966e-05,1.999430e-06,6.639207e-08,2.119049e-09,1.273172e-10,1.359276e+01,6.945572e+00,2.068520e+00
1.196500e-10,1.000000e-04,0.000000e+00,1.000000e-04,2.532631e-04,6.004761e-05,6.221355e-04,7.162017e-04,5.801532e-05,5.801532e-05,2.121201e-06,7.072901e-08,2.254569e-09,1.332250e-10,1.360682e+01,6.998287e+00,2.142739e+00
1.197000e-10,1.000000e-04,0.000000e+00,1.000000e-04,2.502548e-04,1.095823e-04,6.477939e-04,7.034504e-04,6.132155e-05,6.132155e-05,2.249735e-06,7.533969e-08,2.400093e-09,1.394415e-10,1.362067e+01,7.058329e+00,2.221171e+00
1.197500e-10,1.000000e-04,0.000000e+00,1.000000e-04,2.492118e-04,1.748149e-04,6.723321e-04,6.875943e-04,6.481986e-05,6.481986e-05,2.385386e-06,8.023911e-08,2.556240e-09,1.459964e-10,1.363493e+01,7.125276e+00,2.304019e+00
1.198000e-10,1.000000e-04,0.000000e+00,1.000000e-04,2.503617e-04,2.489206e-04,6.953099e-04,6.693716e-04,6.852257e-05,6.852257e-05,2.528532e-06,8.544293e-08,2.723654e-09,1.529227e-10,1.365042e+01,7.198640e+00,2.391492e+00
1.198500e-10,1.000000e-04,0.000000e+00,1.000000e-04,2.537053e-04,3.269932e-04,7.163033e-04,6.496215e-04,7.244285e-05,7.244285e-05,2.679579e-06,9.096751e-08,2.903011e-09,1.602575e-10,1.366813e+01,7.277883e+00,2.483802e+00
1.199000e-10,1.000000e-04,0.000000e+00,1.000000e-04,2.590207e-04,4.038585e-04,7.349157e-04,6.292353e-04,7.659489e-05,7.659489e-05,2.838960e-06,9.682988e-08,3.095019e-09,1.680414e-10,1.368921e+01,7.362444e+00,2.581165e+00
1.199500e-10,1.000000e-04,0.000000e+00,1.000000e-04,2.658914e-04,4.750231e-04,7.507891e-04,6.091102e-04,8.099391e-05,8.099391e-05,3.007142e-06,1.030478e-07,3.300421e-09,1.763189e-10,1.371490e+01,7.451753e+00,2.683802e+00
1.200000e-10,1.000000e-04,0.000000e+00,1.000000e-04,2.737443e-04,5.366468e-04,7.636165e-04,5.901079e-04,8.565629e-05,8.565629e-05,3.184628e-06,1.096400e-07,3.519997e-09,1.851387e-10,1.374648e+01,7.545261e+00,2.791938e+00
1.200500e-10,9.500000e-05,0.000000e+00,9.500000e-05,2.789976e-04,4.533333e-04,7.731532e-04,5.730204e-04,9.059962e-05,9.059962e-05,3.371958e-06,1.166258e-07,3.754563e-09,1.945531e-10,1.378503e+01,7.642450e+00,2.905802e+00
1.201000e-10,9.000000e-05,0.000000e+00,9.000000e-05,2.843360e-04,5.508292e-04,7.792281e-04,5.585417e-04,9.584264e-05,9.584264e-05,3.569713e-06,1.240256e-07,4.004979e-09,2.046189e-10,1.383144e+01,7.742852e+00,3.025620e+00
1.201500e-10,8.500000e-05,0.000000e+00,8.500000e-05,2.891660e-04,5.862369e-04,7.817565e-04,5.472453e-04,1.014051e-04,1.014051e-04,3.778524e-06,1.318606e-07,4.272145e-09,2.153965e-10,1.388640e+01,7.846063e+00,3.151611e+00
1.202000e-10,8.000000e-05,0.000000e+00,8.000000e-05,2.928864e-04,6.066292e-04,7.807503e-04,5.395656e-04,1.073078e-04,1.073078e-04,3.999069e-06,1.401532e-07,4.557007e-09,2.269508e-10,1.395037e+01,7.951751e+00,3.283974e+00
1.202500e-10,7.500000e-05,0.000000e+00,7.500000e-05,2.949891e-04,6.142577e-04,7.763264e-04,5.357813e-04,1.135717e-04,1.135717e-04,4.232079e-06,1.489269e-07,4.860559e-09,2.393504e-10,1.402359e+01,8.059665e+00,3.422876e+00
1.203000e-10,7.000000e-05,0.000000e+00,7.000000e-05,2.951029e-04,6.115952e-04,7.687100e-04,5.360007e-04,1.202179e-04,1.202179e-04,4.478344e-06,1.582063e-07,5.183845e-09,2.526682e-10,1.410601e+01,8.169635e+00,3.568429e+00
1.203500e-10,6.500000e-05,0.000000e+00,6.500000e-05,2.930807e-04,6.044059e-04,7.582331e-04,5.401475e-04,1.272667e-04,1.272667e-04,4.738717e-06,1.680175e-07,5.527960e-09,2.669812e-10,1.419729e+01,8.281575e+00,3.720664e+00
1.204000e-10,6.000000e-05,0.000000e+00,6.000000e-05,2.890388e-04,5.991919e-04,7.453268e-04,5.479496e-04,1.347369e-04,1.347369e-04,5.014116e-06,1.783878e-07,5.894054e-09,2.823704e-10,1.429689e+01,8.395481e+00,3.879505e+00
1.204500e-10,5.500000e-05,0.000000e+00,5.500000e-05,2.833497e-04,6.020507e-04,7.305073e-04,5.589330e-04,1.426443e-04,1.426443e-04,5.305528e-06,1.893464e-07,6.283335e-09,2.989211e-10,1.440404e+01,8.511429e+00,4.044728e+00
1.205000e-10,5.000000e-05,0.000000e+00,5.000000e-05,2.766081e-04,6.183473e-04,7.143584e-04,5.724231e-04,1.510013e-04,1.510013e-04,5.614013e-06,2.009239e-07,6.697069e-09,3.167226e-10,1.451788e+01,8.629564e+00,4.215931e+00
1.205500e-10,4.500000e-05,0.000000e+00,4.500000e-05,2.695566e-04,6.514562e-04,6.975097e-04,5.875598e-04,1.598153e-04,1.598153e-04,5.940708e-06,2.131529e-07,7.136587e-09,3.358683e-10,1.463752e+01,8.750101e+00,4.392492e+00
1.206000e-10,4.000000e-05,0.000000e+00,4.000000e-05,2.629853e-04,7.021749e-04,6.806134e-04,6.033279e-04,1.690882e-04,1.690882e-04,6.286826e-06,2.260683e-07,7.603284e-09,3.564561e-10,1.476215e+01,8.873310e+00,4.573545e+00
1.206500e-10,3.500000e-05,0.000000e+00,3.500000e-05,2.576194e-04,7.684814e-04,6.643201e-04,6.186069e-04,1.788156e-04,1.788156e-04,6.653659e-06,2.397068e-07,8.098624e-09,3.785878e-10,1.489113e+01,8.999512e+00,4.757961e+00
1.207000e-10,3.000000e-05,0.000000e+00,3.000000e-05,2.540194e-04,8.461018e-04,6.492565e-04,6.322381e-04,1.889868e-04,1.889868e-04,7.042578e-06,2.541079e-07,8.624144e-09,4.023700e-10,1.502405e+01,9.129067e+00,4.944341e+00
1.207500e-10,2.500000e-05,0.000000e+00,2.500000e-05,2.525188e-04,9.297336e-04,6.360028e-04,6.431062e-04,1.995853e-04,1.995853e-04,7.455032e-06,2.693137e-07,9.181455e-09,4.279134e-10,1.516078e+01,9.262360e+00,5.131041e+00
1.208000e-10,2.000000e-05,0.000000e+00,2.000000e-05,2.531918e-04,1.013570e-03,6.250727e-04,6.502248e-04,2.105896e-04,2.105896e-04,7.892545e-06,2.853692e-07,9.772250e-09,4.553335e-10,1.530148e+01,9.399787e+00,5.316212e+00
1.208500e-10,1.500000e-05,0.000000e+00,1.500000e-05,2.558495e-04,1.091837e-03,6.168944e-04,6.528149e-04,2.219748e-04,2.219748e-04,8.356714e-06,3.023224e-07,1.039830e-08,4.847506e-10,1.544657e+01,9.541740e+00,5.497860e+00
1.209000e-10,1.000000e-05,0.000000e+00,1.000000e-05,2.600725e-04,1.159751e-03,6.117923e-04,6.503655e-04,2.337143e-04,2.337143e-04,8.849203e-06,3.202251e-07,1.106148e-08,5.162897e-10,1.559669e+01,9.688583e+00,5.673932e+00
1.209500e-10,5.000000e-06,0.000000e+00,5.000000e-06,2.652739e-04,1.214172e-03,6.099697e-04,6.426645e-04,2.457820e-04,2.457820e-04,9.371741e-06,3.391325e-07,1.176375e-08,5.500812e-10,1.575261e+01,9.840628e+00,5.842406e+00
1.210000e-10,0.000000e+00,0.000000e+00,0.000000e+00,2.707807e-04,1.253813e-03,6.114925e-04,6.297991e-04,2.581543e-04,2.581543e-04,9.926109e-06,3.591038e-07,1.250716e-08,5.862607e-10,1.591514e+01,9.998106e+00,6.001382e+00
1.210500e-10,0.000000e+00,0.000000e+00,0.000000e+00,2.788192e-04,1.411541e-03,6.162766e-04,6.121247e-04,2.708123e-04,2.708123e-04,1.051414e-05,3.802025e-07,1.329389e-08,6.249695e-10,1.608516e+01,1.016113e+01,6.149171e+00
1.211000e-10,0.000000e+00,0.000000e+00,0.000000e+00,2.853767e-04,1.361618e-03,6.240780e-04,5.902133e-04,2.837438e-04,2.837438e-04,1.113771e-05,4.024968e-07,1.412621e-08,6.663548e-10,1.626344e+01,1.032967e+01,6.284357e+00
1.211500e-10,0.000000e+00,0.000000e+00,0.000000e+00,2.898839e-04,1.349663e-03,6.344888e-04,5.647896e-04,2.969447e-04,2.969447e-04,1.179874e-05,4.260593e-07,1.500653e-08,7.105701e-10,1.645045e+01,1.050351e+01,6.405849e+00
1.212000e-10,0.000000e+00,0.000000e+00,0.000000e+00,2.920633e-04,1.333372e-03,6.469404e-04,5.366662e-04,3.104207e-04,3.104207e-04,1.249915e-05,4.509682e-07,1.593738e-08,7.577755e-10,1.664622e+01,1.068218e+01,6.512907e+00
1.212500e-10,0.000000e+00,0.000000e+00,0.000000e+00,2.919433e-04,1.317878e-03,6.607200e-04,5.066874e-04,3.241880e-04,3.241880e-04,1.324094e-05,4.773068e-07,1.692146e-08,8.081381e-10,1.685028e+01,1.086500e+01,6.605145e+00
1.213000e-10,0.000000e+00,0.000000e+00,0.000000e+00,2.898277e-04,1.306664e-03,6.750010e-04,4.756847e-04,3.382742e-04,3.382742e-04,1.402608e-05,5.051640e-07,1.796157e-08,8.618325e-10,1.706157e+01,1.105097e+01,6.682518e+00
1.213500e-10,0.000000e+00,0.000000e+00,0.000000e+00,2.862308e-04,1.300986e-03,6.888882e-04,4.444462e-04,3.527174e-04,3.527174e-04,1.485662e-05,5.346347e-07,1.906073e-08,9.190409e-10,1.727848e+01,1.123887e+01,6.745296e+00
1.214000e-10,0.000000e+00,0.000000e+00,0.000000e+00,2.817896e-04,1.299742e-03,7.014763e-04,4.136997e-04,3.675660e-04,3.675660e-04,1.573459e-05,5.658199e-07,2.022210e-08,9.799543e-10,1.749890e+01,1.142716e+01,6.794033e+00
1.214500e-10,0.000000e+00,0.000000e+00,0.000000e+00,2.771677e-04,1.299765e-03,7.119137e-04,3.841040e-04,3.828763e-04,3.828763e-04,1.666211e-05,5.988269e-07,2.144905e-08,1.044772e-09,1.772028e+01,1.161414e+01,6.829525e+00
1.215000e-10,0.000000e+00,0.000000e+00,0.000000e+00,2.729666e-04,1.296447e-03,7.194668e-04,3.562472e-04,3.987100e-04,3.987100e-04,1.764132e-05,6.337694e-07,2.274514e-08,1.113704e-09,1.793981e+01,1.179793e+01,6.852773e+00
1.215500e-10,0.000000e+00,0.000000e+00,0.000000e+00,2.696530e-04,1.284596e-03,7.235725e-04,3.306481e-04,4.151302e-04,4.151302e-04,1.867445e-05,6.707680e-07,2.411417e-08,1.186969e-09,1.815455e+01,1.197658e+01,6.864942e+00
1.216000e-10,0.000000e+00,0.000000e+00,0.000000e+00,2.675148e-04,1.259346e-03,7.238742e-04,3.077584e-04,4.321965e-04,4.321965e-04,1.976383e-05,7.099498e-07,2.556017e-08,1.264797e-09,1.836162e+01,1.214816e+01,6.867322e+00
1.216500e-10,0.000000e+00,0.000000e+00,0.000000e+00,2.666466e-04,1.216982e-03,7.202351e-04,2.879635e-04,4.499591e-04,4.499591e-04,2.091190e-05,7.514491e-07,2.708743e-08,1.347429e-09,1.855833e+01,1.231086e+01,6.861301e+00
1.217000e-10,0.000000e+00,0.000000e+00,0.000000e+00,2.669656e-04,1.155542e-03,7.127310e-04,2.715828e-04,4.684511e-04,4.684511e-04,2.212129e-05,7.954071e-07,2.870052e-08,1.435118e-09,1.874240e+01,1.246306e+01,6.848326e+00
1.217500e-10,0.000000e+00,0.000000e+00,0.000000e+00,2.682514e-04,1.075111e-03,7.016248e-04,2.588688e-04,4.876807e-04,4.876807e-04,2.339478e-05,8.419721e-07,3.040432e-08,1.528132e-09,1.891197e+01,1.260341e+01,6.829875e+00
1.218000e-10,0.000000e+00,0.000000e+00,0.000000e+00,2.702017e-04,9.777795e-04,6.873301e-04,2.500050e-04,5.076211e-04,5.076211e-04,2.473544e-05,8.912997e-07,3.220401e-08,1.626751e-09,1.906571e+01,1.273088e+01,6.807437e+00
1.218500e-10,0.000000e+00,0.000000e+00,0.000000e+00,2.724903e-04,8.672897e-04,6.703711e-04,2.451046e-04,5.282011e-04,5.282011e-04,2.614656e-05,9.435528e-07,3.410513e-08,1.731268e-09,1.920279e+01,1.284476e+01,6.782476e+00
1.219000e-10,0.000000e+00,0.000000e+00,0.000000e+00,2.748196e-04,7.484691e-04,6.513421e-04,2.442100e-04,5.492942e-04,5.492942e-04,2.763180e-05,9.989016e-07,3.611356e-08,1.841995e-09,1.932290e+01,1.294470e+01,6.756417e+00
1.219500e-10,0.000000e+00,0.000000e+00,0.000000e+00,2.769576e-04,6.265543e-04,6.308736e-04,2.472932e-04,5.707092e-04,5.707092e-04,2.919515e-05,1.057524e-06,3.823561e-08,1.959259e-09,1.942613e+01,1.303067e+01,6.730622e+00
1.220000e-10,0.000000e+00,0.000000e+00,0.000000e+00,2.787561e-04,5.065376e-04,6.096034e-04,2.542587e-04,5.921822e-04,5.921822e-04,3.084099e-05,1.119606e-06,4.047797e-08,2.083405e-09,1.951298e+01,1.310296e+01,6.706370e+00
1.220500e-10,0.000000e+00,0.000000e+00,0.000000e+00,2.801503e-04,3.926388e-04,5.881552e-04,2.649474e-04,6.133721e-04,6.133721e-04,3.257414e-05,1.185340e-06,4.284779e-08,2.214796e-09,1.958423e+01,1.316212e+01,6.684841e+00
1.221000e-10,0.000000e+00,0.000000e+00,0.000000e+00,2.811436e-04,2.879716e-04,5.671213e-04,2.791434e-04,6.338613e-04,6.338613e-04,3.439987e-05,1.254929e-06,4.535266e-08,2.353817e-09,1.964092e+01,1.320891e+01,6.667101e+00
1.221500e-10,0.000000e+00,0.000000e+00,0.000000e+00,2.817823e-04,1.944296e-04,5.470510e-04,2.965804e-04,6.531634e-04,6.531634e-04,3.632390e-05,1.328583e-06,4.800068e-08,2.500873e-09,1.968428e+01,1.324431e+01,6.654091e+00
1.222000e-10,0.000000e+00,0.000000e+00,0.000000e+00,2.821287e-04,1.127733e-04,5.284408e-04,3.169504e-04,6.707397e-04,6.707397e-04,3.835247e-05,1.406521e-06,5.080047e-08,2.656394e-09,1.971566e+01,1.326943e+01,6.646616e+00
1.222500e-10,0.000000e+00,0.000000e+00,0.000000e+00,2.822380e-04,4.286805e-05,5.117278e-04,3.399125e-04,6.860253e-04,6.860253e-04,4.049227e-05,1.488974e-06,5.376117e-08,2.820833e-09,1.973653e+01,1.328549e+01,6.645341e+00
1.223000e-10,0.000000e+00,0.000000e+00,0.000000e+00,2.821421e-04,-1.599664e-05,4.972839e-04,3.651010e-04,6.984635e-04,6.984635e-04,4.275050e-05,1.576180e-06,5.689250e-08,2.994669e-09,1.974840e+01,1.329379e+01,6.650785e+00
1.223500e-10,0.000000e+00,0.000000e+00,0.000000e+00,2.818436e-04,-6.477659e-05,4.854118e-04,3.921345e-04,7.075481e-04,7.075481e-04,4.513485e-05,1.668390e-06,6.020475e-08,3.178411e-09,1.975282e+01,1.329567e+01,6.663319e+00
1.224000e-10,0.000000e+00,0.000000e+00,0.000000e+00,2.813194e-04,-1.043926e-04,4.763420e-04,4.206234e-04,7.128681e-04,7.128681e-04,4.765352e-05,1.765868e-06,6.370886e-08,3.372597e-09,1.975134e+01,1.329251e+01,6.683173e+00
1.224500e-10,0.000000e+00,0.000000e+00,0.000000e+00,2.805309e-04,-1.355413e-04,4.702307e-04,4.501771e-04,7.141495e-04,7.141495e-04,5.031518e-05,1.868890e-06,6.741639e-08,3.577798e-09,1.974544e+01,1.328566e+01,6.710433e+00
1.225000e-10,0.000000e+00,0.000000e+00,0.000000e+00,2.794381e-04,-1.586147e-04,4.671591e-04,4.804099e-04,7.112898e-04,7.112898e-04,5.312904e-05,1.977749e-06,7.133955e-08,3.794619e-09,1.973659e+01,1.327644e+01,6.745053e+00
1.225500e-10,0.000000e+00,0.000000e+00,0.000000e+00,2.780137e-04,-1.737225e-04,4.671333e-04,5.109457e-04,7.043792e-04,7.043792e-04,5.610488e-05,2.092751e-06,7.549128e-08,4.023701e-09,1.972612e+01,1.326616e+01,6.786866e+00
1.226000e-10,0.000000e+00,0.000000e+00,0.000000e+00,2.762546e-04,-1.807936e-04,4.700858e-04,5.414212e-04,6.937048e-04,6.937048e-04,5.925301e-05,2.214222e-06,7.988522e-08,4.265727e-09,1.971531e+01,1.325602e+01,6.835590e+00
1.226500e-10,0.000000e+00,0.000000e+00,0.000000e+00,2.741874e-04,-1.797208e-04,4.758769e-04,5.714875e-04,6.797385e-04,6.797385e-04,6.258442e-05,2.342509e-06,8.453574e-08,4.521419e-09,1.970529e+01,1.324717e+01,6.890850e+00
1.227000e-10,0.000000e+00,0.000000e+00,0.000000e+00,2.718685e-04,-1.705104e-04,4.842988e-04,6.008097e-04,6.631098e-04,6.631098e-04,6.611081e-05,2.477979e-06,8.945799e-08,4.791547e-09,1.969708e+01,1.324067e+01,6.952186e+00
1.227500e-10,0.000000e+00,0.000000e+00,0.000000e+00,2.693780e-04,-1.534012e-04,4.950790e-04,6.290646e-04,6.445680e-04,6.445680e-04,6.984464e-05,2.621024e-06,9.466795e-08,5.076925e-09,1.969158e+01,1.323746e+01,7.019082e+00
1.228000e-10,0.000000e+00,0.000000e+00,0.000000e+00,2.668104e-04,-1.289316e-04,5.078859e-04,6.559372e-04,6.249385e-04,6.249385e-04,7.379928e-05,2.772062e-06,1.001824e-07,5.378422e-09,1.968954e+01,1.323840e+01,7.090973e+00
1.228500e-10,0.000000e+00,0.000000e+00,0.000000e+00,2.642627e-04,-9.794172e-05,5.223352e-04,6.811163e-04,6.050778e-04,6.050778e-04,7.798906e-05,2.931543e-06,1.060190e-07,5.696958e-09,1.969164e+01,1.324420e+01,7.167277e+00
1.229000e-10,0.000000e+00,0.000000e+00,0.000000e+00,2.618233e-04,-6.151827e-05,5.379972e-04,7.042895e-04,5.858326e-04,5.858326e-04,8.242939e-05,3.099948e-06,1.121963e-07,6.033514e-09,1.969842e+01,1.325548e+01,7.247403e+00
1.229500e-10,0.000000e+00,0.000000e+00,0.000000e+00,2.595635e-04,-2.089765e-05,5.544061e-04,7.251401e-04,5.680027e-04,5.680027e-04,8.713679e-05,3.277791e-06,1.187338e-07,6.389130e-09,1.971032e+01,1.327273e+01,7.330779e+00
1.230000e-10,0.000000e+00,0.000000e+00,0.000000e+00,2.575323e-04,2.264560e-05,5.710703e-04,7.433468e-04,5.523108e-04,5.523108e-04,9.212891e-05,3.465630e-06,1.256520e-07,6.764911e-09,1.972770e+01,1.329632e+01,7.416863e+00
1.230500e-10,0.000000e+00,0.000000e+00,0.000000e+00,2.557549e-04,6.789914e-05,5.874850e-04,7.585875e-04,5.393781e-04,5.393781e-04,9.742449e-05,3.664061e-06,1.329725e-07,7.162032e-09,1.975083e+01,1.332650e+01,7.505161e+00
1.231000e-10,0.000000e+00,0.000000e+00,0.000000e+00,2.542343e-04,1.137808e-04,6.031457e-04,7.705487e-04,5.297030e-04,5.297030e-04,1.030432e-04,3.873729e-06,1.407179e-07,7.581742e-09,1.977991e+01,1.336342e+01,7.595236e+00
1.231500e-10,0.000000e+00,0.000000e+00,0.000000e+00,2.529548e-04,1.593649e-04,6.175640e-04,7.789415e-04,5.236441e-04,5.236441e-04,1.090054e-04,4.095329e-06,1.489121e-07,8.025364e-09,1.981503e+01,1.340712e+01,7.686719e+00
1.232000e-10,0.000000e+00,0.000000e+00,0.000000e+00,2.518856e-04,2.038703e-04,6.302841e-04,7.835225e-04,5.214040e-04,5.214040e-04,1.153317e-04,4.329608e-06,1.575800e-07,8.494305e-09,1.985624e+01,1.345755e+01,7.779314e+00
1.232500e-10,0.000000e+00,0.000000e+00,0.000000e+00,2.509848e-04,2.466263e-04,6.409000e-04,7.841188e-04,5.230145e-04,5.230145e-04,1.220423e-04,4.577373e-06,1.667481e-07,8.990057e-09,1.990352e+01,1.351457e+01,7.872802e+00
1.233000e-10,0.000000e+00,0.000000e+00,0.000000e+00,2.502011e-04,2.870357e-04,6.490727e-04,7.806541e-04,5.283244e-04,5.283244e-04,1.291564e-04,4.839493e-06,1.764442e-07,9.514203e-09,1.995678e+01,1.357799e+01,7.967040e+00
1.233500e-10,0.000000e+00,0.000000e+00,0.000000e+00,2.494761e-04,3.245533e-04,6.545450e-04,7.731713e-04,5.369889e-04,5.369889e-04,1.366913e-04,5.116902e-06,1.866977e-07,1.006842e-08,2.001585e+01,1.364752e+01,8.061959e+00
1.234000e-10,0.000000e+00,0.000000e+00,0.000000e+00,2.487452e-04,3.586909e-04,6.571550e-04,7.618491e-04,5.484668e-04,5.484668e-04,1.446611e-04,5.410604e-06,1.975395e-07,1.065449e-08,2.008054e+01,1.372286e+01,8.157560e+00
1.234500e-10,0.000000e+00,0.000000e+00,0.000000e+00,2.479398e-04,3.890485e-04,6.568445e-04,7.470084e-04,5.620259e-04,5.620259e-04,1.530761e-04,5.721675e-06,2.090025e-07,1.127429e-08,2.015060e+01,1.380367e+01,8.253912e+00
1.235000e-10,0.000000e+00,0.000000e+00,0.000000e+00,2.469906e-04,4.153640e-04,6.536640e-04,7.291082e-04,5.767629e-04,5.767629e-04,1.619414e-04,6.051264e-06,2.211214e-07,1.192982e-08,2.022571e+01,1.388958e+01,8.351142e+00
1.235500e-10,0.000000e+00,0.000000e+00,0.000000e+00,2.458322e-04,4.375668e-04,6.477713e-04,7.087301e-04,5.916393e-04,5.916393e-04,1.712565e-04,6.400599e-06,2.339331e-07,1.262318e-08,2.030554e+01,1.398023e+01,8.449430e+00
1.236000e-10,0.000000e+00,0.000000e+00,0.000000e+00,2.444089e-04,4.558190e-04,6.394257e-04,6.865538e-04,6.055358e-04,6.055358e-04,1.810147e-04,6.770983e-06,2.474765e-07,1.335661e-08,2.038973e+01,1.407528e+01,8.549006e+00
1.236500e-10,0.000000e+00,0.000000e+00,0.000000e+00,2.426816e-04,4.705331e-04,6.289771e-04,6.633264e-04,6.173221e-04,6.173221e-04,1.912031e-04,7.163796e-06,2.617934e-07,1.413247e-08,2.047789e+01,1.417438e+01,8.650140e+00
1.237000e-10,0.000000e+00,0.000000e+00,0.000000e+00,2.406338e-04,4.823580e-04,6.168511e-04,6.398290e-04,6.259378e-04,6.259378e-04,2.018035e-04,7.580491e-06,2.769280e-07,1.495324e-08,2.056961e+01,1.427725e+01,8.753137e+00
1.237500e-10,0.000000e+00,0.000000e+00,0.000000e+00,2.382759e-04,4.921313e-04,6.035307e-04,6.168442e-04,6.304739e-04,6.304739e-04,2.127932e-04,8.022596e-06,2.929275e-07,1.582157e-08,2.066449e+01,1.438362e+01,8.858334e+00
1.238000e-10,0.000000e+00,0.000000e+00,0.000000e+00,2.356478e-04,5.008018e-04,5.895375e-04,5.951262e-04,6.302438e-04,6.302438e-04,2.241467e-04,8.491707e-06,3.098422e-07,1.674023e-08,2.076213e+01,1.449329e+01,8.966091e+00
1.238500e-10,0.000000e+00,0.000000e+00,0.000000e+00,2.328170e-04,5.093283e-04,5.754116e-04,5.753753e-04,6.248334e-04,6.248334e-04,2.358373e-04,8.989481e-06,3.277257e-07,1.771216e-08,2.086215e+01,1.460611e+01,9.076789e+00
1.239000e-10,0.000000e+00,0.000000e+00,0.000000e+00,2.298739e-04,5.185626e-04,5.616929e-04,5.582176e-04,6.141226e-04,6.141226e-04,2.478394e-04,9.517636e-06,3.466355e-07,1.874045e-08,2.096423e+01,1.472200e+01,9.190823e+00
1.239500e-10,0.000000e+00,0.000000e+00,0.000000e+00,2.269222e-04,5.291302e-04,5.489035e-04,5.441881e-04,5.982763e-04,5.982763e-04,2.601307e-04,1.007794e-05,3.666327e-07,1.982838e-08,2.106806e+01,1.484092e+01,9.308592e+00
1.240000e-10,0.000000e+00,0.000000e+00,0.000000e+00,2.240671e-04,5.413227e-04,5.375328e-04,5.337178e-04,5.777095e-04,5.777095e-04,2.726937e-04,1.067220e-05,3.877828e-07,2.097939e-08,2.117341e+01,1.496290e+01,9.430493e+00
1.240500e-10,0.000000e+00,0.000000e+00,0.000000e+00,2.213997e-04,5.550250e-04,5.280243e-04,5.271224e-04,5.530334e-04,5.530334e-04,2.855179e-04,1.130228e-05,4.101557e-07,2.219714e-08,2.128012e+01,1.508804e+01,9.556911e+00
1.241000e-10,0.000000e+00,0.000000e+00,0.000000e+00,2.189827e-04,5.697035e-04,5.207647e-04,5.245922e-04,5.249943e-04,5.249943e-04,2.986013e-04,1.197004e-05,4.338261e-07,2.348546e-08,2.138808e+01,1.521648e+01,9.688201e+00
1.241500e-10,0.000000e+00,0.000000e+00,0.000000e+00,2.168375e-04,5.844725e-04,5.160746e-04,5.261816e-04,4.944136e-04,4.944136e-04,3.119515e-04,1.267740e-05,4.588734e-07,2.484841e-08,2.149729e+01,1.534841e+01,9.824673e+00
1.242000e-10,0.000000e+00,0.000000e+00,0.000000e+00,2.149369e-04,5.982439e-04,5.142006e-04,5.317995e-04,4.621366e-04,4.621366e-04,3.255868e-04,1.342629e-05,4.853825e-07,2.629027e-08,2.160776e+01,1.548406e+01,9.966572e+00
1.242500e-10,0.000000e+00,0.000000e+00,0.000000e+00,2.132057e-04,6.099368e-04,5.153073e-04,5.411998e-04,4.289928e-04,4.289928e-04,3.395361e-04,1.421867e-05,5.134438e-07,2.781558e-08,2.171959e+01,1.562367e+01,1.011405e+01
1.243000e-10,0.000000e+00,0.000000e+00,0.000000e+00,2.115289e-04,6.187038e-04,5.194699e-04,5.539739e-04,3.957699e-04,3.957699e-04,3.538391e-04,1.505650e-05,5.431534e-07,2.942912e-08,2.183290e+01,1.576749e+01,1.026714e+01
1.243500e-10,0.000000e+00,0.000000e+00,0.000000e+00,2.097685e-04,6.241167e-04,5.266663e-04,5.695487e-04,3.631968e-04,3.631968e-04,3.685443e-04,1.594180e-05,5.746132e-07,3.113594e-08,2.194784e+01,1.591579e+01,1.042572e+01
1.244000e-10,0.000000e+00,0.000000e+00,0.000000e+00,2.077845e-04,6.262668e-04,5.367687e-04,5.871910e-04,3.319361e-04,3.319361e-04,3.837079e-04,1.687661e-05,6.079314e-07,3.294139e-08,2.206452e+01,1.606875e+01,1.058949e+01
1.244500e-10,0.000000e+00,0.000000e+00,0.000000e+00,2.054575e-04,6.257532e-04,5.495357e-04,6.060230e-04,3.025807e-04,3.025807e-04,3.993900e-04,1.786304e-05,6.432224e-07,3.485114e-08,2.218303e+01,1.622654e+01,1.075794e+01
1.245000e-10,0.000000e+00,0.000000e+00,0.000000e+00,2.027083e-04,6.235619e-04,5.646053e-04,6.250518e-04,2.756529e-04,2.756529e-04,4.156514e-04,1.890326e-05,6.806070e-07,3.687116e-08,2.230341e+01,1.638918e+01,1.093031e+01
1.245500e-10,0.000000e+00,0.000000e+00,0.000000e+00,1.995105e-04,6.208644e-04,5.814920e-04,6.432133e-04,2.516039e-04,2.516039e-04,4.325480e-04,1.999955e-05,7.202127e-07,3.900781e-08,2.242562e+01,1.655661e+01,1.110562e+01
1.246000e-10,0.000000e+00,0.000000e+00,0.000000e+00,1.958952e-04,6.187781e-04,5.995878e-04,6.594300e-04,2.308132e-04,2.308132e-04,4.501251e-04,2.115431e-05,7.621737e-07,4.126782e-08,2.254954e+01,1.672856e+01,1.128263e+01
1.246500e-10,0.000000e+00,0.000000e+00,0.000000e+00,1.919462e-04,6.181375e-04,6.181731e-04,6.726793e-04,2.135872e-04,2.135872e-04,4.684098e-04,2.237011e-05,8.066309e-07,4.365832e-08,2.267496e+01,1.690459e+01,1.145988e+01
1.247000e-10,0.000000e+00,0.000000e+00,0.000000e+00,1.877871e-04,6.193193e-04,6.364364e-04,6.820636e-04,2.001571e-04,2.001571e-04,4.874030e-04,2.364972e-05,8.537320e-07,4.618686e-08,2.280159e+01,1.708403e+01,1.163571e+01
1.247500e-10,0.000000e+00,0.000000e+00,0.000000e+00,1.835632e-04,6.221504e-04,6.535082e-04,6.868750e-04,1.906774e-04,1.906774e-04,5.070701e-04,2.499613e-05,9.036317e-07,4.886149e-08,2.292904e+01,1.726595e+01,1.180836e+01
1.248000e-10,0.000000e+00,0.000000e+00,0.000000e+00,1.794209e-04,6.259131e-04,6.685046e-04,6.866434e-04,1.852253e-04,1.852253e-04,5.273312e-04,2.641263e-05,9.564917e-07,5.169071e-08,2.305685e+01,1.744918e+01,1.197599e+01
1.248500e-10,0.000000e+00,0.000000e+00,0.000000e+00,1.754889e-04,6.294407e-04,6.805823e-04,6.811633e-04,1.838004e-04,1.838004e-04,5.480513e-04,2.790283e-05,1.012481e-06,5.468359e-08,2.318450e+01,1.763230e+01,1.213681e+01
1.249000e-10,0.000000e+00,0.000000e+00,0.000000e+00,1.718628e-04,6.312860e-04,6.889958e-04,6.704938e-04,1.863276e-04,1.863276e-04,5.690315e-04,2.947068e-05,1.071776e-06,5.784973e-08,2.331141e+01,1.781373e+01,1.228912e+01
1.249500e-10,0.000000e+00,0.000000e+00,0.000000e+00,1.685968e-04,6.299298e-04,6.931524e-04,6.549359e-04,1.926608e-04,1.926608e-04,5.900015e-04,3.112054e-05,1.134559e-06,6.119933e-08,2.343696e+01,1.799171e+01,1.243139e+01
1.250000e-10,0.000000e+00,0.000000e+00,0.000000e+00,1.657021e-04,6.239980e-04,6.926552e-04,6.349906e-04,2.025889e-04,2.025889e-04,6.106168e-04,3.285720e-05,1.201022e-06,6.474323e-08,2.356049e+01,1.816442e+01,1.256234e+01
1.250500e-10,0.000000e+00,0.000000e+00,0.000000e+00,1.631519e-04,6.124521e-04,6.873294e-04,6.113080e-04,2.158437e-04,2.158437e-04,6.304598e-04,3.468589e-05,1.271365e-06,6.849293e-08,2.368133e+01,1.833006e+01,1.268098e+01
1.251000e-10,0.000000e+00,0.000000e+00,0.000000e+00,1.608926e-04,5.947269e-04,6.772262e-04,5.846334e-04,2.321088e-04,2.321088e-04,6.490494e-04,3.661230e-05,1.345795e-06,7.246064e-08,2.379880e+01,1.848689e+01,1.278661e+01
1.251500e-10,0.000000e+00,0.000000e+00,0.000000e+00,1.588575e-04,5.707980e-04,6.626071e-04,5.557588e-04,2.510301e-04,2.510301e-04,6.658575e-04,3.864261e-05,1.424527e-06,7.665933e-08,2.391222e+01,1.863340e+01,1.287884e+01
1.252000e-10,0.000000e+00,0.000000e+00,0.000000e+00,1.569815e-04,5.411673e-04,6.439110e-04,5.254830e-04,2.722258e-04,2.722258e-04,6.803358e-04,4.078348e-05,1.507789e-06,8.110274e-08,2.402095e+01,1.876826e+01,1.295758e+01
1.252500e-10,0.000000e+00,0.000000e+00,0.000000e+00,1.552132e-04,5.067714e-04,6.217109e-04,4.945820e-04,2.952978e-04,2.952978e-04,6.919503e-04,4.304207e-05,1.595815e-06,8.580545e-08,2.412434e+01,1.889046e+01,1.302304e+01
1.253000e-10,0.000000e+00,0.000000e+00,0.000000e+00,1.535232e-04,4.688216e-04,5.966668e-04,4.637892e-04,3.198422e-04,3.198422e-04,7.002220e-04,4.542600e-05,1.688854e-06,9.078288e-08,2.422185e+01,1.899930e+01,1.307566e+01
1.253500e-10,0.000000e+00,0.000000e+00,0.000000e+00,1.519051e-04,4.286036e-04,5.694819e-04,4.337827e-04,3.454594e-04,3.454594e-04,7.047693e-04,4.794342e-05,1.787163e-06,9.605139e-08,2.431298e+01,1.909440e+01,1.311610e+01
1.254000e-10,0.000000e+00,0.000000e+00,0.000000e+00,1.503714e-04,3.872701e-04,5.408644e-04,4.051796e-04,3.717642e-04,3.717642e-04,7.053480e-04,5.060294e-05,1.891016e-06,1.016283e-07,2.439732e+01,1.917568e+01,1.314521e+01
1.254500e-10,0.000000e+00,0.000000e+00,0.000000e+00,1.489427e-04,3.456747e-04,5.114984e-04,3.785323e-04,3.983943e-04,3.983943e-04,7.018825e-04,5.341373e-05,2.000699e-06,1.075318e-07,2.447459e+01,1.924337e+01,1.316399e+01
1.255000e-10,0.000000e+00,0.000000e+00,0.000000e+00,1.476343e-04,3.042850e-04,4.820231e-04,3.543269e-04,4.250186e-04,4.250186e-04,6.944839e-04,5.638547e-05,2.116516e-06,1.137814e-07,2.454459e+01,1.929796e+01,1.317355e+01
1.255500e-10,0.000000e+00,0.000000e+00,0.000000e+00,1.464431e-04,2.632000e-04,4.530202e-04,3.329827e-04,4.513436e-04,4.513436e-04,6.834528e-04,5.952844e-05,2.238787e-06,1.203973e-07,2.460729e+01,1.934016e+01,1.317508e+01
1.256000e-10,0.000000e+00,0.000000e+00,0.000000e+00,1.453390e-04,2.222658e-04,4.250057e-04,3.148508e-04,4.771190e-04,4.771190e-04,6.692659e-04,6.285355e-05,2.367854e-06,1.274011e-07,2.466274e+01,1.937088e+01,1.316983e+01
1.256500e-10,0.000000e+00,0.000000e+00,0.000000e+00,1.442616e-04,1.812545e-04,3.984280e-04,3.002137e-04,5.021409e-04,5.021409e-04,6.525484e-04,6.637243e-05,2.504080e-06,1.348156e-07,2.471115e+01,1.939116e+01,1.315911e+01
1.257000e-10,0.000000e+00,0.000000e+00,0.000000e+00,1.431252e-04,1.400535e-04,3.736664e-04,2.892843e-04,5.262525e-04,5.262525e-04,6.340378e-04,7.009749e-05,2.647851e-06,1.426644e-07,2.475279e+01,1.940218e+01,1.314419e+01
1.257500e-10,0.000000e+00,0.000000e+00,0.000000e+00,1.418301e-04,9.881539e-05,3.510329e-04,2.822059e-04,5.493434e-04,5.493434e-04,6.145408e-04,7.404203e-05,2.799581e-06,1.509729e-07,2.478804e+01,1.940518e+01,1.312637e+01
1.258000e-10,0.000000e+00,0.000000e+00,0.000000e+00,1.402778e-04,5.803243e-05,3.307734e-04,2.790526e-04,5.713441e-04,5.713441e-04,5.948913e-04,7.822029e-05,2.959715e-06,1.597675e-07,2.481734e+01,1.940147e+01,1.310689e+01
1.258500e-10,0.000000e+00,0.000000e+00,0.000000e+00,1.383869e-04,1.852498e-05,3.130707e-04,2.798312e-04,5.922195e-04,5.922195e-04,5.759106e-04,8.264760e-05,3.128727e-06,1.690760e-07,2.484115e+01,1.939235e+01,1.308697e+01
1.259000e-10,0.000000e+00,0.000000e+00,0.000000e+00,1.361074e-04,-1.864559e-05,2.980467e-04,2.844832e-04,6.119578e-04,6.119578e-04,5.583722e-04,8.734036e-05,3.307129e-06,1.789276e-07,2.485998e+01,1.937914e+01,1.306775e+01
1.259500e-10,0.000000e+00,0.000000e+00,0.000000e+00,1.334293e-04,-5.231401e-05,2.857658e-04,2.928892e-04,6.305585e-04,6.305585e-04,5.429733e-04,9.231611e-05,3.495471e-06,1.893531e-07,2.487432e+01,1.936314e+01,1.305028e+01
1.260000e-10,0.000000e+00,0.000000e+00,0.000000e+00,1.303858e-04,-8.136636e-05,2.762386e-04,3.048730e-04,6.480170e-04,6.480170e-04,5.303104e-04,9.759342e-05,3.694348e-06,2.003847e-07,2.488466e+01,1.934557e+01,1.303556e+01
1.260500e-10,0.000000e+00,0.000000e+00,0.000000e+00,1.270503e-04,-1.048832e-04,2.694260e-04,3.202065e-04,6.643100e-04,6.643100e-04,5.208593e-04,1.031918e-04,3.904397e-06,2.120564e-07,2.489148e+01,1.932761e+01,1.302444e+01
1.261000e-10,0.000000e+00,0.000000e+00,0.000000e+00,1.235273e-04,-1.222470e-04,2.652450e-04,3.386156e-04,6.793809e-04,6.793809e-04,5.149580e-04,1.091312e-04,4.126309e-06,2.244039e-07,2.489525e+01,1.931036e+01,1.301772e+01
1.261500e-10,0.000000e+00,0.000000e+00,0.000000e+00,1.199406e-04,-1.332008e-04,2.635737e-04,3.597843e-04,6.931272e-04,6.931272e-04,5.127909e-04,1.154321e-04,4.360827e-06,2.374645e-07,2.489643e+01,1.929481e+01,1.301604e+01
1.262000e-10,0.000000e+00,0.000000e+00,0.000000e+00,1.164188e-04,-1.378527e-04,2.642586e-04,3.833603e-04,7.053934e-04,7.053934e-04,5.143747e-04,1.221144e-04,4.608753e-06,2.512778e-07,2.489547e+01,1.928184e+01,1.301997e+01
1.262500e-10,0.000000e+00,0.000000e+00,0.000000e+00,1.130826e-04,-1.366348e-04,2.671209e-04,4.089587e-04,7.159684e-04,7.159684e-04,5.195451e-04,1.291968e-04,4.870949e-06,2.658851e-07,2.489283e+01,1.927224e+01,1.302992e+01
1.263000e-10,0.000000e+00,0.000000e+00,0.000000e+00,1.100330e-04,-1.302258e-04,2.719637e-04,4.361654e-04,7.245915e-04,7.245915e-04,5.279485e-04,1.366962e-04,5.148346e-06,2.813302e-07,2.488896e+01,1.926668e+01,1.304622e+01
1.263500e-10,0.000000e+00,0.000000e+00,0.000000e+00,1.073435e-04,-1.194547e-04,2.785788e-04,4.645402e-04,7.309665e-04,7.309665e-04,5.390381e-04,1.446262e-04,5.441942e-06,2.976590e-07,2.488434e+01,1.926568e+01,1.306908e+01
1.264000e-10,0.000000e+00,0.000000e+00,0.000000e+00,1.050565e-04,-1.052021e-04,2.867535e-04,4.936196e-04,7.347841e-04,7.347841e-04,5.520814e-04,1.529967e-04,5.752805e-06,3.149202e-07,2.487944e+01,1.926967e+01,1.309860e+01
1.264500e-10,0.000000e+00,0.000000e+00,0.000000e+00,1.031831e-04,-8.831058e-05,2.962765e-04,5.229190e-04,7.357517e-04,7.357517e-04,5.661793e-04,1.618123e-04,6.082082e-06,3.331650e-07,2.487473e+01,1.927894e+01,1.313478e+01
1.265000e-10,0.000000e+00,0.000000e+00,0.000000e+00,1.017067e-04,-6.951717e-05,3.069429e-04,5.519365e-04,7.336271e-04,7.336271e-04,5.803027e-04,1.710722e-04,6.430991e-06,3.524477e-07,2.487071e+01,1.929368e+01,1.317753e+01
1.265500e-10,0.000000e+00,0.000000e+00,0.000000e+00,1.005890e-04,-4.940999e-05,3.185591e-04,5.801569e-04,7.282529e-04,7.282529e-04,5.933460e-04,1.807692e-04,6.800828e-06,3.728257e-07,2.486783e+01,1.931397e+01,1.322667e+01
1.266000e-10,0.000000e+00,0.000000e+00,0.000000e+00,9.977739e-05,-2.841203e-05,3.309456e-04,6.070580e-04,7.195872e-04,7.195872e-04,6.041965e-04,1.908903e-04,7.192965e-06,3.943599e-07,2.486654e+01,1.933978e+01,1.328196e+01
1.266500e-10,0.000000e+00,0.000000e+00,0.000000e+00,9.921279e-05,-6.789298e-06,3.439400e-04,6.321185e-04,7.077250e-04,7.077250e-04,6.118126e-04,2.014172e-04,7.608847e-06,4.171149e-07,2.486725e+01,1.937102e+01,1.334310e+01
1.267000e-10,0.000000e+00,0.000000e+00,0.000000e+00,9.883659e-05,1.531955e-05,3.573984e-04,6.548297e-04,6.929091e-04,6.929091e-04,6.153037e-04,2.123270e-04,8.049991e-06,4.411593e-07,2.487034e+01,1.940748e+01,1.340971e+01
1.267500e-10,0.000000e+00,0.000000e+00,0.000000e+00,9.859616e-05,3.785556e-05,3.711957e-04,6.747089e-04,6.755274e-04,6.755274e-04,6.139984e-04,2.235940e-04,8.517982e-06,4.665664e-07,2.487612e+01,1.944891e+01,1.348142e+01
1.268000e-10,0.000000e+00,0.000000e+00,0.000000e+00,9.844812e-05,6.077828e-05,3.852255e-04,6.913161e-04,6.560976e-04,6.560976e-04,6.074929e-04,2.351918e-04,9.014466e-06,4.934137e-07,2.488485e+01,1.949501e+01,1.355781e+01
1.268500e-10,0.000000e+00,0.000000e+00,0.000000e+00,9.835881e-05,8.399770e-05,3.993989e-04,7.042729e-04,6.352420e-04,6.352420e-04,5.956709e-04,2.470947e-04,9.541147e-06,5.217844e-07,2.489675e+01,1.954543e+01,1.363844e+01
1.269000e-10,0.000000e+00,0.000000e+00,0.000000e+00,9.830222e-05,1.073116e-04,4.136421e-04,7.132819e-04,6.136554e-04,6.136554e-04,5.786952e-04,2.592801e-04,1.009978e-05,5.517667e-07,2.491196e+01,1.959980e+01,1.372290e+01
1.269500e-10,0.000000e+00,0.000000e+00,0.000000e+00,9.825579e-05,1.303649e-04,4.278936e-04,7.181451e-04,5.920703e-04,5.920703e-04,5.569721e-04,2.717304e-04,1.069215e-05,5.834553e-07,2.493056e+01,1.965771e+01,1.381077e+01
1.270000e-10,0.000000e+00,0.000000e+00,0.000000e+00,9.819540e-05,1.526483e-04,4.421011e-04,7.187802e-04,5.712227e-04,5.712227e-04,5.311000e-04,2.844347e-04,1.132010e-05,6.169508e-07,2.495258e+01,1.971879e+01,1.390167e+01
1.270500e-10,0.000000e+00,0.000000e+00,0.000000e+00,9.809102e-05,1.735441e-04,4.562168e-04,7.152315e-04,5.518214e-04,5.518214e-04,5.018098e-04,2.973905e-04,1.198549e-05,6.523609e-07,2.497799e+01,1.978263e+01,1.399523e+01
1.271000e-10,0.000000e+00,0.000000e+00,0.000000e+00,9.790452e-05,1.924126e-04,4.701932e-04,7.076749e-04,5.345216e-04,5.345216e-04,4.699065e-04,3.106049e-04,1.269021e-05,6.898005e-07,2.500670e+01,1.984886e+01,1.409114e+01
1.271500e-10,0.000000e+00,0.000000e+00,0.000000e+00,9.759060e-05,2.086976e-04,4.839784e-04,6.964148e-04,5.199031e-04,5.199031e-04,4.362197e-04,3.240952e-04,1.343615e-05,7.293921e-07,2.503858e+01,1.991714e+01,1.418914e+01
1.272000e-10,0.000000e+00,0.000000e+00,0.000000e+00,9.710103e-05,2.220254e-04,4.975113e-04,6.818741e-04,5.084533e-04,5.084533e-04,4.015662e-04,3.378894e-04,1.422526e-05,7.712666e-07,2.507344e+01,1.998715e+01,1.428900e+01
1.272500e-10,0.000000e+00,0.000000e+00,0.000000e+00,9.639138e-05,2.322784e-04,5.107172e-04,6.645777e-04,5.005523e-04,5.005523e-04,3.667235e-04,3.520257e-04,1.505947e-05,8.155634e-07,2.511105e+01,2.005860e+01,1.439056e+01
1.273000e-10,0.000000e+00,0.000000e+00,0.000000e+00,9.542929e-05,2.396330e-04,5.235042e-04,6.451300e-04,4.964606e-04,4.964606e-04,3.324155e-04,3.665514e-04,1.594076e-05,8.624308e-07,2.515115e+01,2.013125e+01,1.449370e+01
1.273500e-10,0.000000e+00,0.000000e+00,0.000000e+00,9.420269e-05,2.445573e-04,5.357608e-04,6.241906e-04,4.963071e-04,4.963071e-04,2.993047e-04,3.815209e-04,1.687116e-05,9.120266e-07,2.519343e+01,2.020490e+01,1.459836e+01
1.274000e-10,0.000000e+00,0.000000e+00,0.000000e+00,9.272652e-05,2.477626e-04,5.473545e-04,6.024481e-04,5.000776e-04,5.000776e-04,2.679891e-04,3.969931e-04,1.785272e-05,9.645186e-07,2.523756e+01,2.027940e+01,1.470454e+01
1.274500e-10,0.000000e+00,0.000000e+00,0.000000e+00,9.104628e-05,2.501084e-04,5.581328e-04,5.805952e-04,5.076039e-04,5.076039e-04,2.390022e-04,4.130270e-04,1.888758e-05,1.020085e-06,2.528320e+01,2.035463e+01,1.481227e+01
1.275000e-10,0.000000e+00,0.000000e+00,0.000000e+00,8.923694e-05,2.524682e-04,5.679260e-04,5.593073e-04,5.185539e-04,5.185539e-04,2.128116e-04,4.296774e-04,1.997797e-05,1.078913e-06,2.533000e+01,2.043054e+01,1.492164e+01
1.275500e-10,0.000000e+00,0.000000e+00,0.000000e+00,8.739678e-05,2.555757e-04,5.765524e-04,5.392225e-04,5.324270e-04,5.324270e-04,1.898184e-04,4.469885e-04,2.112625e-05,1.141202e-06,2.537762e+01,2.050708e+01,1.503280e+01
1.276000e-10,0.000000e+00,0.000000e+00,0.000000e+00,8.563617e-05,2.598852e-04,5.838259e-04,5.209270e-04,5.485543e-04,5.485543e-04,1.703542e-04,4.649874e-04,2.233492e-05,1.207163e-06,2.542576e+01,2.058429e+01,1.514591e+01
1.276500e-10,0.000000e+00,0.000000e+00,0.000000e+00,8.406300e-05,2.654773e-04,5.895657e-04,5.049427e-04,5.661104e-04,5.661104e-04,1.546778e-04,4.836755e-04,2.360670e-05,1.277017e-06,2.547416e+01,2.066222e+01,1.526119e+01
1.277000e-10,0.000000e+00,0.000000e+00,0.000000e+00,8.276705e-05,2.720348e-04,5.936081e-04,4.917177e-04,5.841375e-04,5.841375e-04,1.429724e-04,5.030202e-04,2.494451e-05,1.350997e-06,2.552259e+01,2.074095e+01,1.537888e+01
1.277500e-10,0.000000e+00,0.000000e+00,0.000000e+00,8.180605e-05,2.788954e-04,5.958180e-04,4.816192e-04,6.015857e-04,6.015857e-04,1.353422e-04,5.229447e-04,2.635157e-05,1.429346e-06,2.557090e+01,2.082061e+01,1.549925e+01
1.278000e-10,0.000000e+00,0.000000e+00,0.000000e+00,8.119615e-05,2.851703e-04,5.961022e-04,4.749264e-04,6.173683e-04,6.173683e-04,1.318115e-04,5.433194e-04,2.783140e-05,1.512323e-06,2.561901e+01,2.090135e+01,1.562257e+01
1.278500e-10,0.000000e+00,0.000000e+00,0.000000e+00,8.090846e-05,2.899025e-04,5.944205e-04,4.718252e-04,6.304295e-04,6.304295e-04,1.323251e-04,5.639522e-04,2.938787e-05,1.600194e-06,2.566686e+01,2.098335e+01,1.574914e+01
1.279000e-10,0.000000e+00,0.000000e+00,0.000000e+00,8.087240e-05,2.922329e-04,5.907949e-04,4.724017e-04,6.398185e-04,6.398185e-04,1.367514e-04,5.845825e-04,3.102524e-05,1.693240e-06,2.571446e+01,2.106683e+01,1.587923e+01
1.279500e-10,0.000000e+00,0.000000e+00,0.000000e+00,8.098524e-05,2.915405e-04,5.853159e-04,4.766358e-04,6.447595e-04,6.447595e-04,1.448877e-04,6.048770e-04,3.274820e-05,1.791755e-06,2.576185e+01,2.115200e+01,1.601310e+01
1.280000e-10,0.000000e+00,0.000000e+00,0.000000e+00,8.112597e-05,2.875317e-04,5.781449e-04,4.843942e-04,6.447090e-04,6.447090e-04,1.564670e-04,6.244314e-04,3.456187e-05,1.896045e-06,2.580905e+01,2.123911e+01,1.615097e+01
1.280500e-10,0.000000e+00,0.000000e+00,0.000000e+00,8.117138e-05,2.802676e-04,5.695121e-04,4.954242e-04,6.393910e-04,6.393910e-04,1.711672e-04,6.427786e-04,3.647183e-05,2.006428e-06,2.585611e+01,2.132844e+01,1.629300e+01
1.281000e-10,0.000000e+00,0.000000e+00,0.000000e+00,8.101143e-05,2.701267e-04,5.597105e-04,5.093489e-04,6.288055e-04,6.288055e-04,1.886209e-04,6.594049e-04,3.848413e-05,2.123238e-06,2.590303e+01,2.142024e+01,1.643927e+01
1.281500e-10,0.000000e+00,0.000000e+00,0.000000e+00,8.056189e-05,2.577186e-04,5.490855e-04,5.256645e-04,6.132104e-04,6.132104e-04,2.084264e-04,6.737746e-04,4.060532e-05,2.246822e-06,2.594976e+01,2.151483e+01,1.658975e+01
1.282000e-10,0.000000e+00,0.000000e+00,0.000000e+00,7.977232e-05,2.437663e-04,5.380215e-04,5.437435e-04,5.930824e-04,5.930824e-04,2.301583e-04,6.853633e-04,4.284241e-05,2.377541e-06,2.599624e+01,2.161250e+01,1.674427e+01
1.282500e-10,0.000000e+00,0.000000e+00,0.000000e+00,7.862884e-05,2.289847e-04,5.269259e-04,5.628446e-04,5.690631e-04,5.690631e-04,2.533794e-04,6.936969e-04,4.520290e-05,2.515774e-06,2.604231e+01,2.171355e+01,1.690252e+01
1.283000e-10,0.000000e+00,0.000000e+00,0.000000e+00,7.715175e-05,2.139728e-04,5.162111e-04,5.821312e-04,5.419026e-04,5.419026e-04,2.776514e-04,6.983927e-04,4.769480e-05,2.661916e-06,2.608780e+01,2.181830e+01,1.706397e+01
1.283500e-10,0.000000e+00,0.000000e+00,0.000000e+00,7.538901e-05,1.991416e-04,5.062768e-04,6.007013e-04,5.124049e-04,5.124049e-04,3.025460e-04,6.991988e-04,5.032657e-05,2.816381e-06,2.613247e+01,2.192706e+01,1.722794e+01
1.284000e-10,0.000000e+00,0.000000e+00,0.000000e+00,7.340702e-05,1.846822e-04,4.974906e-04,6.176279e-04,4.813831e-04,4.813831e-04,3.276557e-04,6.960247e-04,5.310723e-05,2.979603e-06,2.617606e+01,2.204012e+01,1.739351e+01
1.284500e-10,0.000000e+00,0.000000e+00,0.000000e+00,7.128048e-05,1.705764e-04,4.901707e-04,6.320074e-04,4.496257e-04,4.496257e-04,3.526033e-04,6.889610e-04,5.604630e-05,3.152036e-06,2.621829e+01,2.215776e+01,1.755959e+01
1.285000e-10,0.000000e+00,0.000000e+00,0.000000e+00,6.908295e-05,1.566427e-04,4.845688e-04,6.430144e-04,4.178746e-04,4.178746e-04,3.770519e-04,6.782832e-04,5.915389e-05,3.334161e-06,2.625889e+01,2.228024e+01,1.772490e+01
1.285500e-10,0.000000e+00,0.000000e+00,0.000000e+00,6.687929e-05,1.426037e-04,4.808540e-04,6.499552e-04,3.868114e-04,3.868114e-04,4.007121e-04,6.644408e-04,6.244073e-05,3.526484e-06,2.629756e+01,2.240775e+01,1.788802e+01
1.286000e-10,0.000000e+00,0.000000e+00,0.000000e+00,6.472079e-05,1.281610e-04,4.790992e-04,6.523148e-04,3.570518e-04,3.570518e-04,4.233494e-04,6.480318e-04,6.591825e-05,3.729538e-06,2.633404e+01,2.254043e+01,1.804746e+01
1.286500e-10,0.000000e+00,0.000000e+00,0.000000e+00,6.264312e-05,1.130628e-04,4.792691e-04,6.497892e-04,3.291437e-04,3.291437e-04,4.447886e-04,6.297681e-04,6.959863e-05,3.943892e-06,2.636812e+01,2.267835e+01,1.820168e+01
1.287000e-10,0.000000e+00,0.000000e+00,0.000000e+00,6.066673e-05,9.715262e-05,4.812119e-04,6.423020e-04,3.035669e-04,3.035669e-04,4.649171e-04,6.104348e-04,7.349494e-05,4.170146e-06,2.639959e+01,2.282146e+01,1.834916e+01
1.287500e-10,0.000000e+00,0.000000e+00,0.000000e+00,5.879908e-05,8.039415e-05,4.846553e-04,6.299993e-04,2.807336e-04,2.807336e-04,4.836845e-04,5.908488e-04,7.762116e-05,4.408943e-06,2.642829e+01,2.296957e+01,1.848851e+01
1.288000e-10,0.000000e+00,0.000000e+00,0.000000e+00,5.703786e-05,6.287220e-05,4.892079e-04,6.132285e-04,2.609890e-04,2.609890e-04,5.011007e-04,5.718194e-04,8.199233e-05,4.660966e-06,2.645413e+01,2.312234e+01,1.861847e+01
1.288500e-10,0.000000e+00,0.000000e+00,0.000000e+00,5.537430e-05,4.477631e-05,4.943688e-04,5.925026e-04,2.446104e-04,2.446104e-04,5.172308e-04,5.541136e-04,8.662456e-05,4.926945e-06,2.647701e+01,2.327926e+01,1.873798e+01
1.289000e-10,0.000000e+00,0.000000e+00,0.000000e+00,5.379635e-05,2.637508e-05,4.995456e-04,5.684568e-04,2.318067e-04,2.318067e-04,5.321872e-04,5.384272e-04,9.153505e-05,5.207665e-06,2.649693e+01,2.343960e+01,1.884624e+01
1.289500e-10,0.000000e+00,0.000000e+00,0.000000e+00,5.229111e-05,7.988855e-06,5.040817e-04,5.418039e-04,2.227182e-04,2.227182e-04,5.461194e-04,5.253600e-04,9.674207e-05,5.503964e-06,2.651390e+01,2.360243e+01,1.894269e+01
1.290000e-10,0.000000e+00,0.000000e+00,0.000000e+00,5.084669e-05,-1.003476e-05,5.072924e-04,5.132918e-04,2.174161e-04,2.174161e-04,5.592017e-04,5.153963e-04,1.022648e-04,5.816744e-06,2.652798e+01,2.376661e+01,1.902703e+01
1.290500e-10,0.000000e+00,0.000000e+00,0.000000e+00,4.945333e-05,-2.734181e-05,5.085079e-04,4.836685e-04,2.159044e-04,2.159044e-04,5.716191e-04,5.088866e-04,1.081230e-04,6.146976e-06,2.653927e+01,2.393081e+01,1.909922e+01
1.291000e-10,0.000000e+00,0.000000e+00,0.000000e+00,4.810403e-05,-4.358994e-05,5.071176e-04,4.536541e-04,2.181227e-04,2.181227e-04,5.835519e-04,5.060324e-04,1.143369e-04,6.495703e-06,2.654789e+01,2.409355e+01,1.915946e+01
1.291500e-10,0.000000e+00,0.000000e+00,0.000000e+00,4.679456e-05,-5.846417e-05,5.026133e-04,4.239216e-04,2.239505e-04,2.239505e-04,5.951597e-04,5.068717e-04,1.209262e-04,6.864047e-06,2.655403e+01,2.425320e+01,1.920816e+01
1.292000e-10,0.000000e+00,0.000000e+00,0.000000e+00,4.552308e-05,-7.168992e-05,4.946234e-04,3.950841e-04,2.332130e-04,2.332130e-04,6.065657e-04,5.112660e-04,1.279097e-04,7.253218e-06,2.655787e+01,2.440811e+01,1.924594e+01
1.292500e-10,0.000000e+00,0.000000e+00,0.000000e+00,4.428951e-05,-8.304203e-05,4.829352e-04,3.676872e-04,2.456884e-04,2.456884e-04,6.178414e-04,5.188908e-04,1.353044e-04,7.664518e-06,2.655965e+01,2.455661e+01,1.927357e+01
1.293000e-10,0.000000e+00,0.000000e+00,0.000000e+00,4.309466e-05,-9.234854e-05,4.675019e-04,3.422057e-04,2.611155e-04,2.611155e-04,6.289931e-04,5.292317e-04,1.431244e-04,8.099349e-06,2.655963e+01,2.469712e+01,1.929193e+01
1.293500e-10,0.000000e+00,0.000000e+00,0.000000e+00,4.193952e-05,-9.948887e-05,4.484358e-04,3.190426e-04,2.792024e-04,2.792024e-04,6.399512e-04,5.415889e-04,1.513801e-04,8.559217e-06,2.655806e+01,2.482821e+01,1.930204e+01
1.294000e-10,0.000000e+00,0.000000e+00,0.000000e+00,4.082483e-05,-1.043872e-04,4.259885e-04,2.985293e-04,2.996340e-04,2.996340e-04,6.505638e-04,5.550952e-04,1.600769e-04,9.045739e-06,2.655526e+01,2.494862e+01,1.930497e+01
1.294500e-10,0.000000e+00,0.000000e+00,0.000000e+00,3.975092e-05,-1.070035e-04,4.005231e-04,2.809269e-04,3.220806e-04,3.220806e-04,6.605953e-04,5.687483e-04,1.692147e-04,9.560648e-06,2.655150e+01,2.505735e+01,1.930185e+01
1.295000e-10,0.000000e+00,0.000000e+00,0.000000e+00,3.871801e-05,-1.073237e-04,3.724832e-04,2.664279e-04,3.462044e-04,3.462044e-04,6.697331e-04,5.814614e-04,1.787877e-04,1.010580e-05,2.654711e+01,2.515365e+01,1.929383e+01
1.295500e-10,0.000000e+00,0.000000e+00,0.000000e+00,3.772678e-05,-1.053535e-04,3.423627e-04,2.551589e-04,3.716661e-04,3.716661e-04,6.776012e-04,5.921287e-04,1.887837e-04,1.068317e-05,2.654239e+01,2.523707e+01,1.928207e+01
1.296000e-10,0.000000e+00,0.000000e+00,0.000000e+00,3.677910e-05,-1.011152e-04,3.106791e-04,2.471832e-04,3.981304e-04,3.981304e-04,6.837833e-04,5.997012e-04,1.991853e-04,1.129486e-05,2.653764e+01,2.530741e+01,1.926771e+01
1.296500e-10,0.000000e+00,0.000000e+00,0.000000e+00,3.587873e-05,-9.465022e-05,2.779521e-04,2.425047e-04,4.252703e-04,4.252703e-04,6.878540e-04,6.032659e-04,2.099705e-04,1.194311e-05,2.653315e+01,2.536475e+01,1.925186e+01
1.297000e-10,0.000000e+00,0.000000e+00,0.000000e+00,3.503172e-05,-8.602688e-05,2.446886e-04,2.410723e-04,4.527706e-04,4.527706e-04,6.894157e-04,6.021150e-04,2.211141e-04,1.263028e-05,2.652919e+01,2.540942e+01,1.923559e+01
1.297500e-10,0.000000e+00,0.000000e+00,0.000000e+00,3.424641e-05,-7.535040e-05,2.113716e-04,2.427849e-04,4.803303e-04,4.803303e-04,6.881383e-04,5.957975e-04,2.325897e-04,1.335883e-05,2.652601e+01,2.544194e+01,1.921988e+01
1.298000e-10,0.000000e+00,0.000000e+00,0.000000e+00,3.353289e-05,-6.277487e-05,1.784539e-04,2.474978e-04,5.076641e-04,5.076641e-04,6.837972e-04,5.841443e-04,2.443713e-04,1.413139e-05,2.652384e+01,2.546304e+01,1.920567e+01
1.298500e-10,0.000000e+00,0.000000e+00,0.000000e+00,3.290195e-05,-4.851334e-05,1.463544e-04,2.550285e-04,5.345023e-04,5.345023e-04,6.763048e-04,5.672641e-04,2.564358e-04,1.495065e-05,2.652286e+01,2.547360e+01,1.919378e+01
1.299000e-10,0.000000e+00,0.000000e+00,0.000000e+00,3.236364e-05,-3.284402e-05,1.154552e-04,2.651639e-04,5.605899e-04,5.605899e-04,6.657305e-04,5.455138e-04,2.687643e-04,1.581946e-05,2.652325e+01,2.547463e+01,1.918497e+01
1.299500e-10,0.000000e+00,0.000000e+00,0.000000e+00,3.192552e-05,-1.611053e-05,8.610017e-05,2.776674e-04,5.856839e-04,5.856839e-04,6.523076e-04,5.194495e-04,2.813444e-04,1.674072e-05,2.652513e+01,2.546722e+01,1.917988e+01
1.300000e-10,0.000000e+00,0.000000e+00,0.000000e+00,3.159098e-05,1.285017e-06,5.859316e-05,2.922848e-04,6.095504e-04,6.095504e-04,6.364255e-04,4.897690e-04,2.941717e-04,1.771746e-05,2.652859e+01,2.545253e+01,1.917906e+01
1.300500e-10,0.000000e+00,0.000000e+00,0.000000e+00,3.135786e-05,1.889605e-05,3.319684e-05,3.087514e-04,6.319595e-04,6.319595e-04,6.186088e-04,4.572535e-04,3.072509e-04,1.875277e-05,2.653370e+01,2.543179e+01,1.918295e+01
1.301000e-10,0.000000e+00,0.000000e+00,0.000000e+00,3.121753e-05,3.625193e-05,1.013111e-05,3.267974e-04,6.526818e-04,6.526818e-04,5.994872e-04,4.227172e-04,3.205967e-04,1.984983e-05,2.654046e+01,2.540620e+01,1.919189e+01
1.301500e-10,0.000000e+00,0.000000e+00,0.000000e+00,3.115472e-05,5.288275e-05,-1.042800e-05,3.461527e-04,6.714841e-04,6.714841e-04,5.797594e-04,3.869677e-04,3.342346e-04,2.101186e-05,2.654887e+01,2.537698e+01,1.920611e+01
1.302000e-10,0.000000e+00,0.000000e+00,0.000000e+00,3.114818e-05,6.834616e-05,-2.834895e-05,3.665512e-04,6.881275e-04,6.881275e-04,5.601567e-04,3.507780e-04,3.482000e-04,2.224217e-05,2.655886e+01,2.534531e+01,1.922577e+01
1.302500e-10,0.000000e+00,0.000000e+00,0.000000e+00,3.117213e-05,8.225346e-05,-4.354457e-05,3.877342e-04,7.023683e-04,7.023683e-04,5.414076e-04,3.148706e-04,3.625376e-04,2.354412e-05,2.657035e+01,2.531233e+01,1.925092e+01
1.303000e-10,0.000000e+00,0.000000e+00,0.000000e+00,3.119838e-05,9.429253e-05,-5.597124e-05,4.094521e-04,7.139626e-04,7.139626e-04,5.242076e-04,2.799089e-04,3.772998e-04,2.492113e-05,2.658320e+01,2.527909e+01,1.928152e+01
1.303500e-10,0.000000e+00,0.000000e+00,0.000000e+00,3.119908e-05,1.042454e-04,-6.562706e-05,4.314660e-04,7.226747e-04,7.226747e-04,5.091940e-04,2.464939e-04,3.925437e-04,2.637669e-05,2.659725e+01,2.524660e+01,1.931747e+01
1.304000e-10,0.000000e+00,0.000000e+00,0.000000e+00,3.114957e-05,1.119994e-04,-7.254933e-05,4.535484e-04,7.282914e-04,7.282914e-04,4.969247e-04,2.151646e-04,4.083277e-04,2.791437e-05,2.661230e+01,2.521573e+01,1.935860e+01
1.304500e-10,0.000000e+00,0.000000e+00,0.000000e+00,3.103133e-05,1.175501e-04,-7.681145e-05,4.754821e-04,7.306380e-04,7.306380e-04,4.878624e-04,1.863977e-04,4.247071e-04,2.953785e-05,2.662813e+01,2.518729e+01,1.940467e+01
1.305000e-10,0.000000e+00,0.000000e+00,0.000000e+00,3.083453e-05,1.209970e-04,-7.851932e-05,4.970587e-04,7.295985e-04,7.295985e-04,4.823597e-04,1.606072e-04,4.417280e-04,3.125093e-05,2.664450e+01,2.516194e+01,1.945542e+01
1.305500e-10,0.000000e+00,0.000000e+00,0.000000e+00,3.055990e-05,1.225300e-04,-7.780757e-05,5.180773e-04,7.251344e-04,7.251344e-04,4.806465e-04,1.381439e-04,4.594213e-04,3.305759e-05,2.666113e+01,2.514027e+01,1.951051e+01
1.306000e-10,0.000000e+00,0.000000e+00,0.000000e+00,3.021971e-05,1.224059e-04,-7.483578e-05,5.383408e-04,7.173013e-04,7.173013e-04,4.828167e-04,1.192923e-04,4.777946e-04,3.496199e-05,2.667774e+01,2.512272e+01,1.956962e+01
1.306500e-10,0.000000e+00,0.000000e+00,0.000000e+00,2.983735e-05,1.209142e-04,-6.978482e-05,5.576531e-04,7.062611e-04,7.062611e-04,4.888157e-04,1.042680e-04,4.968238e-04,3.696857e-05,2.669404e+01,2.510963e+01,1.963237e+01
1.307000e-10,0.000000e+00,0.000000e+00,0.000000e+00,2.944541e-05,1.183321e-04,-6.285334e-05,5.758162e-04,6.922864e-04,6.922864e-04,4.984275e-04,9.321537e-05,5.164438e-04,3.908205e-05,2.670977e+01,2.510124e+01,1.969842e+01
1.307500e-10,0.000000e+00,0.000000e+00,0.000000e+00,2.908195e-05,1.148693e-04,-5.425448e-05,5.926270e-04,6.757574e-04,6.757574e-04,5.112651e-04,8.620513e-05,5.365393e-04,4.130754e-05,2.672466e+01,2.509767e+01,1.976738e+01
1.308000e-10,0.000000e+00,0.000000e+00,0.000000e+00,2.878498e-05,1.106138e-04,-4.421282e-05,6.078765e-04,6.571509e-04,6.571509e-04,5.267648e-04,8.323416e-05,5.569363e-04,4.365057e-05,2.673846e+01,2.509895e+01,1.983892e+01
1.308500e-10,0.000000e+00,0.000000e+00,0.000000e+00,2.858568e-05,1.054893e-04,-3.296137e-05,6.213490e-04,6.370226e-04,6.370226e-04,5.441893e-04,8.422635e-05,5.773942e-04,4.611717e-05,2.675095e+01,2.510503e+01,1.991270e+01
1.309000e-10,0.000000e+00,0.000000e+00,0.000000e+00,2.850133e-05,9.924440e-05,-2.073869e-05,6.328251e-04,6.159850e-04,6.159850e-04,5.626424e-04,8.903544e-05,5.976020e-04,4.871394e-05,2.676197e+01,2.511576e+01,1.998841e+01
1.309500e-10,0.000000e+00,0.000000e+00,0.000000e+00,2.852936e-05,9.148718e-05,-7.785955e-06,6.420864e-04,5.946823e-04,5.946823e-04,5.811000e-04,9.744962e-05,6.171783e-04,5.144811e-05,2.677137e+01,2.513092e+01,2.006578e+01
1.310000e-10,0.000000e+00,0.000000e+00,0.000000e+00,2.864422e-05,8.176952e-05,5.655915e-06,6.489239e-04,5.737658e-04,5.737658e-04,5.984568e-04,1.091976e-04,6.356776e-04,5.432756e-05,2.677905e+01,2.515025e+01,2.014457e+01
1.310500e-10,0.000000e+00,0.000000e+00,0.000000e+00,2.879849e-05,6.970596e-05,1.934920e-05,6.531482e-04,5.538704e-04,5.538704e-04,6.135906e-04,1.239562e-04,6.526042e-04,5.736097e-05,2.678495e+01,2.517341e+01,2.022457e+01
1.311000e-10,0.000000e+00,0.000000e+00,0.000000e+00,2.892834e-05,5.509606e-05,3.306229e-05,6.546034e-04,5.355936e-04,5.355936e-04,6.254367e-04,1.413587e-04,6.674345e-04,6.055775e-05,2.678905e+01,2.520004e+01,2.030562e+01
1.311500e-10,0.000000e+00,0.000000e+00,0.000000e+00,2.896293e-05,3.801258e-05,4.657251e-05,6.531802e-04,5.194782e-04,5.194782e-04,6.330668e-04,1.610042e-04,6.796475e-04,6.392818e-05,2.679134e+01,2.522972e+01,2.038759e+01
1.312000e-10,0.000000e+00,0.000000e+00,0.000000e+00,2.883540e-05,1.882527e-05,5.966883e-05,6.488305e-04,5.059967e-04,5.059967e-04,6.357594e-04,1.824674e-04,6.887615e-04,6.748337e-05,2.679183e+01,2.526203e+01,2.047041e+01
1.312500e-10,0.000000e+00,0.000000e+00,0.000000e+00,2.849320e-05,-1.849670e-06,7.215442e-05,6.415792e-04,4.955392e-04,4.955392e-04,6.330536e-04,2.053088e-04,6.943750e-04,7.123535e-05,2.679056e+01,2.529652e+01,2.055402e+01
1.313000e-10,0.000000e+00,0.000000e+00,0.000000e+00,2.790530e-05,-2.326014e-05,8.384889e-05,6.315325e-04,4.884024e-04,4.884024e-04,6.247759e-04,2.290849e-04,6.962049e-04,7.519705e-05,2.678755e+01,2.533274e+01,2.063841e+01
1.313500e-10,0.000000e+00,0.000000e+00,0.000000e+00,2.706480e-05,-4.465482e-05,9.459030e-05,6.188822e-04,4.847794e-04,4.847794e-04,6.110390e-04,2.533583e-04,6.941203e-04,7.938236e-05,2.678285e+01,2.537024e+01,2.072362e+01
1.314000e-10,0.000000e+00,0.000000e+00,0.000000e+00,2.598692e-05,-6.540484e-05,1.042369e-04,6.039044e-04,4.847503e-04,4.847503e-04,5.922129e-04,2.777084e-04,6.881646e-04,8.380616e-05,2.677651e+01,2.540858e+01,2.080969e+01
1.314500e-10,0.000000e+00,0.000000e+00,0.000000e+00,2.470336e-05,-8.507694e-05,1.126682e-04,5.869530e-04,4.882728e-04,4.882728e-04,5.688766e-04,3.017405e-04,6.785631e-04,8.848435e-05,2.676856e+01,2.544732e+01,2.089670e+01
1.315000e-10,0.000000e+00,0.000000e+00,0.000000e+00,2.325515e-05,-1.034426e-04,1.197865e-04,5.684485e-04,4.951736e-04,4.951736e-04,5.417598e-04,3.250962e-04,6.657167e-04,9.343394e-05,2.675906e+01,2.548604e+01,2.098478e+01
1.315500e-10,0.000000e+00,0.000000e+00,0.000000e+00,2.168597e-05,-1.204301e-04,1.255169e-04,5.488634e-04,5.051418e-04,5.051418e-04,5.116826e-04,3.474615e-04,6.501802e-04,9.867310e-05,2.674808e+01,2.552436e+01,2.107405e+01
1.316000e-10,0.000000e+00,0.000000e+00,0.000000e+00,2.003751e-05,-1.360430e-04,1.298077e-04,5.287052e-04,5.177246e-04,5.177246e-04,4.795028e-04,3.685749e-04,6.326311e-04,1.042213e-04,2.673570e+01,2.556191e+01,2.116468e+01
1.316500e-10,0.000000e+00,0.000000e+00,0.000000e+00,1.834752e-05,-1.502763e-04,1.326308e-04,5.084988e-04,5.323294e-04,5.323294e-04,4.460729e-04,3.882331e-04,6.138301e-04,1.100993e-04,2.672201e+01,2.559836e+01,2.125683e+01
1.317000e-10,0.000000e+00,0.000000e+00,0.000000e+00,1.665035e-05,-1.630559e-04,1.339804e-04,4.887691e-04,5.482332e-04,5.482332e-04,4.122098e-04,4.062961e-04,5.945808e-04,1.163295e-04,2.670714e+01,2.563340e+01,2.135071e+01
1.317500e-10,0.000000e+00,0.000000e+00,0.000000e+00,1.497874e-05,-1.742173e-04,1.338730e-04,4.700254e-04,5.646017e-04,5.646017e-04,3.786755e-04,4.226892e-04,5.756897e-04,1.229360e-04,2.669120e+01,2.566677e+01,2.144654e+01
1.318000e-10,0.000000e+00,0.000000e+00,0.000000e+00,1.336593e-05,-1.835234e-04,1.323458e-04,4.527472e-04,5.805211e-04,5.805211e-04,3.461659e-04,4.374026e-04,5.579307e-04,1.299447e-04,2.667434e+01,2.569822e+01,2.154453e+01
1.318500e-10,0.000000e+00,0.000000e+00,0.000000e+00,1.184668e-05,-1.907118e-04,1.294558e-04,4.373718e-04,5.950406e-04,5.950406e-04,3.153063e-04,4.504892e-04,5.420143e-04,1.373836e-04,2.665675e+01,2.572758e+01,2.164494e+01
1.319000e-10,0.000000e+00,0.000000e+00,0.000000e+00,1.045683e-05,-1.955536e-04,1.252780e-04,4.242848e-04,6.072261e-04,6.072261e-04,2.866489e-04,4.620597e-04,5.285619e-04,1.452827e-04,2.663858e+01,2.575466e+01,2.174802e+01
1.319500e-10,0.000000e+00,0.000000e+00,0.000000e+00,9.231110e-06,-1.979077e-04,1.199038e-04,4.138107e-04,6.162186e-04,6.162186e-04,2.606728e-04,4.722757e-04,5.180840e-04,1.536746e-04,2.662006e+01,2.577935e+01,2.185402e+01
1.320000e-10,0.000000e+00,0.000000e+00,0.000000e+00,8.199805e-06,-1.977560e-04,1.134392e-04,4.062054e-04,6.212927e-04,6.212927e-04,2.377835e-04,4.813413e-04,5.109615e-04,1.625938e-04,2.660139e+01,2.580155e+01,2.196321e+01
1.320500e-10,0.000000e+00,0.000000e+00,0.000000e+00,7.384938e-06,-1.952137e-04,1.060027e-04,4.016493e-04,6.219063e-04,6.219063e-04,2.183119e-04,4.894929e-04,5.074291e-04,1.720774e-04,2.658281e+01,2.582119e+01,2.207584e+01
1.321000e-10,0.000000e+00,0.000000e+00,0.000000e+00,6.796939e-06,-1.905135e-04,9.772366e-05,4.002400e-04,6.177370e-04,6.177370e-04,2.025134e-04,4.969886e-04,5.075593e-04,1.821643e-04,2.656454e+01,2.583826e+01,2.219217e+01
1.321500e-10,0.000000e+00,0.000000e+00,0.000000e+00,6.432537e-06,-1.839700e-04,8.873997e-05,4.019858e-04,6.086968e-04,6.086968e-04,1.905668e-04,5.040972e-04,5.112495e-04,1.928952e-04,2.654684e+01,2.585276e+01,2.231241e+01
1.322000e-10,0.000000e+00,0.000000e+00,0.000000e+00,6.274396e-06,-1.759318e-04,7.919599e-05,4.067987e-04,5.949278e-04,5.949278e-04,1.825736e-04,5.110860e-04,5.182100e-04,2.043116e-04,2.652995e+01,2.586470e+01,2.243674e+01
1.322500e-10,0.000000e+00,0.000000e+00,0.000000e+00,6.292664e-06,-1.667332e-04,6.924042e-05,4.144885e-04,5.767777e-04,5.767777e-04,1.785591e-04,5.182096e-04,5.279592e-04,2.164556e-04,2.651411e+01,2.587416e+01,2.256530e+01
1.323000e-10,0.000000e+00,0.000000e+00,0.000000e+00,6.448256e-06,-1.566509e-04,5.902414e-05,4.247573e-04,5.547618e-04,5.547618e-04,1.784749e-04,5.256980e-04,5.398261e-04,2.293685e-04,2.649953e+01,2.588122e+01,2.269814e+01
1.323500e-10,0.000000e+00,0.000000e+00,0.000000e+00,6.697400e-06,-1.458753e-04,4.869803e-05,4.371968e-04,5.295174e-04,5.295174e-04,1.822030e-04,5.337445e-04,5.529652e-04,2.430900e-04,2.648643e+01,2.588598e+01,2.283524e+01
1.324000e-10,0.000000e+00,0.000000e+00,0.000000e+00,6.996783e-06,-1.344977e-04,3.841078e-05,4.512888e-04,5.017575e-04,5.017575e-04,1.895621e-04,5.424950e-04,5.663878e-04,2.576571e-04,2.647496e+01,2.588858e+01,2.297646e+01
1.324500e-10,0.000000e+00,0.000000e+00,0.000000e+00,7.308535e-06,-1.225174e-04,2.830675e-05,4.664110e-04,4.722279e-04,4.722279e-04,2.003160e-04,5.520355e-04,5.790095e-04,2.731031e-04,2.646528e+01,2.588915e+01,2.312152e+01
1.325000e-10,0.000000e+00,0.000000e+00,0.000000e+00,7.604328e-06,-1.098645e-04,1.852387e-05,4.818497e-04,4.416722e-04,4.416722e-04,2.141823e-04,5.623823e-04,5.897149e-04,2.894567e-04,2.645748e+01,2.588788e+01,2.326998e+01
1.325500e-10,0.000000e+00,0.000000e+00,0.000000e+00,7.867964e-06,-9.643722e-05,9.191755e-06,4.968202e-04,4.108051e-04,4.108051e-04,2.308426e-04,5.734721e-04,5.974344e-04,3.067418e-04,2.645160e+01,2.588494e+01,2.342125e+01
1.326000e-10,0.000000e+00,0.000000e+00,0.000000e+00,8.096071e-06,-8.214603e-05,4.297870e-07,5.104964e-04,3.802942e-04,3.802942e-04,2.499525e-04,5.851553e-04,6.012242e-04,3.249778e-04,2.644768e+01,2.588052e+01,2.357456e+01
1.326500e-10,0.000000e+00,0.000000e+00,0.000000e+00,8.296799e-06,-6.695830e-05,-7.654456e-06,5.220480e-04,3.507481e-04,3.507481e-04,2.711517e-04,5.971916e-04,6.003399e-04,3.441799e-04,2.644567e+01,2.587484e+01,2.372894e+01
1.327000e-10,0.000000e+00,0.000000e+00,0.000000e+00,8.486738e-06,-5.093482e-05,-1.496664e-05,5.306837e-04,3.227102e-04,3.227102e-04,2.940730e-04,6.092523e-04,5.942923e-04,3.643610e-04,2.644553e+01,2.586812e+01,2.388329e+01
1.327500e-10,0.000000e+00,0.000000e+00,0.000000e+00,8.686561e-06,-3.425131e-05,-2.142684e-05,5.356969e-04,2.966556e-04,2.966556e-04,3.183507e-04,6.209276e-04,5.828766e-04,3.855336e-04,2.644715e+01,2.586056e+01,2.403633e+01
1.328000e-10,0.000000e+00,0.000000e+00,0.000000e+00,8.916133e-06,-1.720036e-05,-2.697043e-05,5.365089e-04,2.729900e-04,2.729900e-04,3.436284e-04,6.317433e-04,5.661728e-04,4.077119e-04,2.645042e+01,2.585240e+01,2.418669e+01
1.328500e-10,0.000000e+00,0.000000e+00,0.000000e+00,9.189901e-06,-1.726844e-07,-3.154875e-05,5.327038e-04,2.520499e-04,2.520499e-04,3.695651e-04,6.411848e-04,5.445181e-04,4.309150e-04,2.645521e+01,2.584386e+01,2.433296e+01
1.329000e-10,0.000000e+00,0.000000e+00,0.000000e+00,9.513325e-06,1.637901e-05,-3.512946e-05,5.240528e-04,2.341027e-04,2.341027e-04,3.958415e-04,6.487305e-04,5.184590e-04,4.551697e-04,2.646135e+01,2.583516e+01,2.447368e+01
1.329500e-10,0.000000e+00,0.000000e+00,0.000000e+00,9.880922e-06,3.198727e-05,-3.769661e-05,5.105220e-04,2.193475e-04,2.193475e-04,4.221638e-04,6.538905e-04,4.886925e-04,4.805131e-04,2.646870e+01,2.582652e+01,2.460747e+01
1.330000e-10,0.000000e+00,0.000000e+00,0.000000e+00,1.027618e-05,4.621958e-05,-3.925055e-05,4.922660e-04,2.079163e-04,2.079163e-04,4.482684e-04,6.562482e-04,4.560060e-04,5.069953e-04,2.647708e+01,2.581814e+01,2.473302e+01
1.330500e-10,0.000000e+00,0.000000e+00,0.000000e+00,1.067326e-05,5.872229e-05,-3.980751e-05,4.696074e-04,1.998757e-04,1.998757e-04,4.739241e-04,6.555001e-04,4.212246e-04,5.346808e-04,2.648633e+01,2.581022e+01,2.484922e+01
1.331000e-10,0.000000e+00,0.000000e+00,0.000000e+00,1.104018e-05,6.925172e-05,-3.939904e-05,4.430071e-04,1.952293e-04,1.952293e-04,4.989336e-04,6.514889e-04,3.851682e-04,5.636495e-04,2.649626e+01,2.580294e+01,2.495509e+01
1.331500e-10,0.000000e+00,0.000000e+00,0.000000e+00,1.134285e-05,7.768894e-05,-3.807121e-05,4.130282e-04,1.939216e-04,1.939216e-04,5.231334e-04,6.442246e-04,3.486228e-04,5.939957e-04,2.650671e+01,2.579646e+01,2.504991e+01
1.332000e-10,0.000000e+00,0.000000e+00,0.000000e+00,1.154929e-05,8.403748e-05,-3.588358e-05,3.803004e-04,1.958422e-04,1.958422e-04,5.463921e-04,6.338918e-04,3.123220e-04,6.258254e-04,2.651750e+01,2.579094e+01,2.513317e+01
1.332500e-10,0.000000e+00,0.000000e+00,0.000000e+00,1.163354e-05,8.840630e-05,-3.290806e-05,3.454864e-04,2.008324e-04,2.008324e-04,5.686058e-04,6.208417e-04,2.769382e-04,6.592508e-04,2.652843e+01,2.578649e+01,2.520462e+01
1.333000e-10,0.000000e+00,0.000000e+00,0.000000e+00,1.157851e-05,9.098203e-05,-2.922754e-05,3.092534e-04,2.086914e-04,2.086914e-04,5.896929e-04,6.055716e-04,2.430796e-04,6.943822e-04,2.653933e+01,2.578321e+01,2.526422e+01
1.333500e-10,0.000000e+00,0.000000e+00,0.000000e+00,1.137770e-05,9.199542e-05,-2.493438e-05,2.722513e-04,2.191842e-04,2.191842e-04,6.095852e-04,5.886935e-04,2.112897e-04,7.313155e-04,2.655002e+01,2.578119e+01,2.531215e+01
1.334000e-10,0.000000e+00,0.000000e+00,0.000000e+00,1.103540e-05,9.168694e-05,-2.012867e-05,2.350968e-04,2.320492e-04,2.320492e-04,6.282192e-04,5.708975e-04,1.820486e-04,7.701159e-04,2.656030e+01,2.578047e+01,2.534882e+01
1.334500e-10,0.000000e+00,0.000000e+00,0.000000e+00,1.056568e-05,9.027590e-05,-1.491648e-05,1.983622e-04,2.470066e-04,2.470066e-04,6.455251e-04,5.529147e-04,1.557726e-04,8.107964e-04,2.657001e+01,2.578108e+01,2.537477e+01
1.335000e-10,0.000000e+00,0.000000e+00,0.000000e+00,9.990150e-06,8.793698e-05,-9.407902e-06,1.625690e-04,2.637655e-04,2.637655e-04,6.614165e-04,5.354811e-04,1.328138e-04,8.532920e-04,2.657898e+01,2.578303e+01,2.539071e+01
1.335500e-10,0.000000e+00,0.000000e+00,0.000000e+00,9.335068e-06,8.478677e-05,-3.715030e-06,1.281838e-04,2.820316e-04,2.820316e-04,6.757818e-04,5.193071e-04,1.134573e-04,8.974295e-04,2.658706e+01,2.578630e+01,2.539749e+01
1.336000e-10,0.000000e+00,0.000000e+00,0.000000e+00,8.628146e-06,8.088167e-05,2.050054e-06,9.561612e-05,3.015135e-04,3.015135e-04,6.884774e-04,5.050510e-04,9.791903e-05,9.428943e-04,2.659411e+01,2.579083e+01,2.539604e+01
1.336500e-10,0.000000e+00,0.000000e+00,0.000000e+00,7.895528e-06,7.622697e-05,7.777314e-06,6.521766e-05,3.219284e-04,3.219284e-04,6.993256e-04,4.932988e-04,8.634214e-05,9.891978e-04,2.660001e+01,2.579656e+01,2.538736e+01
1.337000e-10,0.000000e+00,0.000000e+00,0.000000e+00,7.159383e-06,7.079523e-05,1.336072e-05,3.728155e-05,3.430072e-04,3.430072e-04,7.081176e-04,4.845463e-04,7.879503e-05,1.035649e-03,2.660469e+01,2.580340e+01,2.537251e+01
1.337500e-10,0.000000e+00,0.000000e+00,0.000000e+00,6.436412e-06,6.455070e-05,1.870010e-05,1.204268e-05,3.644986e-04,3.644986e-04,7.146227e-04,4.791848e-04,7.527020e-05,1.081335e-03,2.660806e+01,2.581125e+01,2.535257e+01
1.338000e-10,0.000000e+00,0.000000e+00,0.000000e+00,5.737441e-06,5.747575e-05,2.370279e-05,-1.032170e-05,3.861722e-04,3.861722e-04,7.186034e-04,4.774869e-04,7.568512e-05,1.125122e-03,2.661010e+01,2.581999e+01,2.532863e+01
1.338500e-10,0.000000e+00,0.000000e+00,0.000000e+00,5.068073e-06,4.959501e-05,2.828515e-05,-2.969066e-05,4.078212e-04,4.078212e-04,7.198361e-04,4.795930e-04,7.988504e-05,1.165674e-03,2.661080e+01,2.582948e+01,2.530176e+01
1.339000e-10,0.000000e+00,0.000000e+00,0.000000e+00,4.430235e-06,4.099333e-05,3.237379e-05,-4.599755e-05,4.292635e-04,4.292635e-04,7.181361e-04,4.854969e-04,8.764804e-05,1.201506e-03,2.661017e+01,2.583957e+01,2.527300e+01
1.339500e-10,0.000000e+00,0.000000e+00,0.000000e+00,3.824306e-06,3.182458e-05,3.590653e-05,-5.922700e-05,4.503425e-04,4.503425e-04,7.133826e-04,4.950317e-04,9.869188e-05,1.231061e-03,2.660824e+01,2.585012e+01,2.524335e+01
1.340000e-10,0.000000e+00,0.000000e+00,0.000000e+00,3.251435e-06,2.230942e-05,3.883311e-05,-6.941113e-05,4.709260e-04,4.709260e-04,7.055432e-04,5.078583e-04,1.126825e-04,1.252817e-03,2.660507e+01,2.586096e+01,2.521373e+01
1.340500e-10,0.000000e+00,0.000000e+00,0.000000e+00,2.715593e-06,1.272190e-05,4.111569e-05,-7.662496e-05,4.909050e-04,4.909050e-04,6.946920e-04,5.234563e-04,1.292436e-04,1.265403e-03,2.660074e+01,2.587193e+01,2.518501e+01
1.341000e-10,0.000000e+00,0.000000e+00,0.000000e+00,2.224979e-06,3.365994e-06,4.272897e-05,-8.098120e-05,5.101898e-04,5.101898e-04,6.810207e-04,5.411250e-04,1.479670e-04,1.267720e-03,2.659535e+01,2.588288e+01,2.515796e+01
1.341500e-10,0.000000e+00,0.000000e+00,0.000000e+00,1.792456e-06,-5.455068e-06,4.366018e-05,-8.262475e-05,5.287063e-04,5.287063e-04,6.648401e-04,5.599939e-04,1.684232e-04,1.259036e-03,2.658900e+01,2.589366e+01,2.513327e+01
1.342000e-10,0.000000e+00,0.000000e+00,0.000000e+00,1.434861e-06,-1.347254e-05,4.390886e-05,-8.172711e-05,5.463893e-04,5.463893e-04,6.465722e-04,5.790499e-04,1.901723e-04,1.239057e-03,2.658182e+01,2.590411e+01,2.511151e+01
1.342500e-10,0.000000e+00,0.000000e+00,0.000000e+00,1.171198e-06,-2.048404e-05,4.348636e-05,-7.848098e-05,5.631769e-04,5.631769e-04,6.267338e-04,5.971818e-04,2.127746e-04,1.207955e-03,2.657395e+01,2.591409e+01,2.509320e+01
1.343000e-10,0.000000e+00,0.000000e+00,0.000000e+00,1.019941e-06,-2.637826e-05,4.241529e-05,-7.309527e-05,5.790023e-04,5.790023e-04,6.059135e-04,6.132421e-04,2.358015e-04,1.166345e-03,2.656552e+01,2.592347e+01,2.507872e+01
1.343500e-10,0.000000e+00,0.000000e+00,0.000000e+00,9.958374e-07,-3.114809e-05,4.072881e-05,-6.579073e-05,5.937864e-04,5.937864e-04,5.847455e-04,6.261226e-04,2.588458e-04,1.115236e-03,2.655672e+01,2.593213e+01,2.506836e+01
1.344000e-10,0.000000e+00,0.000000e+00,0.000000e+00,1.106732e-06,-3.488906e-05,3.846969e-05,-5.679617e-05,6.074316e-04,6.074316e-04,5.638817e-04,6.348354e-04,2.815322e-04,1.055943e-03,2.654769e+01,2.593998e+01,2.506234e+01
1.344500e-10,0.000000e+00,0.000000e+00,0.000000e+00,1.350970e-06,-3.778268e-05,3.568946e-05,-4.634533e-05,6.198156e-04,6.198156e-04,5.439656e-04,6.385896e-04,3.035259e-04,9.899918e-04,2.653863e+01,2.594692e+01,2.506077e+01
1.345000e-10,0.000000e+00,0.000000e+00,0.000000e+00,1.715882e-06,-4.006673e-05,3.244723e-05,-3.467431e-05,6.307889e-04,6.307889e-04,5.256087e-04,6.368516e-04,3.245409e-04,9.190167e-04,2.652970e+01,2.595287e+01,2.506368e+01
1.345500e-10,0.000000e+00,0.000000e+00,0.000000e+00,2.177715e-06,-4.199697e-05,2.880859e-05,-2.201954e-05,6.401747e-04,6.401747e-04,5.093698e-04,6.293806e-04,3.443465e-04,8.446680e-04,2.652109e+01,2.595778e+01,2.507101e+01
1.346000e-10,0.000000e+00,0.000000e+00,0.000000e+00,2.703126e-06,-4.380665e-05,2.484435e-05,-8.615957e-06,6.477729e-04,6.477729e-04,4.957381e-04,6.162332e-04,3.627708e-04,7.685339e-04,2.651296e+01,2.596162e+01,2.508266e+01
1.346500e-10,0.000000e+00,0.000000e+00,0.000000e+00,3.252119e-06,-4.567026e-05,2.062915e-05,5.304534e-06,6.533690e-04,6.533690e-04,4.851189e-04,5.977404e-04,3.797033e-04,6.920803e-04,2.650547e+01,2.596435e+01,2.509845e+01
1.347000e-10,0.000000e+00,0.000000e+00,0.000000e+00,3.782064e-06,-4.767757e-05,1.624010e-05,1.951462e-05,6.567462e-04,6.567462e-04,4.778211e-04,5.744611e-04,3.950941e-04,6.166097e-04,2.649877e+01,2.596599e+01,2.511813e+01
1.347500e-10,0.000000e+00,0.000000e+00,0.000000e+00,4.252255e-06,-4.982173e-05,1.175528e-05,3.379317e-05,6.577023e-04,6.577023e-04,4.740464e-04,5.471232e-04,4.089520e-04,5.432377e-04,2.649297e+01,2.596653e+01,2.514142e+01
1.348000e-10,0.000000e+00,0.000000e+00,0.000000e+00,4.628370e-06,-5.200295e-05,7.252326e-06,4.792691e-05,6.560685e-04,6.560685e-04,4.738782e-04,5.165616e-04,4.213400e-04,4.728840e-04,2.648815e+01,2.596600e+01,2.516800e+01
1.348500e-10,0.000000e+00,0.000000e+00,0.000000e+00,4.886229e-06,-5.404637e-05,2.806941e-06,6.171225e-05,6.517291e-04,6.517291e-04,4.772722e-04,4.836611e-04,4.323701e-04,4.062757e-04,2.648436e+01,2.596447e+01,2.519751e+01
1.349000e-10,0.000000e+00,0.000000e+00,0.000000e+00,5.014341e-06,-5.573052e-05,-1.508474e-06,7.495722e-05,6.446400e-04,6.446400e-04,4.840472e-04,4.493106e-04,4.421970e-04,3.439577e-04,2.648164e+01,2.596198e+01,2.522957e+01
1.349500e-10,0.000000e+00,0.000000e+00,0.000000e+00,5.014939e-06,-5.682156e-05,-5.626108e-06,8.748347e-05,6.348428e-04,6.348428e-04,4.938776e-04,4.143685e-04,4.510110e-04,2.863098e-04,2.647997e+01,2.595860e+01,2.526376e+01
1.350000e-10,0.000000e+00,0.000000e+00,0.000000e+00,4.903391e-06,-5.710773e-05,-9.483877e-06,9.912815e-05,6.224747e-04,6.224747e-04,5.062901e-04,3.796408e-04,4.590306e-04,2.335657e-04,2.647931e+01,2.595443e+01,2.529969e+01
1.350500e-10,0.000000e+00,0.000000e+00,0.000000e+00,4.706130e-06,-5.642930e-05,-1.302640e-05,1.097458e-04,6.077709e-04,6.077709e-04,5.206664e-04,3.458680e-04,4.664956e-04,1.858345e-04,2.647959e+01,2.594957e+01,2.533693e+01
1.351000e-10,0.000000e+00,0.000000e+00,0.000000e+00,4.457392e-06,-5.470053e-05,-1.620577e-05,1.192099e-04,5.910603e-04,5.910603e-04,5.362543e-04,3.137182e-04,4.736593e-04,1.431203e-04,2.648073e+01,2.594411e+01,2.537505e+01
1.351500e-10,0.000000e+00,0.000000e+00,0.000000e+00,4.195193e-06,-5.192187e-05,-1.898211e-05,1.274142e-04,5.727547e-04,5.727547e-04,5.521897e-04,2.837849e-04,4.807814e-04,1.053419e-04,2.648262e+01,2.593818e+01,2.541366e+01
1.352000e-10,0.000000e+00,0.000000e+00,0.000000e+00,3.956998e-06,-4.818234e-05,-2.132392e-05,1.342738e-04,5.533328e-04,5.533328e-04,5.675311e-04,2.565847e-04,4.881207e-04,7.235030e-05,2.648516e+01,2.593189e+01,2.545234e+01
1.352500e-10,0.000000e+00,0.000000e+00,0.000000e+00,3.775563e-06,-4.365310e-05,-2.320823e-05,1.397259e-04,5.333208e-04,5.333208e-04,5.813070e-04,2.325568e-04,4.959277e-04,4.394412e-05,2.648824e+01,2.592536e+01,2.549071e+01
1.353000e-10,0.000000e+00,0.000000e+00,0.000000e+00,3.675314e-06,-3.857395e-05,-2.462052e-05,1.437296e-04,5.132716e-04,5.132716e-04,5.925718e-04,2.120616e-04,5.044367e-04,1.988321e-05,2.649174e+01,2.591871e+01,2.552841e+01
1.353500e-10,0.000000e+00,0.000000e+00,0.000000e+00,3.669631e-06,-3.323411e-05,-2.555455e-05,1.462663e-04,4.937434e-04,4.937434e-04,6.004682e-04,1.953789e-04,5.138575e-04,-9.989792e-08,2.649558e+01,2.591207e+01,2.556510e+01
1.354000e-10,0.000000e+00,0.000000e+00,0.000000e+00,3.759240e-06,-2.794849e-05,-2.601194e-05,1.473391e-04,4.752807e-04,4.752807e-04,6.042858e-04,1.827065e-04,5.243668e-04,-1.629042e-05,2.649966e+01,2.590556e+01,2.560047e+01
1.354500e-10,0.000000e+00,0.000000e+00,0.000000e+00,3.931923e-06,-2.303030e-05,-2.600177e-05,1.469719e-04,4.583962e-04,4.583962e-04,6.035109e-04,1.741598e-04,5.360979e-04,-2.898331e-05,2.650391e+01,2.589930e+01,2.563423e+01
1.355000e-10,0.000000e+00,0.000000e+00,0.000000e+00,4.163599e-06,-1.876111e-05,-2.554005e-05,1.452082e-04,4.435561e-04,4.435561e-04,5.978587e-04,1.697720e-04,5.491302e-04,-3.847671e-05,2.650826e+01,2.589338e+01,2.566614e+01
1.355500e-10,0.000000e+00,0.000000e+00,0.000000e+00,4.420761e-06,-1.536086e-05,-2.464910e-05,1.421103e-04,4.311671e-04,4.311671e-04,5.872852e-04,1.694967e-04,5.634779e-04,-4.506671e-05,2.651265e+01,2.588790e+01,2.569597e+01
1.356000e-10,0.000000e+00,0.000000e+00,0.000000e+00,4.664100e-06,-1.296131e-05,-2.335701e-05,1.377573e-04,4.215646e-04,4.215646e-04,5.719764e-04,1.732122e-04,5.790784e-04,-4.904300e-05,2.651702e+01,2.588297e+01,2.572356e+01
1.356500e-10,0.000000e+00,0.000000e+00,0.000000e+00,4.852957e-06,-1.158782e-05,-2.169699e-05,1.322435e-04,4.150035e-04,4.150035e-04,5.523206e-04,1.807271e-04,5.957808e-04,-5.068554e-05,2.652133e+01,2.587865e+01,2.574875e+01
1.357000e-10,0.000000e+00,0.000000e+00,0.000000e+00,4.950103e-06,-1.115402e-05,-1.970680e-05,1.256766e-04,4.116482e-04,4.116482e-04,5.288662e-04,1.917887e-04,6.133374e-04,-5.026178e-05,2.652552e+01,2.587501e+01,2.577143e+01
1.357500e-10,0.000000e+00,0.000000e+00,0.000000e+00,4.926203e-06,-1.147238e-05,-1.742812e-05,1.181760e-04,4.115642e-04,4.115642e-04,5.022751e-04,2.060921e-04,6.313976e-04,-4.802464e-05,2.652952e+01,2.587210e+01,2.579153e+01
1.358000e-10,0.000000e+00,0.000000e+00,0.000000e+00,4.763346e-06,-1.228073e-05,-1.490594e-05,1.098703e-04,4.147087e-04,4.147087e-04,4.732762e-04,2.232897e-04,6.495092e-04,-4.421084e-05,2.653328e+01,2.586997e+01,2.580900e+01
1.358500e-10,0.000000e+00,0.000000e+00,0.000000e+00,4.457061e-06,-1.328143e-05,-1.218789e-05,1.008955e-04,4.209233e-04,4.209233e-04,4.426239e-04,2.430025e-04,6.671268e-04,-3.903970e-05,2.653672e+01,2.586863e+01,2.582385e+01
1.359000e-10,0.000000e+00,0.000000e+00,0.000000e+00,4.016528e-06,-1.418666e-05,-9.323601e-06,9.139295e-05,4.299272e-04,4.299272e-04,4.110658e-04,2.648302e-04,6.836317e-04,-3.271237e-05,2.653977e+01,2.586811e+01,2.583610e+01
1.359500e-10,0.000000e+00,0.000000e+00,0.000000e+00,3.462930e-06,-1.476204e-05,-6.363949e-06,8.150709e-05,4.413127e-04,4.413127e-04,3.793182e-04,2.883616e-04,6.983634e-04,-2.541123e-05,2.654234e+01,2.586838e+01,2.584580e+01
1.360000e-10,0.000000e+00,0.000000e+00,0.000000e+00,2.826225e-06,-1.486057e-05,-3.360303e-06,7.138337e-05,4.545459e-04,4.545459e-04,3.480500e-04,3.131846e-04,7.106614e-04,-1.729964e-05,2.654436e+01,2.586945e+01,2.585304e+01
1.360500e-10,0.000000e+00,0.000000e+00,0.000000e+00,2.140884e-06,-1.444107e-05,-3.637117e-07,6.116625e-05,4.689729e-04,4.689729e-04,3.178727e-04,3.388959e-04,7.199171e-04,-8.521959e-06,2.654575e+01,2.587128e+01,2.585793e+01
1.361000e-10,0.000000e+00,0.000000e+00,0.000000e+00,1.441274e-06,-1.356809e-05,2.575944e-06,5.099709e-05,4.838348e-04,4.838348e-04,2.893349e-04,3.651095e-04,7.256275e-04,7.962814e-07,2.654646e+01,2.587383e+01,2.586062e+01
1.361500e-10,0.000000e+00,0.000000e+00,0.000000e+00,7.574465e-07,-1.239363e-05,5.410792e-06,4.101225e-05,4.982914e-04,4.982914e-04,2.629188e-04,3.914650e-04,7.274471e-04,1.054801e-05,2.654642e+01,2.587704e+01,2.586125e+01
1.362000e-10,0.000000e+00,0.000000e+00,0.000000e+00,1.119565e-07,-1.112431e-05,8.095798e-06,3.134121e-05,5.114558e-04,5.114558e-04,2.390391e-04,4.176354e-04,7.252281e-04,2.064407e-05,2.654561e+01,2.588087e+01,2.586002e+01
1.362500e-10,0.000000e+00,0.000000e+00,0.000000e+00,-4.818119e-07,-9.979664e-06,1.058954e-05,2.210485e-05,5.224386e-04,5.224386e-04,2.180413e-04,4.433334e-04,7.190439e-04,3.101252e-05,2.654400e+01,2.588524e+01,2.585712e+01
1.363000e-10,0.000000e+00,0.000000e+00,0.000000e+00,-1.019621e-06,-9.148526e-06,1.285490e-05,1.341377e-05,5.303972e-04,5.303972e-04,2.002009e-04,4.683166e-04,7.091920e-04,4.159788e-05,2.654160e+01,2.589008e+01,2.585277e+01
1.363500e-10,0.000000e+00,0.000000e+00,0.000000e+00,-1.504728e-06,-8.750357e-06,1.485965e-05,5.366915e-06,5.345883e-04,5.345883e-04,1.857229e-04,4.923915e-04,6.961761e-04,5.236018e-05,2.653843e+01,2.589530e+01,2.584720e+01
1.364000e-10,0.000000e+00,0.000000e+00,0.000000e+00,-1.944942e-06,-8.807720e-06,1.657690e-05,-1.949736e-06,5.344148e-04,5.344148e-04,1.747417e-04,5.154146e-04,6.806698e-04,6.327409e-05,2.653451e+01,2.590082e+01,2.584063e+01
1.364500e-10,0.000000e+00,0.000000e+00,0.000000e+00,-2.348930e-06,-9.234376e-06,1.798543e-05,-8.464243e-06,5.294639e-04,5.294639e-04,1.673217e-04,5.372921e-04,6.634681e-04,7.432787e-05,2.652991e+01,2.590657e+01,2.583331e+01
1.365000e-10,0.000000e+00,0.000000e+00,0.000000e+00,-2.722437e-06,-9.841480e-06,1.906987e-05,-1.411953e-05,5.195290e-04,5.195290e-04,1.634595e-04,5.579762e-04,6.454337e-04,8.552233e-05,2.652467e+01,2.591244e+01,2.582548e+01
1.365500e-10,0.000000e+00,0.000000e+00,0.000000e+00,-3.065127e-06,-1.036181e-05,1.982073e-05,-1.887400e-05,5.046149e-04,5.046149e-04,1.630872e-04,5.774589e-04,6.274425e-04,9.686980e-05,2.651887e+01,2.591836e+01,2.581737e+01
1.366000e-10,0.000000e+00,0.000000e+00,0.000000e+00,-3.368657e-06,-1.048917e-05,2.023439e-05,-2.270184e-05,4.849250e-04,4.849250e-04,1.660770e-04,5.957623e-04,6.103337e-04,1.083931e-04,2.651259e+01,2.592424e+01,2.580923e+01
1.366500e-10,0.000000e+00,0.000000e+00,0.000000e+00,-3.616412e-06,-9.927376e-06,2.031292e-05,-2.559313e-05,4.608350e-04,4.608350e-04,1.722476e-04,6.129278e-04,5.948668e-04,1.201243e-04,2.650590e+01,2.593001e+01,2.580127e+01
1.367000e-10,0.000000e+00,0.000000e+00,0.000000e+00,-3.785073e-06,-8.440748e-06,2.006387e-05,-2.755361e-05,4.328561e-04,4.328561e-04,1.813715e-04,6.290016e-04,5.816858e-04,1.321038e-04,2.649890e+01,2.593558e+01,2.579371e+01
1.367500e-10,0.000000e+00,0.000000e+00,0.000000e+00,-3.847812e-06,-5.897213e-06,1.950001e-05,-2.860417e-05,4.015955e-04,4.015955e-04,1.931830e-04,6.440201e-04,5.712896e-04,1.443792e-04,2.649169e+01,2.594088e+01,2.578675e+01
1.368000e-10,0.000000e+00,0.000000e+00,0.000000e+00,-3.778638e-06,-2.295478e-06,1.863905e-05,-2.878011e-05,3.677173e-04,3.677173e-04,2.073872e-04,6.579956e-04,5.640078e-04,1.570038e-04,2.648438e+01,2.594586e+01,2.578056e+01
1.368500e-10,0.000000e+00,0.000000e+00,0.000000e+00,-3.557134e-06,2.229502e-06,1.750325e-05,-2.813017e-05,3.319079e-04,3.319079e-04,2.236683e-04,6.709017e-04,5.599814e-04,1.700356e-04,2.647708e+01,2.595044e+01,2.577529e+01
1.369000e-10,0.000000e+00,0.000000e+00,0.000000e+00,-3.172713e-06,7.424500e-06,1.611911e-05,-2.671520e-05,2.948487e-04,2.948487e-04,2.416987e-04,6.826636e-04,5.591478e-04,1.835358e-04,2.646993e+01,2.595459e+01,2.577109e+01
1.369500e-10,0.000000e+00,0.000000e+00,0.000000e+00,-2.627603e-06,1.295639e-05,1.451688e-05,-2.460679e-05,2.571958e-04,2.571958e-04,2.611473e-04,6.931511e-04,5.612312e-04,1.975673e-04,2.646305e+01,2.595826e+01,2.576805e+01
1.370000e-10,0.000000e+00,0.000000e+00,0.000000e+00,-1.937975e-06,1.846369e-05,1.273014e-05,-2.188564e-05,2.195662e-04,2.195662e-04,2.816864e-04,7.021781e-04,5.657424e-04,2.121930e-04,2.645660e+01,2.596141e+01,2.576626e+01
1.370500e-10,0.000000e+00,0.000000e+00,0.000000e+00,-1.132951e-06,2.361137e-05,1.079520e-05,-1.863977e-05,1.825292e-04,1.825292e-04,3.029990e-04,7.095094e-04,5.719900e-04,2.274743e-04,2.645069e+01,2.596403e+01,2.576577e+01
1.371000e-10,0.000000e+00,0.000000e+00,0.000000e+00,-2.516546e-07,2.813865e-05,8.750502e-06,-1.496276e-05,1.466012e-04,1.466012e-04,3.247850e-04,7.148744e-04,5.791084e-04,2.434694e-04,2.644549e+01,2.596608e+01,2.576660e+01
1.371500e-10,0.000000e+00,0.000000e+00,0.000000e+00,6.612103e-07,3.189128e-05,6.635876e-06,-1.095178e-05,1.122436e-04,1.122436e-04,3.467660e-04,7.179890e-04,5.861030e-04,2.602319e-04,2.644109e+01,2.596758e+01,2.576875e+01
1.372000e-10,0.000000e+00,0.000000e+00,0.000000e+00,1.560511e-06,3.483328e-05,4.491795e-06,-6.705773e-06,7.986097e-05,7.986097e-05,3.686904e-04,7.185829e-04,5.919157e-04,2.778096e-04,2.643762e+01,2.596850e+01,2.577220e+01
1.372500e-10,0.000000e+00,0.000000e+00,0.000000e+00,2.405722e-06,3.703727e-05,2.358525e-06,-2.323524e-06,4.980006e-05,4.980006e-05,3.903371e-04,7.164308e-04,5.955034e-04,2.962439e-04,2.643516e+01,2.596887e+01,2.577688e+01
1.373000e-10,0.000000e+00,0.000000e+00,0.000000e+00,3.165068e-06,3.865688e-05,2.752885e-07,2.098082e-06,2.234932e-05,2.234932e-05,4.115183e-04,7.113840e-04,5.959241e-04,3.155696e-04,2.643376e+01,2.596870e+01,2.578272e+01
1.373500e-10,0.000000e+00,0.000000e+00,0.000000e+00,3.818185e-06,3.988756e-05,-1.720574e-06,6.465761e-06,-2.261531e-06,-2.261531e-06,4.320815e-04,7.033976e-04,5.924179e-04,3.358156e-04,2.643347e+01,2.596800e+01,2.578961e+01
1.374000e-10,0.000000e+00,0.000000e+00,0.000000e+00,4.357010e-06,4.092371e-05,-3.594386e-06,1.069137e-05,-2.386150e-05,-2.386150e-05,4.519111e-04,6.925511e-04,5.844708e-04,3.570064e-04,2.643428e+01,2.596682e+01,2.579744e+01
1.374500e-10,0.000000e+00,0.000000e+00,0.000000e+00,4.784898e-06,4.192004e-05,-5.314834e-06,1.469331e-05,-4.233745e-05,-4.233745e-05,4.709271e-04,6.790579e-04,5.718510e-04,3.791637e-04,2.643618e+01,2.596518e+01,2.580608e+01
1.375000e-10,0.000000e+00,0.000000e+00,0.000000e+00,5.114279e-06,4.296339e-05,-6.854551e-06,1.839766e-05,-5.763240e-05,-5.763240e-05,4.890839e-04,6.632643e-04,5.546141e-04,4.023095e-04,2.643910e+01,2.596313e+01,2.581537e+01
1.375500e-10,0.000000e+00,0.000000e+00,0.000000e+00,5.363323e-06,4.405855e-05,-8.190577e-06,2.173927e-05,-6.974266e-05,-6.974266e-05,5.063663e-04,6.456359e-04,5.330768e-04,4.264689e-04,2.644299e+01,2.596072e+01,2.582516e+01
1.376000e-10,0.000000e+00,0.000000e+00,0.000000e+00,5.552234e-06,4.512906e-05,-9.304664e-06,2.466245e-05,-7.871385e-05,-7.871385e-05,5.227847e-04,6.267358e-04,5.077682e-04,4.516729e-04,2.644774e+01,2.595798e+01,2.583529e+01
1.376500e-10,0.000000e+00,0.000000e+00,0.000000e+00,5.699724e-06,4.603091e-05,-1.018344e-05,2.712165e-05,-8.463605e-05,-8.463605e-05,5.383681e-04,6.071957e-04,4.793678e-04,4.779620e-04,2.645328e+01,2.595498e+01,2.584558e+01
1.377000e-10,0.000000e+00,0.000000e+00,0.000000e+00,5.820161e-06,4.657547e-05,-1.081846e-05,2.908174e-05,-8.763818e-05,-8.763818e-05,5.531556e-04,5.876841e-04,4.486424e-04,5.053884e-04,2.645948e+01,2.595178e+01,2.585588e+01
1.377500e-10,0.000000e+00,0.000000e+00,0.000000e+00,5.921686e-06,4.655663e-05,-1.120610e-05,3.051826e-05,-8.788197e-05,-8.788197e-05,5.671872e-04,5.688744e-04,4.163898e-04,5.340181e-04,2.646623e+01,2.594842e+01,2.586601e+01
1.378000e-10,0.000000e+00,0.000000e+00,0.000000e+00,6.005437e-06,4.577765e-05,-1.134740e-05,3.141736e-05,-8.555595e-05,-8.555595e-05,5.804933e-04,5.514154e-04,3.833953e-04,5.639321e-04,2.647343e+01,2.594497e+01,2.587583e+01
1.378500e-10,0.000000e+00,0.000000e+00,0.000000e+00,6.065813e-06,4.407370e-05,-1.124778e-05,3.177564e-05,-8.086973e-05,-8.086973e-05,5.930844e-04,5.359046e-04,3.504026e-04,5.952251e-04,2.648095e+01,2.594149e+01,2.588518e+01
1.379000e-10,0.000000e+00,0.000000e+00,0.000000e+00,6.091608e-06,4.132765e-05,-1.091675e-05,3.159976e-05,-7.404872e-05,-7.404872e-05,6.049413e-04,5.228658e-04,3.180972e-04,6.280035e-04,2.648869e+01,2.593802e+01,2.589393e+01
1.379500e-10,0.000000e+00,0.000000e+00,0.000000e+00,6.067726e-06,3.747855e-05,-1.036756e-05,3.090596e-05,-6.532964e-05,-6.532964e-05,6.160067e-04,5.127301e-04,2.871000e-04,6.623794e-04,2.649654e+01,2.593463e+01,2.590195e+01
1.380000e-10,0.000000e+00,0.000000e+00,0.000000e+00,5.977227e-06,3.252341e-05,-9.616847e-06,2.971945e-05,-5.495673e-05,-5.495673e-05,6.261788e-04,5.058190e-04,2.579676e-04,6.984623e-04,2.650439e+01,2.593137e+01,2.590914e+01
1.380500e-10,0.000000e+00,0.000000e+00,0.000000e+00,5.803415e-06,2.651389e-05,-8.684214e-06,2.807364e-05,-4.317868e-05,-4.317868e-05,6.353093e-04,5.023296e-04,2.311946e-04,7.363466e-04,2.651213e+01,2.592828e+01,2.591540e+01
1.381000e-10,0.000000e+00,0.000000e+00,0.000000e+00,5.531795e-06,1.955024e-05,-7.591885e-06,2.600929e-05,-3.024616e-05,-3.024616e-05,6.432044e-04,5.023214e-04,2.072169e-04,7.760940e-04,2.651966e+01,2.592542e+01,2.592066e+01
1.381500e-10,0.000000e+00,0.000000e+00,0.000000e+00,5.151767e-06,1.177410e-05,-6.364297e-06,2.357362e-05,-1.640985e-05,-1.640985e-05,6.496316e-04,5.057031e-04,1.864130e-04,8.177121e-04,2.652686e+01,2.592281e+01,2.592487e+01
1.382000e-10,0.000000e+00,0.000000e+00,0.000000e+00,4.657967e-06,3.361262e-06,-5.027707e-06,2.081928e-05,-1.918631e-06,-1.918631e-06,6.543322e-04,5.122231e-04,1.691033e-04,8.611269e-04,2.653364e+01,2.592050e+01,2.592798e+01
1.382500e-10,0.000000e+00,0.000000e+00,0.000000e+00,4.051232e-06,-5.485400e-06,-3.609781e-06,1.780331e-05,1.298206e-05,1.298206e-05,6.570381e-04,5.214627e-04,1.555465e-04,9.061519e-04,2.653989e+01,2.591852e+01,2.592999e+01
1.383000e-10,0.000000e+00,0.000000e+00,0.000000e+00,3.339147e-06,-1.454340e-05,-2.139181e-06,1.458606e-05,2.805194e-05,2.805194e-05,6.574938e-04,5.328363e-04,1.459355e-04,9.524542e-04,2.654551e+01,2.591688e+01,2.593088e+01
1.383500e-10,0.000000e+00,0.000000e+00,0.000000e+00,2.536130e-06,-2.357940e-05,-6.451262e-07,1.123002e-05,4.305777e-05,4.305777e-05,6.554805e-04,5.456013e-04,1.403911e-04,9.995209e-04,2.655041e+01,2.591561e+01,2.593070e+01
1.384000e-10,0.000000e+00,0.000000e+00,0.000000e+00,1.663022e-06,-3.235985e-05,8.430650e-07,7.798748e-06,5.777542e-05,5.777542e-05,6.508408e-04,5.588798e-04,1.389572e-04,1.046631e-03,2.655448e+01,2.591471e+01,2.592947e+01
1.384500e-10,0.000000e+00,0.000000e+00,0.000000e+00,7.461531e-07,-4.066334e-05,2.296447e-06,4.355680e-06,7.199211e-05,7.199211e-05,6.435012e-04,5.716960e-04,1.415971e-04,1.092836e-03,2.655765e+01,2.591420e+01,2.592724e+01
1.385000e-10,0.000000e+00,0.000000e+00,0.000000e+00,-1.841121e-07,-4.829368e-05,3.686941e-06,9.630526e-07,8.550879e-05,8.550879e-05,6.334893e-04,5.830282e-04,1.481920e-04,1.136965e-03,2.655986e+01,2.591406e+01,2.592410e+01
1.385500e-10,0.000000e+00,0.000000e+00,0.000000e+00,-1.095277e-06,-5.509198e-05,4.987839e-06,-2.319189e-06,9.814249e-05,9.814249e-05,6.209439e-04,5.918725e-04,1.585427e-04,1.177646e-03,2.656104e+01,2.591430e+01,2.592012e+01
1.386000e-10,0.000000e+00,0.000000e+00,0.000000e+00,-1.954921e-06,-6.094557e-05,6.174305e-06,-5.434412e-06,1.097286e-04,1.097286e-04,6.061168e-04,5.973139e-04,1.723743e-04,1.213362e-03,2.656116e+01,2.591490e+01,2.591541e+01
1.386500e-10,0.000000e+00,0.000000e+00,0.000000e+00,-2.733001e-06,-6.579193e-05,7.223876e-06,-8.330242e-06,1.201228e-04,1.201228e-04,5.893660e-04,5.985944e-04,1.893445e-04,1.242536e-03,2.656021e+01,2.591585e+01,2.591007e+01
1.387000e-10,0.000000e+00,0.000000e+00,0.000000e+00,-3.404007e-06,-6.961662e-05,8.116924e-06,-1.095943e-05,1.292029e-04,1.292029e-04,5.711407e-04,5.951701e-04,2.090532e-04,1.263641e-03,2.655819e+01,2.591711e+01,2.590422e+01
1.387500e-10,0.000000e+00,0.000000e+00,0.000000e+00,-3.948697e-06,-7.244497e-05,8.837081e-06,-1.328061e-05,1.368702e-04,1.368702e-04,5.519616e-04,5.867478e-04,2.310563e-04,1.275320e-03,2.655514e+01,2.591866e+01,2.589798e+01
1.388000e-10,0.000000e+00,0.000000e+00,0.000000e+00,-4.355217e-06,-7.432894e-05,9.371603e-06,-1.525893e-05,1.430499e-04,1.430499e-04,5.323968e-04,5.732968e-04,2.548789e-04,1.276507e-03,2.655111e+01,2.592047e+01,2.589149e+01
1.388500e-10,0.000000e+00,0.000000e+00,0.000000e+00,-4.619444e-06,-7.533111e-05,9.711645e-06,-1.686654e-05,1.476922e-04,1.476922e-04,5.130371e-04,5.550357e-04,2.800304e-04,1.266523e-03,2.654618e+01,2.592250e+01,2.588486e+01
1.389000e-10,0.000000e+00,0.000000e+00,0.000000e+00,-4.744542e-06,-7.550868e-05,9.852458e-06,-1.808298e-05,1.507715e-04,1.507715e-04,4.944713e-04,5.323972e-04,3.060202e-04,1.245143e-03,2.654044e+01,2.592472e+01,2.587823e+01
1.389500e-10,0.000000e+00,0.000000e+00,0.000000e+00,-4.739789e-06,-7.490002e-05,9.793465e-06,-1.889537e-05,1.522863e-04,1.522863e-04,4.772646e-04,5.059798e-04,3.323721e-04,1.212610e-03,2.653402e+01,2.592709e+01,2.587172e+01
1.390000e-10,0.000000e+00,0.000000e+00,0.000000e+00,-4.618875e-06,-7.351626e-05,9.538241e-06,-1.929845e-05,1.522583e-04,1.522583e-04,4.619390e-04,4.764937e-04,3.586397e-04,1.169620e-03,2.652703e+01,2.592956e+01,2.586546e+01
1.390500e-10,0.000000e+00,0.000000e+00,0.000000e+00,-4.397910e-06,-7.133910e-05,9.094377e-06,-1.929453e-05,1.507309e-04,1.507309e-04,4.489563e-04,4.447091e-04,3.844199e-04,1.117252e-03,2.651963e+01,2.593209e+01,2.585956e+01
1.391000e-10,0.000000e+00,0.000000e+00,0.000000e+00,-4.093429e-06,-6.832521e-05,8.473246e-06,-1.889318e-05,1.477683e-04,1.477683e-04,4.387045e-04,4.114133e-04,4.093653e-04,1.056886e-03,2.651195e+01,2.593465e+01,2.585412e+01
1.391500e-10,0.000000e+00,0.000000e+00,0.000000e+00,-3.720675e-06,-6.441646e-05,7.689675e-06,-1.811092e-05,1.434529e-04,1.434529e-04,4.314845e-04,3.773767e-04,4.331945e-04,9.900953e-04,2.650414e+01,2.593718e+01,2.584924e+01
1.392000e-10,0.000000e+00,0.000000e+00,0.000000e+00,-3.292353e-06,-5.955415e-05,6.761540e-06,-1.697065e-05,1.378843e-04,1.378843e-04,4.274988e-04,3.433310e-04,4.556999e-04,9.185516e-04,2.649634e+01,2.593966e+01,2.584500e+01
1.392500e-10,0.000000e+00,0.000000e+00,0.000000e+00,-2.818020e-06,-5.369508e-05,5.709313e-06,-1.550108e-05,1.311768e-04,1.311768e-04,4.268408e-04,3.099558e-04,4.767523e-04,8.439261e-04,2.648870e+01,2.594203e+01,2.584148e+01
1.393000e-10,0.000000e+00,0.000000e+00,0.000000e+00,-2.304124e-06,-4.682684e-05,4.555555e-06,-1.373596e-05,1.234573e-04,1.234573e-04,4.294837e-04,2.778712e-04,4.963016e-04,7.678153e-04,2.648134e+01,2.594427e+01,2.583872e+01
1.393500e-10,0.000000e+00,0.000000e+00,0.000000e+00,-1.754633e-06,-3.898012e-05,3.324401e-06,-1.171335e-05,1.148633e-04,1.148633e-04,4.352712e-04,2.476360e-04,5.143745e-04,6.916822e-04,2.647440e+01,2.594635e+01,2.583677e+01
1.394000e-10,0.000000e+00,0.000000e+00,0.000000e+00,-1.172120e-06,-3.023611e-05,2.041032e-06,-9.474736e-06,1.055404e-04,1.055404e-04,4.439091e-04,2.197459e-04,5.310678e-04,6.168182e-04,2.646798e+01,2.594822e+01,2.583566e+01
1.394500e-10,0.000000e+00,0.000000e+00,0.000000e+00,-5.590737e-07,-2.072800e-05,7.311558e-07,-7.064155e-06,9.564009e-05,9.564009e-05,4.549608e-04,1.946333e-04,5.465390e-04,5.443213e-04,2.646219e+01,2.594987e+01,2.583539e+01
1.395000e-10,0.000000e+00,0.000000e+00,0.000000e+00,8.077755e-08,-1.063622e-05,-5.794912e-07,-4.527316e-06,8.531765e-05,8.531765e-05,4.678478e-04,1.726657e-04,5.609939e-04,4.750896e-04,2.645712e+01,2.595127e+01,2.583596e+01
1.395500e-10,0.000000e+00,0.000000e+00,0.000000e+00,7.413727e-07,-1.781938e-07,-1.865625e-06,-1.910705e-06,7.472949e-05,7.472949e-05,4.818579e-04,1.541437e-04,5.746722e-04,4.098262e-04,2.645284e+01,2.595241e+01,2.583736e+01
1.396000e-10,0.000000e+00,0.000000e+00,0.000000e+00,1.413623e-06,1.040597e-05,-3.102865e-06,7.392755e-07,6.403110e-05,6.403110e-05,4.961641e-04,1.392984e-04,5.878312e-04,3.490515e-04,2.644942e+01,2.595328e+01,2.583955e+01
1.396500e-10,0.000000e+00,0.000000e+00,0.000000e+00,2.085234e-06,2.086992e-05,-4.268151e-06,3.377129e-06,5.337464e-05,5.337464e-05,5.098546e-04,1.282885e-04,6.007286e-04,2.931209e-04,2.644689e+01,2.595386e+01,2.584249e+01
1.397000e-10,0.000000e+00,0.000000e+00,0.000000e+00,2.741079e-06,3.097740e-05,-5.340143e-06,5.959029e-06,4.290685e-05,4.290685e-05,5.219752e-04,1.211986e-04,6.136057e-04,2.422454e-04,2.644531e+01,2.595415e+01,2.584613e+01
1.397500e-10,0.000000e+00,0.000000e+00,0.000000e+00,3.364053e-06,4.051639e-05,-6.299575e-06,8.443519e-06,3.276690e-05,3.276690e-05,5.315818e-04,1.180388e-04,6.266694e-04,1.965126e-04,2.644467e+01,2.595415e+01,2.585039e+01
1.398000e-10,0.000000e+00,0.000000e+00,0.000000e+00,3.936300e-06,4.930945e-05,-7.129582e-06,1.079213e-05,2.308442e-05,2.308442e-05,5.377992e-04,1.187456e-04,6.400756e-04,1.559077e-04,2.644498e+01,2.595387e+01,2.585521e+01
1.398500e-10,0.000000e+00,0.000000e+00,0.000000e+00,4.440619e-06,5.721922e-05,-7.815990e-06,1.296992e-05,1.397771e-05,1.397771e-05,5.398790e-04,1.231856e-04,6.539131e-04,1.203330e-04,2.644622e+01,2.595333e+01,2.586050e+01
1.399000e-10,0.000000e+00,0.000000e+00,0.000000e+00,4.861865e-06,6.414905e-05,-8.347559e-06,1.494591e-05,5.552069e-06,5.552069e-06,5.372506e-04,1.311608e-04,6.681899e-04,8.962546e-05,2.644835e+01,2.595252e+01,2.586619e+01
1.399500e-10,0.000000e+00,0.000000e+00,0.000000e+00,5.188144e-06,7.003906e-05,-8.716176e-06,1.669346e-05,-2.101609e-06,-2.101609e-06,5.295574e-04,1.424150e-04,6.828214e-04,6.357237e-05,2.645132e+01,2.595148e+01,2.587217e+01
1.400000e-10,0.000000e+00,0.000000e+00,0.000000e+00,5.411676e-06,7.485909e-05,-8.916994e-06,1.819051e-05,-8.907980e-06,-8.907980e-06,5.166743e-04,1.566427e-04,6.976235e-04,4.192498e-05,2.645505e+01,2.595023e+01,2.587836e+01
1.400500e-10,0.000000e+00,0.000000e+00,0.000000e+00,5.529204e-06,7.859967e-05,-8.948500e-06,1.941975e-05,-1.480816e-05,-1.480816e-05,4.987030e-04,1.734978e-04,7.123113e-04,2.440990e-05,2.645947e+01,2.594878e+01,2.588467e+01
1.401000e-10,0.000000e+00,0.000000e+00,0.000000e+00,5.541948e-06,8.126291e-05,-8.812518e-06,2.036874e-05,-1.976032e-05,-1.976032e-05,4.759502e-04,1.926034e-04,7.265050e-04,1.073874e-05,2.646446e+01,2.594717e+01,2.589100e+01
1.401500e-10,0.000000e+00,0.000000e+00,0.000000e+00,5.455129e-06,8.285457e-05,-8.514137e-06,2.102986e-05,-2.373994e-05,-2.373994e-05,4.488908e-04,2.135612e-04,7.397459e-04,6.160702e-07,2.646993e+01,2.594543e+01,2.589727e+01
1.402000e-10,0.000000e+00,0.000000e+00,0.000000e+00,5.277154e-06,8.337858e-05,-8.061565e-06,2.140028e-05,-2.673980e-05,-2.673980e-05,4.181236e-04,2.359616e-04,7.515227e-04,-6.254106e-06,2.647575e+01,2.594359e+01,2.590339e+01
1.402500e-10,0.000000e+00,0.000000e+00,0.000000e+00,5.018599e-06,8.283464e-05,-7.465908e-06,2.148180e-05,-2.876958e-05,-2.876958e-05,3.843264e-04,2.593928e-04,7.613070e-04,-1.016308e-05,2.648180e+01,2.594168e+01,2.590929e+01
1.403000e-10,0.000000e+00,0.000000e+00,0.000000e+00,4.691141e-06,8.121917e-05,-6.740888e-06,2.128062e-05,-2.985521e-05,-2.985521e-05,3.482153e-04,2.834499e-04,7.685983e-04,-1.139327e-05,2.648795e+01,2.593974e+01,2.591489e+01
1.403500e-10,0.000000e+00,0.000000e+00,0.000000e+00,4.306573e-06,7.852929e-05,-5.902504e-06,2.080712e-05,-3.003787e-05,-3.003787e-05,3.105105e-04,3.077442e-04,7.729719e-04,-1.021486e-05,2.649410e+01,2.593780e+01,2.592012e+01
1.404000e-10,0.000000e+00,0.000000e+00,0.000000e+00,3.876056e-06,7.476911e-05,-4.968645e-06,2.007551e-05,-2.937271e-05,-2.937271e-05,2.719120e-04,3.319115e-04,7.741259e-04,-6.883269e-06,2.650011e+01,2.593590e+01,2.592494e+01
1.404500e-10,0.000000e+00,0.000000e+00,0.000000e+00,3.409655e-06,6.995733e-05,-3.958674e-06,1.910350e-05,-2.792740e-05,-2.792740e-05,2.330822e-04,3.556203e-04,7.719200e-04,-1.637122e-06,2.650588e+01,2.593406e+01,2.592927e+01
1.405000e-10,0.000000e+00,0.000000e+00,0.000000e+00,2.916228e-06,6.413463e-05,-2.892991e-06,1.791188e-05,-2.578041e-05,-2.578041e-05,1.946360e-04,3.785790e-04,7.664007e-04,5.303210e-06,2.651130e+01,2.593232e+01,2.593310e+01
1.405500e-10,0.000000e+00,0.000000e+00,0.000000e+00,2.403625e-06,5.736969e-05,-1.792594e-06,1.652412e-05,-2.301914e-05,-2.301914e-05,1.571349e-04,4.005430e-04,7.578082e-04,1.373667e-05,2.651629e+01,2.593070e+01,2.593638e+01
1.406000e-10,0.000000e+00,0.000000e+00,0.000000e+00,1.879123e-06,4.976246e-05,-6.786367e-07,1.496594e-05,-1.973799e-05,-1.973799e-05,1.210847e-04,4.213193e-04,7.465645e-04,2.348219e-05,2.652075e+01,2.592924e+01,2.593909e+01
1.406500e-10,0.000000e+00,0.000000e+00,0.000000e+00,1.349998e-06,4.144392e-05,4.279823e-07,1.326482e-05,-1.603626e-05,-1.603626e-05,8.693404e-05,4.407709e-04,7.332431e-04,3.437911e-05,2.652463e+01,2.592794e+01,2.594121e+01
1.407000e-10,0.000000e+00,0.000000e+00,0.000000e+00,8.240703e-07,3.257182e-05,1.507023e-06,1.144955e-05,-1.201615e-05,-1.201615e-05,5.507333e-05,4.588182e-04,7.185263e-04,4.628723e-05,2.652787e+01,2.592685e+01,2.594275e+01
1.407500e-10,0.000000e+00,0.000000e+00,0.000000e+00,3.101041e-07,2.332298e-05,2.539267e-06,9.549763e-06,-7.780727e-06,-7.780727e-06,2.583410e-05,4.754391e-04,7.031530e-04,5.908666e-05,2.653041e+01,2.592596e+01,2.594371e+01
1.408000e-10,0.000000e+00,0.000000e+00,0.000000e+00,-1.820526e-07,1.388274e-05,3.506856e-06,7.595454e-06,-3.431940e-06,-3.431940e-06,-5.122353e-07,4.906665e-04,6.878648e-04,7.267743e-05,2.653224e+01,2.592529e+01,2.594410e+01
1.408500e-10,0.000000e+00,0.000000e+00,0.000000e+00,-6.416571e-07,4.433353e-06,4.393585e-06,5.616526e-06,9.312104e-07,9.312104e-07,-2.375521e-05,5.045835e-04,6.733528e-04,8.697879e-05,2.653334e+01,2.592486e+01,2.594394e+01
1.409000e-10,0.000000e+00,0.000000e+00,0.000000e+00,-1.057587e-06,-4.857247e-06,5.185166e-06,3.642339e-06,5.214378e-06,5.214378e-06,-4.374568e-05,5.173160e-04,6.602098e-04,1.019283e-04,2.653370e+01,2.592466e+01,2.594325e+01
1.409500e-10,0.000000e+00,0.000000e+00,0.000000e+00,-1.419122e-06,-1.384442e-05,5.869452e-06,1.701279e-06,9.329407e-06,9.329407e-06,-6.039520e-05,5.290242e-04,6.488892e-04,1.174809e-04,2.653334e+01,2.592470e+01,2.594208e+01
1.410000e-10,0.000000e+00,0.000000e+00,0.000000e+00,-1.716877e-06,-2.241234e-05,6.436611e-06,-1.796437e-07,1.319567e-05,1.319567e-05,-7.367413e-05,5.398914e-04,6.396713e-04,1.336069e-04,2.653228e+01,2.592496e+01,2.594045e+01
1.410500e-10,0.000000e+00,0.000000e+00,0.000000e+00,-1.943736e-06,-3.047520e-05,6.879267e-06,-1.975170e-06,1.674121e-05,1.674121e-05,-8.360842e-05,5.501121e-04,6.326379e-04,1.502911e-04,2.653057e+01,2.592546e+01,2.593843e+01
1.411000e-10,0.000000e+00,0.000000e+00,0.000000e+00,-2.095635e-06,-3.797427e-05,7.192586e-06,-3.662131e-06,1.990364e-05,1.990364e-05,-9.027500e-05,5.598791e-04,6.276575e-04,1.675302e-04,2.652825e+01,2.592616e+01,2.593605e+01
1.411500e-10,0.000000e+00,0.000000e+00,0.000000e+00,-2.172040e-06,-4.487139e-05,7.374314e-06,-5.219749e-06,2.263082e-05,2.263082e-05,-9.379608e-05,5.693698e-04,6.243813e-04,1.853309e-04,2.652539e+01,2.592706e+01,2.593337e+01
1.412000e-10,0.000000e+00,0.000000e+00,0.000000e+00,-2.176050e-06,-5.114021e-05,7.424760e-06,-6.629890e-06,2.488136e-05,2.488136e-05,-9.433283e-05,5.787336e-04,6.222548e-04,2.037078e-04,2.652206e+01,2.592814e+01,2.593045e+01
1.412500e-10,0.000000e+00,0.000000e+00,0.000000e+00,-2.114066e-06,-5.675692e-05,7.346726e-06,-7.877277e-06,2.662485e-05,2.662485e-05,-9.207863e-05,5.880785e-04,6.205465e-04,2.226811e-04,2.651834e+01,2.592938e+01,2.592733e+01
1.413000e-10,0.000000e+00,0.000000e+00,0.000000e+00,-1.995074e-06,-6.169203e-05,7.145382e-06,-8.949642e-06,2.784192e-05,2.784192e-05,-8.725257e-05,5.974598e-04,6.183956e-04,2.422739e-04,2.651432e+01,2.593076e+01,2.592409e+01
1.413500e-10,0.000000e+00,0.000000e+00,0.000000e+00,-1.829637e-06,-6.590471e-05,6.828085e-06,-9.837839e-06,2.852410e-05,2.852410e-05,-8.009339e-05,6.068706e-04,6.148781e-04,2.625110e-04,2.651009e+01,2.593225e+01,2.592077e+01
1.414000e-10,0.000000e+00,0.000000e+00,0.000000e+00,-1.628724e-06,-6.934061e-05,6.404158e-06,-1.053589e-05,2.867353e-05,2.867353e-05,-7.085418e-05,6.162342e-04,6.090867e-04,2.834175e-04,2.650573e+01,2.593383e+01,2.591743e+01
1.414500e-10,0.000000e+00,0.000000e+00,0.000000e+00,-1.402543e-06,-7.193351e-05,5.884618e-06,-1.104100e-05,2.830245e-05,2.830245e-05,-5.979791e-05,6.254013e-04,6.002150e-04,3.050172e-04,2.650133e+01,2.593546e+01,2.591412e+01
1.415000e-10,0.000000e+00,0.000000e+00,0.000000e+00,-1.159542e-06,-7.361040e-05,5.281889e-06,-1.135347e-05,2.743261e-05,2.743261e-05,-4.719390e-05,6.341505e-04,5.876364e-04,3.273335e-04,2.649699e+01,2.593713e+01,2.591089e+01
1.415500e-10,0.000000e+00,0.000000e+00,0.000000e+00,-9.056971e-07,-7.429924e-05,4.609479e-06,-1.147663e-05,2.609457e-05,2.609457e-05,-3.331491e-05,6.421956e-04,5.709626e-04,3.503895e-04,2.649276e+01,2.593879e+01,2.590780e+01
1.416000e-10,0.000000e+00,0.000000e+00,0.000000e+00,-6.441784e-07,-7.393797e-05,3.881668e-06,-1.141669e-05,2.432677e-05,2.432677e-05,-1.843490e-05,6.491989e-04,5.500763e-04,3.742096e-04,2.648873e+01,2.594044e+01,2.590489e+01
1.416500e-10,0.000000e+00,0.000000e+00,0.000000e+00,-3.754233e-07,-7.248362e-05,3.113182e-06,-1.118250e-05,2.217467e-05,2.217467e-05,-2.827004e-06,6.547907e-04,5.251301e-04,3.988215e-04,2.648496e+01,2.594203e+01,2.590218e+01
1.417000e-10,0.000000e+00,0.000000e+00,0.000000e+00,-9.758956e-08,-6.992003e-05,2.318902e-06,-1.078537e-05,1.968969e-05,1.968969e-05,1.323834e-05,6.585960e-04,4.965174e-04,4.242583e-04,2.648151e+01,2.594355e+01,2.589973e+01
1.417500e-10,0.000000e+00,0.000000e+00,0.000000e+00,1.926847e-07,-6.626349e-05,1.513574e-06,-1.023875e-05,1.692810e-05,1.692810e-05,2.949539e-05,6.602645e-04,4.648202e-04,4.505614e-04,2.647842e+01,2.594496e+01,2.589755e+01
1.418000e-10,0.000000e+00,0.000000e+00,0.000000e+00,4.993185e-07,-6.156562e-05,7.115674e-07,-9.557985e-06,1.394991e-05,1.394991e-05,4.568538e-05,6.595030e-04,4.307472e-04,4.777829e-04,2.647573e+01,2.594626e+01,2.589567e+01
1.418500e-10,0.000000e+00,0.000000e+00,0.000000e+00,8.257435e-07,-5.591341e-05,-7.334579e-08,-8.759952e-06,1.081770e-05,1.081770e-05,6.155902e-05,6.561069e-04,3.950705e-04,5.059876e-04,2.647349e+01,2.594742e+01,2.589410e+01
1.419000e-10,0.000000e+00,0.000000e+00,0.000000e+00,1.173897e-06,-4.942676e-05,-8.281767e-07,-7.862748e-06,7.595382e-06,7.595382e-06,7.687927e-05,6.499854e-04,3.585720e-04,5.352548e-04,2.647171e+01,2.594843e+01,2.589286e+01
1.419500e-10,0.000000e+00,0.000000e+00,0.000000e+00,1.543363e-06,-4.225373e-05,-1.540875e-06,-6.885334e-06,4.347037e-06,4.347037e-06,9.142437e-05,6.411796e-04,3.220022e-04,5.656784e-04,2.647042e+01,2.594927e+01,2.589195e+01
1.420000e-10,0.000000e+00,0.000000e+00,0.000000e+00,1.930740e-06,-3.456410e-05,-2.200455e-06,-5.847194e-06,1.135713e-06,1.135713e-06,1.049907e-04,6.298688e-04,2.860538e-04,5.973661e-04,2.646963e+01,2.594993e+01,2.589137e+01
1.420500e-10,0.000000e+00,0.000000e+00,0.000000e+00,2.329313e-06,-2.654165e-05,-2.797110e-06,-4.767983e-06,-1.977717e-06,-1.977717e-06,1.173958e-04,6.163663e-04,2.513489e-04,6.304362e-04,2.646936e+01,2.595040e+01,2.589111e+01
1.421000e-10,0.000000e+00,0.000000e+00,0.000000e+00,2.729062e-06,-1.837559e-05,-3.322294e-06,-3.667202e-06,-4.935650e-06,-4.935650e-06,1.284807e-04,6.011040e-04,2.184355e-04,6.650117e-04,2.646961e+01,2.595069e+01,2.589117e+01
1.421500e-10,0.000000e+00,0.000000e+00,0.000000e+00,3.117009e-06,-1.025158e-05,-3.768810e-06,-2.563869e-06,-7.684768e-06,-7.684768e-06,1.381120e-04,5.846089e-04,1.877907e-04,7.012116e-04,2.647037e+01,2.595079e+01,2.589152e+01
1.422000e-10,0.000000e+00,0.000000e+00,0.000000e+00,3.477915e-06,-2.342916e-06,-4.130877e-06,-1.476227e-06,-1.017696e-05,-1.017696e-05,1.461835e-04,5.674740e-04,1.598269e-04,7.391379e-04,2.647164e+01,2.595070e+01,2.589215e+01
1.422500e-10,0.000000e+00,0.000000e+00,0.000000e+00,3.795247e-06,5.197334e-06,-4.404201e-06,-4.214636e-07,-1.237011e-05,-1.237011e-05,1.526172e-04,5.503266e-04,1.348975e-04,7.788580e-04,2.647340e+01,2.595043e+01,2.589303e+01
1.423000e-10,0.000000e+00,0.000000e+00,0.000000e+00,4.052358e-06,1.224252e-05,-4.586035e-06,5.845285e-07,-1.422882e-05,-1.422882e-05,1.573631e-04,5.337975e-04,1.133016e-04,8.203830e-04,2.647562e+01,2.594999e+01,2.589414e+01
1.423500e-10,0.000000e+00,0.000000e+00,0.000000e+00,4.233758e-06,1.869610e-05,-4.675236e-06,1.527370e-06,-1.572487e-05,-1.572487e-05,1.603995e-04,5.184916e-04,9.528614e-05,8.636399e-04,2.647826e+01,2.594940e+01,2.589545e+01
1.424000e-10,0.000000e+00,0.000000e+00,0.000000e+00,4.326355e-06,2.449234e-05,-4.672306e-06,2.394373e-06,-1.683766e-05,-1.683766e-05,1.617317e-04,5.049625e-04,8.104501e-05,9.084414e-04,2.648128e+01,2.594865e+01,2.589692e+01
1.424500e-10,0.000000e+00,0.000000e+00,0.000000e+00,4.320523e-06,2.959390e-05,-4.579421e-06,3.174683e-06,-1.755435e-05,-1.755435e-05,1.613909e-04,4.936894e-04,7.071690e-05,9.544515e-04,2.648461e+01,2.594777e+01,2.589853e+01
1.425000e-10,0.000000e+00,0.000000e+00,0.000000e+00,4.210884e-06,3.398676e-05,-4.400436e-06,3.859391e-06,-1.786996e-05,-1.786996e-05,1.594324e-04,4.850580e-04,6.438127e-05,1.001153e-03,2.648818e+01,2.594678e+01,2.590023e+01
1.425500e-10,0.000000e+00,0.000000e+00,0.000000e+00,3.996722e-06,3.767332e-05,-4.140858e-06,4.441598e-06,-1.778725e-05,-1.778725e-05,1.559339e-04,4.793423e-04,6.205441e-05,1.047819e-03,2.649193e+01,2.594570e+01,2.590200e+01
1.426000e-10,0.000000e+00,0.000000e+00,0.000000e+00,3.681990e-06,4.066509e-05,-3.807783e-06,4.916451e-06,-1.731639e-05,-1.731639e-05,1.509928e-04,4.766886e-04,6.368627e-05,1.093499e-03,2.649576e+01,2.594454e+01,2.590380e+01
1.426500e-10,0.000000e+00,0.000000e+00,0.000000e+00,3.274928e-06,4.297611e-05,-3.409796e-06,5.281140e-06,-1.647460e-05,-1.647460e-05,1.447246e-04,4.771013e-04,6.915875e-05,1.137017e-03,2.649960e+01,2.594333e+01,2.590559e+01
1.427000e-10,0.000000e+00,0.000000e+00,0.000000e+00,2.787378e-06,4.461847e-05,-2.956826e-06,5.534862e-06,-1.528556e-05,-1.528556e-05,1.372600e-04,4.804298e-04,7.828621e-05,1.177001e-03,2.650333e+01,2.594209e+01,2.590736e+01
1.427500e-10,0.000000e+00,0.000000e+00,0.000000e+00,2.233885e-06,4.560046e-05,-2.459958e-06,5.678752e-06,-1.377876e-05,-1.377876e-05,1.287425e-04,4.863594e-04,9.081831e-05,1.211938e-03,2.650689e+01,2.594083e+01,2.590906e+01
1.428000e-10,0.000000e+00,0.000000e+00,0.000000e+00,1.630739e-06,4.592770e-05,-1.931209e-06,5.715784e-06,-1.198873e-05,-1.198873e-05,1.193263e-04,4.944081e-04,1.064452e-04,1.240262e-03,2.651016e+01,2.593959e+01,2.591068e+01
1.428500e-10,0.000000e+00,0.000000e+00,0.000000e+00,9.950659e-07,4.560678e-05,-1.383263e-06,5.650646e-06,-9.954190e-06,-9.954190e-06,1.091732e-04,5.039306e-04,1.248050e-04,1.260458e-03,2.651308e+01,2.593839e+01,2.591218e+01
1.429000e-10,0.000000e+00,0.000000e+00,0.000000e+00,3.440664e-07,4.465035e-05,-8.291926e-07,5.489591e-06,-7.717183e-06,-7.717183e-06,9.845042e-05,5.141358e-04,1.454922e-04,1.271189e-03,2.651556e+01,2.593723e+01,2.591355e+01
1.429500e-10,0.000000e+00,0.000000e+00,0.000000e+00,-3.055228e-07,4.308273e-05,-2.821464e-07,5.240269e-06,-5.322152e-06,-5.322152e-06,8.732804e-05,5.241163e-04,1.680687e-04,1.271409e-03,2.651754e+01,2.593614e+01,2.591477e+01
1.430000e-10,0.000000e+00,0.000000e+00,0.000000e+00,-9.377521e-07,4.094442e-05,2.449574e-07,4.911536e-06,-2.815012e-06,-2.815012e-06,7.597622e-05,5.328947e-04,1.920744e-04,1.260461e-03,2.651895e+01,2.593514e+01,2.591582e+01
1.430500e-10,0.000000e+00,0.000000e+00,0.000000e+00,-1.537594e-06,3.829471e-05,7.397430e-07,4.513258e-06,-2.422467e-07,-2.422467e-07,6.456284e-05,5.394818e-04,2.170392e-04,1.238138e-03,2.651976e+01,2.593424e+01,2.591670e+01
1.431000e-10,0.000000e+00,0.000000e+00,0.000000e+00,-2.090962e-06,3.521136e-05,1.190676e-06,4.056099e-06,2.349969e-06,2.349969e-06,5.325090e-05,5.429443e-04,2.424952e-04,1.204701e-03,2.651994e+01,2.593345e+01,2.591740e+01
1.431500e-10,0.000000e+00,0.000000e+00,0.000000e+00,-2.584709e-06,3.178739e-05,1.587343e-06,3.551307e-06,4.916595e-06,4.916595e-06,4.219614e-05,5.424740e-04,2.679892e-04,1.160855e-03,2.651948e+01,2.593279e+01,2.591790e+01
1.432000e-10,0.000000e+00,0.000000e+00,0.000000e+00,-3.006683e-06,2.812515e-05,1.920706e-06,3.010493e-06,7.414488e-06,7.414488e-06,3.154472e-05,5.374483e-04,2.930945e-04,1.107686e-03,2.651837e+01,2.593226e+01,2.591822e+01
1.432500e-10,0.000000e+00,0.000000e+00,0.000000e+00,-3.345920e-06,2.432867e-05,2.183325e-06,2.445420e-06,9.803089e-06,9.803089e-06,2.143107e-05,5.274756e-04,3.174234e-04,1.046572e-03,2.651664e+01,2.593186e+01,2.591836e+01
1.433000e-10,0.000000e+00,0.000000e+00,0.000000e+00,-3.592995e-06,2.049542e-05,2.369543e-06,1.867786e-06,1.204502e-05,1.204502e-05,1.197593e-05,5.124161e-04,3.406368e-04,9.790845e-04,2.651431e+01,2.593161e+01,2.591831e+01
1.433500e-10,0.000000e+00,0.000000e+00,0.000000e+00,-3.740513e-06,1.670898e-05,2.475627e-06,1.289023e-06,1.410662e-05,1.410662e-05,3.284640e-06,4.923789e-04,3.624540e-04,9.068849e-04,2.651143e+01,2.593149e+01,2.591810e+01
1.434000e-10,0.000000e+00,0.000000e+00,0.000000e+00,-3.783689e-06,1.303376e-05,2.499871e-06,7.201079e-07,1.595832e-05,1.595832e-05,-4.554275e-06,4.676957e-04,3.826589e-04,8.316344e-04,2.650806e+01,2.593151e+01,2.591773e+01
1.434500e-10,0.000000e+00,0.000000e+00,0.000000e+00,-3.720913e-06,9.512726e-06,2.442642e-06,1.713798e-07,1.757500e-05,1.757500e-05,-1.147020e-05,4.388781e-04,4.011048e-04,7.549179e-04,2.650429e+01,2.593166e+01,2.591722e+01
1.435000e-10,0.000000e+00,0.000000e+00,0.000000e+00,-3.554194e-06,6.168525e-06,2.306382e-06,-3.476157e-07,1.893622e-05,1.893622e-05,-1.741116e-05,4.065667e-04,4.177155e-04,6.781867e-04,2.650018e+01,2.593194e+01,2.591658e+01
1.435500e-10,0.000000e+00,0.000000e+00,0.000000e+00,-3.289369e-06,3.007651e-06,2.095552e-06,-8.282695e-07,2.002634e-05,2.002634e-05,-2.234423e-05,3.714792e-04,4.324843e-04,6.027212e-04,2.649584e+01,2.593234e+01,2.591584e+01
1.436000e-10,0.000000e+00,0.000000e+00,0.000000e+00,-2.936016e-06,2.685327e-08,1.816524e-06,-1.263029e-06,2.083459e-05,2.083459e-05,-2.625545e-05,3.343645e-04,4.454701e-04,5.296098e-04,2.649136e+01,2.593284e+01,2.591500e+01
1.436500e-10,0.000000e+00,0.000000e+00,0.000000e+00,-2.507017e-06,-2.779477e-06,1.477417e-06,-1.645494e-06,2.135503e-05,2.135503e-05,-2.914945e-05,2.959668e-04,4.567914e-04,4.597426e-04,2.648685e+01,2.593343e+01,2.591410e+01
1.437000e-10,0.000000e+00,0.000000e+00,0.000000e+00,-2.017804e-06,-5.412361e-06,1.087884e-06,-1.970492e-06,2.158647e-05,2.158647e-05,-3.104867e-05,2.569992e-04,4.666187e-04,3.938162e-04,2.648241e+01,2.593410e+01,2.591315e+01
1.437500e-10,0.000000e+00,0.000000e+00,0.000000e+00,-1.485355e-06,-7.863018e-06,6.588520e-07,-2.234128e-06,2.153227e-05,2.153227e-05,-3.199223e-05,2.181285e-04,4.751653e-04,3.323460e-04,2.647814e+01,2.593483e+01,2.591217e+01
1.438000e-10,0.000000e+00,0.000000e+00,0.000000e+00,-9.270592e-07,-1.011032e-05,2.022230e-07,-2.433804e-06,2.120012e-05,2.120012e-05,-3.203449e-05,1.799658e-04,4.826776e-04,2.756838e-04,2.647414e+01,2.593560e+01,2.591119e+01
1.438500e-10,0.000000e+00,0.000000e+00,0.000000e+00,-3.595761e-07,-1.212132e-05,-2.694563e-07,-2.568227e-06,2.060178e-05,2.060178e-05,-3.124335e-05,1.430637e-04,4.894256e-04,2.240378e-04,2.647049e+01,2.593641e+01,2.591022e+01
1.439000e-10,0.000000e+00,0.000000e+00,0.000000e+00,2.021643e-07,-1.385472e-05,-7.433407e-07,-2.637377e-06,1.975273e-05,1.975273e-05,-2.969830e-05,1.079160e-04,4.956926e-04,1.774934e-04,2.646728e+01,2.593723e+01,2.590928e+01
1.439500e-10,0.000000e+00,0.000000e+00,0.000000e+00,7.457119e-07,-1.526662e-05,-1.206639e-06,-2.642471e-06,1.867178e-05,1.867178e-05,-2.748838e-05,7.495701e-05,5.017659e-04,1.360338e-04,2.646456e+01,2.593805e+01,2.590840e+01
1.440000e-10,0.000000e+00,0.000000e+00,0.000000e+00,1.261515e-06,-1.631750e-05,-1.646957e-06,-2.585885e-06,1.738071e-05,1.738071e-05,-2.470995e-05,4.456266e-05,5.079279e-04,9.955904e-05,2.646240e+01,2.593884e+01,2.590758e+01
1.440500e-10,0.000000e+00,0.000000e+00,0.000000e+00,1.742979e-06,-1.697936e-05,-2.052625e-06,-2.471079e-06,1.590383e-05,1.590383e-05,-2.146448e-05,1.704922e-05,5.144470e-04,6.790349e-05,2.646083e+01,2.593960e+01,2.590685e+01
1.441000e-10,0.000000e+00,0.000000e+00,0.000000e+00,2.186181e-06,-1.724184e-05,-2.412985e-06,-2.302485e-06,1.426749e-05,1.426749e-05,-1.785628e-05,-7.327688e-06,5.215690e-04,4.085095e-05,2.645987e+01,2.594031e+01,2.590621e+01
1.441500e-10,0.000000e+00,0.000000e+00,0.000000e+00,2.589307e-06,-1.711645e-05,-2.718649e-06,-2.085396e-06,1.249966e-05,1.249966e-05,-1.399034e-05,-2.837455e-05,5.295091e-04,1.814810e-05,2.645953e+01,2.594096e+01,2.590568e+01
1.442000e-10,0.000000e+00,0.000000e+00,0.000000e+00,2.951896e-06,-1.663844e-05,-2.961694e-06,-1.825834e-06,1.062946e-05,1.062946e-05,-9.970237e-06,-4.596099e-05,5.384422e-04,-4.842923e-07,2.645981e+01,2.594153e+01,2.590527e+01
1.442500e-10,0.000000e+00,0.000000e+00,0.000000e+00,3.274017e-06,-1.586590e-05,-3.135825e-06,-1.530412e-06,8.686636e-06,8.686636e-06,-5.896213e-06,-6.001981e-05,5.484946e-04,-1.534186e-05,2.646070e+01,2.594202e+01,2.590497e+01
1.443000e-10,0.000000e+00,0.000000e+00,0.000000e+00,3.555476e-06,-1.487644e-05,-3.236468e-06,-1.206192e-06,6.701144e-06,6.701144e-06,-1.863394e-06,-7.054568e-05,5.597341e-04,-2.672880e-05,2.646217e+01,2.594241e+01,2.590480e+01
1.443500e-10,0.000000e+00,0.000000e+00,0.000000e+00,3.795172e-06,-1.376178e-05,-3.260831e-06,-8.605334e-07,4.702654e-06,4.702654e-06,2.039770e-06,-7.759226e-05,5.721603e-04,-3.495138e-05,2.646419e+01,2.594271e+01,2.590475e+01
1.444000e-10,0.000000e+00,0.000000e+00,0.000000e+00,3.990671e-06,-1.262076e-05,-3.207901e-06,-5.009512e-07,2.720114e-06,2.720114e-06,5.732839e-06,-8.126776e-05,5.856954e-04,-4.031268e-05,2.646670e+01,2.594291e+01,2.590483e+01
1.444500e-10,0.000000e+00,0.000000e+00,0.000000e+00,4.138057e-06,-1.155160e-05,-3.078421e-06,-1.349665e-07,7.813275e-07,7.813275e-07,9.144502e-06,-8.172935e-05,6.001757e-04,-4.310837e-05,2.646966e+01,2.594300e+01,2.590503e+01
1.445000e-10,0.000000e+00,0.000000e+00,0.000000e+00,4.232073e-06,-1.064407e-05,-2.874815e-06,2.300319e-07,-1.087448e-06,-1.087448e-06,1.221344e-05,-7.917670e-05,6.153464e-04,-4.362324e-05,2.647302e+01,2.594299e+01,2.590535e+01
1.445500e-10,0.000000e+00,0.000000e+00,0.000000e+00,4.266544e-06,-9.972284e-06,-2.601102e-06,5.869198e-07,-2.861863e-06,-2.861863e-06,1.488895e-05,-7.384530e-05,6.308590e-04,-4.212852e-05,2.647670e+01,2.594288e+01,2.590578e+01
1.446000e-10,0.000000e+00,0.000000e+00,0.000000e+00,4.235030e-06,-9.588929e-06,-2.262775e-06,9.289605e-07,-4.519798e-06,-4.519798e-06,1.713137e-05,-6.599975e-05,6.462764e-04,-3.887977e-05,2.648064e+01,2.594267e+01,2.590630e+01
1.446500e-10,0.000000e+00,0.000000e+00,0.000000e+00,4.131628e-06,-9.521350e-06,-1.866671e-06,1.249916e-06,-6.041651e-06,-6.041651e-06,1.891223e-05,-5.592763e-05,6.610846e-04,-3.411523e-05,2.648477e+01,2.594238e+01,2.590692e+01
1.447000e-10,0.000000e+00,0.000000e+00,0.000000e+00,3.951845e-06,-9.770063e-06,-1.420826e-06,1.544143e-06,-7.410568e-06,-7.410568e-06,2.021420e-05,-4.393388e-05,6.747142e-04,-2.805463e-05,2.648901e+01,2.594201e+01,2.590761e+01
1.447500e-10,0.000000e+00,0.000000e+00,0.000000e+00,3.693417e-06,-1.030984e-05,-9.343173e-07,1.806679e-06,-8.612625e-06,-8.612625e-06,2.103090e-05,-3.033593e-05,6.865719e-04,-2.089839e-05,2.649328e+01,2.594156e+01,2.590837e+01
1.448000e-10,0.000000e+00,0.000000e+00,0.000000e+00,3.356986e-06,-1.109332e-05,-4.170949e-07,2.033309e-06,-9.636965e-06,-9.636965e-06,2.136646e-05,-1.545926e-05,6.960799e-04,-1.282711e-05,2.649749e+01,2.594106e+01,2.590917e+01
1.448500e-10,0.000000e+00,0.000000e+00,0.000000e+00,2.946526e-06,-1.205678e-05,1.201988e-07,2.220613e-06,-1.047587e-05,-1.047587e-05,2.123495e-05,3.666246e-07,7.027221e-04,-4.001334e-06,2.650158e+01,2.594051e+01,2.591002e+01
1.449000e-10,0.000000e+00,0.000000e+00,0.000000e+00,2.469475e-06,-1.312731e-05,6.664194e-07,2.366009e-06,-1.112477e-05,-1.112477e-05,2.065969e-05,1.681207e-05,7.060901e-04,5.438398e-06,2.650544e+01,2.593993e+01,2.591088e+01
1.449500e-10,0.000000e+00,0.000000e+00,0.000000e+00,1.936530e-06,-1.423052e-05,1.210125e-06,2.467761e-06,-1.158224e-05,-1.158224e-05,1.967236e-05,3.355127e-05,7.059251e-04,1.537129e-05,2.650901e+01,2.593932e+01,2.591175e+01
1.450000e-10,0.000000e+00,0.000000e+00,0.000000e+00,1.361129e-06,-1.529778e-05,1.739791e-06,2.524992e-06,-1.184988e-05,-1.184988e-05,1.831207e-05,5.026643e-05,7.021493e-04,2.569586e-05,2.651220e+01,2.593871e+01,2.591261e+01
1.450500e-10,0.000000e+00,0.000000e+00,0.000000e+00,7.586750e-07,-1.627192e-05,2.244036e-06,2.537664e-06,-1.193220e-05,-1.193220e-05,1.662431e-05,6.665214e-05,6.948815e-04,3.632927e-05,2.651496e+01,2.593811e+01,2.591345e+01
1.451000e-10,0.000000e+00,0.000000e+00,0.000000e+00,1.455893e-07,-1.711070e-05,2.711853e-06,2.506551e-06,-1.183645e-05,-1.183645e-05,1.465984e-05,8.241991e-05,6.844346e-04,4.720661e-05,2.651721e+01,2.593752e+01,2.591425e+01
1.451500e-10,0.000000e+00,0.000000e+00,0.000000e+00,-4.616892e-07,-1.778774e-05,3.132845e-06,2.433198e-06,-1.157237e-05,-1.157237e-05,1.247345e-05,9.730280e-05,6.712966e-04,5.827999e-05,2.651892e+01,2.593697e+01,2.591501e+01
1.452000e-10,0.000000e+00,0.000000e+00,0.000000e+00,-1.047645e-06,-1.829075e-05,3.497456e-06,2.319870e-06,-1.115193e-05,-1.115193e-05,1.012280e-05,1.110597e-04,6.560963e-04,6.951754e-05,2.652003e+01,2.593646e+01,2.591570e+01
1.452500e-10,0.000000e+00,0.000000e+00,0.000000e+00,-1.598461e-06,-1.861768e-05,3.797191e-06,2.169479e-06,-1.058909e-05,-1.058909e-05,7.667122e-06,1.234795e-04,6.395599e-04,8.090238e-05,2.652052e+01,2.593601e+01,2.591633e+01
1.453000e-10,0.000000e+00,0.000000e+00,0.000000e+00,-2.102557e-06,-1.877141e-05,4.024814e-06,1.985519e-06,-9.899432e-06,-9.899432e-06,5.165980e-06,1.343840e-04,6.224623e-04,9.243150e-05,2.652038e+01,2.593562e+01,2.591688e+01
1.453500e-10,0.000000e+00,0.000000e+00,0.000000e+00,-2.550838e-06,-1.875415e-05,4.174530e-06,1.771977e-06,-9.099870e-06,-9.099870e-06,2.678046e-06,1.436308e-04,6.055793e-04,1.041146e-04,2.651961e+01,2.593530e+01,2.591734e+01
1.454000e-10,0.000000e+00,0.000000e+00,0.000000e+00,-2.936674e-06,-1.856235e-05,4.242126e-06,1.533249e-06,-8.208299e-06,-8.208299e-06,2.599012e-07,1.511140e-04,5.896427e-04,1.159727e-04,2.651822e+01,2.593506e+01,2.591770e+01
1.454500e-10,0.000000e+00,0.000000e+00,0.000000e+00,-3.255634e-06,-1.818324e-05,4.225077e-06,1.274044e-06,-7.243255e-06,-7.243255e-06,-2.035085e-06,1.567653e-04,5.753005e-04,1.280374e-04,2.651624e+01,2.593491e+01,2.591798e+01
1.455000e-10,0.000000e+00,0.000000e+00,0.000000e+00,-3.505067e-06,-1.759341e-05,4.122611e-06,9.992916e-07,-6.223576e-06,-6.223576e-06,-4.157792e-06,1.605525e-04,5.630838e-04,1.403489e-04,2.651370e+01,2.593484e+01,2.591815e+01
1.455500e-10,0.000000e+00,0.000000e+00,0.000000e+00,-3.683604e-06,-1.675980e-05,3.935737e-06,7.140460e-07,-5.168079e-06,-5.168079e-06,-6.064272e-06,1.624781e-04,5.533777e-04,1.529552e-04,2.651066e+01,2.593486e+01,2.591823e+01
1.456000e-10,0.000000e+00,0.000000e+00,0.000000e+00,-3.790688e-06,-1.564288e-05,3.667222e-06,4.233912e-07,-4.095241e-06,-4.095241e-06,-7.716547e-06,1.625768e-04,5.463988e-04,1.659103e-04,2.650717e+01,2.593497e+01,2.591821e+01
1.456500e-10,0.000000e+00,0.000000e+00,0.000000e+00,-3.826208e-06,-1.420161e-05,3.321534e-06,1.323493e-07,-3.022906e-06,-3.022906e-06,-9.083257e-06,1.609127e-04,5.421767e-04,1.792728e-04,2.650330e+01,2.593516e+01,2.591809e+01
1.457000e-10,0.000000e+00,0.000000e+00,0.000000e+00,-3.790292e-06,-1.239936e-05,2.904750e-06,-1.542072e-07,-1.968016e-06,-1.968016e-06,-1.014014e-05,1.575758e-04,5.405419e-04,1.931044e-04,2.649913e+01,2.593543e+01,2.591788e+01
1.457500e-10,0.000000e+00,0.000000e+00,0.000000e+00,-3.683292e-06,-1.020982e-05,2.424425e-06,-4.316373e-07,-9.463681e-07,-9.463681e-07,-1.087037e-05,1.526785e-04,5.411217e-04,2.074680e-04,2.649473e+01,2.593577e+01,2.591759e+01
1.458000e-10,0.000000e+00,0.000000e+00,0.000000e+00,-3.505947e-06,-7.622197e-06,1.889440e-06,-6.956068e-07,2.759904e-08,2.759904e-08,-1.126466e-05,1.463527e-04,5.433465e-04,2.224260e-04,2.649019e+01,2.593618e+01,2.591721e+01
1.458500e-10,0.000000e+00,0.000000e+00,0.000000e+00,-3.259673e-06,-4.644770e-06,1.309826e-06,-9.421547e-07,9.409811e-07,9.409811e-07,-1.132126e-05,1.387462e-04,5.464715e-04,2.380387e-04,2.648559e+01,2.593664e+01,2.591676e+01
1.459000e-10,0.000000e+00,0.000000e+00,0.000000e+00,-2.946942e-06,-1.306451e-06,6.965639e-07,-1.167752e-06,1.782554e-06,1.782554e-06,-1.104575e-05,1.300195e-04,5.496133e-04,2.543627e-04,2.648102e+01,2.593715e+01,2.591625e+01
1.459500e-10,0.000000e+00,0.000000e+00,0.000000e+00,-2.571642e-06,2.343884e-06,6.137641e-08,-1.369349e-06,2.542880e-06,2.542880e-06,-1.045066e-05,1.203432e-04,5.518055e-04,2.714495e-04,2.647657e+01,2.593769e+01,2.591569e+01
1.460000e-10,0.000000e+00,0.000000e+00,0.000000e+00,-2.139368e-06,6.240093e-06,-5.834978e-07,-1.544416e-06,3.214385e-06,3.214385e-06,-9.554982e-06,1.098951e-04,5.520680e-04,2.893445e-04,2.647232e+01,2.593826e+01,2.591508e+01
1.460500e-10,0.000000e+00,0.000000e+00,0.000000e+00,-1.657576e-06,1.030305e-05,-1.225536e-06,-1.690965e-06,3.791392e-06,3.791392e-06,-8.383515e-06,9.885724e-05,5.494858e-04,3.080871e-04,2.646835e+01,2.593884e+01,2.591444e+01
1.461000e-10,0.000000e+00,0.000000e+00,0.000000e+00,-1.135549e-06,1.444587e-05,-1.852170e-06,-1.807572e-06,4.270127e-06,4.270127e-06,-6.966146e-06,8.741362e-05,5.432859e-04,3.277104e-04,2.646475e+01,2.593942e+01,2.591377e+01
1.461500e-10,0.000000e+00,0.000000e+00,0.000000e+00,-5.841863e-07,1.857925e-05,-2.451031e-06,-1.893378e-06,4.648690e-06,4.648690e-06,-5.337019e-06,7.574718e-05,5.329033e-04,3.482429e-04,2.646157e+01,2.593999e+01,2.591309e+01
1.462000e-10,0.000000e+00,0.000000e+00,0.000000e+00,-1.561697e-08,2.261637e-05,-3.010192e-06,-1.948090e-06,4.926992e-06,4.926992e-06,-3.533651e-06,6.403729e-05,5.180238e-04,3.697094e-04,2.645889e+01,2.594053e+01,2.591242e+01
1.462500e-10,0.000000e+00,0.000000e+00,0.000000e+00,5.573113e-07,2.647662e-05,-3.518407e-06,-1.971956e-06,5.106674e-06,5.106674e-06,-1.596029e-06,5.245704e-05,4.985997e-04,3.921338e-04,2.645675e+01,2.594103e+01,2.591175e+01
1.463000e-10,0.000000e+00,0.000000e+00,0.000000e+00,1.121611e-06,3.008791e-05,-3.965344e-06,-1.965750e-06,5.190985e-06,5.190985e-06,4.343245e-07,4.117056e-05,4.748366e-04,4.155416e-04,2.645520e+01,2.594149e+01,2.591110e+01
1.463500e-10,0.000000e+00,0.000000e+00,0.000000e+00,1.664733e-06,3.338750e-05,-4.341805e-06,-1.930734e-06,5.184653e-06,5.184653e-06,2.515254e-06,3.033050e-05,4.471550e-04,4.399628e-04,2.645426e+01,2.594188e+01,2.591048e+01
1.464000e-10,0.000000e+00,0.000000e+00,0.000000e+00,2.175084e-06,3.632146e-05,-4.639925e-06,-1.868615e-06,5.093725e-06,5.093725e-06,4.604851e-06,2.007559e-05,4.161382e-04,4.654349e-04,2.645397e+01,2.594222e+01,2.590989e+01
1.464500e-10,0.000000e+00,0.000000e+00,0.000000e+00,2.642433e-06,3.884321e-05,-4.853346e-06,-1.781501e-06,4.925399e-06,4.925399e-06,6.662283e-06,1.052851e-05,3.824728e-04,4.920053e-04,2.645431e+01,2.594248e+01,2.590935e+01
1.465000e-10,0.000000e+00,0.000000e+00,0.000000e+00,3.058169e-06,4.091159e-05,-4.977365e-06,-1.671844e-06,4.687838e-06,4.687838e-06,8.648548e-06,1.793985e-06,3.468941e-04,5.197338e-04,2.645528e+01,2.594266e+01,2.590886e+01
1.465500e-10,0.000000e+00,0.000000e+00,0.000000e+00,3.415414e-06,4.248903e-05,-5.009041e-06,-1.542383e-06,4.389978e-06,4.389978e-06,1.052716e-05,-6.042645e-06,3.101403e-04,5.486933e-04,2.645686e+01,2.594275e+01,2.590843e+01
1.466000e-10,0.000000e+00,0.000000e+00,0.000000e+00,3.708999e-06,4.354027e-05,-4.947268e-06,-1.396080e-06,4.041333e-06,4.041333e-06,1.226475e-05,-1.291650e-05,2.729195e-04,5.789703e-04,2.645902e+01,2.594277e+01,2.590807e+01
1.466500e-10,0.000000e+00,0.000000e+00,0.000000e+00,3.935333e-06,4.403192e-05,-4.792806e-06,-1.236060e-06,3.651794e-06,3.651794e-06,1.383155e-05,-1.878371e-05,2.358895e-04,6.106622e-04,2.646172e+01,2.594269e+01,2.590776e+01
1.467000e-10,0.000000e+00,0.000000e+00,0.000000e+00,4.092208e-06,4.393309e-05,-4.548265e-06,-1.065548e-06,3.231431e-06,3.231431e-06,1.520180e-05,-2.362144e-05,1.996477e-04,6.438735e-04,2.646489e+01,2.594254e+01,2.590753e+01
1.467500e-10,0.000000e+00,0.000000e+00,0.000000e+00,4.178588e-06,4.321699e-05,-4.218051e-06,-8.877988e-07,2.790305e-06,2.790305e-06,1.635408e-05,-2.742748e-05,1.647286e-04,6.787084e-04,2.646847e+01,2.594230e+01,2.590737e+01
1.468000e-10,0.000000e+00,0.000000e+00,0.000000e+00,4.194425e-06,4.186325e-05,-3.808273e-06,-7.060433e-07,2.338282e-06,2.338282e-06,1.727149e-05,-3.021928e-05,1.316054e-04,7.152602e-04,2.647241e+01,2.594198e+01,2.590727e+01
1.468500e-10,0.000000e+00,0.000000e+00,0.000000e+00,4.140531e-06,3.986068e-05,-3.326609e-06,-5.234259e-07,1.884865e-06,1.884865e-06,1.794178e-05,-3.203255e-05,1.006935e-04,7.535961e-04,2.647661e+01,2.594159e+01,2.590725e+01
1.469000e-10,0.000000e+00,0.000000e+00,0.000000e+00,4.018519e-06,3.721013e-05,-2.782143e-06,-3.429515e-07,1.439030e-06,1.439030e-06,1.835737e-05,-3.291955e-05,7.235326e-05,7.937380e-04,2.648099e+01,2.594114e+01,2.590729e+01
1.469500e-10,0.000000e+00,0.000000e+00,0.000000e+00,3.830832e-06,3.392676e-05,-2.185173e-06,-1.674359e-07,1.009091e-06,1.009091e-06,1.851531e-05,-3.294696e-05,4.689105e-05,8.356380e-04,2.648549e+01,2.594063e+01,2.590739e+01
1.470000e-10,0.000000e+00,0.000000e+00,0.000000e+00,3.580820e-06,3.004171e-05,-1.546996e-06,5.376194e-10,6.025771e-07,6.025771e-07,1.841717e-05,-3.219358e-05,2.455866e-05,8.791504e-04,2.649000e+01,2.594008e+01,2.590755e+01
1.470500e-10,0.000000e+00,0.000000e+00,0.000000e+00,3.272858e-06,2.560265e-05,-8.796772e-07,1.586556e-07,2.261242e-07,2.261242e-07,1.806880e-05,-3.074784e-05,5.551010e-06,9.239994e-04,2.649445e+01,2.593949e+01,2.590777e+01
1.471000e-10,0.000000e+00,0.000000e+00,0.000000e+00,2.912466e-06,2.067313e-05,-1.958097e-07,3.049045e-07,-1.146011e-07,-1.146011e-07,1.748010e-05,-2.870528e-05,-9.997113e-06,9.697471e-04,2.649875e+01,2.593888e+01,2.590804e+01
1.471500e-10,0.000000e+00,0.000000e+00,0.000000e+00,2.506388e-06,1.533080e-05,4.917378e-07,4.375943e-07,-4.149646e-07,-4.149646e-07,1.666474e-05,-2.616597e-05,-2.201443e-05,1.015764e-03,2.650283e+01,2.593825e+01,2.590835e+01
1.472000e-10,0.000000e+00,0.000000e+00,0.000000e+00,2.062603e-06,9.664658e-06,1.170070e-06,5.553738e-07,-6.714013e-07,-6.714013e-07,1.563973e-05,-2.323207e-05,-3.049568e-05,1.061209e-03,2.650662e+01,2.593763e+01,2.590869e+01
1.472500e-10,0.000000e+00,0.000000e+00,0.000000e+00,1.590244e-06,3.771526e-06,1.826515e-06,6.572390e-07,-8.814321e-07,-8.814321e-07,1.442511e-05,-2.000546e-05,-3.550269e-05,1.105019e-03,2.651003e+01,2.593702e+01,2.590907e+01
1.473000e-10,0.000000e+00,0.000000e+00,0.000000e+00,1.099406e-06,-2.247825e-06,2.448866e-06,7.425350e-07,-1.043659e-06,-1.043659e-06,1.304347e-05,-1.658562e-05,-3.716324e-05,1.145929e-03,2.651302e+01,2.593644e+01,2.590946e+01
1.473500e-10,0.000000e+00,0.000000e+00,0.000000e+00,6.008622e-07,-8.292480e-06,3.025611e-06,8.109493e-07,-1.157737e-06,-1.157737e-06,1.151951e-05,-1.306766e-05,-3.566781e-05,1.182512e-03,2.651554e+01,2.593589e+01,2.590987e+01
1.474000e-10,0.000000e+00,0.000000e+00,0.000000e+00,1.056838e-07,-1.426478e-05,3.546155e-06,8.625005e-07,-1.224336e-06,-1.224336e-06,9.879585e-06,-9.540665e-06,-3.126399e-05,1.213244e-03,2.651753e+01,2.593538e+01,2.591029e+01
1.474500e-10,0.000000e+00,0.000000e+00,0.000000e+00,-3.751810e-07,-2.007297e-05,4.001016e-06,8.975192e-07,-1.245069e-06,-1.245069e-06,8.151204e-06,-6.086280e-06,-2.424907e-05,1.236609e-03,2.651897e+01,2.593494e+01,2.591071e+01
1.475000e-10,0.000000e+00,0.000000e+00,0.000000e+00,-8.313472e-07,-2.563294e-05,4.382005e-06,9.166251e-07,-1.222424e-06,-1.222424e-06,6.362557e-06,-2.777561e-06,-1.496114e-05,1.251203e-03,2.651984e+01,2.593455e+01,2.591113e+01
1.475500e-10,0.000000e+00,0.000000e+00,0.000000e+00,-1.253403e-06,-3.086893e-05,4.682379e-06,9.206986e-07,-1.159669e-06,-1.159669e-06,4.542028e-06,3.218815e-07,-3.769411e-06,1.255857e-03,2.652012e+01,2.593424e+01,2.591153e+01
1.476000e-10,0.000000e+00,0.000000e+00,0.000000e+00,-1.633250e-06,-3.571340e-05,4.896965e-06,9.108484e-07,-1.060749e-06,-1.060749e-06,2.717721e-06,3.158479e-06,8.935932e-06,1.249738e-03,2.651983e+01,2.593401e+01,2.591191e+01
1.476500e-10,0.000000e+00,0.000000e+00,0.000000e+00,-1.964346e-06,-4.010615e-05,5.022252e-06,8.883768e-07,-9.301794e-07,-9.301794e-07,9.169993e-07,5.689049e-06,2.275386e-05,1.232427e-03,2.651896e+01,2.593386e+01,2.591227e+01
1.477000e-10,0.000000e+00,0.000000e+00,0.000000e+00,-2.241821e-06,-4.399307e-05,5.056454e-06,8.547420e-07,-7.729273e-07,-7.729273e-07,-8.339455e-07,7.880903e-06,3.728238e-05,1.203956e-03,2.651756e+01,2.593380e+01,2.591261e+01
1.477500e-10,0.000000e+00,0.000000e+00,0.000000e+00,-2.462484e-06,-4.732482e-05,4.999531e-06,8.115195e-07,-5.942918e-07,-5.942918e-07,-2.510500e-06,9.711734e-06,5.212798e-05,1.164805e-03,2.651564e+01,2.593382e+01,2.591290e+01
1.478000e-10,0.000000e+00,0.000000e+00,0.000000e+00,-2.624696e-06,-5.005581e-05,4.853174e-06,7.603632e-07,-3.997837e-07,-3.997837e-07,-4.089997e-06,1.116932e-05,6.691460e-05,1.115856e-03,2.651326e+01,2.593393e+01,2.591317e+01
1.478500e-10,0.000000e+00,0.000000e+00,0.000000e+00,-2.728172e-06,-5.214361e-05,4.620760e-06,7.029662e-07,-1.950055e-07,-1.950055e-07,-5.552041e-06,1.225106e-05,8.129178e-05,1.058321e-03,2.651046e+01,2.593413e+01,2.591339e+01
1.479000e-10,0.000000e+00,0.000000e+00,0.000000e+00,-2.773712e-06,-5.354908e-05,4.307270e-06,6.410231e-07,1.446483e-08,1.446483e-08,-6.878783e-06,1.296333e-05,9.494198e-05,9.936500e-04,2.650731e+01,2.593440e+01,2.591358e+01
1.479500e-10,0.000000e+00,0.000000e+00,0.000000e+00,-2.762914e-06,-5.423723e-05,3.919168e-06,5.761943e-07,2.231847e-07,2.231847e-07,-8.055150e-06,1.332077e-05,1.075866e-04,9.234289e-04,2.650387e+01,2.593475e+01,2.591372e+01
1.480000e-10,0.000000e+00,0.000000e+00,0.000000e+00,-2.697900e-06,-5.417862e-05,3.464262e-06,5.100727e-07,4.259498e-07,4.259498e-07,-9.069013e-06,1.334540e-05,1.189907e-04,8.492888e-04,2.650021e+01,2.593516e+01,2.591383e+01
1.480500e-10,0.000000e+00,0.000000e+00,0.000000e+00,-2.581092e-06,-5.335133e-05,2.951536e-06,4.441531e-07,6.178889e-07,6.178889e-07,-9.911297e-06,1.306569e-05,1.289656e-04,7.728226e-04,2.649640e+01,2.593564e+01,2.591389e+01
1.481000e-10,0.000000e+00,0.000000e+00,0.000000e+00,-2.415053e-06,-5.174315e-05,2.390960e-06,3.798055e-07,7.945472e-07,7.945472e-07,-1.057603e-05,1.251556e-05,1.373699e-04,6.955207e-04,2.649251e+01,2.593617e+01,2.591391e+01
1.481500e-10,0.000000e+00,0.000000e+00,0.000000e+00,-2.202415e-06,-4.935385e-05,1.793287e-06,3.182527e-07,9.519591e-07,9.519591e-07,-1.106036e-05,1.173331e-05,1.441088e-04,6.187250e-04,2.648862e+01,2.593674e+01,2.591389e+01
1.482000e-10,0.000000e+00,0.000000e+00,0.000000e+00,-1.945889e-06,-4.619719e-05,1.169846e-06,2.605517e-07,1.086708e-06,1.086708e-06,-1.136445e-05,1.076051e-05,1.491314e-04,5.436001e-04,2.648479e+01,2.593734e+01,2.591384e+01
1.482500e-10,0.000000e+00,0.000000e+00,0.000000e+00,-1.648366e-06,-4.230257e-05,5.323178e-07,2.075798e-07,1.195974e-06,1.195974e-06,-1.149140e-05,9.640906e-06,1.524266e-04,4.711204e-04,2.648110e+01,2.593796e+01,2.591376e+01
1.483000e-10,0.000000e+00,0.000000e+00,0.000000e+00,-1.313070e-06,-3.771618e-05,-1.074739e-07,1.600251e-07,1.277567e-06,1.277567e-06,-1.144705e-05,8.419298e-06,1.540181e-04,4.020689e-04,2.647761e+01,2.593858e+01,2.591364e+01
1.483500e-10,0.000000e+00,0.000000e+00,0.000000e+00,-9.437630e-07,-3.250140e-05,-7.377809e-07,1.183824e-07,1.329948e-06,1.329948e-06,-1.123980e-05,7.140452e-06,1.539591e-04,3.370456e-04,2.647439e+01,2.593921e+01,2.591350e+01
1.484000e-10,0.000000e+00,0.000000e+00,0.000000e+00,-5.449657e-07,-2.673848e-05,-1.347134e-06,8.295248e-08,1.352235e-06,1.352235e-06,-1.088033e-05,5.848046e-06,1.523260e-04,2.764823e-04,2.647149e+01,2.593981e+01,2.591334e+01
1.484500e-10,0.000000e+00,0.000000e+00,0.000000e+00,-1.221597e-07,-2.052339e-05,-1.924542e-06,5.384685e-08,1.344200e-06,1.344200e-06,-1.038132e-05,4.583684e-06,1.492136e-04,2.206602e-04,2.646896e+01,2.594040e+01,2.591316e+01
1.485000e-10,0.000000e+00,0.000000e+00,0.000000e+00,3.180498e-07,-1.396577e-05,-2.459673e-06,3.099577e-08,1.306249e-06,1.306249e-06,-9.757138e-06,3.385986e-06,1.447296e-04,1.697303e-04,2.646685e+01,2.594094e+01,2.591297e+01
1.485500e-10,0.000000e+00,0.000000e+00,0.000000e+00,7.678485e-07,-7.186105e-06,-2.943030e-06,1.416059e-08,1.239395e-06,1.239395e-06,-9.023540e-06,2.289779e-06,1.389911e-04,1.237329e-04,2.646519e+01,2.594144e+01,2.591277e+01
1.486000e-10,0.000000e+00,0.000000e+00,0.000000e+00,1.218227e-06,-3.120027e-07,-3.366107e-06,2.949227e-09,1.145218e-06,1.145218e-06,-8.197289e-06,1.325403e-06,1.321207e-04,8.261718e-05,2.646403e+01,2.594188e+01,2.591257e+01
1.486500e-10,0.000000e+00,0.000000e+00,0.000000e+00,1.659114e-06,6.526013e-06,-3.721530e-06,-3.165450e-09,1.025817e-06,1.025817e-06,-7.295840e-06,5.181494e-07,1.242447e-04,4.625870e-05,2.646336e+01,2.594227e+01,2.591236e+01
1.487000e-10,0.000000e+00,0.000000e+00,0.000000e+00,2.079634e-06,1.319912e-05,-4.003188e-06,-4.824765e-09,8.837510e-07,8.837510e-07,-6.336993e-06,-1.121557e-07,1.154905e-04,1.447505e-05,2.646322e+01,2.594258e+01,2.591216e+01
1.487500e-10,0.000000e+00,0.000000e+00,0.000000e+00,2.468493e-06,1.958476e-05,-4.206335e-06,-2.761586e-09,7.219787e-07,7.219787e-07,-5.338566e-06,-5.514229e-07,1.059866e-04,-1.296020e-05,2.646360e+01,2.594282e+01,2.591197e+01
1.488000e-10,0.000000e+00,0.000000e+00,0.000000e+00,2.814452e-06,2.557087e-05,-4.327687e-06,2.223626e-09,5.437879e-07,5.437879e-07,-4.318083e-06,-7.914143e-07,9.586073e-05,-3.630575e-05,2.646449e+01,2.594298e+01,2.591179e+01
1.488500e-10,0.000000e+00,0.000000e+00,0.000000e+00,3.106879e-06,3.105922e-05,-4.365486e-06,9.287474e-09,3.527235e-07,3.527235e-07,-3.292485e-06,-8.297073e-07,8.524032e-05,-5.584255e-05,2.646588e+01,2.594306e+01,2.591163e+01
1.489000e-10,0.000000e+00,0.000000e+00,0.000000e+00,3.336314e-06,3.596780e-05,-4.319548e-06,1.756839e-08,1.525120e-07,1.525120e-07,-2.277865e-06,-6.695150e-07,7.425153e-05,-7.186545e-05,2.646773e+01,2.594305e+01,2.591148e+01
1.489500e-10,0.000000e+00,0.000000e+00,0.000000e+00,3.495009e-06,4.023192e-05,-4.191285e-06,2.621097e-08,-5.301443e-08,-5.301443e-08,-1.289233e-06,-3.193699e-07,6.301909e-05,-8.467632e-05,2.647001e+01,2.594297e+01,2.591135e+01
1.490000e-10,0.000000e+00,0.000000e+00,0.000000e+00,3.577378e-06,4.380411e-05,-3.983696e-06,3.438931e-08,-2.599939e-07,-2.599939e-07,-3.403154e-07,2.073106e-07,5.166576e-05,-9.457841e-05,2.647267e+01,2.594282e+01,2.591124e+01
1.490500e-10,0.000000e+00,0.000000e+00,0.000000e+00,3.580337e-06,4.665302e-05,-3.701331e-06,4.132886e-08,-4.646086e-07,-4.646086e-07,5.566123e-07,8.927625e-07,4.031168e-05,-1.018716e-04,2.647565e+01,2.594258e+01,2.591115e+01
1.491000e-10,0.000000e+00,0.000000e+00,0.000000e+00,3.503476e-06,4.876160e-05,-3.350221e-06,4.632631e-08,-6.631556e-07,-6.631556e-07,1.390858e-06,1.715496e-06,2.907348e-05,-1.068489e-04,2.647889e+01,2.594228e+01,2.591109e+01
1.491500e-10,0.000000e+00,0.000000e+00,0.000000e+00,3.349081e-06,5.012492e-05,-2.937777e-06,4.876714e-08,-8.521134e-07,-8.521134e-07,2.153408e-06,2.650976e-06,1.806334e-05,-1.097932e-04,2.648231e+01,2.594192e+01,2.591105e+01
1.492000e-10,0.000000e+00,0.000000e+00,0.000000e+00,3.121986e-06,5.074814e-05,-2.472654e-06,4.814039e-08,-1.028203e-06,-1.028203e-06,2.836987e-06,3.672345e-06,7.387854e-06,-1.109746e-04,2.648584e+01,2.594150e+01,2.591104e+01
1.492500e-10,0.000000e+00,0.000000e+00,0.000000e+00,2.829292e-06,5.064467e-05,-1.964586e-06,4.405056e-08,-1.188442e-06,-1.188442e-06,3.436081e-06,4.751164e-06,-2.853163e-06,-1.106492e-04,2.648940e+01,2.594104e+01,2.591104e+01
1.493000e-10,0.000000e+00,0.000000e+00,0.000000e+00,2.479985e-06,4.983511e-05,-1.424185e-06,3.622620e-08,-1.330195e-06,-1.330195e-06,3.946935e-06,5.858145e-06,-1.256786e-05,-1.090568e-04,2.649291e+01,2.594054e+01,2.591107e+01
1.493500e-10,0.000000e+00,0.000000e+00,0.000000e+00,2.084486e-06,4.834660e-05,-8.627287e-07,2.452524e-08,-1.451208e-06,-1.451208e-06,4.367507e-06,6.963870e-06,-2.167347e-05,-1.064202e-04,2.649629e+01,2.594002e+01,2.591112e+01
1.494000e-10,0.000000e+00,0.000000e+00,0.000000e+00,1.654180e-06,4.621281e-05,-2.919122e-07,8.936957e-09,-1.549644e-06,-1.549644e-06,4.697402e-06,8.039469e-06,-3.009740e-05,-1.029444e-04,2.649947e+01,2.593947e+01,2.591119e+01
1.494500e-10,0.000000e+00,0.000000e+00,0.000000e+00,1.200961e-06,4.347427e-05,2.764023e-07,-1.041945e-08,-1.624105e-06,-1.624105e-06,4.937783e-06,9.057244e-06,-3.777803e-05,-9.881572e-05,2.650238e+01,2.593892e+01,2.591127e+01
1.495000e-10,0.000000e+00,0.000000e+00,0.000000e+00,7.368123e-07,4.017881e-05,8.304484e-07,-3.329948e-08,-1.673644e-06,-1.673644e-06,5.091248e-06,9.991237e-06,-4.466540e-05,-9.420211e-05,2.650496e+01,2.593838e+01,2.591136e+01
1.495500e-10,0.000000e+00,0.000000e+00,0.000000e+00,2.734450e-07,3.638180e-05,1.358817e-06,-5.934103e-08,-1.697773e-06,-1.697773e-06,5.161701e-06,1.081772e-05,-5.072166e-05,-8.925278e-05,2.650714e+01,2.593785e+01,2.591147e+01
1.496000e-10,0.000000e+00,0.000000e+00,0.000000e+00,-1.779978e-07,3.214612e-05,1.850708e-06,-8.807496e-08,-1.696456e-06,-1.696456e-06,5.154196e-06,1.151562e-05,-5.592119e-05,-8.409858e-05,2.650890e+01,2.593734e+01,2.591158e+01
1.496500e-10,0.000000e+00,0.000000e+00,0.000000e+00,-6.071815e-07,2.754154e-05,2.296175e-06,-1.189381e-07,-1.670098e-06,-1.670098e-06,5.074775e-06,1.206685e-05,-6.025059e-05,-7.885251e-05,2.651018e+01,2.593687e+01,2.591170e+01
1.497000e-10,0.000000e+00,0.000000e+00,0.000000e+00,-1.004769e-06,2.264359e-05,2.686338e-06,-1.512885e-07,-1.619529e-06,-1.619529e-06,4.930299e-06,1.245656e-05,-6.370833e-05,-7.361034e-05,2.651098e+01,2.593644e+01,2.591182e+01
1.497500e-10,0.000000e+00,0.000000e+00,0.000000e+00,-1.362569e-06,1.753191e-05,3.013580e-06,-1.844225e-07,-1.545972e-06,-1.545972e-06,4.728267e-06,1.267335e-05,-6.630418e-05,-6.845152e-05,2.651127e+01,2.593606e+01,2.591194e+01
1.498000e-10,0.000000e+00,0.000000e+00,0.000000e+00,-1.673664e-06,1.228829e-05,3.271710e-06,-2.175930e-07,-1.451013e-06,-1.451013e-06,4.476640e-06,1.270934e-05,-6.805853e-05,-6.344013e-05,2.651106e+01,2.593574e+01,2.591206e+01
1.498500e-10,0.000000e+00,0.000000e+00,0.000000e+00,-1.932505e-06,6.994482e-06,3.456087e-06,-2.500284e-07,-1.336563e-06,-1.336563e-06,4.183664e-06,1.256024e-05,-6.900141e-05,-5.862605e-05,2.651036e+01,2.593548e+01,2.591217e+01
1.499000e-10,0.000000e+00,0.000000e+00,0.000000e+00,-2.134998e-06,1.730242e-06,3.563708e-06,-2.809528e-07,-1.204810e-06,-1.204810e-06,3.857700e-06,1.222529e-05,-6.917153e-05,-5.404616e-05,2.650919e+01,2.593529e+01,2.591228e+01
1.499500e-10,0.000000e+00,0.000000e+00,0.000000e+00,-2.278555e-06,-3.428425e-06,3.593265e-06,-3.096052e-07,-1.058180e-06,-1.058180e-06,3.507056e-06,1.170721e-05,-6.861510e-05,-4.972568e-05,2.650758e+01,2.593516e+01,2.591237e+01
1.500000e-10,0.000000e+00,0.000000e+00,0.000000e+00,-2.362119e-06,-8.410495e-06,3.545150e-06,-3.352584e-07,-8.992803e-07,-8.992803e-07,3.139840e-06,1.101200e-05,-6.738467e-05,-4.567949e-05,2.650557e+01,2.593511e+01,2.591245e+01
1.500500e-10,0.000000e+00,0.000000e+00,0.000000e+00,-2.386138e-06,-1.315064e-05,3.421431e-06,-3.572375e-07,-7.308504e-07,-7.308504e-07,2.763812e-06,1.014880e-05,-6.553794e-05,-4.191351e-05,2.650323e+01,2.593512e+01,2.591251e+01
1.501000e-10,0.000000e+00,0.000000e+00,0.000000e+00,-2.352486e-06,-1.758942e-05,3.225780e-06,-3.749362e-07,-5.557119e-07,-5.557119e-07,2.386268e-06,9.129627e-06,-6.313659e-05,-3.842606e-05,2.650059e+01,2.593521e+01,2.591256e+01
1.501500e-10,0.000000e+00,0.000000e+00,0.000000e+00,-2.264326e-06,-2.167314e-05,2.963374e-06,-3.878319e-07,-3.767158e-07,-3.767158e-07,2.013924e-06,7.969121e-06,-6.024509e-05,-3.520921e-05,2.649772e+01,2.593536e+01,2.591260e+01
1.502000e-10,0.000000e+00,0.000000e+00,0.000000e+00,-2.125910e-06,-2.535353e-05,2.640758e-06,-3.954989e-07,-1.966921e-07,-1.966921e-07,1.652828e-06,6.684216e-06,-5.692966e-05,-3.225004e-05,2.649469e+01,2.593557e+01,2.591262e+01
1.502500e-10,0.000000e+00,0.000000e+00,0.000000e+00,-1.942342e-06,-2.858746e-05,2.265677e-06,-3.976181e-07,-1.840254e-08,-1.840254e-08,1.308290e-06,5.293825e-06,-5.325717e-05,-2.953187e-05,2.649157e+01,2.593583e+01,2.591262e+01
1.503000e-10,0.000000e+00,0.000000e+00,0.000000e+00,-1.719304e-06,-3.133694e-05,1.846892e-06,-3.939859e-07,1.555048e-07,1.555048e-07,9.848242e-07,3.818479e-06,-4.929428e-05,-2.703536e-05,2.648842e+01,2.593615e+01,2.591260e+01
1.503500e-10,0.000000e+00,0.000000e+00,0.000000e+00,-1.462788e-06,-3.356953e-05,1.393961e-06,-3.845186e-07,3.225366e-07,3.225366e-07,6.861190e-07,2.279957e-06,-4.510652e-05,-2.473953e-05,2.648531e+01,2.593651e+01,2.591257e+01
1.504000e-10,0.000000e+00,0.000000e+00,0.000000e+00,-1.178845e-06,-3.525923e-05,9.170264e-07,-3.692555e-07,4.803913e-07,4.803913e-07,4.150205e-07,7.009049e-07,-4.075756e-05,-2.262272e-05,2.648231e+01,2.593690e+01,2.591252e+01
1.504500e-10,0.000000e+00,0.000000e+00,0.000000e+00,-8.733863e-07,-3.638773e-05,4.265751e-07,-3.483578e-07,6.269913e-07,6.269913e-07,1.735359e-07,-8.955587e-07,-3.630850e-05,-2.066331e-05,2.647947e+01,2.593732e+01,2.591245e+01
1.505000e-10,0.000000e+00,0.000000e+00,0.000000e+00,-5.520521e-07,-3.694592e-05,-6.679079e-08,-3.221059e-07,7.605101e-07,7.605101e-07,-3.714606e-08,-2.486229e-06,-3.181730e-05,-1.884045e-05,2.647685e+01,2.593775e+01,2.591238e+01
1.505500e-10,0.000000e+00,0.000000e+00,0.000000e+00,-2.201618e-07,-3.693551e-05,-5.525841e-07,-2.908933e-07,8.793936e-07,8.793936e-07,-2.166199e-07,-4.048204e-06,-2.733828e-05,-1.713460e-05,2.647450e+01,2.593820e+01,2.591229e+01
1.506000e-10,0.000000e+00,0.000000e+00,0.000000e+00,1.172628e-07,-3.637022e-05,-1.020653e-06,-2.552181e-07,9.823764e-07,9.823764e-07,-3.652127e-07,-5.559257e-06,-2.292168e-05,-1.552794e-05,2.647246e+01,2.593864e+01,2.591219e+01
1.506500e-10,0.000000e+00,0.000000e+00,0.000000e+00,4.554070e-07,-3.527660e-05,-1.461386e-06,-2.156722e-07,1.068492e-06,1.068492e-06,-4.839223e-07,-6.998197e-06,-1.861336e-05,-1.400471e-05,2.647078e+01,2.593907e+01,2.591208e+01
1.507000e-10,0.000000e+00,0.000000e+00,0.000000e+00,7.895319e-07,-3.369401e-05,-1.865902e-06,-1.729288e-07,1.137076e-06,1.137076e-06,-5.743445e-07,-8.345206e-06,-1.445448e-05,-1.255143e-05,2.646947e+01,2.593948e+01,2.591197e+01
1.507500e-10,0.000000e+00,0.000000e+00,0.000000e+00,1.114832e-06,-3.167372e-05,-2.226215e-06,-1.277275e-07,1.187769e-06,1.187769e-06,-6.385926e-07,-9.582148e-06,-1.048137e-05,-1.115699e-05,2.646857e+01,2.593986e+01,2.591185e+01
1.508000e-10,0.000000e+00,0.000000e+00,0.000000e+00,1.426311e-06,-2.927709e-05,-2.535376e-06,-8.085853e-08,1.220506e-06,1.220506e-06,-6.792104e-07,-1.069284e-05,-6.725413e-06,-9.812683e-06,2.646807e+01,2.594020e+01,2.591173e+01
1.508500e-10,0.000000e+00,0.000000e+00,0.000000e+00,1.718716e-06,-2.657302e-05,-2.787598e-06,-3.314611e-08,1.235509e-06,1.235509e-06,-6.990818e-07,-1.166329e-05,-3.212950e-06,-8.512132e-06,2.646800e+01,2.594051e+01,2.591162e+01
1.509000e-10,0.000000e+00,0.000000e+00,0.000000e+00,1.986539e-06,-2.363473e-05,-2.978341e-06,1.456954e-08,1.233269e-06,1.233269e-06,-7.013383e-07,-1.248191e-05,3.464909e-08,-7.251190e-06,2.646834e+01,2.594076e+01,2.591150e+01
1.509500e-10,0.000000e+00,0.000000e+00,0.000000e+00,2.224109e-06,-2.053634e-05,-3.104382e-06,6.144972e-08,1.214530e-06,1.214530e-06,-6.892670e-07,-1.313961e-05,3.000927e-06,-6.027743e-06,2.646908e+01,2.594097e+01,2.591139e+01
1.510000e-10,0.000000e+00,0.000000e+00,0.000000e+00,2.425776e-06,-1.734947e-05,-3.163858e-06,1.066750e-07,1.180260e-06,1.180260e-06,-6.662208e-07,-1.362997e-05,5.674195e-06,-4.841489e-06,2.647021e+01,2.594112e+01,2.591129e+01
1.510500e-10,0.000000e+00,0.000000e+00,0.000000e+00,2.586157e-06,-1.414042e-05,-3.156282e-06,1.494621e-07,1.131632e-06,1.131632e-06,-6.355324e-07,-1.394924e-05,8.047345e-06,-3.693682e-06,2.647170e+01,2.594121e+01,2.591120e+01
1.511000e-10,0.000000e+00,0.000000e+00,0.000000e+00,2.700436e-06,-1.096794e-05,-3.082531e-06,1.890803e-07,1.069991e-06,1.069991e-06,-6.004346e-07,-1.409637e-05,1.011760e-05,-2.586855e-06,2.647351e+01,2.594124e+01,2.591112e+01
1.511500e-10,0.000000e+00,0.000000e+00,0.000000e+00,2.764676e-06,-7.882035e-06,-2.944820e-06,2.248662e-07,9.968268e-07,9.968268e-07,-5.639861e-07,-1.407292e-05,1.188624e-05,-1.524533e-06,2.647562e+01,2.594121e+01,2.591104e+01
1.512000e-10,0.000000e+00,0.000000e+00,0.000000e+00,2.776096e-06,-4.923728e-06,-2.746640e-06,2.562369e-07,9.137396e-07,9.137396e-07,-5.290072e-07,-1.388302e-05,1.335827e-05,-5.109425e-07,2.647797e+01,2.594113e+01,2.591099e+01
1.512500e-10,0.000000e+00,0.000000e+00,0.000000e+00,2.733297e-06,-2.125650e-06,-2.492684e-06,2.827017e-07,8.224111e-07,8.224111e-07,-4.980230e-07,-1.353320e-05,1.454206e-05,4.492663e-07,2.648051e+01,2.594099e+01,2.591094e+01
1.513000e-10,0.000000e+00,0.000000e+00,0.000000e+00,2.636396e-06,4.866550e-07,-2.188747e-06,3.038712e-07,7.245718e-07,7.245718e-07,-4.732174e-07,-1.303221e-05,1.544899e-05,1.351289e-06,2.648319e+01,2.594079e+01,2.591092e+01
1.513500e-10,0.000000e+00,0.000000e+00,0.000000e+00,2.487052e-06,2.893108e-06,-1.841603e-06,3.194648e-07,6.219696e-07,6.219696e-07,-4.563967e-07,-1.239081e-05,1.609304e-05,2.190408e-06,2.648596e+01,2.594056e+01,2.591090e+01
1.514000e-10,0.000000e+00,0.000000e+00,0.000000e+00,2.288396e-06,5.077481e-06,-1.458865e-06,3.293148e-07,5.163399e-07,5.163399e-07,-4.489641e-07,-1.162156e-05,1.649036e-05,2.962217e-06,2.648875e+01,2.594028e+01,2.591090e+01
1.514500e-10,0.000000e+00,0.000000e+00,0.000000e+00,2.044863e-06,7.026101e-06,-1.048834e-06,3.333692e-07,4.093776e-07,4.093776e-07,-4.519040e-07,-1.073850e-05,1.665891e-05,3.662804e-06,2.649150e+01,2.593996e+01,2.591092e+01
1.515000e-10,0.000000e+00,0.000000e+00,0.000000e+00,1.761964e-06,8.727119e-06,-6.203205e-07,3.316912e-07,3.027104e-07,3.027104e-07,-4.657773e-07,-9.756907e-06,1.661801e-05,4.288914e-06,2.649417e+01,2.593962e+01,2.591095e+01
1.515500e-10,0.000000e+00,0.000000e+00,0.000000e+00,1.446009e-06,1.017046e-05,-1.824687e-07,3.244564e-07,1.978750e-07,1.978750e-07,-4.907261e-07,-8.693004e-06,1.638796e-05,4.838071e-06,2.649668e+01,2.593926e+01,2.591099e+01
1.516000e-10,0.000000e+00,0.000000e+00,0.000000e+00,1.103845e-06,1.134845e-05,2.554340e-07,3.119477e-07,9.629574e-08,9.629574e-08,-5.264879e-07,-7.563641e-06,1.598968e-05,5.308668e-06,2.649899e+01,2.593889e+01,2.591105e+01
1.516500e-10,0.000000e+00,0.000000e+00,0.000000e+00,7.426093e-07,1.225694e-05,6.841470e-07,2.945481e-07,-7.330434e-10,-7.330434e-10,-5.724185e-07,-6.386015e-06,1.544430e-05,5.700025e-06,2.650105e+01,2.593851e+01,2.591112e+01
1.517000e-10,0.000000e+00,0.000000e+00,0.000000e+00,3.695347e-07,1.289670e-05,1.094667e-06,2.727308e-07,-9.206251e-08,-9.206251e-08,-6.275221e-07,-5.177379e-06,1.477291e-05,6.012415e-06,2.650281e+01,2.593814e+01,2.591120e+01
1.517500e-10,0.000000e+00,0.000000e+00,0.000000e+00,-8.183259e-09,1.327481e-05,1.478409e-06,2.470488e-07,-1.767007e-07,-1.767007e-07,-6.904889e-07,-3.954769e-06,1.399619e-05,6.247063e-06,2.650424e+01,2.593778e+01,2.591129e+01
1.518000e-10,0.000000e+00,0.000000e+00,0.000000e+00,-3.834622e-07,1.340565e-05,1.827383e-06,2.181209e-07,-2.538210e-07,-2.538210e-07,-7.597382e-07,-2.734743e-06,1.313421e-05,6.406111e-06,2.650530e+01,2.593744e+01,2.591138e+01
1.518500e-10,0.000000e+00,0.000000e+00,0.000000e+00,-7.493624e-07,1.331133e-05,2.134350e-06,1.866187e-07,-3.227668e-07,-3.227668e-07,-8.334658e-07,-1.533143e-06,1.220615e-05,6.492568e-06,2.650598e+01,2.593713e+01,2.591148e+01
1.519000e-10,0.000000e+00,0.000000e+00,0.000000e+00,-1.099092e-06,1.302135e-05,2.392965e-06,1.532507e-07,-3.830533e-07,-3.830533e-07,-9.096948e-07,-3.648853e-07,1.123012e-05,6.510236e-06,2.650625e+01,2.593685e+01,2.591159e+01
1.519500e-10,0.000000e+00,0.000000e+00,0.000000e+00,-1.426011e-06,1.257146e-05,2.597901e-06,1.187471e-07,-4.343661e-07,-4.343661e-07,-9.863293e-07,7.562301e-07,1.022304e-05,6.463620e-06,2.650611e+01,2.593661e+01,2.591169e+01
1.520000e-10,0.000000e+00,0.000000e+00,0.000000e+00,-1.723662e-06,1.200179e-05,2.744948e-06,8.384357e-08,-4.765564e-07,-4.765564e-07,-1.061208e-06,1.817678e-06,9.200495e-06,6.357824e-06,2.650555e+01,2.593641e+01,2.591180e+01
1.520500e-10,0.000000e+00,0.000000e+00,0.000000e+00,-1.985838e-06,1.135447e-05,2.831096e-06,4.926541e-08,-5.096338e-07,-5.096338e-07,-1.132160e-06,2.808335e-06,8.176636e-06,6.198441e-06,2.650459e+01,2.593625e+01,2.591190e+01
1.521000e-10,0.000000e+00,0.000000e+00,0.000000e+00,-2.206712e-06,1.067102e-05,2.854586e-06,1.571223e-08,-5.337570e-07,-5.337570e-07,-1.197054e-06,3.718585e-06,7.164158e-06,5.991438e-06,2.650325e+01,2.593615e+01,2.591200e+01
1.521500e-10,0.000000e+00,0.000000e+00,0.000000e+00,-2.381010e-06,9.989826e-06,2.814946e-06,-1.615684e-08,-5.492210e-07,-5.492210e-07,-1.253853e-06,4.540382e-06,6.174261e-06,5.743031e-06,2.650155e+01,2.593610e+01,2.591210e+01
1.522000e-10,0.000000e+00,0.000000e+00,0.000000e+00,-2.504225e-06,9.343959e-06,2.712997e-06,-4.573678e-08,-5.564444e-07,-5.564444e-07,-1.300660e-06,5.267298e-06,5.216651e-06,5.459575e-06,2.649951e+01,2.593610e+01,2.591219e+01
1.522500e-10,0.000000e+00,0.000000e+00,0.000000e+00,-2.572856e-06,8.759662e-06,2.550835e-06,-7.248888e-08,-5.559534e-07,-5.559534e-07,-1.335757e-06,5.894534e-06,4.299570e-06,5.147443e-06,2.649719e+01,2.593615e+01,2.591227e+01
1.523000e-10,0.000000e+00,0.000000e+00,0.000000e+00,-2.584628e-06,8.255576e-06,2.331796e-06,-9.595141e-08,-5.483655e-07,-5.483655e-07,-1.357650e-06,6.418907e-06,3.429840e-06,4.812923e-06,2.649462e+01,2.593625e+01,2.591234e+01
1.523500e-10,0.000000e+00,0.000000e+00,0.000000e+00,-2.538679e-06,7.842757e-06,2.060390e-06,-1.157484e-07,-5.343729e-07,-5.343729e-07,-1.365095e-06,6.838813e-06,2.612922e-06,4.462116e-06,2.649185e+01,2.593640e+01,2.591240e+01
1.524000e-10,0.000000e+00,0.000000e+00,0.000000e+00,-2.435683e-06,7.525403e-06,1.742217e-06,-1.315964e-07,-5.147243e-07,-5.147243e-07,-1.357130e-06,7.154170e-06,1.852994e-06,4.100851e-06,2.648895e+01,2.593659e+01,2.591245e+01
1.524500e-10,0.000000e+00,0.000000e+00,0.000000e+00,-2.277884e-06,7.302079e-06,1.383856e-06,-1.433092e-07,-4.902080e-07,-4.902080e-07,-1.333088e-06,7.366333e-06,1.153035e-06,3.734602e-06,2.648597e+01,2.593682e+01,2.591249e+01
1.525000e-10,0.000000e+00,0.000000e+00,0.000000e+00,-2.069049e-06,7.167212e-06,9.927410e-07,-1.508004e-07,-4.616342e-07,-4.616342e-07,-1.292616e-06,7.478006e-06,5.149175e-07,3.368426e-06,2.648297e+01,2.593708e+01,2.591252e+01
1.525500e-10,0.000000e+00,0.000000e+00,0.000000e+00,-1.814318e-06,7.112571e-06,5.770082e-07,-1.540832e-07,-4.298185e-07,-4.298185e-07,-1.235677e-06,7.493121e-06,-6.049316e-08,3.006910e-06,2.648001e+01,2.593737e+01,2.591253e+01
1.526000e-10,0.000000e+00,0.000000e+00,0.000000e+00,-1.519990e-06,7.128506e-06,1.453350e-07,-1.532688e-07,-3.955663e-07,-3.955663e-07,-1.162553e-06,7.416723e-06,-5.732364e-07,2.654132e-06,2.647715e+01,2.593768e+01,2.591254e+01
1.526500e-10,0.000000e+00,0.000000e+00,0.000000e+00,-1.193245e-06,7.204768e-06,-2.932401e-07,-1.485620e-07,-3.596582e-07,-3.596582e-07,-1.073833e-06,7.254829e-06,-1.024154e-06,2.313632e-06,2.647446e+01,2.593800e+01,2.591253e+01
1.527000e-10,0.000000e+00,0.000000e+00,0.000000e+00,-8.418487e-07,7.330826e-06,-7.295062e-07,-1.402550e-07,-3.228366e-07,-3.228366e-07,-9.704073e-07,7.014291e-06,-1.414787e-06,1.988401e-06,2.647198e+01,2.593833e+01,2.591251e+01
1.527500e-10,0.000000e+00,0.000000e+00,0.000000e+00,-4.738499e-07,7.495717e-06,-1.154274e-06,-1.287193e-07,-2.857946e-07,-2.857946e-07,-8.534406e-07,6.702652e-06,-1.747275e-06,1.680880e-06,2.646977e+01,2.593866e+01,2.591248e+01
1.528000e-10,0.000000e+00,0.000000e+00,0.000000e+00,-9.731088e-08,7.687516e-06,-1.558574e-06,-1.143957e-07,-2.491655e-07,-2.491655e-07,-7.243532e-07,6.327997e-06,-2.024258e-06,1.392963e-06,2.646787e+01,2.593897e+01,2.591244e+01
1.528500e-10,0.000000e+00,0.000000e+00,0.000000e+00,2.799203e-07,7.892625e-06,-1.933845e-06,-9.778337e-08,-2.135155e-07,-2.135155e-07,-5.847902e-07,5.898806e-06,-2.248783e-06,1.126021e-06,2.646633e+01,2.593928e+01,2.591240e+01
1.529000e-10,0.000000e+00,0.000000e+00,0.000000e+00,6.503803e-07,8.095063e-06,-2.272124e-06,-7.942714e-08,-1.793366e-07,-1.793366e-07,-4.365896e-07,5.423813e-06,-2.424214e-06,8.809279e-07,2.646517e+01,2.593956e+01,2.591234e+01
1.529500e-10,0.000000e+00,0.000000e+00,0.000000e+00,1.007103e-06,8.275979e-06,-2.566214e-06,-5.990414e-08,-1.470430e-07,-1.470430e-07,-2.817465e-07,4.911862e-06,-2.554151e-06,6.580960e-07,2.646441e+01,2.593981e+01,2.591228e+01
1.530000e-10,0.000000e+00,0.000000e+00,0.000000e+00,1.343682e-06,8.413525e-06,-2.809837e-06,-3.980987e-08,-1.169684e-07,-1.169684e-07,-1.223756e-07,4.371777e-06,-2.642348e-06,4.575154e-07,2.646408e+01,2.594003e+01,2.591222e+01
1.530500e-10,0.000000e+00,0.000000e+00,0.000000e+00,1.654295e-06,8.483192e-06,-2.997772e-06,-1.974393e-08,-8.936544e-08,-8.936544e-08,3.932838e-08,3.812238e-06,-2.692649e-06,2.788006e-07,2.646417e+01,2.594021e+01,2.591215e+01
1.531000e-10,0.000000e+00,0.000000e+00,0.000000e+00,1.933704e-06,8.458627e-06,-3.125960e-06,-2.957318e-10,-6.440672e-08,-6.440672e-08,2.011304e-07,3.241660e-06,-2.708917e-06,1.212397e-07,2.646468e+01,2.594034e+01,2.591208e+01
1.531500e-10,0.000000e+00,0.000000e+00,0.000000e+00,2.177252e-06,8.312861e-06,-3.191587e-06,1.796934e-08,-4.218772e-08,-4.218772e-08,3.607951e-07,2.668094e-06,-2.694984e-06,-1.615529e-08,2.646560e+01,2.594043e+01,2.591201e+01
1.532000e-10,0.000000e+00,0.000000e+00,0.000000e+00,2.380873e-06,8.019834e-06,-3.193141e-06,3.452321e-08,-2.273091e-08,-2.273091e-08,5.161260e-07,2.099132e-06,-2.654596e-06,-1.345962e-07,2.646691e+01,2.594048e+01,2.591194e+01
1.532500e-10,0.000000e+00,0.000000e+00,0.000000e+00,2.541111e-06,7.556048e-06,-3.130435e-06,4.888739e-08,-5.991234e-09,-5.991234e-09,6.650021e-07,1.541827e-06,-2.591372e-06,-2.354678e-07,2.646858e+01,2.594047e+01,2.591187e+01
1.533000e-10,0.000000e+00,0.000000e+00,0.000000e+00,2.655169e-06,6.902183e-06,-3.004610e-06,6.064411e-08,8.137189e-09,8.137189e-09,8.054139e-07,1.002622e-06,-2.508773e-06,-3.202780e-07,2.647058e+01,2.594041e+01,2.591180e+01
1.533500e-10,0.000000e+00,0.000000e+00,0.000000e+00,2.720977e-06,6.044486e-06,-2.818099e-06,6.944592e-08,1.981360e-08,1.981360e-08,9.354950e-07,4.873028e-07,-2.410063e-06,-3.906107e-07,2.647287e+01,2.594031e+01,2.591174e+01
1.534000e-10,0.000000e+00,0.000000e+00,0.000000e+00,2.737274e-06,4.975835e-06,-2.574575e-06,7.502373e-08,2.924233e-08,2.924233e-08,1.053552e-06,9.498587e-10,-2.298299e-06,-4.480816e-07,2.647541e+01,2.594016e+01,2.591168e+01
1.534500e-10,0.000000e+00,0.000000e+00,0.000000e+00,2.703687e-06,3.696358e-06,-2.278867e-06,7.719294e-08,3.666408e-08,3.666408e-08,1.158087e-06,-4.520846e-07,-2.176305e-06,-4.942982e-07,2.647813e+01,2.593997e+01,2.591162e+01
1.535000e-10,0.000000e+00,0.000000e+00,0.000000e+00,2.620807e-06,2.213608e-06,-1.936858e-06,7.585770e-08,4.234691e-08,4.234691e-08,1.247825e-06,-8.681933e-07,-2.046667e-06,-5.308242e-07,2.648099e+01,2.593974e+01,2.591158e+01
1.535500e-10,0.000000e+00,0.000000e+00,0.000000e+00,2.490237e-06,5.422897e-07,-1.555355e-06,7.101304e-08,4.657718e-08,4.657718e-08,1.321722e-06,-1.244516e-06,-1.911725e-06,-5.591488e-07,2.648393e+01,2.593947e+01,2.591154e+01
1.536000e-10,0.000000e+00,0.000000e+00,0.000000e+00,2.314610e-06,-1.296380e-06,-1.141955e-06,6.274503e-08,4.965059e-08,4.965059e-08,1.378985e-06,-1.578932e-06,-1.773573e-06,-5.806609e-07,2.648690e+01,2.593917e+01,2.591150e+01
1.536500e-10,0.000000e+00,0.000000e+00,0.000000e+00,2.097559e-06,-3.275585e-06,-7.048768e-07,5.122873e-08,5.186357e-08,5.186357e-08,1.419076e-06,-1.870038e-06,-1.634065e-06,-5.966288e-07,2.648983e+01,2.593886e+01,2.591148e+01
1.537000e-10,0.000000e+00,0.000000e+00,0.000000e+00,1.843653e-06,-5.363987e-06,-2.528018e-07,3.672424e-08,5.350515e-08,5.350515e-08,1.441717e-06,-2.117123e-06,-1.494819e-06,-6.081845e-07,2.649267e+01,2.593852e+01,2.591146e+01
1.537500e-10,0.000000e+00,0.000000e+00,0.000000e+00,1.558287e-06,-7.526856e-06,2.053093e-07,1.957071e-08,5.484948e-08,5.484948e-08,1.446886e-06,-2.320128e-06,-1.357228e-06,-6.163140e-07,2.649537e+01,2.593818e+01,2.591145e+01
1.538000e-10,0.000000e+00,0.000000e+00,0.000000e+00,1.247531e-06,-9.727159e-06,6.603964e-07,1.786253e-10,5.614911e-08,5.614911e-08,1.434817e-06,-2.479602e-06,-1.222472e-06,-6.218511e-07,2.649787e+01,2.593784e+01,2.591144e+01
1.538500e-10,0.000000e+00,0.000000e+00,0.000000e+00,9.179623e-07,-1.192652e-05,1.103483e-06,-2.097957e-08,5.762923e-08,5.762923e-08,1.405984e-06,-2.596651e-06,-1.091536e-06,-6.254770e-07,2.650012e+01,2.593750e+01,2.591144e+01
1.539000e-10,0.000000e+00,0.000000e+00,0.000000e+00,5.764770e-07,-1.408603e-05,1.525856e-06,-4.338027e-08,5.948278e-08,5.948278e-08,1.361093e-06,-2.672883e-06,-9.652193e-07,-6.277228e-07,2.650208e+01,2.593717e+01,2.591145e+01
1.539500e-10,0.000000e+00,0.000000e+00,0.000000e+00,2.300962e-07,-1.616687e-05,1.919240e-06,-6.646072e-08,6.186671e-08,6.186671e-08,1.301065e-06,-2.710349e-06,-8.441581e-07,-6.289765e-07,2.650373e+01,2.593686e+01,2.591147e+01
1.540000e-10,0.000000e+00,0.000000e+00,0.000000e+00,-1.142154e-07,-1.813077e-05,2.275963e-06,-8.963184e-08,6.489926e-08,6.489926e-08,1.227013e-06,-2.711480e-06,-7.288387e-07,-6.294927e-07,2.650501e+01,2.593658e+01,2.591149e+01
1.540500e-10,0.000000e+00,0.000000e+00,0.000000e+00,-4.497161e-07,-1.994039e-05,2.589102e-06,-1.122918e-07,6.865833e-08,6.865833e-08,1.140224e-06,-2.679025e-06,-6.196156e-07,-6.294049e-07,2.650592e+01,2.593633e+01,2.591151e+01
1.541000e-10,0.000000e+00,0.000000e+00,0.000000e+00,-7.700284e-07,-2.155953e-05,2.852622e-06,-1.338398e-07,7.318097e-08,7.318097e-08,1.042132e-06,-2.615986e-06,-5.167280e-07,-6.287397e-07,2.650644e+01,2.593612e+01,2.591154e+01
1.541500e-10,0.000000e+00,0.000000e+00,0.000000e+00,-1.069251e-06,-2.295342e-05,3.061487e-06,-1.536902e-07,7.846391e-08,7.846391e-08,9.342957e-07,-2.525560e-06,-4.203155e-07,-6.274327e-07,2.650656e+01,2.593595e+01,2.591157e+01
1.542000e-10,0.000000e+00,0.000000e+00,0.000000e+00,-1.342045e-06,-2.408898e-05,3.211757e-06,-1.712857e-07,8.446500e-08,8.446500e-08,8.183672e-07,-2.411072e-06,-3.304332e-07,-6.253457e-07,2.650628e+01,2.593582e+01,2.591160e+01
1.542500e-10,0.000000e+00,0.000000e+00,0.000000e+00,-1.583683e-06,-2.493522e-05,3.300659e-06,-1.861109e-07,9.110572e-08,9.110572e-08,6.960680e-07,-2.275922e-06,-2.470652e-07,-6.222832e-07,2.650561e+01,2.593574e+01,2.591163e+01
1.543000e-10,0.000000e+00,0.000000e+00,0.000000e+00,-1.790090e-06,-2.546366e-05,3.326629e-06,-1.977039e-07,9.827438e-08,9.827438e-08,5.691597e-07,-2.123528e-06,-1.701380e-07,-6.180102e-07,2.650457e+01,2.593571e+01,2.591167e+01
1.543500e-10,0.000000e+00,0.000000e+00,0.000000e+00,-1.957853e-06,-2.564896e-05,3.289339e-06,-2.056678e-07,1.058301e-07,1.058301e-07,4.394170e-07,-1.957275e-06,-9.953102e-08,-6.122687e-07,2.650317e+01,2.593573e+01,2.591170e+01
1.544000e-10,0.000000e+00,0.000000e+00,0.000000e+00,-2.084230e-06,-2.546965e-05,3.189696e-06,-2.096803e-07,1.136074e-07,1.136074e-07,3.086007e-07,-1.780471e-06,-3.508747e-08,-6.047934e-07,2.650145e+01,2.593581e+01,2.591173e+01
1.544500e-10,0.000000e+00,0.000000e+00,0.000000e+00,-2.167150e-06,-2.490891e-05,3.029810e-06,-2.095016e-07,1.214213e-07,1.214213e-07,1.784324e-07,-1.596301e-06,2.337742e-08,-5.953266e-07,2.649944e+01,2.593593e+01,2.591176e+01
1.545000e-10,0.000000e+00,0.000000e+00,0.000000e+00,-2.205215e-06,-2.395548e-05,2.812950e-06,-2.049809e-07,1.290726e-07,1.290726e-07,5.057007e-08,-1.407794e-06,7.606873e-08,-5.836313e-07,2.649718e+01,2.593609e+01,2.591178e+01
1.545500e-10,0.000000e+00,0.000000e+00,0.000000e+00,-2.197718e-06,-2.260454e-05,2.543473e-06,-1.960605e-07,1.363537e-07,1.363537e-07,-7.341416e-08,-1.217789e-06,1.232058e-07,-5.695026e-07,2.649472e+01,2.593631e+01,2.591181e+01
1.546000e-10,0.000000e+00,0.000000e+00,0.000000e+00,-2.144655e-06,-2.085853e-05,2.226731e-06,-1.827787e-07,1.430539e-07,1.430539e-07,-1.920542e-07,-1.028913e-06,1.650169e-07,-5.527773e-07,2.649211e+01,2.593656e+01,2.591183e+01
1.546500e-10,0.000000e+00,0.000000e+00,0.000000e+00,-2.046761e-06,-1.872795e-05,1.868969e-06,-1.652697e-07,1.489656e-07,1.489656e-07,-3.040078e-07,-8.435547e-07,2.017357e-07,-5.333415e-07,2.648940e+01,2.593684e+01,2.591184e+01
1.547000e-10,0.000000e+00,0.000000e+00,0.000000e+00,-1.905547e-06,-1.623180e-05,1.477195e-06,-1.437622e-07,1.538894e-07,1.538894e-07,-4.080719e-07,-6.638533e-07,2.335980e-07,-5.111366e-07,2.648663e+01,2.593716e+01,2.591185e+01
1.547500e-10,0.000000e+00,0.000000e+00,0.000000e+00,-1.723332e-06,-1.339792e-05,1.059050e-06,-1.185751e-07,1.576393e-07,1.576393e-07,-5.031951e-07,-4.916868e-07,2.608395e-07,-4.861621e-07,2.648387e+01,2.593749e+01,2.591186e+01
1.548000e-10,0.000000e+00,0.000000e+00,0.000000e+00,-1.503284e-06,-1.026294e-05,6.226558e-07,-9.011243e-08,1.600474e-07,1.600474e-07,-5.884874e-07,-3.286664e-07,2.836944e-07,-4.584782e-07,2.648117e+01,2.593785e+01,2.591186e+01
1.548500e-10,0.000000e+00,0.000000e+00,0.000000e+00,-1.249429e-06,-6.871829e-06,1.764655e-07,-5.885524e-08,1.609685e-07,1.609685e-07,-6.632275e-07,-1.761356e-07,3.023947e-07,-4.282049e-07,2.647857e+01,2.593821e+01,2.591186e+01
1.549000e-10,0.000000e+00,0.000000e+00,0.000000e+00,-9.666533e-07,-3.277084e-06,-2.709020e-07,-2.535247e-08,1.602833e-07,1.602833e-07,-7.268660e-07,-3.517317e-08,3.171697e-07,-3.955199e-07,2.647615e+01,2.593858e+01,2.591186e+01
1.549500e-10,0.000000e+00,0.000000e+00,0.000000e+00,-6.606549e-07,4.624500e-07,-7.108236e-07,9.789812e-09,1.579019e-07,1.579019e-07,-7.790275e-07,9.339956e-08,3.282458e-07,-3.606559e-07,2.647392e+01,2.593894e+01,2.591185e+01
1.550000e-10,0.000000e+00,0.000000e+00,0.000000e+00,-3.378679e-07,4.283130e-06,-1.134838e-06,4.592055e-08,1.537659e-07,1.537659e-07,-8.195088e-07,2.090085e-07,3.358472e-07,-3.238947e-07,2.647195e+01,2.593928e+01,2.591184e+01
1.550500e-10,0.000000e+00,0.000000e+00,0.000000e+00,-5.334522e-09,8.118311e-06,-1.534806e-06,8.235676e-08,1.478500e-07,1.478500e-07,-8.482748e-07,3.113137e-07,3.401959e-07,-2.855618e-07,2.647028e+01,2.593961e+01,2.591183e+01
1.551000e-10,0.000000e+00,0.000000e+00,0.000000e+00,3.294654e-07,1.190027e-05,-1.903072e-06,1.183974e-07,1.401628e-07,1.401628e-07,-8.654523e-07,4.001933e-07,3.415124e-07,-2.460190e-07,2.646892e+01,2.593992e+01,2.591181e+01
1.551500e-10,0.000000e+00,0.000000e+00,0.000000e+00,6.588255e-07,1.556217e-05,-2.232611e-06,1.533375e-07,1.307473e-07,1.307473e-07,-8.713210e-07,4.757259e-07,3.400163e-07,-2.056568e-07,2.646791e+01,2.594019e+01,2.591180e+01
1.552000e-10,0.000000e+00,0.000000e+00,0.000000e+00,9.750533e-07,1.903985e-05,-2.517170e-06,1.864831e-07,1.196798e-07,1.196798e-07,-8.663035e-07,5.381711e-07,3.359264e-07,-1.648860e-07,2.646727e+01,2.594043e+01,2.591178e+01
1.552500e-10,0.000000e+00,0.000000e+00,0.000000e+00,1.270729e-06,2.227343e-05,-2.751394e-06,2.171649e-07,1.070687e-07,1.070687e-07,-8.509526e-07,5.879495e-07,3.294613e-07,-1.241294e-07,2.646701e+01,2.594063e+01,2.591176e+01
1.553000e-10,0.000000e+00,0.000000e+00,0.000000e+00,1.538961e-06,2.520853e-05,-2.930937e-06,2.447529e-07,9.305272e-08,9.305272e-08,-8.259376e-07,6.256208e-07,3.208394e-07,-8.381305e-08,2.646712e+01,2.594078e+01,2.591174e+01
1.553500e-10,0.000000e+00,0.000000e+00,0.000000e+00,1.773628e-06,2.779712e-05,-3.052550e-06,2.686689e-07,7.779804e-08,7.779804e-08,-7.920298e-07,6.518631e-07,3.102791e-07,-4.435806e-08,2.646762e+01,2.594088e+01,2.591173e+01
1.554000e-10,0.000000e+00,0.000000e+00,0.000000e+00,1.969581e-06,2.999808e-05,-3.114156e-06,2.883993e-07,6.149524e-08,6.149524e-08,-7.500862e-07,6.674510e-07,2.979984e-07,-6.172469e-09,2.646847e+01,2.594094e+01,2.591171e+01
1.554500e-10,0.000000e+00,0.000000e+00,0.000000e+00,2.122805e-06,3.177731e-05,-3.114887e-06,3.035055e-07,4.435569e-08,4.435569e-08,-7.010336e-07,6.732352e-07,2.842145e-07,3.035622e-08,2.646967e+01,2.594094e+01,2.591170e+01
1.555000e-10,0.000000e+00,0.000000e+00,0.000000e+00,2.230515e-06,3.310773e-05,-3.055112e-06,3.136337e-07,2.660752e-08,2.660752e-08,-6.458522e-07,6.701217e-07,2.691434e-07,6.486787e-08,2.647118e+01,2.594090e+01,2.591169e+01
1.555500e-10,0.000000e+00,0.000000e+00,0.000000e+00,2.291199e-06,3.396908e-05,-2.936423e-06,3.185225e-07,8.491351e-09,8.491351e-09,-5.855583e-07,6.590534e-07,2.529986e-07,9.703578e-08,2.647297e+01,2.594080e+01,2.591168e+01
1.556000e-10,0.000000e+00,0.000000e+00,0.000000e+00,2.304601e-06,3.434774e-05,-2.761605e-06,3.180092e-07,-9.744230e-09,-9.744230e-09,-5.211886e-07,6.409914e-07,2.359909e-07,1.265718e-07,2.647500e+01,2.594066e+01,2.591168e+01
1.556500e-10,0.000000e+00,0.000000e+00,0.000000e+00,2.271653e-06,3.423662e-05,-2.534574e-06,3.120332e-07,-2.784724e-08,-2.784724e-08,-4.537839e-07,6.168991e-07,2.183265e-07,1.532306e-07,2.647723e+01,2.594047e+01,2.591168e+01
1.557000e-10,0.000000e+00,0.000000e+00,0.000000e+00,2.194366e-06,3.363513e-05,-2.260289e-06,3.006384e-07,-4.556694e-08,-4.556694e-08,-3.843744e-07,5.877268e-07,2.002063e-07,1.768128e-07,2.647960e+01,2.594024e+01,2.591168e+01
1.557500e-10,0.000000e+00,0.000000e+00,0.000000e+00,2.075702e-06,3.254929e-05,-1.944644e-06,2.839729e-07,-6.265834e-08,-6.265834e-08,-3.139649e-07,5.543989e-07,1.818244e-07,1.971671e-07,2.648206e+01,2.593998e+01,2.591169e+01
1.558000e-10,0.000000e+00,0.000000e+00,0.000000e+00,1.919423e-06,3.099196e-05,-1.594337e-06,2.622868e-07,-7.888657e-08,-7.888657e-08,-2.435221e-07,5.178019e-07,1.633669e-07,2.141918e-07,2.648457e+01,2.593968e+01,2.591170e+01
1.558500e-10,0.000000e+00,0.000000e+00,0.000000e+00,1.729951e-06,2.898305e-05,-1.216719e-06,2.359276e-07,-9.403099e-08,-9.403099e-08,-1.739625e-07,4.787749e-07,1.450103e-07,2.278343e-07,2.648706e+01,2.593936e+01,2.591172e+01
1.559000e-10,0.000000e+00,0.000000e+00,0.000000e+00,1.512222e-06,2.654971e-05,-8.196368e-07,2.053346e-07,-1.078890e-07,-1.078890e-07,-1.061422e-07,4.381014e-07,1.269206e-07,2.380912e-07,2.648950e+01,2.593902e+01,2.591173e+01
1.559500e-10,0.000000e+00,0.000000e+00,0.000000e+00,1.271563e-06,2.372635e-05,-4.112577e-07,1.710300e-07,-1.202793e-07,-1.202793e-07,-4.084733e-08,3.965034e-07,1.092517e-07,2.450058e-07,2.649182e+01,2.593867e+01,2.591175e+01
1.560000e-10,0.000000e+00,0.000000e+00,0.000000e+00,1.013580e-06,2.055442e-05,1.053893e-10,1.336097e-07,-1.310451e-07,-1.310451e-07,2.121320e-08,3.546363e-07,9.214439e-08,2.486663e-07,2.649399e+01,2.593831e+01,2.591178e+01
1.560500e-10,0.000000e+00,0.000000e+00,0.000000e+00,7.440485e-07,1.708189e-05,4.061720e-07,9.373150e-08,-1.400562e-07,-1.400562e-07,7.941363e-08,3.130862e-07,7.572557e-08,2.492023e-07,2.649595e+01,2.593795e+01,2.591180e+01
1.561000e-10,0.000000e+00,0.000000e+00,0.000000e+00,4.688220e-07,1.336243e-05,7.988685e-07,5.210304e-08,-1.472110e-07,-1.472110e-07,1.332159e-07,2.723682e-07,6.010716e-08,2.467810e-07,2.649768e+01,2.593760e+01,2.591183e+01
1.561500e-10,0.000000e+00,0.000000e+00,0.000000e+00,1.937327e-07,9.454277e-06,1.170495e-06,9.467851e-09,-1.524382e-07,-1.524382e-07,1.821723e-07,2.329263e-07,4.538559e-08,2.416030e-07,2.649915e+01,2.593727e+01,2.591186e+01
1.562000e-10,0.000000e+00,0.000000e+00,0.000000e+00,-7.550820e-08,5.418910e-06,1.513882e-06,-3.340887e-08,-1.556968e-07,-1.556968e-07,2.259273e-07,1.951341e-07,3.164132e-08,2.338977e-07,2.650032e+01,2.593696e+01,2.591189e+01
1.562500e-10,0.000000e+00,0.000000e+00,0.000000e+00,-3.334178e-07,1.319535e-06,1.822534e-06,-7.575499e-08,-1.569772e-07,-1.569772e-07,2.642167e-07,1.592973e-07,1.893867e-08,2.239181e-07,2.650118e+01,2.593668e+01,2.591191e+01
1.563000e-10,0.000000e+00,0.000000e+00,0.000000e+00,-5.748548e-07,-2.780398e-06,2.090755e-06,-1.168065e-07,-1.563001e-07,-1.563001e-07,2.968669e-07,1.256564e-07,7.325747e-09,2.119358e-07,2.650172e+01,2.593643e+01,2.591194e+01
1.563500e-10,0.000000e+00,0.000000e+00,0.000000e+00,-7.951347e-07,-6.818615e-06,2.313752e-06,-1.558220e-07,-1.537157e-07,-1.537157e-07,3.237918e-07,9.439081e-08,-3.165318e-09,1.982356e-07,2.650193e+01,2.593621e+01,2.591197e+01
1.564000e-10,0.000000e+00,0.000000e+00,0.000000e+00,-9.901416e-07,-1.073524e-05,2.487728e-06,-1.920977e-07,-1.493026e-07,-1.493026e-07,3.449889e-07,6.562266e-08,-1.251795e-08,1.831107e-07,2.650181e+01,2.593604e+01,2.591199e+01
1.564500e-10,0.000000e+00,0.000000e+00,0.000000e+00,-1.156427e-06,-1.447375e-05,2.609940e-06,-2.249802e-07,-1.431657e-07,-1.431657e-07,3.605345e-07,3.942221e-08,-2.073050e-08,1.668572e-07,2.650137e+01,2.593591e+01,2.591202e+01
1.565000e-10,0.000000e+00,0.000000e+00,0.000000e+00,-1.291290e-06,-1.798168e-05,2.678739e-06,-2.538797e-07,-1.354335e-07,-1.354335e-07,3.705778e-07,1.581287e-08,-2.781547e-08,1.497695e-07,2.650063e+01,2.593583e+01,2.591203e+01
1.565500e-10,0.000000e+00,0.000000e+00,0.000000e+00,-1.392823e-06,-2.121109e-05,2.693592e-06,-2.782814e-07,-1.262562e-07,-1.262562e-07,3.753346e-07,-5.223401e-09,-3.379846e-08,1.321356e-07,2.649961e+01,2.593580e+01,2.591205e+01
1.566000e-10,0.000000e+00,0.000000e+00,0.000000e+00,-1.459932e-06,-2.411876e-05,2.655070e-06,-2.977549e-07,-1.158016e-07,-1.158016e-07,3.750799e-07,-2.374054e-08,-3.871711e-08,1.142333e-07,2.649833e+01,2.593581e+01,2.591206e+01
1.566500e-10,0.000000e+00,0.000000e+00,0.000000e+00,-1.492320e-06,-2.666639e-05,2.564817e-06,-3.119627e-07,-1.042529e-07,-1.042529e-07,3.701402e-07,-3.982294e-08,-4.261978e-08,9.632588e-08,2.649683e+01,2.593587e+01,2.591207e+01
1.567000e-10,0.000000e+00,0.000000e+00,0.000000e+00,-1.490431e-06,-2.882068e-05,2.425503e-06,-3.206665e-07,-9.180447e-08,-9.180447e-08,3.608861e-07,-5.358003e-08,-4.556420e-08,7.865938e-08,2.649514e+01,2.593598e+01,2.591207e+01
1.567500e-10,0.000000e+00,0.000000e+00,0.000000e+00,-1.455377e-06,-3.055357e-05,2.240747e-06,-3.237318e-07,-7.865870e-08,-7.865870e-08,3.477236e-07,-6.514118e-08,-4.761606e-08,6.145938e-08,2.649330e+01,2.593613e+01,2.591207e+01
1.568000e-10,0.000000e+00,0.000000e+00,0.000000e+00,-1.388850e-06,-3.184247e-05,2.015025e-06,-3.211298e-07,-6.502224e-08,-6.502224e-08,3.310864e-07,-7.465082e-08,-4.884746e-08,4.492892e-08,2.649134e+01,2.593632e+01,2.591206e+01
1.568500e-10,0.000000e+00,0.000000e+00,0.000000e+00,-1.293018e-06,-3.267072e-05,1.753566e-06,-3.129377e-07,-5.110247e-08,-5.110247e-08,3.114278e-07,-8.226387e-08,-4.933549e-08,2.924673e-08,2.648932e+01,2.593654e+01,2.591205e+01
1.569000e-10,0.000000e+00,0.000000e+00,0.000000e+00,-1.170433e-06,-3.302812e-05,1.462227e-06,-2.993371e-07,-3.710403e-08,-3.710403e-08,2.892126e-07,-8.814165e-08,-4.916062e-08,1.456596e-08,2.648727e+01,2.593680e+01,2.591204e+01
1.569500e-10,0.000000e+00,0.000000e+00,0.000000e+00,-1.023951e-06,-3.291143e-05,1.147366e-06,-2.806099e-07,-2.322551e-08,-2.322551e-08,2.649100e-07,-9.244811e-08,-4.840532e-08,1.013496e-09,2.648524e+01,2.593708e+01,2.591202e+01
1.570000e-10,0.000000e+00,0.000000e+00,0.000000e+00,-8.566674e-07,-3.232492e-05,8.156995e-07,-2.571324e-07,-9.656322e-09,-9.656322e-09,2.389864e-07,-9.534657e-08,-4.715261e-08,-1.131025e-08,2.648326e+01,2.593738e+01,2.591200e+01
1.570500e-10,0.000000e+00,0.000000e+00,0.000000e+00,-6.718715e-07,-3.128068e-05,4.741614e-07,-2.293678e-07,3.426100e-09,3.426100e-09,2.118988e-07,-9.699691e-08,-4.548470e-08,-2.233110e-08,2.648138e+01,2.593770e+01,2.591197e+01
1.571000e-10,0.000000e+00,0.000000e+00,0.000000e+00,-4.730220e-07,-2.979881e-05,1.297600e-07,-1.978565e-07,1.585886e-08,1.585886e-08,1.840887e-07,-9.755314e-08,-4.348181e-08,-3.200045e-08,2.647963e+01,2.593802e+01,2.591194e+01
1.571500e-10,0.000000e+00,0.000000e+00,0.000000e+00,-2.637301e-07,-2.790718e-05,-2.105645e-07,-1.632055e-07,2.749575e-08,2.749575e-08,1.559769e-07,-9.716154e-08,-4.122095e-08,-4.029419e-08,2.647804e+01,2.593834e+01,2.591190e+01
1.572000e-10,0.000000e+00,0.000000e+00,0.000000e+00,-4.774988e-08,-2.564100e-05,-5.400766e-07,-1.260760e-07,3.820911e-08,3.820911e-08,1.279589e-07,-9.595911e-08,-3.877502e-08,-4.721128e-08,2.647665e+01,2.593866e+01,2.591187e+01
1.572500e-10,0.000000e+00,0.000000e+00,0.000000e+00,1.710361e-07,-2.304201e-05,-8.523756e-07,-8.717099e-08,4.789116e-08,4.789116e-08,1.004005e-07,-9.407252e-08,-3.621187e-08,-5.277206e-08,2.647547e+01,2.593897e+01,2.591183e+01
1.573000e-10,0.000000e+00,0.000000e+00,0.000000e+00,3.886403e-07,-2.015745e-05,-1.141515e-06,-4.722059e-08,5.645506e-08,5.645506e-08,7.363492e-08,-9.161734e-08,-3.359361e-08,-5.701632e-08,2.647454e+01,2.593926e+01,2.591179e+01
1.573500e-10,0.000000e+00,0.000000e+00,0.000000e+00,6.010092e-07,-1.703882e-05,-1.402113e-06,-6.968371e-09,6.383546e-08,6.383546e-08,4.796006e-08,-8.869774e-08,-3.097604e-08,-6.000110e-08,2.647385e+01,2.593952e+01,2.591176e+01
1.574000e-10,0.000000e+00,0.000000e+00,0.000000e+00,8.040798e-07,-1.374062e-05,-1.629445e-06,3.284328e-08,6.998871e-08,6.998871e-08,2.363670e-08,-8.540636e-08,-2.840825e-08,-6.179847e-08,2.647343e+01,2.593976e+01,2.591172e+01
1.574500e-10,0.000000e+00,0.000000e+00,0.000000e+00,9.938521e-07,-1.031903e-05,-1.819529e-06,7.148740e-08,7.489260e-08,7.489260e-08,8.873465e-10,-8.182455e-08,-2.593230e-08,-6.249315e-08,2.647328e+01,2.593997e+01,2.591168e+01
1.575000e-10,0.000000e+00,0.000000e+00,0.000000e+00,1.166474e-06,-6.830705e-06,-1.969188e-06,1.082663e-07,7.854578e-08,7.854578e-08,-2.010425e-08,-7.802281e-08,-2.358316e-08,-6.218006e-08,2.647339e+01,2.594014e+01,2.591165e+01
1.575500e-10,0.000000e+00,0.000000e+00,0.000000e+00,1.318335e-06,-3.331699e-06,-2.076104e-06,1.425247e-07,8.096683e-08,8.096683e-08,-3.919295e-08,-7.406136e-08,-2.138866e-08,-6.096195e-08,2.647377e+01,2.594028e+01,2.591162e+01
1.576000e-10,0.000000e+00,0.000000e+00,0.000000e+00,1.446156e-06,1.234631e-07,-2.138845e-06,1.736621e-07,8.219293e-08,8.219293e-08,-5.627153e-08,-6.999096e-08,-1.936971e-08,-5.894707e-08,2.647440e+01,2.594037e+01,2.591159e+01
1.576500e-10,0.000000e+00,0.000000e+00,0.000000e+00,1.547080e-06,3.482564e-06,-2.156885e-06,2.011437e-07,8.227834e-08,8.227834e-08,-7.126938e-08,-6.585376e-08,-1.754047e-08,-5.624685e-08,2.647526e+01,2.594042e+01,2.591156e+01
1.577000e-10,0.000000e+00,0.000000e+00,0.000000e+00,1.618745e-06,6.696366e-06,-2.130601e-06,2.245100e-07,8.129260e-08,8.129260e-08,-8.415082e-08,-6.168423e-08,-1.590882e-08,-5.297378e-08,2.647634e+01,2.594044e+01,2.591154e+01
1.577500e-10,0.000000e+00,0.000000e+00,0.000000e+00,1.659349e-06,9.719204e-06,-2.061252e-06,2.433852e-07,7.931849e-08,7.931849e-08,-9.491295e-08,-5.751017e-08,-1.447673e-08,-4.923945e-08,2.647761e+01,2.594040e+01,2.591153e+01
1.578000e-10,0.000000e+00,0.000000e+00,0.000000e+00,1.667697e-06,1.250956e-05,-1.950949e-06,2.574830e-07,7.644994e-08,7.644994e-08,-1.035832e-07,-5.335370e-08,-1.324086e-08,-4.515266e-08,2.647903e+01,2.594033e+01,2.591151e+01
1.578500e-10,0.000000e+00,0.000000e+00,0.000000e+00,1.643234e-06,1.503065e-05,-1.802596e-06,2.666117e-07,7.278969e-08,7.278969e-08,-1.102165e-07,-4.923219e-08,-1.219313e-08,-4.081788e-08,2.648059e+01,2.594022e+01,2.591151e+01
1.579000e-10,0.000000e+00,0.000000e+00,0.000000e+00,1.586068e-06,1.725097e-05,-1.619833e-06,2.706768e-07,6.844704e-08,6.844704e-08,-1.148923e-07,-4.515925e-08,-1.132138e-08,-3.633380e-08,2.648225e+01,2.594008e+01,2.591150e+01
1.579500e-10,0.000000e+00,0.000000e+00,0.000000e+00,1.496981e-06,1.914491e-05,-1.406949e-06,2.696814e-07,6.353551e-08,6.353551e-08,-1.177116e-07,-4.114554e-08,-1.061005e-08,-3.179211e-08,2.648396e+01,2.593990e+01,2.591151e+01
1.580000e-10,0.000000e+00,0.000000e+00,0.000000e+00,1.377432e-06,2.069330e-05,-1.168796e-06,2.637250e-07,5.817051e-08,5.817051e-08,-1.187934e-07,-3.719959e-08,-1.004084e-08,-2.727657e-08,2.648570e+01,2.593970e+01,2.591152e+01
1.580500e-10,0.000000e+00,0.000000e+00,0.000000e+00,1.229554e-06,2.188380e-05,-9.106853e-07,2.530009e-07,5.246719e-08,5.246719e-08,-1.182718e-07,-3.332849e-08,-9.593470e-09,-2.286227e-08,2.648742e+01,2.593947e+01,2.591153e+01
1.581000e-10,0.000000e+00,0.000000e+00,0.000000e+00,1.056145e-06,2.271124e-05,-6.382809e-07,2.377909e-07,4.653830e-08,4.653830e-08,-1.162926e-07,-2.953850e-08,-9.246287e-09,-1.861504e-08,2.648909e+01,2.593922e+01,2.591154e+01
1.581500e-10,0.000000e+00,0.000000e+00,0.000000e+00,8.606397e-07,2.317764e-05,-3.574814e-07,2.184586e-07,4.049229e-08,4.049229e-08,-1.130098e-07,-2.583552e-08,-8.976973e-09,-1.459120e-08,2.649067e+01,2.593896e+01,2.591157e+01
1.582000e-10,0.000000e+00,0.000000e+00,0.000000e+00,6.470759e-07,2.329202e-05,-7.430210e-08,1.954418e-07,3.443155e-08,3.443155e-08,-1.085833e-07,-2.222551e-08,-8.763143e-09,-1.083739e-08,2.649214e+01,2.593869e+01,2.591159e+01
1.582500e-10,0.000000e+00,0.000000e+00,0.000000e+00,4.200341e-07,2.306990e-05,2.052462e-07,1.692424e-07,2.845087e-08,2.845087e-08,-1.031753e-07,-1.871476e-08,-8.582925e-09,-7.390668e-09,2.649345e+01,2.593842e+01,2.591162e+01
1.583000e-10,0.000000e+00,0.000000e+00,0.000000e+00,1.845558e-07,2.253258e-05,4.752781e-07,1.404163e-07,2.263614e-08,2.263614e-08,-9.694790e-08,-1.531010e-08,-8.415471e-09,-4.278718e-09,2.649457e+01,2.593815e+01,2.591165e+01
1.583500e-10,0.000000e+00,0.000000e+00,0.000000e+00,-5.396533e-08,2.170614e-05,7.301524e-07,1.095614e-07,1.706332e-08,1.706332e-08,-9.006075e-08,-1.201901e-08,-8.241420e-09,-1.520243e-09,2.649549e+01,2.593789e+01,2.591168e+01
1.584000e-10,0.000000e+00,0.000000e+00,0.000000e+00,-2.899199e-07,2.062032e-05,9.645853e-07,7.730561e-08,1.179761e-08,1.179761e-08,-8.266856e-08,-8.849608e-09,-8.043286e-09,8.745207e-10,2.649618e+01,2.593764e+01,2.591172e+01
1.584500e-10,0.000000e+00,0.000000e+00,0.000000e+00,-5.176431e-07,1.930732e-05,1.173758e-06,4.429386e-08,6.892957e-09,6.892957e-09,-7.491929e-08,-5.810623e-09,-7.805774e-09,2.903186e-09,2.649663e+01,2.593741e+01,2.591175e+01
1.585000e-10,0.000000e+00,0.000000e+00,0.000000e+00,-7.315925e-07,1.780071e-05,1.353415e-06,1.117534e-08,2.391783e-09,2.391783e-09,-6.695243e-08,-2.911264e-09,-7.516033e-09,4.570501e-09,2.649683e+01,2.593721e+01,2.591179e+01
1.585500e-10,0.000000e+00,0.000000e+00,0.000000e+00,-9.265351e-07,1.613436e-05,1.499952e-06,-2.140941e-08,-1.675048e-09,-1.675048e-09,-5.889760e-08,-1.610574e-10,-7.163825e-09,5.887568e-09,2.649677e+01,2.593703e+01,2.591183e+01
1.586000e-10,0.000000e+00,0.000000e+00,0.000000e+00,-1.097731e-06,1.434166e-05,1.610489e-06,-5.284104e-08,-5.287985e-09,-5.287985e-09,-5.087342e-08,2.430363e-09,-6.741635e-09,6.871021e-09,2.649645e+01,2.593688e+01,2.591186e+01
1.586500e-10,0.000000e+00,0.000000e+00,0.000000e+00,-1.241101e-06,1.245495e-05,1.682931e-06,-8.253336e-08,-8.438337e-09,-8.438337e-09,-4.298664e-08,4.853491e-09,-6.244703e-09,7.542168e-09,2.649588e+01,2.593676e+01,2.591189e+01
1.587000e-10,0.000000e+00,0.000000e+00,0.000000e+00,-1.353369e-06,1.050516e-05,1.716014e-06,-1.099445e-07,-1.112762e-08,-1.112762e-08,-3.533162e-08,7.099201e-09,-5.670996e-09,7.926131e-09,2.649508e+01,2.593667e+01,2.591193e+01
1.587500e-10,0.000000e+00,0.000000e+00,0.000000e+00,-1.432162e-06,8.521759e-06,1.709327e-06,-1.345870e-07,-1.336670e-08,-1.336670e-08,-2.798995e-08,9.159005e-09,-5.021120e-09,8.050985e-09,2.649405e+01,2.593662e+01,2.591195e+01
1.588000e-10,0.000000e+00,0.000000e+00,0.000000e+00,-1.476072e-06,6.532716e-06,1.663325e-06,-1.560369e-07,-1.517481e-08,-1.517481e-08,-2.103039e-08,1.102530e-08,-4.298174e-09,7.946928e-09,2.649283e+01,2.593661e+01,2.591198e+01
1.588500e-10,0.000000e+00,0.000000e+00,0.000000e+00,-1.484665e-06,4.564650e-06,1.579312e-06,-1.739409e-07,-1.657846e-08,-1.657846e-08,-1.450903e-08,1.269163e-08,-3.507562e-09,7.645484e-09,2.649144e+01,2.593663e+01,2.591200e+01
1.589000e-10,0.000000e+00,0.000000e+00,0.000000e+00,-1.458447e-06,2.642910e-06,1.459418e-06,-1.880230e-07,-1.761016e-08,-1.761016e-08,-8.469614e-09,1.415287e-08,-2.656758e-09,7.178760e-09,2.648991e+01,2.593668e+01,2.591202e+01
1.589500e-10,0.000000e+00,0.000000e+00,0.000000e+00,-1.398788e-06,7.915870e-07,1.306542e-06,-1.980883e-07,-1.830721e-08,-1.830721e-08,-2.944040e-09,1.540543e-08,-1.755044e-09,6.578750e-09,2.648827e+01,2.593677e+01,2.591203e+01
1.590000e-10,0.000000e+00,0.000000e+00,0.000000e+00,-1.307818e-06,-9.666143e-07,1.124290e-06,-2.040261e-07,-1.871036e-08,-1.871036e-08,2.046932e-09,1.644744e-08,-8.132183e-10,5.876724e-09,2.648656e+01,2.593688e+01,2.591204e+01
1.590500e-10,0.000000e+00,0.000000e+00,0.000000e+00,-1.188301e-06,-2.610657e-06,9.168935e-07,-2.058106e-07,-1.886251e-08,-1.886251e-08,6.492906e-09,1.727881e-08,1.567171e-10,5.102668e-09,2.648482e+01,2.593702e+01,2.591205e+01
1.591000e-10,0.000000e+00,0.000000e+00,0.000000e+00,-1.043499e-06,-4.121604e-06,6.891077e-07,-2.035003e-07,-1.880747e-08,-1.880747e-08,1.039294e-08,1.790137e-08,1.141871e-09,4.284823e-09,2.648309e+01,2.593719e+01,2.591205e+01
1.591500e-10,0.000000e+00,0.000000e+00,0.000000e+00,-8.770466e-07,-5.483155e-06,4.461075e-07,-1.972356e-07,-1.858868e-08,-1.858868e-08,1.375456e-08,1.831887e-08,2.128790e-09,3.449282e-09,2.648140e+01,2.593737e+01,2.591204e+01
1.592000e-10,0.000000e+00,0.000000e+00,0.000000e+00,-6.928249e-07,-6.682227e-06,1.933678e-07,-1.872345e-07,-1.824816e-08,-1.824816e-08,1.659277e-08,1.853697e-08,3.103776e-09,2.619684e-09,2.647978e+01,2.593757e+01,2.591204e+01
1.592500e-10,0.000000e+00,0.000000e+00,0.000000e+00,-4.948647e-07,-7.709501e-06,-6.345874e-08,-1.737871e-07,-1.782539e-08,-1.782539e-08,1.892891e-08,1.856323e-08,4.053195e-09,1.816973e-09,2.647828e+01,2.593778e+01,2.591202e+01
1.593000e-10,0.000000e+00,0.000000e+00,0.000000e+00,-2.872630e-07,-8.559862e-06,-3.186685e-07,-1.572485e-07,-1.735651e-08,-1.735651e-08,2.078968e-08,1.840699e-08,4.963773e-09,1.059241e-09,2.647692e+01,2.593799e+01,2.591201e+01
1.593500e-10,0.000000e+00,0.000000e+00,0.000000e+00,-7.412256e-08,-9.232667e-06,-5.666323e-07,-1.380306e-07,-1.687348e-08,-1.687348e-08,2.220603e-08,1.807925e-08,5.822866e-09,3.616379e-10,2.647574e+01,2.593820e+01,2.591199e+01
1.594000e-10,0.000000e+00,0.000000e+00,0.000000e+00,1.404939e-07,-9.731791e-06,-8.019180e-07,-1.165927e-07,-1.640352e-08,-1.640352e-08,2.321213e-08,1.759255e-08,6.618710e-09,-2.636470e-10,2.647475e+01,2.593841e+01,2.591197e+01
1.594500e-10,0.000000e+00,0.000000e+00,0.000000e+00,3.525965e-07,-1.006544e-05,-1.019407e-06,-9.343149e-08,-1.596861e-08,-1.596861e-08,2.384444e-08,1.696075e-08,7.340633e-09,-8.073476e-10,2.647398e+01,2.593862e+01,2.591194e+01
1.595000e-10,0.000000e+00,0.000000e+00,0.000000e+00,5.582968e-07,-1.024573e-05,-1.214402e-06,-6.906989e-08,-1.558530e-08,-1.558530e-08,2.414074e-08,1.619885e-08,7.979251e-09,-1.263025e-09,2.647343e+01,2.593880e+01,2.591192e+01
1.595500e-10,0.000000e+00,0.000000e+00,0.000000e+00,7.538356e-07,-1.028807e-05,-1.382726e-06,-4.404613e-08,-1.526449e-08,-1.526449e-08,2.413934e-08,1.532273e-08,8.526611e-09,-1.626923e-09,2.647313e+01,2.593898e+01,2.591189e+01
1.596000e-10,0.000000e+00,0.000000e+00,0.000000e+00,9.356169e-07,-1.021038e-05,-1.520802e-06,-1.890222e-08,-1.501154e-08,-1.501154e-08,2.387827e-08,1.434898e-08,8.976312e-09,-1.897790e-09,2.647307e+01,2.593913e+01,2.591186e+01
1.596500e-10,0.000000e+00,0.000000e+00,0.000000e+00,1.100249e-06,-1.003223e-05,-1.625731e-06,5.827352e-09,-1.482645e-08,-1.482645e-08,2.339463e-08,1.329458e-08,9.323585e-09,-2.076653e-09,2.647326e+01,2.593925e+01,2.591183e+01
1.597000e-10,0.000000e+00,0.000000e+00,0.000000e+00,1.244595e-06,-9.773959e-06,-1.695341e-06,2.962664e-08,-1.470418e-08,-1.470418e-08,2.272405e-08,1.217671e-08,9.565342e-09,-2.166584e-09,2.647369e+01,2.593936e+01,2.591180e+01
1.597500e-10,0.000000e+00,0.000000e+00,0.000000e+00,1.365835e-06,-9.455789e-06,-1.728229e-06,5.200876e-08,-1.463514e-08,-1.463514e-08,2.190011e-08,1.101245e-08,9.700183e-09,-2.172436e-09,2.647434e+01,2.593943e+01,2.591178e+01
1.598000e-10,0.000000e+00,0.000000e+00,0.000000e+00,1.461527e-06,-9.097083e-06,-1.723785e-06,7.252564e-08,-1.460575e-08,-1.460575e-08,2.095408e-08,9.818625e-09,9.728375e-09,-2.100567e-09,2.647522e+01,2.593947e+01,2.591175e+01
1.598500e-10,0.000000e+00,0.000000e+00,0.000000e+00,1.529677e-06,-8.715674e-06,-1.682195e-06,9.077686e-08,-1.459912e-08,-1.459912e-08,1.991450e-08,8.611489e-09,9.651803e-09,-1.958565e-09,2.647629e+01,2.593949e+01,2.591173e+01
1.599000e-10,0.000000e+00,0.000000e+00,0.000000e+00,1.568801e-06,-8.327363e-06,-1.604435e-06,1.064174e-07,-1.459578e-08,-1.459578e-08,1.880709e-08,7.406581e-09,9.473885e-09,-1.754972e-09,2.647753e+01,2.593947e+01,2.591170e+01
1.599500e-10,0.000000e+00,0.000000e+00,0.000000e+00,1.577981e-06,-7.945559e-06,-1.492242e-06,1.191640e-07,-1.457451e-08,-1.457451e-08,1.765455e-08,6.218507e-09,9.199470e-09,-1.499010e-09,2.647893e+01,2.593942e+01,2.591168e+01
1.600000e-10,0.000000e+00,0.000000e+00,0.000000e+00,1.556909e-06,-7.581066e-06,-1.348073e-06,1.288005e-07,-1.451313e-08,-1.451313e-08,1.647658e-08,5.060783e-09,8.834707e-09,-1.200324e-09,2.648044e+01,2.593935e+01,2.591166e+01
1.600500e-10,0.000000e+00,0.000000e+00,0.000000e+00,1.505911e-06,-7.241998e-06,-1.175049e-06,1.351813e-07,-1.438931e-08,-1.438931e-08,1.528990e-08,3.945686e-09,8.386899e-09,-8.687379e-10,2.648204e+01,2.593925e+01,2.591165e+01
1.601000e-10,0.000000e+00,0.000000e+00,0.000000e+00,1.425956e-06,-6.933798e-06,-9.768893e-07,1.382334e-07,-1.418146e-08,-1.418146e-08,1.410831e-08,2.884141e-09,7.864345e-09,-5.140290e-10,2.648369e+01,2.593912e+01,2.591164e+01
1.601500e-10,0.000000e+00,0.000000e+00,0.000000e+00,1.318643e-06,-6.659331e-06,-7.578241e-07,1.379570e-07,-1.386944e-08,-1.386944e-08,1.294292e-08,1.885632e-09,7.276165e-09,-1.457247e-10,2.648537e+01,2.593897e+01,2.591163e+01
1.602000e-10,0.000000e+00,0.000000e+00,0.000000e+00,1.186170e-06,-6.419041e-06,-5.225099e-07,1.344249e-07,-1.343530e-08,-1.343530e-08,1.180230e-08,9.581390e-10,6.632123e-09,2.270773e-10,2.648703e+01,2.593881e+01,2.591163e+01
1.602500e-10,0.000000e+00,0.000000e+00,0.000000e+00,1.031279e-06,-6.211127e-06,-2.759273e-07,1.277793e-07,-1.286397e-08,-1.286397e-08,1.069272e-08,1.081040e-10,5.942444e-09,5.958626e-10,2.648864e+01,2.593863e+01,2.591163e+01
1.603000e-10,0.000000e+00,0.000000e+00,0.000000e+00,8.571989e-07,-6.031746e-06,-2.327721e-08,1.182283e-07,-1.214376e-08,-1.214376e-08,9.618433e-09,-6.595760e-10,5.217631e-09,9.528285e-10,2.649017e+01,2.593844e+01,2.591163e+01
1.603500e-10,0.000000e+00,0.000000e+00,0.000000e+00,6.675584e-07,-5.875218e-06,2.301287e-07,1.060407e-07,-1.126688e-08,-1.126688e-08,8.581949e-09,-1.341531e-09,4.468287e-09,1.290987e-09,2.649159e+01,2.593825e+01,2.591163e+01
1.604000e-10,0.000000e+00,0.000000e+00,0.000000e+00,4.663049e-07,-5.734232e-06,4.789786e-07,9.153911e-08,-1.022975e-08,-1.022975e-08,7.584327e-09,-1.935876e-09,3.704944e-09,1.604239e-09,2.649287e+01,2.593805e+01,2.591164e+01
1.604500e-10,0.000000e+00,0.000000e+00,0.000000e+00,2.576101e-07,-5.600067e-06,7.180707e-07,7.509261e-08,-9.033273e-09,-9.033273e-09,6.625466e-09,-2.442144e-09,2.937897e-09,1.887428e-09,2.649398e+01,2.593786e+01,2.591165e+01
1.605000e-10,0.000000e+00,0.000000e+00,0.000000e+00,4.577718e-08,-5.462817e-06,9.424203e-07,5.710818e-08,-7.682883e-09,-7.682883e-09,5.704395e-09,-2.861208e-09,2.177055e-09,2.136367e-09,2.649490e+01,2.593767e+01,2.591167e+01
1.605500e-10,0.000000e+00,0.000000e+00,0.000000e+00,-1.648526e-07,-5.311641e-06,1.147362e-06,3.802153e-08,-6.188579e-09,-6.188579e-09,4.819546e-09,-3.195171e-09,1.431800e-09,2.347842e-09,2.649561e+01,2.593750e+01,2.591168e+01
1.606000e-10,0.000000e+00,0.000000e+00,0.000000e+00,-3.699894e-07,-5.135043e-06,1.328646e-06,1.828731e-08,-4.564761e-09,-4.564761e-09,3.969005e-09,-3.447257e-09,7.108725e-10,2.519600e-09,2.649610e+01,2.593734e+01,2.591170e+01
1.606500e-10,0.000000e+00,0.000000e+00,0.000000e+00,-5.654808e-07,-4.921191e-06,1.482523e-06,-1.630886e-09,-2.829976e-09,-2.829976e-09,3.150744e-09,-3.621681e-09,2.225733e-11,2.650316e-09,2.649636e+01,2.593719e+01,2.591172e+01
1.607000e-10,0.000000e+00,0.000000e+00,0.000000e+00,-7.473907e-07,-4.658276e-06,1.605818e-06,-2.127067e-08,-1.006546e-09,-1.006546e-09,2.362823e-09,-3.723513e-09,-6.268973e-10,2.739541e-09,2.649638e+01,2.593707e+01,2.591174e+01
1.607500e-10,0.000000e+00,0.000000e+00,0.000000e+00,-9.120745e-07,-4.334905e-06,1.695997e-06,-4.018086e-08,8.799009e-10,8.799009e-10,1.603562e-09,-3.758535e-09,-1.230351e-09,2.787647e-09,2.649617e+01,2.593698e+01,2.591176e+01
1.608000e-10,0.000000e+00,0.000000e+00,0.000000e+00,-1.056246e-06,-3.940531e-06,1.751215e-06,-5.793118e-08,2.800992e-09,2.800992e-09,8.716778e-10,-3.733099e-09,-1.782821e-09,2.795748e-09,2.649572e+01,2.593691e+01,2.591178e+01
1.608500e-10,0.000000e+00,0.000000e+00,0.000000e+00,-1.177041e-06,-3.465904e-06,1.770351e-06,-7.412141e-08,4.726244e-09,4.726244e-09,1.663896e-10,-3.653976e-09,-2.280014e-09,2.765624e-09,2.649505e+01,2.593686e+01,2.591179e+01
1.609000e-10,0.000000e+00,0.000000e+00,0.000000e+00,-1.272072e-06,-2.903511e-06,1.753030e-06,-8.838978e-08,6.623753e-09,6.623753e-09,-5.125102e-10,-3.528220e-09,-2.718642e-09,2.699631e-09,2.649417e+01,2.593685e+01,2.591181e+01
1.609500e-10,0.000000e+00,0.000000e+00,0.000000e+00,-1.339475e-06,-2.248007e-06,1.699626e-06,-1.004206e-07,8.460930e-09,8.460930e-09,-1.164618e-09,-3.363027e-09,-3.096414e-09,2.600613e-09,2.649310e+01,2.593686e+01,2.591183e+01
1.610000e-10,0.000000e+00,0.000000e+00,0.000000e+00,-1.377956e-06,-1.496595e-06,1.611256e-06,-1.099505e-07,1.020526e-08,1.020526e-08,-1.788915e-09,-3.165602e-09,-3.412023e-09,2.471809e-09,2.649186e+01,2.593690e+01,2.591184e+01
1.610500e-10,0.000000e+00,0.000000e+00,0.000000e+00,-1.386821e-06,-6.493303e-07,1.489751e-06,-1.167741e-07,1.182505e-08,1.182505e-08,-2.383786e-09,-2.943040e-09,-3.665108e-09,2.316760e-09,2.649048e+01,2.593697e+01,2.591186e+01
1.611000e-10,0.000000e+00,0.000000e+00,0.000000e+00,-1.365995e-06,2.906524e-07,1.337621e-06,-1.207479e-07,1.329020e-08,1.329020e-08,-2.947075e-09,-2.702211e-09,-3.856207e-09,2.139222e-09,2.648898e+01,2.593707e+01,2.591187e+01
1.611500e-10,0.000000e+00,0.000000e+00,0.000000e+00,-1.316039e-06,1.317036e-06,1.157999e-06,-1.217928e-07,1.457291e-08,1.457291e-08,-3.476151e-09,-2.449662e-09,-3.986697e-09,1.943081e-09,2.648740e+01,2.593719e+01,2.591188e+01
1.612000e-10,0.000000e+00,0.000000e+00,0.000000e+00,-1.238140e-06,2.420329e-06,9.545766e-07,-1.198954e-07,1.564832e-08,1.564832e-08,-3.968008e-09,-2.191528e-09,-4.058726e-09,1.732267e-09,2.648577e+01,2.593733e+01,2.591188e+01
1.612500e-10,0.000000e+00,0.000000e+00,0.000000e+00,-1.134096e-06,3.587994e-06,7.315297e-07,-1.151084e-07,1.649517e-08,1.649517e-08,-4.419366e-09,-1.933456e-09,-4.075135e-09,1.510688e-09,2.648412e+01,2.593749e+01,2.591189e+01
1.613000e-10,0.000000e+00,0.000000e+00,0.000000e+00,-1.006276e-06,4.804699e-06,4.934286e-07,-1.075481e-07,1.709629e-08,1.709629e-08,-4.826794e-09,-1.680548e-09,-4.039372e-09,1.282155e-09,2.648248e+01,2.593766e+01,2.591189e+01
1.613500e-10,0.000000e+00,0.000000e+00,0.000000e+00,-8.575700e-07,6.052660e-06,2.451451e-07,-9.739244e-08,1.743902e-08,1.743902e-08,-5.186834e-09,-1.437313e-09,-3.955405e-09,1.050326e-09,2.648090e+01,2.593785e+01,2.591189e+01
1.614000e-10,0.000000e+00,0.000000e+00,0.000000e+00,-6.913206e-07,7.312069e-06,-8.247971e-09,-8.487605e-08,1.751560e-08,1.751560e-08,-5.496134e-09,-1.207633e-09,-3.827628e-09,8.186556e-10,2.647939e+01,2.593804e+01,2.591188e+01
1.614500e-10,0.000000e+00,0.000000e+00,0.000000e+00,-5.112369e-07,8.561574e-06,-2.615827e-07,-7.028533e-08,1.732333e-08,1.732333e-08,-5.751571e-09,-9.947459e-10,-3.660771e-09,5.903498e-10,2.647799e+01,2.593824e+01,2.591188e+01
1.615000e-10,0.000000e+00,0.000000e+00,0.000000e+00,-3.213015e-07,9.778787e-06,-5.097025e-07,-5.395180e-08,1.686475e-08,1.686475e-08,-5.950376e-09,-8.012377e-10,-3.459805e-09,3.683318e-10,2.647673e+01,2.593843e+01,2.591187e+01
1.615500e-10,0.000000e+00,0.000000e+00,0.000000e+00,-1.256676e-07,1.094079e-05,-7.475695e-07,-3.624467e-08,1.614759e-08,1.614759e-08,-6.090251e-09,-6.290484e-10,-3.229852e-09,1.552164e-10,2.647563e+01,2.593862e+01,2.591186e+01
1.616000e-10,0.000000e+00,0.000000e+00,0.000000e+00,7.144784e-08,1.202461e-05,-9.703687e-07,-1.756276e-08,1.518466e-08,1.518466e-08,-6.169469e-09,-4.794902e-10,-2.976099e-09,-4.670922e-11,2.647472e+01,2.593880e+01,2.591185e+01
1.616500e-10,0.000000e+00,0.000000e+00,0.000000e+00,2.658695e-07,1.300772e-05,-1.173608e-06,1.674340e-09,1.399364e-08,1.399364e-08,-6.186965e-09,-3.532733e-10,-2.703715e-09,-2.354955e-10,2.647401e+01,2.593897e+01,2.591183e+01
1.617000e-10,0.000000e+00,0.000000e+00,0.000000e+00,4.535642e-07,1.386840e-05,-1.353212e-06,2.103537e-08,1.259670e-08,1.259670e-08,-6.142409e-09,-2.505430e-10,-2.417774e-09,-4.095352e-10,2.647351e+01,2.593912e+01,2.591182e+01
1.617500e-10,0.000000e+00,0.000000e+00,0.000000e+00,6.307321e-07,1.458615e-05,-1.505604e-06,4.008678e-08,1.102013e-08,1.102013e-08,-6.036257e-09,-1.709222e-10,-2.123185e-09,-5.675599e-10,2.647324e+01,2.593925e+01,2.591181e+01
1.618000e-10,0.000000e+00,0.000000e+00,0.000000e+00,7.938872e-07,1.514205e-05,-1.627781e-06,5.840211e-08,9.293718e-09,9.293718e-09,-5.869792e-09,-1.135622e-10,-1.824628e-09,-7.086321e-10,2.647319e+01,2.593936e+01,2.591179e+01
1.618500e-10,0.000000e+00,0.000000e+00,0.000000e+00,9.399227e-07,1.551910e-05,-1.717373e-06,7.557114e-08,7.450208e-09,7.450208e-09,-5.645133e-09,-7.719766e-11,-1.526502e-09,-8.321316e-10,2.647336e+01,2.593944e+01,2.591178e+01
1.619000e-10,0.000000e+00,0.000000e+00,0.000000e+00,1.066164e-06,1.570252e-05,-1.772691e-06,9.120869e-08,5.524602e-09,5.524602e-09,-5.365232e-09,-6.020460e-11,-1.232877e-09,-9.377379e-10,2.647376e+01,2.593950e+01,2.591177e+01
1.619500e-10,0.000000e+00,0.000000e+00,0.000000e+00,1.170406e-06,1.568012e-05,-1.792758e-06,1.049628e-07,3.553435e-09,3.553435e-09,-5.033849e-09,-6.066175e-11,-9.474549e-10,-1.025409e-09,2.647436e+01,2.593953e+01,2.591175e+01
1.620000e-10,0.000000e+00,0.000000e+00,0.000000e+00,1.250940e-06,1.544265e-05,-1.777324e-06,1.165223e-07,1.574019e-09,1.574019e-09,-4.655506e-09,-7.641233e-11,-6.735408e-10,-1.095358e-09,2.647517e+01,2.593953e+01,2.591174e+01
1.620500e-10,0.000000e+00,0.000000e+00,0.000000e+00,1.306568e-06,1.498408e-05,-1.726871e-06,1.256233e-07,-3.763323e-10,-3.763323e-10,-4.235426e-09,-1.051258e-10,-4.140214e-10,-1.148025e-09,2.647614e+01,2.593951e+01,2.591173e+01
1.621000e-10,0.000000e+00,0.000000e+00,0.000000e+00,1.336611e-06,1.430199e-05,-1.642593e-06,1.320548e-07,-2.261081e-09,-2.261081e-09,-3.779453e-09,-1.443590e-10,-1.713526e-10,-1.184053e-09,2.647728e+01,2.593945e+01,2.591172e+01
1.621500e-10,0.000000e+00,0.000000e+00,0.000000e+00,1.340906e-06,1.339782e-05,-1.526368e-06,1.356629e-07,-4.045226e-09,-4.045226e-09,-3.293957e-09,-1.916134e-10,5.244608e-11,-1.204257e-09,2.647854e+01,2.593937e+01,2.591172e+01
1.622000e-10,0.000000e+00,0.000000e+00,0.000000e+00,1.319802e-06,1.227709e-05,-1.380715e-06,1.363544e-07,-5.696024e-09,-5.696024e-09,-2.785735e-09,-2.443913e-10,2.557901e-10,-1.209598e-09,2.647991e+01,2.593927e+01,2.591171e+01
1.622500e-10,0.000000e+00,0.000000e+00,0.000000e+00,1.274147e-06,1.094954e-05,-1.208733e-06,1.340983e-07,-7.183672e-09,-7.183672e-09,-2.261888e-09,-3.002470e-10,4.375194e-10,-1.201155e-09,2.648136e+01,2.593914e+01,2.591171e+01
1.623000e-10,0.000000e+00,0.000000e+00,0.000000e+00,1.205269e-06,9.429123e-06,-1.014032e-06,1.289266e-07,-8.481919e-09,-8.481919e-09,-1.729707e-09,-3.568325e-10,5.968854e-10,-1.180095e-09,2.648285e+01,2.593899e+01,2.591171e+01
1.623500e-10,0.000000e+00,0.000000e+00,0.000000e+00,1.114953e-06,7.733868e-06,-8.006576e-07,1.209334e-07,-9.568598e-09,-9.568598e-09,-1.196539e-09,-4.119409e-10,7.335288e-10,-1.147652e-09,2.648436e+01,2.593882e+01,2.591171e+01
1.624000e-10,0.000000e+00,0.000000e+00,0.000000e+00,1.005404e-06,5.885632e-06,-5.729982e-07,1.102729e-07,-1.042608e-08,-1.042608e-08,-6.696689e-10,-4.635404e-10,8.474558e-10,-1.105101e-09,2.648585e+01,2.593864e+01,2.591172e+01
1.624500e-10,0.000000e+00,0.000000e+00,0.000000e+00,8.792083e-07,3.909666e-06,-3.356932e-07,9.715630e-08,-1.104162e-08,-1.104162e-08,-1.561877e-10,-5.098066e-10,9.390085e-10,-1.053736e-09,2.648730e+01,2.593845e+01,2.591172e+01
1.625000e-10,0.000000e+00,0.000000e+00,0.000000e+00,7.392749e-07,1.834080e-06,-9.353490e-08,8.184678e-08,-1.140760e-08,-1.140760e-08,3.371265e-10,-5.491455e-10,1.008833e-09,-9.948492e-10,2.648868e+01,2.593825e+01,2.591173e+01
1.625500e-10,0.000000e+00,0.000000e+00,0.000000e+00,5.887713e-07,-3.107845e-07,1.486326e-07,6.465439e-08,-1.152167e-08,-1.152167e-08,8.039238e-10,-5.802125e-10,1.057844e-09,-9.297140e-10,2.648996e+01,2.593805e+01,2.591174e+01
1.626000e-10,0.000000e+00,0.000000e+00,0.000000e+00,4.310473e-07,-2.493045e-06,3.860130e-07,4.592927e-08,-1.138675e-08,-1.138675e-08,1.238388e-09,-6.019255e-10,1.087192e-09,-8.595696e-10,2.649112e+01,2.593785e+01,2.591175e+01
1.626500e-10,0.000000e+00,0.000000e+00,0.000000e+00,2.695506e-07,-4.679976e-06,6.139563e-07,2.605437e-08,-1.101098e-08,-1.101098e-08,1.635330e-09,-6.134703e-10,1.098222e-09,-7.856066e-10,2.649213e+01,2.593766e+01,2.591176e+01
1.627000e-10,0.000000e+00,0.000000e+00,0.000000e+00,1.077373e-07,-6.838685e-06,8.280521e-07,5.437337e-09,-1.040747e-08,-1.040747e-08,1.990270e-09,-6.143036e-10,1.092437e-09,-7.089569e-10,2.649299e+01,2.593747e+01,2.591178e+01
1.627500e-10,0.000000e+00,0.000000e+00,0.000000e+00,-5.101792e-08,-8.936729e-06,1.024218e-06,-1.549794e-08,-9.594012e-09,-9.594012e-09,2.299507e-09,-6.041479e-10,1.071467e-09,-6.306836e-10,2.649366e+01,2.593730e+01,2.591179e+01
1.628000e-10,0.000000e+00,0.000000e+00,0.000000e+00,-2.035087e-07,-1.094264e-05,1.198778e-06,-3.632022e-08,-8.592680e-09,-8.592680e-09,2.560163e-09,-5.829840e-10,1.037026e-09,-5.517751e-10,2.649415e+01,2.593715e+01,2.591180e+01
1.628500e-10,0.000000e+00,0.000000e+00,0.000000e+00,-3.467745e-07,-1.282638e-05,1.348535e-06,-5.659984e-08,-7.429322e-09,-7.429322e-09,2.770226e-09,-5.510373e-10,9.908800e-10,-4.731391e-10,2.649445e+01,2.593702e+01,2.591182e+01
1.629000e-10,0.000000e+00,0.000000e+00,0.000000e+00,-4.781656e-07,-1.455968e-05,1.470828e-06,-7.591768e-08,-6.132988e-09,-6.132988e-09,2.928561e-09,-5.087620e-10,9.348189e-10,-3.955997e-10,2.649456e+01,2.593690e+01,2.591183e+01
1.629500e-10,0.000000e+00,0.000000e+00,0.000000e+00,-5.953931e-07,-1.611630e-05,1.563579e-06,-9.387376e-08,-4.735284e-09,-4.735284e-09,3.034914e-09,-4.568209e-10,8.706215e-10,-3.198961e-10,2.649447e+01,2.593681e+01,2.591184e+01
1.630000e-10,0.000000e+00,0.000000e+00,0.000000e+00,-6.965606e-07,-1.747231e-05,1.625329e-06,-1.100955e-07,-3.269683e-09,-3.269683e-09,3.089897e-09,-3.960627e-10,8.000310e-10,-2.466813e-10,2.649419e+01,2.593675e+01,2.591185e+01
1.630500e-10,0.000000e+00,0.000000e+00,0.000000e+00,-7.801792e-07,-1.860621e-05,1.655256e-06,-1.242455e-07,-1.770788e-09,-1.770788e-09,3.094953e-09,-3.274976e-10,7.247303e-10,-1.765240e-10,2.649373e+01,2.593672e+01,2.591187e+01
1.631000e-10,0.000000e+00,0.000000e+00,0.000000e+00,-8.451661e-07,-1.949923e-05,1.653185e-06,-1.360281e-07,-2.735813e-10,-2.735813e-10,3.052309e-09,-2.522709e-10,6.463207e-10,-1.099101e-10,2.649310e+01,2.593671e+01,2.591187e+01
1.631500e-10,0.000000e+00,0.000000e+00,0.000000e+00,-8.908301e-07,-2.013545e-05,1.619579e-06,-1.451958e-07,1.187334e-09,1.187334e-09,2.964917e-09,-1.716357e-10,5.663041e-10,-4.724535e-11,2.649233e+01,2.593673e+01,2.591188e+01
1.632000e-10,0.000000e+00,0.000000e+00,0.000000e+00,-9.168475e-07,-2.050215e-05,1.555520e-06,-1.515539e-07,2.578480e-09,2.578480e-09,2.836377e-09,-8.692485e-11,4.860676e-10,1.114058e-11,2.649141e+01,2.593678e+01,2.591189e+01
1.632500e-10,0.000000e+00,0.000000e+00,0.000000e+00,-9.232329e-07,-2.059004e-05,1.462677e-06,-1.549647e-07,3.868226e-09,3.868226e-09,2.670856e-09,4.765153e-13,4.068726e-10,6.499034e-11,2.649039e+01,2.593685e+01,2.591189e+01
1.633000e-10,0.000000e+00,0.000000e+00,0.000000e+00,-9.103082e-07,-2.039354e-05,1.343264e-06,-1.553500e-07,5.027463e-09,5.027463e-09,2.472991e-09,8.915854e-11,3.298455e-10,1.141145e-10,2.648927e+01,2.593695e+01,2.591189e+01
1.633500e-10,0.000000e+00,0.000000e+00,0.000000e+00,-8.786739e-07,-1.991113e-05,1.199983e-06,-1.526925e-07,6.030228e-09,6.030228e-09,2.247793e-09,1.777133e-10,2.559728e-10,1.583867e-10,2.648809e+01,2.593707e+01,2.591189e+01
1.634000e-10,0.000000e+00,0.000000e+00,0.000000e+00,-8.291845e-07,-1.914559e-05,1.035964e-06,-1.470362e-07,6.854248e-09,6.854248e-09,2.000539e-09,2.647594e-10,1.860974e-10,1.977387e-10,2.648687e+01,2.593721e+01,2.591189e+01
1.634500e-10,0.000000e+00,0.000000e+00,0.000000e+00,-7.629301e-07,-1.810416e-05,8.546964e-07,-1.384856e-07,7.481414e-09,7.481414e-09,1.736667e-09,3.489665e-10,1.209191e-10,2.321558e-10,2.648562e+01,2.593737e+01,2.591188e+01
1.635000e-10,0.000000e+00,0.000000e+00,0.000000e+00,-6.812235e-07,-1.679874e-05,6.599536e-07,-1.272026e-07,7.898157e-09,7.898157e-09,1.461668e-09,4.290755e-10,6.099656e-11,2.616714e-10,2.648438e+01,2.593755e+01,2.591187e+01
1.635500e-10,0.000000e+00,0.000000e+00,0.000000e+00,-5.855926e-07,-1.524581e-05,4.557134e-07,-1.134041e-07,8.095728e-09,8.095728e-09,1.180980e-09,5.039193e-10,6.750856e-12,2.863625e-10,2.648318e+01,2.593773e+01,2.591186e+01
1.636000e-10,0.000000e+00,0.000000e+00,0.000000e+00,-4.777755e-07,-1.346638e-05,2.460784e-07,-9.735663e-08,8.070368e-09,8.070368e-09,8.998904e-10,5.724386e-10,-4.152706e-11,3.063455e-10,2.648202e+01,2.593792e+01,2.591185e+01
1.636500e-10,0.000000e+00,0.000000e+00,0.000000e+00,-3.597159e-07,-1.148573e-05,3.519423e-08,-7.937132e-08,7.823380e-09,7.823380e-09,6.234376e-10,6.336970e-10,-8.367025e-11,3.217709e-10,2.648094e+01,2.593811e+01,2.591184e+01
1.637000e-10,0.000000e+00,0.000000e+00,0.000000e+00,-2.335569e-07,-9.333014e-06,-1.728308e-07,-5.979732e-08,7.361080e-09,7.361080e-09,3.563247e-10,6.868922e-10,-1.196253e-10,3.328195e-10,2.647996e+01,2.593831e+01,2.591183e+01
1.637500e-10,0.000000e+00,0.000000e+00,0.000000e+00,-1.016292e-07,-7.040789e-06,-3.740040e-07,-3.901467e-08,6.694651e-09,6.694651e-09,1.028414e-10,7.313657e-10,-1.494433e-10,3.396986e-10,2.647909e+01,2.593849e+01,2.591181e+01
1.638000e-10,0.000000e+00,0.000000e+00,0.000000e+00,3.356758e-08,-4.644424e-06,-5.645226e-07,-1.742659e-08,5.839885e-09,5.839885e-09,-1.332025e-10,7.666079e-10,-1.732689e-10,3.426379e-10,2.647835e+01,2.593868e+01,2.591180e+01
1.638500e-10,0.000000e+00,0.000000e+00,0.000000e+00,1.693927e-07,-2.181405e-06,-7.408440e-07,4.548682e-09,4.816832e-09,4.816832e-09,-3.485339e-10,7.922632e-10,-1.913285e-10,3.418862e-10,2.647775e+01,2.593885e+01,2.591178e+01
1.639000e-10,0.000000e+00,0.000000e+00,0.000000e+00,3.031023e-07,3.094109e-07,-8.997494e-07,2.648629e-08,3.649355e-09,3.649355e-09,-5.404580e-10,8.081289e-10,-2.039193e-10,3.377076e-10,2.647731e+01,2.593900e+01,2.591176e+01
1.639500e-10,0.000000e+00,0.000000e+00,0.000000e+00,4.318978e-07,2.788586e-06,-1.038401e-06,4.796327e-08,2.364602e-09,2.364602e-09,-7.068886e-10,8.141559e-10,-2.113973e-10,3.303790e-10,2.647702e+01,2.593914e+01,2.591175e+01
1.640000e-10,0.000000e+00,0.000000e+00,0.000000e+00,5.529845e-07,5.216917e-06,-1.154393e-06,6.856695e-08,9.924192e-10,9.924192e-10,-8.463650e-10,8.104426e-10,-2.141658e-10,3.201869e-10,2.647690e+01,2.593926e+01,2.591173e+01
1.640500e-10,0.000000e+00,0.000000e+00,0.000000e+00,6.636378e-07,7.556239e-06,-1.245789e-06,8.790312e-08,-4.353089e-10,-4.353089e-10,-9.580540e-10,7.972302e-10,-2.126646e-10,3.074247e-10,2.647693e+01,2.593936e+01,2.591172e+01
1.641000e-10,0.000000e+00,0.000000e+00,0.000000e+00,7.612771e-07,9.770212e-06,-1.311161e-06,1.056037e-07,-1.885348e-09,-1.885348e-09,-1.041740e-09,7.748938e-10,-2.073593e-10,2.923899e-10,2.647713e+01,2.593943e+01,2.591170e+01
1.641500e-10,0.000000e+00,0.000000e+00,0.000000e+00,8.435423e-07,1.182505e-05,-1.349607e-06,1.213341e-07,-3.323836e-09,-3.323836e-09,-1.097804e-09,7.439323e-10,-1.987308e-10,2.753818e-10,2.647749e+01,2.593948e+01,2.591169e+01
1.642000e-10,0.000000e+00,0.000000e+00,0.000000e+00,9.083713e-07,1.369017e-05,-1.360766e-06,1.347992e-07,-4.717021e-09,-4.717021e-09,-1.127185e-09,7.049569e-10,-1.872668e-10,2.566995e-10,2.647799e+01,2.593950e+01,2.591168e+01
1.642500e-10,0.000000e+00,0.000000e+00,0.000000e+00,9.540740e-07,1.533878e-05,-1.344821e-06,1.457495e-07,-6.031988e-09,-6.031988e-09,-1.131341e-09,6.586788e-10,-1.734522e-10,2.366391e-10,2.647862e+01,2.593950e+01,2.591168e+01
1.643000e-10,0.000000e+00,0.000000e+00,0.000000e+00,9.793991e-07,1.674831e-05,-1.302493e-06,1.539856e-07,-7.237376e-09,-7.237376e-09,-1.112191e-09,6.058940e-10,-1.577633e-10,2.154920e-10,2.647938e+01,2.593947e+01,2.591167e+01
1.643500e-10,0.000000e+00,0.000000e+00,0.000000e+00,9.835899e-07,1.790077e-05,-1.235023e-06,1.593615e-07,-8.304054e-09,-8.304054e-09,-1.072051e-09,5.474698e-10,-1.406592e-10,1.935430e-10,2.648023e+01,2.593942e+01,2.591167e+01
1.644000e-10,0.000000e+00,0.000000e+00,0.000000e+00,9.664260e-07,1.878296e-05,-1.144145e-06,1.617877e-07,-9.205754e-09,-9.205754e-09,-1.013570e-09,4.843283e-10,-1.225773e-10,1.710678e-10,2.648117e+01,2.593935e+01,2.591167e+01
1.644500e-10,0.000000e+00,0.000000e+00,0.000000e+00,9.282469e-07,1.938652e-05,-1.032047e-06,1.612321e-07,-9.919644e-09,-9.919644e-09,-9.396525e-10,4.174318e-10,-1.039283e-10,1.483319e-10,2.648217e+01,2.593925e+01,2.591167e+01
1.645000e-10,0.000000e+00,0.000000e+00,0.000000e+00,8.699563e-07,1.970793e-05,-9.013280e-07,1.577205e-07,-1.042682e-08,-1.042682e-08,-8.533836e-10,3.477662e-10,-8.509168e-11,1.255887e-10,2.648321e+01,2.593914e+01,2.591167e+01
1.645500e-10,0.000000e+00,0.000000e+00,0.000000e+00,7.930053e-07,1.974832e-05,-7.549420e-07,1.513357e-07,-1.071273e-08,-1.071273e-08,-7.579500e-10,2.763260e-10,-6.641406e-11,1.030774e-10,2.648426e+01,2.593901e+01,2.591168e+01
1.646000e-10,0.000000e+00,0.000000e+00,0.000000e+00,6.993545e-07,1.951319e-05,-5.961354e-07,1.422155e-07,-1.076748e-08,-1.076748e-08,-6.565632e-10,2.040992e-10,-4.820536e-11,8.102237e-11,2.648530e+01,2.593886e+01,2.591169e+01
1.646500e-10,0.000000e+00,0.000000e+00,0.000000e+00,5.914158e-07,1.901214e-05,-4.283792e-07,1.305492e-07,-1.058608e-08,-1.058608e-08,-5.523824e-10,1.320529e-10,-3.073913e-11,5.963113e-11,2.648632e+01,2.593871e+01,2.591170e+01
1.647000e-10,0.000000e+00,0.000000e+00,0.000000e+00,4.719768e-07,1.825844e-05,-2.552958e-07,1.165740e-07,-1.016856e-08,-1.016856e-08,-4.484440e-10,6.111919e-11,-1.425049e-11,3.909358e-11,2.648728e+01,2.593854e+01,2.591171e+01
1.647500e-10,0.000000e+00,0.000000e+00,0.000000e+00,3.441105e-07,1.726859e-05,-8.058126e-08,1.005699e-07,-9.519965e-09,-9.519965e-09,-3.475942e-10,-7.816798e-12,1.062575e-12,1.958083e-11,2.648817e+01,2.593838e+01,2.591172e+01
1.648000e-10,0.000000e+00,0.000000e+00,0.000000e+00,2.110752e-07,1.606195e-05,9.207246e-08,8.285355e-08,-8.650301e-09,-8.650301e-09,-2.524277e-10,-7.392887e-11,1.503942e-11,1.244184e-12,2.648896e+01,2.593821e+01,2.591174e+01
1.648500e-10,0.000000e+00,0.000000e+00,0.000000e+00,7.620881e-08,1.466028e-05,2.590569e-07,6.377189e-08,-7.574319e-09,-7.574319e-09,-1.652363e-10,-1.364593e-10,2.755528e-11,-1.578537e-11,2.648965e+01,2.593804e+01,2.591175e+01
1.649000e-10,0.000000e+00,0.000000e+00,0.000000e+00,-5.717607e-08,1.308734e-05,4.169240e-07,4.369524e-08,-6.311232e-09,-6.311232e-09,-8.796338e-11,-1.947287e-10,3.851961e-11,-3.139766e-11,2.649021e+01,2.593788e+01,2.591177e+01
1.649500e-10,0.000000e+00,0.000000e+00,0.000000e+00,-1.858924e-07,1.136859e-05,5.624595e-07,2.300968e-08,-4.884331e-09,-4.884331e-09,-2.217047e-11,-2.481419e-10,4.787444e-11,-4.550365e-11,2.649064e+01,2.593773e+01,2.591179e+01
1.650000e-10,0.000000e+00,0.000000e+00,0.000000e+00,-3.069687e-07,9.530786e-06,6.927511e-07,2.109392e-09,-3.320515e-09,-3.320515e-09,3.098935e-11,-2.961947e-10,5.559178e-11,-5.803553e-11,2.649092e+01,2.593759e+01,2.591181e+01
1.650500e-10,0.000000e+00,0.000000e+00,0.000000e+00,-4.177254e-07,7.601691e-06,8.052496e-07,-1.861118e-08,-1.649752e-09,-1.649752e-09,7.078398e-11,-3.384777e-10,6.167119e-11,-6.894658e-11,2.649105e+01,2.593746e+01,2.591182e+01
1.651000e-10,0.000000e+00,0.000000e+00,0.000000e+00,-5.158354e-07,5.609790e-06,8.978216e-07,-3.876504e-08,9.553634e-11,9.553634e-11,9.690794e-11,-3.746787e-10,6.613794e-11,-7.821088e-11,2.649104e+01,2.593735e+01,2.591184e+01
1.651500e-10,0.000000e+00,0.000000e+00,0.000000e+00,-5.993661e-07,3.583969e-06,9.687921e-07,-5.798015e-08,1.881123e-09,1.881123e-09,1.094758e-10,-4.045842e-10,6.903860e-11,-8.582267e-11,2.649087e+01,2.593725e+01,2.591186e+01
1.652000e-10,0.000000e+00,0.000000e+00,0.000000e+00,-6.668047e-07,1.553194e-06,1.016977e-06,-7.590663e-08,3.671677e-09,3.671677e-09,1.090062e-10,-4.280780e-10,7.044047e-11,-9.179564e-11,2.649057e+01,2.593718e+01,2.591187e+01
1.652500e-10,0.000000e+00,0.000000e+00,0.000000e+00,-7.170664e-07,-4.538399e-07,1.041703e-06,-9.222336e-08,5.431479e-09,5.431479e-09,9.639637e-11,-4.451396e-10,7.042665e-11,-9.616204e-11,2.649013e+01,2.593713e+01,2.591189e+01
1.653000e-10,0.000000e+00,0.000000e+00,0.000000e+00,-7.494886e-07,-2.409098e-06,1.042816e-06,-1.066440e-07,7.125147e-09,7.125147e-09,7.288889e-11,-4.558418e-10,6.909553e-11,-9.897127e-11,2.648957e+01,2.593710e+01,2.591190e+01
1.653500e-10,0.000000e+00,0.000000e+00,0.000000e+00,-7.638143e-07,-4.285624e-06,1.020682e-06,-1.189223e-07,8.718358e-09,8.718358e-09,4.002943e-11,-4.603436e-10,6.655604e-11,-1.002890e-10,2.648890e+01,2.593709e+01,2.591191e+01
1.654000e-10,0.000000e+00,0.000000e+00,0.000000e+00,-7.601663e-07,-6.057991e-06,9.761650e-07,-1.288563e-07,1.017854e-08,1.017854e-08,-3.807387e-13,-4.588866e-10,6.292675e-11,-1.001952e-10,2.648814e+01,2.593710e+01,2.591192e+01
1.654500e-10,0.000000e+00,0.000000e+00,0.000000e+00,-7.390177e-07,-7.702757e-06,9.106067e-07,-1.362922e-07,1.147554e-08,1.147554e-08,-4.633832e-11,-4.517869e-10,5.833277e-11,-9.878315e-11,2.648731e+01,2.593713e+01,2.591192e+01
1.655000e-10,0.000000e+00,0.000000e+00,0.000000e+00,-7.011592e-07,-9.198914e-06,8.257885e-07,-1.411264e-07,1.258224e-08,1.258224e-08,-9.569529e-11,-4.394272e-10,5.290344e-11,-9.615711e-11,2.648642e+01,2.593718e+01,2.591193e+01
1.655500e-10,0.000000e+00,0.000000e+00,0.000000e+00,-6.476677e-07,-1.052831e-05,7.238856e-07,-1.433071e-07,1.347508e-08,1.347508e-08,-1.462190e-10,-4.222485e-10,4.677095e-11,-9.243099e-11,2.648550e+01,2.593726e+01,2.591193e+01
1.656000e-10,0.000000e+00,0.000000e+00,0.000000e+00,-5.798752e-07,-1.167601e-05,6.074142e-07,-1.428348e-07,1.413459e-08,1.413459e-08,-1.956530e-10,-4.007408e-10,4.006736e-11,-8.772605e-11,2.648456e+01,2.593734e+01,2.591193e+01
1.656500e-10,0.000000e+00,0.000000e+00,0.000000e+00,-4.993401e-07,-1.263056e-05,4.791714e-07,-1.397617e-07,1.454573e-08,1.454573e-08,-2.417788e-10,-3.754331e-10,3.292439e-11,-8.216969e-11,2.648363e+01,2.593744e+01,2.591192e+01
1.657000e-10,0.000000e+00,0.000000e+00,0.000000e+00,-4.078208e-07,-1.338424e-05,3.421699e-07,-1.341895e-07,1.469824e-08,1.469824e-08,-2.824743e-10,-3.468840e-10,2.547002e-11,-7.589274e-11,2.648273e+01,2.593756e+01,2.591192e+01
1.657500e-10,0.000000e+00,0.000000e+00,0.000000e+00,-3.072492e-07,-1.393307e-05,1.995693e-07,-1.262676e-07,1.458682e-08,1.458682e-08,-3.157708e-10,-3.156712e-10,1.782900e-11,-6.902829e-11,2.648187e+01,2.593768e+01,2.591191e+01
1.658000e-10,0.000000e+00,0.000000e+00,0.000000e+00,-1.997052e-07,-1.427684e-05,5.460635e-08,-1.161885e-07,1.421127e-08,1.421127e-08,-3.399049e-10,-2.823820e-10,1.012019e-11,-6.170931e-11,2.648108e+01,2.593781e+01,2.591190e+01
1.658500e-10,0.000000e+00,0.000000e+00,0.000000e+00,-8.738878e-08,-1.441896e-05,-8.947697e-08,-1.041841e-07,1.357646e-08,1.357646e-08,-3.533652e-10,-2.476029e-10,2.456483e-12,-5.406734e-11,2.648037e+01,2.593794e+01,2.591189e+01
1.659000e-10,0.000000e+00,0.000000e+00,0.000000e+00,2.741049e-08,-1.436622e-05,-2.295026e-07,-9.052047e-08,1.269228e-08,1.269228e-08,-3.549329e-10,-2.119113e-10,-5.056499e-12,-4.623037e-11,2.647975e+01,2.593807e+01,2.591187e+01
1.659500e-10,0.000000e+00,0.000000e+00,0.000000e+00,1.423477e-07,-1.412851e-05,-3.624242e-07,-7.549169e-08,1.157344e-08,1.157344e-08,-3.437140e-10,-1.758658e-10,-1.232133e-11,-3.832183e-11,2.647925e+01,2.593820e+01,2.591186e+01
1.660000e-10,0.000000e+00,0.000000e+00,0.000000e+00,2.550613e-07,-1.371838e-05,-4.853903e-07,-5.941390e-08,1.023914e-08,1.023914e-08,-3.191655e-10,-1.399982e-10,-1.924866e-11,-3.045857e-11,2.647886e+01,2.593833e+01,2.591184e+01
1.660500e-10,0.000000e+00,0.000000e+00,0.000000e+00,3.632157e-07,-1.315065e-05,-5.958031e-07,-4.261856e-08,8.712752e-09,8.712752e-09,-2.811112e-10,-1.048070e-10,-2.575845e-11,-2.275002e-11,2.647860e+01,2.593845e+01,2.591182e+01
1.661000e-10,0.000000e+00,0.000000e+00,0.000000e+00,4.645478e-07,-1.244192e-05,-6.913708e-07,-2.544556e-08,7.021335e-09,7.021335e-09,-2.297490e-10,-7.074930e-11,-3.177985e-11,-1.529686e-11,2.647847e+01,2.593856e+01,2.591181e+01
1.661500e-10,0.000000e+00,0.000000e+00,0.000000e+00,5.569159e-07,-1.161014e-05,-7.701527e-07,-8.236313e-09,5.195107e-09,5.195107e-09,-1.656503e-10,-3.823705e-11,-3.725175e-11,-8.190101e-12,2.647847e+01,2.593866e+01,2.591179e+01
1.662000e-10,0.000000e+00,0.000000e+00,0.000000e+00,6.383489e-07,-1.067412e-05,-8.305967e-07,8.673172e-09,3.266858e-09,3.266858e-09,-8.974971e-11,-7.631138e-12,-4.212241e-11,-1.510433e-12,2.647860e+01,2.593874e+01,2.591177e+01
1.662500e-10,0.000000e+00,0.000000e+00,0.000000e+00,7.070947e-07,-9.653091e-06,-8.715683e-07,2.495893e-08,1.271315e-09,1.271315e-09,-3.325646e-12,2.076121e-11,-4.635026e-11,4.672481e-12,2.647886e+01,2.593881e+01,2.591176e+01
1.663000e-10,0.000000e+00,0.000000e+00,0.000000e+00,7.616649e-07,-8.566359e-06,-8.923701e-07,4.031542e-08,-7.555374e-10,-7.555374e-10,9.202591e-11,4.668945e-11,-4.990320e-11,1.030038e-11,2.647924e+01,2.593886e+01,2.591174e+01
1.663500e-10,0.000000e+00,0.000000e+00,0.000000e+00,8.008739e-07,-7.432898e-06,-8.927524e-07,5.446137e-08,-2.777147e-09,-2.777147e-09,1.944264e-10,6.996018e-11,-5.275842e-11,1.532657e-11,2.647973e+01,2.593890e+01,2.591173e+01
1.664000e-10,0.000000e+00,0.000000e+00,0.000000e+00,8.238713e-07,-6.271069e-06,-8.729142e-07,6.714513e-08,-4.757104e-09,-4.757104e-09,3.017562e-10,9.043805e-11,-5.490316e-11,1.971605e-11,2.648032e+01,2.593891e+01,2.591171e+01
1.664500e-10,0.000000e+00,0.000000e+00,0.000000e+00,8.301642e-07,-5.098351e-06,-8.334940e-07,7.814925e-08,-6.659836e-09,-6.659836e-09,4.117003e-10,1.080448e-10,-5.633316e-11,2.344533e-11,2.648100e+01,2.593891e+01,2.591170e+01
1.665000e-10,0.000000e+00,0.000000e+00,0.000000e+00,8.196306e-07,-3.931119e-06,-7.755529e-07,8.729435e-08,-8.451288e-09,-8.451288e-09,5.218021e-10,1.227569e-10,-5.705300e-11,2.650188e-11,2.648175e+01,2.593890e+01,2.591169e+01
1.665500e-10,0.000000e+00,0.000000e+00,0.000000e+00,7.925219e-07,-2.784463e-06,-7.005471e-07,9.444216e-08,-1.009957e-08,-1.009957e-08,6.295173e-10,1.346033e-10,-5.707591e-11,2.888437e-11,2.648256e+01,2.593886e+01,2.591168e+01
1.666000e-10,0.000000e+00,0.000000e+00,0.000000e+00,7.494553e-07,-1.672039e-06,-6.102935e-07,9.949764e-08,-1.157555e-08,-1.157555e-08,7.322718e-10,1.436613e-10,-5.642264e-11,3.060118e-11,2.648340e+01,2.593881e+01,2.591168e+01
1.666500e-10,0.000000e+00,0.000000e+00,0.000000e+00,6.913963e-07,-6.059416e-07,-5.069272e-07,1.024102e-07,-1.285340e-08,-1.285340e-08,8.275211e-10,1.500530e-10,-5.512135e-11,3.167047e-11,2.648426e+01,2.593875e+01,2.591167e+01
1.667000e-10,0.000000e+00,0.000000e+00,0.000000e+00,6.196324e-07,4.033880e-07,-3.928529e-07,1.031739e-07,-1.391108e-08,-1.391108e-08,9.128083e-10,1.539389e-10,-5.320703e-11,3.211889e-11,2.648512e+01,2.593867e+01,2.591167e+01
1.667500e-10,0.000000e+00,0.000000e+00,0.000000e+00,5.357400e-07,1.347238e-06,-2.706905e-07,1.018271e-07,-1.473074e-08,-1.473074e-08,9.858213e-10,1.555139e-10,-5.072084e-11,3.198104e-11,2.648596e+01,2.593858e+01,2.591167e+01
1.668000e-10,0.000000e+00,0.000000e+00,0.000000e+00,4.415444e-07,2.218675e-06,-1.432166e-07,9.845033e-08,-1.529899e-08,-1.529899e-08,1.044447e-09,1.549999e-10,-4.770929e-11,3.129799e-11,2.648676e+01,2.593849e+01,2.591168e+01
1.668500e-10,0.000000e+00,0.000000e+00,0.000000e+00,3.390763e-07,3.012561e-06,-1.330355e-08,9.316457e-08,-1.560720e-08,-1.560720e-08,1.086822e-09,1.526404e-10,-4.422369e-11,3.011696e-11,2.648751e+01,2.593838e+01,2.591168e+01
1.669000e-10,0.000000e+00,0.000000e+00,0.000000e+00,2.305250e-07,3.725548e-06,1.161436e-07,8.612759e-08,-1.565155e-08,-1.565155e-08,1.111377e-09,1.486942e-10,-4.031941e-11,2.848965e-11,2.648818e+01,2.593828e+01,2.591169e+01
1.669500e-10,0.000000e+00,0.000000e+00,0.000000e+00,1.181899e-07,4.356030e-06,2.422503e-07,7.753016e-08,-1.543313e-08,-1.543313e-08,1.116877e-09,1.434282e-10,-3.605520e-11,2.647156e-11,2.648877e+01,2.593817e+01,2.591169e+01
1.670000e-10,0.000000e+00,0.000000e+00,0.000000e+00,4.431549e-09,4.904059e-06,3.622339e-07,6.759154e-08,-1.495786e-08,-1.495786e-08,1.102453e-09,1.371115e-10,-3.149210e-11,2.412081e-11,2.648926e+01,2.593806e+01,2.591170e+01
1.670500e-10,0.000000e+00,0.000000e+00,0.000000e+00,-1.083774e-07,5.371219e-06,4.734636e-07,5.655434e-08,-1.423632e-08,-1.423632e-08,1.067627e-09,1.300101e-10,-2.669282e-11,2.149698e-11,2.648965e+01,2.593796e+01,2.591172e+01
1.671000e-10,0.000000e+00,0.000000e+00,0.000000e+00,-2.179003e-07,5.760467e-06,5.735157e-07,4.467908e-08,-1.328354e-08,-1.328354e-08,1.012329e-09,1.223796e-10,-2.172138e-11,1.866039e-11,2.648991e+01,2.593786e+01,2.591173e+01
1.671500e-10,0.000000e+00,0.000000e+00,0.000000e+00,-3.218829e-07,6.075935e-06,6.602242e-07,3.223840e-08,-1.211865e-08,-1.211865e-08,9.369055e-10,1.144614e-10,-1.664142e-11,1.567088e-11,2.649005e+01,2.593777e+01,2.591174e+01
1.672000e-10,0.000000e+00,0.000000e+00,0.000000e+00,-4.181981e-07,6.322697e-06,7.317260e-07,1.951110e-08,-1.076448e-08,-1.076448e-08,8.421159e-10,1.064771e-10,-1.151613e-11,1.258702e-11,2.649007e+01,2.593769e+01,2.591175e+01
1.672500e-10,0.000000e+00,0.000000e+00,0.000000e+00,-5.048890e-07,6.506528e-06,7.864985e-07,6.776163e-09,-9.247100e-09,-9.247100e-09,7.291270e-10,9.862517e-11,-6.407474e-12,9.465275e-12,2.648996e+01,2.593762e+01,2.591177e+01
1.673000e-10,0.000000e+00,0.000000e+00,0.000000e+00,-5.802072e-07,6.633643e-06,8.233900e-07,-5.693150e-09,-7.595298e-09,-7.595298e-09,5.994931e-10,9.107630e-11,-1.374686e-12,6.359314e-12,2.648973e+01,2.593756e+01,2.591178e+01
1.673500e-10,0.000000e+00,0.000000e+00,0.000000e+00,-6.426495e-07,6.710445e-06,8.416425e-07,-1.763499e-08,-5.839980e-09,-5.839980e-09,4.551305e-10,8.397256e-11,3.524863e-12,3.319297e-12,2.648938e+01,2.593751e+01,2.591179e+01
1.674000e-10,0.000000e+00,0.000000e+00,0.000000e+00,-6.909883e-07,6.743280e-06,8.409048e-07,-2.880431e-08,-4.013581e-09,-4.013581e-09,2.982835e-10,7.742380e-11,8.238436e-12,3.912442e-13,2.648892e+01,2.593749e+01,2.591181e+01
1.674500e-10,0.000000e+00,0.000000e+00,0.000000e+00,-7.242978e-07,6.738218e-06,8.212380e-07,-3.897776e-08,-2.149422e-09,-2.149422e-09,1.314837e-10,7.150797e-11,1.271642e-11,-2.383226e-12,2.648836e+01,2.593747e+01,2.591182e+01
1.675000e-10,0.000000e+00,0.000000e+00,0.000000e+00,-7.419733e-07,6.700860e-06,7.831115e-07,-4.795812e-08,-2.810687e-10,-2.810687e-10,-4.249659e-11,6.627008e-11,1.691380e-11,-4.967650e-12,2.648771e+01,2.593747e+01,2.591183e+01
1.675500e-10,0.000000e+00,0.000000e+00,0.000000e+00,-7.437436e-07,6.636183e-06,7.273911e-07,-5.557809e-08,1.558309e-09,1.558309e-09,-2.206964e-10,6.172296e-11,2.079140e-11,-7.330514e-12,2.648698e+01,2.593749e+01,2.591184e+01
1.676000e-10,0.000000e+00,0.000000e+00,0.000000e+00,-7.296762e-07,6.548420e-06,6.553178e-07,-6.170335e-08,3.336562e-09,3.336562e-09,-4.000230e-10,5.784900e-11,2.431431e-11,-9.445667e-12,2.648619e+01,2.593752e+01,2.591185e+01
1.676500e-10,0.000000e+00,0.000000e+00,0.000000e+00,-7.001736e-07,6.440977e-06,5.684801e-07,-6.623491e-08,5.023159e-09,5.023159e-09,-5.773103e-10,5.460154e-11,2.745396e-11,-1.129257e-11,2.648536e+01,2.593756e+01,2.591186e+01
1.677000e-10,0.000000e+00,0.000000e+00,0.000000e+00,-6.559622e-07,6.316383e-06,4.687774e-07,-6.911071e-08,6.589747e-09,6.589747e-09,-7.493803e-10,5.190776e-11,3.018757e-11,-1.285607e-11,2.648451e+01,2.593762e+01,2.591186e+01
1.677500e-10,0.000000e+00,0.000000e+00,0.000000e+00,-5.980735e-07,6.176273e-06,3.583787e-07,-7.030629e-08,8.010656e-09,8.010656e-09,-9.131046e-10,4.967238e-11,3.249785e-11,-1.412622e-11,2.648364e+01,2.593769e+01,2.591187e+01
1.678000e-10,0.000000e+00,0.000000e+00,0.000000e+00,-5.278179e-07,6.021402e-06,2.396749e-07,-6.983477e-08,9.263353e-09,9.263353e-09,-1.065466e-09,4.778091e-11,3.437428e-11,-1.509847e-11,2.648278e+01,2.593777e+01,2.591187e+01
1.678500e-10,0.000000e+00,0.000000e+00,0.000000e+00,-4.467523e-07,5.851674e-06,1.152264e-07,-6.774595e-08,1.032882e-08,1.032882e-08,-1.203615e-09,4.610397e-11,3.581159e-11,-1.577303e-11,2.648195e+01,2.593785e+01,2.591187e+01
1.679000e-10,0.000000e+00,0.000000e+00,0.000000e+00,-3.566426e-07,5.666201e-06,-1.229169e-08,-6.412464e-08,1.119186e-08,1.119186e-08,-1.324930e-09,4.450178e-11,3.681062e-11,-1.615489e-11,2.648116e+01,2.593794e+01,2.591187e+01
1.679500e-10,0.000000e+00,0.000000e+00,0.000000e+00,-2.594224e-07,5.463379e-06,-1.401474e-07,-5.908830e-08,1.184133e-08,1.184133e-08,-1.427065e-09,4.282884e-11,3.737748e-11,-1.625340e-11,2.648044e+01,2.593804e+01,2.591187e+01
1.680000e-10,0.000000e+00,0.000000e+00,0.000000e+00,-1.571490e-07,5.240978e-06,-2.656100e-07,-5.278394e-08,1.227029e-08,1.227029e-08,-1.508000e-09,4.093870e-11,3.752433e-11,-1.608156e-11,2.647979e+01,2.593813e+01,2.591186e+01
1.680500e-10,0.000000e+00,0.000000e+00,0.000000e+00,-5.195800e-08,4.996261e-06,-3.860085e-07,-4.538450e-08,1.247606e-08,1.247606e-08,-1.566076e-09,3.868833e-11,3.726704e-11,-1.565605e-11,2.647922e+01,2.593823e+01,2.591186e+01
1.681000e-10,0.000000e+00,0.000000e+00,0.000000e+00,5.398253e-08,4.726110e-06,-4.987875e-07,-3.708463e-08,1.246018e-08,1.246018e-08,-1.600034e-09,3.594320e-11,3.662698e-11,-1.499650e-11,2.647875e+01,2.593832e+01,2.591185e+01
1.681500e-10,0.000000e+00,0.000000e+00,0.000000e+00,1.585169e-07,4.427179e-06,-6.015616e-07,-2.809615e-08,1.222833e-08,1.222833e-08,-1.609037e-09,3.258148e-11,3.562888e-11,-1.412495e-11,2.647840e+01,2.593841e+01,2.591184e+01
1.682000e-10,0.000000e+00,0.000000e+00,0.000000e+00,2.595455e-07,4.096065e-06,-6.921643e-07,-1.864307e-08,1.179013e-08,1.179013e-08,-1.592689e-09,2.849751e-11,3.430125e-11,-1.306571e-11,2.647815e+01,2.593849e+01,2.591183e+01
1.682500e-10,0.000000e+00,0.000000e+00,0.000000e+00,3.550666e-07,3.729486e-06,-7.686934e-07,-8.956564e-09,1.115888e-08,1.115888e-08,-1.551044e-09,2.360605e-11,3.267520e-11,-1.184445e-11,2.647803e+01,2.593856e+01,2.591182e+01
1.683000e-10,0.000000e+00,0.000000e+00,0.000000e+00,4.432150e-07,3.324479e-06,-8.295497e-07,7.303128e-10,1.035124e-08,1.035124e-08,-1.484608e-09,1.784507e-11,3.078435e-11,-1.048790e-11,2.647803e+01,2.593862e+01,2.591182e+01
1.683500e-10,0.000000e+00,0.000000e+00,0.000000e+00,5.222982e-07,2.878594e-06,-8.734691e-07,1.018777e-08,9.386814e-09,9.386814e-09,-1.394326e-09,1.117799e-11,2.866388e-11,-9.023520e-12,2.647814e+01,2.593866e+01,2.591181e+01
1.684000e-10,0.000000e+00,0.000000e+00,0.000000e+00,5.908292e-07,2.390086e-06,-8.995474e-07,1.919433e-08,8.287739e-09,8.287739e-09,-1.281571e-09,3.596156e-12,2.635021e-11,-7.478748e-12,2.647838e+01,2.593870e+01,2.591180e+01
1.684500e-10,0.000000e+00,0.000000e+00,0.000000e+00,6.475543e-07,1.858097e-06,-9.072575e-07,2.754169e-08,7.078177e-09,7.078177e-09,-1.148117e-09,-4.880818e-12,2.387975e-11,-5.880799e-12,2.647872e+01,2.593872e+01,2.591179e+01
1.685000e-10,0.000000e+00,0.000000e+00,0.000000e+00,6.914780e-07,1.282806e-06,-8.964579e-07,3.503915e-08,5.783810e-09,5.783810e-09,-9.961076e-10,-1.420387e-11,2.128961e-11,-4.256262e-12,2.647917e+01,2.593873e+01,2.591178e+01
1.685500e-10,0.000000e+00,0.000000e+00,0.000000e+00,7.218809e-07,6.655539e-07,-8.673941e-07,4.151768e-08,4.431297e-09,4.431297e-09,-8.280143e-10,-2.429504e-11,1.861525e-11,-2.630533e-12,2.647972e+01,2.593872e+01,2.591177e+01
1.686000e-10,0.000000e+00,0.000000e+00,0.000000e+00,7.383334e-07,8.924681e-09,-8.206900e-07,4.683345e-08,3.047730e-09,3.047730e-09,-6.465938e-10,-3.504869e-11,1.589185e-11,-1.027814e-12,2.648034e+01,2.593870e+01,2.591176e+01
1.686500e-10,0.000000e+00,0.000000e+00,0.000000e+00,7.407022e-07,-6.832161e-07,-7.573333e-07,5.087077e-08,1.660085e-09,1.660085e-09,-4.548369e-10,-4.633211e-11,1.315251e-11,5.294459e-13,2.648104e+01,2.593867e+01,2.591175e+01
1.687000e-10,0.000000e+00,0.000000e+00,0.000000e+00,7.291496e-07,-1.405732e-06,-6.786517e-07,5.354440e-08,2.946909e-10,2.946909e-10,-2.559128e-10,-5.798930e-11,1.042804e-11,2.020727e-12,2.648179e+01,2.593862e+01,2.591175e+01
1.687500e-10,0.000000e+00,0.000000e+00,0.000000e+00,7.041263e-07,-2.152272e-06,-5.862834e-07,5.480115e-08,-1.023283e-09,-1.023283e-09,-5.311194e-11,-6.984261e-11,7.747364e-12,3.427508e-12,2.648258e+01,2.593856e+01,2.591174e+01
1.688000e-10,0.000000e+00,0.000000e+00,0.000000e+00,6.663565e-07,-2.915366e-06,-4.821400e-07,5.462077e-08,-2.270302e-09,-2.270302e-09,1.502148e-10,-8.169686e-11,5.136299e-12,4.733497e-12,2.648340e+01,2.593849e+01,2.591174e+01
1.688500e-10,0.000000e+00,0.000000e+00,0.000000e+00,6.168159e-07,-3.686558e-06,-3.683651e-07,5.301615e-08,-3.424901e-09,-3.424901e-09,3.507162e-10,-9.334274e-11,2.617783e-12,5.924890e-12,2.648422e+01,2.593841e+01,2.591174e+01
1.689000e-10,0.000000e+00,0.000000e+00,0.000000e+00,5.567036e-07,-4.456566e-06,-2.472877e-07,5.003273e-08,-4.468067e-09,-4.468067e-09,5.451025e-10,-1.045620e-10,2.117222e-13,6.990236e-12,2.648504e+01,2.593832e+01,2.591174e+01
1.689500e-10,0.000000e+00,0.000000e+00,0.000000e+00,4.874088e-07,-5.215450e-06,-1.213721e-07,4.574728e-08,-5.383568e-09,-5.383568e-09,7.302031e-10,-1.151307e-10,-2.065467e-12,7.920467e-12,2.648583e+01,2.593823e+01,2.591174e+01
1.690000e-10,0.000000e+00,0.000000e+00,0.000000e+00,4.104730e-07,-5.952800e-06,6.833996e-09,4.026593e-08,-6.158213e-09,-6.158213e-09,9.030240e-10,-1.248255e-10,-4.199912e-12,8.709006e-12,2.648658e+01,2.593813e+01,2.591174e+01
1.690500e-10,0.000000e+00,0.000000e+00,0.000000e+00,3.275504e-07,-6.657910e-06,1.347531e-07,3.372164e-08,-6.782047e-09,-6.782047e-09,1.060801e-09,-1.334272e-10,-6.181931e-12,9.351644e-12,2.648727e+01,2.593803e+01,2.591174e+01
1.691000e-10,0.000000e+00,0.000000e+00,0.000000e+00,2.403676e-07,-7.319953e-06,2.598314e-07,2.627104e-08,-7.248476e-09,-7.248476e-09,1.201045e-09,-1.407266e-10,-8.004089e-12,9.846592e-12,2.648790e+01,2.593794e+01,2.591174e+01
1.691500e-10,0.000000e+00,0.000000e+00,0.000000e+00,1.506836e-07,-7.928145e-06,3.795910e-07,1.809086e-08,-7.554320e-09,-7.554320e-09,1.321592e-09,-1.465289e-10,-9.662159e-12,1.019411e-11,2.648845e+01,2.593784e+01,2.591175e+01
1.692000e-10,0.000000e+00,0.000000e+00,0.000000e+00,6.025299e-08,-8.471895e-06,4.916799e-07,9.373870e-09,-7.699789e-09,-7.699789e-09,1.420629e-09,-1.506583e-10,-1.115474e-11,1.039666e-11,2.648891e+01,2.593775e+01,2.591175e+01
1.692500e-10,0.000000e+00,0.000000e+00,0.000000e+00,-2.920751e-08,-8.940952e-06,5.939190e-07,3.245449e-10,-7.688400e-09,-7.688400e-09,1.496733e-09,-1.529622e-10,-1.248281e-11,1.045847e-11,2.648927e+01,2.593767e+01,2.591176e+01
1.693000e-10,0.000000e+00,0.000000e+00,0.000000e+00,-1.160483e-07,-9.325542e-06,6.843442e-07,-8.845512e-09,-7.526812e-09,-7.526812e-09,1.548886e-09,-1.533148e-10,-1.364935e-11,1.038563e-11,2.648953e+01,2.593759e+01,2.591177e+01
1.693500e-10,0.000000e+00,0.000000e+00,0.000000e+00,-1.987112e-07,-9.616517e-06,7.612442e-07,-1.792227e-08,-7.224611e-09,-7.224611e-09,1.576494e-09,-1.516214e-10,-1.465933e-11,1.018571e-11,2.648969e+01,2.593752e+01,2.591177e+01
1.694000e-10,0.000000e+00,0.000000e+00,0.000000e+00,-2.757491e-07,-9.805497e-06,8.231918e-07,-2.669399e-08,-6.794035e-09,-6.794035e-09,1.579390e-09,-1.478198e-10,-1.551933e-11,9.867603e-12,2.648973e+01,2.593747e+01,2.591178e+01
1.694500e-10,0.000000e+00,0.000000e+00,0.000000e+00,-3.458413e-07,-9.885033e-06,8.690694e-07,-3.495586e-08,-6.249641e-09,-6.249641e-09,1.557836e-09,-1.418841e-10,-1.623667e-11,9.441422e-12,2.648967e+01,2.593742e+01,2.591179e+01
1.695000e-10,0.000000e+00,0.000000e+00,0.000000e+00,-4.078060e-07,-9.848775e-06,8.980878e-07,-4.251449e-08,-5.607940e-09,-5.607940e-09,1.512506e-09,-1.338245e-10,-1.682017e-11,8.918080e-12,2.648951e+01,2.593740e+01,2.591179e+01
1.695500e-10,0.000000e+00,0.000000e+00,0.000000e+00,-4.606097e-07,-9.691656e-06,9.097976e-07,-4.919209e-08,-4.886992e-09,-4.886992e-09,1.444478e-09,-1.236891e-10,-1.727816e-11,8.309256e-12,2.648924e+01,2.593738e+01,2.591180e+01
1.696000e-10,0.000000e+00,0.000000e+00,0.000000e+00,-5.033758e-07,-9.410078e-06,9.040944e-07,-5.483029e-08,-4.105980e-09,-4.105980e-09,1.355201e-09,-1.115641e-10,-1.761990e-11,7.627157e-12,2.648888e+01,2.593738e+01,2.591181e+01
1.696500e-10,0.000000e+00,0.000000e+00,0.000000e+00,-5.353926e-07,-9.002105e-06,8.812165e-07,-5.929357e-08,-3.284764e-09,-3.284764e-09,1.246470e-09,-9.757234e-11,-1.785431e-11,6.884164e-12,2.648843e+01,2.593739e+01,2.591181e+01
1.697000e-10,0.000000e+00,0.000000e+00,0.000000e+00,-5.561217e-07,-8.467641e-06,8.417362e-07,-6.247213e-08,-2.443432e-09,-2.443432e-09,1.120386e-09,-8.187266e-11,-1.798913e-11,6.092854e-12,2.648790e+01,2.593742e+01,2.591182e+01
1.697500e-10,0.000000e+00,0.000000e+00,0.000000e+00,-5.652067e-07,-7.808599e-06,7.865448e-07,-6.428423e-08,-1.601859e-09,-1.601859e-09,9.793110e-10,-6.465699e-11,-1.803248e-11,5.265784e-12,2.648731e+01,2.593746e+01,2.591182e+01
1.698000e-10,0.000000e+00,0.000000e+00,0.000000e+00,-5.624834e-07,-7.029026e-06,7.168319e-07,-6.467789e-08,-7.792706e-10,-7.792706e-10,8.258276e-10,-4.614820e-11,-1.799069e-11,4.414931e-12,2.648667e+01,2.593752e+01,2.591182e+01
1.698500e-10,0.000000e+00,0.000000e+00,0.000000e+00,-5.479893e-07,-6.135202e-06,6.340588e-07,-6.363196e-08,6.162253e-12,6.162253e-12,6.626842e-10,-2.659615e-11,-1.786952e-11,3.552188e-12,2.648598e+01,2.593758e+01,2.591182e+01
1.699000e-10,0.000000e+00,0.000000e+00,0.000000e+00,-5.219732e-07,-5.135675e-06,5.399278e-07,-6.115652e-08,7.377026e-10,7.377026e-10,4.927437e-10,-6.274323e-12,-1.767340e-11,2.688725e-12,2.648527e+01,2.593766e+01,2.591182e+01
1.699500e-10,0.000000e+00,0.000000e+00,0.000000e+00,-4.849031e-07,-4.041240e-06,4.363471e-07,-5.729264e-08,1.400386e-09,1.400386e-09,3.189306e-10,1.452553e-11,-1.740533e-11,1.835136e-12,2.648455e+01,2.593774e+01,2.591182e+01
1.700000e-10,0.000000e+00,0.000000e+00,0.000000e+00,-4.374711e-07,-2.864854e-06,3.253921e-07,-5.211143e-08,1.981314e-09,1.981314e-09,1.441761e-10,3.549743e-11,-1.706761e-11,1.001068e-12,2.648383e+01,2.593783e+01,2.591182e+01
1.700500e-10,0.000000e+00,0.000000e+00,0.000000e+00,-3.805934e-07,-1.621475e-06,2.092644e-07,-4.571251e-08,2.469900e-09,2.469900e-09,-2.863391e-11,5.632730e-11,-1.666067e-11,1.953415e-13,2.648312e+01,2.593793e+01,2.591182e+01
1.701000e-10,0.000000e+00,0.000000e+00,0.000000e+00,-3.154055e-07,-3.278380e-07,9.024825e-08,-3.822185e-08,2.858051e-09,2.858051e-09,-1.967112e-10,7.669726e-11,-1.618451e-11,-5.740282e-13,2.648244e+01,2.593803e+01,2.591181e+01
1.701500e-10,0.000000e+00,0.000000e+00,0.000000e+00,-2.432494e-07,9.978352e-07,-2.933337e-08,-2.978905e-08,3.140305e-09,3.140305e-09,-3.574131e-10,9.629224e-11,-1.563745e-11,-1.300096e-12,2.648181e+01,2.593813e+01,2.591181e+01
1.702000e-10,0.000000e+00,0.000000e+00,0.000000e+00,-1.656536e-07,2.336183e-06,-1.471642e-07,-2.058420e-08,3.313889e-09,3.313889e-09,-5.082878e-10,1.148050e-10,-1.501769e-11,-1.977126e-12,2.648122e+01,2.593824e+01,2.591180e+01
1.702500e-10,0.000000e+00,0.000000e+00,0.000000e+00,-8.430472e-08,3.667092e-06,-2.609789e-07,-1.079422e-08,3.378736e-09,3.378736e-09,-6.471142e-10,1.319413e-10,-1.432254e-11,-2.600034e-12,2.648071e+01,2.593833e+01,2.591180e+01
1.703000e-10,0.000000e+00,0.000000e+00,0.000000e+00,-1.011022e-09,4.970120e-06,-3.686074e-07,-6.189592e-10,3.337425e-09,3.337425e-09,-7.719381e-10,1.474259e-10,-1.354882e-11,-3.165135e-12,2.648027e+01,2.593843e+01,2.591179e+01
1.703500e-10,0.000000e+00,0.000000e+00,0.000000e+00,8.234100e-08,6.224930e-06,-4.680157e-07,9.733046e-09,3.195071e-09,3.195071e-09,-8.811010e-10,1.610067e-10,-1.269323e-11,-3.669431e-12,2.647991e+01,2.593852e+01,2.591179e+01
1.704000e-10,0.000000e+00,0.000000e+00,0.000000e+00,1.638363e-07,7.411718e-06,-5.573459e-07,2.004892e-08,2.959162e-09,2.959162e-09,-9.732632e-10,1.724602e-10,-1.175343e-11,-4.111186e-12,2.647965e+01,2.593860e+01,2.591178e+01
1.704500e-10,0.000000e+00,0.000000e+00,0.000000e+00,2.415850e-07,8.511633e-06,-6.349521e-07,3.011591e-08,2.639336e-09,2.639336e-09,-1.047421e-09,1.815944e-10,-1.072617e-11,-4.489329e-12,2.647947e+01,2.593867e+01,2.591177e+01
1.705000e-10,0.000000e+00,0.000000e+00,0.000000e+00,3.137773e-07,9.507149e-06,-6.994318e-07,3.972578e-08,2.247120e-09,2.247120e-09,-1.102917e-09,1.882534e-10,-9.610193e-12,-4.803825e-12,2.647940e+01,2.593873e+01,2.591177e+01
1.705500e-10,0.000000e+00,0.000000e+00,0.000000e+00,3.787387e-07,1.038241e-05,-7.496537e-07,4.867918e-08,1.795630e-09,1.795630e-09,-1.139443e-09,1.923192e-10,-8.404366e-12,-5.055377e-12,2.647942e+01,2.593878e+01,2.591176e+01
1.706000e-10,0.000000e+00,0.000000e+00,0.000000e+00,4.349805e-07,1.112349e-05,-7.847793e-07,5.678971e-08,1.299234e-09,1.299234e-09,-1.157034e-09,1.937155e-10,-7.109409e-12,-5.245492e-12,2.647954e+01,2.593881e+01,2.591175e+01
1.706500e-10,0.000000e+00,0.000000e+00,0.000000e+00,4.812458e-07,1.171865e-05,-8.042790e-07,6.388781e-08,7.731974e-10,7.731974e-10,-1.156062e-09,1.924070e-10,-5.727111e-12,-5.376170e-12,2.647975e+01,2.593883e+01,2.591175e+01
1.707000e-10,0.000000e+00,0.000000e+00,0.000000e+00,5.165463e-07,1.215847e-05,-8.079419e-07,6.982418e-08,2.333077e-10,2.333077e-10,-1.137218e-09,1.884023e-10,-4.261033e-12,-5.450059e-12,2.648004e+01,2.593884e+01,2.591174e+01
1.707500e-10,0.000000e+00,0.000000e+00,0.000000e+00,5.401898e-07,1.243598e-05,-7.958791e-07,7.447285e-08,-3.045074e-10,-3.045074e-10,-1.101489e-09,1.817521e-10,-2.716471e-12,-5.470263e-12,2.648041e+01,2.593883e+01,2.591174e+01
1.708000e-10,0.000000e+00,0.000000e+00,0.000000e+00,5.517971e-07,1.254670e-05,-7.685202e-07,7.773374e-08,-8.245587e-10,-8.245587e-10,-1.050130e-09,1.725500e-10,-1.101159e-12,-5.440237e-12,2.648086e+01,2.593881e+01,2.591174e+01
1.708500e-10,0.000000e+00,0.000000e+00,0.000000e+00,5.513066e-07,1.248866e-05,-7.266024e-07,7.953467e-08,-1.311767e-09,-1.311767e-09,-9.846358e-10,1.609295e-10,5.762380e-13,-5.363840e-12,2.648136e+01,2.593878e+01,2.591174e+01
1.709000e-10,0.000000e+00,0.000000e+00,0.000000e+00,5.389685e-07,1.226238e-05,-6.711541e-07,7.983274e-08,-1.752016e-09,-1.752016e-09,-9.067001e-10,1.470626e-10,2.303847e-12,-5.244983e-12,2.648191e+01,2.593873e+01,2.591174e+01
1.709500e-10,0.000000e+00,0.000000e+00,0.000000e+00,5.153282e-07,1.187080e-05,-6.034716e-07,7.861524e-08,-2.132482e-09,-2.132482e-09,-8.181814e-10,1.311570e-10,4.068690e-12,-5.087770e-12,2.648250e+01,2.593868e+01,2.591174e+01
1.710000e-10,0.000000e+00,0.000000e+00,0.000000e+00,4.812005e-07,1.131922e-05,-5.250894e-07,7.589978e-08,-2.441928e-09,-2.441928e-09,-7.210591e-10,1.134518e-10,5.855439e-12,-4.896357e-12,2.648310e+01,2.593861e+01,2.591174e+01
1.710500e-10,0.000000e+00,0.000000e+00,0.000000e+00,4.376365e-07,1.061519e-05,-4.377466e-07,7.173390e-08,-2.670960e-09,-2.670960e-09,-6.173929e-10,9.421453e-11,7.647045e-12,-4.674866e-12,2.648372e+01,2.593853e+01,2.591174e+01
1.711000e-10,0.000000e+00,0.000000e+00,0.000000e+00,3.858849e-07,9.768391e-06,-3.433475e-07,6.619404e-08,-2.812245e-09,-2.812245e-09,-5.092797e-10,7.373560e-11,9.425112e-12,-4.427383e-12,2.648433e+01,2.593845e+01,2.591175e+01
1.711500e-10,0.000000e+00,0.000000e+00,0.000000e+00,3.273502e-07,8.790528e-06,-2.439202e-07,5.938396e-08,-2.860673e-09,-2.860673e-09,-3.988108e-10,5.232382e-11,1.116980e-11,-4.157767e-12,2.648492e+01,2.593836e+01,2.591175e+01
1.712000e-10,0.000000e+00,0.000000e+00,0.000000e+00,2.635493e-07,7.695147e-06,-1.415711e-07,5.143249e-08,-2.813470e-09,-2.813470e-09,-2.880327e-10,3.030136e-11,1.286002e-11,-3.869771e-12,2.648549e+01,2.593826e+01,2.591176e+01
1.712500e-10,0.000000e+00,0.000000e+00,0.000000e+00,1.960684e-07,6.497487e-06,-3.843952e-08,4.249099e-08,-2.670262e-09,-2.670262e-09,-1.789065e-10,7.997635e-12,1.447428e-11,-3.566815e-12,2.648601e+01,2.593817e+01,2.591176e+01
1.713000e-10,0.000000e+00,0.000000e+00,0.000000e+00,1.265214e-07,5.214283e-06,6.334888e-08,3.273012e-08,-2.433079e-09,-2.433079e-09,-7.327354e-11,-1.425498e-11,1.599050e-11,-3.252265e-12,2.648647e+01,2.593807e+01,2.591177e+01
1.713500e-10,0.000000e+00,0.000000e+00,0.000000e+00,5.651201e-08,3.863544e-06,1.617278e-07,2.233645e-08,-2.106304e-09,-2.106304e-09,2.717818e-11,-3.612788e-11,1.738653e-11,-2.928894e-12,2.648688e+01,2.593798e+01,2.591178e+01
1.714000e-10,0.000000e+00,0.000000e+00,0.000000e+00,-1.240112e-08,2.464313e-06,2.547336e-07,1.150861e-08,-1.696575e-09,-1.696575e-09,1.209410e-10,-5.730135e-11,1.864092e-11,-2.599525e-12,2.648722e+01,2.593789e+01,2.591179e+01
1.714500e-10,0.000000e+00,0.000000e+00,0.000000e+00,-7.873523e-08,1.036393e-06,3.405467e-07,4.532866e-10,-1.212629e-09,-1.212629e-09,2.067120e-10,-7.746894e-11,1.973263e-11,-2.266438e-12,2.648748e+01,2.593780e+01,2.591179e+01
1.715000e-10,0.000000e+00,0.000000e+00,0.000000e+00,-1.411098e-07,-3.999495e-07,4.175280e-07,-1.061893e-08,-6.651087e-10,-6.651087e-10,2.834120e-10,-9.634370e-11,2.064211e-11,-1.931808e-12,2.648766e+01,2.593772e+01,2.591180e+01
1.715500e-10,0.000000e+00,0.000000e+00,0.000000e+00,-1.982692e-07,-1.824303e-06,4.842518e-07,-2.149776e-08,-6.631359e-11,-6.631359e-11,3.501979e-10,-1.136615e-10,2.135125e-11,-1.597405e-12,2.648776e+01,2.593765e+01,2.591181e+01
1.716000e-10,0.000000e+00,0.000000e+00,0.000000e+00,-2.491015e-07,-3.216443e-06,5.395330e-07,-3.197745e-08,5.700722e-10,5.700722e-10,4.064716e-10,-1.291859e-10,2.184396e-11,-1.264721e-12,2.648778e+01,2.593759e+01,2.591182e+01
1.716500e-10,0.000000e+00,0.000000e+00,0.000000e+00,-2.926538e-07,-4.556671e-06,5.824485e-07,-4.186081e-08,1.229291e-09,1.229291e-09,4.518824e-10,-1.427117e-10,2.210665e-11,-9.351416e-13,2.648772e+01,2.593754e+01,2.591183e+01
1.717000e-10,0.000000e+00,0.000000e+00,0.000000e+00,-3.281449e-07,-5.826151e-06,6.123526e-07,-5.096311e-08,1.895845e-09,1.895845e-09,4.863241e-10,-1.540671e-10,2.212841e-11,-6.097888e-13,2.648758e+01,2.593750e+01,2.591183e+01
1.717500e-10,0.000000e+00,0.000000e+00,0.000000e+00,-3.549748e-07,-7.007240e-06,6.288865e-07,-5.911567e-08,2.553840e-09,2.553840e-09,5.099268e-10,-1.631172e-10,2.190108e-11,-2.896273e-13,2.648736e+01,2.593747e+01,2.591184e+01
1.718000e-10,0.000000e+00,0.000000e+00,0.000000e+00,-3.727318e-07,-8.083786e-06,6.319806e-07,-6.616914e-08,3.187349e-09,3.187349e-09,5.230450e-10,-1.697646e-10,2.142000e-11,2.455361e-14,2.648708e+01,2.593746e+01,2.591184e+01
1.718500e-10,0.000000e+00,0.000000e+00,0.000000e+00,-3.811966e-07,-9.041403e-06,6.218512e-07,-7.199630e-08,3.780767e-09,3.780767e-09,5.262390e-10,-1.739515e-10,2.068385e-11,3.319998e-13,2.648674e+01,2.593745e+01,2.591185e+01
1.719000e-10,0.000000e+00,0.000000e+00,0.000000e+00,-3.803438e-07,-9.867713e-06,5.989907e-07,-7.649444e-08,4.319163e-09,4.319163e-09,5.202554e-10,-1.756588e-10,1.969510e-11,6.321501e-13,2.648635e+01,2.593746e+01,2.591185e+01
1.719500e-10,0.000000e+00,0.000000e+00,0.000000e+00,-3.703410e-07,-1.055253e-05,5.641525e-07,-7.958729e-08,4.788616e-09,4.788616e-09,5.060004e-10,-1.749070e-10,1.845961e-11,9.243555e-13,2.648592e+01,2.593749e+01,2.591185e+01
1.720000e-10,0.000000e+00,0.000000e+00,0.000000e+00,-3.515436e-07,-1.108800e-05,5.183296e-07,-8.122624e-08,5.176533e-09,5.176533e-09,4.845141e-10,-1.717541e-10,1.698699e-11,1.207932e-12,2.648545e+01,2.593752e+01,2.591185e+01
1.720500e-10,0.000000e+00,0.000000e+00,0.000000e+00,-3.244875e-07,-1.146872e-05,4.627301e-07,-8.139116e-08,5.471931e-09,5.471931e-09,4.569397e-10,-1.662944e-10,1.529079e-11,1.482301e-12,2.648497e+01,2.593756e+01,2.591185e+01
1.721000e-10,0.000000e+00,0.000000e+00,0.000000e+00,-2.898773e-07,-1.169173e-05,3.987466e-07,-8.009054e-08,5.665696e-09,5.665696e-09,4.244929e-10,-1.586564e-10,1.338782e-11,1.746726e-12,2.648448e+01,2.593761e+01,2.591185e+01
1.721500e-10,0.000000e+00,0.000000e+00,0.000000e+00,-2.485712e-07,-1.175657e-05,3.279240e-07,-7.736111e-08,5.750790e-09,5.750790e-09,3.884301e-10,-1.489994e-10,1.129818e-11,2.000400e-12,2.648399e+01,2.593768e+01,2.591185e+01
1.722000e-10,0.000000e+00,0.000000e+00,0.000000e+00,-2.015628e-07,-1.166515e-05,2.519232e-07,-7.326682e-08,5.722420e-09,5.722420e-09,3.500163e-10,-1.375107e-10,9.045601e-12,2.242376e-12,2.648351e+01,2.593774e+01,2.591184e+01
1.722500e-10,0.000000e+00,0.000000e+00,0.000000e+00,-1.499592e-07,-1.142171e-05,1.724841e-07,-6.789739e-08,5.578159e-09,5.578159e-09,3.104950e-10,-1.244017e-10,6.656132e-12,2.471654e-12,2.648305e+01,2.593782e+01,2.591184e+01
1.723000e-10,0.000000e+00,0.000000e+00,0.000000e+00,-9.495627e-08,-1.103268e-05,9.138643e-08,-6.136625e-08,5.318018e-09,5.318018e-09,2.710571e-10,-1.099039e-10,4.158451e-12,2.687199e-12,2.648263e+01,2.593789e+01,2.591183e+01
1.723500e-10,0.000000e+00,0.000000e+00,0.000000e+00,-3.781171e-08,-1.050646e-05,1.041124e-08,-5.380806e-08,4.944461e-09,4.944461e-09,2.328147e-10,-9.426411e-11,1.583743e-12,2.887539e-12,2.648225e+01,2.593797e+01,2.591183e+01
1.724000e-10,0.000000e+00,0.000000e+00,0.000000e+00,2.018346e-08,-9.853297e-06,-6.869740e-08,-4.537589e-08,4.462370e-09,4.462370e-09,1.967754e-10,-7.774106e-11,-1.035882e-12,3.071481e-12,2.648192e+01,2.593805e+01,2.591182e+01
1.724500e-10,0.000000e+00,0.000000e+00,0.000000e+00,7.773437e-08,-9.085000e-06,-1.442693e-07,-3.623794e-08,3.878966e-09,3.878966e-09,1.638204e-10,-6.059940e-11,-3.666485e-12,3.237481e-12,2.648164e+01,2.593813e+01,2.591181e+01
1.725000e-10,0.000000e+00,0.000000e+00,0.000000e+00,1.335717e-07,-8.214760e-06,-2.147427e-07,-2.657407e-08,3.203667e-09,3.203667e-09,1.346870e-10,-4.310633e-11,-6.273779e-12,3.383925e-12,2.648143e+01,2.593821e+01,2.591180e+01
1.725500e-10,0.000000e+00,0.000000e+00,0.000000e+00,1.864799e-07,-7.256882e-06,-2.786961e-07,-1.657214e-08,2.447912e-09,2.447912e-09,1.099537e-10,-2.552600e-11,-8.823198e-12,3.509254e-12,2.648128e+01,2.593828e+01,2.591179e+01
1.726000e-10,0.000000e+00,0.000000e+00,0.000000e+00,2.353243e-07,-6.226550e-06,-3.348768e-07,-6.424150e-09,1.624936e-09,1.624936e-09,9.002974e-11,-8.116440e-12,-1.128068e-11,3.611800e-12,2.648119e+01,2.593835e+01,2.591178e+01
1.726500e-10,0.000000e+00,0.000000e+00,0.000000e+00,2.790744e-07,-5.139575e-06,-3.822246e-07,3.677551e-09,7.495056e-10,7.495056e-10,7.515071e-11,8.875742e-12,-1.361304e-11,3.689846e-12,2.648118e+01,2.593841e+01,2.591177e+01
1.727000e-10,0.000000e+00,0.000000e+00,0.000000e+00,3.168256e-07,-4.012149e-06,-4.198918e-07,1.354411e-08,-1.623692e-10,-1.623692e-10,6.537534e-11,2.521855e-11,-1.578807e-11,3.741899e-12,2.648123e+01,2.593846e+01,2.591177e+01
1.727500e-10,0.000000e+00,0.000000e+00,0.000000e+00,3.478153e-07,-2.860600e-06,-4.472580e-07,2.299386e-08,-1.093760e-09,-1.093760e-09,6.059044e-11,4.069804e-11,-1.777632e-11,3.766348e-12,2.648134e+01,2.593850e+01,2.591176e+01
1.728000e-10,0.000000e+00,0.000000e+00,0.000000e+00,3.714369e-07,-1.701156e-06,-4.639394e-07,3.185580e-08,-2.027159e-09,-2.027159e-09,6.051643e-11,5.512165e-11,-1.955007e-11,3.761823e-12,2.648152e+01,2.593854e+01,2.591175e+01
1.728500e-10,0.000000e+00,0.000000e+00,0.000000e+00,3.872483e-07,-5.497115e-07,-4.697933e-07,3.997288e-08,-2.944827e-09,-2.944827e-09,6.472029e-11,6.831992e-11,-2.108460e-11,3.727044e-12,2.648175e+01,2.593856e+01,2.591174e+01
1.729000e-10,0.000000e+00,0.000000e+00,0.000000e+00,3.949770e-07,5.783986e-07,-4.649173e-07,4.720487e-08,-3.829158e-09,-3.829158e-09,7.262858e-11,8.014988e-11,-2.235879e-11,3.661013e-12,2.648204e+01,2.593858e+01,2.591174e+01
1.729500e-10,0.000000e+00,0.000000e+00,0.000000e+00,3.945215e-07,1.668615e-06,-4.496428e-07,5.343096e-08,-4.663026e-09,-4.663026e-09,8.354771e-11,9.049494e-11,-2.335448e-11,3.562921e-12,2.648236e+01,2.593858e+01,2.591173e+01
1.730000e-10,0.000000e+00,0.000000e+00,0.000000e+00,3.859491e-07,2.707359e-06,-4.245239e-07,5.855182e-08,-5.430137e-09,-5.430137e-09,9.668329e-11,9.926717e-11,-2.405775e-11,3.432296e-12,2.648272e+01,2.593857e+01,2.591173e+01
1.730500e-10,0.000000e+00,0.000000e+00,0.000000e+00,3.694911e-07,3.682219e-06,-3.903221e-07,6.249130e-08,-6.115353e-09,-6.115353e-09,1.111648e-10,1.064070e-10,-2.445879e-11,3.269049e-12,2.648311e+01,2.593856e+01,2.591172e+01
1.731000e-10,0.000000e+00,0.000000e+00,0.000000e+00,3.455347e-07,4.582128e-06,-3.479857e-07,6.519757e-08,-6.705000e-09,-6.705000e-09,1.260693e-10,1.118830e-10,-2.455206e-11,3.073305e-12,2.648351e+01,2.593853e+01,2.591172e+01
1.731500e-10,0.000000e+00,0.000000e+00,0.000000e+00,3.146142e-07,5.397500e-06,-2.986265e-07,6.664376e-08,-7.187146e-09,-7.187146e-09,1.404492e-10,1.156920e-10,-2.433618e-11,2.845693e-12,2.648393e+01,2.593850e+01,2.591172e+01
1.732000e-10,0.000000e+00,0.000000e+00,0.000000e+00,2.773988e-07,6.120360e-06,-2.434930e-07,6.682812e-08,-7.551835e-09,-7.551835e-09,1.533574e-10,1.178570e-10,-2.381419e-11,2.587231e-12,2.648434e+01,2.593846e+01,2.591172e+01
1.732500e-10,0.000000e+00,0.000000e+00,0.000000e+00,2.346800e-07,6.744422e-06,-1.839410e-07,6.577364e-08,-7.791295e-09,-7.791295e-09,1.638753e-10,1.184262e-10,-2.299378e-11,2.299270e-12,2.648474e+01,2.593841e+01,2.591172e+01
1.733000e-10,0.000000e+00,0.000000e+00,0.000000e+00,1.873568e-07,7.265141e-06,-1.214027e-07,6.352715e-08,-7.900091e-09,-7.900091e-09,1.711370e-10,1.174709e-10,-2.188610e-11,1.983756e-12,2.648512e+01,2.593836e+01,2.591172e+01
1.733500e-10,0.000000e+00,0.000000e+00,0.000000e+00,1.364194e-07,7.679725e-06,-5.735411e-08,6.015801e-08,-7.875237e-09,-7.875237e-09,1.743550e-10,1.150826e-10,-2.050724e-11,1.642882e-12,2.648547e+01,2.593831e+01,2.591173e+01
1.734000e-10,0.000000e+00,0.000000e+00,0.000000e+00,8.293178e-08,7.987106e-06,6.717241e-09,5.575633e-08,-7.716257e-09,-7.716257e-09,1.728425e-10,1.113716e-10,-1.887671e-11,1.279453e-12,2.648578e+01,2.593825e+01,2.591173e+01
1.734500e-10,0.000000e+00,0.000000e+00,0.000000e+00,2.801205e-08,8.187872e-06,6.934489e-08,5.043074e-08,-7.425195e-09,-7.425195e-09,1.660325e-10,1.064628e-10,-1.701684e-11,8.965223e-13,2.648605e+01,2.593819e+01,2.591174e+01
1.735000e-10,0.000000e+00,0.000000e+00,0.000000e+00,-2.718827e-08,8.284171e-06,1.291149e-07,4.430593e-08,-7.006578e-09,-7.006578e-09,1.534961e-10,1.004936e-10,-1.495434e-11,4.976665e-13,2.648628e+01,2.593813e+01,2.591174e+01
1.735500e-10,0.000000e+00,0.000000e+00,0.000000e+00,-8.150679e-08,8.279576e-06,1.846958e-07,3.751982e-08,-6.467326e-09,-6.467326e-09,1.349558e-10,9.360988e-11,-1.271750e-11,8.663915e-14,2.648645e+01,2.593807e+01,2.591175e+01
1.736000e-10,0.000000e+00,0.000000e+00,0.000000e+00,-1.337938e-07,8.178930e-06,2.348662e-07,3.022051e-08,-5.816619e-09,-5.816619e-09,1.102952e-10,8.596407e-11,-1.033738e-11,-3.323155e-13,2.648656e+01,2.593801e+01,2.591176e+01
1.736500e-10,0.000000e+00,0.000000e+00,0.000000e+00,-1.829368e-07,7.988182e-06,2.785405e-07,2.256309e-08,-5.065718e-09,-5.065718e-09,7.956636e-11,7.771081e-11,-7.846701e-12,-7.548304e-13,2.648661e+01,2.593796e+01,2.591176e+01
1.737000e-10,0.000000e+00,0.000000e+00,0.000000e+00,-2.278850e-07,7.714198e-06,3.147899e-07,1.470638e-08,-4.227744e-09,-4.227744e-09,4.299161e-11,6.900435e-11,-5.279481e-12,-1.176223e-12,2.648660e+01,2.593791e+01,2.591177e+01
1.737500e-10,0.000000e+00,0.000000e+00,0.000000e+00,-2.676734e-07,7.364580e-06,3.428616e-07,6.809607e-09,-3.317423e-09,-3.317423e-09,9.615016e-13,5.999588e-11,-2.670573e-12,-1.591740e-12,2.648653e+01,2.593786e+01,2.591178e+01
1.738000e-10,0.000000e+00,0.000000e+00,0.000000e+00,-3.014456e-07,6.947485e-06,3.621930e-07,-9.708565e-10,-2.350800e-09,-2.350800e-09,-4.597049e-11,5.083087e-11,-5.491238e-14,-1.996576e-12,2.648639e+01,2.593783e+01,2.591179e+01
1.738500e-10,0.000000e+00,0.000000e+00,0.000000e+00,-3.284750e-07,6.471452e-06,3.724218e-07,-8.484629e-09,-1.344933e-09,-1.344933e-09,-9.709783e-11,4.164600e-11,2.533020e-12,-2.385663e-12,2.648621e+01,2.593780e+01,2.591180e+01
1.739000e-10,0.000000e+00,0.000000e+00,0.000000e+00,-3.481818e-07,5.945232e-06,3.733925e-07,-1.559028e-08,-3.175592e-10,-3.175592e-10,-1.515739e-10,3.256780e-11,5.059042e-12,-2.754336e-12,2.648597e+01,2.593777e+01,2.591181e+01
1.739500e-10,0.000000e+00,0.000000e+00,0.000000e+00,-3.601478e-07,5.377643e-06,3.651573e-07,-2.215808e-08,7.132431e-10,7.132431e-10,-2.084296e-10,2.371075e-11,7.490709e-12,-3.097823e-12,2.648568e+01,2.593776e+01,2.591181e+01
1.740000e-10,0.000000e+00,0.000000e+00,0.000000e+00,-3.641265e-07,4.777431e-06,3.479736e-07,-2.807239e-08,1.729397e-09,1.729397e-09,-2.665926e-10,1.517502e-11,9.797520e-12,-3.411583e-12,2.648536e+01,2.593775e+01,2.591182e+01
1.740500e-10,0.000000e+00,0.000000e+00,0.000000e+00,-3.600486e-07,4.153141e-06,3.222967e-07,-3.323382e-08,2.713173e-09,2.713173e-09,-3.249096e-10,7.046762e-12,1.195056e-11,-3.691284e-12,2.648499e+01,2.593775e+01,2.591182e+01
1.741000e-10,0.000000e+00,0.000000e+00,0.000000e+00,-3.480229e-07,3.513012e-06,2.887680e-07,-3.756092e-08,3.647518e-09,3.647518e-09,-3.821715e-10,-6.037030e-13,1.392388e-11,-3.933137e-12,2.648461e+01,2.593776e+01,2.591183e+01
1.741500e-10,0.000000e+00,0.000000e+00,0.000000e+00,-3.283328e-07,2.864875e-06,2.482002e-07,-4.099148e-08,4.516377e-09,4.516377e-09,-4.371389e-10,-7.721530e-12,1.569451e-11,-4.133564e-12,2.648420e+01,2.593778e+01,2.591183e+01
1.742000e-10,0.000000e+00,0.000000e+00,0.000000e+00,-3.014281e-07,2.216072e-06,2.015577e-07,-4.348349e-08,5.304988e-09,5.304988e-09,-4.885699e-10,-1.426763e-11,1.724266e-11,-4.289515e-12,2.648379e+01,2.593780e+01,2.591184e+01
1.742500e-10,0.000000e+00,0.000000e+00,0.000000e+00,-2.679132e-07,1.573382e-06,1.499350e-07,-4.501551e-08,6.000152e-09,6.000152e-09,-5.352472e-10,-2.021768e-11,1.855186e-11,-4.398428e-12,2.648338e+01,2.593783e+01,2.591184e+01
1.743000e-10,0.000000e+00,0.000000e+00,0.000000e+00,-2.285308e-07,9.429652e-07,9.453167e-08,-4.558674e-08,6.590466e-09,6.590466e-09,-5.760057e-10,-2.556237e-11,1.960956e-11,-4.458268e-12,2.648297e+01,2.593787e+01,2.591184e+01
1.743500e-10,0.000000e+00,0.000000e+00,0.000000e+00,-1.841443e-07,3.303173e-07,3.662526e-08,-4.521655e-08,7.066525e-09,7.066525e-09,-6.097596e-10,-3.030525e-11,2.040645e-11,-4.467774e-12,2.648259e+01,2.593791e+01,2.591184e+01
1.744000e-10,0.000000e+00,0.000000e+00,0.000000e+00,-1.357156e-07,-2.597575e-07,-2.245684e-08,-4.394369e-08,7.421082e-09,7.421082e-09,-6.355264e-10,-3.446174e-11,2.093763e-11,-4.426015e-12,2.648223e+01,2.593795e+01,2.591184e+01
1.744500e-10,0.000000e+00,0.000000e+00,0.000000e+00,-8.428346e-08,-8.231597e-07,-8.136697e-08,-4.182502e-08,7.649160e-09,7.649160e-09,-6.524519e-10,-3.805805e-11,2.120142e-11,-4.333062e-12,2.648190e+01,2.593799e+01,2.591184e+01
1.745000e-10,0.000000e+00,0.000000e+00,0.000000e+00,-3.093890e-08,-1.356492e-06,-1.387668e-07,-3.893389e-08,7.748127e-09,7.748127e-09,-6.598302e-10,-4.112881e-11,2.120035e-11,-4.189494e-12,2.648161e+01,2.593804e+01,2.591184e+01
1.745500e-10,0.000000e+00,0.000000e+00,0.000000e+00,2.319892e-08,-1.857039e-06,-1.933565e-07,-3.535825e-08,7.717718e-09,7.717718e-09,-6.571220e-10,-4.371547e-11,2.094026e-11,-3.996450e-12,2.648137e+01,2.593808e+01,2.591183e+01
1.746000e-10,0.000000e+00,0.000000e+00,0.000000e+00,7.700719e-08,-2.322735e-06,-2.439030e-07,-3.119846e-08,7.560013e-09,7.560013e-09,-6.439695e-10,-4.586431e-11,2.043037e-11,-3.755895e-12,2.648119e+01,2.593813e+01,2.591183e+01
1.746500e-10,0.000000e+00,0.000000e+00,0.000000e+00,1.293834e-07,-2.752120e-06,-2.892668e-07,-2.656482e-08,7.279373e-09,7.279373e-09,-6.202071e-10,-4.762475e-11,1.968326e-11,-3.470372e-12,2.648105e+01,2.593817e+01,2.591182e+01
1.747000e-10,0.000000e+00,0.000000e+00,0.000000e+00,1.792681e-07,-3.144276e-06,-3.284258e-07,-2.157503e-08,6.882326e-09,6.882326e-09,-5.858698e-10,-4.904674e-11,1.871407e-11,-3.143037e-12,2.648098e+01,2.593821e+01,2.591182e+01
1.747500e-10,0.000000e+00,0.000000e+00,0.000000e+00,2.256666e-07,-3.498768e-06,-3.604977e-07,-1.635143e-08,6.377423e-09,6.377423e-09,-5.411949e-10,-5.017985e-11,1.754124e-11,-2.777697e-12,2.648097e+01,2.593824e+01,2.591181e+01
1.748000e-10,0.000000e+00,0.000000e+00,0.000000e+00,2.676683e-07,-3.815568e-06,-3.847578e-07,-1.101828e-08,5.775043e-09,5.775043e-09,-4.866231e-10,-5.107045e-11,1.618479e-11,-2.378578e-12,2.648101e+01,2.593827e+01,2.591181e+01
1.748500e-10,0.000000e+00,0.000000e+00,0.000000e+00,3.044643e-07,-4.094986e-06,-4.006543e-07,-5.698998e-09,5.087176e-09,5.087176e-09,-4.227914e-10,-5.176103e-11,1.466675e-11,-1.950468e-12,2.648112e+01,2.593830e+01,2.591180e+01
1.749000e-10,0.000000e+00,0.000000e+00,0.000000e+00,3.353617e-07,-4.337595e-06,-4.078190e-07,-5.134744e-10,4.327177e-09,4.327177e-09,-3.505257e-10,-5.228848e-11,1.301106e-11,-1.498542e-12,2.648128e+01,2.593832e+01,2.591179e+01
1.749500e-10,0.000000e+00,0.000000e+00,0.000000e+00,3.597958e-07,-4.544161e-06,-4.060749e-07,4.424491e-09,3.509489e-09,3.509489e-09,-2.708268e-10,-5.268278e-11,1.124234e-11,-1.028305e-12,2.648149e+01,2.593833e+01,2.591179e+01
1.750000e-10,0.000000e+00,0.000000e+00,0.000000e+00,3.773389e-07,-4.715576e-06,-3.954384e-07,9.009573e-09,2.649356e-09,2.649356e-09,-1.848541e-10,-5.296616e-11,9.385931e-12,-5.454934e-13,2.648176e+01,2.593834e+01,2.591178e+01
1.750500e-10,0.000000e+00,0.000000e+00,0.000000e+00,3.877061e-07,-4.852801e-06,-3.761181e-07,1.314708e-08,1.762523e-09,1.762523e-09,-9.390626e-11,-5.315307e-11,7.467716e-12,-5.621022e-14,2.648207e+01,2.593834e+01,2.591178e+01
1.751000e-10,0.000000e+00,0.000000e+00,0.000000e+00,3.907575e-07,-4.956808e-06,-3.485093e-07,1.675483e-08,8.649314e-10,8.649314e-10,6.028612e-13,-5.324863e-11,5.513565e-12,4.335816e-13,2.648241e+01,2.593833e+01,2.591177e+01
1.751500e-10,0.000000e+00,0.000000e+00,0.000000e+00,3.864980e-07,-5.028537e-06,-3.131844e-07,1.976478e-08,-2.758659e-11,-2.758659e-11,9.716872e-11,-5.324995e-11,3.548417e-12,9.177787e-13,2.648279e+01,2.593831e+01,2.591177e+01
1.752000e-10,0.000000e+00,0.000000e+00,0.000000e+00,3.750738e-07,-5.068850e-06,-2.708800e-07,2.212421e-08,-8.996055e-10,-8.996055e-10,1.942233e-10,-5.314537e-11,1.597037e-12,1.390225e-12,2.648318e+01,2.593829e+01,2.591176e+01
1.752500e-10,0.000000e+00,0.000000e+00,0.000000e+00,3.567665e-07,-5.078505e-06,-2.224797e-07,2.379668e-08,-1.736391e-09,-1.736391e-09,2.901646e-10,-5.291560e-11,-3.174781e-13,1.845203e-12,2.648360e+01,2.593827e+01,2.591176e+01
1.753000e-10,0.000000e+00,0.000000e+00,0.000000e+00,3.319847e-07,-5.058122e-06,-1.689951e-07,2.476250e-08,-2.524165e-09,-2.524165e-09,3.833856e-10,-5.253409e-11,-2.173047e-12,2.276979e-12,2.648401e+01,2.593824e+01,2.591175e+01
1.753500e-10,0.000000e+00,0.000000e+00,0.000000e+00,3.012542e-07,-5.008164e-06,-1.115434e-07,2.501892e-08,-3.250351e-09,-3.250351e-09,4.723046e-10,-5.196823e-11,-3.949798e-12,2.680166e-12,2.648443e+01,2.593820e+01,2.591175e+01
1.754000e-10,0.000000e+00,0.000000e+00,0.000000e+00,2.652060e-07,-4.928929e-06,-5.132335e-08,2.457986e-08,-3.903788e-09,-3.903788e-09,5.553949e-10,-5.118087e-11,-5.628879e-12,3.049873e-12,2.648483e+01,2.593816e+01,2.591175e+01
1.754500e-10,0.000000e+00,0.000000e+00,0.000000e+00,2.245634e-07,-4.820541e-06,1.041056e-08,2.347531e-08,-4.474914e-09,-4.474914e-09,6.312127e-10,-5.013110e-11,-7.194329e-12,3.381575e-12,2.648522e+01,2.593812e+01,2.591175e+01
1.755000e-10,0.000000e+00,0.000000e+00,0.000000e+00,1.801287e-07,-4.682958e-06,7.237434e-08,2.175043e-08,-4.955914e-09,-4.955914e-09,6.984255e-10,-4.877637e-11,-8.632136e-12,3.671343e-12,2.648558e+01,2.593808e+01,2.591175e+01
1.755500e-10,0.000000e+00,0.000000e+00,0.000000e+00,1.327681e-07,-4.515985e-06,1.332816e-07,1.946421e-08,-5.340832e-09,-5.340832e-09,7.558366e-10,-4.707403e-11,-9.930250e-12,3.915634e-12,2.648590e+01,2.593803e+01,2.591175e+01
1.756000e-10,0.000000e+00,0.000000e+00,0.000000e+00,8.339788e-08,-4.319306e-06,1.918702e-07,1.668799e-08,-5.625646e-09,-5.625646e-09,8.024082e-10,-4.498278e-11,-1.107952e-11,4.111817e-12,2.648619e+01,2.593799e+01,2.591175e+01
1.756500e-10,0.000000e+00,0.000000e+00,0.000000e+00,3.296834e-08,-4.092516e-06,2.469281e-07,1.350357e-08,-5.808298e-09,-5.808298e-09,8.372806e-10,-4.246455e-11,-1.207262e-11,4.257595e-12,2.648643e+01,2.593795e+01,2.591175e+01
1.757000e-10,0.000000e+00,0.000000e+00,0.000000e+00,-1.755113e-08,-3.835182e-06,2.973182e-07,1.000124e-08,-5.888690e-09,-5.888690e-09,8.597897e-10,-3.948632e-11,-1.290497e-11,4.351583e-12,2.648662e+01,2.593791e+01,2.591176e+01
1.757500e-10,0.000000e+00,0.000000e+00,0.000000e+00,-6.718798e-08,-3.546900e-06,3.420010e-07,6.277591e-09,-5.868634e-09,-5.868634e-09,8.694788e-10,-3.602140e-11,-1.357423e-11,4.392850e-12,2.648675e+01,2.593787e+01,2.591176e+01
1.758000e-10,0.000000e+00,0.000000e+00,0.000000e+00,-1.149825e-07,-3.227372e-06,3.800556e-07,2.433176e-09,-5.751778e-09,-5.751778e-09,8.661084e-10,-3.205136e-11,-1.407960e-11,4.381486e-12,2.648683e+01,2.593784e+01,2.591176e+01
1.758500e-10,0.000000e+00,0.000000e+00,0.000000e+00,-1.600045e-07,-2.876493e-06,4.106980e-07,-1.429811e-09,-5.543482e-09,-5.543482e-09,8.496602e-10,-2.756679e-11,-1.442319e-11,4.317927e-12,2.648686e+01,2.593781e+01,2.591177e+01
1.759000e-10,0.000000e+00,0.000000e+00,0.000000e+00,-2.013695e-07,-2.494437e-06,4.332959e-07,-5.209928e-09,-5.250670e-09,-5.250670e-09,8.203389e-10,-2.256859e-11,-1.460838e-11,4.203542e-12,2.648682e+01,2.593779e+01,2.591177e+01
1.759500e-10,0.000000e+00,0.000000e+00,0.000000e+00,-2.382562e-07,-2.081754e-06,4.473815e-07,-8.808807e-09,-4.881656e-09,-4.881656e-09,7.785679e-10,-1.706939e-11,-1.464061e-11,4.040173e-12,2.648673e+01,2.593778e+01,2.591177e+01
1.760000e-10,0.000000e+00,0.000000e+00,0.000000e+00,-2.699233e-07,-1.639458e-06,4.526600e-07,-1.213340e-08,-4.445943e-09,-4.445943e-09,7.249821e-10,-1.109335e-11,-1.452637e-11,3.830433e-12,2.648658e+01,2.593777e+01,2.591178e+01
1.760500e-10,0.000000e+00,0.000000e+00,0.000000e+00,-2.957256e-07,-1.169112e-06,4.490152e-07,-1.509805e-08,-3.953998e-09,-3.953998e-09,6.604168e-10,-4.676883e-12,-1.427398e-11,3.577443e-12,2.648638e+01,2.593776e+01,2.591178e+01
1.761000e-10,0.000000e+00,0.000000e+00,0.000000e+00,-3.151305e-07,-6.729042e-07,4.365112e-07,-1.762645e-08,-3.417024e-09,-3.417024e-09,5.858924e-10,2.131007e-12,-1.389250e-11,3.284781e-12,2.648613e+01,2.593777e+01,2.591178e+01
1.761500e-10,0.000000e+00,0.000000e+00,0.000000e+00,-3.277323e-07,-1.536998e-07,4.153907e-07,-1.965327e-08,-2.846710e-09,-2.846710e-09,5.025960e-10,9.269617e-12,-1.339182e-11,2.956517e-12,2.648584e+01,2.593778e+01,2.591179e+01
1.762000e-10,0.000000e+00,0.000000e+00,0.000000e+00,-3.332649e-07,3.849187e-07,3.860699e-07,-2.112562e-08,-2.254986e-09,-2.254986e-09,4.118599e-10,1.666643e-11,-1.278282e-11,2.597280e-12,2.648552e+01,2.593780e+01,2.591179e+01
1.762500e-10,0.000000e+00,0.000000e+00,0.000000e+00,-3.316124e-07,9.386411e-07,3.491296e-07,-2.200418e-08,-1.653775e-09,-1.653775e-09,3.151378e-10,2.423848e-11,-1.207652e-11,2.211806e-12,2.648516e+01,2.593782e+01,2.591179e+01
1.763000e-10,0.000000e+00,0.000000e+00,0.000000e+00,-3.228157e-07,1.502444e-06,3.053039e-07,-2.226401e-08,-1.054751e-09,-1.054751e-09,2.139787e-10,3.189294e-11,-1.128417e-11,1.805269e-12,2.648478e+01,2.593785e+01,2.591180e+01
1.763500e-10,0.000000e+00,0.000000e+00,0.000000e+00,-3.070760e-07,2.070632e-06,2.554643e-07,-2.189505e-08,-4.691115e-10,-4.691115e-10,1.099988e-10,3.952952e-11,-1.041739e-11,1.382894e-12,2.648438e+01,2.593789e+01,2.591180e+01
1.764000e-10,0.000000e+00,0.000000e+00,0.000000e+00,-2.847543e-07,2.636908e-06,2.006032e-07,-2.090231e-08,9.264082e-11,9.264082e-11,4.853073e-12,4.704036e-11,-9.487496e-12,9.502070e-13,2.648398e+01,2.593792e+01,2.591180e+01
1.764500e-10,0.000000e+00,0.000000e+00,0.000000e+00,-2.563649e-07,3.194472e-06,1.418128e-07,-1.930564e-08,6.208892e-10,6.208892e-10,-9.979395e-11,5.431391e-11,-8.505544e-12,5.124513e-13,2.648358e+01,2.593797e+01,2.591180e+01
1.765000e-10,0.000000e+00,0.000000e+00,0.000000e+00,-2.225659e-07,3.736134e-06,8.026355e-08,-1.713927e-08,1.107077e-09,1.107077e-09,-2.022978e-10,6.123497e-11,-7.482273e-12,7.522172e-14,2.648318e+01,2.593801e+01,2.591180e+01
1.765500e-10,0.000000e+00,0.000000e+00,0.000000e+00,-1.841436e-07,4.254453e-06,1.717996e-08,-1.445100e-08,1.543848e-09,1.543848e-09,-3.010621e-10,6.768854e-11,-6.427906e-12,-3.561851e-13,2.648281e+01,2.593806e+01,2.591180e+01
1.766000e-10,0.000000e+00,0.000000e+00,0.000000e+00,-1.419931e-07,4.741886e-06,-4.618410e-08,-1.130103e-08,1.925169e-09,1.925169e-09,-3.945670e-10,7.356080e-11,-5.352212e-12,-7.768410e-13,2.648245e+01,2.593811e+01,2.591180e+01
1.766500e-10,0.000000e+00,0.000000e+00,0.000000e+00,-9.709526e-08,5.190946e-06,-1.085713e-07,-7.760593e-09,2.246407e-09,2.246407e-09,-4.813938e-10,7.874173e-11,-4.264260e-12,-1.181642e-12,2.648213e+01,2.593816e+01,2.591180e+01
1.767000e-10,0.000000e+00,0.000000e+00,0.000000e+00,-5.049018e-08,5.594353e-06,-1.687464e-07,-3.910364e-09,2.504388e-09,2.504388e-09,-5.602495e-10,8.312793e-11,-3.172378e-12,-1.566169e-12,2.648184e+01,2.593820e+01,2.591180e+01
1.767500e-10,0.000000e+00,0.000000e+00,0.000000e+00,-3.249027e-09,5.945194e-06,-2.255220e-07,1.614176e-10,2.697413e-09,2.697413e-09,-6.299878e-10,8.662347e-11,-2.084619e-12,-1.926178e-12,2.648160e+01,2.593825e+01,2.591179e+01
1.768000e-10,0.000000e+00,0.000000e+00,0.000000e+00,4.355516e-08,6.237062e-06,-2.777830e-07,4.360910e-09,2.825248e-09,2.825248e-09,-6.896274e-10,8.914362e-11,-1.007680e-12,-2.257809e-12,2.648141e+01,2.593829e+01,2.591179e+01
1.768500e-10,0.000000e+00,0.000000e+00,0.000000e+00,8.887646e-08,6.464187e-06,-3.245095e-07,8.590782e-09,2.889079e-09,2.889079e-09,-7.383668e-10,9.061583e-11,5.159765e-14,-2.557767e-12,2.648126e+01,2.593833e+01,2.591179e+01
1.769000e-10,0.000000e+00,0.000000e+00,0.000000e+00,1.317236e-07,6.621550e-06,-3.647980e-07,1.275239e-08,2.891441e-09,2.891441e-09,-7.755962e-10,9.098117e-11,1.087462e-12,-2.823103e-12,2.648117e+01,2.593836e+01,2.591179e+01
1.769500e-10,0.000000e+00,0.000000e+00,0.000000e+00,1.711851e-07,6.704985e-06,-3.978800e-07,1.674797e-08,2.836117e-09,2.836117e-09,-8.009050e-10,9.019692e-11,2.094686e-12,-3.051505e-12,2.648113e+01,2.593839e+01,2.591179e+01
1.770000e-10,0.000000e+00,0.000000e+00,0.000000e+00,2.064512e-07,6.711256e-06,-4.231376e-07,2.048283e-08,2.728011e-09,2.728011e-09,-8.140866e-10,8.823713e-11,3.068183e-12,-3.241076e-12,2.648115e+01,2.593841e+01,2.591178e+01
1.770500e-10,0.000000e+00,0.000000e+00,0.000000e+00,2.368317e-07,6.638127e-06,-4.401161e-07,2.386743e-08,2.573001e-09,2.573001e-09,-8.151378e-10,8.509348e-11,4.003869e-12,-3.390537e-12,2.648122e+01,2.593843e+01,2.591178e+01
1.771000e-10,0.000000e+00,0.000000e+00,0.000000e+00,2.617695e-07,6.484410e-06,-4.485327e-07,2.681938e-08,2.377776e-09,2.377776e-09,-8.042569e-10,8.077649e-11,4.897339e-12,-3.499082e-12,2.648134e+01,2.593843e+01,2.591178e+01
1.771500e-10,0.000000e+00,0.000000e+00,0.000000e+00,2.808497e-07,6.250004e-06,-4.482818e-07,2.926526e-08,2.149657e-09,2.149657e-09,-7.818351e-10,7.531548e-11,5.744982e-12,-3.566411e-12,2.648151e+01,2.593844e+01,2.591178e+01
1.772000e-10,0.000000e+00,0.000000e+00,0.000000e+00,2.938041e-07,5.935922e-06,-4.394360e-07,3.114226e-08,1.896405e-09,1.896405e-09,-7.484480e-10,6.875858e-11,6.543343e-12,-3.592736e-12,2.648172e+01,2.593843e+01,2.591177e+01
1.772500e-10,0.000000e+00,0.000000e+00,0.000000e+00,3.005116e-07,5.544301e-06,-4.222432e-07,3.239958e-08,1.626030e-09,1.626030e-09,-7.048401e-10,6.117261e-11,7.288720e-12,-3.578846e-12,2.648197e+01,2.593842e+01,2.591177e+01
1.773000e-10,0.000000e+00,0.000000e+00,0.000000e+00,3.009948e-07,5.078405e-06,-3.971207e-07,3.299954e-08,1.346598e-09,1.346598e-09,-6.519103e-10,5.264170e-11,7.977922e-12,-3.525968e-12,2.648226e+01,2.593840e+01,2.591177e+01
1.773500e-10,0.000000e+00,0.000000e+00,0.000000e+00,2.954131e-07,4.542614e-06,-3.646443e-07,3.291844e-08,1.066034e-09,1.066034e-09,-5.906914e-10,4.326742e-11,8.607757e-12,-3.435611e-12,2.648257e+01,2.593837e+01,2.591177e+01
1.774000e-10,0.000000e+00,0.000000e+00,0.000000e+00,2.840538e-07,3.942399e-06,-3.255351e-07,3.214713e-08,7.919428e-10,7.919428e-10,-5.223305e-10,3.316610e-11,9.174770e-12,-3.309879e-12,2.648290e+01,2.593834e+01,2.591177e+01
1.774500e-10,0.000000e+00,0.000000e+00,0.000000e+00,2.673201e-07,3.284278e-06,-2.806424e-07,3.069122e-08,5.314333e-10,5.314333e-10,-4.480653e-10,2.246790e-11,9.675962e-12,-3.151069e-12,2.648324e+01,2.593830e+01,2.591177e+01
1.775000e-10,0.000000e+00,0.000000e+00,0.000000e+00,2.457181e-07,2.575756e-06,-2.309251e-07,2.857102e-08,2.909631e-10,2.909631e-10,-3.692008e-10,1.131521e-11,1.010774e-11,-2.962042e-12,2.648359e+01,2.593826e+01,2.591177e+01
1.775500e-10,0.000000e+00,0.000000e+00,0.000000e+00,2.198425e-07,1.825247e-06,-1.774294e-07,2.582111e-08,7.619934e-11,7.619934e-11,-2.870846e-10,-1.410780e-13,1.046710e-11,-2.745532e-12,2.648393e+01,2.593822e+01,2.591177e+01
1.776000e-10,0.000000e+00,0.000000e+00,0.000000e+00,1.903613e-07,1.041974e-06,-1.212664e-07,2.248969e-08,-1.080995e-10,-1.080995e-10,-2.030823e-10,-1.174171e-11,1.075062e-11,-2.504819e-12,2.648427e+01,2.593817e+01,2.591177e+01
1.776500e-10,0.000000e+00,0.000000e+00,0.000000e+00,1.579997e-07,2.358457e-07,-6.358718e-08,1.863755e-08,-2.581769e-10,-2.581769e-10,-1.185526e-10,-2.332375e-11,1.095538e-11,-2.243217e-12,2.648459e+01,2.593812e+01,2.591178e+01
1.777000e-10,0.000000e+00,0.000000e+00,0.000000e+00,1.235241e-07,-5.826789e-07,-5.558671e-09,1.433682e-08,-3.713473e-10,-3.713473e-10,-3.482336e-11,-3.472171e-11,1.107806e-11,-1.964148e-12,2.648489e+01,2.593807e+01,2.591178e+01
1.777500e-10,0.000000e+00,0.000000e+00,0.000000e+00,8.772574e-08,-1.402752e-06,5.166152e-08,9.669494e-09,-4.460382e-10,-4.460382e-10,4.683030e-11,-4.577087e-11,1.111601e-11,-1.671066e-12,2.648516e+01,2.593802e+01,2.591178e+01
1.778000e-10,0.000000e+00,0.000000e+00,0.000000e+00,5.140372e-08,-2.213306e-06,1.069491e-07,4.725724e-09,-4.818051e-10,-4.818051e-10,1.252082e-10,-5.631001e-11,1.106656e-11,-1.367653e-12,2.648540e+01,2.593797e+01,2.591178e+01
1.778500e-10,0.000000e+00,0.000000e+00,0.000000e+00,1.534896e-08,-3.003235e-06,1.592364e-07,-3.980642e-10,-4.793196e-10,-4.793196e-10,1.992032e-10,-6.618463e-11,1.092772e-11,-1.057243e-12,2.648560e+01,2.593792e+01,2.591179e+01
1.779000e-10,0.000000e+00,0.000000e+00,0.000000e+00,-1.967206e-08,-3.761581e-06,2.075337e-07,-5.601163e-09,-4.403316e-10,-4.403316e-10,2.678194e-10,-7.524747e-11,1.069758e-11,-7.433779e-13,2.648576e+01,2.593788e+01,2.591179e+01
1.779500e-10,0.000000e+00,0.000000e+00,0.000000e+00,-5.293277e-08,-4.477719e-06,2.509485e-07,-1.078067e-08,-3.676048e-10,-3.676048e-10,3.301853e-10,-8.336396e-11,1.037499e-11,-4.294776e-13,2.648588e+01,2.593784e+01,2.591179e+01
1.780000e-10,0.000000e+00,0.000000e+00,0.000000e+00,-8.376120e-08,-5.141541e-06,2.887035e-07,-1.583363e-08,-2.648312e-10,-2.648312e-10,3.855662e-10,-9.041209e-11,9.959468e-12,-1.186290e-13,2.648595e+01,2.593780e+01,2.591180e+01
1.780500e-10,0.000000e+00,0.000000e+00,0.000000e+00,-1.115534e-07,-5.743621e-06,3.201498e-07,-2.065913e-08,-1.365227e-10,-1.365227e-10,4.333727e-10,-9.628565e-11,9.451191e-12,1.860813e-13,2.648598e+01,2.593777e+01,2.591180e+01
1.781000e-10,0.000000e+00,0.000000e+00,0.000000e+00,-1.357853e-07,-6.275380e-06,3.447794e-07,-2.516044e-08,1.211542e-11,1.211542e-11,4.731664e-10,-1.008955e-10,8.851347e-12,4.817417e-13,2.648596e+01,2.593775e+01,2.591180e+01
1.781500e-10,0.000000e+00,0.000000e+00,0.000000e+00,-1.560230e-07,-6.729220e-06,3.622324e-07,-2.924695e-08,1.753254e-10,1.753254e-10,5.046624e-10,-1.041717e-10,8.161969e-12,7.657217e-13,2.648591e+01,2.593773e+01,2.591180e+01
1.782000e-10,0.000000e+00,0.000000e+00,0.000000e+00,-1.719300e-07,-7.098646e-06,3.723027e-07,-3.283603e-08,3.469506e-10,3.469506e-10,5.277290e-10,-1.060637e-10,7.385970e-12,1.035618e-12,2.648581e+01,2.593772e+01,2.591181e+01
1.782500e-10,0.000000e+00,0.000000e+00,0.000000e+00,-1.832734e-07,-7.378368e-06,3.749390e-07,-3.585477e-08,5.205972e-10,5.205972e-10,5.423849e-10,-1.065425e-10,6.527506e-12,1.289292e-12,2.648568e+01,2.593771e+01,2.591181e+01
1.783000e-10,0.000000e+00,0.000000e+00,0.000000e+00,-1.899259e-07,-7.564373e-06,3.702433e-07,-3.824139e-08,6.897997e-10,6.897997e-10,5.487920e-10,-1.055996e-10,5.591733e-12,1.524814e-12,2.648551e+01,2.593771e+01,2.591181e+01
1.783500e-10,0.000000e+00,0.000000e+00,0.000000e+00,-1.918666e-07,-7.653984e-06,3.584660e-07,-3.994655e-08,8.481879e-10,8.481879e-10,5.472479e-10,-1.032486e-10,4.585088e-12,1.740500e-12,2.648531e+01,2.593772e+01,2.591181e+01
1.784000e-10,0.000000e+00,0.000000e+00,0.000000e+00,-1.891781e-07,-7.645887e-06,3.399975e-07,-4.093431e-08,9.896503e-10,9.896503e-10,5.381742e-10,-9.952422e-11,3.514936e-12,1.934947e-12,2.648509e+01,2.593773e+01,2.591181e+01
1.784500e-10,0.000000e+00,0.000000e+00,0.000000e+00,-1.820416e-07,-7.540148e-06,3.153574e-07,-4.118281e-08,1.108490e-09,1.108490e-09,5.221027e-10,-9.448129e-11,2.389943e-12,2.107033e-12,2.648485e+01,2.593775e+01,2.591181e+01
1.785000e-10,0.000000e+00,0.000000e+00,0.000000e+00,-1.707298e-07,-7.338199e-06,2.851815e-07,-4.068476e-08,1.199570e-09,1.199570e-09,4.996626e-10,-8.819485e-11,1.219648e-12,2.255845e-12,2.648460e+01,2.593778e+01,2.591181e+01
1.785500e-10,0.000000e+00,0.000000e+00,0.000000e+00,-1.555978e-07,-7.042813e-06,2.502055e-07,-3.944747e-08,1.258448e-09,1.258448e-09,4.715623e-10,-8.075811e-11,1.489001e-14,2.380770e-12,2.648434e+01,2.593781e+01,2.591181e+01
1.786000e-10,0.000000e+00,0.000000e+00,0.000000e+00,-1.370720e-07,-6.658056e-06,2.112483e-07,-3.749273e-08,1.281488e-09,1.281488e-09,4.385729e-10,-7.228115e-11,-1.212913e-12,2.481300e-12,2.648407e+01,2.593785e+01,2.591181e+01
1.786500e-10,0.000000e+00,0.000000e+00,0.000000e+00,-1.156386e-07,-6.189221e-06,1.691924e-07,-3.485631e-08,1.265957e-09,1.265957e-09,4.015107e-10,-6.288901e-11,-2.451309e-12,2.557398e-12,2.648382e+01,2.593788e+01,2.591181e+01
1.787000e-10,0.000000e+00,0.000000e+00,0.000000e+00,-9.183089e-08,-5.642755e-06,1.249648e-07,-3.158717e-08,1.210103e-09,1.210103e-09,3.612190e-10,-5.271971e-11,-3.687145e-12,2.608961e-12,2.648357e+01,2.593793e+01,2.591180e+01
1.787500e-10,0.000000e+00,0.000000e+00,0.000000e+00,-6.621617e-08,-5.026161e-06,7.951593e-08,-2.774649e-08,1.113203e-09,1.113203e-09,3.185494e-10,-4.192172e-11,-4.906757e-12,2.636250e-12,2.648333e+01,2.593797e+01,2.591180e+01
1.788000e-10,0.000000e+00,0.000000e+00,0.000000e+00,-3.938308e-08,-4.347892e-06,3.379997e-08,-2.340635e-08,9.755895e-10,9.755895e-10,2.743457e-10,-3.065172e-11,-6.096134e-12,2.639600e-12,2.648312e+01,2.593802e+01,2.591180e+01
1.788500e-10,0.000000e+00,0.000000e+00,0.000000e+00,-1.192907e-08,-3.617235e-06,-1.124568e-08,-1.864828e-08,7.986582e-10,7.986582e-10,2.294262e-10,-1.907214e-11,-7.241384e-12,2.619536e-12,2.648292e+01,2.593806e+01,2.591179e+01
1.789000e-10,0.000000e+00,0.000000e+00,0.000000e+00,1.555130e-08,-2.844180e-06,-5.471945e-08,-1.356158e-08,5.848416e-10,5.848416e-10,1.845691e-10,-7.348333e-12,-8.328004e-12,2.576936e-12,2.648276e+01,2.593811e+01,2.591179e+01
1.789500e-10,0.000000e+00,0.000000e+00,0.000000e+00,4.247729e-08,-2.039277e-06,-9.577368e-08,-8.241508e-09,3.375644e-10,3.375644e-10,1.404990e-10,4.354091e-12,-9.342121e-12,2.512465e-12,2.648262e+01,2.593815e+01,2.591178e+01
1.790000e-10,0.000000e+00,0.000000e+00,0.000000e+00,6.829177e-08,-1.213490e-06,-1.336311e-07,-2.787372e-09,6.117508e-11,6.117508e-11,9.787293e-11,1.587198e-11,-1.027060e-11,2.427124e-12,2.648252e+01,2.593819e+01,2.591178e+01
1.790500e-10,0.000000e+00,0.000000e+00,0.000000e+00,9.247016e-08,-3.780393e-07,-1.675996e-07,2.699464e-09,-2.391460e-10,-2.391460e-10,5.727290e-11,2.704648e-11,-1.110007e-11,2.322034e-12,2.648244e+01,2.593823e+01,2.591178e+01
1.791000e-10,0.000000e+00,0.000000e+00,0.000000e+00,1.145282e-07,4.557621e-07,-1.970845e-07,8.117593e-09,-5.574957e-10,-5.574957e-10,1.919578e-11,3.772672e-11,-1.181904e-11,2.198337e-12,2.648241e+01,2.593827e+01,2.591177e+01
1.791500e-10,0.000000e+00,0.000000e+00,0.000000e+00,1.340288e-07,1.276677e-06,-2.215990e-07,1.336756e-08,-8.873752e-10,-8.873752e-10,-1.595206e-11,4.777055e-11,-1.241613e-11,2.057294e-12,2.648240e+01,2.593830e+01,2.591177e+01
1.792000e-10,0.000000e+00,0.000000e+00,0.000000e+00,1.505885e-07,2.073714e-06,-2.407717e-07,1.835379e-08,-1.221832e-09,-1.221832e-09,-4.785771e-11,5.704825e-11,-1.288210e-11,1.900204e-12,2.648243e+01,2.593832e+01,2.591176e+01
1.792500e-10,0.000000e+00,0.000000e+00,0.000000e+00,1.638822e-07,2.836297e-06,-2.543520e-07,2.298647e-08,-1.553611e-09,-1.553611e-09,-7.630328e-11,6.544308e-11,-1.320838e-11,1.728469e-12,2.648249e+01,2.593834e+01,2.591176e+01
1.793000e-10,0.000000e+00,0.000000e+00,0.000000e+00,1.736490e-07,3.554430e-06,-2.622124e-07,2.718321e-08,-1.875315e-09,-1.875315e-09,-1.011658e-10,7.285362e-11,-1.338857e-11,1.543597e-12,2.648258e+01,2.593836e+01,2.591176e+01
1.793500e-10,0.000000e+00,0.000000e+00,0.000000e+00,1.796957e-07,4.218857e-06,-2.643484e-07,3.087063e-08,-2.179568e-09,-2.179568e-09,-1.224127e-10,7.919464e-11,-1.341781e-11,1.347116e-12,2.648270e+01,2.593837e+01,2.591176e+01
1.794000e-10,0.000000e+00,0.000000e+00,0.000000e+00,1.819011e-07,4.821208e-06,-2.608763e-07,3.398570e-08,-2.459183e-09,-2.459183e-09,-1.400983e-10,8.439862e-11,-1.329290e-11,1.140515e-12,2.648284e+01,2.593837e+01,2.591175e+01
1.794500e-10,0.000000e+00,0.000000e+00,0.000000e+00,1.802191e-07,5.354129e-06,-2.520276e-07,3.647687e-08,-2.707318e-09,-2.707318e-09,-1.543552e-10,8.841576e-11,-1.301304e-11,9.254429e-13,2.648300e+01,2.593837e+01,2.591175e+01
1.795000e-10,0.000000e+00,0.000000e+00,0.000000e+00,1.746814e-07,5.811393e-06,-2.381424e-07,3.830495e-08,-2.917637e-09,-2.917637e-09,-1.653873e-10,9.121524e-11,-1.257906e-11,7.036537e-13,2.648317e+01,2.593836e+01,2.591175e+01
1.795500e-10,0.000000e+00,0.000000e+00,0.000000e+00,1.653987e-07,6.187989e-06,-2.196595e-07,3.944376e-08,-3.084449e-09,-3.084449e-09,-1.734589e-10,9.278436e-11,-1.199405e-11,4.767258e-13,2.648336e+01,2.593835e+01,2.591175e+01
1.796000e-10,0.000000e+00,0.000000e+00,0.000000e+00,1.525611e-07,6.480185e-06,-1.971057e-07,3.988047e-08,-3.202845e-09,-3.202845e-09,-1.788842e-10,9.312912e-11,-1.126312e-11,2.464831e-13,2.648356e+01,2.593833e+01,2.591175e+01
1.796500e-10,0.000000e+00,0.000000e+00,0.000000e+00,1.364370e-07,6.685561e-06,-1.710829e-07,3.961571e-08,-3.268812e-09,-3.268812e-09,-1.820154e-10,9.227306e-11,-1.039338e-11,1.460940e-14,2.648375e+01,2.593831e+01,2.591175e+01
1.797000e-10,0.000000e+00,0.000000e+00,0.000000e+00,1.173698e-07,6.803017e-06,-1.422537e-07,3.866340e-08,-3.279330e-09,-3.279330e-09,-1.832303e-10,9.025709e-11,-9.393911e-12,-2.170539e-13,2.648395e+01,2.593828e+01,2.591175e+01
1.797500e-10,0.000000e+00,0.000000e+00,0.000000e+00,9.577257e-08,6.832755e-06,-1.113272e-07,3.705029e-08,-3.232453e-09,-3.232453e-09,-1.829203e-10,8.713743e-11,-8.275512e-12,-4.467704e-13,2.648414e+01,2.593825e+01,2.591175e+01
1.798000e-10,0.000000e+00,0.000000e+00,0.000000e+00,7.212119e-08,6.776231e-06,-7.904253e-08,3.481527e-08,-3.127356e-09,-3.127356e-09,-1.814771e-10,8.298533e-11,-7.051164e-12,-6.725759e-13,2.648431e+01,2.593822e+01,2.591176e+01
1.798500e-10,0.000000e+00,0.000000e+00,0.000000e+00,4.694454e-08,6.636094e-06,-4.615282e-08,3.200847e-08,-2.964373e-09,-2.964373e-09,-1.792822e-10,7.788498e-11,-5.735003e-12,-8.928042e-13,2.648447e+01,2.593819e+01,2.591176e+01
1.799000e-10,0.000000e+00,0.000000e+00,0.000000e+00,2.081305e-08,6.416091e-06,-1.340923e-08,2.869008e-08,-2.745004e-09,-2.745004e-09,-1.766943e-10,7.193154e-11,-4.342551e-12,-1.105561e-12,2.648462e+01,2.593815e+01,2.591176e+01
1.799500e-10,0.000000e+00,0.000000e+00,0.000000e+00,-5.674565e-09,6.120976e-06,1.845524e-08,2.492908e-08,-2.471894e-09,-2.471894e-09,-1.740398e-10,6.523016e-11,-2.890924e-12,-1.309093e-12,2.648474e+01,2.593812e+01,2.591177e+01
1.800000e-10,0.000000e+00,0.000000e+00,0.000000e+00,-3.190597e-08,5.756392e-06,4.874106e-08,2.080171e-08,-2.148796e-09,-2.148796e-09,-1.716040e-10,5.789296e-11,-1.397696e-12,-1.501558e-12,2.648483e+01,2.593808e+01,2.591177e+01
1.800500e-10,0.000000e+00,0.000000e+00,0.000000e+00,-5.727074e-08,5.328755e-06,7.679681e-08,1.638990e-08,-1.780502e-09,-1.780502e-09,-1.696223e-10,5.003795e-11,1.184185e-13,-1.681343e-12,2.648490e+01,2.593805e+01,2.591177e+01
1.801000e-10,0.000000e+00,0.000000e+00,0.000000e+00,-8.117618e-08,4.845131e-06,1.020325e-07,1.177958e-08,-1.372765e-09,-1.372765e-09,-1.682757e-10,4.178655e-11,1.638374e-12,-1.846642e-12,2.648495e+01,2.593802e+01,2.591178e+01
1.801500e-10,0.000000e+00,0.000000e+00,0.000000e+00,-1.030628e-07,4.313114e-06,1.239315e-07,7.058887e-09,-9.321837e-10,-9.321837e-10,-1.676844e-10,3.326105e-11,3.143230e-12,-1.995945e-12,2.648496e+01,2.593799e+01,2.591178e+01
1.802000e-10,0.000000e+00,0.000000e+00,0.000000e+00,-1.224188e-07,3.740698e-06,1.420610e-07,2.316453e-09,-4.660867e-10,-4.660867e-10,-1.679075e-10,2.458395e-11,4.613570e-12,-2.127745e-12,2.648494e+01,2.593796e+01,2.591179e+01
1.802500e-10,0.000000e+00,0.000000e+00,0.000000e+00,-1.387934e-07,3.136161e-06,1.560801e-07,-2.360376e-09,1.761142e-11,1.761142e-11,-1.689403e-10,1.587471e-11,6.030857e-12,-2.240552e-12,2.648490e+01,2.593794e+01,2.591179e+01
1.803000e-10,0.000000e+00,0.000000e+00,0.000000e+00,-1.518078e-07,2.507940e-06,1.657467e-07,-6.887225e-09,5.105598e-10,5.105598e-10,-1.707161e-10,7.248803e-12,7.376955e-12,-2.333189e-12,2.648482e+01,2.593791e+01,2.591180e+01
1.803500e-10,0.000000e+00,0.000000e+00,0.000000e+00,-1.611642e-07,1.864523e-06,1.709211e-07,-1.118430e-08,1.004132e-09,1.004132e-09,-1.731087e-10,-1.184501e-12,8.634591e-12,-2.404394e-12,2.648472e+01,2.593790e+01,2.591180e+01
1.804000e-10,0.000000e+00,0.000000e+00,0.000000e+00,-1.666524e-07,1.214327e-06,1.715680e-07,-1.517786e-08,1.489593e-09,1.489593e-09,-1.759372e-10,-9.323127e-12,9.787663e-12,-2.453291e-12,2.648460e+01,2.593789e+01,2.591180e+01
1.804500e-10,0.000000e+00,0.000000e+00,0.000000e+00,-1.681532e-07,5.655959e-07,1.677564e-07,-1.880159e-08,1.958267e-09,1.958267e-09,-1.789718e-10,-1.707384e-11,1.082163e-11,-2.478932e-12,2.648446e+01,2.593788e+01,2.591181e+01
1.805000e-10,0.000000e+00,0.000000e+00,0.000000e+00,-1.656407e-07,-7.370694e-08,1.596567e-07,-2.199774e-08,2.401710e-09,2.401710e-09,-1.819407e-10,-2.435295e-11,1.172307e-11,-2.480914e-12,2.648430e+01,2.593787e+01,2.591181e+01
1.805500e-10,0.000000e+00,0.000000e+00,0.000000e+00,-1.591804e-07,-6.959982e-07,1.475355e-07,-2.471811e-08,2.811869e-09,2.811869e-09,-1.845398e-10,-3.108771e-11,1.248095e-11,-2.458763e-12,2.648413e+01,2.593787e+01,2.591181e+01
1.806000e-10,0.000000e+00,0.000000e+00,0.000000e+00,-1.489261e-07,-1.294167e-06,1.317491e-07,-2.692484e-08,3.181242e-09,3.181242e-09,-1.864406e-10,-3.721651e-11,1.308569e-11,-2.412251e-12,2.648395e+01,2.593788e+01,2.591182e+01
1.806500e-10,0.000000e+00,0.000000e+00,0.000000e+00,-1.351152e-07,-1.861661e-06,1.127340e-07,-2.859088e-08,3.503020e-09,3.503020e-09,-1.873026e-10,-4.268942e-11,1.353004e-11,-2.341484e-12,2.648376e+01,2.593789e+01,2.591182e+01
1.807000e-10,0.000000e+00,0.000000e+00,0.000000e+00,-1.180612e-07,-2.392559e-06,9.099660e-08,-2.970040e-08,3.771223e-09,3.771223e-09,-1.867819e-10,-4.746828e-11,1.380877e-11,-2.246708e-12,2.648357e+01,2.593790e+01,2.591182e+01
1.807500e-10,0.000000e+00,0.000000e+00,0.000000e+00,-9.814561e-08,-2.881639e-06,6.710094e-08,-3.024877e-08,3.980816e-09,3.980816e-09,-1.845436e-10,-5.152704e-11,1.391898e-11,-2.128710e-12,2.648339e+01,2.593791e+01,2.591182e+01
1.808000e-10,0.000000e+00,0.000000e+00,0.000000e+00,-7.580859e-08,-3.324426e-06,4.165527e-08,-3.024248e-08,4.127801e-09,4.127801e-09,-1.802724e-10,-5.485100e-11,1.386018e-11,-1.988035e-12,2.648321e+01,2.593793e+01,2.591182e+01
1.808500e-10,0.000000e+00,0.000000e+00,0.000000e+00,-5.153855e-08,-3.717231e-06,1.529794e-08,-2.969873e-08,4.209301e-09,4.209301e-09,-1.736823e-10,-5.743678e-11,1.363363e-11,-1.825946e-12,2.648305e+01,2.593795e+01,2.591182e+01
1.809000e-10,0.000000e+00,0.000000e+00,0.000000e+00,-2.586121e-08,-4.057172e-06,-1.131735e-08,-2.864484e-08,4.223607e-09,4.223607e-09,-1.645281e-10,-5.929115e-11,1.324358e-11,-1.643811e-12,2.648290e+01,2.593797e+01,2.591182e+01
1.809500e-10,0.000000e+00,0.000000e+00,0.000000e+00,6.717314e-10,-4.342182e-06,-3.753655e-08,-2.711748e-08,4.170219e-09,4.170219e-09,-1.526131e-10,-6.043123e-11,1.269565e-11,-1.443086e-12,2.648277e+01,2.593799e+01,2.591181e+01
1.810000e-10,0.000000e+00,0.000000e+00,0.000000e+00,2.749418e-08,-4.571001e-06,-6.272006e-08,-2.516169e-08,4.049845e-09,4.049845e-09,-1.377977e-10,-6.088210e-11,1.199829e-11,-1.225698e-12,2.648266e+01,2.593802e+01,2.591181e+01
1.810500e-10,0.000000e+00,0.000000e+00,0.000000e+00,5.403729e-08,-4.743156e-06,-8.625716e-08,-2.282979e-08,3.864395e-09,3.864395e-09,-1.200059e-10,-6.067755e-11,1.116131e-11,-9.936493e-13,2.648258e+01,2.593804e+01,2.591181e+01
1.811000e-10,0.000000e+00,0.000000e+00,0.000000e+00,7.974085e-08,-4.858922e-06,-1.075796e-07,-2.018008e-08,3.616935e-09,3.616935e-09,-9.923106e-11,-5.985734e-11,1.019624e-11,-7.493410e-13,2.648253e+01,2.593806e+01,2.591181e+01
1.811500e-10,0.000000e+00,0.000000e+00,0.000000e+00,1.040645e-07,-4.919280e-06,-1.261741e-07,-1.727558e-08,3.311634e-09,3.311634e-09,-7.553899e-11,-5.846701e-11,9.116964e-12,-4.951235e-13,2.648250e+01,2.593809e+01,2.591180e+01
1.812000e-10,0.000000e+00,0.000000e+00,0.000000e+00,1.264983e-07,-4.925860e-06,-1.415937e-07,-1.418255e-08,2.953678e-09,2.953678e-09,-4.906996e-11,-5.655641e-11,7.937900e-12,-2.336451e-13,2.648250e+01,2.593811e+01,2.591180e+01
1.812500e-10,0.000000e+00,0.000000e+00,0.000000e+00,1.465727e-07,-4.880875e-06,-1.534674e-07,-1.096907e-08,2.549172e-09,2.549172e-09,-2.003967e-11,-5.417816e-11,6.674827e-12,3.235814e-14,2.648253e+01,2.593813e+01,2.591180e+01
1.813000e-10,0.000000e+00,0.000000e+00,0.000000e+00,1.638678e-07,-4.787053e-06,-1.615078e-07,-7.703555e-09,2.105019e-09,2.105019e-09,1.126365e-11,-5.138754e-11,5.345004e-12,2.999223e-13,2.648259e+01,2.593814e+01,2.591179e+01
1.813500e-10,0.000000e+00,0.000000e+00,0.000000e+00,1.780211e-07,-4.647560e-06,-1.655175e-07,-4.453350e-09,1.628797e-09,1.628797e-09,4.448115e-11,-4.823989e-11,3.965442e-12,5.661886e-13,2.648267e+01,2.593815e+01,2.591179e+01
1.814000e-10,0.000000e+00,0.000000e+00,0.000000e+00,1.887351e-07,-4.465924e-06,-1.653927e-07,-1.283326e-09,1.128604e-09,1.128604e-09,7.918980e-11,-4.479097e-11,2.554417e-12,8.281580e-13,2.648279e+01,2.593816e+01,2.591178e+01
1.814500e-10,0.000000e+00,0.000000e+00,0.000000e+00,1.957823e-07,-4.245956e-06,-1.611253e-07,1.745415e-09,6.129135e-10,6.129135e-10,1.149082e-10,-4.109456e-11,1.129694e-12,1.082849e-12,2.648292e+01,2.593817e+01,2.591178e+01
1.815000e-10,0.000000e+00,0.000000e+00,0.000000e+00,1.990105e-07,-3.991675e-06,-1.528026e-07,4.576738e-09,9.041395e-11,9.041395e-11,1.511049e-10,-3.720310e-11,-2.906796e-13,1.327280e-12,2.648307e+01,2.593818e+01,2.591178e+01
1.815500e-10,0.000000e+00,0.000000e+00,0.000000e+00,1.983450e-07,-3.707225e-06,-1.406046e-07,7.160534e-09,-4.301549e-10,-4.301549e-10,1.872084e-10,-3.316585e-11,-1.688797e-12,1.558663e-12,2.648325e+01,2.593818e+01,2.591177e+01
1.816000e-10,0.000000e+00,0.000000e+00,0.000000e+00,1.937907e-07,-3.396809e-06,-1.248002e-07,9.453632e-09,-9.401603e-10,-9.401603e-10,2.226176e-10,-2.902887e-11,-3.048155e-12,1.774138e-12,2.648343e+01,2.593817e+01,2.591177e+01
1.816500e-10,0.000000e+00,0.000000e+00,0.000000e+00,1.854316e-07,-3.064621e-06,-1.057406e-07,1.142055e-08,-1.431235e-09,-1.431235e-09,2.567132e-10,-2.483401e-11,-4.352162e-12,1.971199e-12,2.648362e+01,2.593817e+01,2.591177e+01
1.817000e-10,0.000000e+00,0.000000e+00,0.000000e+00,1.734302e-07,-2.714778e-06,-8.385118e-08,1.303404e-08,-1.895428e-09,-1.895428e-09,2.888698e-10,-2.061935e-11,-5.585665e-12,2.147318e-12,2.648382e+01,2.593816e+01,2.591176e+01
1.817500e-10,0.000000e+00,0.000000e+00,0.000000e+00,1.580235e-07,-2.351271e-06,-5.962197e-08,1.427549e-08,-2.325344e-09,-2.325344e-09,3.184696e-10,-1.641833e-11,-6.734808e-12,2.300322e-12,2.648403e+01,2.593815e+01,2.591176e+01
1.818000e-10,0.000000e+00,0.000000e+00,0.000000e+00,1.395195e-07,-1.977918e-06,-3.359672e-08,1.513507e-08,-2.714274e-09,-2.714274e-09,3.449137e-10,-1.226016e-11,-7.786983e-12,2.428369e-12,2.648422e+01,2.593814e+01,2.591176e+01
1.818500e-10,0.000000e+00,0.000000e+00,0.000000e+00,1.182911e-07,-1.598323e-06,-6.360699e-09,1.561173e-08,-3.056311e-09,-3.056311e-09,3.676362e-10,-8.169090e-12,-8.730736e-12,2.529705e-12,2.648441e+01,2.593812e+01,2.591176e+01
1.819000e-10,0.000000e+00,0.000000e+00,0.000000e+00,9.476907e-08,-1.215851e-06,2.147222e-08,1.571301e-08,-3.346442e-09,-3.346442e-09,3.861157e-10,-4.165975e-12,-9.557210e-12,2.602910e-12,2.648459e+01,2.593810e+01,2.591176e+01
1.819500e-10,0.000000e+00,0.000000e+00,0.000000e+00,6.943352e-08,-8.336083e-07,4.927312e-08,1.545460e-08,-3.580636e-09,-3.580636e-09,3.998870e-10,-2.674063e-13,-1.025827e-11,2.647089e-12,2.648475e+01,2.593809e+01,2.591176e+01
1.820000e-10,0.000000e+00,0.000000e+00,0.000000e+00,4.280473e-08,-4.544360e-07,7.641185e-08,1.485983e-08,-3.755895e-09,-3.755895e-09,4.085520e-10,3.513235e-12,-1.082812e-11,2.661541e-12,2.648490e+01,2.593807e+01,2.591176e+01
1.820500e-10,0.000000e+00,0.000000e+00,0.000000e+00,1.543254e-08,-8.090875e-08,1.022708e-07,1.395892e-08,-3.870300e-09,-3.870300e-09,4.117891e-10,7.166128e-12,-1.126244e-11,2.645879e-12,2.648502e+01,2.593805e+01,2.591176e+01
1.821000e-10,0.000000e+00,0.000000e+00,0.000000e+00,-1.211497e-08,2.846540e-07,1.262586e-07,1.278813e-08,-3.923025e-09,-3.923025e-09,4.093617e-10,1.068306e-11,-1.155947e-11,2.600227e-12,2.648512e+01,2.593803e+01,2.591176e+01
1.821500e-10,0.000000e+00,0.000000e+00,0.000000e+00,-3.926346e-08,6.401705e-07,1.478227e-07,1.138877e-08,-3.914336e-09,-3.914336e-09,4.011243e-10,1.405869e-11,-1.171807e-11,2.524882e-12,2.648519e+01,2.593802e+01,2.591176e+01
1.822000e-10,0.000000e+00,0.000000e+00,0.000000e+00,-6.544467e-08,9.837731e-07,1.664619e-07,9.806161e-09,-3.845568e-09,-3.845568e-09,3.870279e-10,1.728819e-11,-1.173999e-11,2.420722e-12,2.648523e+01,2.593800e+01,2.591176e+01
1.822500e-10,0.000000e+00,0.000000e+00,0.000000e+00,-9.010903e-08,1.313779e-06,1.817370e-07,8.088478e-09,-3.719078e-09,-3.719078e-09,3.671229e-10,2.036767e-11,-1.162799e-11,2.288957e-12,2.648524e+01,2.593799e+01,2.591177e+01
1.823000e-10,0.000000e+00,0.000000e+00,0.000000e+00,-1.127381e-07,1.628662e-06,1.932805e-07,6.285568e-09,-3.538185e-09,-3.538185e-09,3.415605e-10,2.329369e-11,-1.138680e-11,2.130885e-12,2.648523e+01,2.593797e+01,2.591177e+01
1.823500e-10,0.000000e+00,0.000000e+00,0.000000e+00,-1.328566e-07,1.927015e-06,2.008049e-07,4.447760e-09,-3.307093e-09,-3.307093e-09,3.105916e-10,2.606214e-11,-1.102229e-11,1.948539e-12,2.648518e+01,2.593796e+01,2.591177e+01
1.824000e-10,0.000000e+00,0.000000e+00,0.000000e+00,-1.500437e-07,2.207524e-06,2.041089e-07,2.624677e-09,-3.030789e-09,-3.030789e-09,2.745650e-10,2.866825e-11,-1.054190e-11,1.743937e-12,2.648510e+01,2.593796e+01,2.591177e+01
1.824500e-10,0.000000e+00,0.000000e+00,0.000000e+00,-1.639430e-07,2.468938e-06,2.030820e-07,8.640915e-10,-2.714940e-09,-2.714940e-09,2.339215e-10,3.110598e-11,-9.954295e-12,1.519517e-12,2.648500e+01,2.593795e+01,2.591178e+01
1.825000e-10,0.000000e+00,0.000000e+00,0.000000e+00,-1.742716e-07,2.710044e-06,1.977071e-07,-7.891636e-10,-2.365775e-09,-2.365775e-09,1.891891e-10,3.336768e-11,-9.269074e-12,1.277945e-12,2.648487e+01,2.593795e+01,2.591178e+01
1.825500e-10,0.000000e+00,0.000000e+00,0.000000e+00,-1.808266e-07,2.929650e-06,1.880610e-07,-2.294194e-09,-1.989949e-09,-1.989949e-09,1.409733e-10,3.544394e-11,-8.496775e-12,1.022149e-12,2.648472e+01,2.593795e+01,2.591178e+01
1.826000e-10,0.000000e+00,0.000000e+00,0.000000e+00,-1.834907e-07,3.126576e-06,1.743131e-07,-3.614937e-09,-1.594421e-09,-1.594421e-09,8.994871e-11,3.732353e-11,-7.648518e-12,7.550935e-13,2.648455e+01,2.593796e+01,2.591178e+01
1.826500e-10,0.000000e+00,0.000000e+00,0.000000e+00,-1.822345e-07,3.299642e-06,1.567218e-07,-4.720934e-09,-1.186307e-09,-1.186307e-09,3.684744e-11,3.899319e-11,-6.736317e-12,4.800756e-13,2.648436e+01,2.593796e+01,2.591178e+01
1.827000e-10,0.000000e+00,0.000000e+00,0.000000e+00,-1.771176e-07,3.447680e-06,1.356293e-07,-5.587951e-09,-7.727519e-10,-7.727519e-10,-1.755288e-11,4.043807e-11,-5.772026e-12,2.003574e-13,2.648416e+01,2.593797e+01,2.591179e+01
1.827500e-10,0.000000e+00,0.000000e+00,0.000000e+00,-1.682861e-07,3.569535e-06,1.114539e-07,-6.198460e-09,-3.607903e-10,-3.607903e-10,-7.244310e-11,4.164158e-11,-4.768065e-12,-8.071121e-14,2.648395e+01,2.593799e+01,2.591179e+01
1.828000e-10,0.000000e+00,0.000000e+00,0.000000e+00,-1.559686e-07,3.664086e-06,8.468168e-08,-6.541949e-09,4.277952e-11,4.277952e-11,-1.269949e-10,4.258539e-11,-3.736778e-12,-3.597805e-13,2.648374e+01,2.593800e+01,2.591179e+01
1.828500e-10,0.000000e+00,0.000000e+00,0.000000e+00,-1.404700e-07,3.730265e-06,5.585578e-08,-6.615067e-09,4.315184e-10,4.315184e-10,-1.803767e-10,4.325090e-11,-2.690268e-12,-6.335532e-13,2.648353e+01,2.593802e+01,2.591179e+01
1.829000e-10,0.000000e+00,0.000000e+00,0.000000e+00,-1.221631e-07,3.767078e-06,2.556473e-08,-6.421604e-09,7.994563e-10,7.994563e-10,-2.317669e-10,4.361853e-11,-1.640461e-12,-8.987496e-13,2.648332e+01,2.593804e+01,2.591179e+01
1.829500e-10,0.000000e+00,0.000000e+00,0.000000e+00,-1.014780e-07,3.773640e-06,-5.570139e-09,-5.972299e-09,1.141192e-09,1.141192e-09,-2.803690e-10,4.366883e-11,-5.987397e-13,-1.152178e-12,2.648312e+01,2.593806e+01,2.591179e+01
1.830000e-10,0.000000e+00,0.000000e+00,0.000000e+00,-7.889126e-08,3.749197e-06,-3.690813e-08,-5.284496e-09,1.451979e-09,1.451979e-09,-3.254247e-10,4.338322e-11,4.238303e-13,-1.390997e-12,2.648294e+01,2.593808e+01,2.591179e+01
1.830500e-10,0.000000e+00,0.000000e+00,0.000000e+00,-5.491308e-08,3.693156e-06,-6.780298e-08,-4.381641e-09,1.727797e-09,1.727797e-09,-3.662288e-10,4.274432e-11,1.417094e-12,-1.612312e-12,2.648277e+01,2.593810e+01,2.591179e+01
1.831000e-10,0.000000e+00,0.000000e+00,0.000000e+00,-3.007459e-08,3.605120e-06,-9.761678e-08,-3.292648e-09,1.965401e-09,1.965401e-09,-4.021391e-10,4.173671e-11,2.371738e-12,-1.813740e-12,2.648262e+01,2.593812e+01,2.591179e+01
1.831500e-10,0.000000e+00,0.000000e+00,0.000000e+00,-4.914720e-09,3.484910e-06,-1.257337e-07,-2.051143e-09,2.162368e-09,2.162368e-09,-4.325903e-10,4.034750e-11,3.278713e-12,-1.992893e-12,2.648249e+01,2.593814e+01,2.591179e+01
1.832000e-10,0.000000e+00,0.000000e+00,0.000000e+00,2.003253e-08,3.332593e-06,-1.515734e-07,-6.945970e-10,2.317108e-09,2.317108e-09,-4.571017e-10,3.856751e-11,4.130635e-12,-2.147914e-12,2.648239e+01,2.593815e+01,2.591179e+01
1.832500e-10,0.000000e+00,0.000000e+00,0.000000e+00,4.425021e-08,3.148509e-06,-1.746030e-07,7.366115e-10,2.428871e-09,2.428871e-09,-4.752872e-10,3.639109e-11,4.920402e-12,-2.277101e-12,2.648231e+01,2.593817e+01,2.591179e+01
1.833000e-10,0.000000e+00,0.000000e+00,0.000000e+00,6.724964e-08,2.933290e-06,-1.943488e-07,2.200207e-09,2.497735e-09,2.497735e-09,-4.868607e-10,3.381751e-11,5.642103e-12,-2.379051e-12,2.648227e+01,2.593819e+01,2.591179e+01
1.833500e-10,0.000000e+00,0.000000e+00,0.000000e+00,8.858039e-08,2.687884e-06,-2.104062e-07,3.653056e-09,2.524568e-09,2.524568e-09,-4.916416e-10,3.085101e-11,6.290827e-12,-2.452905e-12,2.648225e+01,2.593820e+01,2.591179e+01
1.834000e-10,0.000000e+00,0.000000e+00,0.000000e+00,1.078390e-07,2.413571e-06,-2.224478e-07,5.052226e-09,2.510991e-09,2.510991e-09,-4.895579e-10,2.750102e-11,6.862873e-12,-2.498031e-12,2.648226e+01,2.593821e+01,2.591179e+01
1.834500e-10,0.000000e+00,0.000000e+00,0.000000e+00,1.246762e-07,2.111977e-06,-2.302304e-07,6.356030e-09,2.459313e-09,2.459313e-09,-4.806466e-10,2.378343e-11,7.354875e-12,-2.514184e-12,2.648230e+01,2.593821e+01,2.591179e+01
1.835000e-10,0.000000e+00,0.000000e+00,0.000000e+00,1.388025e-07,1.785088e-06,-2.335997e-07,7.525036e-09,2.372459e-09,2.372459e-09,-4.650534e-10,1.971995e-11,7.764990e-12,-2.501416e-12,2.648236e+01,2.593822e+01,2.591179e+01
1.835500e-10,0.000000e+00,0.000000e+00,0.000000e+00,1.499929e-07,1.435255e-06,-2.324929e-07,8.523023e-09,2.253891e-09,2.253891e-09,-4.430293e-10,1.533827e-11,8.091816e-12,-2.460306e-12,2.648246e+01,2.593822e+01,2.591179e+01
1.836000e-10,0.000000e+00,0.000000e+00,0.000000e+00,1.580890e-07,1.065194e-06,-2.269398e-07,9.317859e-09,2.107513e-09,2.107513e-09,-4.149264e-10,1.067258e-11,8.335195e-12,-2.391556e-12,2.648257e+01,2.593822e+01,2.591179e+01
1.836500e-10,0.000000e+00,0.000000e+00,0.000000e+00,1.630008e-07,6.779851e-07,-2.170613e-07,9.882275e-09,1.937577e-09,1.937577e-09,-3.811910e-10,5.763152e-12,8.495337e-12,-2.296323e-12,2.648271e+01,2.593821e+01,2.591179e+01
1.837000e-10,0.000000e+00,0.000000e+00,0.000000e+00,1.647064e-07,2.770575e-07,-2.030663e-07,1.019453e-08,1.748577e-09,1.748577e-09,-3.423556e-10,6.559496e-13,8.573523e-12,-2.176081e-12,2.648286e+01,2.593820e+01,2.591178e+01
1.837500e-10,0.000000e+00,0.000000e+00,0.000000e+00,1.632507e-07,-1.338302e-07,-1.852465e-07,1.023894e-08,1.545151e-09,1.545151e-09,-2.990298e-10,-4.597803e-12,8.571523e-12,-2.032547e-12,2.648303e+01,2.593819e+01,2.591178e+01
1.838000e-10,0.000000e+00,0.000000e+00,0.000000e+00,1.587430e-07,-5.506194e-07,-1.639699e-07,1.000629e-08,1.331973e-09,1.331973e-09,-2.518886e-10,-9.941895e-12,8.491777e-12,-1.867758e-12,2.648321e+01,2.593817e+01,2.591178e+01
1.838500e-10,0.000000e+00,0.000000e+00,0.000000e+00,1.513525e-07,-9.689895e-07,-1.396723e-07,9.494055e-09,1.113656e-09,1.113656e-09,-2.016614e-10,-1.531603e-11,8.337036e-12,-1.683904e-12,2.648340e+01,2.593815e+01,2.591178e+01
1.839000e-10,0.000000e+00,0.000000e+00,0.000000e+00,1.413042e-07,-1.384406e-06,-1.128472e-07,8.706491e-09,8.946533e-10,8.946533e-10,-1.491187e-10,-2.065644e-11,8.111056e-12,-1.483318e-12,2.648359e+01,2.593813e+01,2.591178e+01
1.839500e-10,0.000000e+00,0.000000e+00,0.000000e+00,1.288722e-07,-1.792177e-06,-8.403540e-08,7.654590e-09,6.791723e-10,6.791723e-10,-9.505904e-11,-2.589721e-11,7.817237e-12,-1.268685e-12,2.648378e+01,2.593811e+01,2.591178e+01
1.840000e-10,0.000000e+00,0.000000e+00,0.000000e+00,1.143732e-07,-2.187514e-06,-5.381313e-08,6.355842e-09,4.710914e-10,4.710914e-10,-4.029531e-11,-3.097039e-11,7.460052e-12,-1.042616e-12,2.648397e+01,2.593809e+01,2.591178e+01
1.840500e-10,0.000000e+00,0.000000e+00,0.000000e+00,9.815836e-08,-2.565604e-06,-2.277962e-08,4.833877e-09,2.738899e-10,2.738899e-10,1.435895e-11,-3.580800e-11,7.043763e-12,-8.079188e-13,2.648415e+01,2.593807e+01,2.591178e+01
1.841000e-10,0.000000e+00,0.000000e+00,0.000000e+00,8.060548e-08,-2.921681e-06,8.455545e-09,3.117956e-09,9.058926e-11,9.058926e-11,6.810323e-11,-4.034229e-11,6.573140e-12,-5.674338e-13,2.648431e+01,2.593804e+01,2.591178e+01
1.841500e-10,0.000000e+00,0.000000e+00,0.000000e+00,6.210968e-08,-3.251102e-06,3.928509e-08,1.242336e-09,-7.629507e-11,-7.629507e-11,1.201630e-10,-4.450765e-11,6.052885e-12,-3.240374e-13,2.648447e+01,2.593802e+01,2.591178e+01
1.842000e-10,0.000000e+00,0.000000e+00,0.000000e+00,4.307453e-08,-3.549423e-06,6.911659e-08,-7.544733e-10,-2.247874e-10,-2.247874e-10,1.698022e-10,-4.824089e-11,5.488152e-12,-8.060598e-14,2.648461e+01,2.593799e+01,2.591178e+01
1.842500e-10,0.000000e+00,0.000000e+00,0.000000e+00,2.390305e-08,-3.812470e-06,9.738449e-08,-2.830558e-09,-3.534719e-10,-3.534719e-10,2.163350e-10,-5.148314e-11,4.884115e-12,1.602123e-13,2.648473e+01,2.593797e+01,2.591178e+01
1.843000e-10,0.000000e+00,0.000000e+00,0.000000e+00,4.988844e-09,-4.036413e-06,1.235613e-07,-4.941515e-09,-4.615006e-10,-4.615006e-10,2.591363e-10,-5.418032e-11,4.246020e-12,3.956112e-13,2.648482e+01,2.593795e+01,2.591178e+01
1.843500e-10,0.000000e+00,0.000000e+00,0.000000e+00,-1.329206e-08,-4.217827e-06,1.471680e-07,-7.041433e-09,-5.485864e-10,-5.485864e-10,2.976508e-10,-5.628477e-11,3.578951e-12,6.231354e-13,2.648490e+01,2.593793e+01,2.591179e+01
1.844000e-10,0.000000e+00,0.000000e+00,0.000000e+00,-3.058883e-08,-4.353752e-06,1.677829e-07,-9.083904e-09,-6.149839e-10,-6.149839e-10,3.314008e-10,-5.775531e-11,2.888363e-12,8.403296e-13,2.648495e+01,2.593791e+01,2.591179e+01
1.844500e-10,0.000000e+00,0.000000e+00,0.000000e+00,-4.658233e-08,-4.441745e-06,1.850498e-07,-1.102305e-08,-6.614578e-10,-6.614578e-10,3.599932e-10,-5.855909e-11,2.179816e-12,1.044861e-12,2.648498e+01,2.593790e+01,2.591179e+01
1.845000e-10,0.000000e+00,0.000000e+00,0.000000e+00,-6.099073e-08,-4.479924e-06,1.986838e-07,-1.281452e-08,-6.892404e-10,-6.892404e-10,3.831236e-10,-5.867186e-11,1.458379e-12,1.234836e-12,2.648498e+01,2.593789e+01,2.591179e+01
1.845500e-10,0.000000e+00,0.000000e+00,0.000000e+00,-7.357380e-08,-4.467002e-06,2.084761e-07,-1.441652e-08,-6.999789e-10,-6.999789e-10,4.005797e-10,-5.807840e-11,7.294876e-13,1.408395e-12,2.648496e+01,2.593788e+01,2.591179e+01
1.846000e-10,0.000000e+00,0.000000e+00,0.000000e+00,-8.413603e-08,-4.402316e-06,2.142973e-07,-1.579069e-08,-6.956745e-10,-6.956745e-10,4.122420e-10,-5.677302e-11,-1.192604e-15,1.563837e-12,2.648492e+01,2.593787e+01,2.591179e+01
1.846500e-10,0.000000e+00,0.000000e+00,0.000000e+00,-9.252861e-08,-4.285846e-06,2.160982e-07,-1.690297e-08,-6.786142e-10,-6.786142e-10,4.180851e-10,-5.476050e-11,-7.286458e-13,1.699846e-12,2.648486e+01,2.593787e+01,2.591179e+01
1.847000e-10,0.000000e+00,0.000000e+00,0.000000e+00,-9.865016e-08,-4.118229e-06,2.139095e-07,-1.772439e-08,-6.512982e-10,-6.512982e-10,4.181738e-10,-5.205526e-11,-1.447189e-12,1.815423e-12,2.648478e+01,2.593787e+01,2.591179e+01
1.847500e-10,0.000000e+00,0.000000e+00,0.000000e+00,-1.024465e-07,-3.900760e-06,2.078400e-07,-1.823172e-08,-6.163630e-10,-6.163630e-10,4.126612e-10,-4.868221e-11,-2.151843e-12,1.909639e-12,2.648468e+01,2.593788e+01,2.591179e+01
1.848000e-10,0.000000e+00,0.000000e+00,0.000000e+00,-1.039096e-07,-3.635389e-06,1.980728e-07,-1.840797e-08,-5.765049e-10,-5.765049e-10,4.017826e-10,-4.467592e-11,-2.837099e-12,1.981932e-12,2.648456e+01,2.593789e+01,2.591179e+01
1.848500e-10,0.000000e+00,0.000000e+00,0.000000e+00,-1.030755e-07,-3.324711e-06,1.848600e-07,-1.824282e-08,-5.344015e-10,-5.344015e-10,3.858500e-10,-4.008066e-11,-3.497766e-12,2.032021e-12,2.648444e+01,2.593790e+01,2.591179e+01
1.849000e-10,0.000000e+00,0.000000e+00,0.000000e+00,-1.000220e-07,-2.971946e-06,1.685168e-07,-1.773286e-08,-4.926373e-10,-4.926373e-10,3.652445e-10,-3.494964e-11,-4.128759e-12,2.059767e-12,2.648430e+01,2.593791e+01,2.591179e+01
1.849500e-10,0.000000e+00,0.000000e+00,0.000000e+00,-9.486571e-08,-2.580907e-06,1.494135e-07,-1.688174e-08,-4.536338e-10,-4.536338e-10,3.404070e-10,-2.934438e-11,-4.724850e-12,2.065449e-12,2.648416e+01,2.593793e+01,2.591179e+01
1.850000e-10,0.000000e+00,0.000000e+00,0.000000e+00,-8.775864e-08,-2.155971e-06,1.279673e-07,-1.570007e-08,-4.195826e-10,-4.195826e-10,3.118300e-10,-2.333390e-11,-5.281410e-12,2.049454e-12,2.648401e+01,2.593795e+01,2.591179e+01
1.850500e-10,0.000000e+00,0.000000e+00,0.000000e+00,-7.888491e-08,-1.702026e-06,1.046329e-07,-1.420528e-08,-3.923894e-10,-3.923894e-10,2.800468e-10,-1.699401e-11,-5.793458e-12,2.012326e-12,2.648387e+01,2.593797e+01,2.591179e+01
1.851000e-10,0.000000e+00,0.000000e+00,0.000000e+00,-6.845708e-08,-1.224426e-06,7.989305e-08,-1.242128e-08,-3.736230e-10,-3.736230e-10,2.456216e-10,-1.040547e-11,-6.256399e-12,1.955046e-12,2.648372e+01,2.593799e+01,2.591179e+01
1.851500e-10,0.000000e+00,0.000000e+00,0.000000e+00,-5.671240e-08,-7.289239e-07,5.424781e-08,-1.037799e-08,-3.644768e-10,-3.644768e-10,2.091386e-10,-3.653787e-12,-6.666093e-12,1.878579e-12,2.648358e+01,2.593802e+01,2.591179e+01
1.852000e-10,0.000000e+00,0.000000e+00,0.000000e+00,-4.390895e-08,-2.216024e-07,2.820485e-08,-8.110743e-09,-3.657378e-10,-3.657378e-10,1.711913e-10,3.172905e-12,-7.018262e-12,1.784118e-12,2.648345e+01,2.593804e+01,2.591178e+01
1.852500e-10,0.000000e+00,0.000000e+00,0.000000e+00,-3.032175e-08,2.912017e-07,2.269027e-09,-5.659618e-09,-3.777697e-10,-3.777697e-10,1.323725e-10,9.984425e-12,-7.309117e-12,1.673170e-12,2.648333e+01,2.593807e+01,2.591178e+01
1.853000e-10,0.000000e+00,0.000000e+00,0.000000e+00,-1.623855e-08,8.029837e-07,-2.306744e-08,-3.068604e-09,-4.005042e-10,-4.005042e-10,9.326371e-11,1.669059e-11,-7.535607e-12,1.546982e-12,2.648323e+01,2.593809e+01,2.591178e+01
1.853500e-10,0.000000e+00,0.000000e+00,0.000000e+00,-1.955494e-09,1.307161e-06,-4.733442e-08,-3.847316e-10,-4.334463e-10,-4.334463e-10,5.442626e-11,2.320232e-11,-7.694433e-12,1.407360e-12,2.648313e+01,2.593812e+01,2.591178e+01
1.854000e-10,0.000000e+00,0.000000e+00,0.000000e+00,1.222752e-08,1.797172e-06,-7.009260e-08,2.342861e-09,-4.756894e-10,-4.756894e-10,1.639192e-11,2.943234e-11,-7.783353e-12,1.255899e-12,2.648305e+01,2.593814e+01,2.591178e+01
1.854500e-10,0.000000e+00,0.000000e+00,0.000000e+00,2.601177e-08,2.266568e-06,-9.094158e-08,5.063918e-09,-5.259407e-10,-5.259407e-10,-2.034428e-11,3.529788e-11,-7.800137e-12,1.094354e-12,2.648299e+01,2.593816e+01,2.591178e+01
1.855000e-10,0.000000e+00,0.000000e+00,0.000000e+00,3.910502e-08,2.709124e-06,-1.095269e-07,7.728066e-09,-5.825579e-10,-5.825579e-10,-5.533151e-11,4.072063e-11,-7.743769e-12,9.246712e-13,2.648295e+01,2.593818e+01,2.591178e+01
1.855500e-10,0.000000e+00,0.000000e+00,0.000000e+00,5.122708e-08,3.118929e-06,-1.255461e-07,1.028582e-08,-6.435944e-10,-6.435944e-10,-8.816866e-11,4.562874e-11,-7.613319e-12,7.485693e-13,2.648292e+01,2.593820e+01,2.591177e+01
1.856000e-10,0.000000e+00,0.000000e+00,0.000000e+00,6.211561e-08,3.490489e-06,-1.387537e-07,1.268955e-08,-7.068517e-10,-7.068517e-10,-1.185084e-10,4.995750e-11,-7.408665e-12,5.678723e-13,2.648291e+01,2.593821e+01,2.591177e+01
1.856500e-10,0.000000e+00,0.000000e+00,0.000000e+00,7.153207e-08,3.818817e-06,-1.489650e-07,1.489447e-08,-7.699396e-10,-7.699396e-10,-1.460619e-10,5.365028e-11,-7.130613e-12,3.845445e-13,2.648292e+01,2.593822e+01,2.591177e+01
1.857000e-10,0.000000e+00,0.000000e+00,0.000000e+00,7.926761e-08,4.099517e-06,-1.560583e-07,1.685944e-08,-8.303409e-10,-8.303409e-10,-1.705990e-10,5.665986e-11,-6.780268e-12,2.003223e-13,2.648295e+01,2.593823e+01,2.591177e+01
1.857500e-10,0.000000e+00,0.000000e+00,0.000000e+00,8.514875e-08,4.328857e-06,-1.599765e-07,1.854786e-08,-8.854795e-10,-8.854795e-10,-1.919510e-10,5.894854e-11,-6.359910e-12,1.697706e-14,2.648299e+01,2.593824e+01,2.591177e+01
1.858000e-10,0.000000e+00,0.000000e+00,0.000000e+00,8.904257e-08,4.503830e-06,-1.607272e-07,1.992830e-08,-9.327909e-10,-9.327909e-10,-2.100086e-10,6.048884e-11,-5.872538e-12,-1.637725e-13,2.648305e+01,2.593824e+01,2.591177e+01
1.858500e-10,0.000000e+00,0.000000e+00,0.000000e+00,9.086117e-08,4.622205e-06,-1.583807e-07,2.097517e-08,-9.697927e-10,-9.697927e-10,-2.247218e-10,6.126412e-11,-5.321661e-12,-3.402954e-13,2.648312e+01,2.593824e+01,2.591177e+01
1.859000e-10,0.000000e+00,0.000000e+00,0.000000e+00,9.056515e-08,4.682556e-06,-1.530682e-07,2.166915e-08,-9.941534e-10,-9.941534e-10,-2.360965e-10,6.126837e-11,-4.711697e-12,-5.109956e-13,2.648321e+01,2.593823e+01,2.591177e+01
1.859500e-10,0.000000e+00,0.000000e+00,0.000000e+00,8.816594e-08,4.684286e-06,-1.449781e-07,2.199757e-08,-1.003759e-09,-1.003759e-09,-2.441906e-10,6.050664e-11,-4.047978e-12,-6.743823e-13,2.648330e+01,2.593823e+01,2.591177e+01
1.860000e-10,0.000000e+00,0.000000e+00,0.000000e+00,8.372662e-08,4.627620e-06,-1.343508e-07,2.195465e-08,-9.967740e-10,-9.967740e-10,-2.491108e-10,5.899440e-11,-3.336449e-12,-8.291402e-13,2.648339e+01,2.593822e+01,2.591177e+01
1.860500e-10,0.000000e+00,0.000000e+00,0.000000e+00,7.736132e-08,4.513601e-06,-1.214733e-07,2.154152e-08,-9.716964e-10,-9.716964e-10,-2.510061e-10,5.675776e-11,-2.583548e-12,-9.739889e-13,2.648350e+01,2.593820e+01,2.591177e+01
1.861000e-10,0.000000e+00,0.000000e+00,0.000000e+00,6.923296e-08,4.344060e-06,-1.066725e-07,2.076624e-08,-9.274054e-10,-9.274054e-10,-2.500627e-10,5.383253e-11,-1.796763e-12,-1.107806e-12,2.648360e+01,2.593819e+01,2.591177e+01
1.861500e-10,0.000000e+00,0.000000e+00,0.000000e+00,5.954940e-08,4.121576e-06,-9.030787e-08,1.964356e-08,-8.632020e-10,-8.632020e-10,-2.464978e-10,5.026369e-11,-9.835473e-13,-1.229539e-12,2.648370e+01,2.593817e+01,2.591177e+01
1.862000e-10,0.000000e+00,0.000000e+00,0.000000e+00,4.855819e-08,3.849425e-06,-7.276338e-08,1.819459e-08,-7.788366e-10,-7.788366e-10,-2.405524e-10,4.610490e-11,-1.526357e-13,-1.338294e-12,2.648381e+01,2.593815e+01,2.591177e+01
1.862500e-10,0.000000e+00,0.000000e+00,0.000000e+00,3.653990e-08,3.531527e-06,-5.443923e-08,1.644640e-08,-6.745301e-10,-6.745301e-10,-2.324859e-10,4.141725e-11,6.877289e-13,-1.433282e-12,2.648390e+01,2.593813e+01,2.591177e+01
1.863000e-10,0.000000e+00,0.000000e+00,0.000000e+00,2.380055e-08,3.172374e-06,-3.574311e-08,1.443141e-08,-5.509819e-10,-5.509819e-10,-2.225678e-10,3.626843e-11,1.528111e-12,-1.513800e-12,2.648399e+01,2.593811e+01,2.591178e+01
1.863500e-10,0.000000e+00,0.000000e+00,0.000000e+00,1.066314e-08,2.776959e-06,-1.708149e-08,1.218675e-08,-4.093681e-10,-4.093681e-10,-2.110733e-10,3.073150e-11,2.359496e-12,-1.579446e-12,2.648407e+01,2.593809e+01,2.591178e+01
1.864000e-10,0.000000e+00,0.000000e+00,0.000000e+00,-2.541150e-09,2.350702e-06,1.149058e-09,9.753516e-09,-2.513271e-10,-2.513271e-10,-1.982750e-10,2.488406e-11,3.172747e-12,-1.629693e-12,2.648413e+01,2.593807e+01,2.591178e+01
1.864500e-10,0.000000e+00,0.000000e+00,0.000000e+00,-1.548189e-08,1.899370e-06,1.857017e-08,7.175922e-09,-7.893681e-11,-7.893681e-11,-1.844387e-10,1.880662e-11,3.958252e-12,-1.664366e-12,2.648419e+01,2.593805e+01,2.591178e+01
1.865000e-10,0.000000e+00,0.000000e+00,0.000000e+00,-2.783807e-08,1.428992e-06,3.482958e-08,4.500460e-09,1.053204e-10,1.053204e-10,-1.698175e-10,1.258130e-11,4.707031e-12,-1.683290e-12,2.648423e+01,2.593803e+01,2.591178e+01
1.865500e-10,0.000000e+00,0.000000e+00,0.000000e+00,-3.930631e-08,9.457793e-07,4.960836e-08,1.774966e-09,2.986024e-10,2.986024e-10,-1.546479e-10,6.291405e-12,5.410036e-12,-1.686482e-12,2.648426e+01,2.593801e+01,2.591179e+01
1.866000e-10,0.000000e+00,0.000000e+00,0.000000e+00,-4.960824e-08,4.560402e-07,6.262737e-08,-9.522977e-10,4.977584e-10,4.977584e-10,-1.391454e-10,1.909920e-14,6.058988e-12,-1.674100e-12,2.648427e+01,2.593800e+01,2.591179e+01
1.866500e-10,0.000000e+00,0.000000e+00,0.000000e+00,-5.849698e-08,-3.390622e-08,7.365270e-08,-3.633574e-09,6.993908e-10,6.993908e-10,-1.235018e-10,-6.155098e-12,6.645749e-12,-1.646196e-12,2.648427e+01,2.593798e+01,2.591179e+01
1.867000e-10,0.000000e+00,0.000000e+00,0.000000e+00,-6.576251e-08,-5.178144e-07,8.250017e-08,-6.222512e-09,8.999213e-10,8.999213e-10,-1.078829e-10,-1.215353e-11,7.162883e-12,-1.603280e-12,2.648425e+01,2.593797e+01,2.591179e+01
1.867500e-10,0.000000e+00,0.000000e+00,0.000000e+00,-7.123599e-08,-9.895964e-07,8.903853e-08,-8.675040e-09,1.095662e-09,1.095662e-09,-9.242749e-11,-1.790275e-11,7.603901e-12,-1.545807e-12,2.648422e+01,2.593796e+01,2.591180e+01
1.868000e-10,0.000000e+00,0.000000e+00,0.000000e+00,-7.479279e-08,-1.443404e-06,9.319160e-08,-1.095017e-08,1.282892e-09,1.282892e-09,-7.724657e-11,-2.333434e-11,7.962699e-12,-1.474286e-12,2.648418e+01,2.593795e+01,2.591180e+01
1.868500e-10,0.000000e+00,0.000000e+00,0.000000e+00,-7.635452e-08,-1.873709e-06,9.493901e-08,-1.301076e-08,1.457931e-09,1.457931e-09,-6.242377e-11,-2.838548e-11,8.234525e-12,-1.389471e-12,2.648412e+01,2.593794e+01,2.591180e+01
1.869000e-10,0.000000e+00,0.000000e+00,0.000000e+00,-7.588989e-08,-2.275378e-06,9.431577e-08,-1.482413e-08,1.617220e-09,1.617220e-09,-4.801635e-11,-3.300036e-11,8.415643e-12,-1.292046e-12,2.648406e+01,2.593794e+01,2.591180e+01
1.869500e-10,0.000000e+00,0.000000e+00,0.000000e+00,-7.341464e-08,-2.643741e-06,9.141055e-08,-1.636268e-08,1.757393e-09,1.757393e-09,-3.405750e-11,-3.713035e-11,8.502773e-12,-1.183010e-12,2.648398e+01,2.593793e+01,2.591180e+01
1.870000e-10,0.000000e+00,0.000000e+00,0.000000e+00,-6.899046e-08,-2.974656e-06,8.636281e-08,-1.760429e-08,1.875352e-09,1.875352e-09,-2.055815e-11,-4.073457e-11,8.494460e-12,-1.063294e-12,2.648390e+01,2.593793e+01,2.591180e+01
1.870500e-10,0.000000e+00,0.000000e+00,0.000000e+00,-6.272309e-08,-3.264559e-06,7.935878e-08,-1.853267e-08,1.968332e-09,1.968332e-09,-7.510422e-12,-4.378006e-11,8.390318e-12,-9.340191e-13,2.648382e+01,2.593794e+01,2.591180e+01
1.871000e-10,0.000000e+00,0.000000e+00,0.000000e+00,-5.475962e-08,-3.510513e-06,7.062646e-08,-1.913763e-08,2.033967e-09,2.033967e-09,5.108939e-12,-4.624279e-11,8.190381e-12,-7.962208e-13,2.648373e+01,2.593794e+01,2.591180e+01
1.871500e-10,0.000000e+00,0.000000e+00,0.000000e+00,-4.528505e-08,-3.710232e-06,6.042973e-08,-1.941509e-08,2.070339e-09,2.070339e-09,1.733492e-11,-4.810700e-11,7.896966e-12,-6.511967e-13,2.648365e+01,2.593795e+01,2.591180e+01
1.872000e-10,0.000000e+00,0.000000e+00,0.000000e+00,-3.451816e-08,-3.862111e-06,4.906170e-08,-1.936712e-08,2.076025e-09,2.076025e-09,2.921013e-11,-4.936501e-11,7.512947e-12,-5.002972e-13,2.648356e+01,2.593796e+01,2.591180e+01
1.872500e-10,0.000000e+00,0.000000e+00,0.000000e+00,-2.270673e-08,-3.965227e-06,3.683752e-08,-1.900176e-08,2.050134e-09,2.050134e-09,4.078094e-11,-5.001787e-11,7.042395e-12,-3.446800e-13,2.648348e+01,2.593797e+01,2.591180e+01
1.873000e-10,0.000000e+00,0.000000e+00,0.000000e+00,-1.012224e-08,-4.019337e-06,2.408676e-08,-1.833275e-08,1.992333e-09,1.992333e-09,5.209247e-11,-5.007432e-11,6.490675e-12,-1.859234e-13,2.648341e+01,2.593798e+01,2.591180e+01
1.873500e-10,0.000000e+00,0.000000e+00,0.000000e+00,2.946009e-09,-4.024865e-06,1.114552e-08,-1.737919e-08,1.902858e-09,1.902858e-09,6.318635e-11,-4.955082e-11,5.863822e-12,-2.539544e-14,2.648335e+01,2.593799e+01,2.591180e+01
1.874000e-10,0.000000e+00,0.000000e+00,0.000000e+00,1.619718e-08,-3.982870e-06,-1.651470e-09,-1.616503e-08,1.782523e-09,1.782523e-09,7.409515e-11,-4.847075e-11,5.169411e-12,1.354657e-13,2.648329e+01,2.593801e+01,2.591180e+01
1.874500e-10,0.000000e+00,0.000000e+00,0.000000e+00,2.932546e-08,-3.895016e-06,-1.397867e-08,-1.471853e-08,1.632706e-09,1.632706e-09,8.484032e-11,-4.686396e-11,4.415510e-12,2.950817e-13,2.648325e+01,2.593802e+01,2.591180e+01
1.875000e-10,0.000000e+00,0.000000e+00,0.000000e+00,4.202689e-08,-3.763520e-06,-2.552722e-08,-1.307161e-08,1.455333e-09,1.455333e-09,9.542922e-11,-4.476585e-11,3.610730e-12,4.520845e-13,2.648322e+01,2.593803e+01,2.591179e+01
1.875500e-10,0.000000e+00,0.000000e+00,0.000000e+00,5.400620e-08,-3.591103e-06,-3.601200e-08,-1.125915e-08,1.252847e-09,1.252847e-09,1.058519e-10,-4.221731e-11,2.765087e-12,6.049307e-13,2.648320e+01,2.593805e+01,2.591179e+01
1.876000e-10,0.000000e+00,0.000000e+00,0.000000e+00,6.498355e-08,-3.380934e-06,-4.517805e-08,-9.318252e-09,1.028169e-09,1.028169e-09,1.160805e-10,-3.926286e-11,1.888558e-12,7.521822e-13,2.648320e+01,2.593806e+01,2.591179e+01
1.876500e-10,0.000000e+00,0.000000e+00,0.000000e+00,7.470102e-08,-3.136562e-06,-5.280627e-08,-7.287466e-09,7.846445e-10,7.846445e-10,1.260674e-10,-3.595083e-11,9.915623e-13,8.923832e-13,2.648321e+01,2.593807e+01,2.591179e+01
1.877000e-10,0.000000e+00,0.000000e+00,0.000000e+00,8.292864e-08,-2.861852e-06,-5.871822e-08,-5.205988e-09,5.259885e-10,5.259885e-10,1.357452e-10,-3.233184e-11,8.493794e-14,1.024096e-12,2.648323e+01,2.593808e+01,2.591179e+01
1.877500e-10,0.000000e+00,0.000000e+00,0.000000e+00,8.946981e-08,-2.560923e-06,-6.277995e-08,-3.112877e-09,2.562174e-10,2.562174e-10,1.450271e-10,-2.845840e-11,-8.204236e-13,1.146075e-12,2.648327e+01,2.593809e+01,2.591178e+01
1.878000e-10,0.000000e+00,0.000000e+00,0.000000e+00,9.416598e-08,-2.238072e-06,-6.490475e-08,-1.046291e-09,-2.042229e-11,-2.042229e-11,1.538074e-10,-2.438380e-11,-1.713649e-12,1.257039e-12,2.648331e+01,2.593810e+01,2.591178e+01
1.878500e-10,0.000000e+00,0.000000e+00,0.000000e+00,9.690038e-08,-1.897715e-06,-6.505483e-08,9.572529e-10,-2.995302e-10,-2.995302e-10,1.619640e-10,-2.016163e-11,-2.583934e-12,1.355850e-12,2.648337e+01,2.593811e+01,2.591178e+01
1.879000e-10,0.000000e+00,0.000000e+00,0.000000e+00,9.760087e-08,-1.544319e-06,-6.324184e-08,2.863562e-09,-5.766328e-10,-5.766328e-10,1.693602e-10,-1.584469e-11,-3.421054e-12,1.441384e-12,2.648344e+01,2.593812e+01,2.591178e+01
1.879500e-10,0.000000e+00,0.000000e+00,0.000000e+00,9.624158e-08,-1.182336e-06,-5.952617e-08,4.641392e-09,-8.472628e-10,-8.472628e-10,1.758477e-10,-1.148444e-11,-4.215012e-12,1.512818e-12,2.648352e+01,2.593812e+01,2.591177e+01
1.880000e-10,0.000000e+00,0.000000e+00,0.000000e+00,9.284349e-08,-8.161535e-07,-5.401525e-08,6.262992e-09,-1.107042e-09,-1.107042e-09,1.812699e-10,-7.130437e-12,-4.956391e-12,1.569256e-12,2.648361e+01,2.593812e+01,2.591177e+01
1.880500e-10,0.000000e+00,0.000000e+00,0.000000e+00,8.747394e-08,-4.500301e-07,-4.686065e-08,7.704574e-09,-1.351762e-09,-1.351762e-09,1.854669e-10,-2.829768e-12,-5.636526e-12,1.610068e-12,2.648370e+01,2.593812e+01,2.591177e+01
1.881000e-10,0.000000e+00,0.000000e+00,0.000000e+00,8.024492e-08,-8.805178e-08,-3.825422e-08,8.946683e-09,-1.577455e-09,-1.577455e-09,1.882775e-10,1.373529e-12,-6.247595e-12,1.634569e-12,2.648379e+01,2.593812e+01,2.591177e+01
1.881500e-10,0.000000e+00,0.000000e+00,0.000000e+00,7.131037e-08,2.659145e-07,-2.842329e-08,9.974469e-09,-1.780471e-09,-1.780471e-09,1.895463e-10,5.439027e-12,-6.782811e-12,1.642566e-12,2.648388e+01,2.593812e+01,2.591177e+01
1.882000e-10,0.000000e+00,0.000000e+00,0.000000e+00,6.086251e-08,6.082590e-07,-1.762509e-08,1.077786e-08,-1.957542e-09,-1.957542e-09,1.891264e-10,9.329598e-12,-7.236140e-12,1.633832e-12,2.648397e+01,2.593811e+01,2.591177e+01
1.882500e-10,0.000000e+00,0.000000e+00,0.000000e+00,4.912722e-08,9.356618e-07,-6.140500e-09,1.135163e-08,-2.105838e-09,-2.105838e-09,1.868845e-10,1.301255e-11,-7.602621e-12,1.608173e-12,2.648406e+01,2.593811e+01,2.591177e+01
1.883000e-10,0.000000e+00,0.000000e+00,0.000000e+00,3.635875e-08,1.245119e-06,5.732787e-09,1.169537e-08,-2.223019e-09,-2.223019e-09,1.827061e-10,1.645919e-11,-7.878726e-12,1.565924e-12,2.648414e+01,2.593810e+01,2.591177e+01
1.883500e-10,0.000000e+00,0.000000e+00,0.000000e+00,2.283375e-08,1.533961e-06,1.768738e-08,1.181332e-08,-2.307273e-09,-2.307273e-09,1.764985e-10,1.964460e-11,-8.061790e-12,1.507293e-12,2.648421e+01,2.593810e+01,2.591177e+01
1.884000e-10,0.000000e+00,0.000000e+00,0.000000e+00,8.844828e-09,1.799868e-06,2.941356e-08,1.171417e-08,-2.357350e-09,-2.357350e-09,1.681960e-10,2.254887e-11,-8.150359e-12,1.432861e-12,2.648427e+01,2.593809e+01,2.591177e+01
1.884500e-10,0.000000e+00,0.000000e+00,0.000000e+00,-5.306192e-09,2.040876e-06,4.060666e-08,1.141074e-08,-2.372578e-09,-2.372578e-09,1.577631e-10,2.515562e-11,-8.144343e-12,1.343152e-12,2.648432e+01,2.593808e+01,2.591177e+01
1.885000e-10,0.000000e+00,0.000000e+00,0.000000e+00,-1.931517e-08,2.255375e-06,5.097427e-08,1.091954e-08,-2.352874e-09,-2.352874e-09,1.451963e-10,2.745277e-11,-8.044884e-12,1.239115e-12,2.648436e+01,2.593807e+01,2.591177e+01
1.885500e-10,0.000000e+00,0.000000e+00,0.000000e+00,-3.288257e-08,2.442110e-06,6.024320e-08,1.026035e-08,-2.298740e-09,-2.298740e-09,1.305286e-10,2.943178e-11,-7.853857e-12,1.121784e-12,2.648438e+01,2.593806e+01,2.591177e+01
1.886000e-10,0.000000e+00,0.000000e+00,0.000000e+00,-4.572014e-08,2.600168e-06,6.816591e-08,9.455636e-09,-2.211252e-09,-2.211252e-09,1.138290e-10,3.108811e-11,-7.574647e-12,9.922813e-13,2.648439e+01,2.593805e+01,2.591177e+01
1.886500e-10,0.000000e+00,0.000000e+00,0.000000e+00,-5.755735e-08,2.728968e-06,7.452632e-08,8.530019e-09,-2.092035e-09,-2.092035e-09,9.520510e-11,3.242002e-11,-7.211569e-12,8.519926e-13,2.648439e+01,2.593805e+01,2.591177e+01
1.887000e-10,0.000000e+00,0.000000e+00,0.000000e+00,-6.814732e-08,2.828238e-06,7.914493e-08,7.509642e-09,-1.943230e-09,-1.943230e-09,7.480217e-11,3.342930e-11,-6.769885e-12,7.022507e-13,2.648437e+01,2.593804e+01,2.591177e+01
1.887500e-10,0.000000e+00,0.000000e+00,0.000000e+00,-7.727207e-08,2.898005e-06,8.188300e-08,6.421552e-09,-1.767451e-09,-1.767451e-09,5.280323e-11,3.412022e-11,-6.256083e-12,5.447042e-13,2.648434e+01,2.593803e+01,2.591177e+01
1.888000e-10,0.000000e+00,0.000000e+00,0.000000e+00,-8.474714e-08,2.938564e-06,8.264582e-08,5.293069e-09,-1.567734e-09,-1.567734e-09,2.942648e-11,3.449929e-11,-5.676618e-12,3.809667e-13,2.648429e+01,2.593803e+01,2.591178e+01
1.888500e-10,0.000000e+00,0.000000e+00,0.000000e+00,-9.042531e-08,2.950463e-06,8.138493e-08,4.151166e-09,-1.347479e-09,-1.347479e-09,4.924717e-12,3.457516e-11,-5.039592e-12,2.128271e-13,2.648423e+01,2.593803e+01,2.591178e+01
1.889000e-10,0.000000e+00,0.000000e+00,0.000000e+00,-9.419940e-08,2.934473e-06,7.809929e-08,3.021873e-09,-1.110385e-09,-1.110385e-09,-2.041955e-11,3.435846e-11,-4.353056e-12,4.216205e-14,2.648416e+01,2.593802e+01,2.591178e+01
1.889500e-10,0.000000e+00,0.000000e+00,0.000000e+00,-9.600416e-08,2.891568e-06,7.283529e-08,1.929713e-09,-8.603819e-10,-8.603819e-10,-4.629693e-11,3.386077e-11,-3.625989e-12,-1.292572e-13,2.648407e+01,2.593802e+01,2.591178e+01
1.890000e-10,0.000000e+00,0.000000e+00,0.000000e+00,-9.581706e-08,2.822900e-06,6.568575e-08,8.971992e-10,-6.015557e-10,-6.015557e-10,-7.237568e-11,3.309519e-11,-2.867195e-12,-2.994838e-13,2.648398e+01,2.593802e+01,2.591178e+01
1.890500e-10,0.000000e+00,0.000000e+00,0.000000e+00,-9.365819e-08,2.729777e-06,5.678779e-08,-5.562960e-11,-3.380772e-10,-3.380772e-10,-9.830709e-11,3.207560e-11,-2.086250e-12,-4.666939e-13,2.648388e+01,2.593802e+01,2.591178e+01
1.891000e-10,0.000000e+00,0.000000e+00,0.000000e+00,-8.958914e-08,2.613641e-06,4.631972e-08,-9.115863e-10,-7.412598e-11,-7.412598e-11,-1.237307e-10,3.081660e-11,-1.292361e-12,-6.289231e-13,2.648378e+01,2.593803e+01,2.591179e+01
1.891500e-10,0.000000e+00,0.000000e+00,0.000000e+00,-8.371097e-08,2.476045e-06,3.449702e-08,-1.656649e-09,1.861843e-10,1.861843e-10,-1.482807e-10,2.933286e-11,-4.949656e-13,-7.844000e-13,2.648368e+01,2.593803e+01,2.591179e+01
1.892000e-10,0.000000e+00,0.000000e+00,0.000000e+00,-7.616133e-08,2.318638e-06,2.156740e-08,-2.280192e-09,4.388754e-10,4.388754e-10,-1.715914e-10,2.764022e-11,2.965725e-13,-9.314586e-13,2.648357e+01,2.593804e+01,2.591179e+01
1.892500e-10,0.000000e+00,0.000000e+00,0.000000e+00,-6.711084e-08,2.143145e-06,7.805270e-09,-2.775126e-09,6.801740e-10,6.801740e-10,-1.933048e-10,2.575405e-11,1.073449e-12,-1.068310e-12,2.648346e+01,2.593804e+01,2.591179e+01
1.893000e-10,0.000000e+00,0.000000e+00,0.000000e+00,-5.675888e-08,1.951350e-06,-6.494503e-09,-3.137962e-09,9.065730e-10,9.065730e-10,-2.130756e-10,2.368990e-11,1.826946e-12,-1.193375e-12,2.648336e+01,2.593805e+01,2.591179e+01
1.893500e-10,0.000000e+00,0.000000e+00,0.000000e+00,-4.532875e-08,1.745087e-06,-2.102317e-08,-3.368783e-09,1.114889e-09,1.114889e-09,-2.305787e-10,2.146388e-11,2.548962e-12,-1.305305e-12,2.648327e+01,2.593806e+01,2.591179e+01
1.894000e-10,0.000000e+00,0.000000e+00,0.000000e+00,-3.306254e-08,1.526222e-06,-3.546505e-08,-3.471131e-09,1.302310e-09,1.302310e-09,-2.455146e-10,1.909204e-11,3.231728e-12,-1.402853e-12,2.648318e+01,2.593806e+01,2.591179e+01
1.894500e-10,0.000000e+00,0.000000e+00,0.000000e+00,-2.021572e-08,1.296649e-06,-4.950451e-08,-3.451818e-09,1.466440e-09,1.466440e-09,-2.576157e-10,1.659015e-11,3.868421e-12,-1.484827e-12,2.648310e+01,2.593807e+01,2.591179e+01
1.895000e-10,0.000000e+00,0.000000e+00,0.000000e+00,-7.051507e-09,1.058276e-06,-6.283305e-08,-3.320660e-09,1.605328e-09,1.605328e-09,-2.666509e-10,1.397472e-11,4.452674e-12,-1.550350e-12,2.648304e+01,2.593808e+01,2.591179e+01
1.895500e-10,0.000000e+00,0.000000e+00,0.000000e+00,6.164698e-09,8.130238e-07,-7.515603e-08,-3.090148e-09,1.717496e-09,1.717496e-09,-2.724311e-10,1.126234e-11,4.979138e-12,-1.598650e-12,2.648298e+01,2.593809e+01,2.591179e+01
1.896000e-10,0.000000e+00,0.000000e+00,0.000000e+00,1.917083e-08,5.628182e-07,-8.619920e-08,-2.775056e-09,1.801951e-09,1.801951e-09,-2.748125e-10,8.469819e-12,5.442973e-12,-1.629167e-12,2.648294e+01,2.593809e+01,2.591179e+01
1.896500e-10,0.000000e+00,0.000000e+00,0.000000e+00,3.171348e-08,3.095867e-07,-9.571469e-08,-2.392005e-09,1.858188e-09,1.858188e-09,-2.737008e-10,5.614410e-12,5.840250e-12,-1.641584e-12,2.648292e+01,2.593810e+01,2.591179e+01
1.897000e-10,0.000000e+00,0.000000e+00,0.000000e+00,4.355290e-08,5.525595e-08,-1.034863e-07,-1.958990e-09,1.886191e-09,1.886191e-09,-2.690525e-10,2.713875e-12,6.168006e-12,-1.635779e-12,2.648290e+01,2.593810e+01,2.591179e+01
1.897500e-10,0.000000e+00,0.000000e+00,0.000000e+00,5.446767e-08,-1.982508e-07,-1.093344e-07,-1.494880e-09,1.886417e-09,1.886417e-09,-2.608779e-10,-2.133708e-13,6.424135e-12,-1.611821e-12,2.648291e+01,2.593811e+01,2.591179e+01
1.898000e-10,0.000000e+00,0.000000e+00,0.000000e+00,6.425887e-08,-4.490161e-07,-1.131193e-07,-1.018907e-09,1.859772e-09,1.859772e-09,-2.492405e-10,-3.148281e-12,6.607270e-12,-1.570098e-12,2.648293e+01,2.593811e+01,2.591179e+01
1.898500e-10,0.000000e+00,0.000000e+00,0.000000e+00,7.275369e-08,-6.951315e-07,-1.147445e-07,-5.501523e-10,1.807585e-09,1.807585e-09,-2.342572e-10,-6.071352e-12,6.717042e-12,-1.511029e-12,2.648296e+01,2.593811e+01,2.591179e+01
1.899000e-10,0.000000e+00,0.000000e+00,0.000000e+00,7.980849e-08,-9.347015e-07,-1.141589e-07,-1.070443e-10,1.731568e-09,1.731568e-09,-2.160975e-10,-8.962241e-12,6.753802e-12,-1.435369e-12,2.648300e+01,2.593811e+01,2.591179e+01
1.899500e-10,0.000000e+00,0.000000e+00,0.000000e+00,8.531117e-08,-1.165849e-06,-1.113571e-07,2.931176e-10,1.633775e-09,1.633775e-09,-1.949807e-10,-1.179976e-11,6.718778e-12,-1.344029e-12,2.648306e+01,2.593811e+01,2.591179e+01
1.900000e-10,0.000000e+00,0.000000e+00,0.000000e+00,8.918286e-08,-1.386722e-06,-1.063798e-07,6.346099e-10,1.516550e-09,1.516550e-09,-1.711734e-10,-1.456241e-11,6.614040e-12,-1.238168e-12,2.648313e+01,2.593811e+01,2.591179e+01
1.900500e-10,0.000000e+00,0.000000e+00,0.000000e+00,9.137880e-08,-1.595504e-06,-9.931299e-08,9.036841e-10,1.382480e-09,1.382480e-09,-1.449849e-10,-1.722804e-11,6.441779e-12,-1.118960e-12,2.648321e+01,2.593811e+01,2.591179e+01
1.901000e-10,0.000000e+00,0.000000e+00,0.000000e+00,9.188859e-08,-1.790424e-06,-9.028546e-08,1.088914e-09,1.234331e-09,1.234331e-09,-1.167633e-10,-1.977395e-11,6.205959e-12,-9.878617e-13,2.648330e+01,2.593810e+01,2.591179e+01
1.901500e-10,0.000000e+00,0.000000e+00,0.000000e+00,9.073558e-08,-1.969772e-06,-7.946627e-08,1.181482e-09,1.075000e-09,1.075000e-09,-8.689016e-11,-2.217727e-11,5.909912e-12,-8.464855e-13,2.648340e+01,2.593810e+01,2.591179e+01
1.902000e-10,0.000000e+00,0.000000e+00,0.000000e+00,8.797559e-08,-2.131910e-06,-6.706094e-08,1.175399e-09,9.074489e-10,9.074489e-10,-5.577353e-11,-2.441511e-11,5.558270e-12,-6.963052e-13,2.648350e+01,2.593809e+01,2.591179e+01
1.902500e-10,0.000000e+00,0.000000e+00,0.000000e+00,8.369491e-08,-2.275293e-06,-5.330698e-08,1.067650e-09,7.346504e-10,7.346504e-10,-2.384260e-11,-2.646470e-11,5.155871e-12,-5.393024e-13,2.648360e+01,2.593808e+01,2.591178e+01
1.903000e-10,0.000000e+00,0.000000e+00,0.000000e+00,7.800774e-08,-2.398485e-06,-3.846882e-08,8.582692e-10,5.595328e-10,5.595328e-10,8.459629e-12,-2.830361e-11,4.707838e-12,-3.772486e-13,2.648371e+01,2.593807e+01,2.591178e+01
1.903500e-10,0.000000e+00,0.000000e+00,0.000000e+00,7.105299e-08,-2.500174e-06,-2.283219e-08,5.503362e-10,3.849250e-10,3.849250e-10,4.068311e-11,-2.991029e-11,4.220098e-12,-2.120028e-13,2.648381e+01,2.593806e+01,2.591178e+01
1.904000e-10,0.000000e+00,0.000000e+00,0.000000e+00,6.299077e-08,-2.579195e-06,-6.698103e-09,1.498990e-10,2.135090e-10,2.135090e-10,7.237850e-11,-3.126421e-11,3.697791e-12,-4.537156e-14,2.648391e+01,2.593805e+01,2.591178e+01
1.904500e-10,0.000000e+00,0.000000e+00,0.000000e+00,5.399846e-08,-2.634546e-06,9.623419e-09,-3.341772e-10,4.777497e-11,4.777497e-11,1.031037e-10,-3.234610e-11,3.147579e-12,1.204880e-13,2.648401e+01,2.593804e+01,2.591178e+01
1.905000e-10,0.000000e+00,0.000000e+00,0.000000e+00,4.426659e-08,-2.665405e-06,2.581972e-08,-8.904289e-10,-1.100182e-10,-1.100182e-10,1.324311e-10,-3.313853e-11,2.575130e-12,2.839274e-13,2.648410e+01,2.593803e+01,2.591178e+01
1.905500e-10,0.000000e+00,0.000000e+00,0.000000e+00,3.399471e-08,-2.671140e-06,4.158188e-08,-1.505076e-09,-2.578745e-10,-2.578745e-10,1.599551e-10,-3.362614e-11,1.986439e-12,4.429646e-13,2.648418e+01,2.593802e+01,2.591178e+01
1.906000e-10,0.000000e+00,0.000000e+00,0.000000e+00,2.338721e-08,-2.651334e-06,5.661097e-08,-2.162362e-09,-3.940877e-10,-3.940877e-10,1.852971e-10,-3.379604e-11,1.387875e-12,5.959160e-13,2.648425e+01,2.593801e+01,2.591178e+01
1.906500e-10,0.000000e+00,0.000000e+00,0.000000e+00,1.264933e-08,-2.605784e-06,7.062396e-08,-2.844938e-09,-5.172599e-10,-5.172599e-10,2.081125e-10,-3.363800e-11,7.852594e-13,7.409927e-13,2.648431e+01,2.593800e+01,2.591178e+01
1.907000e-10,0.000000e+00,0.000000e+00,0.000000e+00,1.983353e-09,-2.534522e-06,8.335927e-08,-3.534291e-09,-6.263137e-10,-6.263137e-10,2.280958e-10,-3.314495e-11,1.845028e-13,8.767216e-13,2.648436e+01,2.593799e+01,2.591178e+01
1.907500e-10,0.000000e+00,0.000000e+00,0.000000e+00,-8.414871e-09,-2.437816e-06,9.458181e-08,-4.211198e-09,-7.204965e-10,-7.204965e-10,2.449852e-10,-3.231318e-11,-4.088175e-13,1.001542e-12,2.648439e+01,2.593798e+01,2.591178e+01
1.908000e-10,0.000000e+00,0.000000e+00,0.000000e+00,-1.835911e-08,-2.316180e-06,1.040874e-07,-4.856196e-09,-7.993789e-10,-7.993789e-10,2.585660e-10,-3.114267e-11,-9.892823e-13,1.114243e-12,2.648442e+01,2.593797e+01,2.591178e+01
1.908500e-10,0.000000e+00,0.000000e+00,0.000000e+00,-2.767554e-08,-2.170376e-06,1.117065e-07,-5.450061e-09,-8.628442e-10,-8.628442e-10,2.686745e-10,-2.963701e-11,-1.551577e-12,1.213632e-12,2.648443e+01,2.593797e+01,2.591178e+01
1.909000e-10,0.000000e+00,0.000000e+00,0.000000e+00,-3.620524e-08,-2.001418e-06,1.173071e-07,-5.974289e-09,-9.110738e-10,-9.110738e-10,2.751991e-10,-2.780401e-11,-2.090950e-12,1.298745e-12,2.648442e+01,2.593797e+01,2.591178e+01
1.909500e-10,0.000000e+00,0.000000e+00,0.000000e+00,-4.380626e-08,-1.810574e-06,1.207972e-07,-6.411551e-09,-9.445261e-10,-9.445261e-10,2.780826e-10,-2.565583e-11,-2.602945e-12,1.368723e-12,2.648441e+01,2.593796e+01,2.591178e+01
1.910000e-10,0.000000e+00,0.000000e+00,0.000000e+00,-5.035550e-08,-1.599360e-06,1.221257e-07,-6.746130e-09,-9.639091e-10,-9.639091e-10,2.773220e-10,-2.320779e-11,-3.083126e-12,1.422987e-12,2.648438e+01,2.593796e+01,2.591178e+01
1.910500e-10,0.000000e+00,0.000000e+00,0.000000e+00,-5.575016e-08,-1.369541e-06,1.212834e-07,-6.964320e-09,-9.701501e-10,-9.701501e-10,2.729678e-10,-2.048039e-11,-3.527985e-12,1.461080e-12,2.648434e+01,2.593796e+01,2.591178e+01
1.911000e-10,0.000000e+00,0.000000e+00,0.000000e+00,-5.990905e-08,-1.123123e-06,1.183025e-07,-7.054782e-09,-9.643614e-10,-9.643614e-10,2.651226e-10,-1.749767e-11,-3.933996e-12,1.482757e-12,2.648429e+01,2.593797e+01,2.591178e+01
1.911500e-10,0.000000e+00,0.000000e+00,0.000000e+00,-6.277365e-08,-8.623449e-07,1.132554e-07,-7.008848e-09,-9.478031e-10,-9.478031e-10,2.539394e-10,-1.428748e-11,-4.298109e-12,1.488001e-12,2.648423e+01,2.593797e+01,2.591178e+01
1.912000e-10,0.000000e+00,0.000000e+00,0.000000e+00,-6.430889e-08,-5.896636e-07,1.062528e-07,-6.820760e-09,-9.218443e-10,-9.218443e-10,2.396173e-10,-1.088114e-11,-4.617937e-12,1.476934e-12,2.648416e+01,2.593798e+01,2.591178e+01
1.912500e-10,0.000000e+00,0.000000e+00,0.000000e+00,-6.450379e-08,-3.077419e-07,9.744146e-08,-6.487853e-09,-8.879242e-10,-8.879242e-10,2.223989e-10,-7.314081e-12,-4.891113e-12,1.449820e-12,2.648408e+01,2.593799e+01,2.591178e+01
1.913000e-10,0.000000e+00,0.000000e+00,0.000000e+00,-6.337178e-08,-1.942717e-08,8.700051e-08,-6.010663e-09,-8.475123e-10,-8.475123e-10,2.025646e-10,-3.623428e-12,-5.115849e-12,1.407290e-12,2.648400e+01,2.593800e+01,2.591178e+01
1.913500e-10,0.000000e+00,0.000000e+00,0.000000e+00,-6.095085e-08,2.722727e-07,7.513796e-08,-5.392963e-09,-8.020703e-10,-8.020703e-10,1.804286e-10,1.498998e-13,-5.290951e-12,1.349905e-12,2.648392e+01,2.593801e+01,2.591178e+01
1.914000e-10,0.000000e+00,0.000000e+00,0.000000e+00,-5.730327e-08,5.642171e-07,6.208623e-08,-4.641735e-09,-7.530165e-10,-7.530165e-10,1.563328e-10,3.963794e-12,-5.415456e-12,1.278576e-12,2.648383e+01,2.593802e+01,2.591178e+01
1.914500e-10,0.000000e+00,0.000000e+00,0.000000e+00,-5.251502e-08,8.531649e-07,4.809747e-08,-3.767057e-09,-7.016919e-10,-7.016919e-10,1.306406e-10,7.774426e-12,-5.488766e-12,1.194182e-12,2.648374e+01,2.593803e+01,2.591178e+01
1.915000e-10,0.000000e+00,0.000000e+00,0.000000e+00,-4.669478e-08,1.135812e-06,3.343857e-08,-2.781935e-09,-6.493306e-10,-6.493306e-10,1.037319e-10,1.153649e-11,-5.510846e-12,1.097950e-12,2.648366e+01,2.593804e+01,2.591178e+01
1.915500e-10,0.000000e+00,0.000000e+00,0.000000e+00,-3.997237e-08,1.408831e-06,1.838584e-08,-1.702061e-09,-5.970343e-10,-5.970343e-10,7.599509e-11,1.520547e-11,-5.481961e-12,9.910186e-13,2.648357e+01,2.593805e+01,2.591178e+01
1.916000e-10,0.000000e+00,0.000000e+00,0.000000e+00,-3.249682e-08,1.668915e-06,3.219733e-09,-5.455100e-10,-5.457502e-10,-5.457502e-10,4.782271e-11,1.873561e-11,-5.402810e-12,8.746696e-13,2.648349e+01,2.593807e+01,2.591178e+01
1.916500e-10,0.000000e+00,0.000000e+00,0.000000e+00,-2.443374e-08,1.912828e-06,-1.178060e-08,6.676093e-10,-4.962565e-10,-4.962565e-10,1.960384e-11,2.208348e-11,-5.274325e-12,7.504283e-13,2.648342e+01,2.593808e+01,2.591178e+01
1.917000e-10,0.000000e+00,0.000000e+00,0.000000e+00,-1.596222e-08,2.137446e-06,-2.634256e-08,1.915559e-09,-4.491499e-10,-4.491499e-10,-8.281615e-12,2.520631e-11,-5.098205e-12,6.195927e-13,2.648336e+01,2.593809e+01,2.591178e+01
1.917500e-10,0.000000e+00,0.000000e+00,0.000000e+00,-7.271233e-09,2.339814e-06,-4.020527e-08,3.175406e-09,-4.048411e-10,-4.048411e-10,-3.546774e-11,2.806382e-11,-4.875890e-12,4.837937e-13,2.648330e+01,2.593811e+01,2.591178e+01
1.918000e-10,0.000000e+00,0.000000e+00,0.000000e+00,1.444456e-09,2.517189e-06,-5.312439e-08,4.423490e-09,-3.635547e-10,-3.635547e-10,-6.160912e-11,3.061843e-11,-4.609834e-12,3.445222e-13,2.648325e+01,2.593812e+01,2.591178e+01
1.918500e-10,0.000000e+00,0.000000e+00,0.000000e+00,9.988776e-09,2.667090e-06,-6.487666e-08,5.635909e-09,-3.253337e-10,-3.253337e-10,-8.638509e-11,3.283601e-11,-4.302177e-12,2.032863e-13,2.648321e+01,2.593813e+01,2.591178e+01
1.919000e-10,0.000000e+00,0.000000e+00,0.000000e+00,1.816905e-08,2.787342e-06,-7.526397e-08,6.789007e-09,-2.900505e-10,-2.900505e-10,-1.095037e-10,3.468621e-11,-3.955937e-12,6.176986e-14,2.648318e+01,2.593814e+01,2.591178e+01
1.919500e-10,0.000000e+00,0.000000e+00,0.000000e+00,2.580084e-08,2.876116e-06,-8.411690e-08,7.859869e-09,-2.574211e-10,-2.574211e-10,-1.307055e-10,3.614326e-11,-3.574321e-12,-7.872938e-14,2.648317e+01,2.593814e+01,2.591178e+01
1.920000e-10,0.000000e+00,0.000000e+00,0.000000e+00,3.271274e-08,2.931965e-06,-9.129773e-08,8.826792e-09,-2.270242e-10,-2.270242e-10,-1.497674e-10,3.718607e-11,-3.160189e-12,-2.165803e-13,2.648316e+01,2.593815e+01,2.591178e+01
1.920500e-10,0.000000e+00,0.000000e+00,0.000000e+00,3.875096e-08,2.953852e-06,-9.670277e-08,9.669744e-09,-1.983235e-10,-1.983235e-10,-1.665032e-10,3.779842e-11,-2.717698e-12,-3.504326e-13,2.648316e+01,2.593815e+01,2.591178e+01
1.921000e-10,0.000000e+00,0.000000e+00,0.000000e+00,4.378353e-08,2.941174e-06,-1.002641e-07,1.037078e-08,-1.706938e-10,-1.706938e-10,-1.807666e-10,3.797048e-11,-2.250408e-12,-4.789356e-13,2.648318e+01,2.593816e+01,2.591178e+01
1.921500e-10,0.000000e+00,0.000000e+00,0.000000e+00,4.770394e-08,2.893778e-06,-1.019504e-07,1.091444e-08,-1.434471e-10,-1.434471e-10,-1.924516e-10,3.769699e-11,-1.762773e-12,-6.008267e-13,2.648320e+01,2.593816e+01,2.591178e+01
1.922000e-10,0.000000e+00,0.000000e+00,0.000000e+00,5.043409e-08,2.811967e-06,-1.017673e-07,1.128804e-08,-1.158635e-10,-1.158635e-10,-2.014925e-10,3.697913e-11,-1.258670e-12,-7.148607e-13,2.648324e+01,2.593816e+01,2.591178e+01
1.922500e-10,0.000000e+00,0.000000e+00,0.000000e+00,5.192642e-08,2.696503e-06,-9.975700e-08,1.148199e-08,-8.721937e-11,-8.721937e-11,-2.078633e-10,3.582399e-11,-7.429921e-13,-8.201606e-13,2.648328e+01,2.593815e+01,2.591178e+01
1.923000e-10,0.000000e+00,0.000000e+00,0.000000e+00,5.216516e-08,2.548595e-06,-9.599660e-08,1.149000e-08,-5.681759e-11,-5.681759e-11,-2.115764e-10,3.424400e-11,-2.200705e-13,-9.155689e-13,2.648333e+01,2.593815e+01,2.591178e+01
1.923500e-10,0.000000e+00,0.000000e+00,0.000000e+00,5.116655e-08,2.369892e-06,-9.059654e-08,1.130918e-08,-2.401578e-11,-2.401578e-11,-2.126815e-10,3.225737e-11,3.053416e-13,-1.000472e-12,2.648338e+01,2.593814e+01,2.591178e+01
1.924000e-10,0.000000e+00,0.000000e+00,0.000000e+00,4.897820e-08,2.162456e-06,-8.369781e-08,1.094020e-08,1.174618e-11,1.174618e-11,-2.112619e-10,2.988821e-11,8.282106e-13,-1.074027e-12,2.648344e+01,2.593814e+01,2.591178e+01
1.924500e-10,0.000000e+00,0.000000e+00,0.000000e+00,4.567743e-08,1.928737e-06,-7.546871e-08,1.038722e-08,5.092239e-11,5.092239e-11,-2.074330e-10,2.716493e-11,1.343819e-12,-1.135569e-12,2.648350e+01,2.593813e+01,2.591178e+01
1.925000e-10,0.000000e+00,0.000000e+00,0.000000e+00,4.136884e-08,1.671539e-06,-6.610106e-08,9.657874e-09,9.383851e-11,9.383851e-11,-2.013380e-10,2.412143e-11,1.847431e-12,-1.184887e-12,2.648356e+01,2.593812e+01,2.591178e+01
1.925500e-10,0.000000e+00,0.000000e+00,0.000000e+00,3.618105e-08,1.393989e-06,-5.580595e-08,8.763121e-09,1.406746e-10,1.406746e-10,-1.931447e-10,2.079536e-11,2.334083e-12,-1.221542e-12,2.648363e+01,2.593811e+01,2.591178e+01
1.926000e-10,0.000000e+00,0.000000e+00,0.000000e+00,3.026293e-08,1.099486e-06,-4.480903e-08,7.717045e-09,1.914506e-10,1.914506e-10,-1.830415e-10,1.722832e-11,2.799146e-12,-1.245359e-12,2.648369e+01,2.593810e+01,2.591178e+01
1.926500e-10,0.000000e+00,0.000000e+00,0.000000e+00,2.377923e-08,7.916638e-07,-3.334567e-08,6.536597e-09,2.460173e-10,2.460173e-10,-1.712336e-10,1.346492e-11,3.238059e-12,-1.256303e-12,2.648375e+01,2.593809e+01,2.591178e+01
1.927000e-10,0.000000e+00,0.000000e+00,0.000000e+00,1.690604e-08,4.743399e-07,-2.165582e-08,5.241277e-09,3.040516e-10,3.040516e-10,-1.579388e-10,9.552650e-12,3.646316e-12,-1.254444e-12,2.648380e+01,2.593807e+01,2.591178e+01
1.927500e-10,0.000000e+00,0.000000e+00,0.000000e+00,9.825987e-09,1.514659e-07,-9.978865e-09,3.852764e-09,3.650555e-10,3.650555e-10,-1.433828e-10,5.540451e-12,4.019793e-12,-1.240045e-12,2.648385e+01,2.593806e+01,2.591178e+01
1.928000e-10,0.000000e+00,0.000000e+00,0.000000e+00,2.723501e-09,-1.729251e-07,1.451401e-09,2.394502e-09,4.283632e-10,4.283632e-10,-1.277963e-10,1.478565e-12,4.354617e-12,-1.213369e-12,2.648390e+01,2.593805e+01,2.591179e+01
1.928500e-10,0.000000e+00,0.000000e+00,0.000000e+00,-4.219824e-09,-4.947713e-07,1.241171e-08,8.912605e-10,4.931484e-10,4.931484e-10,-1.114097e-10,-2.581952e-12,4.647226e-12,-1.174925e-12,2.648394e+01,2.593804e+01,2.591179e+01
1.929000e-10,0.000000e+00,0.000000e+00,0.000000e+00,-1.082962e-08,-8.100375e-07,2.269391e-08,-6.313419e-10,5.584403e-10,5.584403e-10,-9.445086e-11,-6.590889e-12,4.894130e-12,-1.125187e-12,2.648396e+01,2.593802e+01,2.591179e+01
1.929500e-10,0.000000e+00,0.000000e+00,0.000000e+00,-1.694279e-08,-1.114769e-06,3.210920e-08,-2.147322e-09,6.231421e-10,6.231421e-10,-7.714090e-11,-1.049861e-11,5.092821e-12,-1.064802e-12,2.648399e+01,2.593801e+01,2.591179e+01
1.930000e-10,0.000000e+00,0.000000e+00,0.000000e+00,-2.241116e-08,-1.405148e-06,4.049185e-08,-3.630823e-09,6.860519e-10,6.860519e-10,-5.969088e-11,-1.425705e-11,5.240774e-12,-9.944912e-13,2.648400e+01,2.593800e+01,2.591179e+01
1.930500e-10,0.000000e+00,0.000000e+00,0.000000e+00,-2.710469e-08,-1.677544e-06,4.770237e-08,-5.056606e-09,7.458907e-10,7.458907e-10,-4.230043e-11,-1.782069e-11,5.335849e-12,-9.151129e-13,2.648400e+01,2.593800e+01,2.591179e+01
1.931000e-10,0.000000e+00,0.000000e+00,0.000000e+00,-3.091412e-08,-1.928568e-06,5.363007e-08,-6.400521e-09,8.013296e-10,8.013296e-10,-2.515412e-11,-2.114683e-11,5.377134e-12,-8.275617e-13,2.648400e+01,2.593799e+01,2.591179e+01
1.931500e-10,0.000000e+00,0.000000e+00,0.000000e+00,-3.375317e-08,-2.155119e-06,5.819495e-08,-7.639960e-09,8.510208e-10,8.510208e-10,-8.420431e-12,-2.419595e-11,5.363279e-12,-7.327497e-13,2.648399e+01,2.593798e+01,2.591179e+01
1.932000e-10,0.000000e+00,0.000000e+00,0.000000e+00,-3.556022e-08,-2.354430e-06,6.134878e-08,-8.754273e-09,8.936302e-10,8.936302e-10,7.749995e-12,-2.693311e-11,5.294424e-12,-6.316941e-13,2.648397e+01,2.593798e+01,2.591179e+01
1.932500e-10,0.000000e+00,0.000000e+00,0.000000e+00,-3.629933e-08,-2.524109e-06,6.307562e-08,-9.725149e-09,9.278692e-10,9.278692e-10,2.322422e-11,-2.932730e-11,5.170446e-12,-5.254296e-13,2.648395e+01,2.593797e+01,2.591179e+01
1.933000e-10,0.000000e+00,0.000000e+00,0.000000e+00,-3.596089e-08,-2.662171e-06,6.339143e-08,-1.053695e-08,9.525284e-10,9.525284e-10,3.788916e-11,-3.135229e-11,4.992344e-12,-4.149384e-13,2.648392e+01,2.593797e+01,2.591179e+01
1.933500e-10,0.000000e+00,0.000000e+00,0.000000e+00,-3.456155e-08,-2.767068e-06,6.234310e-08,-1.117696e-08,9.665088e-10,9.665088e-10,5.165000e-11,-3.298751e-11,4.761733e-12,-3.015007e-13,2.648388e+01,2.593797e+01,2.591179e+01
1.934000e-10,0.000000e+00,0.000000e+00,0.000000e+00,-3.214372e-08,-2.837707e-06,6.000671e-08,-1.163566e-08,9.688519e-10,9.688519e-10,6.443080e-11,-3.421706e-11,4.480296e-12,-1.860813e-13,2.648384e+01,2.593797e+01,2.591179e+01
1.934500e-10,0.000000e+00,0.000000e+00,0.000000e+00,-2.877443e-08,-2.873469e-06,5.648524e-08,-1.190682e-08,9.587679e-10,9.587679e-10,7.617326e-11,-3.503080e-11,4.151068e-12,-6.980239e-14,2.648380e+01,2.593798e+01,2.591179e+01
1.935000e-10,0.000000e+00,0.000000e+00,0.000000e+00,-2.454373e-08,-2.874205e-06,5.190560e-08,-1.198761e-08,9.356606e-10,9.356606e-10,8.683579e-11,-3.542426e-11,3.776976e-12,4.614324e-14,2.648376e+01,2.593798e+01,2.591179e+01
1.935500e-10,0.000000e+00,0.000000e+00,0.000000e+00,-1.956246e-08,-2.840244e-06,4.641528e-08,-1.187865e-08,8.991476e-10,8.991476e-10,9.639232e-11,-3.539813e-11,3.361739e-12,1.607384e-13,2.648371e+01,2.593798e+01,2.591179e+01
1.936000e-10,0.000000e+00,0.000000e+00,0.000000e+00,-1.395962e-08,-2.772371e-06,4.017848e-08,-1.158391e-08,8.490788e-10,8.490788e-10,1.048306e-10,-3.495862e-11,2.909602e-12,2.729133e-13,2.648367e+01,2.593799e+01,2.591179e+01
1.936500e-10,0.000000e+00,0.000000e+00,0.000000e+00,-7.879242e-09,-2.671818e-06,3.337199e-08,-1.111064e-08,7.855473e-10,7.855473e-10,1.121503e-10,-3.411734e-11,2.425317e-12,3.815280e-13,2.648363e+01,2.593800e+01,2.591179e+01
1.937000e-10,0.000000e+00,0.000000e+00,0.000000e+00,-1.476843e-09,-2.540235e-06,2.618083e-08,-1.046919e-08,7.088983e-10,7.088983e-10,1.183616e-10,-3.289050e-11,1.913673e-12,4.857054e-13,2.648359e+01,2.593800e+01,2.591179e+01
1.937500e-10,0.000000e+00,0.000000e+00,0.000000e+00,5.084395e-09,-2.379657e-06,1.879371e-08,-9.672756e-09,6.197302e-10,6.197302e-10,1.234829e-10,-3.129904e-11,1.380526e-12,5.844635e-13,2.648356e+01,2.593801e+01,2.591179e+01
1.938000e-10,0.000000e+00,0.000000e+00,0.000000e+00,1.163769e-08,-2.192472e-06,1.139859e-08,-8.737122e-09,5.188918e-10,5.188918e-10,1.275394e-10,-2.936829e-11,8.311922e-13,6.769429e-13,2.648353e+01,2.593802e+01,2.591179e+01
1.938500e-10,0.000000e+00,0.000000e+00,0.000000e+00,1.801684e-08,-1.981378e-06,4.178209e-09,-7.680318e-09,4.074752e-10,4.074752e-10,1.305608e-10,-2.712744e-11,2.720013e-13,7.622316e-13,2.648350e+01,2.593803e+01,2.591179e+01
1.939000e-10,0.000000e+00,0.000000e+00,0.000000e+00,2.406040e-08,-1.749334e-06,-2.694123e-09,-6.522245e-09,2.868002e-10,2.868002e-10,1.325801e-10,-2.460859e-11,-2.911181e-13,8.396631e-13,2.648349e+01,2.593804e+01,2.591179e+01
1.939500e-10,0.000000e+00,0.000000e+00,0.000000e+00,2.961572e-08,-1.499523e-06,-9.058462e-09,-5.284279e-09,1.583973e-10,1.583973e-10,1.336316e-10,-2.184703e-11,-8.520452e-13,9.085536e-13,2.648348e+01,2.593805e+01,2.591178e+01
1.940000e-10,0.000000e+00,0.000000e+00,0.000000e+00,3.454278e-08,-1.235295e-06,-1.477181e-08,-3.988840e-09,2.398356e-11,2.398356e-11,1.337498e-10,-1.888013e-11,-1.404115e-12,9.681487e-13,2.648347e+01,2.593806e+01,2.591178e+01
1.940500e-10,0.000000e+00,0.000000e+00,0.000000e+00,3.871764e-08,-9.601190e-07,-1.971120e-08,-2.658958e-09,-1.145641e-10,-1.145641e-10,1.329685e-10,-1.574724e-11,-1.941594e-12,1.018080e-12,2.648348e+01,2.593806e+01,2.591178e+01
1.941000e-10,0.000000e+00,0.000000e+00,0.000000e+00,4.203540e-08,-6.775386e-07,-2.377632e-08,-1.317821e-09,-2.552410e-10,-2.552410e-10,1.313194e-10,-1.248835e-11,-2.458079e-12,1.057804e-12,2.648349e+01,2.593807e+01,2.591178e+01
1.941500e-10,0.000000e+00,0.000000e+00,0.000000e+00,4.441268e-08,-3.911177e-07,-2.689151e-08,1.166065e-11,-3.959483e-10,-3.959483e-10,1.288322e-10,-9.144534e-12,-2.947941e-12,1.087111e-12,2.648351e+01,2.593808e+01,2.591178e+01
1.942000e-10,0.000000e+00,0.000000e+00,0.000000e+00,4.578949e-08,-1.043955e-07,-2.900711e-08,1.307284e-09,-5.345305e-10,-5.345305e-10,1.255331e-10,-5.756751e-12,-3.405375e-12,1.105579e-12,2.648353e+01,2.593809e+01,2.591178e+01
1.942500e-10,0.000000e+00,0.000000e+00,0.000000e+00,4.613034e-08,1.791595e-07,-3.010027e-08,2.547961e-09,-6.688131e-10,-6.688131e-10,1.214467e-10,-2.365003e-12,-3.825452e-12,1.113278e-12,2.648356e+01,2.593809e+01,2.591178e+01
1.943000e-10,0.000000e+00,0.000000e+00,0.000000e+00,4.542484e-08,4.561930e-07,-3.017495e-08,3.714096e-09,-7.966431e-10,-7.966431e-10,1.165936e-10,9.909484e-13,-4.202981e-12,1.109963e-12,2.648359e+01,2.593809e+01,2.591178e+01
1.943500e-10,0.000000e+00,0.000000e+00,0.000000e+00,4.368754e-08,7.235055e-07,-2.926143e-08,4.787927e-09,-9.159275e-10,-9.159275e-10,1.109936e-10,4.273765e-12,-4.533981e-12,1.095792e-12,2.648363e+01,2.593810e+01,2.591178e+01
1.944000e-10,0.000000e+00,0.000000e+00,0.000000e+00,4.095718e-08,9.780901e-07,-2.741507e-08,5.753824e-09,-1.024674e-09,-1.024674e-09,1.046644e-10,7.447179e-12,-4.814366e-12,1.070870e-12,2.648366e+01,2.593810e+01,2.591177e+01
1.944500e-10,0.000000e+00,0.000000e+00,0.000000e+00,3.729532e-08,1.217166e-06,-2.471452e-08,6.598535e-09,-1.121026e-09,-1.121026e-09,9.762335e-11,1.047787e-11,-5.041136e-12,1.035513e-12,2.648371e+01,2.593810e+01,2.591177e+01
1.945000e-10,0.000000e+00,0.000000e+00,0.000000e+00,3.278451e-08,1.438210e-06,-2.125939e-08,7.311389e-09,-1.203301e-09,-1.203301e-09,8.988822e-11,1.333520e-11,-5.211626e-12,9.899663e-13,2.648375e+01,2.593810e+01,2.591177e+01
1.945500e-10,0.000000e+00,0.000000e+00,0.000000e+00,2.752597e-08,1.638980e-06,-1.716744e-08,7.884436e-09,-1.270022e-09,-1.270022e-09,8.147858e-11,1.599096e-11,-5.323871e-12,9.348610e-13,2.648379e+01,2.593810e+01,2.591177e+01
1.946000e-10,0.000000e+00,0.000000e+00,0.000000e+00,2.163693e-08,1.817538e-06,-1.257140e-08,8.312527e-09,-1.319944e-09,-1.319944e-09,7.241707e-11,1.842124e-11,-5.376731e-12,8.704955e-13,2.648383e+01,2.593810e+01,2.591177e+01
1.946500e-10,0.000000e+00,0.000000e+00,0.000000e+00,1.524767e-08,1.972268e-06,-7.615355e-09,8.593343e-09,-1.352084e-09,-1.352084e-09,6.273034e-11,2.060398e-11,-5.369470e-12,7.976589e-13,2.648386e+01,2.593810e+01,2.591177e+01
1.947000e-10,0.000000e+00,0.000000e+00,0.000000e+00,8.498398e-09,2.101885e-06,-2.451080e-09,8.727364e-09,-1.365737e-09,-1.365737e-09,5.245050e-11,2.252257e-11,-5.302562e-12,7.169653e-13,2.648390e+01,2.593809e+01,2.591177e+01
1.947500e-10,0.000000e+00,0.000000e+00,0.000000e+00,1.535959e-09,2.205443e-06,2.765934e-09,8.717775e-09,-1.360492e-09,-1.360492e-09,4.161677e-11,2.416240e-11,-5.176742e-12,6.292388e-13,2.648393e+01,2.593809e+01,2.591177e+01
1.948000e-10,0.000000e+00,0.000000e+00,0.000000e+00,-5.489416e-09,2.282338e-06,7.880382e-09,8.570333e-09,-1.336242e-09,-1.336242e-09,3.027554e-11,2.551330e-11,-4.993572e-12,5.353738e-13,2.648395e+01,2.593808e+01,2.591177e+01
1.948500e-10,0.000000e+00,0.000000e+00,0.000000e+00,-1.242739e-08,2.332302e-06,1.274104e-08,8.293169e-09,-1.293191e-09,-1.293191e-09,1.848238e-11,2.656872e-11,-4.755402e-12,4.362474e-13,2.648397e+01,2.593808e+01,2.591177e+01
1.949000e-10,0.000000e+00,0.000000e+00,0.000000e+00,-1.913070e-08,2.355399e-06,1.720449e-08,7.896561e-09,-1.231846e-09,-1.231846e-09,6.302209e-12,2.732534e-11,-4.465038e-12,3.328417e-13,2.648398e+01,2.593808e+01,2.591177e+01
1.949500e-10,0.000000e+00,0.000000e+00,0.000000e+00,-2.545813e-08,2.352009e-06,2.113864e-08,7.392653e-09,-1.153017e-09,-1.153017e-09,-6.190174e-12,2.778333e-11,-4.126198e-12,2.261562e-13,2.648398e+01,2.593807e+01,2.591178e+01
1.950000e-10,0.000000e+00,0.000000e+00,0.000000e+00,-3.127740e-08,2.322815e-06,2.442589e-08,6.795160e-09,-1.057800e-09,-1.057800e-09,-1.890961e-11,2.794626e-11,-3.742671e-12,1.172610e-13,2.648398e+01,2.593807e+01,2.591178e+01
1.950500e-10,0.000000e+00,0.000000e+00,0.000000e+00,-3.646765e-08,2.268781e-06,2.696595e-08,6.119036e-09,-9.475581e-10,-9.475581e-10,-3.176065e-11,2.782064e-11,-3.319419e-12,7.313467e-15,2.648397e+01,2.593806e+01,2.591178e+01
1.951000e-10,0.000000e+00,0.000000e+00,0.000000e+00,-4.092184e-08,2.191128e-06,2.867816e-08,5.380126e-09,-8.239036e-10,-8.239036e-10,-4.463828e-11,2.741587e-11,-2.861284e-12,-1.026691e-13,2.648395e+01,2.593806e+01,2.591178e+01
1.951500e-10,0.000000e+00,0.000000e+00,0.000000e+00,-4.454863e-08,2.091311e-06,2.950341e-08,4.594817e-09,-6.886659e-10,-6.886659e-10,-5.742778e-11,2.674384e-11,-2.373825e-12,-2.115118e-13,2.648393e+01,2.593805e+01,2.591178e+01
1.952000e-10,0.000000e+00,0.000000e+00,0.000000e+00,-4.727415e-08,1.970991e-06,2.940541e-08,3.779677e-09,-5.438624e-10,-5.438624e-10,-7.000622e-11,2.581859e-11,-1.862794e-12,-3.181446e-13,2.648390e+01,2.593805e+01,2.591178e+01
1.952500e-10,0.000000e+00,0.000000e+00,0.000000e+00,-4.904318e-08,1.832003e-06,2.837151e-08,2.951111e-09,-3.916631e-10,-3.916631e-10,-8.224383e-11,2.465668e-11,-1.334103e-12,-4.215328e-13,2.648386e+01,2.593805e+01,2.591178e+01
1.953000e-10,0.000000e+00,0.000000e+00,0.000000e+00,-4.982016e-08,1.676330e-06,2.641286e-08,2.125021e-09,-2.343534e-10,-2.343534e-10,-9.400469e-11,2.327584e-11,-7.940987e-13,-5.204312e-13,2.648382e+01,2.593804e+01,2.591178e+01
1.953500e-10,0.000000e+00,0.000000e+00,0.000000e+00,-4.958969e-08,1.506071e-06,2.356411e-08,1.316493e-09,-7.429514e-11,-7.429514e-11,-1.051499e-10,2.169562e-11,-2.489385e-13,-6.139980e-13,2.648378e+01,2.593804e+01,2.591178e+01
1.954000e-10,0.000000e+00,0.000000e+00,0.000000e+00,-4.835667e-08,1.323411e-06,1.988248e-08,5.395099e-10,8.611479e-11,8.611479e-11,-1.155376e-10,1.993663e-11,2.952045e-13,-7.011633e-13,2.648373e+01,2.593804e+01,2.591178e+01
1.954500e-10,0.000000e+00,0.000000e+00,0.000000e+00,-4.614605e-08,1.130591e-06,1.544636e-08,-1.933046e-10,2.444846e-10,2.444846e-10,-1.250276e-10,1.802042e-11,8.319112e-13,-7.810502e-13,2.648368e+01,2.593804e+01,2.591179e+01
1.955000e-10,0.000000e+00,0.000000e+00,0.000000e+00,-4.300222e-08,9.298822e-07,1.035339e-08,-8.709034e-10,3.984684e-10,3.984684e-10,-1.334814e-10,1.596903e-11,1.355078e-12,-8.528169e-13,2.648362e+01,2.593804e+01,2.591179e+01
1.955500e-10,0.000000e+00,0.000000e+00,0.000000e+00,-3.898797e-08,7.235563e-07,4.718144e-09,-1.483992e-09,5.458060e-10,5.458060e-10,-1.407664e-10,1.380498e-11,1.859094e-12,-9.156741e-13,2.648357e+01,2.593804e+01,2.591179e+01
1.956000e-10,0.000000e+00,0.000000e+00,0.000000e+00,-3.418314e-08,5.138632e-07,-1.330585e-09,-2.025160e-09,6.843606e-10,6.843606e-10,-1.467576e-10,1.155093e-11,2.338275e-12,-9.689554e-13,2.648352e+01,2.593804e+01,2.591179e+01
1.956500e-10,0.000000e+00,0.000000e+00,0.000000e+00,-2.868294e-08,3.030063e-07,-7.652787e-09,-2.488965e-09,8.121531e-10,8.121531e-10,-1.513402e-10,9.229525e-12,2.787325e-12,-1.012117e-12,2.648347e+01,2.593804e+01,2.591179e+01
1.957000e-10,0.000000e+00,0.000000e+00,0.000000e+00,-2.259595e-08,9.312240e-08,-1.410050e-08,-2.871973e-09,9.273957e-10,9.273957e-10,-1.544122e-10,6.862838e-12,3.201545e-12,-1.044581e-12,2.648343e+01,2.593805e+01,2.591179e+01
1.957500e-10,0.000000e+00,0.000000e+00,0.000000e+00,-1.604185e-08,-1.137371e-07,-2.052123e-08,-3.172752e-09,1.028518e-09,1.028518e-09,-1.558868e-10,4.472825e-12,3.576496e-12,-1.066118e-12,2.648338e+01,2.593805e+01,2.591179e+01
1.958000e-10,0.000000e+00,0.000000e+00,0.000000e+00,-9.149003e-09,-3.156221e-07,-2.676143e-08,-3.391812e-09,1.114193e-09,1.114193e-09,-1.556947e-10,2.080778e-12,3.908443e-12,-1.076395e-12,2.648335e+01,2.593805e+01,2.591179e+01
1.958500e-10,0.000000e+00,0.000000e+00,0.000000e+00,-2.051783e-09,-5.106980e-07,-3.267005e-08,-3.531515e-09,1.183355e-09,1.183355e-09,-1.537857e-10,-2.928719e-13,4.194107e-12,-1.075395e-12,2.648332e+01,2.593805e+01,2.591179e+01
1.959000e-10,0.000000e+00,0.000000e+00,0.000000e+00,5.112129e-09,-6.972570e-07,-3.810196e-08,-3.595933e-09,1.235215e-09,1.235215e-09,-1.501310e-10,-2.628253e-12,4.430768e-12,-1.062943e-12,2.648329e+01,2.593806e+01,2.591179e+01
1.959500e-10,0.000000e+00,0.000000e+00,0.000000e+00,1.220455e-08,-8.737275e-07,-4.292122e-08,-3.590682e-09,1.269269e-09,1.269269e-09,-1.447238e-10,-4.906863e-12,4.616253e-12,-1.039284e-12,2.648327e+01,2.593806e+01,2.591179e+01
1.960000e-10,0.000000e+00,0.000000e+00,0.000000e+00,1.908957e-08,-1.038682e-06,-4.700422e-08,-3.522712e-09,1.285304e-09,1.285304e-09,-1.375816e-10,-7.110601e-12,4.749264e-12,-1.004698e-12,2.648326e+01,2.593806e+01,2.591179e+01
1.960500e-10,0.000000e+00,0.000000e+00,0.000000e+00,2.563627e-08,-1.190840e-06,-5.024241e-08,-3.400083e-09,1.283393e-09,1.283393e-09,-1.287457e-10,-9.222860e-12,4.828817e-12,-9.593795e-13,2.648326e+01,2.593806e+01,2.591179e+01
1.961000e-10,0.000000e+00,0.000000e+00,0.000000e+00,3.172130e-08,-1.329078e-06,-5.254482e-08,-3.231716e-09,1.263893e-09,1.263893e-09,-1.182819e-10,-1.122808e-11,4.854669e-12,-9.039936e-13,2.648326e+01,2.593807e+01,2.591179e+01
1.961500e-10,0.000000e+00,0.000000e+00,0.000000e+00,3.723129e-08,-1.452423e-06,-5.384006e-08,-3.027130e-09,1.227430e-09,1.227430e-09,-1.062812e-10,-1.311173e-11,4.827449e-12,-8.390668e-13,2.648328e+01,2.593807e+01,2.591179e+01
1.962000e-10,0.000000e+00,0.000000e+00,0.000000e+00,4.206502e-08,-1.560061e-06,-5.407801e-08,-2.796176e-09,1.174886e-09,1.174886e-09,-9.285730e-11,-1.486026e-11,4.747931e-12,-7.652657e-13,2.648330e+01,2.593807e+01,2.591179e+01
1.962500e-10,0.000000e+00,0.000000e+00,0.000000e+00,4.613525e-08,-1.651332e-06,-5.323092e-08,-2.548768e-09,1.107377e-09,1.107377e-09,-7.814799e-11,-1.646151e-11,4.617867e-12,-6.834145e-13,2.648332e+01,2.593807e+01,2.591179e+01
1.963000e-10,0.000000e+00,0.000000e+00,0.000000e+00,4.937036e-08,-1.725731e-06,-5.129414e-08,-2.294617e-09,1.026230e-09,1.026230e-09,-6.231172e-11,-1.790461e-11,4.439274e-12,-5.944252e-13,2.648336e+01,2.593807e+01,2.591179e+01
1.963500e-10,0.000000e+00,0.000000e+00,0.000000e+00,5.171548e-08,-1.782906e-06,-4.828626e-08,-2.042987e-09,9.329529e-10,9.329529e-10,-4.552691e-11,-1.917935e-11,4.214837e-12,-4.992099e-13,2.648340e+01,2.593807e+01,2.591179e+01
1.964000e-10,0.000000e+00,0.000000e+00,0.000000e+00,5.313333e-08,-1.822653e-06,-4.424879e-08,-1.802456e-09,8.292090e-10,8.292090e-10,-2.798927e-11,-2.027726e-11,3.947764e-12,-3.988909e-13,2.648344e+01,2.593807e+01,2.591179e+01
1.964500e-10,0.000000e+00,0.000000e+00,0.000000e+00,5.360472e-08,-1.844913e-06,-3.924535e-08,-1.580710e-09,7.167816e-10,7.167816e-10,-9.909309e-12,-2.119095e-11,3.641405e-12,-2.945380e-13,2.648349e+01,2.593807e+01,2.591179e+01
1.965000e-10,0.000000e+00,0.000000e+00,0.000000e+00,5.312856e-08,-1.849767e-06,-3.336037e-08,-1.384360e-09,5.975418e-10,5.975418e-10,8.490496e-12,-2.191395e-11,3.299847e-12,-1.872739e-13,2.648355e+01,2.593806e+01,2.591179e+01
1.965500e-10,0.000000e+00,0.000000e+00,0.000000e+00,5.172164e-08,-1.837434e-06,-2.669737e-08,-1.218793e-09,4.734137e-10,4.734137e-10,2.697852e-11,-2.244147e-11,2.927369e-12,-7.825585e-14,2.648360e+01,2.593806e+01,2.591178e+01
1.966000e-10,0.000000e+00,0.000000e+00,0.000000e+00,4.941792e-08,-1.808260e-06,-1.937685e-08,-1.088054e-09,3.463408e-10,3.463408e-10,4.531855e-11,-2.276968e-11,2.528285e-12,3.121816e-14,2.648366e+01,2.593806e+01,2.591178e+01
1.966500e-10,0.000000e+00,0.000000e+00,0.000000e+00,4.626768e-08,-1.762716e-06,-1.153382e-08,-9.947706e-10,2.182515e-10,2.182515e-10,6.327157e-11,-2.289610e-11,2.107366e-12,1.400783e-13,2.648372e+01,2.593805e+01,2.591178e+01
1.967000e-10,0.000000e+00,0.000000e+00,0.000000e+00,4.233627e-08,-1.701387e-06,-3.315000e-09,-9.401081e-10,9.102751e-11,9.102751e-11,8.060079e-11,-2.281965e-11,1.669575e-12,2.470093e-13,2.648378e+01,2.593805e+01,2.591178e+01
1.967500e-10,0.000000e+00,0.000000e+00,0.000000e+00,3.770265e-08,-1.624969e-06,5.124127e-09,-9.237713e-10,-3.352784e-11,-3.352784e-11,9.707461e-11,-2.254060e-11,1.219753e-12,3.508886e-13,2.648383e+01,2.593804e+01,2.591178e+01
1.968000e-10,0.000000e+00,0.000000e+00,0.000000e+00,3.245782e-08,-1.534260e-06,1.362253e-08,-9.440387e-10,-1.537170e-10,-1.537170e-10,1.124704e-10,-2.206052e-11,7.629156e-13,4.506113e-13,2.648389e+01,2.593804e+01,2.591178e+01
1.968500e-10,0.000000e+00,0.000000e+00,0.000000e+00,2.670299e-08,-1.430149e-06,2.201688e-08,-9.978358e-10,-2.679740e-10,-2.679740e-10,1.265779e-10,-2.138268e-11,3.038333e-13,5.450550e-13,2.648394e+01,2.593803e+01,2.591178e+01
1.969000e-10,0.000000e+00,0.000000e+00,0.000000e+00,2.054771e-08,-1.313614e-06,3.014486e-08,-1.080843e-09,-3.748871e-10,-3.748871e-10,1.392028e-10,-2.051128e-11,-1.521973e-13,6.332550e-13,2.648398e+01,2.593803e+01,2.591178e+01
1.969500e-10,0.000000e+00,0.000000e+00,0.000000e+00,1.410793e-08,-1.185710e-06,3.784845e-08,-1.187633e-09,-4.732164e-10,-4.732164e-10,1.501697e-10,-1.945263e-11,-6.007566e-13,7.141591e-13,2.648402e+01,2.593803e+01,2.591178e+01
1.970000e-10,0.000000e+00,0.000000e+00,0.000000e+00,7.503891e-09,-1.047563e-06,4.497706e-08,-1.311841e-09,-5.619096e-10,-5.619096e-10,1.593248e-10,-1.821418e-11,-1.037390e-12,7.869606e-13,2.648405e+01,2.593802e+01,2.591178e+01
1.970500e-10,0.000000e+00,0.000000e+00,0.000000e+00,8.581694e-10,-9.003628e-07,5.139060e-08,-1.446348e-09,-6.401119e-10,-6.401119e-10,1.665388e-10,-1.680500e-11,-1.457414e-12,8.508350e-13,2.648408e+01,2.593802e+01,2.591178e+01
1.971000e-10,0.000000e+00,0.000000e+00,0.000000e+00,-5.706459e-09,-7.453586e-07,5.696221e-08,-1.583498e-09,-7.071731e-10,-7.071731e-10,1.717086e-10,-1.523576e-11,-1.856919e-12,9.052564e-13,2.648410e+01,2.593802e+01,2.591178e+01
1.971500e-10,0.000000e+00,0.000000e+00,0.000000e+00,-1.206906e-08,-5.838497e-07,6.158079e-08,-1.715314e-09,-7.626496e-10,-7.626496e-10,1.747597e-10,-1.351858e-11,-2.232186e-12,9.494704e-13,2.648411e+01,2.593801e+01,2.591178e+01
1.972000e-10,0.000000e+00,0.000000e+00,0.000000e+00,-1.811260e-08,-4.171818e-07,6.515319e-08,-1.833728e-09,-8.063036e-10,-8.063036e-10,1.756462e-10,-1.166742e-11,-2.579672e-12,9.831965e-13,2.648411e+01,2.593801e+01,2.591178e+01
1.972500e-10,0.000000e+00,0.000000e+00,0.000000e+00,-2.372597e-08,-2.467414e-07,6.760606e-08,-1.930818e-09,-8.380967e-10,-8.380967e-10,1.743534e-10,-9.696903e-12,-2.896238e-12,1.006102e-12,2.648411e+01,2.593801e+01,2.591178e+01
1.973000e-10,0.000000e+00,0.000000e+00,0.000000e+00,-2.880596e-08,-7.395064e-08,6.888723e-08,-1.999032e-09,-8.581813e-10,-8.581813e-10,1.708962e-10,-7.623789e-12,-3.179271e-12,1.017922e-12,2.648410e+01,2.593801e+01,2.591178e+01
1.973500e-10,0.000000e+00,0.000000e+00,0.000000e+00,-3.325922e-08,9.973781e-08,6.896677e-08,-2.031410e-09,-8.668882e-10,-8.668882e-10,1.653205e-10,-5.466229e-12,-3.426456e-12,1.018589e-12,2.648408e+01,2.593801e+01,2.591178e+01
1.974000e-10,0.000000e+00,0.000000e+00,0.000000e+00,-3.700402e-08,2.728461e-07,6.783755e-08,-2.021787e-09,-8.647115e-10,-8.647115e-10,1.577017e-10,-3.242988e-12,-3.635775e-12,1.008189e-12,2.648405e+01,2.593801e+01,2.591178e+01
1.974500e-10,0.000000e+00,0.000000e+00,0.000000e+00,-3.997201e-08,4.438772e-07,6.551536e-08,-1.964983e-09,-8.522901e-10,-8.522901e-10,1.481433e-10,-9.743221e-13,-3.805774e-12,9.870023e-13,2.648402e+01,2.593801e+01,2.591178e+01
1.975000e-10,0.000000e+00,0.000000e+00,0.000000e+00,-4.210974e-08,6.113217e-07,6.203866e-08,-1.856964e-09,-8.303883e-10,-8.303883e-10,1.367765e-10,1.318757e-12,-3.935399e-12,9.552054e-13,2.648398e+01,2.593802e+01,2.591178e+01
1.975500e-10,0.000000e+00,0.000000e+00,0.000000e+00,-4.338000e-08,7.736656e-07,5.746777e-08,-1.694976e-09,-7.998747e-10,-7.998747e-10,1.237567e-10,3.614256e-12,-4.024143e-12,9.132538e-13,2.648394e+01,2.593802e+01,2.591178e+01
1.976000e-10,0.000000e+00,0.000000e+00,0.000000e+00,-4.376291e-08,9.293998e-07,5.188373e-08,-1.477652e-09,-7.616984e-10,-7.616984e-10,1.092622e-10,5.889708e-12,-4.071321e-12,8.616562e-13,2.648389e+01,2.593803e+01,2.591178e+01
1.976500e-10,0.000000e+00,0.000000e+00,0.000000e+00,-4.325665e-08,1.077030e-06,4.538679e-08,-1.205080e-09,-7.168676e-10,-7.168676e-10,9.349089e-11,8.122420e-12,-4.077617e-12,8.011140e-13,2.648384e+01,2.593803e+01,2.591178e+01
1.977000e-10,0.000000e+00,0.000000e+00,0.000000e+00,-4.187790e-08,1.215092e-06,3.809440e-08,-8.788426e-10,-6.664256e-10,-6.664256e-10,7.665723e-11,1.028942e-11,-4.043172e-12,7.323639e-13,2.648379e+01,2.593804e+01,2.591178e+01
1.977500e-10,0.000000e+00,0.000000e+00,0.000000e+00,-3.966186e-08,1.342160e-06,3.013901e-08,-5.020128e-10,-6.114284e-10,-6.114284e-10,5.898895e-11,1.236793e-11,-3.969196e-12,6.561425e-13,2.648373e+01,2.593804e+01,2.591178e+01
1.978000e-10,0.000000e+00,0.000000e+00,0.000000e+00,-3.666176e-08,1.456867e-06,2.166553e-08,-7.912210e-11,-5.529232e-10,-5.529232e-10,4.072373e-11,1.433531e-11,-3.856705e-12,5.734319e-13,2.648368e+01,2.593805e+01,2.591178e+01
1.978500e-10,0.000000e+00,0.000000e+00,0.000000e+00,-3.294806e-08,1.557920e-06,1.282851e-08,3.839138e-10,-4.919285e-10,-4.919285e-10,2.210558e-11,1.617020e-11,-3.707559e-12,4.851442e-13,2.648362e+01,2.593806e+01,2.591178e+01
1.979000e-10,0.000000e+00,0.000000e+00,0.000000e+00,-2.860700e-08,1.644118e-06,3.789145e-09,8.798997e-10,-4.294155e-10,-4.294155e-10,3.380681e-12,1.785138e-11,-3.523565e-12,3.923491e-13,2.648357e+01,2.593806e+01,2.591178e+01
1.979500e-10,0.000000e+00,0.000000e+00,0.000000e+00,-2.373887e-08,1.714369e-06,-5.287774e-09,1.400498e-09,-3.662918e-10,-3.662918e-10,-1.520561e-11,1.935922e-11,-3.306950e-12,2.960989e-13,2.648352e+01,2.593807e+01,2.591178e+01
1.980000e-10,0.000000e+00,0.000000e+00,0.000000e+00,-1.845570e-08,1.767710e-06,-1.423710e-08,1.936396e-09,-3.033879e-10,-3.033879e-10,-3.341325e-11,2.067575e-11,-3.060116e-12,1.973584e-13,2.648348e+01,2.593808e+01,2.591178e+01
1.980500e-10,0.000000e+00,0.000000e+00,0.000000e+00,-1.287872e-08,1.803322e-06,-2.289654e-08,2.477493e-09,-2.414459e-10,-2.414459e-10,-5.100969e-11,2.178431e-11,-2.786027e-12,9.733751e-14,2.648343e+01,2.593808e+01,2.591178e+01
1.981000e-10,0.000000e+00,0.000000e+00,0.000000e+00,-7.135368e-09,1.820554e-06,-3.110975e-08,3.013119e-09,-1.811111e-10,-1.811111e-10,-6.777486e-11,2.267052e-11,-2.487315e-12,-2.876279e-15,2.648340e+01,2.593809e+01,2.591178e+01
1.981500e-10,0.000000e+00,0.000000e+00,0.000000e+00,-1.356184e-09,1.818931e-06,-3.872945e-08,3.532255e-09,-1.229266e-10,-1.229266e-10,-8.350266e-11,2.332201e-11,-2.167206e-12,-1.021956e-13,2.648337e+01,2.593809e+01,2.591178e+01
1.982000e-10,0.000000e+00,0.000000e+00,0.000000e+00,4.328494e-09,1.798174e-06,-4.562024e-08,4.023781e-09,-6.733056e-11,-6.733056e-11,-9.800503e-11,2.372897e-11,-1.828963e-12,-1.996208e-13,2.648334e+01,2.593810e+01,2.591178e+01
1.982500e-10,0.000000e+00,0.000000e+00,0.000000e+00,9.791829e-09,1.758207e-06,-5.166128e-08,4.476714e-09,-1.465605e-11,-1.465605e-11,-1.111134e-10,2.388447e-11,-1.476040e-12,-2.939768e-13,2.648332e+01,2.593810e+01,2.591178e+01
1.983000e-10,0.000000e+00,0.000000e+00,0.000000e+00,1.491372e-08,1.699171e-06,-5.674859e-08,4.880460e-09,3.486482e-11,3.486482e-11,-1.226819e-10,2.378343e-11,-1.111612e-12,-3.843516e-13,2.648331e+01,2.593811e+01,2.591178e+01
1.983500e-10,0.000000e+00,0.000000e+00,0.000000e+00,1.958383e-08,1.621425e-06,-6.079711e-08,5.225049e-09,8.109754e-11,8.109754e-11,-1.325876e-10,2.342488e-11,-7.394669e-13,-4.698508e-13,2.648331e+01,2.593811e+01,2.591178e+01
1.984000e-10,0.000000e+00,0.000000e+00,0.000000e+00,2.370437e-08,1.525555e-06,-6.374228e-08,5.501374e-09,1.239957e-10,1.239957e-10,-1.407335e-10,2.280998e-11,-3.631127e-13,-5.494921e-13,2.648331e+01,2.593811e+01,2.591178e+01
1.984500e-10,0.000000e+00,0.000000e+00,0.000000e+00,2.719245e-08,1.412367e-06,-6.554128e-08,5.701399e-09,1.635925e-10,1.635925e-10,-1.470480e-10,2.194314e-11,1.404817e-14,-6.226093e-13,2.648332e+01,2.593811e+01,2.591178e+01
1.985000e-10,0.000000e+00,0.000000e+00,0.000000e+00,2.998205e-08,1.282886e-06,-6.617377e-08,5.818358e-09,1.999894e-10,1.999894e-10,-1.514865e-10,2.083193e-11,3.882627e-13,-6.884129e-13,2.648334e+01,2.593811e+01,2.591178e+01
1.985500e-10,0.000000e+00,0.000000e+00,0.000000e+00,3.202544e-08,1.138352e-06,-6.564216e-08,5.846927e-09,2.333426e-10,2.333426e-10,-1.540303e-10,1.948688e-11,7.564615e-13,-7.462893e-13,2.648336e+01,2.593811e+01,2.591178e+01
1.986000e-10,0.000000e+00,0.000000e+00,0.000000e+00,3.329409e-08,9.802033e-07,-6.397148e-08,5.783362e-09,2.638513e-10,2.638513e-10,-1.546871e-10,1.792126e-11,1.114699e-12,-7.956947e-13,2.648338e+01,2.593811e+01,2.591178e+01
1.986500e-10,0.000000e+00,0.000000e+00,0.000000e+00,3.377903e-08,8.100684e-07,-6.120864e-08,5.625615e-09,2.917425e-10,2.917425e-10,-1.534897e-10,1.615126e-11,1.460308e-12,-8.362607e-13,2.648342e+01,2.593810e+01,2.591178e+01
1.987000e-10,0.000000e+00,0.000000e+00,0.000000e+00,3.349065e-08,6.297475e-07,-5.742138e-08,5.373406e-09,3.172573e-10,3.172573e-10,-1.504953e-10,1.419591e-11,1.789502e-12,-8.675841e-13,2.648345e+01,2.593810e+01,2.591178e+01
1.987500e-10,0.000000e+00,0.000000e+00,0.000000e+00,3.245803e-08,4.411931e-07,-5.269667e-08,5.028264e-09,3.406374e-10,3.406374e-10,-1.457832e-10,1.207638e-11,2.099824e-12,-8.894719e-13,2.648349e+01,2.593810e+01,2.591178e+01
1.988000e-10,0.000000e+00,0.000000e+00,0.000000e+00,3.072771e-08,2.464896e-07,-4.713876e-08,4.593532e-09,3.621119e-10,3.621119e-10,-1.394539e-10,9.816040e-12,2.388154e-12,-9.018188e-13,2.648353e+01,2.593809e+01,2.591178e+01
1.988500e-10,0.000000e+00,0.000000e+00,0.000000e+00,2.836215e-08,4.782841e-08,-4.086686e-08,4.074327e-09,3.818854e-10,3.818854e-10,-1.316263e-10,7.440567e-12,2.652070e-12,-9.045197e-13,2.648357e+01,2.593808e+01,2.591178e+01
1.989000e-10,0.000000e+00,0.000000e+00,0.000000e+00,2.543773e-08,-1.525168e-07,-3.401254e-08,3.477475e-09,4.001273e-10,4.001273e-10,-1.224357e-10,4.976946e-12,2.889047e-12,-8.977675e-13,2.648362e+01,2.593808e+01,2.591178e+01
1.989500e-10,0.000000e+00,0.000000e+00,0.000000e+00,2.204247e-08,-3.522181e-07,-2.671683e-08,2.811395e-09,4.169627e-10,4.169627e-10,-1.120313e-10,2.453116e-12,3.096999e-12,-8.817200e-13,2.648366e+01,2.593807e+01,2.591178e+01
1.990000e-10,0.000000e+00,0.000000e+00,0.000000e+00,1.827364e-08,-5.489218e-07,-1.912720e-08,2.085963e-09,4.324651e-10,4.324651e-10,-1.005733e-10,-1.010556e-13,3.274118e-12,-8.566051e-13,2.648370e+01,2.593806e+01,2.591178e+01
1.990500e-10,0.000000e+00,0.000000e+00,0.000000e+00,1.423507e-08,-7.402785e-07,-1.139438e-08,1.312339e-09,4.466522e-10,4.466522e-10,-8.823043e-11,-2.656332e-12,3.418651e-12,-8.228615e-13,2.648374e+01,2.593806e+01,2.591178e+01
1.991000e-10,0.000000e+00,0.000000e+00,0.000000e+00,1.003450e-08,-9.239734e-07,-3.669191e-09,5.027606e-10,4.594819e-10,4.594819e-10,-7.517739e-11,-5.182424e-12,3.529388e-12,-7.808748e-13,2.648377e+01,2.593805e+01,2.591179e+01
1.991500e-10,0.000000e+00,0.000000e+00,0.000000e+00,5.780860e-09,-1.097758e-06,3.900640e-09,-3.296736e-10,4.708521e-10,4.708521e-10,-6.159163e-11,-7.649711e-12,3.605258e-12,-7.311713e-13,2.648380e+01,2.593804e+01,2.591179e+01
1.992000e-10,0.000000e+00,0.000000e+00,0.000000e+00,1.581637e-09,-1.259479e-06,1.117352e-08,-1.171252e-09,4.806025e-10,4.806025e-10,-4.765104e-11,-1.002904e-11,3.645614e-12,-6.744700e-13,2.648383e+01,2.593803e+01,2.591179e+01
1.992500e-10,0.000000e+00,0.000000e+00,0.000000e+00,-2.459664e-09,-1.407113e-06,1.801689e-08,-2.007905e-09,4.885183e-10,4.885183e-10,-3.353160e-11,-1.229213e-11,3.649999e-12,-6.113146e-13,2.648385e+01,2.593803e+01,2.591179e+01
1.993000e-10,0.000000e+00,0.000000e+00,0.000000e+00,-6.245902e-09,-1.538789e-06,2.430984e-08,-2.825474e-09,4.943358e-10,4.943358e-10,-1.940396e-11,-1.441223e-11,3.618553e-12,-5.425119e-13,2.648387e+01,2.593802e+01,2.591179e+01
1.993500e-10,0.000000e+00,0.000000e+00,0.000000e+00,-9.688472e-09,-1.652822e-06,2.994550e-08,-3.609976e-09,4.977507e-10,4.977507e-10,-5.432871e-12,-1.636452e-11,3.551398e-12,-4.687985e-13,2.648388e+01,2.593801e+01,2.591179e+01
1.994000e-10,0.000000e+00,0.000000e+00,0.000000e+00,-1.270924e-08,-1.747738e-06,3.483303e-08,-4.347878e-09,4.984277e-10,4.984277e-10,8.226124e-12,-1.812566e-11,3.449290e-12,-3.910863e-13,2.648389e+01,2.593801e+01,2.591179e+01
1.994500e-10,0.000000e+00,0.000000e+00,0.000000e+00,-1.524220e-08,-1.822294e-06,3.889923e-08,-5.026350e-09,4.960110e-10,4.960110e-10,2.142798e-11,-1.967545e-11,3.312965e-12,-3.100068e-13,2.648389e+01,2.593801e+01,2.591179e+01
1.995000e-10,0.000000e+00,0.000000e+00,0.000000e+00,-1.723483e-08,-1.875499e-06,4.208979e-08,-5.633518e-09,4.901377e-10,4.901377e-10,3.403973e-11,-2.099537e-11,3.143931e-12,-2.266298e-13,2.648389e+01,2.593800e+01,2.591179e+01
1.995500e-10,0.000000e+00,0.000000e+00,0.000000e+00,-1.864908e-08,-1.906633e-06,4.437002e-08,-6.158691e-09,4.804493e-10,4.804493e-10,4.594141e-11,-2.207085e-11,2.943749e-12,-1.417094e-13,2.648388e+01,2.593800e+01,2.591179e+01
1.996000e-10,0.000000e+00,0.000000e+00,0.000000e+00,-1.946209e-08,-1.915258e-06,4.572522e-08,-6.592568e-09,4.666068e-10,4.666068e-10,5.702750e-11,-2.288948e-11,2.714173e-12,-5.622776e-14,2.648387e+01,2.593800e+01,2.591179e+01
1.996500e-10,0.000000e+00,0.000000e+00,0.000000e+00,-1.966644e-08,-1.901224e-06,4.616050e-08,-6.927415e-09,4.483034e-10,4.483034e-10,6.720725e-11,-2.344266e-11,2.457711e-12,2.902587e-14,2.648385e+01,2.593800e+01,2.591179e+01
1.997000e-10,0.000000e+00,0.000000e+00,0.000000e+00,-1.927015e-08,-1.864676e-06,4.570030e-08,-7.157221e-09,4.252787e-10,4.252787e-10,7.640503e-11,-2.372480e-11,2.176449e-12,1.132272e-13,2.648383e+01,2.593800e+01,2.591179e+01
1.997500e-10,0.000000e+00,0.000000e+00,0.000000e+00,-1.829616e-08,-1.806053e-06,4.438729e-08,-7.277808e-09,3.973307e-10,3.973307e-10,8.456020e-11,-2.373385e-11,1.873580e-12,1.954642e-13,2.648381e+01,2.593800e+01,2.591179e+01
1.998000e-10,0.000000e+00,0.000000e+00,0.000000e+00,-1.678162e-08,-1.726081e-06,4.228113e-08,-7.286916e-09,3.643290e-10,3.643290e-10,9.162823e-11,-2.347112e-11,1.551665e-12,2.748952e-13,2.648379e+01,2.593800e+01,2.591179e+01
1.998500e-10,0.000000e+00,0.000000e+00,0.000000e+00,-1.477669e-08,-1.625764e-06,3.945663e-08,-7.184240e-09,3.262240e-10,3.262240e-10,9.757831e-11,-2.294133e-11,1.214281e-12,3.508535e-13,2.648376e+01,2.593800e+01,2.591179e+01
1.999000e-10,0.000000e+00,0.000000e+00,0.000000e+00,-1.234311e-08,-1.506369e-06,3.600178e-08,-6.971442e-09,2.830573e-10,2.830573e-10,1.023941e-10,-2.215237e-11,8.644272e-13,4.225675e-13,2.648374e+01,2.593801e+01,2.591179e+01
1.999500e-10,0.000000e+00,0.000000e+00,0.000000e+00,-9.552479e-09,-1.369411e-06,3.201544e-08,-6.652112e-09,2.349670e-10,2.349670e-10,1.060731e-10,-2.111543e-11,5.057166e-13,4.893709e-13,2.648371e+01,2.593801e+01,2.591179e+01
