time,"I(I_WL1)","I(I_BL1)","I(I_SE1)","I(BVMOUT)","V(QBIN)","V(QBOUT)","V(O1)","V(O2)","V(O2)","V(O3)","V(O4)","V(O5)","V(O6)","P(BJ1|XBQ1)","P(B01|XJTL1_1)","P(B01|XJTL1_2)"
4.500000e-11,0.000000e+00,0.000000e+00,0.000000e+00,-2.361019e-07,1.548755e-07,2.197817e-08,1.926991e-09,1.399403e-10,1.399403e-10,1.306558e-11,1.035634e-12,7.463775e-14,1.534381e-14,1.347713e+00,8.049631e-01,7.790131e-01
4.510000e-11,0.000000e+00,0.000000e+00,0.000000e+00,-2.341525e-07,1.526436e-07,2.206171e-08,1.888198e-09,1.387912e-10,1.387912e-10,1.317097e-11,9.951850e-13,7.578925e-14,1.542246e-14,1.347743e+00,8.049659e-01,7.790133e-01
4.520000e-11,0.000000e+00,0.000000e+00,0.000000e+00,-2.322400e-07,1.501411e-07,2.213241e-08,1.845174e-09,1.385043e-10,1.385043e-10,1.320175e-11,9.563018e-13,7.748992e-14,1.538546e-14,1.347773e+00,8.049688e-01,7.790136e-01
4.530000e-11,0.000000e+00,0.000000e+00,0.000000e+00,-2.303494e-07,1.474608e-07,2.217032e-08,1.800064e-09,1.389791e-10,1.389791e-10,1.314847e-11,9.213414e-13,7.953669e-14,1.522926e-14,1.347802e+00,8.049716e-01,7.790139e-01
4.540000e-11,0.000000e+00,0.000000e+00,0.000000e+00,-2.284658e-07,1.447088e-07,2.215851e-08,1.755141e-09,1.400586e-10,1.400586e-10,1.300860e-11,8.922909e-13,8.169253e-14,1.495715e-14,1.347830e+00,8.049745e-01,7.790142e-01
4.550000e-11,0.000000e+00,0.000000e+00,0.000000e+00,-2.265755e-07,1.419965e-07,2.208423e-08,1.712623e-09,1.415435e-10,1.415435e-10,1.278656e-11,8.706448e-13,8.372505e-14,1.458528e-14,1.347858e+00,8.049773e-01,7.790144e-01
4.560000e-11,0.000000e+00,0.000000e+00,0.000000e+00,-2.246668e-07,1.394319e-07,2.193982e-08,1.674508e-09,1.432081e-10,1.432081e-10,1.249322e-11,8.572710e-13,8.541613e-14,1.413531e-14,1.347885e+00,8.049802e-01,7.790147e-01
4.570000e-11,0.000000e+00,0.000000e+00,0.000000e+00,-2.227308e-07,1.371115e-07,2.172321e-08,1.642425e-09,1.448185e-10,1.448185e-10,1.214490e-11,8.523718e-13,8.657804e-14,1.363575e-14,1.347911e+00,8.049832e-01,7.790150e-01
4.580000e-11,0.000000e+00,0.000000e+00,0.000000e+00,-2.207625e-07,1.351131e-07,2.143789e-08,1.617517e-09,1.461513e-10,1.461513e-10,1.176193e-11,8.554808e-13,8.707021e-14,1.311809e-14,1.347937e+00,8.049862e-01,7.790152e-01
4.590000e-11,0.000000e+00,0.000000e+00,0.000000e+00,-2.187604e-07,1.334904e-07,2.109265e-08,1.600364e-09,1.470101e-10,1.470101e-10,1.136704e-11,8.655036e-13,8.681152e-14,1.261606e-14,1.347962e+00,8.049892e-01,7.790154e-01
4.600000e-11,0.000000e+00,0.000000e+00,0.000000e+00,-2.167271e-07,1.322686e-07,2.070073e-08,1.590950e-09,1.472407e-10,1.472407e-10,1.098345e-11,8.808294e-13,8.578169e-14,1.216061e-14,1.347987e+00,8.049922e-01,7.790157e-01
4.610000e-11,0.000000e+00,0.000000e+00,0.000000e+00,-2.146686e-07,1.314434e-07,2.027882e-08,1.588676e-09,1.467417e-10,1.467417e-10,1.063308e-11,8.994687e-13,8.402074e-14,1.177806e-14,1.348011e+00,8.049953e-01,7.790159e-01
4.620000e-11,0.000000e+00,0.000000e+00,0.000000e+00,-2.125944e-07,1.309812e-07,1.984568e-08,1.592420e-09,1.454716e-10,1.454716e-10,1.033482e-11,9.192124e-13,8.163279e-14,1.148840e-14,1.348036e+00,8.049983e-01,7.790161e-01
4.630000e-11,0.000000e+00,0.000000e+00,0.000000e+00,-2.105161e-07,1.308222e-07,1.942072e-08,1.600632e-09,1.434502e-10,1.434502e-10,1.010314e-11,9.378156e-13,7.876884e-14,1.130452e-14,1.348060e+00,8.050013e-01,7.790163e-01
4.640000e-11,0.000000e+00,0.000000e+00,0.000000e+00,-2.084468e-07,1.308850e-07,1.902255e-08,1.611460e-09,1.407563e-10,1.407563e-10,9.947056e-12,9.531825e-13,7.561003e-14,1.123053e-14,1.348085e+00,8.050043e-01,7.790165e-01
4.650000e-11,0.000000e+00,0.000000e+00,0.000000e+00,-2.063999e-07,1.310728e-07,1.866754e-08,1.622900e-09,1.375199e-10,1.375199e-10,9.869514e-12,9.635172e-13,7.236956e-14,1.126123e-14,1.348110e+00,8.050072e-01,7.790167e-01
4.660000e-11,0.000000e+00,0.000000e+00,0.000000e+00,-2.043886e-07,1.312812e-07,1.836866e-08,1.632952e-09,1.339111e-10,1.339111e-10,9.867304e-12,9.674710e-13,6.924720e-14,1.138125e-14,1.348135e+00,8.050100e-01,7.790169e-01
4.670000e-11,0.000000e+00,0.000000e+00,0.000000e+00,-2.024242e-07,1.314058e-07,1.813456e-08,1.639767e-09,1.301262e-10,1.301262e-10,9.931452e-12,9.642319e-13,6.644545e-14,1.157198e-14,1.348160e+00,8.050128e-01,7.790171e-01
4.680000e-11,0.000000e+00,0.000000e+00,0.000000e+00,-2.005156e-07,1.313500e-07,1.796896e-08,1.641795e-09,1.263719e-10,1.263719e-10,1.004803e-11,9.535804e-13,6.412766e-14,1.180683e-14,1.348185e+00,8.050155e-01,7.790173e-01
4.690000e-11,0.000000e+00,0.000000e+00,0.000000e+00,-1.986689e-07,1.310325e-07,1.787046e-08,1.637888e-09,1.228491e-10,1.228491e-10,1.019937e-11,9.358960e-13,6.242069e-14,1.205757e-14,1.348211e+00,8.050181e-01,7.790176e-01
4.700000e-11,0.000000e+00,0.000000e+00,0.000000e+00,-1.968863e-07,1.303928e-07,1.783274e-08,1.627384e-09,1.197371e-10,1.197371e-10,1.036549e-11,9.121130e-13,6.139552e-14,1.229407e-14,1.348236e+00,8.050206e-01,7.790178e-01
4.710000e-11,0.000000e+00,0.000000e+00,0.000000e+00,-1.951668e-07,1.293961e-07,1.784509e-08,1.610150e-09,1.171809e-10,1.171809e-10,1.052578e-11,8.836333e-13,6.107380e-14,1.248863e-14,1.348262e+00,8.050230e-01,7.790180e-01
4.720000e-11,0.000000e+00,0.000000e+00,0.000000e+00,-1.935055e-07,1.280353e-07,1.789328e-08,1.586577e-09,1.152800e-10,1.152800e-10,1.066053e-11,8.522058e-13,6.141553e-14,1.261935e-14,1.348287e+00,8.050254e-01,7.790182e-01
4.730000e-11,0.000000e+00,0.000000e+00,0.000000e+00,-1.918946e-07,1.263313e-07,1.796069e-08,1.557545e-09,1.140821e-10,1.140821e-10,1.075253e-11,8.197898e-13,6.233108e-14,1.266593e-14,1.348312e+00,8.050278e-01,7.790184e-01
4.740000e-11,0.000000e+00,0.000000e+00,0.000000e+00,-1.903236e-07,1.243313e-07,1.802960e-08,1.524342e-09,1.135801e-10,1.135801e-10,1.078834e-11,7.883741e-13,6.368865e-14,1.262044e-14,1.348336e+00,8.050301e-01,7.790186e-01
4.750000e-11,0.000000e+00,0.000000e+00,0.000000e+00,-1.887804e-07,1.221051e-07,1.808255e-08,1.488564e-09,1.137141e-10,1.137141e-10,1.075925e-11,7.598494e-13,6.531972e-14,1.247740e-14,1.348360e+00,8.050324e-01,7.790189e-01
4.760000e-11,0.000000e+00,0.000000e+00,0.000000e+00,-1.872520e-07,1.197395e-07,1.810362e-08,1.451982e-09,1.143770e-10,1.143770e-10,1.066187e-11,7.358340e-13,6.704285e-14,1.224310e-14,1.348384e+00,8.050347e-01,7.790191e-01
4.770000e-11,0.000000e+00,0.000000e+00,0.000000e+00,-1.857256e-07,1.173317e-07,1.807965e-08,1.416404e-09,1.154235e-10,1.154235e-10,1.049827e-11,7.175613e-13,6.866925e-14,1.193042e-14,1.348407e+00,8.050371e-01,7.790193e-01
4.780000e-11,0.000000e+00,0.000000e+00,0.000000e+00,-1.841896e-07,1.149819e-07,1.800118e-08,1.383542e-09,1.166823e-10,1.166823e-10,1.027573e-11,7.057991e-13,7.002546e-14,1.155718e-14,1.348429e+00,8.050394e-01,7.790195e-01
4.790000e-11,0.000000e+00,0.000000e+00,0.000000e+00,-1.826343e-07,1.127859e-07,1.786310e-08,1.354876e-09,1.179699e-10,1.179699e-10,1.000607e-11,7.007835e-13,7.095882e-14,1.114695e-14,1.348451e+00,8.050418e-01,7.790197e-01
4.800000e-11,0.000000e+00,0.000000e+00,0.000000e+00,-1.810526e-07,1.108278e-07,1.766501e-08,1.331549e-09,1.191048e-10,1.191048e-10,9.704564e-12,7.022222e-13,7.135782e-14,1.072658e-14,1.348472e+00,8.050442e-01,7.790200e-01
4.810000e-11,0.000000e+00,0.000000e+00,0.000000e+00,-1.794409e-07,1.091737e-07,1.741115e-08,1.314286e-09,1.199215e-10,1.199215e-10,9.388775e-12,7.093208e-13,7.115723e-14,1.032019e-14,1.348493e+00,8.050467e-01,7.790202e-01
4.820000e-11,0.000000e+00,0.000000e+00,0.000000e+00,-1.777987e-07,1.078674e-07,1.711006e-08,1.303341e-09,1.202831e-10,1.202831e-10,9.077065e-12,7.208629e-13,7.033594e-14,9.954624e-15,1.348513e+00,8.050492e-01,7.790203e-01
4.830000e-11,0.000000e+00,0.000000e+00,0.000000e+00,-1.761291e-07,1.069265e-07,1.677386e-08,1.298494e-09,1.200910e-10,1.200910e-10,8.787174e-12,7.353098e-13,6.892383e-14,9.649622e-15,1.348533e+00,8.050516e-01,7.790205e-01
4.840000e-11,0.000000e+00,0.000000e+00,0.000000e+00,-1.744384e-07,1.063422e-07,1.641727e-08,1.299067e-09,1.192924e-10,1.192924e-10,8.534843e-12,7.509210e-13,6.700586e-14,9.421898e-15,1.348553e+00,8.050541e-01,7.790207e-01
4.850000e-11,0.000000e+00,0.000000e+00,0.000000e+00,-1.727353e-07,1.060795e-07,1.605651e-08,1.303989e-09,1.178825e-10,1.178825e-10,8.332629e-12,7.659193e-13,6.469409e-14,9.280770e-15,1.348573e+00,8.050566e-01,7.790209e-01
4.860000e-11,0.000000e+00,0.000000e+00,0.000000e+00,-1.710307e-07,1.060804e-07,1.570800e-08,1.311882e-09,1.159050e-10,1.159050e-10,8.188984e-12,7.786020e-13,6.214200e-14,9.227333e-15,1.348593e+00,8.050591e-01,7.790211e-01
4.870000e-11,0.000000e+00,0.000000e+00,0.000000e+00,-1.693365e-07,1.062686e-07,1.538713e-08,1.321170e-09,1.134469e-10,1.134469e-10,8.107686e-12,7.874911e-13,5.950879e-14,9.258025e-15,1.348614e+00,8.050615e-01,7.790212e-01
4.880000e-11,0.000000e+00,0.000000e+00,0.000000e+00,-1.676649e-07,1.065551e-07,1.510712e-08,1.330208e-09,1.106316e-10,1.106316e-10,8.087626e-12,7.914471e-13,5.696546e-14,9.360788e-15,1.348634e+00,8.050638e-01,7.790214e-01
4.890000e-11,0.000000e+00,0.000000e+00,0.000000e+00,-1.660270e-07,1.068452e-07,1.487803e-08,1.337399e-09,1.076084e-10,1.076084e-10,8.123001e-12,7.897333e-13,5.466822e-14,9.520825e-15,1.348654e+00,8.050661e-01,7.790216e-01
4.900000e-11,0.000000e+00,0.000000e+00,0.000000e+00,-1.644326e-07,1.070458e-07,1.470599e-08,1.341324e-09,1.045407e-10,1.045407e-10,8.203848e-12,7.820932e-13,5.275353e-14,9.713746e-15,1.348675e+00,8.050683e-01,7.790217e-01
4.910000e-11,0.000000e+00,0.000000e+00,0.000000e+00,-1.628891e-07,1.070719e-07,1.459284e-08,1.340845e-09,1.015928e-10,1.015928e-10,8.316914e-12,7.687342e-13,5.132580e-14,9.917081e-15,1.348696e+00,8.050705e-01,7.790219e-01
4.920000e-11,0.000000e+00,0.000000e+00,0.000000e+00,-1.614008e-07,1.068538e-07,1.453601e-08,1.335184e-09,9.891759e-11,9.891759e-11,8.446735e-12,7.503217e-13,5.044588e-14,1.010918e-14,1.348717e+00,8.050726e-01,7.790221e-01
4.930000e-11,0.000000e+00,0.000000e+00,0.000000e+00,-1.599688e-07,1.063413e-07,1.452871e-08,1.323981e-09,9.664483e-11,9.664483e-11,8.576899e-12,7.279042e-13,5.013375e-14,1.026538e-14,1.348737e+00,8.050746e-01,7.790222e-01
4.940000e-11,0.000000e+00,0.000000e+00,0.000000e+00,-1.585911e-07,1.055078e-07,1.456058e-08,1.307312e-09,9.487144e-11,9.487144e-11,8.691327e-12,7.028376e-13,5.036339e-14,1.036979e-14,1.348758e+00,8.050766e-01,7.790224e-01
4.950000e-11,0.000000e+00,0.000000e+00,0.000000e+00,-1.572624e-07,1.043520e-07,1.461845e-08,1.285681e-09,9.365478e-11,9.365478e-11,8.775529e-12,6.766557e-13,5.106355e-14,1.040432e-14,1.348779e+00,8.050785e-01,7.790226e-01
4.960000e-11,0.000000e+00,0.000000e+00,0.000000e+00,-1.559745e-07,1.028975e-07,1.468739e-08,1.259970e-09,9.300887e-11,9.300887e-11,8.817693e-12,6.509605e-13,5.213339e-14,1.036294e-14,1.348799e+00,8.050804e-01,7.790228e-01
4.970000e-11,0.000000e+00,0.000000e+00,0.000000e+00,-1.547174e-07,1.011909e-07,1.475186e-08,1.231368e-09,9.290403e-11,9.290403e-11,8.809550e-12,6.272846e-13,5.343944e-14,1.024236e-14,1.348819e+00,8.050823e-01,7.790230e-01
4.980000e-11,0.000000e+00,0.000000e+00,0.000000e+00,-1.534796e-07,9.929808e-08,1.479694e-08,1.201278e-09,9.327001e-11,9.327001e-11,8.746966e-12,6.069854e-13,5.483456e-14,1.004752e-14,1.348838e+00,8.050842e-01,7.790231e-01
4.990000e-11,0.000000e+00,0.000000e+00,0.000000e+00,-1.522492e-07,9.729865e-08,1.480939e-08,1.171201e-09,9.400203e-11,9.400203e-11,8.630156e-12,5.911242e-13,5.616939e-14,9.789654e-15,1.348857e+00,8.050861e-01,7.790233e-01
5.000000e-11,0.000000e+00,0.000000e+00,0.000000e+00,-1.510148e-07,9.527997e-08,1.477871e-08,1.142626e-09,9.496945e-11,9.496945e-11,8.463618e-12,5.804017e-13,5.729650e-14,9.482734e-15,1.348876e+00,8.050880e-01,7.790235e-01
5.010000e-11,-1.000000e-05,-1.000000e-05,0.000000e+00,-2.581997e-06,-5.771471e-05,4.738684e-09,1.110273e-09,9.602192e-11,9.602192e-11,8.255674e-12,5.751096e-13,5.809805e-14,9.145670e-15,1.348425e+00,8.050899e-01,7.790237e-01
5.020000e-11,-2.000000e-05,-2.000000e-05,0.000000e+00,-3.969788e-06,-2.142002e-05,-3.710584e-08,1.053022e-09,9.698964e-11,9.698964e-11,8.017752e-12,5.751013e-13,5.847403e-14,8.799289e-15,1.347003e+00,8.050916e-01,7.790239e-01
5.030000e-11,-3.000000e-05,-3.000000e-05,0.000000e+00,-4.441991e-06,-1.468628e-05,-1.372870e-07,9.225357e-10,9.767088e-11,9.767088e-11,7.763410e-12,5.798367e-13,5.836359e-14,8.466061e-15,1.344370e+00,8.050927e-01,7.790240e-01
5.040000e-11,-4.000000e-05,-4.000000e-05,0.000000e+00,-4.449271e-06,-1.645013e-05,-3.176115e-07,6.290198e-10,9.779592e-11,9.779592e-11,7.507149e-12,5.884066e-13,5.775468e-14,8.164074e-15,1.340570e+00,8.050917e-01,7.790242e-01
5.050000e-11,-5.000000e-05,-5.000000e-05,0.000000e+00,-4.493483e-06,-2.500913e-05,-5.891332e-07,2.481393e-11,9.695450e-11,9.695450e-11,7.263102e-12,5.996237e-13,5.665881e-14,7.914153e-15,1.335808e+00,8.050864e-01,7.790243e-01
5.060000e-11,-6.000000e-05,-6.000000e-05,0.000000e+00,-4.887809e-06,-3.602781e-05,-9.515035e-07,-1.112183e-09,9.447115e-11,9.447115e-11,7.043544e-12,6.121217e-13,5.513983e-14,7.725891e-15,1.330286e+00,8.050726e-01,7.790244e-01
5.070000e-11,-7.000000e-05,-7.000000e-05,0.000000e+00,-5.661656e-06,-4.508242e-05,-1.396183e-06,-3.092483e-09,8.921183e-11,8.921183e-11,6.857280e-12,6.244560e-13,5.328845e-14,7.608877e-15,1.324115e+00,8.050446e-01,7.790245e-01
5.080000e-11,-8.000000e-05,-8.000000e-05,0.000000e+00,-6.622384e-06,-4.964682e-05,-1.910525e-06,-6.323348e-09,7.930608e-11,7.930608e-11,6.707714e-12,6.352226e-13,5.122057e-14,7.563661e-15,1.317317e+00,8.049945e-01,7.790246e-01
5.090000e-11,-9.000000e-05,-9.000000e-05,0.000000e+00,-7.505894e-06,-4.969507e-05,-2.480280e-06,-1.130864e-08,6.177246e-11,6.177246e-11,6.590471e-12,6.431579e-13,4.906912e-14,7.587503e-15,1.309895e+00,8.049128e-01,7.790245e-01
5.100000e-11,-1.000000e-04,-1.000000e-04,0.000000e+00,-8.122499e-06,-4.699362e-05,-3.089743e-06,-1.863779e-08,3.204251e-11,3.204251e-11,6.490243e-12,6.472276e-13,4.697110e-14,7.671631e-15,1.301906e+00,8.047886e-01,7.790242e-01
5.110000e-11,-1.000000e-04,-1.000000e-04,0.000000e+00,-5.998854e-06,1.403604e-05,-3.710400e-06,-2.895577e-08,-1.660626e-11,-1.660626e-11,6.376447e-12,6.466784e-13,4.505477e-14,7.801798e-15,1.293978e+00,8.046098e-01,7.790236e-01
5.120000e-11,-1.000000e-04,-1.000000e-04,0.000000e+00,-4.703596e-06,-2.003805e-05,-4.297763e-06,-4.291788e-08,-9.368532e-11,-9.368532e-11,6.197157e-12,6.410634e-13,4.343357e-14,7.961561e-15,1.286855e+00,8.043645e-01,7.790226e-01
5.130000e-11,-1.000000e-04,-1.000000e-04,0.000000e+00,-4.265438e-06,-2.588764e-05,-4.798602e-06,-6.113034e-08,-2.121534e-10,-2.121534e-10,5.870685e-12,6.302182e-13,4.219630e-14,8.129545e-15,1.281055e+00,8.040416e-01,7.790208e-01
5.140000e-11,-1.000000e-04,-1.000000e-04,0.000000e+00,-4.372863e-06,-2.395847e-05,-5.162433e-06,-8.407848e-08,-3.890309e-10,-3.890309e-10,5.274150e-12,6.141698e-13,4.139941e-14,8.288760e-15,1.276777e+00,8.036324e-01,7.790181e-01
5.150000e-11,-1.000000e-04,-1.000000e-04,0.000000e+00,-4.596269e-06,-1.501569e-05,-5.350930e-06,-1.120471e-07,-6.458828e-10,-6.458828e-10,4.228378e-12,5.930019e-13,4.105878e-14,8.420571e-15,1.273980e+00,8.031315e-01,7.790140e-01
5.160000e-11,-1.000000e-04,-1.000000e-04,0.000000e+00,-4.622865e-06,-2.761430e-06,-5.342291e-06,-1.450397e-07,-1.009062e-09,-1.009062e-09,2.478618e-12,5.666172e-13,4.115853e-14,8.508811e-15,1.272524e+00,8.025382e-01,7.790079e-01
5.170000e-11,-1.000000e-04,-1.000000e-04,0.000000e+00,-4.380925e-06,8.396007e-06,-5.130994e-06,-1.827060e-07,-1.509599e-09,-1.509599e-09,-3.292167e-13,5.344317e-13,4.164248e-14,8.541969e-15,1.272270e+00,8.018578e-01,7.789995e-01
5.180000e-11,-1.000000e-04,-1.000000e-04,0.000000e+00,-4.017535e-06,1.539499e-05,-4.725329e-06,-2.242862e-07,-2.182613e-09,-2.182613e-09,-4.676601e-12,4.949511e-13,4.241635e-14,8.512921e-15,1.273101e+00,8.011017e-01,7.789880e-01
5.190000e-11,-1.000000e-04,-1.000000e-04,0.000000e+00,-3.775836e-06,1.744293e-05,-4.145060e-06,-2.685815e-07,-3.066142e-09,-3.066142e-09,-1.120412e-11,4.452262e-13,4.336232e-14,8.418379e-15,1.274878e+00,8.002877e-01,7.789726e-01
5.200000e-11,-1.000000e-04,-1.000000e-04,0.000000e+00,-3.854918e-06,1.567025e-05,-3.420316e-06,-3.139579e-07,-4.199316e-09,-4.199316e-09,-2.074537e-11,3.801572e-13,4.432775e-14,8.261631e-15,1.277387e+00,7.994397e-01,7.789528e-01
5.210000e-11,-1.000000e-04,-1.000000e-04,0.000000e+00,-4.322188e-06,1.203074e-05,-2.591356e-06,-3.583894e-07,-5.619832e-09,-5.619832e-09,-3.436084e-11,2.916291e-13,4.514904e-14,8.051445e-15,1.280297e+00,7.985861e-01,7.789277e-01
5.220000e-11,-1.000000e-04,-1.000000e-04,0.000000e+00,-5.104779e-06,8.182237e-06,-1.707976e-06,-3.995420e-07,-7.360762e-09,-7.360762e-09,-5.336847e-11,1.674665e-13,4.562750e-14,7.798236e-15,1.283186e+00,7.977585e-01,7.788967e-01
5.230000e-11,-1.000000e-04,-1.000000e-04,0.000000e+00,-6.042523e-06,4.882224e-06,-8.273509e-07,-4.348972e-07,-9.446795e-09,-9.446795e-09,-7.936683e-11,-9.848298e-15,4.555571e-14,7.519816e-15,1.285591e+00,7.969901e-01,7.788592e-01
5.240000e-11,-1.000000e-04,-1.000000e-04,0.000000e+00,-6.961639e-06,2.030241e-06,-9.855282e-09,-4.619094e-07,-1.189009e-08,-1.189009e-08,-1.142458e-10,-2.646583e-13,4.468098e-14,7.229612e-15,1.287095e+00,7.963127e-01,7.788149e-01
5.250000e-11,-1.000000e-04,-1.000000e-04,0.000000e+00,-7.730881e-06,-8.628030e-07,6.867146e-07,-4.781872e-07,-1.468599e-08,-1.468599e-08,-1.601793e-10,-6.298403e-13,4.270628e-14,6.943792e-15,1.287394e+00,7.957549e-01,7.787636e-01
5.260000e-11,-1.000000e-04,-1.000000e-04,0.000000e+00,-8.281706e-06,-4.142505e-06,1.213443e-06,-4.816873e-07,-1.780897e-08,-1.780897e-08,-2.195935e-10,-1.148717e-12,3.925699e-14,6.679896e-15,1.286339e+00,7.953394e-01,7.787056e-01
5.270000e-11,-1.000000e-04,-1.000000e-04,0.000000e+00,-8.596576e-06,-7.706279e-06,1.535892e-06,-4.709021e-07,-2.120916e-08,-2.120916e-08,-2.951056e-10,-1.877093e-12,3.384561e-14,6.446966e-15,1.283950e+00,7.950813e-01,7.786415e-01
5.280000e-11,-1.000000e-04,-1.000000e-04,0.000000e+00,-8.683140e-06,-1.102248e-05,1.638038e-06,-4.450279e-07,-2.480988e-08,-2.480988e-08,-3.894277e-10,-2.885360e-12,2.581718e-14,6.253496e-15,1.280403e+00,7.949862e-01,7.785721e-01
5.290000e-11,-1.000000e-04,-1.000000e-04,0.000000e+00,-8.552891e-06,-1.338402e-05,1.524070e-06,-4.040939e-07,-2.850663e-08,-2.850663e-08,-5.052318e-10,-4.260516e-12,1.428110e-14,6.097844e-15,1.276000e+00,7.950496e-01,7.784989e-01
5.300000e-11,-1.000000e-04,-1.000000e-04,0.000000e+00,-8.214286e-06,-1.421653e-05,1.218008e-06,-3.490388e-07,-3.216786e-08,-3.216786e-08,-6.449758e-10,-6.107924e-12,-1.971413e-15,5.972336e-15,1.271134e+00,7.952567e-01,7.784235e-01
5.310000e-11,-1.000000e-04,-1.000000e-04,0.000000e+00,-7.679295e-06,-1.328197e-05,7.614118e-07,-2.817225e-07,-3.563787e-08,-3.563787e-08,-8.106913e-10,-8.552582e-12,-2.456511e-14,5.859981e-15,1.266256e+00,7.955830e-01,7.783480e-01
5.320000e-11,-1.000000e-04,-1.000000e-04,0.000000e+00,-6.974978e-06,-1.070968e-05,2.095261e-07,-2.048674e-07,-3.874188e-08,-3.874188e-08,-1.003739e-09,-1.173963e-11,-5.566324e-14,5.731732e-15,1.261830e+00,7.959964e-01,7.782749e-01
5.330000e-11,-1.000000e-04,-1.000000e-04,0.000000e+00,-6.150743e-06,-6.885129e-06,-3.737372e-07,-1.219269e-07,-4.129342e-08,-4.129342e-08,-1.224539e-09,-1.583377e-11,-9.810097e-14,5.548402e-15,1.258303e+00,7.964588e-01,7.782064e-01
5.340000e-11,-1.000000e-04,-1.000000e-04,0.000000e+00,-5.276103e-06,-2.284375e-06,-9.216053e-07,-3.688747e-08,-4.310372e-08,-4.310372e-08,-1.472299e-09,-2.101727e-11,-1.555271e-13,5.249977e-15,1.256055e+00,7.969298e-01,7.781453e-01
5.350000e-11,-1.000000e-04,-1.000000e-04,0.000000e+00,-4.429735e-06,2.657608e-06,-1.370583e-06,4.598321e-08,-4.399280e-08,-4.399280e-08,-1.744736e-09,-2.748619e-11,-2.325621e-13,4.762468e-15,1.255369e+00,7.973697e-01,7.780939e-01
5.360000e-11,-1.000000e-04,-1.000000e-04,0.000000e+00,-3.685010e-06,7.597738e-06,-1.666396e-06,1.224262e-07,-4.380155e-08,-4.380155e-08,-2.037846e-09,-3.544451e-11,-3.349463e-13,3.990783e-15,1.256395e+00,7.977423e-01,7.780542e-01
5.370000e-11,-1.000000e-04,-1.000000e-04,0.000000e+00,-3.098130e-06,1.226086e-05,-1.769155e-06,1.884957e-07,-4.240419e-08,-4.240419e-08,-2.345714e-09,-4.509586e-11,-4.696938e-13,2.807771e-15,1.259137e+00,7.980186e-01,7.780282e-01
5.380000e-11,-1.000000e-04,-1.000000e-04,0.000000e+00,-2.702809e-06,1.638328e-05,-1.657178e-06,2.408551e-07,-3.972014e-08,-3.972014e-08,-2.660407e-09,-5.663281e-11,-6.452161e-13,1.053668e-15,1.263455e+00,7.981792e-01,7.780168e-01
5.390000e-11,-1.000000e-04,-1.000000e-04,0.000000e+00,-2.511854e-06,1.967259e-05,-1.329042e-06,2.770375e-07,-3.572437e-08,-3.572437e-08,-2.971969e-09,-7.022342e-11,-8.714058e-13,-1.474038e-15,1.269076e+00,7.982156e-01,7.780207e-01
5.400000e-11,-1.000000e-04,-1.000000e-04,0.000000e+00,-2.522965e-06,2.181321e-05,-8.036746e-07,2.956495e-07,-3.045523e-08,-3.045523e-08,-3.268545e-09,-8.599552e-11,-1.159685e-12,-5.030749e-15,1.275626e+00,7.981315e-01,7.780396e-01
5.410000e-11,-1.000000e-04,-1.000000e-04,0.000000e+00,-2.724932e-06,2.251717e-05,-1.185256e-07,2.964980e-07,-2.401903e-08,-2.401903e-08,-3.536637e-09,-1.040188e-10,-1.522957e-12,-9.941196e-15,1.282659e+00,7.979426e-01,7.780725e-01
5.420000e-11,-1.000000e-04,-1.000000e-04,0.000000e+00,-3.101273e-06,2.159566e-05,6.738802e-07,2.806263e-07,-1.659053e-08,-1.659053e-08,-3.761521e-09,-1.242854e-10,-1.975475e-12,-1.660931e-14,1.289699e+00,7.976748e-01,7.781177e-01
5.430000e-11,-1.000000e-04,-1.000000e-04,0.000000e+00,-3.630399e-06,1.901852e-05,1.510588e-06,2.502527e-07,-8.408949e-09,-8.408949e-09,-3.927802e-09,-1.466900e-10,-2.532608e-12,-2.553904e-14,1.296271e+00,7.973624e-01,7.781729e-01
5.440000e-11,-1.000000e-04,-1.000000e-04,0.000000e+00,-4.283475e-06,1.493710e-05,2.323554e-06,2.086158e-07,2.306001e-10,2.306001e-10,-4.020119e-09,-1.710105e-10,-3.210417e-12,-3.734834e-14,1.301932e+00,7.970452e-01,7.782351e-01
5.450000e-11,-1.000000e-04,-1.000000e-04,0.000000e+00,-5.022282e-06,9.663317e-06,3.045194e-06,1.597329e-07,8.990195e-09,8.990195e-09,-4.023959e-09,-1.968900e-10,-4.025135e-12,-5.278779e-14,1.306302e+00,7.967645e-01,7.783010e-01
5.460000e-11,-1.000000e-04,-1.000000e-04,0.000000e+00,-5.799218e-06,3.615416e-06,3.613727e-06,1.080919e-07,1.750602e-08,1.750602e-08,-3.926553e-09,-2.238229e-10,-4.992415e-12,-7.276362e-14,1.309088e+00,7.965599e-01,7.783672e-01
5.470000e-11,-1.000000e-04,-1.000000e-04,0.000000e+00,-6.560437e-06,-2.748719e-06,3.977952e-06,5.829857e-08,2.540830e-08,2.540830e-08,-3.717808e-09,-2.511458e-10,-6.126437e-12,-9.835144e-14,1.310100e+00,7.964656e-01,7.784304e-01
5.480000e-11,-1.000000e-04,-1.000000e-04,0.000000e+00,-7.251652e-06,-8.989917e-06,4.101162e-06,1.470816e-08,3.234298e-08,3.234298e-08,-3.391216e-09,-2.780350e-10,-7.438795e-12,-1.308063e-13,1.309269e+00,7.965067e-01,7.784873e-01
5.490000e-11,-1.000000e-04,-1.000000e-04,0.000000e+00,-7.825029e-06,-1.472535e-05,3.963963e-06,-1.892929e-08,3.799383e-08,3.799383e-08,-2.944683e-09,-3.035125e-10,-8.937244e-12,-1.715779e-13,1.306648e+00,7.966975e-01,7.785354e-01
5.500000e-11,-1.000000e-04,-1.000000e-04,0.000000e+00,-8.245250e-06,-1.964413e-05,3.565815e-06,-3.978039e-08,4.210328e-08,4.210328e-08,-2.381207e-09,-3.264619e-10,-1.062430e-11,-2.223055e-13,1.302412e+00,7.970392e-01,7.785728e-01
5.510000e-11,-1.000000e-04,-1.000000e-04,0.000000e+00,-8.493278e-06,-2.350784e-05,2.925163e-06,-4.616998e-08,4.449050e-08,4.449050e-08,-1.709350e-09,-3.456547e-10,-1.249570e-11,-2.848122e-13,1.296842e+00,7.975198e-01,7.785983e-01
5.520000e-11,-1.000000e-04,-1.000000e-04,0.000000e+00,-8.567178e-06,-2.614546e-05,2.078143e-06,-3.773216e-08,4.506530e-08,4.506530e-08,-9.434329e-10,-3.597882e-10,-1.453893e-11,-3.610832e-13,1.290305e+00,7.981144e-01,7.786116e-01
5.530000e-11,-1.000000e-04,-1.000000e-04,0.000000e+00,-8.480246e-06,-2.744979e-05,1.075937e-06,-1.545652e-08,4.383644e-08,4.383644e-08,-1.034334e-10,-3.675341e-10,-1.673166e-11,-4.532291e-13,1.283223e+00,7.987872e-01,7.786135e-01
5.540000e-11,-1.000000e-04,-1.000000e-04,0.000000e+00,-8.257354e-06,-2.737977e-05,-1.903573e-08,1.837551e-08,4.091370e-08,4.091370e-08,7.854696e-10,-3.675975e-10,-1.904041e-11,-5.634302e-13,1.276041e+00,7.994934e-01,7.786054e-01
5.550000e-11,-1.000000e-04,-1.000000e-04,0.000000e+00,-7.930787e-06,-2.597019e-05,-1.137773e-06,6.036085e-08,3.650306e-08,3.650306e-08,1.693693e-09,-3.587842e-10,-2.141949e-11,-6.938671e-13,1.269188e+00,8.001832e-01,7.785895e-01
5.560000e-11,-1.000000e-04,-1.000000e-04,0.000000e+00,-7.536785e-06,-2.334592e-05,-2.209825e-06,1.062391e-07,3.089517e-08,3.089517e-08,2.588381e-09,-3.400739e-10,-2.381018e-11,-8.466204e-13,1.263055e+00,8.008051e-01,7.785686e-01
5.570000e-11,-1.000000e-04,-1.000000e-04,0.000000e+00,-7.113289e-06,-1.972907e-05,-3.168473e-06,1.512305e-07,2.444753e-08,2.444753e-08,3.434835e-09,-3.106963e-10,-2.614055e-11,-1.023552e-12,1.257957e+00,8.013102e-01,7.785459e-01
5.580000e-11,-1.000000e-04,-1.000000e-04,0.000000e+00,-6.698331e-06,-1.542228e-05,-3.955563e-06,1.904223e-07,1.756161e-08,1.756161e-08,4.198170e-09,-2.702047e-10,-2.832582e-11,-1.226166e-12,1.254122e+00,8.016557e-01,7.785243e-01
5.590000e-11,-1.000000e-04,-1.000000e-04,0.000000e+00,-6.327812e-06,-1.076322e-05,-4.525596e-06,2.191711e-07,1.065621e-08,1.065621e-08,4.845123e-09,-2.185447e-10,-3.026945e-11,-1.455448e-12,1.251675e+00,8.018083e-01,7.785070e-01
5.600000e-11,-1.000000e-04,-1.000000e-04,0.000000e+00,-6.032024e-06,-6.068698e-06,-4.848793e-06,2.334913e-07,4.139073e-09,4.139073e-09,5.345901e-09,-1.561114e-10,-3.186507e-11,-1.711683e-12,1.250631e+00,8.017471e-01,7.784964e-01
5.610000e-11,-1.000000e-04,-1.000000e-04,0.000000e+00,-5.831747e-06,-1.598166e-06,-4.912886e-06,2.303973e-07,-1.621414e-09,-1.621414e-09,5.675968e-09,-8.379039e-11,-3.299925e-11,-1.994261e-12,1.250907e+00,8.014651e-01,7.784942e-01
5.620000e-11,-1.000000e-04,-1.000000e-04,0.000000e+00,-5.735755e-06,2.448203e-06,-4.723522e-06,2.081720e-07,-6.322108e-09,-6.322108e-09,5.817635e-09,-2.979242e-12,-3.355520e-11,-2.301481e-12,1.252327e+00,8.009700e-01,7.785015e-01
5.630000e-11,-1.000000e-04,-1.000000e-04,0.000000e+00,-5.741200e-06,5.907254e-06,-4.303238e-06,1.665400e-07,-9.746776e-09,-9.746776e-09,5.761354e-09,8.441584e-11,-3.341732e-11,-2.630353e-12,1.254649e+00,8.002839e-01,7.785184e-01
5.640000e-11,-1.000000e-04,-1.000000e-04,0.000000e+00,-5.836837e-06,8.631323e-06,-3.689145e-06,1.067319e-07,-1.178171e-08,-1.178171e-08,5.506609e-09,1.760103e-10,-3.247646e-11,-2.976412e-12,1.257584e+00,7.994416e-01,7.785437e-01
5.650000e-11,-1.000000e-04,-1.000000e-04,0.000000e+00,-6.007593e-06,1.048697e-05,-2.929565e-06,3.143194e-08,-1.242401e-08,-1.242401e-08,5.062313e-09,2.690000e-10,-3.063591e-11,-3.333571e-12,1.260829e+00,7.984882e-01,7.785757e-01
5.660000e-11,-1.000000e-04,-1.000000e-04,0.000000e+00,-6.238420e-06,1.137656e-05,-2.079974e-06,-5.538585e-08,-1.178169e-08,-1.178169e-08,4.446670e-09,3.602489e-10,-2.781769e-11,-3.693988e-12,1.264083e+00,7.974763e-01,7.786115e-01
5.670000e-11,-1.000000e-04,-1.000000e-04,0.000000e+00,-6.515952e-06,1.127016e-05,-1.198661e-06,-1.487222e-07,-1.006550e-08,-1.006550e-08,3.686470e-09,4.464030e-10,-2.396902e-11,-4.048021e-12,1.267073e+00,7.964619e-01,7.786480e-01
5.680000e-11,-1.000000e-04,-1.000000e-04,0.000000e+00,-6.827729e-06,1.022976e-05,-3.425023e-07,-2.428976e-07,-7.572766e-09,-7.572766e-09,2.815840e-09,5.240280e-10,-1.906861e-11,-4.384227e-12,1.269568e+00,7.955006e-01,7.786813e-01
5.690000e-11,-1.000000e-04,-1.000000e-04,0.000000e+00,-7.159953e-06,8.413270e-06,4.368231e-07,-3.319520e-07,-4.664392e-09,-4.664392e-09,1.874499e-09,5.897636e-10,-1.313231e-11,-4.689462e-12,1.271387e+00,7.946439e-01,7.787076e-01
5.700000e-11,-1.000000e-04,-1.000000e-04,0.000000e+00,-7.495233e-06,6.055779e-06,1.095942e-06,-4.100694e-07,-1.736626e-09,-1.736626e-09,9.056163e-10,6.404892e-10,-6.217942e-12,-4.949071e-12,1.272409e+00,7.939357e-01,7.787235e-01
5.710000e-11,-1.000000e-04,-1.000000e-04,0.000000e+00,-7.811670e-06,3.435442e-06,1.602098e-06,-4.719949e-07,8.104267e-10,8.104267e-10,-4.661540e-11,6.734904e-10,1.571372e-12,-5.147191e-12,1.272573e+00,7.934095e-01,7.787258e-01
5.720000e-11,-1.000000e-04,-1.000000e-04,0.000000e+00,-8.083843e-06,8.353941e-07,1.934625e-06,-5.134132e-07,2.605178e-09,2.605178e-09,-9.395318e-10,6.866193e-10,1.008550e-11,-5.267163e-12,1.271884e+00,7.930863e-01,7.787123e-01
5.730000e-11,-1.000000e-04,-1.000000e-04,0.000000e+00,-8.285489e-06,-1.488040e-06,2.085598e-06,-5.312611e-07,3.335360e-09,3.335360e-09,-1.734518e-09,6.784361e-10,1.912769e-11,-5.292063e-12,1.270407e+00,7.929736e-01,7.786817e-01
5.740000e-11,-1.000000e-04,-1.000000e-04,0.000000e+00,-8.393054e-06,-3.325675e-06,2.059709e-06,-5.239503e-07,2.774908e-09,2.774908e-09,-2.399326e-09,6.483251e-10,2.845728e-11,-5.205349e-12,1.268268e+00,7.930650e-01,7.786339e-01
5.750000e-11,-1.000000e-04,-1.000000e-04,0.000000e+00,-8.389141e-06,-4.524639e-06,1.873437e-06,-4.914846e-07,8.047661e-10,8.047661e-10,-2.910030e-09,5.965738e-10,3.779482e-11,-4.991596e-12,1.265643e+00,7.933417e-01,7.785699e-01
5.760000e-11,-1.000000e-04,-1.000000e-04,0.000000e+00,-8.265065e-06,-4.990068e-06,1.553559e-06,-4.354647e-07,-2.574069e-09,-2.574069e-09,-3.252474e-09,5.244102e-10,4.682983e-11,-4.637315e-12,1.262751e+00,7.937736e-01,7.784919e-01
5.770000e-11,-1.000000e-04,-1.000000e-04,0.000000e+00,-8.022101e-06,-4.683418e-06,1.135099e-06,-3.589795e-07,-7.236423e-09,-7.236423e-09,-3.423103e-09,4.339918e-10,5.523081e-11,-4.131834e-12,1.259838e+00,7.943220e-01,7.784032e-01
5.780000e-11,-1.000000e-04,-1.000000e-04,0.000000e+00,-7.671375e-06,-3.619777e-06,6.588110e-07,-2.663936e-07,-1.293823e-08,-1.293823e-08,-3.429093e-09,3.283439e-10,6.265756e-11,-3.468175e-12,1.257159e+00,7.949427e-01,7.783080e-01
5.790000e-11,-1.000000e-04,-1.000000e-04,0.000000e+00,-7.232594e-06,-1.864391e-06,1.683193e-07,-1.630481e-07,-1.933102e-08,-1.933102e-08,-3.287780e-09,2.112480e-10,6.877514e-11,-2.643936e-12,1.254963e+00,7.955892e-01,7.782111e-01
5.800000e-11,-1.000000e-04,-1.000000e-04,0.000000e+00,-6.731935e-06,4.725091e-07,-2.929131e-07,-5.489585e-08,-2.598469e-08,-2.598469e-08,-3.025373e-09,8.708405e-11,7.326915e-11,-1.662077e-12,1.253471e+00,7.962157e-01,7.781175e-01
5.810000e-11,-1.000000e-04,-1.000000e-04,0.000000e+00,-6.199425e-06,3.243306e-06,-6.845979e-07,5.190146e-08,-3.241703e-08,-3.241703e-08,-2.675057e-09,-3.936775e-11,7.586144e-11,-5.316042e-13,1.252859e+00,7.967808e-01,7.780322e-01
5.820000e-11,-1.000000e-04,-1.000000e-04,0.000000e+00,-5.666169e-06,6.272730e-06,-9.724118e-07,1.513849e-07,-3.812795e-08,-3.812795e-08,-2.274592e-09,-1.631549e-10,7.632566e-11,7.319276e-13,1.253247e+00,7.972499e-01,7.779601e-01
5.830000e-11,-1.000000e-04,-1.000000e-04,0.000000e+00,-5.161766e-06,9.368620e-06,-1.130360e-06,2.381905e-07,-4.263587e-08,-4.263587e-08,-1.863559e-09,-2.793988e-10,7.450169e-11,2.106130e-12,1.254689e+00,7.975974e-01,7.779051e-01
5.840000e-11,-1.000000e-04,-1.000000e-04,0.000000e+00,-4.712199e-06,1.233266e-05,-1.142532e-06,3.078935e-07,-4.551377e-08,-4.551377e-08,-1.480459e-09,-3.835462e-10,7.030810e-11,3.561771e-12,1.257168e+00,7.978084e-01,7.778702e-01
5.850000e-11,-1.000000e-04,-1.000000e-04,0.000000e+00,-4.338406e-06,1.497070e-05,-1.004116e-06,3.572833e-07,-4.642206e-08,-4.642206e-08,-1.159850e-09,-4.716089e-10,6.375187e-11,5.063059e-12,1.260601e+00,7.978792e-01,7.778574e-01
5.860000e-11,-1.000000e-04,-1.000000e-04,0.000000e+00,-4.055533e-06,1.710325e-05,-7.215937e-07,3.845497e-07,-4.513600e-08,-4.513600e-08,-9.297406e-10,-5.403797e-10,5.493452e-11,6.568277e-12,1.264839e+00,7.978171e-01,7.778671e-01
5.870000e-11,-1.000000e-04,-1.000000e-04,0.000000e+00,-3.872754e-06,1.857670e-05,-3.121181e-07,3.893702e-07,-4.156547e-08,-4.156547e-08,-8.094283e-10,-5.876084e-10,4.405410e-11,8.030746e-12,1.269688e+00,7.976399e-01,7.778989e-01
5.880000e-11,-1.000000e-04,-1.000000e-04,0.000000e+00,-3.793401e-06,1.927542e-05,1.978680e-07,3.728936e-07,-3.576556e-08,-3.576556e-08,-8.079466e-10,-6.121268e-10,3.140258e-11,9.400144e-12,1.274912e+00,7.973740e-01,7.779505e-01
5.890000e-11,-1.000000e-04,-1.000000e-04,0.000000e+00,-3.815146e-06,1.913376e-05,7.746417e-07,3.376240e-07,-2.793714e-08,-2.793714e-08,-9.232464e-10,-6.139135e-10,1.735840e-11,1.062414e-11,1.280259e+00,7.970522e-01,7.780189e-01
5.900000e-11,-1.000000e-04,-1.000000e-04,0.000000e+00,-3.930121e-06,1.814537e-05,1.379669e-06,2.872146e-07,-1.841722e-08,-1.841722e-08,-1.142189e-09,-5.940918e-10,2.374368e-12,1.165033e-11,1.285468e+00,7.967115e-01,7.781000e-01
5.910000e-11,-1.000000e-04,-1.000000e-04,0.000000e+00,-4.124987e-06,1.636774e-05,1.972343e-06,2.261875e-07,-7.659646e-09,-7.659646e-09,-1.441364e-09,-5.548605e-10,-1.303905e-11,1.242831e-11,1.290294e+00,7.963897e-01,7.781890e-01
5.920000e-11,-1.000000e-04,-1.000000e-04,0.000000e+00,-4.381166e-06,1.391951e-05,2.512788e-06,1.595998e-07,3.792564e-09,3.792564e-09,-1.788698e-09,-4.993582e-10,-2.833409e-11,1.291204e-11,1.294514e+00,7.961234e-01,7.782809e-01
5.930000e-11,-1.000000e-04,-1.000000e-04,0.000000e+00,-4.675478e-06,1.097059e-05,2.964559e-06,9.268178e-08,1.534136e-08,1.534136e-08,-2.145741e-09,-4.314700e-10,-4.294916e-11,1.306206e-11,1.297950e+00,7.959445e-01,7.783705e-01
5.940000e-11,-1.000000e-04,-1.000000e-04,0.000000e+00,-4.981413e-06,7.726191e-06,3.297048e-06,3.047063e-08,2.637196e-08,2.637196e-08,-2.470497e-09,-3.555865e-10,-5.633406e-11,1.284781e-11,1.300471e+00,7.958785e-01,7.784532e-01
5.950000e-11,-1.000000e-04,-1.000000e-04,0.000000e+00,-5.271047e-06,4.407626e-06,3.487483e-06,-2.253385e-08,3.629265e-08,3.629265e-08,-2.720590e-09,-2.763296e-10,-6.797597e-11,1.224962e-11,1.302007e+00,7.959427e-01,7.785248e-01
5.960000e-11,-1.000000e-04,-1.000000e-04,0.000000e+00,-5.517453e-06,1.233048e-06,3.522400e-06,-6.266823e-08,4.457327e-08,4.457327e-08,-2.856545e-09,-1.982626e-10,-7.742449e-11,1.126054e-11,1.302550e+00,7.961447e-01,7.785821e-01
5.970000e-11,-1.000000e-04,-1.000000e-04,0.000000e+00,-5.697268e-06,-1.599427e-06,3.398497e-06,-8.733973e-08,5.077978e-08,5.077978e-08,-2.844964e-09,-1.256029e-10,-8.431466e-11,9.887599e-12,1.302157e+00,7.964822e-01,7.786229e-01
5.980000e-11,-1.000000e-04,-1.000000e-04,0.000000e+00,-5.793008e-06,-3.924790e-06,3.122831e-06,-9.518076e-08,5.460250e-08,5.460250e-08,-2.661339e-09,-6.195628e-11,-8.838632e-11,8.152655e-12,1.300945e+00,7.969434e-01,7.786463e-01
5.990000e-11,-1.000000e-04,-1.000000e-04,0.000000e+00,-5.794757e-06,-5.620129e-06,2.712331e-06,-8.611470e-08,5.587600e-08,5.587600e-08,-2.292308e-09,-1.009069e-11,-8.949879e-11,6.092589e-12,1.299082e+00,7.975072e-01,7.786526e-01
6.000000e-11,-1.000000e-04,-1.000000e-04,0.000000e+00,-5.701006e-06,-6.609886e-06,2.192645e-06,-6.133012e-08,5.458938e-08,5.458938e-08,-1.737181e-09,2.823459e-11,-8.763966e-11,3.758828e-12,1.296774e+00,7.981458e-01,7.786433e-01
6.010000e-11,-9.000000e-05,-9.000000e-05,0.000000e+00,-3.086300e-06,5.094026e-05,1.606352e-06,-2.316045e-08,5.088618e-08,5.088618e-08,-1.008595e-09,5.237220e-11,-8.292721e-11,1.216174e-12,1.294724e+00,7.988256e-01,7.786208e-01
6.020000e-11,-8.000000e-05,-8.000000e-05,0.000000e+00,-1.437653e-06,1.514566e-05,1.012564e-06,2.511685e-08,4.505405e-08,4.505405e-08,-1.322359e-10,6.281415e-11,-7.560590e-11,-1.459068e-12,1.293668e+00,7.995104e-01,7.785884e-01
6.030000e-11,-7.000000e-05,-7.000000e-05,0.000000e+00,-6.418165e-07,9.655333e-06,4.772382e-07,7.954683e-08,3.750481e-08,3.750481e-08,8.543615e-10,6.114042e-11,-6.603499e-11,-4.181612e-12,1.294074e+00,8.001640e-01,7.785502e-01
6.040000e-11,-6.000000e-05,-6.000000e-05,0.000000e+00,-2.637665e-07,1.334595e-05,6.102411e-08,1.358108e-07,2.874647e-08,2.874647e-08,1.903891e-09,4.989105e-11,-5.467087e-11,-6.860303e-12,1.296095e+00,8.007526e-01,7.785103e-01
6.050000e-11,-5.000000e-05,-5.000000e-05,0.000000e+00,1.816990e-07,2.439895e-05,-1.893267e-07,1.895651e-07,1.934912e-08,1.934912e-08,2.962089e-09,3.236905e-11,-4.204373e-11,-9.401674e-12,1.299693e+00,8.012482e-01,7.784728e-01
6.060000e-11,-4.000000e-05,-4.000000e-05,0.000000e+00,9.890623e-07,3.829359e-05,-2.438651e-07,2.367799e-07,9.907037e-09,9.907037e-09,3.971111e-09,1.238697e-11,-2.872989e-11,-1.171383e-11,1.304785e+00,8.016308e-01,7.784417e-01
6.070000e-11,-3.000000e-05,-3.000000e-05,0.000000e+00,2.165111e-06,5.034847e-05,-8.804257e-08,2.740534e-07,9.998000e-10,9.998000e-10,4.873241e-09,-6.026562e-12,-1.532137e-11,-1.371045e-11,1.311331e+00,8.018899e-01,7.784201e-01
6.080000e-11,-2.000000e-05,-2.000000e-05,0.000000e+00,3.489138e-06,5.772402e-05,2.800696e-07,2.988777e-07,-6.845089e-09,-6.845089e-09,5.614693e-09,-1.894016e-11,-2.394169e-12,-1.531476e-11,1.319325e+00,8.020260e-01,7.784107e-01
6.090000e-11,-1.000000e-05,-1.000000e-05,0.000000e+00,4.663741e-06,6.006468e-05,8.515130e-07,3.098367e-07,-1.318534e-08,-1.318534e-08,6.149226e-09,-2.283147e-11,9.522601e-12,-1.646318e-11,1.328728e+00,8.020508e-01,7.784148e-01
6.100000e-11,0.000000e+00,0.000000e+00,0.000000e+00,5.463764e-06,5.884896e-05,1.606322e-06,3.067209e-07,-1.769065e-08,-1.769065e-08,6.441351e-09,-1.487525e-11,1.997506e-11,-1.710861e-11,1.339387e+00,8.019863e-01,7.784329e-01
6.110000e-11,0.000000e+00,0.000000e+00,0.000000e+00,3.384286e-06,-1.688273e-06,2.502402e-06,2.905440e-07,-2.016120e-08,-2.016120e-08,6.468869e-09,6.812980e-12,2.860853e-11,-1.722295e-11,1.350525e+00,8.018639e-01,7.784646e-01
6.120000e-11,0.000000e+00,0.000000e+00,0.000000e+00,1.975076e-06,3.185328e-05,3.473029e-06,2.634623e-07,-2.053696e-08,-2.053696e-08,6.224592e-09,4.299601e-11,3.518572e-11,-1.679887e-11,1.361197e+00,8.017218e-01,7.785082e-01
6.130000e-11,0.000000e+00,0.000000e+00,0.000000e+00,1.267438e-06,3.629047e-05,4.435234e-06,2.286018e-07,-1.889689e-08,-1.889689e-08,5.717096e-09,9.321093e-11,3.959778e-11,-1.585064e-11,1.370639e+00,8.016024e-01,7.785615e-01
6.140000e-11,0.000000e+00,0.000000e+00,0.000000e+00,9.785765e-07,3.234385e-05,5.302970e-06,1.898040e-07,-1.544874e-08,-1.544874e-08,4.970458e-09,1.557511e-10,4.186754e-11,-1.441389e-11,1.378385e+00,8.015488e-01,7.786214e-01
6.150000e-11,0.000000e+00,0.000000e+00,0.000000e+00,7.312167e-07,2.109199e-05,5.998809e-06,1.513068e-07,-1.050984e-08,-1.050984e-08,4.022983e-09,2.277379e-10,4.214466e-11,-1.254437e-11,1.384208e+00,8.016012e-01,7.786848e-01
6.160000e-11,0.000000e+00,0.000000e+00,0.000000e+00,2.786362e-07,6.497259e-06,6.461142e-06,1.173863e-07,-4.480856e-09,-4.480856e-09,2.924994e-09,3.052784e-10,4.069278e-11,-1.031565e-11,1.388013e+00,8.017933e-01,7.787481e-01
6.170000e-11,0.000000e+00,0.000000e+00,0.000000e+00,-3.851695e-07,-6.874092e-06,6.647174e-06,9.198548e-08,2.185810e-09,2.185810e-09,1.735838e-09,3.837016e-10,3.786954e-11,-7.815906e-12,1.389764e+00,8.021491e-01,7.788082e-01
6.180000e-11,0.000000e+00,0.000000e+00,0.000000e+00,-1.061172e-06,-1.589647e-05,6.533752e-06,7.836219e-08,9.020388e-09,9.020388e-09,5.202912e-10,4.578576e-10,3.410055e-11,-5.143903e-12,1.389486e+00,8.026804e-01,7.788625e-01
6.190000e-11,0.000000e+00,0.000000e+00,0.000000e+00,-1.476731e-06,-1.976082e-05,6.117966e-06,7.878345e-08,1.557038e-08,1.557038e-08,-6.553870e-10,5.224605e-10,2.984901e-11,-2.404361e-12,1.387320e+00,8.033850e-01,7.789087e-01
6.200000e-11,0.000000e+00,0.000000e+00,0.000000e+00,-1.427902e-06,-1.957906e-05,5.418233e-06,9.429465e-08,2.143290e-08,2.143290e-08,-1.727493e-09,5.724533e-10,2.558287e-11,2.970129e-13,1.383573e+00,8.042467e-01,7.789458e-01
6.210000e-11,0.000000e+00,0.000000e+00,0.000000e+00,-8.636205e-07,-1.725827e-05,4.475164e-06,1.245839e-07,2.628230e-08,2.628230e-08,-2.638744e-09,6.033692e-10,2.174174e-11,2.858625e-12,1.378746e+00,8.052354e-01,7.789734e-01
6.220000e-11,0.000000e+00,0.000000e+00,0.000000e+00,1.125875e-07,-1.438304e-05,3.350817e-06,1.679566e-07,2.989118e-08,2.989118e-08,-3.341709e-09,6.116651e-10,1.870558e-11,5.187908e-12,1.373487e+00,8.063090e-01,7.789921e-01
6.230000e-11,0.000000e+00,0.000000e+00,0.000000e+00,1.303594e-06,-1.162779e-05,2.125170e-06,2.214253e-07,3.214318e-08,3.214318e-08,-3.801585e-09,5.950036e-10,1.676750e-11,7.205789e-12,1.368507e+00,8.074166e-01,7.790035e-01
6.240000e-11,0.000000e+00,0.000000e+00,0.000000e+00,2.499865e-06,-8.816492e-06,8.895225e-07,2.809116e-07,3.303674e-08,3.303674e-08,-3.998135e-09,5.524630e-10,1.611238e-11,8.850461e-12,1.364471e+00,8.085018e-01,7.790099e-01
6.250000e-11,0.000000e+00,0.000000e+00,0.000000e+00,3.541485e-06,-5.405509e-06,-2.624212e-07,3.415468e-07,3.267977e-08,3.267977e-08,-3.926666e-09,4.846597e-10,1.680293e-11,1.008020e-11,1.361906e+00,8.095071e-01,7.790140e-01
6.260000e-11,0.000000e+00,0.000000e+00,0.000000e+00,4.341661e-06,-1.030415e-06,-1.244316e-06,3.980492e-07,3.127560e-08,3.127560e-08,-3.597998e-09,3.937728e-10,1.877422e-11,1.087513e-11,1.361139e+00,8.103784e-01,7.790190e-01
6.270000e-11,0.000000e+00,0.000000e+00,0.000000e+00,4.875091e-06,4.168328e-06,-1.986138e-06,4.451481e-07,2.910157e-08,2.910157e-08,-3.037437e-09,2.834669e-10,2.183724e-11,1.123769e-11,1.362274e+00,8.110695e-01,7.790279e-01
6.280000e-11,0.000000e+00,0.000000e+00,0.000000e+00,5.148865e-06,9.541538e-06,-2.441020e-06,4.780207e-07,2.648202e-08,2.648202e-08,-2.282830e-09,1.587167e-10,2.569130e-11,1.119194e-11,1.365205e+00,8.115458e-01,7.790436e-01
6.300000e-11,0.000000e+00,0.000000e+00,0.000000e+00,4.960264e-06,1.720912e-05,-2.439190e-06,4.864597e-07,2.125500e-08,2.125500e-08,-3.887948e-10,-1.093253e-10,3.414261e-11,1.006671e-11,1.375195e+00,8.117913e-01,7.791034e-01
6.310000e-11,0.000000e+00,0.000000e+00,0.000000e+00,4.504386e-06,1.810148e-05,-2.025717e-06,4.580163e-07,1.925526e-08,1.925526e-08,6.391708e-10,-2.388385e-10,3.779944e-11,9.120136e-12,1.381322e+00,8.115707e-01,7.791497e-01
6.320000e-11,0.000000e+00,0.000000e+00,0.000000e+00,3.817638e-06,1.671864e-05,-1.406146e-06,4.077392e-07,1.797028e-08,1.797028e-08,1.645545e-09,-3.560441e-10,4.043532e-11,8.022255e-12,1.387467e+00,8.111553e-01,7.792065e-01
6.330000e-11,0.000000e+00,0.000000e+00,0.000000e+00,2.931136e-06,1.329702e-05,-6.547138e-07,3.376382e-07,1.752242e-08,1.752242e-08,2.578076e-09,-4.545029e-10,4.161246e-11,6.856078e-12,1.393052e+00,8.105882e-01,7.792723e-01
6.340000e-11,0.000000e+00,0.000000e+00,0.000000e+00,1.903209e-06,8.312042e-06,1.441903e-07,2.512529e-07,1.793333e-08,1.793333e-08,3.391838e-09,-5.286800e-10,4.097009e-11,5.701914e-12,1.397532e+00,8.099229e-01,7.793446e-01
6.350000e-11,0.000000e+00,0.000000e+00,0.000000e+00,8.157927e-07,2.334544e-06,9.034487e-07,1.534067e-07,1.912119e-08,1.912119e-08,4.051708e-09,-5.742843e-10,3.825499e-11,4.632318e-12,1.400439e+00,8.092181e-01,7.794201e-01
6.360000e-11,0.000000e+00,0.000000e+00,0.000000e+00,-2.367907e-07,-4.074102e-06,1.540782e-06,4.985291e-08,2.090722e-08,2.090722e-08,4.534063e-09,-5.885337e-10,3.334572e-11,3.707584e-12,1.401426e+00,8.085336e-01,7.794948e-01
6.370000e-11,0.000000e+00,0.000000e+00,0.000000e+00,-1.162200e-06,-1.040943e-05,1.985901e-06,-5.316371e-08,2.303075e-08,2.303075e-08,4.827615e-09,-5.703302e-10,2.626851e-11,2.972075e-12,1.400299e+00,8.079248e-01,7.795646e-01
6.380000e-11,0.000000e+00,0.000000e+00,0.000000e+00,-1.882926e-06,-1.622509e-05,2.186651e-06,-1.493907e-07,2.517165e-08,2.517165e-08,4.933335e-09,-5.203323e-10,1.720368e-11,2.451626e-12,1.397038e+00,8.074382e-01,7.796253e-01
6.390000e-11,0.000000e+00,0.000000e+00,0.000000e+00,-2.344592e-06,-2.111632e-05,2.113617e-06,-2.330592e-07,2.697852e-08,2.697852e-08,4.863519e-09,-4.409207e-10,6.481842e-12,2.152201e-12,1.391804e+00,8.071075e-01,7.796730e-01
6.400000e-11,0.000000e+00,0.000000e+00,0.000000e+00,-2.519044e-06,-2.471504e-05,1.762735e-06,-2.993407e-07,2.810006e-08,2.810006e-08,4.640085e-09,-3.360599e-10,-5.430184e-12,2.059910e-12,1.384926e+00,8.069510e-01,7.797047e-01
6.410000e-11,0.000000e+00,0.000000e+00,0.000000e+00,-2.403555e-06,-2.671241e-05,1.155690e-06,-3.447307e-07,2.821723e-08,2.821723e-08,4.292257e-09,-2.110646e-10,-1.795295e-11,2.142387e-12,1.376871e+00,8.069697e-01,7.797180e-01
6.420000e-11,0.000000e+00,0.000000e+00,0.000000e+00,-2.018213e-06,-2.690435e-05,3.380389e-07,-3.673256e-07,2.707344e-08,2.707344e-08,3.853836e-09,-7.228666e-11,-3.042628e-11,2.351458e-12,1.368208e+00,8.071481e-01,7.797118e-01
6.430000e-11,0.000000e+00,0.000000e+00,0.000000e+00,-1.402993e-06,-2.523946e-05,-6.247417e-07,-3.669696e-07,2.450009e-08,2.450009e-08,3.360276e-09,7.325735e-11,-4.214749e-11,2.626943e-12,1.359558e+00,8.074552e-01,7.796862e-01
6.440000e-11,0.000000e+00,0.000000e+00,0.000000e+00,-6.147632e-07,-2.184399e-05,-1.652950e-06,-3.452564e-07,2.043548e-08,2.043548e-08,2.845802e-09,2.182926e-10,-5.241370e-11,2.901344e-12,1.351541e+00,8.078474e-01,7.796426e-01
6.450000e-11,0.000000e+00,0.000000e+00,0.000000e+00,2.765602e-07,-1.700919e-05,-2.659585e-06,-3.053870e-07,1.493515e-08,1.493515e-08,2.340791e-09,3.557013e-10,-6.056550e-11,3.105123e-12,1.344725e+00,8.082729e-01,7.795835e-01
6.460000e-11,0.000000e+00,0.000000e+00,0.000000e+00,1.193629e-06,-1.114517e-05,-3.557915e-06,-2.518925e-07,8.172763e-09,8.172763e-09,1.869618e-09,4.789199e-10,-6.602924e-11,3.172217e-12,1.339579e+00,8.086759e-01,7.795123e-01
6.470000e-11,0.000000e+00,0.000000e+00,0.000000e+00,2.059073e-06,-4.720873e-06,-4.269042e-06,-1.902466e-07,4.312533e-10,4.312533e-10,1.449116e-09,5.822932e-10,-6.835518e-11,3.045428e-12,1.336434e+00,8.090023e-01,7.794332e-01
6.480000e-11,0.000000e+00,0.000000e+00,0.000000e+00,2.803504e-06,1.786634e-06,-4.728786e-06,-1.264001e-07,-7.915188e-09,-7.915188e-09,1.087773e-09,6.613644e-10,-6.724910e-11,2.681317e-12,1.335457e+00,8.092039e-01,7.793510e-01
6.490000e-11,0.000000e+00,0.000000e+00,0.000000e+00,3.372185e-06,7.920904e-06,-4.893256e-06,-6.627546e-08,-1.642702e-08,-1.642702e-08,7.856870e-10,7.130831e-10,-6.259500e-11,2.054247e-12,1.336640e+00,8.092434e-01,7.792703e-01
6.500000e-11,0.000000e+00,0.000000e+00,0.000000e+00,3.728734e-06,1.325688e-05,-4.742614e-06,-1.526687e-08,-2.463112e-08,-2.463112e-08,5.352772e-10,7.359212e-10,-5.446766e-11,1.159297e-12,1.339810e+00,8.090978e-01,7.791957e-01
6.510000e-11,0.000000e+00,0.000000e+00,0.000000e+00,3.855471e-06,1.740937e-05,-4.282675e-06,2.221434e-08,-3.205592e-08,-3.205592e-08,3.226667e-10,7.298921e-10,-4.313381e-11,1.380839e-14,1.344639e+00,8.087604e-01,7.791309e-01
6.520000e-11,0.000000e+00,0.000000e+00,0.000000e+00,3.751405e-06,2.005458e-05,-3.544247e-06,4.310846e-08,-3.826716e-08,-3.826716e-08,1.296011e-10,6.964741e-10,-2.904189e-11,-1.342575e-12,1.350688e+00,8.082418e-01,7.790790e-01
6.530000e-11,0.000000e+00,0.000000e+00,0.000000e+00,3.429618e-06,2.096876e-05,-2.580336e-06,4.595974e-08,-4.290122e-08,-4.290122e-08,-6.427060e-11,6.384480e-10,-1.280082e-11,-2.849418e-12,1.357433e+00,8.075694e-01,7.790419e-01
6.540000e-11,0.000000e+00,0.000000e+00,0.000000e+00,2.915555e-06,2.007290e-05,-1.461543e-06,3.103080e-08,-4.569351e-08,-4.569351e-08,-2.789584e-10,5.596613e-10,4.850986e-12,-4.428496e-12,1.364319e+00,8.067849e-01,7.790201e-01
6.550000e-11,0.000000e+00,0.000000e+00,0.000000e+00,2.246584e-06,1.746364e-05,-2.701437e-07,2.695746e-10,-4.649936e-08,-4.649936e-08,-5.317535e-10,4.647395e-10,2.308458e-11,-5.988148e-12,1.370794e+00,8.059414e-01,7.790132e-01
6.560000e-11,0.000000e+00,0.000000e+00,0.000000e+00,1.471917e-06,1.341292e-05,9.066085e-07,-4.286850e-08,-4.530577e-08,-4.530577e-08,-8.351178e-10,3.587639e-10,4.102499e-11,-7.428702e-12,1.376351e+00,8.050985e-01,7.790194e-01
6.570000e-11,0.000000e+00,0.000000e+00,0.000000e+00,6.513285e-07,8.331453e-06,1.983394e-06,-9.372769e-08,-4.223294e-08,-4.223294e-08,-1.195028e-09,2.469417e-10,5.779873e-11,-8.648691e-12,1.380569e+00,8.043180e-01,7.790358e-01
6.580000e-11,0.000000e+00,0.000000e+00,0.000000e+00,-1.485567e-07,2.707199e-06,2.883422e-06,-1.468624e-07,-3.752536e-08,-3.752536e-08,-1.609920e-09,1.342886e-10,7.258127e-11,-9.551436e-12,1.383137e+00,8.036582e-01,7.790592e-01
6.590000e-11,0.000000e+00,0.000000e+00,0.000000e+00,-8.604934e-07,-2.960771e-06,3.544242e-06,-1.965163e-07,-3.153320e-08,-3.153320e-08,-2.070329e-09,2.534808e-11,8.464172e-11,-1.005161e-11,1.383879e+00,8.031692e-01,7.790855e-01
6.600000e-11,0.000000e+00,0.000000e+00,0.000000e+00,-1.424197e-06,-8.214033e-06,3.922369e-06,-2.371287e-07,-2.468530e-08,-2.468530e-08,-2.559266e-09,-7.603837e-11,9.338210e-11,-1.008132e-11,1.382768e+00,8.028890e-01,7.791108e-01
6.610000e-11,0.000000e+00,0.000000e+00,0.000000e+00,-1.793429e-06,-1.266441e-05,3.996399e-06,-2.638265e-07,-1.745603e-08,-1.745603e-08,-3.053296e-09,-1.668937e-10,9.836866e-11,-9.595410e-12,1.379927e+00,8.028399e-01,7.791314e-01
6.620000e-11,0.000000e+00,0.000000e+00,0.000000e+00,-1.940965e-06,-1.600623e-05,3.768398e-06,-2.728590e-07,-1.032864e-08,-1.032864e-08,-3.524246e-09,-2.451946e-10,9.935379e-11,-8.575421e-12,1.375615e+00,8.030269e-01,7.791443e-01
6.630000e-11,0.000000e+00,0.000000e+00,0.000000e+00,-1.860680e-06,-1.802256e-05,3.263454e-06,-2.619389e-07,-3.758066e-09,-3.758066e-09,-3.941397e-09,-3.098851e-10,9.628701e-11,-7.032168e-12,1.370208e+00,8.034367e-01,7.791471e-01
6.640000e-11,0.000000e+00,0.000000e+00,0.000000e+00,-1.566948e-06,-1.859379e-05,2.527432e-06,-2.304613e-07,1.863787e-09,1.863787e-09,-4.273974e-09,-3.608181e-10,8.931474e-11,-5.006552e-12,1.364165e+00,8.040395e-01,7.791388e-01
6.650000e-11,0.000000e+00,0.000000e+00,0.000000e+00,-1.092075e-06,-1.770852e-05,1.623105e-06,-1.795813e-07,6.237485e-09,6.237485e-09,-4.493744e-09,-3.986341e-10,7.876906e-11,-2.568597e-12,1.357986e+00,8.047904e-01,7.791193e-01
6.660000e-11,0.000000e+00,0.000000e+00,0.000000e+00,-4.824932e-07,-1.546964e-05,6.249757e-07,-1.121444e-07,9.177774e-09,9.177774e-09,-4.577483e-09,-4.245905e-10,6.514625e-11,1.852953e-13,1.352175e+00,8.056339e-01,7.790899e-01
6.670000e-11,0.000000e+00,0.000000e+00,0.000000e+00,2.058815e-07,-1.208775e-05,-3.867970e-07,-3.247440e-08,1.062583e-08,1.062583e-08,-4.509124e-09,-4.403587e-10,4.907677e-11,3.136734e-12,1.347192e+00,8.065073e-01,7.790529e-01
6.680000e-11,0.000000e+00,0.000000e+00,0.000000e+00,9.128871e-07,-7.859943e-06,-1.332869e-06,5.396210e-08,1.065105e-08,1.065105e-08,-4.281384e-09,-4.478074e-10,3.128861e-11,6.151153e-12,1.343417e+00,8.073464e-01,7.790114e-01
6.690000e-11,0.000000e+00,0.000000e+00,0.000000e+00,1.579623e-06,-3.139379e-06,-2.141034e-06,1.409886e-07,9.442231e-09,9.442231e-09,-3.896735e-09,-4.487905e-10,1.256646e-11,9.084702e-12,1.341123e+00,8.080900e-01,7.789692e-01
6.700000e-11,0.000000e+00,0.000000e+00,0.000000e+00,2.153606e-06,1.695711e-06,-2.751880e-06,2.222117e-07,7.288933e-09,7.288933e-09,-3.367630e-09,-4.449581e-10,-6.290802e-12,1.179185e-11,1.340453e+00,8.086850e-01,7.789304e-01
6.710000e-11,0.000000e+00,0.000000e+00,0.000000e+00,2.592802e-06,6.267584e-06,-3.123288e-06,2.915338e-07,4.554515e-09,4.554515e-09,-2.715946e-09,-4.376064e-10,-2.451158e-11,1.413325e-11,1.341411e+00,8.090901e-01,7.788988e-01
6.720000e-11,0.000000e+00,0.000000e+00,0.000000e+00,2.867987e-06,1.021946e-05,-3.233415e-06,3.436445e-07,1.643156e-09,1.643156e-09,-1.971685e-09,-4.275753e-10,-4.138968e-11,1.598335e-11,1.343872e+00,8.092790e-01,7.788781e-01
6.730000e-11,0.000000e+00,0.000000e+00,0.000000e+00,2.963406e-06,1.323585e-05,-3.081932e-06,3.744495e-07,-1.036407e-09,-1.036407e-09,-1.171022e-09,-4.152040e-10,-5.631675e-11,1.723742e-11,1.347591e+00,8.092426e-01,7.788711e-01
6.740000e-11,0.000000e+00,0.000000e+00,0.000000e+00,2.876284e-06,1.506739e-05,-2.689450e-06,3.814031e-07,-3.107409e-09,-3.107409e-09,-3.538524e-10,-4.003433e-10,-6.880756e-11,1.781746e-11,1.352230e+00,8.089887e-01,7.788795e-01
6.750000e-11,0.000000e+00,0.000000e+00,0.000000e+00,2.615962e-06,1.555946e-05,-2.095263e-06,3.637175e-07,-4.258768e-09,-4.258768e-09,4.389739e-10,-3.824235e-10,-7.851671e-11,1.767667e-11,1.357387e+00,8.085419e-01,7.789039e-01
6.760000e-11,0.000000e+00,0.000000e+00,0.000000e+00,2.203203e-06,1.467756e-05,-1.353644e-06,3.224326e-07,-4.273175e-09,-4.273175e-09,1.168513e-09,-3.605681e-10,-8.524644e-11,1.680229e-11,1.362630e+00,8.079410e-01,7.789437e-01
6.770000e-11,0.000000e+00,0.000000e+00,0.000000e+00,1.669644e-06,1.251931e-05,-5.290809e-07,2.603414e-07,-3.047181e-09,-3.047181e-09,1.800454e-09,-3.337431e-10,-8.894537e-11,1.521655e-11,1.367530e+00,8.072358e-01,7.789969e-01
6.780000e-11,0.000000e+00,0.000000e+00,0.000000e+00,1.056802e-06,9.305647e-06,3.091467e-07,1.817774e-07,-6.015722e-10,-6.015722e-10,2.307501e-09,-3.009253e-10,-8.969898e-11,1.297569e-11,1.371694e+00,8.064829e-01,7.790604e-01
6.790000e-11,0.000000e+00,0.000000e+00,0.000000e+00,4.138997e-07,5.351315e-06,1.092586e-06,9.228199e-08,2.918856e-09,2.918856e-09,2.671213e-09,-2.612750e-10,-8.771290e-11,1.016722e-11,1.374795e+00,8.057413e-01,7.791303e-01
6.800000e-11,0.000000e+00,0.000000e+00,0.000000e+00,-2.059060e-07,1.022612e-06,1.759007e-06,-1.821460e-09,7.256177e-09,7.256177e-09,2.883160e-09,-2.142941e-10,-8.329055e-11,6.905427e-12,1.376596e+00,8.050678e-01,7.792019e-01
6.810000e-11,0.000000e+00,0.000000e+00,0.000000e+00,-7.506138e-07,-3.305733e-06,2.257175e-06,-9.391208e-08,1.205999e-08,1.205999e-08,2.945299e-09,-1.599577e-10,-7.680710e-11,3.325521e-12,1.376967e+00,8.045123e-01,7.792703e-01
6.820000e-11,0.000000e+00,0.000000e+00,0.000000e+00,-1.174901e-06,-7.284862e-06,2.550658e-06,-1.775761e-07,1.691622e-08,1.691622e-08,2.869549e-09,-9.880275e-11,-6.868169e-11,-4.232625e-13,1.375896e+00,8.041142e-01,7.793308e-01
6.830000e-11,0.000000e+00,0.000000e+00,0.000000e+00,-1.444936e-06,-1.061406e-05,2.620395e-06,-2.470914e-07,2.138164e-08,2.138164e-08,2.676584e-09,-3.196735e-11,-5.934978e-11,-4.185227e-12,1.373488e+00,8.038994e-01,7.793791e-01
6.840000e-11,0.000000e+00,0.000000e+00,0.000000e+00,-1.541599e-06,-1.305410e-05,2.465852e-06,-2.978542e-07,2.502142e-08,2.502142e-08,2.393962e-09,3.882525e-11,-4.923781e-11,-7.805981e-12,1.369957e+00,8.038786e-01,7.794116e-01
6.850000e-11,0.000000e+00,0.000000e+00,0.000000e+00,-1.461743e-06,-1.443714e-05,2.104685e-06,-3.267143e-07,2.744650e-08,2.744650e-08,2.053734e-09,1.113378e-10,-3.874131e-11,-1.113996e-11,1.365601e+00,8.040470e-01,7.794259e-01
6.860000e-11,0.000000e+00,0.000000e+00,0.000000e+00,-1.217661e-06,-1.467621e-05,1.570951e-06,-3.321941e-07,2.834774e-08,2.834774e-08,1.689722e-09,1.829401e-10,-2.820807e-11,-1.405731e-11,1.360785e+00,8.043848e-01,7.794210e-01
6.870000e-11,0.000000e+00,0.000000e+00,0.000000e+00,-8.351821e-07,-1.377306e-05,9.120285e-07,-3.145750e-07,2.752410e-08,2.752410e-08,1.334708e-09,2.507713e-10,-1.792675e-11,-1.644974e-11,1.355902e+00,8.048590e-01,7.793970e-01
6.880000e-11,0.000000e+00,0.000000e+00,0.000000e+00,-3.507789e-07,-1.181980e-05,1.845091e-07,-2.758461e-07,2.490233e-08,2.490233e-08,1.017741e-09,3.119300e-10,-8.121494e-12,-1.823506e-11,1.351343e+00,8.054267e-01,7.793557e-01
6.890000e-11,0.000000e+00,0.000000e+00,0.000000e+00,1.920179e-07,-8.990932e-06,-5.505999e-07,-2.195213e-07,2.054672e-08,2.054672e-08,7.618022e-10,3.636768e-10,1.047903e-12,-1.936021e-11,1.347464e+00,8.060387e-01,7.792997e-01
6.900000e-11,0.000000e+00,0.000000e+00,0.000000e+00,7.466725e-07,-5.526226e-06,-1.232951e-06,-1.503415e-07,1.465776e-08,1.465776e-08,5.820081e-10,4.036335e-10,9.480707e-12,-1.980259e-11,1.344557e+00,8.066432e-01,7.792331e-01
6.910000e-11,0.000000e+00,0.000000e+00,0.000000e+00,1.267812e-06,-1.708208e-06,-1.807792e-06,-7.388623e-08,7.560073e-09,7.560073e-09,4.845069e-10,4.299612e-10,1.712601e-11,-1.956983e-11,1.342827e+00,8.071906e-01,7.791604e-01
6.920000e-11,0.000000e+00,0.000000e+00,0.000000e+00,1.715021e-06,2.160454e-06,-2.230340e-06,3.872121e-09,-3.198499e-10,-3.198499e-10,4.661519e-10,4.415028e-10,2.397069e-11,-1.869789e-11,1.342379e+00,8.076368e-01,7.790866e-01
6.930000e-11,0.000000e+00,0.000000e+00,0.000000e+00,2.055761e-06,5.777061e-06,-2.469235e-06,7.703602e-08,-8.484127e-09,-8.484127e-09,5.149831e-10,4.378785e-10,3.002601e-11,-1.724788e-11,1.343211e+00,8.079473e-01,7.790168e-01
6.940000e-11,0.000000e+00,0.000000e+00,0.000000e+00,2.267136e-06,8.857210e-06,-2.508805e-06,1.402348e-07,-1.639997e-08,-1.639997e-08,6.114765e-10,4.195238e-10,3.531428e-11,-1.530167e-11,1.345216e+00,8.080991e-01,7.789556e-01
6.950000e-11,0.000000e+00,0.000000e+00,0.000000e+00,2.336553e-06,1.115398e-05,-2.349958e-06,1.890260e-07,-2.353928e-08,-2.353928e-08,7.304550e-10,3.876692e-10,3.985686e-11,-1.295674e-11,1.348198e+00,8.080827e-01,7.789070e-01
6.960000e-11,0.000000e+00,0.000000e+00,0.000000e+00,2.261685e-06,1.247943e-05,-2.009694e-06,2.202152e-07,-2.941825e-08,-2.941825e-08,8.435049e-10,3.442590e-10,4.366466e-11,-1.032051e-11,1.351890e+00,8.079024e-01,7.788741e-01
6.970000e-11,0.000000e+00,0.000000e+00,0.000000e+00,2.050136e-06,1.272634e-05,-1.519307e-06,2.320712e-07,-3.363386e-08,-3.363386e-08,9.216937e-10,2.918183e-10,4.673195e-11,-7.504581e-12,1.355972e+00,8.075759e-01,7.788586e-01
6.980000e-11,0.000000e+00,0.000000e+00,0.000000e+00,1.719068e-06,1.188459e-05,-9.214890e-07,2.244216e-07,-3.589453e-08,-3.589453e-08,9.383634e-10,2.332768e-10,4.903386e-11,-4.619178e-12,1.360105e+00,8.071319e-01,7.788609e-01
6.990000e-11,0.000000e+00,0.000000e+00,0.000000e+00,1.294635e-06,1.004593e-05,-2.665990e-07,1.986239e-07,-3.604231e-08,-3.604231e-08,8.717629e-10,1.717626e-10,5.052776e-11,-1.768133e-12,1.363952e+00,8.066085e-01,7.788804e-01
7.000000e-11,0.000000e+00,0.000000e+00,0.000000e+00,8.108158e-07,7.393644e-06,3.915571e-07,1.574171e-07,-3.406517e-08,-3.406517e-08,7.072962e-10,1.103839e-10,5.115820e-11,9.553512e-13,1.367206e+00,8.060491e-01,7.789148e-01
7.010000e-11,1.000000e-05,0.000000e+00,1.000000e-05,5.293082e-06,1.226795e-04,1.020526e-06,1.046821e-07,-3.009819e-08,-3.009819e-08,4.391915e-10,5.201506e-11,5.086467e-11,3.471979e-12,1.370574e+00,8.054991e-01,7.789612e-01
7.020000e-11,2.000000e-05,0.000000e+00,2.000000e-05,7.722301e-06,4.629205e-05,1.617535e-06,4.512391e-08,-2.441376e-08,-2.441376e-08,7.144545e-11,-8.966525e-13,4.959142e-11,5.718550e-12,1.374916e+00,8.050027e-01,7.790155e-01
7.030000e-11,3.000000e-05,0.000000e+00,3.000000e-05,8.422474e-06,3.076422e-05,2.199229e-06,-1.609479e-08,-1.740143e-08,-1.740143e-08,-3.820495e-10,-4.648695e-11,4.729821e-11,7.649032e-12,1.380671e+00,8.045995e-01,7.790733e-01
7.040000e-11,4.000000e-05,0.000000e+00,4.000000e-05,8.359110e-06,3.330584e-05,2.785856e-06,-7.373587e-08,-9.539116e-09,-9.539116e-09,-8.982166e-10,-8.358151e-11,4.397070e-11,9.234576e-12,1.387809e+00,8.043224e-01,7.791303e-01
7.050000e-11,5.000000e-05,0.000000e+00,5.000000e-05,8.583616e-06,5.067985e-05,3.391378e-06,-1.228512e-07,-1.357739e-09,-1.357739e-09,-1.446301e-09,-1.117456e-10,3.962956e-11,1.046256e-11,1.396099e+00,8.041962e-01,7.791820e-01
7.060000e-11,6.000000e-05,0.000000e+00,6.000000e-05,9.746591e-06,7.429428e-05,4.023200e-06,-1.591035e-07,6.597924e-09,6.597924e-09,-1.990060e-09,-1.312724e-10,3.433705e-11,1.133484e-11,1.405417e+00,8.042374e-01,7.792246e-01
7.070000e-11,7.000000e-05,0.000000e+00,7.000000e-05,1.190655e-05,9.533374e-05,4.688306e-06,-1.790201e-07,1.380922e-08,1.380922e-08,-2.490476e-09,-1.431118e-10,2.820048e-11,1.186540e-11,1.415909e+00,8.044538e-01,7.792554e-01
7.080000e-11,8.000000e-05,0.000000e+00,8.000000e-05,1.465741e-05,1.087592e-04,5.399790e-06,-1.801644e-07,1.982151e-08,1.982151e-08,-2.908767e-09,-1.487457e-10,2.137189e-11,1.207770e-11,1.427958e+00,8.048463e-01,7.792722e-01
7.090000e-11,9.000000e-05,0.000000e+00,9.000000e-05,1.743690e-05,1.145239e-04,6.178990e-06,-1.612166e-07,2.427709e-08,2.427709e-08,-3.209481e-09,-1.500204e-10,1.404386e-11,1.200178e-11,1.442020e+00,8.054099e-01,7.792746e-01
7.100000e-11,1.000000e-04,0.000000e+00,1.000000e-04,1.982686e-05,1.161626e-04,7.051931e-06,-1.219651e-07,2.694094e-08,2.694094e-08,-3.363404e-09,-1.489512e-10,6.441691e-12,1.167158e-11,1.458431e+00,8.061354e-01,7.792630e-01
7.110000e-11,1.000000e-04,0.000000e+00,1.000000e-04,1.672444e-05,-3.585125e-07,8.021711e-06,-6.322790e-08,2.771738e-08,2.771738e-08,-3.350060e-09,-1.475145e-10,-1.187655e-12,1.112245e-11,1.476336e+00,8.070118e-01,7.792391e-01
7.120000e-11,1.000000e-04,0.000000e+00,1.000000e-04,1.535216e-05,7.781728e-05,9.056997e-06,1.328835e-08,2.665662e-08,2.665662e-08,-3.159595e-09,-1.474467e-10,-8.588883e-12,1.038913e-11,1.494563e+00,8.080280e-01,7.792058e-01
7.130000e-11,1.000000e-04,0.000000e+00,1.000000e-04,1.572286e-05,9.891547e-05,1.010165e-05,1.051739e-07,2.395096e-08,2.395096e-08,-2.793886e-09,-1.500665e-10,-1.551303e-11,9.504205e-12,1.512297e+00,8.091742e-01,7.791667e-01
7.140000e-11,1.000000e-04,0.000000e+00,1.000000e-04,1.716895e-05,1.043449e-04,1.109351e-05,2.095217e-07,1.992099e-08,1.992099e-08,-2.266771e-09,-1.561358e-10,-2.173224e-11,8.497216e-12,1.529257e+00,8.104426e-01,7.791262e-01
7.150000e-11,1.000000e-04,0.000000e+00,1.000000e-04,1.878323e-05,9.504490e-05,1.197992e-05,3.231330e-07,1.499311e-08,1.499311e-08,-1.603367e-09,-1.657721e-10,-2.705342e-11,7.394221e-12,1.545521e+00,8.118278e-01,7.790891e-01
7.160000e-11,1.000000e-04,0.000000e+00,1.000000e-04,1.988256e-05,7.767717e-05,1.272415e-05,4.427043e-07,9.670055e-09,9.670055e-09,-8.385195e-10,-1.784204e-10,-3.132971e-11,6.217939e-12,1.561243e+00,8.133259e-01,7.790601e-01
7.170000e-11,1.000000e-04,0.000000e+00,1.000000e-04,2.025253e-05,6.023736e-05,1.330365e-05,5.649841e-07,4.496614e-09,4.496614e-09,-1.447582e-11,-1.928872e-10,-3.446876e-11,4.988247e-12,1.576457e+00,8.149334e-01,7.790437e-01
7.180000e-11,1.000000e-04,0.000000e+00,1.000000e-04,2.010571e-05,4.808137e-05,1.370478e-05,6.868916e-07,2.314809e-11,2.314809e-11,8.220467e-10,-2.074359e-10,-3.643706e-11,3.722984e-12,1.591024e+00,8.166466e-01,7.790443e-01
7.190000e-11,1.000000e-04,0.000000e+00,1.000000e-04,1.984685e-05,4.222897e-05,1.391866e-05,8.055948e-07,-3.230675e-09,-3.230675e-09,1.623188e-09,-2.199347e-10,-3.726006e-11,2.438875e-12,1.604723e+00,8.184598e-01,7.790651e-01
7.200000e-11,1.000000e-04,0.000000e+00,1.000000e-04,1.980918e-05,4.017300e-05,1.394040e-05,9.185512e-07,-4.809440e-09,-4.809440e-09,2.343428e-09,-2.280462e-10,-3.701790e-11,1.152448e-12,1.617369e+00,8.203647e-01,7.791090e-01
7.210000e-11,1.000000e-04,0.000000e+00,1.000000e-04,2.009674e-05,3.813202e-05,1.377098e-05,1.023517e-06,-4.350725e-09,-4.350725e-09,2.942964e-09,-2.294441e-10,-3.583719e-11,-1.191798e-13,1.628906e+00,8.223492e-01,7.791775e-01
7.220000e-11,1.000000e-04,0.000000e+00,1.000000e-04,2.058044e-05,3.326967e-05,1.341964e-05,1.118532e-06,-1.607331e-09,-1.607331e-09,3.390739e-09,-2.220367e-10,-3.387948e-11,-1.357766e-12,1.639405e+00,8.243975e-01,7.792714e-01
7.230000e-11,1.000000e-04,0.000000e+00,1.000000e-04,2.100840e-05,2.482397e-05,1.290444e-05,1.201897e-06,3.538173e-09,3.538173e-09,3.666888e-09,-2.041803e-10,-3.132732e-11,-2.543730e-12,1.649000e+00,8.264894e-01,7.793906e-01
7.240000e-11,1.000000e-04,0.000000e+00,1.000000e-04,2.114727e-05,1.390931e-05,1.224999e-05,1.272141e-06,1.106718e-08,1.106718e-08,3.764427e-09,-1.748633e-10,-2.836908e-11,-3.656286e-12,1.657795e+00,8.286009e-01,7.795338e-01
7.250000e-11,1.000000e-04,0.000000e+00,1.000000e-04,2.087915e-05,2.462491e-06,1.148314e-05,1.327997e-06,2.082702e-08,2.082702e-08,3.690036e-09,-1.338439e-10,-2.518393e-11,-4.673942e-12,1.665790e+00,8.307054e-01,7.796992e-01
7.260000e-11,1.000000e-04,0.000000e+00,1.000000e-04,2.022086e-05,-7.912927e-06,1.062784e-05,1.368390e-06,3.254070e-08,3.254070e-08,3.463899e-09,-8.172944e-11,-2.192798e-11,-5.575296e-12,1.672858e+00,8.327737e-01,7.798841e-01
7.270000e-11,1.000000e-04,0.000000e+00,1.000000e-04,1.927867e-05,-1.661064e-05,9.701264e-06,1.392434e-06,4.582331e-08,4.582331e-08,3.118572e-09,-1.998707e-11,-1.872303e-11,-6.340081e-12,1.678764e+00,8.347764e-01,7.800854e-01
7.280000e-11,1.000000e-04,0.000000e+00,1.000000e-04,1.817865e-05,-2.400573e-05,8.711883e-06,1.399441e-06,6.020375e-08,6.020375e-08,2.696969e-09,4.911598e-11,-1.564867e-11,-6.950324e-12,1.683222e+00,8.366843e-01,7.802997e-01
7.290000e-11,1.000000e-04,0.000000e+00,1.000000e-04,1.701270e-05,-3.095327e-05,7.659816e-06,1.388943e-06,7.515016e-08,7.515016e-08,2.249591e-09,1.226416e-10,-1.273850e-11,-7.391530e-12,1.685945e+00,8.384701e-01,7.805232e-01
7.300000e-11,1.000000e-04,0.000000e+00,1.000000e-04,1.582124e-05,-3.817818e-05,6.538813e-06,1.360715e-06,9.009736e-08,9.009736e-08,1.831183e-09,1.971709e-10,-9.980837e-12,-7.653762e-12,1.686682e+00,8.401090e-01,7.807522e-01
7.310000e-11,1.000000e-04,0.000000e+00,1.000000e-04,1.460931e-05,-4.588124e-05,5.339041e-06,1.314796e-06,1.044745e-07,1.044745e-07,1.497043e-09,2.690429e-10,-7.323697e-12,-7.732495e-12,1.685239e+00,8.415794e-01,7.809828e-01
7.320000e-11,1.000000e-04,0.000000e+00,1.000000e-04,1.337769e-05,-5.369288e-05,4.049991e-06,1.251505e-06,1.177313e-07,1.177313e-07,1.299226e-09,3.346241e-10,-4.683747e-12,-7.629152e-12,1.681483e+00,8.428632e-01,7.812114e-01
7.330000e-11,1.000000e-04,0.000000e+00,1.000000e-04,1.214821e-05,-6.090343e-05,2.663143e-06,1.171444e-06,1.293617e-07,1.293617e-07,1.282903e-09,3.905895e-10,-1.958357e-12,-7.351273e-12,1.675350e+00,8.439457e-01,7.814345e-01
7.340000e-11,1.000000e-04,0.000000e+00,1.000000e-04,1.097103e-05,-6.678816e-05,1.174323e-06,1.075487e-06,1.389241e-07,1.389241e-07,1.483108e-09,4.341936e-10,9.602718e-13,-6.912256e-12,1.666847e+00,8.448151e-01,7.816490e-01
7.350000e-11,1.000000e-04,0.000000e+00,1.000000e-04,9.913857e-06,-7.085378e-05,-4.141704e-07,9.647533e-07,1.460561e-07,1.460561e-07,1.922081e-09,4.635097e-10,4.170265e-12,-6.330702e-12,1.656066e+00,8.454620e-01,7.818518e-01
7.360000e-11,1.000000e-04,0.000000e+00,1.000000e-04,9.041690e-06,-7.292126e-05,-2.091703e-06,8.405706e-07,1.504852e-07,1.504852e-07,2.607392e-09,4.776180e-10,7.745821e-12,-5.629379e-12,1.643198e+00,8.458788e-01,7.820404e-01
7.370000e-11,1.000000e-04,0.000000e+00,1.000000e-04,8.398108e-06,-7.306202e-05,-3.837849e-06,7.044263e-07,1.520345e-07,1.520345e-07,3.530946e-09,4.767266e-10,1.172493e-11,-4.833913e-12,1.628538e+00,8.460591e-01,7.822123e-01
7.380000e-11,1.000000e-04,0.000000e+00,1.000000e-04,7.995580e-06,-7.146645e-05,-5.621645e-06,5.579172e-07,1.506230e-07,1.506230e-07,4.668938e-09,4.622132e-10,1.610031e-11,-3.971286e-12,1.612478e+00,8.459972e-01,7.823655e-01
7.390000e-11,1.000000e-04,0.000000e+00,1.000000e-04,7.816674e-06,-6.832827e-05,-7.401840e-06,4.027029e-07,1.462624e-07,1.462624e-07,5.982756e-09,4.365821e-10,2.081449e-11,-3.068257e-12,1.595485e+00,8.456879e-01,7.824983e-01
7.400000e-11,1.000000e-04,0.000000e+00,1.000000e-04,7.823126e-06,-6.379179e-05,-9.128339e-06,2.404683e-07,1.390491e-07,1.390491e-07,7.420758e-09,4.033353e-10,2.575973e-11,-2.149866e-12,1.578078e+00,8.451269e-01,7.826091e-01
7.410000e-11,1.000000e-04,0.000000e+00,1.000000e-04,7.967711e-06,-5.796336e-05,-1.074483e-05,7.290254e-08,1.291547e-07,1.291547e-07,8.920821e-09,3.667641e-10,3.078296e-11,-1.238111e-12,1.560784e+00,8.443111e-01,7.826965e-01
7.420000e-11,1.000000e-04,0.000000e+00,1.000000e-04,8.204501e-06,-5.095834e-05,-1.219236e-05,-9.830405e-08,1.168135e-07,1.168135e-07,1.041349e-08,3.316738e-10,3.569562e-11,-3.509250e-13,1.544105e+00,8.432394e-01,7.827596e-01
7.430000e-11,1.000000e-04,0.000000e+00,1.000000e-04,8.495116e-06,-4.294930e-05,-1.341350e-05,-2.714422e-07,1.023088e-07,1.023088e-07,1.182552e-08,3.030579e-10,4.028772e-11,4.984722e-13,1.528489e+00,8.419140e-01,7.827976e-01
7.440000e-11,1.000000e-04,0.000000e+00,1.000000e-04,8.810775e-06,-3.419163e-05,-1.435664e-05,-4.447483e-07,8.595957e-08,8.595957e-08,1.308367e-08,2.857426e-10,4.434514e-11,1.301792e-12,1.514305e+00,8.403416e-01,7.828098e-01
7.450000e-11,1.000000e-04,0.000000e+00,1.000000e-04,9.131357e-06,-2.501880e-05,-1.497992e-05,-6.163558e-07,6.810665e-08,6.810665e-08,1.411836e-08,2.840254e-10,4.766883e-11,2.055459e-12,1.501829e+00,8.385347e-01,7.827959e-01
7.460000e-11,1.000000e-04,0.000000e+00,1.000000e-04,9.443273e-06,-1.581064e-05,-1.525440e-05,-7.842399e-07,4.910043e-08,4.910043e-08,1.486723e-08,3.013329e-10,5.009432e-11,2.759989e-12,1.491242e+00,8.365124e-01,7.827557e-01
7.470000e-11,1.000000e-04,0.000000e+00,1.000000e-04,9.737715e-06,-6.945406e-06,-1.516631e-05,-9.461663e-07,2.929002e-08,2.929002e-08,1.527816e-08,3.399202e-10,5.150992e-11,3.419022e-12,1.482626e+00,8.343017e-01,7.826893e-01
7.480000e-11,1.000000e-04,0.000000e+00,1.000000e-04,1.001020e-05,1.251401e-06,-1.471807e-05,-1.099652e-06,9.014255e-09,9.014255e-09,1.531177e-08,4.006348e-10,5.187187e-11,4.038111e-12,1.475979e+00,8.319375e-01,7.825969e-01
7.490000e-11,1.000000e-04,0.000000e+00,1.000000e-04,1.026138e-05,8.546808e-06,-1.392806e-05,-1.241952e-06,-1.140505e-08,-1.140505e-08,1.494319e-08,4.827615e-10,5.121503e-11,4.623402e-12,1.471221e+00,8.294625e-01,7.824792e-01
7.500000e-11,1.000000e-04,0.000000e+00,1.000000e-04,1.049823e-05,1.481642e-05,-1.282938e-05,-1.370072e-06,-3.166758e-08,-3.166758e-08,1.416308e-08,5.839611e-10,4.965793e-11,5.180327e-12,1.468216e+00,8.269266e-01,7.823368e-01
7.510000e-11,1.000000e-04,0.000000e+00,1.000000e-04,1.073422e-05,2.003076e-05,-1.146739e-05,-1.480824e-06,-5.149676e-08,-5.149676e-08,1.297787e-08,7.003095e-10,4.740117e-11,5.712449e-12,1.466790e+00,8.243851e-01,7.821710e-01
7.520000e-11,1.000000e-04,0.000000e+00,1.000000e-04,1.098719e-05,2.421651e-05,-9.896648e-06,-1.570918e-06,-7.063990e-08,-7.063990e-08,1.140915e-08,8.264377e-10,4.471903e-11,6.220588e-12,1.466751e+00,8.218970e-01,7.819832e-01
7.530000e-11,1.000000e-04,0.000000e+00,1.000000e-04,1.127474e-05,2.740820e-05,-8.177182e-06,-1.637094e-06,-8.886651e-08,-8.886651e-08,9.492503e-09,9.557654e-10,4.194433e-11,6.702335e-12,1.467906e+00,8.195227e-01,7.817753e-01
7.540000e-11,1.000000e-04,0.000000e+00,1.000000e-04,1.160795e-05,2.961043e-05,-6.370675e-06,-1.676283e-06,-1.059652e-07,-1.059652e-07,7.275566e-09,1.080817e-09,3.944726e-11,7.151997e-12,1.470081e+00,8.173212e-01,7.815493e-01
7.550000e-11,1.000000e-04,0.000000e+00,1.000000e-04,1.198561e-05,3.078619e-05,-4.536826e-06,-1.685795e-06,-1.217399e-07,-1.217399e-07,4.815762e-09,1.193603e-09,3.760940e-11,7.561028e-12,1.473127e+00,8.153473e-01,7.813081e-01
7.560000e-11,1.000000e-04,0.000000e+00,1.000000e-04,1.239095e-05,3.087394e-05,-2.730298e-06,-1.663510e-06,-1.360050e-07,-1.360050e-07,2.177645e-09,1.286040e-09,3.679439e-11,7.918914e-12,1.476918e+00,8.136493e-01,7.810547e-01
7.570000e-11,1.000000e-04,0.000000e+00,1.000000e-04,1.279253e-05,2.982252e-05,-9.985201e-07,-1.608071e-06,-1.485818e-07,-1.485818e-07,-5.699063e-10,1.350395e-09,3.731742e-11,8.214418e-12,1.481353e+00,8.122664e-01,7.807926e-01
7.580000e-11,1.000000e-04,0.000000e+00,1.000000e-04,1.314906e-05,2.762508e-05,6.194771e-07,-1.519048e-06,-1.592943e-07,-1.592943e-07,-3.356481e-09,1.379718e-09,3.941554e-11,8.437135e-12,1.486333e+00,8.112269e-01,7.805259e-01
7.590000e-11,1.000000e-04,0.000000e+00,1.000000e-04,1.341679e-05,2.433639e-05,2.093201e-06,-1.397072e-06,-1.679678e-07,-1.679678e-07,-6.112799e-09,1.368245e-09,4.322095e-11,8.579149e-12,1.491754e+00,8.105474e-01,7.802591e-01
7.600000e-11,1.000000e-04,0.000000e+00,1.000000e-04,1.355715e-05,2.006772e-05,3.399968e-06,-1.243915e-06,-1.744282e-07,-1.744282e-07,-8.773096e-09,1.311742e-09,4.873953e-11,8.636680e-12,1.497488e+00,8.102317e-01,7.799969e-01
7.610000e-11,1.000000e-04,0.000000e+00,1.000000e-04,1.354266e-05,1.496565e-05,4.523574e-06,-1.062513e-06,-1.785038e-07,-1.785038e-07,-1.127713e-08,1.207775e-09,5.583620e-11,8.611510e-12,1.503376e+00,8.102714e-01,7.797443e-01
7.620000e-11,1.000000e-04,0.000000e+00,1.000000e-04,1.335988e-05,9.187788e-06,5.452718e-06,-8.569251e-07,-1.800295e-07,-1.800295e-07,-1.357174e-08,1.055896e-09,6.422883e-11,8.512023e-12,1.509224e+00,8.106464e-01,7.795067e-01
7.630000e-11,1.000000e-04,0.000000e+00,1.000000e-04,1.300960e-05,2.888198e-06,6.179494e-06,-6.322285e-07,-1.788529e-07,-1.788529e-07,-1.561195e-08,8.577139e-10,7.349148e-11,8.353734e-12,1.514806e+00,8.113265e-01,7.792891e-01
7.640000e-11,1.000000e-04,0.000000e+00,1.000000e-04,1.250496e-05,-3.781593e-06,6.698207e-06,-3.943518e-07,-1.748435e-07,-1.748435e-07,-1.736150e-08,6.168794e-10,8.306731e-11,8.159145e-12,1.519878e+00,8.122730e-01,7.790967e-01
7.650000e-11,1.000000e-04,0.000000e+00,1.000000e-04,1.186898e-05,-1.065852e-05,7.004705e-06,-1.498612e-07,-1.679023e-07,-1.679023e-07,-1.879303e-08,3.389537e-10,9.229105e-11,7.956912e-12,1.524186e+00,8.134410e-01,7.789342e-01
7.660000e-11,1.000000e-04,0.000000e+00,1.000000e-04,1.113230e-05,-1.754963e-05,7.096253e-06,9.429248e-08,-1.579739e-07,-1.579739e-07,-1.988771e-08,3.119051e-11,1.004199e-10,7.780267e-12,1.527487e+00,8.147810e-01,7.788058e-01
7.670000e-11,1.000000e-04,0.000000e+00,1.000000e-04,1.033141e-05,-2.421966e-05,6.971936e-06,3.310485e-07,-1.450585e-07,-1.450585e-07,-2.063465e-08,-2.977646e-10,1.066717e-10,7.664774e-12,1.529565e+00,8.162412e-01,7.787150e-01
7.680000e-11,1.000000e-04,0.000000e+00,1.000000e-04,9.507292e-06,-3.039234e-05,6.633496e-06,5.535165e-07,-1.292231e-07,-1.292231e-07,-2.103001e-08,-6.382382e-10,1.102679e-10,7.645516e-12,1.530250e+00,8.177698e-01,7.786644e-01
7.690000e-11,1.000000e-04,0.000000e+00,1.000000e-04,8.703649e-06,-3.576748e-05,6.086434e-06,7.552459e-07,-1.106121e-07,-1.106121e-07,-2.107593e-08,-9.799363e-10,1.104793e-10,7.753878e-12,1.529430e+00,8.193157e-01,7.786555e-01
7.700000e-11,1.000000e-04,0.000000e+00,1.000000e-04,7.964342e-06,-4.005131e-05,5.341238e-06,9.304707e-07,-8.945567e-08,-8.945567e-08,-2.077948e-08,-1.312372e-09,1.066720e-10,8.014158e-12,1.527066e+00,8.208308e-01,7.786889e-01
7.710000e-11,1.000000e-04,0.000000e+00,1.000000e-04,7.329705e-06,-4.299366e-05,4.414524e-06,1.074317e-06,-6.607383e-08,-6.607383e-08,-2.015163e-08,-1.625292e-09,9.835055e-11,8.440234e-12,1.523200e+00,8.222702e-01,7.787636e-01
7.720000e-11,1.000000e-04,0.000000e+00,1.000000e-04,6.831994e-06,-4.442432e-05,3.329914e-06,1.182963e-06,-4.087811e-08,-4.087811e-08,-1.920633e-08,-1.909081e-09,8.519549e-11,9.032576e-12,1.517955e+00,8.235936e-01,7.788776e-01
7.730000e-11,1.000000e-04,0.000000e+00,1.000000e-04,6.490681e-06,-4.428112e-05,2.118453e-06,1.253754e-06,-1.436787e-08,-1.436787e-08,-1.795987e-08,-2.155118e-09,6.709363e-11,9.775852e-12,1.511536e+00,8.247653e-01,7.790277e-01
7.740000e-11,1.000000e-04,0.000000e+00,1.000000e-04,6.308593e-06,-4.262388e-05,8.184067e-07,1.285260e-06,1.287788e-08,1.287788e-08,-1.643040e-08,-2.356085e-09,4.415835e-11,1.063737e-11,1.504212e+00,8.257549e-01,7.792093e-01
7.750000e-11,1.000000e-04,0.000000e+00,1.000000e-04,6.269994e-06,-3.963032e-05,-5.256977e-07,1.277285e-06,4.021342e-08,4.021342e-08,-1.463782e-08,-2.506190e-09,1.673873e-11,1.156660e-11,1.496304e+00,8.265374e-01,7.794170e-01
7.760000e-11,1.000000e-04,0.000000e+00,1.000000e-04,6.341510e-06,-3.557321e-05,-1.864830e-06,1.230833e-06,6.694376e-08,6.694376e-08,-1.260380e-08,-2.601326e-09,-1.458316e-11,1.249583e-11,1.488153e+00,8.270934e-01,7.796444e-01
7.770000e-11,1.000000e-04,0.000000e+00,1.000000e-04,6.476331e-06,-3.078168e-05,-3.147980e-06,1.148036e-06,9.234607e-08,9.234607e-08,-1.035222e-08,-2.639140e-09,-4.900732e-11,1.334215e-11,1.480094e+00,8.274095e-01,7.798845e-01
7.780000e-11,1.000000e-04,0.000000e+00,1.000000e-04,6.621430e-06,-2.559395e-05,-4.325268e-06,1.032049e-06,1.156941e-07,1.156941e-07,-7.909587e-09,-2.619027e-09,-8.554231e-11,1.401064e-11,1.472427e+00,8.274783e-01,7.801299e-01
7.790000e-11,1.000000e-04,0.000000e+00,1.000000e-04,6.726703e-06,-2.031244e-05,-5.351380e-06,8.869246e-07,1.362849e-07,1.362849e-07,-5.305737e-09,-2.542048e-09,-1.230423e-10,1.439874e-11,1.465386e+00,8.272991e-01,7.803730e-01
7.800000e-11,1.000000e-04,0.000000e+00,1.000000e-04,6.754194e-06,-1.517238e-05,-6.188922e-06,7.174650e-07,1.534657e-07,1.534657e-07,-2.574441e-09,-2.410792e-09,-1.602524e-10,1.440164e-11,1.459127e+00,8.268776e-01,7.806064e-01
7.810000e-11,1.000000e-04,0.000000e+00,1.000000e-04,6.685294e-06,-1.033172e-05,-6.811288e-06,5.290685e-07,1.666612e-07,1.666612e-07,2.460089e-10,-2.229182e-09,-1.958611e-10,1.391828e-11,1.453714e+00,8.262263e-01,7.808228e-01
7.820000e-11,1.000000e-04,0.000000e+00,1.000000e-04,6.524059e-06,-5.881889e-06,-7.204616e-06,3.275646e-07,1.753986e-07,1.753986e-07,3.112383e-09,-2.002251e-09,-2.285552e-10,1.285787e-11,1.449128e+00,8.253646e-01,7.810158e-01
7.830000e-11,1.000000e-04,0.000000e+00,1.000000e-04,6.295804e-06,-1.871099e-06,-7.368543e-06,1.190467e-07,1.793288e-07,1.793288e-07,5.976366e-09,-1.735896e-09,-2.570767e-10,1.114638e-11,1.445280e+00,8.243181e-01,7.811797e-01
7.840000e-11,1.000000e-04,0.000000e+00,1.000000e-04,6.041409e-06,1.672850e-06,-7.315600e-06,-9.029974e-08,1.782448e-07,1.782448e-07,8.784718e-09,-1.436632e-09,-2.802770e-10,8.732709e-12,1.442041e+00,8.231184e-01,7.813096e-01
7.850000e-11,1.000000e-04,0.000000e+00,1.000000e-04,5.808992e-06,4.731009e-06,-7.069318e-06,-2.943683e-07,1.720937e-07,1.720937e-07,1.147984e-08,-1.111355e-09,-2.971668e-10,5.594023e-12,1.439268e+00,8.218017e-01,7.814020e-01
7.860000e-11,1.000000e-04,0.000000e+00,1.000000e-04,5.645145e-06,7.295888e-06,-6.661288e-06,-4.873034e-07,1.609836e-07,1.609836e-07,1.400071e-08,-7.671244e-10,-3.069585e-10,1.740090e-12,1.436831e+00,8.204079e-01,7.814544e-01
7.870000e-11,1.000000e-04,0.000000e+00,1.000000e-04,5.587696e-06,9.382143e-06,-6.127567e-06,-6.636676e-07,1.451838e-07,1.451838e-07,1.628431e-08,-4.109833e-10,-3.090994e-10,-2.783922e-12,1.434641e+00,8.189788e-01,7.814657e-01
7.880000e-11,1.000000e-04,0.000000e+00,1.000000e-04,5.661065e-06,1.103426e-05,-5.504938e-06,-8.186032e-07,1.251187e-07,1.251187e-07,1.826733e-08,-4.981126e-11,-3.032949e-10,-7.896284e-12,1.432661e+00,8.175565e-01,7.814362e-01
7.890000e-11,1.000000e-04,0.000000e+00,1.000000e-04,5.874286e-06,1.232213e-05,-4.827457e-06,-9.479811e-07,1.013560e-07,1.013560e-07,1.988833e-08,3.097802e-10,-2.895190e-10,-1.347942e-11,1.430913e+00,8.161812e-01,7.813671e-01
7.900000e-11,1.000000e-04,0.000000e+00,1.000000e-04,6.221024e-06,1.332286e-05,-4.123732e-06,-1.048532e-06,7.458864e-08,7.458864e-08,2.109005e-08,6.615144e-10,-2.680144e-10,-1.938253e-11,1.429472e+00,8.148899e-01,7.812612e-01
7.910000e-11,1.000000e-04,0.000000e+00,1.000000e-04,6.680837e-06,1.409583e-05,-3.415177e-06,-1.117952e-06,4.561234e-08,4.561234e-08,2.182191e-08,9.994808e-10,-2.392798e-10,-2.542608e-11,1.428456e+00,8.137145e-01,7.811221e-01
7.920000e-11,1.000000e-04,0.000000e+00,1.000000e-04,7.221234e-06,1.466247e-05,-2.715401e-06,-1.154980e-06,1.529854e-08,1.529854e-08,2.204256e-08,1.318139e-09,-2.040481e-10,-3.140797e-11,1.428003e+00,8.126810e-01,7.809544e-01
7.930000e-11,1.000000e-04,0.000000e+00,1.000000e-04,7.800544e-06,1.499987e-05,-2.030707e-06,-1.159431e-06,-1.543514e-08,-1.543514e-08,2.172222e-08,1.612306e-09,-1.632546e-10,-3.711124e-11,1.428254e+00,8.118081e-01,7.807635e-01
7.940000e-11,1.000000e-04,0.000000e+00,1.000000e-04,8.371784e-06,1.505063e-05,-1.361558e-06,-1.132195e-06,-4.565637e-08,-4.565637e-08,2.084492e-08,1.877127e-09,-1.179988e-10,-4.231283e-11,1.429324e+00,8.111074e-01,7.805553e-01
7.950000e-11,1.000000e-04,0.000000e+00,1.000000e-04,8.887486e-06,1.474297e-05,-7.047427e-07,-1.075179e-06,-7.445013e-08,-7.445013e-08,1.941018e-08,2.108060e-09,-6.950125e-11,-4.679302e-11,1.431284e+00,8.105836e-01,7.803362e-01
7.960000e-11,1.000000e-04,0.000000e+00,1.000000e-04,9.304950e-06,1.401135e-05,-5.592882e-08,-9.912196e-07,-1.009500e-07,-1.009500e-07,1.743437e-08,2.300861e-09,-1.905735e-11,-5.034516e-11,1.434144e+00,8.102348e-01,7.801126e-01
7.970000e-11,1.000000e-04,0.000000e+00,1.000000e-04,9.590974e-06,1.280929e-05,5.877899e-07,-8.839415e-07,-1.243675e-07,-1.243675e-07,1.495131e-08,2.451595e-09,3.200846e-11,-5.278515e-11,1.437843e+00,8.100539e-01,7.798910e-01
7.980000e-11,1.000000e-04,0.000000e+00,1.000000e-04,9.725028e-06,1.111147e-05,1.225691e-06,-7.575894e-07,-1.440188e-07,-1.440188e-07,1.201227e-08,2.556670e-09,8.238711e-11,-5.396013e-11,1.442246e+00,8.100295e-01,7.796776e-01
7.990000e-11,1.000000e-04,0.000000e+00,1.000000e-04,9.700209e-06,8.908660e-06,1.851871e-06,-6.168329e-07,-1.593468e-07,-1.593468e-07,8.685282e-09,2.612903e-09,1.308252e-10,-5.375611e-11,1.447154e+00,8.101477e-01,7.794781e-01
8.000000e-11,1.000000e-04,0.000000e+00,1.000000e-04,9.521970e-06,6.202042e-06,2.454531e-06,-4.665598e-07,-1.699393e-07,-1.699393e-07,5.053613e-09,2.617619e-09,1.761602e-10,-5.210395e-11,1.452315e+00,8.103928e-01,7.792977e-01
8.010000e-11,9.000000e-05,0.000000e+00,9.000000e-05,4.219444e-06,-1.154976e-04,2.995763e-06,-3.116831e-07,-1.755414e-07,-1.755414e-07,1.213646e-09,2.568767e-09,2.173490e-10,-4.898349e-11,1.456484e+00,8.107488e-01,7.791407e-01
8.020000e-11,8.000000e-05,0.000000e+00,8.000000e-05,8.567805e-07,-4.671873e-05,3.408253e-06,-1.569655e-07,-1.760621e-07,-1.760621e-07,-2.727942e-09,2.465075e-09,2.534893e-10,-4.442568e-11,1.458314e+00,8.111997e-01,7.790107e-01
8.030000e-11,7.000000e-05,0.000000e+00,7.000000e-05,-8.622913e-07,-4.002004e-05,3.610553e-06,-6.874324e-09,-1.715750e-07,-1.715750e-07,-6.657530e-09,2.306198e-09,2.838342e-10,-3.851242e-11,1.456957e+00,8.117297e-01,7.789102e-01
8.040000e-11,6.000000e-05,0.000000e+00,6.000000e-05,-1.889071e-06,-5.244160e-05,3.527363e-06,1.345222e-07,-1.623138e-07,-1.623138e-07,-1.045832e-08,2.092889e-09,3.077989e-10,-3.137430e-11,1.452124e+00,8.123226e-01,7.788407e-01
8.050000e-11,5.000000e-05,0.000000e+00,5.000000e-05,-3.258700e-06,-8.022342e-05,3.103023e-06,2.636126e-07,-1.486610e-07,-1.486610e-07,-1.401437e-08,1.827142e-09,3.249617e-10,-2.318627e-11,1.443827e+00,8.129605e-01,7.788028e-01
8.060000e-11,4.000000e-05,0.000000e+00,4.000000e-05,-5.580833e-06,-1.138130e-04,2.304415e-06,3.772533e-07,-1.311325e-07,-1.311325e-07,-1.721476e-08,1.512325e-09,3.350600e-10,-1.416148e-11,1.432077e+00,8.136225e-01,7.787959e-01
8.070000e-11,3.000000e-05,0.000000e+00,3.000000e-05,-8.828360e-06,-1.430587e-04,1.116675e-06,4.727394e-07,-1.103576e-07,-1.103576e-07,-1.995765e-08,1.153264e-09,3.379809e-10,-4.543595e-12,1.416735e+00,8.142833e-01,7.788188e-01
8.080000e-11,2.000000e-05,0.000000e+00,2.000000e-05,-1.245966e-05,-1.614576e-04,-4.618786e-07,5.477456e-07,-8.705546e-08,-8.705546e-08,-2.215413e-08,7.562915e-10,3.337507e-10,5.402049e-12,1.397568e+00,8.149119e-01,7.788690e-01
8.090000e-11,1.000000e-05,0.000000e+00,1.000000e-05,-1.574725e-05,-1.677999e-04,-2.420485e-06,6.002517e-07,-6.200885e-08,-6.200885e-08,-2.373166e-08,3.292227e-10,3.225218e-10,1.539797e-11,1.374455e+00,8.154714e-01,7.789436e-01
8.100000e-11,0.000000e+00,0.000000e+00,0.000000e+00,-1.812727e-05,-1.652620e-04,-4.731040e-06,6.284679e-07,-3.603734e-08,-3.603734e-08,-2.463695e-08,-1.187265e-10,3.045600e-10,2.516437e-11,1.347603e+00,8.159182e-01,7.790391e-01
8.110000e-11,0.000000e+00,0.000000e+00,0.000000e+00,-1.443726e-05,-4.059321e-05,-7.319755e-06,6.307907e-07,-9.969734e-09,-9.969734e-09,-2.483811e-08,-5.770966e-10,2.802324e-10,3.442875e-11,1.318632e+00,8.162032e-01,7.791512e-01
8.120000e-11,0.000000e+00,0.000000e+00,0.000000e+00,-1.198501e-05,-1.085934e-04,-1.005695e-05,6.057972e-07,1.538227e-08,1.538227e-08,-2.432614e-08,-1.034412e-09,2.499977e-10,4.293500e-11,1.289635e+00,8.162728e-01,7.792755e-01
8.130000e-11,0.000000e+00,0.000000e+00,0.000000e+00,-1.102080e-05,-1.197337e-04,-1.277131e-05,5.522876e-07,3.924833e-08,3.924833e-08,-2.311543e-08,-1.478475e-09,2.143978e-10,5.045145e-11,1.262405e+00,8.160718e-01,7.794073e-01
8.140000e-11,0.000000e+00,0.000000e+00,0.000000e+00,-1.119959e-05,-1.168365e-04,-1.527739e-05,4.693859e-07,6.092079e-08,6.092079e-08,-2.124350e-08,-1.896725e-09,1.740523e-10,5.677769e-11,1.238101e+00,8.155471e-01,7.795417e-01
8.150000e-11,0.000000e+00,0.000000e+00,0.000000e+00,-1.190063e-05,-1.006787e-04,-1.740331e-05,3.566967e-07,7.977245e-08,7.977245e-08,-1.876979e-08,-2.276636e-09,1.296548e-10,6.174997e-11,1.217282e+00,8.146519e-01,7.796736e-01
8.160000e-11,0.000000e+00,0.000000e+00,0.000000e+00,-1.257512e-05,-7.639449e-05,-1.901076e-05,2.145056e-07,9.527020e-08,9.527020e-08,-1.577373e-08,-2.606160e-09,8.197115e-11,6.524488e-11,1.200092e+00,8.133509e-01,7.797981e-01
8.170000e-11,0.000000e+00,0.000000e+00,0.000000e+00,-1.294165e-05,-5.012553e-05,-2.000533e-05,4.400410e-08,1.069847e-07,1.069847e-07,-1.235195e-08,-2.874175e-09,3.183761e-11,6.718147e-11,1.186452e+00,8.116251e-01,7.799104e-01
8.180000e-11,0.000000e+00,0.000000e+00,0.000000e+00,-1.298650e-05,-2.623584e-05,-2.033891e-05,-1.524897e-07,1.145957e-07,1.145957e-07,-8.615004e-09,-3.070931e-09,-1.984060e-11,6.752173e-11,1.176185e+00,8.094754e-01,7.800055e-01
8.190000e-11,0.000000e+00,0.000000e+00,0.000000e+00,-1.283726e-05,-6.258220e-06,-2.000734e-05,-3.713447e-07,1.178941e-07,1.178941e-07,-4.683529e-09,-3.188482e-09,-7.209261e-11,6.626958e-11,1.169056e+00,8.069259e-01,7.800791e-01
8.200000e-11,0.000000e+00,0.000000e+00,0.000000e+00,-1.261881e-05,1.047319e-05,-1.904542e-05,-6.074960e-07,1.167811e-07,1.167811e-07,-6.840868e-10,-3.221053e-09,-1.238876e-10,6.346860e-11,1.164775e+00,8.040243e-01,7.801266e-01
8.210000e-11,0.000000e+00,0.000000e+00,0.000000e+00,-1.237347e-05,2.534159e-05,-1.752058e-05,-8.544189e-07,1.112645e-07,1.112645e-07,3.255131e-09,-3.165361e-09,-1.741444e-10,5.919871e-11,1.163004e+00,8.008413e-01,7.801441e-01
8.220000e-11,0.000000e+00,0.000000e+00,0.000000e+00,-1.206818e-05,3.910964e-05,-1.552538e-05,-1.104217e-06,1.014539e-07,1.014539e-07,7.008593e-09,-3.020843e-09,-2.217450e-10,5.357205e-11,1.163374e+00,7.974678e-01,7.801280e-01
8.230000e-11,0.000000e+00,0.000000e+00,0.000000e+00,-1.165750e-05,5.136108e-05,-1.316901e-05,-1.347834e-06,8.755584e-08,8.755584e-08,1.045755e-08,-2.789795e-09,-2.655534e-10,4.672838e-11,1.165527e+00,7.940107e-01,7.800753e-01
8.240000e-11,0.000000e+00,0.000000e+00,0.000000e+00,-1.114898e-05,6.080506e-05,-1.056864e-05,-1.575399e-06,6.986795e-08,6.986795e-08,1.349380e-08,-2.477403e-09,-3.044396e-10,3.883021e-11,1.169133e+00,7.905866e-01,7.799836e-01
8.250000e-11,0.000000e+00,0.000000e+00,0.000000e+00,-1.062718e-05,6.608820e-05,-7.841471e-06,-1.776667e-06,4.877404e-08,4.877404e-08,1.602303e-08,-2.091661e-09,-3.373085e-10,3.005802e-11,1.173900e+00,7.873153e-01,7.798515e-01
8.260000e-11,0.000000e+00,0.000000e+00,0.000000e+00,-1.022392e-05,6.660035e-05,-5.098592e-06,-1.941562e-06,2.473972e-08,2.473972e-08,1.796757e-08,-1.643189e-09,-3.631325e-10,2.060559e-11,1.179543e+00,7.843130e-01,7.796785e-01
8.270000e-11,0.000000e+00,0.000000e+00,0.000000e+00,-1.005306e-05,6.287324e-05,-2.441071e-06,-2.060759e-06,-1.691557e-09,-1.691557e-09,1.926850e-08,-1.144930e-09,-3.809881e-10,1.067578e-11,1.185757e+00,7.816852e-01,7.794654e-01
8.280000e-11,0.000000e+00,0.000000e+00,0.000000e+00,-1.014540e-05,5.643217e-05,4.211238e-08,-2.126283e-06,-2.990242e-08,-2.990242e-08,1.988705e-08,-6.117641e-10,-3.900939e-10,4.766403e-13,1.192198e+00,7.795206e-01,7.792144e-01
8.290000e-11,0.000000e+00,0.000000e+00,0.000000e+00,-1.041741e-05,4.922436e-05,2.275268e-06,-2.132059e-06,-5.920621e-08,-5.920621e-08,1.980535e-08,-6.002852e-11,-3.898486e-10,-9.781853e-12,1.198506e+00,7.778867e-01,7.789290e-01
8.300000e-11,0.000000e+00,0.000000e+00,0.000000e+00,-1.068968e-05,4.291204e-05,4.197445e-06,-2.074394e-06,-8.885312e-08,-8.885312e-08,1.902646e-08,4.930179e-10,-3.798669e-10,-1.989075e-11,1.204353e+00,7.768254e-01,7.786144e-01
8.310000e-11,0.000000e+00,0.000000e+00,0.000000e+00,-1.074802e-05,3.834134e-05,5.764795e-06,-1.952329e-06,-1.180389e-07,-1.180389e-07,1.757377e-08,1.029780e-09,-3.600120e-10,-2.964464e-11,1.209522e+00,7.763522e-01,7.782772e-01
8.320000e-11,0.000000e+00,0.000000e+00,0.000000e+00,-1.042105e-05,3.539376e-05,6.953699e-06,-1.767842e-06,-1.459172e-07,-1.459172e-07,1.548985e-08,1.532929e-09,-3.304215e-10,-3.884391e-11,1.213965e+00,7.764554e-01,7.779256e-01
8.330000e-11,0.000000e+00,0.000000e+00,0.000000e+00,-9.642390e-06,3.324447e-05,7.763692e-06,-1.525874e-06,-1.716157e-07,-1.716157e-07,1.283480e-08,1.986009e-09,-2.915256e-10,-4.729688e-11,1.217836e+00,7.770978e-01,7.775686e-01
8.340000e-11,0.000000e+00,0.000000e+00,0.000000e+00,-8.473075e-06,3.087231e-05,8.218809e-06,-1.234173e-06,-1.942574e-07,-1.942574e-07,9.684248e-09,2.374004e-09,-2.440556e-10,-5.482200e-11,1.221467e+00,7.782199e-01,7.772167e-01
8.350000e-11,0.000000e+00,0.000000e+00,0.000000e+00,-7.078169e-06,2.756909e-05,8.366128e-06,-9.029638e-07,-2.129866e-07,-2.129866e-07,6.127006e-09,2.683872e-09,-1.890415e-10,-6.125009e-11,1.225297e+00,7.797438e-01,7.768805e-01
8.360000e-11,0.000000e+00,0.000000e+00,0.000000e+00,-5.670548e-06,2.322332e-05,8.270959e-06,-5.444514e-07,-2.269993e-07,-2.269993e-07,2.262605e-09,2.904997e-09,-1.277978e-10,-6.642700e-11,1.229773e+00,7.815789e-01,7.765712e-01
8.370000e-11,0.000000e+00,0.000000e+00,0.000000e+00,-4.446513e-06,1.828381e-05,8.009114e-06,-1.722011e-07,-2.355763e-07,-2.355763e-07,-1.801332e-09,3.029563e-09,-6.189759e-11,-7.021641e-11,1.235249e+00,7.836274e-01,7.762993e-01
8.380000e-11,0.000000e+00,0.000000e+00,0.000000e+00,-3.537831e-06,1.346767e-05,7.657499e-06,1.995751e-07,-2.381197e-07,-2.381197e-07,-5.951740e-09,3.052819e-09,6.866143e-12,-7.250313e-11,1.241909e+00,7.857908e-01,7.760746e-01
8.390000e-11,0.000000e+00,0.000000e+00,0.000000e+00,-2.994406e-06,9.384424e-06,7.284749e-06,5.567740e-07,-2.341876e-07,-2.341876e-07,-1.007275e-08,2.973245e-09,7.652904e-11,-7.319657e-11,1.249737e+00,7.879753e-01,7.759058e-01
8.400000e-11,0.000000e+00,0.000000e+00,0.000000e+00,-2.797247e-06,6.259136e-06,6.943567e-06,8.861503e-07,-2.235283e-07,-2.235283e-07,-1.404828e-08,2.792601e-09,1.450141e-10,-7.223456e-11,1.258519e+00,7.900975e-01,7.757994e-01
8.410000e-11,0.000000e+00,0.000000e+00,0.000000e+00,-2.889676e-06,3.863684e-06,6.665889e-06,1.176008e-06,-2.061082e-07,-2.061082e-07,-1.776457e-08,2.515861e-09,2.101978e-10,-6.958709e-11,1.267889e+00,7.920883e-01,7.757601e-01
8.420000e-11,0.000000e+00,0.000000e+00,0.000000e+00,-3.210139e-06,1.655293e-06,6.461319e-06,1.416793e-06,-1.821338e-07,-1.821338e-07,-2.111267e-08,2.151041e-09,2.699814e-10,-6.525993e-11,1.277380e+00,7.938960e-01,7.757899e-01
8.430000e-11,0.000000e+00,0.000000e+00,0.000000e+00,-3.713272e-06,-9.673643e-07,6.318564e-06,1.601539e-06,-1.520636e-07,-1.520636e-07,-2.399081e-08,1.708933e-09,3.223646e-10,-5.929791e-11,1.286483e+00,7.954877e-01,7.758882e-01
8.440000e-11,0.000000e+00,0.000000e+00,0.000000e+00,-4.373839e-06,-4.413682e-06,6.209154e-06,1.726150e-06,-1.166086e-07,-1.166086e-07,-2.630677e-08,1.202747e-09,3.655188e-10,-5.178748e-11,1.294691e+00,7.968492e-01,7.760517e-01
8.450000e-11,0.000000e+00,0.000000e+00,0.000000e+00,-5.176600e-06,-8.754111e-06,6.092569e-06,1.789502e-06,-7.672038e-08,-7.672038e-08,-2.798020e-08,6.476803e-10,3.978571e-10,-4.285832e-11,1.301536e+00,7.979834e-01,7.762746e-01
8.460000e-11,0.000000e+00,0.000000e+00,0.000000e+00,-6.100406e-06,-1.371320e-05,5.921983e-06,1.793349e-06,-3.356651e-08,-3.356651e-08,-2.894481e-08,6.044305e-11,4.180970e-10,-3.268379e-11,1.306615e+00,7.989074e-01,7.765487e-01
8.470000e-11,0.000000e+00,0.000000e+00,0.000000e+00,-7.105378e-06,-1.877477e-05,5.650032e-06,1.742067e-06,1.150766e-08,1.150766e-08,-2.915051e-08,-5.412631e-10,4.253147e-10,-2.147995e-11,1.309611e+00,7.996488e-01,7.768639e-01
8.480000e-11,0.000000e+00,0.000000e+00,0.000000e+00,-8.128631e-06,-2.333233e-05,5.234246e-06,1.642237e-06,5.702819e-08,5.702819e-08,-2.856546e-08,-1.139279e-09,4.189874e-10,-9.502935e-12,1.310314e+00,8.002413e-01,7.772084e-01
8.490000e-11,0.000000e+00,0.000000e+00,0.000000e+00,-9.089179e-06,-2.681751e-05,4.641909e-06,1.502118e-06,1.014515e-07,1.014515e-07,-2.717783e-08,-1.715521e-09,3.990217e-10,2.955320e-12,1.308639e+00,8.007202e-01,7.775696e-01
8.500000e-11,0.000000e+00,0.000000e+00,0.000000e+00,-9.898928e-06,-2.877183e-05,3.854150e-06,1.331041e-06,1.432300e-07,1.432300e-07,-2.499731e-08,-2.252504e-09,3.657677e-10,1.557314e-11,1.304647e+00,8.011183e-01,7.779348e-01
8.510000e-11,0.000000e+00,0.000000e+00,0.000000e+00,-1.047543e-05,-2.886731e-05,2.869078e-06,1.138779e-06,1.808809e-07,1.808809e-07,-2.205624e-08,-2.733831e-09,3.200164e-10,2.800684e-11,1.298553e+00,8.014616e-01,7.782912e-01
8.520000e-11,0.000000e+00,0.000000e+00,0.000000e+00,-1.075305e-05,-2.690452e-05,1.703720e-06,9.349256e-07,2.130548e-07,2.130548e-07,-1.841016e-08,-3.144638e-09,2.629820e-10,3.989995e-11,1.290728e+00,8.017676e-01,7.786271e-01
8.530000e-11,0.000000e+00,0.000000e+00,0.000000e+00,-1.069105e-05,-2.281369e-05,3.945192e-07,7.283438e-07,2.385995e-07,2.385995e-07,-1.413778e-08,-3.471996e-09,1.962684e-10,5.089372e-11,1.281682e+00,8.020429e-01,7.789323e-01
8.540000e-11,0.000000e+00,0.000000e+00,0.000000e+00,-1.027825e-05,-1.666673e-05,-1.003777e-06,5.267077e-07,2.566156e-07,2.566156e-07,-9.340184e-09,-3.705249e-09,1.218210e-10,6.063863e-11,1.272039e+00,8.022830e-01,7.791982e-01
8.550000e-11,0.000000e+00,0.000000e+00,0.000000e+00,-9.534758e-06,-8.691744e-06,-2.420932e-06,3.361742e-07,2.665006e-07,2.665006e-07,-4.139203e-09,-3.836289e-09,4.186727e-11,6.880634e-11,1.262498e+00,8.024736e-01,7.794186e-01
8.560000e-11,0.000000e+00,0.000000e+00,0.000000e+00,-8.510659e-06,7.219142e-07,-3.775679e-06,1.611993e-07,2.679780e-07,2.679780e-07,1.325131e-09,-3.859774e-09,-4.115447e-11,7.510177e-11,1.253776e+00,8.025924e-01,7.795893e-01
8.570000e-11,0.000000e+00,0.000000e+00,0.000000e+00,-7.282147e-06,1.103500e-05,-4.981601e-06,4.505643e-09,2.611107e-07,2.611107e-07,6.898015e-09,-3.773264e-09,-1.246728e-10,7.927476e-11,1.246555e+00,8.026123e-01,7.797089e-01
8.580000e-11,0.000000e+00,0.000000e+00,0.000000e+00,-5.945229e-06,2.158588e-05,-5.954027e-06,-1.328061e-07,2.462967e-07,2.462967e-07,1.241419e-08,-3.577305e-09,-2.060666e-10,8.113080e-11,1.241423e+00,8.025049e-01,7.797778e-01
8.590000e-11,0.000000e+00,0.000000e+00,0.000000e+00,-4.607773e-06,3.163062e-05,-6.617404e-06,-2.510196e-07,2.242472e-07,2.242472e-07,1.770306e-08,-3.275438e-09,-2.827493e-10,8.054032e-11,1.238821e+00,8.022447e-01,7.797988e-01
8.600000e-11,0.000000e+00,0.000000e+00,0.000000e+00,-3.380600e-06,4.039434e-05,-6.912479e-06,-3.514678e-07,1.959494e-07,1.959494e-07,2.259442e-08,-2.874146e-09,-3.522531e-10,7.744610e-11,1.239000e+00,8.018131e-01,7.797761e-01
8.610000e-11,0.000000e+00,0.000000e+00,0.000000e+00,-2.368122e-06,4.713669e-05,-6.802600e-06,-4.361369e-07,1.626155e-07,1.626155e-07,2.692466e-08,-2.382731e-09,-4.123084e-10,7.186840e-11,1.241992e+00,8.012018e-01,7.797155e-01
8.620000e-11,0.000000e+00,0.000000e+00,0.000000e+00,-1.658534e-06,5.123567e-05,-6.278457e-06,-5.072482e-07,1.256203e-07,1.256203e-07,3.054311e-08,-1.813132e-09,-4.609161e-10,6.390756e-11,1.247605e+00,8.004153e-01,7.796235e-01
8.630000e-11,0.000000e+00,0.000000e+00,0.000000e+00,-1.313320e-06,5.228664e-05,-5.360701e-06,-5.668604e-07,8.643301e-08,8.643301e-08,3.331835e-08,-1.179681e-09,-4.964120e-10,5.374366e-11,1.255430e+00,7.994729e-01,7.795069e-01
8.640000e-11,0.000000e+00,0.000000e+00,0.000000e+00,-1.356508e-06,5.019517e-05,-4.100027e-06,-6.165301e-07,4.654567e-08,4.654567e-08,3.514400e-08,-4.987880e-10,-5.175188e-10,4.163343e-11,1.264870e+00,7.984083e-01,7.793727e-01
8.650000e-11,0.000000e+00,0.000000e+00,0.000000e+00,-1.765887e-06,4.522134e-05,-2.574506e-06,-6.570628e-07,7.403053e-09,7.403053e-09,3.594391e-08,2.114211e-10,-5.233871e-10,2.790416e-11,1.275196e+00,7.972692e-01,7.792274e-01
8.660000e-11,0.000000e+00,0.000000e+00,0.000000e+00,-2.470495e-06,3.793029e-05,-8.842110e-07,-6.883783e-07,-2.966153e-08,-2.966153e-08,3.567626e-08,9.315367e-10,-5.136214e-10,1.294492e-11,1.285615e+00,7.961140e-01,7.790768e-01
8.670000e-11,0.000000e+00,0.000000e+00,0.000000e+00,-3.359137e-06,2.903724e-05,8.565450e-07,-7.095024e-07,-6.348143e-08,-6.348143e-08,3.433633e-08,1.641343e-09,-4.882931e-10,-2.804708e-12,1.295344e+00,7.950086e-01,7.789257e-01
8.680000e-11,0.000000e+00,0.000000e+00,0.000000e+00,-4.301625e-06,1.920006e-05,2.528699e-06,-7.186853e-07,-9.309968e-08,-9.309968e-08,3.195786e-08,2.320347e-09,-4.479395e-10,-1.886799e-11,1.303690e+00,7.940213e-01,7.787780e-01
8.690000e-11,0.000000e+00,0.000000e+00,0.000000e+00,-5.178303e-06,8.864712e-06,4.018689e-06,-7.136333e-07,-1.177980e-07,-1.177980e-07,2.861274e-08,2.948341e-09,-3.935484e-10,-3.474611e-11,1.310121e+00,7.932176e-01,7.786366e-01
8.700000e-11,0.000000e+00,0.000000e+00,0.000000e+00,-5.907386e-06,-1.740901e-06,5.228263e-06,-6.918316e-07,-1.371108e-07,-1.371108e-07,2.440895e-08,3.505998e-09,-3.265304e-10,-4.993431e-11,1.314305e+00,7.926553e-01,7.785035e-01
8.710000e-11,0.000000e+00,0.000000e+00,0.000000e+00,-6.458247e-06,-1.245036e-05,6.082629e-06,-6.509232e-07,-1.508238e-07,-1.508238e-07,1.948692e-08,3.975471e-09,-2.486797e-10,-6.393858e-11,1.316124e+00,7.923788e-01,7.783797e-01
8.720000e-11,0.000000e+00,0.000000e+00,0.000000e+00,-6.844084e-06,-2.292907e-05,6.535948e-06,-5.891067e-07,-1.589592e-07,-1.589592e-07,1.401430e-08,4.340997e-09,-1.621233e-10,-7.629227e-11,1.315660e+00,7.924159e-01,7.782660e-01
8.730000e-11,0.000000e+00,0.000000e+00,0.000000e+00,-7.097187e-06,-3.251683e-05,6.573667e-06,-5.055095e-07,-1.617493e-07,-1.617493e-07,8.179463e-09,4.589458e-09,-6.926244e-11,-8.657202e-11,1.313155e+00,7.927743e-01,7.781627e-01
8.740000e-11,0.000000e+00,0.000000e+00,0.000000e+00,-7.239079e-06,-4.025787e-05,6.211760e-06,-4.004983e-07,-1.595995e-07,-1.595995e-07,2.183933e-09,4.710915e-09,2.729383e-11,-9.441246e-11,1.308969e+00,7.934406e-01,7.780699e-01
8.750000e-11,0.000000e+00,0.000000e+00,0.000000e+00,-7.261027e-06,-4.513698e-05,5.493464e-06,-2.758907e-07,-1.530476e-07,-1.530476e-07,-3.765820e-09,4.699051e-09,1.248004e-10,-9.951902e-11,1.303536e+00,7.943806e-01,7.779882e-01
8.760000e-11,0.000000e+00,0.000000e+00,0.000000e+00,-7.125868e-06,-4.643173e-05,4.484359e-06,-1.350421e-07,-1.427186e-07,-1.427186e-07,-9.466846e-09,4.551533e-09,2.204519e-10,-1.016786e-10,1.297340e+00,7.955416e-01,7.779181e-01
8.770000e-11,0.000000e+00,0.000000e+00,0.000000e+00,-6.791770e-06,-4.402425e-05,3.266601e-06,1.720574e-08,-1.292821e-07,-1.292821e-07,-1.472803e-08,4.270248e-09,3.114599e-10,-1.007675e-10,1.290892e+00,7.968555e-01,7.778607e-01
8.780000e-11,0.000000e+00,0.000000e+00,0.000000e+00,-6.247152e-06,-3.851740e-05,1.932826e-06,1.747182e-07,-1.134126e-07,-1.134126e-07,-1.937784e-08,3.861414e-09,3.951308e-10,-9.675654e-11,1.284714e+00,7.982441e-01,7.778173e-01
8.790000e-11,0.000000e+00,0.000000e+00,0.000000e+00,-5.538739e-06,-3.107257e-05,5.798568e-07,3.303911e-07,-9.575711e-08,-9.575711e-08,-2.327104e-08,3.335526e-09,4.689419e-10,-8.971289e-11,1.279305e+00,7.996239e-01,7.777897e-01
8.800000e-11,0.000000e+00,0.000000e+00,0.000000e+00,-4.775782e-06,-2.300773e-05,-6.978458e-07,4.765820e-07,-7.691065e-08,-7.691065e-08,-2.629423e-08,2.707160e-09,5.306139e-10,-7.979911e-11,1.275096e+00,8.009126e-01,7.777796e-01
8.810000e-11,0.000000e+00,0.000000e+00,0.000000e+00,-4.103447e-06,-1.531985e-05,-1.814992e-06,6.056151e-07,-5.740138e-08,-5.740138e-08,-2.836971e-08,1.994603e-09,5.781790e-10,-6.726880e-11,1.272399e+00,8.020349e-01,7.777889e-01
8.820000e-11,0.000000e+00,0.000000e+00,0.000000e+00,-3.653578e-06,-8.357119e-06,-2.702195e-06,7.103201e-07,-3.768476e-08,-3.768476e-08,-2.945765e-08,1.219326e-09,6.100413e-10,-5.245951e-11,1.271359e+00,8.029274e-01,7.778190e-01
8.830000e-11,0.000000e+00,0.000000e+00,0.000000e+00,-3.493884e-06,-1.809624e-06,-3.311824e-06,7.845609e-07,-1.814637e-08,-1.814637e-08,-2.955652e-08,4.053239e-10,6.250295e-10,-3.578289e-11,1.271923e+00,8.035433e-01,7.778707e-01
8.840000e-11,0.000000e+00,0.000000e+00,0.000000e+00,-3.599447e-06,4.973734e-06,-3.621907e-06,8.237097e-07,8.884380e-10,8.884380e-10,-2.870165e-08,-4.216865e-10,6.224397e-10,-1.771259e-11,1.273863e+00,8.038551e-01,7.779442e-01
8.850000e-11,0.000000e+00,0.000000e+00,0.000000e+00,-3.861038e-06,1.250792e-05,-3.637092e-06,8.250265e-07,1.914009e-08,1.914009e-08,-2.696226e-08,-1.235150e-09,6.020662e-10,1.229806e-12,1.276822e+00,8.038566e-01,7.780387e-01
8.860000e-11,0.000000e+00,0.000000e+00,0.000000e+00,-4.127673e-06,2.077947e-05,-3.386189e-06,7.879119e-07,3.635799e-08,3.635799e-08,-2.443700e-08,-2.008630e-09,5.642197e-10,2.049032e-11,1.280395e+00,8.035623e-01,7.781521e-01
8.870000e-11,0.000000e+00,0.000000e+00,0.000000e+00,-4.265234e-06,2.912634e-05,-2.916637e-06,7.140105e-07,5.230409e-08,5.230409e-08,-2.124841e-08,-2.716781e-09,5.097320e-10,3.949908e-11,1.284211e+00,8.030064e-01,7.782812e-01
8.880000e-11,0.000000e+00,0.000000e+00,0.000000e+00,-4.206638e-06,3.642607e-05,-2.287008e-06,6.071549e-07,6.673900e-08,6.673900e-08,-1.753655e-08,-3.336313e-09,4.399457e-10,5.768734e-11,1.287990e+00,8.022391e-01,7.784217e-01
8.890000e-11,0.000000e+00,0.000000e+00,0.000000e+00,-3.974230e-06,4.147988e-05,-1.559143e-06,4.731530e-07,7.941305e-08,7.941305e-08,-1.345230e-08,-3.846886e-09,3.566876e-10,7.450448e-11,1.291565e+00,8.013226e-01,7.785683e-01
8.900000e-11,0.000000e+00,0.000000e+00,0.000000e+00,-3.667887e-06,4.341010e-05,-7.915222e-07,3.194348e-07,9.006338e-08,9.006338e-08,-9.150594e-09,-4.231910e-09,2.622283e-10,8.943446e-11,1.294866e+00,8.003262e-01,7.787151e-01
8.910000e-11,0.000000e+00,0.000000e+00,0.000000e+00,-3.426128e-06,4.191689e-05,-3.495309e-08,1.545836e-07,9.841814e-08,9.841814e-08,-4.783924e-09,-4.479202e-09,1.592246e-10,1.020114e-10,1.297876e+00,7.993212e-01,7.788556e-01
8.920000e-11,0.000000e+00,0.000000e+00,0.000000e+00,-3.376175e-06,3.732853e-05,6.690791e-07,-1.221176e-08,1.042076e-07,1.042076e-07,-4.965953e-10,-4.581470e-09,5.064930e-11,1.118336e-10,1.300571e+00,7.983755e-01,7.789832e-01
8.930000e-11,0.000000e+00,0.000000e+00,0.000000e+00,-3.590379e-06,3.047148e-05,1.287864e-06,-1.717437e-07,1.071814e-07,1.071814e-07,3.580209e-09,-4.536605e-09,-6.029320e-11,1.185761e-10,1.302883e+00,7.975492e-01,7.790917e-01
8.940000e-11,0.000000e+00,0.000000e+00,0.000000e+00,-4.061761e-06,2.243704e-05,1.795738e-06,-3.153692e-07,1.071305e-07,1.071305e-07,7.332258e-09,-4.347753e-09,-1.702619e-10,1.220008e-10,1.304685e+00,7.968911e-01,7.791759e-01
8.950000e-11,0.000000e+00,0.000000e+00,0.000000e+00,-4.704079e-06,1.432531e-05,2.172383e-06,-4.355474e-07,1.039116e-07,1.039116e-07,1.066494e-08,-4.023178e-09,-2.758821e-10,1.219642e-10,1.305804e+00,7.964358e-01,7.792313e-01
8.960000e-11,0.000000e+00,0.000000e+00,0.000000e+00,-5.374629e-06,7.024328e-06,2.402118e-06,-5.262960e-07,9.747156e-08,9.747156e-08,1.350476e-08,-3.575910e-09,-3.738547e-10,1.184228e-10,1.306073e+00,7.962025e-01,7.792551e-01
8.970000e-11,0.000000e+00,0.000000e+00,0.000000e+00,-5.912441e-06,1.061634e-06,2.474660e-06,-5.835347e-07,8.786961e-08,8.786961e-08,1.579969e-08,-3.023192e-09,-4.610657e-10,1.114359e-10,1.305383e+00,7.961943e-01,7.792461e-01
8.980000e-11,0.000000e+00,0.000000e+00,0.000000e+00,-6.181048e-06,-3.444423e-06,2.387170e-06,-6.052968e-07,7.529415e-08,7.529415e-08,1.751855e-08,-2.385767e-09,-5.346946e-10,1.011645e-10,1.303739e+00,7.963996e-01,7.792048e-01
8.990000e-11,0.000000e+00,0.000000e+00,0.000000e+00,-6.103779e-06,-6.717954e-06,2.146873e-06,-5.917963e-07,6.007235e-08,6.007235e-08,1.864957e-08,-1.687022e-09,-5.923161e-10,8.786887e-11,1.301291e+00,7.967930e-01,7.791337e-01
9.000000e-11,0.000000e+00,0.000000e+00,0.000000e+00,-5.681389e-06,-9.156855e-06,1.773193e-06,-5.453514e-07,4.267088e-08,4.267088e-08,1.919839e-08,-9.520328e-10,-6.319911e-10,7.190170e-11,1.298328e+00,7.973382e-01,7.790367e-01
9.010000e-11,1.000000e-05,1.000000e-05,0.000000e+00,-2.554826e-06,4.668906e-05,1.308370e-06,-4.701660e-07,2.368657e-08,2.368657e-08,1.918566e-08,-2.065658e-10,-6.523438e-10,5.369977e-11,1.295719e+00,7.979910e-01,7.789194e-01
9.020000e-11,2.000000e-05,2.000000e-05,0.000000e+00,-3.194536e-07,8.766356e-06,8.178245e-07,-3.719914e-07,3.826959e-09,3.826959e-09,1.864449e-08,5.239304e-10,-6.526203e-10,3.377224e-11,1.294406e+00,7.987025e-01,7.787883e-01
9.030000e-11,3.000000e-05,3.000000e-05,0.000000e+00,1.020806e-06,8.571872e-07,3.793514e-07,-2.576945e-07,-1.611863e-08,-1.611863e-08,1.761802e-08,1.215290e-09,-6.327265e-10,1.268689e-11,1.295047e+00,7.994231e-01,7.786509e-01
9.040000e-11,4.000000e-05,4.000000e-05,0.000000e+00,1.805740e-06,2.177789e-06,6.825755e-08,-1.347612e-07,-3.531603e-08,-3.531603e-08,1.615713e-08,1.845515e-09,-5.932426e-10,-8.945664e-12,1.297923e+00,8.001063e-01,7.785148e-01
9.050000e-11,5.000000e-05,5.000000e-05,0.000000e+00,2.465877e-06,1.128848e-05,-5.477994e-08,-1.077021e-08,-5.292898e-08,-5.292898e-08,1.431856e-08,2.395530e-09,-5.354128e-10,-3.048949e-11,1.303029e+00,8.007123e-01,7.783875e-01
9.060000e-11,6.000000e-05,6.000000e-05,0.000000e+00,3.284774e-06,2.393256e-05,4.988130e-08,1.071263e-07,-6.816495e-08,-6.816495e-08,1.216333e-08,2.849799e-09,-4.611099e-10,-5.130201e-11,1.310211e+00,8.012112e-01,7.782758e-01
9.070000e-11,7.000000e-05,7.000000e-05,0.000000e+00,4.293043e-06,3.550709e-05,3.996044e-07,2.126794e-07,-8.032082e-08,-8.032082e-08,9.755606e-09,3.196761e-09,-3.727759e-10,-7.075334e-11,1.319266e+00,8.015858e-01,7.781855e-01
9.080000e-11,8.000000e-05,8.000000e-05,0.000000e+00,5.314200e-06,4.309222e-05,9.909853e-07,3.009440e-07,-8.882537e-08,-8.882537e-08,7.161863e-09,3.429085e-09,-2.733397e-10,-8.824587e-11,1.329966e+00,8.018325e-01,7.781211e-01
9.090000e-11,9.000000e-05,9.000000e-05,0.000000e+00,6.102146e-06,4.617833e-05,1.801854e-06,3.685764e-07,-9.327526e-08,-9.327526e-08,4.450317e-09,3.543738e-09,-1.661145e-10,-1.032333e-10,1.342017e+00,8.019620e-01,7.780854e-01
9.100000e-11,1.000000e-04,1.000000e-04,0.000000e+00,6.481014e-06,4.609781e-05,2.792803e-06,4.140087e-07,-9.346188e-08,-9.346188e-08,1.690446e-09,3.541881e-09,-5.468054e-11,-1.152387e-10,1.355019e+00,8.019983e-01,7.780795e-01
9.110000e-11,1.000000e-04,1.000000e-04,0.000000e+00,3.988173e-06,-1.301504e-05,3.898692e-06,4.374817e-07,-8.938696e-08,-8.938696e-08,-1.047484e-09,3.428597e-09,5.724458e-11,-1.238710e-10,1.367982e+00,8.019770e-01,7.781029e-01
9.120000e-11,1.000000e-04,1.000000e-04,0.000000e+00,2.206232e-06,2.217779e-05,5.029263e-06,4.409395e-07,-8.126543e-08,-8.126543e-08,-3.693036e-09,3.212484e-09,1.659415e-10,-1.288385e-10,1.379805e+00,8.019418e-01,7.781533e-01
9.130000e-11,1.000000e-04,1.000000e-04,0.000000e+00,1.188095e-06,2.843473e-05,6.080588e-06,4.277949e-07,-6.951516e-08,-6.951516e-08,-6.176482e-09,2.905136e-09,2.678252e-10,-1.299610e-10,1.389637e+00,8.019411e-01,7.782269e-01
9.140000e-11,1.000000e-04,1.000000e-04,0.000000e+00,6.614049e-07,2.642842e-05,6.950856e-06,4.025808e-07,-5.473399e-08,-5.473399e-08,-8.429992e-09,2.520549e-09,3.595760e-10,-1.271770e-10,1.396991e+00,8.020236e-01,7.783192e-01
9.150000e-11,1.000000e-04,1.000000e-04,0.000000e+00,2.510426e-07,1.722809e-05,7.553924e-06,3.705174e-07,-3.766537e-08,-3.766537e-08,-1.038920e-08,2.074479e-09,4.382600e-10,-1.205482e-10,1.401685e+00,8.022331e-01,7.784245e-01
9.160000e-11,1.000000e-04,1.000000e-04,0.000000e+00,-2.908412e-07,4.843005e-06,7.827479e-06,3.370270e-07,-1.915486e-08,-1.915486e-08,-1.199509e-08,1.583790e-09,5.014345e-10,-1.102596e-10,1.403722e+00,8.026046e-01,7.785370e-01
9.170000e-11,1.000000e-04,1.000000e-04,0.000000e+00,-9.699205e-07,-6.076577e-06,7.736113e-06,3.072382e-07,-1.002866e-10,-1.002866e-10,-1.319618e-08,1.065810e-09,5.472325e-10,-9.661569e-11,1.403206e+00,8.031603e-01,7.786512e-01
9.180000e-11,1.000000e-04,1.000000e-04,0.000000e+00,-1.583352e-06,-1.233301e-05,7.271504e-06,2.855185e-07,1.860095e-08,1.860095e-08,-1.395083e-08,5.377419e-10,5.744249e-10,-8.003193e-11,1.400335e+00,8.039067e-01,7.787618e-01
9.190000e-11,1.000000e-04,1.000000e-04,0.000000e+00,-1.852585e-06,-1.310362e-05,6.451824e-06,2.750766e-07,3.610409e-08,3.610409e-08,-1.422958e-08,1.612398e-11,5.824559e-10,-6.102287e-11,1.395438e+00,8.048334e-01,7.788645e-01
9.200000e-11,1.000000e-04,1.000000e-04,0.000000e+00,-1.569040e-06,-9.558817e-06,5.321283e-06,2.776672e-07,5.166494e-08,5.166494e-08,-1.401726e-08,-4.836270e-10,5.714528e-10,-4.018603e-11,1.389028e+00,8.059128e-01,7.789560e-01
9.210000e-11,1.000000e-04,1.000000e-04,0.000000e+00,-6.812548e-07,-3.713183e-06,3.949254e-06,2.934241e-07,6.468050e-08,6.468050e-08,-1.331478e-08,-9.475913e-10,5.422070e-10,-1.818279e-11,1.381808e+00,8.071017e-01,7.790345e-01
9.220000e-11,1.000000e-04,1.000000e-04,0.000000e+00,7.023216e-07,2.728249e-06,2.427703e-06,3.208394e-07,7.471941e-08,7.471941e-08,-1.214029e-08,-1.363634e-09,4.961317e-10,4.283436e-12,1.374625e+00,8.083443e-01,7.790992e-01
9.230000e-11,1.000000e-04,1.000000e-04,0.000000e+00,2.374864e-06,8.976138e-06,8.658387e-07,3.568915e-07,8.154033e-08,8.154033e-08,-1.052964e-08,-1.721611e-09,4.351944e-10,2.649096e-11,1.368373e+00,8.095761e-01,7.791508e-01
9.240000e-11,1.000000e-04,1.000000e-04,0.000000e+00,4.112963e-06,1.508473e-05,-6.182642e-07,3.973123e-07,8.509715e-08,8.509715e-08,-8.536024e-09,-2.013495e-09,3.618304e-10,4.772449e-11,1.363876e+00,8.107291e-01,7.791911e-01
9.250000e-11,1.000000e-04,1.000000e-04,0.000000e+00,5.738073e-06,2.144098e-05,-1.908218e-06,4.369756e-07,8.553088e-08,8.553088e-08,-6.228608e-09,-2.233435e-09,2.788411e-10,6.730009e-11,1.361783e+00,8.117369e-01,7.792228e-01
9.260000e-11,1.000000e-04,1.000000e-04,0.000000e+00,7.138617e-06,2.820621e-05,-2.900538e-06,4.703724e-07,8.314909e-08,8.314909e-08,-3.690327e-09,-2.377763e-09,1.892800e-10,8.458912e-11,1.362502e+00,8.125408e-01,7.792491e-01
9.270000e-11,1.000000e-04,1.000000e-04,0.000000e+00,8.258117e-06,3.502075e-05,-3.514820e-06,4.921351e-07,7.839470e-08,7.839470e-08,-1.014749e-09,-2.444949e-09,9.633433e-11,9.904063e-11,1.366170e+00,8.130948e-01,7.792734e-01
9.280000e-11,1.000000e-04,1.000000e-04,0.000000e+00,9.069222e-06,4.106915e-05,-3.701491e-06,4.975642e-07,7.180658e-08,7.180658e-08,1.697773e-09,-2.435522e-09,3.205213e-12,1.102009e-10,1.372661e+00,8.133698e-01,7.792989e-01
9.290000e-11,1.000000e-04,1.000000e-04,0.000000e+00,9.553757e-06,4.539678e-05,-3.446333e-06,4.831135e-07,6.397516e-08,6.397516e-08,4.344511e-09,-2.351970e-09,-8.700791e-11,1.177295e-10,1.381614e+00,8.133570e-01,7.793286e-01
9.300000e-11,1.000000e-04,1.000000e-04,0.000000e+00,9.698764e-06,4.726641e-05,-2.771524e-06,4.467874e-07,5.549651e-08,5.549651e-08,6.825077e-09,-2.198611e-09,-1.714138e-10,1.214116e-10,1.392480e+00,8.130693e-01,7.793643e-01
9.310000e-11,1.000000e-04,1.000000e-04,0.000000e+00,9.505939e-06,4.637387e-05,-1.733377e-06,3.884147e-07,4.692838e-08,4.692838e-08,9.046177e-09,-1.981455e-09,-2.474236e-10,1.211651e-10,1.404567e+00,8.125410e-01,7.794071e-01
9.320000e-11,1.000000e-04,1.000000e-04,0.000000e+00,9.004226e-06,4.285560e-05,-4.171665e-07,3.097711e-07,3.875159e-08,3.875159e-08,1.092612e-08,-1.708036e-09,-3.128287e-10,1.170431e-10,1.417105e+00,8.118255e-01,7.794569e-01
9.330000e-11,1.000000e-04,1.000000e-04,0.000000e+00,8.255072e-06,3.713536e-05,1.070364e-06,2.145350e-07,3.133962e-08,3.133962e-08,1.239878e-08,-1.387241e-09,-3.658613e-10,1.092312e-10,1.429305e+00,8.109921e-01,7.795124e-01
9.340000e-11,1.000000e-04,1.000000e-04,0.000000e+00,7.345129e-06,2.971177e-05,2.610158e-06,1.080760e-07,2.493860e-08,2.493860e-08,1.341680e-08,-1.029108e-09,-4.052354e-10,9.804025e-11,1.440422e+00,8.101206e-01,7.795712e-01
9.350000e-11,1.000000e-04,1.000000e-04,0.000000e+00,6.368190e-06,2.099039e-05,4.080818e-06,-2.911920e-09,1.965906e-08,1.965906e-08,1.395375e-08,-6.445987e-10,-4.301677e-10,8.389360e-11,1.449819e+00,8.092950e-01,7.796302e-01
9.360000e-11,1.000000e-04,1.000000e-04,0.000000e+00,5.404175e-06,1.123778e-05,5.368455e-06,-1.109035e-07,1.547966e-08,1.547966e-08,1.400518e-08,-2.453488e-10,-4.403799e-10,6.731096e-11,1.457003e+00,8.085972e-01,7.796858e-01
9.370000e-11,1.000000e-04,1.000000e-04,0.000000e+00,4.505266e-06,6.771412e-07,6.375445e-06,-2.081251e-07,1.226252e-08,1.226252e-08,1.358843e-08,1.566160e-10,-4.360831e-10,4.888844e-11,1.461659e+00,8.081003e-01,7.797340e-01
9.380000e-11,1.000000e-04,1.000000e-04,0.000000e+00,3.696211e-06,-1.033519e-05,7.027268e-06,-2.871796e-07,9.778337e-09,9.778337e-09,1.274122e-08,5.491897e-10,-4.179462e-10,2.927602e-11,1.463651e+00,8.078629e-01,7.797710e-01
9.390000e-11,1.000000e-04,1.000000e-04,0.000000e+00,2.988585e-06,-2.116423e-05,7.276914e-06,-3.416621e-07,7.738983e-09,7.738983e-09,1.151917e-08,9.205219e-10,-3.870503e-10,9.153315e-12,1.463007e+00,8.079240e-01,7.797936e-01
9.400000e-11,1.000000e-04,1.000000e-04,0.000000e+00,2.401579e-06,-3.087556e-05,7.106755e-06,-3.667150e-07,5.834668e-09,5.834668e-09,9.992221e-09,1.259370e-09,-3.448334e-10,-1.079542e-11,1.459905e+00,8.083003e-01,7.797994e-01
9.410000e-11,1.000000e-04,1.000000e-04,0.000000e+00,1.978549e-06,-3.836360e-05,6.528204e-06,-3.594754e-07,3.772175e-09,3.772175e-09,8.240521e-09,1.555461e-09,-2.930258e-10,-2.990594e-11,1.454650e+00,8.089840e-01,7.797874e-01
9.420000e-11,1.000000e-04,1.000000e-04,0.000000e+00,1.790524e-06,-4.258242e-05,5.579695e-06,-3.193756e-07,1.310773e-09,1.310773e-09,6.349680e-09,1.799842e-09,-2.335820e-10,-4.755747e-11,1.447662e+00,8.099437e-01,7.797577e-01
9.430000e-11,1.000000e-04,1.000000e-04,0.000000e+00,1.923395e-06,-4.279780e-05,4.323601e-06,-2.482691e-07,-1.707463e-09,-1.707463e-09,4.405986e-09,1.985213e-09,-1.686090e-10,-6.319390e-11,1.439469e+00,8.111265e-01,7.797119e-01
9.440000e-11,1.000000e-04,1.000000e-04,0.000000e+00,2.451906e-06,-3.878482e-05,2.842483e-06,-1.503691e-07,-5.335717e-09,-5.335717e-09,2.491748e-09,2.106214e-09,-1.002954e-10,-7.634214e-11,1.430700e+00,8.124619e-01,7.796531e-01
9.450000e-11,1.000000e-04,1.000000e-04,0.000000e+00,3.408465e-06,-3.091746e-05,1.234778e-06,-3.200060e-08,-9.510946e-09,-9.510946e-09,6.811192e-10,2.159663e-09,-3.084262e-11,-8.662677e-11,1.422067e+00,8.138667e-01,7.795856e-01
9.460000e-11,1.000000e-04,1.000000e-04,0.000000e+00,4.757425e-06,-2.011917e-05,-3.902360e-07,9.881747e-08,-1.405404e-08,-1.405404e-08,-9.633557e-10,2.144712e-09,3.759967e-11,-9.378070e-11,1.414333e+00,8.152514e-01,7.795146e-01
9.470000e-11,1.000000e-04,1.000000e-04,0.000000e+00,6.385286e-06,-7.667960e-06,-1.918541e-06,2.329310e-07,-1.868175e-08,-1.868175e-08,-2.393259e-09,2.062915e-09,1.029930e-10,-9.765141e-11,1.408251e+00,8.165268e-01,7.794460e-01
9.480000e-11,1.000000e-04,1.000000e-04,0.000000e+00,8.113640e-06,5.105664e-06,-3.238735e-06,3.607083e-07,-2.302965e-08,-2.302965e-08,-3.575759e-09,1.918210e-09,1.634629e-10,-9.820281e-11,1.404485e+00,8.176103e-01,7.793858e-01
9.490000e-11,1.000000e-04,1.000000e-04,0.000000e+00,9.734265e-06,1.712896e-05,-4.250498e-06,4.727484e-07,-2.668415e-08,-2.668415e-08,-4.493947e-09,1.716784e-09,2.173441e-10,-9.551265e-11,1.403530e+00,8.184324e-01,7.793398e-01
9.500000e-11,1.000000e-04,1.000000e-04,0.000000e+00,1.105634e-05,2.777095e-05,-4.873502e-06,5.605859e-07,-2.922105e-08,-2.922105e-08,-5.146098e-09,1.466847e-09,2.632192e-10,-8.976599e-11,1.405637e+00,8.189417e-01,7.793128e-01
9.510000e-11,1.000000e-04,1.000000e-04,0.000000e+00,1.194898e-05,3.680766e-05,-5.055634e-06,6.173397e-07,-3.024727e-08,-3.024727e-08,-5.543956e-09,1.178305e-09,2.999483e-10,-8.124491e-11,1.410768e+00,8.191091e-01,7.793088e-01
9.520000e-11,1.000000e-04,1.000000e-04,0.000000e+00,1.236292e-05,4.419459e-05,-4.779169e-06,6.382547e-07,-2.944217e-08,-2.944217e-08,-5.710221e-09,8.623567e-10,3.266916e-10,-7.031517e-11,1.418599e+00,8.189302e-01,7.793299e-01
9.530000e-11,1.000000e-04,1.000000e-04,0.000000e+00,1.232476e-05,4.979664e-05,-4.063703e-06,6.210936e-07,-2.659478e-08,-2.659478e-08,-5.675493e-09,5.310205e-10,3.429236e-10,-5.741045e-11,1.428558e+00,8.184260e-01,7.793766e-01
9.540000e-11,1.000000e-04,1.000000e-04,0.000000e+00,1.191063e-05,5.326261e-05,-2.965177e-06,5.663483e-07,-2.163342e-08,-2.163342e-08,-5.474924e-09,1.966267e-10,3.484393e-10,-4.301489e-11,1.439897e+00,8.176414e-01,7.794476e-01
9.550000e-11,1.000000e-04,1.000000e-04,0.000000e+00,1.121584e-05,5.414299e-05,-1.571011e-06,4.772500e-07,-1.464503e-08,-1.464503e-08,-5.144871e-09,-1.287091e-10,3.433531e-10,-2.764458e-11,1.451778e+00,8.166424e-01,7.795397e-01
9.560000e-11,1.000000e-04,1.000000e-04,0.000000e+00,1.033661e-05,5.218417e-05,7.967665e-09,3.595761e-07,-5.881786e-09,-5.881786e-09,-4.719831e-09,-4.335989e-10,3.280896e-10,-1.182891e-11,1.463358e+00,8.155114e-01,7.796479e-01
9.570000e-11,1.000000e-04,1.000000e-04,0.000000e+00,9.369498e-06,4.760174e-05,1.647728e-06,2.212628e-07,4.245773e-09,4.245773e-09,-4.229892e-09,-7.078548e-10,3.033663e-10,3.907727e-12,1.473868e+00,8.143410e-01,7.797662e-01
9.580000e-11,1.000000e-04,1.000000e-04,0.000000e+00,8.420743e-06,4.113401e-05,3.222215e-06,7.185237e-08,1.518932e-08,1.518932e-08,-3.698897e-09,-9.428961e-10,2.701699e-10,1.906307e-11,1.482672e+00,8.132271e-01,7.798872e-01
9.590000e-11,1.000000e-04,1.000000e-04,0.000000e+00,7.610052e-06,3.380967e-05,4.614432e-06,-7.818732e-08,2.629583e-08,2.629583e-08,-3.143440e-09,-1.132070e-09,2.297244e-10,3.317255e-11,1.489327e+00,8.122618e-01,7.800036e-01
9.600000e-11,1.000000e-04,1.000000e-04,0.000000e+00,7.056933e-06,2.654481e-05,5.726506e-06,-2.182201e-07,3.685101e-08,3.685101e-08,-2.572761e-09,-1.270871e-09,1.834533e-10,4.582277e-11,1.493612e+00,8.115264e-01,7.801077e-01
9.610000e-11,1.000000e-04,1.000000e-04,0.000000e+00,6.849991e-06,1.979514e-05,6.487912e-06,-3.382183e-07,4.612990e-08,4.612990e-08,-1.989480e-09,-1.357038e-09,1.329351e-10,5.666263e-11,1.495554e+00,8.110852e-01,7.801927e-01
9.620000e-11,1.000000e-04,1.000000e-04,0.000000e+00,7.012739e-06,1.345955e-05,6.861014e-06,-4.295001e-07,5.345109e-08,5.345109e-08,-1.391092e-09,-1.390551e-09,7.985460e-11,6.541179e-11,1.495411e+00,8.109808e-01,7.802532e-01
9.630000e-11,1.000000e-04,1.000000e-04,0.000000e+00,7.484843e-06,7.081669e-06,6.843216e-06,-4.853689e-07,5.823004e-08,5.823004e-08,-7.720315e-10,-1.373500e-09,2.594905e-11,7.186650e-11,1.493636e+00,8.112309e-01,7.802851e-01
9.640000e-11,1.000000e-04,1.000000e-04,0.000000e+00,8.131793e-06,2.244192e-07,6.465251e-06,-5.016072e-07,6.002760e-08,6.002760e-08,-1.260845e-10,-1.309859e-09,-2.704683e-11,7.590263e-11,1.490792e+00,8.118278e-01,7.802863e-01
9.650000e-11,1.000000e-04,1.000000e-04,0.000000e+00,8.782316e-06,-7.193781e-06,5.785680e-06,-4.767828e-07,5.858954e-08,5.858954e-08,5.511057e-10,-1.205179e-09,-7.745735e-11,7.747617e-11,1.487463e+00,8.127386e-01,7.802570e-01
9.660000e-11,1.000000e-04,1.000000e-04,0.000000e+00,9.279508e-06,-1.477140e-05,4.882338e-06,-4.123476e-07,5.387386e-08,5.387386e-08,1.259711e-09,-1.066215e-09,-1.237209e-10,7.662119e-11,1.484163e+00,8.139093e-01,7.801995e-01
9.670000e-11,1.000000e-04,1.000000e-04,0.000000e+00,9.525638e-06,-2.174658e-05,3.842074e-06,-3.125194e-07,4.606319e-08,4.606319e-08,1.993819e-09,-9.005177e-10,-1.644419e-10,7.344556e-11,1.481262e+00,8.152685e-01,7.801180e-01
9.680000e-11,1.000000e-04,1.000000e-04,0.000000e+00,9.504449e-06,-2.728195e-05,2.750478e-06,-1.839605e-07,3.556108e-08,3.556108e-08,2.740181e-09,-7.160129e-10,-1.984371e-10,6.812477e-11,1.478960e+00,8.167339e-01,7.800189e-01
9.690000e-11,1.000000e-04,1.000000e-04,0.000000e+00,9.275214e-06,-3.076092e-05,1.683219e-06,-3.527836e-08,2.297179e-08,2.297179e-08,3.477768e-09,-5.206030e-10,-2.247753e-10,6.089395e-11,1.477295e+00,8.182185e-01,7.799095e-01
9.700000e-11,1.000000e-04,1.000000e-04,0.000000e+00,8.944194e-06,-3.196869e-05,7.001803e-07,1.236070e-07,9.064691e-09,9.064691e-09,4.178222e-09,-3.218035e-10,-2.428071e-10,5.203861e-11,1.476182e+00,8.196374e-01,7.797982e-01
9.710000e-11,1.000000e-04,1.000000e-04,0.000000e+00,8.626223e-06,-3.110909e-05,-1.571427e-07,2.821801e-07,-5.274403e-09,-5.274403e-09,4.807210e-09,-1.264411e-10,-2.521850e-10,4.188431e-11,1.475475e+00,8.209137e-01,7.796936e-01
9.720000e-11,1.000000e-04,1.000000e-04,0.000000e+00,8.410041e-06,-2.868874e-05,-8.652105e-07,4.300721e-07,-1.910184e-08,-1.910184e-08,5.326621e-09,5.957275e-11,-2.528713e-10,3.078555e-11,1.475021e+00,8.219834e-01,7.796041e-01
9.730000e-11,1.000000e-04,1.000000e-04,0.000000e+00,8.336757e-06,-2.534441e-05,-1.415803e-06,5.577724e-07,-3.148040e-08,-3.148040e-08,5.697423e-09,2.313866e-10,-2.451341e-10,1.911434e-11,1.474703e+00,8.227994e-01,7.795370e-01
9.740000e-11,1.000000e-04,1.000000e-04,0.000000e+00,8.394627e-06,-2.168760e-05,-1.812258e-06,6.572566e-07,-4.154477e-08,-4.154477e-08,5.882990e-09,3.852688e-10,-2.295313e-10,7.248612e-12,1.474453e+00,8.233337e-01,7.794982e-01
9.750000e-11,1.000000e-04,1.000000e-04,0.000000e+00,8.527856e-06,-1.820868e-05,-2.065660e-06,7.224876e-07,-4.856335e-08,-4.856335e-08,5.852605e-09,5.185884e-10,-2.068830e-10,-4.439224e-12,1.474251e+00,8.235773e-01,7.794918e-01
9.760000e-11,1.000000e-04,1.000000e-04,0.000000e+00,8.654155e-06,-1.524532e-05,-2.191776e-06,7.497576e-07,-5.199191e-08,-5.199191e-08,5.584842e-09,6.297268e-10,-1.782335e-10,-1.559317e-11,1.474101e+00,8.235401e-01,7.795197e-01
9.770000e-11,1.000000e-04,1.000000e-04,0.000000e+00,8.685224e-06,-1.299540e-05,-2.209144e-06,7.378549e-07,-5.151508e-08,-5.151508e-08,5.070526e-09,7.179374e-10,-1.448052e-10,-2.588385e-11,1.473996e+00,8.232481e-01,7.795816e-01
9.780000e-11,1.000000e-04,1.000000e-04,0.000000e+00,8.545453e-06,-1.154817e-05,-2.138334e-06,6.880495e-07,-4.707252e-08,-4.707252e-08,4.314975e-09,7.831702e-10,-1.079455e-10,-3.501780e-11,1.473892e+00,8.227405e-01,7.796747e-01
9.790000e-11,1.000000e-04,1.000000e-04,0.000000e+00,8.185845e-06,-1.091436e-05,-2.002044e-06,6.039096e-07,-3.886766e-08,-3.886766e-08,3.339286e-09,8.258846e-10,-6.907062e-11,-4.274541e-11,1.473687e+00,8.220657e-01,7.797944e-01
9.800000e-11,1.000000e-04,1.000000e-04,0.000000e+00,7.591802e-06,-1.104679e-05,-1.825547e-06,4.909692e-07,-2.735841e-08,-2.735841e-08,2.180499e-09,8.468677e-10,-2.960771e-11,-4.886763e-11,1.473212e+00,8.212774e-01,7.799341e-01
9.810000e-11,1.000000e-04,1.000000e-04,0.000000e+00,6.784620e-06,-1.185226e-05,-1.636932e-06,3.562794e-07,-1.323010e-08,-1.323010e-08,8.905274e-10,8.470797e-10,9.061121e-12,-5.324094e-11,1.472245e+00,8.204304e-01,7.800859e-01
9.820000e-11,1.000000e-04,1.000000e-04,0.000000e+00,5.817385e-06,-1.319919e-05,-1.466712e-06,2.078779e-07,2.647292e-09,2.647292e-09,-4.661133e-10,8.275379e-10,4.565065e-11,-5.578071e-11,1.470534e+00,8.195769e-01,7.802413e-01
9.830000e-11,1.000000e-04,1.000000e-04,0.000000e+00,4.766509e-06,-1.492528e-05,-1.346528e-06,5.422018e-08,1.927478e-08,1.927478e-08,-1.815704e-09,7.892522e-10,7.901774e-11,-5.646262e-11,1.467827e+00,8.187628e-01,7.803913e-01
9.840000e-11,1.000000e-04,1.000000e-04,0.000000e+00,3.720539e-06,-1.684662e-05,-1.306934e-06,-9.639008e-08,3.558908e-08,3.558908e-08,-3.079643e-09,7.332142e-10,1.081981e-10,-5.532222e-11,1.463919e+00,8.180256e-01,7.805274e-01
9.850000e-11,1.000000e-04,1.000000e-04,0.000000e+00,2.768117e-06,-1.876687e-05,-1.374480e-06,-2.363307e-07,5.053173e-08,5.053173e-08,-4.179409e-09,6.604389e-10,1.324331e-10,-5.245267e-11,1.458680e+00,8.173916e-01,7.806420e-01
9.860000e-11,1.000000e-04,1.000000e-04,0.000000e+00,1.986984e-06,-2.048448e-05,-1.568462e-06,-3.591190e-07,6.311794e-08,6.311794e-08,-5.041856e-09,5.720508e-10,1.511862e-10,-4.800050e-11,1.452090e+00,8.168758e-01,7.807286e-01
9.870000e-11,1.000000e-04,1.000000e-04,0.000000e+00,1.435645e-06,-2.179729e-05,-1.897847e-06,-4.597712e-07,7.250046e-08,7.250046e-08,-5.604432e-09,4.694023e-10,1.641481e-10,-4.215977e-11,1.444251e+00,8.164806e-01,7.807827e-01
9.880000e-11,1.000000e-04,1.000000e-04,0.000000e+00,1.148703e-06,-2.250659e-05,-2.358876e-06,-5.350432e-07,7.802394e-08,7.802394e-08,-5.819967e-09,3.542066e-10,1.712321e-10,-3.516467e-11,1.435393e+00,8.161970e-01,7.808018e-01
9.890000e-11,1.000000e-04,1.000000e-04,0.000000e+00,1.136036e-06,-2.242467e-05,-2.933770e-06,-5.835429e-07,7.926639e-08,7.926639e-08,-5.660649e-09,2.286659e-10,1.725596e-10,-2.728076e-11,1.425859e+00,8.160054e-01,7.807851e-01
9.900000e-11,1.000000e-04,1.000000e-04,0.000000e+00,1.385214e-06,-2.138917e-05,-3.590830e-06,-6.057121e-07,7.606489e-08,7.606489e-08,-5.120869e-09,9.557608e-11,1.684384e-10,-1.879535e-11,1.416081e+00,8.158779e-01,7.807342e-01
9.910000e-11,1.000000e-04,1.000000e-04,0.000000e+00,1.865926e-06,-1.928516e-05,-4.286027e-06,-6.036842e-07,6.852401e-08,6.852401e-08,-4.218694e-09,-4.161240e-11,1.593347e-10,-1.000717e-11,1.406545e+00,8.157802e-01,7.806523e-01
9.920000e-11,1.000000e-04,1.000000e-04,0.000000e+00,2.535097e-06,-1.607136e-05,-4.965979e-06,-5.810315e-07,5.700664e-08,5.700664e-08,-2.995805e-09,-1.787915e-10,1.458417e-10,-1.215797e-12,1.397753e+00,8.156751e-01,7.805444e-01
9.930000e-11,1.000000e-04,1.000000e-04,0.000000e+00,3.341563e-06,-1.180388e-05,-5.572064e-06,-5.424241e-07,4.210816e-08,4.210816e-08,-1.515847e-09,-3.112621e-10,1.286454e-10,7.288765e-12,1.390183e+00,8.155252e-01,7.804165e-01
9.940000e-11,1.000000e-04,1.000000e-04,0.000000e+00,4.229761e-06,-6.649723e-06,-6.045250e-06,-4.932248e-07,2.461585e-08,2.461585e-08,1.387446e-10,-4.338742e-10,1.084926e-10,1.523592e-11,1.384248e+00,8.152961e-01,7.802754e-01
9.950000e-11,1.000000e-04,1.000000e-04,0.000000e+00,5.142441e-06,-8.839937e-07,-6.331195e-06,-4.390502e-07,5.456679e-09,5.456679e-09,1.871264e-09,-5.412396e-10,8.615910e-11,2.238345e-11,1.380269e+00,8.149596e-01,7.801283e-01
9.960000e-11,1.000000e-04,1.000000e-04,0.000000e+00,6.022855e-06,5.131077e-06,-6.385128e-06,-3.853293e-07,-1.436293e-08,-1.436293e-08,3.576355e-09,-6.280070e-10,6.242267e-11,2.852513e-11,1.378450e+00,8.144960e-01,7.799819e-01
9.970000e-11,1.000000e-04,1.000000e-04,0.000000e+00,6.816999e-06,1.098261e-05,-6.176070e-06,-3.368892e-07,-3.382096e-08,-3.382096e-08,5.146348e-09,-6.891855e-10,3.804014e-11,3.349690e-11,1.378862e+00,8.138964e-01,7.798426e-01
9.980000e-11,1.000000e-04,1.000000e-04,0.000000e+00,7.476300e-06,1.625215e-05,-5.690015e-06,-2.975975e-07,-5.194312e-08,-5.194312e-08,6.477938e-09,-7.204938e-10,1.372952e-11,3.718114e-11,1.381439e+00,8.131636e-01,7.797155e-01
9.990000e-11,1.000000e-04,1.000000e-04,0.000000e+00,7.960760e-06,2.056060e-05,-4.931807e-06,-2.700854e-07,-6.786125e-08,-6.786125e-08,7.478735e-09,-7.187105e-10,-9.842828e-12,3.950911e-11,1.385983e+00,8.123132e-01,7.796046e-01
1.000000e-10,1.000000e-04,1.000000e-04,0.000000e+00,8.242164e-06,2.360473e-05,-3.925549e-06,-2.555694e-07,-8.086302e-08,-8.086302e-08,8.073268e-09,-6.819976e-10,-3.207036e-11,4.046147e-11,1.392178e+00,8.113725e-01,7.795124e-01
1.001000e-10,9.000000e-05,9.000000e-05,0.000000e+00,5.874423e-06,-3.262830e-05,-2.723460e-06,-2.537923e-07,-9.042990e-08,-9.042990e-08,8.208026e-09,-6.101690e-10,-5.241080e-11,4.006678e-11,1.399140e+00,8.103796e-01,7.794399e-01
1.002000e-10,8.000000e-05,8.000000e-05,0.000000e+00,4.331591e-06,3.592435e-06,-1.405276e-06,-2.630803e-07,-9.626113e-08,-9.626113e-08,7.855199e-09,-5.048787e-10,-7.038790e-11,3.839836e-11,1.405883e+00,8.093806e-01,7.793865e-01
1.003000e-10,7.000000e-05,7.000000e-05,0.000000e+00,3.494906e-06,8.490731e-06,-6.752950e-08,-2.805155e-07,-9.828251e-08,-9.828251e-08,7.014843e-09,-3.697059e-10,-8.559166e-11,3.556950e-11,1.411642e+00,8.084271e-01,7.793504e-01
1.004000e-10,6.000000e-05,6.000000e-05,0.000000e+00,2.929593e-06,3.082149e-06,1.190378e-06,-3.022105e-07,-9.663983e-08,-9.663983e-08,5.715327e-09,-2.101226e-10,-9.767839e-11,3.172742e-11,1.415926e+00,8.075716e-01,7.793287e-01
1.005000e-10,5.000000e-05,5.000000e-05,0.000000e+00,2.154588e-06,-1.088821e-05,2.277126e-06,-3.236665e-07,-9.167809e-08,-9.167809e-08,4.012010e-09,-3.333548e-11,-1.063714e-10,2.704628e-11,1.418421e+00,8.068638e-01,7.793178e-01
1.006000e-10,4.000000e-05,4.000000e-05,0.000000e+00,8.829191e-07,-2.890363e-05,3.115106e-06,-3.401880e-07,-8.390823e-08,-8.390823e-08,1.984229e-09,1.519972e-10,-1.114638e-10,2.171954e-11,1.418856e+00,8.063463e-01,7.793136e-01
1.007000e-10,3.000000e-05,3.000000e-05,0.000000e+00,-8.794682e-07,-4.617197e-05,3.641929e-06,-3.473226e-07,-7.396429e-08,-7.396429e-08,-2.692207e-10,3.361632e-10,-1.128226e-10,1.595219e-11,1.416938e+00,8.060506e-01,7.793122e-01
1.008000e-10,2.000000e-05,2.000000e-05,0.000000e+00,-2.889792e-06,-5.958779e-05,3.810562e-06,-3.412912e-07,-6.255423e-08,-6.255423e-08,-2.635812e-09,5.088899e-10,-1.103958e-10,9.952927e-12,1.412371e+00,8.059945e-01,7.793098e-01
1.009000e-10,1.000000e-05,1.000000e-05,0.000000e+00,-4.814136e-06,-6.835599e-05,3.590446e-06,-3.193749e-07,-5.040823e-08,-5.040823e-08,-4.995859e-09,6.599068e-10,-1.042208e-10,3.926899e-12,1.404948e+00,8.061790e-01,7.793033e-01
1.010000e-10,0.000000e+00,0.000000e+00,0.000000e+00,-6.372546e-06,-7.335947e-05,2.970358e-06,-2.802270e-07,-3.822819e-08,-3.822819e-08,-7.229512e-09,7.795437e-10,-9.443350e-11,-1.930920e-12,1.394650e+00,8.065880e-01,7.792908e-01
1.011000e-10,0.000000e+00,0.000000e+00,0.000000e+00,-4.987122e-06,-1.814671e-05,1.972158e-06,-2.240766e-07,-2.664207e-08,-2.664207e-08,-9.223716e-09,8.593287e-10,-8.127775e-11,-7.441435e-12,1.382178e+00,8.071881e-01,7.792711e-01
1.012000e-10,0.000000e+00,0.000000e+00,0.000000e+00,-4.121560e-06,-5.542334e-05,6.557701e-07,-1.528083e-07,-1.616613e-08,-1.616613e-08,-1.087870e-08,8.925444e-10,-6.511252e-11,-1.244609e-11,1.368524e+00,8.079300e-01,7.792444e-01
1.013000e-10,0.000000e+00,0.000000e+00,0.000000e+00,-3.723460e-06,-6.154009e-05,-8.871078e-07,-6.990769e-08,-7.177660e-09,-7.177660e-09,-1.211358e-08,8.747075e-10,-4.641604e-11,-1.681042e-11,1.354633e+00,8.087514e-01,7.792120e-01
1.014000e-10,0.000000e+00,0.000000e+00,0.000000e+00,-3.450807e-06,-5.711764e-05,-2.544845e-06,1.973022e-08,1.002003e-10,1.002003e-10,-1.287074e-08,8.039355e-10,-2.578510e-11,-2.042644e-11,1.341290e+00,8.095807e-01,7.791758e-01
1.015000e-10,0.000000e+00,0.000000e+00,0.000000e+00,-2.912740e-06,-4.352589e-05,-4.197500e-06,1.101202e-07,5.600918e-09,5.600918e-09,-1.311871e-08,6.811722e-10,-3.928153e-12,-2.321403e-11,1.329163e+00,8.103421e-01,7.791390e-01
1.016000e-10,0.000000e+00,0.000000e+00,0.000000e+00,-1.904723e-06,-2.527646e-05,-5.725653e-06,1.946130e-07,9.404494e-09,9.404494e-09,-1.285342e-08,5.102546e-10,1.834871e-11,-2.512136e-11,1.318872e+00,8.109609e-01,7.791049e-01
1.017000e-10,0.000000e+00,0.000000e+00,0.000000e+00,-5.110032e-07,-7.507816e-06,-7.017017e-06,2.663987e-07,1.171614e-08,1.171614e-08,-1.209774e-08,2.978073e-10,4.016353e-11,-2.612442e-11,1.311002e+00,8.113692e-01,7.790770e-01
1.018000e-10,0.000000e+00,0.000000e+00,0.000000e+00,9.554233e-07,6.268424e-06,-7.972778e-06,3.190509e-07,1.283575e-08,1.283575e-08,-1.089941e-08,5.297011e-11,6.058779e-11,-2.622600e-11,1.306038e+00,8.115111e-01,7.790585e-01
1.019000e-10,0.000000e+00,0.000000e+00,0.000000e+00,2.115374e-06,1.510865e-05,-8.515030e-06,3.470683e-07,1.312094e-08,1.312094e-08,-9.327552e-09,-2.130341e-10,7.868279e-11,-2.545414e-11,1.304248e+00,8.113478e-01,7.790522e-01
1.020000e-10,0.000000e+00,0.000000e+00,0.000000e+00,2.690235e-06,2.013323e-05,-8.595088e-06,3.463721e-07,1.294685e-08,1.294685e-08,-7.467906e-09,-4.874647e-10,9.354155e-11,-2.386021e-11,1.305586e+00,8.108607e-01,7.790596e-01
1.021000e-10,0.000000e+00,0.000000e+00,0.000000e+00,2.594206e-06,2.319796e-05,-8.200847e-06,3.147150e-07,1.266610e-08,1.266610e-08,-5.417349e-09,-7.567331e-10,1.043344e-10,-2.151679e-11,1.309658e+00,8.100537e-01,7.790816e-01
1.022000e-10,0.000000e+00,0.000000e+00,0.000000e+00,1.927058e-06,2.561627e-05,-7.360864e-06,2.519664e-07,1.257233e-08,1.257233e-08,-3.277868e-09,-1.007137e-09,1.103556e-10,-1.851540e-11,1.315763e+00,8.089540e-01,7.791173e-01
1.023000e-10,0.000000e+00,0.000000e+00,0.000000e+00,8.953808e-07,2.756056e-05,-6.143375e-06,1.602453e-07,1.287037e-08,1.287037e-08,-1.150527e-09,-1.225614e-09,1.110690e-10,-1.496420e-11,1.323006e+00,8.076109e-01,7.791648e-01
1.024000e-10,0.000000e+00,0.000000e+00,0.000000e+00,-2.834990e-07,2.827097e-05,-4.649891e-06,4.388123e-08,1.365547e-08,1.365547e-08,8.702340e-10,-1.400475e-09,1.061480e-10,-1.098551e-11,1.330441e+00,8.060922e-01,7.792209e-01
1.025000e-10,0.000000e+00,0.000000e+00,0.000000e+00,-1.447456e-06,2.675929e-05,-3.004396e-06,-9.079802e-08,1.490344e-08,1.490344e-08,2.701578e-09,-1.522063e-09,9.550887e-11,-6.713277e-12,1.337190e+00,8.044801e-01,7.792811e-01
1.026000e-10,0.000000e+00,0.000000e+00,0.000000e+00,-2.505807e-06,2.252076e-05,-1.340136e-06,-2.358455e-07,1.647251e-08,1.647251e-08,4.276250e-09,-1.583304e-09,7.933334e-11,-2.290359e-12,1.342539e+00,8.028651e-01,7.793404e-01
1.027000e-10,0.000000e+00,0.000000e+00,0.000000e+00,-3.416257e-06,1.587892e-05,2.138555e-07,-3.822146e-07,1.811681e-08,1.811681e-08,5.545325e-09,-1.580118e-09,5.807840e-11,2.134431e-12,1.345987e+00,8.013392e-01,7.793930e-01
1.028000e-10,0.000000e+00,0.000000e+00,0.000000e+00,-4.149428e-06,7.863169e-06,1.544723e-06,-5.203841e-07,1.951038e-08,1.951038e-08,6.479604e-09,-1.511656e-09,3.247205e-11,6.409596e-12,1.347259e+00,7.999889e-01,7.794334e-01
1.029000e-10,0.000000e+00,0.000000e+00,0.000000e+00,-4.666106e-06,-2.222857e-07,2.565181e-06,-6.410412e-07,2.027983e-08,2.027983e-08,7.069637e-09,-1.380357e-09,3.493836e-12,1.038461e-11,1.346309e+00,7.988883e-01,7.794563e-01
1.030000e-10,0.000000e+00,0.000000e+00,0.000000e+00,-4.917948e-06,-7.262228e-06,3.219827e-06,-7.357692e-07,2.004270e-08,2.004270e-08,7.324438e-09,-1.191819e-09,-2.765975e-11,1.391391e-11,1.343306e+00,7.980938e-01,7.794573e-01
1.031000e-10,0.000000e+00,0.000000e+00,0.000000e+00,-4.866081e-06,-1.260155e-05,3.488280e-06,-7.976847e-07,1.844865e-08,1.844865e-08,7.269079e-09,-9.544883e-10,-5.962379e-11,1.686135e-11,1.338611e+00,7.976395e-01,7.794331e-01
1.032000e-10,0.000000e+00,0.000000e+00,0.000000e+00,-4.502702e-06,-1.604978e-05,3.385195e-06,-8.219719e-07,1.521956e-08,1.521956e-08,6.941380e-09,-6.791948e-10,-9.092562e-11,1.910486e-11,1.332742e+00,7.975347e-01,7.793822e-01
1.033000e-10,0.000000e+00,0.000000e+00,0.000000e+00,-3.861819e-06,-1.769743e-05,2.957308e-06,-8.062673e-07,1.018529e-08,1.018529e-08,6.388009e-09,-3.785585e-10,-1.200546e-10,2.054128e-11,1.326322e+00,7.977642e-01,7.793046e-01
1.034000e-10,0.000000e+00,0.000000e+00,0.000000e+00,-3.013639e-06,-1.769682e-05,2.277789e-06,-7.508622e-07,3.311716e-09,3.311716e-09,5.660318e-09,-6.630137e-11,-1.455377e-10,2.109125e-11,1.320021e+00,7.982891e-01,7.792022e-01
1.035000e-10,0.000000e+00,0.000000e+00,0.000000e+00,-2.046744e-06,-1.613832e-05,1.438426e-06,-6.587036e-07,-5.281627e-09,-5.281627e-09,4.810248e-09,2.434876e-10,-1.660163e-10,2.070374e-11,1.314487e+00,7.990511e-01,7.790787e-01
1.036000e-10,0.000000e+00,0.000000e+00,0.000000e+00,-1.047841e-06,-1.306664e-05,5.403884e-07,-5.351914e-07,-1.531612e-08,-1.531612e-08,3.886616e-09,5.370940e-10,-1.803206e-10,1.936008e-11,1.310284e+00,7.999775e-01,7.789395e-01
1.037000e-10,0.000000e+00,0.000000e+00,0.000000e+00,-8.820942e-08,-8.592743e-06,-3.154620e-07,-3.877867e-07,-2.636192e-08,-2.636192e-08,2.932059e-09,8.018795e-10,-1.875367e-10,1.707716e-11,1.307841e+00,8.009874e-01,7.787911e-01
1.038000e-10,0.000000e+00,0.000000e+00,0.000000e+00,7.792060e-07,-3.010043e-06,-1.037718e-06,-2.254626e-07,-3.785882e-08,-3.785882e-08,1.980845e-09,1.026904e-09,-1.870622e-10,1.390947e-11,1.307425e+00,8.019985e-01,7.786411e-01
1.039000e-10,0.000000e+00,0.000000e+00,0.000000e+00,1.514297e-06,3.164405e-06,-1.552170e-06,-5.804230e-08,-4.914915e-08,-4.914915e-08,1.057668e-09,1.203434e-09,-1.786471e-10,9.949725e-12,1.309129e+00,8.029342e-01,7.784973e-01
1.040000e-10,0.000000e+00,0.000000e+00,0.000000e+00,2.081920e-06,9.251099e-06,-1.807525e-06,1.045236e-07,-5.952030e-08,-5.952030e-08,1.774810e-10,1.325310e-09,-1.624171e-10,5.327880e-12,1.312873e+00,8.037291e-01,7.783676e-01
1.041000e-10,0.000000e+00,0.000000e+00,0.000000e+00,2.447585e-06,1.454251e-05,-1.778805e-06,2.528800e-07,-6.825394e-08,-6.825394e-08,-6.536877e-10,1.389153e-09,-1.388776e-10,2.083510e-13,1.318420e+00,8.043344e-01,7.782591e-01
1.042000e-10,0.000000e+00,0.000000e+00,0.000000e+00,2.579569e-06,1.844987e-05,-1.468361e-06,3.789342e-07,-7.467834e-08,-7.467834e-08,-1.437061e-09,1.394414e-09,-1.088971e-10,-5.214643e-12,1.325395e+00,8.047211e-01,7.781778e-01
1.043000e-10,0.000000e+00,0.000000e+00,0.000000e+00,2.456310e-06,2.060540e-05,-9.046555e-07,4.764130e-07,-7.821963e-08,-7.821963e-08,-2.178782e-09,1.343261e-09,-7.367150e-11,-1.072351e-11,1.333319e+00,8.048815e-01,7.781281e-01
1.044000e-10,0.000000e+00,0.000000e+00,0.000000e+00,2.075271e-06,2.089297e-05,-1.390618e-07,5.412687e-07,-7.844814e-08,-7.844814e-08,-2.887182e-09,1.240315e-09,-3.467003e-11,-1.608539e-11,1.341636e+00,8.048293e-01,7.781127e-01
1.045000e-10,0.000000e+00,0.000000e+00,0.000000e+00,1.459041e-06,1.941528e-05,7.589953e-07,5.719023e-07,-7.511596e-08,-7.511596e-08,-3.569927e-09,1.092276e-09,6.433934e-12,-2.106162e-11,1.349754e+00,8.045968e-01,7.781319e-01
1.046000e-10,0.000000e+00,0.000000e+00,0.000000e+00,6.560520e-07,1.642857e-05,1.708178e-06,5.691919e-07,-6.818269e-08,-6.818269e-08,-4.231335e-09,9.074470e-10,4.784372e-11,-2.541816e-11,1.357093e+00,8.042320e-01,7.781843e-01
1.047000e-10,0.000000e+00,0.000000e+00,0.000000e+00,-2.642852e-07,1.227762e-05,2.622207e-06,5.363264e-07,-5.782695e-08,-5.782695e-08,-4.870141e-09,6.952063e-10,8.772741e-11,-2.893662e-11,1.363124e+00,8.037934e-01,7.782665e-01
1.048000e-10,0.000000e+00,0.000000e+00,0.000000e+00,-1.220294e-06,7.350875e-06,3.417147e-06,4.784634e-07,-4.444270e-08,-4.444270e-08,-5.477936e-09,4.654568e-10,1.243082e-10,-3.142516e-11,1.367417e+00,8.033442e-01,7.783731e-01
1.049000e-10,0.000000e+00,0.000000e+00,0.000000e+00,-2.128064e-06,2.056834e-06,4.018456e-06,4.022425e-07,-2.861993e-08,-2.861993e-08,-6.038452e-09,2.280913e-10,1.559525e-10,-3.272882e-11,1.369672e+00,8.029467e-01,7.784976e-01
1.050000e-10,0.000000e+00,0.000000e+00,0.000000e+00,-2.910645e-06,-3.189089e-06,4.367229e-06,3.151975e-07,-1.111126e-08,-1.111126e-08,-6.527794e-09,-7.494618e-12,1.812498e-10,-3.273867e-11,1.369750e+00,8.026565e-01,7.786328e-01
1.051000e-10,0.000000e+00,0.000000e+00,0.000000e+00,-3.505167e-06,-7.979565e-06,4.425128e-06,2.251165e-07,7.213668e-09,7.213668e-09,-6.915629e-09,-2.328146e-10,1.990821e-10,-3.139914e-11,1.367682e+00,8.025172e-01,7.787707e-01
1.052000e-10,0.000000e+00,0.000000e+00,0.000000e+00,-3.867545e-06,-1.193822e-05,4.177592e-06,1.394045e-07,2.542254e-08,2.542254e-08,-7.167253e-09,-4.406072e-10,2.086760e-10,-2.871311e-11,1.363664e+00,8.025573e-01,7.789039e-01
1.053000e-10,0.000000e+00,0.000000e+00,0.000000e+00,-3.974905e-06,-1.474821e-05,3.635080e-06,6.449975e-08,4.257981e-08,4.257981e-08,-7.246383e-09,-6.250442e-10,2.096384e-10,-2.474436e-11,1.358044e+00,8.027873e-01,7.790255e-01
1.054000e-10,0.000000e+00,0.000000e+00,0.000000e+00,-3.825992e-06,-1.617991e-05,2.832241e-06,5.390976e-09,5.780672e-08,5.780672e-08,-7.118457e-09,-7.818262e-10,2.019706e-10,-1.961707e-11,1.351291e+00,8.031987e-01,7.791298e-01
1.055000e-10,0.000000e+00,0.000000e+00,0.000000e+00,-3.439817e-06,-1.611187e-05,1.825107e-06,-3.472829e-08,7.033769e-08,7.033769e-08,-6.754159e-09,-9.081725e-10,1.860631e-10,-1.351234e-11,1.343954e+00,8.037654e-01,7.792126e-01
1.056000e-10,0.000000e+00,0.000000e+00,0.000000e+00,-2.852839e-06,-1.454274e-05,6.865528e-07,-5.464218e-08,7.956892e-08,7.956892e-08,-6.132868e-09,-1.002716e-09,1.626702e-10,-6.661657e-12,1.336621e+00,8.044460e-01,7.792713e-01
1.057000e-10,0.000000e+00,0.000000e+00,0.000000e+00,-2.115113e-06,-1.159460e-05,-4.995985e-07,-5.512147e-08,8.509570e-08,8.509570e-08,-5.245725e-09,-1.065322e-09,1.328667e-10,6.623140e-13,1.329868e+00,8.051870e-01,7.793053e-01
1.058000e-10,0.000000e+00,0.000000e+00,0.000000e+00,-1.285934e-06,-7.508362e-06,-1.645334e-06,-3.876276e-08,8.673573e-08,8.673573e-08,-4.098030e-09,-1.096857e-09,9.798918e-11,8.157348e-12,1.324214e+00,8.059282e-01,7.793155e-01
1.059000e-10,0.000000e+00,0.000000e+00,0.000000e+00,-4.294294e-07,-2.630032e-06,-2.665516e-06,-9.675535e-09,8.453694e-08,8.453694e-08,-2.710724e-09,-1.098929e-09,5.956667e-11,1.550509e-11,1.320083e+00,8.066076e-01,7.793047e-01
1.060000e-10,0.000000e+00,0.000000e+00,0.000000e+00,3.897141e-07,2.615001e-06,-3.484674e-06,2.695245e-08,7.876934e-08,7.876934e-08,-1.120788e-09,-1.073625e-09,1.924291e-11,2.238565e-11,1.317771e+00,8.071668e-01,7.792768e-01
1.061000e-10,0.000000e+00,0.000000e+00,0.000000e+00,1.110461e-06,7.761200e-06,-4.042983e-06,6.537169e-08,6.990170e-08,6.990170e-08,6.195430e-10,-1.023280e-09,-2.130358e-11,2.849269e-11,1.317426e+00,8.075561e-01,7.792365e-01
1.062000e-10,0.000000e+00,0.000000e+00,0.000000e+00,1.679776e-06,1.235282e-05,-4.300939e-06,9.982354e-08,5.856500e-08,5.856500e-08,2.444752e-09,-9.502820e-10,-6.043810e-11,3.354812e-11,1.319038e+00,8.077389e-01,7.791892e-01
1.063000e-10,0.000000e+00,0.000000e+00,0.000000e+00,2.057072e-06,1.599601e-05,-4.242360e-06,1.250809e-07,4.550549e-08,4.550549e-08,4.279105e-09,-8.569354e-10,-9.664257e-11,3.731569e-11,1.322445e+00,8.076949e-01,7.791401e-01
1.064000e-10,0.000000e+00,0.000000e+00,0.000000e+00,2.218266e-06,1.840065e-05,-3.875473e-06,1.369310e-07,3.153113e-08,3.153113e-08,6.040631e-09,-7.453950e-10,-1.285790e-10,3.961278e-11,1.327351e+00,8.074216e-01,7.790940e-01
1.065000e-10,0.000000e+00,0.000000e+00,0.000000e+00,2.158484e-06,1.940104e-05,-3.232008e-06,1.325599e-07,1.745538e-08,1.745538e-08,7.645776e-09,-6.176628e-10,-1.551406e-10,4.031966e-11,1.333345e+00,8.069351e-01,7.790551e-01
1.066000e-10,0.000000e+00,0.000000e+00,0.000000e+00,1.892351e-06,1.895164e-05,-2.364375e-06,1.108077e-07,4.042573e-09,4.042573e-09,9.014392e-09,-4.756477e-10,-1.754884e-10,3.938578e-11,1.339948e+00,8.062686e-01,7.790261e-01
1.067000e-10,0.000000e+00,0.000000e+00,0.000000e+00,1.451339e-06,1.710494e-05,-1.341194e-06,7.227483e-08,-8.041012e-09,-8.041012e-09,1.007474e-08,-3.212735e-10,-1.890727e-10,3.683272e-11,1.346645e+00,8.054698e-01,7.790088e-01
1.068000e-10,0.000000e+00,0.000000e+00,0.000000e+00,8.786026e-07,1.398607e-05,-2.415804e-07,1.927121e-08,-1.826701e-08,-1.826701e-08,1.076815e-08,-1.566182e-10,-1.956387e-10,3.275365e-11,1.352930e+00,8.045973e-01,7.790033e-01
1.069000e-10,0.000000e+00,0.000000e+00,0.000000e+00,2.227604e-07,9.779019e-06,8.512803e-07,-4.438363e-08,-2.627296e-08,-2.627296e-08,1.105298e-08,1.593486e-11,-1.952176e-10,2.730920e-11,1.358348e+00,8.037158e-01,7.790087e-01
1.070000e-10,0.000000e+00,0.000000e+00,0.000000e+00,-4.674792e-07,4.730095e-06,1.856678e-06,-1.136924e-07,-3.187674e-08,-3.187674e-08,1.090757e-08,1.935572e-10,-1.881046e-10,2.072017e-11,1.362522e+00,8.028910e-01,7.790225e-01
1.071000e-10,0.000000e+00,0.000000e+00,0.000000e+00,-1.146375e-06,-8.384275e-07,2.702477e-06,-1.829138e-07,-3.507679e-08,-3.507679e-08,1.033205e-08,3.728674e-10,-1.748260e-10,1.325728e-11,1.365180e+00,8.021842e-01,7.790419e-01
1.072000e-10,0.000000e+00,0.000000e+00,0.000000e+00,-1.771600e-06,-6.520899e-06,3.330281e-06,-2.460605e-07,-3.603859e-08,-3.603859e-08,9.348740e-09,5.498741e-10,-1.560993e-10,5.228563e-12,1.366169e+00,8.016480e-01,7.790629e-01
1.073000e-10,0.000000e+00,0.000000e+00,0.000000e+00,-2.303124e-06,-1.184338e-05,3.699319e-06,-2.974193e-07,-3.506901e-08,-3.506901e-08,8.001178e-09,7.199843e-10,-1.327869e-10,-3.034875e-12,1.365459e+00,8.013216e-01,7.790819e-01
1.074000e-10,0.000000e+00,0.000000e+00,0.000000e+00,-2.702386e-06,-1.630844e-05,3.788881e-06,-3.320496e-07,-3.258105e-08,-3.258105e-08,6.351774e-09,8.780852e-10,-1.058498e-10,-1.119410e-11,1.363144e+00,8.012285e-01,7.790950e-01
1.075000e-10,0.000000e+00,0.000000e+00,0.000000e+00,-2.933559e-06,-1.946375e-05,3.599240e-06,-3.462181e-07,-2.905196e-08,-2.905196e-08,4.478298e-09,1.018702e-09,-7.630123e-11,-1.891766e-11,1.359430e+00,8.013742e-01,7.790993e-01
1.076000e-10,0.000000e+00,0.000000e+00,0.000000e+00,-2.967703e-06,-2.097763e-05,3.151154e-06,-3.377342e-07,-2.497867e-08,-2.497867e-08,2.469386e-09,1.136225e-09,-4.516408e-11,-2.589636e-11,1.354627e+00,8.017461e-01,7.790926e-01
1.077000e-10,0.000000e+00,0.000000e+00,0.000000e+00,-2.789192e-06,-2.070007e-05,2.484037e-06,-3.061584e-07,-2.083396e-08,-2.083396e-08,4.193812e-10,1.225196e-09,-1.343443e-11,-3.185656e-11,1.349125e+00,8.023149e-01,7.790737e-01
1.078000e-10,0.000000e+00,0.000000e+00,0.000000e+00,-2.402477e-06,-1.869038e-05,1.652938e-06,-2.528672e-07,-1.702718e-08,-1.702718e-08,-1.577125e-09,1.280635e-09,1.794855e-11,-3.657154e-11,1.343371e+00,8.030368e-01,7.790427e-01
1.079000e-10,0.000000e+00,0.000000e+00,0.000000e+00,-1.836512e-06,-1.520147e-05,7.244806e-07,-1.809696e-07,-1.387252e-08,-1.387252e-08,-3.430709e-09,1.298378e-09,4.812491e-11,-3.987034e-11,1.337835e+00,8.038569e-01,7.790011e-01
1.080000e-10,0.000000e+00,0.000000e+00,0.000000e+00,-1.144476e-06,-1.062359e-05,-2.280789e-07,-9.508123e-08,-1.156715e-08,-1.156715e-08,-5.062112e-09,1.275420e-09,7.632881e-11,-4.164372e-11,1.332974e+00,8.047137e-01,7.789514e-01
1.081000e-10,0.000000e+00,0.000000e+00,0.000000e+00,-3.977049e-07,-5.404641e-06,-1.130413e-06,-9.777725e-10,-1.018094e-08,-1.018094e-08,-6.406484e-09,1.210200e-09,1.018964e-10,-4.184703e-11,1.329189e+00,8.055441e-01,7.788970e-01
1.082000e-10,0.000000e+00,0.000000e+00,0.000000e+00,3.252510e-07,2.622380e-08,-1.912954e-06,9.484731e-08,-9.658033e-09,-9.658033e-09,-7.416625e-09,1.102850e-09,1.242679e-10,-4.050001e-11,1.326786e+00,8.062876e-01,7.788419e-01
1.083000e-10,0.000000e+00,0.000000e+00,0.000000e+00,9.516282e-07,5.305984e-06,-2.516533e-06,1.856822e-07,-9.829993e-09,-9.829993e-09,-8.065001e-09,9.553351e-10,1.429855e-10,-3.768366e-11,1.325949e+00,8.068915e-01,7.787907e-01
1.084000e-10,0.000000e+00,0.000000e+00,0.000000e+00,1.425705e-06,1.014395e-05,-2.897267e-06,2.651144e-07,-1.043886e-08,-1.043886e-08,-8.344455e-09,7.715129e-10,1.576884e-10,-3.353441e-11,1.326721e+00,8.073147e-01,7.787476e-01
1.085000e-10,0.000000e+00,0.000000e+00,0.000000e+00,1.715128e-06,1.429584e-05,-3.030179e-06,3.275248e-07,-1.116796e-08,-1.116796e-08,-8.267590e-09,5.570673e-10,1.681065e-10,-2.823616e-11,1.329000e+00,8.075302e-01,7.787167e-01
1.086000e-10,0.000000e+00,0.000000e+00,0.000000e+00,1.811097e-06,1.753172e-05,-2.911120e-06,3.685194e-07,-1.167759e-08,-1.167759e-08,-7.864908e-09,3.193340e-10,1.740554e-10,-2.201054e-11,1.332560e+00,8.075275e-01,7.787009e-01
1.087000e-10,0.000000e+00,0.000000e+00,0.000000e+00,1.723675e-06,1.962613e-05,-2.556762e-06,3.852644e-07,-1.164219e-08,-1.164219e-08,-7.181894e-09,6.701469e-11,1.754323e-10,-1.510607e-11,1.337068e+00,8.073131e-01,7.787024e-01
1.088000e-10,0.000000e+00,0.000000e+00,0.000000e+00,1.475196e-06,2.038439e-05,-2.002697e-06,3.766996e-07,-1.078584e-08,-1.078584e-08,-6.275262e-09,-1.902035e-10,1.722140e-10,-7.786847e-12,1.342130e+00,8.069094e-01,7.787219e-01
1.089000e-10,0.000000e+00,0.000000e+00,0.000000e+00,1.094863e-06,1.969625e-05,-1.299886e-06,3.436133e-07,-8.912879e-09,-8.912879e-09,-5.208692e-09,-4.421051e-10,1.644588e-10,-3.212617e-13,1.347317e+00,8.063527e-01,7.787589e-01
1.090000e-10,0.000000e+00,0.000000e+00,0.000000e+00,6.162541e-07,1.758967e-05,-5.098912e-07,2.885742e-07,-5.930880e-09,-5.930880e-09,-4.048354e-09,-6.784512e-10,1.523096e-10,7.028662e-12,1.352213e+00,8.056906e-01,7.788115e-01
1.091000e-10,0.000000e+00,0.000000e+00,0.000000e+00,7.730856e-08,1.425451e-05,3.005985e-07,2.157273e-07,-1.864132e-09,-1.864132e-09,-2.858570e-09,-8.895032e-10,1.359999e-10,1.401685e-11,1.356439e+00,8.049773e-01,7.788766e-01
1.092000e-10,0.000000e+00,0.000000e+00,0.000000e+00,-4.792387e-07,1.001964e-05,1.065426e-06,1.304692e-07,3.143640e-09,3.143640e-09,-1.697899e-09,-1.066532e-09,1.158595e-10,2.042131e-11,1.359684e+00,8.042699e-01,7.789500e-01
1.093000e-10,0.000000e+00,0.000000e+00,0.000000e+00,-1.007223e-06,5.290034e-06,1.724341e-06,3.903170e-08,8.837529e-09,8.837529e-09,-6.159303e-10,-1.202279e-09,9.232031e-11,2.605062e-11,1.361727e+00,8.036237e-01,7.790270e-01
1.094000e-10,0.000000e+00,0.000000e+00,0.000000e+00,-1.461304e-06,4.696191e-07,2.227690e-06,-5.199601e-08,1.486997e-08,1.486997e-08,3.490392e-10,-1.291346e-09,6.591976e-11,3.074856e-11,1.362453e+00,8.030875e-01,7.791023e-01
1.095000e-10,0.000000e+00,0.000000e+00,0.000000e+00,-1.803285e-06,-4.098918e-06,2.540083e-06,-1.361655e-07,2.082799e-08,2.082799e-08,1.171305e-09,-1.330477e-09,3.730043e-11,3.439692e-11,1.361855e+00,8.027006e-01,7.791709e-01
1.096000e-10,0.000000e+00,0.000000e+00,0.000000e+00,-2.008251e-06,-8.157413e-06,2.642790e-06,-2.076512e-07,2.626682e-08,2.626682e-08,1.838003e-09,-1.318724e-09,7.204717e-12,3.691665e-11,1.360036e+00,8.024893e-01,7.792281e-01
1.097000e-10,0.000000e+00,0.000000e+00,0.000000e+00,-2.067987e-06,-1.151920e-05,2.534685e-06,-2.616769e-07,3.074720e-08,3.074720e-08,2.348352e-09,-1.257485e-09,-2.353660e-11,3.826732e-11,1.357194e+00,8.024655e-01,7.792701e-01
1.098000e-10,0.000000e+00,0.000000e+00,0.000000e+00,-1.990328e-06,-1.403856e-05,2.231699e-06,-2.948562e-07,3.387294e-08,3.387294e-08,2.712007e-09,-1.150410e-09,-5.402241e-11,3.844536e-11,1.353603e+00,8.026261e-01,7.792940e-01
1.099000e-10,0.000000e+00,0.000000e+00,0.000000e+00,-1.794845e-06,-1.558767e-05,1.764853e-06,-3.054202e-07,3.532594e-08,3.532594e-08,2.946727e-09,-1.003171e-09,-8.330606e-11,3.748129e-11,1.349582e+00,8.029535e-01,7.792985e-01
1.100000e-10,1.292470e-18,0.000000e+00,1.292470e-18,-1.506849e-06,-1.605828e-05,1.177098e-06,-2.933162e-07,3.489542e-08,3.489542e-08,3.075577e-09,-8.231413e-10,-1.104263e-10,3.543615e-11,1.345468e+00,8.034177e-01,7.792833e-01
1.101000e-10,1.000000e-05,0.000000e+00,1.000000e-05,3.833626e-06,1.031120e-04,5.397292e-07,-2.601606e-07,3.249905e-08,3.249905e-08,3.123943e-09,-6.189670e-10,-1.344432e-10,3.239756e-11,1.342551e+00,8.039786e-01,7.792499e-01
1.102000e-10,2.000000e-05,0.000000e+00,2.000000e-05,7.144004e-06,3.204783e-05,-4.794224e-08,-2.090571e-07,2.819411e-08,2.819411e-08,3.116625e-09,-4.000897e-10,-1.544778e-10,2.847550e-11,1.342161e+00,8.045901e-01,7.792008e-01
1.103000e-10,3.000000e-05,0.000000e+00,3.000000e-05,8.690117e-06,2.287586e-05,-4.770367e-07,-1.442972e-07,2.217771e-08,2.217771e-08,3.075254e-09,-1.762338e-10,-1.697522e-10,2.379827e-11,1.345068e+00,8.052042e-01,7.791397e-01
1.104000e-10,4.000000e-05,0.000000e+00,4.000000e-05,9.385062e-06,3.228347e-05,-6.519341e-07,-7.096483e-08,1.477600e-08,1.477600e-08,3.016257e-09,4.310287e-11,-1.796300e-10,1.850846e-11,1.351417e+00,8.057760e-01,7.790712e-01
1.105000e-10,5.000000e-05,0.000000e+00,5.000000e-05,1.023371e-05,5.645665e-05,-5.055045e-07,5.522932e-09,6.423154e-09,6.423154e-09,2.949519e-09,2.491249e-10,-1.836516e-10,1.275930e-11,1.360987e+00,8.062677e-01,7.790002e-01
1.106000e-10,6.000000e-05,0.000000e+00,6.000000e-05,1.184826e-05,8.626945e-05,-2.706361e-09,7.990184e-08,-2.368289e-09,-2.368289e-09,2.877843e-09,4.341543e-10,-1.815641e-10,6.711243e-12,1.373510e+00,8.066536e-01,7.789318e-01
1.107000e-10,7.000000e-05,0.000000e+00,7.000000e-05,1.426251e-05,1.125210e-04,8.644144e-07,1.475315e-07,-1.104322e-08,-1.104322e-08,2.797222e-09,5.919601e-10,-1.733435e-10,5.287948e-13,1.388851e+00,8.069223e-01,7.788709e-01
1.108000e-10,8.000000e-05,0.000000e+00,8.000000e-05,1.706755e-05,1.300210e-04,2.084302e-06,2.048127e-07,-1.904322e-08,-1.904322e-08,2.697873e-09,7.179870e-10,-1.592052e-10,-5.622443e-12,1.407006e+00,8.070793e-01,7.788217e-01
1.109000e-10,9.000000e-05,0.000000e+00,9.000000e-05,1.972885e-05,1.388540e-04,3.631165e-06,2.495161e-07,-2.584607e-08,-2.584607e-08,2.565909e-09,8.094731e-10,-1.396045e-10,-1.157865e-11,1.427977e+00,8.071469e-01,7.787875e-01
1.110000e-10,1.000000e-04,0.000000e+00,1.000000e-04,2.189316e-05,1.429742e-04,5.466453e-06,2.809950e-07,-3.100237e-08,-3.100237e-08,2.385487e-09,8.654555e-10,-1.152243e-10,-1.718068e-11,1.451625e+00,8.071636e-01,7.787706e-01
1.111000e-10,1.000000e-04,0.000000e+00,1.000000e-04,1.856188e-05,2.902000e-05,7.517858e-06,3.002514e-07,-3.416640e-08,-3.416640e-08,2.141197e-09,8.866704e-10,-8.695124e-11,-2.227708e-11,1.476661e+00,8.071818e-01,7.787719e-01
1.112000e-10,1.000000e-04,0.000000e+00,1.000000e-04,1.708634e-05,1.104379e-04,9.675554e-06,3.098574e-07,-3.511877e-08,-3.511877e-08,1.820483e-09,8.753603e-10,-5.584017e-11,-2.672719e-11,1.501576e+00,8.072640e-01,7.787914e-01
1.113000e-10,1.000000e-04,0.000000e+00,1.000000e-04,1.761599e-05,1.360259e-04,1.181002e-05,3.137370e-07,-3.377911e-08,-3.377911e-08,1.415843e-09,8.350080e-10,-2.307017e-11,-3.040455e-11,1.525369e+00,8.074785e-01,7.788277e-01
1.114000e-10,1.000000e-04,0.000000e+00,1.000000e-04,1.960846e-05,1.476434e-04,1.379872e-05,3.168244e-07,-3.020780e-08,-3.020780e-08,9.266122e-10,7.700196e-10,1.010735e-11,-3.320032e-11,1.547761e+00,8.078940e-01,7.788787e-01
1.115000e-10,1.000000e-04,0.000000e+00,1.000000e-04,2.225402e-05,1.465650e-04,1.554831e-05,3.246255e-07,-2.459688e-08,-2.459688e-08,3.601370e-10,6.853830e-10,4.242468e-11,-3.502684e-11,1.569043e+00,8.085739e-01,7.789416e-01
1.116000e-10,1.000000e-04,0.000000e+00,1.000000e-04,2.493144e-05,1.397433e-04,1.700598e-05,3.427233e-07,-1.725068e-08,-1.725068e-08,-2.677587e-10,5.863262e-10,7.265536e-11,-3.582109e-11,1.589799e+00,8.095713e-01,7.790132e-01
1.117000e-10,1.000000e-04,0.000000e+00,1.000000e-04,2.745514e-05,1.355022e-04,1.816016e-05,3.762693e-07,-8.558142e-09,-8.558142e-09,-9.330886e-10,4.780001e-10,9.966992e-11,-3.554784e-11,1.610677e+00,8.109243e-01,7.790904e-01
1.118000e-10,1.000000e-04,0.000000e+00,1.000000e-04,3.004394e-05,1.396107e-04,1.903532e-05,4.295111e-07,1.041008e-09,1.041008e-09,-1.604781e-09,3.652065e-10,1.224868e-10,-3.420234e-11,1.632315e+00,8.126530e-01,7.791705e-01
1.119000e-10,1.000000e-04,0.000000e+00,1.000000e-04,3.310014e-05,1.535746e-04,1.968544e-05,5.053976e-07,1.109331e-08,1.109331e-08,-2.246441e-09,2.521859e-10,1.403154e-10,-3.181228e-11,1.655382e+00,8.147590e-01,7.792513e-01
1.120000e-10,1.000000e-04,0.000000e+00,1.000000e-04,3.695680e-05,1.753645e-04,2.018908e-05,6.053029e-07,2.116880e-08,2.116880e-08,-2.818664e-09,1.424764e-10,1.525898e-10,-2.843880e-11,1.680663e+00,8.172248e-01,7.793318e-01
1.121000e-10,1.000000e-04,0.000000e+00,1.000000e-04,4.172184e-05,2.015074e-04,2.064596e-05,7.288946e-07,3.089536e-08,3.089536e-08,-3.281700e-09,3.884626e-11,1.589899e-10,-2.417629e-11,1.709112e+00,8.200172e-01,7.794117e-01
1.122000e-10,1.000000e-04,0.000000e+00,1.000000e-04,4.725966e-05,2.290259e-04,2.117349e-05,8.741637e-07,3.998728e-08,3.998728e-08,-3.598277e-09,-5.670159e-11,1.594500e-10,-1.915096e-11,1.741831e+00,8.230911e-01,7.794921e-01
1.123000e-10,1.000000e-04,0.000000e+00,1.000000e-04,5.326334e-05,2.561217e-04,2.190144e-05,1.037616e-06,4.826598e-08,4.826598e-08,-3.736322e-09,-1.428620e-10,1.541552e-10,-1.351795e-11,1.779979e+00,8.263941e-01,7.795751e-01
1.124000e-10,1.000000e-04,0.000000e+00,1.000000e-04,5.932894e-05,2.813843e-04,2.296369e-05,1.214613e-06,5.567101e-08,5.567101e-08,-3.671371e-09,-2.189095e-10,1.435244e-10,-7.457062e-12,1.824629e+00,8.298736e-01,7.796639e-01
1.125000e-10,1.000000e-04,0.000000e+00,1.000000e-04,6.496599e-05,3.022695e-04,2.448702e-05,1.399831e-06,6.226084e-08,6.226084e-08,-3.388467e-09,-2.845460e-10,1.281825e-10,-1.167111e-12,1.876621e+00,8.334821e-01,7.797624e-01
1.126000e-10,1.000000e-04,0.000000e+00,1.000000e-04,6.955669e-05,3.143511e-04,2.657731e-05,1.587803e-06,6.820345e-08,6.820345e-08,-2.883375e-09,-3.397334e-10,1.089235e-10,5.140843e-12,1.936387e+00,8.371845e-01,7.798747e-01
1.127000e-10,1.000000e-04,0.000000e+00,1.000000e-04,7.237089e-05,3.129123e-04,2.930374e-05,1.773490e-06,7.375780e-08,7.375780e-08,-2.163022e-09,-3.845281e-10,8.666648e-11,1.125122e-11,2.003775e+00,8.409627e-01,7.800055e-01
1.128000e-10,1.000000e-04,0.000000e+00,1.000000e-04,7.276491e-05,2.968721e-04,3.268243e-05,1.952828e-06,7.924798e-08,7.924798e-08,-1.245114e-09,-4.189354e-10,6.240778e-11,1.695220e-11,2.077896e+00,8.448205e-01,7.801589e-01
1.129000e-10,1.000000e-04,0.000000e+00,1.000000e-04,7.055138e-05,2.719861e-04,3.666306e-05,2.123194e-06,8.503258e-08,8.503258e-08,-1.569511e-10,-4.427987e-10,3.717164e-11,2.204427e-11,2.157097e+00,8.487853e-01,7.803388e-01
1.130000e-10,1.000000e-04,0.000000e+00,1.000000e-04,6.630374e-05,2.492799e-04,4.112348e-05,2.283740e-06,9.147201e-08,9.147201e-08,1.066452e-09,-4.557316e-10,1.196260e-11,2.634851e-11,2.239134e+00,8.529087e-01,7.805481e-01
1.131000e-10,1.000000e-04,0.000000e+00,1.000000e-04,6.130851e-05,2.387753e-04,4.587803e-05,2.435557e-06,9.889692e-08,9.889692e-08,2.384820e-09,-4.571006e-10,-1.227804e-11,2.971427e-11,2.321585e+00,8.572641e-01,7.807891e-01
1.132000e-10,1.000000e-04,0.000000e+00,1.000000e-04,5.711303e-05,2.434975e-04,5.070165e-05,2.581645e-06,1.075804e-07,1.075804e-07,3.755427e-09,-4.460581e-10,-3.470938e-11,3.202576e-11,2.402402e+00,8.619415e-01,7.810626e-01
1.133000e-10,1.000000e-04,0.000000e+00,1.000000e-04,5.491806e-05,2.584689e-04,5.536655e-05,2.726681e-06,1.177169e-07,1.177169e-07,5.136070e-09,-4.216202e-10,-5.462007e-11,3.320731e-11,2.480405e+00,8.670409e-01,7.813689e-01
1.134000e-10,1.000000e-04,0.000000e+00,1.000000e-04,5.516233e-05,2.748418e-04,5.968299e-05,2.876619e-06,1.294087e-07,1.294087e-07,6.487955e-09,-3.827819e-10,-7.144840e-11,3.322681e-11,2.555549e+00,8.726636e-01,7.817071e-01
1.135000e-10,1.000000e-04,0.000000e+00,1.000000e-04,5.749176e-05,2.855892e-04,6.353385e-05,3.038134e-06,1.426628e-07,1.426628e-07,7.778286e-09,-3.286555e-10,-8.479284e-11,3.209725e-11,2.628891e+00,8.789034e-01,7.820757e-01
1.136000e-10,1.000000e-04,0.000000e+00,1.000000e-04,6.105922e-05,2.889820e-04,6.689458e-05,3.217998e-06,1.573964e-07,1.573964e-07,8.982375e-09,-2.586190e-10,-9.441341e-11,2.987628e-11,2.702294e+00,8.858382e-01,7.824730e-01
1.137000e-10,1.000000e-04,0.000000e+00,1.000000e-04,6.494748e-05,2.885678e-04,6.983544e-05,3.422431e-06,1.734516e-07,1.734516e-07,1.008510e-08,-1.724566e-10,-1.002244e-10,2.666360e-11,2.778023e+00,8.935240e-01,7.828970e-01
1.138000e-10,1.000000e-04,0.000000e+00,1.000000e-04,6.851495e-05,2.909092e-04,7.250841e-05,3.656515e-06,1.906175e-07,1.906175e-07,1.108162e-08,-7.047872e-11,-1.022799e-10,2.259655e-11,2.858363e+00,9.019906e-01,7.833462e-01
1.139000e-10,1.000000e-04,0.000000e+00,1.000000e-04,7.155509e-05,3.027594e-04,7.512496e-05,3.923732e-06,2.086570e-07,2.086570e-07,1.197736e-08,4.639547e-11,-1.007540e-10,1.784396e-11,2.945394e+00,9.112419e-01,7.838195e-01
1.140000e-10,1.000000e-04,0.000000e+00,1.000000e-04,7.424591e-05,3.285223e-04,7.793227e-05,4.225687e-06,2.273359e-07,2.273359e-07,1.278719e-08,1.766000e-10,-9.591704e-11,1.259853e-11,3.040930e+00,9.212586e-01,7.843170e-01
1.141000e-10,1.000000e-04,0.000000e+00,1.000000e-04,7.694639e-05,3.688409e-04,8.119357e-05,4.562053e-06,2.464523e-07,2.464523e-07,1.353401e-08,3.179372e-10,-8.811004e-11,7.068374e-12,3.146592e+00,9.320048e-01,7.848395e-01
1.142000e-10,1.000000e-04,0.000000e+00,1.000000e-04,7.995888e-05,4.209755e-04,8.517534e-05,4.930761e-06,2.658609e-07,2.658609e-07,1.424680e-08,4.676466e-10,-7.771966e-11,1.467879e-12,3.263911e+00,9.434362e-01,7.853894e-01
1.143000e-10,1.000000e-04,0.000000e+00,1.000000e-04,8.336890e-05,4.804194e-04,9.014036e-05,5.328419e-06,2.854937e-07,2.854937e-07,1.495827e-08,6.225256e-10,-6.515465e-11,-3.991445e-12,3.394392e+00,9.555113e-01,7.859698e-01
1.144000e-10,1.000000e-04,0.000000e+00,1.000000e-04,8.699910e-05,5.423204e-04,9.634392e-05,5.750935e-06,3.053713e-07,3.053713e-07,1.570252e-08,7.790934e-10,-5.082547e-11,-9.109744e-12,3.539454e+00,9.682020e-01,7.865852e-01
1.145000e-10,1.000000e-04,0.000000e+00,1.000000e-04,9.044889e-05,6.019747e-04,1.040291e-04,6.194306e-06,3.256066e-07,3.256066e-07,1.651256e-08,9.337880e-10,-3.512807e-11,-1.370678e-11,3.700242e+00,9.815051e-01,7.872407e-01
1.146000e-10,1.000000e-04,0.000000e+00,1.000000e-04,9.321919e-05,6.556949e-04,1.134179e-04,6.655477e-06,3.464002e-07,3.464002e-07,1.741828e-08,1.083181e-09,-1.843221e-11,-1.762868e-11,3.877320e+00,9.954530e-01,7.879422e-01
1.147000e-10,1.000000e-04,0.000000e+00,1.000000e-04,9.499513e-05,7.037700e-04,1.246978e-04,7.133235e-06,3.680274e-07,3.680274e-07,1.844468e-08,1.224195e-09,-1.074384e-12,-2.075323e-11,4.070312e+00,1.010122e+00,7.886956e-01
1.148000e-10,1.000000e-04,0.000000e+00,1.000000e-04,9.610870e-05,7.541992e-04,1.380055e-04,7.629027e-06,3.908203e-07,3.908203e-07,1.961077e-08,1.354307e-09,1.664485e-11,-2.299338e-11,4.277665e+00,1.025638e+00,7.895070e-01
1.149000e-10,1.000000e-04,0.000000e+00,1.000000e-04,9.675634e-05,7.935719e-04,1.534124e-04,8.147650e-06,4.151459e-07,4.151459e-07,2.092893e-08,1.471722e-09,3.446008e-11,-2.429905e-11,4.496473e+00,1.042185e+00,7.903823e-01
1.150000e-10,1.000000e-04,0.000000e+00,1.000000e-04,9.839361e-05,8.474455e-04,1.709177e-04,8.697743e-06,4.413844e-07,4.413844e-07,2.240507e-08,1.575504e-09,5.213753e-11,-2.465706e-11,4.722660e+00,1.060000e+00,7.913269e-01
1.151000e-10,1.000000e-04,0.000000e+00,1.000000e-04,1.036189e-04,9.325282e-04,1.904626e-04,9.292051e-06,4.699097e-07,4.699097e-07,2.403921e-08,1.665654e-09,6.947001e-11,-2.408935e-11,4.951687e+00,1.079377e+00,7.923457e-01
1.152000e-10,1.000000e-04,0.000000e+00,1.000000e-04,1.121273e-04,9.768722e-04,2.119601e-04,9.947432e-06,5.010761e-07,5.010761e-07,2.582670e-08,1.743126e-09,8.627153e-11,-2.264976e-11,5.179047e+00,1.100663e+00,7.934435e-01
1.153000e-10,1.000000e-04,0.000000e+00,1.000000e-04,1.230000e-04,9.906339e-04,2.353298e-04,1.068463e-05,5.352131e-07,5.352131e-07,2.775976e-08,1.809794e-09,1.023725e-10,-2.041948e-11,5.400530e+00,1.124247e+00,7.946251e-01
1.154000e-10,1.000000e-04,0.000000e+00,1.000000e-04,1.323140e-04,9.093557e-04,2.605190e-04,1.152783e-05,5.726300e-07,5.726300e-07,2.982928e-08,1.868342e-09,1.176166e-10,-1.750166e-11,5.611838e+00,1.150561e+00,7.958952e-01
1.155000e-10,1.000000e-04,0.000000e+00,1.000000e-04,1.374853e-04,7.816703e-04,2.875024e-04,1.250406e-05,6.136317e-07,6.136317e-07,3.202674e-08,1.922129e-09,1.318595e-10,-1.401541e-11,5.808189e+00,1.180068e+00,7.972600e-01
1.156000e-10,1.000000e-04,0.000000e+00,1.000000e-04,1.381336e-04,6.439800e-04,3.162696e-04,1.364252e-05,6.585446e-07,6.585446e-07,3.434602e-08,1.974993e-09,1.449710e-10,-1.008956e-11,5.984451e+00,1.213258e+00,7.987268e-01
1.157000e-10,1.000000e-04,0.000000e+00,1.000000e-04,1.362006e-04,5.334734e-04,3.468136e-04,1.497387e-05,7.077530e-07,7.077530e-07,3.678513e-08,2.031046e-09,1.568381e-10,-5.856581e-12,6.135987e+00,1.250647e+00,8.003052e-01
1.158000e-10,1.000000e-04,0.000000e+00,1.000000e-04,1.349097e-04,4.695059e-04,3.791327e-04,1.652966e-05,7.617414e-07,7.617414e-07,3.934756e-08,2.094454e-09,1.673721e-10,-1.446975e-12,6.259983e+00,1.292779e+00,8.020078e-01
1.159000e-10,1.000000e-04,0.000000e+00,1.000000e-04,1.372837e-04,4.513936e-04,4.132374e-04,1.834195e-05,8.211426e-07,8.211426e-07,4.204345e-08,2.169226e-09,1.765161e-10,3.015734e-12,6.356686e+00,1.340223e+00,8.038509e-01
1.160000e-10,1.000000e-04,0.000000e+00,1.000000e-04,1.443817e-04,4.513878e-04,4.491440e-04,2.044318e-05,8.867864e-07,8.867864e-07,4.489031e-08,2.259022e-09,1.842536e-10,7.419072e-12,6.429953e+00,1.393593e+00,8.058549e-01
1.161000e-10,1.000000e-04,0.000000e+00,1.000000e-04,1.546111e-04,4.356524e-04,4.868220e-04,2.286641e-05,9.597457e-07,9.597457e-07,4.791359e-08,2.367005e-09,1.906170e-10,1.166472e-11,6.486697e+00,1.453550e+00,8.080454e-01
1.162000e-10,1.000000e-04,0.000000e+00,1.000000e-04,1.645544e-04,3.863197e-04,5.260707e-04,2.564590e-05,1.041378e-06,1.041378e-06,5.114695e-08,2.495730e-09,1.956949e-10,1.567059e-11,6.535371e+00,1.520830e+00,8.104531e-01
1.163000e-10,1.000000e-04,0.000000e+00,1.000000e-04,1.710820e-04,3.189218e-04,5.663282e-04,2.881807e-05,1.133361e-06,1.133361e-06,5.463247e-08,2.647097e-09,1.996375e-10,1.937190e-11,6.584131e+00,1.596262e+00,8.131146e-01
1.164000e-10,1.000000e-04,0.000000e+00,1.000000e-04,1.728621e-04,2.622784e-04,6.064553e-04,3.242272e-05,1.237710e-06,1.237710e-06,5.842096e-08,2.822353e-09,2.026588e-10,2.272134e-11,6.639423e+00,1.680795e+00,8.160725e-01
1.165000e-10,1.000000e-04,0.000000e+00,1.000000e-04,1.711004e-04,2.506366e-04,6.445817e-04,3.650450e-05,1.356801e-06,1.356801e-06,6.257230e-08,3.022157e-09,2.050355e-10,2.568846e-11,6.705505e+00,1.775520e+00,8.193756e-01
1.166000e-10,1.000000e-04,0.000000e+00,1.000000e-04,1.685240e-04,2.936314e-04,6.781354e-04,4.111459e-05,1.493370e-06,1.493370e-06,6.715618e-08,3.246696e-09,2.071020e-10,2.825846e-11,6.784856e+00,1.881696e+00,8.230791e-01
1.167000e-10,1.000000e-04,0.000000e+00,1.000000e-04,1.680432e-04,3.834047e-04,7.041603e-04,4.631246e-05,1.650512e-06,1.650512e-06,7.225311e-08,3.495847e-09,2.092422e-10,3.043057e-11,6.879074e+00,2.000761e+00,8.272450e-01
1.168000e-10,1.000000e-04,0.000000e+00,1.000000e-04,1.712712e-04,4.921565e-04,7.199446e-04,5.216810e-05,1.831680e-06,1.831680e-06,7.795590e-08,3.769376e-09,2.118774e-10,3.221621e-11,6.989650e+00,2.134347e+00,8.319421e-01
1.169000e-10,1.000000e-04,0.000000e+00,1.000000e-04,1.781258e-04,5.946227e-04,7.238269e-04,5.876441e-05,2.040676e-06,2.040676e-06,8.437161e-08,4.067168e-09,2.154516e-10,3.363702e-11,7.118272e+00,2.284278e+00,8.372468e-01
1.170000e-10,1.000000e-04,0.000000e+00,1.000000e-04,1.871764e-04,6.742716e-04,7.159040e-04,6.620022e-05,2.281660e-06,2.281660e-06,9.162380e-08,4.389465e-09,2.204155e-10,3.472314e-11,7.266589e+00,2.452580e+00,8.432436e-01
1.171000e-10,1.000000e-04,0.000000e+00,1.000000e-04,1.965146e-04,7.285597e-04,6.983357e-04,7.459332e-05,2.559163e-06,2.559163e-06,9.985535e-08,4.737118e-09,2.272100e-10,3.551153e-11,7.435699e+00,2.641462e+00,8.500262e-01
1.172000e-10,1.000000e-04,0.000000e+00,1.000000e-04,2.047531e-04,7.689303e-04,6.750865e-04,8.408302e-05,2.878124e-06,2.878124e-06,1.092313e-07,5.111832e-09,2.362493e-10,3.604463e-11,7.625743e+00,2.853290e+00,8.576989e-01
1.173000e-10,1.000000e-04,0.000000e+00,1.000000e-04,2.112936e-04,8.052544e-04,6.511617e-04,9.483063e-05,3.243951e-06,3.243951e-06,1.199423e-07,5.516393e-09,2.479074e-10,3.636938e-11,7.835855e+00,3.090481e+00,8.663787e-01
1.174000e-10,1.000000e-04,0.000000e+00,1.000000e-04,2.162089e-04,8.442305e-04,6.315473e-04,1.070152e-04,3.662609e-06,3.662609e-06,1.322076e-07,5.954897e-09,2.625072e-10,3.653638e-11,8.064488e+00,3.355265e+00,8.761972e-01
1.175000e-10,1.000000e-04,0.000000e+00,1.000000e-04,2.198290e-04,8.862983e-04,6.200840e-04,1.208213e-04,4.140727e-06,4.140727e-06,1.462786e-07,6.432942e-09,2.803134e-10,3.659944e-11,8.309967e+00,3.649229e+00,8.873039e-01
1.176000e-10,1.000000e-04,0.000000e+00,1.000000e-04,2.224463e-04,9.302611e-04,6.184671e-04,1.364161e-04,4.685731e-06,4.685731e-06,1.624421e-07,6.957817e-09,3.015315e-10,3.661517e-11,8.571040e+00,3.972546e+00,8.998693e-01
1.177000e-10,1.000000e-04,0.000000e+00,1.000000e-04,2.242432e-04,9.765761e-04,6.255757e-04,1.539168e-04,5.305968e-06,5.305968e-06,1.810236e-07,7.538670e-09,3.263115e-10,3.664278e-11,8.847267e+00,4.322928e+00,9.140878e-01
1.178000e-10,1.000000e-04,0.000000e+00,1.000000e-04,2.252186e-04,1.024469e-03,6.374299e-04,1.733561e-04,6.010815e-06,6.010815e-06,2.023909e-07,8.186663e-09,3.547584e-10,3.674370e-11,9.139127e+00,4.694522e+00,9.301805e-01
1.179000e-10,1.000000e-04,0.000000e+00,1.000000e-04,2.243994e-04,1.053581e-03,6.480801e-04,1.946642e-04,6.810740e-06,6.810740e-06,2.269570e-07,8.915128e-09,3.869477e-10,3.698132e-11,9.447614e+00,5.077254e+00,9.483975e-01
1.180000e-10,1.000000e-04,0.000000e+00,1.000000e-04,2.215277e-04,1.084440e-03,6.513930e-04,2.176800e-04,7.717318e-06,7.717318e-06,2.551845e-07,9.739722e-09,4.229471e-10,3.742043e-11,9.773536e+00,5.457195e+00,9.690175e-01
1.181000e-10,1.000000e-04,0.000000e+00,1.000000e-04,2.166100e-04,1.111324e-03,6.430533e-04,2.421965e-04,8.743167e-06,8.743167e-06,2.875884e-07,1.067859e-08,4.628423e-10,3.812655e-11,1.011657e+01,5.818203e+00,9.923465e-01
1.182000e-10,1.000000e-04,0.000000e+00,1.000000e-04,2.129148e-04,1.199573e-03,6.217824e-04,2.680241e-04,9.901842e-06,9.901842e-06,3.247411e-07,1.175253e-08,5.067675e-10,3.916514e-11,1.047476e+01,6.144462e+00,1.018715e+00
1.183000e-10,1.000000e-04,0.000000e+00,1.000000e-04,2.121113e-04,1.282355e-03,5.892607e-04,2.950541e-04,1.120769e-05,1.120769e-05,3.672758e-07,1.298523e-08,5.549375e-10,4.060059e-11,1.084411e+01,6.423025e+00,1.048475e+00
1.184000e-10,1.000000e-04,0.000000e+00,1.000000e-04,2.146358e-04,1.336954e-03,5.491025e-04,3.233102e-04,1.267571e-05,1.267571e-05,4.158919e-07,1.440342e-08,6.076827e-10,4.249524e-11,1.121826e+01,6.645579e+00,1.081996e+00
1.185000e-10,1.000000e-04,0.000000e+00,1.000000e-04,2.207328e-04,1.362990e-03,5.056485e-04,3.529809e-04,1.432153e-05,1.432153e-05,4.713585e-07,1.603719e-08,6.654841e-10,4.490842e-11,1.158861e+01,6.809104e+00,1.119665e+00
1.186000e-10,1.000000e-04,0.000000e+00,1.000000e-04,2.282174e-04,1.303683e-03,4.631055e-04,3.844195e-04,1.616144e-05,1.616144e-05,5.345198e-07,1.792023e-08,7.290076e-10,4.789563e-11,1.194489e+01,6.915567e+00,1.161889e+00
1.187000e-10,1.000000e-04,0.000000e+00,1.000000e-04,2.354972e-04,1.191093e-03,4.251356e-04,4.180988e-04,1.821279e-05,1.821279e-05,6.062992e-07,2.009012e-08,7.991375e-10,5.150809e-11,1.227635e+01,6.971034e+00,1.209105e+00
1.188000e-10,1.000000e-04,0.000000e+00,1.000000e-04,2.405910e-04,1.016322e-03,3.947311e-04,4.545034e-04,2.049448e-05,2.049448e-05,6.877037e-07,2.258871e-08,8.770073e-10,5.579272e-11,1.257308e+01,6.984559e+00,1.261796e+00
1.189000e-10,1.000000e-04,0.000000e+00,1.000000e-04,2.437991e-04,8.426651e-04,3.741866e-04,4.939454e-04,2.302785e-05,2.302785e-05,7.798290e-07,2.546246e-08,9.640284e-10,6.079266e-11,1.282743e+01,6.967081e+00,1.320506e+00
1.190000e-10,1.000000e-04,0.000000e+00,1.000000e-04,2.463728e-04,6.871690e-04,3.650665e-04,5.363000e-04,2.583769e-05,2.583769e-05,8.838646e-07,2.876279e-08,1.061916e-09,6.654855e-11,1.303526e+01,6.930412e+00,1.385870e+00
1.191000e-10,1.000000e-04,0.000000e+00,1.000000e-04,2.496323e-04,5.584655e-04,3.681567e-04,5.806765e-04,2.895339e-05,2.895339e-05,1.001101e-06,3.254654e-08,1.172711e-09,7.310050e-11,1.319642e+01,6.886363e+00,1.458639e+00
1.192000e-10,1.000000e-04,0.000000e+00,1.000000e-04,2.543112e-04,4.559192e-04,3.834357e-04,6.251004e-04,3.240996e-05,3.240996e-05,1.132939e-06,3.687633e-08,1.298804e-09,8.049093e-11,1.331472e+01,6.845971e+00,1.539700e+00
1.193000e-10,1.000000e-04,0.000000e+00,1.000000e-04,2.602002e-04,3.724079e-04,4.100966e-04,6.663581e-04,3.624886e-05,3.624886e-05,1.280904e-06,4.182108e-08,1.442949e-09,8.876819e-11,1.339714e+01,6.818873e+00,1.630090e+00
1.194000e-10,1.000000e-04,0.000000e+00,1.000000e-04,2.659987e-04,2.949705e-04,4.466256e-04,7.002281e-04,4.051838e-05,4.051838e-05,1.446662e-06,4.745638e-08,1.608286e-09,9.799100e-11,1.345264e+01,6.812819e+00,1.730997e+00
1.195000e-10,1.000000e-04,0.000000e+00,1.000000e-04,2.698521e-04,2.180228e-04,4.909163e-04,7.222626e-04,4.527396e-05,4.527396e-05,1.632044e-06,5.386508e-08,1.798352e-09,1.082335e-10,1.349072e+01,6.833351e+00,1.843744e+00
1.196000e-10,1.000000e-04,0.000000e+00,1.000000e-04,2.699608e-04,1.405003e-04,5.403920e-04,7.290289e-04,5.057842e-05,5.057842e-05,1.839079e-06,6.113776e-08,2.017107e-09,1.195910e-10,1.352005e+01,6.883671e+00,1.969762e+00
1.197000e-10,1.000000e-04,0.000000e+00,1.000000e-04,2.658662e-04,8.318509e-05,5.921167e-04,7.193568e-04,5.650263e-05,5.650263e-05,2.070031e-06,6.937335e-08,2.268943e-09,1.321861e-10,1.354758e+01,6.964708e+00,2.110560e+00
1.198000e-10,1.000000e-04,0.000000e+00,1.000000e-04,2.589430e-04,6.941938e-05,6.428990e-04,6.949958e-04,6.312688e-05,6.312688e-05,2.327449e-06,7.867989e-08,2.558712e-09,1.461750e-10,1.357837e+01,7.075374e+00,2.267713e+00
1.199000e-10,1.000000e-04,0.000000e+00,1.000000e-04,2.520332e-04,1.148451e-04,6.894120e-04,6.603696e-04,7.054298e-05,7.054298e-05,2.614228e-06,8.917529e-08,2.891745e-09,1.617542e-10,1.361622e+01,7.212989e+00,2.442858e+00
1.200000e-10,1.000000e-04,0.000000e+00,1.000000e-04,2.486910e-04,2.266452e-04,7.283713e-04,6.215984e-04,7.885716e-05,7.885716e-05,2.933676e-06,1.009884e-07,3.273884e-09,1.791668e-10,1.366467e+01,7.373845e+00,2.637716e+00
1.201000e-10,9.000000e-05,0.000000e+00,9.000000e-05,2.464385e-04,2.640013e-04,7.567936e-04,5.852492e-04,8.819284e-05,8.819284e-05,3.289601e-06,1.142604e-07,3.711509e-09,1.987090e-10,1.372705e+01,7.553821e+00,2.854093e+00
1.202000e-10,8.000000e-05,0.000000e+00,8.000000e-05,2.525382e-04,4.999011e-04,7.723877e-04,5.572046e-04,9.869193e-05,9.869193e-05,3.686405e-06,1.291463e-07,4.211581e-09,2.207357e-10,1.380773e+01,7.748975e+00,3.093826e+00
1.203000e-10,7.000000e-05,0.000000e+00,7.000000e-05,2.644730e-04,6.480571e-04,7.740320e-04,5.417918e-04,1.105120e-04,1.105120e-04,4.129198e-06,1.458170e-07,4.781681e-09,2.456665e-10,1.391220e+01,7.956042e+00,3.358603e+00
1.204000e-10,6.000000e-05,0.000000e+00,6.000000e-05,2.773403e-04,7.274847e-04,7.621951e-04,5.411188e-04,1.238163e-04,1.238163e-04,4.623910e-06,1.644618e-07,5.430069e-09,2.739902e-10,1.404590e+01,8.172778e+00,3.649550e+00
1.205000e-10,5.000000e-05,0.000000e+00,5.000000e-05,2.860908e-04,7.437961e-04,7.391165e-04,5.545499e-04,1.387542e-04,1.387542e-04,5.177417e-06,1.852920e-07,6.165738e-09,3.062700e-10,1.421265e+01,8.398134e+00,3.966554e+00
1.206000e-10,4.000000e-05,0.000000e+00,4.000000e-05,2.876563e-04,7.289066e-04,7.086254e-04,5.784032e-04,1.554325e-04,1.554325e-04,5.797638e-06,2.085443e-07,6.998494e-09,3.431473e-10,1.441344e+01,8.632277e+00,4.307320e+00
1.207000e-10,3.000000e-05,0.000000e+00,3.000000e-05,2.818779e-04,7.203062e-04,6.756086e-04,6.061788e-04,1.738863e-04,1.738863e-04,6.493622e-06,2.344856e-07,7.939041e-09,3.853455e-10,1.464629e+01,8.876490e+00,4.666395e+00
1.208000e-10,2.000000e-05,0.000000e+00,2.000000e-05,2.710717e-04,7.441086e-04,6.452620e-04,6.296833e-04,1.940616e-04,1.940616e-04,7.275570e-06,2.634187e-07,8.999086e-09,4.336741e-10,1.490722e+01,9.132963e+00,5.034577e+00
1.209000e-10,1.000000e-05,0.000000e+00,1.000000e-05,2.587793e-04,8.088332e-04,6.222935e-04,6.410515e-04,2.158240e-04,2.158240e-04,8.154815e-06,2.956883e-07,1.019147e-08,4.890319e-10,1.519170e+01,9.404466e+00,5.399207e+00
1.210000e-10,0.000000e+00,0.000000e+00,0.000000e+00,2.483950e-04,9.077201e-04,6.101971e-04,6.349688e-04,2.389964e-04,2.389964e-04,9.143738e-06,3.316884e-07,1.153032e-08,5.524111e-10,1.549612e+01,9.693894e+00,5.745567e+00
1.211000e-10,0.000000e+00,0.000000e+00,0.000000e+00,2.471389e-04,1.143022e-03,6.106648e-04,6.100152e-04,2.634135e-04,2.634135e-04,1.025563e-05,3.718695e-07,1.303122e-08,6.249013e-10,1.581958e+01,1.000360e+01,6.059082e+00
1.212000e-10,0.000000e+00,0.000000e+00,0.000000e+00,2.486135e-04,1.186214e-03,6.231340e-04,5.685378e-04,2.889790e-04,2.889790e-04,1.150455e-05,4.167467e-07,1.471147e-08,7.076953e-10,1.616300e+01,1.033451e+01,6.327597e+00
1.213000e-10,0.000000e+00,0.000000e+00,0.000000e+00,2.523939e-04,1.273287e-03,6.445774e-04,5.153956e-04,3.157138e-04,3.157138e-04,1.290516e-05,4.669079e-07,1.659032e-08,8.020944e-10,1.652747e+01,1.068505e+01,6.543036e+00
1.214000e-10,0.000000e+00,0.000000e+00,0.000000e+00,2.579071e-04,1.348804e-03,6.697787e-04,4.564301e-04,3.437863e-04,3.437863e-04,1.447267e-05,5.230211e-07,1.868929e-08,9.095168e-10,1.691243e+01,1.105020e+01,6.702105e+00
1.215000e-10,0.000000e+00,0.000000e+00,0.000000e+00,2.645357e-04,1.399833e-03,6.923180e-04,3.973225e-04,3.735165e-04,3.735165e-04,1.622293e-05,5.858418e-07,2.103254e-08,1.031507e-09,1.731397e+01,1.142107e+01,6.806129e+00
1.216000e-10,0.000000e+00,0.000000e+00,0.000000e+00,2.716087e-04,1.409826e-03,7.061686e-04,3.430177e-04,4.053402e-04,4.053402e-04,1.817270e-05,6.562194e-07,2.364731e-08,1.169746e-09,1.772374e+01,1.178543e+01,6.860326e+00
1.217000e-10,0.000000e+00,0.000000e+00,0.000000e+00,2.783711e-04,1.363948e-03,7.073081e-04,2.975456e-04,4.397185e-04,4.397185e-04,2.034016e-05,7.351022e-07,2.656438e-08,1.326069e-09,1.812923e+01,1.212932e+01,6.872834e+00
1.218000e-10,0.000000e+00,0.000000e+00,0.000000e+00,2.839773e-04,1.254736e-03,6.945981e-04,2.639972e-04,4.769817e-04,4.769817e-04,2.274571e-05,8.235427e-07,2.981860e-08,1.502482e-09,1.851537e+01,1.243936e+01,6.853697e+00
1.219000e-10,0.000000e+00,0.000000e+00,0.000000e+00,2.875505e-04,1.085427e-03,6.696270e-04,2.445000e-04,5.170994e-04,5.170994e-04,2.541299e-05,9.227016e-07,3.344951e-08,1.701180e-09,1.886706e+01,1.270488e+01,6.813935e+00
1.220000e-10,0.000000e+00,0.000000e+00,0.000000e+00,2.883402e-04,8.699427e-04,6.358402e-04,2.401673e-04,5.593882e-04,5.593882e-04,2.836991e-05,1.033853e-06,3.750196e-08,1.924579e-09,1.917164e+01,1.291938e+01,6.764702e+00
1.221000e-10,0.000000e+00,0.000000e+00,0.000000e+00,2.859516e-04,6.298499e-04,5.975233e-04,2.510692e-04,6.022112e-04,6.022112e-04,3.164976e-05,1.158390e-06,4.202678e-08,2.175342e-09,1.942049e+01,1.308095e+01,6.716563e+00
1.222000e-10,0.000000e+00,0.000000e+00,0.000000e+00,2.805336e-04,3.892366e-04,5.590127e-04,2.762775e-04,6.427897e-04,6.427897e-04,3.529196e-05,1.297835e-06,4.708151e-08,2.456421e-09,1.960961e+01,1.319198e+01,6.678877e+00
1.223000e-10,0.000000e+00,0.000000e+00,0.000000e+00,2.727956e-04,1.691975e-04,5.242083e-04,3.140051e-04,6.773190e-04,6.773190e-04,3.934264e-05,1.453854e-06,5.273109e-08,2.771094e-09,1.973932e+01,1.325833e+01,6.659322e+00
1.224000e-10,0.000000e+00,0.000000e+00,0.000000e+00,2.638210e-04,-1.583455e-05,4.962977e-04,3.618200e-04,7.015614e-04,7.015614e-04,4.385485e-05,1.628272e-06,5.904867e-08,3.123020e-09,1.981366e+01,1.328825e+01,6.663564e+00
1.225000e-10,0.000000e+00,0.000000e+00,0.000000e+00,2.547703e-04,-1.586779e-04,4.775886e-04,4.168948e-04,7.119089e-04,7.119089e-04,4.888872e-05,1.823101e-06,6.611631e-08,3.516294e-09,1.983959e+01,1.329149e+01,6.695093e+00
1.226000e-10,0.000000e+00,0.000000e+00,0.000000e+00,2.466002e-04,-2.578671e-04,4.693961e-04,4.762486e-04,7.065847e-04,7.065847e-04,5.451199e-05,2.040576e-06,7.402582e-08,3.955512e-09,1.982635e+01,1.327835e+01,6.755227e+00
1.227000e-10,0.000000e+00,0.000000e+00,0.000000e+00,2.398692e-04,-3.158721e-04,4.719784e-04,5.369396e-04,6.864520e-04,6.864520e-04,6.080099e-05,2.283193e-06,8.287955e-08,4.445846e-09,1.978480e+01,1.325895e+01,6.843280e+00
1.228000e-10,0.000000e+00,0.000000e+00,0.000000e+00,2.346518e-04,-3.378081e-04,4.845337e-04,5.961771e-04,6.550363e-04,6.550363e-04,6.784246e-05,2.553767e-06,9.279131e-08,4.993125e-09,1.972674e+01,1.324266e+01,6.956898e+00
1.229000e-10,0.000000e+00,0.000000e+00,0.000000e+00,2.305712e-04,-3.302236e-04,5.052705e-04,6.513300e-04,6.177921e-04,6.177921e-04,7.573612e-05,2.855494e-06,1.038873e-07,5.603925e-09,1.966412e+01,1.323761e+01,7.092514e+00
1.230000e-10,0.000000e+00,0.000000e+00,0.000000e+00,2.269536e-04,-2.997211e-04,5.315531e-04,6.998462e-04,5.809746e-04,5.809746e-04,8.459744e-05,3.192028e-06,1.163075e-07,6.285666e-09,1.960811e+01,1.325030e+01,7.245901e+00
1.231000e-10,0.000000e+00,0.000000e+00,0.000000e+00,2.230664e-04,-2.518067e-04,5.601290e-04,7.391544e-04,5.505180e-04,5.505180e-04,9.455949e-05,3.567573e-06,1.302067e-07,7.046724e-09,1.956828e+01,1.328551e+01,7.412734e+00
1.232000e-10,0.000000e+00,0.000000e+00,0.000000e+00,2.183707e-04,-1.904665e-04,5.874396e-04,7.666839e-04,5.311238e-04,5.311238e-04,1.057718e-04,3.986983e-06,1.457563e-07,7.896544e-09,1.955186e+01,1.334612e+01,7.589096e+00
1.233000e-10,0.000000e+00,0.000000e+00,0.000000e+00,2.127027e-04,-1.184937e-04,6.100136e-04,7.801425e-04,5.255590e-04,5.255590e-04,1.183931e-04,4.455876e-06,1.631469e-07,8.845763e-09,1.956332e+01,1.343329e+01,7.771868e+00
1.234000e-10,0.000000e+00,0.000000e+00,0.000000e+00,2.063362e-04,-3.813260e-05,6.249148e-04,7.780815e-04,5.340950e-04,5.340950e-04,1.325759e-04,4.980753e-06,1.825903e-07,9.906347e-09,1.960433e+01,1.354660e+01,7.958966e+00
1.235000e-10,0.000000e+00,0.000000e+00,0.000000e+00,1.999196e-04,4.841096e-05,6.301780e-04,7.605657e-04,5.541126e-04,5.541126e-04,1.484410e-04,5.569100e-06,2.043230e-07,1.109173e-08,1.967407e+01,1.368442e+01,8.149417e+00
1.236000e-10,0.000000e+00,0.000000e+00,0.000000e+00,1.943146e-04,1.386200e-04,6.251388e-04,7.296161e-04,5.801026e-04,5.801026e-04,1.660484e-04,6.229481e-06,2.286105e-07,1.241698e-08,1.976983e+01,1.384427e+01,8.343327e+00
1.237000e-10,0.000000e+00,0.000000e+00,0.000000e+00,1.903617e-04,2.291065e-04,6.105639e-04,6.891591e-04,6.044212e-04,6.044212e-04,1.853750e-04,6.971575e-06,2.557514e-07,1.389896e-08,1.988781e+01,1.402326e+01,8.541753e+00
1.238000e-10,0.000000e+00,0.000000e+00,0.000000e+00,1.886029e-04,3.147263e-04,5.885425e-04,6.444696e-04,6.189724e-04,6.189724e-04,2.063125e-04,7.806176e-06,2.860838e-07,1.555650e-08,2.002388e+01,1.421854e+01,8.746543e+00
1.239000e-10,0.000000e+00,0.000000e+00,0.000000e+00,1.890176e-04,3.881565e-04,5.621631e-04,6.013316e-04,6.173946e-04,6.173946e-04,2.286941e-04,8.745122e-06,3.199910e-07,1.741064e-08,2.017416e+01,1.442767e+01,8.960167e+00
1.240000e-10,0.000000e+00,0.000000e+00,0.000000e+00,1.908880e-04,4.411899e-04,5.350615e-04,5.651951e-04,5.967822e-04,5.967822e-04,2.523432e-04,9.801178e-06,3.579084e-07,1.948486e-08,2.033536e+01,1.464890e+01,9.185528e+00
1.241000e-10,0.000000e+00,0.000000e+00,0.000000e+00,1.929090e-04,4.679285e-04,5.109365e-04,5.404958e-04,5.581212e-04,5.581212e-04,2.771291e-04,1.098788e-05,4.003316e-07,2.180533e-08,2.050473e+01,1.488136e+01,9.425741e+00
1.242000e-10,0.000000e+00,0.000000e+00,0.000000e+00,1.935665e-04,4.681783e-04,4.931127e-04,5.301505e-04,5.054354e-04,5.054354e-04,3.030185e-04,1.231938e-05,4.478232e-07,2.440126e-08,2.067990e+01,1.512510e+01,9.683836e+00
1.243000e-10,0.000000e+00,0.000000e+00,0.000000e+00,1.916530e-04,4.486853e-04,4.841862e-04,5.351553e-04,4.443412e-04,4.443412e-04,3.301123e-04,1.381034e-05,5.010207e-07,2.730524e-08,2.085856e+01,1.538102e+01,9.962296e+00
1.244000e-10,0.000000e+00,0.000000e+00,0.000000e+00,1.867033e-04,4.212179e-04,4.857453e-04,5.542380e-04,3.807550e-04,3.807550e-04,3.586614e-04,1.547593e-05,5.606436e-07,3.055373e-08,2.103825e+01,1.565066e+01,1.026242e+01
1.245000e-10,0.000000e+00,0.000000e+00,0.000000e+00,1.791620e-04,3.985260e-04,4.981384e-04,5.836397e-04,3.200935e-04,3.200935e-04,3.890488e-04,1.733203e-05,6.274992e-07,3.418751e-08,2.121649e+01,1.593577e+01,1.058347e+01
1.246000e-10,0.000000e+00,0.000000e+00,0.000000e+00,1.702182e-04,3.900246e-04,5.202643e-04,6.172638e-04,2.669139e-04,2.669139e-04,4.217246e-04,1.939566e-05,7.024884e-07,3.825229e-08,2.139096e+01,1.623781e+01,1.092184e+01
1.247000e-10,0.000000e+00,0.000000e+00,0.000000e+00,1.613546e-04,3.984418e-04,5.494064e-04,6.474968e-04,2.247883e-04,2.247883e-04,4.570828e-04,2.168560e-05,7.866101e-07,4.279939e-08,2.155995e+01,1.655710e+01,1.127044e+01
1.248000e-10,0.000000e+00,0.000000e+00,0.000000e+00,1.537577e-04,4.184347e-04,5.812208e-04,6.667735e-04,1.962437e-04,1.962437e-04,4.952690e-04,2.422334e-05,8.809657e-07,4.788649e-08,2.172273e+01,1.689196e+01,1.161884e+01
1.249000e-10,0.000000e+00,0.000000e+00,0.000000e+00,1.478449e-04,4.390952e-04,6.100723e-04,6.694525e-04,1.827098e-04,1.827098e-04,5.359221e-04,2.703414e-05,9.867626e-07,5.357850e-08,2.187972e+01,1.723785e+01,1.195428e+01
1.250000e-10,0.000000e+00,0.000000e+00,0.000000e+00,1.431949e-04,4.506521e-04,6.298843e-04,6.531782e-04,1.844902e-04,1.844902e-04,5.778794e-04,3.014807e-05,1.105320e-06,5.994846e-08,2.203233e+01,1.758697e+01,1.226353e+01
1.251000e-10,0.000000e+00,0.000000e+00,0.000000e+00,1.389414e-04,4.509335e-04,6.354305e-04,6.191162e-04,2.008015e-04,2.008015e-04,6.189319e-04,3.360096e-05,1.238077e-06,6.707855e-08,2.218262e+01,1.792864e+01,1.253489e+01
1.252000e-10,0.000000e+00,0.000000e+00,0.000000e+00,1.343642e-04,4.462981e-04,6.236264e-04,5.711352e-04,2.299074e-04,2.299074e-04,6.557850e-04,3.743506e-05,1.386601e-06,7.506120e-08,2.233286e+01,1.825050e+01,1.275990e+01
1.253000e-10,0.000000e+00,0.000000e+00,0.000000e+00,1.292872e-04,4.465651e-04,5.942375e-04,5.145334e-04,2.693442e-04,2.693442e-04,6.844124e-04,4.169941e-05,1.552607e-06,8.400018e-08,2.248513e+01,1.854045e+01,1.293415e+01
1.254000e-10,0.000000e+00,0.000000e+00,0.000000e+00,1.240662e-04,4.581510e-04,5.497080e-04,4.549090e-04,3.162098e-04,3.162098e-04,7.008923e-04,4.644997e-05,1.737980e-06,9.401183e-08,2.264117e+01,1.878845e+01,1.305745e+01
1.255000e-10,0.000000e+00,0.000000e+00,0.000000e+00,1.192465e-04,4.801529e-04,4.943145e-04,3.974422e-04,3.674788e-04,3.674788e-04,7.025566e-04,5.174998e-05,1.944801e-06,1.052262e-07,2.280233e+01,1.898792e+01,1.313325e+01
1.256000e-10,0.000000e+00,0.000000e+00,0.000000e+00,1.151594e-04,5.052619e-04,4.331158e-04,3.465486e-04,4.203065e-04,4.203065e-04,6.890034e-04,5.767064e-05,2.175390e-06,1.177885e-07,2.296946e+01,1.913634e+01,1.316786e+01
1.257000e-10,0.000000e+00,0.000000e+00,0.000000e+00,1.117181e-04,5.240391e-04,3.710851e-04,3.057423e-04,4.722875e-04,4.722875e-04,6.624962e-04,6.429251e-05,2.432351e-06,1.318603e-07,2.314280e+01,1.923512e+01,1.316957e+01
1.258000e-10,0.000000e+00,0.000000e+00,0.000000e+00,1.085049e-04,5.294567e-04,3.125665e-04,2.775770e-04,5.216337e-04,5.216337e-04,6.275746e-04,7.170768e-05,2.718636e-06,1.476208e-07,2.332173e+01,1.928897e+01,1.314781e+01
1.259000e-10,0.000000e+00,0.000000e+00,0.000000e+00,1.050549e-04,5.191795e-04,2.610080e-04,2.636099e-04,5.672301e-04,5.672301e-04,5.900993e-04,8.002246e-05,3.037609e-06,1.652691e-07,2.350446e+01,1.930508e+01,1.311237e+01
1.260000e-10,0.000000e+00,0.000000e+00,0.000000e+00,1.011471e-04,4.949421e-04,2.188667e-04,2.643948e-04,6.085356e-04,6.085356e-04,5.561300e-04,8.935984e-05,3.393135e-06,1.850251e-07,2.368794e+01,1.929222e+01,1.307280e+01
1.261000e-10,0.000000e+00,0.000000e+00,0.000000e+00,9.693823e-05,4.601902e-04,1.876006e-04,2.795255e-04,6.453183e-04,6.453183e-04,5.309317e-04,9.986003e-05,3.789676e-06,2.071323e-07,2.386794e+01,1.925986e+01,1.303783e+01
1.262000e-10,0.000000e+00,0.000000e+00,0.000000e+00,9.289612e-05,4.178508e-04,1.677159e-04,3.077372e-04,6.772693e-04,6.772693e-04,5.181975e-04,1.116766e-04,4.232397e-06,2.318603e-07,2.403951e+01,1.921748e+01,1.301499e+01
1.263000e-10,0.000000e+00,0.000000e+00,0.000000e+00,8.959475e-05,3.694282e-04,1.588632e-04,3.470500e-04,7.036076e-04,7.036076e-04,5.194345e-04,1.249656e-04,4.727280e-06,2.595078e-07,2.419760e+01,1.917387e+01,1.301026e+01
1.264000e-10,0.000000e+00,0.000000e+00,0.000000e+00,8.748132e-05,3.153137e-04,1.599874e-04,3.949246e-04,7.228519e-04,7.228519e-04,5.334793e-04,1.398648e-04,5.281241e-06,2.904065e-07,2.433773e+01,1.913672e+01,1.302793e+01
1.265000e-10,0.000000e+00,0.000000e+00,0.000000e+00,8.669428e-05,2.553645e-04,1.695206e-04,4.484028e-04,7.329458e-04,7.329458e-04,5.562645e-04,1.564667e-04,5.902223e-06,3.249258e-07,2.445666e+01,1.911219e+01,1.307055e+01
1.266000e-10,0.000000e+00,0.000000e+00,0.000000e+00,8.696979e-05,1.892559e-04,1.855962e-04,5.042219e-04,7.318197e-04,7.318197e-04,5.811464e-04,1.747907e-04,6.599265e-06,3.634793e-07,2.455268e+01,1.910476e+01,1.313898e+01
1.267000e-10,0.000000e+00,0.000000e+00,0.000000e+00,8.766585e-05,1.171380e-04,2.062572e-04,5.589145e-04,7.182546e-04,7.182546e-04,6.001018e-04,1.947696e-04,7.382518e-06,4.065310e-07,2.462568e+01,1.911716e+01,1.323259e+01
1.268000e-10,0.000000e+00,0.000000e+00,0.000000e+00,8.792467e-05,4.086811e-05,2.296343e-04,6.089208e-04,6.926834e-04,6.926834e-04,6.057091e-04,2.162618e-04,8.263213e-06,4.546041e-07,2.467686e+01,1.915041e+01,1.334952e+01
1.269000e-10,0.000000e+00,0.000000e+00,0.000000e+00,8.693513e-05,-3.515209e-05,2.540838e-04,6.507592e-04,6.575420e-04,6.575420e-04,5.931901e-04,2.390884e-04,9.253557e-06,5.082906e-07,2.470840e+01,1.920405e+01,1.348701e+01
1.270000e-10,0.000000e+00,0.000000e+00,0.000000e+00,8.418783e-05,-1.045972e-04,2.782803e-04,6.812958e-04,6.170044e-04,6.170044e-04,5.615405e-04,2.630870e-04,1.036660e-05,5.682618e-07,2.472295e+01,1.927640e+01,1.364184e+01
1.271000e-10,0.000000e+00,0.000000e+00,0.000000e+00,7.961107e-05,-1.611053e-04,3.012697e-04,6.981246e-04,5.762523e-04,5.762523e-04,5.132956e-04,2.881650e-04,1.161606e-05,6.352803e-07,2.472338e+01,1.936482e+01,1.381069e+01
1.272000e-10,0.000000e+00,0.000000e+00,0.000000e+00,7.354297e-05,-2.002246e-04,3.224851e-04,6.999990e-04,5.405846e-04,5.405846e-04,4.533216e-04,3.143447e-04,1.301618e-05,7.102124e-07,2.471256e+01,1.946613e+01,1.399047e+01
1.273000e-10,0.000000e+00,0.000000e+00,0.000000e+00,6.657978e-05,-2.203382e-04,3.417312e-04,6.871864e-04,5.146204e-04,5.146204e-04,3.874138e-04,3.417910e-04,1.458169e-05,7.940406e-07,2.469336e+01,1.957687e+01,1.417865e+01
1.274000e-10,0.000000e+00,0.000000e+00,0.000000e+00,5.938636e-05,-2.223050e-04,3.591375e-04,6.615914e-04,5.016783e-04,5.016783e-04,3.212613e-04,3.708125e-04,1.632785e-05,8.878760e-07,2.466867e+01,1.969366e+01,1.437341e+01
1.275000e-10,0.000000e+00,0.000000e+00,0.000000e+00,5.254638e-05,-2.083317e-04,3.750886e-04,6.265669e-04,5.032895e-04,5.032895e-04,2.599054e-04,4.018239e-04,1.827075e-05,9.929701e-07,2.464152e+01,1.981339e+01,1.457373e+01
1.276000e-10,0.000000e+00,0.000000e+00,0.000000e+00,4.648333e-05,-1.809355e-04,3.901358e-04,5.864550e-04,5.187842e-04,5.187842e-04,2.075284e-04,4.352578e-04,2.042781e-05,1.110725e-06,2.461506e+01,1.993345e+01,1.477943e+01
1.277000e-10,0.000000e+00,0.000000e+00,0.000000e+00,4.143398e-05,-1.426286e-04,4.049004e-04,5.459954e-04,5.449943e-04,5.449943e-04,1.673649e-04,4.714133e-04,2.281862e-05,1.242705e-06,2.459256e+01,2.005177e+01,1.499108e+01
1.278000e-10,0.000000e+00,0.000000e+00,0.000000e+00,3.744359e-05,-9.615744e-05,4.199743e-04,5.097503e-04,5.762877e-04,5.762877e-04,1.416143e-04,5.102382e-04,2.546582e-05,1.390641e-06,2.457727e+01,2.016698e+01,1.520994e+01
1.279000e-10,0.000000e+00,0.000000e+00,0.000000e+00,3.438720e-05,-4.435060e-05,4.358231e-04,4.816386e-04,6.052515e-04,6.052515e-04,1.313490e-04,5.510554e-04,2.839626e-05,1.556444e-06,2.457227e+01,2.027828e+01,1.543780e+01
1.280000e-10,0.000000e+00,0.000000e+00,0.000000e+00,3.205161e-05,1.092378e-05,4.526928e-04,4.645874e-04,6.241773e-04,6.241773e-04,1.364702e-04,5.922846e-04,3.164196e-05,1.742208e-06,2.458029e+01,2.038552e+01,1.567681e+01
1.281000e-10,0.000000e+00,0.000000e+00,0.000000e+00,3.026049e-05,6.937517e-05,4.705256e-04,4.602608e-04,6.269987e-04,6.269987e-04,1.557650e-04,6.312727e-04,3.524099e-05,1.950226e-06,2.460347e+01,2.048907e+01,1.592920e+01
1.282000e-10,0.000000e+00,0.000000e+00,0.000000e+00,2.891483e-05,1.302671e-04,4.888934e-04,4.688140e-04,6.108529e-04,6.108529e-04,1.870775e-04,6.644059e-04,3.923792e-05,2.183002e-06,2.464329e+01,2.058979e+01,1.619689e+01
1.283000e-10,0.000000e+00,0.000000e+00,0.000000e+00,2.784640e-05,1.888893e-04,5.069703e-04,4.886637e-04,5.765298e-04,5.765298e-04,2.275679e-04,6.876613e-04,4.368415e-05,2.443275e-06,2.470040e+01,2.068898e+01,1.648098e+01
1.284000e-10,0.000000e+00,0.000000e+00,0.000000e+00,2.664665e-05,2.372006e-04,5.235659e-04,5.163473e-04,5.277477e-04,5.277477e-04,2.740243e-04,6.975902e-04,4.863804e-05,2.734045e-06,2.477453e+01,2.078827e+01,1.678105e+01
1.285000e-10,0.000000e+00,0.000000e+00,0.000000e+00,2.476742e-05,2.700440e-04,5.372482e-04,5.466388e-04,4.698339e-04,4.698339e-04,3.231935e-04,6.924401e-04,5.416541e-05,3.058615e-06,2.486435e+01,2.088962e+01,1.709445e+01
1.286000e-10,0.000000e+00,0.000000e+00,0.000000e+00,2.190863e-05,2.900719e-04,5.465660e-04,5.731270e-04,4.084841e-04,4.084841e-04,3.721045e-04,6.729293e-04,6.034043e-05,3.420645e-06,2.496744e+01,2.099522e+01,1.741581e+01
1.287000e-10,0.000000e+00,0.000000e+00,0.000000e+00,1.836960e-05,3.058810e-04,5.503527e-04,5.893331e-04,3.489579e-04,3.489579e-04,4.183575e-04,6.423081e-04,6.724738e-05,3.824215e-06,2.508043e+01,2.110746e+01,1.773697e+01
1.288000e-10,0.000000e+00,0.000000e+00,0.000000e+00,1.504029e-05,3.253319e-04,5.480531e-04,5.901330e-04,2.957025e-04,2.957025e-04,4.603427e-04,6.057073e-04,7.498299e-05,4.273914e-06,2.519943e+01,2.122886e+01,1.804764e+01
1.289000e-10,0.000000e+00,0.000000e+00,0.000000e+00,1.299863e-05,3.498375e-04,5.399834e-04,5.729502e-04,2.522296e-04,2.522296e-04,4.973520e-04,5.690947e-04,8.365919e-05,4.774938e-06,2.532058e+01,2.136207e+01,1.833665e+01
1.290000e-10,0.000000e+00,0.000000e+00,0.000000e+00,1.296514e-05,3.735187e-04,5.274340e-04,5.382095e-04,2.210760e-04,2.210760e-04,5.295495e-04,5.382082e-04,9.340491e-05,5.333210e-06,2.544059e+01,2.150978e+01,1.859358e+01
1.291000e-10,0.000000e+00,0.000000e+00,0.000000e+00,1.493966e-05,3.869903e-04,5.125679e-04,4.889339e-04,2.037752e-04,2.037752e-04,5.577880e-04,5.176686e-04,1.043652e-04,5.955527e-06,2.555699e+01,2.167473e+01,1.881023e+01
1.292000e-10,0.000000e+00,0.000000e+00,0.000000e+00,1.820252e-05,3.827052e-04,4.981171e-04,4.298000e-04,2.008449e-04,2.008449e-04,5.832820e-04,5.102884e-04,1.166950e-04,6.649713e-06,2.566811e+01,2.185959e+01,1.898160e+01
1.293000e-10,0.000000e+00,0.000000e+00,0.000000e+00,2.163896e-05,3.585506e-04,4.869282e-04,3.661164e-04,2.118299e-04,2.118299e-04,6.071782e-04,5.165145e-04,1.305444e-04,7.424805e-06,2.577278e+01,2.206692e+01,1.910624e+01
1.294000e-10,0.000000e+00,0.000000e+00,0.000000e+00,2.418424e-05,3.180870e-04,4.814180e-04,3.030375e-04,2.354246e-04,2.354246e-04,6.300858e-04,5.340244e-04,1.460352e-04,8.291234e-06,2.586999e+01,2.229891e+01,1.918604e+01
1.295000e-10,0.000000e+00,0.000000e+00,0.000000e+00,2.516541e-05,2.680097e-04,4.829988e-04,2.450890e-04,2.696669e-04,2.696669e-04,6.516635e-04,5.576752e-04,1.632330e-04,9.261002e-06,2.595859e+01,2.255701e+01,1.922565e+01
1.296000e-10,0.000000e+00,0.000000e+00,0.000000e+00,2.441701e-05,2.148660e-04,4.915403e-04,1.959283e-04,3.121709e-04,3.121709e-04,6.703991e-04,5.801436e-04,1.821231e-04,1.034784e-05,2.603723e+01,2.284141e+01,1.923184e+01
1.297000e-10,0.000000e+00,0.000000e+00,0.000000e+00,2.219734e-05,1.631755e-04,5.049883e-04,1.582305e-04,3.603608e-04,3.603608e-04,6.837458e-04,5.934517e-04,2.026069e-04,1.156729e-05,2.610446e+01,2.315018e+01,1.921264e+01
1.298000e-10,0.000000e+00,0.000000e+00,0.000000e+00,1.902732e-05,1.157462e-04,5.193445e-04,1.336360e-04,4.116791e-04,4.116791e-04,6.887181e-04,5.910514e-04,2.245231e-04,1.293678e-05,2.615897e+01,2.347853e+01,1.917674e+01
1.299000e-10,0.000000e+00,0.000000e+00,0.000000e+00,1.554894e-05,7.487483e-05,5.292302e-04,1.227430e-04,4.637541e-04,4.637541e-04,6.828654e-04,5.695828e-04,2.476930e-04,1.447554e-05,2.619993e+01,2.381823e+01,1.913278e+01
1.300000e-10,0.000000e+00,0.000000e+00,0.000000e+00,1.239929e-05,4.239485e-05,5.290790e-04,1.251649e-04,5.145123e-04,5.145123e-04,6.652858e-04,5.294705e-04,2.719747e-04,1.620449e-05,2.622730e+01,2.415777e+01,1.908883e+01
1.301000e-10,0.000000e+00,0.000000e+00,0.000000e+00,1.005688e-05,1.844942e-05,5.146071e-04,1.396613e-04,5.622172e-04,5.622172e-04,6.372338e-04,4.742436e-04,2.973133e-04,1.814608e-05,2.624199e+01,2.448342e+01,1.905200e+01
1.302000e-10,0.000000e+00,0.000000e+00,0.000000e+00,8.683671e-06,8.302380e-07,4.839173e-04,1.643336e-04,6.054184e-04,6.054184e-04,6.020561e-04,4.091844e-04,3.237803e-04,2.032408e-05,2.624589e+01,2.478107e+01,1.902808e+01
1.303000e-10,0.000000e+00,0.000000e+00,0.000000e+00,8.056563e-06,-1.387540e-05,4.377540e-04,1.968553e-04,6.428172e-04,6.428172e-04,5.645359e-04,3.400442e-04,3.515918e-04,2.276343e-05,2.624175e+01,2.503828e+01,1.902137e+01
1.304000e-10,0.000000e+00,0.000000e+00,0.000000e+00,7.659015e-06,-2.807508e-05,3.789485e-04,2.347093e-04,6.730959e-04,6.730959e-04,5.299676e-04,2.722176e-04,3.810970e-04,2.549025e-05,2.623280e+01,2.524595e+01,1.903464e+01
1.305000e-10,0.000000e+00,0.000000e+00,0.000000e+00,6.906875e-06,-4.162337e-05,3.115008e-04,2.754090e-04,6.948090e-04,6.948090e-04,5.032729e-04,2.103664e-04,4.127241e-04,2.853211e-05,2.622229e+01,2.539923e+01,1.906910e+01
1.306000e-10,0.000000e+00,0.000000e+00,0.000000e+00,5.398725e-06,-5.199883e-05,2.397519e-04,3.166942e-04,7.064481e-04,7.064481e-04,4.882984e-04,1.582963e-04,4.468705e-04,3.191850e-05,2.621309e+01,2.549762e+01,1.912458e+01
1.307000e-10,0.000000e+00,0.000000e+00,0.000000e+00,3.071508e-06,-5.592358e-05,1.678507e-04,3.566938e-04,7.067448e-04,7.067448e-04,4.872704e-04,1.188992e-04,4.837312e-04,3.568182e-05,2.620733e+01,2.554451e+01,1.919972e+01
1.308000e-10,0.000000e+00,0.000000e+00,0.000000e+00,2.026257e-07,-5.128413e-05,9.948917e-05,3.940469e-04,6.951531e-04,6.951531e-04,5.003248e-04,9.408190e-05,5.230613e-04,3.985866e-05,2.620633e+01,2.554637e+01,1.929219e+01
1.309000e-10,0.000000e+00,0.000000e+00,0.000000e+00,-2.720823e-06,-3.831170e-05,3.778307e-05,4.279733e-04,6.723246e-04,6.723246e-04,5.251119e-04,8.468678e-05,5.638984e-04,4.449133e-05,2.621059e+01,2.551183e+01,1.939898e+01
1.310000e-10,0.000000e+00,0.000000e+00,0.000000e+00,-5.192960e-06,-1.962865e-05,-1.480004e-05,4.582797e-04,6.403465e-04,6.403465e-04,5.566499e-04,9.045627e-05,6.043131e-04,4.962964e-05,2.621994e+01,2.545083e+01,1.951674e+01
1.311000e-10,0.000000e+00,0.000000e+00,0.000000e+00,-6.855994e-06,6.946471e-07,-5.650282e-05,4.852920e-04,6.026153e-04,6.026153e-04,5.877662e-04,1.100819e-04,6.413221e-04,5.533257e-05,2.623376e+01,2.537371e+01,1.964203e+01
1.312000e-10,0.000000e+00,0.000000e+00,0.000000e+00,-7.580627e-06,1.862303e-05,-8.631649e-05,5.097099e-04,5.633875e-04,5.633875e-04,6.103953e-04,1.413522e-04,6.711405e-04,6.166977e-05,2.625110e+01,2.529052e+01,1.977164e+01
1.313000e-10,0.000000e+00,0.000000e+00,0.000000e+00,-7.442801e-06,3.151768e-05,-1.039703e-04,5.323919e-04,5.271682e-04,5.271682e-04,6.175541e-04,1.813853e-04,6.898873e-04,6.872272e-05,2.627085e+01,2.521031e+01,1.990281e+01
1.314000e-10,0.000000e+00,0.000000e+00,0.000000e+00,-6.630030e-06,3.873221e-05,-1.098632e-04,5.540856e-04,4.981052e-04,4.981052e-04,6.052155e-04,2.269181e-04,6.946441e-04,7.658583e-05,2.629177e+01,2.514072e+01,2.003340e+01
1.315000e-10,0.000000e+00,0.000000e+00,0.000000e+00,-5.339743e-06,4.121632e-05,-1.049544e-04,5.751350e-04,4.794741e-04,4.794741e-04,5.731752e-04,2.746196e-04,6.844908e-04,8.536752e-05,2.631260e+01,2.508758e+01,2.016196e+01
1.316000e-10,0.000000e+00,0.000000e+00,0.000000e+00,-3.723027e-06,4.049270e-05,-9.064044e-05,5.952099e-04,4.732564e-04,4.732564e-04,5.246074e-04,3.214025e-04,6.610486e-04,9.519196e-05,2.633208e+01,2.505482e+01,2.028782e+01
1.317000e-10,0.000000e+00,0.000000e+00,0.000000e+00,-1.888593e-06,3.770416e-05,-6.864265e-05,6.131361e-04,4.797768e-04,4.797768e-04,4.647841e-04,3.647104e-04,6.282800e-04,1.062016e-04,2.634909e+01,2.504444e+01,2.041102e+01
1.318000e-10,0.000000e+00,0.000000e+00,0.000000e+00,5.856114e-08,3.327362e-05,-4.091263e-05,6.269244e-04,4.973990e-04,4.973990e-04,3.997054e-04,4.027542e-04,5.916749e-04,1.185608e-04,2.636271e+01,2.505670e+01,2.053228e+01
1.319000e-10,0.000000e+00,0.000000e+00,0.000000e+00,1.985354e-06,2.722954e-05,-9.546295e-06,6.340892e-04,5.223783e-04,5.223783e-04,3.351243e-04,4.346611e-04,5.571782e-04,1.324608e-04,2.637226e+01,2.509032e+01,2.065288e+01
1.320000e-10,0.000000e+00,0.000000e+00,0.000000e+00,3.731852e-06,1.977977e-05,2.330677e-05,6.322624e-04,5.490771e-04,5.490771e-04,2.760360e-04,4.605067e-04,5.301784e-04,1.481243e-04,2.637741e+01,2.514277e+01,2.077456e+01
1.321000e-10,0.000000e+00,0.000000e+00,0.000000e+00,5.140246e-06,1.160035e-05,5.554776e-05,6.199547e-04,5.707579e-04,5.707579e-04,2.264727e-04,4.812182e-04,5.146873e-04,1.658088e-04,2.637814e+01,2.521058e+01,2.089937e+01
1.322000e-10,0.000000e+00,0.000000e+00,0.000000e+00,6.086020e-06,3.640874e-06,8.524372e-05,5.971921e-04,5.809504e-04,5.809504e-04,1.894212e-04,4.983629e-04,5.126844e-04,1.858052e-04,2.637469e+01,2.528969e+01,2.102960e+01
1.323000e-10,0.000000e+00,0.000000e+00,0.000000e+00,6.492201e-06,-3.270243e-06,1.107401e-04,5.657615e-04,5.750017e-04,5.750017e-04,1.667693e-04,5.138536e-04,5.235871e-04,2.084281e-04,2.636760e+01,2.537574e+01,2.116762e+01
1.324000e-10,0.000000e+00,0.000000e+00,0.000000e+00,6.328873e-06,-8.611515e-06,1.307536e-04,5.289827e-04,5.511584e-04,5.511584e-04,1.592737e-04,5.296031e-04,5.439336e-04,2.339961e-04,2.635759e+01,2.546437e+01,2.131589e+01
1.325000e-10,0.000000e+00,0.000000e+00,0.000000e+00,5.612747e-06,-1.202533e-05,1.444321e-04,4.911270e-04,5.107245e-04,5.107245e-04,1.665887e-04,5.471551e-04,5.675586e-04,2.628048e-04,2.634556e+01,2.555152e+01,2.147682e+01
1.326000e-10,0.000000e+00,0.000000e+00,0.000000e+00,4.416271e-06,-1.304579e-05,1.513768e-04,4.567162e-04,4.573657e-04,4.573657e-04,1.873856e-04,5.673088e-04,5.865998e-04,2.950989e-04,2.633247e+01,2.563356e+01,2.165284e+01
1.327000e-10,0.000000e+00,0.000000e+00,0.000000e+00,2.880998e-06,-1.098191e-05,1.516278e-04,4.298836e-04,3.960287e-04,3.960287e-04,2.195618e-04,5.897788e-04,5.933595e-04,3.310608e-04,2.631933e+01,2.570755e+01,2.184627e+01
1.328000e-10,0.000000e+00,0.000000e+00,0.000000e+00,1.219160e-06,-5.102342e-06,1.456219e-04,4.138696e-04,3.319576e-04,3.319576e-04,2.605090e-04,6.129731e-04,5.824204e-04,3.708261e-04,2.630714e+01,2.577125e+01,2.205933e+01
1.329000e-10,0.000000e+00,0.000000e+00,0.000000e+00,-3.110396e-07,4.951506e-06,1.341303e-04,4.106205e-04,2.700399e-04,2.700399e-04,3.073931e-04,6.340367e-04,5.520251e-04,4.145313e-04,2.629688e+01,2.582318e+01,2.229388e+01
1.330000e-10,0.000000e+00,0.000000e+00,0.000000e+00,-1.458146e-06,1.875022e-05,1.181851e-04,4.204329e-04,2.144652e-04,2.144652e-04,3.574166e-04,6.493102e-04,5.041067e-04,4.623856e-04,2.628947e+01,2.586261e+01,2.255117e+01
1.331000e-10,0.000000e+00,0.000000e+00,0.000000e+00,-2.043163e-06,3.491322e-05,9.899946e-05,4.416325e-04,1.685695e-04,1.685695e-04,4.080450e-04,6.552330e-04,4.432039e-04,5.147472e-04,2.628579e+01,2.588952e+01,2.283127e+01
1.332000e-10,0.000000e+00,0.000000e+00,0.000000e+00,-2.011084e-06,5.136312e-05,7.788663e-05,4.703805e-04,1.347515e-04,1.347515e-04,4.571892e-04,6.494607e-04,3.750254e-04,5.721786e-04,2.628659e+01,2.590452e+01,2.313240e+01
1.333000e-10,0.000000e+00,0.000000e+00,0.000000e+00,-1.441695e-06,6.595851e-05,5.617960e-05,5.008274e-04,1.144142e-04,1.144142e-04,5.033276e-04,6.317558e-04,3.053085e-04,6.354432e-04,2.629246e+01,2.590876e+01,2.345025e+01
1.334000e-10,0.000000e+00,0.000000e+00,0.000000e+00,-5.103602e-07,7.720652e-05,3.515414e-05,5.258535e-04,1.079433e-04,1.079433e-04,5.455391e-04,6.042558e-04,2.391905e-04,7.053921e-04,2.630372e+01,2.590383e+01,2.377743e+01
1.335000e-10,0.000000e+00,0.000000e+00,0.000000e+00,5.836978e-07,8.464106e-05,1.595773e-05,5.384420e-04,1.147530e-04,1.147530e-04,5.834183e-04,5.710435e-04,1.809669e-04,7.826738e-04,2.632035e+01,2.589166e+01,2.410366e+01
1.336000e-10,0.000000e+00,0.000000e+00,0.000000e+00,1.685092e-06,8.863534e-05,-4.522688e-07,5.333160e-04,1.334156e-04,1.334156e-04,6.168619e-04,5.372767e-04,1.340198e-04,8.672028e-04,2.634198e+01,2.587441e+01,2.441660e+01
1.337000e-10,0.000000e+00,0.000000e+00,0.000000e+00,2.712375e-06,8.979091e-05,-1.335764e-05,5.081577e-04,1.618596e-04,1.618596e-04,6.457559e-04,5.082347e-04,1.007606e-04,9.573692e-04,2.636785e+01,2.585431e+01,2.470347e+01
1.338000e-10,0.000000e+00,0.000000e+00,0.000000e+00,3.640673e-06,8.831940e-05,-2.231205e-05,4.638810e-04,1.976060e-04,1.976060e-04,6.696421e-04,4.885138e-04,8.254855e-05,1.049124e-03,2.639691e+01,2.583357e+01,2.495284e+01
1.339000e-10,0.000000e+00,0.000000e+00,0.000000e+00,4.455086e-06,8.380553e-05,-2.715503e-05,4.039716e-04,2.380076e-04,2.380076e-04,6.874912e-04,4.814062e-04,7.962230e-05,1.135338e-03,2.642791e+01,2.581424e+01,2.515617e+01
1.340000e-10,0.000000e+00,0.000000e+00,0.000000e+00,5.107804e-06,7.546326e-05,-2.800641e-05,3.333712e-04,2.804741e-04,2.804741e-04,6.977246e-04,4.883834e-04,9.110940e-05,1.206050e-03,2.645950e+01,2.579810e+01,2.530867e+01
1.341000e-10,0.000000e+00,0.000000e+00,0.000000e+00,5.506441e-06,6.270394e-05,-2.524195e-05,2.574333e-04,3.226732e-04,3.226732e-04,6.985688e-04,5.086177e-04,1.151475e-04,1.250096e-03,2.649030e+01,2.578655e+01,2.540957e+01
1.342000e-10,0.000000e+00,0.000000e+00,0.000000e+00,5.542914e-06,4.572430e-05,-1.945302e-05,1.812194e-04,3.627025e-04,3.627025e-04,6.886948e-04,5.386228e-04,1.491084e-04,1.257861e-03,2.651898e+01,2.578055e+01,2.546167e+01
1.343000e-10,0.000000e+00,0.000000e+00,0.000000e+00,5.152760e-06,2.588080e-05,-1.139370e-05,1.091360e-04,3.992228e-04,3.992228e-04,6.679154e-04,5.722874e-04,1.898834e-04,1.224074e-03,2.654428e+01,2.578059e+01,2.547071e+01
1.344000e-10,0.000000e+00,0.000000e+00,0.000000e+00,4.378812e-06,5.656955e-06,-1.919431e-06,4.477729e-05,4.315371e-04,4.315371e-04,6.376378e-04,6.016776e-04,2.341952e-04,1.149357e-03,2.656512e+01,2.578665e+01,2.544457e+01
1.345000e-10,0.000000e+00,0.000000e+00,0.000000e+00,3.400405e-06,-1.198730e-05,8.078537e-06,-9.148928e-06,4.595968e-04,4.595968e-04,6.008661e-04,6.187422e-04,2.789149e-04,1.039944e-03,2.658063e+01,2.579829e+01,2.539237e+01
1.346000e-10,0.000000e+00,0.000000e+00,0.000000e+00,2.491704e-06,-2.484564e-05,1.773857e-05,-5.086509e-05,4.839257e-04,4.839257e-04,5.617657e-04,6.174478e-04,3.213628e-04,9.059243e-04,2.659030e+01,2.581467e+01,2.532375e+01
1.347000e-10,0.000000e+00,0.000000e+00,0.000000e+00,1.907827e-06,-3.262507e-05,2.628926e-05,-7.953094e-05,5.054609e-04,5.054609e-04,5.249787e-04,5.953703e-04,3.595563e-04,7.589038e-04,2.659400e+01,2.583466e+01,2.524814e+01
1.348000e-10,0.000000e+00,0.000000e+00,0.000000e+00,1.752527e-06,-3.710529e-05,3.310028e-05,-9.518765e-05,5.253234e-04,5.253234e-04,4.949141e-04,5.539891e-04,3.923629e-04,6.099157e-04,2.659209e+01,2.585690e+01,2.517415e+01
1.349000e-10,0.000000e+00,0.000000e+00,0.000000e+00,1.909196e-06,-4.099110e-05,3.771869e-05,-9.863057e-05,5.445383e-04,5.445383e-04,4.751417e-04,4.977518e-04,4.195362e-04,4.680415e-04,2.658531e+01,2.587997e+01,2.510910e+01
1.350000e-10,0.000000e+00,0.000000e+00,0.000000e+00,2.086357e-06,-4.616526e-05,3.988778e-05,-9.123190e-05,5.637321e-04,5.637321e-04,4.679065e-04,4.326205e-04,4.416420e-04,3.398043e-04,2.657467e+01,2.590246e+01,2.505874e+01
1.351000e-10,0.000000e+00,0.000000e+00,0.000000e+00,1.958951e-06,-5.250168e-05,3.954744e-05,-7.475269e-05,5.828475e-04,5.828475e-04,4.737234e-04,3.648067e-04,4.599054e-04,2.291684e-04,2.656127e+01,2.592306e+01,2.502706e+01
1.352000e-10,0.000000e+00,0.000000e+00,0.000000e+00,1.328520e-06,-5.796070e-05,3.681853e-05,-5.118015e-05,6.009388e-04,6.009388e-04,4.910397e-04,2.999940e-04,4.760115e-04,1.379004e-04,2.654612e+01,2.594064e+01,2.501631e+01
1.353000e-10,0.000000e+00,0.000000e+00,0.000000e+00,2.173948e-07,-5.980245e-05,3.197559e-05,-2.260683e-05,6.161453e-04,6.161453e-04,5.160644e-04,2.429769e-04,4.918844e-04,6.608123e-05,2.653006e+01,2.595436e+01,2.502707e+01
1.354000e-10,0.000000e+00,0.000000e+00,0.000000e+00,-1.145549e-06,-5.609511e-05,2.541318e-05,8.854108e-06,6.259400e-04,6.259400e-04,5.429840e-04,1.975135e-04,5.094538e-04,1.262047e-05,2.651374e+01,2.596363e+01,2.505850e+01
1.355000e-10,0.000000e+00,0.000000e+00,0.000000e+00,-2.428595e-06,-4.663857e-05,1.761045e-05,4.113644e-05,6.276965e-04,6.276965e-04,5.648030e-04,1.662394e-04,5.303987e-04,-2.429904e-05,2.649766e+01,2.596820e+01,2.510852e+01
1.356000e-10,0.000000e+00,0.000000e+00,0.000000e+00,-3.328702e-06,-3.288973e-05,9.096871e-06,7.229003e-05,6.194679e-04,6.194679e-04,5.748060e-04,1.506002e-04,5.558515e-04,-4.687513e-05,2.648231e+01,2.596812e+01,2.517408e+01
1.357000e-10,0.000000e+00,0.000000e+00,0.000000e+00,-3.665786e-06,-1.709305e-05,4.200764e-07,1.005593e-04,6.007185e-04,6.007185e-04,5.682043e-04,1.508291e-04,5.860548e-04,-5.743387e-05,2.646818e+01,2.596373e+01,2.525150e+01
1.358000e-10,0.000000e+00,0.000000e+00,0.000000e+00,-3.406044e-06,-1.224742e-06,-7.884234e-06,1.244647e-04,5.727102e-04,5.727102e-04,5.432583e-04,1.660106e-04,6.200022e-04,-5.825499e-05,2.645582e+01,2.595563e+01,2.533671e+01
1.359000e-10,0.000000e+00,0.000000e+00,0.000000e+00,-2.624732e-06,1.361841e-05,-1.532062e-05,1.428741e-04,5.383927e-04,5.383927e-04,5.013972e-04,1.942438e-04,6.551788e-04,-5.145615e-05,2.644578e+01,2.594463e+01,2.542551e+01
1.360000e-10,0.000000e+00,0.000000e+00,0.000000e+00,-1.449698e-06,2.708533e-05,-2.146016e-05,1.550488e-04,5.018766e-04,5.018766e-04,4.464432e-04,2.328871e-04,6.876159e-04,-3.891976e-05,2.643857e+01,2.593167e+01,2.551390e+01
1.361000e-10,0.000000e+00,0.000000e+00,0.000000e+00,-2.655922e-08,3.891925e-05,-2.596369e-05,1.606592e-04,4.677157e-04,4.677157e-04,3.834672e-04,2.788526e-04,7.124950e-04,-2.225044e-05,2.643460e+01,2.591778e+01,2.559822e+01
1.362000e-10,0.000000e+00,0.000000e+00,0.000000e+00,1.484835e-06,4.843654e-05,-2.860041e-05,1.597701e-04,4.402160e-04,4.402160e-04,3.177861e-04,3.289196e-04,7.253524e-04,-2.754795e-06,2.643410e+01,2.590398e+01,2.567537e+01
1.363000e-10,0.000000e+00,0.000000e+00,0.000000e+00,2.909188e-06,5.468924e-05,-2.926056e-05,1.528024e-04,4.228728e-04,4.228728e-04,2.543271e-04,3.800415e-04,7.235413e-04,1.856197e-05,2.643709e+01,2.589125e+01,2.574289e+01
1.364000e-10,0.000000e+00,0.000000e+00,0.000000e+00,4.082279e-06,5.719717e-05,-2.796085e-05,1.404801e-04,4.179225e-04,4.179225e-04,1.973173e-04,4.296276e-04,7.072937e-04,4.098666e-05,2.644333e+01,2.588042e+01,2.579907e+01
1.365000e-10,0.000000e+00,0.000000e+00,0.000000e+00,4.906109e-06,5.653069e-05,-2.484168e-05,1.237676e-04,4.259521e-04,4.259521e-04,1.501516e-04,4.757667e-04,6.798469e-04,6.407909e-05,2.645233e+01,2.587216e+01,2.584291e+01
1.366000e-10,0.000000e+00,0.000000e+00,0.000000e+00,5.396356e-06,5.413351e-05,-2.015572e-05,1.038038e-04,4.455440e-04,4.455440e-04,1.153164e-04,5.173587e-04,6.466125e-04,8.764602e-05,2.646340e+01,2.586693e+01,2.587412e+01
1.367000e-10,0.000000e+00,0.000000e+00,0.000000e+00,5.679598e-06,5.144721e-05,-1.424793e-05,8.183223e-05,4.730447e-04,4.730447e-04,9.432211e-05,5.541130e-04,6.138181e-04,1.117103e-04,2.647573e+01,2.586498e+01,2.589308e+01
1.368000e-10,0.000000e+00,0.000000e+00,0.000000e+00,5.928279e-06,4.896545e-05,-7.528183e-06,5.913037e-05,5.026799e-04,5.026799e-04,8.766124e-05,5.863903e-04,5.871173e-04,1.364763e-04,2.648852e+01,2.586631e+01,2.590075e+01
1.369000e-10,0.000000e+00,0.000000e+00,0.000000e+00,6.263532e-06,4.587532e-05,-4.390041e-07,3.693876e-05,5.272776e-04,5.272776e-04,9.482744e-05,6.148899e-04,5.704404e-04,1.622912e-04,2.650108e+01,2.587073e+01,2.589855e+01
1.370000e-10,0.000000e+00,0.000000e+00,0.000000e+00,6.679105e-06,4.051655e-05,6.577867e-06,1.639261e-05,5.396659e-04,5.396659e-04,1.144209e-04,6.402302e-04,5.651418e-04,1.896012e-04,2.651286e+01,2.587784e+01,2.588831e+01
1.371000e-10,0.000000e+00,0.000000e+00,0.000000e+00,7.029527e-06,3.136930e-05,1.311218e-05,-1.540242e-06,5.343780e-04,5.343780e-04,1.443319e-04,6.625119e-04,5.694854e-04,2.189015e-04,2.652353e+01,2.588715e+01,2.587212e+01
1.372000e-10,0.000000e+00,0.000000e+00,0.000000e+00,7.090718e-06,1.799574e-05,1.880980e-05,-1.611089e-05,5.089498e-04,5.089498e-04,1.819721e-04,6.809942e-04,5.786736e-04,2.506831e-04,2.653281e+01,2.589801e+01,2.585223e+01
1.373000e-10,0.000000e+00,0.000000e+00,0.000000e+00,6.662970e-06,1.429656e-06,2.338940e-05,-2.682619e-05,4.642356e-04,4.642356e-04,2.245179e-04,6.940401e-04,5.857466e-04,2.853839e-04,2.654049e+01,2.590977e+01,2.583088e+01
1.374000e-10,0.000000e+00,0.000000e+00,0.000000e+00,5.665732e-06,-1.615743e-05,2.665127e-05,-3.346760e-05,4.037409e-04,4.037409e-04,2.691473e-04,6.994508e-04,5.834335e-04,3.233606e-04,2.654633e+01,2.592175e+01,2.581021e+01
1.375000e-10,0.000000e+00,0.000000e+00,0.000000e+00,4.180371e-06,-3.229180e-05,2.847963e-05,-3.609007e-05,3.324702e-04,3.324702e-04,3.132612e-04,6.951797e-04,5.663895e-04,3.648938e-04,2.655005e+01,2.593332e+01,2.579211e+01
1.376000e-10,0.000000e+00,0.000000e+00,0.000000e+00,2.425556e-06,-4.507098e-05,2.884058e-05,-3.500127e-05,2.558481e-04,2.558481e-04,3.546872e-04,6.802100e-04,5.327584e-04,4.102312e-04,2.655137e+01,2.594391e+01,2.577811e+01
1.377000e-10,0.000000e+00,0.000000e+00,0.000000e+00,6.831270e-07,-5.364518e-05,2.777743e-05,-3.072347e-05,1.789983e-04,1.789983e-04,3.918502e-04,6.552329e-04,4.843263e-04,4.596604e-04,2.655011e+01,2.595307e+01,2.576933e+01
1.378000e-10,0.000000e+00,0.000000e+00,0.000000e+00,-7.878696e-07,-5.814994e-05,2.540446e-05,-2.394211e-05,1.063788e-04,1.063788e-04,4.238878e-04,6.228180e-04,4.254507e-04,5.135902e-04,2.654627e+01,2.596044e+01,2.576639e+01
1.379000e-10,0.000000e+00,0.000000e+00,0.000000e+00,-1.813693e-06,-5.926099e-05,2.189916e-05,-1.544611e-05,4.162826e-05,4.162826e-05,4.506849e-04,5.870216e-04,3.615796e-04,5.726117e-04,2.654005e+01,2.596582e+01,2.576942e+01
1.380000e-10,0.000000e+00,0.000000e+00,0.000000e+00,-2.328909e-06,-5.771196e-05,1.749252e-05,-6.065335e-06,-1.250698e-05,-1.250698e-05,4.728155e-04,5.526256e-04,2.980871e-04,6.375003e-04,2.653190e+01,2.596912e+01,2.577809e+01
1.381000e-10,0.000000e+00,0.000000e+00,0.000000e+00,-2.365133e-06,-5.403496e-05,1.245670e-05,3.389641e-06,-5.422105e-05,-5.422105e-05,4.913924e-04,5.242855e-04,2.396763e-04,7.091033e-04,2.652246e+01,2.597037e+01,2.579163e+01
1.382000e-10,0.000000e+00,0.000000e+00,0.000000e+00,-2.021346e-06,-4.855172e-05,7.090165e-06,1.218110e-05,-8.266124e-05,-8.266124e-05,5.078437e-04,5.057700e-04,1.902090e-04,7.880450e-04,2.651250e+01,2.596971e+01,2.580898e+01
1.383000e-10,0.000000e+00,0.000000e+00,0.000000e+00,-1.429486e-06,-4.146906e-05,1.700416e-06,1.968774e-05,-9.787580e-05,-9.787580e-05,5.236385e-04,4.993375e-04,1.527030e-04,8.741797e-04,2.650281e+01,2.596738e+01,2.582882e+01
1.384000e-10,0.000000e+00,0.000000e+00,0.000000e+00,-7.222382e-07,-3.294314e-05,-3.414491e-06,2.543618e-05,-1.006858e-04,-1.006858e-04,5.399856e-04,5.052219e-04,1.293043e-04,9.657810e-04,2.649413e+01,2.596368e+01,2.584974e+01
1.385000e-10,0.000000e+00,0.000000e+00,0.000000e+00,-6.518553e-09,-2.310172e-05,-7.984272e-06,2.911953e-05,-9.250350e-05,-9.250350e-05,5.575272e-04,5.212476e-04,1.211830e-04,1.058613e-03,2.648705e+01,2.595895e+01,2.587032e+01
1.386000e-10,0.000000e+00,0.000000e+00,0.000000e+00,6.531165e-07,-1.209133e-05,-1.178293e-05,3.060339e-05,-7.513904e-05,-7.513904e-05,5.760668e-04,5.427436e-04,1.284052e-04,1.145307e-03,2.648197e+01,2.595359e+01,2.588923e+01
1.387000e-10,0.000000e+00,0.000000e+00,0.000000e+00,1.236653e-06,-1.837295e-07,-1.464189e-05,2.992051e-05,-5.063404e-05,-5.063404e-05,5.943928e-04,5.630468e-04,1.498762e-04,1.215680e-03,2.647907e+01,2.594794e+01,2.590534e+01
1.388000e-10,0.000000e+00,0.000000e+00,0.000000e+00,1.755420e-06,1.210479e-05,-1.645859e-05,2.725547e-05,-2.113863e-05,-2.113863e-05,6.103025e-04,5.747946e-04,1.834275e-04,1.258471e-03,2.647837e+01,2.594237e+01,2.591778e+01
1.389000e-10,0.000000e+00,0.000000e+00,0.000000e+00,2.228808e-06,2.397035e-05,-1.719978e-05,2.292152e-05,1.117466e-05,1.117466e-05,6.209325e-04,5.717724e-04,2.260589e-04,1.264176e-03,2.647969e+01,2.593718e+01,2.592597e+01
1.390000e-10,0.000000e+00,0.000000e+00,0.000000e+00,2.661316e-06,3.441791e-05,-1.689979e-05,1.733100e-05,4.418125e-05,4.418125e-05,6.234210e-04,5.505751e-04,2.742925e-04,1.227851e-03,2.648277e+01,2.593262e+01,2.592965e+01
1.391000e-10,0.000000e+00,0.000000e+00,0.000000e+00,3.030992e-06,4.248951e-05,-1.565407e-05,1.096152e-05,7.587858e-05,7.587858e-05,6.157623e-04,5.112983e-04,3.245783e-04,1.150563e-03,2.648722e+01,2.592891e+01,2.592889e+01
1.392000e-10,0.000000e+00,0.000000e+00,0.000000e+00,3.295460e-06,4.754217e-05,-1.360919e-05,4.319595e-06,1.044708e-04,1.044708e-04,5.975510e-04,4.570504e-04,3.737014e-04,1.038988e-03,2.649264e+01,2.592614e+01,2.592404e+01
1.393000e-10,0.000000e+00,0.000000e+00,0.000000e+00,3.413176e-06,4.944905e-05,-1.095033e-05,-2.096135e-06,1.284564e-04,1.284564e-04,5.703062e-04,3.927557e-04,4.191439e-04,9.035447e-04,2.649858e+01,2.592439e+01,2.591574e+01
1.394000e-10,0.000000e+00,0.000000e+00,0.000000e+00,3.369117e-06,4.861254e-05,-7.887209e-06,-7.829693e-06,1.467022e-04,1.467022e-04,5.372581e-04,3.239237e-04,4.593517e-04,7.560171e-04,2.650458e+01,2.592364e+01,2.590482e+01
1.395000e-10,0.000000e+00,0.000000e+00,0.000000e+00,3.190648e-06,4.576276e-05,-4.639310e-06,-1.249830e-05,1.584900e-04,1.584900e-04,5.027276e-04,2.558045e-04,4.938574e-04,6.074725e-04,2.651021e+01,2.592381e+01,2.589225e+01
1.396000e-10,0.000000e+00,0.000000e+00,0.000000e+00,2.943709e-06,4.163543e-05,-1.421219e-06,-1.581636e-05,1.635290e-04,1.635290e-04,4.713547e-04,1.929752e-04,5.232299e-04,4.669219e-04,2.651510e+01,2.592480e+01,2.587908e+01
1.397000e-10,0.000000e+00,0.000000e+00,0.000000e+00,2.709891e-06,3.669718e-05,1.571231e-06,-1.761110e-05,1.619354e-04,1.619354e-04,4.473866e-04,1.391977e-04,5.488603e-04,3.407598e-04,2.651896e+01,2.592644e+01,2.586634e+01
1.398000e-10,0.000000e+00,0.000000e+00,0.000000e+00,2.555245e-06,3.105388e-05,4.173042e-06,-1.782886e-05,1.541885e-04,1.541885e-04,4.341019e-04,9.736899e-05,5.726201e-04,2.328011e-04,2.652166e+01,2.592857e+01,2.585500e+01
1.399000e-10,0.000000e+00,0.000000e+00,0.000000e+00,2.505571e-06,2.456185e-05,6.259402e-06,-1.653184e-05,1.410723e-04,1.410723e-04,4.333379e-04,6.946882e-05,5.964404e-04,1.446694e-04,2.652316e+01,2.593098e+01,2.584586e+01
1.400000e-10,0.000000e+00,0.000000e+00,0.000000e+00,2.538652e-06,1.704769e-05,7.751442e-06,-1.388609e-05,1.236090e-04,1.236090e-04,4.450642e-04,5.649947e-05,6.218530e-04,7.632233e-05,2.652357e+01,2.593350e+01,2.583956e+01
1.401000e-10,0.000000e+00,0.000000e+00,0.000000e+00,2.595005e-06,8.503914e-06,8.617854e-06,-1.014249e-05,1.029891e-04,1.029891e-04,4.670223e-04,5.845624e-05,6.495321e-04,2.657432e-05,2.652307e+01,2.593595e+01,2.583651e+01
1.402000e-10,0.000000e+00,0.000000e+00,0.000000e+00,2.600659e-06,-8.256720e-07,8.872357e-06,-5.612667e-06,8.049953e-05,8.049953e-05,4.945885e-04,7.436375e-05,6.788948e-04,-6.456780e-06,2.652189e+01,2.593818e+01,2.583685e+01
1.403000e-10,0.000000e+00,0.000000e+00,0.000000e+00,2.492345e-06,-1.047374e-05,8.567554e-06,-6.425980e-07,5.744992e-05,5.744992e-05,5.211420e-04,1.023876e-04,7.078848e-04,-2.500267e-05,2.652025e+01,2.594008e+01,2.584051e+01
1.404000e-10,0.000000e+00,0.000000e+00,0.000000e+00,2.237216e-06,-1.983651e-05,7.786186e-06,4.414054e-06,3.509947e-05,3.509947e-05,5.391678e-04,1.400089e-04,7.331262e-04,-3.139253e-05,2.651833e+01,2.594156e+01,2.584719e+01
1.405000e-10,0.000000e+00,0.000000e+00,0.000000e+00,1.843055e-06,-2.826728e-05,6.631073e-06,9.220526e-06,1.458637e-05,1.458637e-05,5.419642e-04,1.842440e-04,7.506161e-04,-2.787941e-05,2.651624e+01,2.594258e+01,2.585643e+01
1.406000e-10,0.000000e+00,0.000000e+00,0.000000e+00,1.357950e-06,-3.516087e-05,5.215040e-06,1.347798e-05,-3.135351e-06,-3.135351e-06,5.253384e-04,2.318938e-04,7.569084e-04,-1.652597e-05,2.651402e+01,2.594313e+01,2.586759e+01
1.407000e-10,0.000000e+00,0.000000e+00,0.000000e+00,8.598972e-07,-4.004062e-05,3.651920e-06,1.694189e-05,-1.734720e-05,-1.734720e-05,4.885112e-04,2.798104e-04,7.503970e-04,8.668017e-07,2.651168e+01,2.594323e+01,2.587998e+01
1.408000e-10,0.000000e+00,0.000000e+00,0.000000e+00,4.379653e-07,-4.265071e-05,2.049372e-06,1.943317e-05,-2.760094e-05,-2.760094e-05,4.338892e-04,3.251675e-04,7.320991e-04,2.280006e-05,2.650923e+01,2.594294e+01,2.589284e+01
1.409000e-10,0.000000e+00,0.000000e+00,0.000000e+00,1.686822e-07,-4.302518e-05,5.037812e-07,2.084419e-05,-3.373342e-05,-3.373342e-05,3.660213e-04,3.657104e-04,7.055397e-04,4.809504e-05,2.650667e+01,2.594234e+01,2.590546e+01
1.410000e-10,0.000000e+00,0.000000e+00,0.000000e+00,9.390328e-08,-4.148712e-05,-9.029232e-07,2.113977e-05,-3.586001e-05,-3.586001e-05,2.903709e-04,3.999580e-04,6.757989e-04,7.589333e-05,2.650407e+01,2.594151e+01,2.591717e+01
1.411000e-10,0.000000e+00,0.000000e+00,0.000000e+00,2.077700e-07,-3.854915e-05,-2.104997e-06,2.035391e-05,-3.434754e-05,-3.434754e-05,2.123735e-04,4.273182e-04,6.481302e-04,1.056419e-04,2.650154e+01,2.594057e+01,2.592739e+01
1.412000e-10,0.000000e+00,0.000000e+00,0.000000e+00,4.587358e-07,-3.473270e-05,-3.053751e-06,1.858283e-05,-2.976996e-05,-2.976996e-05,1.369045e-04,4.480930e-04,6.265762e-04,1.370638e-04,2.649922e+01,2.593961e+01,2.593568e+01
1.413000e-10,0.000000e+00,0.000000e+00,0.000000e+00,7.676463e-07,-3.037497e-05,-3.718033e-06,1.597509e-05,-2.285165e-05,-2.285165e-05,6.804898e-05,4.633690e-04,6.128557e-04,1.701137e-04,2.649724e+01,2.593873e+01,2.594174e+01
1.414000e-10,0.000000e+00,0.000000e+00,0.000000e+00,1.055971e-06,-2.552017e-05,-4.084522e-06,1.271956e-05,-1.440400e-05,-1.440400e-05,9.006815e-06,4.748156e-04,6.057028e-04,2.049209e-04,2.649572e+01,2.593800e+01,2.594541e+01
1.415000e-10,0.000000e+00,0.000000e+00,0.000000e+00,1.272539e-06,-1.997271e-05,-4.157687e-06,9.031867e-06,-5.261100e-06,-5.261100e-06,-3.796512e-05,4.844264e-04,6.009008e-04,2.417221e-04,2.649473e+01,2.593749e+01,2.594669e+01
1.416000e-10,0.000000e+00,0.000000e+00,0.000000e+00,1.406265e-06,-1.351266e-05,-3.959075e-06,5.140286e-06,3.780502e-06,3.780502e-06,-7.158908e-05,4.942378e-04,5.922720e-04,2.807992e-04,2.649426e+01,2.593723e+01,2.594571e+01
1.417000e-10,0.000000e+00,0.000000e+00,0.000000e+00,1.478452e-06,-6.167138e-06,-3.525553e-06,1.271526e-06,1.201346e-05,1.201346e-05,-9.154979e-05,5.060436e-04,5.735739e-04,3.224355e-04,2.649427e+01,2.593724e+01,2.594272e+01
1.418000e-10,0.000000e+00,0.000000e+00,0.000000e+00,1.519225e-06,1.629588e-06,-2.906374e-06,-2.362590e-06,1.886002e-05,1.886002e-05,-9.839895e-05,5.211108e-04,5.406253e-04,3.669065e-04,2.649467e+01,2.593750e+01,2.593808e+01
1.419000e-10,0.000000e+00,0.000000e+00,0.000000e+00,1.541968e-06,9.105168e-06,-2.159282e-06,-5.576933e-06,2.389945e-05,2.389945e-05,-9.338882e-05,5.398999e-04,4.926229e-04,4.145093e-04,2.649535e+01,2.593800e+01,2.593219e+01
1.420000e-10,0.000000e+00,0.000000e+00,0.000000e+00,1.531004e-06,1.542599e-05,-1.346136e-06,-8.222675e-06,2.688214e-05,2.688214e-05,-7.827324e-05,5.618161e-04,4.320621e-04,4.656194e-04,2.649621e+01,2.593868e+01,2.592552e+01
1.421000e-10,0.000000e+00,0.000000e+00,0.000000e+00,1.449943e-06,2.003048e-05,-5.286562e-07,-1.019416e-05,2.773122e-05,2.773122e-05,-5.512128e-05,5.850631e-04,3.635730e-04,5.207558e-04,2.649712e+01,2.593948e+01,2.591853e+01
1.422000e-10,0.000000e+00,0.000000e+00,0.000000e+00,1.266035e-06,2.283783e-05,2.352830e-07,-1.143267e-05,2.653303e-05,2.653303e-05,-2.617062e-05,6.067236e-04,2.924894e-04,5.806248e-04,2.649796e+01,2.594035e+01,2.591167e+01
1.423000e-10,0.000000e+00,0.000000e+00,0.000000e+00,9.770242e-07,2.423258e-05,8.946725e-07,-1.192703e-05,2.351831e-05,2.351831e-05,6.278621e-06,6.231947e-04,2.238039e-04,6.461016e-04,2.649859e+01,2.594120e+01,2.590534e+01
1.424000e-10,0.000000e+00,0.000000e+00,0.000000e+00,6.260457e-07,2.485302e-05,1.407830e-06,-1.171101e-05,1.903581e-05,1.903581e-05,3.994904e-05,6.309953e-04,1.616847e-04,7.180942e-04,2.649890e+01,2.594199e+01,2.589988e+01
1.425000e-10,0.000000e+00,0.000000e+00,0.000000e+00,2.966032e-07,2.530281e-05,1.744555e-06,-1.085813e-05,1.352038e-05,1.352038e-05,7.267189e-05,6.277582e-04,1.093921e-04,7.972211e-04,2.649876e+01,2.594264e+01,2.589554e+01
1.426000e-10,0.000000e+00,0.000000e+00,0.000000e+00,8.920113e-08,2.591544e-05,1.888119e-06,-9.474076e-06,7.457271e-06,7.457271e-06,1.024841e-04,6.130344e-04,6.933484e-05,8.832371e-04,2.649816e+01,2.594311e+01,2.589248e+01
1.427000e-10,0.000000e+00,0.000000e+00,0.000000e+00,8.856279e-08,2.664683e-05,1.836985e-06,-7.687749e-06,1.344791e-06,1.344791e-06,1.277290e-04,5.885701e-04,4.309613e-05,9.742083e-04,2.649711e+01,2.594337e+01,2.589077e+01
1.428000e-10,0.000000e+00,0.000000e+00,0.000000e+00,3.330767e-07,2.710399e-05,1.605835e-06,-5.641353e-06,-4.342528e-06,-4.342528e-06,1.471441e-04,5.579658e-04,3.138544e-05,1.065607e-03,2.649578e+01,2.594340e+01,2.589038e+01
1.429000e-10,0.000000e+00,0.000000e+00,0.000000e+00,7.968053e-07,2.668389e-05,1.225343e-06,-3.480488e-06,-9.187658e-06,-9.187658e-06,1.599172e-04,5.259122e-04,3.396919e-05,1.149776e-03,2.649439e+01,2.594320e+01,2.589121e+01
1.430000e-10,0.000000e+00,0.000000e+00,0.000000e+00,1.390932e-06,2.479238e-05,7.401513e-07,-1.344805e-06,-1.285933e-05,-1.285933e-05,1.657017e-04,4.972997e-04,4.966413e-05,1.216389e-03,2.649323e+01,2.594278e+01,2.589309e+01
1.431000e-10,0.000000e+00,0.000000e+00,0.000000e+00,1.986437e-06,2.109568e-05,2.048183e-07,6.401871e-07,-1.513257e-05,-1.513257e-05,1.645946e-04,4.764154e-04,7.644543e-05,1.254326e-03,2.649257e+01,2.594217e+01,2.589579e+01
1.432000e-10,0.000000e+00,0.000000e+00,0.000000e+00,2.452540e-06,1.571036e-05,-3.220130e-07,2.369738e-06,-1.590002e-05,-1.590002e-05,1.570849e-04,4.662833e-04,1.116636e-04,1.254528e-03,2.649261e+01,2.594140e+01,2.589905e+01
1.433000e-10,0.000000e+00,0.000000e+00,0.000000e+00,2.697723e-06,9.217956e-06,-7.844365e-07,3.764607e-06,-1.517329e-05,-1.517329e-05,1.439857e-04,4.681112e-04,1.523241e-04,1.212676e-03,2.649346e+01,2.594053e+01,2.590259e+01
1.434000e-10,0.000000e+00,0.000000e+00,0.000000e+00,2.696636e-06,2.459052e-06,-1.135936e-06,4.773822e-06,-1.307469e-05,-1.307469e-05,1.263607e-04,4.808299e-04,1.953809e-04,1.130439e-03,2.649507e+01,2.593959e+01,2.590617e+01
1.435000e-10,0.000000e+00,0.000000e+00,0.000000e+00,2.491088e-06,-3.805951e-06,-1.344643e-06,5.375444e-06,-9.820763e-06,-9.820763e-06,1.054483e-04,5.008355e-04,2.380120e-04,1.014895e-03,2.649727e+01,2.593866e+01,2.590953e+01
1.436000e-10,0.000000e+00,0.000000e+00,0.000000e+00,2.165281e-06,-9.188414e-06,-1.396267e-06,5.575449e-06,-5.699523e-06,-5.699523e-06,8.258527e-05,5.222034e-04,2.778535e-04,8.765959e-04,2.649983e+01,2.593777e+01,2.591248e+01
1.437000e-10,0.000000e+00,0.000000e+00,0.000000e+00,1.807883e-06,-1.375604e-05,-1.294376e-06,5.404960e-06,-1.044020e-06,-1.044020e-06,5.912950e-05,5.376475e-04,3.131721e-04,7.272236e-04,2.650247e+01,2.593698e+01,2.591485e+01
1.438000e-10,0.000000e+00,0.000000e+00,0.000000e+00,1.479233e-06,-1.787268e-05,-1.058286e-06,4.916108e-06,3.795223e-06,3.795223e-06,3.638333e-05,5.401984e-04,3.429560e-04,5.775937e-04,2.650492e+01,2.593634e+01,2.591655e+01
1.439000e-10,0.000000e+00,0.000000e+00,0.000000e+00,1.197965e-06,-2.189291e-05,-7.193305e-07,4.176891e-06,8.476501e-06,8.476501e-06,1.551893e-05,5.250472e-04,3.669166e-04,4.364112e-04,2.650697e+01,2.593587e+01,2.591753e+01
1.440000e-10,0.000000e+00,0.000000e+00,0.000000e+00,9.504025e-07,-2.588276e-05,-3.164079e-07,3.265403e-06,1.269001e-05,1.269001e-05,-2.488529e-06,4.907119e-04,3.854111e-04,3.097814e-04,2.650844e+01,2.593560e+01,2.591780e+01
1.441000e-10,0.000000e+00,0.000000e+00,0.000000e+00,7.144444e-07,-2.951283e-05,1.084321e-07,2.263848e-06,1.617636e-05,1.617636e-05,-1.691471e-05,4.390362e-04,3.993137e-04,2.012854e-04,2.650923e+01,2.593555e+01,2.591741e+01
1.442000e-10,0.000000e+00,0.000000e+00,0.000000e+00,4.832331e-07,-3.217229e-05,5.139344e-07,1.252729e-06,1.873973e-05,1.873973e-05,-2.732116e-05,3.742295e-04,4.098707e-04,1.123785e-04,2.650930e+01,2.593571e+01,2.591647e+01
1.443000e-10,0.000000e+00,0.000000e+00,0.000000e+00,2.756122e-07,-3.323565e-05,8.629799e-07,3.055804e-07,2.025552e-05,2.025552e-05,-3.356784e-05,3.015965e-04,4.185687e-04,4.290693e-05,2.650863e+01,2.593606e+01,2.591510e+01
1.444000e-10,0.000000e+00,0.000000e+00,0.000000e+00,1.286649e-07,-3.233936e-05,1.125354e-06,-5.154499e-07,2.067269e-05,2.067269e-05,-3.580186e-05,2.265041e-04,4.270225e-04,-8.387770e-06,2.650726e+01,2.593660e+01,2.591345e+01
1.445000e-10,0.000000e+00,0.000000e+00,0.000000e+00,7.773747e-08,-2.952850e-05,1.279939e-06,-1.162920e-06,2.001139e-05,2.001139e-05,-3.442428e-05,1.537848e-04,4.368736e-04,-4.344216e-05,2.650530e+01,2.593728e+01,2.591169e+01
1.446000e-10,0.000000e+00,0.000000e+00,0.000000e+00,1.357269e-07,-2.521235e-05,1.316207e-06,-1.606169e-06,1.835660e-05,1.835660e-05,-3.003931e-05,8.748370e-05,4.496781e-04,-6.454168e-05,2.650289e+01,2.593806e+01,2.590996e+01
1.447000e-10,0.000000e+00,0.000000e+00,0.000000e+00,2.829870e-07,-1.997104e-05,1.234769e-06,-1.832079e-06,1.584853e-05,1.584853e-05,-2.339186e-05,3.077294e-05,4.667628e-04,-7.408165e-05,2.650022e+01,2.593889e+01,2.590841e+01
1.448000e-10,0.000000e+00,0.000000e+00,0.000000e+00,4.728891e-07,-1.432497e-05,1.046787e-06,-1.844578e-06,1.267068e-05,1.267068e-05,-1.530024e-05,-1.409203e-05,4.890299e-04,-7.440114e-05,2.649751e+01,2.593972e+01,2.590716e+01
1.449000e-10,0.000000e+00,0.000000e+00,0.000000e+00,6.498201e-07,-8.581029e-06,7.721920e-07,-1.662990e-06,9.036232e-06,9.036232e-06,-6.589938e-06,-4.580898e-05,5.167022e-04,-6.767156e-05,2.649494e+01,2.594051e+01,2.590629e+01
1.450000e-10,0.000000e+00,0.000000e+00,0.000000e+00,7.705679e-07,-2.815947e-06,4.369715e-07,-1.319442e-06,5.173586e-06,5.173586e-06,1.966063e-06,-6.403328e-05,5.490260e-04,-5.582478e-05,2.649267e+01,2.594122e+01,2.590586e+01
1.451000e-10,0.000000e+00,0.000000e+00,0.000000e+00,8.191509e-07,3.016919e-06,6.996941e-08,-8.555846e-07,1.311840e-06,1.311840e-06,9.696593e-06,-6.931889e-05,5.840021e-04,-4.051023e-05,2.649080e+01,2.594179e+01,2.590588e+01
1.452000e-10,0.000000e+00,0.000000e+00,0.000000e+00,8.090181e-07,8.927742e-06,-3.002170e-07,-3.188911e-07,-2.333087e-06,-2.333087e-06,1.606884e-05,-6.299078e-05,6.182912e-04,-2.307411e-05,2.648938e+01,2.594221e+01,2.590635e+01
1.453000e-10,0.000000e+00,0.000000e+00,0.000000e+00,7.728524e-07,1.476450e-05,-6.477552e-07,2.411563e-07,-5.570866e-06,-5.570866e-06,2.071112e-05,-4.697164e-05,6.474991e-04,-4.556278e-06,2.648840e+01,2.594245e+01,2.590721e+01
1.454000e-10,0.000000e+00,0.000000e+00,0.000000e+00,7.457786e-07,2.018318e-05,-9.512322e-07,7.767375e-07,-8.247012e-06,-8.247012e-06,2.342214e-05,-2.359387e-05,6.669821e-04,1.429842e-05,2.648782e+01,2.594250e+01,2.590840e+01
1.455000e-10,0.000000e+00,0.000000e+00,0.000000e+00,7.501500e-07,2.472454e-05,-1.194438e-06,1.244974e-06,-1.025039e-05,-1.025039e-05,2.416792e-05,4.582231e-06,6.730678e-04,3.301734e-05,2.648762e+01,2.594238e+01,2.590981e+01
1.456000e-10,0.000000e+00,0.000000e+00,0.000000e+00,7.885251e-07,2.795734e-05,-1.366482e-06,1.610628e-06,-1.151754e-05,-1.151754e-05,2.306819e-05,3.493872e-05,6.642553e-04,5.136894e-05,2.648773e+01,2.594208e+01,2.591136e+01
1.457000e-10,0.000000e+00,0.000000e+00,0.000000e+00,8.470712e-07,2.962095e-05,-1.461525e-06,1.848084e-06,-1.203367e-05,-1.203367e-05,2.037409e-05,6.496141e-05,6.418437e-04,6.932671e-05,2.648811e+01,2.594164e+01,2.591293e+01
1.458000e-10,0.000000e+00,0.000000e+00,0.000000e+00,9.066732e-07,2.970493e-05,-1.478375e-06,1.942536e-06,-1.183035e-05,-1.183035e-05,1.643917e-05,9.239329e-05,6.097072e-04,8.703153e-05,2.648873e+01,2.594109e+01,2.591441e+01
1.459000e-10,0.000000e+00,0.000000e+00,0.000000e+00,9.556450e-07,2.843277e-05,-1.420035e-06,1.890356e-06,-1.098023e-05,-1.098023e-05,1.168581e-05,1.153723e-04,5.733791e-04,1.047555e-04,2.648952e+01,2.594046e+01,2.591571e+01
1.460000e-10,0.000000e+00,0.000000e+00,0.000000e+00,9.974579e-07,2.615785e-05,-1.293190e-06,1.698684e-06,-9.589454e-06,-9.589454e-06,6.568864e-06,1.325363e-04,5.388643e-04,1.228691e-04,2.649045e+01,2.593980e+01,2.591676e+01
1.461000e-10,0.000000e+00,0.000000e+00,0.000000e+00,1.049423e-06,2.321687e-05,-1.107529e-06,1.384311e-06,-7.788287e-06,-7.788287e-06,1.539055e-06,1.430784e-04,5.115394e-04,1.418128e-04,2.649146e+01,2.593914e+01,2.591749e+01
1.462000e-10,0.000000e+00,0.000000e+00,0.000000e+00,1.132743e-06,1.980644e-05,-8.748449e-07,9.719901e-07,-5.720887e-06,-5.720887e-06,-2.991613e-06,1.467442e-04,4.952744e-04,1.620720e-04,2.649253e+01,2.593852e+01,2.591787e+01
1.463000e-10,0.000000e+00,0.000000e+00,0.000000e+00,1.258741e-06,1.594008e-05,-6.079882e-07,4.923030e-07,-3.534982e-06,-3.534982e-06,-6.679825e-06,1.437782e-04,4.917492e-04,1.841525e-04,2.649363e+01,2.593799e+01,2.591789e+01
1.464000e-10,0.000000e+00,0.000000e+00,0.000000e+00,1.418242e-06,1.150485e-05,-3.198384e-07,-2.073123e-08,-1.372162e-06,-1.372162e-06,-9.273994e-06,1.348374e-04,4.999399e-04,2.085540e-04,2.649477e+01,2.593755e+01,2.591756e+01
1.465000e-10,0.000000e+00,0.000000e+00,0.000000e+00,1.579750e-06,6.387393e-06,-2.254980e-08,-5.321444e-07,6.405825e-07,6.405825e-07,-1.062858e-05,1.208938e-04,5.159055e-04,2.357399e-04,2.649595e+01,2.593724e+01,2.591691e+01
1.466000e-10,0.000000e+00,0.000000e+00,0.000000e+00,1.697941e-06,6.050527e-07,2.727469e-07,-1.008430e-06,2.397614e-06,2.397614e-06,-1.070871e-05,1.031389e-04,5.331806e-04,2.661059e-04,2.649718e+01,2.593705e+01,2.591600e+01
1.467000e-10,0.000000e+00,0.000000e+00,0.000000e+00,1.729181e-06,-5.620493e-06,5.557515e-07,-1.419718e-06,3.819418e-06,3.819418e-06,-9.585223e-06,8.289537e-05,5.440442e-04,2.999580e-04,2.649845e+01,2.593701e+01,2.591489e+01
1.468000e-10,0.000000e+00,0.000000e+00,0.000000e+00,1.647654e-06,-1.187769e-05,8.164691e-07,-1.741593e-06,4.855251e-06,4.855251e-06,-7.421099e-06,6.153480e-05,5.415063e-04,3.375118e-04,2.649971e+01,2.593708e+01,2.591365e+01
1.469000e-10,0.000000e+00,0.000000e+00,0.000000e+00,1.455695e-06,-1.765534e-05,1.044658e-06,-1.956434e-06,5.483695e-06,5.483695e-06,-4.451290e-06,4.039694e-05,5.212483e-04,3.789241e-04,2.650086e+01,2.593728e+01,2.591237e+01
1.470000e-10,0.000000e+00,0.000000e+00,0.000000e+00,1.184491e-06,-2.246657e-05,1.229601e-06,-2.054238e-06,5.711288e-06,5.711288e-06,-9.582953e-07,2.070962e-05,4.825909e-04,4.243540e-04,2.650182e+01,2.593757e+01,2.591111e+01
1.471000e-10,0.000000e+00,0.000000e+00,0.000000e+00,8.852091e-07,-2.595911e-05,1.360448e-06,-2.032886e-06,5.569478e-06,5.569478e-06,2.753879e-06,3.512510e-06,4.281426e-04,4.740426e-04,2.650247e+01,2.593793e+01,2.590996e+01
1.472000e-10,0.000000e+00,0.000000e+00,0.000000e+00,6.139479e-07,-2.797800e-05,1.427205e-06,-1.897869e-06,5.110248e-06,5.110248e-06,6.384967e-06,-1.040806e-05,3.625764e-04,5.283878e-04,2.650271e+01,2.593834e+01,2.590896e+01
1.473000e-10,0.000000e+00,0.000000e+00,0.000000e+00,4.156623e-07,-2.856883e-05,1.422188e-06,-1.661532e-06,4.400801e-06,4.400801e-06,9.660853e-06,-2.056440e-05,2.912971e-04,5.879867e-04,2.650251e+01,2.593878e+01,2.590818e+01
1.474000e-10,0.000000e+00,0.000000e+00,0.000000e+00,3.122038e-07,-2.792811e-05,1.341607e-06,-1.341912e-06,3.517710e-06,3.517710e-06,1.235170e-05,-2.678599e-05,2.195025e-04,6.536012e-04,2.650187e+01,2.593921e+01,2.590763e+01
1.475000e-10,0.000000e+00,0.000000e+00,0.000000e+00,2.980309e-07,-2.631988e-05,1.186837e-06,-9.612756e-07,2.540960e-06,2.540960e-06,1.428492e-05,-2.920830e-05,1.517279e-04,7.259939e-04,2.650084e+01,2.593961e+01,2.590734e+01
1.476000e-10,0.000000e+00,0.000000e+00,0.000000e+00,3.446134e-07,-2.398640e-05,9.650127e-07,-5.444721e-07,1.548279e-06,1.548279e-06,1.535280e-05,-2.823391e-05,9.169669e-05,8.055644e-04,2.649952e+01,2.593998e+01,2.590731e+01
1.477000e-10,0.000000e+00,0.000000e+00,0.000000e+00,4.116919e-07,-2.108334e-05,6.887195e-07,-1.172249e-07,6.100919e-07,6.100919e-07,1.551475e-05,-2.447220e-05,4.227207e-05,8.917353e-04,2.649802e+01,2.594028e+01,2.590751e+01
1.478000e-10,0.000000e+00,0.000000e+00,0.000000e+00,4.612607e-07,-1.766323e-05,3.748261e-07,2.955233e-07,-2.145835e-07,-2.145835e-07,1.479498e-05,-1.866626e-05,5.393812e-06,9.821117e-04,2.649647e+01,2.594051e+01,2.590793e+01
1.479000e-10,0.000000e+00,0.000000e+00,0.000000e+00,4.692886e-07,-1.371251e-05,4.267756e-08,6.711066e-07,-8.811173e-07,-8.811173e-07,1.327605e-05,-1.161651e-05,-1.800703e-05,1.071630e-03,2.649494e+01,2.594067e+01,2.590852e+01
1.480000e-10,0.000000e+00,0.000000e+00,0.000000e+00,4.312601e-07,-9.224155e-06,-2.879614e-07,9.903896e-07,-1.360987e-06,-1.360987e-06,1.108926e-05,-4.109232e-06,-2.805751e-05,1.152177e-03,2.649351e+01,2.594074e+01,2.590924e+01
1.481000e-10,0.000000e+00,0.000000e+00,0.000000e+00,3.602081e-07,-4.270887e-06,-5.988159e-07,1.238713e-06,-1.642224e-06,-1.642224e-06,8.402689e-06,3.143858e-06,-2.589595e-05,1.213286e-03,2.649220e+01,2.594074e+01,2.591003e+01
1.482000e-10,0.000000e+00,0.000000e+00,0.000000e+00,2.789222e-07,9.556073e-07,-8.745496e-07,1.406495e-06,-1.728655e-06,-1.728655e-06,5.407671e-06,9.551086e-06,-1.350835e-05,1.244188e-03,2.649103e+01,2.594066e+01,2.591085e+01
1.483000e-10,0.000000e+00,0.000000e+00,0.000000e+00,2.101372e-07,6.158390e-06,-1.103604e-06,1.489475e-06,-1.638090e-06,-1.638090e-06,2.304707e-06,1.467010e-05,6.523500e-06,1.236651e-03,2.648998e+01,2.594052e+01,2.591165e+01
1.484000e-10,0.000000e+00,0.000000e+00,0.000000e+00,1.688841e-07,1.099644e-05,-1.278441e-06,1.488613e-06,-1.399688e-06,-1.399688e-06,-7.104400e-07,1.822136e-05,3.131078e-05,1.187406e-03,2.648905e+01,2.594033e+01,2.591238e+01
1.485000e-10,0.000000e+00,0.000000e+00,0.000000e+00,1.597894e-07,1.516736e-05,-1.395336e-06,1.409666e-06,-1.050740e-06,-1.050740e-06,-3.459544e-06,2.008786e-05,5.794215e-05,1.099055e-03,2.648824e+01,2.594009e+01,2.591301e+01
1.486000e-10,0.000000e+00,0.000000e+00,0.000000e+00,1.796564e-07,1.847720e-05,-1.453892e-06,1.262508e-06,-6.331701e-07,-6.331701e-07,-5.792848e-06,2.030341e-05,8.373979e-05,9.792345e-04,2.648754e+01,2.593982e+01,2.591351e+01
1.487000e-10,0.000000e+00,0.000000e+00,0.000000e+00,2.232999e-07,2.087009e-05,-1.456438e-06,1.060241e-06,-1.900282e-07,-1.900282e-07,-7.597419e-06,1.903241e-05,1.064681e-04,8.386057e-04,2.648696e+01,2.593954e+01,2.591388e+01
1.488000e-10,0.000000e+00,0.000000e+00,0.000000e+00,2.893399e-07,2.240846e-05,-1.407395e-06,8.181757e-07,2.377874e-07,2.377874e-07,-8.802439e-06,1.654331e-05,1.244735e-04,6.885823e-04,2.648651e+01,2.593926e+01,2.591409e+01
1.489000e-10,0.000000e+00,0.000000e+00,0.000000e+00,3.829551e-07,2.321549e-05,-1.312633e-06,5.527471e-07,6.143517e-07,6.143517e-07,-9.381179e-06,1.317800e-05,1.367384e-04,5.394935e-04,2.648621e+01,2.593899e+01,2.591416e+01
1.490000e-10,0.000000e+00,0.000000e+00,0.000000e+00,5.141678e-07,2.340542e-05,-1.178808e-06,2.804495e-07,9.109283e-07,9.109283e-07,-9.349664e-06,9.318863e-06,1.428480e-04,3.994920e-04,2.648607e+01,2.593874e+01,2.591409e+01
1.491000e-10,0.000000e+00,0.000000e+00,0.000000e+00,6.922768e-07,2.302838e-05,-1.012697e-06,1.684476e-08,1.107475e-06,1.107475e-06,-8.762331e-06,5.355382e-06,1.428897e-04,2.741771e-04,2.648612e+01,2.593852e+01,2.591391e+01
1.492000e-10,0.000000e+00,0.000000e+00,0.000000e+00,9.186717e-07,2.204762e-05,-8.205866e-07,-2.242924e-07,1.193399e-06,1.193399e-06,-7.705222e-06,1.652268e-06,1.373209e-04,1.667309e-04,2.648641e+01,2.593832e+01,2.591363e+01
1.493000e-10,0.000000e+00,0.000000e+00,0.000000e+00,1.180929e-06,2.035387e-05,-6.078452e-07,-4.316515e-07,1.167569e-06,1.167569e-06,-6.287433e-06,-1.478712e-06,1.268399e-04,7.833373e-05,2.648696e+01,2.593817e+01,2.591329e+01
1.494000e-10,0.000000e+00,0.000000e+00,0.000000e+00,1.450734e-06,1.781089e-05,-3.787920e-07,-5.968559e-07,1.037655e-06,1.037655e-06,-4.631615e-06,-3.801080e-06,1.122846e-04,8.671034e-06,2.648784e+01,2.593805e+01,2.591292e+01
1.495000e-10,0.000000e+00,0.000000e+00,0.000000e+00,1.687071e-06,1.431997e-05,-1.369758e-07,-7.147106e-07,8.188873e-07,8.188873e-07,-2.864345e-06,-5.168371e-06,9.456470e-05,-4.358577e-05,2.648904e+01,2.593797e+01,2.591253e+01
1.496000e-10,0.000000e+00,0.000000e+00,0.000000e+00,1.844518e-06,9.885133e-06,1.141374e-07,-7.832317e-07,5.323707e-07,5.323707e-07,-1.107128e-06,-5.530124e-06,7.462246e-05,-8.038003e-05,2.649058e+01,2.593792e+01,2.591216e+01
1.497000e-10,0.000000e+00,0.000000e+00,0.000000e+00,1.884709e-06,4.656743e-06,3.701883e-07,-8.034719e-07,2.031105e-07,2.031105e-07,5.313897e-07,-4.928990e-06,5.340849e-05,-1.039656e-04,2.649239e+01,2.593791e+01,2.591182e+01
1.498000e-10,0.000000e+00,0.000000e+00,0.000000e+00,1.787484e-06,-1.067967e-06,6.249019e-07,-7.791725e-07,-1.420983e-07,-1.420983e-07,1.961515e-06,-3.489774e-06,3.185999e-05,-1.166882e-04,2.649438e+01,2.593793e+01,2.591154e+01
1.499000e-10,0.000000e+00,0.000000e+00,0.000000e+00,1.557801e-06,-6.895156e-06,8.693327e-07,-7.162782e-07,-4.767546e-07,-4.767546e-07,3.116671e-06,-1.402122e-06,1.087436e-05,-1.208342e-04,2.649639e+01,2.593797e+01,2.591132e+01
1.500000e-10,0.000000e+00,0.000000e+00,0.000000e+00,1.225545e-06,-1.242008e-05,1.091671e-06,-6.223588e-07,-7.765649e-07,-7.765649e-07,3.955528e-06,1.100900e-06,-8.723919e-06,-1.185296e-04,2.649825e+01,2.593804e+01,2.591117e+01
1.501000e-10,0.000000e+00,0.000000e+00,0.000000e+00,8.379996e-07,-1.731300e-05,1.277796e-06,-5.059855e-07,-1.021063e-06,-1.021063e-06,4.462170e-06,3.765856e-06,-2.621975e-05,-1.116745e-04,2.649979e+01,2.593813e+01,2.591109e+01
1.502000e-10,0.000000e+00,0.000000e+00,0.000000e+00,4.476462e-07,-2.136785e-05,1.412567e-06,-3.761055e-07,-1.194840e-06,-1.194840e-06,4.644494e-06,6.341327e-06,-4.104167e-05,-1.019040e-04,2.650084e+01,2.593824e+01,2.591108e+01
1.503000e-10,0.000000e+00,0.000000e+00,0.000000e+00,9.983906e-08,-2.449454e-05,1.481670e-06,-2.414589e-07,-1.288328e-06,-1.288328e-06,4.531137e-06,8.597732e-06,-5.278804e-05,-9.056875e-05,2.650128e+01,2.593837e+01,2.591112e+01
1.504000e-10,0.000000e+00,0.000000e+00,0.000000e+00,-1.752985e-07,-2.666548e-05,1.473671e-06,-1.100696e-07,-1.298109e-06,-1.298109e-06,4.167278e-06,1.034326e-05,-6.124063e-05,-7.873350e-05,2.650105e+01,2.593852e+01,2.591121e+01
1.505000e-10,0.000000e+00,0.000000e+00,0.000000e+00,-3.645595e-07,-2.784975e-05,1.381885e-06,1.116118e-08,-1.226764e-06,-1.226764e-06,3.609723e-06,1.143524e-05,-6.636391e-05,-6.718808e-05,2.650016e+01,2.593868e+01,2.591132e+01
1.506000e-10,0.000000e+00,0.000000e+00,0.000000e+00,-4.677278e-07,-2.797388e-05,1.205729e-06,1.167437e-07,-1.082302e-06,-1.082302e-06,2.921671e-06,1.178668e-05,-6.829065e-05,-5.647111e-05,2.649867e+01,2.593886e+01,2.591146e+01
1.507000e-10,0.000000e+00,0.000000e+00,0.000000e+00,-4.912084e-07,-2.693220e-05,9.513542e-07,2.027644e-07,-8.772515e-07,-8.772515e-07,2.167544e-06,1.136839e-05,-6.729664e-05,-4.690208e-05,2.649670e+01,2.593904e+01,2.591160e+01
1.508000e-10,0.000000e+00,0.000000e+00,0.000000e+00,-4.429465e-07,-2.464217e-05,6.314913e-07,2.669286e-07,-6.274943e-07,-6.274943e-07,1.408260e-06,1.020697e-05,-6.376845e-05,-3.861963e-05,2.649439e+01,2.593923e+01,2.591173e+01
1.509000e-10,0.000000e+00,0.000000e+00,0.000000e+00,-3.309585e-07,-2.111390e-05,2.646001e-07,3.084953e-07,-3.509494e-07,-3.509494e-07,6.972100e-07,8.379589e-06,-5.816826e-05,-3.162256e-05,2.649191e+01,2.593941e+01,2.591185e+01
1.510000e-10,0.000000e+00,0.000000e+00,0.000000e+00,-1.652728e-07,-1.649479e-05,-1.265476e-07,3.281181e-07,-6.621376e-08,-6.621376e-08,7.720437e-08,6.005905e-06,-5.099926e-05,-2.581068e-05,2.648945e+01,2.593959e+01,2.591194e+01
1.511000e-10,0.000000e+00,0.000000e+00,0.000000e+00,3.908142e-08,-1.106314e-05,-5.166777e-07,3.276186e-07,2.087428e-07,2.087428e-07,-4.215040e-07,3.238104e-06,-4.277410e-05,-2.102285e-05,2.648718e+01,2.593974e+01,2.591200e+01
1.512000e-10,0.000000e+00,0.000000e+00,0.000000e+00,2.609561e-07,-5.173355e-06,-8.800546e-07,3.097146e-07,4.577393e-07,4.577393e-07,-7.820532e-07,2.495117e-07,-3.398779e-05,-1.707009e-05,2.648525e+01,2.593986e+01,2.591203e+01
1.513000e-10,0.000000e+00,0.000000e+00,0.000000e+00,4.754878e-07,8.192946e-07,-1.192593e-06,2.777287e-07,6.673342e-07,6.673342e-07,-1.000710e-06,-2.777484e-06,-2.509587e-05,-1.376238e-05,2.648377e+01,2.593995e+01,2.591203e+01
1.514000e-10,0.000000e+00,0.000000e+00,0.000000e+00,6.594349e-07,6.617670e-06,-1.433865e-06,2.353001e-07,8.275135e-07,8.275135e-07,-1.085633e-06,-5.663526e-06,-1.649770e-05,-1.092841e-05,2.648282e+01,2.593999e+01,2.591200e+01
1.515000e-10,0.000000e+00,0.000000e+00,0.000000e+00,7.970336e-07,1.200199e-05,-1.588810e-06,1.861198e-07,9.320924e-07,9.320924e-07,-1.054848e-06,-8.243707e-06,-8.524992e-06,-8.428351e-06,2.648243e+01,2.593997e+01,2.591196e+01
1.516000e-10,0.000000e+00,0.000000e+00,0.000000e+00,8.835700e-07,1.680966e-05,-1.648950e-06,1.337029e-07,9.788263e-07,9.788263e-07,-9.336657e-07,-1.037761e-05,-1.434974e-06,-6.160050e-06,2.648257e+01,2.593990e+01,2.591190e+01
1.517000e-10,0.000000e+00,0.000000e+00,0.000000e+00,9.250055e-07,2.089669e-05,-1.612958e-06,8.121028e-08,9.692464e-07,9.692464e-07,-7.518014e-07,-1.195733e-05,4.591996e-06,-4.059718e-06,2.648318e+01,2.593978e+01,2.591183e+01
1.518000e-10,0.000000e+00,0.000000e+00,0.000000e+00,9.339377e-07,2.410798e-05,-1.486509e-06,3.132152e-08,9.082564e-07,9.082564e-07,-5.404374e-07,-1.291301e-05,9.450847e-06,-2.098291e-06,2.648418e+01,2.593960e+01,2.591177e+01
1.519000e-10,0.000000e+00,0.000000e+00,0.000000e+00,9.238328e-07,2.627492e-05,-1.281452e-06,-1.383792e-08,8.035359e-07,8.035359e-07,-3.294714e-07,-1.321545e-05,1.310673e-05,-2.748269e-07,2.648544e+01,2.593938e+01,2.591171e+01
1.520000e-10,0.000000e+00,0.000000e+00,0.000000e+00,9.040624e-07,2.724193e-05,-1.014446e-06,-5.272153e-08,6.648085e-07,6.648085e-07,-1.451366e-07,-1.287590e-05,1.558704e-05,1.391752e-06,2.648687e+01,2.593912e+01,2.591167e+01
1.521000e-10,0.000000e+00,0.000000e+00,0.000000e+00,8.776579e-07,2.690830e-05,-7.052990e-07,-8.434487e-08,5.030366e-07,5.030366e-07,-8.143278e-09,-1.194298e-05,1.697118e-05,2.871350e-06,2.648836e+01,2.593884e+01,2.591164e+01
1.522000e-10,0.000000e+00,0.000000e+00,0.000000e+00,8.422961e-07,2.526523e-05,-3.752095e-07,-1.082364e-07,3.296015e-07,3.296015e-07,6.756738e-08,-1.049733e-05,1.737886e-05,4.130859e-06,2.648982e+01,2.593855e+01,2.591164e+01
1.523000e-10,0.000000e+00,0.000000e+00,0.000000e+00,7.935756e-07,2.241114e-05,-4.514910e-08,-1.243659e-07,1.555301e-07,1.555301e-07,7.541818e-08,-8.644334e-06,1.695771e-05,5.141042e-06,2.649116e+01,2.593827e+01,2.591165e+01
1.524000e-10,0.000000e+00,0.000000e+00,0.000000e+00,7.287716e-07,1.853898e-05,2.655119e-07,-1.330614e-07,-9.187039e-09,-9.187039e-09,1.615346e-08,-6.505830e-06,1.587117e-05,5.881694e-06,2.649232e+01,2.593801e+01,2.591168e+01
1.525000e-10,0.000000e+00,0.000000e+00,0.000000e+00,6.492740e-07,1.390094e-05,5.400676e-07,-1.349219e-07,-1.561440e-07,-1.561440e-07,-1.027831e-07,-4.211354e-06,1.428717e-05,6.344871e-06,2.649326e+01,2.593780e+01,2.591173e+01
1.526000e-10,0.000000e+00,0.000000e+00,0.000000e+00,5.607295e-07,8.765303e-06,7.652314e-07,-1.307350e-07,-2.789100e-07,-2.789100e-07,-2.683556e-07,-1.889646e-06,1.236846e-05,6.536219e-06,2.649393e+01,2.593763e+01,2.591179e+01
1.527000e-10,0.000000e+00,0.000000e+00,0.000000e+00,4.710872e-07,3.382055e-06,9.316081e-07,-1.214038e-07,-3.732494e-07,-3.732494e-07,-4.634063e-07,3.390139e-07,1.026483e-05,6.474602e-06,2.649433e+01,2.593752e+01,2.591186e+01
1.528000e-10,0.000000e+00,0.000000e+00,0.000000e+00,3.877380e-07,-2.031456e-06,1.033909e-06,-1.078864e-07,-4.371695e-07,-4.371695e-07,-6.683509e-07,2.369194e-06,8.107477e-06,6.190364e-06,2.649444e+01,2.593748e+01,2.591192e+01
1.529000e-10,0.000000e+00,0.000000e+00,0.000000e+00,3.152850e-07,-7.283434e-06,1.070925e-06,-9.114964e-08,-4.708114e-07,-4.708114e-07,-8.629552e-07,4.115141e-06,6.005558e-06,5.722625e-06,2.649428e+01,2.593750e+01,2.591199e+01
1.530000e-10,0.000000e+00,0.000000e+00,0.000000e+00,2.550557e-07,-1.218822e-05,1.045267e-06,-7.213628e-08,-4.762048e-07,-4.762048e-07,-1.028052e-06,5.513918e-06,4.044640e-06,5.116014e-06,2.649387e+01,2.593759e+01,2.591204e+01
1.531000e-10,0.000000e+00,0.000000e+00,0.000000e+00,2.065176e-07,-1.654903e-05,9.628930e-07,-5.174405e-08,-4.569167e-07,-4.569167e-07,-1.147075e-06,6.526835e-06,2.286833e-06,4.417254e-06,2.649327e+01,2.593773e+01,2.591208e+01
1.532000e-10,0.000000e+00,0.000000e+00,0.000000e+00,1.697567e-07,-2.015555e-05,8.324704e-07,-3.081394e-08,-4.176313e-07,-4.176313e-07,-1.207301e-06,7.139294e-06,7.722192e-07,3.671926e-06,2.649251e+01,2.593792e+01,2.591210e+01
1.533000e-10,0.000000e+00,0.000000e+00,0.000000e+00,1.476208e-07,-2.280139e-05,6.646404e-07,-1.012452e-08,-3.636952e-07,-3.636952e-07,-1.200727e-06,7.359236e-06,-4.788078e-07,2.921683e-06,2.649164e+01,2.593815e+01,2.591211e+01
1.534000e-10,0.000000e+00,0.000000e+00,0.000000e+00,1.462541e-07,-2.431674e-05,4.712701e-07,9.610443e-09,-3.006666e-07,-3.006666e-07,-1.124541e-06,7.214454e-06,-1.462607e-06,2.202097e-06,2.649071e+01,2.593840e+01,2.591210e+01
1.535000e-10,0.000000e+00,0.000000e+00,0.000000e+00,1.734723e-07,-2.460455e-05,2.647672e-07,2.774395e-08,-2.338983e-07,-2.338983e-07,-9.811731e-07,6.749039e-06,-2.189074e-06,1.541231e-06,2.648978e+01,2.593865e+01,2.591207e+01
1.536000e-10,0.000000e+00,0.000000e+00,0.000000e+00,2.354047e-07,-2.366679e-05,5.749642e-08,4.369929e-08,-1.681828e-07,-1.681828e-07,-7.779485e-07,6.019293e-06,-2.678379e-06,9.589583e-07,2.648890e+01,2.593889e+01,2.591203e+01
1.537000e-10,0.000000e+00,0.000000e+00,0.000000e+00,3.326392e-07,-2.161114e-05,-1.387066e-07,5.697635e-08,-1.074793e-07,-1.074793e-07,-5.263949e-07,5.089368e-06,-2.957832e-06,4.669777e-07,2.648813e+01,2.593912e+01,2.591198e+01
1.538000e-10,0.000000e+00,0.000000e+00,0.000000e+00,4.574358e-07,-1.863475e-05,-3.129702e-07,6.716130e-08,-5.473227e-08,-5.473227e-08,-2.412784e-07,4.026940e-06,-3.059022e-06,6.942282e-08,2.648753e+01,2.593930e+01,2.591192e+01
1.539000e-10,0.000000e+00,0.000000e+00,0.000000e+00,5.933036e-07,-1.498969e-05,-4.558321e-07,7.393918e-08,-1.178848e-08,-1.178848e-08,6.054580e-08,2.899141e-06,-3.015315e-06,-2.360696e-07,2.648715e+01,2.593945e+01,2.591186e+01
1.540000e-10,0.000000e+00,0.000000e+00,0.000000e+00,7.174606e-07,-1.094022e-05,-5.597398e-07,7.710830e-08,2.059416e-08,2.059416e-08,3.613717e-07,1.768966e-06,-2.859768e-06,-4.569856e-07,2.648701e+01,2.593954e+01,2.591180e+01
1.541000e-10,0.000000e+00,0.000000e+00,0.000000e+00,8.056642e-07,-6.725037e-06,-6.196082e-07,7.659481e-08,4.265415e-08,4.265415e-08,6.438749e-07,6.923211e-07,-2.623494e-06,-6.044094e-07,2.648713e+01,2.593958e+01,2.591174e+01
1.542000e-10,0.000000e+00,0.000000e+00,0.000000e+00,8.379901e-07,-2.535753e-06,-6.333715e-07,7.246538e-08,5.546688e-08,5.546688e-08,8.922526e-07,-2.842126e-07,-2.334470e-06,-6.914914e-07,2.648750e+01,2.593957e+01,2.591169e+01
1.543000e-10,0.000000e+00,0.000000e+00,0.000000e+00,8.037138e-07,1.483609e-06,-6.024186e-07,6.493562e-08,6.073671e-08,6.073671e-08,1.093198e-06,-1.124814e-06,-2.016780e-06,-7.320327e-07,2.648806e+01,2.593951e+01,2.591165e+01
1.544000e-10,0.000000e+00,0.000000e+00,0.000000e+00,7.037372e-07,5.220508e-06,-5.317759e-07,5.437216e-08,6.056173e-08,6.056173e-08,1.236650e-06,-1.805082e-06,-1.690238e-06,-7.392796e-07,2.648874e+01,2.593940e+01,2.591163e+01
1.545000e-10,0.000000e+00,0.000000e+00,0.000000e+00,5.499226e-07,8.572991e-06,-4.299248e-07,4.128649e-08,5.719224e-08,5.719224e-08,1.316294e-06,-2.311972e-06,-1.370351e-06,-7.249898e-07,2.648944e+01,2.593926e+01,2.591162e+01
1.546000e-10,0.000000e+00,0.000000e+00,0.000000e+00,3.618525e-07,1.143734e-05,-3.081970e-07,2.631939e-08,5.280260e-08,5.280260e-08,1.329777e-06,-2.643084e-06,-1.068536e-06,-6.988016e-07,2.649007e+01,2.593910e+01,2.591162e+01
1.547000e-10,0.000000e+00,0.000000e+00,0.000000e+00,1.624143e-07,1.371213e-05,-1.797756e-07,1.021541e-08,4.929344e-08,4.929344e-08,1.278667e-06,-2.805438e-06,-7.925416e-07,-6.679063e-07,2.649053e+01,2.593893e+01,2.591164e+01
1.548000e-10,0.000000e+00,0.000000e+00,0.000000e+00,-2.618692e-08,1.531700e-05,-5.840654e-08,-6.212056e-09,4.813714e-08,4.813714e-08,1.168159e-06,-2.813875e-06,-5.469787e-07,-6.369986e-07,2.649073e+01,2.593875e+01,2.591167e+01
1.549000e-10,0.000000e+00,0.000000e+00,0.000000e+00,-1.848930e-07,1.621593e-05,4.301844e-08,-2.212361e-08,5.027538e-08,5.027538e-08,1.006570e-06,-2.689209e-06,-3.339185e-07,-6.084616e-07,2.649063e+01,2.593859e+01,2.591170e+01
1.550000e-10,0.000000e+00,0.000000e+00,0.000000e+00,-2.985666e-07,1.643191e-05,1.138291e-07,-3.670210e-08,5.607245e-08,5.607245e-08,8.046768e-07,-2.456299e-06,-1.534851e-07,-5.827307e-07,2.649021e+01,2.593844e+01,2.591175e+01
1.551000e-10,0.000000e+00,0.000000e+00,0.000000e+00,-3.557555e-07,1.604372e-05,1.467315e-07,-4.920304e-08,6.532349e-08,6.532349e-08,5.749384e-07,-2.142143e-06,-4.410243e-09,-5.587714e-07,2.648949e+01,2.593832e+01,2.591179e+01
1.552000e-10,0.000000e+00,0.000000e+00,0.000000e+00,-3.484893e-07,1.516434e-05,1.386263e-07,-5.900323e-08,7.731267e-08,7.731267e-08,3.306669e-07,-1.774109e-06,1.154838e-07,-5.346112e-07,2.648852e+01,2.593824e+01,2.591183e+01
1.553000e-10,0.000000e+00,0.000000e+00,0.000000e+00,-2.728814e-07,1.390946e-05,9.101292e-08,-6.564358e-08,9.091259e-08,9.091259e-08,8.520218e-08,-1.378403e-06,2.088875e-07,-5.078666e-07,2.648738e+01,2.593819e+01,2.591187e+01
1.554000e-10,0.000000e+00,0.000000e+00,0.000000e+00,-1.306004e-07,1.236888e-05,9.941273e-09,-6.886201e-08,1.047139e-07,1.047139e-07,-1.488603e-07,-9.788063e-07,2.787003e-07,-4.762183e-07,2.648619e+01,2.593817e+01,2.591190e+01
1.555000e-10,0.000000e+00,0.000000e+00,0.000000e+00,6.946492e-08,1.059220e-05,-9.449159e-08,-6.861309e-08,1.171721e-07,1.171721e-07,-3.603439e-07,-5.957374e-07,3.278156e-07,-4.377978e-07,2.648505e+01,2.593818e+01,2.591193e+01
1.556000e-10,0.000000e+00,0.000000e+00,0.000000e+00,3.103931e-07,8.592915e-06,-2.090743e-07,-6.507204e-08,1.267591e-07,1.267591e-07,-5.400328e-07,-2.456381e-07,3.589849e-07,-3.914648e-07,2.648411e+01,2.593821e+01,2.591194e+01
1.557000e-10,0.000000e+00,0.000000e+00,0.000000e+00,5.681387e-07,6.367328e-06,-3.187830e-07,-5.862171e-08,1.321061e-07,1.321061e-07,-6.810577e-07,5.932452e-08,3.747473e-07,-3.369622e-07,2.648346e+01,2.593826e+01,2.591195e+01
1.558000e-10,0.000000e+00,0.000000e+00,0.000000e+00,8.144081e-07,3.918792e-06,-4.083514e-07,-4.982301e-08,1.321277e-07,1.321277e-07,-7.791146e-07,3.112680e-07,3.774084e-07,-2.749556e-07,2.648320e+01,2.593831e+01,2.591194e+01
1.559000e-10,0.000000e+00,0.000000e+00,0.000000e+00,1.020993e-06,1.277519e-06,-4.639628e-07,-3.937063e-08,1.261175e-07,1.261175e-07,-8.325147e-07,5.063587e-07,3.690528e-07,-2.069657e-07,2.648339e+01,2.593837e+01,2.591193e+01
1.560000e-10,0.000000e+00,0.000000e+00,0.000000e+00,1.164488e-06,-1.490638e-06,-4.748799e-07,-2.803726e-08,1.138100e-07,1.138100e-07,-8.420776e-07,6.443810e-07,3.515764e-07,-1.352167e-07,2.648403e+01,2.593841e+01,2.591191e+01
1.561000e-10,0.000000e+00,0.000000e+00,0.000000e+00,1.230173e-06,-4.287990e-06,-4.348105e-07,-1.661111e-08,9.540505e-08,9.540505e-08,-8.108854e-07,7.281646e-07,3.267250e-07,-6.242350e-08,2.648508e+01,2.593844e+01,2.591189e+01
1.562000e-10,0.000000e+00,0.000000e+00,0.000000e+00,1.214047e-06,-6.998561e-06,-3.428198e-07,-5.831947e-09,7.155550e-08,7.155550e-08,-7.439256e-07,7.629276e-07,2.961305e-07,8.453936e-09,2.648646e+01,2.593846e+01,2.591186e+01
1.563000e-10,0.000000e+00,0.000000e+00,0.000000e+00,1.122609e-06,-9.505976e-06,-2.036499e-07,3.668476e-09,4.331983e-08,4.331983e-08,-6.476530e-07,7.555866e-07,2.613380e-07,7.446410e-08,2.648806e+01,2.593845e+01,2.591184e+01
1.564000e-10,0.000000e+00,0.000000e+00,0.000000e+00,9.705489e-07,-1.170959e-05,-2.738357e-08,1.141608e-08,1.208574e-08,1.208574e-08,-5.295050e-07,7.140809e-07,2.238198e-07,1.329007e-07,2.648974e+01,2.593842e+01,2.591181e+01
1.565000e-10,0.000000e+00,0.000000e+00,0.000000e+00,7.771370e-07,-1.353384e-05,1.715126e-07,1.712946e-08,-2.052880e-08,-2.052880e-08,-3.974032e-07,6.467494e-07,1.849757e-07,1.815043e-07,2.649135e+01,2.593838e+01,2.591179e+01
1.566000e-10,0.000000e+00,0.000000e+00,0.000000e+00,5.623674e-07,-1.492821e-05,3.756443e-07,2.073668e-08,-5.278855e-08,-5.278855e-08,-2.592724e-07,5.617901e-07,1.461200e-07,2.186138e-07,2.649275e+01,2.593833e+01,2.591177e+01
1.567000e-10,0.000000e+00,0.000000e+00,0.000000e+00,3.439092e-07,-1.585905e-05,5.664510e-07,2.237219e-08,-8.295933e-08,-8.295933e-08,-1.226043e-07,4.668212e-07,1.084593e-07,2.432610e-07,2.649382e+01,2.593828e+01,2.591176e+01
1.568000e-10,0.000000e+00,0.000000e+00,0.000000e+00,1.355426e-07,-1.629736e-05,7.260510e-07,2.235387e-08,-1.094230e-07,-1.094230e-07,5.911879e-09,3.685544e-07,7.306449e-08,2.552050e-07,2.649449e+01,2.593824e+01,2.591175e+01
1.569000e-10,0.000000e+00,0.000000e+00,0.000000e+00,-5.281847e-08,-1.620926e-05,8.389519e-07,2.114234e-08,-1.307811e-07,-1.307811e-07,1.206782e-07,2.725804e-07,4.084135e-08,2.549093e-07,2.649469e+01,2.593821e+01,2.591175e+01
1.570000e-10,0.000000e+00,0.000000e+00,0.000000e+00,-2.140020e-07,-1.555480e-05,8.934527e-07,1.928628e-08,-1.459403e-07,-1.459403e-07,2.173846e-07,1.832618e-07,1.250401e-08,2.434697e-07,2.649441e+01,2.593820e+01,2.591175e+01
1.571000e-10,0.000000e+00,0.000000e+00,0.000000e+00,-3.421951e-07,-1.429733e-05,8.826248e-07,1.735921e-08,-1.541748e-07,-1.541748e-07,2.931135e-07,1.037197e-07,-1.144446e-08,2.225013e-07,2.649367e+01,2.593822e+01,2.591176e+01
1.572000e-10,0.000000e+00,0.000000e+00,0.000000e+00,-4.321249e-07,-1.242096e-05,8.048223e-07,1.589373e-08,-1.551626e-07,-1.551626e-07,3.463537e-07,3.589877e-08,-3.072210e-08,1.939997e-07,2.649253e+01,2.593828e+01,2.591177e+01
1.573000e-10,0.000000e+00,0.000000e+00,0.000000e+00,-4.792389e-07,-9.949094e-06,6.637283e-07,1.531990e-08,-1.489935e-07,-1.489935e-07,3.769337e-07,-1.930805e-08,-4.526691e-08,1.601871e-07,2.649105e+01,2.593836e+01,2.591178e+01
1.574000e-10,0.000000e+00,0.000000e+00,0.000000e+00,-4.807362e-07,-6.955621e-06,4.679780e-07,1.591387e-08,-1.361515e-07,-1.361515e-07,3.858862e-07,-6.189433e-08,-5.522415e-08,1.233568e-07,2.648934e+01,2.593846e+01,2.591180e+01
1.575000e-10,0.000000e+00,0.000000e+00,0.000000e+00,-4.368249e-07,-3.563350e-06,2.304208e-07,1.776210e-08,-1.174721e-07,-1.174721e-07,3.752589e-07,-9.255273e-08,-6.092289e-08,8.572840e-08,2.648751e+01,2.593859e+01,2.591181e+01
1.576000e-10,0.000000e+00,0.000000e+00,0.000000e+00,-3.514375e-07,7.029703e-08,-3.290625e-08,2.074497e-08,-9.408027e-08,-9.408027e-08,3.478891e-07,-1.124819e-07,-6.284355e-08,4.932086e-08,2.648568e+01,2.593873e+01,2.591182e+01
1.577000e-10,0.000000e+00,0.000000e+00,0.000000e+00,-2.319105e-07,3.774471e-06,-3.040130e-07,2.454175e-08,-6.731271e-08,-6.731271e-08,3.071591e-07,-1.232011e-07,-6.157888e-08,1.585285e-08,2.648396e+01,2.593887e+01,2.591184e+01
1.578000e-10,0.000000e+00,0.000000e+00,0.000000e+00,-8.766661e-08,7.384402e-06,-5.643063e-07,2.865682e-08,-3.863176e-08,-3.863176e-08,2.567484e-07,-1.263840e-07,-5.779131e-08,-1.332741e-08,2.648245e+01,2.593900e+01,2.591184e+01
1.579000e-10,0.000000e+00,0.000000e+00,0.000000e+00,7.155040e-08,1.075233e-05,-7.959526e-07,3.246519e-08,-9.535908e-09,-9.535908e-09,2.003981e-07,-1.237182e-07,-5.216971e-08,-3.728046e-08,2.648125e+01,2.593910e+01,2.591185e+01
1.580000e-10,0.000000e+00,0.000000e+00,0.000000e+00,2.371235e-07,1.374795e-05,-9.831452e-07,3.527311e-08,1.852683e-08,1.852683e-08,1.416994e-07,-1.167951e-07,-4.538845e-08,-5.548319e-08,2.648043e+01,2.593918e+01,2.591185e+01
1.581000e-10,0.000000e+00,0.000000e+00,0.000000e+00,4.020979e-07,1.625182e-05,-1.113175e-06,3.638860e-08,4.423735e-08,4.423735e-08,8.391616e-08,-1.070313e-07,-3.807124e-08,-6.780885e-08,2.648002e+01,2.593921e+01,2.591185e+01
1.582000e-10,0.000000e+00,0.000000e+00,0.000000e+00,5.606682e-07,1.814851e-05,-1.177224e-06,3.519531e-08,6.647152e-08,6.647152e-08,2.984737e-08,-9.562087e-08,-3.076188e-08,-7.448412e-08,2.648004e+01,2.593919e+01,2.591185e+01
1.583000e-10,0.000000e+00,0.000000e+00,0.000000e+00,7.069894e-07,1.932553e-05,-1.170843e-06,3.122282e-08,8.435049e-08,8.435049e-08,-1.826719e-08,-8.351393e-08,-2.390312e-08,-7.602883e-08,2.648049e+01,2.593913e+01,2.591184e+01
1.584000e-10,0.000000e+00,0.000000e+00,0.000000e+00,8.340003e-07,1.968111e-05,-1.094109e-06,2.420703e-08,9.727329e-08,9.727329e-08,-5.879748e-08,-7.141913e-08,-1.782425e-08,-7.318470e-08,2.648133e+01,2.593902e+01,2.591184e+01
1.585000e-10,0.000000e+00,0.000000e+00,0.000000e+00,9.329497e-07,1.913929e-05,-9.514843e-07,1.413462e-08,1.049311e-07,1.049311e-07,-9.073287e-08,-5.982309e-08,-1.273755e-08,-6.683924e-08,2.648252e+01,2.593886e+01,2.591183e+01
1.586000e-10,0.000000e+00,0.000000e+00,0.000000e+00,9.940190e-07,1.766762e-05,-7.514461e-07,1.267126e-09,1.073038e-07,1.073038e-07,-1.136554e-07,-4.902208e-08,-8.742683e-09,-5.795044e-08,2.648398e+01,2.593867e+01,2.591183e+01
1.587000e-10,0.000000e+00,0.000000e+00,0.000000e+00,1.007983e-06,1.529151e-05,-5.059256e-07,-1.385798e-08,1.046398e-07,1.046398e-07,-1.276827e-07,-3.916062e-08,-5.838105e-09,-4.747730e-08,2.648562e+01,2.593846e+01,2.591183e+01
1.588000e-10,0.000000e+00,0.000000e+00,0.000000e+00,9.684289e-07,1.210043e-05,-2.296074e-07,-3.045030e-08,9.742279e-08,9.742279e-08,-1.333881e-07,-3.027209e-08,-3.937738e-09,-3.632006e-08,2.648736e+01,2.593823e+01,2.591183e+01
1.589000e-10,0.000000e+00,0.000000e+00,0.000000e+00,8.738163e-07,8.243744e-06,6.088345e-08,-4.751230e-08,8.632779e-08,8.632779e-08,-1.317058e-07,-2.231750e-08,-2.891282e-09,-2.527270e-08,2.648907e+01,2.593800e+01,2.591182e+01
1.590000e-10,0.000000e+00,0.000000e+00,0.000000e+00,7.287069e-07,3.917558e-06,3.478905e-07,-6.390490e-08,7.216973e-08,7.216973e-08,-1.238277e-07,-1.521955e-08,-2.506257e-09,-1.498931e-08,2.649066e+01,2.593779e+01,2.591182e+01
1.591000e-10,0.000000e+00,0.000000e+00,0.000000e+00,5.437655e-07,-6.534463e-07,6.137184e-07,-7.842817e-08,5.584925e-08,5.584925e-08,-1.111006e-07,-8.890048e-09,-2.570045e-09,-5.964491e-09,2.649201e+01,2.593762e+01,2.591183e+01
1.592000e-10,0.000000e+00,0.000000e+00,0.000000e+00,3.345479e-07,-5.234286e-06,8.416835e-07,-8.991105e-08,3.829843e-08,3.829843e-08,-9.492900e-08,-3.249654e-09,-2.870337e-09,1.472799e-09,2.649303e+01,2.593748e+01,2.591183e+01
1.593000e-10,0.000000e+00,0.000000e+00,0.000000e+00,1.194521e-07,-9.594249e-06,1.017177e-06,-9.730346e-08,2.042981e-08,2.042981e-08,-7.668766e-08,1.760019e-09,-3.212741e-09,7.153586e-09,2.649364e+01,2.593740e+01,2.591183e+01
1.594000e-10,0.000000e+00,0.000000e+00,0.000000e+00,-8.260357e-08,-1.351658e-05,1.128677e-06,-9.976341e-08,3.091543e-09,3.091543e-09,-5.764978e-08,6.171362e-09,-3.434589e-09,1.105350e-08,2.649381e+01,2.593737e+01,2.591183e+01
1.595000e-10,0.000000e+00,0.000000e+00,0.000000e+00,-2.542665e-07,-1.680481e-05,1.168626e-06,-9.673250e-08,-1.296963e-08,-1.296963e-08,-3.893091e-08,9.991616e-09,-3.414417e-09,1.327019e-08,2.649351e+01,2.593741e+01,2.591182e+01
1.596000e-10,0.000000e+00,0.000000e+00,0.000000e+00,-3.813083e-07,-1.928885e-05,1.134082e-06,-8.799342e-08,-2.713603e-08,-2.713603e-08,-2.145065e-08,1.320815e-08,-3.076956e-09,1.399618e-08,2.649276e+01,2.593751e+01,2.591182e+01
1.597000e-10,0.000000e+00,0.000000e+00,0.000000e+00,-4.536367e-07,-2.083315e-05,1.027085e-06,-7.370468e-08,-3.893690e-08,-3.893690e-08,-5.911628e-09,1.579656e-08,-2.393794e-09,1.348966e-08,2.649163e+01,2.593766e+01,2.591181e+01
1.598000e-10,0.000000e+00,0.000000e+00,0.000000e+00,-4.659139e-07,-2.134748e-05,8.546594e-07,-5.440909e-08,-4.805648e-08,-4.805648e-08,7.205590e-09,1.773000e-08,-1.380214e-09,1.204560e-08,2.649019e+01,2.593786e+01,2.591181e+01
1.599000e-10,0.000000e+00,0.000000e+00,0.000000e+00,-4.179454e-07,-2.079817e-05,6.284515e-07,-3.101467e-08,-5.433305e-08,-5.433305e-08,1.763378e-08,1.898840e-08,-8.888968e-11,9.969108e-09,2.648856e+01,2.593809e+01,2.591180e+01
1.600000e-10,0.000000e+00,0.000000e+00,0.000000e+00,-3.148825e-07,-1.921603e-05,3.639938e-07,-4.748373e-09,-5.775006e-08,-5.775006e-08,2.529908e-08,1.956635e-08,1.398691e-09,7.552504e-09,2.648686e+01,2.593834e+01,2.591179e+01
1.601000e-10,0.000000e+00,0.000000e+00,0.000000e+00,-1.671079e-07,-1.669747e-05,7.964249e-08,2.291487e-08,-5.842090e-08,-5.842090e-08,3.029280e-08,1.947893e-08,2.982159e-09,5.057070e-09,2.648522e+01,2.593860e+01,2.591177e+01
1.602000e-10,0.000000e+00,0.000000e+00,0.000000e+00,1.041058e-08,-1.339732e-05,-2.047471e-07,5.034328e-08,-5.656888e-08,-5.656888e-08,3.283802e-08,1.876496e-08,4.552644e-09,2.700080e-09,2.648376e+01,2.593884e+01,2.591176e+01
1.603000e-10,0.000000e+00,0.000000e+00,0.000000e+00,1.994643e-07,-9.514174e-06,-4.693116e-07,7.585365e-08,-5.250439e-08,-5.250439e-08,3.325379e-08,1.748750e-08,6.002744e-09,6.470922e-10,2.648259e+01,2.593905e+01,2.591175e+01
1.604000e-10,0.000000e+00,0.000000e+00,0.000000e+00,3.806147e-07,-5.271942e-06,-6.957222e-07,9.782395e-08,-4.660071e-08,-4.660071e-08,3.191970e-08,1.573192e-08,7.235389e-09,-9.907915e-10,2.648180e+01,2.593922e+01,2.591175e+01
1.605000e-10,0.000000e+00,0.000000e+00,0.000000e+00,5.355878e-07,-9.015652e-07,-8.686457e-07,1.148051e-07,-3.927008e-08,-3.927008e-08,2.924281e-08,1.360164e-08,8.171030e-09,-2.155323e-09,2.648142e+01,2.593934e+01,2.591174e+01
1.606000e-10,0.000000e+00,0.000000e+00,0.000000e+00,6.495867e-07,3.373631e-06,-9.769899e-07,1.256238e-07,-3.094134e-08,-3.094134e-08,2.562869e-08,1.121242e-08,8.752810e-09,-2.835994e-09,2.648147e+01,2.593940e+01,2.591174e+01
1.607000e-10,0.000000e+00,0.000000e+00,0.000000e+00,7.130249e-07,7.347854e-06,-1.014806e-06,1.294694e-07,-2.203993e-08,-2.203993e-08,2.145771e-08,8.685578e-09,8.949517e-09,-3.062362e-09,2.648193e+01,2.593939e+01,2.591174e+01
1.608000e-10,0.000000e+00,0.000000e+00,0.000000e+00,7.223453e-07,1.083916e-05,-9.817535e-07,1.259572e-07,-1.297104e-08,-1.297104e-08,1.706720e-08,6.140933e-09,8.756357e-09,-2.894785e-09,2.648272e+01,2.593932e+01,2.591175e+01
1.609000e-10,0.000000e+00,0.000000e+00,0.000000e+00,6.798622e-07,1.369463e-05,-8.830659e-07,1.151637e-07,-4.106118e-09,-4.106118e-09,1.273948e-08,3.690117e-09,8.193691e-09,-2.414510e-09,2.648377e+01,2.593920e+01,2.591176e+01
1.610000e-10,0.000000e+00,0.000000e+00,0.000000e+00,5.928435e-07,1.579636e-05,-7.290247e-07,9.763102e-08,4.227124e-09,4.227124e-09,8.695700e-09,1.430701e-09,7.304052e-09,-1.713919e-09,2.648496e+01,2.593903e+01,2.591178e+01
1.611000e-10,0.000000e+00,0.000000e+00,0.000000e+00,4.722009e-07,1.706865e-05,-5.339846e-07,7.433814e-08,1.175153e-08,1.175153e-08,5.094661e-09,-5.583812e-10,6.147820e-09,-8.876333e-10,2.648617e+01,2.593882e+01,2.591179e+01
1.612000e-10,0.000000e+00,0.000000e+00,0.000000e+00,3.311399e-07,1.748448e-05,-3.150539e-07,4.664206e-08,1.824437e-08,1.824437e-08,2.035837e-09,-2.219876e-09,4.798013e-09,-2.496330e-11,2.648730e+01,2.593859e+01,2.591181e+01
1.613000e-10,0.000000e+00,0.000000e+00,0.000000e+00,1.839566e-07,1.706834e-05,-9.056153e-08,1.619134e-08,2.353879e-08,2.353879e-08,-4.343415e-10,-3.519605e-09,3.334635e-09,7.959721e-10,2.648824e+01,2.593835e+01,2.591183e+01
1.614000e-10,0.000000e+00,0.000000e+00,0.000000e+00,4.497021e-08,1.589297e-05,1.215439e-07,-1.518168e-08,2.752336e-08,2.752336e-08,-2.314050e-09,-4.446239e-09,1.839053e-09,1.512304e-09,2.648892e+01,2.593812e+01,2.591185e+01
1.615000e-10,0.000000e+00,0.000000e+00,0.000000e+00,-7.254528e-08,1.406926e-05,3.052127e-07,-4.558237e-08,3.014010e-08,3.014010e-08,-3.636438e-09,-5.009610e-09,3.887615e-10,2.078663e-09,2.648930e+01,2.593792e+01,2.591187e+01
1.616000e-10,0.000000e+00,0.000000e+00,0.000000e+00,-1.575406e-07,1.173153e-05,4.475986e-07,-7.318067e-08,3.138150e-08,3.138150e-08,-4.459713e-09,-5.237816e-09,-9.471177e-10,2.467769e-09,2.648934e+01,2.593775e+01,2.591189e+01
1.617000e-10,0.000000e+00,0.000000e+00,0.000000e+00,-2.024395e-07,9.022149e-06,5.400392e-07,-9.633387e-08,3.128680e-08,3.128680e-08,-4.857690e-09,-5.173441e-09,-2.111377e-09,2.669580e-09,2.648908e+01,2.593763e+01,2.591190e+01
1.618000e-10,0.000000e+00,0.000000e+00,0.000000e+00,-2.042164e-07,6.079430e-06,5.786302e-07,-1.136964e-07,2.993779e-08,2.993779e-08,-4.911391e-09,-4.869235e-09,-3.061162e-09,2.689330e-09,2.648855e+01,2.593756e+01,2.591191e+01
1.619000e-10,0.000000e+00,0.000000e+00,0.000000e+00,-1.649470e-07,3.031665e-06,5.643512e-07,-1.243086e-07,2.745411e-08,2.745411e-08,-4.702065e-09,-4.383627e-09,-3.769249e-09,2.544760e-09,2.648782e+01,2.593755e+01,2.591191e+01
1.620000e-10,0.000000e+00,0.000000e+00,0.000000e+00,-9.152651e-08,-3.028443e-09,5.027385e-07,-1.276578e-07,2.398829e-08,2.398829e-08,-4.305862e-09,-3.776391e-09,-4.224213e-09,2.262909e-09,2.648697e+01,2.593758e+01,2.591190e+01
1.621000e-10,0.000000e+00,0.000000e+00,0.000000e+00,5.531060e-09,-2.913593e-06,4.031446e-07,-1.237077e-07,1.972030e-08,1.972030e-08,-3.790168e-09,-3.104752e-09,-4.429567e-09,1.876745e-09,2.648610e+01,2.593766e+01,2.591189e+01
1.622000e-10,0.000000e+00,0.000000e+00,0.000000e+00,1.139972e-07,-5.593495e-06,2.776691e-07,-1.128930e-07,1.485161e-08,1.485161e-08,-3.211535e-09,-2.420151e-09,-4.402069e-09,1.421932e-09,2.648528e+01,2.593778e+01,2.591188e+01
1.623000e-10,0.000000e+00,0.000000e+00,0.000000e+00,2.220616e-07,-7.941826e-06,1.398806e-07,-9.608133e-08,9.598757e-09,9.598757e-09,-2.614968e-09,-1.765816e-09,-4.169364e-09,9.339321e-10,2.648460e+01,2.593793e+01,2.591186e+01
1.624000e-10,0.000000e+00,0.000000e+00,0.000000e+00,3.201249e-07,-9.869055e-06,3.471194e-09,-7.450450e-08,4.186289e-09,4.186289e-09,-2.034320e-09,-1.175212e-09,-3.767220e-09,4.455904e-10,2.648412e+01,2.593808e+01,2.591184e+01
1.625000e-10,0.000000e+00,0.000000e+00,0.000000e+00,4.017898e-07,-1.130597e-05,-1.190103e-07,-4.966531e-08,-1.160749e-09,-1.160749e-09,-1.493467e-09,-6.713611e-10,-3.236559e-09,-1.468995e-11,2.648385e+01,2.593824e+01,2.591181e+01
1.626000e-10,0.000000e+00,0.000000e+00,0.000000e+00,4.638671e-07,-1.221261e-05,-2.172180e-07,-2.322683e-08,-6.224747e-09,-6.224747e-09,-1.007957e-09,-2.669802e-10,-2.620501e-09,-4.241678e-10,2.648383e+01,2.593839e+01,2.591179e+01
1.627000e-10,0.000000e+00,0.000000e+00,0.000000e+00,5.055408e-07,-1.258385e-05,-2.837703e-07,3.107012e-09,-1.080360e-08,-1.080360e-08,-5.868577e-10,3.468823e-11,-1.961621e-09,-7.663889e-10,2.648404e+01,2.593852e+01,2.591176e+01
1.628000e-10,0.000000e+00,0.000000e+00,0.000000e+00,5.271037e-07,-1.244906e-05,-3.146679e-07,2.771042e-08,-1.471864e-08,-1.471864e-08,-2.345325e-10,2.384989e-10,-1.299550e-09,-1.031276e-09,2.648446e+01,2.593862e+01,2.591174e+01
1.629000e-10,0.000000e+00,0.000000e+00,0.000000e+00,5.287822e-07,-1.186573e-05,-3.093694e-07,4.914553e-08,-1.782199e-08,-1.782199e-08,4.780057e-11,3.556522e-10,-6.690492e-10,-1.214771e-09,2.648503e+01,2.593869e+01,2.591172e+01
1.630000e-10,0.000000e+00,0.000000e+00,0.000000e+00,5.100903e-07,-1.090847e-05,-2.705670e-07,6.625489e-08,-2.000302e-08,-2.000302e-08,2.608686e-10,4.017447e-10,-9.860654e-11,-1.318135e-09,2.648572e+01,2.593871e+01,2.591171e+01
1.631000e-10,0.000000e+00,0.000000e+00,0.000000e+00,4.699284e-07,-9.656576e-06,-2.037283e-07,7.823023e-08,-2.119340e-08,-2.119340e-08,4.065427e-10,3.947917e-10,3.904053e-10,-1.347013e-09,2.648646e+01,2.593871e+01,2.591170e+01
1.632000e-10,0.000000e+00,0.000000e+00,0.000000e+00,4.073504e-07,-8.183548e-06,-1.164764e-07,8.465323e-08,-2.137042e-08,-2.137042e-08,4.874289e-10,3.533687e-10,7.840399e-10,-1.310370e-09,2.648718e+01,2.593867e+01,2.591170e+01
1.633000e-10,0.000000e+00,0.000000e+00,0.000000e+00,3.226797e-07,-6.551025e-06,-1.787832e-08,8.550592e-08,-2.055814e-08,-2.055814e-08,5.067971e-10,2.949946e-10,1.075595e-09,-1.219404e-09,2.648785e+01,2.593860e+01,2.591171e+01
1.634000e-10,0.000000e+00,0.000000e+00,0.000000e+00,2.185330e-07,-4.808130e-06,8.230422e-08,8.115130e-08,-1.882640e-08,-1.882640e-08,4.687577e-10,2.348430e-10,1.265017e-09,-1.086499e-09,2.648838e+01,2.593852e+01,2.591172e+01
1.635000e-10,0.000000e+00,0.000000e+00,0.000000e+00,1.003524e-07,-2.995173e-06,1.743620e-07,7.228657e-08,-1.628735e-08,-1.628735e-08,3.785777e-10,1.848331e-10,1.357981e-09,-9.243034e-10,2.648874e+01,2.593843e+01,2.591173e+01
1.636000e-10,0.000000e+00,0.000000e+00,0.000000e+00,-2.376822e-08,-1.149338e-06,2.493516e-07,5.987363e-08,-1.308973e-08,-1.308973e-08,2.430228e-10,1.531185e-10,1.364751e-09,-7.449475e-10,2.648889e+01,2.593834e+01,2.591175e+01
1.637000e-10,0.000000e+00,0.000000e+00,0.000000e+00,-1.439308e-07,6.904887e-07,2.997483e-07,4.505320e-08,-9.411184e-09,-9.411184e-09,7.062245e-11,1.439580e-10,1.298917e-09,-5.594514e-10,2.648879e+01,2.593826e+01,2.591177e+01
1.638000e-10,0.000000e+00,0.000000e+00,0.000000e+00,-2.497052e-07,2.481794e-06,3.200092e-07,2.904953e-08,-5.448811e-09,-5.448811e-09,-1.282251e-10,1.579268e-10,1.176103e-09,-3.773073e-10,2.648845e+01,2.593820e+01,2.591179e+01
1.639000e-10,0.000000e+00,0.000000e+00,0.000000e+00,-3.314695e-07,4.179937e-06,3.070126e-07,1.307366e-08,-1.408671e-09,-1.408671e-09,-3.413651e-10,1.924077e-10,1.012743e-09,-2.062379e-10,2.648788e+01,2.593815e+01,2.591181e+01
1.640000e-10,0.000000e+00,0.000000e+00,0.000000e+00,-3.814972e-07,5.741928e-06,2.603407e-07,-1.767435e-09,2.505277e-09,2.505277e-09,-5.552380e-10,2.422868e-10,8.249774e-10,-5.210882e-11,2.648709e+01,2.593813e+01,2.591182e+01
1.641000e-10,0.000000e+00,0.000000e+00,0.000000e+00,-3.946171e-07,7.130312e-06,1.823757e-07,-1.454893e-08,6.102079e-09,6.102079e-09,-7.554628e-10,3.007720e-10,6.277317e-10,8.103128e-11,2.648614e+01,2.593813e+01,2.591184e+01
1.642000e-10,0.000000e+00,0.000000e+00,0.000000e+00,-3.684551e-07,8.315049e-06,7.819069e-08,-2.458801e-08,9.213881e-09,9.213881e-09,-9.276130e-10,3.602567e-10,4.340086e-10,1.908130e-10,2.648509e+01,2.593816e+01,2.591185e+01
1.643000e-10,0.000000e+00,0.000000e+00,0.000000e+00,-3.034068e-07,9.272336e-06,-4.476466e-08,-3.148149e-08,1.170458e-08,1.170458e-08,-1.058121e-09,4.131524e-10,2.544033e-10,2.763409e-10,2.648401e+01,2.593820e+01,2.591186e+01
1.644000e-10,0.000000e+00,0.000000e+00,0.000000e+00,-2.025281e-07,9.980860e-06,-1.771694e-07,-3.511924e-08,1.347652e-08,1.347652e-08,-1.135234e-09,4.526297e-10,9.684415e-11,3.379500e-10,2.648298e+01,2.593826e+01,2.591187e+01
1.645000e-10,0.000000e+00,0.000000e+00,0.000000e+00,-7.146586e-08,1.041728e-05,-3.084940e-07,-3.567325e-08,1.447472e-08,1.447472e-08,-1.149928e-09,4.732187e-10,-3.346150e-11,3.769471e-10,2.648208e+01,2.593832e+01,2.591187e+01
1.646000e-10,0.000000e+00,0.000000e+00,0.000000e+00,8.157923e-08,1.055325e-05,-4.277764e-07,-3.356415e-08,1.468855e-08,1.468855e-08,-1.096697e-09,4.712365e-10,-1.339001e-10,3.953591e-10,2.648138e+01,2.593838e+01,2.591187e+01
1.647000e-10,0.000000e+00,0.000000e+00,0.000000e+00,2.459867e-07,1.035578e-05,-5.244608e-07,-2.940875e-08,1.415068e-08,1.415068e-08,-9.741357e-10,4.450270e-10,-2.041838e-10,3.957001e-10,2.648095e+01,2.593843e+01,2.591186e+01
1.648000e-10,0.000000e+00,0.000000e+00,0.000000e+00,4.091343e-07,9.791718e-06,-5.892407e-07,-2.395354e-08,1.293334e-08,1.293334e-08,-7.852590e-10,3.950131e-10,-2.459744e-10,3.807689e-10,2.648082e+01,2.593847e+01,2.591185e+01
1.649000e-10,0.000000e+00,0.000000e+00,0.000000e+00,5.572449e-07,8.835364e-06,-6.148514e-07,-1.799989e-08,1.114237e-08,1.114237e-08,-5.375095e-10,3.235750e-10,-2.624460e-10,3.534800e-10,2.648103e+01,2.593848e+01,2.591184e+01
1.650000e-10,0.000000e+00,0.000000e+00,0.000000e+00,6.766853e-07,7.477514e-06,-5.967500e-07,-1.232758e-08,8.909383e-09,8.909383e-09,-2.424508e-10,2.347808e-10,-2.578203e-10,3.167293e-10,2.648156e+01,2.593847e+01,2.591183e+01
1.651000e-10,0.000000e+00,0.000000e+00,0.000000e+00,7.555734e-07,5.733305e-06,-5.336267e-07,-7.622843e-09,6.382581e-09,6.382581e-09,8.484872e-11,1.340021e-10,-2.369100e-10,2.732922e-10,2.648240e+01,2.593843e+01,2.591182e+01
1.652000e-10,0.000000e+00,0.000000e+00,0.000000e+00,7.854115e-07,3.646799e-06,-4.276920e-07,-4.416930e-09,3.716985e-09,3.716985e-09,4.266988e-10,2.745481e-11,-2.046994e-10,2.257498e-10,2.648349e+01,2.593837e+01,2.591181e+01
1.653000e-10,0.000000e+00,0.000000e+00,0.000000e+00,7.623945e-07,1.291078e-06,-2.846952e-07,-3.040156e-09,1.064642e-09,1.064642e-09,7.638790e-10,-7.829565e-11,-1.659833e-10,1.764391e-10,2.648475e+01,2.593828e+01,2.591180e+01
1.654000e-10,0.000000e+00,0.000000e+00,0.000000e+00,6.880881e-07,-1.236020e-06,-1.136470e-07,-3.594987e-09,-1.434465e-09,-1.434465e-09,1.076859e-09,-1.768260e-10,-1.250780e-10,1.274206e-10,2.648609e+01,2.593818e+01,2.591179e+01
1.655000e-10,0.000000e+00,0.000000e+00,0.000000e+00,5.693072e-07,-3.819255e-06,7.375769e-08,-5.950251e-09,-3.660241e-09,-3.660241e-09,1.347062e-09,-2.623072e-10,-8.561316e-11,8.045981e-11,2.648741e+01,2.593808e+01,2.591178e+01
1.656000e-10,0.000000e+00,0.000000e+00,0.000000e+00,4.172211e-07,-6.334509e-06,2.639852e-07,-9.756746e-09,-5.518538e-09,-5.518538e-09,1.558080e-09,-3.298885e-10,-5.040331e-11,3.701852e-11,2.648861e+01,2.593797e+01,2.591178e+01
1.657000e-10,0.000000e+00,0.000000e+00,0.000000e+00,2.458884e-07,-8.656789e-06,4.427188e-07,-1.448276e-08,-6.945120e-09,-6.945120e-09,1.696751e-09,-3.759920e-10,-2.139661e-11,-1.747270e-12,2.648960e+01,2.593788e+01,2.591178e+01
1.658000e-10,0.000000e+00,0.000000e+00,0.000000e+00,7.053431e-08,-1.066678e-05,5.960326e-07,-1.946636e-08,-7.907344e-09,-7.907344e-09,1.754022e-09,-3.985030e-10,3.093228e-13,-3.498390e-11,2.649028e+01,2.593780e+01,2.591177e+01
1.659000e-10,0.000000e+00,0.000000e+00,0.000000e+00,-9.411387e-08,-1.225606e-05,7.115757e-07,-2.398000e-08,-8.403568e-09,-8.403568e-09,1.725545e-09,-3.968505e-10,1.439686e-11,-6.213200e-11,2.649062e+01,2.593775e+01,2.591178e+01
1.660000e-10,0.000000e+00,0.000000e+00,0.000000e+00,-2.351992e-07,-1.333176e-05,7.796514e-07,-2.730172e-08,-8.460427e-09,-8.460427e-09,1.611953e-09,-3.719812e-10,2.121510e-11,-8.291449e-11,2.649058e+01,2.593773e+01,2.591178e+01
1.661000e-10,0.000000e+00,0.000000e+00,0.000000e+00,-3.427063e-07,-1.382151e-05,7.940852e-07,-2.878696e-08,-8.128318e-09,-8.128318e-09,1.418810e-09,-3.262348e-10,2.164064e-11,-9.731905e-11,2.649017e+01,2.593774e+01,2.591178e+01
1.662000e-10,0.000000e+00,0.000000e+00,0.000000e+00,-4.100349e-07,-1.367878e-05,7.527967e-07,-2.793458e-08,-7.475509e-09,-7.475509e-09,1.156240e-09,-2.631352e-10,1.692341e-11,-1.055760e-10,2.648943e+01,2.593779e+01,2.591178e+01
1.663000e-10,0.000000e+00,0.000000e+00,0.000000e+00,-4.342369e-07,-1.288822e-05,6.580193e-07,-2.444140e-08,-6.581414e-09,-6.581414e-09,8.382615e-10,-1.871184e-10,8.532676e-12,-1.081303e-10,2.648840e+01,2.593788e+01,2.591178e+01
1.664000e-10,0.000000e+00,0.000000e+00,0.000000e+00,-4.159814e-07,-1.146948e-05,5.161493e-07,-1.824016e-08,-5.529599e-09,-5.529599e-09,4.818893e-10,-1.032168e-10,-1.988246e-12,-1.056081e-10,2.648718e+01,2.593799e+01,2.591178e+01
1.665000e-10,0.000000e+00,0.000000e+00,0.000000e+00,-3.592792e-07,-9.478488e-06,3.372394e-07,-9.517529e-09,-4.401068e-09,-4.401068e-09,1.060510e-10,-1.672350e-11,-1.314921e-11,-9.877858e-11,2.648586e+01,2.593813e+01,2.591178e+01
1.666000e-10,0.000000e+00,0.000000e+00,0.000000e+00,-2.709724e-07,-7.005254e-06,1.341850e-07,1.289918e-09,-3.268364e-09,-3.268364e-09,-2.695837e-10,6.714099e-11,-2.361708e-11,-8.851166e-11,2.648453e+01,2.593828e+01,2.591178e+01
1.667000e-10,0.000000e+00,0.000000e+00,0.000000e+00,-1.599988e-07,-4.168566e-06,-7.832216e-08,1.352177e-08,-2.190910e-09,-2.190910e-09,-6.257950e-10,1.435394e-10,-3.229323e-11,-7.573321e-11,2.648329e+01,2.593843e+01,2.591178e+01
1.668000e-10,0.000000e+00,0.000000e+00,0.000000e+00,-3.648249e-08,-1.108395e-06,-2.849773e-07,2.634014e-08,-1.211890e-09,-1.211890e-09,-9.449371e-10,2.082883e-10,-3.836302e-11,-6.138011e-11,2.648223e+01,2.593858e+01,2.591178e+01
1.669000e-10,0.000000e+00,0.000000e+00,0.000000e+00,8.924833e-08,2.022669e-06,-4.710799e-07,3.879277e-08,-3.568478e-10,-3.568478e-10,-1.211928e-09,2.580742e-10,-4.131849e-11,-4.635677e-11,2.648142e+01,2.593870e+01,2.591177e+01
1.670000e-10,0.000000e+00,0.000000e+00,0.000000e+00,2.075809e-07,5.067966e-06,-6.236783e-07,4.988795e-08,3.659780e-10,3.659780e-10,-1.415036e-09,2.906058e-10,-4.095763e-11,-3.149519e-11,2.648090e+01,2.593880e+01,2.591177e+01
1.671000e-10,0.000000e+00,0.000000e+00,0.000000e+00,3.103524e-07,7.874818e-06,-7.325455e-07,5.867508e-08,9.637166e-10,9.637166e-10,-1.546434e-09,3.046978e-10,-3.736192e-11,-1.752125e-11,2.648069e+01,2.593887e+01,2.591177e+01
1.672000e-10,0.000000e+00,0.000000e+00,0.000000e+00,3.913278e-07,1.030213e-05,-7.909065e-07,6.432449e-08,1.455587e-09,1.455587e-09,-1.602469e-09,3.002843e-10,-3.085927e-11,-5.028035e-12,2.648081e+01,2.593889e+01,2.591177e+01
1.673000e-10,0.000000e+00,0.000000e+00,0.000000e+00,4.464212e-07,1.222772e-05,-7.958665e-07,6.619957e-08,1.868649e-09,1.868649e-09,-1.583673e-09,2.783662e-10,-2.197401e-11,5.541977e-12,2.648121e+01,2.593887e+01,2.591177e+01
1.674000e-10,0.000000e+00,0.000000e+00,0.000000e+00,4.737163e-07,1.355525e-05,-7.485129e-07,6.391546e-08,2.233033e-09,2.233033e-09,-1.494509e-09,2.409003e-10,-1.137177e-11,1.390536e-11,2.648186e+01,2.593880e+01,2.591178e+01
1.675000e-10,0.000000e+00,0.000000e+00,0.000000e+00,4.733592e-07,1.422030e-05,-6.536988e-07,5.737903e-08,2.577122e-09,2.577122e-09,-1.342877e-09,1.906379e-10,1.994279e-13,1.993705e-11,2.648269e+01,2.593870e+01,2.591178e+01
1.676000e-10,0.000000e+00,0.000000e+00,0.000000e+00,4.473786e-07,1.419454e-05,-5.195406e-07,4.680669e-08,2.923163e-09,2.923163e-09,-1.139454e-09,1.309280e-10,1.196561e-11,2.366054e-11,2.648365e+01,2.593857e+01,2.591179e+01
1.677000e-10,0.000000e+00,0.000000e+00,0.000000e+00,3.994427e-07,1.348731e-05,-3.566835e-07,3.271826e-08,3.283730e-09,3.283730e-09,-8.968884e-10,6.549681e-11,2.317870e-11,2.523065e-11,2.648464e+01,2.593841e+01,2.591180e+01
1.678000e-10,0.000000e+00,0.000000e+00,0.000000e+00,3.345337e-07,1.214405e-05,-1.774070e-07,1.590696e-08,3.659379e-09,3.659379e-09,-6.289430e-10,-1.781680e-12,3.316181e-11,2.490981e-11,2.648560e+01,2.593824e+01,2.591181e+01
1.679000e-10,0.000000e+00,0.000000e+00,0.000000e+00,2.585172e-07,1.024194e-05,5.352163e-09,-2.612239e-09,4.037719e-09,4.037719e-09,-3.496241e-10,-6.711088e-11,4.134487e-11,2.304045e-11,2.648647e+01,2.593807e+01,2.591182e+01
1.680000e-10,0.000000e+00,0.000000e+00,0.000000e+00,1.776153e-07,7.883733e-06,1.789797e-07,-2.167224e-08,4.393991e-09,4.393991e-09,-7.237134e-11,-1.269793e-10,4.729130e-11,2.001470e-11,2.648718e+01,2.593791e+01,2.591183e+01
1.681000e-10,0.000000e+00,0.000000e+00,0.000000e+00,9.784561e-08,5.190850e-06,3.320879e-07,-4.003608e-08,4.693126e-09,4.693126e-09,1.906456e-10,-1.783400e-10,5.071405e-11,1.624417e-11,2.648770e+01,2.593776e+01,2.591184e+01
1.682000e-10,0.000000e+00,0.000000e+00,0.000000e+00,2.452405e-08,2.296863e-06,4.552805e-07,-5.648550e-08,4.893067e-09,4.893067e-09,4.290852e-10,-2.187547e-10,5.148214e-11,1.213134e-11,2.648800e+01,2.593765e+01,2.591185e+01
1.683000e-10,0.000000e+00,0.000000e+00,0.000000e+00,-3.806946e-08,-6.582812e-07,5.417253e-07,-6.990910e-08,4.949096e-09,4.949096e-09,6.348182e-10,-2.464947e-10,4.961800e-11,8.044498e-12,2.648808e+01,2.593758e+01,2.591185e+01
1.684000e-10,0.000000e+00,0.000000e+00,0.000000e+00,-8.680356e-08,-3.533496e-06,5.875045e-07,-7.938328e-08,4.818738e-09,4.818738e-09,8.021286e-10,-2.605967e-10,4.528697e-11,4.297126e-12,2.648794e+01,2.593754e+01,2.591186e+01
1.685000e-10,0.000000e+00,0.000000e+00,0.000000e+00,-1.196042e-07,-6.191879e-06,5.917278e-07,-8.423987e-08,4.466814e-09,4.466814e-09,9.277343e-10,-2.608728e-10,3.877988e-11,1.133394e-12,2.648761e+01,2.593755e+01,2.591185e+01
1.686000e-10,0.000000e+00,0.000000e+00,0.000000e+00,-1.352497e-07,-8.506743e-06,5.564219e-07,-8.411521e-08,3.870143e-09,3.870143e-09,1.010644e-09,-2.478773e-10,3.049116e-11,-1.280742e-12,2.648712e+01,2.593760e+01,2.591185e+01
1.687000e-10,0.000000e+00,0.000000e+00,0.000000e+00,-1.331837e-07,-1.036853e-05,4.862195e-07,-7.897722e-08,3.021477e-09,3.021477e-09,1.051879e-09,-2.228343e-10,2.089201e-11,-2.859758e-12,2.648652e+01,2.593768e+01,2.591184e+01
1.688000e-10,0.000000e+00,0.000000e+00,0.000000e+00,-1.134652e-07,-1.169210e-05,3.878913e-07,-6.912838e-08,1.932233e-09,1.932233e-09,1.054100e-09,-1.875336e-10,1.050306e-11,-3.595551e-12,2.648586e+01,2.593780e+01,2.591183e+01
1.689000e-10,0.000000e+00,0.000000e+00,0.000000e+00,-7.690886e-08,-1.242326e-05,2.697667e-07,-5.518460e-08,6.337539e-10,6.337539e-10,1.021174e-09,-1.442019e-10,-1.348607e-13,-3.549083e-12,2.648518e+01,2.593793e+01,2.591181e+01
1.690000e-10,0.000000e+00,0.000000e+00,0.000000e+00,-2.537734e-08,-1.254328e-05,1.410915e-07,-3.803179e-08,-8.230887e-10,-8.230887e-10,9.577307e-10,-9.535834e-11,-1.048841e-11,-2.838204e-12,2.648453e+01,2.593808e+01,2.591180e+01
1.691000e-10,0.000000e+00,0.000000e+00,0.000000e+00,3.790009e-08,-1.207007e-05,1.136642e-08,-1.876343e-08,-2.370002e-09,-2.370002e-09,8.687409e-10,-4.366426e-11,-2.005763e-11,-1.622800e-12,2.648397e+01,2.593823e+01,2.591178e+01
1.692000e-10,0.000000e+00,0.000000e+00,0.000000e+00,1.081518e-07,-1.105572e-05,-1.102960e-07,1.396005e-09,-3.924974e-09,-3.924974e-09,7.591605e-10,8.224861e-12,-2.839938e-11,-8.821760e-14,2.648353e+01,2.593837e+01,2.591176e+01
1.693000e-10,0.000000e+00,0.000000e+00,0.000000e+00,1.791816e-07,-9.580553e-06,-2.157655e-07,2.117602e-08,-5.397340e-09,-5.397340e-09,6.336546e-10,5.779674e-11,-3.514594e-11,1.571343e-12,2.648324e+01,2.593849e+01,2.591175e+01
1.694000e-10,0.000000e+00,0.000000e+00,0.000000e+00,2.438550e-07,-7.744852e-06,-2.984122e-07,3.934726e-08,-6.693858e-09,-6.693858e-09,4.964251e-10,1.028018e-10,-4.001976e-11,3.168345e-12,2.648312e+01,2.593858e+01,2.591174e+01
1.695000e-10,0.000000e+00,0.000000e+00,0.000000e+00,2.949165e-07,-5.659792e-06,-3.535238e-07,5.480442e-08,-7.725335e-09,-7.725335e-09,3.511400e-10,1.413507e-10,-4.284345e-11,4.535972e-12,2.648317e+01,2.593865e+01,2.591173e+01
1.696000e-10,0.000000e+00,0.000000e+00,0.000000e+00,3.259937e-07,-3.439002e-06,-3.785992e-07,6.663923e-08,-8.413313e-09,-8.413313e-09,2.009614e-10,1.719834e-10,-4.354377e-11,5.538916e-12,2.648338e+01,2.593869e+01,2.591172e+01
1.697000e-10,0.000000e+00,0.000000e+00,0.000000e+00,3.325778e-07,-1.191823e-06,-3.734947e-07,7.419815e-08,-8.696285e-09,-8.696285e-09,4.865370e-11,1.937121e-10,-4.215170e-11,6.081297e-12,2.648372e+01,2.593869e+01,2.591172e+01
1.698000e-10,0.000000e+00,0.000000e+00,0.000000e+00,3.127660e-07,9.814257e-07,-3.404063e-07,7.712132e-08,-8.534942e-09,-8.534942e-09,-1.032536e-10,2.060335e-10,-3.879663e-11,6.110936e-12,2.648417e+01,2.593865e+01,2.591172e+01
1.699000e-10,0.000000e+00,0.000000e+00,0.000000e+00,2.676119e-07,2.992521e-06,-2.836764e-07,7.536004e-08,-7.916028e-09,-7.916028e-09,-2.522739e-10,2.089166e-10,-3.369707e-11,5.620189e-12,2.648467e+01,2.593859e+01,2.591173e+01
1.700000e-10,0.000000e+00,0.000000e+00,0.000000e+00,2.010327e-07,4.767427e-06,-2.094310e-07,6.917221e-08,-6.854455e-09,-6.854455e-09,-3.957784e-10,2.027648e-10,-2.714656e-11,4.643560e-12,2.648517e+01,2.593851e+01,2.591174e+01
1.701000e-10,0.000000e+00,0.000000e+00,0.000000e+00,1.193237e-07,6.248018e-06,-1.250640e-07,5.909641e-08,-5.393493e-09,-5.393493e-09,-5.308434e-10,1.883609e-10,-1.949737e-11,3.252493e-12,2.648562e+01,2.593841e+01,2.591175e+01
1.702000e-10,0.000000e+00,0.000000e+00,0.000000e+00,3.040566e-08,7.393676e-06,-3.860882e-08,4.590706e-08,-3.602944e-09,-3.602944e-09,-6.541600e-10,1.667958e-10,-1.114201e-11,1.548043e-12,2.648597e+01,2.593831e+01,2.591177e+01
1.703000e-10,0.000000e+00,0.000000e+00,0.000000e+00,-5.704650e-08,8.182446e-06,4.195503e-08,3.055423e-08,-1.575415e-09,-1.575415e-09,-7.620220e-10,1.393903e-10,-2.492559e-12,-3.481263e-13,2.648618e+01,2.593820e+01,2.591179e+01
1.704000e-10,0.000000e+00,0.000000e+00,0.000000e+00,-1.344689e-07,8.611188e-06,1.093974e-07,1.409282e-08,5.791032e-10,5.791032e-10,-8.504049e-10,1.076123e-10,6.038573e-12,-2.303496e-12,2.648624e+01,2.593810e+01,2.591180e+01
1.705000e-10,0.000000e+00,0.000000e+00,0.000000e+00,-1.941919e-07,8.694131e-06,1.578732e-07,-2.393471e-09,2.739973e-09,2.739973e-09,-9.151354e-10,7.299691e-11,1.405894e-11,-4.184320e-12,2.648611e+01,2.593802e+01,2.591182e+01
1.706000e-10,0.000000e+00,0.000000e+00,0.000000e+00,-2.301113e-07,8.459685e-06,1.834381e-07,-1.786792e-08,4.783512e-09,4.783512e-09,-9.521430e-10,3.707107e-11,2.121305e-11,-5.865076e-12,2.648583e+01,2.593796e+01,2.591183e+01
1.707000e-10,0.000000e+00,0.000000e+00,0.000000e+00,-2.382365e-07,7.945900e-06,1.843968e-07,-3.141061e-08,6.590934e-09,6.590934e-09,-9.577744e-10,1.289906e-12,2.719833e-11,-7.236421e-12,2.648540e+01,2.593791e+01,2.591185e+01
1.708000e-10,0.000000e+00,0.000000e+00,0.000000e+00,-2.171019e-07,7.195454e-06,1.614480e-07,-4.227755e-08,8.056056e-09,8.056056e-09,-9.291444e-10,-3.301679e-11,3.177708e-11,-8.211848e-12,2.648487e+01,2.593789e+01,2.591185e+01
1.709000e-10,0.000000e+00,0.000000e+00,0.000000e+00,-1.679983e-07,6.251252e-06,1.176122e-07,-4.994495e-08,9.092251e-09,9.092251e-09,-8.644928e-10,-6.468341e-11,3.478500e-11,-8.732271e-12,2.648429e+01,2.593790e+01,2.591186e+01
1.710000e-10,0.000000e+00,0.000000e+00,0.000000e+00,-9.496748e-08,5.153494e-06,5.794382e-08,-5.413590e-08,9.638132e-09,9.638132e-09,-7.635097e-10,-9.273474e-11,3.613630e-11,-8.768496e-12,2.648371e+01,2.593792e+01,2.591186e+01
1.711000e-10,0.000000e+00,0.000000e+00,0.000000e+00,-4.503482e-09,3.938608e-06,-1.094799e-08,-5.482790e-08,9.661589e-09,9.661589e-09,-6.275981e-10,-1.163986e-10,3.582429e-11,-8.322006e-12,2.648318e+01,2.593796e+01,2.591186e+01
1.712000e-10,0.000000e+00,0.000000e+00,0.000000e+00,9.505542e-08,2.639853e-06,-8.152954e-08,-5.224130e-08,9.161878e-09,9.161878e-09,-4.600411e-10,-1.351084e-10,3.391880e-11,-7.423458e-12,2.648277e+01,2.593801e+01,2.591185e+01
1.713000e-10,0.000000e+00,0.000000e+00,0.000000e+00,1.944016e-07,1.288932e-06,-1.460668e-07,-4.681022e-08,8.169634e-09,8.169634e-09,-2.660483e-10,-1.484955e-10,3.055914e-11,-6.129544e-12,2.648251e+01,2.593807e+01,2.591184e+01
1.714000e-10,0.000000e+00,0.000000e+00,0.000000e+00,2.842910e-07,-8.221632e-08,-1.973756e-07,-3.913854e-08,6.744802e-09,6.744802e-09,-5.266828e-11,-1.563765e-10,2.594531e-11,-4.518486e-12,2.648243e+01,2.593812e+01,2.591183e+01
1.715000e-10,0.000000e+00,0.000000e+00,0.000000e+00,3.565780e-07,-1.440210e-06,-2.295255e-07,-2.994509e-08,4.972649e-09,4.972649e-09,1.714412e-10,-1.587349e-10,2.032554e-11,-2.684481e-12,2.648255e+01,2.593817e+01,2.591182e+01
1.716000e-10,0.000000e+00,0.000000e+00,0.000000e+00,4.050855e-07,-2.749978e-06,-2.384259e-07,-2.000249e-08,2.958145e-09,2.958145e-09,3.963788e-10,-1.557036e-10,1.398307e-11,-7.315133e-13,2.648286e+01,2.593821e+01,2.591180e+01
1.717000e-10,0.000000e+00,0.000000e+00,0.000000e+00,4.261754e-07,-3.975496e-06,-2.222355e-07,-1.007464e-08,8.191069e-10,8.191069e-10,6.114823e-10,-1.475456e-10,7.221285e-12,1.232889e-12,2.648333e+01,2.593824e+01,2.591179e+01
1.718000e-10,0.000000e+00,0.000000e+00,0.000000e+00,4.189460e-07,-5.081121e-06,-1.815521e-07,-8.581009e-10,-1.321400e-09,-1.321400e-09,8.059039e-10,-1.346382e-10,3.494329e-13,3.104242e-12,2.648394e+01,2.593824e+01,2.591178e+01
1.719000e-10,0.000000e+00,0.000000e+00,0.000000e+00,3.850680e-07,-6.033062e-06,-1.193650e-07,7.068379e-09,-3.342875e-09,-3.342875e-09,9.692396e-10,-1.174592e-10,-6.332121e-12,4.786506e-12,2.648462e+01,2.593824e+01,2.591176e+01
1.720000e-10,0.000000e+00,0.000000e+00,0.000000e+00,3.283363e-07,-6.800528e-06,-4.077499e-08,1.328223e-08,-5.134879e-09,-5.134879e-09,1.092173e-09,-9.657633e-11,-1.254437e-11,6.197067e-12,2.648533e+01,2.593822e+01,2.591176e+01
1.721000e-10,0.000000e+00,0.000000e+00,0.000000e+00,2.540608e-07,-7.356416e-06,4.748383e-08,1.754065e-08,-6.603691e-09,-6.603691e-09,1.167088e-09,-7.263847e-11,-1.804089e-11,7.270743e-12,2.648600e+01,2.593818e+01,2.591175e+01
1.722000e-10,0.000000e+00,0.000000e+00,0.000000e+00,1.684234e-07,-7.677649e-06,1.376708e-07,1.978815e-08,-7.677710e-09,-7.677710e-09,1.188604e-09,-4.636916e-11,-2.261747e-11,7.962287e-12,2.648658e+01,2.593814e+01,2.591175e+01
1.723000e-10,0.000000e+00,0.000000e+00,0.000000e+00,7.789890e-08,-7.745551e-06,2.217477e-07,2.014777e-08,-8.311237e-09,-8.311237e-09,1.153999e-09,-1.855891e-11,-2.611760e-11,8.247977e-12,2.648702e+01,2.593810e+01,2.591174e+01
1.724000e-10,0.000000e+00,0.000000e+00,0.000000e+00,-1.120996e-08,-7.546618e-06,2.921002e-07,1.889764e-08,-8.486447e-09,-8.486447e-09,1.063476e-09,9.943456e-12,-2.843755e-11,8.125805e-12,2.648729e+01,2.593806e+01,2.591175e+01
1.725000e-10,0.000000e+00,0.000000e+00,0.000000e+00,-9.312115e-08,-7.073913e-06,3.422051e-07,1.643515e-08,-8.213442e-09,-8.213442e-09,9.202673e-10,3.824241e-11,-2.952685e-11,7.614494e-12,2.648737e+01,2.593803e+01,2.591175e+01
1.726000e-10,0.000000e+00,0.000000e+00,0.000000e+00,-1.628316e-07,-6.328967e-06,3.671843e-07,1.323241e-08,-7.528461e-09,-7.528461e-09,7.305409e-10,6.541253e-11,-2.938768e-11,6.751496e-12,2.648724e+01,2.593801e+01,2.591176e+01
1.727000e-10,0.000000e+00,0.000000e+00,0.000000e+00,-2.163181e-07,-5.323797e-06,3.642045e-07,9.787043e-09,-6.490423e-09,-6.490423e-09,5.031287e-10,9.052006e-11,-2.807184e-11,5.590189e-12,2.648693e+01,2.593800e+01,2.591176e+01
1.728000e-10,0.000000e+00,0.000000e+00,0.000000e+00,-2.506993e-07,-4.082481e-06,3.326938e-07,6.572946e-09,-5.176107e-09,-5.176107e-09,2.490800e-10,1.126496e-10,-2.567497e-11,4.196474e-12,2.648644e+01,2.593801e+01,2.591177e+01
1.729000e-10,0.000000e+00,0.000000e+00,0.000000e+00,-2.643554e-07,-2.641806e-06,2.743676e-07,3.995169e-09,-3.674359e-09,-3.674359e-09,-1.893101e-11,1.309370e-10,-2.233099e-11,2.644581e-12,2.648581e+01,2.593804e+01,2.591178e+01
1.730000e-10,0.000000e+00,0.000000e+00,0.000000e+00,-2.569873e-07,-1.050716e-06,1.930692e-07,2.352910e-09,-2.079767e-09,-2.079767e-09,-2.873093e-10,1.446047e-10,-1.820386e-11,1.013327e-12,2.648510e+01,2.593808e+01,2.591179e+01
1.731000e-10,0.000000e+00,0.000000e+00,0.000000e+00,-2.295965e-07,6.313714e-07,9.444607e-08,1.813655e-09,-4.862742e-10,-4.862742e-10,-5.423093e-10,1.530006e-10,-1.347989e-11,-6.181546e-13,2.648434e+01,2.593813e+01,2.591179e+01
1.732000e-10,0.000000e+00,0.000000e+00,0.000000e+00,-1.843792e-07,2.337113e-06,-1.450463e-08,2.400489e-09,1.018807e-09,1.018807e-09,-7.708232e-10,1.556366e-10,-8.359433e-12,-2.174266e-12,2.648359e+01,2.593819e+01,2.591180e+01
1.733000e-10,0.000000e+00,0.000000e+00,0.000000e+00,-1.245471e-07,3.994275e-06,-1.259835e-07,3.993418e-09,2.359986e-09,2.359986e-09,-9.611366e-10,1.522233e-10,-3.048769e-12,-3.586265e-12,2.648290e+01,2.593826e+01,2.591180e+01
1.734000e-10,0.000000e+00,0.000000e+00,0.000000e+00,-5.410088e-08,5.528981e-06,-2.319821e-07,6.344284e-09,3.477647e-09,3.477647e-09,-1.103603e-09,1.427006e-10,2.247742e-12,-4.795161e-12,2.648231e+01,2.593832e+01,2.591180e+01
1.735000e-10,0.000000e+00,0.000000e+00,0.000000e+00,2.241602e-08,6.869033e-06,-3.248776e-07,9.103679e-09,4.330739e-09,4.330739e-09,-1.191193e-09,1.272587e-10,7.334197e-12,-5.753962e-12,2.648187e+01,2.593837e+01,2.591181e+01
1.736000e-10,0.000000e+00,0.000000e+00,0.000000e+00,1.001643e-07,7.947297e-06,-3.979840e-07,1.185725e-08,4.897970e-09,4.897970e-09,-1.219886e-09,1.063487e-10,1.202965e-11,-6.429169e-12,2.648159e+01,2.593841e+01,2.591181e+01
1.737000e-10,0.000000e+00,0.000000e+00,0.000000e+00,1.742529e-07,8.705195e-06,-4.460236e-07,1.416804e-08,5.177525e-09,5.177525e-09,-1.188875e-09,8.068017e-11,1.617301e-11,-6.801629e-12,2.648150e+01,2.593843e+01,2.591180e+01
1.738000e-10,0.000000e+00,0.000000e+00,0.000000e+00,2.399864e-07,9.096197e-06,-4.654865e-07,1.562089e-08,5.185397e-09,5.185397e-09,-1.100581e-09,5.120480e-11,1.962755e-11,-6.866460e-12,2.648161e+01,2.593843e+01,2.591180e+01
1.739000e-10,0.000000e+00,0.000000e+00,0.000000e+00,2.931248e-07,9.089140e-06,-4.548599e-07,1.586515e-08,4.952554e-09,4.952554e-09,-9.604664e-10,1.908539e-11,2.228388e-11,-6.632604e-12,2.648189e+01,2.593841e+01,2.591180e+01
1.740000e-10,0.000000e+00,0.000000e+00,0.000000e+00,3.301538e-07,8.671002e-06,-4.147140e-07,1.465168e-08,4.521230e-09,4.521230e-09,-7.766766e-10,-1.434852e-11,2.406238e-11,-6.121547e-12,2.648233e+01,2.593837e+01,2.591180e+01
1.741000e-10,0.000000e+00,0.000000e+00,0.000000e+00,3.485495e-07,7.848786e-06,-3.476441e-07,1.186099e-08,3.940694e-09,3.940694e-09,-5.595219e-10,-4.765784e-11,2.491475e-11,-5.365752e-12,2.648290e+01,2.593831e+01,2.591180e+01
1.742000e-10,0.000000e+00,0.000000e+00,0.000000e+00,3.470080e-07,6.650228e-06,-2.580771e-07,7.520081e-09,3.262851e-09,3.262851e-09,-3.208429e-10,-7.935948e-11,2.482454e-11,-4.406609e-12,2.648356e+01,2.593824e+01,2.591180e+01
1.743000e-10,0.000000e+00,0.000000e+00,0.000000e+00,3.256058e-07,5.123195e-06,-1.519562e-07,1.806446e-09,2.538048e-09,2.538048e-09,-7.330033e-11,-1.079988e-10,2.380681e-11,-3.292156e-12,2.648427e+01,2.593815e+01,2.591180e+01
1.744000e-10,0.000000e+00,0.000000e+00,0.000000e+00,2.858577e-07,3.333809e-06,-3.632803e-08,-4.961169e-09,1.811414e-09,1.811414e-09,1.703646e-10,-1.322243e-10,2.190783e-11,-2.074639e-12,2.648497e+01,2.593806e+01,2.591180e+01
1.745000e-10,0.000000e+00,0.000000e+00,0.000000e+00,2.306588e-07,1.363456e-06,8.114114e-08,-1.234452e-08,1.119990e-09,1.119990e-09,3.980509e-10,-1.508588e-10,1.920269e-11,-8.081995e-13,2.648562e+01,2.593797e+01,2.591180e+01
1.746000e-10,0.000000e+00,0.000000e+00,0.000000e+00,1.641048e-07,-6.951044e-07,1.926883e-07,-1.981843e-08,4.908421e-10,4.908421e-10,5.989556e-10,-1.629663e-10,1.579397e-11,4.535752e-13,2.648618e+01,2.593789e+01,2.591180e+01
1.747000e-10,0.000000e+00,0.000000e+00,0.000000e+00,9.120723e-08,-2.742319e-06,2.909814e-07,-2.681146e-08,-5.974501e-11,-5.974501e-11,7.641284e-10,-1.679050e-10,1.180769e-11,1.659622e-12,2.648661e+01,2.593782e+01,2.591180e+01
1.748000e-10,0.000000e+00,0.000000e+00,0.000000e+00,1.752324e-08,-4.676936e-06,3.696171e-07,-3.275152e-08,-5.260084e-10,-5.260084e-10,8.868930e-10,-1.653690e-10,7.390591e-12,2.763456e-12,2.648688e+01,2.593777e+01,2.591180e+01
1.749000e-10,0.000000e+00,0.000000e+00,0.000000e+00,-5.127108e-08,-6.401423e-06,4.235565e-07,-3.711267e-08,-9.114676e-10,-9.114676e-10,9.631134e-10,-1.554103e-10,2.705088e-12,3.724624e-12,2.648698e+01,2.593774e+01,2.591180e+01
1.750000e-10,0.000000e+00,0.000000e+00,0.000000e+00,-1.098374e-07,-7.827489e-06,4.494681e-07,-3.945925e-08,-1.226886e-09,-1.226886e-09,9.912946e-10,-1.384435e-10,-2.075323e-12,4.510006e-12,2.648690e+01,2.593773e+01,2.591180e+01
1.751000e-10,0.000000e+00,0.000000e+00,0.000000e+00,-1.536299e-07,-8.881402e-06,4.459549e-07,-3.948401e-08,-1.487674e-09,-1.487674e-09,9.725210e-10,-1.152292e-10,-6.771955e-12,5.094628e-12,2.648666e+01,2.593776e+01,2.591180e+01
1.752000e-10,0.000000e+00,0.000000e+00,0.000000e+00,-1.793140e-07,-9.508698e-06,4.136484e-07,-3.703679e-08,-1.711013e-09,-1.711013e-09,9.102434e-10,-8.683970e-11,-1.120679e-11,5.462221e-12,2.648627e+01,2.593780e+01,2.591180e+01
1.753000e-10,0.000000e+00,0.000000e+00,0.000000e+00,-1.851068e-07,-9.677834e-06,3.551601e-07,-3.214173e-08,-1.912995e-09,-1.912995e-09,8.099364e-10,-5.460567e-11,-1.520877e-11,5.605404e-12,2.648577e+01,2.593787e+01,2.591179e+01
1.754000e-10,0.000000e+00,0.000000e+00,0.000000e+00,-1.709956e-07,-9.382361e-06,2.748922e-07,-2.500126e-08,-2.106066e-09,-2.106066e-09,6.786581e-10,-2.004963e-11,-1.862063e-11,5.525368e-12,2.648519e+01,2.593795e+01,2.591179e+01
1.755000e-10,0.000000e+00,0.000000e+00,0.000000e+00,-1.387915e-07,-8.641325e-06,1.787171e-07,-1.598653e-08,-2.297021e-09,-2.297021e-09,5.245430e-10,1.519260e-11,-2.130471e-11,5.231619e-12,2.648458e+01,2.593804e+01,2.591178e+01
1.756000e-10,0.000000e+00,0.000000e+00,0.000000e+00,-9.199113e-08,-7.497830e-06,7.354602e-08,-5.614883e-09,-2.485732e-09,-2.485732e-09,3.562694e-10,4.945633e-11,-2.314922e-11,4.741161e-12,2.648399e+01,2.593814e+01,2.591178e+01
1.757000e-10,0.000000e+00,0.000000e+00,0.000000e+00,-3.544210e-08,-6.015924e-06,-3.318300e-08,5.484136e-09,-2.664746e-09,-2.664746e-09,1.825357e-10,8.113402e-11,-2.407356e-11,4.077608e-12,2.648345e+01,2.593824e+01,2.591177e+01
1.758000e-10,0.000000e+00,0.000000e+00,0.000000e+00,2.515761e-08,-4.276184e-06,-1.340611e-07,1.661168e-08,-2.819777e-09,-2.819777e-09,1.157943e-11,1.087581e-10,-2.403210e-11,3.270137e-12,2.648302e+01,2.593833e+01,2.591176e+01
1.759000e-10,0.000000e+00,0.000000e+00,0.000000e+00,8.386787e-08,-2.370509e-06,-2.222645e-07,2.704832e-08,-2.931038e-09,-2.931038e-09,-1.492312e-10,1.310756e-10,-2.301782e-11,2.352253e-12,2.648270e+01,2.593841e+01,2.591176e+01
1.760000e-10,0.000000e+00,0.000000e+00,0.000000e+00,1.351397e-07,-3.965913e-07,-2.920664e-07,3.610488e-08,-2.975310e-09,-2.975310e-09,-2.937129e-10,1.471096e-10,-2.106306e-11,1.360612e-12,2.648253e+01,2.593847e+01,2.591176e+01
1.761000e-10,0.000000e+00,0.000000e+00,0.000000e+00,1.743871e-07,1.547520e-06,-3.392598e-07,4.317176e-08,-2.928523e-09,-2.928523e-09,-4.170767e-10,1.562067e-10,-1.824015e-11,3.336133e-13,2.648251e+01,2.593850e+01,2.591175e+01
1.762000e-10,0.000000e+00,0.000000e+00,0.000000e+00,1.984246e-07,3.368526e-06,-3.614568e-07,4.776292e-08,-2.768635e-09,-2.768635e-09,-5.160269e-10,1.580643e-10,-1.465870e-11,-6.899738e-13,2.648263e+01,2.593851e+01,2.591175e+01
1.763000e-10,0.000000e+00,0.000000e+00,0.000000e+00,2.057236e-07,4.982506e-06,-3.582351e-07,4.955124e-08,-2.478503e-09,-2.478503e-09,-5.887535e-10,1.527396e-10,-1.046235e-11,-1.672092e-12,2.648286e+01,2.593850e+01,2.591176e+01
1.764000e-10,0.000000e+00,0.000000e+00,0.000000e+00,1.964752e-07,6.318941e-06,-3.311208e-07,4.839274e-08,-2.048504e-09,-2.048504e-09,-6.348309e-10,1.406382e-10,-5.823308e-12,-2.576857e-12,2.648319e+01,2.593846e+01,2.591176e+01
1.765000e-10,0.000000e+00,0.000000e+00,0.000000e+00,1.724752e-07,7.324001e-06,-2.834094e-07,4.433769e-08,-1.478614e-09,-1.478614e-09,-6.550396e-10,1.224850e-10,-9.350276e-13,-3.371543e-12,2.648357e+01,2.593841e+01,2.591177e+01
1.766000e-10,0.000000e+00,0.000000e+00,0.000000e+00,1.368645e-07,7.962849e-06,-2.198410e-07,3.762786e-08,-7.797578e-10,-7.797578e-10,-6.511355e-10,9.927822e-11,3.995503e-12,-4.027756e-12,2.648398e+01,2.593833e+01,2.591177e+01
1.767000e-10,0.000000e+00,0.000000e+00,0.000000e+00,9.376407e-08,8.220748e-06,-1.461628e-07,2.868002e-08,2.575571e-11,2.575571e-11,-6.255883e-10,7.222978e-11,8.757166e-12,-4.522362e-12,2.648436e+01,2.593825e+01,2.591178e+01
1.768000e-10,0.000000e+00,0.000000e+00,0.000000e+00,4.784192e-08,8.102775e-06,-6.861731e-08,1.805709e-08,9.047645e-10,9.047645e-10,-5.813190e-10,4.269764e-11,1.314404e-11,-4.838095e-12,2.648469e+01,2.593816e+01,2.591179e+01
1.769000e-10,0.000000e+00,0.000000e+00,0.000000e+00,3.845923e-09,7.632182e-06,6.594872e-09,6.428921e-09,1.814771e-09,1.814771e-09,-5.214523e-10,1.211127e-11,1.696526e-11,-4.964336e-12,2.648495e+01,2.593808e+01,2.591180e+01
1.770000e-10,0.000000e+00,0.000000e+00,0.000000e+00,-3.386359e-08,6.847603e-06,7.383064e-08,-5.474279e-09,2.706350e-09,2.706350e-09,-4.491096e-10,-1.810230e-11,2.005342e-11,-4.897436e-12,2.648510e+01,2.593800e+01,2.591181e+01
1.771000e-10,0.000000e+00,0.000000e+00,0.000000e+00,-6.174135e-08,5.799560e-06,1.284525e-07,-1.691240e-08,3.526295e-09,3.526295e-09,-3.672514e-10,-4.659008e-11,2.227325e-11,-4.640754e-12,2.648516e+01,2.593793e+01,2.591182e+01
1.772000e-10,0.000000e+00,0.000000e+00,0.000000e+00,-7.739896e-08,4.546740e-06,1.671715e-07,-2.718607e-08,4.221258e-09,4.221258e-09,-2.785786e-10,-7.213654e-11,2.352793e-11,-4.204726e-12,2.648511e+01,2.593787e+01,2.591183e+01
1.773000e-10,0.000000e+00,0.000000e+00,0.000000e+00,-7.981512e-08,3.152498e-06,1.882566e-07,-3.568372e-08,4.741635e-09,4.741635e-09,-1.854936e-10,-9.371699e-11,2.376363e-11,-3.606574e-12,2.648497e+01,2.593784e+01,2.591183e+01
1.774000e-10,0.000000e+00,0.000000e+00,0.000000e+00,-6.937968e-08,1.681826e-06,1.915975e-07,-4.192171e-08,5.045372e-09,5.045372e-09,-9.011577e-11,-1.105381e-10,2.297300e-11,-2.869659e-12,2.648477e+01,2.593782e+01,2.591183e+01
1.775000e-10,0.000000e+00,0.000000e+00,0.000000e+00,-4.776150e-08,1.988281e-07,1.786185e-07,-4.557461e-08,5.101405e-09,5.101405e-09,5.659878e-12,-1.220636e-10,2.119494e-11,-2.022770e-12,2.648452e+01,2.593783e+01,2.591183e+01
1.776000e-10,0.000000e+00,0.000000e+00,0.000000e+00,-1.762238e-08,-1.235430e-06,1.520591e-07,-4.649369e-08,4.892451e-09,4.892451e-09,1.000737e-10,-1.280253e-10,1.851326e-11,-1.099028e-12,2.648425e+01,2.593785e+01,2.591183e+01
1.777000e-10,0.000000e+00,0.000000e+00,0.000000e+00,1.777014e-08,-2.564889e-06,1.156474e-07,-4.471229e-08,4.416912e-09,4.416912e-09,1.914014e-10,-1.284196e-10,1.505268e-11,-1.348168e-13,2.648400e+01,2.593788e+01,2.591182e+01
1.778000e-10,0.000000e+00,0.000000e+00,0.000000e+00,5.495874e-08,-3.740408e-06,7.370184e-08,-4.043822e-08,3.689724e-09,3.689724e-09,2.778588e-10,-1.234902e-10,1.097248e-11,8.316657e-13,2.648379e+01,2.593793e+01,2.591182e+01
1.779000e-10,0.000000e+00,0.000000e+00,0.000000e+00,9.066782e-08,-4.721589e-06,3.070300e-08,-3.403384e-08,2.742064e-09,2.742064e-09,3.575296e-10,-1.137000e-10,6.459352e-12,1.761932e-12,2.648363e+01,2.593799e+01,2.591181e+01
1.780000e-10,0.000000e+00,0.000000e+00,0.000000e+00,1.220754e-07,-5.478355e-06,-9.121388e-09,-2.598575e-08,1.619890e-09,1.619890e-09,4.283289e-10,-9.969414e-11,1.717779e-12,2.618572e-12,2.648355e+01,2.593804e+01,2.591180e+01
1.781000e-10,0.000000e+00,0.000000e+00,0.000000e+00,1.469618e-07,-5.992010e-06,-4.216175e-08,-1.686658e-08,3.814147e-10,3.814147e-10,4.880126e-10,-8.225664e-11,-3.039377e-12,3.366939e-12,2.648355e+01,2.593810e+01,2.591179e+01
1.782000e-10,0.000000e+00,0.000000e+00,0.000000e+00,1.637450e-07,-6.255537e-06,-6.571111e-08,-7.292040e-09,-9.063359e-10,-9.063359e-10,5.342376e-10,-6.226466e-11,-7.600954e-12,3.976518e-12,2.648362e+01,2.593815e+01,2.591178e+01
1.783000e-10,0.000000e+00,0.000000e+00,0.000000e+00,1.714414e-07,-6.273024e-06,-7.814965e-08,2.123519e-09,-2.171649e-09,-2.171649e-09,5.646715e-10,-4.064206e-11,-1.176815e-11,4.422192e-12,2.648377e+01,2.593819e+01,2.591177e+01
1.784000e-10,0.000000e+00,0.000000e+00,0.000000e+00,1.695979e-07,-6.058273e-06,-7.902101e-08,1.080955e-08,-3.342646e-09,-3.342646e-09,5.771442e-10,-1.831561e-11,-1.536276e-11,4.685565e-12,2.648396e+01,2.593822e+01,2.591176e+01
1.785000e-10,0.000000e+00,0.000000e+00,0.000000e+00,1.582403e-07,-5.632827e-06,-6.900324e-08,1.827673e-08,-4.351884e-09,-4.351884e-09,5.698308e-10,3.823891e-12,-1.823585e-11,4.755612e-12,2.648420e+01,2.593824e+01,2.591175e+01
1.786000e-10,0.000000e+00,0.000000e+00,0.000000e+00,1.378574e-07,-5.023781e-06,-4.978582e-08,2.414674e-08,-5.140717e-09,-5.140717e-09,5.414490e-10,2.495508e-11,-2.027414e-11,4.629346e-12,2.648445e+01,2.593825e+01,2.591175e+01
1.787000e-10,0.000000e+00,0.000000e+00,0.000000e+00,1.094208e-07,-4.261710e-06,-2.387065e-08,2.817244e-08,-5.663105e-09,-5.663105e-09,4.914519e-10,4.435147e-11,-2.140410e-11,4.312043e-12,2.648470e+01,2.593824e+01,2.591175e+01
1.788000e-10,0.000000e+00,0.000000e+00,0.000000e+00,7.441348e-08,-3.379000e-06,5.681293e-09,3.024740e-08,-5.888607e-09,-5.888607e-09,4.201977e-10,6.140010e-11,-2.159523e-11,3.817025e-12,2.648491e+01,2.593823e+01,2.591175e+01
1.789000e-10,0.000000e+00,0.000000e+00,0.000000e+00,3.483559e-08,-2.408672e-06,3.553483e-08,3.040449e-08,-5.804343e-09,-5.804343e-09,3.290761e-10,7.561213e-11,-2.085950e-11,3.165337e-12,2.648507e+01,2.593820e+01,2.591175e+01
1.790000e-10,0.000000e+00,0.000000e+00,0.000000e+00,-6.844823e-09,-1.383655e-06,6.237420e-08,2.880424e-08,-5.415799e-09,-5.415799e-09,2.205750e-10,8.662741e-11,-1.925043e-11,2.384655e-12,2.648517e+01,2.593818e+01,2.591175e+01
1.791000e-10,0.000000e+00,0.000000e+00,0.000000e+00,-4.781147e-08,-3.363519e-07,8.318446e-08,2.571425e-08,-4.746419e-09,-4.746419e-09,9.827619e-11,9.421304e-11,-1.685883e-11,1.508310e-12,2.648519e+01,2.593815e+01,2.591176e+01
1.792000e-10,0.000000e+00,0.000000e+00,0.000000e+00,-8.508673e-08,7.016888e-07,9.550172e-08,2.148184e-08,-3.836017e-09,-3.836017e-09,-3.322959e-11,9.825736e-11,-1.380776e-11,5.737827e-13,2.648512e+01,2.593813e+01,2.591177e+01
1.793000e-10,0.000000e+00,0.000000e+00,0.000000e+00,-1.157654e-07,1.700131e-06,9.761619e-08,1.650225e-08,-2.738135e-09,-2.738135e-09,-1.685060e-10,9.876148e-11,-1.024573e-11,-3.790112e-13,2.648497e+01,2.593810e+01,2.591177e+01
1.794000e-10,0.000000e+00,0.000000e+00,0.000000e+00,-1.372647e-07,2.630276e-06,8.871499e-08,1.118523e-08,-1.516541e-09,-1.516541e-09,-3.015100e-10,9.582851e-11,-6.338925e-12,-1.309339e-12,2.648475e+01,2.593809e+01,2.591178e+01
1.795000e-10,0.000000e+00,0.000000e+00,0.000000e+00,-1.475595e-07,3.465521e-06,6.895571e-08,5.922641e-09,-2.411028e-10,-2.411028e-10,-4.258929e-10,8.965246e-11,-2.263448e-12,-2.177563e-12,2.648445e+01,2.593808e+01,2.591179e+01
1.796000e-10,0.000000e+00,0.000000e+00,0.000000e+00,-1.453779e-07,4.181764e-06,3.946568e-08,1.059678e-09,1.016643e-09,1.016643e-09,-5.353468e-10,8.050760e-11,1.803418e-12,-2.946880e-12,2.648412e+01,2.593808e+01,2.591180e+01
1.797000e-10,0.000000e+00,0.000000e+00,0.000000e+00,-1.303401e-07,4.757714e-06,2.266790e-09,-3.128307e-09,2.187949e-09,2.187949e-09,-6.239740e-10,6.873785e-11,5.691035e-12,-3.585037e-12,2.648376e+01,2.593808e+01,2.591180e+01
1.798000e-10,0.000000e+00,0.000000e+00,0.000000e+00,-1.030337e-07,5.175100e-06,-3.986956e-08,-6.451716e-09,3.211019e-09,3.211019e-09,-6.866548e-10,5.474821e-11,9.242293e-12,-4.065665e-12,2.648340e+01,2.593809e+01,2.591181e+01
1.799000e-10,0.000000e+00,0.000000e+00,0.000000e+00,-6.501953e-08,5.418885e-06,-8.362786e-08,-8.814491e-09,4.034605e-09,4.034605e-09,-7.193887e-10,3.899611e-11,1.232047e-11,-4.369489e-12,2.648307e+01,2.593811e+01,2.591181e+01
1.800000e-10,0.000000e+00,0.000000e+00,0.000000e+00,-1.876509e-08,5.477589e-06,-1.254006e-07,-1.021356e-08,4.620813e-09,4.620813e-09,-7.195817e-10,2.198343e-11,1.481360e-11,-4.485137e-12,2.648280e+01,2.593812e+01,2.591181e+01
1.801000e-10,0.000000e+00,0.000000e+00,0.000000e+00,3.249697e-08,5.343831e-06,-1.615695e-07,-1.073040e-08,4.946945e-09,4.946945e-09,-6.862614e-10,4.248844e-12,1.663866e-11,-4.409626e-12,2.648260e+01,2.593814e+01,2.591181e+01
1.802000e-10,0.000000e+00,0.000000e+00,0.000000e+00,8.498653e-08,5.015123e-06,-1.887962e-07,-1.051588e-08,5.006290e-09,5.006290e-09,-6.201988e-10,-1.364186e-11,1.774322e-11,-4.148402e-12,2.648250e+01,2.593815e+01,2.591181e+01
1.803000e-10,0.000000e+00,0.000000e+00,0.000000e+00,1.346625e-07,4.494846e-06,-2.043003e-07,-9.769915e-09,4.807845e-09,4.807845e-09,-5.239266e-10,-3.110579e-11,1.810641e-11,-3.714987e-12,2.648250e+01,2.593816e+01,2.591181e+01
1.804000e-10,0.000000e+00,0.000000e+00,0.000000e+00,1.775608e-07,3.793252e-06,-2.061042e-07,-8.717935e-09,4.375020e-09,4.375020e-09,-4.016514e-10,-4.755614e-11,1.773781e-11,-3.130269e-12,2.648261e+01,2.593816e+01,2.591181e+01
1.805000e-10,0.000000e+00,0.000000e+00,0.000000e+00,2.101543e-07,2.928275e-06,-1.932228e-07,-7.586418e-09,3.743475e-09,3.743475e-09,-2.590575e-10,-6.241695e-11,1.667608e-11,-2.421512e-12,2.648283e+01,2.593815e+01,2.591180e+01
1.806000e-10,0.000000e+00,0.000000e+00,0.000000e+00,2.296958e-07,1.925932e-06,-1.657831e-07,-6.579560e-09,2.958250e-09,2.958250e-09,-1.030197e-10,-7.514084e-11,1.498524e-11,-1.620976e-12,2.648314e+01,2.593814e+01,2.591180e+01
1.807000e-10,0.000000e+00,0.000000e+00,0.000000e+00,2.344999e-07,8.201591e-07,-1.250585e-07,-5.859170e-09,2.070442e-09,2.070442e-09,5.876675e-11,-8.522895e-11,1.275116e-11,-7.644063e-13,2.648351e+01,2.593811e+01,2.591179e+01
1.808000e-10,0.000000e+00,0.000000e+00,0.000000e+00,2.241266e-07,-3.480060e-07,-7.341264e-08,-5.529456e-09,1.133669e-09,1.133669e-09,2.182087e-10,-9.225151e-11,1.007711e-11,1.105965e-13,2.648394e+01,2.593808e+01,2.591179e+01
1.809000e-10,0.000000e+00,0.000000e+00,0.000000e+00,1.994391e-07,-1.531877e-06,-1.415254e-08,-5.627942e-09,2.005789e-10,2.005789e-10,3.672683e-10,-9.586953e-11,7.078813e-12,9.663510e-13,2.648438e+01,2.593805e+01,2.591179e+01
1.810000e-10,0.000000e+00,0.000000e+00,0.000000e+00,1.625254e-07,-2.681120e-06,4.870056e-08,-6.123178e-09,-6.803539e-10,-6.803539e-10,4.984184e-10,-9.585521e-11,3.879557e-12,1.766737e-12,2.648480e+01,2.593802e+01,2.591178e+01
1.811000e-10,0.000000e+00,0.000000e+00,0.000000e+00,1.164946e-07,-3.744161e-06,1.107069e-07,-6.919342e-09,-1.467531e-09,-1.467531e-09,6.050683e-10,-9.210983e-11,6.053691e-13,2.478853e-12,2.648517e+01,2.593799e+01,2.591178e+01
1.812000e-10,0.000000e+00,0.000000e+00,0.000000e+00,6.517183e-08,-4.670837e-06,1.673477e-07,-7.867203e-09,-2.128280e-09,-2.128280e-09,6.819355e-10,-8.467776e-11,-2.619572e-12,3.074208e-12,2.648547e+01,2.593796e+01,2.591178e+01
1.813000e-10,0.000000e+00,0.000000e+00,0.000000e+00,1.273023e-08,-5.415127e-06,2.143809e-07,-8.780386e-09,-2.640135e-09,-2.640135e-09,7.253395e-10,-7.375520e-11,-5.677232e-12,3.530098e-12,2.648568e+01,2.593793e+01,2.591178e+01
1.814000e-10,0.000000e+00,0.000000e+00,0.000000e+00,-3.669779e-08,-5.937797e-06,2.481834e-07,-9.455419e-09,-2.991322e-09,-2.991322e-09,7.333986e-10,-5.969188e-11,-8.459305e-12,3.830178e-12,2.648577e+01,2.593792e+01,2.591178e+01
1.815000e-10,0.000000e+00,0.000000e+00,0.000000e+00,-7.938876e-08,-6.208815e-06,2.660488e-07,-9.693725e-09,-3.180451e-09,-3.180451e-09,7.061189e-10,-4.298563e-11,-1.087058e-11,3.965328e-12,2.648575e+01,2.593792e+01,2.591178e+01
1.816000e-10,0.000000e+00,0.000000e+00,0.000000e+00,-1.123397e-07,-6.209367e-06,2.664160e-07,-9.323559e-09,-3.215512e-09,-3.215512e-09,6.453709e-10,-2.426831e-11,-1.283128e-11,3.933575e-12,2.648561e+01,2.593793e+01,2.591178e+01
1.817000e-10,0.000000e+00,0.000000e+00,0.000000e+00,-1.334960e-07,-5.933335e-06,2.490060e-07,-8.219873e-09,-3.112294e-09,-3.112294e-09,5.547568e-10,-4.284341e-12,-1.427931e-11,3.740058e-12,2.648536e+01,2.593795e+01,2.591178e+01
1.818000e-10,0.000000e+00,0.000000e+00,0.000000e+00,-1.418792e-07,-5.388103e-06,2.148553e-07,-6.320303e-09,-2.892393e-09,-2.892393e-09,4.393774e-10,1.613833e-11,-1.517136e-11,3.396623e-12,2.648504e+01,2.593798e+01,2.591178e+01
1.819000e-10,0.000000e+00,0.000000e+00,0.000000e+00,-1.376075e-07,-4.594603e-06,1.662421e-07,-3.635761e-09,-2.580999e-09,-2.580999e-09,3.055171e-10,3.612426e-11,-1.548406e-11,2.920967e-12,2.648465e+01,2.593802e+01,2.591178e+01
1.820000e-10,0.000000e+00,0.000000e+00,0.000000e+00,-1.218168e-07,-3.586567e-06,1.065116e-07,-2.545974e-10,-2.204658e-09,-2.204658e-09,1.602668e-10,5.478988e-11,-1.521399e-11,2.335942e-12,2.648423e+01,2.593807e+01,2.591178e+01
1.821000e-10,0.000000e+00,0.000000e+00,0.000000e+00,-9.649325e-08,-2.409008e-06,3.981497e-08,3.660161e-09,-1.789188e-09,-1.789188e-09,1.110940e-11,7.128698e-11,-1.437754e-11,1.668075e-12,2.648382e+01,2.593812e+01,2.591178e+01
1.822000e-10,0.000000e+00,0.000000e+00,0.000000e+00,-6.424351e-08,-1.116037e-06,-2.921421e-08,7.880409e-09,-1.357905e-09,-1.357905e-09,-1.345034e-10,8.484486e-11,-1.301039e-11,9.466993e-13,2.648343e+01,2.593817e+01,2.591178e+01
1.823000e-10,0.000000e+00,0.000000e+00,0.000000e+00,-2.802864e-08,2.318683e-07,-9.581942e-08,1.212870e-08,-9.302934e-10,-9.302934e-10,-2.695592e-10,9.481162e-11,-1.116595e-11,2.023743e-13,2.648309e+01,2.593822e+01,2.591178e+01
1.824000e-10,0.000000e+00,0.000000e+00,0.000000e+00,9.109162e-09,1.570965e-06,-1.554847e-07,1.609892e-08,-5.211810e-10,-5.211810e-10,-3.878512e-10,1.006900e-10,-8.913993e-12,-5.343566e-13,2.648283e+01,2.593826e+01,2.591178e+01
1.825000e-10,0.000000e+00,0.000000e+00,0.000000e+00,4.430068e-08,2.837556e-06,-2.042722e-07,1.948025e-08,-1.404616e-10,-1.404616e-10,-4.842825e-10,1.021661e-10,-6.338022e-12,-1.234099e-12,2.648266e+01,2.593829e+01,2.591178e+01
1.826000e-10,0.000000e+00,0.000000e+00,0.000000e+00,7.506458e-08,3.971329e-06,-2.391066e-07,2.198243e-08,2.066660e-10,2.066660e-10,-5.550929e-10,9.912995e-11,-3.533711e-12,-1.869845e-12,2.648259e+01,2.593831e+01,2.591178e+01
1.827000e-10,0.000000e+00,0.000000e+00,0.000000e+00,9.946991e-08,4.918542e-06,-2.579840e-07,2.336031e-08,5.190073e-10,5.190073e-10,-5.979966e-10,9.168489e-11,-6.046413e-13,-2.417881e-12,2.648261e+01,2.593832e+01,2.591178e+01
1.828000e-10,0.000000e+00,0.000000e+00,0.000000e+00,1.162399e-07,5.634875e-06,-2.600910e-07,2.343556e-08,7.983343e-10,7.983343e-10,-6.122278e-10,8.014636e-11,2.340143e-12,-2.858794e-12,2.648272e+01,2.593831e+01,2.591178e+01
1.829000e-10,0.000000e+00,0.000000e+00,0.000000e+00,1.247960e-07,6.087735e-06,-2.458264e-07,2.211377e-08,1.048133e-09,1.048133e-09,-5.984953e-10,6.502877e-11,5.189738e-12,-3.177745e-12,2.648290e+01,2.593829e+01,2.591178e+01
1.830000e-10,0.000000e+00,0.000000e+00,0.000000e+00,1.252441e-07,6.257888e-06,-2.167293e-07,1.939539e-08,1.272286e-09,1.272286e-09,-5.588555e-10,4.702187e-11,7.836178e-12,-3.365159e-12,2.648314e+01,2.593825e+01,2.591178e+01
1.831000e-10,0.000000e+00,0.000000e+00,0.000000e+00,1.183083e-07,6.140269e-06,-1.753207e-07,1.537962e-08,1.473827e-09,1.473827e-09,-4.965159e-10,2.695746e-11,1.017679e-11,-3.416783e-12,2.648342e+01,2.593821e+01,2.591179e+01
1.832000e-10,0.000000e+00,0.000000e+00,0.000000e+00,1.052183e-07,5.743951e-06,-1.248776e-07,1.026064e-08,1.653921e-09,1.653921e-09,-4.155848e-10,5.767887e-12,1.211978e-11,-3.333643e-12,2.648372e+01,2.593815e+01,2.591179e+01
1.833000e-10,0.000000e+00,0.000000e+00,0.000000e+00,8.756322e-08,5.091320e-06,-6.915878e-08,4.316611e-09,1.811151e-09,1.811151e-09,-3.207905e-10,-1.556076e-11,1.358691e-11,-3.121868e-12,2.648400e+01,2.593810e+01,2.591179e+01
1.834000e-10,0.000000e+00,0.000000e+00,0.000000e+00,6.712493e-08,4.216574e-06,-1.210729e-08,-2.108048e-09,1.941222e-09,1.941222e-09,-2.171842e-10,-3.603869e-11,1.451707e-11,-2.792262e-12,2.648427e+01,2.593804e+01,2.591180e+01
1.835000e-10,0.000000e+00,0.000000e+00,0.000000e+00,4.571131e-08,3.163722e-06,4.244544e-08,-8.625599e-09,2.037079e-09,2.037079e-09,-1.098524e-10,-5.472236e-11,1.486956e-11,-2.359838e-12,2.648448e+01,2.593799e+01,2.591180e+01
1.836000e-10,0.000000e+00,0.000000e+00,0.000000e+00,2.500791e-08,1.984236e-06,9.105120e-08,-1.483156e-08,2.089462e-09,2.089462e-09,-3.652059e-12,-7.076197e-11,1.462576e-11,-1.843011e-12,2.648465e+01,2.593794e+01,2.591180e+01
1.837000e-10,0.000000e+00,0.000000e+00,0.000000e+00,6.464480e-09,7.345070e-07,1.308719e-07,-2.033283e-08,2.087826e-09,2.087826e-09,9.701500e-11,-8.344353e-11,1.379082e-11,-1.263011e-12,2.648475e+01,2.593790e+01,2.591181e+01
1.838000e-10,0.000000e+00,0.000000e+00,0.000000e+00,-8.774812e-09,-5.268144e-07,1.598470e-07,-2.477534e-08,2.021553e-09,2.021553e-09,1.883772e-10,-9.222354e-11,1.239419e-11,-6.429537e-13,2.648479e+01,2.593788e+01,2.591181e+01
1.839000e-10,0.000000e+00,0.000000e+00,0.000000e+00,-1.989867e-08,-1.741533e-06,1.767930e-07,-2.786898e-08,1.881322e-09,1.881322e-09,2.674130e-10,-9.675337e-11,1.048870e-11,-6.910086e-15,2.648477e+01,2.593786e+01,2.591181e+01
1.840000e-10,0.000000e+00,0.000000e+00,0.000000e+00,-2.642383e-08,-2.854625e-06,1.814308e-07,-2.940814e-08,1.660515e-09,1.660515e-09,3.319135e-10,-9.689424e-11,8.149219e-12,6.207327e-13,2.648470e+01,2.593786e+01,2.591181e+01
1.841000e-10,0.000000e+00,0.000000e+00,0.000000e+00,-2.817427e-08,-3.816879e-06,1.743463e-07,-2.928624e-08,1.356513e-09,1.356513e-09,3.804884e-10,-9.271973e-11,5.469991e-12,1.216377e-12,2.648458e+01,2.593788e+01,2.591180e+01
1.842000e-10,0.000000e+00,0.000000e+00,0.000000e+00,-2.526023e-08,-4.587316e-06,1.568911e-07,-2.750314e-08,9.717418e-10,9.717418e-10,4.125262e-10,-8.450756e-11,2.560625e-12,1.757898e-12,2.648443e+01,2.593790e+01,2.591180e+01
1.843000e-10,0.000000e+00,0.000000e+00,0.000000e+00,-1.806731e-08,-5.135241e-06,1.310354e-07,-2.416510e-08,5.143504e-10,5.143504e-10,4.281128e-10,-7.272061e-11,-4.576967e-13,2.225390e-12,2.648427e+01,2.593794e+01,2.591180e+01
1.844000e-10,0.000000e+00,0.000000e+00,0.000000e+00,-7.255676e-09,-5.441699e-06,9.918800e-08,-1.947725e-08,-1.555927e-12,-1.555927e-12,4.279254e-10,-5.797938e-11,-3.458007e-12,2.601875e-12,2.648411e+01,2.593798e+01,2.591179e+01
1.845000e-10,0.000000e+00,0.000000e+00,0.000000e+00,6.240215e-09,-5.500216e-06,6.399811e-08,-1.372916e-08,-5.561917e-10,-5.561917e-10,4.131092e-10,-4.102600e-11,-6.312793e-12,2.873894e-12,2.648395e+01,2.593803e+01,2.591179e+01
1.846000e-10,0.000000e+00,0.000000e+00,0.000000e+00,2.122771e-08,-5.316706e-06,2.815334e-08,-7.274767e-09,-1.124875e-09,-1.124875e-09,3.851524e-10,-2.268432e-11,-8.899656e-12,3.031905e-12,2.648382e+01,2.593808e+01,2.591178e+01
1.847000e-10,0.000000e+00,0.000000e+00,0.000000e+00,3.630453e-08,-4.908575e-06,-5.812675e-09,-5.080742e-10,-1.679288e-09,-1.679288e-09,3.457685e-10,-3.816726e-12,-1.110695e-11,3.070709e-12,2.648372e+01,2.593812e+01,2.591177e+01
1.848000e-10,0.000000e+00,0.000000e+00,0.000000e+00,4.995008e-08,-4.303134e-06,-3.569136e-08,6.163495e-09,-2.189130e-09,-2.189130e-09,2.967949e-10,1.471955e-11,-1.283906e-11,2.989454e-12,2.648365e+01,2.593816e+01,2.591177e+01
1.849000e-10,0.000000e+00,0.000000e+00,0.000000e+00,6.065892e-08,-3.535515e-06,-5.973953e-08,1.234619e-08,-2.624062e-09,-2.624062e-09,2.401135e-10,3.211327e-11,-1.402093e-11,2.791885e-12,2.648363e+01,2.593819e+01,2.591176e+01
1.850000e-10,0.000000e+00,0.000000e+00,0.000000e+00,6.710273e-08,-2.646318e-06,-7.678110e-08,1.768550e-08,-2.955784e-09,-2.955784e-09,1.775967e-10,4.763659e-11,-1.460150e-11,2.486096e-12,2.648364e+01,2.593822e+01,2.591176e+01
1.851000e-10,0.000000e+00,0.000000e+00,0.000000e+00,6.829739e-08,-1.679204e-06,-8.626493e-08,2.188848e-08,-3.160106e-09,-3.160106e-09,1.110780e-10,6.067534e-11,-1.455652e-11,2.084233e-12,2.648369e+01,2.593823e+01,2.591176e+01
1.852000e-10,0.000000e+00,0.000000e+00,0.000000e+00,6.374686e-08,-6.786106e-07,-8.827535e-08,2.474121e-08,-3.218834e-09,-3.218834e-09,4.234306e-11,7.075311e-11,-1.388941e-11,1.602237e-12,2.648376e+01,2.593824e+01,2.591176e+01
1.853000e-10,0.000000e+00,0.000000e+00,0.000000e+00,5.353798e-08,3.123111e-07,-8.349514e-08,2.612049e-08,-3.121342e-09,-3.121342e-09,-2.686200e-11,7.754610e-11,-1.263180e-11,1.059023e-12,2.648385e+01,2.593823e+01,2.591176e+01
1.854000e-10,0.000000e+00,0.000000e+00,0.000000e+00,3.836839e-08,1.253478e-06,-7.312344e-08,2.599888e-08,-2.865677e-09,-2.865677e-09,-9.481426e-11,8.089019e-11,-1.084119e-11,4.760769e-13,2.648394e+01,2.593822e+01,2.591176e+01
1.855000e-10,0.000000e+00,0.000000e+00,0.000000e+00,1.950138e-08,2.109356e-06,-5.875438e-08,2.444315e-08,-2.459109e-09,-2.459109e-09,-1.597964e-10,8.077919e-11,-8.599278e-12,-1.235748e-13,2.648403e+01,2.593820e+01,2.591177e+01
1.856000e-10,0.000000e+00,0.000000e+00,0.000000e+00,-1.346745e-09,2.850115e-06,-4.222554e-08,2.160624e-08,-1.918075e-09,-1.918075e-09,-2.200854e-10,7.735603e-11,-6.007469e-12,-7.161410e-13,2.648409e+01,2.593817e+01,2.591177e+01
1.857000e-10,0.000000e+00,0.000000e+00,0.000000e+00,-2.217211e-08,3.452456e-06,-2.544814e-08,1.771375e-08,-1.267491e-09,-1.267491e-09,-2.739558e-10,7.089734e-11,-3.181954e-12,-1.277963e-12,2.648413e+01,2.593814e+01,2.591178e+01
1.858000e-10,0.000000e+00,0.000000e+00,0.000000e+00,-4.088127e-08,3.900055e-06,-1.023275e-08,1.304588e-08,-5.394677e-10,-5.394677e-10,-3.196994e-10,6.179205e-11,-2.490174e-13,-1.786503e-12,2.648413e+01,2.593812e+01,2.591178e+01
1.859000e-10,0.000000e+00,0.000000e+00,0.000000e+00,-5.550035e-08,4.183633e-06,1.874512e-09,7.916494e-09,2.284820e-10,2.284820e-10,-3.556672e-10,5.051803e-11,2.662049e-12,-2.221277e-12,2.648410e+01,2.593809e+01,2.591179e+01
1.860000e-10,0.000000e+00,0.000000e+00,0.000000e+00,-6.437470e-08,4.300641e-06,9.731026e-09,2.650683e-09,9.956437e-10,9.956437e-10,-3.803316e-10,3.761489e-11,5.423812e-12,-2.564650e-12,2.648403e+01,2.593806e+01,2.591179e+01
1.861000e-10,0.000000e+00,0.000000e+00,0.000000e+00,-6.634122e-08,4.254641e-06,1.269921e-08,-2.437330e-09,1.720551e-09,1.720551e-09,-3.923659e-10,2.365780e-11,7.917556e-12,-2.802619e-12,2.648393e+01,2.593804e+01,2.591180e+01
1.862000e-10,0.000000e+00,0.000000e+00,0.000000e+00,-6.085744e-08,4.054457e-06,1.070099e-08,-7.064459e-09,2.363524e-09,2.363524e-09,-3.907378e-10,9.230945e-12,1.003794e-11,-2.925474e-12,2.648380e+01,2.593803e+01,2.591180e+01
1.863000e-10,0.000000e+00,0.000000e+00,0.000000e+00,-4.807468e-08,3.713250e-06,4.219676e-09,-1.099579e-08,2.889124e-09,2.889124e-09,-3.748057e-10,-5.095627e-12,1.169837e-11,-2.928202e-12,2.648366e+01,2.593802e+01,2.591181e+01
1.864000e-10,0.000000e+00,0.000000e+00,0.000000e+00,-2.884536e-08,3.247614e-06,-5.751823e-09,-1.405732e-08,3.268351e-09,3.268351e-09,-3.444128e-10,-1.878735e-11,1.283362e-11,-2.810686e-12,2.648352e+01,2.593801e+01,2.591181e+01
1.865000e-10,0.000000e+00,0.000000e+00,0.000000e+00,-4.660022e-09,2.676800e-06,-1.781216e-08,-1.614355e-08,3.480443e-09,3.480443e-09,-2.999663e-10,-3.136217e-11,1.340362e-11,-2.577865e-12,2.648340e+01,2.593801e+01,2.591181e+01
1.866000e-10,0.000000e+00,0.000000e+00,0.000000e+00,2.248388e-08,2.022099e-06,-3.029346e-08,-1.721985e-08,3.514148e-09,3.514148e-09,-2.424937e-10,-4.240380e-11,1.339383e-11,-2.239534e-12,2.648331e+01,2.593802e+01,2.591181e+01
1.867000e-10,0.000000e+00,0.000000e+00,0.000000e+00,5.027043e-08,1.306369e-06,-4.143101e-08,-1.731939e-08,3.368385e-09,3.368385e-09,-1.736678e-10,-5.157115e-11,1.281586e-11,-1.809987e-12,2.648326e+01,2.593802e+01,2.591181e+01
1.868000e-10,0.000000e+00,0.000000e+00,0.000000e+00,7.629180e-08,5.536345e-07,-4.954480e-08,-1.653542e-08,3.052262e-09,3.052262e-09,-9.579294e-11,-5.860418e-11,1.170591e-11,-1.307374e-12,2.648325e+01,2.593803e+01,2.591180e+01
1.869000e-10,0.000000e+00,0.000000e+00,0.000000e+00,9.828659e-08,-2.112885e-07,-5.321548e-08,-1.500951e-08,2.584440e-09,2.584440e-09,-1.175057e-11,-6.332591e-11,1.012282e-11,-7.529802e-13,2.648330e+01,2.593804e+01,2.591180e+01
1.870000e-10,0.000000e+00,0.000000e+00,0.000000e+00,1.143612e-07,-9.632432e-07,-5.143737e-08,-1.291710e-08,1.991906e-09,1.991906e-09,7.509850e-11,-6.564261e-11,8.144536e-12,-1.702091e-13,2.648340e+01,2.593805e+01,2.591180e+01
1.871000e-10,0.000000e+00,0.000000e+00,0.000000e+00,1.231673e-07,-1.677272e-06,-4.373311e-08,-1.045136e-08,1.308237e-09,1.308237e-09,1.610510e-10,-6.554064e-11,5.864173e-12,4.161661e-13,2.648354e+01,2.593806e+01,2.591179e+01
1.872000e-10,0.000000e+00,0.000000e+00,0.000000e+00,1.240149e-07,-2.329261e-06,-3.021812e-08,-7.807085e-09,5.714793e-10,5.714793e-10,2.422317e-10,-6.308251e-11,3.385390e-12,9.813550e-13,2.648372e+01,2.593806e+01,2.591179e+01
1.873000e-10,0.000000e+00,0.000000e+00,0.000000e+00,1.169107e-07,-2.896653e-06,-1.160794e-08,-5.165576e-09,-1.782073e-10,-1.782073e-10,3.147891e-10,-5.840122e-11,8.174597e-13,1.501497e-12,2.648392e+01,2.593806e+01,2.591178e+01
1.874000e-10,0.000000e+00,0.000000e+00,0.000000e+00,1.025238e-07,-3.359196e-06,1.083276e-08,-2.681933e-09,-9.009808e-10,-9.009808e-10,3.751036e-10,-5.169408e-11,-1.729661e-12,1.954809e-12,2.648413e+01,2.593806e+01,2.591178e+01
1.875000e-10,0.000000e+00,0.000000e+00,0.000000e+00,8.208759e-08,-3.699670e-06,3.539473e-08,-4.755397e-10,-1.559664e-09,-1.559664e-09,4.199964e-10,-4.321588e-11,-4.150384e-12,2.322438e-12,2.648433e+01,2.593806e+01,2.591178e+01
1.876000e-10,0.000000e+00,0.000000e+00,0.000000e+00,5.725772e-08,-3.904555e-06,6.007231e-08,1.375601e-09,-2.121853e-09,-2.121853e-09,4.469242e-10,-3.327129e-11,-6.347458e-12,2.589353e-12,2.648451e+01,2.593805e+01,2.591177e+01
1.877000e-10,0.000000e+00,0.000000e+00,0.000000e+00,2.994611e-08,-3.964634e-06,8.274081e-08,2.836438e-09,-2.561654e-09,-2.561654e-09,4.541471e-10,-2.220707e-11,-8.236314e-12,2.744970e-12,2.648465e+01,2.593804e+01,2.591177e+01
1.878000e-10,0.000000e+00,0.000000e+00,0.000000e+00,2.150650e-09,-3.875488e-06,1.013462e-07,3.912449e-09,-2.860952e-09,-2.860952e-09,4.408567e-10,-1.040373e-11,-9.747667e-12,2.783607e-12,2.648474e+01,2.593804e+01,2.591177e+01
1.879000e-10,0.000000e+00,0.000000e+00,0.000000e+00,-2.420241e-08,-3.637892e-06,1.140891e-07,4.643679e-09,-3.010140e-09,-3.010140e-09,4.072554e-10,1.733800e-12,-1.083010e-11,2.704667e-12,2.648477e+01,2.593804e+01,2.591177e+01
1.880000e-10,0.000000e+00,0.000000e+00,0.000000e+00,-4.739228e-08,-3.258062e-06,1.195868e-07,5.095985e-09,-3.008287e-09,-3.008287e-09,3.545782e-10,1.378629e-11,-1.145152e-11,2.512781e-12,2.648474e+01,2.593804e+01,2.591177e+01
1.881000e-10,0.000000e+00,0.000000e+00,0.000000e+00,-6.600696e-08,-2.747751e-06,1.169985e-07,5.350432e-09,-2.862755e-09,-2.862755e-09,2.850558e-10,2.533135e-11,-1.159926e-11,2.217252e-12,2.648466e+01,2.593804e+01,2.591177e+01
1.882000e-10,0.000000e+00,0.000000e+00,0.000000e+00,-7.901386e-08,-2.124127e-06,1.061031e-07,5.491954e-09,-2.588316e-09,-2.588316e-09,2.018183e-10,3.595561e-11,-1.128037e-11,1.831927e-12,2.648452e+01,2.593805e+01,2.591177e+01
1.883000e-10,0.000000e+00,0.000000e+00,0.000000e+00,-8.579823e-08,-1.409412e-06,8.732547e-08,5.598381e-09,-2.205853e-09,-2.205853e-09,1.087437e-10,4.526757e-11,-1.052001e-11,1.374335e-12,2.648433e+01,2.593806e+01,2.591177e+01
1.884000e-10,0.000000e+00,0.000000e+00,0.000000e+00,-8.617215e-08,-6.302710e-07,6.170772e-08,5.730881e-09,-1.740763e-09,-1.740763e-09,1.026057e-11,5.291160e-11,-9.359773e-12,8.648131e-13,2.648412e+01,2.593807e+01,2.591178e+01
1.885000e-10,0.000000e+00,0.000000e+00,0.000000e+00,-8.035760e-08,1.830761e-07,3.083168e-08,5.926711e-09,-1.221168e-09,-1.221168e-09,-8.888445e-11,5.858139e-11,-7.855610e-12,3.257913e-13,2.648388e+01,2.593809e+01,2.591178e+01
1.886000e-10,0.000000e+00,0.000000e+00,0.000000e+00,-6.894815e-08,9.979688e-07,-3.301276e-09,6.194918e-09,-6.760813e-10,-6.760813e-10,-1.838810e-10,6.203360e-11,-6.074921e-12,-2.195268e-13,2.648365e+01,2.593811e+01,2.591178e+01
1.887000e-10,0.000000e+00,0.000000e+00,0.000000e+00,-5.285343e-08,1.780626e-06,-3.842155e-08,6.515339e-09,-1.336512e-10,-1.336512e-10,-2.701137e-10,6.310036e-11,-4.093340e-12,-7.478239e-13,2.648342e+01,2.593813e+01,2.591178e+01
1.888000e-10,0.000000e+00,0.000000e+00,0.000000e+00,-3.323084e-08,2.497603e-06,-7.216097e-08,6.840946e-09,3.804040e-10,3.804040e-10,-3.434126e-10,6.169925e-11,-1.991990e-12,-1.237186e-12,2.648323e+01,2.593815e+01,2.591178e+01
1.889000e-10,0.000000e+00,0.000000e+00,0.000000e+00,-1.140834e-08,3.117320e-06,-1.022273e-07,7.103267e-09,8.440758e-10,8.440758e-10,-4.002777e-10,5.784174e-11,1.460852e-13,-1.667505e-12,2.648307e+01,2.593816e+01,2.591179e+01
1.890000e-10,0.000000e+00,0.000000e+00,0.000000e+00,1.119804e-08,3.611585e-06,-1.265698e-07,7.220303e-09,1.239993e-09,1.239993e-09,-4.380645e-10,5.163719e-11,2.238693e-12,-2.021700e-12,2.648296e+01,2.593817e+01,2.591179e+01
1.891000e-10,0.000000e+00,0.000000e+00,0.000000e+00,3.316852e-08,3.957020e-06,-1.435246e-07,7.106186e-09,1.555960e-09,1.555960e-09,-4.551205e-10,4.329343e-11,4.207655e-12,-2.286239e-12,2.648291e+01,2.593817e+01,2.591179e+01
1.892000e-10,0.000000e+00,0.000000e+00,0.000000e+00,5.316243e-08,4.136317e-06,-1.519290e-07,6.681608e-09,1.785104e-09,1.785104e-09,-4.508635e-10,3.311283e-11,5.981276e-12,-2.451695e-12,2.648291e+01,2.593817e+01,2.591179e+01
1.893000e-10,0.000000e+00,0.000000e+00,0.000000e+00,6.999572e-08,4.139245e-06,-1.511977e-07,5.884030e-09,1.925650e-09,1.925650e-09,-4.257990e-10,2.148326e-11,7.496496e-12,-2.512991e-12,2.648297e+01,2.593816e+01,2.591179e+01
1.894000e-10,0.000000e+00,0.000000e+00,0.000000e+00,8.270922e-08,3.963329e-06,-1.413575e-07,4.676677e-09,1.980380e-09,1.980380e-09,-3.814756e-10,8.865228e-12,8.701210e-12,-2.469575e-12,2.648308e+01,2.593815e+01,2.591179e+01
1.895000e-10,0.000000e+00,0.000000e+00,0.000000e+00,9.062375e-08,3.614170e-06,-1.230382e-07,3.055438e-09,1.955855e-09,1.955855e-09,-3.203819e-10,-4.226193e-12,9.555281e-12,-2.325332e-12,2.648323e+01,2.593813e+01,2.591179e+01
1.896000e-10,0.000000e+00,0.000000e+00,0.000000e+00,9.337862e-08,3.105363e-06,-9.742225e-08,1.052985e-09,1.861465e-09,1.861465e-09,-2.457942e-10,-1.724223e-11,1.003198e-11,-2.088126e-12,2.648342e+01,2.593810e+01,2.591179e+01
1.897000e-10,0.000000e+00,0.000000e+00,0.000000e+00,9.095095e-08,2.458033e-06,-6.615795e-08,-1.260357e-09,1.708424e-09,1.708424e-09,-1.615830e-10,-2.962470e-11,1.011858e-11,-1.769701e-12,2.648362e+01,2.593808e+01,2.591179e+01
1.898000e-10,0.000000e+00,0.000000e+00,0.000000e+00,8.365467e-08,1.699987e-06,-3.124287e-08,-3.779132e-09,1.508776e-09,1.508776e-09,-7.199197e-11,-4.083126e-11,9.816233e-12,-1.384771e-12,2.648383e+01,2.593805e+01,2.591179e+01
1.899000e-10,0.000000e+00,0.000000e+00,0.000000e+00,7.211922e-08,8.645373e-07,5.113904e-09,-6.368568e-09,1.274515e-09,1.274515e-09,1.859608e-11,-5.036151e-11,9.140229e-12,-9.503824e-13,2.648403e+01,2.593802e+01,2.591179e+01
1.900000e-10,0.000000e+00,0.000000e+00,0.000000e+00,5.724890e-08,-1.097855e-08,4.064081e-08,-8.873257e-09,1.016853e-09,1.016853e-09,1.058932e-10,-5.778144e-11,8.119106e-12,-4.853371e-13,2.648421e+01,2.593799e+01,2.591179e+01
1.901000e-10,0.000000e+00,0.000000e+00,0.000000e+00,4.016455e-08,-8.869029e-07,7.315409e-08,-1.112805e-08,7.457122e-10,7.457122e-10,1.859258e-10,-6.274590e-11,6.793676e-12,-9.102372e-15,2.648436e+01,2.593797e+01,2.591179e+01
1.902000e-10,0.000000e+00,0.000000e+00,0.000000e+00,2.212951e-08,-1.723140e-06,1.006995e-07,-1.297034e-08,4.694406e-10,4.694406e-10,2.552266e-10,-6.501686e-11,5.215580e-12,4.588192e-13,2.648447e+01,2.593795e+01,2.591179e+01
1.903000e-10,0.000000e+00,0.000000e+00,0.000000e+00,4.462604e-09,-2.481124e-06,1.216761e-07,-1.425268e-08,1.947512e-10,1.947512e-10,3.109909e-10,-6.447677e-11,3.445520e-12,8.997844e-13,2.648454e+01,2.593794e+01,2.591179e+01
1.904000e-10,0.000000e+00,0.000000e+00,0.000000e+00,-1.155811e-08,-3.125780e-06,1.349354e-07,-1.485486e-08,-7.313062e-11,-7.313062e-11,3.511882e-10,-6.113657e-11,1.551341e-12,1.296693e-12,2.648456e+01,2.593793e+01,2.591179e+01
1.905000e-10,0.000000e+00,0.000000e+00,0.000000e+00,-2.479520e-08,-3.627358e-06,1.398476e-07,-1.469434e-08,-3.301638e-10,-3.301638e-10,3.746254e-10,-5.513642e-11,-3.946115e-13,1.634551e-12,2.648453e+01,2.593794e+01,2.591179e+01
1.906000e-10,0.000000e+00,0.000000e+00,0.000000e+00,-3.434778e-08,-3.963028e-06,1.363345e-07,-1.373418e-08,-5.730829e-10,-5.730829e-10,3.809610e-10,-4.674073e-11,-2.317536e-12,1.901142e-12,2.648447e+01,2.593795e+01,2.591179e+01
1.907000e-10,0.000000e+00,0.000000e+00,0.000000e+00,-3.963371e-08,-4.118109e-06,1.248630e-07,-1.198796e-08,-7.989511e-10,-7.989511e-10,3.706726e-10,-3.632617e-11,-4.143456e-12,2.087328e-12,2.648436e+01,2.593797e+01,2.591179e+01
1.908000e-10,0.000000e+00,0.000000e+00,0.000000e+00,-4.044785e-08,-4.086847e-06,1.064036e-07,-9.520958e-09,-1.004737e-09,-1.004737e-09,3.449819e-10,-2.436425e-11,-5.801403e-12,2.187323e-12,2.648423e+01,2.593799e+01,2.591178e+01
1.909000e-10,0.000000e+00,0.000000e+00,0.000000e+00,-3.698680e-08,-3.872661e-06,8.235436e-08,-6.447726e-09,-1.186977e-09,-1.186977e-09,3.057462e-10,-1.139844e-11,-7.226565e-12,2.198881e-12,2.648408e+01,2.593802e+01,2.591178e+01
1.910000e-10,0.000000e+00,0.000000e+00,0.000000e+00,-2.983357e-08,-3.487863e-06,5.443650e-08,-2.925959e-09,-1.341569e-09,-1.341569e-09,2.553235e-10,1.982177e-12,-8.362476e-12,2.123168e-12,2.648393e+01,2.593805e+01,2.591178e+01
1.911000e-10,0.000000e+00,0.000000e+00,0.000000e+00,-1.990071e-08,-2.952866e-06,2.456822e-08,8.528458e-10,-1.463734e-09,-1.463734e-09,1.964225e-10,1.517141e-11,-9.163537e-12,1.964709e-12,2.648378e+01,2.593808e+01,2.591178e+01
1.912000e-10,0.000000e+00,0.000000e+00,0.000000e+00,-8.336067e-09,-2.294950e-06,-5.273404e-09,4.675324e-09,-1.548154e-09,-1.548154e-09,1.319471e-10,2.757587e-11,-9.596926e-12,1.731178e-12,2.648365e+01,2.593811e+01,2.591177e+01
1.913000e-10,0.000000e+00,0.000000e+00,0.000000e+00,3.598598e-09,-1.546701e-06,-3.319316e-08,8.319940e-09,-1.589289e-09,-1.589289e-09,6.484500e-11,3.864342e-11,-9.644270e-12,1.432896e-12,2.648354e+01,2.593814e+01,2.591177e+01
1.914000e-10,0.000000e+00,0.000000e+00,0.000000e+00,1.466169e-08,-7.442134e-07,-5.751006e-08,1.157147e-08,-1.581842e-09,-1.581842e-09,-2.031267e-12,4.789002e-11,-9.302186e-12,1.082533e-12,2.648346e+01,2.593816e+01,2.591177e+01
1.915000e-10,0.000000e+00,0.000000e+00,0.000000e+00,2.376207e-08,7.480334e-08,-7.687124e-08,1.423523e-08,-1.521326e-09,-1.521326e-09,-6.604316e-11,5.492190e-11,-8.583423e-12,6.944461e-13,2.648341e+01,2.593818e+01,2.591177e+01
1.916000e-10,0.000000e+00,0.000000e+00,0.000000e+00,3.006980e-08,8.729299e-07,-9.033849e-08,1.615007e-08,-1.404689e-09,-1.404689e-09,-1.248626e-10,5.945384e-11,-7.515946e-12,2.842431e-13,2.648339e+01,2.593819e+01,2.591177e+01
1.917000e-10,0.000000e+00,0.000000e+00,0.000000e+00,3.309480e-08,1.614844e-06,-9.744060e-08,1.719913e-08,-1.230925e-09,-1.230925e-09,-1.765398e-10,6.132098e-11,-6.142523e-12,-1.319756e-13,2.648341e+01,2.593819e+01,2.591177e+01
1.918000e-10,0.000000e+00,0.000000e+00,0.000000e+00,3.272566e-08,2.268952e-06,-9.818755e-08,1.731768e-08,-1.001606e-09,-1.001606e-09,-2.195453e-10,6.048451e-11,-4.518626e-12,-5.379695e-13,2.648345e+01,2.593819e+01,2.591177e+01
1.919000e-10,0.000000e+00,0.000000e+00,0.000000e+00,2.922637e-08,2.808765e-06,-9.304593e-08,1.649744e-08,-7.212759e-10,-7.212759e-10,-2.527861e-10,5.703101e-11,-2.711095e-12,-9.181733e-13,2.648350e+01,2.593818e+01,2.591177e+01
1.920000e-10,0.000000e+00,0.000000e+00,0.000000e+00,2.319354e-08,3.213965e-06,-8.287838e-08,1.478705e-08,-3.976478e-10,-3.976478e-10,-2.755990e-10,5.116528e-11,-7.945459e-13,-1.258232e-12,2.648357e+01,2.593816e+01,2.591178e+01
1.921000e-10,0.000000e+00,0.000000e+00,0.000000e+00,1.548064e-08,3.471101e-06,-6.885295e-08,1.228880e-08,-4.157685e-11,-4.157685e-11,-2.877257e-10,4.319774e-11,1.150977e-12,-1.545351e-12,2.648364e+01,2.593814e+01,2.591178e+01
1.922000e-10,0.000000e+00,0.000000e+00,0.000000e+00,7.098434e-09,3.573898e-06,-5.233099e-08,9.151675e-09,3.332236e-10,3.332236e-10,-2.892753e-10,3.352667e-11,3.043972e-12,-1.768956e-12,2.648371e+01,2.593811e+01,2.591178e+01
1.923000e-10,0.000000e+00,0.000000e+00,0.000000e+00,-8.975540e-10,3.523169e-06,-3.474397e-08,5.561448e-09,7.107120e-10,7.107120e-10,-2.806779e-10,2.261708e-11,4.804649e-12,-1.920934e-12,2.648377e+01,2.593809e+01,2.591179e+01
1.924000e-10,0.000000e+00,0.000000e+00,0.000000e+00,-7.521139e-09,3.326374e-06,-1.747048e-08,1.728368e-09,1.073277e-09,1.073277e-09,-2.626355e-10,1.097629e-11,6.358524e-12,-1.995936e-12,2.648381e+01,2.593806e+01,2.591179e+01
1.925000e-10,0.000000e+00,0.000000e+00,0.000000e+00,-1.195958e-08,2.996888e-06,-1.724341e-09,-2.126574e-09,1.402681e-09,1.402681e-09,-2.360739e-10,-8.705656e-13,7.640003e-12,-1.991631e-12,2.648383e+01,2.593804e+01,2.591179e+01
1.926000e-10,0.000000e+00,0.000000e+00,0.000000e+00,-1.365698e-08,2.553036e-06,1.153653e-08,-5.785842e-09,1.681128e-09,1.681128e-09,-2.020977e-10,-1.240603e-11,8.594919e-12,-1.908666e-12,2.648384e+01,2.593802e+01,2.591180e+01
1.927000e-10,0.000000e+00,0.000000e+00,0.000000e+00,-1.236813e-08,2.017014e-06,2.167300e-08,-9.049027e-09,1.892387e-09,1.892387e-09,-1.619524e-10,-2.314327e-11,9.183347e-12,-1.750795e-12,2.648383e+01,2.593800e+01,2.591180e+01
1.928000e-10,0.000000e+00,0.000000e+00,0.000000e+00,-8.176865e-09,1.413741e-06,2.839477e-08,-1.174505e-08,2.022883e-09,2.022883e-09,-1.169922e-10,-3.264755e-11,9.381284e-12,-1.524595e-12,2.648380e+01,2.593799e+01,2.591180e+01
1.929000e-10,0.000000e+00,0.000000e+00,0.000000e+00,-1.477308e-09,7.697199e-07,3.175627e-08,-1.374206e-08,2.062684e-09,2.062684e-09,-6.865348e-11,-4.055297e-11,9.181882e-12,-1.239256e-12,2.648377e+01,2.593798e+01,2.591180e+01
1.930000e-10,0.000000e+00,0.000000e+00,0.000000e+00,7.078853e-09,1.119332e-07,3.212051e-08,-1.495443e-08,2.006304e-09,2.006304e-09,-1.843344e-11,-4.657637e-11,8.595603e-12,-9.063086e-13,2.648374e+01,2.593798e+01,2.591180e+01
1.931000e-10,0.000000e+00,0.000000e+00,0.000000e+00,1.666125e-08,-5.331920e-07,3.009576e-08,-1.534643e-08,1.853250e-09,1.853250e-09,3.213037e-11,-5.052566e-11,7.649772e-12,-5.391621e-13,2.648371e+01,2.593798e+01,2.591180e+01
1.932000e-10,0.000000e+00,0.000000e+00,0.000000e+00,2.635452e-08,-1.140747e-06,2.645280e-08,-1.493242e-08,1.608278e-09,1.608278e-09,8.148043e-11,-5.230400e-11,6.387524e-12,-1.524604e-13,2.648370e+01,2.593799e+01,2.591180e+01
1.933000e-10,0.000000e+00,0.000000e+00,0.000000e+00,3.525394e-08,-1.688205e-06,2.203178e-08,-1.377368e-08,1.281317e-09,1.281317e-09,1.280631e-10,-5.190902e-11,4.865551e-12,2.382752e-13,2.648369e+01,2.593800e+01,2.591179e+01
1.934000e-10,0.000000e+00,0.000000e+00,0.000000e+00,4.255086e-08,-2.156179e-06,1.764835e-08,-1.197224e-08,8.870646e-10,8.870646e-10,1.703575e-10,-4.942842e-11,3.151368e-12,6.174179e-13,2.648370e+01,2.593801e+01,2.591179e+01
1.935000e-10,0.000000e+00,0.000000e+00,0.000000e+00,4.759893e-08,-2.529024e-06,1.400860e-08,-9.662304e-09,4.442633e-10,4.442633e-10,2.069121e-10,-4.503118e-11,1.320747e-12,9.697797e-13,2.648373e+01,2.593803e+01,2.591179e+01
1.936000e-10,0.000000e+00,0.000000e+00,0.000000e+00,4.995613e-08,-2.795281e-06,1.164037e-08,-6.999848e-09,-2.529142e-11,-2.529142e-11,2.363864e-10,-3.895636e-11,-5.465720e-13,1.281146e-12,2.648377e+01,2.593804e+01,2.591178e+01
1.937000e-10,0.000000e+00,0.000000e+00,0.000000e+00,4.940238e-08,-2.947926e-06,1.084706e-08,-4.151439e-09,-4.979584e-10,-4.979584e-10,2.576013e-10,-3.149973e-11,-2.369809e-12,1.539064e-12,2.648382e+01,2.593805e+01,2.591178e+01
1.938000e-10,0.000000e+00,0.000000e+00,0.000000e+00,4.593631e-08,-2.984416e-06,1.168678e-08,-1.282930e-09,-9.495937e-10,-9.495937e-10,2.695920e-10,-2.299863e-11,-4.071111e-12,1.733151e-12,2.648388e+01,2.593806e+01,2.591178e+01
1.939000e-10,0.000000e+00,0.000000e+00,0.000000e+00,3.975672e-08,-2.906555e-06,1.397754e-08,1.451058e-09,-1.356943e-09,-1.356943e-09,2.716629e-10,-1.381644e-11,-5.579175e-12,1.855735e-12,2.648394e+01,2.593807e+01,2.591177e+01
1.940000e-10,0.000000e+00,0.000000e+00,0.000000e+00,3.123501e-08,-2.720199e-06,1.732632e-08,3.916163e-09,-1.698994e-09,-1.698994e-09,2.634397e-10,-4.327433e-12,-6.831918e-12,1.901843e-12,2.648400e+01,2.593808e+01,2.591177e+01
1.941000e-10,0.000000e+00,0.000000e+00,0.000000e+00,2.088335e-08,-2.434835e-06,2.117784e-08,6.005273e-09,-1.958198e-09,-1.958198e-09,2.449151e-10,5.097820e-12,-7.779547e-12,1.869950e-12,2.648406e+01,2.593809e+01,2.591177e+01
1.942000e-10,0.000000e+00,0.000000e+00,0.000000e+00,9.321733e-09,-2.063079e-06,2.487740e-08,7.643067e-09,-2.121484e-09,-2.121484e-09,2.164819e-10,1.410596e-11,-8.386266e-12,1.761449e-12,2.648409e+01,2.593809e+01,2.591177e+01
1.943000e-10,0.000000e+00,0.000000e+00,0.000000e+00,-2.755402e-09,-1.620133e-06,2.774133e-08,8.787969e-09,-2.181001e-09,-2.181001e-09,1.789509e-10,2.237240e-11,-8.631662e-12,1.581156e-12,2.648411e+01,2.593809e+01,2.591177e+01
1.944000e-10,0.000000e+00,0.000000e+00,0.000000e+00,-1.461331e-08,-1.123208e-06,2.912842e-08,9.431529e-09,-2.134533e-09,-2.134533e-09,1.335497e-10,2.961093e-11,-8.511542e-12,1.336742e-12,2.648411e+01,2.593809e+01,2.591177e+01
1.945000e-10,0.000000e+00,0.000000e+00,0.000000e+00,-2.551305e-08,-5.909454e-07,2.850610e-08,9.595486e-09,-1.985582e-09,-1.985582e-09,8.189798e-11,3.558165e-11,-8.037342e-12,1.038591e-12,2.648409e+01,2.593809e+01,2.591177e+01
1.946000e-10,0.000000e+00,0.000000e+00,0.000000e+00,-3.475009e-08,-4.283739e-08,2.550604e-08,9.326910e-09,-1.743092e-09,-1.743092e-09,2.596174e-11,4.009683e-11,-7.235491e-12,6.993305e-13,2.648404e+01,2.593809e+01,2.591177e+01
1.947000e-10,0.000000e+00,0.000000e+00,0.000000e+00,-4.169507e-08,5.013587e-07,1.996500e-08,8.691960e-09,-1.420862e-09,-1.420862e-09,-3.201746e-11,4.302452e-11,-6.146048e-12,3.332713e-13,2.648397e+01,2.593809e+01,2.591178e+01
1.948000e-10,0.000000e+00,0.000000e+00,0.000000e+00,-4.583481e-08,1.022200e-06,1.194804e-08,7.768862e-09,-1.036669e-09,-1.036669e-09,-8.961212e-11,4.429055e-11,-4.820451e-12,-4.416141e-14,2.648388e+01,2.593809e+01,2.591178e+01
1.949000e-10,0.000000e+00,0.000000e+00,0.000000e+00,-4.681101e-08,1.501132e-06,1.752707e-09,6.640741e-09,-6.111777e-10,-6.111777e-10,-1.443156e-10,4.387912e-11,-3.318621e-12,-4.171044e-13,2.648378e+01,2.593809e+01,2.591178e+01
1.950000e-10,0.000000e+00,0.000000e+00,0.000000e+00,-4.445291e-08,1.921043e-06,-1.010575e-08,5.388897e-09,-1.667075e-10,-1.667075e-10,-1.936621e-10,4.183110e-11,-1.706993e-12,-7.699660e-13,2.648367e+01,2.593809e+01,2.591178e+01
1.951000e-10,0.000000e+00,0.000000e+00,0.000000e+00,-3.880043e-08,2.266792e-06,-2.292702e-08,4.087058e-09,2.740679e-10,2.740679e-10,-2.353486e-10,3.824217e-11,-5.450900e-14,-1.088084e-12,2.648356e+01,2.593809e+01,2.591179e+01
1.952000e-10,0.000000e+00,0.000000e+00,0.000000e+00,-3.011459e-08,2.525696e-06,-3.587362e-08,2.796994e-09,6.893973e-10,6.893973e-10,-2.673586e-10,3.325826e-11,1.569466e-12,-1.358305e-12,2.648346e+01,2.593809e+01,2.591179e+01
1.953000e-10,0.000000e+00,0.000000e+00,0.000000e+00,-1.887265e-08,2.687966e-06,-4.803066e-08,1.565764e-09,1.059627e-09,1.059627e-09,-2.880726e-10,2.707102e-11,3.098911e-12,-1.569668e-12,2.648337e+01,2.593809e+01,2.591179e+01
1.954000e-10,0.000000e+00,0.000000e+00,0.000000e+00,-5.746686e-09,2.747080e-06,-5.847324e-08,4.246796e-10,1.368207e-09,1.368207e-09,-2.963653e-10,1.991180e-11,4.473106e-12,-1.713728e-12,2.648330e+01,2.593809e+01,2.591179e+01
1.955000e-10,0.000000e+00,0.000000e+00,0.000000e+00,8.434461e-09,2.700081e-06,-6.633681e-08,-6.100608e-10,1.602468e-09,1.602468e-09,-2.916771e-10,1.204451e-11,5.639525e-12,-1.785056e-12,2.648325e+01,2.593809e+01,2.591179e+01
1.956000e-10,0.000000e+00,0.000000e+00,0.000000e+00,2.273835e-08,2.547790e-06,-7.088542e-08,-1.535288e-09,1.754137e-09,1.754137e-09,-2.740588e-10,3.757526e-12,6.555365e-12,-1.781285e-12,2.648323e+01,2.593809e+01,2.591179e+01
1.957000e-10,0.000000e+00,0.000000e+00,0.000000e+00,3.619418e-08,2.294916e-06,-7.157293e-08,-2.357645e-09,1.819563e-09,1.819563e-09,-2.441835e-10,-4.644902e-12,7.189111e-12,-1.703284e-12,2.648325e+01,2.593808e+01,2.591179e+01
1.958000e-10,0.000000e+00,0.000000e+00,0.000000e+00,4.786539e-08,1.950047e-06,-6.809258e-08,-3.089649e-09,1.799662e-09,1.799662e-09,-2.033252e-10,-1.285253e-11,7.521681e-12,-1.555173e-12,2.648329e+01,2.593808e+01,2.591179e+01
1.959000e-10,0.000000e+00,0.000000e+00,0.000000e+00,5.692386e-08,1.525500e-06,-6.041091e-08,-3.745496e-09,1.699599e-09,1.699599e-09,-1.533044e-10,-2.055901e-11,7.546182e-12,-1.343915e-12,2.648336e+01,2.593807e+01,2.591179e+01
1.960000e-10,0.000000e+00,0.000000e+00,0.000000e+00,6.271893e-08,1.037019e-06,-4.878303e-08,-4.337069e-09,1.528236e-09,1.528236e-09,-9.640175e-11,-2.747263e-11,7.268367e-12,-1.079113e-12,2.648346e+01,2.593806e+01,2.591179e+01
1.961000e-10,0.000000e+00,0.000000e+00,0.000000e+00,6.483450e-08,5.033130e-07,-3.374731e-08,-4.870567e-09,1.297410e-09,1.297410e-09,-3.524698e-11,-3.332678e-11,6.705730e-12,-7.725441e-13,2.648358e+01,2.593805e+01,2.591179e+01
1.962000e-10,0.000000e+00,0.000000e+00,0.000000e+00,6.312802e-08,-5.457163e-08,-1.609916e-08,-5.344111e-09,1.021082e-09,1.021082e-09,2.731347e-11,-3.789046e-11,5.886499e-12,-4.376592e-13,2.648370e+01,2.593804e+01,2.591179e+01
1.963000e-10,0.000000e+00,0.000000e+00,0.000000e+00,5.774683e-08,-6.140299e-07,3.155041e-09,-5.746581e-09,7.144372e-10,7.144372e-10,8.836135e-11,-4.097747e-11,4.848039e-12,-8.881390e-14,2.648383e+01,2.593803e+01,2.591179e+01
1.964000e-10,0.000000e+00,0.000000e+00,0.000000e+00,4.911905e-08,-1.151804e-06,2.286137e-08,-6.057783e-09,3.929803e-10,3.929803e-10,1.450558e-10,-4.245517e-11,3.635521e-12,2.591633e-13,2.648396e+01,2.593802e+01,2.591179e+01
1.965000e-10,0.000000e+00,0.000000e+00,0.000000e+00,3.791921e-08,-1.644987e-06,4.179481e-08,-6.249968e-09,7.170281e-11,7.170281e-11,1.947783e-10,-4.225130e-11,2.299480e-12,5.917507e-13,2.648407e+01,2.593801e+01,2.591179e+01
1.966000e-10,0.000000e+00,0.000000e+00,0.000000e+00,2.501112e-08,-2.072064e-06,5.874366e-08,-6.290528e-09,-2.356457e-10,-2.356457e-10,2.352661e-10,-4.035838e-11,8.942511e-13,8.952245e-13,2.648416e+01,2.593800e+01,2.591178e+01
1.967000e-10,0.000000e+00,0.000000e+00,0.000000e+00,1.137329e-08,-2.413958e-06,7.259556e-08,-6.145647e-09,-5.171372e-10,-5.171372e-10,2.647238e-10,-3.683669e-11,-5.244650e-13,1.157422e-12,2.648423e+01,2.593800e+01,2.591178e+01
1.968000e-10,0.000000e+00,0.000000e+00,0.000000e+00,-1.986040e-09,-2.654992e-06,8.241867e-08,-5.784521e-09,-7.630748e-10,-7.630748e-10,2.819109e-10,-3.181325e-11,-1.901703e-12,1.368022e-12,2.648427e+01,2.593799e+01,2.591178e+01
1.969000e-10,0.000000e+00,0.000000e+00,0.000000e+00,-1.411559e-08,-2.783737e-06,8.753147e-08,-5.183762e-09,-9.662237e-10,-9.662237e-10,2.861972e-10,-2.547921e-11,-3.184936e-12,1.519175e-12,2.648427e+01,2.593800e+01,2.591178e+01
1.970000e-10,0.000000e+00,0.000000e+00,0.000000e+00,-2.420091e-08,-2.793655e-06,8.755553e-08,-4.331534e-09,-1.121868e-09,-1.121868e-09,2.775848e-10,-1.808313e-11,-4.326258e-12,1.605525e-12,2.648424e+01,2.593800e+01,2.591178e+01
1.971000e-10,0.000000e+00,0.000000e+00,0.000000e+00,-3.162933e-08,-2.683527e-06,8.244652e-08,-3.230989e-09,-1.227715e-09,-1.227715e-09,2.566962e-10,-9.922314e-12,-5.283953e-12,1.624598e-12,2.648419e+01,2.593801e+01,2.591178e+01
1.972000e-10,0.000000e+00,0.000000e+00,0.000000e+00,-3.603363e-08,-2.457606e-06,7.250074e-08,-1.902643e-09,-1.283667e-09,-1.283667e-09,2.247298e-10,-1.330911e-12,-6.023552e-12,1.576710e-12,2.648411e+01,2.593803e+01,2.591178e+01
1.973000e-10,0.000000e+00,0.000000e+00,0.000000e+00,-3.731079e-08,-2.125489e-06,5.833619e-08,-3.853860e-10,-1.291504e-09,-1.291504e-09,1.833854e-10,7.333513e-12,-6.519526e-12,1.464973e-12,2.648400e+01,2.593804e+01,2.591178e+01
1.974000e-10,0.000000e+00,0.000000e+00,0.000000e+00,-3.561488e-08,-1.701714e-06,4.084940e-08,1.264044e-09,-1.254513e-09,-1.254513e-09,1.347662e-10,1.570552e-11,-6.755495e-12,1.295089e-12,2.648389e+01,2.593806e+01,2.591178e+01
1.975000e-10,0.000000e+00,0.000000e+00,0.000000e+00,-3.132618e-08,-1.205102e-06,2.115131e-08,2.973185e-09,-1.177093e-09,-1.177093e-09,8.126211e-11,2.342754e-11,-6.725294e-12,1.074992e-12,2.648377e+01,2.593808e+01,2.591178e+01
1.976000e-10,0.000000e+00,0.000000e+00,0.000000e+00,-2.500117e-08,-6.578693e-07,4.872817e-10,4.657472e-09,-1.064385e-09,-1.064385e-09,2.542221e-11,3.016664e-11,-6.432448e-12,8.145659e-13,2.648366e+01,2.593809e+01,2.591178e+01
1.977000e-10,0.000000e+00,0.000000e+00,0.000000e+00,-1.730990e-08,-8.457133e-08,-1.985228e-08,6.225151e-09,-9.219465e-10,-9.219465e-10,-3.017624e-11,3.562948e-11,-5.890498e-12,5.250789e-13,2.648356e+01,2.593811e+01,2.591178e+01
1.978000e-10,0.000000e+00,0.000000e+00,0.000000e+00,-8.967963e-09,4.890746e-07,-3.862359e-08,7.583150e-09,-7.554901e-10,-7.554901e-10,-8.305476e-11,3.957676e-11,-5.122242e-12,2.187814e-13,2.648347e+01,2.593812e+01,2.591178e+01
1.979000e-10,0.000000e+00,0.000000e+00,0.000000e+00,-6.703335e-10,1.037424e-06,-5.471591e-08,8.643470e-09,-5.707005e-10,-5.707005e-10,-1.309495e-10,4.183435e-11,-4.158758e-12,-9.160249e-14,2.648340e+01,2.593813e+01,2.591178e+01
1.980000e-10,0.000000e+00,0.000000e+00,0.000000e+00,6.966748e-09,1.536134e-06,-6.722605e-08,9.329623e-09,-3.731301e-10,-3.731301e-10,-1.719116e-10,4.230256e-11,-3.038702e-12,-3.935066e-13,2.648336e+01,2.593814e+01,2.591178e+01
1.981000e-10,0.000000e+00,0.000000e+00,0.000000e+00,1.345110e-08,1.963323e-06,-7.551537e-08,9.582611e-09,-1.681635e-10,-1.681635e-10,-2.043850e-10,4.096108e-11,-1.806251e-12,-6.749172e-13,2.648334e+01,2.593814e+01,2.591178e+01
1.982000e-10,0.000000e+00,0.000000e+00,0.000000e+00,1.844422e-08,2.300595e-06,-7.924499e-08,9.365959e-09,3.896312e-11,3.896312e-11,-2.272618e-10,3.787052e-11,-5.099082e-13,-9.249168e-13,2.648335e+01,2.593814e+01,2.591178e+01
1.983000e-10,0.000000e+00,0.000000e+00,0.000000e+00,2.177407e-08,2.533885e-06,-7.838750e-08,8.669383e-09,2.431104e-10,2.431104e-10,-2.399095e-10,3.317010e-11,7.992637e-13,-1.134017e-12,2.648337e+01,2.593813e+01,2.591178e+01
1.984000e-10,0.000000e+00,0.000000e+00,0.000000e+00,2.343144e-08,2.654066e-06,-7.321482e-08,7.510764e-09,4.391751e-10,4.391751e-10,-2.421759e-10,2.707131e-11,2.069851e-12,-1.294606e-12,2.648342e+01,2.593812e+01,2.591178e+01
1.985000e-10,0.000000e+00,0.000000e+00,0.000000e+00,2.355191e-08,2.657304e-06,-6.426449e-08,5.936229e-09,6.220449e-10,6.220449e-10,-2.343680e-10,1.984807e-11,3.251739e-12,-1.400994e-12,2.648347e+01,2.593811e+01,2.591178e+01
1.986000e-10,0.000000e+00,0.000000e+00,0.000000e+00,2.238619e-08,2.545137e-06,-5.228779e-08,4.018271e-09,7.865911e-10,7.865911e-10,-2.172102e-10,1.182401e-11,4.298451e-12,-1.449917e-12,2.648354e+01,2.593809e+01,2.591179e+01
1.987000e-10,0.000000e+00,0.000000e+00,0.000000e+00,2.026282e-08,2.324284e-06,-3.818499e-08,1.852005e-09,9.277146e-10,9.277146e-10,-1.917872e-10,3.357092e-12,5.168429e-12,-1.440288e-12,2.648361e+01,2.593807e+01,2.591179e+01
1.988000e-10,0.000000e+00,0.000000e+00,0.000000e+00,1.754753e-08,2.006217e-06,-2.293343e-08,-4.502213e-10,1.040455e-09,1.040455e-09,-1.594716e-10,-5.177356e-12,5.827202e-12,-1.373371e-12,2.648367e+01,2.593805e+01,2.591179e+01
1.989000e-10,0.000000e+00,0.000000e+00,0.000000e+00,1.460387e-08,1.606518e-06,-7.514507e-09,-2.765503e-09,1.120166e-09,1.120166e-09,-1.218472e-10,-1.340406e-11,6.248568e-12,-1.252707e-12,2.648373e+01,2.593804e+01,2.591179e+01
1.990000e-10,0.000000e+00,0.000000e+00,0.000000e+00,1.175902e-08,1.144077e-06,7.154486e-09,-4.967878e-09,1.162747e-09,1.162747e-09,-8.062597e-11,-2.096545e-11,6.415769e-12,-1.083796e-12,2.648379e+01,2.593802e+01,2.591179e+01
1.991000e-10,0.000000e+00,0.000000e+00,0.000000e+00,9.278148e-09,6.401608e-07,2.027879e-08,-6.936143e-09,1.164918e-09,1.164918e-09,-3.756966e-11,-2.753810e-11,6.322168e-12,-8.739680e-13,2.648383e+01,2.593801e+01,2.591179e+01
1.992000e-10,0.000000e+00,0.000000e+00,0.000000e+00,7.348897e-09,1.174161e-07,3.123089e-08,-8.561431e-09,1.124517e-09,1.124517e-09,5.585603e-12,-3.284727e-11,5.971963e-12,-6.320273e-13,2.648386e+01,2.593800e+01,2.591179e+01
1.993000e-10,0.000000e+00,0.000000e+00,0.000000e+00,6.076172e-09,-4.011678e-07,3.957917e-08,-9.754021e-09,1.040786e-09,1.040786e-09,4.719464e-11,-3.667889e-11,5.379484e-12,-3.679007e-13,2.648388e+01,2.593799e+01,2.591179e+01
1.994000e-10,0.000000e+00,0.000000e+00,0.000000e+00,5.485726e-09,-8.932819e-07,4.509958e-08,-1.044892e-08,9.146257e-10,9.146257e-10,8.575931e-11,-3.888840e-11,4.569365e-12,-9.226894e-14,2.648389e+01,2.593799e+01,2.591179e+01
1.995000e-10,0.000000e+00,0.000000e+00,0.000000e+00,5.533949e-09,-1.338274e-06,4.777094e-08,-1.060984e-08,7.487816e-10,7.487816e-10,1.199717e-10,-3.940626e-11,3.575110e-12,1.839679e-13,2.648388e+01,2.593799e+01,2.591179e+01
1.996000e-10,0.000000e+00,0.000000e+00,0.000000e+00,6.120865e-09,-1.718036e-06,4.775576e-08,-1.023126e-08,5.479384e-10,5.479384e-10,1.487464e-10,-3.823931e-11,2.437998e-12,4.498747e-13,2.648388e+01,2.593799e+01,2.591179e+01
1.997000e-10,0.000000e+00,0.000000e+00,0.000000e+00,7.103710e-09,-2.017754e-06,4.536944e-08,-9.338512e-09,3.187022e-10,3.187022e-10,1.712407e-10,-3.546903e-11,1.205372e-12,6.951301e-13,2.648386e+01,2.593800e+01,2.591179e+01
1.998000e-10,0.000000e+00,0.000000e+00,0.000000e+00,8.309420e-09,-2.226501e-06,4.104135e-08,-7.985902e-09,6.945550e-11,6.945550e-11,1.868641e-10,-3.124578e-11,-7.143345e-14,9.103074e-13,2.648385e+01,2.593801e+01,2.591179e+01
1.999000e-10,0.000000e+00,0.000000e+00,0.000000e+00,9.545647e-09,-2.337617e-06,3.527166e-08,-6.252977e-09,-1.899158e-10,-1.899158e-10,1.952793e-10,-2.578034e-11,-1.339031e-12,1.087207e-12,2.648383e+01,2.593802e+01,2.591178e+01
