time,"P(BJS|XBQ)","V(BJS|XBQ)","I(BJS|XBQ)","P(BJL1|XBQ)","V(BJL1|XBQ)","I(BJL1|XBQ)","P(BJL2|XBQ)","V(BJL2|XBQ)","I(BJL2|XBQ)","I(I_IN)","I(I_IBIAS)","V(IN)","V(OUT)","I(R_LOAD)","I(LIN|XBQ)","I(L0|XBQ)","I(L1|XBQ)","I(L2|XBQ)","I(RB|XBQ)","I(RJ1|XBQ)","I(RJ2|XBQ)"
0.000000e+00,0.000000e+00,0.000000e+00,0.000000e+00,0.000000e+00,0.000000e+00,0.000000e+00,0.000000e+00,0.000000e+00,0.000000e+00,0.000000e+00,0.000000e+00,0.000000e+00,0.000000e+00,0.000000e+00,0.000000e+00,0.000000e+00,0.000000e+00,0.000000e+00,0.000000e+00,0.000000e+00,0.000000e+00
1.000000e-13,0.000000e+00,0.000000e+00,0.000000e+00,8.570818e-04,4.231061e-06,1.608861e-06,5.499679e-04,2.714966e-06,1.548549e-06,0.000000e+00,3.500000e-06,4.231061e-06,9.096886e-07,9.096886e-08,0.000000e+00,9.096886e-08,-1.737075e-06,1.762925e-06,3.500000e-06,1.282140e-07,1.234075e-07
2.000000e-13,0.000000e+00,0.000000e+00,0.000000e+00,3.834203e-03,1.328647e-05,3.038002e-06,2.423319e-03,8.342979e-06,2.819956e-06,0.000000e+00,7.000000e-06,1.328647e-05,3.601949e-06,3.601949e-07,0.000000e+00,3.601949e-07,-3.440623e-06,3.559377e-06,7.000000e-06,4.026203e-07,3.792263e-07
3.000000e-13,0.000000e+00,0.000000e+00,0.000000e+00,1.020306e-02,2.654150e-05,4.283406e-06,6.346456e-03,1.628426e-05,3.827306e-06,0.000000e+00,1.050000e-05,2.654150e-05,8.448067e-06,8.448067e-07,0.000000e+00,8.448067e-07,-5.087694e-06,5.412306e-06,1.050000e-05,8.042878e-07,7.401936e-07
4.000000e-13,0.000000e+00,0.000000e+00,0.000000e+00,2.101526e-02,4.289526e-05,5.357315e-06,1.286920e-02,2.574445e-05,4.640867e-06,0.000000e+00,1.400000e-05,4.289526e-05,1.531759e-05,1.531759e-06,0.000000e+00,1.531759e-06,-6.657171e-06,7.342829e-06,1.400000e-05,1.299856e-06,1.170202e-06
5.000000e-13,0.000000e+00,0.000000e+00,0.000000e+00,3.699332e-02,6.108529e-05,6.282064e-06,2.233574e-02,3.599911e-05,5.353560e-06,0.000000e+00,1.750000e-05,6.108529e-05,2.376983e-05,2.376983e-06,0.000000e+00,2.376983e-06,-8.133134e-06,9.366866e-06,1.750000e-05,1.851069e-06,1.636323e-06
6.000000e-13,0.000000e+00,0.000000e+00,0.000000e+00,5.849438e-02,7.984956e-05,7.087712e-06,3.490878e-02,4.649042e-05,6.053794e-06,0.000000e+00,2.100000e-05,7.984956e-05,3.325609e-05,3.325609e-06,0.000000e+00,3.325609e-06,-9.507396e-06,1.149260e-05,2.100000e-05,2.419684e-06,2.113201e-06
7.000000e-13,0.000000e+00,0.000000e+00,0.000000e+00,8.551954e-02,9.803147e-05,7.810301e-06,5.061298e-02,5.683587e-05,6.809657e-06,0.000000e+00,2.450000e-05,9.803147e-05,4.325942e-05,4.325942e-06,0.000000e+00,4.325942e-06,-1.078095e-05,1.371905e-05,2.450000e-05,2.970650e-06,2.583449e-06
8.000000e-13,0.000000e+00,0.000000e+00,0.000000e+00,1.177537e-01,1.146561e-04,8.489682e-06,6.937821e-02,6.679452e-05,7.663537e-06,0.000000e+00,2.800000e-05,1.146561e-04,5.336239e-05,5.336239e-06,0.000000e+00,5.336239e-06,-1.196411e-05,1.603589e-05,2.800000e-05,3.474427e-06,3.036115e-06
9.000000e-13,0.000000e+00,0.000000e+00,0.000000e+00,1.546265e-01,1.289839e-04,9.166740e-06,9.107307e-02,7.621987e-05,8.634080e-06,0.000000e+00,3.150000e-05,1.289839e-04,6.326039e-05,6.326039e-06,0.000000e+00,6.326039e-06,-1.307534e-05,1.842466e-05,3.150000e-05,3.908602e-06,3.464539e-06
1.000000e-12,0.000000e+00,0.000000e+00,0.000000e+00,1.953867e-01,1.405407e-04,9.880263e-06,1.155265e-01,8.501715e-05,9.722096e-06,0.000000e+00,3.500000e-05,1.405407e-04,7.274415e-05,7.274415e-06,0.000000e+00,7.274415e-06,-1.413907e-05,2.086093e-05,3.500000e-05,4.258809e-06,3.864416e-06
1.100000e-12,0.000000e+00,0.000000e+00,0.000000e+00,2.383243e-01,1.448933e-04,9.055036e-06,1.419897e-01,9.039875e-05,9.369063e-06,0.000000e+00,3.500000e-05,1.448933e-04,8.076161e-05,8.076161e-06,0.000000e+00,8.076161e-06,-1.344574e-05,2.155426e-05,3.500000e-05,4.390705e-06,4.109034e-06
1.200000e-12,0.000000e+00,0.000000e+00,0.000000e+00,2.812982e-01,1.414893e-04,8.506017e-06,1.694671e-01,9.209878e-05,9.386389e-06,0.000000e+00,3.500000e-05,1.414893e-04,8.633732e-05,8.633732e-06,0.000000e+00,8.633732e-06,-1.279357e-05,2.220643e-05,3.500000e-05,4.287553e-06,4.186308e-06
1.300000e-12,0.000000e+00,0.000000e+00,0.000000e+00,3.221997e-01,1.311991e-04,8.254778e-06,1.969895e-01,9.065194e-05,9.747065e-06,0.000000e+00,3.500000e-05,1.311991e-04,8.901883e-05,8.901883e-06,0.000000e+00,8.901883e-06,-1.223051e-05,2.276949e-05,3.500000e-05,3.975731e-06,4.120543e-06
1.400000e-12,0.000000e+00,0.000000e+00,0.000000e+00,3.592334e-01,1.155157e-04,8.297495e-06,2.237455e-01,8.679480e-05,1.037001e-05,0.000000e+00,3.500000e-05,1.155157e-04,8.886798e-05,8.886798e-06,0.000000e+00,8.886798e-06,-1.179797e-05,2.320203e-05,3.500000e-05,3.500477e-06,3.945218e-06
1.500000e-12,0.000000e+00,0.000000e+00,0.000000e+00,3.910608e-01,9.617875e-05,8.611675e-06,2.491149e-01,8.121008e-05,1.115559e-05,0.000000e+00,3.500000e-05,9.617875e-05,8.626865e-05,8.626865e-06,0.000000e+00,8.626865e-06,-1.152618e-05,2.347382e-05,3.500000e-05,2.914507e-06,3.691367e-06
1.600000e-12,0.000000e+00,0.000000e+00,0.000000e+00,4.168540e-01,7.495742e-05,9.159730e-06,2.726504e-01,7.443906e-05,1.201235e-05,0.000000e+00,3.500000e-05,7.495742e-05,8.172885e-05,8.172885e-06,0.000000e+00,8.172885e-06,-1.143117e-05,2.356883e-05,3.500000e-05,2.271437e-06,3.383594e-06
1.700000e-12,0.000000e+00,0.000000e+00,0.000000e+00,4.362896e-01,5.350193e-05,9.892271e-06,2.940433e-01,6.687956e-05,1.287176e-05,0.000000e+00,3.500000e-05,5.350193e-05,7.574715e-05,7.574715e-06,0.000000e+00,7.574715e-06,-1.151354e-05,2.348646e-05,3.500000e-05,1.621271e-06,3.039980e-06
1.800000e-12,0.000000e+00,0.000000e+00,0.000000e+00,4.495008e-01,3.323680e-05,1.075195e-05,3.130899e-01,5.882266e-05,1.369207e-05,0.000000e+00,3.500000e-05,3.323680e-05,6.875054e-05,6.875054e-06,0.000000e+00,6.875054e-06,-1.175912e-05,2.324088e-05,3.500000e-05,1.007176e-06,2.673757e-06
1.900000e-12,0.000000e+00,0.000000e+00,0.000000e+00,4.570018e-01,1.528958e-05,1.167783e-05,3.296682e-01,5.049865e-05,1.445504e-05,0.000000e+00,3.500000e-05,1.528958e-05,6.108422e-05,6.108422e-06,0.000000e+00,6.108422e-06,-1.214115e-05,2.285885e-05,3.500000e-05,4.633206e-07,2.295393e-06
2.000000e-12,0.000000e+00,0.000000e+00,0.000000e+00,4.595936e-01,4.518613e-07,1.260998e-05,3.437256e-01,4.211527e-05,1.515908e-05,0.000000e+00,3.500000e-05,4.518613e-07,5.302919e-05,5.302919e-06,0.000000e+00,5.302919e-06,-1.262367e-05,2.237633e-05,3.500000e-05,1.369277e-08,1.914330e-06
2.100000e-12,0.000000e+00,0.000000e+00,0.000000e+00,4.582638e-01,-1.082950e-05,1.349384e-05,3.552744e-01,3.388032e-05,1.581154e-05,0.000000e+00,3.500000e-05,-1.082950e-05,4.482773e-05,4.482773e-06,0.000000e+00,4.482773e-06,-1.316567e-05,2.183433e-05,3.500000e-05,-3.281668e-07,1.540015e-06
2.200000e-12,0.000000e+00,0.000000e+00,0.000000e+00,4.540863e-01,-1.843473e-05,1.428385e-05,3.643925e-01,2.600792e-05,1.642219e-05,0.000000e+00,3.500000e-05,-1.843473e-05,3.670406e-05,3.670406e-06,0.000000e+00,3.670406e-06,-1.372522e-05,2.127478e-05,3.500000e-05,-5.586281e-07,1.182178e-06
2.300000e-12,0.000000e+00,0.000000e+00,0.000000e+00,4.481296e-01,-2.253148e-05,1.494611e-05,3.712222e-01,1.871144e-05,1.699866e-05,0.000000e+00,3.500000e-05,-2.253148e-05,2.887480e-05,2.887480e-06,0.000000e+00,2.887480e-06,-1.426334e-05,2.073666e-05,3.500000e-05,-6.827721e-07,8.505201e-07
2.400000e-12,0.000000e+00,0.000000e+00,0.000000e+00,4.413798e-01,-2.351896e-05,1.545982e-05,3.759677e-01,1.218842e-05,1.754401e-05,0.000000e+00,3.500000e-05,-2.351896e-05,2.154847e-05,2.154847e-06,0.000000e+00,2.154847e-06,-1.474712e-05,2.025288e-05,3.500000e-05,-7.126958e-07,5.540192e-07
2.500000e-12,0.000000e+00,0.000000e+00,0.000000e+00,4.346811e-01,-2.196185e-05,1.581741e-05,3.788871e-01,6.602664e-06,1.805630e-05,0.000000e+00,3.500000e-05,-2.196185e-05,1.491682e-05,1.491682e-06,0.000000e+00,1.491682e-06,-1.515190e-05,1.984810e-05,3.500000e-05,-6.655106e-07,3.001211e-07
2.600000e-12,0.000000e+00,0.000000e+00,0.000000e+00,4.286965e-01,-1.852052e-05,1.602358e-05,3.802792e-01,2.068242e-06,1.852946e-05,0.000000e+00,3.500000e-05,-1.852052e-05,9.141841e-06,9.141841e-07,0.000000e+00,9.141841e-07,-1.546235e-05,1.953765e-05,3.500000e-05,-5.612280e-07,9.401099e-08
2.700000e-12,0.000000e+00,0.000000e+00,0.000000e+00,4.238892e-01,-1.388369e-05,1.609330e-05,3.804674e-01,-1.361441e-06,1.895504e-05,0.000000e+00,3.500000e-05,-1.388369e-05,4.342569e-06,4.342569e-07,0.000000e+00,4.342569e-07,-1.567259e-05,1.932741e-05,3.500000e-05,-4.207178e-07,-6.188369e-08
2.800000e-12,0.000000e+00,0.000000e+00,0.000000e+00,4.205227e-01,-8.708652e-06,1.604928e-05,3.797811e-01,-3.697839e-06,1.932422e-05,0.000000e+00,3.500000e-05,-8.708652e-06,5.847780e-07,5.847780e-08,0.000000e+00,5.847780e-08,-1.578538e-05,1.921462e-05,3.500000e-05,-2.638985e-07,-1.680836e-07
2.900000e-12,0.000000e+00,0.000000e+00,0.000000e+00,4.186767e-01,-3.573332e-06,1.591898e-05,3.785365e-01,-5.014398e-06,1.962965e-05,0.000000e+00,3.500000e-05,-3.573332e-06,-2.124203e-06,-2.124203e-07,0.000000e+00,-2.124203e-07,-1.581070e-05,1.918930e-05,3.500000e-05,-1.082828e-07,-2.279272e-07
3.000000e-12,0.000000e+00,0.000000e+00,0.000000e+00,4.182756e-01,1.057582e-06,1.573171e-05,3.770202e-01,-5.437482e-06,1.986688e-05,0.000000e+00,3.500000e-05,1.057582e-06,-3.834798e-06,-3.834798e-07,0.000000e+00,-3.834798e-07,-1.576376e-05,1.923624e-05,3.500000e-05,3.204795e-08,-2.471583e-07
3.100000e-12,0.000000e+00,0.000000e+00,0.000000e+00,4.191246e-01,4.851434e-06,1.551599e-05,3.754751e-01,-5.132686e-06,2.003518e-05,0.000000e+00,3.500000e-05,4.851434e-06,-4.648819e-06,-4.648819e-07,0.000000e+00,-4.648819e-07,-1.566300e-05,1.933700e-05,3.500000e-05,1.470132e-07,-2.333039e-07
3.200000e-12,0.000000e+00,0.000000e+00,0.000000e+00,4.209496e-01,7.612055e-06,1.529729e-05,3.740913e-01,-4.288520e-06,2.013782e-05,0.000000e+00,3.500000e-05,7.612055e-06,-4.708520e-06,-4.708520e-07,0.000000e+00,-4.708520e-07,-1.552796e-05,1.947204e-05,3.500000e-05,2.306683e-07,-1.949327e-07
3.300000e-12,0.000000e+00,0.000000e+00,0.000000e+00,4.234361e-01,9.271767e-06,1.509652e-05,3.730022e-01,-3.099536e-06,2.018167e-05,0.000000e+00,3.500000e-05,9.271767e-06,-4.182639e-06,-4.182639e-07,0.000000e+00,-4.182639e-07,-1.537748e-05,1.962252e-05,3.500000e-05,2.809626e-07,-1.408880e-07
3.400000e-12,0.000000e+00,0.000000e+00,0.000000e+00,4.262650e-01,9.873696e-06,1.492902e-05,3.722845e-01,-1.750712e-06,2.017648e-05,0.000000e+00,3.500000e-05,9.873696e-06,-3.251228e-06,-3.251228e-07,0.000000e+00,-3.251228e-07,-1.522822e-05,1.977178e-05,3.500000e-05,2.992029e-07,-7.957782e-08
3.500000e-12,0.000000e+00,0.000000e+00,0.000000e+00,4.291421e-01,9.547625e-06,1.480430e-05,3.719633e-01,-4.045497e-07,2.013386e-05,0.000000e+00,3.500000e-05,9.547625e-06,-2.090964e-06,-2.090964e-07,0.000000e+00,-2.090964e-07,-1.509362e-05,1.990638e-05,3.500000e-05,2.893220e-07,-1.838862e-08
3.600000e-12,0.000000e+00,0.000000e+00,0.000000e+00,4.318194e-01,8.482626e-06,1.472628e-05,3.720200e-01,8.082050e-07,2.006617e-05,0.000000e+00,3.500000e-05,8.482626e-06,-8.623886e-07,-8.623886e-08,0.000000e+00,-8.623886e-08,-1.498333e-05,2.001667e-05,3.500000e-05,2.570493e-07,3.673659e-08
3.700000e-12,0.000000e+00,0.000000e+00,0.000000e+00,4.341095e-01,6.899485e-06,1.469397e-05,3.724022e-01,1.793804e-06,1.998543e-05,0.000000e+00,3.500000e-05,6.899485e-06,2.999149e-07,2.999149e-08,0.000000e+00,2.999149e-08,-1.490304e-05,2.009696e-05,3.500000e-05,2.090753e-07,8.153652e-08
3.800000e-12,0.000000e+00,0.000000e+00,0.000000e+00,4.358908e-01,5.025388e-06,1.470244e-05,3.730354e-01,2.496789e-06,1.990243e-05,0.000000e+00,3.500000e-05,5.025388e-06,1.293628e-06,1.293628e-07,0.000000e+00,1.293628e-07,-1.485472e-05,2.014528e-05,3.500000e-05,1.522845e-07,1.134904e-07
3.900000e-12,0.000000e+00,0.000000e+00,0.000000e+00,4.371070e-01,3.072675e-06,1.474401e-05,3.738335e-01,2.897810e-06,1.982602e-05,0.000000e+00,3.500000e-05,3.072675e-06,2.051384e-06,2.051384e-07,0.000000e+00,2.051384e-07,-1.483712e-05,2.016288e-05,3.500000e-05,9.311135e-08,1.317186e-07
4.000000e-12,0.000000e+00,0.000000e+00,0.000000e+00,4.377601e-01,1.222797e-06,1.480943e-05,3.747090e-01,3.008705e-06,1.976275e-05,0.000000e+00,3.500000e-05,1.222797e-06,2.540102e-06,2.540102e-07,0.000000e+00,2.540102e-07,-1.484648e-05,2.015352e-05,3.500000e-05,3.705445e-08,1.367593e-07
4.100000e-12,0.000000e+00,0.000000e+00,0.000000e+00,4.379000e-01,-3.840756e-07,1.488895e-05,3.755813e-01,2.865735e-06,1.971668e-05,0.000000e+00,3.500000e-05,-3.840756e-07,2.757532e-06,2.757532e-07,0.000000e+00,2.757532e-07,-1.487731e-05,2.012269e-05,3.500000e-05,-1.163865e-08,1.302607e-07
4.200000e-12,0.000000e+00,0.000000e+00,0.000000e+00,4.376116e-01,-1.653931e-06,1.497330e-05,3.763830e-01,2.521886e-06,1.968951e-05,0.000000e+00,3.500000e-05,-1.653931e-06,2.726767e-06,2.726767e-07,0.000000e+00,2.726767e-07,-1.492318e-05,2.007682e-05,3.500000e-05,-5.011913e-08,1.146312e-07
4.300000e-12,0.000000e+00,0.000000e+00,0.000000e+00,4.370012e-01,-2.538855e-06,1.505444e-05,3.770632e-01,2.039087e-06,1.968086e-05,0.000000e+00,3.500000e-05,-2.538855e-06,2.489532e-06,2.489532e-07,0.000000e+00,2.489532e-07,-1.497750e-05,2.002250e-05,3.500000e-05,-7.693501e-08,9.268579e-08
4.400000e-12,0.000000e+00,0.000000e+00,0.000000e+00,4.361833e-01,-3.032943e-06,1.512600e-05,3.775900e-01,1.481044e-06,1.968869e-05,0.000000e+00,3.500000e-05,-3.032943e-06,2.099041e-06,2.099041e-07,0.000000e+00,2.099041e-07,-1.503409e-05,1.996591e-05,3.500000e-05,-9.190735e-08,6.732018e-08
4.500000e-12,0.000000e+00,0.000000e+00,0.000000e+00,4.352695e-01,-3.165267e-06,1.518359e-05,3.779494e-01,9.072146e-07,1.970978e-05,0.000000e+00,3.500000e-05,-3.165267e-06,1.613152e-06,1.613152e-07,0.000000e+00,1.613152e-07,-1.508767e-05,1.991233e-05,3.500000e-05,-9.591718e-08,4.123703e-08
4.600000e-12,0.000000e+00,0.000000e+00,0.000000e+00,4.343590e-01,-2.991058e-06,1.522481e-05,3.781437e-01,3.682581e-07,1.974026e-05,0.000000e+00,3.500000e-05,-2.991058e-06,1.088337e-06,1.088337e-07,0.000000e+00,1.088337e-07,-1.513417e-05,1.986583e-05,3.500000e-05,-9.063813e-08,1.673900e-08
4.700000e-12,0.000000e+00,0.000000e+00,0.000000e+00,4.335325e-01,-2.582178e-06,1.524910e-05,3.781889e-01,-9.691437e-08,1.977606e-05,0.000000e+00,3.500000e-05,-2.582178e-06,5.748788e-07,5.748788e-08,0.000000e+00,5.748788e-08,-1.517086e-05,1.982914e-05,3.500000e-05,-7.824783e-08,-4.405198e-09
4.800000e-12,0.000000e+00,0.000000e+00,0.000000e+00,4.328482e-01,-2.017852e-06,1.525749e-05,3.781103e-01,-4.625115e-07,1.981333e-05,0.000000e+00,3.500000e-05,-2.017852e-06,1.134806e-07,1.134806e-08,0.000000e+00,1.134806e-08,-1.519635e-05,1.980365e-05,3.500000e-05,-6.114704e-08,-2.102325e-08
4.900000e-12,0.000000e+00,0.000000e+00,0.000000e+00,4.323413e-01,-1.376423e-06,1.525218e-05,3.779391e-01,-7.158234e-07,1.984873e-05,0.000000e+00,3.500000e-05,-1.376423e-06,-2.666564e-07,-2.666564e-08,0.000000e+00,-2.666564e-08,-1.521047e-05,1.978953e-05,3.500000e-05,-4.170979e-08,-3.253743e-08
5.000000e-12,0.000000e+00,0.000000e+00,0.000000e+00,4.320247e-01,-7.286666e-07,1.523618e-05,3.777086e-01,-8.560315e-07,1.987965e-05,0.000000e+00,3.500000e-05,-7.286666e-07,-5.483906e-07,-5.483906e-08,0.000000e+00,-5.483906e-08,-1.521410e-05,1.978590e-05,3.500000e-05,-2.208080e-08,-3.891052e-08
5.100000e-12,0.000000e+00,0.000000e+00,0.000000e+00,4.318922e-01,-1.329752e-07,1.521286e-05,3.774510e-01,-8.921796e-07,1.990432e-05,0.000000e+00,3.500000e-05,-1.329752e-07,-7.260271e-07,-7.260271e-08,0.000000e+00,-7.260271e-08,-1.520883e-05,1.979117e-05,3.500000e-05,-4.029551e-09,-4.055362e-08
5.200000e-12,0.000000e+00,0.000000e+00,0.000000e+00,4.319225e-01,3.675058e-07,1.518564e-05,3.771949e-01,-8.406373e-07,1.992181e-05,0.000000e+00,3.500000e-05,3.675058e-07,-8.038012e-07,-8.038012e-08,0.000000e+00,-8.038012e-08,-1.519678e-05,1.980322e-05,3.500000e-05,1.113654e-08,-3.821079e-08
5.300000e-12,0.000000e+00,0.000000e+00,0.000000e+00,4.320837e-01,7.458859e-07,1.515764e-05,3.769632e-01,-7.223711e-07,1.993197e-05,0.000000e+00,3.500000e-05,7.458859e-07,-7.937551e-07,-7.937551e-08,0.000000e+00,-7.937551e-08,-1.518024e-05,1.981976e-05,3.500000e-05,2.260260e-08,-3.283505e-08
5.400000e-12,0.000000e+00,0.000000e+00,0.000000e+00,4.323382e-01,9.909292e-07,1.513148e-05,3.767724e-01,-5.602979e-07,1.993529e-05,0.000000e+00,3.500000e-05,9.909292e-07,-7.133052e-07,-7.133052e-08,0.000000e+00,-7.133052e-08,-1.516151e-05,1.983849e-05,3.500000e-05,3.002816e-08,-2.546808e-08
5.500000e-12,0.000000e+00,0.000000e+00,0.000000e+00,4.326469e-01,1.105188e-06,1.510914e-05,3.766325e-01,-3.769413e-07,1.993278e-05,0.000000e+00,3.500000e-05,1.105188e-06,-5.827703e-07,-5.827703e-08,0.000000e+00,-5.827703e-08,-1.514263e-05,1.985737e-05,3.500000e-05,3.349056e-08,-1.713369e-08
5.600000e-12,0.000000e+00,0.000000e+00,0.000000e+00,4.329731e-01,1.102268e-06,1.509189e-05,3.765469e-01,-1.925414e-07,1.992577e-05,0.000000e+00,3.500000e-05,1.102268e-06,-4.230860e-07,-4.230860e-08,0.000000e+00,-4.230860e-08,-1.512529e-05,1.987471e-05,3.500000e-05,3.340205e-08,-8.751880e-09
5.700000e-12,0.000000e+00,0.000000e+00,0.000000e+00,4.332851e-01,1.003614e-06,1.508035e-05,3.765135e-01,-2.370417e-08,1.991571e-05,0.000000e+00,3.500000e-05,1.003614e-06,-2.538741e-07,-2.538741e-08,0.000000e+00,-2.538741e-08,-1.511076e-05,1.988924e-05,3.500000e-05,3.041253e-08,-1.077462e-09
5.800000e-12,0.000000e+00,0.000000e+00,0.000000e+00,4.335583e-01,8.351993e-07,1.507448e-05,3.765262e-01,1.173875e-07,1.990407e-05,0.000000e+00,3.500000e-05,8.351993e-07,-9.197247e-08,-9.197247e-09,0.000000e+00,-9.197247e-09,-1.509979e-05,1.990021e-05,3.500000e-05,2.530907e-08,5.335797e-09
5.900000e-12,0.000000e+00,0.000000e+00,0.000000e+00,4.337758e-01,6.244179e-07,1.507380e-05,3.765756e-01,2.232336e-07,1.989218e-05,0.000000e+00,3.500000e-05,6.244179e-07,4.952659e-08,4.952659e-09,0.000000e+00,4.952659e-09,-1.509272e-05,1.990728e-05,3.500000e-05,1.892175e-08,1.014698e-08
6.000000e-12,0.000000e+00,0.000000e+00,0.000000e+00,4.339289e-01,3.974150e-07,1.507741e-05,3.766510e-01,2.908188e-07,1.988116e-05,0.000000e+00,3.500000e-05,3.974150e-07,1.617376e-07,1.617376e-08,0.000000e+00,1.617376e-08,-1.508945e-05,1.991055e-05,3.500000e-05,1.204288e-08,1.321903e-08
6.100000e-12,0.000000e+00,0.000000e+00,0.000000e+00,4.340157e-01,1.770176e-07,1.508423e-05,3.767412e-01,3.210580e-07,1.987182e-05,0.000000e+00,3.500000e-05,1.770176e-07,2.399912e-07,2.399912e-08,0.000000e+00,2.399912e-08,-1.508959e-05,1.991041e-05,3.500000e-05,5.364169e-09,1.459355e-08
6.200000e-12,0.000000e+00,0.000000e+00,0.000000e+00,4.340409e-01,-1.866830e-08,1.509307e-05,3.768356e-01,3.179979e-07,1.986469e-05,0.000000e+00,3.500000e-05,-1.866830e-08,2.834731e-07,2.834731e-08,0.000000e+00,2.834731e-08,-1.509251e-05,1.990749e-05,3.500000e-05,-5.657062e-10,1.445445e-08
6.300000e-12,0.000000e+00,0.000000e+00,0.000000e+00,4.340134e-01,-1.769902e-07,1.510281e-05,3.769254e-01,2.878891e-07,1.986001e-05,0.000000e+00,3.500000e-05,-1.769902e-07,2.945902e-07,2.945902e-08,0.000000e+00,2.945902e-08,-1.509744e-05,1.990256e-05,3.500000e-05,-5.363338e-09,1.308587e-08
6.400000e-12,0.000000e+00,0.000000e+00,0.000000e+00,4.339454e-01,-2.908695e-07,1.511241e-05,3.770036e-01,2.382335e-07,1.985776e-05,0.000000e+00,3.500000e-05,-2.908695e-07,2.781712e-07,2.781712e-08,0.000000e+00,2.781712e-08,-1.510360e-05,1.989640e-05,3.500000e-05,-8.814228e-09,1.082880e-08
6.500000e-12,0.000000e+00,0.000000e+00,0.000000e+00,4.338501e-01,-3.584109e-07,1.512107e-05,3.770655e-01,1.768965e-07,1.985769e-05,0.000000e+00,3.500000e-05,-3.584109e-07,2.405984e-07,2.405984e-08,0.000000e+00,2.405984e-08,-1.511021e-05,1.988979e-05,3.500000e-05,-1.086093e-08,8.040751e-09
6.600000e-12,0.000000e+00,0.000000e+00,0.000000e+00,4.337409e-01,-3.821268e-07,1.512821e-05,3.771087e-01,1.113478e-07,1.985942e-05,0.000000e+00,3.500000e-05,-3.821268e-07,1.889633e-07,1.889633e-08,0.000000e+00,1.889633e-08,-1.511663e-05,1.988337e-05,3.500000e-05,-1.157960e-08,5.061264e-09
6.700000e-12,0.000000e+00,0.000000e+00,0.000000e+00,4.336300e-01,-3.679170e-07,1.513346e-05,3.771329e-01,4.807621e-08,1.986247e-05,0.000000e+00,3.500000e-05,-3.679170e-07,1.303124e-07,1.303124e-08,0.000000e+00,1.303124e-08,-1.512231e-05,1.987769e-05,3.500000e-05,-1.114900e-08,2.185282e-09
6.800000e-12,0.000000e+00,0.000000e+00,0.000000e+00,4.335274e-01,-3.239355e-07,1.513672e-05,3.771393e-01,-7.803004e-09,1.986635e-05,0.000000e+00,3.500000e-05,-3.239355e-07,7.103512e-08,7.103512e-09,0.000000e+00,7.103512e-09,-1.512690e-05,1.987310e-05,3.500000e-05,-9.816229e-09,-3.546820e-10
6.900000e-12,0.000000e+00,0.000000e+00,0.000000e+00,4.334406e-01,-2.594656e-07,1.513805e-05,3.771308e-01,-5.274865e-08,1.987056e-05,0.000000e+00,3.500000e-05,-2.594656e-07,1.642105e-08,1.642105e-09,0.000000e+00,1.642105e-09,-1.513019e-05,1.986981e-05,3.500000e-05,-7.862593e-09,-2.397666e-09
7.000000e-12,0.000000e+00,0.000000e+00,0.000000e+00,4.333745e-01,-1.838998e-07,1.513771e-05,3.771108e-01,-8.481921e-08,1.987468e-05,0.000000e+00,3.500000e-05,-1.838998e-07,-2.960591e-08,-2.960591e-09,0.000000e+00,-2.960591e-09,-1.513213e-05,1.986787e-05,3.500000e-05,-5.572721e-09,-3.855419e-09
7.100000e-12,0.000000e+00,0.000000e+00,0.000000e+00,4.333310e-01,-1.058963e-07,1.513601e-05,3.770831e-01,-1.035532e-07,1.987836e-05,0.000000e+00,3.500000e-05,-1.058963e-07,-6.458469e-08,-6.458469e-09,0.000000e+00,-6.458469e-09,-1.513280e-05,1.986720e-05,3.500000e-05,-3.208980e-09,-4.706965e-09
7.200000e-12,0.000000e+00,0.000000e+00,0.000000e+00,4.333098e-01,-3.275225e-08,1.513336e-05,3.770517e-01,-1.097415e-07,1.988137e-05,0.000000e+00,3.500000e-05,-3.275225e-08,-8.746799e-08,-8.746799e-09,0.000000e+00,-8.746799e-09,-1.513237e-05,1.986763e-05,3.500000e-05,-9.924925e-10,-4.988248e-09
7.300000e-12,0.000000e+00,0.000000e+00,0.000000e+00,4.333088e-01,2.998951e-08,1.513016e-05,3.770199e-01,-1.051302e-07,1.988355e-05,0.000000e+00,3.500000e-05,2.998951e-08,-9.845794e-08,-9.845794e-09,0.000000e+00,-9.845794e-09,-1.513107e-05,1.986893e-05,3.500000e-05,9.087731e-10,-4.778645e-09
7.400000e-12,0.000000e+00,0.000000e+00,0.000000e+00,4.333245e-01,7.870774e-08,1.512680e-05,3.769906e-01,-9.209477e-08,1.988488e-05,0.000000e+00,3.500000e-05,7.870774e-08,-9.876174e-08,-9.876174e-09,0.000000e+00,-9.876174e-09,-1.512918e-05,1.987082e-05,3.500000e-05,2.385083e-09,-4.186126e-09
7.500000e-12,0.000000e+00,0.000000e+00,0.000000e+00,4.333523e-01,1.116715e-07,1.512359e-05,3.769660e-01,-7.331704e-08,1.988539e-05,0.000000e+00,3.500000e-05,1.116715e-07,-9.030346e-08,-9.030346e-09,0.000000e+00,-9.030346e-09,-1.512698e-05,1.987302e-05,3.500000e-05,3.383984e-09,-3.332593e-09
7.600000e-12,0.000000e+00,0.000000e+00,0.000000e+00,4.333877e-01,1.288482e-07,1.512080e-05,3.769474e-01,-5.149434e-08,1.988518e-05,0.000000e+00,3.500000e-05,1.288482e-07,-7.542516e-08,-7.542516e-09,0.000000e+00,-7.542516e-09,-1.512470e-05,1.987530e-05,3.500000e-05,3.904492e-09,-2.340652e-09
7.700000e-12,0.000000e+00,0.000000e+00,0.000000e+00,4.334261e-01,1.315980e-07,1.511859e-05,3.769353e-01,-2.910018e-08,1.988441e-05,0.000000e+00,3.500000e-05,1.315980e-07,-5.660560e-08,-5.660560e-09,0.000000e+00,-5.660560e-09,-1.512258e-05,1.987742e-05,3.500000e-05,3.987818e-09,-1.322735e-09
7.800000e-12,0.000000e+00,0.000000e+00,0.000000e+00,4.334637e-01,1.223006e-07,1.511705e-05,3.769296e-01,-8.207845e-09,1.988324e-05,0.000000e+00,3.500000e-05,1.223006e-07,-3.621797e-08,-3.621797e-09,0.000000e+00,-3.621797e-09,-1.512075e-05,1.987925e-05,3.500000e-05,3.706078e-09,-3.730839e-10
7.900000e-12,0.000000e+00,0.000000e+00,0.000000e+00,4.334973e-01,1.039612e-07,1.511619e-05,3.769297e-01,9.618715e-09,1.988186e-05,0.000000e+00,3.500000e-05,1.039612e-07,-1.634090e-08,-1.634090e-09,0.000000e+00,-1.634090e-09,-1.511934e-05,1.988066e-05,3.500000e-05,3.150340e-09,4.372143e-10
8.000000e-12,0.000000e+00,0.000000e+00,0.000000e+00,4.335247e-01,7.983282e-08,1.511597e-05,3.769344e-01,2.336952e-08,1.988041e-05,0.000000e+00,3.500000e-05,7.983282e-08,1.370308e-09,1.370308e-10,0.000000e+00,1.370308e-10,-1.511839e-05,1.988161e-05,3.500000e-05,2.419176e-09,1.062251e-09
8.100000e-12,0.000000e+00,0.000000e+00,0.000000e+00,4.335445e-01,5.308546e-08,1.511629e-05,3.769426e-01,3.257646e-08,1.987905e-05,0.000000e+00,3.500000e-05,5.308546e-08,1.575199e-08,1.575199e-09,0.000000e+00,1.575199e-09,-1.511790e-05,1.988210e-05,3.500000e-05,1.608650e-09,1.480748e-09
8.200000e-12,0.000000e+00,0.000000e+00,0.000000e+00,4.335565e-01,2.654294e-08,1.511702e-05,3.769529e-01,3.725577e-08,1.987787e-05,0.000000e+00,3.500000e-05,2.654294e-08,2.614477e-08,2.614477e-09,0.000000e+00,2.614477e-09,-1.511782e-05,1.988218e-05,3.500000e-05,8.043315e-10,1.693444e-09
8.300000e-12,0.000000e+00,0.000000e+00,0.000000e+00,4.335611e-01,2.497833e-09,1.511803e-05,3.769640e-01,3.781856e-08,1.987694e-05,0.000000e+00,3.500000e-05,2.497833e-09,3.235975e-08,3.235975e-09,0.000000e+00,3.235975e-09,-1.511810e-05,1.988190e-05,3.500000e-05,7.569191e-11,1.719026e-09
8.400000e-12,0.000000e+00,0.000000e+00,0.000000e+00,4.335590e-01,-1.739323e-08,1.511917e-05,3.769747e-01,3.496283e-08,1.987631e-05,0.000000e+00,3.500000e-05,-1.739323e-08,3.460947e-08,3.460947e-09,0.000000e+00,3.460947e-09,-1.511864e-05,1.988136e-05,3.500000e-05,-5.270676e-10,1.589219e-09
8.500000e-12,0.000000e+00,0.000000e+00,0.000000e+00,4.335518e-01,-3.213942e-08,1.512032e-05,3.769843e-01,2.955999e-08,1.987597e-05,0.000000e+00,3.500000e-05,-3.213942e-08,3.341621e-08,3.341621e-09,0.000000e+00,3.341621e-09,-1.511935e-05,1.988065e-05,3.500000e-05,-9.739219e-10,1.343636e-09
8.600000e-12,0.000000e+00,0.000000e+00,0.000000e+00,4.335411e-01,-4.138169e-08,1.512138e-05,3.769921e-01,2.254685e-08,1.987590e-05,0.000000e+00,3.500000e-05,-4.138169e-08,2.950979e-08,2.950979e-09,0.000000e+00,2.950979e-09,-1.512013e-05,1.987987e-05,3.500000e-05,-1.253991e-09,1.024857e-09
8.700000e-12,0.000000e+00,0.000000e+00,0.000000e+00,4.335283e-01,-4.530941e-08,1.512227e-05,3.769977e-01,1.483136e-08,1.987605e-05,0.000000e+00,3.500000e-05,-4.530941e-08,2.372573e-08,2.372573e-09,0.000000e+00,2.372573e-09,-1.512090e-05,1.987910e-05,3.500000e-05,-1.373012e-09,6.741529e-10
8.800000e-12,0.000000e+00,0.000000e+00,0.000000e+00,4.335150e-01,-4.454411e-08,1.512295e-05,3.770010e-01,7.218209e-09,1.987638e-05,0.000000e+00,3.500000e-05,-4.454411e-08,1.691264e-08,1.691264e-09,0.000000e+00,1.691264e-09,-1.512160e-05,1.987840e-05,3.500000e-05,-1.349822e-09,3.281004e-10
8.900000e-12,0.000000e+00,0.000000e+00,0.000000e+00,4.335025e-01,-4.000631e-08,1.512339e-05,3.770022e-01,3.568588e-10,1.987682e-05,0.000000e+00,3.500000e-05,-4.000631e-08,9.855295e-09,9.855295e-10,0.000000e+00,9.855295e-10,-1.512217e-05,1.987783e-05,3.500000e-05,-1.212312e-09,1.622085e-11
9.000000e-12,0.000000e+00,0.000000e+00,0.000000e+00,4.334917e-01,-3.278038e-08,1.512359e-05,3.770015e-01,-5.287227e-09,1.987732e-05,0.000000e+00,3.500000e-05,-3.278038e-08,3.217348e-09,3.217348e-10,0.000000e+00,3.217348e-10,-1.512260e-05,1.987740e-05,3.500000e-05,-9.933448e-10,-2.403285e-10
9.100000e-12,0.000000e+00,0.000000e+00,0.000000e+00,4.334832e-01,-2.398954e-08,1.512359e-05,3.769994e-01,-9.440029e-09,1.987781e-05,0.000000e+00,3.500000e-05,-2.398954e-08,-2.494959e-09,-2.494959e-10,0.000000e+00,-2.494959e-10,-1.512287e-05,1.987713e-05,3.500000e-05,-7.269557e-10,-4.290922e-10
9.200000e-12,0.000000e+00,0.000000e+00,0.000000e+00,4.334774e-01,-1.469019e-08,1.512342e-05,3.769962e-01,-1.200823e-08,1.987826e-05,0.000000e+00,3.500000e-05,-1.469019e-08,-6.948625e-09,-6.948625e-10,0.000000e+00,-6.948625e-10,-1.512298e-05,1.987702e-05,3.500000e-05,-4.451574e-10,-5.458288e-10
9.300000e-12,0.000000e+00,0.000000e+00,0.000000e+00,4.334743e-01,-5.791332e-09,1.512313e-05,3.769925e-01,-1.305458e-08,1.987864e-05,0.000000e+00,3.500000e-05,-5.791332e-09,-9.981648e-09,-9.981648e-10,0.000000e+00,-9.981648e-10,-1.512295e-05,1.987705e-05,3.500000e-05,-1.754949e-10,-5.933901e-10
9.400000e-12,0.000000e+00,0.000000e+00,0.000000e+00,4.334737e-01,1.998485e-09,1.512276e-05,3.769887e-01,-1.276399e-08,1.987892e-05,0.000000e+00,3.500000e-05,1.998485e-09,-1.158617e-08,-1.158617e-09,0.000000e+00,-1.158617e-09,-1.512282e-05,1.987718e-05,3.500000e-05,6.056014e-11,-5.801815e-10
9.500000e-12,0.000000e+00,0.000000e+00,0.000000e+00,4.334751e-01,8.196891e-09,1.512236e-05,3.769851e-01,-1.140513e-08,1.987910e-05,0.000000e+00,3.500000e-05,8.196891e-09,-1.188114e-08,-1.188114e-09,0.000000e+00,-1.188114e-09,-1.512261e-05,1.987739e-05,3.500000e-05,2.483906e-10,-5.184151e-10
9.600000e-12,0.000000e+00,0.000000e+00,0.000000e+00,4.334781e-01,1.254895e-08,1.512197e-05,3.769820e-01,-9.291593e-09,1.987918e-05,0.000000e+00,3.500000e-05,1.254895e-08,-1.107886e-08,-1.107886e-09,0.000000e+00,-1.107886e-09,-1.512235e-05,1.987765e-05,3.500000e-05,3.802711e-10,-4.223451e-10
9.700000e-12,0.000000e+00,0.000000e+00,0.000000e+00,4.334822e-01,1.500817e-08,1.512163e-05,3.769797e-01,-6.746205e-09,1.987917e-05,0.000000e+00,3.500000e-05,1.500817e-08,-9.449316e-09,-9.449316e-10,0.000000e+00,-9.449316e-10,-1.512208e-05,1.987792e-05,3.500000e-05,4.547931e-10,-3.066457e-10
9.800000e-12,0.000000e+00,0.000000e+00,0.000000e+00,4.334867e-01,1.570274e-08,1.512135e-05,3.769780e-01,-4.071011e-09,1.987909e-05,0.000000e+00,3.500000e-05,1.570274e-08,-7.286057e-09,-7.286057e-10,0.000000e+00,-7.286057e-10,-1.512182e-05,1.987818e-05,3.500000e-05,4.758406e-10,-1.850460e-10
9.900000e-12,0.000000e+00,0.000000e+00,0.000000e+00,4.334913e-01,1.489245e-08,1.512114e-05,3.769772e-01,-1.524533e-09,1.987896e-05,0.000000e+00,3.500000e-05,1.489245e-08,-4.876099e-09,-4.876099e-10,0.000000e+00,-4.876099e-10,-1.512160e-05,1.987840e-05,3.500000e-05,4.512863e-10,-6.929696e-11
1.000000e-11,5.551115e-17,2.092424e-19,1.105062e-19,4.334954e-01,1.292200e-08,1.512102e-05,3.769770e-01,6.930154e-10,1.987880e-05,1.105062e-19,3.500000e-05,1.292200e-08,-2.475931e-09,-2.475931e-10,1.105062e-19,-2.475931e-10,-1.512142e-05,1.987858e-05,3.500000e-05,3.915759e-10,3.150070e-11
1.010000e-11,2.623568e-03,1.295148e-05,6.840000e-06,4.368059e-01,1.633602e-05,2.132888e-05,3.770203e-01,2.140115e-07,1.999930e-05,6.840000e-06,3.500000e-05,1.113675e-04,7.059329e-08,7.059329e-09,6.840000e-06,7.059329e-09,-1.498391e-05,2.001609e-05,3.500000e-05,4.950308e-07,9.727793e-09
1.020000e-11,1.202975e-02,4.211729e-05,1.368000e-05,4.482172e-01,5.088536e-05,2.665220e-05,3.772703e-01,1.162459e-06,2.038771e-05,1.368000e-05,3.500000e-05,1.477226e-04,4.526341e-07,4.526341e-08,1.368000e-05,4.526341e-08,-1.451418e-05,2.048582e-05,3.500000e-05,1.541980e-06,5.283904e-08
1.030000e-11,3.287556e-02,8.742909e-05,2.052000e-05,4.723973e-01,1.005892e-04,3.100272e-05,3.780857e-01,3.614155e-06,2.114518e-05,2.052000e-05,3.500000e-05,2.427383e-04,1.596625e-06,1.596625e-07,2.052000e-05,1.596625e-07,-1.353088e-05,2.146912e-05,3.500000e-05,3.048158e-06,1.642798e-07
1.040000e-11,6.965578e-02,1.472664e-04,2.736000e-05,5.129731e-01,1.605173e-04,3.440218e-05,3.800602e-01,8.405733e-06,2.229841e-05,2.736000e-05,3.500000e-05,3.625037e-04,4.131675e-06,4.131675e-07,2.736000e-05,4.131675e-07,-1.190634e-05,2.309366e-05,3.500000e-05,4.864160e-06,3.820788e-07
1.050000e-11,1.263078e-01,2.191447e-04,3.420000e-05,5.721461e-01,2.253439e-04,3.695361e-05,3.840087e-01,1.624272e-05,2.380433e-05,3.420000e-05,3.500000e-05,4.992086e-04,8.751539e-06,8.751539e-07,3.420000e-05,8.751539e-07,-9.582208e-06,2.541779e-05,3.500000e-05,6.828602e-06,7.383056e-07
1.060000e-11,2.059763e-01,3.000682e-04,4.104000e-05,6.506532e-01,2.901866e-04,3.881486e-05,3.909035e-01,2.753953e-05,2.557274e-05,4.104000e-05,3.500000e-05,6.449748e-04,1.607070e-05,1.607070e-06,4.104000e-05,1.607070e-06,-6.568392e-06,2.843161e-05,3.500000e-05,8.793533e-06,1.251797e-06
1.070000e-11,3.108922e-01,3.868302e-04,4.788000e-05,7.479545e-01,3.511506e-04,4.017015e-05,4.017773e-01,4.233394e-05,2.749537e-05,4.788000e-05,3.500000e-05,7.927008e-04,2.649283e-05,2.649283e-06,4.788000e-05,2.649283e-06,-2.931078e-06,3.206892e-05,3.500000e-05,1.064093e-05,1.924270e-06
1.080000e-11,4.423625e-01,4.763723e-04,5.472000e-05,8.625633e-01,4.056645e-04,4.120136e-05,4.176138e-01,6.028526e-05,2.947298e-05,5.472000e-05,3.500000e-05,9.367569e-04,4.012549e-05,4.012549e-06,5.472000e-05,4.012549e-06,1.225770e-06,3.622577e-05,3.500000e-05,1.229287e-05,2.740239e-06
1.090000e-11,6.008894e-01,5.662441e-04,6.156000e-05,9.924536e-01,4.526229e-04,4.206246e-05,4.392493e-01,8.074580e-05,3.143568e-05,6.156000e-05,3.500000e-05,1.073587e-03,5.675753e-05,5.675753e-06,6.156000e-05,5.675753e-06,5.781694e-06,4.078169e-05,3.500000e-05,1.371584e-05,3.670264e-06
1.100000e-11,7.864464e-01,6.551580e-04,6.840000e-05,1.135485e+00,4.923467e-04,4.285984e-05,4.673021e-01,1.028837e-04,3.335412e-05,6.840000e-05,3.500000e-05,1.202225e-03,7.589917e-05,7.589917e-06,6.840000e-05,7.589917e-06,1.062057e-05,4.562057e-05,3.500000e-05,1.491960e-05,4.676531e-06
1.110000e-11,9.963053e-01,7.306477e-04,6.840000e-05,1.286485e+00,5.100659e-04,3.743246e-05,5.020994e-01,1.256180e-04,3.512100e-05,6.840000e-05,3.500000e-05,1.213354e-03,9.680084e-05,9.680084e-06,6.840000e-05,9.680084e-06,1.551100e-05,5.051100e-05,3.500000e-05,1.545654e-05,5.709910e-06
1.120000e-11,1.226628e+00,7.916810e-04,6.840000e-05,1.439223e+00,5.055276e-04,3.288888e-05,5.436079e-01,1.476505e-04,3.663356e-05,6.840000e-05,3.500000e-05,1.297209e-03,1.184715e-04,1.184715e-05,6.840000e-05,1.184715e-05,2.019210e-05,5.519210e-05,3.500000e-05,1.531902e-05,6.711385e-06
1.130000e-11,1.474067e+00,8.424978e-04,6.840000e-05,1.588066e+00,4.834430e-04,2.930538e-05,5.914003e-01,1.676283e-04,3.785082e-05,6.840000e-05,3.500000e-05,1.325941e-03,1.397454e-04,1.397454e-05,6.840000e-05,1.397454e-05,2.444483e-05,5.944483e-05,3.500000e-05,1.464979e-05,7.619469e-06
1.140000e-11,1.736931e+00,8.904879e-04,6.840000e-05,1.728805e+00,4.498438e-04,2.664269e-05,6.446772e-01,1.843620e-04,3.880458e-05,6.840000e-05,3.500000e-05,1.340332e-03,1.594101e-04,1.594101e-05,6.840000e-05,1.594101e-05,2.812568e-05,6.312568e-05,3.500000e-05,1.363163e-05,8.380092e-06
1.150000e-11,2.016005e+00,9.451233e-04,6.840000e-05,1.858866e+00,4.104672e-04,2.478924e-05,7.023449e-01,1.970130e-04,3.958041e-05,6.840000e-05,3.500000e-05,1.355591e-03,1.763681e-04,1.763681e-05,6.840000e-05,1.763681e-05,3.117236e-05,6.617236e-05,3.500000e-05,1.243840e-05,8.955138e-06
1.160000e-11,2.315109e+00,1.017327e-03,6.840000e-05,1.977181e+00,3.700580e-04,2.359277e-05,7.631347e-01,2.052006e-04,4.028730e-05,6.840000e-05,3.500000e-05,1.387385e-03,1.897875e-04,1.897875e-05,6.840000e-05,1.897875e-05,3.359335e-05,6.859335e-05,3.500000e-05,1.121388e-05,9.327302e-06
1.170000e-11,2.641485e+00,1.119001e-03,6.840000e-05,2.083903e+00,3.321506e-04,2.288473e-05,8.257379e-01,2.090147e-04,4.102902e-05,6.840000e-05,3.500000e-05,1.451152e-03,1.992042e-04,1.992042e-05,6.840000e-05,1.992042e-05,3.545010e-05,7.045010e-05,3.500000e-05,1.006517e-05,9.500667e-06
1.180000e-11,3.005975e+00,1.262275e-03,6.840000e-05,2.180068e+00,2.991123e-04,2.249831e-05,8.889322e-01,2.089490e-04,4.188434e-05,6.840000e-05,3.500000e-05,1.561387e-03,2.045565e-04,2.045565e-05,6.840000e-05,2.045565e-05,3.683768e-05,7.183768e-05,3.500000e-05,9.064010e-06,9.497682e-06
1.190000e-11,3.422713e+00,1.457488e-03,6.840000e-05,2.267287e+00,2.723178e-04,2.228055e-05,9.516828e-01,2.057859e-04,4.289802e-05,6.840000e-05,3.500000e-05,1.729805e-03,2.061547e-04,2.061547e-05,6.840000e-05,2.061547e-05,3.786740e-05,7.286740e-05,3.500000e-05,8.252054e-06,9.353903e-06
1.200000e-11,3.907673e+00,1.708293e-03,6.840000e-05,2.347481e+00,2.523697e-04,2.209929e-05,1.013207e+00,2.004635e-04,4.408096e-05,6.840000e-05,3.500000e-05,1.960663e-03,2.046021e-04,2.046021e-05,6.840000e-05,2.046021e-05,3.865314e-05,7.365314e-05,3.500000e-05,7.647568e-06,9.111978e-06
1.210000e-11,4.475023e+00,2.002755e-03,6.840000e-05,2.422692e+00,2.393195e-04,2.184609e-05,1.073005e+00,1.939540e-04,4.541670e-05,6.840000e-05,3.500000e-05,2.242074e-03,2.006901e-04,2.006901e-05,6.840000e-05,2.006901e-05,3.930181e-05,7.430181e-05,3.500000e-05,7.252107e-06,8.816091e-06
1.220000e-11,5.130935e+00,2.304379e-03,6.840000e-05,2.494932e+00,2.328608e-04,2.143604e-05,1.130851e+00,1.871680e-04,4.687070e-05,6.840000e-05,3.500000e-05,2.537240e-03,1.952923e-04,1.952923e-05,6.840000e-05,1.952923e-05,3.990757e-05,7.490757e-05,3.500000e-05,7.056389e-06,8.507636e-06
1.230000e-11,5.867644e+00,2.557508e-03,6.840000e-05,2.566107e+00,2.324876e-04,2.080559e-05,1.186777e+00,1.808935e-04,4.839976e-05,6.840000e-05,3.500000e-05,2.789996e-03,1.892714e-04,1.892714e-05,6.840000e-05,1.892714e-05,4.054933e-05,7.554933e-05,3.500000e-05,7.045079e-06,8.222433e-06
1.240000e-11,6.667459e+00,2.736080e-03,6.840000e-05,2.637966e+00,2.376144e-04,1.990906e-05,1.241024e+00,1.757677e-04,4.995984e-05,6.840000e-05,3.500000e-05,2.973694e-03,1.834122e-04,1.834122e-05,6.840000e-05,1.834122e-05,4.129051e-05,7.629051e-05,3.500000e-05,7.200435e-06,7.989440e-06
1.250000e-11,7.476277e+00,2.676683e-03,6.840000e-05,2.712087e+00,2.476620e-04,1.871484e-05,1.294004e+00,1.722751e-04,5.151137e-05,6.840000e-05,3.500000e-05,2.924345e-03,1.783819e-04,1.783819e-05,6.840000e-05,1.783819e-05,4.218025e-05,7.718025e-05,3.500000e-05,7.504909e-06,7.830687e-06
1.260000e-11,8.289457e+00,2.683403e-03,6.840000e-05,2.789890e+00,2.621135e-04,1.720158e-05,1.346256e+00,1.707655e-04,5.302202e-05,6.840000e-05,3.500000e-05,2.945516e-03,1.747150e-04,1.747150e-05,6.840000e-05,1.747150e-05,4.325559e-05,7.825559e-05,3.500000e-05,7.942832e-06,7.762067e-06
1.270000e-11,9.121663e+00,2.770148e-03,6.840000e-05,2.872654e+00,2.805435e-04,1.535488e-05,1.398410e+00,1.714814e-04,5.446732e-05,6.840000e-05,3.500000e-05,3.050691e-03,1.728188e-04,1.728188e-05,6.840000e-05,1.728188e-05,4.454380e-05,7.954380e-05,3.500000e-05,8.501318e-06,7.794609e-06
1.280000e-11,9.968813e+00,2.812610e-03,6.840000e-05,2.961545e+00,3.026264e-04,1.316477e-05,1.451161e+00,1.745912e-04,5.582953e-05,6.840000e-05,3.500000e-05,3.115237e-03,1.729924e-04,1.729924e-05,6.840000e-05,1.729924e-05,4.606473e-05,8.106473e-05,3.500000e-05,9.170498e-06,7.935963e-06
1.290000e-11,1.083431e+01,2.878598e-03,6.840000e-05,3.057643e+00,3.281243e-04,1.062423e-05,1.505252e+00,1.802206e-04,5.709548e-05,6.840000e-05,3.500000e-05,3.206723e-03,1.754528e-04,1.754528e-05,6.840000e-05,1.754528e-05,4.783260e-05,8.283260e-05,3.500000e-05,9.943162e-06,8.191846e-06
1.300000e-11,1.171590e+01,2.927821e-03,6.840000e-05,3.161964e+00,3.568567e-04,7.728843e-06,1.561463e+00,1.884815e-04,5.825362e-05,6.840000e-05,3.500000e-05,3.284678e-03,1.803636e-04,1.803636e-05,6.840000e-05,1.803636e-05,4.985732e-05,8.485732e-05,3.500000e-05,1.081384e-05,8.567343e-06
1.310000e-11,1.259676e+01,2.897768e-03,6.840000e-05,3.275466e+00,3.886511e-04,4.477888e-06,1.620612e+00,1.994953e-04,5.929059e-05,6.840000e-05,3.500000e-05,3.286419e-03,1.878624e-04,1.878624e-05,6.840000e-05,1.878624e-05,5.214481e-05,8.714481e-05,3.500000e-05,1.177731e-05,9.067970e-06
1.320000e-11,1.346367e+01,2.830109e-03,6.840000e-05,3.399042e+00,4.232749e-04,8.770631e-07,1.683558e+00,2.134105e-04,6.018747e-05,6.840000e-05,3.500000e-05,3.253384e-03,1.980847e-04,1.980847e-05,6.840000e-05,1.980847e-05,5.469643e-05,8.969643e-05,3.500000e-05,1.282651e-05,9.700477e-06
1.330000e-11,1.432534e+01,2.827168e-03,6.840000e-05,3.533486e+00,4.603454e-04,-3.057022e-06,1.751215e+00,2.304142e-04,6.091550e-05,6.840000e-05,3.500000e-05,3.287513e-03,2.111829e-04,2.111829e-05,6.840000e-05,2.111829e-05,5.750716e-05,9.250716e-05,3.500000e-05,1.394986e-05,1.047337e-05
1.340000e-11,1.516881e+01,2.745970e-03,6.840000e-05,3.679428e+00,4.992225e-04,-7.290403e-06,1.824559e+00,2.507375e-04,6.143135e-05,6.840000e-05,3.500000e-05,3.245192e-03,2.273394e-04,2.273394e-05,6.840000e-05,2.273394e-05,6.056245e-05,9.556245e-05,3.500000e-05,1.512796e-05,1.139716e-05
1.350000e-11,1.602889e+01,2.857936e-03,6.840000e-05,3.837238e+00,5.388912e-04,-1.176358e-05,1.904643e+00,2.746538e-04,6.167190e-05,6.840000e-05,3.500000e-05,3.396827e-03,2.467738e-04,2.467738e-05,6.840000e-05,2.467738e-05,6.383354e-05,9.883354e-05,3.500000e-05,1.633004e-05,1.248426e-05
1.360000e-11,1.691119e+01,2.940252e-03,6.840000e-05,4.006896e+00,5.778530e-04,-1.638228e-05,1.992609e+00,3.024699e-04,6.154864e-05,6.840000e-05,3.500000e-05,3.518105e-03,2.697431e-04,2.697431e-05,6.840000e-05,2.697431e-05,6.727159e-05,1.022716e-04,3.500000e-05,1.751070e-05,1.374863e-05
1.370000e-11,1.781325e+01,3.001223e-03,6.840000e-05,4.187839e+00,6.140627e-04,-2.100879e-05,2.089692e+00,3.345096e-04,6.094234e-05,6.840000e-05,3.500000e-05,3.615285e-03,2.965351e-04,2.965351e-05,6.840000e-05,2.965351e-05,7.080083e-05,1.058008e-04,3.500000e-05,1.860796e-05,1.520498e-05
1.380000e-11,1.871866e+01,2.985299e-03,6.840000e-05,4.378802e+00,6.449615e-04,-2.545635e-05,2.197224e+00,3.710877e-04,5.969911e-05,6.840000e-05,3.500000e-05,3.630260e-03,3.274533e-04,3.274533e-05,6.840000e-05,3.274533e-05,7.431206e-05,1.093121e-04,3.500000e-05,1.954429e-05,1.686762e-05
1.390000e-11,1.960251e+01,2.873316e-03,6.840000e-05,4.577704e+00,6.676607e-04,-2.949010e-05,2.316623e+00,4.124764e-04,5.762959e-05,6.840000e-05,3.500000e-05,3.540977e-03,3.627944e-04,3.627944e-05,6.840000e-05,3.627944e-05,7.765796e-05,1.126580e-04,3.500000e-05,2.023214e-05,1.874893e-05
1.400000e-11,2.047527e+01,2.854080e-03,6.840000e-05,4.781612e+00,6.793117e-04,-3.283783e-05,2.449374e+00,4.588615e-04,5.451366e-05,6.840000e-05,3.500000e-05,3.533392e-03,4.028163e-04,4.028163e-05,6.840000e-05,4.028163e-05,8.065263e-05,1.156526e-04,3.500000e-05,2.058520e-05,2.085734e-05
1.410000e-11,2.132465e+01,2.756879e-03,6.840000e-05,4.986851e+00,6.776405e-04,-3.521213e-05,2.596992e+00,5.102862e-04,5.011312e-05,6.840000e-05,3.500000e-05,3.434519e-03,4.476963e-04,4.476963e-05,6.840000e-05,4.476963e-05,8.307757e-05,1.180776e-04,3.500000e-05,2.053456e-05,2.319483e-05
1.420000e-11,2.218546e+01,2.851786e-03,6.840000e-05,5.189272e+00,6.615455e-04,-3.634234e-05,2.760969e+00,5.665766e-04,4.419440e-05,6.840000e-05,3.500000e-05,3.513332e-03,4.974763e-04,4.974763e-05,6.840000e-05,4.974763e-05,8.469551e-05,1.196955e-04,3.500000e-05,2.004683e-05,2.575348e-05
1.430000e-11,2.306479e+01,2.924409e-03,6.840000e-05,5.384686e+00,6.315876e-04,-3.601094e-05,2.942687e+00,6.272353e-04,3.656249e-05,6.840000e-05,3.500000e-05,3.555997e-03,5.519874e-04,5.519874e-05,6.840000e-05,5.519874e-05,8.527193e-05,1.202719e-04,3.500000e-05,1.913902e-05,2.851070e-05
1.440000e-11,2.396332e+01,2.988694e-03,6.840000e-05,5.569380e+00,5.901992e-04,-3.408712e-05,3.143292e+00,6.912846e-04,2.710596e-05,6.840000e-05,3.500000e-05,3.578894e-03,6.107431e-04,6.107431e-05,6.840000e-05,6.107431e-05,8.460230e-05,1.196023e-04,3.500000e-05,1.788482e-05,3.142203e-05
1.450000e-11,2.486779e+01,2.986421e-03,6.840000e-05,5.740637e+00,5.415047e-04,-3.055079e-05,3.363515e+00,7.570471e-04,1.585160e-05,6.840000e-05,3.500000e-05,3.527926e-03,6.727873e-04,6.727873e-05,6.840000e-05,6.727873e-05,8.254156e-05,1.175416e-04,3.500000e-05,1.640923e-05,3.441123e-05
1.460000e-11,2.575422e+01,2.887628e-03,6.840000e-05,5.897137e+00,4.907706e-04,-2.550375e-05,3.603409e+00,8.218767e-04,3.024517e-06,6.840000e-05,3.500000e-05,3.378399e-03,7.364936e-04,7.364936e-05,6.840000e-05,7.364936e-05,7.903191e-05,1.140319e-04,3.500000e-05,1.487184e-05,3.735803e-05
1.470000e-11,2.663170e+01,2.873106e-03,6.840000e-05,6.039165e+00,4.436057e-04,-1.916800e-05,3.862022e+00,8.819131e-04,-1.089544e-05,6.840000e-05,3.500000e-05,3.316712e-03,7.993388e-04,7.993388e-05,6.840000e-05,7.993388e-05,7.412540e-05,1.091254e-04,3.500000e-05,1.344260e-05,4.008696e-05
1.490000e-11,2.834636e+01,2.848698e-03,6.840000e-05,6.288467e+00,3.789738e-04,-4.033345e-06,4.424406e+00,9.661561e-04,-3.866671e-05,6.840000e-05,3.500000e-05,3.227672e-03,9.069981e-04,9.069981e-05,6.840000e-05,9.069981e-05,6.094929e-05,9.594929e-05,3.500000e-05,1.148405e-05,4.391619e-05
1.500000e-11,2.922324e+01,2.911231e-03,6.840000e-05,6.402807e+00,3.671502e-04,3.884579e-06,4.718374e+00,9.783034e-04,-5.025978e-05,6.840000e-05,3.500000e-05,3.278381e-03,9.418110e-04,9.418110e-05,6.840000e-05,9.418110e-05,5.338966e-05,8.838966e-05,3.500000e-05,1.112576e-05,4.446834e-05
1.510000e-11,3.011857e+01,2.976926e-03,6.840000e-05,6.515743e+00,3.693665e-04,1.140649e-05,5.011636e+00,9.639825e-04,-5.871239e-05,6.840000e-05,3.500000e-05,3.346293e-03,9.569560e-04,9.569560e-05,6.840000e-05,9.569560e-05,4.580059e-05,8.080059e-05,3.500000e-05,1.119292e-05,4.381738e-05
1.520000e-11,3.102205e+01,2.986847e-03,6.840000e-05,6.631041e+00,3.833367e-04,1.810328e-05,5.296117e+00,9.217950e-04,-6.307247e-05,6.840000e-05,3.500000e-05,3.370184e-03,9.485316e-04,9.485316e-05,6.840000e-05,9.485316e-05,3.868046e-05,7.368046e-05,3.500000e-05,1.161626e-05,4.189977e-05
1.530000e-11,3.191094e+01,2.901356e-03,6.840000e-05,6.751549e+00,4.051737e-04,2.364419e-05,5.564008e+00,8.543461e-04,-6.286671e-05,6.840000e-05,3.500000e-05,3.306530e-03,9.151062e-04,9.151062e-05,6.840000e-05,9.151062e-05,3.247782e-05,6.747782e-05,3.500000e-05,1.227799e-05,3.883392e-05
1.540000e-11,3.277746e+01,2.814994e-03,6.840000e-05,6.878841e+00,4.300895e-04,2.783745e-05,5.808878e+00,7.680002e-04,-5.822032e-05,6.840000e-05,3.500000e-05,3.245084e-03,8.584076e-04,8.584076e-05,6.840000e-05,8.584076e-05,2.752954e-05,6.252954e-05,3.500000e-05,1.303302e-05,3.490910e-05
1.550000e-11,3.363813e+01,2.822860e-03,6.840000e-05,7.013080e+00,4.532216e-04,3.064683e-05,6.026529e+00,6.715082e-04,-4.982564e-05,6.840000e-05,3.500000e-05,3.276082e-03,7.832173e-04,7.832173e-05,6.840000e-05,7.832173e-05,2.401918e-05,5.901918e-05,3.500000e-05,1.373399e-05,3.052310e-05
1.560000e-11,3.448923e+01,2.785263e-03,6.840000e-05,7.153117e+00,4.704120e-04,3.217974e-05,6.215368e+00,5.740719e-04,-3.877628e-05,6.840000e-05,3.500000e-05,3.255675e-03,6.964745e-04,6.964745e-05,6.840000e-05,6.964745e-05,2.196535e-05,5.696535e-05,3.500000e-05,1.425491e-05,2.609418e-05
1.570000e-11,3.537082e+01,2.951567e-03,6.840000e-05,7.296783e+00,4.787801e-04,3.265157e-05,6.376269e+00,4.835650e-04,-2.633128e-05,6.840000e-05,3.500000e-05,3.430347e-03,6.059100e-04,6.059100e-05,6.840000e-05,6.059100e-05,2.123995e-05,5.623995e-05,3.500000e-05,1.450849e-05,2.198023e-05
1.580000e-11,3.628239e+01,3.049329e-03,6.840000e-05,7.441295e+00,4.769917e-04,3.233731e-05,6.512027e+00,4.054095e-04,-1.368493e-05,6.840000e-05,3.500000e-05,3.526321e-03,5.186562e-04,5.186562e-05,6.840000e-05,5.186562e-05,2.160839e-05,5.660839e-05,3.500000e-05,1.445429e-05,1.842770e-05
1.590000e-11,3.720882e+01,3.073434e-03,6.840000e-05,7.583703e+00,4.652148e-04,3.152302e-05,6.626607e+00,3.422426e-04,-1.797603e-06,6.840000e-05,3.500000e-05,3.538648e-03,4.402069e-04,4.402069e-05,6.840000e-05,4.402069e-05,2.277957e-05,5.777957e-05,3.500000e-05,1.409742e-05,1.555648e-05
1.600000e-11,3.812396e+01,2.993152e-03,6.840000e-05,7.721282e+00,4.448303e-04,3.046640e-05,6.724401e+00,2.942243e-04,8.689529e-06,6.840000e-05,3.500000e-05,3.437982e-03,3.739054e-04,3.739054e-05,6.840000e-05,3.739054e-05,2.445390e-05,5.945390e-05,3.500000e-05,1.347971e-05,1.337383e-05
1.610000e-11,3.900097e+01,2.823576e-03,6.156000e-05,7.848510e+00,4.016858e-04,2.316357e-05,6.809566e+00,2.595039e-04,1.734069e-05,6.156000e-05,3.500000e-05,3.143182e-03,3.208781e-04,3.208781e-05,6.156000e-05,3.208781e-05,2.622413e-05,6.122413e-05,3.500000e-05,1.217230e-05,1.179563e-05
1.620000e-11,3.985517e+01,2.773675e-03,5.472000e-05,7.958841e+00,3.352983e-04,1.688923e-05,6.885536e+00,2.348885e-04,2.396219e-05,5.472000e-05,3.500000e-05,3.054253e-03,2.803128e-04,2.803128e-05,5.472000e-05,2.803128e-05,2.767021e-05,6.267021e-05,3.500000e-05,1.016055e-05,1.067675e-05
1.630000e-11,4.070327e+01,2.781127e-03,4.788000e-05,8.046191e+00,2.496568e-04,1.188045e-05,6.954732e+00,2.165841e-04,2.859262e-05,4.788000e-05,3.500000e-05,2.976064e-03,2.499684e-04,2.499684e-05,4.788000e-05,2.499684e-05,2.843419e-05,6.343419e-05,3.500000e-05,7.565357e-06,9.844732e-06
1.640000e-11,4.155749e+01,2.821373e-03,4.104000e-05,8.105656e+00,1.498176e-04,8.246294e-06,7.018484e+00,2.008518e-04,3.144560e-05,4.104000e-05,3.500000e-05,2.916471e-03,2.267855e-04,2.267855e-05,4.104000e-05,2.267855e-05,2.825378e-05,6.325378e-05,3.500000e-05,4.539928e-06,9.129627e-06
1.650000e-11,4.241488e+01,2.826894e-03,3.420000e-05,8.133711e+00,4.064686e-05,6.000824e-06,7.077105e+00,1.844785e-04,3.283491e-05,3.420000e-05,3.500000e-05,2.812820e-03,2.074716e-04,2.074716e-05,3.420000e-05,2.074716e-05,2.696745e-05,6.196745e-05,3.500000e-05,1.231723e-06,8.385388e-06
1.660000e-11,4.327391e+01,2.829842e-03,2.736000e-05,8.128167e+00,-7.353593e-05,5.083548e-06,7.130076e+00,1.650365e-04,3.310593e-05,2.736000e-05,3.500000e-05,2.701586e-03,1.889722e-04,1.889722e-05,2.736000e-05,1.889722e-05,2.450481e-05,5.950481e-05,3.500000e-05,-2.228361e-06,7.501659e-06
1.670000e-11,4.412548e+01,2.790298e-03,2.052000e-05,8.088052e+00,-1.889060e-04,5.372632e-06,7.176287e+00,1.409581e-04,3.258619e-05,2.052000e-05,3.500000e-05,2.546672e-03,1.687841e-04,1.687841e-05,2.052000e-05,1.687841e-05,2.087179e-05,5.587179e-05,3.500000e-05,-5.724424e-06,6.407187e-06
1.680000e-11,4.495789e+01,2.707963e-03,1.368000e-05,8.013525e+00,-3.019000e-04,6.691861e-06,7.214274e+00,1.114843e-04,3.155811e-05,1.368000e-05,3.500000e-05,2.351343e-03,1.451104e-04,1.451104e-05,1.368000e-05,1.451104e-05,1.613662e-05,5.113662e-05,3.500000e-05,-9.148484e-06,5.067470e-06
1.690000e-11,4.575900e+01,2.585010e-03,6.840000e-06,7.905846e+00,-4.089319e-04,8.812437e-06,7.242442e+00,7.654843e-05,3.025091e-05,6.840000e-06,3.500000e-05,2.121358e-03,1.168905e-04,1.168905e-05,6.840000e-06,1.168905e-05,1.041944e-05,4.541944e-05,3.500000e-05,-1.239188e-05,3.479474e-06
1.700000e-11,4.652745e+01,2.475263e-03,0.000000e+00,7.767418e+00,-5.061692e-04,1.145235e-05,7.259256e+00,3.664852e-05,2.884532e-05,0.000000e+00,3.500000e-05,1.914373e-03,8.374950e-05,8.374950e-06,0.000000e+00,8.374950e-06,3.886111e-06,3.888611e-05,3.500000e-05,-1.533846e-05,1.665842e-06
1.710000e-11,4.727735e+01,2.437482e-03,0.000000e+00,7.605172e+00,-5.731572e-04,2.048624e-05,7.263433e+00,-7.046825e-06,2.760434e-05,0.000000e+00,3.500000e-05,1.891685e-03,4.598132e-05,4.598132e-06,0.000000e+00,4.598132e-06,-3.117842e-06,3.188216e-05,3.500000e-05,-1.736840e-05,-3.203102e-07
1.720000e-11,4.803061e+01,2.484514e-03,0.000000e+00,7.428885e+00,-6.032779e-04,2.842774e-05,7.254158e+00,-5.266075e-05,2.679121e-05,0.000000e+00,3.500000e-05,1.881236e-03,4.558732e-06,4.558732e-07,0.000000e+00,4.558732e-07,-1.014659e-05,2.485341e-05,3.500000e-05,-1.828115e-05,-2.393670e-06
1.730000e-11,4.880422e+01,2.579517e-03,0.000000e+00,7.249417e+00,-5.958733e-04,3.479307e-05,7.231270e+00,-9.772375e-05,2.659505e-05,0.000000e+00,3.500000e-05,1.983643e-03,-3.889361e-05,-3.889361e-06,0.000000e+00,-3.889361e-06,-1.673630e-05,1.826370e-05,3.500000e-05,-1.805677e-05,-4.441989e-06
1.740000e-11,4.959962e+01,2.653537e-03,0.000000e+00,7.077375e+00,-5.539801e-04,3.925434e-05,7.195399e+00,-1.394191e-04,2.709088e-05,0.000000e+00,3.500000e-05,2.099556e-03,-8.220713e-05,-8.220713e-06,0.000000e+00,-8.220713e-06,-2.246707e-05,1.253293e-05,3.500000e-05,-1.678728e-05,-6.337230e-06
1.750000e-11,5.040120e+01,2.648246e-03,0.000000e+00,6.922078e+00,-4.835387e-04,4.166113e-05,7.148011e+00,-1.749081e-04,2.822874e-05,0.000000e+00,3.500000e-05,2.164707e-03,-1.228682e-04,-1.228682e-05,0.000000e+00,-1.228682e-05,-2.700844e-05,7.991557e-06,3.500000e-05,-1.465269e-05,-7.950368e-06
1.760000e-11,5.118595e+01,2.554915e-03,0.000000e+00,6.790770e+00,-3.926674e-04,4.204941e-05,7.091360e+00,-2.016839e-04,2.984593e-05,0.000000e+00,3.500000e-05,2.162247e-03,-1.582888e-04,-1.582888e-05,0.000000e+00,-1.582888e-05,-3.015040e-05,4.849601e-06,3.500000e-05,-1.189901e-05,-9.167450e-06
1.770000e-11,5.193667e+01,2.414678e-03,0.000000e+00,6.688119e+00,-2.906732e-04,4.062641e-05,7.028337e+00,-2.178993e-04,3.169768e-05,0.000000e+00,3.500000e-05,2.124005e-03,-1.861130e-04,-1.861130e-05,0.000000e+00,-1.861130e-05,-3.181813e-05,3.181873e-06,3.500000e-05,-8.808280e-06,-9.904512e-06
1.780000e-11,5.265047e+01,2.288411e-03,0.000000e+00,6.616037e+00,-1.869242e-04,3.773412e-05,6.962234e+00,-2.226170e-04,3.350033e-05,0.000000e+00,3.500000e-05,2.101487e-03,-2.045113e-04,-2.045113e-05,0.000000e+00,-2.045113e-05,-3.206975e-05,2.930250e-06,3.500000e-05,-5.664371e-06,-1.011895e-05
1.790000e-11,5.333922e+01,2.225533e-03,0.000000e+00,6.573815e+00,-8.981809e-05,3.380019e-05,6.896457e+00,-2.159381e-04,3.497872e-05,0.000000e+00,3.500000e-05,2.135715e-03,-2.124179e-04,-2.124179e-05,0.000000e+00,-2.124179e-05,-3.107843e-05,3.921567e-06,3.500000e-05,-2.721760e-06,-9.815368e-06
1.800000e-11,5.402367e+01,2.245472e-03,0.000000e+00,6.558522e+00,-6.017160e-06,2.928525e-05,6.834223e+00,-1.989849e-04,3.590880e-05,0.000000e+00,3.500000e-05,2.239455e-03,-2.096694e-04,-2.096694e-05,0.000000e+00,-2.096694e-05,-2.910292e-05,5.897085e-06,3.500000e-05,-1.823382e-07,-9.044768e-06
1.810000e-11,5.472387e+01,2.330315e-03,0.000000e+00,6.565576e+00,5.998436e-05,2.463414e-05,6.778284e+00,-1.737428e-04,3.614780e-05,0.000000e+00,3.500000e-05,2.390300e-03,-1.970225e-04,-1.970225e-05,0.000000e+00,-1.970225e-05,-2.645185e-05,8.548150e-06,3.500000e-05,1.817708e-06,-7.897399e-06
1.820000e-11,5.544928e+01,2.428824e-03,0.000000e+00,6.589394e+00,1.059750e-04,2.023601e-05,6.730712e+00,-1.427931e-04,3.564812e-05,0.000000e+00,3.500000e-05,2.534799e-03,-1.760490e-04,-1.760490e-05,0.000000e+00,-1.760490e-05,-2.344738e-05,1.155262e-05,3.500000e-05,3.211364e-06,-6.490598e-06
1.830000e-11,5.619326e+01,2.479046e-03,0.000000e+00,6.624047e+00,1.318753e-04,1.639627e-05,6.692777e+00,-1.089884e-04,3.445461e-05,0.000000e+00,3.500000e-05,2.610922e-03,-1.489307e-04,-1.489307e-05,0.000000e+00,-1.489307e-05,-2.039249e-05,1.460751e-05,3.500000e-05,3.996220e-06,-4.954020e-06
1.840000e-11,5.693636e+01,2.444147e-03,0.000000e+00,6.663834e+00,1.393886e-04,1.332153e-05,6.664914e+00,-7.512470e-05,3.268836e-05,0.000000e+00,3.500000e-05,2.583536e-03,-1.181903e-04,-1.181903e-05,0.000000e+00,-1.181903e-05,-1.754543e-05,1.745457e-05,3.500000e-05,4.223898e-06,-3.414759e-06
1.850000e-11,5.765668e+01,2.333119e-03,0.000000e+00,6.703740e+00,1.315293e-04,1.111716e-05,6.646782e+00,-4.366013e-05,3.052210e-05,0.000000e+00,3.500000e-05,2.464649e-03,-8.640444e-05,-8.640444e-06,0.000000e+00,-8.640444e-06,-1.510290e-05,1.989710e-05,3.500000e-05,3.985735e-06,-1.984551e-06
1.860000e-11,5.834043e+01,2.190125e-03,0.000000e+00,6.739751e+00,1.121010e-04,9.795276e-06,6.637393e+00,-1.651178e-05,2.815233e-05,0.000000e+00,3.500000e-05,2.302226e-03,-5.594070e-05,-5.594070e-06,0.000000e+00,-5.594070e-06,-1.319228e-05,2.180772e-05,3.500000e-05,3.397000e-06,-7.505353e-07
1.870000e-11,5.898727e+01,2.068038e-03,0.000000e+00,6.769012e+00,8.519647e-05,9.290480e-06,6.635288e+00,5.055806e-06,2.577308e-05,0.000000e+00,3.500000e-05,2.153235e-03,-2.875079e-05,-2.875079e-06,0.000000e+00,-2.875079e-06,-1.187219e-05,2.312781e-05,3.500000e-05,2.581711e-06,2.298094e-07
1.880000e-11,5.960939e+01,2.006737e-03,0.000000e+00,6.789860e+00,5.476869e-05,9.479952e-06,6.638729e+00,2.045216e-05,2.355456e-05,0.000000e+00,3.500000e-05,2.061505e-03,-6.238121e-06,-6.238121e-07,0.000000e+00,-6.238121e-07,-1.113961e-05,2.386039e-05,3.500000e-05,1.659657e-06,9.296436e-07
1.890000e-11,6.022638e+01,2.022144e-03,0.000000e+00,6.801733e+00,2.430564e-05,1.020493e-05,6.645894e+00,2.970691e-05,2.162866e-05,0.000000e+00,3.500000e-05,2.046450e-03,1.079561e-05,1.079561e-06,0.000000e+00,1.079561e-06,-1.094146e-05,2.405854e-05,3.500000e-05,7.365347e-07,1.350314e-06
1.900000e-11,6.085788e+01,2.102169e-03,0.000000e+00,6.805006e+00,-3.383300e-06,1.129119e-05,6.655040e+00,3.336110e-05,2.008173e-05,0.000000e+00,3.500000e-05,2.098786e-03,2.213195e-05,2.213195e-06,0.000000e+00,2.213195e-06,-1.118866e-05,2.381134e-05,3.500000e-05,-1.025242e-07,1.516414e-06
1.910000e-11,6.151562e+01,2.207839e-03,0.000000e+00,6.800774e+00,-2.627606e-05,1.256691e-05,6.664637e+00,3.232712e-05,1.895386e-05,0.000000e+00,3.500000e-05,2.181563e-03,2.806063e-05,2.806063e-06,0.000000e+00,2.806063e-06,-1.177067e-05,2.322933e-05,3.500000e-05,-7.962441e-07,1.469415e-06
1.920000e-11,6.219779e+01,2.285240e-03,0.000000e+00,6.790621e+00,-4.315760e-05,1.387688e-05,6.673455e+00,2.773885e-05,1.824339e-05,0.000000e+00,3.500000e-05,2.242082e-03,2.926688e-05,2.926688e-06,0.000000e+00,2.926688e-06,-1.256907e-05,2.243093e-05,3.500000e-05,-1.307806e-06,1.260857e-06
1.930000e-11,6.288923e+01,2.290833e-03,0.000000e+00,6.776385e+00,-5.356962e-05,1.509262e-05,6.680610e+00,2.080976e-05,1.791475e-05,0.000000e+00,3.500000e-05,2.237263e-03,2.670056e-05,2.670056e-06,0.000000e+00,2.670056e-06,-1.346930e-05,2.153070e-05,3.500000e-05,-1.623322e-06,9.458983e-07
1.940000e-11,6.356838e+01,2.214891e-03,0.000000e+00,6.759950e+00,-5.770866e-05,1.611847e-05,6.685570e+00,1.271169e-05,1.790802e-05,0.000000e+00,3.500000e-05,2.157182e-03,2.144457e-05,2.144457e-06,0.000000e+00,2.144457e-06,-1.436972e-05,2.063028e-05,3.500000e-05,-1.748747e-06,5.778043e-07
1.950000e-11,6.421682e+01,2.083524e-03,0.000000e+00,6.743069e+00,-5.628991e-05,1.689370e-05,6.688131e+00,4.481268e-06,1.814878e-05,0.000000e+00,3.500000e-05,2.027235e-03,1.459581e-05,1.459581e-06,0.000000e+00,1.459581e-06,-1.518794e-05,1.981206e-05,3.500000e-05,-1.705755e-06,2.036940e-07
1.960000e-11,6.482620e+01,1.941226e-03,0.000000e+00,6.727234e+00,-5.039261e-05,1.739139e-05,6.688368e+00,-3.043225e-06,1.855722e-05,0.000000e+00,3.500000e-05,1.890833e-03,7.167599e-06,7.167599e-07,0.000000e+00,7.167599e-07,-1.586435e-05,1.913565e-05,3.500000e-05,-1.527049e-06,-1.383284e-07
1.970000e-11,6.540015e+01,1.830638e-03,0.000000e+00,6.713589e+00,-4.130175e-05,1.761458e-05,6.686572e+00,-9.255445e-06,1.905585e-05,0.000000e+00,3.500000e-05,1.789336e-03,1.839308e-08,1.839308e-09,0.000000e+00,1.839308e-09,-1.636301e-05,1.863699e-05,3.500000e-05,-1.251568e-06,-4.207021e-07
1.980000e-11,6.595210e+01,1.780290e-03,0.000000e+00,6.702891e+00,-3.035931e-05,1.759048e-05,6.683181e+00,-1.378835e-05,1.957547e-05,0.000000e+00,3.500000e-05,1.749930e-03,-6.192344e-06,-6.192344e-07,0.000000e+00,-6.192344e-07,-1.667050e-05,1.832950e-05,3.500000e-05,-9.199791e-07,-6.267432e-07
1.990000e-11,6.650072e+01,1.800046e-03,0.000000e+00,6.695509e+00,-1.883577e-05,1.736370e-05,6.678708e+00,-1.649993e-05,2.005934e-05,0.000000e+00,3.500000e-05,1.781210e-03,-1.102263e-05,-1.102263e-06,0.000000e+00,-1.102263e-06,-1.679292e-05,1.820708e-05,3.500000e-05,-5.707808e-07,-7.499966e-07
2.000000e-11,6.706436e+01,1.879701e-03,0.000000e+00,6.691463e+00,-7.829994e-06,1.698904e-05,6.673684e+00,-1.744258e-05,2.046551e-05,0.000000e+00,3.500000e-05,1.871871e-03,-1.424434e-05,-1.424434e-06,0.000000e+00,-1.424434e-06,-1.675177e-05,1.824823e-05,3.500000e-05,-2.372725e-07,-7.928446e-07
2.010000e-11,6.765517e+01,1.989066e-03,0.000000e+00,6.690478e+00,1.798357e-06,1.652482e-05,6.668601e+00,-1.682177e-05,2.076751e-05,0.000000e+00,3.500000e-05,1.990864e-03,-1.582202e-05,-1.582202e-06,0.000000e+00,-1.582202e-06,-1.657932e-05,1.842068e-05,3.500000e-05,5.449566e-08,-7.646259e-07
2.020000e-11,6.827419e+01,2.083708e-03,0.000000e+00,6.692067e+00,9.463187e-06,1.602695e-05,6.663879e+00,-1.494912e-05,2.095372e-05,0.000000e+00,3.500000e-05,2.093171e-03,-1.587923e-05,-1.587923e-06,0.000000e+00,-1.587923e-06,-1.631371e-05,1.868629e-05,3.500000e-05,2.867632e-07,-6.795053e-07
2.030000e-11,6.891020e+01,2.121058e-03,0.000000e+00,6.695606e+00,1.485557e-05,1.554440e-05,6.659834e+00,-1.219493e-05,2.102549e-05,0.000000e+00,3.500000e-05,2.135914e-03,-1.465743e-05,-1.465743e-06,0.000000e+00,-1.465743e-06,-1.599457e-05,1.900543e-05,3.500000e-05,4.501687e-07,-5.543150e-07
2.040000e-11,6.954368e+01,2.080680e-03,0.000000e+00,6.700416e+00,1.792165e-05,1.511607e-05,6.656674e+00,-8.944218e-06,2.099464e-05,0.000000e+00,3.500000e-05,2.098601e-03,-1.247233e-05,-1.247233e-06,0.000000e+00,-1.247233e-06,-1.565915e-05,1.934085e-05,3.500000e-05,5.430803e-07,-4.065553e-07
2.050000e-11,7.015453e+01,1.973091e-03,0.000000e+00,6.705832e+00,1.882151e-05,1.476915e-05,6.654495e+00,-5.559375e-06,2.088038e-05,0.000000e+00,3.500000e-05,1.991912e-03,-9.671727e-06,-9.671727e-07,0.000000e+00,-9.671727e-07,-1.533950e-05,1.966050e-05,3.500000e-05,5.703486e-07,-2.526989e-07
2.060000e-11,7.072908e+01,1.831179e-03,0.000000e+00,6.711258e+00,1.787613e-05,1.451880e-05,6.653292e+00,-2.351629e-06,2.070622e-05,0.000000e+00,3.500000e-05,1.849056e-03,-6.598282e-06,-6.598282e-07,0.000000e+00,-6.598282e-07,-1.506050e-05,1.993950e-05,3.500000e-05,5.417009e-07,-1.068922e-07
2.070000e-11,7.126371e+01,1.693792e-03,0.000000e+00,6.716209e+00,1.550971e-05,1.436902e-05,6.652980e+00,4.377536e-07,2.049705e-05,0.000000e+00,3.500000e-05,1.709302e-03,-3.559542e-06,-3.559542e-07,0.000000e+00,-3.559542e-07,-1.483901e-05,2.016099e-05,3.500000e-05,4.699912e-07,1.989789e-08
2.080000e-11,7.176460e+01,1.592941e-03,0.000000e+00,6.720329e+00,1.219329e-05,1.431430e-05,6.653412e+00,2.646572e-06,2.027657e-05,0.000000e+00,3.500000e-05,1.605134e-03,-8.065714e-07,-8.065714e-08,0.000000e+00,-8.065714e-08,-1.468379e-05,2.031621e-05,3.500000e-05,3.694937e-07,1.202987e-07
2.090000e-11,7.224520e+01,1.548288e-03,0.000000e+00,6.723403e+00,8.394706e-06,1.434184e-05,6.654405e+00,4.192022e-06,2.006538e-05,0.000000e+00,3.500000e-05,1.556682e-03,1.478462e-06,1.478462e-07,0.000000e+00,1.478462e-07,-1.459622e-05,2.040378e-05,3.500000e-05,2.543850e-07,1.905465e-07
2.100000e-11,7.272268e+01,1.566280e-03,0.000000e+00,6.725347e+00,4.538074e-06,1.443400e-05,6.655762e+00,5.063821e-06,1.987968e-05,0.000000e+00,3.500000e-05,1.570818e-03,3.186256e-06,3.186256e-07,0.000000e+00,3.186256e-07,-1.457152e-05,2.042848e-05,3.500000e-05,1.375174e-07,2.301737e-07
2.110000e-11,7.321408e+01,1.640120e-03,0.000000e+00,6.726192e+00,9.746745e-07,1.457072e-05,6.657290e+00,5.312083e-06,1.973058e-05,0.000000e+00,3.500000e-05,1.641095e-03,4.277069e-06,4.277069e-07,0.000000e+00,4.277069e-07,-1.460026e-05,2.039974e-05,3.500000e-05,2.953559e-08,2.414583e-07
2.120000e-11,7.373219e+01,1.749115e-03,0.000000e+00,6.726062e+00,-2.034422e-06,1.473173e-05,6.658819e+00,5.031998e-06,1.962401e-05,0.000000e+00,3.500000e-05,1.747081e-03,4.771793e-06,4.771793e-07,0.000000e+00,4.771793e-07,-1.467008e-05,2.032992e-05,3.500000e-05,-6.164915e-08,2.287272e-07
2.130000e-11,7.428164e+01,1.859823e-03,0.000000e+00,6.725142e+00,-4.324632e-06,1.489833e-05,6.660209e+00,4.347305e-06,1.956119e-05,0.000000e+00,3.500000e-05,1.855499e-03,4.739215e-06,4.739215e-07,0.000000e+00,4.739215e-07,-1.476728e-05,2.023272e-05,3.500000e-05,-1.310495e-07,1.976048e-07
2.140000e-11,7.485650e+01,1.933698e-03,0.000000e+00,6.723656e+00,-5.824589e-06,1.505478e-05,6.661360e+00,3.394255e-06,1.953930e-05,0.000000e+00,3.500000e-05,1.927873e-03,4.281346e-06,4.281346e-07,0.000000e+00,4.281346e-07,-1.487828e-05,2.012172e-05,3.500000e-05,-1.765027e-07,1.542843e-07
2.150000e-11,7.544145e+01,1.941735e-03,0.000000e+00,6.721835e+00,-6.545357e-06,1.518909e-05,6.662211e+00,2.307416e-06,1.955252e-05,0.000000e+00,3.500000e-05,1.935190e-03,3.518468e-06,3.518468e-07,0.000000e+00,3.518468e-07,-1.499075e-05,2.000925e-05,3.500000e-05,-1.983441e-07,1.048826e-07
2.160000e-11,7.601674e+01,1.877399e-03,0.000000e+00,6.719898e+00,-6.564449e-06,1.529342e-05,6.662740e+00,1.208221e-06,1.959305e-05,0.000000e+00,3.500000e-05,1.870835e-03,2.575298e-06,2.575298e-07,0.000000e+00,2.575298e-07,-1.509450e-05,1.990550e-05,3.500000e-05,-1.989227e-07,5.491914e-08
2.170000e-11,7.656458e+01,1.757792e-03,0.000000e+00,6.718035e+00,-6.006960e-06,1.536400e-05,6.662956e+00,1.967665e-07,1.965216e-05,0.000000e+00,3.500000e-05,1.751785e-03,1.569287e-06,1.569287e-07,0.000000e+00,1.569287e-07,-1.518197e-05,1.981803e-05,3.500000e-05,-1.820291e-07,8.943934e-09
2.180000e-11,7.707405e+01,1.613599e-03,0.000000e+00,6.716396e+00,-5.025967e-06,1.540071e-05,6.662895e+00,-6.530204e-07,1.972110e-05,0.000000e+00,3.500000e-05,1.608573e-03,6.016936e-07,6.016936e-08,0.000000e+00,6.016936e-08,-1.524841e-05,1.975159e-05,3.500000e-05,-1.523020e-07,-2.968274e-08
2.190000e-11,7.754299e+01,1.476566e-03,0.000000e+00,6.715083e+00,-3.784028e-06,1.540644e-05,6.662613e+00,-1.295050e-06,1.979192e-05,0.000000e+00,3.500000e-05,1.472782e-03,-2.483003e-07,-2.483003e-08,0.000000e+00,-2.483003e-08,-1.529177e-05,1.970823e-05,3.500000e-05,-1.146675e-07,-5.886590e-08
2.200000e-11,7.797711e+01,1.371456e-03,0.000000e+00,6.714152e+00,-2.437197e-06,1.538628e-05,6.662172e+00,-1.710004e-06,1.985795e-05,0.000000e+00,3.500000e-05,1.369019e-03,-9.264625e-07,-9.264625e-08,0.000000e+00,-9.264625e-08,-1.531243e-05,1.968757e-05,3.500000e-05,-7.385444e-08,-7.772747e-08
2.210000e-11,7.838791e+01,1.313593e-03,0.000000e+00,6.713614e+00,-1.122484e-06,1.534668e-05,6.661640e+00,-1.902133e-06,1.991416e-05,0.000000e+00,3.500000e-05,1.312470e-03,-1.403687e-06,-1.403687e-07,0.000000e+00,-1.403687e-07,-1.531267e-05,1.968733e-05,3.500000e-05,-3.401465e-08,-8.646061e-08
2.220000e-11,7.879012e+01,1.309535e-03,0.000000e+00,6.713445e+00,5.073425e-08,1.529462e-05,6.661079e+00,-1.894574e-06,1.995735e-05,0.000000e+00,3.500000e-05,1.309586e-03,-1.673940e-06,-1.673940e-07,0.000000e+00,-1.673940e-07,-1.529616e-05,1.970384e-05,3.500000e-05,1.537401e-09,-8.611699e-08
2.230000e-11,7.919929e+01,1.358059e-03,0.000000e+00,6.713593e+00,1.005327e-06,1.523693e-05,6.660543e+00,-1.723873e-06,1.998602e-05,0.000000e+00,3.500000e-05,1.359065e-03,-1.750571e-06,-1.750571e-07,0.000000e+00,-1.750571e-07,-1.526739e-05,1.973261e-05,3.500000e-05,3.046446e-08,-7.835785e-08
2.240000e-11,7.962938e+01,1.449873e-03,0.000000e+00,6.713986e+00,1.697350e-06,1.517967e-05,6.660074e+00,-1.434331e-06,2.000025e-05,0.000000e+00,3.500000e-05,1.451570e-03,-1.661595e-06,-1.661595e-07,0.000000e+00,-1.661595e-07,-1.523111e-05,1.976889e-05,3.500000e-05,5.143484e-08,-6.519688e-08
2.250000e-11,8.009004e+01,1.566370e-03,0.000000e+00,6.714545e+00,2.113885e-06,1.512779e-05,6.659700e+00,-1.072697e-06,2.000137e-05,0.000000e+00,3.500000e-05,1.568484e-03,-1.444555e-06,-1.444555e-07,0.000000e+00,-1.444555e-07,-1.519184e-05,1.980816e-05,3.500000e-05,6.405714e-08,-4.875896e-08
2.260000e-11,8.058387e+01,1.679838e-03,0.000000e+00,6.715191e+00,2.268548e-06,1.508485e-05,6.659437e+00,-6.836060e-07,1.999163e-05,0.000000e+00,3.500000e-05,1.682107e-03,-1.141482e-06,-1.141482e-07,0.000000e+00,-1.141482e-07,-1.515359e-05,1.984641e-05,3.500000e-05,6.874387e-08,-3.107300e-08
2.270000e-11,8.110472e+01,1.758584e-03,0.000000e+00,6.715851e+00,2.195463e-06,1.505298e-05,6.659287e+00,-3.060355e-07,1.997384e-05,0.000000e+00,3.500000e-05,1.760779e-03,-7.943791e-07,-7.943791e-08,0.000000e+00,-7.943791e-08,-1.511951e-05,1.988049e-05,3.500000e-05,6.652919e-08,-1.391071e-08
2.280000e-11,8.163841e+01,1.777527e-03,0.000000e+00,6.716464e+00,1.942542e-06,1.503298e-05,6.659243e+00,2.909764e-08,1.995099e-05,0.000000e+00,3.500000e-05,1.779470e-03,-4.415275e-07,-4.415275e-08,0.000000e+00,-4.415275e-08,-1.509184e-05,1.990816e-05,3.500000e-05,5.886491e-08,1.322620e-09
2.290000e-11,8.216644e+01,1.728501e-03,0.000000e+00,6.716986e+00,1.564761e-06,1.502442e-05,6.659289e+00,3.001968e-07,1.992600e-05,0.000000e+00,3.500000e-05,1.730066e-03,-1.147942e-07,-1.147942e-08,0.000000e+00,-1.147942e-08,-1.507184e-05,1.992816e-05,3.500000e-05,4.741700e-08,1.364531e-08
2.300000e-11,8.267116e+01,1.622651e-03,0.000000e+00,6.717386e+00,1.118050e-06,1.502598e-05,6.659405e+00,4.951939e-07,1.990143e-05,0.000000e+00,3.500000e-05,1.623769e-03,1.620100e-07,1.620100e-08,0.000000e+00,1.620100e-08,-1.505986e-05,1.994014e-05,3.500000e-05,3.388032e-08,2.250881e-08
2.310000e-11,8.313998e+01,1.483886e-03,0.000000e+00,6.717652e+00,6.542086e-07,1.503567e-05,6.659567e+00,6.108820e-07,1.987936e-05,0.000000e+00,3.500000e-05,1.484541e-03,3.737634e-07,3.737634e-08,0.000000e+00,3.737634e-08,-1.505550e-05,1.994450e-05,3.500000e-05,1.982450e-08,2.776736e-08
2.320000e-11,8.356751e+01,1.339056e-03,0.000000e+00,6.717785e+00,2.171081e-07,1.505117e-05,6.659753e+00,6.515886e-07,1.986126e-05,0.000000e+00,3.500000e-05,1.339273e-03,5.137869e-07,5.137869e-08,0.000000e+00,5.137869e-08,-1.505775e-05,1.994225e-05,3.500000e-05,6.579034e-09,2.961767e-08
2.330000e-11,8.395526e+01,1.210676e-03,0.000000e+00,6.717796e+00,-1.597117e-07,1.507005e-05,6.659943e+00,6.274283e-07,1.984798e-05,0.000000e+00,3.500000e-05,1.210516e-03,5.828996e-07,5.828996e-08,0.000000e+00,5.828996e-08,-1.506521e-05,1.993479e-05,3.500000e-05,-4.839749e-09,2.851947e-08
2.340000e-11,8.431020e+01,1.114129e-03,0.000000e+00,6.717708e+00,-4.541076e-07,1.509003e-05,6.660117e+00,5.523627e-07,1.983982e-05,0.000000e+00,3.500000e-05,1.113675e-03,5.879863e-07,5.879863e-08,0.000000e+00,5.879863e-08,-1.507627e-05,1.992373e-05,3.500000e-05,-1.376084e-08,2.510739e-08
2.350000e-11,8.464286e+01,1.058118e-03,0.000000e+00,6.717546e+00,-6.552018e-07,1.510917e-05,6.660265e+00,4.422765e-07,1.983655e-05,0.000000e+00,3.500000e-05,1.057462e-03,5.402915e-07,5.402915e-08,0.000000e+00,5.402915e-08,-1.508932e-05,1.991068e-05,3.500000e-05,-1.985460e-08,2.010348e-08
2.360000e-11,8.496569e+01,1.046305e-03,0.000000e+00,6.717338e+00,-7.622870e-07,1.512594e-05,6.660378e+00,3.132339e-07,1.983756e-05,0.000000e+00,3.500000e-05,1.045543e-03,4.536413e-07,4.536413e-08,0.000000e+00,4.536413e-08,-1.510284e-05,1.989716e-05,3.500000e-05,-2.309961e-08,1.423790e-08
2.370000e-11,8.529179e+01,1.078598e-03,0.000000e+00,6.717110e+00,-7.830392e-07,1.513928e-05,6.660452e+00,1.800364e-07,1.984199e-05,0.000000e+00,3.500000e-05,1.077815e-03,3.427604e-07,3.427604e-08,0.000000e+00,3.427604e-08,-1.511555e-05,1.988445e-05,3.500000e-05,-2.372846e-08,8.183475e-09
2.380000e-11,8.563371e+01,1.151291e-03,0.000000e+00,6.716886e+00,-7.313196e-07,1.514866e-05,6.660488e+00,5.515449e-08,1.984882e-05,0.000000e+00,3.500000e-05,1.150560e-03,2.218177e-07,2.218177e-08,0.000000e+00,2.218177e-08,-1.512650e-05,1.987350e-05,3.500000e-05,-2.216120e-08,2.507022e-09
2.390000e-11,8.600211e+01,1.255984e-03,0.000000e+00,6.716684e+00,-6.248338e-07,1.515396e-05,6.660489e+00,-5.194301e-08,1.985701e-05,0.000000e+00,3.500000e-05,1.255359e-03,1.032838e-07,1.032838e-08,0.000000e+00,1.032838e-08,-1.513503e-05,1.986497e-05,3.500000e-05,-1.893436e-08,-2.361046e-09
2.400000e-11,8.640403e+01,1.377913e-03,0.000000e+00,6.716519e+00,-4.828787e-07,1.515547e-05,6.660463e+00,-1.350730e-07,1.986559e-05,0.000000e+00,3.500000e-05,1.377430e-03,-2.853565e-09,-2.853565e-10,0.000000e+00,-2.853565e-10,-1.514084e-05,1.985916e-05,3.500000e-05,-1.463269e-08,-6.139683e-09
2.410000e-11,8.684093e+01,1.495421e-03,0.000000e+00,6.716399e+00,-3.243592e-07,1.515374e-05,6.660415e+00,-1.912832e-07,1.987374e-05,0.000000e+00,3.500000e-05,1.495097e-03,-8.951447e-08,-8.951447e-09,0.000000e+00,-8.951447e-09,-1.514391e-05,1.985609e-05,3.500000e-05,-9.829067e-09,-8.694690e-09
2.420000e-11,8.730721e+01,1.582938e-03,0.000000e+00,6.716325e+00,-1.661995e-07,1.514950e-05,6.660354e+00,-2.205231e-07,1.988082e-05,0.000000e+00,3.500000e-05,1.582772e-03,-1.526188e-07,-1.526188e-08,0.000000e+00,-1.526188e-08,-1.514447e-05,1.985553e-05,3.500000e-05,-5.036348e-09,-1.002378e-08
2.430000e-11,8.779045e+01,1.618272e-03,0.000000e+00,6.716296e+00,-2.221680e-08,1.514360e-05,6.660288e+00,-2.251209e-07,1.988640e-05,0.000000e+00,3.500000e-05,1.618250e-03,-1.908984e-07,-1.908984e-08,0.000000e+00,-1.908984e-08,-1.514292e-05,1.985708e-05,3.500000e-05,-6.732364e-10,-1.023277e-08
2.440000e-11,8.827381e+01,1.590927e-03,0.000000e+00,6.716306e+00,9.752723e-08,1.513684e-05,6.660224e+00,-2.091463e-07,1.989026e-05,0.000000e+00,3.500000e-05,1.591024e-03,-2.054971e-07,-2.054971e-08,0.000000e+00,-2.054971e-08,-1.513980e-05,1.986020e-05,3.500000e-05,2.955371e-09,-9.506650e-09
2.450000e-11,8.873996e+01,1.505821e-03,0.000000e+00,6.716347e+00,1.869277e-07,1.512998e-05,6.660167e+00,-1.777364e-07,1.989238e-05,0.000000e+00,3.500000e-05,1.506008e-03,-1.994312e-07,-1.994312e-08,0.000000e+00,-1.994312e-08,-1.513564e-05,1.986436e-05,3.500000e-05,5.664476e-09,-8.078928e-09
2.460000e-11,8.917489e+01,1.380041e-03,0.000000e+00,6.716410e+00,2.436534e-07,1.512364e-05,6.660120e+00,-1.364507e-07,1.989288e-05,0.000000e+00,3.500000e-05,1.380285e-03,-1.769842e-07,-1.769842e-08,0.000000e+00,-1.769842e-08,-1.513102e-05,1.986898e-05,3.500000e-05,7.383437e-09,-6.202304e-09
2.470000e-11,8.957016e+01,1.235579e-03,0.000000e+00,6.716486e+00,2.686657e-07,1.511827e-05,6.660086e+00,-9.070581e-08,1.989202e-05,0.000000e+00,3.500000e-05,1.235847e-03,-1.431001e-07,-1.431001e-08,0.000000e+00,-1.431001e-08,-1.512641e-05,1.987359e-05,3.500000e-05,8.141384e-09,-4.122992e-09
2.480000e-11,8.992326e+01,1.092678e-03,0.000000e+00,6.716564e+00,2.655353e-07,1.511418e-05,6.660065e+00,-4.532596e-08,1.989011e-05,0.000000e+00,3.500000e-05,1.092943e-03,-1.028292e-07,-1.028292e-08,0.000000e+00,-1.028292e-08,-1.512223e-05,1.987777e-05,3.500000e-05,8.046523e-09,-2.060271e-09
2.490000e-11,9.023671e+01,9.663348e-04,0.000000e+00,6.716639e+00,2.396546e-07,1.511149e-05,6.660058e+00,-4.226841e-09,1.988752e-05,0.000000e+00,3.500000e-05,9.665745e-04,-6.086521e-08,-6.086521e-09,0.000000e+00,-6.086521e-09,-1.511876e-05,1.988124e-05,3.500000e-05,7.262262e-09,-1.921291e-10
2.500000e-11,9.051658e+01,8.658303e-04,0.000000e+00,6.716704e+00,1.974332e-07,1.511019e-05,6.660061e+00,2.976312e-08,1.988460e-05,0.000000e+00,3.500000e-05,8.660277e-04,-2.119776e-08,-2.119776e-09,0.000000e+00,-2.119776e-09,-1.511617e-05,1.988383e-05,3.500000e-05,5.982825e-09,1.352869e-09
2.510000e-11,9.077111e+01,7.959504e-04,0.000000e+00,6.716755e+00,1.455496e-07,1.511012e-05,6.660074e+00,5.495354e-08,1.988166e-05,0.000000e+00,3.500000e-05,7.960959e-04,1.310994e-08,1.310994e-09,0.000000e+00,1.310994e-09,-1.511453e-05,1.988547e-05,3.500000e-05,4.410594e-09,2.497888e-09
2.520000e-11,9.100963e+01,7.586284e-04,0.000000e+00,6.716791e+00,9.031641e-08,1.511108e-05,6.660092e+00,7.073368e-08,1.987896e-05,0.000000e+00,3.500000e-05,7.587187e-04,4.002175e-08,4.002175e-09,0.000000e+00,4.002175e-09,-1.511382e-05,1.988618e-05,3.500000e-05,2.736861e-09,3.215167e-09
2.530000e-11,9.124192e+01,7.542668e-04,0.000000e+00,6.716810e+00,3.719252e-08,1.511280e-05,6.660114e+00,7.742987e-08,1.987670e-05,0.000000e+00,3.500000e-05,7.543040e-04,5.852075e-08,5.852075e-09,0.000000e+00,5.852075e-09,-1.511393e-05,1.988607e-05,3.500000e-05,1.127046e-09,3.519539e-09
2.540000e-11,9.147786e+01,7.824542e-04,0.000000e+00,6.716815e+00,-9.540957e-09,1.511498e-05,6.660136e+00,7.610649e-08,1.987500e-05,0.000000e+00,3.500000e-05,7.824447e-04,6.851332e-08,6.851332e-09,0.000000e+00,6.851332e-09,-1.511469e-05,1.988531e-05,3.500000e-05,-2.891199e-10,3.459386e-09
2.550000e-11,9.172707e+01,8.420058e-04,0.000000e+00,6.716807e+00,-4.694235e-08,1.511735e-05,6.660158e+00,6.833840e-08,1.987390e-05,0.000000e+00,3.500000e-05,8.419589e-04,7.066952e-08,7.066952e-09,0.000000e+00,7.066952e-09,-1.511593e-05,1.988407e-05,3.500000e-05,-1.422496e-09,3.106291e-09
2.560000e-11,9.199859e+01,9.303108e-04,0.000000e+00,6.716789e+00,-7.342419e-08,1.511967e-05,6.660176e+00,5.597986e-08,1.987339e-05,0.000000e+00,3.500000e-05,9.302373e-04,6.622545e-08,6.622545e-09,0.000000e+00,6.622545e-09,-1.511745e-05,1.988255e-05,3.500000e-05,-2.224975e-09,2.544539e-09
2.570000e-11,9.230018e+01,1.042035e-03,0.000000e+00,6.716765e+00,-8.864633e-08,1.512174e-05,6.660191e+00,4.095097e-08,1.987341e-05,0.000000e+00,3.500000e-05,1.041947e-03,5.677186e-08,5.677186e-09,0.000000e+00,5.677186e-09,-1.511906e-05,1.988094e-05,3.500000e-05,-2.686252e-09,1.861408e-09
2.580000e-11,9.263721e+01,1.167489e-03,0.000000e+00,6.716738e+00,-9.331908e-08,1.512343e-05,6.660201e+00,2.505709e-08,1.987385e-05,0.000000e+00,3.500000e-05,1.167396e-03,4.405003e-08,4.405003e-09,0.000000e+00,4.405003e-09,-1.512060e-05,1.987940e-05,3.500000e-05,-2.827851e-09,1.138959e-09
2.590000e-11,9.301117e+01,1.291536e-03,0.000000e+00,6.716711e+00,-8.894984e-08,1.512466e-05,6.660206e+00,9.851256e-09,1.987462e-05,0.000000e+00,3.500000e-05,1.291447e-03,2.977150e-08,2.977150e-09,0.000000e+00,2.977150e-09,-1.512196e-05,1.987804e-05,3.500000e-05,-2.695450e-09,4.477844e-10
2.600000e-11,9.341832e+01,1.394563e-03,0.000000e+00,6.716687e+00,-7.756586e-08,1.512539e-05,6.660207e+00,-3.456318e-09,1.987557e-05,0.000000e+00,3.500000e-05,1.394485e-03,1.547327e-08,1.547327e-09,0.000000e+00,1.547327e-09,-1.512304e-05,1.987696e-05,3.500000e-05,-2.350481e-09,-1.571054e-10
2.610000e-11,9.384912e+01,1.456663e-03,0.000000e+00,6.716666e+00,-6.144177e-08,1.512567e-05,6.660205e+00,-1.404214e-08,1.987659e-05,0.000000e+00,3.500000e-05,1.456601e-03,2.414572e-09,2.414572e-10,0.000000e+00,2.414572e-10,-1.512381e-05,1.987619e-05,3.500000e-05,-1.861872e-09,-6.382790e-10
2.620000e-11,9.428928e+01,1.464037e-03,0.000000e+00,6.716650e+00,-4.285486e-08,1.512555e-05,6.660199e+00,-2.147142e-08,1.987758e-05,0.000000e+00,3.500000e-05,1.463994e-03,-8.483173e-09,-8.483173e-10,0.000000e+00,-8.483173e-10,-1.512425e-05,1.987575e-05,3.500000e-05,-1.298632e-09,-9.759736e-10
2.630000e-11,9.472244e+01,1.414036e-03,0.000000e+00,6.716640e+00,-2.388469e-08,1.512510e-05,6.660192e+00,-2.566559e-08,1.987845e-05,0.000000e+00,3.500000e-05,1.414012e-03,-1.665582e-08,-1.665582e-09,0.000000e+00,-1.665582e-09,-1.512438e-05,1.987562e-05,3.500000e-05,-7.237786e-10,-1.166618e-09
2.640000e-11,9.513332e+01,1.315558e-03,0.000000e+00,6.716636e+00,-6.266443e-09,1.512444e-05,6.660185e+00,-2.684442e-08,1.987916e-05,0.000000e+00,3.500000e-05,1.315552e-03,-2.188109e-08,-2.188109e-09,0.000000e+00,-2.188109e-09,-1.512425e-05,1.987575e-05,3.500000e-05,-1.898922e-10,-1.220201e-09
2.650000e-11,9.551030e+01,1.184885e-03,0.000000e+00,6.716636e+00,8.698848e-09,1.512365e-05,6.660177e+00,-2.545248e-08,1.987967e-05,0.000000e+00,3.500000e-05,1.184893e-03,-2.423589e-08,-2.423589e-09,0.000000e+00,-2.423589e-09,-1.512391e-05,1.987609e-05,3.500000e-05,2.636015e-10,-1.156931e-09
2.660000e-11,9.584662e+01,1.039935e-03,0.000000e+00,6.716640e+00,2.017958e-08,1.512283e-05,6.660170e+00,-2.207927e-08,1.987997e-05,0.000000e+00,3.500000e-05,1.039955e-03,-2.403521e-08,-2.403521e-09,0.000000e+00,-2.403521e-09,-1.512344e-05,1.987656e-05,3.500000e-05,6.115023e-10,-1.003603e-09
2.670000e-11,9.614021e+01,8.958827e-04,0.000000e+00,6.716647e+00,2.780126e-08,1.512205e-05,6.660164e+00,-1.738105e-08,1.988007e-05,0.000000e+00,3.500000e-05,8.959105e-04,-2.176116e-08,-2.176116e-09,0.000000e+00,-2.176116e-09,-1.512290e-05,1.987710e-05,3.500000e-05,8.424624e-10,-7.900479e-10
2.680000e-11,9.639268e+01,7.632378e-04,0.000000e+00,6.716656e+00,3.159630e-08,1.512139e-05,6.660160e+00,-1.201117e-08,1.988000e-05,0.000000e+00,3.500000e-05,7.632694e-04,-1.799025e-08,-1.799025e-09,0.000000e+00,-1.799025e-09,-1.512234e-05,1.987766e-05,3.500000e-05,9.574637e-10,-5.459621e-10
2.690000e-11,9.660808e+01,6.479407e-04,0.000000e+00,6.716665e+00,3.192720e-08,1.512086e-05,6.660157e+00,-6.563136e-09,1.987980e-05,0.000000e+00,3.500000e-05,6.479726e-04,-1.332563e-08,-1.332563e-09,0.000000e+00,-1.332563e-09,-1.512183e-05,1.987817e-05,3.500000e-05,9.674909e-10,-2.983244e-10
2.700000e-11,9.679180e+01,5.524577e-04,0.000000e+00,6.716674e+00,2.939469e-08,1.512051e-05,6.660156e+00,-1.529464e-09,1.987951e-05,0.000000e+00,3.500000e-05,5.524871e-04,-8.339260e-09,-8.339260e-10,0.000000e+00,-8.339260e-10,-1.512140e-05,1.987860e-05,3.500000e-05,8.907482e-10,-6.952111e-11
2.710000e-11,9.694968e+01,4.770732e-04,0.000000e+00,6.716682e+00,2.474170e-08,1.512031e-05,6.660156e+00,2.723256e-09,1.987916e-05,0.000000e+00,3.500000e-05,4.770979e-04,-3.527399e-09,-3.527399e-10,0.000000e+00,-3.527399e-10,-1.512106e-05,1.987894e-05,3.500000e-05,7.497485e-10,1.237844e-10
2.720000e-11,9.708758e+01,4.209613e-04,0.000000e+00,6.716689e+00,1.876226e-08,1.512028e-05,6.660157e+00,5.963640e-09,1.987881e-05,0.000000e+00,3.500000e-05,4.209800e-04,7.192366e-10,7.192366e-11,0.000000e+00,7.192366e-11,-1.512084e-05,1.987916e-05,3.500000e-05,5.685534e-10,2.710745e-10
2.730000e-11,9.721111e+01,3.829304e-04,0.000000e+00,6.716694e+00,1.222252e-08,1.512037e-05,6.660159e+00,8.091243e-09,1.987848e-05,0.000000e+00,3.500000e-05,3.829426e-04,4.130581e-09,4.130581e-10,0.000000e+00,4.130581e-10,-1.512074e-05,1.987926e-05,3.500000e-05,3.703794e-10,3.677838e-10
2.740000e-11,9.732560e+01,3.618769e-04,0.000000e+00,6.716696e+00,5.798525e-09,1.512055e-05,6.660162e+00,9.121581e-09,1.987820e-05,0.000000e+00,3.500000e-05,3.618827e-04,6.558996e-09,6.558996e-10,0.000000e+00,6.558996e-10,-1.512073e-05,1.987927e-05,3.500000e-05,1.757129e-10,4.146173e-10
2.750000e-11,9.743608e+01,3.570320e-04,0.000000e+00,6.716697e+00,3.325677e-11,1.512080e-05,6.660164e+00,9.163683e-09,1.987798e-05,0.000000e+00,3.500000e-05,3.570320e-04,7.969980e-09,7.969980e-10,0.000000e+00,7.969980e-10,-1.512080e-05,1.987920e-05,3.500000e-05,1.007781e-12,4.165311e-10
2.760000e-11,9.754747e+01,3.680722e-04,0.000000e+00,6.716697e+00,-4.686851e-09,1.512108e-05,6.660167e+00,8.393523e-09,1.987784e-05,0.000000e+00,3.500000e-05,3.680675e-04,8.424632e-09,8.424632e-10,0.000000e+00,8.424632e-10,-1.512094e-05,1.987906e-05,3.500000e-05,-1.420258e-10,3.815238e-10
2.770000e-11,9.766464e+01,3.951365e-04,0.000000e+00,6.716695e+00,-8.137382e-09,1.512136e-05,6.660169e+00,7.026394e-09,1.987776e-05,0.000000e+00,3.500000e-05,3.951283e-04,8.056904e-09,8.056904e-10,0.000000e+00,8.056904e-10,-1.512111e-05,1.987889e-05,3.500000e-05,-2.465873e-10,3.193815e-10
2.780000e-11,9.779258e+01,4.387630e-04,0.000000e+00,6.716692e+00,-1.024619e-08,1.512162e-05,6.660171e+00,5.290863e-09,1.987775e-05,0.000000e+00,3.500000e-05,4.387528e-04,7.048596e-09,7.048596e-10,0.000000e+00,7.048596e-10,-1.512131e-05,1.987869e-05,3.500000e-05,-3.104905e-10,2.404938e-10
2.790000e-11,9.793645e+01,4.997240e-04,0.000000e+00,6.716689e+00,-1.107203e-08,1.512183e-05,6.660172e+00,3.406288e-09,1.987779e-05,0.000000e+00,3.500000e-05,4.997129e-04,5.604702e-09,5.604702e-10,0.000000e+00,5.604702e-10,-1.512149e-05,1.987851e-05,3.500000e-05,-3.355161e-10,1.548313e-10
2.800000e-11,9.810164e+01,5.787059e-04,0.000000e+00,6.716686e+00,-1.077564e-08,1.512199e-05,6.660173e+00,1.565232e-09,1.987788e-05,0.000000e+00,3.500000e-05,5.786951e-04,3.931186e-09,3.931186e-10,0.000000e+00,3.931186e-10,-1.512166e-05,1.987834e-05,3.500000e-05,-3.265346e-10,7.114692e-11
2.810000e-11,9.829359e+01,6.757542e-04,0.000000e+00,6.716683e+00,-9.587059e-09,1.512209e-05,6.660173e+00,-7.856972e-11,1.987798e-05,0.000000e+00,3.500000e-05,6.757446e-04,2.216733e-09,2.216733e-10,0.000000e+00,2.216733e-10,-1.512180e-05,1.987820e-05,3.500000e-05,-2.905170e-10,-3.571351e-12
2.820000e-11,9.851748e+01,7.893996e-04,0.000000e+00,6.716680e+00,-7.772834e-09,1.512213e-05,6.660173e+00,-1.416651e-09,1.987811e-05,0.000000e+00,3.500000e-05,7.893918e-04,6.193146e-10,6.193146e-11,0.000000e+00,6.193146e-11,-1.512190e-05,1.987810e-05,3.500000e-05,-2.355404e-10,-6.439323e-11
2.830000e-11,9.877756e+01,9.154722e-04,0.000000e+00,6.716678e+00,-5.605989e-09,1.512213e-05,6.660173e+00,-2.387107e-09,1.987823e-05,0.000000e+00,3.500000e-05,9.154666e-04,-7.420905e-10,-7.420905e-11,0.000000e+00,-7.420905e-11,-1.512196e-05,1.987804e-05,3.500000e-05,-1.698785e-10,-1.085048e-10
2.840000e-11,9.907611e+01,1.045865e-03,0.000000e+00,6.716677e+00,-3.340876e-09,1.512208e-05,6.660172e+00,-2.971562e-09,1.987833e-05,0.000000e+00,3.500000e-05,1.045862e-03,-1.790856e-09,-1.790856e-10,0.000000e+00,-1.790856e-10,-1.512198e-05,1.987802e-05,3.500000e-05,-1.012387e-10,-1.350710e-10
2.850000e-11,9.941222e+01,1.167961e-03,0.000000e+00,6.716676e+00,-1.194232e-09,1.512201e-05,6.660171e+00,-3.188876e-09,1.987842e-05,0.000000e+00,3.500000e-05,1.167960e-03,-2.491737e-09,-2.491737e-10,0.000000e+00,-2.491737e-10,-1.512197e-05,1.987803e-05,3.500000e-05,-3.618883e-11,-1.449489e-10
2.860000e-11,9.978066e+01,1.265780e-03,0.000000e+00,6.716676e+00,6.670096e-10,1.512192e-05,6.660170e+00,-3.086710e-09,1.987849e-05,0.000000e+00,3.500000e-05,1.265781e-03,-2.846438e-09,-2.846438e-10,0.000000e+00,-2.846438e-10,-1.512194e-05,1.987806e-05,3.500000e-05,2.021241e-11,-1.403050e-10
2.870000e-11,1.001716e+02,1.323498e-03,0.000000e+00,6.716676e+00,2.131319e-09,1.512182e-05,6.660169e+00,-2.732114e-09,1.987853e-05,0.000000e+00,3.500000e-05,1.323500e-03,-2.886750e-09,-2.886750e-10,0.000000e+00,-2.886750e-10,-1.512188e-05,1.987812e-05,3.500000e-05,6.458541e-11,-1.241870e-10
2.880000e-11,1.005714e+02,1.330378e-03,0.000000e+00,6.716677e+00,3.142292e-09,1.512172e-05,6.660168e+00,-2.202112e-09,1.987855e-05,0.000000e+00,3.500000e-05,1.330381e-03,-2.666287e-09,-2.666287e-10,0.000000e+00,-2.666287e-10,-1.512182e-05,1.987818e-05,3.500000e-05,9.522098e-11,-1.000960e-10
2.890000e-11,1.009648e+02,1.284510e-03,0.000000e+00,6.716678e+00,3.693584e-09,1.512164e-05,6.660168e+00,-1.575123e-09,1.987854e-05,0.000000e+00,3.500000e-05,1.284513e-03,-2.251812e-09,-2.251812e-10,0.000000e+00,-2.251812e-10,-1.512175e-05,1.987825e-05,3.500000e-05,1.119268e-10,-7.159649e-11
2.900000e-11,1.013377e+02,1.193099e-03,0.000000e+00,6.716679e+00,3.820359e-09,1.512158e-05,6.660167e+00,-9.238276e-10,1.987852e-05,0.000000e+00,3.500000e-05,1.193103e-03,-1.714985e-09,-1.714985e-10,0.000000e+00,-1.714985e-10,-1.512169e-05,1.987831e-05,3.500000e-05,1.157685e-10,-4.199216e-11
2.910000e-11,1.016786e+02,1.069352e-03,0.000000e+00,6.716680e+00,3.588664e-09,1.512153e-05,6.660167e+00,-3.098271e-10,1.987849e-05,0.000000e+00,3.500000e-05,1.069355e-03,-1.125182e-09,-1.125182e-10,0.000000e+00,-1.125182e-10,-1.512164e-05,1.987836e-05,3.500000e-05,1.087474e-10,-1.408305e-11
2.920000e-11,1.019802e+02,9.280397e-04,0.000000e+00,6.716681e+00,3.084009e-09,1.512150e-05,6.660167e+00,2.197507e-10,1.987845e-05,0.000000e+00,3.500000e-05,9.280427e-04,-5.438154e-10,-5.438154e-11,0.000000e+00,-5.438154e-11,-1.512160e-05,1.987840e-05,3.500000e-05,9.345482e-11,9.988669e-12
2.930000e-11,1.022391e+02,7.819301e-04,0.000000e+00,6.716682e+00,2.400326e-09,1.512149e-05,6.660167e+00,6.337577e-10,1.987841e-05,0.000000e+00,3.500000e-05,7.819325e-04,-2.039542e-11,-2.039542e-12,0.000000e+00,-2.039542e-12,-1.512157e-05,1.987843e-05,3.500000e-05,7.273714e-11,2.880717e-11
2.940000e-11,1.024551e+02,6.400188e-04,0.000000e+00,6.716683e+00,1.630188e-09,1.512150e-05,6.660168e+00,9.168553e-10,1.987837e-05,0.000000e+00,3.500000e-05,6.400204e-04,4.096575e-10,4.096575e-11,0.000000e+00,4.096575e-11,-1.512155e-05,1.987845e-05,3.500000e-05,4.939963e-11,4.167524e-11
2.950000e-11,1.026299e+02,5.073623e-04,0.000000e+00,6.716683e+00,8.569290e-10,1.512152e-05,6.660168e+00,1.067987e-09,1.987833e-05,0.000000e+00,3.500000e-05,5.073632e-04,7.255595e-10,7.255595e-11,0.000000e+00,7.255595e-11,-1.512155e-05,1.987845e-05,3.500000e-05,2.596755e-11,4.854486e-11
2.960000e-11,1.027663e+02,3.857969e-04,0.000000e+00,6.716683e+00,1.490084e-10,1.512155e-05,6.660168e+00,1.097875e-09,1.987830e-05,0.000000e+00,3.500000e-05,3.857971e-04,9.203273e-10,9.203273e-11,0.000000e+00,9.203273e-11,-1.512155e-05,1.987845e-05,3.500000e-05,4.515405e-12,4.990340e-11
2.970000e-11,1.028674e+02,2.749109e-04,0.000000e+00,6.716683e+00,-4.432980e-10,1.512158e-05,6.660168e+00,1.025936e-09,1.987828e-05,0.000000e+00,3.500000e-05,2.749105e-04,9.988825e-10,9.988825e-11,0.000000e+00,9.988825e-11,-1.512157e-05,1.987843e-05,3.500000e-05,-1.343327e-11,4.663347e-11
2.980000e-11,1.029362e+02,1.729058e-04,0.000000e+00,6.716683e+00,-8.890046e-10,1.512162e-05,6.660169e+00,8.769997e-10,1.987827e-05,0.000000e+00,3.500000e-05,1.729049e-04,9.754553e-10,9.754553e-11,0.000000e+00,9.754553e-11,-1.512159e-05,1.987841e-05,3.500000e-05,-2.693953e-11,3.986362e-11
2.990000e-11,1.029747e+02,7.722080e-05,0.000000e+00,6.716683e+00,-1.175630e-09,1.512165e-05,6.660169e+00,6.781393e-10,1.987827e-05,0.000000e+00,3.500000e-05,7.721963e-05,8.706427e-10,8.706427e-11,0.000000e+00,8.706427e-11,-1.512161e-05,1.987839e-05,3.500000e-05,-3.562516e-11,3.082451e-11
3.000000e-11,1.029845e+02,-1.506577e-05,0.000000e+00,6.716682e+00,-1.306930e-09,1.512167e-05,6.660169e+00,4.558908e-10,1.987827e-05,0.000000e+00,3.500000e-05,-1.506708e-05,7.084429e-10,7.084429e-11,0.000000e+00,7.084429e-11,-1.512163e-05,1.987837e-05,3.500000e-05,-3.960394e-11,2.072231e-11
3.010000e-11,1.029661e+02,-1.069930e-04,0.000000e+00,6.716682e+00,-1.299613e-09,1.512169e-05,6.660169e+00,2.340194e-10,1.987828e-05,0.000000e+00,3.500000e-05,-1.069943e-04,5.135296e-10,5.135296e-11,0.000000e+00,5.135296e-11,-1.512165e-05,1.987835e-05,3.500000e-05,-3.938222e-11,1.063724e-11
3.020000e-11,1.029192e+02,-2.015506e-04,0.000000e+00,6.716682e+00,-1.179523e-09,1.512171e-05,6.660169e+00,3.193648e-11,1.987830e-05,0.000000e+00,3.500000e-05,-2.015518e-04,3.089632e-10,3.089632e-11,0.000000e+00,3.089632e-11,-1.512167e-05,1.987833e-05,3.500000e-05,-3.574311e-11,1.451658e-12
3.030000e-11,1.028424e+02,-3.015095e-04,0.000000e+00,6.716681e+00,-9.777038e-10,1.512171e-05,6.660169e+00,-1.362127e-10,1.987831e-05,0.000000e+00,3.500000e-05,-3.015105e-04,1.144594e-10,1.144595e-11,0.000000e+00,1.144595e-11,-1.512168e-05,1.987832e-05,3.500000e-05,-2.962739e-11,-6.191486e-12
3.040000e-11,1.027340e+02,-4.091677e-04,0.000000e+00,6.716681e+00,-7.267338e-10,1.512171e-05,6.660169e+00,-2.618338e-10,1.987832e-05,0.000000e+00,3.500000e-05,-4.091684e-04,-5.473390e-11,-5.473390e-12,0.000000e+00,-5.473390e-12,-1.512169e-05,1.987831e-05,3.500000e-05,-2.202224e-11,-1.190154e-11
3.050000e-11,1.025913e+02,-5.259290e-04,0.000000e+00,6.716681e+00,-4.575831e-10,1.512171e-05,6.660169e+00,-3.416290e-10,1.987834e-05,0.000000e+00,3.500000e-05,-5.259294e-04,-1.883632e-10,-1.883632e-11,0.000000e+00,-1.883632e-11,-1.512170e-05,1.987830e-05,3.500000e-05,-1.386616e-11,-1.552859e-11
3.060000e-11,1.024117e+02,-6.516446e-04,0.000000e+00,6.716681e+00,-1.971879e-10,1.512170e-05,6.660169e+00,-3.769233e-10,1.987835e-05,0.000000e+00,3.500000e-05,-6.516448e-04,-2.811613e-10,-2.811613e-11,0.000000e+00,-2.811613e-11,-1.512170e-05,1.987830e-05,3.500000e-05,-5.975391e-12,-1.713288e-11
3.070000e-11,1.021931e+02,-7.837226e-04,0.000000e+00,6.716681e+00,3.318119e-11,1.512169e-05,6.660169e+00,-3.727080e-10,1.987836e-05,0.000000e+00,3.500000e-05,-7.837226e-04,-3.324036e-10,-3.324036e-11,0.000000e+00,-3.324036e-11,-1.512169e-05,1.987831e-05,3.500000e-05,1.005490e-12,-1.694127e-11
3.080000e-11,1.019346e+02,-9.161972e-04,0.000000e+00,6.716681e+00,2.187567e-10,1.512168e-05,6.660169e+00,-3.365358e-10,1.987836e-05,0.000000e+00,3.500000e-05,-9.161970e-04,-3.451458e-10,-3.451458e-11,0.000000e+00,-3.451458e-11,-1.512169e-05,1.987831e-05,3.500000e-05,6.628992e-12,-1.529708e-11
3.090000e-11,1.016380e+02,-1.039263e-03,0.000000e+00,6.716681e+00,3.513887e-10,1.512167e-05,6.660169e+00,-2.773923e-10,1.987837e-05,0.000000e+00,3.500000e-05,-1.039263e-03,-3.252682e-10,-3.252682e-11,0.000000e+00,-3.252682e-11,-1.512168e-05,1.987832e-05,3.500000e-05,1.064814e-11,-1.260874e-11
3.100000e-11,1.013081e+02,-1.140043e-03,0.000000e+00,6.716681e+00,4.290573e-10,1.512166e-05,6.660169e+00,-2.046463e-10,1.987837e-05,0.000000e+00,3.500000e-05,-1.140043e-03,-2.804464e-10,-2.804464e-11,0.000000e+00,-2.804464e-11,-1.512167e-05,1.987833e-05,3.500000e-05,1.300174e-11,-9.302104e-12
3.110000e-11,1.009541e+02,-1.205134e-03,0.000000e+00,6.716681e+00,4.549353e-10,1.512165e-05,6.660169e+00,-1.271576e-10,1.987836e-05,0.000000e+00,3.500000e-05,-1.205133e-03,-2.191502e-10,-2.191502e-11,0.000000e+00,-2.191502e-11,-1.512166e-05,1.987834e-05,3.500000e-05,1.378592e-11,-5.779890e-12
3.120000e-11,1.005880e+02,-1.224433e-03,0.000000e+00,6.716681e+00,4.361660e-10,1.512164e-05,6.660169e+00,-5.259181e-11,1.987836e-05,0.000000e+00,3.500000e-05,-1.224433e-03,-1.497564e-10,-1.497564e-11,0.000000e+00,-1.497564e-11,-1.512166e-05,1.987834e-05,3.500000e-05,1.321715e-11,-2.390537e-12
3.130000e-11,1.002240e+02,-1.194496e-03,0.000000e+00,6.716681e+00,3.825142e-10,1.512164e-05,6.660169e+00,1.303563e-11,1.987836e-05,0.000000e+00,3.500000e-05,-1.194496e-03,-7.982975e-11,-7.982975e-12,0.000000e+00,-7.982975e-12,-1.512165e-05,1.987835e-05,3.500000e-05,1.159134e-11,5.925285e-13
3.140000e-11,9.987591e+01,-1.119522e-03,0.000000e+00,6.716681e+00,3.050318e-10,1.512164e-05,6.660169e+00,6.558771e-11,1.987835e-05,0.000000e+00,3.500000e-05,-1.119522e-03,-1.560663e-11,-1.560663e-12,0.000000e+00,-1.560663e-12,-1.512165e-05,1.987835e-05,3.500000e-05,9.243388e-12,2.981259e-12
3.150000e-11,9.955537e+01,-1.009526e-03,0.000000e+00,6.716682e+00,2.148540e-10,1.512164e-05,6.660169e+00,1.028275e-10,1.987835e-05,0.000000e+00,3.500000e-05,-1.009526e-03,3.831119e-11,3.831119e-12,0.000000e+00,3.831119e-12,-1.512165e-05,1.987835e-05,3.500000e-05,6.510728e-12,4.673977e-12
3.160000e-11,9.927089e+01,-8.769336e-04,0.000000e+00,6.716682e+00,1.222064e-10,1.512164e-05,6.660169e+00,1.242691e-10,1.987834e-05,0.000000e+00,3.500000e-05,-8.769335e-04,7.906324e-11,7.906324e-12,0.000000e+00,7.906324e-12,-1.512164e-05,1.987836e-05,3.500000e-05,3.703223e-12,5.648595e-12
3.170000e-11,9.902751e+01,-7.333491e-04,0.000000e+00,6.716682e+00,3.567214e-11,1.512164e-05,6.660169e+00,1.309020e-10,1.987834e-05,0.000000e+00,3.500000e-05,-7.333490e-04,1.054651e-10,1.054651e-11,0.000000e+00,1.054651e-11,-1.512165e-05,1.987835e-05,3.500000e-05,1.080974e-12,5.950091e-12
3.180000e-11,9.882735e+01,-5.875823e-04,0.000000e+00,6.716682e+00,-3.826245e-11,1.512165e-05,6.660169e+00,1.248360e-10,1.987834e-05,0.000000e+00,3.500000e-05,-5.875823e-04,1.178074e-10,1.178074e-11,0.000000e+00,1.178074e-11,-1.512165e-05,1.987835e-05,3.500000e-05,-1.159468e-12,5.674365e-12
3.190000e-11,9.867048e+01,-4.450506e-04,0.000000e+00,6.716682e+00,-9.539661e-11,1.512165e-05,6.660169e+00,1.089124e-10,1.987833e-05,0.000000e+00,3.500000e-05,-4.450507e-04,1.175626e-10,1.175627e-11,0.000000e+00,1.175627e-11,-1.512165e-05,1.987835e-05,3.500000e-05,-2.890806e-12,4.950564e-12
3.200000e-11,9.855578e+01,-3.081194e-04,0.000000e+00,6.716682e+00,-1.337683e-10,1.512166e-05,6.660169e+00,8.632129e-11,1.987833e-05,0.000000e+00,3.500000e-05,-3.081195e-04,1.070405e-10,1.070405e-11,0.000000e+00,1.070405e-11,-1.512165e-05,1.987835e-05,3.500000e-05,-4.053585e-12,3.923695e-12
3.210000e-11,9.848172e+01,-1.768539e-04,0.000000e+00,6.716682e+00,-1.534195e-10,1.512166e-05,6.660169e+00,6.025823e-11,1.987833e-05,0.000000e+00,3.500000e-05,-1.768540e-04,8.903326e-11,8.903326e-12,0.000000e+00,8.903326e-12,-1.512165e-05,1.987835e-05,3.500000e-05,-4.649076e-12,2.739011e-12
3.220000e-11,9.844694e+01,-4.982102e-05,0.000000e+00,6.716681e+00,-1.560282e-10,1.512166e-05,6.660169e+00,3.364275e-11,1.987833e-05,0.000000e+00,3.500000e-05,-4.982117e-05,6.648265e-11,6.648265e-12,0.000000e+00,6.648265e-12,-1.512166e-05,1.987834e-05,3.500000e-05,-4.728126e-12,1.529216e-12
3.230000e-11,9.845058e+01,7.521211e-05,0.000000e+00,6.716681e+00,-1.444635e-10,1.512166e-05,6.660169e+00,8.912077e-12,1.987834e-05,0.000000e+00,3.500000e-05,7.521196e-05,4.219456e-11,4.219456e-12,0.000000e+00,4.219456e-12,-1.512166e-05,1.987834e-05,3.500000e-05,-4.377682e-12,4.050944e-13
3.240000e-11,9.849245e+01,2.006920e-04,0.000000e+00,6.716681e+00,-1.223176e-10,1.512166e-05,6.660169e+00,-1.210512e-11,1.987834e-05,0.000000e+00,3.500000e-05,2.006919e-04,1.861732e-11,1.861732e-12,0.000000e+00,1.861732e-12,-1.512166e-05,1.987834e-05,3.500000e-05,-3.706593e-12,-5.502329e-13
3.250000e-11,9.857300e+01,3.287334e-04,0.000000e+00,6.716681e+00,-9.345838e-11,1.512166e-05,6.660169e+00,-2.823867e-11,1.987834e-05,0.000000e+00,3.500000e-05,3.287333e-04,-2.308234e-12,-2.308235e-13,0.000000e+00,-2.308235e-13,-1.512166e-05,1.987834e-05,3.500000e-05,-2.832072e-12,-1.283576e-12
3.260000e-11,9.869313e+01,4.605227e-04,0.000000e+00,6.716681e+00,-6.164016e-11,1.512166e-05,6.660169e+00,-3.895987e-11,1.987834e-05,0.000000e+00,3.500000e-05,4.605226e-04,-1.922695e-11,-1.922695e-12,0.000000e+00,-1.922695e-12,-1.512166e-05,1.987834e-05,3.500000e-05,-1.867884e-12,-1.770903e-12
3.270000e-11,9.885383e+01,5.956044e-04,0.000000e+00,6.716681e+00,-3.019446e-11,1.512166e-05,6.660169e+00,-4.431137e-11,1.987834e-05,0.000000e+00,3.500000e-05,5.956043e-04,-3.138180e-11,-3.138180e-12,0.000000e+00,-3.138180e-12,-1.512166e-05,1.987834e-05,3.500000e-05,-9.149836e-13,-2.014153e-12
3.280000e-11,9.905549e+01,7.310834e-04,0.000000e+00,6.716681e+00,-1.814435e-12,1.512166e-05,6.660169e+00,-4.479952e-11,1.987834e-05,0.000000e+00,3.500000e-05,7.310834e-04,-3.857166e-11,-3.857166e-12,0.000000e+00,-3.857166e-12,-1.512166e-05,1.987834e-05,3.500000e-05,-5.498280e-14,-2.036342e-12
3.290000e-11,9.929711e+01,8.609640e-04,0.000000e+00,6.716681e+00,2.156551e-11,1.512166e-05,6.660169e+00,-4.126559e-11,1.987834e-05,0.000000e+00,3.500000e-05,8.609640e-04,-4.106790e-11,-4.106790e-12,0.000000e+00,-4.106790e-12,-1.512166e-05,1.987834e-05,3.500000e-05,6.535003e-13,-1.875709e-12
3.300000e-11,9.957538e+01,9.760904e-04,0.000000e+00,6.716681e+00,3.880164e-11,1.512166e-05,6.660169e+00,-3.475105e-11,1.987834e-05,0.000000e+00,3.500000e-05,9.760905e-04,-3.950463e-11,-3.950463e-12,0.000000e+00,-3.950463e-12,-1.512166e-05,1.987834e-05,3.500000e-05,1.175807e-12,-1.579593e-12
3.310000e-11,9.988392e+01,1.065251e-03,0.000000e+00,6.716681e+00,4.949758e-11,1.512166e-05,6.660169e+00,-2.636974e-11,1.987834e-05,0.000000e+00,3.500000e-05,1.065251e-03,-3.475710e-11,-3.475710e-12,0.000000e+00,-3.475710e-12,-1.512166e-05,1.987834e-05,3.500000e-05,1.499927e-12,-1.198625e-12
3.320000e-11,1.002132e+02,1.117641e-03,0.000000e+00,6.716681e+00,5.390321e-11,1.512166e-05,6.660169e+00,-1.719689e-11,1.987834e-05,0.000000e+00,3.500000e-05,1.117641e-03,-2.782103e-11,-2.782103e-12,0.000000e+00,-2.782103e-12,-1.512166e-05,1.987834e-05,3.500000e-05,1.633431e-12,-7.816770e-13
3.330000e-11,1.005510e+02,1.125999e-03,0.000000e+00,6.716681e+00,5.277529e-11,1.512166e-05,6.660169e+00,-8.181779e-12,1.987834e-05,0.000000e+00,3.500000e-05,1.125999e-03,-1.970327e-11,-1.970327e-12,0.000000e+00,-1.970327e-12,-1.512166e-05,1.987834e-05,3.500000e-05,1.599251e-12,-3.718990e-13
3.340000e-11,1.008842e+02,1.088932e-03,0.000000e+00,6.716681e+00,4.721882e-11,1.512166e-05,6.660169e+00,-8.722668e-14,1.987834e-05,0.000000e+00,3.500000e-05,1.088932e-03,-1.133137e-11,-1.133137e-12,0.000000e+00,-1.133137e-12,-1.512166e-05,1.987834e-05,3.500000e-05,1.430873e-12,-3.964849e-15
3.350000e-11,1.012001e+02,1.011209e-03,0.000000e+00,6.716681e+00,3.852675e-11,1.512166e-05,6.660169e+00,6.543422e-12,1.987834e-05,0.000000e+00,3.500000e-05,1.011209e-03,-3.486568e-12,-3.486567e-13,0.000000e+00,-3.486567e-13,-1.512166e-05,1.987834e-05,3.500000e-05,1.167477e-12,2.974283e-13
3.360000e-11,1.014881e+02,9.019450e-04,0.000000e+00,6.716681e+00,2.803227e-11,1.512166e-05,6.660169e+00,1.139414e-11,1.987834e-05,0.000000e+00,3.500000e-05,9.019450e-04,3.238191e-12,3.238191e-13,0.000000e+00,3.238191e-13,-1.512166e-05,1.987834e-05,3.500000e-05,8.494627e-13,5.179155e-13
3.370000e-11,1.017405e+02,7.718053e-04,0.000000e+00,6.716681e+00,1.698445e-11,1.512166e-05,6.660169e+00,1.436262e-11,1.987834e-05,0.000000e+00,3.500000e-05,7.718053e-04,8.456108e-12,8.456106e-13,0.000000e+00,8.456106e-13,-1.512166e-05,1.987834e-05,3.500000e-05,5.146804e-13,6.528465e-13
3.380000e-11,1.019523e+02,6.304940e-04,0.000000e+00,6.716681e+00,6.453875e-12,1.512166e-05,6.660169e+00,1.553044e-11,1.987834e-05,0.000000e+00,3.500000e-05,6.304940e-04,1.198298e-11,1.198299e-12,0.000000e+00,1.198299e-12,-1.512166e-05,1.987834e-05,3.500000e-05,1.955720e-13,7.059289e-13
3.390000e-11,1.021212e+02,4.852809e-04,0.000000e+00,6.716681e+00,-2.728924e-12,1.512166e-05,6.660169e+00,1.512239e-11,1.987834e-05,0.000000e+00,3.500000e-05,4.852809e-04,1.381661e-11,1.381661e-12,0.000000e+00,1.381661e-12,-1.512166e-05,1.987834e-05,3.500000e-05,-8.269463e-14,6.873812e-13
3.400000e-11,1.022465e+02,3.406003e-04,0.000000e+00,6.716681e+00,-1.000273e-11,1.512166e-05,6.660169e+00,1.346080e-11,1.987834e-05,0.000000e+00,3.500000e-05,3.406003e-04,1.410380e-11,1.410380e-12,0.000000e+00,1.410380e-12,-1.512166e-05,1.987834e-05,3.500000e-05,-3.031129e-13,6.118543e-13
3.410000e-11,1.023285e+02,1.983820e-04,0.000000e+00,6.716681e+00,-1.507596e-11,1.512166e-05,6.660169e+00,1.091944e-11,1.987834e-05,0.000000e+00,3.500000e-05,1.983819e-04,1.310048e-11,1.310049e-12,0.000000e+00,1.310049e-12,-1.512166e-05,1.987834e-05,3.500000e-05,-4.568471e-13,4.963382e-13
3.420000e-11,1.023677e+02,5.872900e-05,0.000000e+00,6.716681e+00,-1.790324e-11,1.512166e-05,6.660169e+00,7.881378e-12,1.987834e-05,0.000000e+00,3.500000e-05,5.872898e-05,1.112937e-11,1.112937e-12,0.000000e+00,1.112937e-12,-1.512166e-05,1.987834e-05,3.500000e-05,-5.425224e-13,3.582445e-13
3.430000e-11,1.023647e+02,-7.931657e-05,0.000000e+00,6.716681e+00,-1.864465e-11,1.512166e-05,6.660169e+00,4.703655e-12,1.987834e-05,0.000000e+00,3.500000e-05,-7.931659e-05,8.539455e-12,8.539453e-13,0.000000e+00,8.539453e-13,-1.512166e-05,1.987834e-05,3.500000e-05,-5.649895e-13,2.138025e-13
3.440000e-11,1.023197e+02,-2.170227e-04,0.000000e+00,6.716681e+00,-1.761431e-11,1.512166e-05,6.660169e+00,1.690656e-12,1.987834e-05,0.000000e+00,3.500000e-05,-2.170227e-04,5.670620e-12,5.670621e-13,0.000000e+00,5.670621e-13,-1.512166e-05,1.987834e-05,3.500000e-05,-5.337669e-13,7.684800e-14
3.450000e-11,1.022328e+02,-3.552304e-04,0.000000e+00,6.716681e+00,-1.522476e-11,1.512166e-05,6.660169e+00,-9.230270e-13,1.987834e-05,0.000000e+00,3.500000e-05,-3.552304e-04,2.825460e-12,2.825464e-13,0.000000e+00,2.825464e-13,-1.512166e-05,1.987834e-05,3.500000e-05,-4.613564e-13,-4.195577e-14
3.460000e-11,1.021038e+02,-4.935994e-04,0.000000e+00,6.716681e+00,-1.193291e-11,1.512166e-05,6.660169e+00,-2.980514e-12,1.987834e-05,0.000000e+00,3.500000e-05,-4.935995e-04,2.494690e-13,2.494702e-14,0.000000e+00,2.494702e-14,-1.512166e-05,1.987834e-05,3.500000e-05,-3.616034e-13,-1.354779e-13
3.470000e-11,1.019332e+02,-6.298550e-04,0.000000e+00,6.716681e+00,-8.191816e-12,1.512166e-05,6.660169e+00,-4.402273e-12,1.987834e-05,0.000000e+00,3.500000e-05,-6.298551e-04,-1.880122e-12,-1.880122e-13,0.000000e+00,-1.880122e-13,-1.512166e-05,1.987834e-05,3.500000e-05,-2.482368e-13,-2.001033e-13
3.480000e-11,1.017226e+02,-7.591860e-04,0.000000e+00,6.716681e+00,-4.411605e-12,1.512166e-05,6.660169e+00,-5.179048e-12,1.987834e-05,0.000000e+00,3.500000e-05,-7.591860e-04,-3.457490e-12,-3.457488e-13,0.000000e+00,-3.457488e-13,-1.512166e-05,1.987834e-05,3.500000e-05,-1.336849e-13,-2.354113e-13
3.490000e-11,1.014753e+02,-8.741225e-04,0.000000e+00,6.716681e+00,-9.312900e-13,1.512166e-05,6.660169e+00,-5.359894e-12,1.987834e-05,0.000000e+00,3.500000e-05,-8.741225e-04,-4.444536e-12,-4.444534e-13,0.000000e+00,-4.444534e-13,-1.512166e-05,1.987834e-05,3.500000e-05,-2.822097e-14,-2.436316e-13
3.500000e-11,1.011973e+02,-9.653072e-04,0.000000e+00,6.716681e+00,1.998083e-12,1.512166e-05,6.660169e+00,-5.037269e-12,1.987834e-05,0.000000e+00,3.500000e-05,-9.653072e-04,-4.861912e-12,-4.861913e-13,0.000000e+00,-4.861913e-13,-1.512166e-05,1.987834e-05,3.500000e-05,6.054802e-14,-2.289668e-13
3.510000e-11,1.008974e+02,-1.023348e-03,0.000000e+00,6.716681e+00,4.219478e-12,1.512166e-05,6.660169e+00,-4.331032e-12,1.987834e-05,0.000000e+00,3.500000e-05,-1.023348e-03,-4.776544e-12,-4.776544e-13,0.000000e+00,-4.776544e-13,-1.512166e-05,1.987834e-05,3.500000e-05,1.278629e-13,-1.968651e-13
3.520000e-11,1.005864e+02,-1.041326e-03,0.000000e+00,6.716681e+00,5.666567e-12,1.512166e-05,6.660169e+00,-3.372929e-12,1.987834e-05,0.000000e+00,3.500000e-05,-1.041326e-03,-4.287318e-12,-4.287319e-13,0.000000e+00,-4.287319e-13,-1.512166e-05,1.987834e-05,3.500000e-05,1.717142e-13,-1.533149e-13
3.530000e-11,1.002768e+02,-1.016903e-03,0.000000e+00,6.716681e+00,6.353064e-12,1.512166e-05,6.660169e+00,-2.292864e-12,1.987834e-05,0.000000e+00,3.500000e-05,-1.016903e-03,-3.510615e-12,-3.510614e-13,0.000000e+00,-3.510614e-13,-1.512166e-05,1.987834e-05,3.500000e-05,1.925171e-13,-1.042211e-13
3.540000e-11,9.998056e+01,-9.529760e-04,0.000000e+00,6.716681e+00,6.356969e-12,1.512166e-05,6.660169e+00,-1.207840e-12,1.987834e-05,0.000000e+00,3.500000e-05,-9.529760e-04,-2.566882e-12,-2.566882e-13,0.000000e+00,-2.566882e-13,-1.512166e-05,1.987834e-05,3.500000e-05,1.926354e-13,-5.490182e-14
3.550000e-11,9.970829e+01,-8.565953e-04,0.000000e+00,6.716681e+00,5.802030e-12,1.512166e-05,6.660169e+00,-2.140197e-13,1.987834e-05,0.000000e+00,3.500000e-05,-8.565953e-04,-1.569346e-12,-1.569346e-13,0.000000e+00,-1.569346e-13,-1.512166e-05,1.987834e-05,3.500000e-05,1.758191e-13,-9.728170e-15
3.560000e-11,9.946828e+01,-7.368090e-04,0.000000e+00,6.716681e+00,4.838568e-12,1.512166e-05,6.660169e+00,6.179178e-13,1.987834e-05,0.000000e+00,3.500000e-05,-7.368090e-04,-6.153703e-13,-6.153721e-14,0.000000e+00,-6.153721e-14,-1.512166e-05,1.987834e-05,3.500000e-05,1.466233e-13,2.808717e-14
3.570000e-11,9.926623e+01,-6.024655e-04,0.000000e+00,6.716681e+00,3.625440e-12,1.512166e-05,6.660169e+00,1.244359e-12,1.987834e-05,0.000000e+00,3.500000e-05,-6.024655e-04,2.191979e-13,2.191986e-14,0.000000e+00,2.191986e-14,-1.512166e-05,1.987834e-05,3.500000e-05,1.098618e-13,5.656178e-14
3.580000e-11,9.910556e+01,-4.607083e-04,0.000000e+00,6.716681e+00,2.314546e-12,1.512166e-05,6.660169e+00,1.647657e-12,1.987834e-05,0.000000e+00,3.500000e-05,-4.607083e-04,8.828008e-13,8.828041e-14,0.000000e+00,8.828041e-14,-1.512166e-05,1.987834e-05,3.500000e-05,7.013775e-14,7.489348e-14
3.590000e-11,9.898791e+01,-3.163720e-04,0.000000e+00,6.716681e+00,1.038753e-12,1.512166e-05,6.660169e+00,1.832975e-12,1.987834e-05,0.000000e+00,3.500000e-05,-3.163719e-04,1.348258e-12,1.348261e-13,0.000000e+00,1.348261e-13,-1.512166e-05,1.987834e-05,3.500000e-05,3.147738e-14,8.331704e-14
3.600000e-11,9.891384e+01,-1.720983e-04,0.000000e+00,6.716681e+00,-9.630670e-14,1.512166e-05,6.660169e+00,1.823671e-12,1.987834e-05,0.000000e+00,3.500000e-05,-1.720983e-04,1.610721e-12,1.610720e-13,0.000000e+00,1.610720e-13,-1.512166e-05,1.987834e-05,3.500000e-05,-2.918398e-15,8.289413e-14
3.610000e-11,9.888330e+01,-2.887690e-05,0.000000e+00,6.716681e+00,-1.016561e-12,1.512166e-05,6.660169e+00,1.655952e-12,1.987834e-05,0.000000e+00,3.500000e-05,-2.887690e-05,1.684046e-12,1.684047e-13,0.000000e+00,1.684047e-13,-1.512166e-05,1.987834e-05,3.500000e-05,-3.080494e-14,7.527055e-14
3.620000e-11,9.889605e+01,1.132327e-04,0.000000e+00,6.716681e+00,-1.680264e-12,1.512166e-05,6.660169e+00,1.373323e-12,1.987834e-05,0.000000e+00,3.500000e-05,1.132327e-04,1.596186e-12,1.596188e-13,0.000000e+00,1.596188e-13,-1.512166e-05,1.987834e-05,3.500000e-05,-5.091711e-14,6.242375e-14
3.630000e-11,9.895182e+01,2.543236e-04,0.000000e+00,6.716681e+00,-2.075783e-12,1.512166e-05,6.660169e+00,1.021505e-12,1.987834e-05,0.000000e+00,3.500000e-05,2.543236e-04,1.384155e-12,1.384157e-13,0.000000e+00,1.384157e-13,-1.512166e-05,1.987834e-05,3.500000e-05,-6.290254e-14,4.643202e-14
3.640000e-11,9.905020e+01,3.938601e-04,0.000000e+00,6.716681e+00,-2.217147e-12,1.512166e-05,6.660169e+00,6.439578e-13,1.987834e-05,0.000000e+00,3.500000e-05,3.938601e-04,1.089145e-12,1.089145e-13,0.000000e+00,1.089145e-13,-1.512166e-05,1.987834e-05,3.500000e-05,-6.718626e-14,2.927081e-14
3.650000e-11,9.919034e+01,5.299325e-04,0.000000e+00,6.716681e+00,-2.138149e-12,1.512166e-05,6.660169e+00,2.785080e-13,1.987834e-05,0.000000e+00,3.500000e-05,5.299325e-04,7.521383e-13,7.521395e-14,0.000000e+00,7.521395e-14,-1.512166e-05,1.987834e-05,3.500000e-05,-6.479242e-14,1.265946e-14
3.660000e-11,9.937047e+01,6.586595e-04,0.000000e+00,6.716681e+00,-1.885787e-12,1.512166e-05,6.660169e+00,-4.495502e-14,1.987834e-05,0.000000e+00,3.500000e-05,6.586595e-04,4.103697e-13,4.103677e-14,0.000000e+00,4.103677e-14,-1.512166e-05,1.987834e-05,3.500000e-05,-5.714506e-14,-2.043410e-15
3.670000e-11,9.958730e+01,7.739666e-04,0.000000e+00,6.716681e+00,-1.513733e-12,1.512166e-05,6.660169e+00,-3.056705e-13,1.987834e-05,0.000000e+00,3.500000e-05,7.739666e-04,9.469580e-14,9.469530e-15,0.000000e+00,9.469530e-15,-1.512166e-05,1.987834e-05,3.500000e-05,-4.587073e-14,-1.389411e-14
3.680000e-11,9.983542e+01,8.680494e-04,0.000000e+00,6.716681e+00,-1.076413e-12,1.512166e-05,6.660169e+00,-4.921507e-13,1.987834e-05,0.000000e+00,3.500000e-05,8.680494e-04,-1.719015e-13,-1.719010e-14,0.000000e+00,-1.719010e-14,-1.512166e-05,1.987834e-05,3.500000e-05,-3.261856e-14,-2.237049e-14
3.690000e-11,1.001071e+02,9.327012e-04,0.000000e+00,6.716681e+00,-6.240891e-13,1.512166e-05,6.660169e+00,-6.015151e-13,1.987834e-05,0.000000e+00,3.500000e-05,9.327012e-04,-3.749379e-13,-3.749389e-14,0.000000e+00,-3.749389e-14,-1.512166e-05,1.987834e-05,3.500000e-05,-1.891186e-14,-2.734160e-14
3.700000e-11,1.003923e+02,9.612827e-04,0.000000e+00,6.716681e+00,-1.992013e-13,1.512166e-05,6.660169e+00,-6.381833e-13,1.987834e-05,0.000000e+00,3.500000e-05,9.612827e-04,-5.081456e-13,-5.081465e-14,0.000000e+00,-5.081465e-14,-1.512166e-05,1.987834e-05,3.500000e-05,-6.036360e-15,-2.900833e-14
3.710000e-11,1.006800e+02,9.506068e-04,0.000000e+00,6.716681e+00,1.659340e-13,1.512166e-05,6.660169e+00,-6.121521e-13,1.987834e-05,0.000000e+00,3.500000e-05,9.506068e-04,-5.725199e-13,-5.725196e-14,0.000000e+00,-5.725196e-14,-1.512166e-05,1.987834e-05,3.500000e-05,5.028307e-15,-2.782509e-14
3.720000e-11,1.009586e+02,9.018629e-04,0.000000e+00,6.716681e+00,4.501208e-13,1.512166e-05,6.660169e+00,-5.371101e-13,1.987834e-05,0.000000e+00,3.500000e-05,9.018629e-04,-5.749205e-13,-5.749231e-14,0.000000e+00,-5.749231e-14,-1.512166e-05,1.987834e-05,3.500000e-05,1.364001e-14,-2.441410e-14
3.730000e-11,1.012176e+02,8.201536e-04,0.000000e+00,6.716681e+00,6.431240e-13,1.512166e-05,6.660169e+00,-4.285525e-13,1.987834e-05,0.000000e+00,3.500000e-05,8.201536e-04,-5.264140e-13,-5.264118e-14,0.000000e+00,-5.264118e-14,-1.512166e-05,1.987834e-05,3.500000e-05,1.948863e-14,-1.947966e-14
3.740000e-11,1.014483e+02,7.129498e-04,0.000000e+00,6.716681e+00,7.445753e-13,1.512166e-05,6.660169e+00,-3.021058e-13,1.987834e-05,0.000000e+00,3.500000e-05,7.129498e-04,-4.405004e-13,-4.405009e-14,0.000000e+00,-4.405009e-14,-1.512166e-05,1.987834e-05,3.500000e-05,2.256288e-14,-1.373208e-14
3.750000e-11,1.016444e+02,5.882244e-04,0.000000e+00,6.716681e+00,7.622108e-13,1.512166e-05,6.660169e+00,-1.721164e-13,1.987834e-05,0.000000e+00,3.500000e-05,5.882244e-04,-3.315285e-13,-3.315323e-14,0.000000e+00,-3.315323e-14,-1.512166e-05,1.987834e-05,3.500000e-05,2.309726e-14,-7.823472e-15
3.760000e-11,1.018015e+02,4.529659e-04,0.000000e+00,6.716681e+00,7.097194e-13,1.512166e-05,6.660169e+00,-5.065058e-14,1.987834e-05,0.000000e+00,3.500000e-05,4.529659e-04,-2.132656e-13,-2.132656e-14,0.000000e+00,-2.132656e-14,-1.512166e-05,1.987834e-05,3.500000e-05,2.150659e-14,-2.302299e-15
3.770000e-11,1.019172e+02,3.124003e-04,0.000000e+00,6.716681e+00,6.044589e-13,1.512166e-05,6.660169e+00,5.317609e-14,1.987834e-05,0.000000e+00,3.500000e-05,3.124003e-04,-9.778035e-14,-9.777830e-15,0.000000e+00,-9.777830e-15,-1.512166e-05,1.987834e-05,3.500000e-05,1.831688e-14,2.417095e-15
3.780000e-11,1.019901e+02,1.698902e-04,0.000000e+00,6.716681e+00,4.652641e-13,1.512166e-05,6.660169e+00,1.334620e-13,1.987834e-05,0.000000e+00,3.500000e-05,1.698902e-04,5.303140e-15,5.300860e-16,0.000000e+00,5.300860e-16,-1.512166e-05,1.987834e-05,3.500000e-05,1.409892e-14,6.066454e-15
3.790000e-11,1.020200e+02,2.730596e-05,0.000000e+00,6.716681e+00,3.105247e-13,1.512166e-05,6.660169e+00,1.874317e-13,1.987834e-05,0.000000e+00,3.500000e-05,2.730596e-05,8.917124e-14,8.917498e-15,0.000000e+00,8.917498e-15,-1.512166e-05,1.987834e-05,3.500000e-05,9.409824e-15,8.519623e-15
3.800000e-11,1.020068e+02,-1.143483e-04,0.000000e+00,6.716681e+00,1.566538e-13,1.512166e-05,6.660169e+00,2.151378e-13,1.987834e-05,0.000000e+00,3.500000e-05,-1.143483e-04,1.499699e-13,1.499719e-14,0.000000e+00,1.499719e-14,-1.512166e-05,1.987834e-05,3.500000e-05,4.747030e-15,9.778992e-15
3.810000e-11,1.019509e+02,-2.542052e-04,0.000000e+00,6.716681e+00,1.700192e-14,1.512166e-05,6.660169e+00,2.189217e-13,1.987834e-05,0.000000e+00,3.500000e-05,-2.542052e-04,1.865504e-13,1.865508e-14,0.000000e+00,1.865508e-14,-1.512166e-05,1.987834e-05,3.500000e-05,5.152537e-16,9.950986e-15
3.820000e-11,1.018531e+02,-3.907948e-04,0.000000e+00,6.716681e+00,-9.875482e-14,1.512166e-05,6.660169e+00,2.027909e-13,1.987834e-05,0.000000e+00,3.500000e-05,-3.907948e-04,2.001009e-13,2.000991e-14,0.000000e+00,2.000991e-14,-1.512166e-05,1.987834e-05,3.500000e-05,-2.992537e-15,9.217766e-15
3.830000e-11,1.017148e+02,-5.213873e-04,0.000000e+00,6.716681e+00,-1.847967e-13,1.512166e-05,6.660169e+00,1.717832e-13,1.987834e-05,0.000000e+00,3.500000e-05,-5.213873e-04,1.936118e-13,1.936160e-14,0.000000e+00,1.936160e-14,-1.512166e-05,1.987834e-05,3.500000e-05,-5.599896e-15,7.808326e-15
3.840000e-11,1.015388e+02,-6.415645e-04,0.000000e+00,6.716681e+00,-2.389717e-13,1.512166e-05,6.660169e+00,1.313355e-13,1.987834e-05,0.000000e+00,3.500000e-05,-6.415645e-04,1.713118e-13,1.713127e-14,0.000000e+00,1.713127e-14,-1.512166e-05,1.987834e-05,3.500000e-05,-7.241586e-15,5.969795e-15
3.850000e-11,1.013292e+02,-7.452362e-04,0.000000e+00,6.716681e+00,-2.623169e-13,1.512166e-05,6.660169e+00,8.670930e-14,1.987834e-05,0.000000e+00,3.500000e-05,-7.452362e-04,1.380241e-13,1.380203e-14,0.000000e+00,1.380203e-14,-1.512166e-05,1.987834e-05,3.500000e-05,-7.948964e-15,3.941332e-15
3.860000e-11,1.010921e+02,-8.253119e-04,0.000000e+00,6.716681e+00,-2.583869e-13,1.512166e-05,6.660169e+00,4.258297e-14,1.987834e-05,0.000000e+00,3.500000e-05,-8.253119e-04,9.866165e-14,9.866295e-15,0.000000e+00,9.866295e-15,-1.512166e-05,1.987834e-05,3.500000e-05,-7.829916e-15,1.935589e-15
3.870000e-11,1.008358e+02,-8.750414e-04,0.000000e+00,6.716681e+00,-2.324861e-13,1.512166e-05,6.660169e+00,2.735973e-15,1.987834e-05,0.000000e+00,3.500000e-05,-8.750414e-04,5.780182e-14,5.779999e-15,0.000000e+00,5.779999e-15,-1.512166e-05,1.987834e-05,3.500000e-05,-7.045078e-15,1.243624e-16
3.880000e-11,1.005702e+02,-8.896731e-04,0.000000e+00,6.716681e+00,-1.908820e-13,1.512166e-05,6.660169e+00,-3.010447e-14,1.987834e-05,0.000000e+00,3.500000e-05,-8.896731e-04,1.928554e-14,1.928812e-15,0.000000e+00,1.928812e-15,-1.512166e-05,1.987834e-05,3.500000e-05,-5.784314e-15,-1.368385e-15
3.890000e-11,1.003059e+02,-8.677701e-04,0.000000e+00,6.716681e+00,-1.400822e-13,1.512166e-05,6.660169e+00,-5.432924e-14,1.987834e-05,0.000000e+00,3.500000e-05,-8.677701e-04,-1.391225e-14,-1.391420e-15,0.000000e+00,-1.391420e-15,-1.512166e-05,1.987834e-05,3.500000e-05,-4.244930e-15,-2.469511e-15
3.900000e-11,1.000533e+02,-8.115864e-04,0.000000e+00,6.716681e+00,-8.621872e-14,1.512166e-05,6.660169e+00,-6.938147e-14,1.987834e-05,0.000000e+00,3.500000e-05,-8.115864e-04,-3.986234e-14,-3.985949e-15,0.000000e+00,-3.985949e-15,-1.512166e-05,1.987834e-05,3.500000e-05,-2.612674e-15,-3.153703e-15
3.910000e-11,9.982204e+01,-7.263590e-04,0.000000e+00,6.716681e+00,-3.457745e-14,1.512166e-05,6.660169e+00,-7.559880e-14,1.987834e-05,0.000000e+00,3.500000e-05,-7.263590e-04,-5.758478e-14,-5.758315e-15,0.000000e+00,-5.758315e-15,-1.512166e-05,1.987834e-05,3.500000e-05,-1.047780e-15,-3.436309e-15
3.920000e-11,9.961956e+01,-6.189023e-04,0.000000e+00,6.716681e+00,1.071190e-14,1.512166e-05,6.660169e+00,-7.405104e-14,1.987834e-05,0.000000e+00,3.500000e-05,-6.189023e-04,-6.703353e-14,-6.703110e-15,0.000000e+00,-6.703110e-15,-1.512166e-05,1.987834e-05,3.500000e-05,3.245912e-16,-3.365956e-15
3.930000e-11,9.945157e+01,-4.961234e-04,0.000000e+00,6.716681e+00,4.682796e-14,1.512166e-05,6.660169e+00,-6.629035e-14,1.987834e-05,0.000000e+00,3.500000e-05,-4.961234e-04,-6.887725e-14,-6.887599e-15,0.000000e+00,-6.887599e-15,-1.512166e-05,1.987834e-05,3.500000e-05,1.419007e-15,-3.013198e-15
3.940000e-11,9.932185e+01,-3.639425e-04,0.000000e+00,6.716681e+00,7.226735e-14,1.512166e-05,6.660169e+00,-5.411878e-14,1.987834e-05,0.000000e+00,3.500000e-05,-3.639425e-04,-6.433922e-14,-6.433820e-15,0.000000e+00,-6.433820e-15,-1.512166e-05,1.987834e-05,3.500000e-05,2.189895e-15,-2.459944e-15
3.950000e-11,9.923267e+01,-2.268070e-04,0.000000e+00,6.716681e+00,8.673733e-14,1.512166e-05,6.660169e+00,-3.940854e-14,1.987834e-05,0.000000e+00,3.500000e-05,-2.268070e-04,-5.498254e-14,-5.498128e-15,0.000000e+00,-5.498128e-15,-1.512166e-05,1.987834e-05,3.500000e-05,2.628352e-15,-1.791297e-15
3.960000e-11,9.918517e+01,-8.773773e-05,0.000000e+00,6.716681e+00,9.096226e-14,1.512166e-05,6.660169e+00,-2.390907e-14,1.987834e-05,0.000000e+00,3.500000e-05,-8.773773e-05,-4.249528e-14,-4.249573e-15,0.000000e+00,-4.249573e-15,-1.512166e-05,1.987834e-05,3.500000e-05,2.756435e-15,-1.086776e-15
3.970000e-11,9.917972e+01,5.126116e-05,0.000000e+00,6.716681e+00,8.643273e-14,1.512166e-05,6.660169e+00,-9.128680e-15,1.987834e-05,0.000000e+00,3.500000e-05,5.126116e-05,-2.854795e-14,-2.854918e-15,0.000000e+00,-2.854918e-15,-1.512166e-05,1.987834e-05,3.500000e-05,2.619184e-15,-4.149400e-16
3.980000e-11,9.921611e+01,1.885994e-04,0.000000e+00,6.716681e+00,7.513842e-14,1.512166e-05,6.660169e+00,3.761963e-15,1.987834e-05,0.000000e+00,3.500000e-05,1.885994e-04,-1.463351e-14,-1.463375e-15,0.000000e+00,-1.463375e-15,-1.512166e-05,1.987834e-05,3.500000e-05,2.276922e-15,1.709983e-16
3.990000e-11,9.929355e+01,3.224370e-04,0.000000e+00,6.716681e+00,5.930032e-14,1.512166e-05,6.660169e+00,1.398240e-14,1.987834e-05,0.000000e+00,3.500000e-05,3.224370e-04,-1.957712e-15,-1.960486e-16,0.000000e+00,-1.960486e-16,-1.512166e-05,1.987834e-05,3.500000e-05,1.797010e-15,6.355637e-16
4.000000e-11,9.941054e+01,4.500747e-04,0.000000e+00,6.716681e+00,4.113532e-14,1.512166e-05,6.660169e+00,2.112049e-14,1.987834e-05,0.000000e+00,3.500000e-05,4.500747e-04,8.580608e-15,8.582117e-16,0.000000e+00,8.582117e-16,-1.512166e-05,1.987834e-05,3.500000e-05,1.246547e-15,9.600221e-16
4.010000e-11,9.956450e+01,5.675345e-04,0.000000e+00,6.716681e+00,2.266150e-14,1.512166e-05,6.660169e+00,2.510606e-14,1.987834e-05,0.000000e+00,3.500000e-05,5.675345e-04,1.645530e-14,1.645740e-15,0.000000e+00,1.645740e-15,-1.512166e-05,1.987834e-05,3.500000e-05,6.866506e-16,1.141185e-15
4.020000e-11,9.975144e+01,6.695067e-04,0.000000e+00,6.716681e+00,5.556820e-15,1.512166e-05,6.660169e+00,2.616274e-14,1.987834e-05,0.000000e+00,3.500000e-05,6.695067e-04,2.145371e-14,2.145528e-15,0.000000e+00,2.145528e-15,-1.512166e-05,1.987834e-05,3.500000e-05,1.683410e-16,1.189216e-15
4.030000e-11,9.996564e+01,7.498250e-04,0.000000e+00,6.716681e+00,-8.925811e-15,1.512166e-05,6.660169e+00,2.473337e-14,1.987834e-05,0.000000e+00,3.500000e-05,7.498250e-04,2.365915e-14,2.366122e-15,0.000000e+00,2.366122e-15,-1.512166e-05,1.987834e-05,3.500000e-05,-2.705148e-16,1.124244e-15
4.040000e-11,1.001996e+02,8.024975e-04,0.000000e+00,6.716681e+00,-1.999169e-14,1.512166e-05,6.660169e+00,2.138794e-14,1.987834e-05,0.000000e+00,3.500000e-05,8.024975e-04,2.338950e-14,2.338802e-15,0.000000e+00,2.338802e-15,-1.512166e-05,1.987834e-05,3.500000e-05,-6.058682e-16,9.721793e-16
4.050000e-11,1.004443e+02,8.230458e-04,0.000000e+00,6.716681e+00,-2.729012e-14,1.512166e-05,6.660169e+00,1.677537e-14,1.987834e-05,0.000000e+00,3.500000e-05,8.230458e-04,2.111610e-14,2.111468e-15,0.000000e+00,2.111468e-15,-1.512166e-05,1.987834e-05,3.500000e-05,-8.269569e-16,7.625170e-16
4.060000e-11,1.006899e+02,8.096624e-04,0.000000e+00,6.716681e+00,-3.086521e-14,1.512166e-05,6.660169e+00,1.153143e-14,1.987834e-05,0.000000e+00,3.500000e-05,8.096624e-04,1.739798e-14,1.739608e-15,0.000000e+00,1.739608e-15,-1.512166e-05,1.987834e-05,3.500000e-05,-9.353754e-16,5.241557e-16
4.070000e-11,1.009265e+02,7.636854e-04,0.000000e+00,6.716681e+00,-3.108013e-14,1.512166e-05,6.660169e+00,6.221708e-15,1.987834e-05,0.000000e+00,3.500000e-05,7.636854e-04,1.282926e-14,1.282841e-15,0.000000e+00,1.282841e-15,-1.512166e-05,1.987834e-05,3.500000e-05,-9.418859e-16,2.828049e-16
4.080000e-11,1.011449e+02,6.891974e-04,0.000000e+00,6.716681e+00,-2.852684e-14,1.512166e-05,6.660169e+00,1.332910e-15,1.987834e-05,0.000000e+00,3.500000e-05,6.891974e-04,7.964576e-15,7.965738e-16,0.000000e+00,7.965738e-16,-1.512166e-05,1.987834e-05,3.500000e-05,-8.644251e-16,6.058682e-17
4.090000e-11,1.013377e+02,5.919689e-04,0.000000e+00,6.716681e+00,-2.393298e-14,1.512166e-05,6.660169e+00,-2.779819e-15,1.987834e-05,0.000000e+00,3.500000e-05,5.919689e-04,3.286237e-15,3.285320e-16,0.000000e+00,3.285320e-16,-1.512166e-05,1.987834e-05,3.500000e-05,-7.251817e-16,-1.263554e-16
4.100000e-11,1.014988e+02,4.782139e-04,0.000000e+00,6.716681e+00,-1.807261e-14,1.512166e-05,6.660169e+00,-5.906019e-15,1.987834e-05,0.000000e+00,3.500000e-05,4.782139e-04,-8.352610e-16,-8.317411e-17,0.000000e+00,-8.317411e-17,-1.512166e-05,1.987834e-05,3.500000e-05,-5.476730e-16,-2.684554e-16
4.110000e-11,1.016241e+02,3.535891e-04,0.000000e+00,6.716681e+00,-1.169107e-14,1.512166e-05,6.660169e+00,-7.944845e-15,1.987834e-05,0.000000e+00,3.500000e-05,3.535891e-04,-4.125883e-15,-4.126632e-16,0.000000e+00,-4.126632e-16,-1.512166e-05,1.987834e-05,3.500000e-05,-3.542203e-16,-3.611293e-16
4.120000e-11,1.017110e+02,2.226571e-04,0.000000e+00,6.716681e+00,-5.443108e-15,1.512166e-05,6.660169e+00,-8.913836e-15,1.987834e-05,0.000000e+00,3.500000e-05,2.226571e-04,-6.460667e-15,-6.461661e-16,0.000000e+00,-6.461661e-16,-1.512166e-05,1.987834e-05,3.500000e-05,-1.648865e-16,-4.051743e-16
4.130000e-11,1.017579e+02,8.882184e-05,0.000000e+00,6.716681e+00,1.465830e-16,1.512166e-05,6.660169e+00,-8.922605e-15,1.987834e-05,0.000000e+00,3.500000e-05,8.882184e-05,-7.802347e-15,-7.802802e-16,0.000000e+00,-7.802802e-16,-1.512166e-05,1.987834e-05,3.500000e-05,4.384572e-18,-4.055729e-16
4.140000e-11,1.017644e+02,-4.538253e-05,0.000000e+00,6.716681e+00,4.707794e-15,1.512166e-05,6.660169e+00,-8.150920e-15,1.987834e-05,0.000000e+00,3.500000e-05,-4.538253e-05,-8.216689e-15,-8.214836e-16,0.000000e+00,-8.214836e-16,-1.512166e-05,1.987834e-05,3.500000e-05,1.426979e-16,-3.704964e-16
4.150000e-11,1.017305e+02,-1.777960e-04,0.000000e+00,6.716681e+00,8.026034e-15,1.512166e-05,6.660169e+00,-6.800472e-15,1.987834e-05,0.000000e+00,3.500000e-05,-1.777960e-04,-7.833039e-15,-7.834554e-16,0.000000e+00,-7.834554e-16,-1.512166e-05,1.987834e-05,3.500000e-05,2.432773e-16,-3.091124e-16
4.160000e-11,1.016572e+02,-3.060680e-04,0.000000e+00,6.716681e+00,1.003638e-14,1.512166e-05,6.660169e+00,-5.099258e-15,1.987834e-05,0.000000e+00,3.500000e-05,-3.060680e-04,-6.833356e-15,-6.832617e-16,0.000000e+00,-6.832617e-16,-1.512166e-05,1.987834e-05,3.500000e-05,3.041299e-16,-2.317844e-16
4.170000e-11,1.015463e+02,-4.271500e-04,0.000000e+00,6.716681e+00,1.080006e-14,1.512166e-05,6.660169e+00,-3.257737e-15,1.987834e-05,0.000000e+00,3.500000e-05,-4.271500e-04,-5.414947e-15,-5.413959e-16,0.000000e+00,-5.413959e-16,-1.512166e-05,1.987834e-05,3.500000e-05,3.272485e-16,-1.480790e-16
4.180000e-11,1.014005e+02,-5.369855e-04,0.000000e+00,6.716681e+00,1.047651e-14,1.512166e-05,6.660169e+00,-1.460063e-15,1.987834e-05,0.000000e+00,3.500000e-05,-5.369855e-04,-3.775117e-15,-3.776191e-16,0.000000e+00,-3.776191e-16,-1.512166e-05,1.987834e-05,3.500000e-05,3.174165e-16,-6.636648e-17
4.190000e-11,1.012242e+02,-6.305469e-04,0.000000e+00,6.716681e+00,9.292563e-15,1.512166e-05,6.660169e+00,1.403063e-16,1.987834e-05,0.000000e+00,3.500000e-05,-6.305469e-04,-2.100210e-15,-2.102141e-16,0.000000e+00,-2.102141e-16,-1.512166e-05,1.987834e-05,3.500000e-05,2.815427e-16,6.377560e-18
4.200000e-11,1.010232e+02,-7.023281e-04,0.000000e+00,6.716681e+00,7.508907e-15,1.512166e-05,6.660169e+00,1.438140e-15,1.987834e-05,0.000000e+00,3.500000e-05,-7.023281e-04,-5.480715e-16,-5.470747e-17,0.000000e+00,-5.470747e-17,-1.512166e-05,1.987834e-05,3.500000e-05,2.275992e-16,6.536999e-17
4.210000e-11,1.008048e+02,-7.472642e-04,0.000000e+00,6.716681e+00,5.391295e-15,1.512166e-05,6.660169e+00,2.372054e-15,1.987834e-05,0.000000e+00,3.500000e-05,-7.472642e-04,7.826462e-16,7.788189e-17,0.000000e+00,7.788189e-17,-1.512166e-05,1.987834e-05,3.500000e-05,1.634250e-16,1.078206e-16
4.220000e-11,1.005777e+02,-7.618277e-04,0.000000e+00,6.716681e+00,3.185877e-15,1.512166e-05,6.660169e+00,2.920125e-15,1.987834e-05,0.000000e+00,3.500000e-05,-7.618277e-04,1.788906e-15,1.788892e-16,0.000000e+00,1.788892e-16,-1.512166e-05,1.987834e-05,3.500000e-05,9.659346e-17,1.327330e-16
4.230000e-11,1.003511e+02,-7.448981e-04,0.000000e+00,6.716681e+00,1.102351e-15,1.512166e-05,6.660169e+00,3.113046e-15,1.987834e-05,0.000000e+00,3.500000e-05,-7.448981e-04,2.457553e-15,2.456889e-16,0.000000e+00,2.456889e-16,-1.512166e-05,1.987834e-05,3.500000e-05,3.334932e-17,1.415021e-16
4.240000e-11,1.001341e+02,-6.980383e-04,0.000000e+00,6.716681e+00,-6.989742e-16,1.512166e-05,6.660169e+00,2.994663e-15,1.987834e-05,0.000000e+00,3.500000e-05,-6.980383e-04,2.784203e-15,2.784445e-16,0.000000e+00,2.784445e-16,-1.512166e-05,1.987834e-05,3.500000e-05,-2.112567e-17,1.361210e-16
4.250000e-11,9.993520e+01,-6.250780e-04,0.000000e+00,6.716681e+00,-2.111946e-15,1.512166e-05,6.660169e+00,2.639513e-15,1.987834e-05,0.000000e+00,3.500000e-05,-6.250780e-04,2.810511e-15,2.809514e-16,0.000000e+00,2.809514e-16,-1.512166e-05,1.987834e-05,3.500000e-05,-6.404133e-17,1.199778e-16
4.260000e-11,9.976128e+01,-5.312103e-04,0.000000e+00,6.716681e+00,-3.082934e-15,1.512166e-05,6.660169e+00,2.122133e-15,1.987834e-05,0.000000e+00,3.500000e-05,-5.312103e-04,2.582513e-15,2.582534e-16,0.000000e+00,2.582534e-16,-1.512166e-05,1.987834e-05,3.500000e-05,-9.340468e-17,9.646059e-17
4.270000e-11,9.961783e+01,-4.219778e-04,0.000000e+00,6.716681e+00,-3.606475e-15,1.512166e-05,6.660169e+00,1.517062e-15,1.987834e-05,0.000000e+00,3.500000e-05,-4.219778e-04,2.174748e-15,2.175193e-16,0.000000e+00,2.175193e-16,-1.512166e-05,1.987834e-05,3.500000e-05,-1.093486e-16,6.895737e-17
4.280000e-11,9.950874e+01,-3.024767e-04,0.000000e+00,6.716681e+00,-3.717984e-15,1.512166e-05,6.660169e+00,8.812990e-16,1.987834e-05,0.000000e+00,3.500000e-05,-3.024767e-04,1.655176e-15,1.653333e-16,0.000000e+00,1.653333e-16,-1.512166e-05,1.987834e-05,3.500000e-05,-1.126702e-16,4.005905e-17
4.290000e-11,9.943653e+01,-1.769468e-04,0.000000e+00,6.716681e+00,-3.482671e-15,1.512166e-05,6.660169e+00,2.806126e-16,1.987834e-05,0.000000e+00,3.500000e-05,-1.769468e-04,1.076413e-15,1.078507e-16,0.000000e+00,1.078507e-16,-1.512166e-05,1.987834e-05,3.500000e-05,-1.054955e-16,1.275512e-17
4.300000e-11,9.940259e+01,-4.874788e-05,0.000000e+00,6.716681e+00,-2.983790e-15,1.512166e-05,6.660169e+00,-2.367669e-16,1.987834e-05,0.000000e+00,3.500000e-05,-4.874788e-05,5.064181e-16,5.096054e-17,0.000000e+00,5.096054e-17,-1.512166e-05,1.987834e-05,3.500000e-05,-9.034876e-17,-1.076213e-17
4.310000e-11,9.940735e+01,7.937397e-05,0.000000e+00,6.716681e+00,-2.313628e-15,1.512166e-05,6.660169e+00,-6.357630e-16,1.987834e-05,0.000000e+00,3.500000e-05,7.937397e-05,2.192286e-18,-6.969132e-20,0.000000e+00,-6.969132e-20,-1.512166e-05,1.987834e-05,3.500000e-05,-7.015316e-17,-2.889832e-17
4.320000e-11,9.945044e+01,2.048578e-04,0.000000e+00,6.716681e+00,-1.562613e-15,1.512166e-05,6.660169e+00,-8.988373e-16,1.987834e-05,0.000000e+00,3.500000e-05,2.048578e-04,-4.165344e-16,-4.148511e-17,0.000000e+00,-4.148511e-17,-1.512166e-05,1.987834e-05,3.500000e-05,-4.730024e-17,-4.085624e-17
4.330000e-11,9.953061e+01,3.248670e-04,0.000000e+00,6.716681e+00,-8.108693e-16,1.512166e-05,6.660169e+00,-1.030375e-15,1.987834e-05,0.000000e+00,3.500000e-05,3.248670e-04,-7.103007e-16,-7.100661e-17,0.000000e+00,-7.100661e-17,-1.512166e-05,1.987834e-05,3.500000e-05,-2.458018e-17,-4.683520e-17
4.340000e-11,9.964564e+01,4.359252e-04,0.000000e+00,6.716681e+00,-1.238735e-16,1.512166e-05,6.660169e+00,-1.052297e-15,1.987834e-05,0.000000e+00,3.500000e-05,4.359252e-04,-8.900682e-16,-8.909097e-17,0.000000e+00,-8.909097e-17,-1.512166e-05,1.987834e-05,3.500000e-05,-3.720243e-18,-4.783170e-17
4.350000e-11,9.979211e+01,5.337803e-04,0.000000e+00,6.716681e+00,4.495241e-16,1.512166e-05,6.660169e+00,-9.821442e-16,1.987834e-05,0.000000e+00,3.500000e-05,5.337803e-04,-9.580291e-16,-9.604133e-17,0.000000e+00,-9.604133e-17,-1.512166e-05,1.987834e-05,3.500000e-05,1.355231e-17,-4.464292e-17
4.360000e-11,9.996523e+01,6.136110e-04,0.000000e+00,6.716681e+00,8.800551e-16,1.512166e-05,6.660169e+00,-8.374533e-16,1.987834e-05,0.000000e+00,3.500000e-05,6.136110e-04,-9.339139e-16,-9.360343e-17,0.000000e+00,-9.360343e-17,-1.512166e-05,1.987834e-05,3.500000e-05,2.670603e-17,-3.806606e-17
4.370000e-11,1.001588e+02,6.706143e-04,0.000000e+00,6.716681e+00,1.155678e-15,1.512166e-05,6.660169e+00,-6.489167e-16,1.987834e-05,0.000000e+00,3.500000e-05,6.706143e-04,-8.352610e-16,-8.316742e-17,0.000000e+00,-8.316742e-17,-1.512166e-05,1.987834e-05,3.500000e-05,3.507658e-17,-2.949621e-17
4.380000e-11,1.003653e+02,7.008597e-04,0.000000e+00,6.716681e+00,1.280589e-15,1.512166e-05,6.660169e+00,-4.296881e-16,1.987834e-05,0.000000e+00,3.500000e-05,7.008597e-04,-6.708396e-16,-6.717812e-17,0.000000e+00,-6.717812e-17,-1.512166e-05,1.987834e-05,3.500000e-05,3.879682e-17,-1.953128e-17
4.390000e-11,1.005763e+02,7.021422e-04,0.000000e+00,6.716681e+00,1.271188e-15,1.512166e-05,6.660169e+00,-2.192286e-16,1.987834e-05,0.000000e+00,3.500000e-05,7.021422e-04,-4.866875e-16,-4.860376e-17,0.000000e+00,-4.860376e-17,-1.512166e-05,1.987834e-05,3.500000e-05,3.853109e-17,-9.964937e-18
4.400000e-11,1.007833e+02,6.745053e-04,0.000000e+00,6.716681e+00,1.151404e-15,1.512166e-05,6.660169e+00,-2.192286e-17,1.987834e-05,0.000000e+00,3.500000e-05,6.745053e-04,-2.893818e-16,-2.911932e-17,0.000000e+00,-2.911932e-17,-1.512166e-05,1.987834e-05,3.500000e-05,3.494371e-17,-9.964937e-19
4.410000e-11,1.009780e+02,6.202221e-04,0.000000e+00,6.716681e+00,9.521152e-16,1.512166e-05,6.660169e+00,1.359217e-16,1.987834e-05,0.000000e+00,3.500000e-05,6.202221e-04,-1.052297e-16,-1.039113e-17,0.000000e+00,-1.039113e-17,-1.512166e-05,1.987834e-05,3.500000e-05,2.883189e-17,6.178261e-18
4.420000e-11,1.011529e+02,5.432622e-04,0.000000e+00,6.716681e+00,7.058434e-16,1.512166e-05,6.660169e+00,2.586898e-16,1.987834e-05,0.000000e+00,3.500000e-05,5.432622e-04,6.138401e-17,5.955048e-18,0.000000e+00,5.955048e-18,-1.512166e-05,1.987834e-05,3.500000e-05,2.139140e-17,1.175863e-17
4.430000e-11,1.013020e+02,4.484777e-04,0.000000e+00,6.716681e+00,4.424840e-16,1.512166e-05,6.660169e+00,3.332275e-16,1.987834e-05,0.000000e+00,3.500000e-05,4.484777e-04,1.885366e-16,1.867145e-17,0.000000e+00,1.867145e-17,-1.512166e-05,1.987834e-05,3.500000e-05,1.341945e-17,1.514670e-17
4.440000e-11,1.014208e+02,3.408093e-04,0.000000e+00,6.716681e+00,1.878995e-16,1.512166e-05,6.660169e+00,3.639195e-16,1.987834e-05,0.000000e+00,3.500000e-05,3.408093e-04,2.718435e-16,2.725341e-17,0.000000e+00,2.725341e-17,-1.512166e-05,1.987834e-05,3.500000e-05,5.713231e-18,1.654180e-17
4.450000e-11,1.015059e+02,2.247353e-04,0.000000e+00,6.716681e+00,-3.739756e-17,1.512166e-05,6.660169e+00,3.595349e-16,1.987834e-05,0.000000e+00,3.500000e-05,2.247353e-04,3.200738e-16,3.208843e-17,0.000000e+00,3.208843e-17,-1.512166e-05,1.987834e-05,3.500000e-05,-1.195792e-18,1.634250e-17
4.460000e-11,1.015554e+02,1.040494e-04,0.000000e+00,6.716681e+00,-2.186241e-16,1.512166e-05,6.660169e+00,3.244584e-16,1.987834e-05,0.000000e+00,3.500000e-05,1.040494e-04,3.332275e-16,3.340005e-17,0.000000e+00,3.340005e-17,-1.512166e-05,1.987834e-05,3.500000e-05,-6.643291e-18,1.474811e-17
4.470000e-11,1.015682e+02,-1.806199e-05,0.000000e+00,6.716681e+00,-3.479106e-16,1.512166e-05,6.660169e+00,2.674589e-16,1.987834e-05,0.000000e+00,3.500000e-05,-1.806199e-05,3.178815e-16,3.141676e-17,0.000000e+00,3.141676e-17,-1.512166e-05,1.987834e-05,3.500000e-05,-1.049640e-17,1.215722e-17
4.480000e-11,1.015443e+02,-1.387395e-04,0.000000e+00,6.716681e+00,-4.232946e-16,1.512166e-05,6.660169e+00,1.973058e-16,1.987834e-05,0.000000e+00,3.500000e-05,-1.387395e-04,2.740358e-16,2.708166e-17,0.000000e+00,2.708166e-17,-1.512166e-05,1.987834e-05,3.500000e-05,-1.275512e-17,8.968444e-18
4.490000e-11,1.014847e+02,-2.550829e-04,0.000000e+00,6.716681e+00,-4.476691e-16,1.512166e-05,6.660169e+00,1.227680e-16,1.987834e-05,0.000000e+00,3.500000e-05,-2.550829e-04,2.126518e-16,2.114991e-17,0.000000e+00,2.114991e-17,-1.512166e-05,1.987834e-05,3.500000e-05,-1.355231e-17,5.580365e-18
4.500000e-11,1.013912e+02,-3.638176e-04,0.000000e+00,6.716681e+00,-4.285367e-16,1.512166e-05,6.660169e+00,4.823030e-17,1.987834e-05,0.000000e+00,3.500000e-05,-3.638176e-04,1.446909e-16,1.436698e-17,0.000000e+00,1.436698e-17,-1.512166e-05,1.987834e-05,3.500000e-05,-1.302085e-17,2.192286e-18
4.510000e-11,1.012666e+02,-4.611162e-04,0.000000e+00,6.716681e+00,-3.748493e-16,1.512166e-05,6.660169e+00,-1.315372e-17,1.987834e-05,0.000000e+00,3.500000e-05,-4.611162e-04,7.453773e-17,7.469054e-18,0.000000e+00,7.469054e-18,-1.512166e-05,1.987834e-05,3.500000e-05,-1.142646e-17,-5.978962e-19
4.520000e-11,1.011151e+02,-5.426794e-04,0.000000e+00,6.716681e+00,-2.983638e-16,1.512166e-05,6.660169e+00,-6.576859e-17,1.987834e-05,0.000000e+00,3.500000e-05,-5.426794e-04,1.315372e-17,1.367935e-18,0.000000e+00,1.367935e-18,-1.512166e-05,1.987834e-05,3.500000e-05,-9.034876e-18,-2.989481e-18
4.530000e-11,1.009422e+02,-6.041282e-04,0.000000e+00,6.716681e+00,-2.089692e-16,1.512166e-05,6.660169e+00,-1.008452e-16,1.987834e-05,0.000000e+00,3.500000e-05,-6.041282e-04,-3.946115e-17,-3.937452e-18,0.000000e+00,-3.937452e-18,-1.512166e-05,1.987834e-05,3.500000e-05,-6.377560e-18,-4.583871e-18
4.540000e-11,1.007546e+02,-6.416555e-04,0.000000e+00,6.716681e+00,-1.172639e-16,1.512166e-05,6.660169e+00,-1.227680e-16,1.987834e-05,0.000000e+00,3.500000e-05,-6.416555e-04,-7.892230e-17,-7.912231e-18,0.000000e+00,-7.912231e-18,-1.512166e-05,1.987834e-05,3.500000e-05,-3.587377e-18,-5.580365e-18
4.550000e-11,1.005599e+02,-6.527530e-04,0.000000e+00,6.716681e+00,-3.150335e-17,1.512166e-05,6.660169e+00,-1.271526e-16,1.987834e-05,0.000000e+00,3.500000e-05,-6.527530e-04,-1.074220e-16,-1.039113e-17,0.000000e+00,-1.039113e-17,-1.512166e-05,1.987834e-05,3.500000e-05,-9.300608e-19,-5.779664e-18
4.560000e-11,1.003660e+02,-6.367548e-04,0.000000e+00,6.716681e+00,4.216485e-17,1.512166e-05,6.660169e+00,-1.183835e-16,1.987834e-05,0.000000e+00,3.500000e-05,-6.367548e-04,-1.139989e-16,-1.138536e-17,0.000000e+00,-1.138536e-17,-1.512166e-05,1.987834e-05,3.500000e-05,1.328658e-18,-5.381066e-18
4.570000e-11,1.001808e+02,-5.949879e-04,0.000000e+00,6.716681e+00,9.872652e-17,1.512166e-05,6.660169e+00,-1.096143e-16,1.987834e-05,0.000000e+00,3.500000e-05,-5.949879e-04,-1.118066e-16,-1.144491e-17,0.000000e+00,-1.144491e-17,-1.512166e-05,1.987834e-05,3.500000e-05,3.055914e-18,-4.982469e-18
4.580000e-11,1.000116e+02,-5.304756e-04,0.000000e+00,6.716681e+00,1.366496e-16,1.512166e-05,6.660169e+00,-8.769145e-17,1.987834e-05,0.000000e+00,3.500000e-05,-5.304756e-04,-1.052297e-16,-1.041335e-17,0.000000e+00,-1.041335e-17,-1.512166e-05,1.987834e-05,3.500000e-05,4.118841e-18,-3.985975e-18
4.590000e-11,9.986462e+01,-4.473303e-04,0.000000e+00,6.716681e+00,1.557187e-16,1.512166e-05,6.660169e+00,-6.138401e-17,1.987834e-05,0.000000e+00,3.500000e-05,-4.473303e-04,-8.769145e-17,-8.662437e-18,0.000000e+00,-8.662437e-18,-1.512166e-05,1.987834e-05,3.500000e-05,4.783170e-18,-2.790182e-18
4.600000e-11,9.974470e+01,-3.500644e-04,0.000000e+00,6.716681e+00,1.574914e-16,1.512166e-05,6.660169e+00,-3.507658e-17,1.987834e-05,0.000000e+00,3.500000e-05,-3.500644e-04,-6.357630e-17,-6.560909e-18,0.000000e+00,-6.560909e-18,-1.512166e-05,1.987834e-05,3.500000e-05,4.783170e-18,-1.594390e-18
4.610000e-11,9.965550e+01,-2.430347e-04,0.000000e+00,6.716681e+00,1.454244e-16,1.512166e-05,6.660169e+00,-8.769145e-18,1.987834e-05,0.000000e+00,3.500000e-05,-2.430347e-04,-4.165344e-17,-4.124734e-18,0.000000e+00,-4.124734e-18,-1.512166e-05,1.987834e-05,3.500000e-05,4.384572e-18,-3.985975e-19
4.620000e-11,9.959940e+01,-1.301385e-04,0.000000e+00,6.716681e+00,1.225693e-16,1.512166e-05,6.660169e+00,1.315372e-17,1.987834e-05,0.000000e+00,3.500000e-05,-1.301385e-04,-1.753829e-17,-1.891159e-18,0.000000e+00,-1.891159e-18,-1.512166e-05,1.987834e-05,3.500000e-05,3.720243e-18,5.978962e-19
4.630000e-11,9.957771e+01,-1.477580e-05,0.000000e+00,6.716681e+00,9.349707e-17,1.512166e-05,6.660169e+00,3.069201e-17,1.987834e-05,0.000000e+00,3.500000e-05,-1.477580e-05,4.384572e-18,3.113454e-19,0.000000e+00,3.113454e-19,-1.512166e-05,1.987834e-05,3.500000e-05,2.790182e-18,1.395091e-18
4.640000e-11,9.959073e+01,9.998563e-05,0.000000e+00,6.716681e+00,6.189243e-17,1.512166e-05,6.660169e+00,4.384572e-17,1.987834e-05,0.000000e+00,3.500000e-05,9.998563e-05,1.973058e-17,2.306718e-18,0.000000e+00,2.306718e-18,-1.512166e-05,1.987834e-05,3.500000e-05,1.860122e-18,1.992987e-18
4.650000e-11,9.963785e+01,2.111361e-04,0.000000e+00,6.716681e+00,3.132608e-17,1.512166e-05,6.660169e+00,4.823030e-17,1.987834e-05,0.000000e+00,3.500000e-05,2.111361e-04,3.726887e-17,3.560083e-18,0.000000e+00,3.560083e-18,-1.512166e-05,1.987834e-05,3.500000e-05,9.300608e-19,2.192286e-18
4.660000e-11,9.971745e+01,3.154520e-04,0.000000e+00,6.716681e+00,3.323806e-18,1.512166e-05,6.660169e+00,4.384572e-17,1.987834e-05,0.000000e+00,3.500000e-05,3.154520e-04,4.165344e-17,4.256565e-18,0.000000e+00,4.256565e-18,-1.512166e-05,1.987834e-05,3.500000e-05,1.328658e-19,1.992987e-18
4.670000e-11,9.982690e+01,4.093336e-04,0.000000e+00,6.716681e+00,-1.930973e-17,1.512166e-05,6.660169e+00,4.384572e-17,1.987834e-05,0.000000e+00,3.500000e-05,4.093336e-04,4.603801e-17,4.400910e-18,0.000000e+00,4.400910e-18,-1.512166e-05,1.987834e-05,3.500000e-05,-5.314633e-19,1.992987e-18
4.680000e-11,9.996241e+01,4.888462e-04,0.000000e+00,6.716681e+00,-3.552357e-17,1.512166e-05,6.660169e+00,3.946115e-17,1.987834e-05,0.000000e+00,3.500000e-05,4.888462e-04,4.603801e-17,4.355600e-18,0.000000e+00,4.355600e-18,-1.512166e-05,1.987834e-05,3.500000e-05,-1.062927e-18,1.793689e-18
4.690000e-11,1.001190e+02,5.500136e-04,0.000000e+00,6.716681e+00,-4.567859e-17,1.512166e-05,6.660169e+00,3.069201e-17,1.987834e-05,0.000000e+00,3.500000e-05,5.500136e-04,3.946115e-17,3.772393e-18,0.000000e+00,3.772393e-18,-1.512166e-05,1.987834e-05,3.500000e-05,-1.328658e-18,1.395091e-18
4.700000e-11,1.002906e+02,5.893318e-04,0.000000e+00,6.716681e+00,-4.953420e-17,1.512166e-05,6.660169e+00,2.630743e-17,1.987834e-05,0.000000e+00,3.500000e-05,5.893318e-04,3.069201e-17,3.186166e-18,0.000000e+00,3.186166e-18,-1.512166e-05,1.987834e-05,3.500000e-05,-1.461524e-18,1.195792e-18
4.710000e-11,1.004702e+02,6.043675e-04,0.000000e+00,6.716681e+00,-4.798942e-17,1.512166e-05,6.660169e+00,1.753829e-17,1.987834e-05,0.000000e+00,3.500000e-05,6.043675e-04,2.849972e-17,2.604039e-18,0.000000e+00,2.604039e-18,-1.512166e-05,1.987834e-05,3.500000e-05,-1.461524e-18,7.971950e-19
4.720000e-11,1.006504e+02,5.942415e-04,0.000000e+00,6.716681e+00,-4.198758e-17,1.512166e-05,6.660169e+00,8.769145e-18,1.987834e-05,0.000000e+00,3.500000e-05,5.942415e-04,1.753829e-17,1.850380e-18,0.000000e+00,1.850380e-18,-1.512166e-05,1.987834e-05,3.500000e-05,-1.328658e-18,3.985975e-19
4.730000e-11,1.008239e+02,5.598141e-04,0.000000e+00,6.716681e+00,-3.297848e-17,1.512166e-05,6.660169e+00,0.000000e+00,1.987834e-05,0.000000e+00,3.500000e-05,5.598141e-04,1.315372e-17,1.107941e-18,0.000000e+00,1.107941e-18,-1.512166e-05,1.987834e-05,3.500000e-05,-1.062927e-18,0.000000e+00
4.740000e-11,1.009837e+02,5.035090e-04,0.000000e+00,6.716681e+00,-2.194345e-17,1.512166e-05,6.660169e+00,0.000000e+00,1.987834e-05,0.000000e+00,3.500000e-05,5.035090e-04,4.384572e-18,3.754269e-19,0.000000e+00,3.754269e-19,-1.512166e-05,1.987834e-05,3.500000e-05,-6.643291e-19,0.000000e+00
4.750000e-11,1.011239e+02,4.288512e-04,0.000000e+00,6.716681e+00,-1.040826e-17,1.512166e-05,6.660169e+00,-4.384572e-18,1.987834e-05,0.000000e+00,3.500000e-05,4.288512e-04,2.192286e-18,1.862031e-19,0.000000e+00,1.862031e-19,-1.512166e-05,1.987834e-05,3.500000e-05,-2.657317e-19,-1.992987e-19
4.760000e-11,1.012395e+02,3.398965e-04,0.000000e+00,6.716681e+00,6.584301e-19,1.512166e-05,6.660169e+00,-8.769145e-18,1.987834e-05,0.000000e+00,3.500000e-05,3.398965e-04,0.000000e+00,-1.706682e-19,0.000000e+00,-1.706682e-19,-1.512166e-05,1.987834e-05,3.500000e-05,0.000000e+00,-3.985975e-19
4.770000e-11,1.013267e+02,2.407314e-04,0.000000e+00,6.716681e+00,1.026265e-17,1.512166e-05,6.660169e+00,-1.315372e-17,1.987834e-05,0.000000e+00,3.500000e-05,2.407314e-04,-8.769145e-18,-8.768592e-19,0.000000e+00,-8.768592e-19,-1.512166e-05,1.987834e-05,3.500000e-05,2.657317e-19,-5.978962e-19
4.780000e-11,1.013832e+02,1.351631e-04,0.000000e+00,6.716681e+00,1.745473e-17,1.512166e-05,6.660169e+00,-1.753829e-17,1.987834e-05,0.000000e+00,3.500000e-05,1.351631e-04,-8.769145e-18,-1.041486e-18,0.000000e+00,-1.041486e-18,-1.512166e-05,1.987834e-05,3.500000e-05,5.314633e-19,-7.971950e-19
4.790000e-11,1.014074e+02,2.662861e-05,0.000000e+00,6.716681e+00,2.214604e-17,1.512166e-05,6.660169e+00,-2.192286e-17,1.987834e-05,0.000000e+00,3.500000e-05,2.662861e-05,-1.753829e-17,-1.732574e-18,0.000000e+00,-1.732574e-18,-1.512166e-05,1.987834e-05,3.500000e-05,6.643291e-19,-9.964937e-19
4.800000e-11,1.013990e+02,-8.171242e-05,0.000000e+00,6.716681e+00,2.357686e-17,1.512166e-05,6.660169e+00,-1.753829e-17,1.987834e-05,0.000000e+00,3.500000e-05,-8.171242e-05,-1.753829e-17,-1.705388e-18,0.000000e+00,-1.705388e-18,-1.512166e-05,1.987834e-05,3.500000e-05,6.643291e-19,-7.971950e-19
4.810000e-11,1.013583e+02,-1.867805e-04,0.000000e+00,6.716681e+00,2.280447e-17,1.512166e-05,6.660169e+00,-8.769145e-18,1.987834e-05,0.000000e+00,3.500000e-05,-1.867805e-04,-1.753829e-17,-1.682948e-18,0.000000e+00,-1.682948e-18,-1.512166e-05,1.987834e-05,3.500000e-05,6.643291e-19,-3.985975e-19
4.820000e-11,1.012869e+02,-2.853697e-04,0.000000e+00,6.716681e+00,1.946167e-17,1.512166e-05,6.660169e+00,-4.384572e-18,1.987834e-05,0.000000e+00,3.500000e-05,-2.853697e-04,-1.315372e-17,-1.130165e-18,0.000000e+00,-1.130165e-18,-1.512166e-05,1.987834e-05,3.500000e-05,5.314633e-19,-1.992987e-19
4.830000e-11,1.011874e+02,-3.740266e-04,0.000000e+00,6.716681e+00,1.514389e-17,1.512166e-05,6.660169e+00,0.000000e+00,1.987834e-05,0.000000e+00,3.500000e-05,-3.740266e-04,-4.384572e-18,-4.026130e-19,0.000000e+00,-4.026130e-19,-1.512166e-05,1.987834e-05,3.500000e-05,3.985975e-19,0.000000e+00
4.840000e-11,1.010632e+02,-4.490943e-04,0.000000e+00,6.716681e+00,9.851127e-18,1.512166e-05,6.660169e+00,0.000000e+00,1.987834e-05,0.000000e+00,3.500000e-05,-4.490943e-04,-4.384572e-18,-3.935510e-19,0.000000e+00,-3.935510e-19,-1.512166e-05,1.987834e-05,3.500000e-05,2.657317e-19,0.000000e+00
4.850000e-11,1.009191e+02,-5.069617e-04,0.000000e+00,6.716681e+00,4.444403e-18,1.512166e-05,6.660169e+00,4.384572e-18,1.987834e-05,0.000000e+00,3.500000e-05,-5.069617e-04,0.000000e+00,-3.193287e-20,0.000000e+00,-3.193287e-20,-1.512166e-05,1.987834e-05,3.500000e-05,1.328658e-19,1.992987e-19
4.860000e-11,1.007608e+02,-5.444885e-04,0.000000e+00,6.716681e+00,1.266212e-20,1.512166e-05,6.660169e+00,4.384572e-18,1.987834e-05,0.000000e+00,3.500000e-05,-5.444885e-04,4.384572e-18,3.223493e-19,0.000000e+00,3.223493e-19,-1.512166e-05,1.987834e-05,3.500000e-05,0.000000e+00,1.992987e-19
4.870000e-11,1.005947e+02,-5.594966e-04,0.000000e+00,6.716681e+00,-3.830290e-18,1.512166e-05,6.660169e+00,4.384572e-18,1.987834e-05,0.000000e+00,3.500000e-05,-5.594966e-04,6.576859e-18,4.958225e-19,0.000000e+00,4.958225e-19,-1.512166e-05,1.987834e-05,3.500000e-05,-1.328658e-19,1.992987e-19
4.880000e-11,1.004277e+02,-5.511690e-04,0.000000e+00,6.716681e+00,-6.198106e-18,1.512166e-05,6.660169e+00,4.384572e-18,1.987834e-05,0.000000e+00,3.500000e-05,-5.511690e-04,6.576859e-18,3.100509e-19,0.000000e+00,3.100509e-19,-1.512166e-05,1.987834e-05,3.500000e-05,-1.328658e-19,1.992987e-19
4.890000e-11,1.002666e+02,-5.202111e-04,0.000000e+00,6.716681e+00,-7.578277e-18,1.512166e-05,6.660169e+00,4.384572e-18,1.987834e-05,0.000000e+00,3.500000e-05,-5.202111e-04,4.384572e-18,3.037938e-19,0.000000e+00,3.037938e-19,-1.512166e-05,1.987834e-05,3.500000e-05,-2.657317e-19,1.992987e-19
4.900000e-11,1.001180e+02,-4.687183e-04,0.000000e+00,6.716681e+00,-7.742884e-18,1.512166e-05,6.660169e+00,8.769145e-18,1.987834e-05,0.000000e+00,3.500000e-05,-4.687183e-04,2.192286e-18,2.958105e-19,0.000000e+00,2.958105e-19,-1.512166e-05,1.987834e-05,3.500000e-05,-2.657317e-19,3.985975e-19
4.910000e-11,9.998748e+01,-3.998064e-04,0.000000e+00,6.716681e+00,-6.932509e-18,1.512166e-05,6.660169e+00,8.769145e-18,1.987834e-05,0.000000e+00,3.500000e-05,-3.998064e-04,4.384572e-18,6.427568e-19,0.000000e+00,6.427568e-19,-1.512166e-05,1.987834e-05,3.500000e-05,-2.657317e-19,3.985975e-19
4.920000e-11,9.987972e+01,-3.171398e-04,0.000000e+00,6.716681e+00,-5.311758e-18,1.512166e-05,6.660169e+00,1.315372e-17,1.987834e-05,0.000000e+00,3.500000e-05,-3.171398e-04,8.769145e-18,9.920765e-19,0.000000e+00,9.920765e-19,-1.512166e-05,1.987834e-05,3.500000e-05,-1.328658e-19,5.978962e-19
4.930000e-11,9.979833e+01,-2.245054e-04,0.000000e+00,6.716681e+00,-3.051570e-18,1.512166e-05,6.660169e+00,1.315372e-17,1.987834e-05,0.000000e+00,3.500000e-05,-2.245054e-04,1.315372e-17,1.160803e-18,0.000000e+00,1.160803e-18,-1.512166e-05,1.987834e-05,3.500000e-05,-1.328658e-19,5.978962e-19
4.940000e-11,9.974577e+01,-1.255317e-04,0.000000e+00,6.716681e+00,2.089249e-19,1.512166e-05,6.660169e+00,1.315372e-17,1.987834e-05,0.000000e+00,3.500000e-05,-1.255317e-04,1.096143e-17,9.717948e-19,0.000000e+00,9.717948e-19,-1.512166e-05,1.987834e-05,3.500000e-05,0.000000e+00,5.978962e-19
4.950000e-11,9.972347e+01,-2.358769e-05,0.000000e+00,6.716681e+00,3.602372e-18,1.512166e-05,6.660169e+00,8.769145e-18,1.987834e-05,0.000000e+00,3.500000e-05,-2.358769e-05,6.576859e-18,9.674795e-19,0.000000e+00,9.674795e-19,-1.512166e-05,1.987834e-05,3.500000e-05,1.328658e-19,3.985975e-19
4.960000e-11,9.973187e+01,7.816528e-05,0.000000e+00,6.716681e+00,6.432355e-18,1.512166e-05,6.660169e+00,4.384572e-18,1.987834e-05,0.000000e+00,3.500000e-05,7.816528e-05,1.096143e-17,9.648904e-19,0.000000e+00,9.648904e-19,-1.512166e-05,1.987834e-05,3.500000e-05,1.328658e-19,1.992987e-19
4.970000e-11,9.977045e+01,1.766339e-04,0.000000e+00,6.716681e+00,9.224352e-18,1.512166e-05,6.660169e+00,0.000000e+00,1.987834e-05,0.000000e+00,3.500000e-05,1.766339e-04,4.384572e-18,6.060772e-19,0.000000e+00,6.060772e-19,-1.512166e-05,1.987834e-05,3.500000e-05,2.657317e-19,0.000000e+00
4.980000e-11,9.983773e+01,2.686460e-04,0.000000e+00,6.716681e+00,1.090841e-17,1.512166e-05,6.660169e+00,0.000000e+00,1.987834e-05,0.000000e+00,3.500000e-05,2.686460e-04,4.384572e-18,2.565417e-19,0.000000e+00,2.565417e-19,-1.512166e-05,1.987834e-05,3.500000e-05,2.657317e-19,0.000000e+00
4.990000e-11,9.993124e+01,3.508779e-04,0.000000e+00,6.716681e+00,1.181375e-17,1.512166e-05,6.660169e+00,0.000000e+00,1.987834e-05,0.000000e+00,3.500000e-05,3.508779e-04,-2.192286e-18,-2.744500e-19,0.000000e+00,-2.744500e-19,-1.512166e-05,1.987834e-05,3.500000e-05,3.985975e-19,0.000000e+00
5.000000e-11,1.000475e+02,4.199215e-04,0.000000e+00,6.716681e+00,1.163649e-17,1.512166e-05,6.660169e+00,0.000000e+00,1.987834e-05,0.000000e+00,3.500000e-05,4.199215e-04,-4.384572e-18,-2.649565e-19,0.000000e+00,-2.649565e-19,-1.512166e-05,1.987834e-05,3.500000e-05,3.985975e-19,0.000000e+00
5.010000e-11,1.001819e+02,4.725156e-04,0.000000e+00,6.716681e+00,1.005372e-17,1.512166e-05,6.660169e+00,-4.384572e-18,1.987834e-05,0.000000e+00,3.500000e-05,4.725156e-04,-4.384572e-18,-2.543841e-19,0.000000e+00,-2.543841e-19,-1.512166e-05,1.987834e-05,3.500000e-05,2.657317e-19,-1.992987e-19
5.020000e-11,1.003292e+02,5.059110e-04,0.000000e+00,6.716681e+00,7.673243e-18,1.512166e-05,6.660169e+00,-4.384572e-18,1.987834e-05,0.000000e+00,3.500000e-05,5.059110e-04,-2.192286e-18,-4.231105e-19,0.000000e+00,-4.231105e-19,-1.512166e-05,1.987834e-05,3.500000e-05,2.657317e-19,-1.992987e-19
5.030000e-11,1.004833e+02,5.182737e-04,0.000000e+00,6.716681e+00,4.944556e-18,1.512166e-05,6.660169e+00,0.000000e+00,1.987834e-05,0.000000e+00,3.500000e-05,5.182737e-04,-4.384572e-18,-2.392807e-19,0.000000e+00,-2.392807e-19,-1.512166e-05,1.987834e-05,3.500000e-05,1.328658e-19,0.000000e+00
5.040000e-11,1.006378e+02,5.089976e-04,0.000000e+00,6.716681e+00,2.602065e-18,1.512166e-05,6.660169e+00,4.384572e-18,1.987834e-05,0.000000e+00,3.500000e-05,5.089976e-04,-2.192286e-18,-5.760862e-20,0.000000e+00,-5.760862e-20,-1.512166e-05,1.987834e-05,3.500000e-05,1.328658e-19,1.992987e-19
5.050000e-11,1.007863e+02,4.788158e-04,0.000000e+00,6.716681e+00,4.051877e-19,1.512166e-05,6.660169e+00,8.769145e-18,1.987834e-05,0.000000e+00,3.500000e-05,4.788158e-04,4.384572e-18,4.768354e-19,0.000000e+00,4.768354e-19,-1.512166e-05,1.987834e-05,3.500000e-05,0.000000e+00,3.985975e-19
5.060000e-11,1.009228e+02,4.296759e-04,0.000000e+00,6.716681e+00,-1.633413e-18,1.512166e-05,6.660169e+00,4.384572e-18,1.987834e-05,0.000000e+00,3.500000e-05,4.296759e-04,6.576859e-18,4.738147e-19,0.000000e+00,4.738147e-19,-1.512166e-05,1.987834e-05,3.500000e-05,0.000000e+00,1.992987e-19
5.070000e-11,1.010421e+02,3.644250e-04,0.000000e+00,6.716681e+00,-3.456758e-18,1.512166e-05,6.660169e+00,4.384572e-18,1.987834e-05,0.000000e+00,3.500000e-05,3.644250e-04,6.576859e-18,2.921426e-19,0.000000e+00,2.921426e-19,-1.512166e-05,1.987834e-05,3.500000e-05,-1.328658e-19,1.992987e-19
5.080000e-11,1.011399e+02,2.864174e-04,0.000000e+00,6.716681e+00,-4.184829e-18,1.512166e-05,6.660169e+00,4.384572e-18,1.987834e-05,0.000000e+00,3.500000e-05,2.864174e-04,4.384572e-18,2.861012e-19,0.000000e+00,2.861012e-19,-1.512166e-05,1.987834e-05,3.500000e-05,-1.328658e-19,1.992987e-19
5.090000e-11,1.012129e+02,1.991601e-04,0.000000e+00,6.716681e+00,-4.121519e-18,1.512166e-05,6.660169e+00,4.384572e-18,1.987834e-05,0.000000e+00,3.500000e-05,1.991601e-04,-2.192286e-18,1.031345e-19,0.000000e+00,1.031345e-19,-1.512166e-05,1.987834e-05,3.500000e-05,-1.328658e-19,1.992987e-19
5.100000e-11,1.012587e+02,1.060769e-04,0.000000e+00,6.716681e+00,-3.418771e-18,1.512166e-05,6.660169e+00,4.384572e-18,1.987834e-05,0.000000e+00,3.500000e-05,1.060769e-04,0.000000e+00,9.795622e-20,0.000000e+00,9.795622e-20,-1.512166e-05,1.987834e-05,3.500000e-05,-1.328658e-19,1.992987e-19
5.110000e-11,1.012761e+02,1.041701e-05,0.000000e+00,6.716681e+00,-2.203208e-18,1.512166e-05,6.660169e+00,4.384572e-18,1.987834e-05,0.000000e+00,3.500000e-05,1.041701e-05,0.000000e+00,9.256216e-20,0.000000e+00,9.256216e-20,-1.512166e-05,1.987834e-05,3.500000e-05,0.000000e+00,1.992987e-19
5.120000e-11,1.012647e+02,-8.471429e-05,0.000000e+00,6.716681e+00,-5.508021e-19,1.512166e-05,6.660169e+00,4.384572e-18,1.987834e-05,0.000000e+00,3.500000e-05,-8.471429e-05,0.000000e+00,9.148335e-20,0.000000e+00,9.148335e-20,-1.512166e-05,1.987834e-05,3.500000e-05,0.000000e+00,1.992987e-19
5.130000e-11,1.012252e+02,-1.762588e-04,0.000000e+00,6.716681e+00,1.038294e-18,1.512166e-05,6.660169e+00,4.384572e-18,1.987834e-05,0.000000e+00,3.500000e-05,-1.762588e-04,0.000000e+00,9.018877e-20,0.000000e+00,9.018877e-20,-1.512166e-05,1.987834e-05,3.500000e-05,0.000000e+00,1.992987e-19
5.140000e-11,1.011591e+02,-2.611108e-04,0.000000e+00,6.716681e+00,2.386809e-18,1.512166e-05,6.660169e+00,4.384572e-18,1.987834e-05,0.000000e+00,3.500000e-05,-2.611108e-04,0.000000e+00,9.083606e-20,0.000000e+00,9.083606e-20,-1.512166e-05,1.987834e-05,3.500000e-05,0.000000e+00,1.992987e-19
5.150000e-11,1.010690e+02,-3.360936e-04,0.000000e+00,6.716681e+00,3.526399e-18,1.512166e-05,6.660169e+00,4.384572e-18,1.987834e-05,0.000000e+00,3.500000e-05,-3.360936e-04,0.000000e+00,9.126758e-20,0.000000e+00,9.126758e-20,-1.512166e-05,1.987834e-05,3.500000e-05,1.328658e-19,1.992987e-19
5.160000e-11,1.009584e+02,-3.980532e-04,0.000000e+00,6.716681e+00,4.495051e-18,1.512166e-05,6.660169e+00,4.384572e-18,1.987834e-05,0.000000e+00,3.500000e-05,-3.980532e-04,0.000000e+00,9.169911e-20,0.000000e+00,9.169911e-20,-1.512166e-05,1.987834e-05,3.500000e-05,1.328658e-19,1.992987e-19
5.170000e-11,1.008315e+02,-4.440846e-04,0.000000e+00,6.716681e+00,5.318089e-18,1.512166e-05,6.660169e+00,4.384572e-18,1.987834e-05,0.000000e+00,3.500000e-05,-4.440846e-04,0.000000e+00,9.213063e-20,0.000000e+00,9.213063e-20,-1.512166e-05,1.987834e-05,3.500000e-05,1.328658e-19,1.992987e-19
5.180000e-11,1.006937e+02,-4.718495e-04,0.000000e+00,6.716681e+00,6.014505e-18,1.512166e-05,6.660169e+00,4.384572e-18,1.987834e-05,0.000000e+00,3.500000e-05,-4.718495e-04,0.000000e+00,9.234640e-20,0.000000e+00,9.234640e-20,-1.512166e-05,1.987834e-05,3.500000e-05,1.328658e-19,1.992987e-19
5.190000e-11,1.005505e+02,-4.799029e-04,0.000000e+00,6.716681e+00,6.533652e-18,1.512166e-05,6.660169e+00,4.384572e-18,1.987834e-05,0.000000e+00,3.500000e-05,-4.799029e-04,0.000000e+00,9.256216e-20,0.000000e+00,9.256216e-20,-1.512166e-05,1.987834e-05,3.500000e-05,2.657317e-19,1.992987e-19
5.200000e-11,1.004080e+02,-4.679236e-04,0.000000e+00,6.716681e+00,6.514659e-18,1.512166e-05,6.660169e+00,4.384572e-18,1.987834e-05,0.000000e+00,3.500000e-05,-4.679236e-04,0.000000e+00,9.644589e-20,0.000000e+00,9.644589e-20,-1.512166e-05,1.987834e-05,3.500000e-05,2.657317e-19,1.992987e-19
5.210000e-11,1.002720e+02,-4.367711e-04,0.000000e+00,6.716681e+00,5.951195e-18,1.512166e-05,6.660169e+00,4.384572e-18,1.987834e-05,0.000000e+00,3.500000e-05,-4.367711e-04,0.000000e+00,1.001139e-19,0.000000e+00,1.001139e-19,-1.512166e-05,1.987834e-05,3.500000e-05,1.328658e-19,1.992987e-19
5.220000e-11,1.001480e+02,-3.883502e-04,0.000000e+00,6.716681e+00,5.349744e-18,1.512166e-05,6.660169e+00,4.384572e-18,1.987834e-05,0.000000e+00,3.500000e-05,-3.883502e-04,0.000000e+00,1.016242e-19,0.000000e+00,1.016242e-19,-1.512166e-05,1.987834e-05,3.500000e-05,1.328658e-19,1.992987e-19
5.230000e-11,1.000408e+02,-3.253340e-04,0.000000e+00,6.716681e+00,4.824266e-18,1.512166e-05,6.660169e+00,4.384572e-18,1.987834e-05,0.000000e+00,3.500000e-05,-3.253340e-04,0.000000e+00,1.033503e-19,0.000000e+00,1.033503e-19,-1.512166e-05,1.987834e-05,3.500000e-05,1.328658e-19,1.992987e-19
5.240000e-11,9.995421e+01,-2.508341e-04,0.000000e+00,6.716681e+00,4.368430e-18,1.512166e-05,6.660169e+00,4.384572e-18,1.987834e-05,0.000000e+00,3.500000e-05,-2.508341e-04,0.000000e+00,1.031345e-19,0.000000e+00,1.031345e-19,-1.512166e-05,1.987834e-05,3.500000e-05,1.328658e-19,1.992987e-19
5.250000e-11,9.989131e+01,-1.681121e-04,0.000000e+00,6.716681e+00,3.982236e-18,1.512166e-05,6.660169e+00,4.384572e-18,1.987834e-05,0.000000e+00,3.500000e-05,-1.681121e-04,0.000000e+00,1.029188e-19,0.000000e+00,1.029188e-19,-1.512166e-05,1.987834e-05,3.500000e-05,1.328658e-19,1.992987e-19
5.260000e-11,9.985405e+01,-8.039017e-05,0.000000e+00,6.716681e+00,3.653021e-18,1.512166e-05,6.660169e+00,4.384572e-18,1.987834e-05,0.000000e+00,3.500000e-05,-8.039017e-05,0.000000e+00,1.029188e-19,0.000000e+00,1.029188e-19,-1.512166e-05,1.987834e-05,3.500000e-05,1.328658e-19,1.992987e-19
5.270000e-11,9.984350e+01,9.222423e-06,0.000000e+00,6.716681e+00,3.368123e-18,1.512166e-05,6.660169e+00,4.384572e-18,1.987834e-05,0.000000e+00,3.500000e-05,9.222423e-06,0.000000e+00,1.027030e-19,0.000000e+00,1.027030e-19,-1.512166e-05,1.987834e-05,3.500000e-05,1.328658e-19,1.992987e-19
5.280000e-11,9.985978e+01,9.771033e-05,0.000000e+00,6.716681e+00,3.127543e-18,1.512166e-05,6.660169e+00,4.384572e-18,1.987834e-05,0.000000e+00,3.500000e-05,9.771033e-05,0.000000e+00,1.024872e-19,0.000000e+00,1.024872e-19,-1.512166e-05,1.987834e-05,3.500000e-05,1.328658e-19,1.992987e-19
5.290000e-11,9.990209e+01,1.820894e-04,0.000000e+00,6.716681e+00,2.924949e-18,1.512166e-05,6.660169e+00,4.384572e-18,1.987834e-05,0.000000e+00,3.500000e-05,1.820894e-04,0.000000e+00,1.024872e-19,0.000000e+00,1.024872e-19,-1.512166e-05,1.987834e-05,3.500000e-05,1.328658e-19,1.992987e-19
5.300000e-11,9.996873e+01,2.593585e-04,0.000000e+00,6.716681e+00,2.747679e-18,1.512166e-05,6.660169e+00,4.384572e-18,1.987834e-05,0.000000e+00,3.500000e-05,2.593585e-04,0.000000e+00,1.024872e-19,0.000000e+00,1.024872e-19,-1.512166e-05,1.987834e-05,3.500000e-05,1.328658e-19,1.992987e-19
5.310000e-11,1.000571e+02,3.265196e-04,0.000000e+00,6.716681e+00,2.595734e-18,1.512166e-05,6.660169e+00,4.384572e-18,1.987834e-05,0.000000e+00,3.500000e-05,3.265196e-04,0.000000e+00,1.022715e-19,0.000000e+00,1.022715e-19,-1.512166e-05,1.987834e-05,3.500000e-05,1.328658e-19,1.992987e-19
5.320000e-11,1.001637e+02,3.806979e-04,0.000000e+00,6.716681e+00,2.475444e-18,1.512166e-05,6.660169e+00,4.384572e-18,1.987834e-05,0.000000e+00,3.500000e-05,3.806979e-04,0.000000e+00,1.022715e-19,0.000000e+00,1.022715e-19,-1.512166e-05,1.987834e-05,3.500000e-05,1.328658e-19,1.992987e-19
5.330000e-11,1.002841e+02,4.193622e-04,0.000000e+00,6.716681e+00,2.367816e-18,1.512166e-05,6.660169e+00,4.384572e-18,1.987834e-05,0.000000e+00,3.500000e-05,4.193622e-04,0.000000e+00,1.022715e-19,0.000000e+00,1.022715e-19,-1.512166e-05,1.987834e-05,3.500000e-05,1.328658e-19,1.992987e-19
5.340000e-11,1.004135e+02,4.405998e-04,0.000000e+00,6.716681e+00,2.279181e-18,1.512166e-05,6.660169e+00,4.384572e-18,1.987834e-05,0.000000e+00,3.500000e-05,4.405998e-04,0.000000e+00,1.022715e-19,0.000000e+00,1.022715e-19,-1.512166e-05,1.987834e-05,3.500000e-05,1.328658e-19,1.992987e-19
5.350000e-11,1.005465e+02,4.433731e-04,0.000000e+00,6.716681e+00,2.203208e-18,1.512166e-05,6.660169e+00,4.384572e-18,1.987834e-05,0.000000e+00,3.500000e-05,4.433731e-04,0.000000e+00,1.022715e-19,0.000000e+00,1.022715e-19,-1.512166e-05,1.987834e-05,3.500000e-05,1.328658e-19,1.992987e-19
5.360000e-11,1.006774e+02,4.276751e-04,0.000000e+00,6.716681e+00,2.209539e-18,1.512166e-05,6.660169e+00,4.384572e-18,1.987834e-05,0.000000e+00,3.500000e-05,4.276751e-04,0.000000e+00,1.022715e-19,0.000000e+00,1.022715e-19,-1.512166e-05,1.987834e-05,3.500000e-05,1.328658e-19,1.992987e-19
5.370000e-11,1.008010e+02,3.945340e-04,0.000000e+00,6.716681e+00,2.165222e-18,1.512166e-05,6.660169e+00,4.384572e-18,1.987834e-05,0.000000e+00,3.500000e-05,3.945340e-04,0.000000e+00,1.020557e-19,0.000000e+00,1.020557e-19,-1.512166e-05,1.987834e-05,3.500000e-05,0.000000e+00,1.992987e-19
5.380000e-11,1.009123e+02,3.458657e-04,0.000000e+00,6.716681e+00,2.190546e-18,1.512166e-05,6.660169e+00,4.384572e-18,1.987834e-05,0.000000e+00,3.500000e-05,3.458657e-04,0.000000e+00,1.022715e-19,0.000000e+00,1.022715e-19,-1.512166e-05,1.987834e-05,3.500000e-05,1.328658e-19,1.992987e-19
5.390000e-11,1.010069e+02,2.842246e-04,0.000000e+00,6.716681e+00,2.158891e-18,1.512166e-05,6.660169e+00,4.384572e-18,1.987834e-05,0.000000e+00,3.500000e-05,2.842246e-04,0.000000e+00,1.020557e-19,0.000000e+00,1.020557e-19,-1.512166e-05,1.987834e-05,3.500000e-05,0.000000e+00,1.992987e-19
5.400000e-11,1.010815e+02,2.125283e-04,0.000000e+00,6.716681e+00,2.184215e-18,1.512166e-05,6.660169e+00,4.384572e-18,1.987834e-05,0.000000e+00,3.500000e-05,2.125283e-04,0.000000e+00,1.022715e-19,0.000000e+00,1.022715e-19,-1.512166e-05,1.987834e-05,3.500000e-05,1.328658e-19,1.992987e-19
5.410000e-11,1.011335e+02,1.338265e-04,0.000000e+00,6.716681e+00,2.152560e-18,1.512166e-05,6.660169e+00,4.384572e-18,1.987834e-05,0.000000e+00,3.500000e-05,1.338265e-04,0.000000e+00,1.020557e-19,0.000000e+00,1.020557e-19,-1.512166e-05,1.987834e-05,3.500000e-05,0.000000e+00,1.992987e-19
5.420000e-11,1.011612e+02,5.115414e-05,0.000000e+00,6.716681e+00,2.177884e-18,1.512166e-05,6.660169e+00,4.384572e-18,1.987834e-05,0.000000e+00,3.500000e-05,5.115414e-05,0.000000e+00,1.022715e-19,0.000000e+00,1.022715e-19,-1.512166e-05,1.987834e-05,3.500000e-05,1.328658e-19,1.992987e-19
5.430000e-11,1.011638e+02,-3.252414e-05,0.000000e+00,6.716681e+00,2.146229e-18,1.512166e-05,6.660169e+00,4.384572e-18,1.987834e-05,0.000000e+00,3.500000e-05,-3.252414e-05,0.000000e+00,1.020557e-19,0.000000e+00,1.020557e-19,-1.512166e-05,1.987834e-05,3.500000e-05,0.000000e+00,1.992987e-19
5.440000e-11,1.011416e+02,-1.143039e-04,0.000000e+00,6.716681e+00,2.177884e-18,1.512166e-05,6.660169e+00,4.384572e-18,1.987834e-05,0.000000e+00,3.500000e-05,-1.143039e-04,0.000000e+00,1.022715e-19,0.000000e+00,1.022715e-19,-1.512166e-05,1.987834e-05,3.500000e-05,1.328658e-19,1.992987e-19
5.450000e-11,1.010954e+02,-1.913078e-04,0.000000e+00,6.716681e+00,2.146229e-18,1.512166e-05,6.660169e+00,4.384572e-18,1.987834e-05,0.000000e+00,3.500000e-05,-1.913078e-04,0.000000e+00,1.020557e-19,0.000000e+00,1.020557e-19,-1.512166e-05,1.987834e-05,3.500000e-05,0.000000e+00,1.992987e-19
5.460000e-11,1.010272e+02,-2.606785e-04,0.000000e+00,6.716681e+00,2.177884e-18,1.512166e-05,6.660169e+00,4.384572e-18,1.987834e-05,0.000000e+00,3.500000e-05,-2.606785e-04,0.000000e+00,1.022715e-19,0.000000e+00,1.022715e-19,-1.512166e-05,1.987834e-05,3.500000e-05,1.328658e-19,1.992987e-19
5.470000e-11,1.009397e+02,-3.196353e-04,0.000000e+00,6.716681e+00,2.146229e-18,1.512166e-05,6.660169e+00,4.384572e-18,1.987834e-05,0.000000e+00,3.500000e-05,-3.196353e-04,0.000000e+00,1.020557e-19,0.000000e+00,1.020557e-19,-1.512166e-05,1.987834e-05,3.500000e-05,0.000000e+00,1.992987e-19
5.480000e-11,1.008365e+02,-3.656146e-04,0.000000e+00,6.716681e+00,2.177884e-18,1.512166e-05,6.660169e+00,4.384572e-18,1.987834e-05,0.000000e+00,3.500000e-05,-3.656146e-04,0.000000e+00,1.022715e-19,0.000000e+00,1.022715e-19,-1.512166e-05,1.987834e-05,3.500000e-05,1.328658e-19,1.992987e-19
5.490000e-11,1.007218e+02,-3.964785e-04,0.000000e+00,6.716681e+00,2.146229e-18,1.512166e-05,6.660169e+00,4.384572e-18,1.987834e-05,0.000000e+00,3.500000e-05,-3.964785e-04,0.000000e+00,1.020557e-19,0.000000e+00,1.020557e-19,-1.512166e-05,1.987834e-05,3.500000e-05,0.000000e+00,1.992987e-19
5.500000e-11,1.006003e+02,-4.107471e-04,0.000000e+00,6.716681e+00,2.177884e-18,1.512166e-05,6.660169e+00,4.384572e-18,1.987834e-05,0.000000e+00,3.500000e-05,-4.107471e-04,0.000000e+00,1.022715e-19,0.000000e+00,1.022715e-19,-1.512166e-05,1.987834e-05,3.500000e-05,1.328658e-19,1.992987e-19
5.510000e-11,1.004772e+02,-4.077886e-04,0.000000e+00,6.716681e+00,2.146229e-18,1.512166e-05,6.660169e+00,4.384572e-18,1.987834e-05,0.000000e+00,3.500000e-05,-4.077886e-04,0.000000e+00,1.020557e-19,0.000000e+00,1.020557e-19,-1.512166e-05,1.987834e-05,3.500000e-05,0.000000e+00,1.992987e-19
5.520000e-11,1.003576e+02,-3.879092e-04,0.000000e+00,6.716681e+00,2.177884e-18,1.512166e-05,6.660169e+00,4.384572e-18,1.987834e-05,0.000000e+00,3.500000e-05,-3.879092e-04,0.000000e+00,1.022715e-19,0.000000e+00,1.022715e-19,-1.512166e-05,1.987834e-05,3.500000e-05,1.328658e-19,1.992987e-19
5.530000e-11,1.002464e+02,-3.523126e-04,0.000000e+00,6.716681e+00,2.146229e-18,1.512166e-05,6.660169e+00,4.384572e-18,1.987834e-05,0.000000e+00,3.500000e-05,-3.523126e-04,0.000000e+00,1.020557e-19,0.000000e+00,1.020557e-19,-1.512166e-05,1.987834e-05,3.500000e-05,0.000000e+00,1.992987e-19
5.540000e-11,1.001479e+02,-3.029447e-04,0.000000e+00,6.716681e+00,2.177884e-18,1.512166e-05,6.660169e+00,4.384572e-18,1.987834e-05,0.000000e+00,3.500000e-05,-3.029447e-04,0.000000e+00,1.022715e-19,0.000000e+00,1.022715e-19,-1.512166e-05,1.987834e-05,3.500000e-05,1.328658e-19,1.992987e-19
5.550000e-11,1.000660e+02,-2.422704e-04,0.000000e+00,6.716681e+00,2.146229e-18,1.512166e-05,6.660169e+00,4.384572e-18,1.987834e-05,0.000000e+00,3.500000e-05,-2.422704e-04,0.000000e+00,1.020557e-19,0.000000e+00,1.020557e-19,-1.512166e-05,1.987834e-05,3.500000e-05,0.000000e+00,1.992987e-19
5.560000e-11,1.000037e+02,-1.730458e-04,0.000000e+00,6.716681e+00,2.177884e-18,1.512166e-05,6.660169e+00,4.384572e-18,1.987834e-05,0.000000e+00,3.500000e-05,-1.730458e-04,0.000000e+00,1.022715e-19,0.000000e+00,1.022715e-19,-1.512166e-05,1.987834e-05,3.500000e-05,1.328658e-19,1.992987e-19
5.570000e-11,9.996303e+01,-9.813615e-05,0.000000e+00,6.716681e+00,2.146229e-18,1.512166e-05,6.660169e+00,4.384572e-18,1.987834e-05,0.000000e+00,3.500000e-05,-9.813615e-05,0.000000e+00,1.020557e-19,0.000000e+00,1.020557e-19,-1.512166e-05,1.987834e-05,3.500000e-05,0.000000e+00,1.992987e-19
5.580000e-11,9.994534e+01,-2.040543e-05,0.000000e+00,6.716681e+00,2.177884e-18,1.512166e-05,6.660169e+00,4.384572e-18,1.987834e-05,0.000000e+00,3.500000e-05,-2.040543e-05,0.000000e+00,1.022715e-19,0.000000e+00,1.022715e-19,-1.512166e-05,1.987834e-05,3.500000e-05,1.328658e-19,1.992987e-19
5.590000e-11,9.995106e+01,5.732597e-05,0.000000e+00,6.716681e+00,2.146229e-18,1.512166e-05,6.660169e+00,4.384572e-18,1.987834e-05,0.000000e+00,3.500000e-05,5.732597e-05,0.000000e+00,1.020557e-19,0.000000e+00,1.020557e-19,-1.512166e-05,1.987834e-05,3.500000e-05,0.000000e+00,1.992987e-19
5.600000e-11,9.997976e+01,1.322808e-04,0.000000e+00,6.716681e+00,2.177884e-18,1.512166e-05,6.660169e+00,4.384572e-18,1.987834e-05,0.000000e+00,3.500000e-05,1.322808e-04,0.000000e+00,1.022715e-19,0.000000e+00,1.022715e-19,-1.512166e-05,1.987834e-05,3.500000e-05,1.328658e-19,1.992987e-19
5.610000e-11,1.000302e+02,2.017194e-04,0.000000e+00,6.716681e+00,2.146229e-18,1.512166e-05,6.660169e+00,4.384572e-18,1.987834e-05,0.000000e+00,3.500000e-05,2.017194e-04,0.000000e+00,1.020557e-19,0.000000e+00,1.020557e-19,-1.512166e-05,1.987834e-05,3.500000e-05,0.000000e+00,1.992987e-19
5.620000e-11,1.001003e+02,2.629672e-04,0.000000e+00,6.716681e+00,2.177884e-18,1.512166e-05,6.660169e+00,4.384572e-18,1.987834e-05,0.000000e+00,3.500000e-05,2.629672e-04,0.000000e+00,1.022715e-19,0.000000e+00,1.022715e-19,-1.512166e-05,1.987834e-05,3.500000e-05,1.328658e-19,1.992987e-19
5.630000e-11,1.001871e+02,3.135011e-04,0.000000e+00,6.716681e+00,2.146229e-18,1.512166e-05,6.660169e+00,4.384572e-18,1.987834e-05,0.000000e+00,3.500000e-05,3.135011e-04,0.000000e+00,1.020557e-19,0.000000e+00,1.020557e-19,-1.512166e-05,1.987834e-05,3.500000e-05,0.000000e+00,1.992987e-19
5.640000e-11,1.002872e+02,3.510993e-04,0.000000e+00,6.716681e+00,2.177884e-18,1.512166e-05,6.660169e+00,4.384572e-18,1.987834e-05,0.000000e+00,3.500000e-05,3.510993e-04,0.000000e+00,1.022715e-19,0.000000e+00,1.022715e-19,-1.512166e-05,1.987834e-05,3.500000e-05,1.328658e-19,1.992987e-19
5.650000e-11,1.003963e+02,3.740318e-04,0.000000e+00,6.716681e+00,2.146229e-18,1.512166e-05,6.660169e+00,4.384572e-18,1.987834e-05,0.000000e+00,3.500000e-05,3.740318e-04,0.000000e+00,1.020557e-19,0.000000e+00,1.020557e-19,-1.512166e-05,1.987834e-05,3.500000e-05,0.000000e+00,1.992987e-19
5.660000e-11,1.005099e+02,3.812469e-04,0.000000e+00,6.716681e+00,2.177884e-18,1.512166e-05,6.660169e+00,4.384572e-18,1.987834e-05,0.000000e+00,3.500000e-05,3.812469e-04,0.000000e+00,1.022715e-19,0.000000e+00,1.022715e-19,-1.512166e-05,1.987834e-05,3.500000e-05,1.328658e-19,1.992987e-19
5.670000e-11,1.006233e+02,3.725008e-04,0.000000e+00,6.716681e+00,2.146229e-18,1.512166e-05,6.660169e+00,4.384572e-18,1.987834e-05,0.000000e+00,3.500000e-05,3.725008e-04,0.000000e+00,1.020557e-19,0.000000e+00,1.020557e-19,-1.512166e-05,1.987834e-05,3.500000e-05,0.000000e+00,1.992987e-19
5.680000e-11,1.007316e+02,3.483905e-04,0.000000e+00,6.716681e+00,2.177884e-18,1.512166e-05,6.660169e+00,4.384572e-18,1.987834e-05,0.000000e+00,3.500000e-05,3.483905e-04,0.000000e+00,1.022715e-19,0.000000e+00,1.022715e-19,-1.512166e-05,1.987834e-05,3.500000e-05,1.328658e-19,1.992987e-19
5.690000e-11,1.008306e+02,3.102801e-04,0.000000e+00,6.716681e+00,2.146229e-18,1.512166e-05,6.660169e+00,4.384572e-18,1.987834e-05,0.000000e+00,3.500000e-05,3.102801e-04,0.000000e+00,1.020557e-19,0.000000e+00,1.020557e-19,-1.512166e-05,1.987834e-05,3.500000e-05,0.000000e+00,1.992987e-19
5.700000e-11,1.009163e+02,2.601438e-04,0.000000e+00,6.716681e+00,2.177884e-18,1.512166e-05,6.660169e+00,4.384572e-18,1.987834e-05,0.000000e+00,3.500000e-05,2.601438e-04,0.000000e+00,1.022715e-19,0.000000e+00,1.022715e-19,-1.512166e-05,1.987834e-05,3.500000e-05,1.328658e-19,1.992987e-19
5.710000e-11,1.009854e+02,2.003690e-04,0.000000e+00,6.716681e+00,2.146229e-18,1.512166e-05,6.660169e+00,4.384572e-18,1.987834e-05,0.000000e+00,3.500000e-05,2.003690e-04,0.000000e+00,1.020557e-19,0.000000e+00,1.020557e-19,-1.512166e-05,1.987834e-05,3.500000e-05,0.000000e+00,1.992987e-19
5.720000e-11,1.010355e+02,1.335711e-04,0.000000e+00,6.716681e+00,2.177884e-18,1.512166e-05,6.660169e+00,4.384572e-18,1.987834e-05,0.000000e+00,3.500000e-05,1.335711e-04,0.000000e+00,1.022715e-19,0.000000e+00,1.022715e-19,-1.512166e-05,1.987834e-05,3.500000e-05,1.328658e-19,1.992987e-19
5.730000e-11,1.010649e+02,6.245233e-05,0.000000e+00,6.716681e+00,2.146229e-18,1.512166e-05,6.660169e+00,4.384572e-18,1.987834e-05,0.000000e+00,3.500000e-05,6.245233e-05,0.000000e+00,1.020557e-19,0.000000e+00,1.020557e-19,-1.512166e-05,1.987834e-05,3.500000e-05,0.000000e+00,1.992987e-19
5.740000e-11,1.010726e+02,-1.028136e-05,0.000000e+00,6.716681e+00,2.177884e-18,1.512166e-05,6.660169e+00,4.384572e-18,1.987834e-05,0.000000e+00,3.500000e-05,-1.028136e-05,0.000000e+00,1.022715e-19,0.000000e+00,1.022715e-19,-1.512166e-05,1.987834e-05,3.500000e-05,1.328658e-19,1.992987e-19
5.750000e-11,1.010586e+02,-8.195452e-05,0.000000e+00,6.716681e+00,2.146229e-18,1.512166e-05,6.660169e+00,4.384572e-18,1.987834e-05,0.000000e+00,3.500000e-05,-8.195452e-05,0.000000e+00,1.020557e-19,0.000000e+00,1.020557e-19,-1.512166e-05,1.987834e-05,3.500000e-05,0.000000e+00,1.992987e-19
5.760000e-11,1.010235e+02,-1.499338e-04,0.000000e+00,6.716681e+00,2.177884e-18,1.512166e-05,6.660169e+00,4.384572e-18,1.987834e-05,0.000000e+00,3.500000e-05,-1.499338e-04,0.000000e+00,1.022715e-19,0.000000e+00,1.022715e-19,-1.512166e-05,1.987834e-05,3.500000e-05,1.328658e-19,1.992987e-19
5.770000e-11,1.009689e+02,-2.116481e-04,0.000000e+00,6.716681e+00,2.146229e-18,1.512166e-05,6.660169e+00,4.384572e-18,1.987834e-05,0.000000e+00,3.500000e-05,-2.116481e-04,0.000000e+00,1.020557e-19,0.000000e+00,1.020557e-19,-1.512166e-05,1.987834e-05,3.500000e-05,0.000000e+00,1.992987e-19
5.780000e-11,1.008972e+02,-2.646442e-04,0.000000e+00,6.716681e+00,2.177884e-18,1.512166e-05,6.660169e+00,4.384572e-18,1.987834e-05,0.000000e+00,3.500000e-05,-2.646442e-04,0.000000e+00,1.022715e-19,0.000000e+00,1.022715e-19,-1.512166e-05,1.987834e-05,3.500000e-05,1.328658e-19,1.992987e-19
5.790000e-11,1.008111e+02,-3.066931e-04,0.000000e+00,6.716681e+00,2.146229e-18,1.512166e-05,6.660169e+00,4.384572e-18,1.987834e-05,0.000000e+00,3.500000e-05,-3.066931e-04,0.000000e+00,1.020557e-19,0.000000e+00,1.020557e-19,-1.512166e-05,1.987834e-05,3.500000e-05,0.000000e+00,1.992987e-19
5.800000e-11,1.007144e+02,-3.359387e-04,0.000000e+00,6.716681e+00,2.177884e-18,1.512166e-05,6.660169e+00,4.384572e-18,1.987834e-05,0.000000e+00,3.500000e-05,-3.359387e-04,0.000000e+00,1.022715e-19,0.000000e+00,1.022715e-19,-1.512166e-05,1.987834e-05,3.500000e-05,1.328658e-19,1.992987e-19
5.810000e-11,1.006110e+02,-3.510630e-04,0.000000e+00,6.716681e+00,2.146229e-18,1.512166e-05,6.660169e+00,4.384572e-18,1.987834e-05,0.000000e+00,3.500000e-05,-3.510630e-04,0.000000e+00,1.020557e-19,0.000000e+00,1.020557e-19,-1.512166e-05,1.987834e-05,3.500000e-05,0.000000e+00,1.992987e-19
5.820000e-11,1.005054e+02,-3.514253e-04,0.000000e+00,6.716681e+00,2.177884e-18,1.512166e-05,6.660169e+00,4.384572e-18,1.987834e-05,0.000000e+00,3.500000e-05,-3.514253e-04,0.000000e+00,1.022715e-19,0.000000e+00,1.022715e-19,-1.512166e-05,1.987834e-05,3.500000e-05,1.328658e-19,1.992987e-19
5.830000e-11,1.004018e+02,-3.371374e-04,0.000000e+00,6.716681e+00,2.146229e-18,1.512166e-05,6.660169e+00,4.384572e-18,1.987834e-05,0.000000e+00,3.500000e-05,-3.371374e-04,0.000000e+00,1.020557e-19,0.000000e+00,1.020557e-19,-1.512166e-05,1.987834e-05,3.500000e-05,0.000000e+00,1.992987e-19
5.840000e-11,1.003047e+02,-3.090516e-04,0.000000e+00,6.716681e+00,2.177884e-18,1.512166e-05,6.660169e+00,4.384572e-18,1.987834e-05,0.000000e+00,3.500000e-05,-3.090516e-04,0.000000e+00,1.022715e-19,0.000000e+00,1.022715e-19,-1.512166e-05,1.987834e-05,3.500000e-05,1.328658e-19,1.992987e-19
5.850000e-11,1.002179e+02,-2.686646e-04,0.000000e+00,6.716681e+00,2.146229e-18,1.512166e-05,6.660169e+00,4.384572e-18,1.987834e-05,0.000000e+00,3.500000e-05,-2.686646e-04,0.000000e+00,1.020557e-19,0.000000e+00,1.020557e-19,-1.512166e-05,1.987834e-05,3.500000e-05,0.000000e+00,1.992987e-19
5.860000e-11,1.001449e+02,-2.179659e-04,0.000000e+00,6.716681e+00,2.177884e-18,1.512166e-05,6.660169e+00,4.384572e-18,1.987834e-05,0.000000e+00,3.500000e-05,-2.179659e-04,0.000000e+00,1.022715e-19,0.000000e+00,1.022715e-19,-1.512166e-05,1.987834e-05,3.500000e-05,1.328658e-19,1.992987e-19
5.870000e-11,1.000882e+02,-1.592685e-04,0.000000e+00,6.716681e+00,2.146229e-18,1.512166e-05,6.660169e+00,4.384572e-18,1.987834e-05,0.000000e+00,3.500000e-05,-1.592685e-04,0.000000e+00,1.020557e-19,0.000000e+00,1.020557e-19,-1.512166e-05,1.987834e-05,3.500000e-05,0.000000e+00,1.992987e-19
5.880000e-11,1.000501e+02,-9.505976e-05,0.000000e+00,6.716681e+00,2.177884e-18,1.512166e-05,6.660169e+00,4.384572e-18,1.987834e-05,0.000000e+00,3.500000e-05,-9.505976e-05,0.000000e+00,1.022715e-19,0.000000e+00,1.022715e-19,-1.512166e-05,1.987834e-05,3.500000e-05,1.328658e-19,1.992987e-19
5.890000e-11,1.000317e+02,-2.789337e-05,0.000000e+00,6.716681e+00,2.146229e-18,1.512166e-05,6.660169e+00,4.384572e-18,1.987834e-05,0.000000e+00,3.500000e-05,-2.789337e-05,0.000000e+00,1.020557e-19,0.000000e+00,1.020557e-19,-1.512166e-05,1.987834e-05,3.500000e-05,0.000000e+00,1.992987e-19
5.900000e-11,1.000337e+02,3.967470e-05,0.000000e+00,6.716681e+00,2.177884e-18,1.512166e-05,6.660169e+00,4.384572e-18,1.987834e-05,0.000000e+00,3.500000e-05,3.967470e-05,0.000000e+00,1.022715e-19,0.000000e+00,1.022715e-19,-1.512166e-05,1.987834e-05,3.500000e-05,1.328658e-19,1.992987e-19
5.910000e-11,1.000556e+02,1.051189e-04,0.000000e+00,6.716681e+00,2.146229e-18,1.512166e-05,6.660169e+00,4.384572e-18,1.987834e-05,0.000000e+00,3.500000e-05,1.051189e-04,0.000000e+00,1.020557e-19,0.000000e+00,1.020557e-19,-1.512166e-05,1.987834e-05,3.500000e-05,0.000000e+00,1.992987e-19
5.920000e-11,1.000965e+02,1.659695e-04,0.000000e+00,6.716681e+00,2.177884e-18,1.512166e-05,6.660169e+00,4.384572e-18,1.987834e-05,0.000000e+00,3.500000e-05,1.659695e-04,0.000000e+00,1.022715e-19,0.000000e+00,1.022715e-19,-1.512166e-05,1.987834e-05,3.500000e-05,1.328658e-19,1.992987e-19
5.930000e-11,1.001547e+02,2.198549e-04,0.000000e+00,6.716681e+00,2.146229e-18,1.512166e-05,6.660169e+00,4.384572e-18,1.987834e-05,0.000000e+00,3.500000e-05,2.198549e-04,0.000000e+00,1.020557e-19,0.000000e+00,1.020557e-19,-1.512166e-05,1.987834e-05,3.500000e-05,0.000000e+00,1.992987e-19
5.940000e-11,1.002277e+02,2.645792e-04,0.000000e+00,6.716681e+00,2.177884e-18,1.512166e-05,6.660169e+00,4.384572e-18,1.987834e-05,0.000000e+00,3.500000e-05,2.645792e-04,0.000000e+00,1.022715e-19,0.000000e+00,1.022715e-19,-1.512166e-05,1.987834e-05,3.500000e-05,1.328658e-19,1.992987e-19
5.950000e-11,1.003124e+02,2.982365e-04,0.000000e+00,6.716681e+00,2.146229e-18,1.512166e-05,6.660169e+00,4.384572e-18,1.987834e-05,0.000000e+00,3.500000e-05,2.982365e-04,0.000000e+00,1.020557e-19,0.000000e+00,1.020557e-19,-1.512166e-05,1.987834e-05,3.500000e-05,0.000000e+00,1.992987e-19
5.960000e-11,1.004054e+02,3.193497e-04,0.000000e+00,6.716681e+00,2.177884e-18,1.512166e-05,6.660169e+00,4.384572e-18,1.987834e-05,0.000000e+00,3.500000e-05,3.193497e-04,0.000000e+00,1.022715e-19,0.000000e+00,1.022715e-19,-1.512166e-05,1.987834e-05,3.500000e-05,1.328658e-19,1.992987e-19
5.970000e-11,1.005026e+02,3.270035e-04,0.000000e+00,6.716681e+00,2.146229e-18,1.512166e-05,6.660169e+00,4.384572e-18,1.987834e-05,0.000000e+00,3.500000e-05,3.270035e-04,0.000000e+00,1.020557e-19,0.000000e+00,1.020557e-19,-1.512166e-05,1.987834e-05,3.500000e-05,0.000000e+00,1.992987e-19
5.980000e-11,1.006000e+02,3.209387e-04,0.000000e+00,6.716681e+00,2.177884e-18,1.512166e-05,6.660169e+00,4.384572e-18,1.987834e-05,0.000000e+00,3.500000e-05,3.209387e-04,0.000000e+00,1.022715e-19,0.000000e+00,1.022715e-19,-1.512166e-05,1.987834e-05,3.500000e-05,1.328658e-19,1.992987e-19
5.990000e-11,1.006936e+02,3.015804e-04,0.000000e+00,6.716681e+00,2.146229e-18,1.512166e-05,6.660169e+00,4.384572e-18,1.987834e-05,0.000000e+00,3.500000e-05,3.015804e-04,0.000000e+00,1.020557e-19,0.000000e+00,1.020557e-19,-1.512166e-05,1.987834e-05,3.500000e-05,0.000000e+00,1.992987e-19
6.000000e-11,1.007795e+02,2.699926e-04,0.000000e+00,6.716681e+00,2.177884e-18,1.512166e-05,6.660169e+00,4.384572e-18,1.987834e-05,0.000000e+00,3.500000e-05,2.699926e-04,0.000000e+00,1.022715e-19,0.000000e+00,1.022715e-19,-1.512166e-05,1.987834e-05,3.500000e-05,1.328658e-19,1.992987e-19
6.010000e-11,1.008569e+02,2.407228e-04,6.840000e-06,6.719988e+00,1.632584e-05,2.132956e-05,6.660212e+00,2.115647e-07,1.999901e-05,6.840000e-06,3.500000e-05,3.391287e-04,7.088784e-08,7.088784e-09,6.840000e-06,7.088784e-09,-1.498428e-05,2.001572e-05,3.500000e-05,4.947224e-07,9.616580e-09
6.020000e-11,1.009270e+02,2.190927e-04,1.368000e-05,6.731397e+00,5.087832e-05,2.665286e-05,6.660461e+00,1.158792e-06,2.038759e-05,1.368000e-05,3.500000e-05,3.246910e-04,4.511178e-07,4.511178e-08,1.368000e-05,4.511178e-08,-1.451462e-05,2.048538e-05,3.500000e-05,1.541767e-06,5.267236e-08
6.030000e-11,1.009924e+02,2.074332e-04,2.052000e-05,6.755576e+00,1.005853e-04,3.100330e-05,6.661275e+00,3.609812e-06,2.114520e-05,2.052000e-05,3.500000e-05,3.627386e-04,1.593760e-06,1.593760e-07,2.052000e-05,1.593760e-07,-1.353134e-05,2.146866e-05,3.500000e-05,3.048041e-06,1.640824e-07
6.040000e-11,1.010561e+02,2.067823e-04,2.736000e-05,6.796151e+00,1.605163e-04,3.440264e-05,6.663248e+00,8.401216e-06,2.229856e-05,2.736000e-05,3.500000e-05,4.220186e-04,4.127958e-06,4.127958e-07,2.736000e-05,4.127958e-07,-1.190677e-05,2.309323e-05,3.500000e-05,4.864131e-06,3.818735e-07
6.050000e-11,1.011214e+02,2.174847e-04,3.420000e-05,6.855324e+00,2.253454e-04,3.695394e-05,6.667195e+00,1.623846e-05,2.380456e-05,3.420000e-05,3.500000e-05,4.975501e-04,8.747451e-06,8.747451e-07,3.420000e-05,8.747451e-07,-9.582584e-06,2.541742e-05,3.500000e-05,6.828648e-06,7.381119e-07
6.060000e-11,1.011917e+02,2.394371e-04,4.104000e-05,6.933832e+00,2.901899e-04,3.881505e-05,6.674089e+00,2.753585e-05,2.557302e-05,4.104000e-05,3.500000e-05,5.843471e-04,1.606666e-05,1.606666e-06,4.104000e-05,1.606666e-06,-6.568689e-06,2.843131e-05,3.500000e-05,8.793635e-06,1.251629e-06
6.070000e-11,1.012703e+02,2.722408e-04,4.788000e-05,7.031134e+00,3.511552e-04,4.017022e-05,6.684962e+00,4.233105e-05,2.749566e-05,4.788000e-05,3.500000e-05,6.781160e-04,2.648919e-05,2.648919e-06,4.788000e-05,2.648919e-06,-2.931286e-06,3.206871e-05,3.500000e-05,1.064107e-05,1.924139e-06
6.080000e-11,1.013603e+02,3.153526e-04,5.472000e-05,7.145744e+00,4.056696e-04,4.120133e-05,6.700798e+00,6.028326e-05,2.947325e-05,5.472000e-05,3.500000e-05,7.757422e-04,4.012249e-05,4.012249e-06,5.472000e-05,4.012249e-06,1.225652e-06,3.622565e-05,3.500000e-05,1.229302e-05,2.740148e-06
6.090000e-11,1.014649e+02,3.682708e-04,6.156000e-05,7.275636e+00,4.526279e-04,4.206234e-05,6.722433e+00,8.074470e-05,3.143591e-05,6.156000e-05,3.500000e-05,8.756187e-04,5.675530e-05,5.675530e-06,6.156000e-05,5.675530e-06,5.781658e-06,4.078166e-05,3.500000e-05,1.371600e-05,3.670214e-06
6.100000e-11,1.015871e+02,4.307761e-04,6.840000e-05,7.418668e+00,4.923513e-04,4.285967e-05,6.750485e+00,1.028834e-04,3.335430e-05,6.840000e-05,3.500000e-05,9.778474e-04,7.589777e-05,7.589777e-06,6.840000e-05,7.589777e-06,1.062060e-05,4.562060e-05,3.500000e-05,1.491974e-05,4.676518e-06
6.110000e-11,1.017271e+02,4.902916e-04,6.840000e-05,7.569670e+00,5.100698e-04,3.743226e-05,6.785282e+00,1.256184e-04,3.512113e-05,6.840000e-05,3.500000e-05,9.730014e-04,9.680023e-05,9.680023e-06,6.840000e-05,9.680023e-06,1.551108e-05,5.051108e-05,3.500000e-05,1.545666e-05,5.709928e-06
6.120000e-11,1.018840e+02,5.441701e-04,6.840000e-05,7.722409e+00,5.055307e-04,3.288867e-05,6.826791e+00,1.476514e-04,3.663364e-05,6.840000e-05,3.500000e-05,1.049701e-03,1.184716e-04,1.184716e-05,6.840000e-05,1.184716e-05,2.019222e-05,5.519222e-05,3.500000e-05,1.531911e-05,6.711427e-06
6.130000e-11,1.020566e+02,5.937389e-04,6.840000e-05,7.871253e+00,4.834453e-04,2.930517e-05,6.874584e+00,1.676296e-04,3.785085e-05,6.840000e-05,3.500000e-05,1.077184e-03,1.397460e-04,1.397460e-05,6.840000e-05,1.397460e-05,2.444498e-05,5.944498e-05,3.500000e-05,1.464986e-05,7.619526e-06
6.140000e-11,1.022443e+02,6.424472e-04,6.840000e-05,8.011992e+00,4.498453e-04,2.664249e-05,6.927861e+00,1.843635e-04,3.880456e-05,6.840000e-05,3.500000e-05,1.092292e-03,1.594111e-04,1.594111e-05,6.840000e-05,1.594111e-05,2.812583e-05,6.312583e-05,3.500000e-05,1.363168e-05,8.380157e-06
6.150000e-11,1.024476e+02,6.952039e-04,6.840000e-05,8.142053e+00,4.104680e-04,2.478907e-05,6.985529e+00,1.970145e-04,3.958037e-05,6.840000e-05,3.500000e-05,1.105672e-03,1.763694e-04,1.763694e-05,6.840000e-05,1.763694e-05,3.117251e-05,6.617251e-05,3.500000e-05,1.243842e-05,8.955204e-06
6.160000e-11,1.026690e+02,7.581560e-04,6.840000e-05,8.260370e+00,3.700583e-04,2.359262e-05,7.046320e+00,2.052020e-04,4.028724e-05,6.840000e-05,3.500000e-05,1.128214e-03,1.897889e-04,1.897889e-05,6.840000e-05,1.897889e-05,3.359349e-05,6.859349e-05,3.500000e-05,1.121389e-05,9.327365e-06
6.170000e-11,1.029127e+02,8.386578e-04,6.840000e-05,8.367092e+00,3.321505e-04,2.288461e-05,7.108923e+00,2.090159e-04,4.102895e-05,6.840000e-05,3.500000e-05,1.170808e-03,1.992055e-04,1.992055e-05,6.840000e-05,1.992055e-05,3.545023e-05,7.045023e-05,3.500000e-05,1.006517e-05,9.500724e-06
6.180000e-11,1.031854e+02,9.452733e-04,6.840000e-05,8.463256e+00,2.991121e-04,2.249822e-05,7.172118e+00,2.089501e-04,4.188428e-05,6.840000e-05,3.500000e-05,1.244385e-03,2.045577e-04,2.045577e-05,6.840000e-05,2.045577e-05,3.683778e-05,7.183778e-05,3.500000e-05,9.064002e-06,9.497730e-06
6.190000e-11,1.034966e+02,1.087524e-03,6.840000e-05,8.550474e+00,2.723174e-04,2.228047e-05,7.234869e+00,2.057867e-04,4.289796e-05,6.840000e-05,3.500000e-05,1.359842e-03,2.061558e-04,2.061558e-05,6.840000e-05,2.061558e-05,3.786748e-05,7.286748e-05,3.500000e-05,8.252042e-06,9.353942e-06
6.200000e-11,1.038586e+02,1.274737e-03,6.840000e-05,8.630669e+00,2.523693e-04,2.209923e-05,7.296393e+00,2.004642e-04,4.408091e-05,6.840000e-05,3.500000e-05,1.527107e-03,2.046030e-04,2.046030e-05,6.840000e-05,2.046030e-05,3.865322e-05,7.365322e-05,3.500000e-05,7.647555e-06,9.112008e-06
6.210000e-11,1.042857e+02,1.512775e-03,6.840000e-05,8.705880e+00,2.393191e-04,2.184604e-05,7.356191e+00,1.939545e-04,4.541667e-05,6.840000e-05,3.500000e-05,1.752094e-03,2.006909e-04,2.006909e-05,6.840000e-05,2.006909e-05,3.930187e-05,7.430187e-05,3.500000e-05,7.252095e-06,8.816114e-06
6.220000e-11,1.047921e+02,1.797235e-03,6.840000e-05,8.778120e+00,2.328605e-04,2.143600e-05,7.414038e+00,1.871684e-04,4.687068e-05,6.840000e-05,3.500000e-05,2.030096e-03,1.952929e-04,1.952929e-05,6.840000e-05,1.952929e-05,3.990762e-05,7.490762e-05,3.500000e-05,7.056380e-06,8.507653e-06
6.230000e-11,1.053871e+02,2.104070e-03,6.840000e-05,8.849295e+00,2.324874e-04,2.080555e-05,7.469964e+00,1.808938e-04,4.839976e-05,6.840000e-05,3.500000e-05,2.336558e-03,1.892718e-04,1.892718e-05,6.840000e-05,1.892718e-05,4.054938e-05,7.554938e-05,3.500000e-05,7.045073e-06,8.222444e-06
6.240000e-11,1.060689e+02,2.386510e-03,6.840000e-05,8.921153e+00,2.376143e-04,1.990902e-05,7.524211e+00,1.757679e-04,4.995985e-05,6.840000e-05,3.500000e-05,2.624124e-03,1.834126e-04,1.834126e-05,6.840000e-05,1.834126e-05,4.129055e-05,7.629055e-05,3.500000e-05,7.200433e-06,7.989448e-06
6.250000e-11,1.068215e+02,2.593583e-03,6.840000e-05,8.995275e+00,2.476620e-04,1.871480e-05,7.577191e+00,1.722753e-04,5.151138e-05,6.840000e-05,3.500000e-05,2.841245e-03,1.783822e-04,1.783822e-05,6.840000e-05,1.783822e-05,4.218029e-05,7.718029e-05,3.500000e-05,7.504910e-06,7.830694e-06
6.260000e-11,1.076255e+02,2.730577e-03,6.840000e-05,9.073078e+00,2.621136e-04,1.720154e-05,7.629443e+00,1.707656e-04,5.302204e-05,6.840000e-05,3.500000e-05,2.992691e-03,1.747152e-04,1.747152e-05,6.840000e-05,1.747152e-05,4.325563e-05,7.825563e-05,3.500000e-05,7.942837e-06,7.762072e-06
6.270000e-11,1.084547e+02,2.770448e-03,6.840000e-05,9.155842e+00,2.805438e-04,1.535483e-05,7.681597e+00,1.714815e-04,5.446734e-05,6.840000e-05,3.500000e-05,3.050992e-03,1.728189e-04,1.728189e-05,6.840000e-05,1.728189e-05,4.454384e-05,7.954384e-05,3.500000e-05,8.501327e-06,7.794615e-06
6.280000e-11,1.092964e+02,2.790168e-03,6.840000e-05,9.244732e+00,3.026268e-04,1.316472e-05,7.734348e+00,1.745913e-04,5.582955e-05,6.840000e-05,3.500000e-05,3.092795e-03,1.729925e-04,1.729925e-05,6.840000e-05,1.729925e-05,4.606477e-05,8.106477e-05,3.500000e-05,9.170510e-06,7.935970e-06
6.290000e-11,1.101503e+02,2.830667e-03,6.840000e-05,9.340831e+00,3.281249e-04,1.062417e-05,7.788439e+00,1.802208e-04,5.709550e-05,6.840000e-05,3.500000e-05,3.158792e-03,1.754529e-04,1.754529e-05,6.840000e-05,1.754529e-05,4.783265e-05,8.283265e-05,3.500000e-05,9.943178e-06,8.191855e-06
6.300000e-11,1.110195e+02,2.885890e-03,6.840000e-05,9.445152e+00,3.568573e-04,7.728773e-06,7.844650e+00,1.884818e-04,5.825364e-05,6.840000e-05,3.500000e-05,3.242748e-03,1.803638e-04,1.803638e-05,6.840000e-05,1.803638e-05,4.985737e-05,8.485737e-05,3.500000e-05,1.081386e-05,8.567354e-06
6.310000e-11,1.119064e+02,2.947577e-03,6.840000e-05,9.558654e+00,3.886519e-04,4.477810e-06,7.903799e+00,1.994956e-04,5.929061e-05,6.840000e-05,3.500000e-05,3.336229e-03,1.878626e-04,1.878626e-05,6.840000e-05,1.878626e-05,5.214486e-05,8.714486e-05,3.500000e-05,1.177733e-05,9.067983e-06
6.320000e-11,1.127995e+02,2.949639e-03,6.840000e-05,9.682231e+00,4.232757e-04,8.769755e-07,7.966745e+00,2.134109e-04,6.018749e-05,6.840000e-05,3.500000e-05,3.372915e-03,1.980850e-04,1.980850e-05,6.840000e-05,1.980850e-05,5.469649e-05,8.969649e-05,3.500000e-05,1.282654e-05,9.700493e-06
6.330000e-11,1.136760e+02,2.857404e-03,6.840000e-05,9.816675e+00,4.603463e-04,-3.057118e-06,8.034402e+00,2.304146e-04,6.091551e-05,6.840000e-05,3.500000e-05,3.317751e-03,2.111833e-04,2.111833e-05,6.840000e-05,2.111833e-05,5.750723e-05,9.250723e-05,3.500000e-05,1.394989e-05,1.047339e-05
6.340000e-11,1.145447e+02,2.845828e-03,6.840000e-05,9.962617e+00,4.992235e-04,-7.290507e-06,8.107746e+00,2.507380e-04,6.143136e-05,6.840000e-05,3.500000e-05,3.345052e-03,2.273398e-04,2.273398e-05,6.840000e-05,2.273398e-05,6.056252e-05,9.556252e-05,3.500000e-05,1.512798e-05,1.139718e-05
6.350000e-11,1.153891e+02,2.739405e-03,6.840000e-05,1.012043e+01,5.388922e-04,-1.176369e-05,8.187831e+00,2.746544e-04,6.167190e-05,6.840000e-05,3.500000e-05,3.278298e-03,2.467743e-04,2.467743e-05,6.840000e-05,2.467743e-05,6.383362e-05,9.883362e-05,3.500000e-05,1.633007e-05,1.248429e-05
6.360000e-11,1.162405e+02,2.813230e-03,6.840000e-05,1.029009e+01,5.778539e-04,-1.638239e-05,8.275797e+00,3.024706e-04,6.154863e-05,6.840000e-05,3.500000e-05,3.391084e-03,2.697437e-04,2.697437e-05,6.840000e-05,2.697437e-05,6.727167e-05,1.022717e-04,3.500000e-05,1.751072e-05,1.374867e-05
6.370000e-11,1.171059e+02,2.871135e-03,6.840000e-05,1.047103e+01,6.140636e-04,-2.100890e-05,8.372880e+00,3.345104e-04,6.094232e-05,6.840000e-05,3.500000e-05,3.485199e-03,2.965358e-04,2.965358e-05,6.840000e-05,2.965358e-05,7.080092e-05,1.058009e-04,3.500000e-05,1.860799e-05,1.520502e-05
6.380000e-11,1.179898e+02,2.939513e-03,6.840000e-05,1.066199e+01,6.449622e-04,-2.545646e-05,8.480412e+00,3.710886e-04,5.969907e-05,6.840000e-05,3.500000e-05,3.584475e-03,3.274541e-04,3.274541e-05,6.840000e-05,3.274541e-05,7.431215e-05,1.093121e-04,3.500000e-05,1.954431e-05,1.686766e-05
6.390000e-11,1.188842e+02,2.960814e-03,6.840000e-05,1.086089e+01,6.676612e-04,-2.949019e-05,8.599812e+00,4.124775e-04,5.762953e-05,6.840000e-05,3.500000e-05,3.628475e-03,3.627953e-04,3.627953e-05,6.840000e-05,3.627953e-05,7.765804e-05,1.126580e-04,3.500000e-05,2.023216e-05,1.874898e-05
6.400000e-11,1.197676e+02,2.889045e-03,6.840000e-05,1.106480e+01,6.793118e-04,-3.283790e-05,8.732563e+00,4.588627e-04,5.451357e-05,6.840000e-05,3.500000e-05,3.568357e-03,4.028173e-04,4.028173e-05,6.840000e-05,4.028173e-05,8.065269e-05,1.156527e-04,3.500000e-05,2.058521e-05,2.085740e-05
6.410000e-11,1.206318e+02,2.812767e-03,6.840000e-05,1.127004e+01,6.776403e-04,-3.521218e-05,8.880182e+00,5.102875e-04,5.011299e-05,6.840000e-05,3.500000e-05,3.490407e-03,4.476974e-04,4.476974e-05,6.840000e-05,4.476974e-05,8.307762e-05,1.180776e-04,3.500000e-05,2.053456e-05,2.319489e-05
6.420000e-11,1.214908e+02,2.818317e-03,6.840000e-05,1.147246e+01,6.615449e-04,-3.634235e-05,9.044159e+00,5.665781e-04,4.419423e-05,6.840000e-05,3.500000e-05,3.479862e-03,4.974776e-04,4.974776e-05,6.840000e-05,4.974776e-05,8.469554e-05,1.196955e-04,3.500000e-05,2.004682e-05,2.575355e-05
6.430000e-11,1.223382e+02,2.769962e-03,6.840000e-05,1.166788e+01,6.315867e-04,-3.601092e-05,9.225877e+00,6.272369e-04,3.656228e-05,6.840000e-05,3.500000e-05,3.401549e-03,5.519888e-04,5.519888e-05,6.840000e-05,5.519888e-05,8.527193e-05,1.202719e-04,3.500000e-05,1.913899e-05,2.851077e-05
6.440000e-11,1.232130e+02,2.923939e-03,6.840000e-05,1.185257e+01,5.901981e-04,-3.408705e-05,9.426483e+00,6.912862e-04,2.710570e-05,6.840000e-05,3.500000e-05,3.514138e-03,6.107446e-04,6.107446e-05,6.840000e-05,6.107446e-05,8.460226e-05,1.196023e-04,3.500000e-05,1.788479e-05,3.142210e-05
6.450000e-11,1.241165e+02,3.020830e-03,6.840000e-05,1.202383e+01,5.415035e-04,-3.055068e-05,9.646706e+00,7.570488e-04,1.585129e-05,6.840000e-05,3.500000e-05,3.562334e-03,6.727889e-04,6.727889e-05,6.840000e-05,6.727889e-05,8.254149e-05,1.175415e-04,3.500000e-05,1.640920e-05,3.441131e-05
6.460000e-11,1.250369e+02,3.056815e-03,6.840000e-05,1.218033e+01,4.907694e-04,-2.550361e-05,9.886601e+00,8.218783e-04,3.024180e-06,6.840000e-05,3.500000e-05,3.547584e-03,7.364952e-04,7.364952e-05,6.840000e-05,7.364952e-05,7.903181e-05,1.140318e-04,3.500000e-05,1.487180e-05,3.735810e-05
6.470000e-11,1.259500e+02,2.992778e-03,6.840000e-05,1.232235e+01,4.436047e-04,-1.916782e-05,1.014521e+01,8.819145e-04,-1.089580e-05,6.840000e-05,3.500000e-05,3.436382e-03,7.993403e-04,7.993403e-05,6.840000e-05,7.993403e-05,7.412526e-05,1.091253e-04,3.500000e-05,1.344257e-05,4.008702e-05
6.480000e-11,1.268305e+02,2.844569e-03,6.840000e-05,1.245175e+01,4.050857e-04,-1.187284e-05,1.042022e+01,9.320239e-04,-2.513993e-05,6.840000e-05,3.500000e-05,3.249655e-03,8.577272e-04,8.577272e-05,6.840000e-05,8.577272e-05,6.799752e-05,1.029975e-04,3.500000e-05,1.227533e-05,4.236472e-05
6.490000e-11,1.276957e+02,2.821977e-03,6.840000e-05,1.257166e+01,3.789733e-04,-4.033146e-06,1.070760e+01,9.661567e-04,-3.866703e-05,6.840000e-05,3.500000e-05,3.200950e-03,9.069992e-04,9.069992e-05,6.840000e-05,9.069992e-05,6.094911e-05,9.594911e-05,3.500000e-05,1.148404e-05,4.391621e-05
6.500000e-11,1.285427e+02,2.757806e-03,6.840000e-05,1.268600e+01,3.671501e-04,3.884775e-06,1.100157e+01,9.783034e-04,-5.026003e-05,6.840000e-05,3.500000e-05,3.124956e-03,9.418116e-04,9.418116e-05,6.840000e-05,9.418116e-05,5.338947e-05,8.838947e-05,3.500000e-05,1.112576e-05,4.446834e-05
6.510000e-11,1.294125e+02,2.900125e-03,6.840000e-05,1.279893e+01,3.693667e-04,1.140667e-05,1.129483e+01,9.639818e-04,-5.871256e-05,6.840000e-05,3.500000e-05,3.269492e-03,9.569561e-04,9.569561e-05,6.840000e-05,9.569561e-05,4.580040e-05,8.080040e-05,3.500000e-05,1.119293e-05,4.381735e-05
6.520000e-11,1.303091e+02,2.994766e-03,6.840000e-05,1.291423e+01,3.833371e-04,1.810343e-05,1.157931e+01,9.217936e-04,-6.307253e-05,6.840000e-05,3.500000e-05,3.378103e-03,9.485311e-04,9.485311e-05,6.840000e-05,9.485311e-05,3.868029e-05,7.368029e-05,3.500000e-05,1.161628e-05,4.189971e-05
6.530000e-11,1.312235e+02,3.038391e-03,6.840000e-05,1.303474e+01,4.051742e-04,2.364431e-05,1.184720e+01,8.543442e-04,-6.286665e-05,6.840000e-05,3.500000e-05,3.443565e-03,9.151050e-04,9.151050e-05,6.840000e-05,9.151050e-05,3.247768e-05,6.747768e-05,3.500000e-05,1.227801e-05,3.883383e-05
6.540000e-11,1.321332e+02,2.986481e-03,6.840000e-05,1.316203e+01,4.300901e-04,2.783753e-05,1.209207e+01,7.679978e-04,-5.822015e-05,6.840000e-05,3.500000e-05,3.416571e-03,8.584059e-04,8.584059e-05,6.840000e-05,8.584059e-05,2.752943e-05,6.252943e-05,3.500000e-05,1.303303e-05,3.490899e-05
6.550000e-11,1.330131e+02,2.846299e-03,6.840000e-05,1.329627e+01,4.532221e-04,3.064688e-05,1.230972e+01,6.715057e-04,-4.982539e-05,6.840000e-05,3.500000e-05,3.299522e-03,7.832152e-04,7.832152e-05,6.840000e-05,7.832152e-05,2.401911e-05,5.901911e-05,3.500000e-05,1.373400e-05,3.052299e-05
6.560000e-11,1.338782e+02,2.822890e-03,6.840000e-05,1.343631e+01,4.704123e-04,3.217977e-05,1.249856e+01,5.740695e-04,-3.877598e-05,6.840000e-05,3.500000e-05,3.293303e-03,6.964723e-04,6.964723e-05,6.840000e-05,6.964723e-05,2.196532e-05,5.696532e-05,3.500000e-05,1.425492e-05,2.609407e-05
6.570000e-11,1.347235e+02,2.749668e-03,6.840000e-05,1.357997e+01,4.787801e-04,3.265157e-05,1.265946e+01,4.835629e-04,-2.633096e-05,6.840000e-05,3.500000e-05,3.228449e-03,6.059077e-04,6.059077e-05,6.840000e-05,6.059077e-05,2.123994e-05,5.623994e-05,3.500000e-05,1.450849e-05,2.198013e-05
6.580000e-11,1.355887e+02,2.880167e-03,6.840000e-05,1.372448e+01,4.769915e-04,3.233730e-05,1.279522e+01,4.054077e-04,-1.368462e-05,6.840000e-05,3.500000e-05,3.357158e-03,5.186541e-04,5.186541e-05,6.840000e-05,5.186541e-05,2.160841e-05,5.660841e-05,3.500000e-05,1.445429e-05,1.842762e-05
6.590000e-11,1.364790e+02,2.971238e-03,6.840000e-05,1.386689e+01,4.652144e-04,3.152299e-05,1.290979e+01,3.422412e-04,-1.797320e-06,6.840000e-05,3.500000e-05,3.436452e-03,4.402050e-04,4.402050e-05,6.840000e-05,4.402050e-05,2.277960e-05,5.777960e-05,3.500000e-05,1.409741e-05,1.555642e-05
6.600000e-11,1.373881e+02,3.022743e-03,6.840000e-05,1.400447e+01,4.448297e-04,3.046637e-05,1.300759e+01,2.942232e-04,8.689772e-06,6.840000e-05,3.500000e-05,3.467573e-03,3.739039e-04,3.739039e-05,6.840000e-05,3.739039e-05,2.445394e-05,5.945394e-05,3.500000e-05,1.347969e-05,1.337378e-05
6.610000e-11,1.382933e+02,2.972634e-03,6.156000e-05,1.413170e+01,4.016851e-04,2.316355e-05,1.309275e+01,2.595031e-04,1.734089e-05,6.156000e-05,3.500000e-05,3.292239e-03,3.208769e-04,3.208769e-05,6.156000e-05,3.208769e-05,2.622418e-05,6.122418e-05,3.500000e-05,1.217228e-05,1.179560e-05
6.620000e-11,1.391653e+02,2.815299e-03,5.472000e-05,1.424203e+01,3.352975e-04,1.688921e-05,1.316872e+01,2.348880e-04,2.396235e-05,5.472000e-05,3.500000e-05,3.095877e-03,2.803119e-04,2.803119e-05,5.472000e-05,2.803119e-05,2.767026e-05,6.267026e-05,3.500000e-05,1.016053e-05,1.067673e-05
6.630000e-11,1.400119e+02,2.744067e-03,4.788000e-05,1.432938e+01,2.496560e-04,1.188043e-05,1.323792e+01,2.165838e-04,2.859274e-05,4.788000e-05,3.500000e-05,2.939003e-03,2.499678e-04,2.499678e-05,4.788000e-05,2.499678e-05,2.843423e-05,6.343423e-05,3.500000e-05,7.565332e-06,9.844717e-06
6.640000e-11,1.408479e+02,2.734280e-03,4.104000e-05,1.438884e+01,1.498168e-04,8.246282e-06,1.330167e+01,2.008516e-04,3.144569e-05,4.104000e-05,3.500000e-05,2.829377e-03,2.267851e-04,2.267851e-05,4.104000e-05,2.267851e-05,2.825381e-05,6.325381e-05,3.500000e-05,4.539904e-06,9.129617e-06
6.650000e-11,1.416891e+02,2.776721e-03,3.420000e-05,1.441690e+01,4.064612e-05,6.000817e-06,1.336029e+01,1.844784e-04,3.283497e-05,3.420000e-05,3.500000e-05,2.762647e-03,2.074713e-04,2.074713e-05,3.420000e-05,2.074713e-05,2.696748e-05,6.196748e-05,3.500000e-05,1.231701e-06,8.385380e-06
6.660000e-11,1.425416e+02,2.824327e-03,2.736000e-05,1.441135e+01,-7.353659e-05,5.083546e-06,1.341326e+01,1.650363e-04,3.310598e-05,2.736000e-05,3.500000e-05,2.696071e-03,1.889720e-04,1.889720e-05,2.736000e-05,1.889720e-05,2.450484e-05,5.950484e-05,3.500000e-05,-2.228382e-06,7.501651e-06
6.670000e-11,1.433925e+02,2.797844e-03,2.052000e-05,1.437124e+01,-1.889066e-04,5.372633e-06,1.345947e+01,1.409579e-04,3.258624e-05,2.052000e-05,3.500000e-05,2.554218e-03,1.687839e-04,1.687839e-05,2.052000e-05,1.687839e-05,2.087181e-05,5.587181e-05,3.500000e-05,-5.724442e-06,6.407179e-06
6.680000e-11,1.442484e+02,2.824873e-03,1.368000e-05,1.429671e+01,-3.019005e-04,6.691866e-06,1.349746e+01,1.114842e-04,3.155815e-05,1.368000e-05,3.500000e-05,2.468253e-03,1.451102e-04,1.451102e-05,1.368000e-05,1.451102e-05,1.613663e-05,5.113663e-05,3.500000e-05,-9.148500e-06,5.067462e-06
6.690000e-11,1.450676e+02,2.635955e-03,6.840000e-06,1.418903e+01,-4.089324e-04,8.812444e-06,1.352563e+01,7.654823e-05,3.025095e-05,6.840000e-06,3.500000e-05,2.172303e-03,1.168904e-04,1.168904e-05,6.840000e-06,1.168904e-05,1.041945e-05,4.541945e-05,3.500000e-05,-1.239189e-05,3.479465e-06
6.700000e-11,1.458404e+02,2.466501e-03,0.000000e+00,1.405061e+01,-5.061696e-04,1.145236e-05,1.354244e+01,3.664831e-05,2.884535e-05,0.000000e+00,3.500000e-05,1.905612e-03,8.374931e-05,8.374931e-06,0.000000e+00,8.374931e-06,3.886115e-06,3.888611e-05,3.500000e-05,-1.533847e-05,1.665832e-06
6.710000e-11,1.465662e+02,2.311831e-03,0.000000e+00,1.388836e+01,-5.731577e-04,2.048625e-05,1.354662e+01,-7.047044e-06,2.760437e-05,0.000000e+00,3.500000e-05,1.766033e-03,4.598112e-05,4.598112e-06,0.000000e+00,4.598112e-06,-3.117840e-06,3.188216e-05,3.500000e-05,-1.736841e-05,-3.203202e-07
6.720000e-11,1.472557e+02,2.209320e-03,0.000000e+00,1.371207e+01,-6.032784e-04,2.842775e-05,1.353734e+01,-5.266098e-05,2.679124e-05,0.000000e+00,3.500000e-05,1.606041e-03,4.558517e-06,4.558517e-07,0.000000e+00,4.558517e-07,-1.014659e-05,2.485341e-05,3.500000e-05,-1.828116e-05,-2.393681e-06
6.730000e-11,1.479286e+02,2.186872e-03,0.000000e+00,1.353260e+01,-5.958737e-04,3.479308e-05,1.351446e+01,-9.772399e-05,2.659508e-05,0.000000e+00,3.500000e-05,1.590998e-03,-3.889384e-05,-3.889384e-06,0.000000e+00,-3.889384e-06,-1.673630e-05,1.826370e-05,3.500000e-05,-1.805678e-05,-4.442000e-06
6.740000e-11,1.486072e+02,2.243201e-03,0.000000e+00,1.336056e+01,-5.539805e-04,3.925436e-05,1.347859e+01,-1.394193e-04,2.709091e-05,0.000000e+00,3.500000e-05,1.689221e-03,-8.220736e-05,-8.220736e-06,0.000000e+00,-8.220736e-06,-2.246707e-05,1.253293e-05,3.500000e-05,-1.678729e-05,-6.337242e-06
6.750000e-11,1.493081e+02,2.342953e-03,0.000000e+00,1.320526e+01,-4.835392e-04,4.166115e-05,1.343120e+01,-1.749084e-04,2.822877e-05,0.000000e+00,3.500000e-05,1.859414e-03,-1.228684e-04,-1.228684e-05,0.000000e+00,-1.228684e-05,-2.700845e-05,7.991548e-06,3.500000e-05,-1.465270e-05,-7.950380e-06
6.760000e-11,1.500333e+02,2.427059e-03,0.000000e+00,1.307396e+01,-3.926679e-04,4.204944e-05,1.337455e+01,-2.016842e-04,2.984596e-05,0.000000e+00,3.500000e-05,2.034392e-03,-1.582891e-04,-1.582891e-05,0.000000e+00,-1.582891e-05,-3.015041e-05,4.849590e-06,3.500000e-05,-1.189903e-05,-9.167462e-06
6.770000e-11,1.507698e+02,2.441917e-03,0.000000e+00,1.297130e+01,-2.906736e-04,4.062643e-05,1.331152e+01,-2.178995e-04,3.169771e-05,0.000000e+00,3.500000e-05,2.151244e-03,-1.861133e-04,-1.861133e-05,0.000000e+00,-1.861133e-05,-3.181814e-05,3.181861e-06,3.500000e-05,-8.808291e-06,-9.904524e-06
6.780000e-11,1.514955e+02,2.370720e-03,0.000000e+00,1.289922e+01,-1.869246e-04,3.773414e-05,1.324542e+01,-2.226172e-04,3.350036e-05,0.000000e+00,3.500000e-05,2.183796e-03,-2.045115e-04,-2.045115e-05,0.000000e+00,-2.045115e-05,-3.206976e-05,2.930236e-06,3.500000e-05,-5.664381e-06,-1.011897e-05
6.790000e-11,1.521911e+02,2.239836e-03,0.000000e+00,1.285700e+01,-8.981838e-05,3.380022e-05,1.317964e+01,-2.159384e-04,3.497875e-05,0.000000e+00,3.500000e-05,2.150018e-03,-2.124182e-04,-2.124182e-05,0.000000e+00,-2.124182e-05,-3.107845e-05,3.921553e-06,3.500000e-05,-2.721769e-06,-9.815380e-06
6.800000e-11,1.528482e+02,2.099100e-03,0.000000e+00,1.284171e+01,-6.017388e-06,2.928527e-05,1.311741e+01,-1.989852e-04,3.590882e-05,0.000000e+00,3.500000e-05,2.093083e-03,-2.096697e-04,-2.096697e-05,0.000000e+00,-2.096697e-05,-2.910293e-05,5.897071e-06,3.500000e-05,-1.823451e-07,-9.044780e-06
6.810000e-11,1.534717e+02,1.996735e-03,0.000000e+00,1.284876e+01,5.998418e-05,2.463416e-05,1.306147e+01,-1.737430e-04,3.614782e-05,0.000000e+00,3.500000e-05,2.056719e-03,-1.970228e-04,-1.970228e-05,0.000000e+00,-1.970228e-05,-2.645186e-05,8.548137e-06,3.500000e-05,1.817703e-06,-7.897410e-06
6.820000e-11,1.540772e+02,1.963188e-03,0.000000e+00,1.287258e+01,1.059749e-04,2.023603e-05,1.301390e+01,-1.427934e-04,3.564815e-05,0.000000e+00,3.500000e-05,2.069163e-03,-1.760493e-04,-1.760493e-05,0.000000e+00,-1.760493e-05,-2.344739e-05,1.155261e-05,3.500000e-05,3.211361e-06,-6.490608e-06
6.830000e-11,1.546850e+02,2.004212e-03,0.000000e+00,1.290723e+01,1.318752e-04,1.639628e-05,1.297596e+01,-1.089887e-04,3.445463e-05,0.000000e+00,3.500000e-05,2.136087e-03,-1.489310e-04,-1.489310e-05,0.000000e+00,-1.489310e-05,-2.039250e-05,1.460750e-05,3.500000e-05,3.996218e-06,-4.954030e-06
6.840000e-11,1.553128e+02,2.098746e-03,0.000000e+00,1.294702e+01,1.393886e-04,1.332154e-05,1.294810e+01,-7.512488e-05,3.268838e-05,0.000000e+00,3.500000e-05,2.238135e-03,-1.181905e-04,-1.181905e-05,0.000000e+00,-1.181905e-05,-1.754544e-05,1.745456e-05,3.500000e-05,4.223896e-06,-3.414767e-06
6.850000e-11,1.559681e+02,2.202364e-03,0.000000e+00,1.298693e+01,1.315292e-04,1.111717e-05,1.292997e+01,-4.366028e-05,3.052212e-05,0.000000e+00,3.500000e-05,2.333893e-03,-8.640462e-05,-8.640462e-06,0.000000e+00,-8.640462e-06,-1.510290e-05,1.989710e-05,3.500000e-05,3.985735e-06,-1.984558e-06
6.860000e-11,1.566450e+02,2.262702e-03,0.000000e+00,1.302294e+01,1.121010e-04,9.795281e-06,1.292058e+01,-1.651190e-05,2.815235e-05,0.000000e+00,3.500000e-05,2.374803e-03,-5.594086e-05,-5.594086e-06,0.000000e+00,-5.594086e-06,-1.319228e-05,2.180772e-05,3.500000e-05,3.397000e-06,-7.505409e-07
6.870000e-11,1.573254e+02,2.245231e-03,0.000000e+00,1.305220e+01,8.519649e-05,9.290483e-06,1.291847e+01,5.055711e-06,2.577309e-05,0.000000e+00,3.500000e-05,2.330428e-03,-2.875093e-05,-2.875093e-06,0.000000e+00,-2.875093e-06,-1.187219e-05,2.312781e-05,3.500000e-05,2.581712e-06,2.298050e-07
6.880000e-11,1.579879e+02,2.151066e-03,0.000000e+00,1.307305e+01,5.476872e-05,9.479953e-06,1.292191e+01,2.045209e-05,2.355457e-05,0.000000e+00,3.500000e-05,2.205835e-03,-6.238226e-06,-6.238226e-07,0.000000e+00,-6.238226e-07,-1.113961e-05,2.386039e-05,3.500000e-05,1.659658e-06,9.296404e-07
6.890000e-11,1.586164e+02,2.012512e-03,0.000000e+00,1.308492e+01,2.430567e-05,1.020493e-05,1.292908e+01,2.970686e-05,2.162867e-05,0.000000e+00,3.500000e-05,2.036817e-03,1.079553e-05,1.079553e-06,0.000000e+00,1.079553e-06,-1.094146e-05,2.405854e-05,3.500000e-05,7.365353e-07,1.350312e-06
6.900000e-11,1.592056e+02,1.874011e-03,0.000000e+00,1.308819e+01,-3.383284e-06,1.129119e-05,1.293823e+01,3.336107e-05,2.008173e-05,0.000000e+00,3.500000e-05,1.870628e-03,2.213189e-05,2.213189e-06,0.000000e+00,2.213189e-06,-1.118866e-05,2.381134e-05,3.500000e-05,-1.025238e-07,1.516412e-06
6.910000e-11,1.597614e+02,1.774344e-03,0.000000e+00,1.308396e+01,-2.627605e-05,1.256691e-05,1.294782e+01,3.232710e-05,1.895386e-05,0.000000e+00,3.500000e-05,1.748068e-03,2.806059e-05,2.806059e-06,0.000000e+00,2.806059e-06,-1.177067e-05,2.322933e-05,3.500000e-05,-7.962439e-07,1.469414e-06
6.920000e-11,1.602986e+02,1.737308e-03,0.000000e+00,1.307381e+01,-4.315760e-05,1.387687e-05,1.295664e+01,2.773884e-05,1.824339e-05,0.000000e+00,3.500000e-05,1.694150e-03,2.926685e-05,2.926685e-06,0.000000e+00,2.926685e-06,-1.256907e-05,2.243093e-05,3.500000e-05,-1.307806e-06,1.260856e-06
6.930000e-11,1.608359e+02,1.768772e-03,0.000000e+00,1.305957e+01,-5.356963e-05,1.509262e-05,1.296380e+01,2.080976e-05,1.791475e-05,0.000000e+00,3.500000e-05,1.715202e-03,2.670054e-05,2.670054e-06,0.000000e+00,2.670054e-06,-1.346930e-05,2.153070e-05,3.500000e-05,-1.623322e-06,9.458981e-07
6.940000e-11,1.613910e+02,1.855733e-03,0.000000e+00,1.304313e+01,-5.770868e-05,1.611847e-05,1.296876e+01,1.271169e-05,1.790802e-05,0.000000e+00,3.500000e-05,1.798025e-03,2.144456e-05,2.144456e-06,0.000000e+00,2.144456e-06,-1.436972e-05,2.063028e-05,3.500000e-05,-1.748748e-06,5.778043e-07
6.950000e-11,1.619744e+02,1.966660e-03,0.000000e+00,1.302625e+01,-5.628993e-05,1.689370e-05,1.297132e+01,4.481268e-06,1.814878e-05,0.000000e+00,3.500000e-05,1.910370e-03,1.459580e-05,1.459580e-06,0.000000e+00,1.459580e-06,-1.518794e-05,1.981206e-05,3.500000e-05,-1.705755e-06,2.036940e-07
6.960000e-11,1.625857e+02,2.057735e-03,0.000000e+00,1.301042e+01,-5.039263e-05,1.739139e-05,1.297155e+01,-3.043226e-06,1.855722e-05,0.000000e+00,3.500000e-05,2.007342e-03,7.167597e-06,7.167597e-07,0.000000e+00,7.167597e-07,-1.586435e-05,1.913565e-05,3.500000e-05,-1.527049e-06,-1.383285e-07
6.970000e-11,1.632126e+02,2.088960e-03,0.000000e+00,1.299677e+01,-4.130178e-05,1.761458e-05,1.296976e+01,-9.255448e-06,1.905585e-05,0.000000e+00,3.500000e-05,2.047659e-03,1.839137e-08,1.839137e-09,0.000000e+00,1.839137e-09,-1.636301e-05,1.863699e-05,3.500000e-05,-1.251569e-06,-4.207022e-07
6.980000e-11,1.638354e+02,2.043047e-03,0.000000e+00,1.298608e+01,-3.035933e-05,1.759048e-05,1.296637e+01,-1.378836e-05,1.957547e-05,0.000000e+00,3.500000e-05,2.012687e-03,-6.192346e-06,-6.192346e-07,0.000000e+00,-6.192346e-07,-1.667050e-05,1.832950e-05,3.500000e-05,-9.199798e-07,-6.267434e-07
6.990000e-11,1.644345e+02,1.932381e-03,0.000000e+00,1.297869e+01,-1.883579e-05,1.736370e-05,1.296189e+01,-1.649993e-05,2.005934e-05,0.000000e+00,3.500000e-05,1.913545e-03,-1.102263e-05,-1.102263e-06,0.000000e+00,-1.102263e-06,-1.679292e-05,1.820708e-05,3.500000e-05,-5.707815e-07,-7.499969e-07
7.000000e-11,1.649967e+02,1.789790e-03,0.000000e+00,1.297465e+01,-7.830011e-06,1.698904e-05,1.295687e+01,-1.744259e-05,2.046551e-05,0.000000e+00,3.500000e-05,1.781960e-03,-1.424434e-05,-1.424434e-06,0.000000e+00,-1.424434e-06,-1.675177e-05,1.824823e-05,3.500000e-05,-2.372730e-07,-7.928449e-07
7.010000e-11,1.655189e+02,1.652807e-03,0.000000e+00,1.297366e+01,1.798344e-06,1.652482e-05,1.295179e+01,-1.682178e-05,2.076751e-05,0.000000e+00,3.500000e-05,1.654606e-03,-1.582203e-05,-1.582203e-06,0.000000e+00,-1.582203e-06,-1.657932e-05,1.842068e-05,3.500000e-05,5.449528e-08,-7.646263e-07
7.020000e-11,1.660074e+02,1.551933e-03,0.000000e+00,1.297525e+01,9.463179e-06,1.602695e-05,1.294706e+01,-1.494913e-05,2.095372e-05,0.000000e+00,3.500000e-05,1.561396e-03,-1.587923e-05,-1.587923e-06,0.000000e+00,-1.587923e-06,-1.631371e-05,1.868629e-05,3.500000e-05,2.867630e-07,-6.795057e-07
7.030000e-11,1.664752e+02,1.505858e-03,0.000000e+00,1.297879e+01,1.485556e-05,1.554440e-05,1.294302e+01,-1.219494e-05,2.102549e-05,0.000000e+00,3.500000e-05,1.520713e-03,-1.465744e-05,-1.465744e-06,0.000000e+00,-1.465744e-06,-1.599457e-05,1.900543e-05,3.500000e-05,4.501686e-07,-5.543154e-07
7.040000e-11,1.669393e+02,1.520977e-03,0.000000e+00,1.298360e+01,1.792165e-05,1.511607e-05,1.293986e+01,-8.944226e-06,2.099464e-05,0.000000e+00,3.500000e-05,1.538899e-03,-1.247234e-05,-1.247234e-06,0.000000e+00,-1.247234e-06,-1.565915e-05,1.934085e-05,3.500000e-05,5.430803e-07,-4.065557e-07
7.050000e-11,1.674164e+02,1.591554e-03,0.000000e+00,1.298902e+01,1.882151e-05,1.476915e-05,1.293768e+01,-5.559382e-06,2.088038e-05,0.000000e+00,3.500000e-05,1.610375e-03,-9.671735e-06,-9.671735e-07,0.000000e+00,-9.671735e-07,-1.533950e-05,1.966050e-05,3.500000e-05,5.703487e-07,-2.526992e-07
7.060000e-11,1.679196e+02,1.699025e-03,0.000000e+00,1.299444e+01,1.787613e-05,1.451880e-05,1.293648e+01,-2.351635e-06,2.070622e-05,0.000000e+00,3.500000e-05,1.716901e-03,-6.598289e-06,-6.598289e-07,0.000000e+00,-6.598289e-07,-1.506050e-05,1.993950e-05,3.500000e-05,5.417010e-07,-1.068925e-07
7.070000e-11,1.684544e+02,1.812442e-03,0.000000e+00,1.299939e+01,1.550972e-05,1.436902e-05,1.293617e+01,4.377494e-07,2.049705e-05,0.000000e+00,3.500000e-05,1.827952e-03,-3.559548e-06,-3.559548e-07,0.000000e+00,-3.559548e-07,-1.483901e-05,2.016099e-05,3.500000e-05,4.699914e-07,1.989770e-08
7.080000e-11,1.690165e+02,1.894505e-03,0.000000e+00,1.300351e+01,1.219330e-05,1.431430e-05,1.293660e+01,2.646570e-06,2.027657e-05,0.000000e+00,3.500000e-05,1.906698e-03,-8.065760e-07,-8.065760e-08,0.000000e+00,-8.065760e-08,-1.468379e-05,2.031621e-05,3.500000e-05,3.694939e-07,1.202986e-07
7.090000e-11,1.695917e+02,1.914740e-03,0.000000e+00,1.300659e+01,8.394712e-06,1.434184e-05,1.293759e+01,4.192020e-06,2.006538e-05,0.000000e+00,3.500000e-05,1.923135e-03,1.478459e-06,1.478459e-07,0.000000e+00,1.478459e-07,-1.459622e-05,2.040378e-05,3.500000e-05,2.543852e-07,1.905464e-07
7.100000e-11,1.701608e+02,1.862813e-03,0.000000e+00,1.300853e+01,4.538080e-06,1.443400e-05,1.293895e+01,5.063821e-06,1.987968e-05,0.000000e+00,3.500000e-05,1.867352e-03,3.186254e-06,3.186254e-07,0.000000e+00,3.186254e-07,-1.457152e-05,2.042848e-05,3.500000e-05,1.375176e-07,2.301737e-07
7.110000e-11,1.707054e+02,1.751809e-03,0.000000e+00,1.300938e+01,9.746787e-07,1.457072e-05,1.294048e+01,5.312084e-06,1.973058e-05,0.000000e+00,3.500000e-05,1.752784e-03,4.277068e-06,4.277068e-07,0.000000e+00,4.277068e-07,-1.460026e-05,2.039974e-05,3.500000e-05,2.953572e-08,2.414584e-07
7.120000e-11,1.712130e+02,1.609987e-03,0.000000e+00,1.300925e+01,-2.034419e-06,1.473173e-05,1.294200e+01,5.031999e-06,1.962401e-05,0.000000e+00,3.500000e-05,1.607952e-03,4.771793e-06,4.771793e-07,0.000000e+00,4.771793e-07,-1.467008e-05,2.032992e-05,3.500000e-05,-6.164907e-08,2.287272e-07
7.130000e-11,1.716797e+02,1.468621e-03,0.000000e+00,1.300833e+01,-4.324631e-06,1.489833e-05,1.294339e+01,4.347306e-06,1.956119e-05,0.000000e+00,3.500000e-05,1.464296e-03,4.739216e-06,4.739216e-07,0.000000e+00,4.739216e-07,-1.476728e-05,2.023272e-05,3.500000e-05,-1.310494e-07,1.976048e-07
7.140000e-11,1.721094e+02,1.353309e-03,0.000000e+00,1.300684e+01,-5.824589e-06,1.505478e-05,1.294455e+01,3.394257e-06,1.953930e-05,0.000000e+00,3.500000e-05,1.347484e-03,4.281347e-06,4.281347e-07,0.000000e+00,4.281347e-07,-1.487828e-05,2.012172e-05,3.500000e-05,-1.765027e-07,1.542844e-07
7.150000e-11,1.725121e+02,1.280791e-03,0.000000e+00,1.300502e+01,-6.545357e-06,1.518909e-05,1.294540e+01,2.307418e-06,1.955252e-05,0.000000e+00,3.500000e-05,1.274246e-03,3.518469e-06,3.518469e-07,0.000000e+00,3.518469e-07,-1.499075e-05,2.000925e-05,3.500000e-05,-1.983442e-07,1.048826e-07
7.160000e-11,1.729015e+02,1.259375e-03,0.000000e+00,1.300308e+01,-6.564451e-06,1.529342e-05,1.294593e+01,1.208223e-06,1.959305e-05,0.000000e+00,3.500000e-05,1.252810e-03,2.575299e-06,2.575299e-07,0.000000e+00,2.575299e-07,-1.509450e-05,1.990550e-05,3.500000e-05,-1.989227e-07,5.491921e-08
7.170000e-11,1.732926e+02,1.290183e-03,0.000000e+00,1.300122e+01,-6.006962e-06,1.536400e-05,1.294614e+01,1.967676e-07,1.965216e-05,0.000000e+00,3.500000e-05,1.284176e-03,1.569289e-06,1.569289e-07,0.000000e+00,1.569289e-07,-1.518197e-05,1.981803e-05,3.500000e-05,-1.820292e-07,8.943983e-09
7.180000e-11,1.737000e+02,1.367402e-03,0.000000e+00,1.299958e+01,-5.025969e-06,1.540071e-05,1.294608e+01,-6.530197e-07,1.972110e-05,0.000000e+00,3.500000e-05,1.362376e-03,6.016947e-07,6.016947e-08,0.000000e+00,6.016947e-08,-1.524841e-05,1.975159e-05,3.500000e-05,-1.523021e-07,-2.968271e-08
7.190000e-11,1.741350e+02,1.477180e-03,0.000000e+00,1.299827e+01,-3.784031e-06,1.540644e-05,1.294580e+01,-1.295050e-06,1.979192e-05,0.000000e+00,3.500000e-05,1.473396e-03,-2.482995e-07,-2.482995e-08,0.000000e+00,-2.482995e-08,-1.529177e-05,1.970823e-05,3.500000e-05,-1.146676e-07,-5.886589e-08
7.200000e-11,1.746034e+02,1.596631e-03,0.000000e+00,1.299734e+01,-2.437199e-06,1.538628e-05,1.294536e+01,-1.710004e-06,1.985795e-05,0.000000e+00,3.500000e-05,1.594194e-03,-9.264620e-07,-9.264620e-08,0.000000e+00,-9.264620e-08,-1.531243e-05,1.968757e-05,3.500000e-05,-7.385451e-08,-7.772748e-08
7.210000e-11,1.751031e+02,1.696051e-03,0.000000e+00,1.299680e+01,-1.122485e-06,1.534668e-05,1.294483e+01,-1.902134e-06,1.991416e-05,0.000000e+00,3.500000e-05,1.694929e-03,-1.403686e-06,-1.403686e-07,0.000000e+00,-1.403686e-07,-1.531267e-05,1.968733e-05,3.500000e-05,-3.401471e-08,-8.646062e-08
7.220000e-11,1.756235e+02,1.746739e-03,0.000000e+00,1.299663e+01,5.073288e-08,1.529462e-05,1.294426e+01,-1.894574e-06,1.995735e-05,0.000000e+00,3.500000e-05,1.746789e-03,-1.673940e-06,-1.673940e-07,0.000000e+00,-1.673940e-07,-1.529616e-05,1.970384e-05,3.500000e-05,1.537360e-09,-8.611702e-08
7.230000e-11,1.761478e+02,1.731892e-03,0.000000e+00,1.299678e+01,1.005326e-06,1.523693e-05,1.294373e+01,-1.723873e-06,1.998602e-05,0.000000e+00,3.500000e-05,1.732898e-03,-1.750571e-06,-1.750571e-07,0.000000e+00,-1.750571e-07,-1.526739e-05,1.973261e-05,3.500000e-05,3.046443e-08,-7.835788e-08
7.240000e-11,1.766575e+02,1.653265e-03,0.000000e+00,1.299717e+01,1.697349e-06,1.517967e-05,1.294326e+01,-1.434332e-06,2.000025e-05,0.000000e+00,3.500000e-05,1.654963e-03,-1.661596e-06,-1.661596e-07,0.000000e+00,-1.661596e-07,-1.523111e-05,1.976889e-05,3.500000e-05,5.143483e-08,-6.519691e-08
7.250000e-11,1.771371e+02,1.528826e-03,0.000000e+00,1.299773e+01,2.113885e-06,1.512779e-05,1.294289e+01,-1.072698e-06,2.000137e-05,0.000000e+00,3.500000e-05,1.530940e-03,-1.444556e-06,-1.444556e-07,0.000000e+00,-1.444556e-07,-1.519184e-05,1.980816e-05,3.500000e-05,6.405714e-08,-4.875900e-08
7.260000e-11,1.775773e+02,1.384150e-03,0.000000e+00,1.299838e+01,2.268548e-06,1.508485e-05,1.294262e+01,-6.836066e-07,1.999163e-05,0.000000e+00,3.500000e-05,1.386418e-03,-1.141483e-06,-1.141483e-07,0.000000e+00,-1.141483e-07,-1.515359e-05,1.984641e-05,3.500000e-05,6.874389e-08,-3.107303e-08
7.270000e-11,1.779760e+02,1.243745e-03,0.000000e+00,1.299904e+01,2.195464e-06,1.505298e-05,1.294247e+01,-3.060361e-07,1.997384e-05,0.000000e+00,3.500000e-05,1.245941e-03,-7.943798e-07,-7.943798e-08,0.000000e+00,-7.943798e-08,-1.511951e-05,1.988049e-05,3.500000e-05,6.652921e-08,-1.391073e-08
7.280000e-11,1.783371e+02,1.126169e-03,0.000000e+00,1.299965e+01,1.942543e-06,1.503298e-05,1.294243e+01,2.909725e-08,1.995099e-05,0.000000e+00,3.500000e-05,1.128111e-03,-4.415281e-07,-4.415281e-08,0.000000e+00,-4.415281e-08,-1.509184e-05,1.990816e-05,3.500000e-05,5.886493e-08,1.322602e-09
7.290000e-11,1.786687e+02,1.043088e-03,0.000000e+00,1.300017e+01,1.564762e-06,1.502442e-05,1.294247e+01,3.001966e-07,1.992600e-05,0.000000e+00,3.500000e-05,1.044652e-03,-1.147946e-07,-1.147946e-08,0.000000e+00,-1.147946e-08,-1.507184e-05,1.992816e-05,3.500000e-05,4.741703e-08,1.364530e-08
7.300000e-11,1.789819e+02,1.000539e-03,0.000000e+00,1.300057e+01,1.118051e-06,1.502598e-05,1.294259e+01,4.951938e-07,1.990143e-05,0.000000e+00,3.500000e-05,1.001657e-03,1.620097e-07,1.620097e-08,0.000000e+00,1.620097e-08,-1.505986e-05,1.994014e-05,3.500000e-05,3.388034e-08,2.250881e-08
7.310000e-11,1.792890e+02,1.000599e-03,0.000000e+00,1.300084e+01,6.542093e-07,1.503567e-05,1.294275e+01,6.108820e-07,1.987936e-05,0.000000e+00,3.500000e-05,1.001253e-03,3.737632e-07,3.737632e-08,0.000000e+00,3.737632e-08,-1.505550e-05,1.994450e-05,3.500000e-05,1.982452e-08,2.776736e-08
7.320000e-11,1.796025e+02,1.042364e-03,0.000000e+00,1.300097e+01,2.171087e-07,1.505117e-05,1.294294e+01,6.515888e-07,1.986126e-05,0.000000e+00,3.500000e-05,1.042581e-03,5.137868e-07,5.137868e-08,0.000000e+00,5.137868e-08,-1.505775e-05,1.994225e-05,3.500000e-05,6.579051e-09,2.961767e-08
7.330000e-11,1.799343e+02,1.121790e-03,0.000000e+00,1.300098e+01,-1.597113e-07,1.507005e-05,1.294313e+01,6.274285e-07,1.984798e-05,0.000000e+00,3.500000e-05,1.121630e-03,5.828997e-07,5.828997e-08,0.000000e+00,5.828997e-08,-1.506521e-05,1.993479e-05,3.500000e-05,-4.839737e-09,2.851948e-08
7.340000e-11,1.802941e+02,1.230419e-03,0.000000e+00,1.300089e+01,-4.541074e-07,1.509003e-05,1.294330e+01,5.523629e-07,1.983982e-05,0.000000e+00,3.500000e-05,1.229965e-03,5.879864e-07,5.879864e-08,0.000000e+00,5.879864e-08,-1.507627e-05,1.992373e-05,3.500000e-05,-1.376083e-08,2.510740e-08
7.350000e-11,1.806883e+02,1.353705e-03,0.000000e+00,1.300073e+01,-6.552017e-07,1.510917e-05,1.294345e+01,4.422767e-07,1.983655e-05,0.000000e+00,3.500000e-05,1.353050e-03,5.402917e-07,5.402917e-08,0.000000e+00,5.402917e-08,-1.508932e-05,1.991068e-05,3.500000e-05,-1.985460e-08,2.010349e-08
7.360000e-11,1.811175e+02,1.470578e-03,0.000000e+00,1.300052e+01,-7.622871e-07,1.512594e-05,1.294356e+01,3.132341e-07,1.983756e-05,0.000000e+00,3.500000e-05,1.469816e-03,4.536415e-07,4.536415e-08,0.000000e+00,4.536415e-08,-1.510284e-05,1.989716e-05,3.500000e-05,-2.309961e-08,1.423791e-08
7.370000e-11,1.815759e+02,1.556443e-03,0.000000e+00,1.300030e+01,-7.830394e-07,1.513928e-05,1.294364e+01,1.800366e-07,1.984199e-05,0.000000e+00,3.500000e-05,1.555660e-03,3.427606e-07,3.427606e-08,0.000000e+00,3.427606e-08,-1.511555e-05,1.988445e-05,3.500000e-05,-2.372847e-08,8.183484e-09
7.380000e-11,1.820508e+02,1.590218e-03,0.000000e+00,1.300007e+01,-7.313198e-07,1.514866e-05,1.294367e+01,5.515465e-08,1.984882e-05,0.000000e+00,3.500000e-05,1.589487e-03,2.218178e-07,2.218178e-08,0.000000e+00,2.218178e-08,-1.512650e-05,1.987350e-05,3.500000e-05,-2.216121e-08,2.507030e-09
7.390000e-11,1.825256e+02,1.562176e-03,0.000000e+00,1.299987e+01,-6.248341e-07,1.515396e-05,1.294367e+01,-5.194290e-08,1.985701e-05,0.000000e+00,3.500000e-05,1.561552e-03,1.032840e-07,1.032840e-08,0.000000e+00,1.032840e-08,-1.513503e-05,1.986497e-05,3.500000e-05,-1.893437e-08,-2.361041e-09
7.400000e-11,1.829831e+02,1.477329e-03,0.000000e+00,1.299970e+01,-4.828790e-07,1.515547e-05,1.294365e+01,-1.350730e-07,1.986559e-05,0.000000e+00,3.500000e-05,1.476846e-03,-2.853444e-09,-2.853444e-10,0.000000e+00,-2.853444e-10,-1.514084e-05,1.985916e-05,3.500000e-05,-1.463270e-08,-6.139680e-09
7.410000e-11,1.834095e+02,1.352246e-03,0.000000e+00,1.299958e+01,-3.243595e-07,1.515374e-05,1.294360e+01,-1.912832e-07,1.987374e-05,0.000000e+00,3.500000e-05,1.351922e-03,-8.951439e-08,-8.951439e-09,0.000000e+00,-8.951439e-09,-1.514391e-05,1.985609e-05,3.500000e-05,-9.829076e-09,-8.694689e-09
7.420000e-11,1.837964e+02,1.208131e-03,0.000000e+00,1.299951e+01,-1.661997e-07,1.514950e-05,1.294354e+01,-2.205231e-07,1.988082e-05,0.000000e+00,3.500000e-05,1.207965e-03,-1.526187e-07,-1.526187e-08,0.000000e+00,-1.526187e-08,-1.514447e-05,1.985553e-05,3.500000e-05,-5.036355e-09,-1.002378e-08
7.430000e-11,1.841410e+02,1.064484e-03,0.000000e+00,1.299948e+01,-2.221697e-08,1.514360e-05,1.294347e+01,-2.251209e-07,1.988640e-05,0.000000e+00,3.500000e-05,1.064461e-03,-1.908984e-07,-1.908984e-08,0.000000e+00,-1.908984e-08,-1.514292e-05,1.985708e-05,3.500000e-05,-6.732417e-10,-1.023277e-08
7.440000e-11,1.844454e+02,9.357516e-04,0.000000e+00,1.299949e+01,9.752712e-08,1.513684e-05,1.294341e+01,-2.091464e-07,1.989026e-05,0.000000e+00,3.500000e-05,9.358491e-04,-2.054972e-07,-2.054972e-08,0.000000e+00,-2.054972e-08,-1.513980e-05,1.986020e-05,3.500000e-05,2.955367e-09,-9.506653e-09
7.450000e-11,1.847152e+02,8.308606e-04,0.000000e+00,1.299953e+01,1.869277e-07,1.512998e-05,1.294335e+01,-1.777365e-07,1.989238e-05,0.000000e+00,3.500000e-05,8.310475e-04,-1.994313e-07,-1.994313e-08,0.000000e+00,-1.994313e-08,-1.513564e-05,1.986436e-05,3.500000e-05,5.664474e-09,-8.078932e-09
7.460000e-11,1.849579e+02,7.543748e-04,0.000000e+00,1.299960e+01,2.436534e-07,1.512364e-05,1.294331e+01,-1.364508e-07,1.989288e-05,0.000000e+00,3.500000e-05,7.546184e-04,-1.769843e-07,-1.769843e-08,0.000000e+00,-1.769843e-08,-1.513102e-05,1.986898e-05,3.500000e-05,7.383437e-09,-6.202308e-09
7.470000e-11,1.851823e+02,7.080908e-04,0.000000e+00,1.299967e+01,2.686657e-07,1.511827e-05,1.294327e+01,-9.070589e-08,1.989202e-05,0.000000e+00,3.500000e-05,7.083595e-04,-1.431002e-07,-1.431002e-08,0.000000e+00,-1.431002e-08,-1.512641e-05,1.987359e-05,3.500000e-05,8.141385e-09,-4.122995e-09
7.480000e-11,1.853973e+02,6.923718e-04,0.000000e+00,1.299975e+01,2.655353e-07,1.511418e-05,1.294325e+01,-4.532603e-08,1.989011e-05,0.000000e+00,3.500000e-05,6.926373e-04,-1.028293e-07,-1.028293e-08,0.000000e+00,-1.028293e-08,-1.512223e-05,1.987777e-05,3.500000e-05,8.046525e-09,-2.060274e-09
7.490000e-11,1.856122e+02,7.069662e-04,0.000000e+00,1.299982e+01,2.396547e-07,1.511149e-05,1.294324e+01,-4.226890e-09,1.988752e-05,0.000000e+00,3.500000e-05,7.072059e-04,-6.086528e-08,-6.086528e-09,0.000000e+00,-6.086528e-09,-1.511876e-05,1.988124e-05,3.500000e-05,7.262265e-09,-1.921314e-10
7.500000e-11,1.858360e+02,7.512634e-04,0.000000e+00,1.299989e+01,1.974333e-07,1.511019e-05,1.294325e+01,2.976309e-08,1.988460e-05,0.000000e+00,3.500000e-05,7.514608e-04,-2.119781e-08,-2.119781e-09,0.000000e+00,-2.119781e-09,-1.511617e-05,1.988383e-05,3.500000e-05,5.982828e-09,1.352868e-09
7.510000e-11,1.860775e+02,8.239824e-04,0.000000e+00,1.299994e+01,1.455497e-07,1.511012e-05,1.294326e+01,5.495353e-08,1.988166e-05,0.000000e+00,3.500000e-05,8.241279e-04,1.310990e-08,1.310990e-09,0.000000e+00,1.310990e-09,-1.511453e-05,1.988547e-05,3.500000e-05,4.410597e-09,2.497888e-09
7.520000e-11,1.863449e+02,9.222809e-04,0.000000e+00,1.299998e+01,9.031650e-08,1.511108e-05,1.294328e+01,7.073368e-08,1.987896e-05,0.000000e+00,3.500000e-05,9.223712e-04,4.002172e-08,4.002172e-09,0.000000e+00,4.002172e-09,-1.511382e-05,1.988618e-05,3.500000e-05,2.736864e-09,3.215167e-09
7.530000e-11,1.866447e+02,1.040345e-03,0.000000e+00,1.300000e+01,3.719259e-08,1.511280e-05,1.294330e+01,7.742988e-08,1.987670e-05,0.000000e+00,3.500000e-05,1.040383e-03,5.852074e-08,5.852074e-09,0.000000e+00,5.852074e-09,-1.511393e-05,1.988607e-05,3.500000e-05,1.127048e-09,3.519540e-09
7.540000e-11,1.869812e+02,1.167835e-03,0.000000e+00,1.300000e+01,-9.540906e-09,1.511498e-05,1.294332e+01,7.610651e-08,1.987500e-05,0.000000e+00,3.500000e-05,1.167825e-03,6.851333e-08,6.851333e-09,0.000000e+00,6.851333e-09,-1.511469e-05,1.988531e-05,3.500000e-05,-2.891184e-10,3.459387e-09
7.550000e-11,1.873546e+02,1.289146e-03,0.000000e+00,1.299999e+01,-4.694232e-08,1.511735e-05,1.294334e+01,6.833842e-08,1.987390e-05,0.000000e+00,3.500000e-05,1.289099e-03,7.066953e-08,7.066953e-09,0.000000e+00,7.066953e-09,-1.511593e-05,1.988407e-05,3.500000e-05,-1.422495e-09,3.106292e-09
7.560000e-11,1.877595e+02,1.384955e-03,0.000000e+00,1.299997e+01,-7.342418e-08,1.511967e-05,1.294336e+01,5.597989e-08,1.987339e-05,0.000000e+00,3.500000e-05,1.384882e-03,6.622547e-08,6.622547e-09,0.000000e+00,6.622547e-09,-1.511745e-05,1.988255e-05,3.500000e-05,-2.224975e-09,2.544541e-09
7.570000e-11,1.881856e+02,1.436815e-03,0.000000e+00,1.299995e+01,-8.864634e-08,1.512174e-05,1.294338e+01,4.095100e-08,1.987341e-05,0.000000e+00,3.500000e-05,1.436726e-03,5.677188e-08,5.677188e-09,0.000000e+00,5.677188e-09,-1.511906e-05,1.988094e-05,3.500000e-05,-2.686253e-09,1.861409e-09
7.580000e-11,1.886180e+02,1.433303e-03,0.000000e+00,1.299992e+01,-9.331910e-08,1.512343e-05,1.294339e+01,2.505712e-08,1.987385e-05,0.000000e+00,3.500000e-05,1.433210e-03,4.405005e-08,4.405005e-09,0.000000e+00,4.405005e-09,-1.512060e-05,1.987940e-05,3.500000e-05,-2.827851e-09,1.138960e-09
7.590000e-11,1.890404e+02,1.374130e-03,0.000000e+00,1.299990e+01,-8.894986e-08,1.512466e-05,1.294339e+01,9.851276e-09,1.987462e-05,0.000000e+00,3.500000e-05,1.374041e-03,2.977152e-08,2.977152e-09,0.000000e+00,2.977152e-09,-1.512196e-05,1.987804e-05,3.500000e-05,-2.695450e-09,4.477853e-10
7.600000e-11,1.894384e+02,1.269578e-03,0.000000e+00,1.299987e+01,-7.756589e-08,1.512539e-05,1.294339e+01,-3.456304e-09,1.987557e-05,0.000000e+00,3.500000e-05,1.269501e-03,1.547329e-08,1.547329e-09,0.000000e+00,1.547329e-09,-1.512304e-05,1.987696e-05,3.500000e-05,-2.350482e-09,-1.571047e-10
7.610000e-11,1.898012e+02,1.136024e-03,0.000000e+00,1.299985e+01,-6.144180e-08,1.512567e-05,1.294339e+01,-1.404213e-08,1.987659e-05,0.000000e+00,3.500000e-05,1.135962e-03,2.414588e-09,2.414588e-10,0.000000e+00,2.414588e-10,-1.512381e-05,1.987619e-05,3.500000e-05,-1.861873e-09,-6.382786e-10
7.620000e-11,1.901228e+02,9.905202e-04,0.000000e+00,1.299984e+01,-4.285489e-08,1.512555e-05,1.294338e+01,-2.147142e-08,1.987758e-05,0.000000e+00,3.500000e-05,9.904774e-04,-8.483163e-09,-8.483163e-10,0.000000e+00,-8.483163e-10,-1.512425e-05,1.987575e-05,3.500000e-05,-1.298633e-09,-9.759734e-10
7.630000e-11,1.904016e+02,8.469901e-04,0.000000e+00,1.299983e+01,-2.388472e-08,1.512510e-05,1.294338e+01,-2.566559e-08,1.987845e-05,0.000000e+00,3.500000e-05,8.469662e-04,-1.665582e-08,-1.665582e-09,0.000000e+00,-1.665582e-09,-1.512438e-05,1.987562e-05,3.500000e-05,-7.237794e-10,-1.166618e-09
7.640000e-11,1.906393e+02,7.147542e-04,0.000000e+00,1.299982e+01,-6.266465e-09,1.512444e-05,1.294337e+01,-2.684442e-08,1.987916e-05,0.000000e+00,3.500000e-05,7.147479e-04,-2.188109e-08,-2.188109e-09,0.000000e+00,-2.188109e-09,-1.512425e-05,1.987575e-05,3.500000e-05,-1.898929e-10,-1.220201e-09
7.650000e-11,1.908398e+02,5.988253e-04,0.000000e+00,1.299982e+01,8.698833e-09,1.512365e-05,1.294336e+01,-2.545249e-08,1.987967e-05,0.000000e+00,3.500000e-05,5.988340e-04,-2.423589e-08,-2.423589e-09,0.000000e+00,-2.423589e-09,-1.512391e-05,1.987609e-05,3.500000e-05,2.636010e-10,-1.156931e-09
7.660000e-11,1.910082e+02,5.010131e-04,0.000000e+00,1.299983e+01,2.017957e-08,1.512283e-05,1.294336e+01,-2.207927e-08,1.987997e-05,0.000000e+00,3.500000e-05,5.010333e-04,-2.403522e-08,-2.403522e-09,0.000000e+00,-2.403522e-09,-1.512344e-05,1.987656e-05,3.500000e-05,6.115021e-10,-1.003603e-09
7.670000e-11,1.911496e+02,4.211335e-04,0.000000e+00,1.299983e+01,2.780126e-08,1.512205e-05,1.294335e+01,-1.738106e-08,1.988007e-05,0.000000e+00,3.500000e-05,4.211613e-04,-2.176117e-08,-2.176117e-09,0.000000e+00,-2.176117e-09,-1.512290e-05,1.987710e-05,3.500000e-05,8.424623e-10,-7.900483e-10
7.680000e-11,1.912692e+02,3.579818e-04,0.000000e+00,1.299984e+01,3.159631e-08,1.512139e-05,1.294334e+01,-1.201117e-08,1.988000e-05,0.000000e+00,3.500000e-05,3.580134e-04,-1.799026e-08,-1.799026e-09,0.000000e+00,-1.799026e-09,-1.512234e-05,1.987766e-05,3.500000e-05,9.574638e-10,-5.459625e-10
7.690000e-11,1.913719e+02,3.099939e-04,0.000000e+00,1.299985e+01,3.192721e-08,1.512086e-05,1.294334e+01,-6.563144e-09,1.987980e-05,0.000000e+00,3.500000e-05,3.100258e-04,-1.332563e-08,-1.332563e-09,0.000000e+00,-1.332563e-09,-1.512183e-05,1.987817e-05,3.500000e-05,9.674912e-10,-2.983247e-10
7.700000e-11,1.914620e+02,2.756440e-04,0.000000e+00,1.299986e+01,2.939470e-08,1.512051e-05,1.294334e+01,-1.529471e-09,1.987951e-05,0.000000e+00,3.500000e-05,2.756734e-04,-8.339268e-09,-8.339268e-10,0.000000e+00,-8.339268e-10,-1.512140e-05,1.987860e-05,3.500000e-05,8.907485e-10,-6.952139e-11
7.710000e-11,1.915434e+02,2.536604e-04,0.000000e+00,1.299987e+01,2.474171e-08,1.512031e-05,1.294334e+01,2.723252e-09,1.987916e-05,0.000000e+00,3.500000e-05,2.536851e-04,-3.527406e-09,-3.527406e-10,0.000000e+00,-3.527406e-10,-1.512106e-05,1.987894e-05,3.500000e-05,7.497488e-10,1.237842e-10
7.720000e-11,1.916198e+02,2.431281e-04,0.000000e+00,1.299987e+01,1.876227e-08,1.512028e-05,1.294334e+01,5.963638e-09,1.987881e-05,0.000000e+00,3.500000e-05,2.431469e-04,7.192318e-10,7.192318e-11,0.000000e+00,7.192318e-11,-1.512084e-05,1.987916e-05,3.500000e-05,5.685538e-10,2.710744e-10
7.730000e-11,1.916946e+02,2.435321e-04,0.000000e+00,1.299988e+01,1.222253e-08,1.512037e-05,1.294334e+01,8.091243e-09,1.987848e-05,0.000000e+00,3.500000e-05,2.435443e-04,4.130578e-09,4.130578e-10,0.000000e+00,4.130578e-10,-1.512074e-05,1.987926e-05,3.500000e-05,3.703797e-10,3.677838e-10
7.740000e-11,1.917711e+02,2.547666e-04,0.000000e+00,1.299988e+01,5.798534e-09,1.512055e-05,1.294335e+01,9.121582e-09,1.987820e-05,0.000000e+00,3.500000e-05,2.547724e-04,6.558994e-09,6.558994e-10,0.000000e+00,6.558994e-10,-1.512073e-05,1.987927e-05,3.500000e-05,1.757131e-10,4.146174e-10
7.750000e-11,1.918528e+02,2.771288e-04,0.000000e+00,1.299988e+01,3.326344e-11,1.512080e-05,1.294335e+01,9.163685e-09,1.987798e-05,0.000000e+00,3.500000e-05,2.771289e-04,7.969981e-09,7.969981e-10,0.000000e+00,7.969981e-10,-1.512080e-05,1.987920e-05,3.500000e-05,1.007983e-12,4.165312e-10
7.760000e-11,1.919430e+02,3.112940e-04,0.000000e+00,1.299988e+01,-4.686847e-09,1.512108e-05,1.294335e+01,8.393526e-09,1.987784e-05,0.000000e+00,3.500000e-05,3.112893e-04,8.424634e-09,8.424634e-10,0.000000e+00,8.424634e-10,-1.512094e-05,1.987906e-05,3.500000e-05,-1.420257e-10,3.815239e-10
7.770000e-11,1.920457e+02,3.582628e-04,0.000000e+00,1.299988e+01,-8.137380e-09,1.512136e-05,1.294335e+01,7.026397e-09,1.987776e-05,0.000000e+00,3.500000e-05,3.582547e-04,8.056906e-09,8.056906e-10,0.000000e+00,8.056906e-10,-1.512111e-05,1.987889e-05,3.500000e-05,-2.465873e-10,3.193817e-10
7.780000e-11,1.921648e+02,4.192525e-04,0.000000e+00,1.299988e+01,-1.024619e-08,1.512162e-05,1.294336e+01,5.290866e-09,1.987775e-05,0.000000e+00,3.500000e-05,4.192423e-04,7.048599e-09,7.048599e-10,0.000000e+00,7.048599e-10,-1.512131e-05,1.987869e-05,3.500000e-05,-3.104905e-10,2.404939e-10
7.790000e-11,1.923049e+02,4.954836e-04,0.000000e+00,1.299987e+01,-1.107203e-08,1.512183e-05,1.294336e+01,3.406291e-09,1.987779e-05,0.000000e+00,3.500000e-05,4.954726e-04,5.604705e-09,5.604705e-10,0.000000e+00,5.604705e-10,-1.512149e-05,1.987851e-05,3.500000e-05,-3.355161e-10,1.548314e-10
7.800000e-11,1.924707e+02,5.877917e-04,0.000000e+00,1.299987e+01,-1.077565e-08,1.512199e-05,1.294336e+01,1.565235e-09,1.987788e-05,0.000000e+00,3.500000e-05,5.877809e-04,3.931189e-09,3.931189e-10,0.000000e+00,3.931189e-10,-1.512166e-05,1.987834e-05,3.500000e-05,-3.265347e-10,7.114703e-11
7.810000e-11,1.926669e+02,6.959769e-04,0.000000e+00,1.299987e+01,-9.587063e-09,1.512209e-05,1.294336e+01,-7.856785e-11,1.987798e-05,0.000000e+00,3.500000e-05,6.959673e-04,2.216736e-09,2.216736e-10,0.000000e+00,2.216736e-10,-1.512180e-05,1.987820e-05,3.500000e-05,-2.905171e-10,-3.571266e-12
7.820000e-11,1.928980e+02,8.178369e-04,0.000000e+00,1.299987e+01,-7.772838e-09,1.512213e-05,1.294336e+01,-1.416650e-09,1.987811e-05,0.000000e+00,3.500000e-05,8.178291e-04,6.193166e-10,6.193166e-11,0.000000e+00,6.193166e-11,-1.512190e-05,1.987810e-05,3.500000e-05,-2.355405e-10,-6.439318e-11
7.830000e-11,1.931671e+02,9.479716e-04,0.000000e+00,1.299986e+01,-5.605993e-09,1.512213e-05,1.294336e+01,-2.387106e-09,1.987823e-05,0.000000e+00,3.500000e-05,9.479660e-04,-7.420891e-10,-7.420891e-11,0.000000e+00,-7.420891e-11,-1.512196e-05,1.987804e-05,3.500000e-05,-1.698786e-10,-1.085048e-10
7.840000e-11,1.934749e+02,1.076778e-03,0.000000e+00,1.299986e+01,-3.340880e-09,1.512208e-05,1.294336e+01,-2.971562e-09,1.987833e-05,0.000000e+00,3.500000e-05,1.076775e-03,-1.790855e-09,-1.790855e-10,0.000000e+00,-1.790855e-10,-1.512198e-05,1.987802e-05,3.500000e-05,-1.012388e-10,-1.350710e-10
7.850000e-11,1.938186e+02,1.190492e-03,0.000000e+00,1.299986e+01,-1.194234e-09,1.512201e-05,1.294336e+01,-3.188876e-09,1.987842e-05,0.000000e+00,3.500000e-05,1.190490e-03,-2.491737e-09,-2.491737e-10,0.000000e+00,-2.491737e-10,-1.512197e-05,1.987803e-05,3.500000e-05,-3.618892e-11,-1.449489e-10
7.860000e-11,1.941911e+02,1.273238e-03,0.000000e+00,1.299986e+01,6.670076e-10,1.512192e-05,1.294336e+01,-3.086711e-09,1.987849e-05,0.000000e+00,3.500000e-05,1.273239e-03,-2.846438e-09,-2.846438e-10,0.000000e+00,-2.846438e-10,-1.512194e-05,1.987806e-05,3.500000e-05,2.021235e-11,-1.403050e-10
7.870000e-11,1.945809e+02,1.311179e-03,0.000000e+00,1.299986e+01,2.131317e-09,1.512182e-05,1.294335e+01,-2.732116e-09,1.987853e-05,0.000000e+00,3.500000e-05,1.311181e-03,-2.886751e-09,-2.886751e-10,0.000000e+00,-2.886751e-10,-1.512188e-05,1.987812e-05,3.500000e-05,6.458538e-11,-1.241871e-10
7.880000e-11,1.949736e+02,1.297106e-03,0.000000e+00,1.299986e+01,3.142292e-09,1.512172e-05,1.294335e+01,-2.202113e-09,1.987855e-05,0.000000e+00,3.500000e-05,1.297109e-03,-2.666288e-09,-2.666288e-10,0.000000e+00,-2.666288e-10,-1.512182e-05,1.987818e-05,3.500000e-05,9.522097e-11,-1.000960e-10
7.890000e-11,1.953542e+02,1.232854e-03,0.000000e+00,1.299986e+01,3.693584e-09,1.512164e-05,1.294335e+01,-1.575124e-09,1.987854e-05,0.000000e+00,3.500000e-05,1.232858e-03,-2.251813e-09,-2.251813e-10,0.000000e+00,-2.251813e-10,-1.512175e-05,1.987825e-05,3.500000e-05,1.119268e-10,-7.159654e-11
7.900000e-11,1.957096e+02,1.128150e-03,0.000000e+00,1.299986e+01,3.820360e-09,1.512158e-05,1.294335e+01,-9.238285e-10,1.987852e-05,0.000000e+00,3.500000e-05,1.128154e-03,-1.714986e-09,-1.714986e-10,0.000000e+00,-1.714986e-10,-1.512169e-05,1.987831e-05,3.500000e-05,1.157685e-10,-4.199221e-11
7.910000e-11,1.960300e+02,9.968590e-04,0.000000e+00,1.299987e+01,3.588665e-09,1.512153e-05,1.294335e+01,-3.098279e-10,1.987849e-05,0.000000e+00,3.500000e-05,9.968626e-04,-1.125182e-09,-1.125182e-10,0.000000e+00,-1.125182e-10,-1.512164e-05,1.987836e-05,3.500000e-05,1.087474e-10,-1.408309e-11
7.920000e-11,1.963096e+02,8.528571e-04,0.000000e+00,1.299987e+01,3.084010e-09,1.512150e-05,1.294335e+01,2.197502e-10,1.987845e-05,0.000000e+00,3.500000e-05,8.528602e-04,-5.438162e-10,-5.438162e-11,0.000000e+00,-5.438162e-11,-1.512160e-05,1.987840e-05,3.500000e-05,9.345486e-11,9.988643e-12
7.930000e-11,1.965460e+02,7.072236e-04,0.000000e+00,1.299987e+01,2.400327e-09,1.512149e-05,1.294335e+01,6.337574e-10,1.987841e-05,0.000000e+00,3.500000e-05,7.072260e-04,-2.039603e-11,-2.039603e-12,0.000000e+00,-2.039603e-12,-1.512157e-05,1.987843e-05,3.500000e-05,7.273719e-11,2.880715e-11
7.940000e-11,1.967397e+02,5.671770e-04,0.000000e+00,1.299987e+01,1.630189e-09,1.512150e-05,1.294335e+01,9.168552e-10,1.987837e-05,0.000000e+00,3.500000e-05,5.671786e-04,4.096571e-10,4.096571e-11,0.000000e+00,4.096571e-11,-1.512155e-05,1.987845e-05,3.500000e-05,4.939967e-11,4.167524e-11
7.950000e-11,1.968927e+02,4.363026e-04,0.000000e+00,1.299987e+01,8.569302e-10,1.512152e-05,1.294335e+01,1.067987e-09,1.987833e-05,0.000000e+00,3.500000e-05,4.363034e-04,7.255593e-10,7.255593e-11,0.000000e+00,7.255593e-11,-1.512155e-05,1.987845e-05,3.500000e-05,2.596758e-11,4.854487e-11
7.960000e-11,1.970076e+02,3.153847e-04,0.000000e+00,1.299987e+01,1.490092e-10,1.512155e-05,1.294335e+01,1.097875e-09,1.987830e-05,0.000000e+00,3.500000e-05,3.153849e-04,9.203273e-10,9.203273e-11,0.000000e+00,9.203273e-11,-1.512155e-05,1.987845e-05,3.500000e-05,4.515432e-12,4.990341e-11
7.970000e-11,1.970870e+02,2.033278e-04,0.000000e+00,1.299987e+01,-4.432974e-10,1.512158e-05,1.294335e+01,1.025937e-09,1.987828e-05,0.000000e+00,3.500000e-05,2.033273e-04,9.988827e-10,9.988827e-11,0.000000e+00,9.988827e-11,-1.512157e-05,1.987843e-05,3.500000e-05,-1.343326e-11,4.663349e-11
7.980000e-11,1.971334e+02,9.791356e-05,0.000000e+00,1.299987e+01,-8.890043e-10,1.512162e-05,1.294335e+01,8.770001e-10,1.987827e-05,0.000000e+00,3.500000e-05,9.791267e-05,9.754555e-10,9.754555e-11,0.000000e+00,9.754555e-11,-1.512159e-05,1.987841e-05,3.500000e-05,-2.693953e-11,3.986364e-11
7.990000e-11,1.971481e+02,-3.663095e-06,0.000000e+00,1.299987e+01,-1.175630e-09,1.512165e-05,1.294335e+01,6.781397e-10,1.987827e-05,0.000000e+00,3.500000e-05,-3.664270e-06,8.706430e-10,8.706430e-11,0.000000e+00,8.706430e-11,-1.512161e-05,1.987839e-05,3.500000e-05,-3.562516e-11,3.082453e-11
8.000000e-11,1.971318e+02,-1.044386e-04,0.000000e+00,1.299987e+01,-1.306930e-09,1.512167e-05,1.294335e+01,4.558912e-10,1.987827e-05,0.000000e+00,3.500000e-05,-1.044399e-04,7.084432e-10,7.084432e-11,0.000000e+00,7.084432e-11,-1.512163e-05,1.987837e-05,3.500000e-05,-3.960394e-11,2.072233e-11
8.010000e-11,1.970844e+02,-2.074227e-04,0.000000e+00,1.299987e+01,-1.299614e-09,1.512169e-05,1.294335e+01,2.340197e-10,1.987828e-05,0.000000e+00,3.500000e-05,-2.074240e-04,5.135299e-10,5.135299e-11,0.000000e+00,5.135299e-11,-1.512165e-05,1.987835e-05,3.500000e-05,-3.938223e-11,1.063726e-11
8.020000e-11,1.970047e+02,-3.153484e-04,0.000000e+00,1.299987e+01,-1.179523e-09,1.512171e-05,1.294335e+01,3.193674e-11,1.987830e-05,0.000000e+00,3.500000e-05,-3.153496e-04,3.089636e-10,3.089636e-11,0.000000e+00,3.089636e-11,-1.512167e-05,1.987833e-05,3.500000e-05,-3.574313e-11,1.451670e-12
8.030000e-11,1.968910e+02,-4.303338e-04,0.000000e+00,1.299987e+01,-9.777043e-10,1.512171e-05,1.294335e+01,-1.362125e-10,1.987831e-05,0.000000e+00,3.500000e-05,-4.303348e-04,1.144597e-10,1.144597e-11,0.000000e+00,1.144597e-11,-1.512168e-05,1.987832e-05,3.500000e-05,-2.962740e-11,-6.191478e-12
8.040000e-11,1.967409e+02,-5.533707e-04,0.000000e+00,1.299987e+01,-7.267343e-10,1.512171e-05,1.294335e+01,-2.618338e-10,1.987832e-05,0.000000e+00,3.500000e-05,-5.533714e-04,-5.473370e-11,-5.473370e-12,0.000000e+00,-5.473370e-12,-1.512169e-05,1.987831e-05,3.500000e-05,-2.202225e-11,-1.190153e-11
8.050000e-11,1.965525e+02,-6.835856e-04,0.000000e+00,1.299987e+01,-4.575836e-10,1.512171e-05,1.294335e+01,-3.416291e-10,1.987834e-05,0.000000e+00,3.500000e-05,-6.835861e-04,-1.883631e-10,-1.883631e-11,0.000000e+00,-1.883631e-11,-1.512170e-05,1.987830e-05,3.500000e-05,-1.386617e-11,-1.552859e-11
8.060000e-11,1.963241e+02,-8.173327e-04,0.000000e+00,1.299987e+01,-1.971883e-10,1.512170e-05,1.294335e+01,-3.769234e-10,1.987835e-05,0.000000e+00,3.500000e-05,-8.173329e-04,-2.811612e-10,-2.811612e-11,0.000000e+00,-2.811612e-11,-1.512170e-05,1.987830e-05,3.500000e-05,-5.975402e-12,-1.713288e-11
8.070000e-11,1.960560e+02,-9.474105e-04,0.000000e+00,1.299987e+01,3.318093e-11,1.512169e-05,1.294335e+01,-3.727081e-10,1.987836e-05,0.000000e+00,3.500000e-05,-9.474105e-04,-3.324036e-10,-3.324036e-11,0.000000e+00,-3.324036e-11,-1.512169e-05,1.987831e-05,3.500000e-05,1.005483e-12,-1.694128e-11
8.080000e-11,1.957514e+02,-1.063005e-03,0.000000e+00,1.299987e+01,2.187566e-10,1.512168e-05,1.294335e+01,-3.365360e-10,1.987836e-05,0.000000e+00,3.500000e-05,-1.063005e-03,-3.451458e-10,-3.451458e-11,0.000000e+00,-3.451458e-11,-1.512169e-05,1.987831e-05,3.500000e-05,6.628987e-12,-1.529709e-11
8.090000e-11,1.954166e+02,-1.151083e-03,0.000000e+00,1.299987e+01,3.513887e-10,1.512167e-05,1.294335e+01,-2.773925e-10,1.987837e-05,0.000000e+00,3.500000e-05,-1.151083e-03,-3.252684e-10,-3.252684e-11,0.000000e+00,-3.252684e-11,-1.512168e-05,1.987832e-05,3.500000e-05,1.064814e-11,-1.260875e-11
8.100000e-11,1.950621e+02,-1.199446e-03,0.000000e+00,1.299987e+01,4.290573e-10,1.512166e-05,1.294335e+01,-2.046464e-10,1.987837e-05,0.000000e+00,3.500000e-05,-1.199445e-03,-2.804465e-10,-2.804465e-11,0.000000e+00,-2.804465e-11,-1.512167e-05,1.987833e-05,3.500000e-05,1.300174e-11,-9.302111e-12
8.110000e-11,1.947007e+02,-1.200468e-03,0.000000e+00,1.299987e+01,4.549353e-10,1.512165e-05,1.294335e+01,-1.271577e-10,1.987836e-05,0.000000e+00,3.500000e-05,-1.200467e-03,-2.191503e-10,-2.191503e-11,0.000000e+00,-2.191503e-11,-1.512166e-05,1.987834e-05,3.500000e-05,1.378592e-11,-5.779896e-12
8.120000e-11,1.943466e+02,-1.153628e-03,0.000000e+00,1.299987e+01,4.361662e-10,1.512164e-05,1.294335e+01,-5.259191e-11,1.987836e-05,0.000000e+00,3.500000e-05,-1.153627e-03,-1.497565e-10,-1.497565e-11,0.000000e+00,-1.497565e-11,-1.512166e-05,1.987834e-05,3.500000e-05,1.321716e-11,-2.390541e-12
8.130000e-11,1.940127e+02,-1.065403e-03,0.000000e+00,1.299987e+01,3.825143e-10,1.512164e-05,1.294335e+01,1.303557e-11,1.987836e-05,0.000000e+00,3.500000e-05,-1.065402e-03,-7.982986e-11,-7.982986e-12,0.000000e+00,-7.982986e-12,-1.512165e-05,1.987835e-05,3.500000e-05,1.159134e-11,5.925259e-13
8.140000e-11,1.937096e+02,-9.467663e-04,0.000000e+00,1.299987e+01,3.050319e-10,1.512164e-05,1.294335e+01,6.558769e-11,1.987835e-05,0.000000e+00,3.500000e-05,-9.467660e-04,-1.560669e-11,-1.560670e-12,0.000000e+00,-1.560670e-12,-1.512165e-05,1.987835e-05,3.500000e-05,9.243392e-12,2.981259e-12
8.150000e-11,1.934446e+02,-8.098019e-04,0.000000e+00,1.299987e+01,2.148542e-10,1.512164e-05,1.294335e+01,1.028275e-10,1.987835e-05,0.000000e+00,3.500000e-05,-8.098017e-04,3.831114e-11,3.831114e-12,0.000000e+00,3.831114e-12,-1.512165e-05,1.987835e-05,3.500000e-05,6.510733e-12,4.673976e-12
8.160000e-11,1.932215e+02,-6.649600e-04,0.000000e+00,1.299987e+01,1.222065e-10,1.512164e-05,1.294335e+01,1.242691e-10,1.987834e-05,0.000000e+00,3.500000e-05,-6.649599e-04,7.906323e-11,7.906323e-12,0.000000e+00,7.906323e-12,-1.512164e-05,1.987836e-05,3.500000e-05,3.703227e-12,5.648595e-12
8.170000e-11,1.930419e+02,-5.196472e-04,0.000000e+00,1.299987e+01,3.567225e-11,1.512164e-05,1.294335e+01,1.309020e-10,1.987834e-05,0.000000e+00,3.500000e-05,-5.196472e-04,1.054651e-10,1.054651e-11,0.000000e+00,1.054651e-11,-1.512165e-05,1.987835e-05,3.500000e-05,1.080977e-12,5.950092e-12
8.180000e-11,1.929054e+02,-3.780234e-04,0.000000e+00,1.299987e+01,-3.826237e-11,1.512165e-05,1.294335e+01,1.248361e-10,1.987834e-05,0.000000e+00,3.500000e-05,-3.780234e-04,1.178075e-10,1.178075e-11,0.000000e+00,1.178075e-11,-1.512165e-05,1.987835e-05,3.500000e-05,-1.159466e-12,5.674368e-12
8.190000e-11,1.928110e+02,-2.415193e-04,0.000000e+00,1.299987e+01,-9.539656e-11,1.512165e-05,1.294335e+01,1.089125e-10,1.987833e-05,0.000000e+00,3.500000e-05,-2.415194e-04,1.175627e-10,1.175627e-11,0.000000e+00,1.175627e-11,-1.512165e-05,1.987835e-05,3.500000e-05,-2.890805e-12,4.950566e-12
8.200000e-11,1.927574e+02,-1.096159e-04,0.000000e+00,1.299987e+01,-1.337683e-10,1.512166e-05,1.294335e+01,8.632132e-11,1.987833e-05,0.000000e+00,3.500000e-05,-1.096160e-04,1.070406e-10,1.070406e-11,0.000000e+00,1.070406e-11,-1.512165e-05,1.987835e-05,3.500000e-05,-4.053584e-12,3.923696e-12
8.210000e-11,1.927434e+02,1.938671e-05,0.000000e+00,1.299987e+01,-1.534195e-10,1.512166e-05,1.294335e+01,6.025826e-11,1.987833e-05,0.000000e+00,3.500000e-05,1.938656e-05,8.903329e-11,8.903330e-12,0.000000e+00,8.903330e-12,-1.512165e-05,1.987835e-05,3.500000e-05,-4.649076e-12,2.739012e-12
8.220000e-11,1.927687e+02,1.476979e-04,0.000000e+00,1.299987e+01,-1.560282e-10,1.512166e-05,1.294335e+01,3.364277e-11,1.987833e-05,0.000000e+00,3.500000e-05,1.476977e-04,6.648267e-11,6.648267e-12,0.000000e+00,6.648267e-12,-1.512166e-05,1.987834e-05,3.500000e-05,-4.728127e-12,1.529217e-12
8.230000e-11,1.928333e+02,2.774357e-04,0.000000e+00,1.299987e+01,-1.444636e-10,1.512166e-05,1.294335e+01,8.912082e-12,1.987834e-05,0.000000e+00,3.500000e-05,2.774356e-04,4.219457e-11,4.219457e-12,0.000000e+00,4.219457e-12,-1.512166e-05,1.987834e-05,3.500000e-05,-4.377683e-12,4.050946e-13
8.240000e-11,1.929379e+02,4.100161e-04,0.000000e+00,1.299987e+01,-1.223176e-10,1.512166e-05,1.294335e+01,-1.210512e-11,1.987834e-05,0.000000e+00,3.500000e-05,4.100159e-04,1.861733e-11,1.861733e-12,0.000000e+00,1.861733e-12,-1.512166e-05,1.987834e-05,3.500000e-05,-3.706595e-12,-5.502327e-13
8.250000e-11,1.930832e+02,5.454577e-04,0.000000e+00,1.299987e+01,-9.345844e-11,1.512166e-05,1.294335e+01,-2.823865e-11,1.987834e-05,0.000000e+00,3.500000e-05,5.454576e-04,-2.308227e-12,-2.308225e-13,0.000000e+00,-2.308225e-13,-1.512166e-05,1.987834e-05,3.500000e-05,-2.832074e-12,-1.283575e-12
8.260000e-11,1.932698e+02,6.816031e-04,0.000000e+00,1.299987e+01,-6.164022e-11,1.512166e-05,1.294335e+01,-3.895985e-11,1.987834e-05,0.000000e+00,3.500000e-05,6.816031e-04,-1.922693e-11,-1.922694e-12,0.000000e+00,-1.922694e-12,-1.512166e-05,1.987834e-05,3.500000e-05,-1.867885e-12,-1.770902e-12
8.270000e-11,1.934967e+02,8.134124e-04,0.000000e+00,1.299987e+01,-3.019451e-11,1.512166e-05,1.294335e+01,-4.431135e-11,1.987834e-05,0.000000e+00,3.500000e-05,8.134124e-04,-3.138179e-11,-3.138178e-12,0.000000e+00,-3.138178e-12,-1.512166e-05,1.987834e-05,3.500000e-05,-9.149851e-13,-2.014152e-12
8.280000e-11,1.937613e+02,9.327176e-04,0.000000e+00,1.299987e+01,-1.814475e-12,1.512166e-05,1.294335e+01,-4.479950e-11,1.987834e-05,0.000000e+00,3.500000e-05,9.327176e-04,-3.857164e-11,-3.857164e-12,0.000000e+00,-3.857164e-12,-1.512166e-05,1.987834e-05,3.500000e-05,-5.498413e-14,-2.036341e-12
8.290000e-11,1.940579e+02,1.028974e-03,0.000000e+00,1.299987e+01,2.156548e-11,1.512166e-05,1.294335e+01,-4.126558e-11,1.987834e-05,0.000000e+00,3.500000e-05,1.028974e-03,-4.106788e-11,-4.106789e-12,0.000000e+00,-4.106789e-12,-1.512166e-05,1.987834e-05,3.500000e-05,6.534993e-13,-1.875708e-12
8.300000e-11,1.943779e+02,1.091329e-03,0.000000e+00,1.299987e+01,3.880163e-11,1.512166e-05,1.294335e+01,-3.475105e-11,1.987834e-05,0.000000e+00,3.500000e-05,1.091329e-03,-3.950462e-11,-3.950462e-12,0.000000e+00,-3.950462e-12,-1.512166e-05,1.987834e-05,3.500000e-05,1.175807e-12,-1.579593e-12
8.310000e-11,1.947097e+02,1.111584e-03,0.000000e+00,1.299987e+01,4.949758e-11,1.512166e-05,1.294335e+01,-2.636975e-11,1.987834e-05,0.000000e+00,3.500000e-05,1.111584e-03,-3.475710e-11,-3.475710e-12,0.000000e+00,-3.475710e-12,-1.512166e-05,1.987834e-05,3.500000e-05,1.499927e-12,-1.198625e-12
8.320000e-11,1.950405e+02,1.086778e-03,0.000000e+00,1.299987e+01,5.390322e-11,1.512166e-05,1.294335e+01,-1.719690e-11,1.987834e-05,0.000000e+00,3.500000e-05,1.086778e-03,-2.782104e-11,-2.782103e-12,0.000000e+00,-2.782103e-12,-1.512166e-05,1.987834e-05,3.500000e-05,1.633431e-12,-7.816772e-13
8.330000e-11,1.953573e+02,1.020044e-03,0.000000e+00,1.299987e+01,5.277531e-11,1.512166e-05,1.294335e+01,-8.181779e-12,1.987834e-05,0.000000e+00,3.500000e-05,1.020044e-03,-1.970327e-11,-1.970327e-12,0.000000e+00,-1.970327e-12,-1.512166e-05,1.987834e-05,3.500000e-05,1.599252e-12,-3.718990e-13
8.340000e-11,1.956492e+02,9.193452e-04,0.000000e+00,1.299987e+01,4.721885e-11,1.512166e-05,1.294335e+01,-8.722668e-14,1.987834e-05,0.000000e+00,3.500000e-05,9.193453e-04,-1.133137e-11,-1.133136e-12,0.000000e+00,-1.133136e-12,-1.512166e-05,1.987834e-05,3.500000e-05,1.430874e-12,-3.964849e-15
8.350000e-11,1.959075e+02,7.949076e-04,0.000000e+00,1.299987e+01,3.852678e-11,1.512166e-05,1.294335e+01,6.543431e-12,1.987834e-05,0.000000e+00,3.500000e-05,7.949076e-04,-3.486564e-12,-3.486561e-13,0.000000e+00,-3.486561e-13,-1.512166e-05,1.987834e-05,3.500000e-05,1.167478e-12,2.974287e-13
8.360000e-11,1.961266e+02,6.566299e-04,0.000000e+00,1.299987e+01,2.803230e-11,1.512166e-05,1.294335e+01,1.139415e-11,1.987834e-05,0.000000e+00,3.500000e-05,6.566300e-04,3.238200e-12,3.238196e-13,0.000000e+00,3.238196e-13,-1.512166e-05,1.987834e-05,3.500000e-05,8.494639e-13,5.179161e-13
8.370000e-11,1.963034e+02,5.123516e-04,0.000000e+00,1.299987e+01,1.698448e-11,1.512166e-05,1.294335e+01,1.436264e-11,1.987834e-05,0.000000e+00,3.500000e-05,5.123516e-04,8.456113e-12,8.456111e-13,0.000000e+00,8.456111e-13,-1.512166e-05,1.987834e-05,3.500000e-05,5.146813e-13,6.528473e-13
8.380000e-11,1.964368e+02,3.671936e-04,0.000000e+00,1.299987e+01,6.453906e-12,1.512166e-05,1.294335e+01,1.553044e-11,1.987834e-05,0.000000e+00,3.500000e-05,3.671936e-04,1.198300e-11,1.198300e-12,0.000000e+00,1.198300e-12,-1.512166e-05,1.987834e-05,3.500000e-05,1.955729e-13,7.059293e-13
8.390000e-11,1.965265e+02,2.237183e-04,0.000000e+00,1.299987e+01,-2.728896e-12,1.512166e-05,1.294335e+01,1.512240e-11,1.987834e-05,0.000000e+00,3.500000e-05,2.237183e-04,1.381661e-11,1.381661e-12,0.000000e+00,1.381661e-12,-1.512166e-05,1.987834e-05,3.500000e-05,-8.269383e-14,6.873818e-13
8.400000e-11,1.965732e+02,8.252920e-05,0.000000e+00,1.299987e+01,-1.000270e-11,1.512166e-05,1.294335e+01,1.346081e-11,1.987834e-05,0.000000e+00,3.500000e-05,8.252919e-05,1.410381e-11,1.410382e-12,0.000000e+00,1.410382e-12,-1.512166e-05,1.987834e-05,3.500000e-05,-3.031121e-13,6.118551e-13
8.410000e-11,1.965772e+02,-5.697839e-05,0.000000e+00,1.299987e+01,-1.507594e-11,1.512166e-05,1.294335e+01,1.091944e-11,1.987834e-05,0.000000e+00,3.500000e-05,-5.697840e-05,1.310050e-11,1.310050e-12,0.000000e+00,1.310050e-12,-1.512166e-05,1.987834e-05,3.500000e-05,-4.568467e-13,4.963384e-13
8.420000e-11,1.965388e+02,-1.958513e-04,0.000000e+00,1.299987e+01,-1.790323e-11,1.512166e-05,1.294335e+01,7.881374e-12,1.987834e-05,0.000000e+00,3.500000e-05,-1.958514e-04,1.112938e-11,1.112938e-12,0.000000e+00,1.112938e-12,-1.512166e-05,1.987834e-05,3.500000e-05,-5.425220e-13,3.582443e-13
8.430000e-11,1.964582e+02,-3.348246e-04,0.000000e+00,1.299987e+01,-1.864465e-11,1.512166e-05,1.294335e+01,4.703638e-12,1.987834e-05,0.000000e+00,3.500000e-05,-3.348246e-04,8.539455e-12,8.539455e-13,0.000000e+00,8.539455e-13,-1.512166e-05,1.987834e-05,3.500000e-05,-5.649894e-13,2.138017e-13
8.440000e-11,1.963354e+02,-4.735587e-04,0.000000e+00,1.299987e+01,-1.761431e-11,1.512166e-05,1.294335e+01,1.690638e-12,1.987834e-05,0.000000e+00,3.500000e-05,-4.735588e-04,5.670611e-12,5.670607e-13,0.000000e+00,5.670607e-13,-1.512166e-05,1.987834e-05,3.500000e-05,-5.337669e-13,7.684720e-14
8.450000e-11,1.961710e+02,-6.098887e-04,0.000000e+00,1.299987e+01,-1.522477e-11,1.512166e-05,1.294335e+01,-9.230314e-13,1.987834e-05,0.000000e+00,3.500000e-05,-6.098887e-04,2.825445e-12,2.825448e-13,0.000000e+00,2.825448e-13,-1.512166e-05,1.987834e-05,3.500000e-05,-4.613567e-13,-4.195597e-14
8.460000e-11,1.959664e+02,-7.392224e-04,0.000000e+00,1.299987e+01,-1.193292e-11,1.512166e-05,1.294335e+01,-2.980510e-12,1.987834e-05,0.000000e+00,3.500000e-05,-7.392224e-04,2.494690e-13,2.494686e-14,0.000000e+00,2.494686e-14,-1.512166e-05,1.987834e-05,3.500000e-05,-3.616037e-13,-1.354777e-13
8.470000e-11,1.957251e+02,-8.543943e-04,0.000000e+00,1.299987e+01,-8.191827e-12,1.512166e-05,1.294335e+01,-4.402260e-12,1.987834e-05,0.000000e+00,3.500000e-05,-8.543943e-04,-1.880122e-12,-1.880118e-13,0.000000e+00,-1.880118e-13,-1.512166e-05,1.987834e-05,3.500000e-05,-2.482372e-13,-2.001027e-13
8.480000e-11,1.954530e+02,-9.463669e-04,0.000000e+00,1.299987e+01,-4.411618e-12,1.512166e-05,1.294335e+01,-5.179039e-12,1.987834e-05,0.000000e+00,3.500000e-05,-9.463669e-04,-3.457476e-12,-3.457483e-13,0.000000e+00,-3.457483e-13,-1.512166e-05,1.987834e-05,3.500000e-05,-1.336853e-13,-2.354109e-13
8.490000e-11,1.951585e+02,-1.005969e-03,0.000000e+00,1.299987e+01,-9.313014e-13,1.512166e-05,1.294335e+01,-5.359894e-12,1.987834e-05,0.000000e+00,3.500000e-05,-1.005969e-03,-4.444527e-12,-4.444530e-13,0.000000e+00,-4.444530e-13,-1.512166e-05,1.987834e-05,3.500000e-05,-2.822123e-14,-2.436316e-13
8.500000e-11,1.948525e+02,-1.026296e-03,0.000000e+00,1.299987e+01,1.998073e-12,1.512166e-05,1.294335e+01,-5.037269e-12,1.987834e-05,0.000000e+00,3.500000e-05,-1.026296e-03,-4.861912e-12,-4.861912e-13,0.000000e+00,-4.861912e-13,-1.512166e-05,1.987834e-05,3.500000e-05,6.054776e-14,-2.289668e-13
8.510000e-11,1.945469e+02,-1.004791e-03,0.000000e+00,1.299987e+01,4.219472e-12,1.512166e-05,1.294335e+01,-4.331037e-12,1.987834e-05,0.000000e+00,3.500000e-05,-1.004791e-03,-4.776544e-12,-4.776543e-13,0.000000e+00,-4.776543e-13,-1.512166e-05,1.987834e-05,3.500000e-05,1.278629e-13,-1.968653e-13
8.520000e-11,1.942538e+02,-9.439680e-04,0.000000e+00,1.299987e+01,5.666565e-12,1.512166e-05,1.294335e+01,-3.372946e-12,1.987834e-05,0.000000e+00,3.500000e-05,-9.439680e-04,-4.287318e-12,-4.287322e-13,0.000000e+00,-4.287322e-13,-1.512166e-05,1.987834e-05,3.500000e-05,1.717142e-13,-1.533157e-13
8.530000e-11,1.939838e+02,-8.504759e-04,0.000000e+00,1.299987e+01,6.353065e-12,1.512166e-05,1.294335e+01,-2.292886e-12,1.987834e-05,0.000000e+00,3.500000e-05,-8.504758e-04,-3.510631e-12,-3.510627e-13,0.000000e+00,-3.510627e-13,-1.512166e-05,1.987834e-05,3.500000e-05,1.925170e-13,-1.042221e-13
8.540000e-11,1.937454e+02,-7.330607e-04,0.000000e+00,1.299987e+01,6.356972e-12,1.512166e-05,1.294335e+01,-1.207862e-12,1.987834e-05,0.000000e+00,3.500000e-05,-7.330607e-04,-2.566895e-12,-2.566895e-13,0.000000e+00,-2.566895e-13,-1.512166e-05,1.987834e-05,3.500000e-05,1.926355e-13,-5.490282e-14
8.550000e-11,1.935442e+02,-6.004243e-04,0.000000e+00,1.299987e+01,5.802033e-12,1.512166e-05,1.294335e+01,-2.140461e-13,1.987834e-05,0.000000e+00,3.500000e-05,-6.004243e-04,-1.569366e-12,-1.569368e-13,0.000000e+00,-1.569368e-13,-1.512166e-05,1.987834e-05,3.500000e-05,1.758192e-13,-9.729366e-15
8.560000e-11,1.933841e+02,-4.597096e-04,0.000000e+00,1.299987e+01,4.838571e-12,1.512166e-05,1.294335e+01,6.178915e-13,1.987834e-05,0.000000e+00,3.500000e-05,-4.597096e-04,-6.153967e-13,-6.153969e-14,0.000000e+00,-6.153969e-14,-1.512166e-05,1.987834e-05,3.500000e-05,1.466233e-13,2.808598e-14
8.570000e-11,1.932667e+02,-3.158519e-04,0.000000e+00,1.299987e+01,3.625441e-12,1.512166e-05,1.294335e+01,1.244342e-12,1.987834e-05,0.000000e+00,3.500000e-05,-3.158519e-04,2.191716e-13,2.191792e-14,0.000000e+00,2.191792e-14,-1.512166e-05,1.987834e-05,3.500000e-05,1.098617e-13,5.656098e-14
8.580000e-11,1.931928e+02,-1.716500e-04,0.000000e+00,1.299987e+01,2.314543e-12,1.512166e-05,1.294335e+01,1.647652e-12,1.987834e-05,0.000000e+00,3.500000e-05,-1.716500e-04,8.827898e-13,8.827920e-14,0.000000e+00,8.827920e-14,-1.512166e-05,1.987834e-05,3.500000e-05,7.013775e-14,7.489328e-14
8.590000e-11,1.931625e+02,-2.827402e-05,0.000000e+00,1.299987e+01,1.038749e-12,1.512166e-05,1.294335e+01,1.832988e-12,1.987834e-05,0.000000e+00,3.500000e-05,-2.827402e-05,1.348252e-12,1.348251e-13,0.000000e+00,1.348251e-13,-1.512166e-05,1.987834e-05,3.500000e-05,3.147724e-14,8.331764e-14
8.600000e-11,1.931754e+02,1.140274e-04,0.000000e+00,1.299987e+01,-9.631165e-14,1.512166e-05,1.294335e+01,1.823693e-12,1.987834e-05,0.000000e+00,3.500000e-05,1.140274e-04,1.610725e-12,1.610725e-13,0.000000e+00,1.610725e-13,-1.512166e-05,1.987834e-05,3.500000e-05,-2.918531e-15,8.289512e-14
8.610000e-11,1.932314e+02,2.551540e-04,0.000000e+00,1.299987e+01,-1.016565e-12,1.512166e-05,1.294335e+01,1.655974e-12,1.987834e-05,0.000000e+00,3.500000e-05,2.551540e-04,1.684062e-12,1.684060e-13,0.000000e+00,1.684060e-13,-1.512166e-05,1.987834e-05,3.500000e-05,-3.080494e-14,7.527155e-14
8.620000e-11,1.933300e+02,3.943751e-04,0.000000e+00,1.299987e+01,-1.680266e-12,1.512166e-05,1.294335e+01,1.373353e-12,1.987834e-05,0.000000e+00,3.500000e-05,3.943751e-04,1.596208e-12,1.596209e-13,0.000000e+00,1.596209e-13,-1.512166e-05,1.987834e-05,3.500000e-05,-5.091711e-14,6.242515e-14
8.630000e-11,1.934701e+02,5.295979e-04,0.000000e+00,1.299987e+01,-2.075783e-12,1.512166e-05,1.294335e+01,1.021526e-12,1.987834e-05,0.000000e+00,3.500000e-05,5.295979e-04,1.384183e-12,1.384182e-13,0.000000e+00,1.384182e-13,-1.512166e-05,1.987834e-05,3.500000e-05,-6.290240e-14,4.643302e-14
8.640000e-11,1.936499e+02,6.568005e-04,0.000000e+00,1.299987e+01,-2.217145e-12,1.512166e-05,1.294335e+01,6.439797e-13,1.987834e-05,0.000000e+00,3.500000e-05,6.568005e-04,1.089176e-12,1.089175e-13,0.000000e+00,1.089175e-13,-1.512166e-05,1.987834e-05,3.500000e-05,-6.718626e-14,2.927180e-14
8.650000e-11,1.938658e+02,7.698637e-04,0.000000e+00,1.299987e+01,-2.138144e-12,1.512166e-05,1.294335e+01,2.785256e-13,1.987834e-05,0.000000e+00,3.500000e-05,7.698637e-04,7.521646e-13,7.521677e-14,0.000000e+00,7.521677e-14,-1.512166e-05,1.987834e-05,3.500000e-05,-6.479229e-14,1.266025e-14
8.660000e-11,1.941122e+02,8.610885e-04,0.000000e+00,1.299987e+01,-1.885777e-12,1.512166e-05,1.294335e+01,-4.494187e-14,1.987834e-05,0.000000e+00,3.500000e-05,8.610885e-04,4.103872e-13,4.103904e-14,0.000000e+00,4.103904e-14,-1.512166e-05,1.987834e-05,3.500000e-05,-5.714480e-14,-2.042812e-15
8.670000e-11,1.943812e+02,9.225453e-04,0.000000e+00,1.299987e+01,-1.513719e-12,1.512166e-05,1.294335e+01,-3.056661e-13,1.987834e-05,0.000000e+00,3.500000e-05,9.225453e-04,9.471553e-14,9.471447e-15,0.000000e+00,9.471447e-15,-1.512166e-05,1.987834e-05,3.500000e-05,-4.587033e-14,-1.389391e-14
8.680000e-11,1.946629e+02,9.479946e-04,0.000000e+00,1.299987e+01,-1.076398e-12,1.512166e-05,1.294335e+01,-4.921507e-13,1.987834e-05,0.000000e+00,3.500000e-05,9.479946e-04,-1.718928e-13,-1.718960e-14,0.000000e+00,-1.718960e-14,-1.512166e-05,1.987834e-05,3.500000e-05,-3.261803e-14,-2.237049e-14
8.690000e-11,1.949461e+02,9.346549e-04,0.000000e+00,1.299987e+01,-6.240732e-13,1.512166e-05,1.294335e+01,-6.015195e-13,1.987834e-05,0.000000e+00,3.500000e-05,9.346549e-04,-3.749467e-13,-3.749391e-14,0.000000e+00,-3.749391e-14,-1.512166e-05,1.987834e-05,3.500000e-05,-1.891133e-14,-2.734179e-14
8.700000e-11,1.952196e+02,8.839964e-04,0.000000e+00,1.299987e+01,-1.991871e-13,1.512166e-05,1.294335e+01,-6.381833e-13,1.987834e-05,0.000000e+00,3.500000e-05,8.839964e-04,-5.081369e-13,-5.081394e-14,0.000000e+00,-5.081394e-14,-1.512166e-05,1.987834e-05,3.500000e-05,-6.036095e-15,-2.900833e-14
8.710000e-11,1.954730e+02,8.012042e-04,0.000000e+00,1.299987e+01,1.659454e-13,1.512166e-05,1.294335e+01,-6.121565e-13,1.987834e-05,0.000000e+00,3.500000e-05,8.012042e-04,-5.725199e-13,-5.725214e-14,0.000000e+00,-5.725214e-14,-1.512166e-05,1.987834e-05,3.500000e-05,5.028706e-15,-2.782529e-14
8.720000e-11,1.956980e+02,6.936456e-04,0.000000e+00,1.299987e+01,4.501286e-13,1.512166e-05,1.294335e+01,-5.371101e-13,1.987834e-05,0.000000e+00,3.500000e-05,6.936456e-04,-5.749314e-13,-5.749302e-14,0.000000e+00,-5.749302e-14,-1.512166e-05,1.987834e-05,3.500000e-05,1.364027e-14,-2.441410e-14
8.730000e-11,1.958883e+02,5.690793e-04,0.000000e+00,1.299987e+01,6.431285e-13,1.512166e-05,1.294335e+01,-4.285569e-13,1.987834e-05,0.000000e+00,3.500000e-05,5.690793e-04,-5.264161e-13,-5.264207e-14,0.000000e+00,-5.264207e-14,-1.512166e-05,1.987834e-05,3.500000e-05,1.948876e-14,-1.947986e-14
8.740000e-11,1.960397e+02,4.342588e-04,0.000000e+00,1.299987e+01,7.445758e-13,1.512166e-05,1.294335e+01,-3.021058e-13,1.987834e-05,0.000000e+00,3.500000e-05,4.342588e-04,-4.405092e-13,-4.405079e-14,0.000000e+00,-4.405079e-14,-1.512166e-05,1.987834e-05,3.500000e-05,2.256301e-14,-1.373208e-14
8.750000e-11,1.961498e+02,2.942229e-04,0.000000e+00,1.299987e+01,7.622080e-13,1.512166e-05,1.294335e+01,-1.721208e-13,1.987834e-05,0.000000e+00,3.500000e-05,2.942229e-04,-3.315482e-13,-3.315410e-14,0.000000e+00,-3.315410e-14,-1.512166e-05,1.987834e-05,3.500000e-05,2.309713e-14,-7.823672e-15
8.760000e-11,1.962173e+02,1.522333e-04,0.000000e+00,1.299987e+01,7.097136e-13,1.512166e-05,1.294335e+01,-5.065058e-14,1.987834e-05,0.000000e+00,3.500000e-05,1.522333e-04,-2.132656e-13,-2.132689e-14,0.000000e+00,-2.132689e-14,-1.512166e-05,1.987834e-05,3.500000e-05,2.150646e-14,-2.302299e-15
8.770000e-11,1.962419e+02,1.015824e-05,0.000000e+00,1.299987e+01,6.044517e-13,1.512166e-05,1.294335e+01,5.317609e-14,1.987834e-05,0.000000e+00,3.500000e-05,1.015824e-05,-9.777596e-14,-9.777997e-15,0.000000e+00,-9.777997e-15,-1.512166e-05,1.987834e-05,3.500000e-05,1.831662e-14,2.417095e-15
8.780000e-11,1.962235e+02,-1.309014e-04,0.000000e+00,1.299987e+01,4.652566e-13,1.512166e-05,1.294335e+01,1.334488e-13,1.987834e-05,0.000000e+00,3.500000e-05,-1.309014e-04,5.287794e-15,5.290275e-16,0.000000e+00,5.290275e-16,-1.512166e-05,1.987834e-05,3.500000e-05,1.409866e-14,6.065857e-15
8.790000e-11,1.961628e+02,-2.698907e-04,0.000000e+00,1.299987e+01,3.105182e-13,1.512166e-05,1.294335e+01,1.874229e-13,1.987834e-05,0.000000e+00,3.500000e-05,-2.698907e-04,8.916028e-14,8.916440e-15,0.000000e+00,8.916440e-15,-1.512166e-05,1.987834e-05,3.500000e-05,9.409558e-15,8.519224e-15
8.800000e-11,1.960604e+02,-4.050798e-04,0.000000e+00,1.299987e+01,1.566470e-13,1.512166e-05,1.294335e+01,2.151334e-13,1.987834e-05,0.000000e+00,3.500000e-05,-4.050798e-04,1.499611e-13,1.499614e-14,0.000000e+00,1.499614e-14,-1.512166e-05,1.987834e-05,3.500000e-05,4.746765e-15,9.778792e-15
8.810000e-11,1.959183e+02,-5.334456e-04,0.000000e+00,1.299987e+01,1.699592e-14,1.512166e-05,1.294335e+01,2.189217e-13,1.987834e-05,0.000000e+00,3.500000e-05,-5.334456e-04,1.865460e-13,1.865456e-14,0.000000e+00,1.865456e-14,-1.512166e-05,1.987834e-05,3.500000e-05,5.149880e-16,9.950986e-15
8.820000e-11,1.957392e+02,-6.503142e-04,0.000000e+00,1.299987e+01,-9.875949e-14,1.512166e-05,1.294335e+01,2.028040e-13,1.987834e-05,0.000000e+00,3.500000e-05,-6.503142e-04,2.001075e-13,2.000992e-14,0.000000e+00,2.000992e-14,-1.512166e-05,1.987834e-05,3.500000e-05,-2.992670e-15,9.218364e-15
8.830000e-11,1.955276e+02,-7.494799e-04,0.000000e+00,1.299987e+01,-1.847991e-13,1.512166e-05,1.294335e+01,1.718139e-13,1.987834e-05,0.000000e+00,3.500000e-05,-7.494799e-04,1.936271e-13,1.936266e-14,0.000000e+00,1.936266e-14,-1.512166e-05,1.987834e-05,3.500000e-05,-5.600029e-15,7.809721e-15
8.840000e-11,1.952902e+02,-8.239782e-04,0.000000e+00,1.299987e+01,-2.389711e-13,1.512166e-05,1.294335e+01,1.313706e-13,1.987834e-05,0.000000e+00,3.500000e-05,-8.239782e-04,1.713272e-13,1.713357e-14,0.000000e+00,1.713357e-14,-1.512166e-05,1.987834e-05,3.500000e-05,-7.241453e-15,5.971389e-15
8.850000e-11,1.950353e+02,-8.674690e-04,0.000000e+00,1.299987e+01,-2.623128e-13,1.512166e-05,1.294335e+01,8.673561e-14,1.987834e-05,0.000000e+00,3.500000e-05,-8.674690e-04,1.380570e-13,1.380485e-14,0.000000e+00,1.380485e-14,-1.512166e-05,1.987834e-05,3.500000e-05,-7.948831e-15,3.942528e-15
8.860000e-11,1.947730e+02,-8.758239e-04,0.000000e+00,1.299987e+01,-2.583795e-13,1.512166e-05,1.294335e+01,4.259174e-14,1.987834e-05,0.000000e+00,3.500000e-05,-8.758239e-04,9.868357e-14,9.868038e-15,0.000000e+00,9.868038e-15,-1.512166e-05,1.987834e-05,3.500000e-05,-7.829783e-15,1.935988e-15
8.870000e-11,1.945137e+02,-8.482686e-04,0.000000e+00,1.299987e+01,-2.324749e-13,1.512166e-05,1.294335e+01,2.744742e-15,1.987834e-05,0.000000e+00,3.500000e-05,-8.482686e-04,5.781497e-14,5.781202e-15,0.000000e+00,5.781202e-15,-1.512166e-05,1.987834e-05,3.500000e-05,-7.044812e-15,1.247610e-16
8.880000e-11,1.942677e+02,-7.875614e-04,0.000000e+00,1.299987e+01,-1.908684e-13,1.512166e-05,1.294335e+01,-3.010447e-14,1.987834e-05,0.000000e+00,3.500000e-05,-7.875614e-04,1.929650e-14,1.929661e-15,0.000000e+00,1.929661e-15,-1.512166e-05,1.987834e-05,3.500000e-05,-5.783915e-15,-1.368385e-15
8.890000e-11,1.940441e+02,-6.991645e-04,0.000000e+00,1.299987e+01,-1.400674e-13,1.512166e-05,1.294335e+01,-5.433362e-14,1.987834e-05,0.000000e+00,3.500000e-05,-6.991645e-04,-1.391225e-14,-1.391991e-15,0.000000e+00,-1.391991e-15,-1.512166e-05,1.987834e-05,3.500000e-05,-4.244532e-15,-2.469710e-15
8.900000e-11,1.938501e+02,-5.898371e-04,0.000000e+00,1.299987e+01,-8.620394e-14,1.512166e-05,1.294335e+01,-6.938147e-14,1.987834e-05,0.000000e+00,3.500000e-05,-5.898371e-04,-3.986453e-14,-3.986332e-15,0.000000e+00,-3.986332e-15,-1.512166e-05,1.987834e-05,3.500000e-05,-2.612142e-15,-3.153703e-15
8.910000e-11,1.936910e+02,-4.662423e-04,0.000000e+00,1.299987e+01,-3.456374e-14,1.512166e-05,1.294335e+01,-7.560757e-14,1.987834e-05,0.000000e+00,3.500000e-05,-4.662423e-04,-5.758697e-14,-5.758866e-15,0.000000e+00,-5.758866e-15,-1.512166e-05,1.987834e-05,3.500000e-05,-1.047248e-15,-3.436708e-15
8.920000e-11,1.935703e+02,-3.339903e-04,0.000000e+00,1.299987e+01,1.072299e-14,1.512166e-05,1.294335e+01,-7.405543e-14,1.987834e-05,0.000000e+00,3.500000e-05,-3.339903e-04,-6.704011e-14,-6.704003e-15,0.000000e+00,-6.704003e-15,-1.512166e-05,1.987834e-05,3.500000e-05,3.249898e-16,-3.366156e-15
8.930000e-11,1.934901e+02,-1.972582e-04,0.000000e+00,1.299987e+01,4.683589e-14,1.512166e-05,1.294335e+01,-6.628597e-14,1.987834e-05,0.000000e+00,3.500000e-05,-1.972582e-04,-6.888602e-14,-6.887769e-15,0.000000e+00,-6.887769e-15,-1.512166e-05,1.987834e-05,3.500000e-05,1.419273e-15,-3.012998e-15
8.940000e-11,1.934514e+02,-5.890356e-05,0.000000e+00,1.299987e+01,7.227159e-14,1.512166e-05,1.294335e+01,-5.411439e-14,1.987834e-05,0.000000e+00,3.500000e-05,-5.890356e-05,-6.433483e-14,-6.433803e-15,0.000000e+00,-6.433803e-15,-1.512166e-05,1.987834e-05,3.500000e-05,2.190160e-15,-2.459745e-15
8.950000e-11,1.934545e+02,7.909548e-05,0.000000e+00,1.299987e+01,8.673897e-14,1.512166e-05,1.294335e+01,-3.939100e-14,1.987834e-05,0.000000e+00,3.500000e-05,7.909548e-05,-5.497815e-14,-5.497400e-15,0.000000e+00,-5.497400e-15,-1.512166e-05,1.987834e-05,3.500000e-05,2.628352e-15,-1.790500e-15
8.960000e-11,1.934991e+02,2.150334e-04,0.000000e+00,1.299987e+01,9.096111e-14,1.512166e-05,1.294335e+01,-2.389592e-14,1.987834e-05,0.000000e+00,3.500000e-05,2.150334e-04,-4.248651e-14,-4.248671e-15,0.000000e+00,-4.248671e-15,-1.512166e-05,1.987834e-05,3.500000e-05,2.756435e-15,-1.086178e-15
8.970000e-11,1.935843e+02,3.468331e-04,0.000000e+00,1.299987e+01,8.643044e-14,1.512166e-05,1.294335e+01,-9.119911e-15,1.987834e-05,0.000000e+00,3.500000e-05,3.468331e-04,-2.853918e-14,-2.853491e-15,0.000000e+00,-2.853491e-15,-1.512166e-05,1.987834e-05,3.500000e-05,2.619051e-15,-4.145414e-16
8.980000e-11,1.937082e+02,4.714828e-04,0.000000e+00,1.299987e+01,7.513532e-14,1.512166e-05,1.294335e+01,3.779501e-15,1.987834e-05,0.000000e+00,3.500000e-05,4.714828e-04,-1.462255e-14,-1.462497e-15,0.000000e+00,-1.462497e-15,-1.512166e-05,1.987834e-05,3.500000e-05,2.276789e-15,1.717955e-16
8.990000e-11,1.938679e+02,5.847000e-04,0.000000e+00,1.299987e+01,5.929865e-14,1.512166e-05,1.294335e+01,1.400432e-14,1.987834e-05,0.000000e+00,3.500000e-05,5.847000e-04,-1.946750e-15,-1.946552e-16,0.000000e+00,-1.946552e-16,-1.512166e-05,1.987834e-05,3.500000e-05,1.796877e-15,6.365602e-16
9.000000e-11,1.940591e+02,6.809971e-04,0.000000e+00,1.299987e+01,4.113572e-14,1.512166e-05,1.294335e+01,2.113364e-14,1.987834e-05,0.000000e+00,3.500000e-05,6.809971e-04,8.602531e-15,8.601301e-16,0.000000e+00,8.601301e-16,-1.512166e-05,1.987834e-05,3.500000e-05,1.246547e-15,9.606199e-16
9.010000e-11,1.942756e+02,7.542815e-04,0.000000e+00,1.299987e+01,2.266393e-14,1.512166e-05,1.294335e+01,2.511483e-14,1.987834e-05,0.000000e+00,3.500000e-05,7.542815e-04,1.646845e-14,1.646764e-15,0.000000e+00,1.646764e-15,-1.512166e-05,1.987834e-05,3.500000e-05,6.866506e-16,1.141583e-15
9.020000e-11,1.945096e+02,7.989576e-04,0.000000e+00,1.299987e+01,5.560499e-15,1.512166e-05,1.294335e+01,2.616713e-14,1.987834e-05,0.000000e+00,3.500000e-05,7.989576e-04,2.145371e-14,2.146015e-15,0.000000e+00,2.146015e-15,-1.512166e-05,1.987834e-05,3.500000e-05,1.684739e-16,1.189415e-15
9.030000e-11,1.947520e+02,8.112219e-04,0.000000e+00,1.299987e+01,-8.920594e-15,1.512166e-05,1.294335e+01,2.473776e-14,1.987834e-05,0.000000e+00,3.500000e-05,8.112219e-04,2.366792e-14,2.366605e-15,0.000000e+00,2.366605e-15,-1.512166e-05,1.987834e-05,3.500000e-05,-2.702491e-16,1.124444e-15
9.040000e-11,1.949928e+02,7.900534e-04,0.000000e+00,1.299987e+01,-1.998464e-14,1.512166e-05,1.294335e+01,2.140548e-14,1.987834e-05,0.000000e+00,3.500000e-05,7.900534e-04,2.340046e-14,2.340169e-15,0.000000e+00,2.340169e-15,-1.512166e-05,1.987834e-05,3.500000e-05,-6.056025e-16,9.729765e-16
9.050000e-11,1.952224e+02,7.374675e-04,0.000000e+00,1.299987e+01,-2.728035e-14,1.512166e-05,1.294335e+01,1.678414e-14,1.987834e-05,0.000000e+00,3.500000e-05,7.374675e-04,2.112925e-14,2.112647e-15,0.000000e+00,2.112647e-15,-1.512166e-05,1.987834e-05,3.500000e-05,-8.266912e-16,7.629156e-16
9.060000e-11,1.954323e+02,6.579465e-04,0.000000e+00,1.299987e+01,-3.085352e-14,1.512166e-05,1.294335e+01,1.152266e-14,1.987834e-05,0.000000e+00,3.500000e-05,6.579465e-04,1.740237e-14,1.740439e-15,0.000000e+00,1.740439e-15,-1.512166e-05,1.987834e-05,3.500000e-05,-9.348440e-16,5.237571e-16
9.070000e-11,1.956151e+02,5.573360e-04,0.000000e+00,1.299987e+01,-3.106850e-14,1.512166e-05,1.294335e+01,6.208554e-15,1.987834e-05,0.000000e+00,3.500000e-05,5.573360e-04,1.282487e-14,1.282621e-15,0.000000e+00,1.282621e-15,-1.512166e-05,1.987834e-05,3.500000e-05,-9.414873e-16,2.822070e-16
9.080000e-11,1.957655e+02,4.416688e-04,0.000000e+00,1.299987e+01,-2.851574e-14,1.512166e-05,1.294335e+01,1.324141e-15,1.987834e-05,0.000000e+00,3.500000e-05,4.416688e-04,7.949230e-15,7.954703e-16,0.000000e+00,7.954703e-16,-1.512166e-05,1.987834e-05,3.500000e-05,-8.641594e-16,6.018822e-17
9.090000e-11,1.958797e+02,3.162913e-04,0.000000e+00,1.299987e+01,-2.392364e-14,1.512166e-05,1.294335e+01,-2.779819e-15,1.987834e-05,0.000000e+00,3.500000e-05,3.162913e-04,3.279660e-15,3.277952e-16,0.000000e+00,3.277952e-16,-1.512166e-05,1.987834e-05,3.500000e-05,-7.249160e-16,-1.263554e-16
9.100000e-11,1.959554e+02,1.854551e-04,0.000000e+00,1.299987e+01,-1.806626e-14,1.512166e-05,1.294335e+01,-5.901634e-15,1.987834e-05,0.000000e+00,3.500000e-05,1.854551e-04,-8.330688e-16,-8.301121e-17,0.000000e+00,-8.301121e-17,-1.512166e-05,1.987834e-05,3.500000e-05,-5.474072e-16,-2.682561e-16
9.110000e-11,1.959912e+02,5.234603e-05,0.000000e+00,1.299987e+01,-1.168711e-14,1.512166e-05,1.294335e+01,-7.936076e-15,1.987834e-05,0.000000e+00,3.500000e-05,5.234603e-05,-4.121498e-15,-4.123187e-16,0.000000e+00,-4.123187e-16,-1.512166e-05,1.987834e-05,3.500000e-05,-3.542203e-16,-3.607307e-16
9.120000e-11,1.959868e+02,-8.057625e-05,0.000000e+00,1.299987e+01,-5.440411e-15,1.512166e-05,1.294335e+01,-8.900682e-15,1.987834e-05,0.000000e+00,3.500000e-05,-8.057625e-05,-6.449706e-15,-6.456508e-16,0.000000e+00,-6.456508e-16,-1.512166e-05,1.987834e-05,3.500000e-05,-1.647536e-16,-4.045765e-16
9.130000e-11,1.959426e+02,-2.110700e-04,0.000000e+00,1.299987e+01,1.479315e-16,1.512166e-05,1.294335e+01,-8.909451e-15,1.987834e-05,0.000000e+00,3.500000e-05,-2.110700e-04,-7.791385e-15,-7.799445e-16,0.000000e+00,-7.799445e-16,-1.512166e-05,1.987834e-05,3.500000e-05,4.517438e-18,-4.049750e-16
9.140000e-11,1.958597e+02,-3.365681e-04,0.000000e+00,1.299987e+01,4.707876e-15,1.512166e-05,1.294335e+01,-8.137766e-15,1.987834e-05,0.000000e+00,3.500000e-05,-3.365681e-04,-8.207919e-15,-8.206205e-16,0.000000e+00,-8.206205e-16,-1.512166e-05,1.987834e-05,3.500000e-05,1.426979e-16,-3.698985e-16
9.150000e-11,1.957401e+02,-4.537293e-04,0.000000e+00,1.299987e+01,8.025864e-15,1.512166e-05,1.294335e+01,-6.787318e-15,1.987834e-05,0.000000e+00,3.500000e-05,-4.537293e-04,-7.822077e-15,-7.820708e-16,0.000000e+00,-7.820708e-16,-1.512166e-05,1.987834e-05,3.500000e-05,2.431445e-16,-3.085145e-16
9.160000e-11,1.955872e+02,-5.582253e-04,0.000000e+00,1.299987e+01,1.003689e-14,1.512166e-05,1.294335e+01,-5.086104e-15,1.987834e-05,0.000000e+00,3.500000e-05,-5.582253e-04,-6.822395e-15,-6.818942e-16,0.000000e+00,-6.818942e-16,-1.512166e-05,1.987834e-05,3.500000e-05,3.042628e-16,-2.311865e-16
9.170000e-11,1.954056e+02,-6.449047e-04,0.000000e+00,1.299987e+01,1.080183e-14,1.512166e-05,1.294335e+01,-3.262122e-15,1.987834e-05,0.000000e+00,3.500000e-05,-6.449047e-04,-5.401793e-15,-5.400275e-16,0.000000e+00,-5.400275e-16,-1.512166e-05,1.987834e-05,3.500000e-05,3.273814e-16,-1.482783e-16
9.180000e-11,1.952015e+02,-7.084078e-04,0.000000e+00,1.299987e+01,1.047957e-14,1.512166e-05,1.294335e+01,-1.473216e-15,1.987834e-05,0.000000e+00,3.500000e-05,-7.084078e-04,-3.770732e-15,-3.773129e-16,0.000000e+00,-3.773129e-16,-1.512166e-05,1.987834e-05,3.500000e-05,3.175493e-16,-6.696438e-17
9.190000e-11,1.949828e+02,-7.441390e-04,0.000000e+00,1.299987e+01,9.295044e-15,1.512166e-05,1.294335e+01,1.227680e-16,1.987834e-05,0.000000e+00,3.500000e-05,-7.441390e-04,-2.100210e-15,-2.107899e-16,0.000000e+00,-2.107899e-16,-1.512166e-05,1.987834e-05,3.500000e-05,2.816756e-16,5.580365e-18
9.200000e-11,1.947581e+02,-7.493007e-04,0.000000e+00,1.299987e+01,7.509984e-15,1.512166e-05,1.294335e+01,1.411832e-15,1.987834e-05,0.000000e+00,3.500000e-05,-7.493007e-04,-5.612253e-16,-5.580592e-17,0.000000e+00,-5.580592e-17,-1.512166e-05,1.987834e-05,3.500000e-05,2.274663e-16,6.417420e-17
9.210000e-11,1.945366e+02,-7.235870e-04,0.000000e+00,1.299987e+01,5.389851e-15,1.512166e-05,1.294335e+01,2.341362e-15,1.987834e-05,0.000000e+00,3.500000e-05,-7.235870e-04,7.541464e-16,7.573311e-17,0.000000e+00,7.573311e-17,-1.512166e-05,1.987834e-05,3.500000e-05,1.634250e-16,1.064255e-16
9.220000e-11,1.943272e+02,-6.692474e-04,0.000000e+00,1.299987e+01,3.181471e-15,1.512166e-05,1.294335e+01,2.893818e-15,1.987834e-05,0.000000e+00,3.500000e-05,-6.692474e-04,1.762598e-15,1.763997e-16,0.000000e+00,1.763997e-16,-1.512166e-05,1.987834e-05,3.500000e-05,9.646059e-17,1.315372e-16
9.230000e-11,1.941378e+02,-5.905157e-04,0.000000e+00,1.299987e+01,1.093526e-15,1.512166e-05,1.294335e+01,3.095508e-15,1.987834e-05,0.000000e+00,3.500000e-05,-5.905157e-04,2.429053e-15,2.432111e-16,0.000000e+00,2.432111e-16,-1.512166e-05,1.987834e-05,3.500000e-05,3.321646e-17,1.407049e-16
9.240000e-11,1.939749e+02,-4.926700e-04,0.000000e+00,1.299987e+01,-7.113894e-16,1.512166e-05,1.294335e+01,2.990278e-15,1.987834e-05,0.000000e+00,3.500000e-05,-4.926700e-04,2.771050e-15,2.768620e-16,0.000000e+00,2.768620e-16,-1.512166e-05,1.987834e-05,3.500000e-05,-2.152426e-17,1.359217e-16
9.250000e-11,1.938434e+02,-3.810879e-04,0.000000e+00,1.299987e+01,-2.126128e-15,1.512166e-05,1.294335e+01,2.639513e-15,1.987834e-05,0.000000e+00,3.500000e-05,-3.810879e-04,2.797357e-15,2.795435e-16,0.000000e+00,2.795435e-16,-1.512166e-05,1.987834e-05,3.500000e-05,-6.430706e-17,1.199778e-16
9.260000e-11,1.937467e+02,-2.605764e-04,0.000000e+00,1.299987e+01,-3.097610e-15,1.512166e-05,1.294335e+01,2.122133e-15,1.987834e-05,0.000000e+00,3.500000e-05,-2.605764e-04,2.573744e-15,2.573765e-16,0.000000e+00,2.573765e-16,-1.512166e-05,1.987834e-05,3.500000e-05,-9.380328e-17,9.646059e-17
9.270000e-11,1.936872e+02,-1.350869e-04,0.000000e+00,1.299987e+01,-3.621644e-15,1.512166e-05,1.294335e+01,1.517062e-15,1.987834e-05,0.000000e+00,3.500000e-05,-1.350869e-04,2.170363e-15,2.171776e-16,0.000000e+00,2.171776e-16,-1.512166e-05,1.987834e-05,3.500000e-05,-1.097472e-16,6.895737e-17
9.280000e-11,1.936657e+02,-7.784464e-06,0.000000e+00,1.299987e+01,-3.732228e-15,1.512166e-05,1.294335e+01,8.944528e-16,1.987834e-05,0.000000e+00,3.500000e-05,-7.784464e-06,1.652984e-15,1.649844e-16,0.000000e+00,1.649844e-16,-1.512166e-05,1.987834e-05,3.500000e-05,-1.132017e-16,4.065694e-17
9.290000e-11,1.936826e+02,1.186369e-04,0.000000e+00,1.299987e+01,-3.493839e-15,1.512166e-05,1.294335e+01,2.893818e-16,1.987834e-05,0.000000e+00,3.500000e-05,1.186369e-04,1.091759e-15,1.085543e-16,0.000000e+00,1.085543e-16,-1.512166e-05,1.987834e-05,3.500000e-05,-1.057612e-16,1.315372e-17
9.300000e-11,1.937372e+02,2.415192e-04,0.000000e+00,1.299987e+01,-2.991431e-15,1.512166e-05,1.294335e+01,-2.192286e-16,1.987834e-05,0.000000e+00,3.500000e-05,2.415192e-04,5.173795e-16,5.164861e-17,0.000000e+00,5.164861e-17,-1.512166e-05,1.987834e-05,3.500000e-05,-9.061450e-17,-9.964937e-18
9.310000e-11,1.938278e+02,3.578147e-04,0.000000e+00,1.299987e+01,-2.317015e-15,1.512166e-05,1.294335e+01,-6.138401e-16,1.987834e-05,0.000000e+00,3.500000e-05,3.578147e-04,8.769145e-18,1.143973e-18,0.000000e+00,1.143973e-18,-1.512166e-05,1.987834e-05,3.500000e-05,-7.015316e-17,-2.790182e-17
9.320000e-11,1.939520e+02,4.637964e-04,0.000000e+00,1.299987e+01,-1.560948e-15,1.512166e-05,1.294335e+01,-8.769145e-16,1.987834e-05,0.000000e+00,3.500000e-05,4.637964e-04,-3.946115e-16,-3.974541e-17,0.000000e+00,-3.974541e-17,-1.512166e-05,1.987834e-05,3.500000e-05,-4.730024e-17,-3.985975e-17
9.330000e-11,1.941058e+02,5.550340e-04,0.000000e+00,1.299987e+01,-8.038101e-16,1.512166e-05,1.294335e+01,-1.025990e-15,1.987834e-05,0.000000e+00,3.500000e-05,5.550340e-04,-7.015316e-16,-6.998454e-17,0.000000e+00,-6.998454e-17,-1.512166e-05,1.987834e-05,3.500000e-05,-2.444731e-17,-4.663591e-17
9.340000e-11,1.942841e+02,6.267238e-04,0.000000e+00,1.299987e+01,-1.126549e-16,1.512166e-05,1.294335e+01,-1.061067e-15,1.987834e-05,0.000000e+00,3.500000e-05,6.267238e-04,-8.856836e-16,-8.895461e-17,0.000000e+00,-8.895461e-17,-1.512166e-05,1.987834e-05,3.500000e-05,-3.454512e-18,-4.823030e-17
9.350000e-11,1.944801e+02,6.743667e-04,0.000000e+00,1.299987e+01,4.630346e-16,1.512166e-05,1.294335e+01,-9.909134e-16,1.987834e-05,0.000000e+00,3.500000e-05,6.743667e-04,-9.646059e-16,-9.643359e-17,0.000000e+00,-9.643359e-17,-1.512166e-05,1.987834e-05,3.500000e-05,1.408378e-17,-4.504152e-17
9.360000e-11,1.946861e+02,6.946264e-04,0.000000e+00,1.299987e+01,8.938378e-16,1.512166e-05,1.294335e+01,-8.506070e-16,1.987834e-05,0.000000e+00,3.500000e-05,6.946264e-04,-9.382985e-16,-9.398403e-17,0.000000e+00,-9.398403e-17,-1.512166e-05,1.987834e-05,3.500000e-05,2.710463e-17,-3.866396e-17
9.370000e-11,1.948938e+02,6.860741e-04,0.000000e+00,1.299987e+01,1.168865e-15,1.512166e-05,1.294335e+01,-6.576859e-16,1.987834e-05,0.000000e+00,3.500000e-05,6.860741e-04,-8.374533e-16,-8.424710e-17,0.000000e+00,-8.424710e-17,-1.512166e-05,1.987834e-05,3.500000e-05,3.534231e-17,-2.989481e-17
9.380000e-11,1.950946e+02,6.495263e-04,0.000000e+00,1.299987e+01,1.291574e-15,1.512166e-05,1.294335e+01,-4.384572e-16,1.987834e-05,0.000000e+00,3.500000e-05,6.495263e-04,-6.883779e-16,-6.878275e-17,0.000000e+00,-6.878275e-17,-1.512166e-05,1.987834e-05,3.500000e-05,3.906255e-17,-1.992987e-17
9.390000e-11,1.952806e+02,5.878428e-04,0.000000e+00,1.299987e+01,1.279545e-15,1.512166e-05,1.294335e+01,-2.104595e-16,1.987834e-05,0.000000e+00,3.500000e-05,5.878428e-04,-4.910721e-16,-4.948753e-17,0.000000e+00,-4.948753e-17,-1.512166e-05,1.987834e-05,3.500000e-05,3.879682e-17,-9.566340e-18
9.400000e-11,1.954449e+02,5.052905e-04,0.000000e+00,1.299987e+01,1.157963e-15,1.512166e-05,1.294335e+01,-1.753829e-17,1.987834e-05,0.000000e+00,3.500000e-05,5.052905e-04,-2.893818e-16,-2.929150e-17,0.000000e+00,-2.929150e-17,-1.512166e-05,1.987834e-05,3.500000e-05,3.507658e-17,-7.971950e-19
9.410000e-11,1.955821e+02,4.067339e-04,0.000000e+00,1.299987e+01,9.578005e-16,1.512166e-05,1.294335e+01,1.490755e-16,1.987834e-05,0.000000e+00,3.500000e-05,4.067339e-04,-1.052297e-16,-1.038681e-17,0.000000e+00,-1.038681e-17,-1.512166e-05,1.987834e-05,3.500000e-05,2.896475e-17,6.776157e-18
9.420000e-11,1.956880e+02,2.969285e-04,0.000000e+00,1.299987e+01,7.111108e-16,1.512166e-05,1.294335e+01,2.718435e-16,1.987834e-05,0.000000e+00,3.500000e-05,2.969285e-04,7.015316e-17,6.837301e-18,0.000000e+00,6.837301e-18,-1.512166e-05,1.987834e-05,3.500000e-05,2.152426e-17,1.235652e-17
9.430000e-11,1.957598e+02,1.800902e-04,0.000000e+00,1.299987e+01,4.474729e-16,1.512166e-05,1.294335e+01,3.507658e-16,1.987834e-05,0.000000e+00,3.500000e-05,1.800902e-04,1.973058e-16,1.955176e-17,0.000000e+00,1.955176e-17,-1.512166e-05,1.987834e-05,3.500000e-05,1.355231e-17,1.594390e-17
9.440000e-11,1.957958e+02,5.978236e-05,0.000000e+00,1.299987e+01,1.939773e-16,1.512166e-05,1.294335e+01,3.683041e-16,1.987834e-05,0.000000e+00,3.500000e-05,5.978236e-05,2.806126e-16,2.847678e-17,0.000000e+00,2.847678e-17,-1.512166e-05,1.987834e-05,3.500000e-05,5.846097e-18,1.674109e-17
9.450000e-11,1.957955e+02,-6.093379e-05,0.000000e+00,1.299987e+01,-3.117413e-17,1.512166e-05,1.294335e+01,3.507658e-16,1.987834e-05,0.000000e+00,3.500000e-05,-6.093379e-05,3.244584e-16,3.260346e-17,0.000000e+00,3.260346e-17,-1.512166e-05,1.987834e-05,3.500000e-05,-1.062927e-18,1.594390e-17
9.460000e-11,1.957591e+02,-1.791893e-04,0.000000e+00,1.299987e+01,-2.125653e-16,1.512166e-05,1.294335e+01,3.069201e-16,1.987834e-05,0.000000e+00,3.500000e-05,-1.791893e-04,3.332275e-16,3.302765e-17,0.000000e+00,3.302765e-17,-1.512166e-05,1.987834e-05,3.500000e-05,-6.377560e-18,1.395091e-17
9.470000e-11,1.956878e+02,-2.919543e-04,0.000000e+00,1.299987e+01,-3.432763e-16,1.512166e-05,1.294335e+01,2.367669e-16,1.987834e-05,0.000000e+00,3.500000e-05,-2.919543e-04,2.937663e-16,2.982077e-17,0.000000e+00,2.982077e-17,-1.512166e-05,1.987834e-05,3.500000e-05,-1.036353e-17,1.076213e-17
9.480000e-11,1.955839e+02,-3.957620e-04,0.000000e+00,1.299987e+01,-4.220537e-16,1.512166e-05,1.294335e+01,1.753829e-16,1.987834e-05,0.000000e+00,3.500000e-05,-3.957620e-04,2.499206e-16,2.515102e-17,0.000000e+00,2.515102e-17,-1.512166e-05,1.987834e-05,3.500000e-05,-1.275512e-17,7.971950e-18
9.490000e-11,1.954506e+02,-4.866232e-04,0.000000e+00,1.299987e+01,-4.505877e-16,1.512166e-05,1.294335e+01,1.139989e-16,1.987834e-05,0.000000e+00,3.500000e-05,-4.866232e-04,1.973058e-16,1.940612e-17,0.000000e+00,1.940612e-17,-1.512166e-05,1.987834e-05,3.500000e-05,-1.355231e-17,5.181767e-18
9.500000e-11,1.952928e+02,-5.602201e-04,0.000000e+00,1.299987e+01,-4.353109e-16,1.512166e-05,1.294335e+01,6.138401e-17,1.987834e-05,0.000000e+00,3.500000e-05,-5.602201e-04,1.359217e-16,1.369532e-17,0.000000e+00,1.369532e-17,-1.512166e-05,1.987834e-05,3.500000e-05,-1.328658e-17,2.790182e-18
9.510000e-11,1.951161e+02,-6.123949e-04,0.000000e+00,1.299987e+01,-3.838204e-16,1.512166e-05,1.294335e+01,8.769145e-18,1.987834e-05,0.000000e+00,3.500000e-05,-6.123949e-04,8.769145e-17,8.388850e-18,0.000000e+00,8.388850e-18,-1.512166e-05,1.987834e-05,3.500000e-05,-1.169219e-17,3.985975e-19
9.520000e-11,1.949276e+02,-6.398316e-04,0.000000e+00,1.299987e+01,-3.072273e-16,1.512166e-05,1.294335e+01,-4.384572e-17,1.987834e-05,0.000000e+00,3.500000e-05,-6.398316e-04,2.630743e-17,2.811603e-18,0.000000e+00,2.811603e-18,-1.512166e-05,1.987834e-05,3.500000e-05,-9.300608e-18,-1.992987e-18
9.530000e-11,1.947349e+02,-6.407199e-04,0.000000e+00,1.299987e+01,-2.170540e-16,1.512166e-05,1.294335e+01,-8.769145e-17,1.987834e-05,0.000000e+00,3.500000e-05,-6.407199e-04,-2.630743e-17,-2.683871e-18,0.000000e+00,-2.683871e-18,-1.512166e-05,1.987834e-05,3.500000e-05,-6.643291e-18,-3.985975e-18
9.540000e-11,1.945461e+02,-6.151519e-04,0.000000e+00,1.299987e+01,-1.231707e-16,1.512166e-05,1.294335e+01,-1.139989e-16,1.987834e-05,0.000000e+00,3.500000e-05,-6.151519e-04,-7.015316e-17,-6.673106e-18,0.000000e+00,-6.673106e-18,-1.512166e-05,1.987834e-05,3.500000e-05,-3.720243e-18,-5.181767e-18
9.550000e-11,1.943687e+02,-5.651010e-04,0.000000e+00,1.299987e+01,-3.546659e-17,1.512166e-05,1.294335e+01,-1.227680e-16,1.987834e-05,0.000000e+00,3.500000e-05,-5.651010e-04,-9.646059e-17,-9.507148e-18,0.000000e+00,-9.507148e-18,-1.512166e-05,1.987834e-05,3.500000e-05,-1.062927e-18,-5.580365e-18
9.560000e-11,1.942095e+02,-4.940013e-04,0.000000e+00,1.299987e+01,3.975271e-17,1.512166e-05,1.294335e+01,-1.139989e-16,1.987834e-05,0.000000e+00,3.500000e-05,-4.940013e-04,-1.052297e-16,-1.050656e-17,0.000000e+00,-1.050656e-17,-1.512166e-05,1.987834e-05,3.500000e-05,1.328658e-18,-5.181767e-18
9.570000e-11,1.940742e+02,-4.061056e-04,0.000000e+00,1.299987e+01,9.760592e-17,1.512166e-05,1.294335e+01,-1.052297e-16,1.987834e-05,0.000000e+00,3.500000e-05,-4.061056e-04,-1.052297e-16,-1.074455e-17,0.000000e+00,-1.074455e-17,-1.512166e-05,1.987834e-05,3.500000e-05,2.923048e-18,-4.783170e-18
9.580000e-11,1.939671e+02,-3.058466e-04,0.000000e+00,1.299987e+01,1.367129e-16,1.512166e-05,1.294335e+01,-8.769145e-17,1.987834e-05,0.000000e+00,3.500000e-05,-3.058466e-04,-1.052297e-16,-1.060560e-17,0.000000e+00,-1.060560e-17,-1.512166e-05,1.987834e-05,3.500000e-05,4.251707e-18,-3.985975e-18
9.590000e-11,1.938914e+02,-1.973821e-04,0.000000e+00,1.299987e+01,1.564848e-16,1.512166e-05,1.294335e+01,-6.138401e-17,1.987834e-05,0.000000e+00,3.500000e-05,-1.973821e-04,-8.769145e-17,-9.027723e-18,0.000000e+00,-9.027723e-18,-1.512166e-05,1.987834e-05,3.500000e-05,4.783170e-18,-2.790182e-18
9.600000e-11,1.938491e+02,-8.439642e-05,0.000000e+00,1.299987e+01,1.592451e-16,1.512166e-05,1.294335e+01,-2.630743e-17,1.987834e-05,0.000000e+00,3.500000e-05,-8.439642e-05,-7.015316e-17,-6.748839e-18,0.000000e+00,-6.748839e-18,-1.512166e-05,1.987834e-05,3.500000e-05,4.783170e-18,-1.195792e-18
9.610000e-11,1.938411e+02,2.985671e-05,0.000000e+00,1.299987e+01,1.482734e-16,1.512166e-05,1.294335e+01,0.000000e+00,1.987834e-05,0.000000e+00,3.500000e-05,2.985671e-05,-3.946115e-17,-4.136816e-18,0.000000e+00,-4.136816e-18,-1.512166e-05,1.987834e-05,3.500000e-05,4.517438e-18,0.000000e+00
9.620000e-11,1.938672e+02,1.423462e-04,0.000000e+00,1.299987e+01,1.269947e-16,1.512166e-05,1.294335e+01,1.753829e-17,1.987834e-05,0.000000e+00,3.500000e-05,1.423462e-04,-1.753829e-17,-1.544429e-18,0.000000e+00,-1.544429e-18,-1.512166e-05,1.987834e-05,3.500000e-05,3.720243e-18,7.971950e-19
9.630000e-11,1.939266e+02,2.499919e-04,0.000000e+00,1.299987e+01,9.905574e-17,1.512166e-05,1.294335e+01,2.630743e-17,1.987834e-05,0.000000e+00,3.500000e-05,2.499919e-04,8.769145e-18,6.565656e-19,0.000000e+00,6.565656e-19,-1.512166e-05,1.987834e-05,3.500000e-05,2.923048e-18,1.195792e-18
9.640000e-11,1.940171e+02,3.494359e-04,0.000000e+00,1.299987e+01,6.793225e-17,1.512166e-05,1.294335e+01,3.507658e-17,1.987834e-05,0.000000e+00,3.500000e-05,3.494359e-04,1.753829e-17,2.120946e-18,0.000000e+00,2.120946e-18,-1.512166e-05,1.987834e-05,3.500000e-05,2.125853e-18,1.594390e-18
9.650000e-11,1.941358e+02,4.369598e-04,0.000000e+00,1.299987e+01,3.677712e-17,1.512166e-05,1.294335e+01,4.384572e-17,1.987834e-05,0.000000e+00,3.500000e-05,4.369598e-04,3.069201e-17,2.850224e-18,0.000000e+00,2.850224e-18,-1.512166e-05,1.987834e-05,3.500000e-05,1.062927e-18,1.992987e-18
9.660000e-11,1.942784e+02,5.086246e-04,0.000000e+00,1.299987e+01,8.730529e-18,1.512166e-05,1.294335e+01,4.384572e-17,1.987834e-05,0.000000e+00,3.500000e-05,5.086246e-04,4.384572e-17,4.258938e-18,0.000000e+00,4.258938e-18,-1.512166e-05,1.987834e-05,3.500000e-05,2.657317e-19,1.992987e-18
9.670000e-11,1.944395e+02,5.606518e-04,0.000000e+00,1.299987e+01,-1.403596e-17,1.512166e-05,1.294335e+01,3.507658e-17,1.987834e-05,0.000000e+00,3.500000e-05,5.606518e-04,4.384572e-17,4.230026e-18,0.000000e+00,4.230026e-18,-1.512166e-05,1.987834e-05,3.500000e-05,-5.314633e-19,1.594390e-18
9.680000e-11,1.946128e+02,5.899736e-04,0.000000e+00,1.299987e+01,-3.201616e-17,1.512166e-05,1.294335e+01,3.507658e-17,1.987834e-05,0.000000e+00,3.500000e-05,5.899736e-04,3.507658e-17,3.833454e-18,0.000000e+00,3.833454e-18,-1.512166e-05,1.987834e-05,3.500000e-05,-1.062927e-18,1.594390e-18
9.690000e-11,1.947910e+02,5.947886e-04,0.000000e+00,1.299987e+01,-4.324746e-17,1.512166e-05,1.294335e+01,3.507658e-17,1.987834e-05,0.000000e+00,3.500000e-05,5.947886e-04,3.507658e-17,3.786634e-18,0.000000e+00,3.786634e-18,-1.512166e-05,1.987834e-05,3.500000e-05,-1.328658e-18,1.594390e-18
9.700000e-11,1.949668e+02,5.749272e-04,0.000000e+00,1.299987e+01,-4.907836e-17,1.512166e-05,1.294335e+01,2.630743e-17,1.987834e-05,0.000000e+00,3.500000e-05,5.749272e-04,3.507658e-17,3.384452e-18,0.000000e+00,3.384452e-18,-1.512166e-05,1.987834e-05,3.500000e-05,-1.594390e-18,1.195792e-18
9.710000e-11,1.951332e+02,5.318884e-04,0.000000e+00,1.299987e+01,-4.829331e-17,1.512166e-05,1.294335e+01,1.753829e-17,1.987834e-05,0.000000e+00,3.500000e-05,5.318884e-04,2.630743e-17,2.615259e-18,0.000000e+00,2.615259e-18,-1.512166e-05,1.987834e-05,3.500000e-05,-1.328658e-18,7.971950e-19
9.720000e-11,1.952836e+02,4.685428e-04,0.000000e+00,1.299987e+01,-4.229147e-17,1.512166e-05,1.294335e+01,0.000000e+00,1.987834e-05,0.000000e+00,3.500000e-05,4.685428e-04,1.753829e-17,1.859874e-18,0.000000e+00,1.859874e-18,-1.512166e-05,1.987834e-05,3.500000e-05,-1.328658e-18,0.000000e+00
9.730000e-11,1.954124e+02,3.886227e-04,0.000000e+00,1.299987e+01,-3.318108e-17,1.512166e-05,1.294335e+01,-8.769145e-18,1.987834e-05,0.000000e+00,3.500000e-05,3.886227e-04,4.384572e-18,7.629366e-19,0.000000e+00,7.629366e-19,-1.512166e-05,1.987834e-05,3.500000e-05,-1.062927e-18,-3.985975e-19
9.740000e-11,1.955154e+02,2.961788e-04,0.000000e+00,1.299987e+01,-2.277282e-17,1.512166e-05,1.294335e+01,-8.769145e-18,1.987834e-05,0.000000e+00,3.500000e-05,2.961788e-04,4.384572e-18,-3.255858e-19,0.000000e+00,-3.255858e-19,-1.512166e-05,1.987834e-05,3.500000e-05,-7.971950e-19,-3.985975e-19
9.750000e-11,1.955892e+02,1.951609e-04,0.000000e+00,1.299987e+01,-1.180109e-17,1.512166e-05,1.294335e+01,-8.769145e-18,1.987834e-05,0.000000e+00,3.500000e-05,1.951609e-04,-8.769145e-18,-6.941083e-19,0.000000e+00,-6.941083e-19,-1.512166e-05,1.987834e-05,3.500000e-05,-2.657317e-19,-3.985975e-19
9.760000e-11,1.956319e+02,8.920019e-05,0.000000e+00,1.299987e+01,-2.025939e-19,1.512166e-05,1.294335e+01,0.000000e+00,1.987834e-05,0.000000e+00,3.500000e-05,8.920019e-05,-8.769145e-18,-6.969132e-19,0.000000e+00,-6.969132e-19,-1.512166e-05,1.987834e-05,3.500000e-05,0.000000e+00,0.000000e+00
9.770000e-11,1.956424e+02,-1.840261e-05,0.000000e+00,1.299987e+01,1.117432e-17,1.512166e-05,1.294335e+01,8.769145e-18,1.987834e-05,0.000000e+00,3.500000e-05,-1.840261e-05,4.384572e-18,-3.415522e-19,0.000000e+00,-3.415522e-19,-1.512166e-05,1.987834e-05,3.500000e-05,2.657317e-19,3.985975e-19
9.780000e-11,1.956207e+02,-1.245407e-04,0.000000e+00,1.299987e+01,2.067091e-17,1.512166e-05,1.294335e+01,8.769145e-18,1.987834e-05,0.000000e+00,3.500000e-05,-1.245407e-04,0.000000e+00,-3.335690e-19,0.000000e+00,-3.335690e-19,-1.512166e-05,1.987834e-05,3.500000e-05,5.314633e-19,3.985975e-19
9.790000e-11,1.955676e+02,-2.261001e-04,0.000000e+00,1.299987e+01,2.779335e-17,1.512166e-05,1.294335e+01,8.769145e-18,1.987834e-05,0.000000e+00,3.500000e-05,-2.261001e-04,0.000000e+00,-3.227809e-19,0.000000e+00,-3.227809e-19,-1.512166e-05,1.987834e-05,3.500000e-05,7.971950e-19,3.985975e-19
9.800000e-11,1.954852e+02,-3.197889e-04,0.000000e+00,1.299987e+01,3.259862e-17,1.512166e-05,1.294335e+01,8.769145e-18,1.987834e-05,0.000000e+00,3.500000e-05,-3.197889e-04,0.000000e+00,-3.091878e-19,0.000000e+00,-3.091878e-19,-1.512166e-05,1.987834e-05,3.500000e-05,1.062927e-18,3.985975e-19
9.810000e-11,1.953762e+02,-4.020844e-04,0.000000e+00,1.299987e+01,3.416872e-17,1.512166e-05,1.294335e+01,8.769145e-18,1.987834e-05,0.000000e+00,3.500000e-05,-4.020844e-04,0.000000e+00,-2.856697e-19,0.000000e+00,-2.856697e-19,-1.512166e-05,1.987834e-05,3.500000e-05,1.062927e-18,3.985975e-19
9.820000e-11,1.952448e+02,-4.693624e-04,0.000000e+00,1.299987e+01,3.304812e-17,1.512166e-05,1.294335e+01,8.769145e-18,1.987834e-05,0.000000e+00,3.500000e-05,-4.693624e-04,0.000000e+00,-2.632304e-19,0.000000e+00,-2.632304e-19,-1.512166e-05,1.987834e-05,3.500000e-05,1.062927e-18,3.985975e-19
9.830000e-11,1.950961e+02,-5.182209e-04,0.000000e+00,1.299987e+01,2.929381e-17,1.512166e-05,1.294335e+01,8.769145e-18,1.987834e-05,0.000000e+00,3.500000e-05,-5.182209e-04,0.000000e+00,-2.420856e-19,0.000000e+00,-2.420856e-19,-1.512166e-05,1.987834e-05,3.500000e-05,7.971950e-19,3.985975e-19
9.840000e-11,1.949359e+02,-5.459351e-04,0.000000e+00,1.299987e+01,2.391874e-17,1.512166e-05,1.294335e+01,8.769145e-18,1.987834e-05,0.000000e+00,3.500000e-05,-5.459351e-04,0.000000e+00,-2.291399e-19,0.000000e+00,-2.291399e-19,-1.512166e-05,1.987834e-05,3.500000e-05,7.971950e-19,3.985975e-19
9.850000e-11,1.947709e+02,-5.509125e-04,0.000000e+00,1.299987e+01,1.751171e-17,1.512166e-05,1.294335e+01,8.769145e-18,1.987834e-05,0.000000e+00,3.500000e-05,-5.509125e-04,0.000000e+00,-2.168414e-19,0.000000e+00,-2.168414e-19,-1.512166e-05,1.987834e-05,3.500000e-05,5.314633e-19,3.985975e-19
9.860000e-11,1.946079e+02,-5.329916e-04,0.000000e+00,1.299987e+01,1.028797e-17,1.512166e-05,1.294335e+01,8.769145e-18,1.987834e-05,0.000000e+00,3.500000e-05,-5.329916e-04,0.000000e+00,-2.084267e-19,0.000000e+00,-2.084267e-19,-1.512166e-05,1.987834e-05,3.500000e-05,2.657317e-19,3.985975e-19
9.870000e-11,1.944537e+02,-4.934766e-04,0.000000e+00,1.299987e+01,3.728993e-18,1.512166e-05,1.294335e+01,8.769145e-18,1.987834e-05,0.000000e+00,3.500000e-05,-4.934766e-04,0.000000e+00,-2.075636e-19,0.000000e+00,-2.075636e-19,-1.512166e-05,1.987834e-05,3.500000e-05,0.000000e+00,3.985975e-19
9.880000e-11,1.943141e+02,-4.348995e-04,0.000000e+00,1.299987e+01,-1.994283e-18,1.512166e-05,1.294335e+01,8.769145e-18,1.987834e-05,0.000000e+00,3.500000e-05,-4.348995e-04,0.000000e+00,-2.101528e-19,0.000000e+00,-2.101528e-19,-1.512166e-05,1.987834e-05,3.500000e-05,0.000000e+00,3.985975e-19
9.890000e-11,1.941946e+02,-3.606032e-04,0.000000e+00,1.299987e+01,-6.767901e-18,1.512166e-05,1.294335e+01,8.769145e-18,1.987834e-05,0.000000e+00,3.500000e-05,-3.606032e-04,0.000000e+00,-2.120946e-19,0.000000e+00,-2.120946e-19,-1.512166e-05,1.987834e-05,3.500000e-05,-2.657317e-19,3.985975e-19
9.900000e-11,1.940992e+02,-2.742883e-04,0.000000e+00,1.299987e+01,-1.047157e-17,1.512166e-05,1.294335e+01,8.769145e-18,1.987834e-05,0.000000e+00,3.500000e-05,-2.742883e-04,0.000000e+00,-2.211567e-19,0.000000e+00,-2.211567e-19,-1.512166e-05,1.987834e-05,3.500000e-05,-2.657317e-19,3.985975e-19
9.910000e-11,1.940310e+02,-1.796513e-04,0.000000e+00,1.299987e+01,-1.245952e-17,1.512166e-05,1.294335e+01,8.769145e-18,1.987834e-05,0.000000e+00,3.500000e-05,-1.796513e-04,0.000000e+00,-2.297872e-19,0.000000e+00,-2.297872e-19,-1.512166e-05,1.987834e-05,3.500000e-05,-2.657317e-19,3.985975e-19
9.920000e-11,1.939920e+02,-8.018431e-05,0.000000e+00,1.299987e+01,-1.338386e-17,1.512166e-05,1.294335e+01,8.769145e-18,1.987834e-05,0.000000e+00,3.500000e-05,-8.018431e-05,0.000000e+00,-2.377704e-19,0.000000e+00,-2.377704e-19,-1.512166e-05,1.987834e-05,3.500000e-05,-5.314633e-19,3.985975e-19
9.930000e-11,1.939832e+02,2.085782e-05,0.000000e+00,1.299987e+01,-1.261780e-17,1.512166e-05,1.294335e+01,8.769145e-18,1.987834e-05,0.000000e+00,3.500000e-05,2.085782e-05,0.000000e+00,-2.487743e-19,0.000000e+00,-2.487743e-19,-1.512166e-05,1.987834e-05,3.500000e-05,-2.657317e-19,3.985975e-19
9.940000e-11,1.940047e+02,1.203659e-04,0.000000e+00,1.299987e+01,-1.078812e-17,1.512166e-05,1.294335e+01,8.769145e-18,1.987834e-05,0.000000e+00,3.500000e-05,1.203659e-04,0.000000e+00,-2.595624e-19,0.000000e+00,-2.595624e-19,-1.512166e-05,1.987834e-05,3.500000e-05,-2.657317e-19,3.985975e-19
9.950000e-11,1.940554e+02,2.152333e-04,0.000000e+00,1.299987e+01,-8.021451e-18,1.512166e-05,1.294335e+01,8.769145e-18,1.987834e-05,0.000000e+00,3.500000e-05,2.152333e-04,0.000000e+00,-2.697033e-19,0.000000e+00,-2.697033e-19,-1.512166e-05,1.987834e-05,3.500000e-05,-2.657317e-19,3.985975e-19
9.960000e-11,1.941336e+02,3.022411e-04,0.000000e+00,1.299987e+01,-3.963242e-18,1.512166e-05,1.294335e+01,8.769145e-18,1.987834e-05,0.000000e+00,3.500000e-05,3.022411e-04,0.000000e+00,-2.794126e-19,0.000000e+00,-2.794126e-19,-1.512166e-05,1.987834e-05,3.500000e-05,0.000000e+00,3.985975e-19
9.970000e-11,1.942362e+02,3.780459e-04,0.000000e+00,1.299987e+01,-1.202901e-19,1.512166e-05,1.294335e+01,8.769145e-18,1.987834e-05,0.000000e+00,3.500000e-05,3.780459e-04,0.000000e+00,-2.815702e-19,0.000000e+00,-2.815702e-19,-1.512166e-05,1.987834e-05,3.500000e-05,0.000000e+00,3.985975e-19
9.980000e-11,1.943594e+02,4.393186e-04,0.000000e+00,1.299987e+01,3.722662e-18,1.512166e-05,1.294335e+01,8.769145e-18,1.987834e-05,0.000000e+00,3.500000e-05,4.393186e-04,0.000000e+00,-2.837278e-19,0.000000e+00,-2.837278e-19,-1.512166e-05,1.987834e-05,3.500000e-05,0.000000e+00,3.985975e-19
9.990000e-11,1.944983e+02,4.830352e-04,0.000000e+00,1.299987e+01,7.052799e-18,1.512166e-05,1.294335e+01,8.769145e-18,1.987834e-05,0.000000e+00,3.500000e-05,4.830352e-04,0.000000e+00,-2.822175e-19,0.000000e+00,-2.822175e-19,-1.512166e-05,1.987834e-05,3.500000e-05,2.657317e-19,3.985975e-19
1.000000e-10,1.946473e+02,5.068603e-04,0.000000e+00,1.299987e+01,9.901775e-18,1.512166e-05,1.294335e+01,8.769145e-18,1.987834e-05,0.000000e+00,3.500000e-05,5.068603e-04,0.000000e+00,-2.811387e-19,0.000000e+00,-2.811387e-19,-1.512166e-05,1.987834e-05,3.500000e-05,2.657317e-19,3.985975e-19
1.001000e-10,1.948002e+02,5.095121e-04,0.000000e+00,1.299987e+01,1.232657e-17,1.512166e-05,1.294335e+01,8.769145e-18,1.987834e-05,0.000000e+00,3.500000e-05,5.095121e-04,0.000000e+00,-2.800599e-19,0.000000e+00,-2.800599e-19,-1.512166e-05,1.987834e-05,3.500000e-05,2.657317e-19,3.985975e-19
1.002000e-10,1.949506e+02,4.909868e-04,0.000000e+00,1.299987e+01,1.425754e-17,1.512166e-05,1.294335e+01,8.769145e-18,1.987834e-05,0.000000e+00,3.500000e-05,4.909868e-04,0.000000e+00,-2.791968e-19,0.000000e+00,-2.791968e-19,-1.512166e-05,1.987834e-05,3.500000e-05,5.314633e-19,3.985975e-19
1.003000e-10,1.950924e+02,4.525624e-04,0.000000e+00,1.299987e+01,1.546044e-17,1.512166e-05,1.294335e+01,8.769145e-18,1.987834e-05,0.000000e+00,3.500000e-05,4.525624e-04,0.000000e+00,-2.709978e-19,0.000000e+00,-2.709978e-19,-1.512166e-05,1.987834e-05,3.500000e-05,5.314633e-19,3.985975e-19
1.004000e-10,1.952200e+02,3.965866e-04,0.000000e+00,1.299987e+01,1.550476e-17,1.512166e-05,1.294335e+01,8.769145e-18,1.987834e-05,0.000000e+00,3.500000e-05,3.965866e-04,0.000000e+00,-2.632304e-19,0.000000e+00,-2.632304e-19,-1.512166e-05,1.987834e-05,3.500000e-05,5.314633e-19,3.985975e-19
1.005000e-10,1.953286e+02,3.261244e-04,0.000000e+00,1.299987e+01,1.439683e-17,1.512166e-05,1.294335e+01,8.769145e-18,1.987834e-05,0.000000e+00,3.500000e-05,3.261244e-04,0.000000e+00,-2.524423e-19,0.000000e+00,-2.524423e-19,-1.512166e-05,1.987834e-05,3.500000e-05,5.314633e-19,3.985975e-19
1.006000e-10,1.954144e+02,2.445820e-04,0.000000e+00,1.299987e+01,1.191505e-17,1.512166e-05,1.294335e+01,8.769145e-18,1.987834e-05,0.000000e+00,3.500000e-05,2.445820e-04,0.000000e+00,-2.420856e-19,0.000000e+00,-2.420856e-19,-1.512166e-05,1.987834e-05,3.500000e-05,2.657317e-19,3.985975e-19
1.007000e-10,1.954744e+02,1.554072e-04,0.000000e+00,1.299987e+01,9.319318e-18,1.512166e-05,1.294335e+01,8.769145e-18,1.987834e-05,0.000000e+00,3.500000e-05,1.554072e-04,0.000000e+00,-2.392807e-19,0.000000e+00,-2.392807e-19,-1.512166e-05,1.987834e-05,3.500000e-05,2.657317e-19,3.985975e-19
1.008000e-10,1.955070e+02,6.192077e-05,0.000000e+00,1.299987e+01,6.527321e-18,1.512166e-05,1.294335e+01,8.769145e-18,1.987834e-05,0.000000e+00,3.500000e-05,6.192077e-05,0.000000e+00,-2.369073e-19,0.000000e+00,-2.369073e-19,-1.512166e-05,1.987834e-05,3.500000e-05,2.657317e-19,3.985975e-19
1.009000e-10,1.955112e+02,-3.271796e-05,0.000000e+00,1.299987e+01,4.089864e-18,1.512166e-05,1.294335e+01,8.769145e-18,1.987834e-05,0.000000e+00,3.500000e-05,-3.271796e-05,0.000000e+00,-2.379862e-19,0.000000e+00,-2.379862e-19,-1.512166e-05,1.987834e-05,3.500000e-05,0.000000e+00,3.985975e-19
1.010000e-10,1.954872e+02,-1.254489e-04,0.000000e+00,1.299987e+01,1.994283e-18,1.512166e-05,1.294335e+01,8.769145e-18,1.987834e-05,0.000000e+00,3.500000e-05,-1.254489e-04,0.000000e+00,-2.386334e-19,0.000000e+00,-2.386334e-19,-1.512166e-05,1.987834e-05,3.500000e-05,0.000000e+00,3.985975e-19
1.011000e-10,1.954360e+02,-2.132148e-04,0.000000e+00,1.299987e+01,2.089249e-19,1.512166e-05,1.294335e+01,8.769145e-18,1.987834e-05,0.000000e+00,3.500000e-05,-2.132148e-04,0.000000e+00,-2.394965e-19,0.000000e+00,-2.394965e-19,-1.512166e-05,1.987834e-05,3.500000e-05,0.000000e+00,3.985975e-19
1.012000e-10,1.953596e+02,-2.928983e-04,0.000000e+00,1.299987e+01,-1.310529e-18,1.512166e-05,1.294335e+01,8.769145e-18,1.987834e-05,0.000000e+00,3.500000e-05,-2.928983e-04,0.000000e+00,-2.403595e-19,0.000000e+00,-2.403595e-19,-1.512166e-05,1.987834e-05,3.500000e-05,0.000000e+00,3.985975e-19
1.013000e-10,1.952609e+02,-3.613507e-04,0.000000e+00,1.299987e+01,-2.602065e-18,1.512166e-05,1.294335e+01,8.769145e-18,1.987834e-05,0.000000e+00,3.500000e-05,-3.613507e-04,0.000000e+00,-2.407911e-19,0.000000e+00,-2.407911e-19,-1.512166e-05,1.987834e-05,3.500000e-05,0.000000e+00,3.985975e-19
1.014000e-10,1.951439e+02,-4.155465e-04,0.000000e+00,1.299987e+01,-3.703669e-18,1.512166e-05,1.294335e+01,8.769145e-18,1.987834e-05,0.000000e+00,3.500000e-05,-4.155465e-04,0.000000e+00,-2.412226e-19,0.000000e+00,-2.412226e-19,-1.512166e-05,1.987834e-05,3.500000e-05,0.000000e+00,3.985975e-19
1.015000e-10,1.950131e+02,-4.528515e-04,0.000000e+00,1.299987e+01,-4.495051e-18,1.512166e-05,1.294335e+01,8.769145e-18,1.987834e-05,0.000000e+00,3.500000e-05,-4.528515e-04,0.000000e+00,-2.416541e-19,0.000000e+00,-2.416541e-19,-1.512166e-05,1.987834e-05,3.500000e-05,-2.657317e-19,3.985975e-19
1.016000e-10,1.948741e+02,-4.713461e-04,0.000000e+00,1.299987e+01,-4.760956e-18,1.512166e-05,1.294335e+01,8.769145e-18,1.987834e-05,0.000000e+00,3.500000e-05,-4.713461e-04,0.000000e+00,-2.494216e-19,0.000000e+00,-2.494216e-19,-1.512166e-05,1.987834e-05,3.500000e-05,-2.657317e-19,3.985975e-19
1.017000e-10,1.947325e+02,-4.701090e-04,0.000000e+00,1.299987e+01,-4.013891e-18,1.512166e-05,1.294335e+01,8.769145e-18,1.987834e-05,0.000000e+00,3.500000e-05,-4.701090e-04,0.000000e+00,-2.565417e-19,0.000000e+00,-2.565417e-19,-1.512166e-05,1.987834e-05,3.500000e-05,0.000000e+00,3.985975e-19
1.018000e-10,1.945943e+02,-4.493683e-04,0.000000e+00,1.299987e+01,-2.728686e-18,1.512166e-05,1.294335e+01,8.769145e-18,1.987834e-05,0.000000e+00,3.500000e-05,-4.493683e-04,0.000000e+00,-2.597782e-19,0.000000e+00,-2.597782e-19,-1.512166e-05,1.987834e-05,3.500000e-05,0.000000e+00,3.985975e-19
1.019000e-10,1.944650e+02,-4.104677e-04,0.000000e+00,1.299987e+01,-9.623209e-19,1.512166e-05,1.294335e+01,8.769145e-18,1.987834e-05,0.000000e+00,3.500000e-05,-4.104677e-04,0.000000e+00,-2.630146e-19,0.000000e+00,-2.630146e-19,-1.512166e-05,1.987834e-05,3.500000e-05,0.000000e+00,3.985975e-19
1.020000e-10,1.943499e+02,-3.556633e-04,0.000000e+00,1.299987e+01,7.787202e-19,1.512166e-05,1.294335e+01,8.769145e-18,1.987834e-05,0.000000e+00,3.500000e-05,-3.556633e-04,0.000000e+00,-2.621516e-19,0.000000e+00,-2.621516e-19,-1.512166e-05,1.987834e-05,3.500000e-05,0.000000e+00,3.985975e-19
1.021000e-10,1.942532e+02,-2.878207e-04,0.000000e+00,1.299987e+01,2.342492e-18,1.512166e-05,1.294335e+01,8.769145e-18,1.987834e-05,0.000000e+00,3.500000e-05,-2.878207e-04,0.000000e+00,-2.615043e-19,0.000000e+00,-2.615043e-19,-1.512166e-05,1.987834e-05,3.500000e-05,0.000000e+00,3.985975e-19
1.022000e-10,1.941785e+02,-2.101039e-04,0.000000e+00,1.299987e+01,3.697338e-18,1.512166e-05,1.294335e+01,8.769145e-18,1.987834e-05,0.000000e+00,3.500000e-05,-2.101039e-04,0.000000e+00,-2.608570e-19,0.000000e+00,-2.608570e-19,-1.512166e-05,1.987834e-05,3.500000e-05,0.000000e+00,3.985975e-19
1.023000e-10,1.941281e+02,-1.257342e-04,0.000000e+00,1.299987e+01,4.710307e-18,1.512166e-05,1.294335e+01,8.769145e-18,1.987834e-05,0.000000e+00,3.500000e-05,-1.257342e-04,0.000000e+00,-2.604255e-19,0.000000e+00,-2.604255e-19,-1.512166e-05,1.987834e-05,3.500000e-05,2.657317e-19,3.985975e-19
1.024000e-10,1.941036e+02,-3.785689e-05,0.000000e+00,1.299987e+01,5.527014e-18,1.512166e-05,1.294335e+01,8.769145e-18,1.987834e-05,0.000000e+00,3.500000e-05,-3.785689e-05,0.000000e+00,-2.599939e-19,0.000000e+00,-2.599939e-19,-1.512166e-05,1.987834e-05,3.500000e-05,2.657317e-19,3.985975e-19
1.025000e-10,1.941057e+02,5.048751e-05,0.000000e+00,1.299987e+01,6.204437e-18,1.512166e-05,1.294335e+01,8.769145e-18,1.987834e-05,0.000000e+00,3.500000e-05,5.048751e-05,0.000000e+00,-2.597782e-19,0.000000e+00,-2.597782e-19,-1.512166e-05,1.987834e-05,3.500000e-05,2.657317e-19,3.985975e-19
1.026000e-10,1.941340e+02,1.363225e-04,0.000000e+00,1.299987e+01,6.774232e-18,1.512166e-05,1.294335e+01,8.769145e-18,1.987834e-05,0.000000e+00,3.500000e-05,1.363225e-04,0.000000e+00,-2.595624e-19,0.000000e+00,-2.595624e-19,-1.512166e-05,1.987834e-05,3.500000e-05,2.657317e-19,3.985975e-19
1.027000e-10,1.941873e+02,2.166788e-04,0.000000e+00,1.299987e+01,7.255393e-18,1.512166e-05,1.294335e+01,8.769145e-18,1.987834e-05,0.000000e+00,3.500000e-05,2.166788e-04,0.000000e+00,-2.593467e-19,0.000000e+00,-2.593467e-19,-1.512166e-05,1.987834e-05,3.500000e-05,2.657317e-19,3.985975e-19
1.028000e-10,1.942635e+02,2.885772e-04,0.000000e+00,1.299987e+01,7.666912e-18,1.512166e-05,1.294335e+01,8.769145e-18,1.987834e-05,0.000000e+00,3.500000e-05,2.885772e-04,0.000000e+00,-2.591309e-19,0.000000e+00,-2.591309e-19,-1.512166e-05,1.987834e-05,3.500000e-05,2.657317e-19,3.985975e-19
1.029000e-10,1.943596e+02,3.490951e-04,0.000000e+00,1.299987e+01,8.008789e-18,1.512166e-05,1.294335e+01,8.769145e-18,1.987834e-05,0.000000e+00,3.500000e-05,3.490951e-04,0.000000e+00,-2.589151e-19,0.000000e+00,-2.589151e-19,-1.512166e-05,1.987834e-05,3.500000e-05,2.657317e-19,3.985975e-19
1.030000e-10,1.944718e+02,3.955340e-04,0.000000e+00,1.299987e+01,8.306348e-18,1.512166e-05,1.294335e+01,8.769145e-18,1.987834e-05,0.000000e+00,3.500000e-05,3.955340e-04,0.000000e+00,-2.589151e-19,0.000000e+00,-2.589151e-19,-1.512166e-05,1.987834e-05,3.500000e-05,2.657317e-19,3.985975e-19
1.031000e-10,1.945954e+02,4.256653e-04,0.000000e+00,1.299987e+01,8.553260e-18,1.512166e-05,1.294335e+01,8.769145e-18,1.987834e-05,0.000000e+00,3.500000e-05,4.256653e-04,0.000000e+00,-2.586994e-19,0.000000e+00,-2.586994e-19,-1.512166e-05,1.987834e-05,3.500000e-05,2.657317e-19,3.985975e-19
1.032000e-10,1.947254e+02,4.379983e-04,0.000000e+00,1.299987e+01,8.768516e-18,1.512166e-05,1.294335e+01,8.769145e-18,1.987834e-05,0.000000e+00,3.500000e-05,4.379983e-04,0.000000e+00,-2.586994e-19,0.000000e+00,-2.586994e-19,-1.512166e-05,1.987834e-05,3.500000e-05,2.657317e-19,3.985975e-19
1.033000e-10,1.948562e+02,4.319894e-04,0.000000e+00,1.299987e+01,8.952116e-18,1.512166e-05,1.294335e+01,8.769145e-18,1.987834e-05,0.000000e+00,3.500000e-05,4.319894e-04,0.000000e+00,-2.586994e-19,0.000000e+00,-2.586994e-19,-1.512166e-05,1.987834e-05,3.500000e-05,2.657317e-19,3.985975e-19
1.034000e-10,1.949825e+02,4.081261e-04,0.000000e+00,1.299987e+01,9.104062e-18,1.512166e-05,1.294335e+01,8.769145e-18,1.987834e-05,0.000000e+00,3.500000e-05,4.081261e-04,0.000000e+00,-2.584836e-19,0.000000e+00,-2.584836e-19,-1.512166e-05,1.987834e-05,3.500000e-05,2.657317e-19,3.985975e-19
1.035000e-10,1.950991e+02,3.678576e-04,0.000000e+00,1.299987e+01,9.230683e-18,1.512166e-05,1.294335e+01,8.769145e-18,1.987834e-05,0.000000e+00,3.500000e-05,3.678576e-04,0.000000e+00,-2.584836e-19,0.000000e+00,-2.584836e-19,-1.512166e-05,1.987834e-05,3.500000e-05,2.657317e-19,3.985975e-19
1.036000e-10,1.952014e+02,3.133973e-04,0.000000e+00,1.299987e+01,9.338311e-18,1.512166e-05,1.294335e+01,8.769145e-18,1.987834e-05,0.000000e+00,3.500000e-05,3.133973e-04,0.000000e+00,-2.584836e-19,0.000000e+00,-2.584836e-19,-1.512166e-05,1.987834e-05,3.500000e-05,2.657317e-19,3.985975e-19
1.037000e-10,1.952857e+02,2.474602e-04,0.000000e+00,1.299987e+01,9.426946e-18,1.512166e-05,1.294335e+01,8.769145e-18,1.987834e-05,0.000000e+00,3.500000e-05,2.474602e-04,0.000000e+00,-2.584836e-19,0.000000e+00,-2.584836e-19,-1.512166e-05,1.987834e-05,3.500000e-05,2.657317e-19,3.985975e-19
1.038000e-10,1.953488e+02,1.730090e-04,0.000000e+00,1.299987e+01,9.502918e-18,1.512166e-05,1.294335e+01,8.769145e-18,1.987834e-05,0.000000e+00,3.500000e-05,1.730090e-04,0.000000e+00,-2.584836e-19,0.000000e+00,-2.584836e-19,-1.512166e-05,1.987834e-05,3.500000e-05,2.657317e-19,3.985975e-19
1.039000e-10,1.953887e+02,9.306408e-05,0.000000e+00,1.299987e+01,9.566229e-18,1.512166e-05,1.294335e+01,8.769145e-18,1.987834e-05,0.000000e+00,3.500000e-05,9.306408e-05,0.000000e+00,-2.584836e-19,0.000000e+00,-2.584836e-19,-1.512166e-05,1.987834e-05,3.500000e-05,2.657317e-19,3.985975e-19
1.040000e-10,1.954041e+02,1.060275e-05,0.000000e+00,1.299987e+01,9.623209e-18,1.512166e-05,1.294335e+01,8.769145e-18,1.987834e-05,0.000000e+00,3.500000e-05,1.060275e-05,0.000000e+00,-2.584836e-19,0.000000e+00,-2.584836e-19,-1.512166e-05,1.987834e-05,3.500000e-05,2.657317e-19,3.985975e-19
1.041000e-10,1.953948e+02,-7.146385e-05,0.000000e+00,1.299987e+01,9.667526e-18,1.512166e-05,1.294335e+01,8.769145e-18,1.987834e-05,0.000000e+00,3.500000e-05,-7.146385e-05,0.000000e+00,-2.582678e-19,0.000000e+00,-2.582678e-19,-1.512166e-05,1.987834e-05,3.500000e-05,2.657317e-19,3.985975e-19
1.042000e-10,1.953613e+02,-1.502682e-04,0.000000e+00,1.299987e+01,9.705512e-18,1.512166e-05,1.294335e+01,8.769145e-18,1.987834e-05,0.000000e+00,3.500000e-05,-1.502682e-04,0.000000e+00,-2.582678e-19,0.000000e+00,-2.582678e-19,-1.512166e-05,1.987834e-05,3.500000e-05,2.657317e-19,3.985975e-19
1.043000e-10,1.953049e+02,-2.229648e-04,0.000000e+00,1.299987e+01,9.737168e-18,1.512166e-05,1.294335e+01,8.769145e-18,1.987834e-05,0.000000e+00,3.500000e-05,-2.229648e-04,0.000000e+00,-2.582678e-19,0.000000e+00,-2.582678e-19,-1.512166e-05,1.987834e-05,3.500000e-05,2.657317e-19,3.985975e-19
1.044000e-10,1.952280e+02,-2.867530e-04,0.000000e+00,1.299987e+01,9.768823e-18,1.512166e-05,1.294335e+01,8.769145e-18,1.987834e-05,0.000000e+00,3.500000e-05,-2.867530e-04,0.000000e+00,-2.582678e-19,0.000000e+00,-2.582678e-19,-1.512166e-05,1.987834e-05,3.500000e-05,2.657317e-19,3.985975e-19
1.045000e-10,1.951337e+02,-3.389735e-04,0.000000e+00,1.299987e+01,9.794147e-18,1.512166e-05,1.294335e+01,8.769145e-18,1.987834e-05,0.000000e+00,3.500000e-05,-3.389735e-04,0.000000e+00,-2.582678e-19,0.000000e+00,-2.582678e-19,-1.512166e-05,1.987834e-05,3.500000e-05,2.657317e-19,3.985975e-19
1.046000e-10,1.950259e+02,-3.772816e-04,0.000000e+00,1.299987e+01,9.819471e-18,1.512166e-05,1.294335e+01,8.769145e-18,1.987834e-05,0.000000e+00,3.500000e-05,-3.772816e-04,0.000000e+00,-2.582678e-19,0.000000e+00,-2.582678e-19,-1.512166e-05,1.987834e-05,3.500000e-05,2.657317e-19,3.985975e-19
1.047000e-10,1.949089e+02,-3.998677e-04,0.000000e+00,1.299987e+01,9.838465e-18,1.512166e-05,1.294335e+01,8.769145e-18,1.987834e-05,0.000000e+00,3.500000e-05,-3.998677e-04,0.000000e+00,-2.582678e-19,0.000000e+00,-2.582678e-19,-1.512166e-05,1.987834e-05,3.500000e-05,2.657317e-19,3.985975e-19
1.048000e-10,1.947878e+02,-4.056701e-04,0.000000e+00,1.299987e+01,9.857458e-18,1.512166e-05,1.294335e+01,8.769145e-18,1.987834e-05,0.000000e+00,3.500000e-05,-4.056701e-04,0.000000e+00,-2.582678e-19,0.000000e+00,-2.582678e-19,-1.512166e-05,1.987834e-05,3.500000e-05,2.657317e-19,3.985975e-19
1.049000e-10,1.946675e+02,-3.945167e-04,0.000000e+00,1.299987e+01,9.870120e-18,1.512166e-05,1.294335e+01,8.769145e-18,1.987834e-05,0.000000e+00,3.500000e-05,-3.945167e-04,0.000000e+00,-2.580521e-19,0.000000e+00,-2.580521e-19,-1.512166e-05,1.987834e-05,3.500000e-05,2.657317e-19,3.985975e-19
1.050000e-10,1.945530e+02,-3.671509e-04,0.000000e+00,1.299987e+01,9.876451e-18,1.512166e-05,1.294335e+01,8.769145e-18,1.987834e-05,0.000000e+00,3.500000e-05,-3.671509e-04,0.000000e+00,-2.580521e-19,0.000000e+00,-2.580521e-19,-1.512166e-05,1.987834e-05,3.500000e-05,2.657317e-19,3.985975e-19
1.051000e-10,1.944490e+02,-3.251343e-04,0.000000e+00,1.299987e+01,9.882782e-18,1.512166e-05,1.294335e+01,8.769145e-18,1.987834e-05,0.000000e+00,3.500000e-05,-3.251343e-04,0.000000e+00,-2.580521e-19,0.000000e+00,-2.580521e-19,-1.512166e-05,1.987834e-05,3.500000e-05,2.657317e-19,3.985975e-19
1.052000e-10,1.943595e+02,-2.706570e-04,0.000000e+00,1.299987e+01,9.882782e-18,1.512166e-05,1.294335e+01,8.769145e-18,1.987834e-05,0.000000e+00,3.500000e-05,-2.706570e-04,0.000000e+00,-2.580521e-19,0.000000e+00,-2.580521e-19,-1.512166e-05,1.987834e-05,3.500000e-05,2.657317e-19,3.985975e-19
1.053000e-10,1.942879e+02,-2.063118e-04,0.000000e+00,1.299987e+01,9.882782e-18,1.512166e-05,1.294335e+01,8.769145e-18,1.987834e-05,0.000000e+00,3.500000e-05,-2.063118e-04,0.000000e+00,-2.580521e-19,0.000000e+00,-2.580521e-19,-1.512166e-05,1.987834e-05,3.500000e-05,2.657317e-19,3.985975e-19
1.054000e-10,1.942367e+02,-1.348893e-04,0.000000e+00,1.299987e+01,9.882782e-18,1.512166e-05,1.294335e+01,8.769145e-18,1.987834e-05,0.000000e+00,3.500000e-05,-1.348893e-04,0.000000e+00,-2.580521e-19,0.000000e+00,-2.580521e-19,-1.512166e-05,1.987834e-05,3.500000e-05,2.657317e-19,3.985975e-19
1.055000e-10,1.942076e+02,-5.923189e-05,0.000000e+00,1.299987e+01,9.882782e-18,1.512166e-05,1.294335e+01,8.769145e-18,1.987834e-05,0.000000e+00,3.500000e-05,-5.923189e-05,0.000000e+00,-2.580521e-19,0.000000e+00,-2.580521e-19,-1.512166e-05,1.987834e-05,3.500000e-05,2.657317e-19,3.985975e-19
1.056000e-10,1.942015e+02,1.784141e-05,0.000000e+00,1.299987e+01,9.882782e-18,1.512166e-05,1.294335e+01,8.769145e-18,1.987834e-05,0.000000e+00,3.500000e-05,1.784141e-05,0.000000e+00,-2.580521e-19,0.000000e+00,-2.580521e-19,-1.512166e-05,1.987834e-05,3.500000e-05,2.657317e-19,3.985975e-19
1.057000e-10,1.942184e+02,9.355530e-05,0.000000e+00,1.299987e+01,9.882782e-18,1.512166e-05,1.294335e+01,8.769145e-18,1.987834e-05,0.000000e+00,3.500000e-05,9.355530e-05,0.000000e+00,-2.580521e-19,0.000000e+00,-2.580521e-19,-1.512166e-05,1.987834e-05,3.500000e-05,2.657317e-19,3.985975e-19
1.058000e-10,1.942575e+02,1.651740e-04,0.000000e+00,1.299987e+01,9.882782e-18,1.512166e-05,1.294335e+01,8.769145e-18,1.987834e-05,0.000000e+00,3.500000e-05,1.651740e-04,0.000000e+00,-2.580521e-19,0.000000e+00,-2.580521e-19,-1.512166e-05,1.987834e-05,3.500000e-05,2.657317e-19,3.985975e-19
1.059000e-10,1.943172e+02,2.300109e-04,0.000000e+00,1.299987e+01,9.882782e-18,1.512166e-05,1.294335e+01,8.769145e-18,1.987834e-05,0.000000e+00,3.500000e-05,2.300109e-04,0.000000e+00,-2.580521e-19,0.000000e+00,-2.580521e-19,-1.512166e-05,1.987834e-05,3.500000e-05,2.657317e-19,3.985975e-19
1.060000e-10,1.943949e+02,2.854846e-04,0.000000e+00,1.299987e+01,9.882782e-18,1.512166e-05,1.294335e+01,8.769145e-18,1.987834e-05,0.000000e+00,3.500000e-05,2.854846e-04,0.000000e+00,-2.580521e-19,0.000000e+00,-2.580521e-19,-1.512166e-05,1.987834e-05,3.500000e-05,2.657317e-19,3.985975e-19
1.061000e-10,1.944875e+02,3.292355e-04,0.000000e+00,1.299987e+01,9.882782e-18,1.512166e-05,1.294335e+01,8.769145e-18,1.987834e-05,0.000000e+00,3.500000e-05,3.292355e-04,0.000000e+00,-2.580521e-19,0.000000e+00,-2.580521e-19,-1.512166e-05,1.987834e-05,3.500000e-05,2.657317e-19,3.985975e-19
1.062000e-10,1.945911e+02,3.592965e-04,0.000000e+00,1.299987e+01,9.882782e-18,1.512166e-05,1.294335e+01,8.769145e-18,1.987834e-05,0.000000e+00,3.500000e-05,3.592965e-04,0.000000e+00,-2.580521e-19,0.000000e+00,-2.580521e-19,-1.512166e-05,1.987834e-05,3.500000e-05,2.657317e-19,3.985975e-19
1.063000e-10,1.947015e+02,3.742812e-04,0.000000e+00,1.299987e+01,9.882782e-18,1.512166e-05,1.294335e+01,8.769145e-18,1.987834e-05,0.000000e+00,3.500000e-05,3.742812e-04,0.000000e+00,-2.580521e-19,0.000000e+00,-2.580521e-19,-1.512166e-05,1.987834e-05,3.500000e-05,2.657317e-19,3.985975e-19
1.064000e-10,1.948139e+02,3.735432e-04,0.000000e+00,1.299987e+01,9.882782e-18,1.512166e-05,1.294335e+01,8.769145e-18,1.987834e-05,0.000000e+00,3.500000e-05,3.735432e-04,0.000000e+00,-2.580521e-19,0.000000e+00,-2.580521e-19,-1.512166e-05,1.987834e-05,3.500000e-05,2.657317e-19,3.985975e-19
1.065000e-10,1.949238e+02,3.572576e-04,0.000000e+00,1.299987e+01,9.882782e-18,1.512166e-05,1.294335e+01,8.769145e-18,1.987834e-05,0.000000e+00,3.500000e-05,3.572576e-04,0.000000e+00,-2.580521e-19,0.000000e+00,-2.580521e-19,-1.512166e-05,1.987834e-05,3.500000e-05,2.657317e-19,3.985975e-19
1.066000e-10,1.950265e+02,3.264007e-04,0.000000e+00,1.299987e+01,9.882782e-18,1.512166e-05,1.294335e+01,8.769145e-18,1.987834e-05,0.000000e+00,3.500000e-05,3.264007e-04,0.000000e+00,-2.580521e-19,0.000000e+00,-2.580521e-19,-1.512166e-05,1.987834e-05,3.500000e-05,2.657317e-19,3.985975e-19
1.067000e-10,1.951180e+02,2.826336e-04,0.000000e+00,1.299987e+01,9.882782e-18,1.512166e-05,1.294335e+01,8.769145e-18,1.987834e-05,0.000000e+00,3.500000e-05,2.826336e-04,0.000000e+00,-2.580521e-19,0.000000e+00,-2.580521e-19,-1.512166e-05,1.987834e-05,3.500000e-05,2.657317e-19,3.985975e-19
1.068000e-10,1.951947e+02,2.281248e-04,0.000000e+00,1.299987e+01,9.882782e-18,1.512166e-05,1.294335e+01,8.769145e-18,1.987834e-05,0.000000e+00,3.500000e-05,2.281248e-04,0.000000e+00,-2.580521e-19,0.000000e+00,-2.580521e-19,-1.512166e-05,1.987834e-05,3.500000e-05,2.657317e-19,3.985975e-19
1.069000e-10,1.952538e+02,1.653597e-04,0.000000e+00,1.299987e+01,9.882782e-18,1.512166e-05,1.294335e+01,8.769145e-18,1.987834e-05,0.000000e+00,3.500000e-05,1.653597e-04,0.000000e+00,-2.580521e-19,0.000000e+00,-2.580521e-19,-1.512166e-05,1.987834e-05,3.500000e-05,2.657317e-19,3.985975e-19
1.070000e-10,1.952931e+02,9.697731e-05,0.000000e+00,1.299987e+01,9.882782e-18,1.512166e-05,1.294335e+01,8.769145e-18,1.987834e-05,0.000000e+00,3.500000e-05,9.697731e-05,0.000000e+00,-2.580521e-19,0.000000e+00,-2.580521e-19,-1.512166e-05,1.987834e-05,3.500000e-05,2.657317e-19,3.985975e-19
1.071000e-10,1.953115e+02,2.565982e-05,0.000000e+00,1.299987e+01,9.882782e-18,1.512166e-05,1.294335e+01,8.769145e-18,1.987834e-05,0.000000e+00,3.500000e-05,2.565982e-05,0.000000e+00,-2.580521e-19,0.000000e+00,-2.580521e-19,-1.512166e-05,1.987834e-05,3.500000e-05,2.657317e-19,3.985975e-19
1.072000e-10,1.953083e+02,-4.592508e-05,0.000000e+00,1.299987e+01,9.882782e-18,1.512166e-05,1.294335e+01,8.769145e-18,1.987834e-05,0.000000e+00,3.500000e-05,-4.592508e-05,0.000000e+00,-2.580521e-19,0.000000e+00,-2.580521e-19,-1.512166e-05,1.987834e-05,3.500000e-05,2.657317e-19,3.985975e-19
1.073000e-10,1.952839e+02,-1.151459e-04,0.000000e+00,1.299987e+01,9.882782e-18,1.512166e-05,1.294335e+01,8.769145e-18,1.987834e-05,0.000000e+00,3.500000e-05,-1.151459e-04,0.000000e+00,-2.580521e-19,0.000000e+00,-2.580521e-19,-1.512166e-05,1.987834e-05,3.500000e-05,2.657317e-19,3.985975e-19
1.074000e-10,1.952394e+02,-1.794221e-04,0.000000e+00,1.299987e+01,9.882782e-18,1.512166e-05,1.294335e+01,8.769145e-18,1.987834e-05,0.000000e+00,3.500000e-05,-1.794221e-04,0.000000e+00,-2.580521e-19,0.000000e+00,-2.580521e-19,-1.512166e-05,1.987834e-05,3.500000e-05,2.657317e-19,3.985975e-19
1.075000e-10,1.951767e+02,-2.362611e-04,0.000000e+00,1.299987e+01,9.882782e-18,1.512166e-05,1.294335e+01,8.769145e-18,1.987834e-05,0.000000e+00,3.500000e-05,-2.362611e-04,0.000000e+00,-2.580521e-19,0.000000e+00,-2.580521e-19,-1.512166e-05,1.987834e-05,3.500000e-05,2.657317e-19,3.985975e-19
1.076000e-10,1.950984e+02,-2.833388e-04,0.000000e+00,1.299987e+01,9.882782e-18,1.512166e-05,1.294335e+01,8.769145e-18,1.987834e-05,0.000000e+00,3.500000e-05,-2.833388e-04,0.000000e+00,-2.580521e-19,0.000000e+00,-2.580521e-19,-1.512166e-05,1.987834e-05,3.500000e-05,2.657317e-19,3.985975e-19
1.077000e-10,1.950078e+02,-3.186269e-04,0.000000e+00,1.299987e+01,9.882782e-18,1.512166e-05,1.294335e+01,8.769145e-18,1.987834e-05,0.000000e+00,3.500000e-05,-3.186269e-04,0.000000e+00,-2.580521e-19,0.000000e+00,-2.580521e-19,-1.512166e-05,1.987834e-05,3.500000e-05,2.657317e-19,3.985975e-19
1.078000e-10,1.949086e+02,-3.405494e-04,0.000000e+00,1.299987e+01,9.882782e-18,1.512166e-05,1.294335e+01,8.769145e-18,1.987834e-05,0.000000e+00,3.500000e-05,-3.405494e-04,0.000000e+00,-2.580521e-19,0.000000e+00,-2.580521e-19,-1.512166e-05,1.987834e-05,3.500000e-05,2.657317e-19,3.985975e-19
1.079000e-10,1.948050e+02,-3.481359e-04,0.000000e+00,1.299987e+01,9.882782e-18,1.512166e-05,1.294335e+01,8.769145e-18,1.987834e-05,0.000000e+00,3.500000e-05,-3.481359e-04,0.000000e+00,-2.580521e-19,0.000000e+00,-2.580521e-19,-1.512166e-05,1.987834e-05,3.500000e-05,2.657317e-19,3.985975e-19
1.080000e-10,1.947014e+02,-3.411282e-04,0.000000e+00,1.299987e+01,9.882782e-18,1.512166e-05,1.294335e+01,8.769145e-18,1.987834e-05,0.000000e+00,3.500000e-05,-3.411282e-04,0.000000e+00,-2.580521e-19,0.000000e+00,-2.580521e-19,-1.512166e-05,1.987834e-05,3.500000e-05,2.657317e-19,3.985975e-19
1.081000e-10,1.946020e+02,-3.200115e-04,0.000000e+00,1.299987e+01,9.882782e-18,1.512166e-05,1.294335e+01,8.769145e-18,1.987834e-05,0.000000e+00,3.500000e-05,-3.200115e-04,0.000000e+00,-2.580521e-19,0.000000e+00,-2.580521e-19,-1.512166e-05,1.987834e-05,3.500000e-05,2.657317e-19,3.985975e-19
1.082000e-10,1.945109e+02,-2.859593e-04,0.000000e+00,1.299987e+01,9.882782e-18,1.512166e-05,1.294335e+01,8.769145e-18,1.987834e-05,0.000000e+00,3.500000e-05,-2.859593e-04,0.000000e+00,-2.580521e-19,0.000000e+00,-2.580521e-19,-1.512166e-05,1.987834e-05,3.500000e-05,2.657317e-19,3.985975e-19
1.083000e-10,1.944318e+02,-2.407090e-04,0.000000e+00,1.299987e+01,9.882782e-18,1.512166e-05,1.294335e+01,8.769145e-18,1.987834e-05,0.000000e+00,3.500000e-05,-2.407090e-04,0.000000e+00,-2.580521e-19,0.000000e+00,-2.580521e-19,-1.512166e-05,1.987834e-05,3.500000e-05,2.657317e-19,3.985975e-19
1.084000e-10,1.943677e+02,-1.864006e-04,0.000000e+00,1.299987e+01,9.882782e-18,1.512166e-05,1.294335e+01,8.769145e-18,1.987834e-05,0.000000e+00,3.500000e-05,-1.864006e-04,0.000000e+00,-2.580521e-19,0.000000e+00,-2.580521e-19,-1.512166e-05,1.987834e-05,3.500000e-05,2.657317e-19,3.985975e-19
1.085000e-10,1.943209e+02,-1.254188e-04,0.000000e+00,1.299987e+01,9.882782e-18,1.512166e-05,1.294335e+01,8.769145e-18,1.987834e-05,0.000000e+00,3.500000e-05,-1.254188e-04,0.000000e+00,-2.580521e-19,0.000000e+00,-2.580521e-19,-1.512166e-05,1.987834e-05,3.500000e-05,2.657317e-19,3.985975e-19
1.086000e-10,1.942931e+02,-6.026459e-05,0.000000e+00,1.299987e+01,9.882782e-18,1.512166e-05,1.294335e+01,8.769145e-18,1.987834e-05,0.000000e+00,3.500000e-05,-6.026459e-05,0.000000e+00,-2.580521e-19,0.000000e+00,-2.580521e-19,-1.512166e-05,1.987834e-05,3.500000e-05,2.657317e-19,3.985975e-19
1.087000e-10,1.942852e+02,6.528717e-06,0.000000e+00,1.299987e+01,9.882782e-18,1.512166e-05,1.294335e+01,8.769145e-18,1.987834e-05,0.000000e+00,3.500000e-05,6.528717e-06,0.000000e+00,-2.580521e-19,0.000000e+00,-2.580521e-19,-1.512166e-05,1.987834e-05,3.500000e-05,2.657317e-19,3.985975e-19
1.088000e-10,1.942972e+02,7.244269e-05,0.000000e+00,1.299987e+01,9.882782e-18,1.512166e-05,1.294335e+01,8.769145e-18,1.987834e-05,0.000000e+00,3.500000e-05,7.244269e-05,0.000000e+00,-2.580521e-19,0.000000e+00,-2.580521e-19,-1.512166e-05,1.987834e-05,3.500000e-05,2.657317e-19,3.985975e-19
1.089000e-10,1.943286e+02,1.350017e-04,0.000000e+00,1.299987e+01,9.882782e-18,1.512166e-05,1.294335e+01,8.769145e-18,1.987834e-05,0.000000e+00,3.500000e-05,1.350017e-04,0.000000e+00,-2.580521e-19,0.000000e+00,-2.580521e-19,-1.512166e-05,1.987834e-05,3.500000e-05,2.657317e-19,3.985975e-19
1.090000e-10,1.943779e+02,1.918058e-04,0.000000e+00,1.299987e+01,9.882782e-18,1.512166e-05,1.294335e+01,8.769145e-18,1.987834e-05,0.000000e+00,3.500000e-05,1.918058e-04,0.000000e+00,-2.580521e-19,0.000000e+00,-2.580521e-19,-1.512166e-05,1.987834e-05,3.500000e-05,2.657317e-19,3.985975e-19
1.091000e-10,1.944430e+02,2.405905e-04,0.000000e+00,1.299987e+01,9.882782e-18,1.512166e-05,1.294335e+01,8.769145e-18,1.987834e-05,0.000000e+00,3.500000e-05,2.405905e-04,0.000000e+00,-2.580521e-19,0.000000e+00,-2.580521e-19,-1.512166e-05,1.987834e-05,3.500000e-05,2.657317e-19,3.985975e-19
1.092000e-10,1.945213e+02,2.793221e-04,0.000000e+00,1.299987e+01,9.882782e-18,1.512166e-05,1.294335e+01,8.769145e-18,1.987834e-05,0.000000e+00,3.500000e-05,2.793221e-04,0.000000e+00,-2.580521e-19,0.000000e+00,-2.580521e-19,-1.512166e-05,1.987834e-05,3.500000e-05,2.657317e-19,3.985975e-19
1.093000e-10,1.946095e+02,3.063246e-04,0.000000e+00,1.299987e+01,9.882782e-18,1.512166e-05,1.294335e+01,8.769145e-18,1.987834e-05,0.000000e+00,3.500000e-05,3.063246e-04,0.000000e+00,-2.580521e-19,0.000000e+00,-2.580521e-19,-1.512166e-05,1.987834e-05,3.500000e-05,2.657317e-19,3.985975e-19
1.094000e-10,1.947038e+02,3.204155e-04,0.000000e+00,1.299987e+01,9.882782e-18,1.512166e-05,1.294335e+01,8.769145e-18,1.987834e-05,0.000000e+00,3.500000e-05,3.204155e-04,0.000000e+00,-2.580521e-19,0.000000e+00,-2.580521e-19,-1.512166e-05,1.987834e-05,3.500000e-05,2.657317e-19,3.985975e-19
1.095000e-10,1.948002e+02,3.210192e-04,0.000000e+00,1.299987e+01,9.882782e-18,1.512166e-05,1.294335e+01,8.769145e-18,1.987834e-05,0.000000e+00,3.500000e-05,3.210192e-04,0.000000e+00,-2.580521e-19,0.000000e+00,-2.580521e-19,-1.512166e-05,1.987834e-05,3.500000e-05,2.657317e-19,3.985975e-19
1.096000e-10,1.948948e+02,3.082275e-04,0.000000e+00,1.299987e+01,9.882782e-18,1.512166e-05,1.294335e+01,8.769145e-18,1.987834e-05,0.000000e+00,3.500000e-05,3.082275e-04,0.000000e+00,-2.580521e-19,0.000000e+00,-2.580521e-19,-1.512166e-05,1.987834e-05,3.500000e-05,2.657317e-19,3.985975e-19
1.097000e-10,1.949836e+02,2.827901e-04,0.000000e+00,1.299987e+01,9.882782e-18,1.512166e-05,1.294335e+01,8.769145e-18,1.987834e-05,0.000000e+00,3.500000e-05,2.827901e-04,0.000000e+00,-2.580521e-19,0.000000e+00,-2.580521e-19,-1.512166e-05,1.987834e-05,3.500000e-05,2.657317e-19,3.985975e-19
1.098000e-10,1.950631e+02,2.460373e-04,0.000000e+00,1.299987e+01,9.882782e-18,1.512166e-05,1.294335e+01,8.769145e-18,1.987834e-05,0.000000e+00,3.500000e-05,2.460373e-04,0.000000e+00,-2.580521e-19,0.000000e+00,-2.580521e-19,-1.512166e-05,1.987834e-05,3.500000e-05,2.657317e-19,3.985975e-19
1.099000e-10,1.951300e+02,1.997550e-04,0.000000e+00,1.299987e+01,9.882782e-18,1.512166e-05,1.294335e+01,8.769145e-18,1.987834e-05,0.000000e+00,3.500000e-05,1.997550e-04,0.000000e+00,-2.580521e-19,0.000000e+00,-2.580521e-19,-1.512166e-05,1.987834e-05,3.500000e-05,2.657317e-19,3.985975e-19
1.100000e-10,1.951819e+02,1.460442e-04,0.000000e+00,1.299987e+01,9.882782e-18,1.512166e-05,1.294335e+01,8.769145e-18,1.987834e-05,0.000000e+00,3.500000e-05,1.460442e-04,0.000000e+00,-2.580521e-19,0.000000e+00,-2.580521e-19,-1.512166e-05,1.987834e-05,3.500000e-05,2.657317e-19,3.985975e-19
1.101000e-10,1.952195e+02,1.001420e-04,6.840000e-06,1.300317e+01,1.632584e-05,2.132956e-05,1.294340e+01,2.115647e-07,1.999901e-05,6.840000e-06,3.500000e-05,1.985478e-04,7.088784e-08,7.088784e-09,6.840000e-06,7.088784e-09,-1.498428e-05,2.001572e-05,3.500000e-05,4.947224e-07,9.616580e-09
1.102000e-10,1.952458e+02,6.778120e-05,1.368000e-05,1.301458e+01,5.087832e-05,2.665286e-05,1.294365e+01,1.158792e-06,2.038759e-05,1.368000e-05,3.500000e-05,1.733795e-04,4.511178e-07,4.511178e-08,1.368000e-05,4.511178e-08,-1.451462e-05,2.048538e-05,3.500000e-05,1.541767e-06,5.267236e-08
1.103000e-10,1.952649e+02,5.142944e-05,2.052000e-05,1.303876e+01,1.005853e-04,3.100330e-05,1.294446e+01,3.609812e-06,2.114520e-05,2.052000e-05,3.500000e-05,2.067348e-04,1.593760e-06,1.593760e-07,2.052000e-05,1.593760e-07,-1.353134e-05,2.146866e-05,3.500000e-05,3.048041e-06,1.640824e-07
1.104000e-10,1.952819e+02,5.201366e-05,2.736000e-05,1.307934e+01,1.605163e-04,3.440264e-05,1.294643e+01,8.401216e-06,2.229856e-05,2.736000e-05,3.500000e-05,2.672500e-04,4.127958e-06,4.127958e-07,2.736000e-05,4.127958e-07,-1.190677e-05,2.309323e-05,3.500000e-05,4.864131e-06,3.818735e-07
1.105000e-10,1.953016e+02,6.952121e-05,3.420000e-05,1.313851e+01,2.253454e-04,3.695394e-05,1.295038e+01,1.623846e-05,2.380456e-05,3.420000e-05,3.500000e-05,3.495866e-04,8.747451e-06,8.747451e-07,3.420000e-05,8.747451e-07,-9.582584e-06,2.541742e-05,3.500000e-05,6.828648e-06,7.381119e-07
1.106000e-10,1.953291e+02,1.032339e-04,4.104000e-05,1.321702e+01,2.901899e-04,3.881505e-05,1.295727e+01,2.753585e-05,2.557302e-05,4.104000e-05,3.500000e-05,4.481439e-04,1.606666e-05,1.606666e-06,4.104000e-05,1.606666e-06,-6.568689e-06,2.843131e-05,3.500000e-05,8.793635e-06,1.251629e-06
1.107000e-10,1.953690e+02,1.518690e-04,4.788000e-05,1.331432e+01,3.511552e-04,4.017022e-05,1.296815e+01,4.233105e-05,2.749566e-05,4.788000e-05,3.500000e-05,5.577441e-04,2.648919e-05,2.648919e-06,4.788000e-05,2.648919e-06,-2.931286e-06,3.206871e-05,3.500000e-05,1.064107e-05,1.924139e-06
1.108000e-10,1.954256e+02,2.137265e-04,5.472000e-05,1.342893e+01,4.056696e-04,4.120133e-05,1.298398e+01,6.028326e-05,2.947325e-05,5.472000e-05,3.500000e-05,6.741161e-04,4.012249e-05,4.012249e-06,5.472000e-05,4.012249e-06,1.225652e-06,3.622565e-05,3.500000e-05,1.229302e-05,2.740148e-06
1.109000e-10,1.955026e+02,2.868890e-04,6.156000e-05,1.355882e+01,4.526279e-04,4.206234e-05,1.300562e+01,8.074470e-05,3.143591e-05,6.156000e-05,3.500000e-05,7.942370e-04,5.675530e-05,5.675530e-06,6.156000e-05,5.675530e-06,5.781658e-06,4.078166e-05,3.500000e-05,1.371600e-05,3.670214e-06
1.110000e-10,1.956031e+02,3.694969e-04,6.840000e-05,1.370185e+01,4.923513e-04,4.285967e-05,1.303367e+01,1.028834e-04,3.335430e-05,6.840000e-05,3.500000e-05,9.165681e-04,7.589777e-05,7.589777e-06,6.840000e-05,7.589777e-06,1.062060e-05,4.562060e-05,3.500000e-05,1.491974e-05,4.676518e-06
1.111000e-10,1.957272e+02,4.471662e-04,6.840000e-05,1.385286e+01,5.100698e-04,3.743226e-05,1.306847e+01,1.256184e-04,3.512113e-05,6.840000e-05,3.500000e-05,9.298760e-04,9.680023e-05,9.680023e-06,6.840000e-05,9.680023e-06,1.551108e-05,5.051108e-05,3.500000e-05,1.545666e-05,5.709928e-06
1.112000e-10,1.958730e+02,5.155857e-04,6.840000e-05,1.400559e+01,5.055307e-04,3.288867e-05,1.310998e+01,1.476514e-04,3.663364e-05,6.840000e-05,3.500000e-05,1.021116e-03,1.184716e-04,1.184716e-05,6.840000e-05,1.184716e-05,2.019222e-05,5.519222e-05,3.500000e-05,1.531911e-05,6.711427e-06
1.113000e-10,1.960380e+02,5.745762e-04,6.840000e-05,1.415444e+01,4.834453e-04,2.930517e-05,1.315777e+01,1.676296e-04,3.785085e-05,6.840000e-05,3.500000e-05,1.058021e-03,1.397460e-04,1.397460e-05,6.840000e-05,1.397460e-05,2.444498e-05,5.944498e-05,3.500000e-05,1.464986e-05,7.619526e-06
1.114000e-10,1.962199e+02,6.263525e-04,6.840000e-05,1.429518e+01,4.498453e-04,2.664249e-05,1.321105e+01,1.843635e-04,3.880456e-05,6.840000e-05,3.500000e-05,1.076198e-03,1.594111e-04,1.594111e-05,6.840000e-05,1.594111e-05,2.812583e-05,6.312583e-05,3.500000e-05,1.363168e-05,8.380157e-06
1.115000e-10,1.964172e+02,6.748593e-04,6.840000e-05,1.442524e+01,4.104680e-04,2.478907e-05,1.326871e+01,1.970145e-04,3.958037e-05,6.840000e-05,3.500000e-05,1.085327e-03,1.763694e-04,1.763694e-05,6.840000e-05,1.763694e-05,3.117251e-05,6.617251e-05,3.500000e-05,1.243842e-05,8.955204e-06
1.116000e-10,1.966299e+02,7.254570e-04,6.840000e-05,1.454355e+01,3.700583e-04,2.359262e-05,1.332950e+01,2.052020e-04,4.028724e-05,6.840000e-05,3.500000e-05,1.095515e-03,1.897889e-04,1.897889e-05,6.840000e-05,1.897889e-05,3.359349e-05,6.859349e-05,3.500000e-05,1.121389e-05,9.327365e-06
1.117000e-10,1.968598e+02,7.847592e-04,6.840000e-05,1.465028e+01,3.321505e-04,2.288461e-05,1.339211e+01,2.090159e-04,4.102895e-05,6.840000e-05,3.500000e-05,1.116910e-03,1.992055e-04,1.992055e-05,6.840000e-05,1.992055e-05,3.545023e-05,7.045023e-05,3.500000e-05,1.006517e-05,9.500724e-06
1.118000e-10,1.971108e+02,8.605762e-04,6.840000e-05,1.474644e+01,2.991121e-04,2.249822e-05,1.345530e+01,2.089501e-04,4.188428e-05,6.840000e-05,3.500000e-05,1.159688e-03,2.045577e-04,2.045577e-05,6.840000e-05,2.045577e-05,3.683778e-05,7.183778e-05,3.500000e-05,9.064002e-06,9.497730e-06
1.119000e-10,1.973893e+02,9.618877e-04,6.840000e-05,1.483366e+01,2.723174e-04,2.228047e-05,1.351805e+01,2.057867e-04,4.289796e-05,6.840000e-05,3.500000e-05,1.234205e-03,2.061558e-04,2.061558e-05,6.840000e-05,2.061558e-05,3.786748e-05,7.286748e-05,3.500000e-05,8.252042e-06,9.353942e-06
1.120000e-10,1.977046e+02,1.098594e-03,6.840000e-05,1.491385e+01,2.523693e-04,2.209923e-05,1.357958e+01,2.004642e-04,4.408091e-05,6.840000e-05,3.500000e-05,1.350963e-03,2.046030e-04,2.046030e-05,6.840000e-05,2.046030e-05,3.865322e-05,7.365322e-05,3.500000e-05,7.647555e-06,9.112008e-06
1.121000e-10,1.980691e+02,1.280422e-03,6.840000e-05,1.498906e+01,2.393191e-04,2.184604e-05,1.363938e+01,1.939545e-04,4.541667e-05,6.840000e-05,3.500000e-05,1.519741e-03,2.006909e-04,2.006909e-05,6.840000e-05,2.006909e-05,3.930187e-05,7.430187e-05,3.500000e-05,7.252095e-06,8.816114e-06
1.122000e-10,1.984973e+02,1.513786e-03,6.840000e-05,1.506131e+01,2.328605e-04,2.143600e-05,1.369722e+01,1.871684e-04,4.687068e-05,6.840000e-05,3.500000e-05,1.746646e-03,1.952929e-04,1.952929e-05,6.840000e-05,1.952929e-05,3.990762e-05,7.490762e-05,3.500000e-05,7.056380e-06,8.507653e-06
1.123000e-10,1.990036e+02,1.795116e-03,6.840000e-05,1.513248e+01,2.324874e-04,2.080555e-05,1.375315e+01,1.808938e-04,4.839976e-05,6.840000e-05,3.500000e-05,2.027603e-03,1.892718e-04,1.892718e-05,6.840000e-05,1.892718e-05,4.054938e-05,7.554938e-05,3.500000e-05,7.045073e-06,8.222444e-06
1.124000e-10,1.995981e+02,2.101366e-03,6.840000e-05,1.520434e+01,2.376143e-04,1.990902e-05,1.380740e+01,1.757679e-04,4.995985e-05,6.840000e-05,3.500000e-05,2.338980e-03,1.834126e-04,1.834126e-05,6.840000e-05,1.834126e-05,4.129055e-05,7.629055e-05,3.500000e-05,7.200433e-06,7.989448e-06
1.125000e-10,2.002796e+02,2.386203e-03,6.840000e-05,1.527846e+01,2.476620e-04,1.871480e-05,1.386038e+01,1.722753e-04,5.151138e-05,6.840000e-05,3.500000e-05,2.633865e-03,1.783822e-04,1.783822e-05,6.840000e-05,1.783822e-05,4.218029e-05,7.718029e-05,3.500000e-05,7.504910e-06,7.830694e-06
1.126000e-10,2.010330e+02,2.597520e-03,6.840000e-05,1.535626e+01,2.621136e-04,1.720154e-05,1.391263e+01,1.707656e-04,5.302204e-05,6.840000e-05,3.500000e-05,2.859634e-03,1.747152e-04,1.747152e-05,6.840000e-05,1.747152e-05,4.325563e-05,7.825563e-05,3.500000e-05,7.942837e-06,7.762072e-06
1.127000e-10,2.018379e+02,2.734023e-03,6.840000e-05,1.543903e+01,2.805438e-04,1.535483e-05,1.396478e+01,1.714815e-04,5.446734e-05,6.840000e-05,3.500000e-05,3.014566e-03,1.728189e-04,1.728189e-05,6.840000e-05,1.728189e-05,4.454384e-05,7.954384e-05,3.500000e-05,8.501327e-06,7.794615e-06
1.128000e-10,2.026677e+02,2.771833e-03,6.840000e-05,1.552792e+01,3.026268e-04,1.316472e-05,1.401753e+01,1.745913e-04,5.582955e-05,6.840000e-05,3.500000e-05,3.074460e-03,1.729925e-04,1.729925e-05,6.840000e-05,1.729925e-05,4.606477e-05,8.106477e-05,3.500000e-05,9.170510e-06,7.935970e-06
1.129000e-10,2.035093e+02,2.789318e-03,6.840000e-05,1.562402e+01,3.281249e-04,1.062417e-05,1.407162e+01,1.802208e-04,5.709550e-05,6.840000e-05,3.500000e-05,3.117443e-03,1.754529e-04,1.754529e-05,6.840000e-05,1.754529e-05,4.783265e-05,8.283265e-05,3.500000e-05,9.943178e-06,8.191855e-06
1.130000e-10,2.043628e+02,2.828443e-03,6.840000e-05,1.572834e+01,3.568573e-04,7.728773e-06,1.412784e+01,1.884818e-04,5.825364e-05,6.840000e-05,3.500000e-05,3.185301e-03,1.803638e-04,1.803638e-05,6.840000e-05,1.803638e-05,4.985737e-05,8.485737e-05,3.500000e-05,1.081386e-05,8.567354e-06
1.131000e-10,2.052311e+02,2.881733e-03,6.840000e-05,1.584184e+01,3.886519e-04,4.477810e-06,1.418698e+01,1.994956e-04,5.929061e-05,6.840000e-05,3.500000e-05,3.270385e-03,1.878626e-04,1.878626e-05,6.840000e-05,1.878626e-05,5.214486e-05,8.714486e-05,3.500000e-05,1.177733e-05,9.067983e-06
1.132000e-10,2.061169e+02,2.944247e-03,6.840000e-05,1.596542e+01,4.232757e-04,8.769755e-07,1.424993e+01,2.134109e-04,6.018749e-05,6.840000e-05,3.500000e-05,3.367523e-03,1.980850e-04,1.980850e-05,6.840000e-05,1.980850e-05,5.469649e-05,8.969649e-05,3.500000e-05,1.282654e-05,9.700493e-06
1.133000e-10,2.070098e+02,2.949998e-03,6.840000e-05,1.609986e+01,4.603463e-04,-3.057118e-06,1.431759e+01,2.304146e-04,6.091551e-05,6.840000e-05,3.500000e-05,3.410344e-03,2.111833e-04,2.111833e-05,6.840000e-05,2.111833e-05,5.750723e-05,9.250723e-05,3.500000e-05,1.394989e-05,1.047339e-05
1.134000e-10,2.078871e+02,2.861658e-03,6.840000e-05,1.624580e+01,4.992235e-04,-7.290507e-06,1.439093e+01,2.507380e-04,6.143136e-05,6.840000e-05,3.500000e-05,3.360881e-03,2.273398e-04,2.273398e-05,6.840000e-05,2.273398e-05,6.056252e-05,9.556252e-05,3.500000e-05,1.512798e-05,1.139718e-05
1.135000e-10,2.087572e+02,2.851893e-03,6.840000e-05,1.640361e+01,5.388922e-04,-1.176369e-05,1.447102e+01,2.746544e-04,6.167190e-05,6.840000e-05,3.500000e-05,3.390785e-03,2.467743e-04,2.467743e-05,6.840000e-05,2.467743e-05,6.383362e-05,9.883362e-05,3.500000e-05,1.633007e-05,1.248429e-05
1.136000e-10,2.096030e+02,2.743697e-03,6.840000e-05,1.657327e+01,5.778539e-04,-1.638239e-05,1.455898e+01,3.024706e-04,6.154863e-05,6.840000e-05,3.500000e-05,3.321551e-03,2.697437e-04,2.697437e-05,6.840000e-05,2.697437e-05,6.727167e-05,1.022717e-04,3.500000e-05,1.751072e-05,1.374867e-05
1.137000e-10,2.104550e+02,2.813764e-03,6.840000e-05,1.675421e+01,6.140636e-04,-2.100890e-05,1.465607e+01,3.345104e-04,6.094232e-05,6.840000e-05,3.500000e-05,3.427828e-03,2.965358e-04,2.965358e-05,6.840000e-05,2.965358e-05,7.080092e-05,1.058009e-04,3.500000e-05,1.860799e-05,1.520502e-05
1.138000e-10,2.113200e+02,2.868493e-03,6.840000e-05,1.694518e+01,6.449622e-04,-2.545646e-05,1.476360e+01,3.710886e-04,5.969907e-05,6.840000e-05,3.500000e-05,3.513455e-03,3.274541e-04,3.274541e-05,6.840000e-05,3.274541e-05,7.431215e-05,1.093121e-04,3.500000e-05,1.954431e-05,1.686766e-05
1.139000e-10,2.122032e+02,2.936515e-03,6.840000e-05,1.714408e+01,6.676612e-04,-2.949019e-05,1.488300e+01,4.124775e-04,5.762953e-05,6.840000e-05,3.500000e-05,3.604176e-03,3.627953e-04,3.627953e-05,6.840000e-05,3.627953e-05,7.765804e-05,1.126580e-04,3.500000e-05,2.023216e-05,1.874898e-05
1.140000e-10,2.130973e+02,2.960629e-03,6.840000e-05,1.734799e+01,6.793118e-04,-3.283790e-05,1.501575e+01,4.588627e-04,5.451357e-05,6.840000e-05,3.500000e-05,3.639941e-03,4.028173e-04,4.028173e-05,6.840000e-05,4.028173e-05,8.065269e-05,1.156527e-04,3.500000e-05,2.058521e-05,2.085740e-05
1.141000e-10,2.139813e+02,2.892581e-03,6.840000e-05,1.755323e+01,6.776403e-04,-3.521218e-05,1.516337e+01,5.102875e-04,5.011299e-05,6.840000e-05,3.500000e-05,3.570221e-03,4.476974e-04,4.476974e-05,6.840000e-05,4.476974e-05,8.307762e-05,1.180776e-04,3.500000e-05,2.053456e-05,2.319489e-05
1.142000e-10,2.148463e+02,2.815394e-03,6.840000e-05,1.775565e+01,6.615449e-04,-3.634235e-05,1.532734e+01,5.665781e-04,4.419423e-05,6.840000e-05,3.500000e-05,3.476939e-03,4.974776e-04,4.974776e-05,6.840000e-05,4.974776e-05,8.469554e-05,1.196955e-04,3.500000e-05,2.004682e-05,2.575355e-05
1.143000e-10,2.157057e+02,2.819106e-03,6.840000e-05,1.795106e+01,6.315867e-04,-3.601092e-05,1.550906e+01,6.272369e-04,3.656228e-05,6.840000e-05,3.500000e-05,3.450693e-03,5.519888e-04,5.519888e-05,6.840000e-05,5.519888e-05,8.527193e-05,1.202719e-04,3.500000e-05,1.913899e-05,2.851077e-05
1.144000e-10,2.165527e+02,2.767205e-03,6.840000e-05,1.813575e+01,5.901981e-04,-3.408705e-05,1.570967e+01,6.912862e-04,2.710570e-05,6.840000e-05,3.500000e-05,3.357403e-03,6.107446e-04,6.107446e-05,6.840000e-05,6.107446e-05,8.460226e-05,1.196023e-04,3.500000e-05,1.788479e-05,3.142210e-05
1.145000e-10,2.174260e+02,2.917349e-03,6.840000e-05,1.830701e+01,5.415035e-04,-3.055068e-05,1.592989e+01,7.570488e-04,1.585129e-05,6.840000e-05,3.500000e-05,3.458853e-03,6.727889e-04,6.727889e-05,6.840000e-05,6.727889e-05,8.254149e-05,1.175415e-04,3.500000e-05,1.640920e-05,3.441131e-05
1.146000e-10,2.183276e+02,3.013528e-03,6.840000e-05,1.846351e+01,4.907694e-04,-2.550361e-05,1.616979e+01,8.218783e-04,3.024180e-06,6.840000e-05,3.500000e-05,3.504298e-03,7.364952e-04,7.364952e-05,6.840000e-05,7.364952e-05,7.903181e-05,1.140318e-04,3.500000e-05,1.487180e-05,3.735810e-05
1.147000e-10,2.192464e+02,3.052491e-03,6.840000e-05,1.860554e+01,4.436047e-04,-1.916782e-05,1.642840e+01,8.819145e-04,-1.089580e-05,6.840000e-05,3.500000e-05,3.496096e-03,7.993403e-04,7.993403e-05,6.840000e-05,7.993403e-05,7.412526e-05,1.091253e-04,3.500000e-05,1.344257e-05,4.008702e-05
1.148000e-10,2.201590e+02,2.992976e-03,6.840000e-05,1.873494e+01,4.050857e-04,-1.187284e-05,1.670340e+01,9.320239e-04,-2.513993e-05,6.840000e-05,3.500000e-05,3.398062e-03,8.577272e-04,8.577272e-05,6.840000e-05,8.577272e-05,6.799752e-05,1.029975e-04,3.500000e-05,1.227533e-05,4.236472e-05
1.149000e-10,2.210400e+02,2.847552e-03,6.840000e-05,1.885484e+01,3.789733e-04,-4.033146e-06,1.699078e+01,9.661567e-04,-3.866703e-05,6.840000e-05,3.500000e-05,3.226526e-03,9.069992e-04,9.069992e-05,6.840000e-05,9.069992e-05,6.094911e-05,9.594911e-05,3.500000e-05,1.148404e-05,4.391621e-05
1.150000e-10,2.219058e+02,2.824466e-03,6.840000e-05,1.896918e+01,3.671501e-04,3.884775e-06,1.728475e+01,9.783034e-04,-5.026003e-05,6.840000e-05,3.500000e-05,3.191616e-03,9.418116e-04,9.418116e-05,6.840000e-05,9.418116e-05,5.338947e-05,8.838947e-05,3.500000e-05,1.112576e-05,4.446834e-05
1.151000e-10,2.227529e+02,2.756755e-03,6.840000e-05,1.908212e+01,3.693667e-04,1.140667e-05,1.757801e+01,9.639818e-04,-5.871256e-05,6.840000e-05,3.500000e-05,3.126121e-03,9.569561e-04,9.569561e-05,6.840000e-05,9.569561e-05,4.580040e-05,8.080040e-05,3.500000e-05,1.119293e-05,4.381735e-05
1.152000e-10,2.236216e+02,2.894753e-03,6.840000e-05,1.919741e+01,3.833371e-04,1.810343e-05,1.786249e+01,9.217936e-04,-6.307253e-05,6.840000e-05,3.500000e-05,3.278090e-03,9.485311e-04,9.485311e-05,6.840000e-05,9.485311e-05,3.868029e-05,7.368029e-05,3.500000e-05,1.161628e-05,4.189971e-05
1.153000e-10,2.245165e+02,2.988125e-03,6.840000e-05,1.931792e+01,4.051742e-04,2.364431e-05,1.813039e+01,8.543442e-04,-6.286665e-05,6.840000e-05,3.500000e-05,3.393299e-03,9.151050e-04,9.151050e-05,6.840000e-05,9.151050e-05,3.247768e-05,6.747768e-05,3.500000e-05,1.227801e-05,3.883383e-05
1.154000e-10,2.254295e+02,3.034534e-03,6.840000e-05,1.944521e+01,4.300901e-04,2.783753e-05,1.837525e+01,7.679978e-04,-5.822015e-05,6.840000e-05,3.500000e-05,3.464625e-03,8.584059e-04,8.584059e-05,6.840000e-05,8.584059e-05,2.752943e-05,6.252943e-05,3.500000e-05,1.303303e-05,3.490899e-05
1.155000e-10,2.263390e+02,2.987437e-03,6.840000e-05,1.957945e+01,4.532221e-04,3.064688e-05,1.859290e+01,6.715057e-04,-4.982539e-05,6.840000e-05,3.500000e-05,3.440659e-03,7.832152e-04,7.832152e-05,6.840000e-05,7.832152e-05,2.401911e-05,5.901911e-05,3.500000e-05,1.373400e-05,3.052299e-05
1.156000e-10,2.272195e+02,2.850526e-03,6.840000e-05,1.971949e+01,4.704123e-04,3.217977e-05,1.878174e+01,5.740695e-04,-3.877598e-05,6.840000e-05,3.500000e-05,3.320938e-03,6.964723e-04,6.964723e-05,6.840000e-05,6.964723e-05,2.196532e-05,5.696532e-05,3.500000e-05,1.425492e-05,2.609407e-05
1.157000e-10,2.280857e+02,2.827037e-03,6.840000e-05,1.986316e+01,4.787801e-04,3.265157e-05,1.894264e+01,4.835629e-04,-2.633096e-05,6.840000e-05,3.500000e-05,3.305817e-03,6.059077e-04,6.059077e-05,6.840000e-05,6.059077e-05,2.123994e-05,5.623994e-05,3.500000e-05,1.450849e-05,2.198013e-05
1.158000e-10,2.289316e+02,2.750251e-03,6.840000e-05,2.000767e+01,4.769915e-04,3.233730e-05,1.907840e+01,4.054077e-04,-1.368462e-05,6.840000e-05,3.500000e-05,3.227243e-03,5.186541e-04,5.186541e-05,6.840000e-05,5.186541e-05,2.160841e-05,5.660841e-05,3.500000e-05,1.445429e-05,1.842762e-05
1.159000e-10,2.297962e+02,2.876086e-03,6.840000e-05,2.015008e+01,4.652144e-04,3.152299e-05,1.919298e+01,3.422412e-04,-1.797320e-06,6.840000e-05,3.500000e-05,3.341301e-03,4.402050e-04,4.402050e-05,6.840000e-05,4.402050e-05,2.277960e-05,5.777960e-05,3.500000e-05,1.409741e-05,1.555642e-05
1.160000e-10,2.306850e+02,2.965263e-03,6.840000e-05,2.028766e+01,4.448297e-04,3.046637e-05,1.929077e+01,2.942232e-04,8.689772e-06,6.840000e-05,3.500000e-05,3.410092e-03,3.739039e-04,3.739039e-05,6.840000e-05,3.739039e-05,2.445394e-05,5.945394e-05,3.500000e-05,1.347969e-05,1.337378e-05
1.161000e-10,2.315904e+02,3.006768e-03,6.156000e-05,2.041488e+01,4.016851e-04,2.316355e-05,1.937594e+01,2.595031e-04,1.734089e-05,6.156000e-05,3.500000e-05,3.326373e-03,3.208769e-04,3.208769e-05,6.156000e-05,3.208769e-05,2.622418e-05,6.122418e-05,3.500000e-05,1.217228e-05,1.179560e-05
1.162000e-10,2.324891e+02,2.946856e-03,5.472000e-05,2.052521e+01,3.352975e-04,1.688921e-05,1.945191e+01,2.348880e-04,2.396235e-05,5.472000e-05,3.500000e-05,3.227434e-03,2.803119e-04,2.803119e-05,5.472000e-05,2.803119e-05,2.767026e-05,6.267026e-05,3.500000e-05,1.016053e-05,1.067673e-05
1.163000e-10,2.333620e+02,2.830443e-03,4.788000e-05,2.061256e+01,2.496560e-04,1.188043e-05,1.952110e+01,2.165838e-04,2.859274e-05,4.788000e-05,3.500000e-05,3.025379e-03,2.499678e-04,2.499678e-05,4.788000e-05,2.499678e-05,2.843423e-05,6.343423e-05,3.500000e-05,7.565332e-06,9.844717e-06
1.164000e-10,2.342119e+02,2.759195e-03,4.104000e-05,2.067203e+01,1.498168e-04,8.246282e-06,1.958486e+01,2.008516e-04,3.144569e-05,4.104000e-05,3.500000e-05,2.854292e-03,2.267851e-04,2.267851e-05,4.104000e-05,2.267851e-05,2.825381e-05,6.325381e-05,3.500000e-05,4.539904e-06,9.129617e-06
1.165000e-10,2.350488e+02,2.732519e-03,3.420000e-05,2.070008e+01,4.064612e-05,6.000817e-06,1.964348e+01,1.844784e-04,3.283497e-05,3.420000e-05,3.500000e-05,2.718446e-03,2.074713e-04,2.074713e-05,3.420000e-05,2.074713e-05,2.696748e-05,6.196748e-05,3.500000e-05,1.231701e-06,8.385380e-06
1.166000e-10,2.358916e+02,2.783739e-03,2.736000e-05,2.069454e+01,-7.353659e-05,5.083546e-06,1.969645e+01,1.650363e-04,3.310598e-05,2.736000e-05,3.500000e-05,2.655482e-03,1.889720e-04,1.889720e-05,2.736000e-05,1.889720e-05,2.450484e-05,5.950484e-05,3.500000e-05,-2.228382e-06,7.501651e-06
1.167000e-10,2.367320e+02,2.761849e-03,2.052000e-05,2.065442e+01,-1.889066e-04,5.372633e-06,1.974266e+01,1.409579e-04,3.258624e-05,2.052000e-05,3.500000e-05,2.518223e-03,1.687839e-04,1.687839e-05,2.052000e-05,1.687839e-05,2.087181e-05,5.587181e-05,3.500000e-05,-5.724442e-06,6.407179e-06
1.168000e-10,2.375900e+02,2.852440e-03,1.368000e-05,2.057990e+01,-3.019005e-04,6.691866e-06,1.978065e+01,1.114842e-04,3.155815e-05,1.368000e-05,3.500000e-05,2.495819e-03,1.451102e-04,1.451102e-05,1.368000e-05,1.451102e-05,1.613663e-05,5.113663e-05,3.500000e-05,-9.148500e-06,5.067462e-06
1.169000e-10,2.384346e+02,2.757614e-03,6.840000e-06,2.047222e+01,-4.089324e-04,8.812444e-06,1.980881e+01,7.654823e-05,3.025095e-05,6.840000e-06,3.500000e-05,2.293962e-03,1.168904e-04,1.168904e-05,6.840000e-06,1.168904e-05,1.041945e-05,4.541945e-05,3.500000e-05,-1.239189e-05,3.479465e-06
1.170000e-10,2.392563e+02,2.666520e-03,0.000000e+00,2.033379e+01,-5.061696e-04,1.145236e-05,1.982563e+01,3.664831e-05,2.884535e-05,0.000000e+00,3.500000e-05,2.105630e-03,8.374931e-05,8.374931e-06,0.000000e+00,8.374931e-06,3.886115e-06,3.888611e-05,3.500000e-05,-1.533847e-05,1.665832e-06
1.171000e-10,2.400426e+02,2.529559e-03,0.000000e+00,2.017154e+01,-5.731577e-04,2.048625e-05,1.982980e+01,-7.047044e-06,2.760437e-05,0.000000e+00,3.500000e-05,1.983761e-03,4.598112e-05,4.598112e-06,0.000000e+00,4.598112e-06,-3.117840e-06,3.188216e-05,3.500000e-05,-1.736841e-05,-3.203202e-07
1.172000e-10,2.407876e+02,2.384076e-03,0.000000e+00,1.999526e+01,-6.032784e-04,2.842775e-05,1.982053e+01,-5.266098e-05,2.679124e-05,0.000000e+00,3.500000e-05,1.780797e-03,4.558517e-06,4.558517e-07,0.000000e+00,4.558517e-07,-1.014659e-05,2.485341e-05,3.500000e-05,-1.828116e-05,-2.393681e-06
1.173000e-10,2.414985e+02,2.283669e-03,0.000000e+00,1.981579e+01,-5.958737e-04,3.479308e-05,1.979764e+01,-9.772399e-05,2.659508e-05,0.000000e+00,3.500000e-05,1.687796e-03,-3.889384e-05,-3.889384e-06,0.000000e+00,-3.889384e-06,-1.673630e-05,1.826370e-05,3.500000e-05,-1.805678e-05,-4.442000e-06
1.174000e-10,2.421939e+02,2.263024e-03,0.000000e+00,1.964375e+01,-5.539805e-04,3.925436e-05,1.976177e+01,-1.394193e-04,2.709091e-05,0.000000e+00,3.500000e-05,1.709044e-03,-8.220736e-05,-8.220736e-06,0.000000e+00,-8.220736e-06,-2.246707e-05,1.253293e-05,3.500000e-05,-1.678729e-05,-6.337242e-06
1.175000e-10,2.428961e+02,2.321705e-03,0.000000e+00,1.948845e+01,-4.835392e-04,4.166115e-05,1.971438e+01,-1.749084e-04,2.822877e-05,0.000000e+00,3.500000e-05,1.838166e-03,-1.228684e-04,-1.228684e-05,0.000000e+00,-1.228684e-05,-2.700845e-05,7.991548e-06,3.500000e-05,-1.465270e-05,-7.950380e-06
1.176000e-10,2.436205e+02,2.421067e-03,0.000000e+00,1.935714e+01,-3.926679e-04,4.204944e-05,1.965773e+01,-2.016842e-04,2.984596e-05,0.000000e+00,3.500000e-05,2.028399e-03,-1.582891e-04,-1.582891e-05,0.000000e+00,-1.582891e-05,-3.015041e-05,4.849590e-06,3.500000e-05,-1.189903e-05,-9.167462e-06
1.177000e-10,2.443681e+02,2.498274e-03,0.000000e+00,1.925449e+01,-2.906736e-04,4.062643e-05,1.959471e+01,-2.178995e-04,3.169771e-05,0.000000e+00,3.500000e-05,2.207600e-03,-1.861133e-04,-1.861133e-05,0.000000e+00,-1.861133e-05,-3.181814e-05,3.181861e-06,3.500000e-05,-8.808291e-06,-9.904524e-06
1.178000e-10,2.451238e+02,2.500328e-03,0.000000e+00,1.918241e+01,-1.869246e-04,3.773414e-05,1.952860e+01,-2.226172e-04,3.350036e-05,0.000000e+00,3.500000e-05,2.313403e-03,-2.045115e-04,-2.045115e-05,0.000000e+00,-2.045115e-05,-3.206976e-05,2.930236e-06,3.500000e-05,-5.664381e-06,-1.011897e-05
1.179000e-10,2.458651e+02,2.416304e-03,0.000000e+00,1.914019e+01,-8.981838e-05,3.380022e-05,1.946283e+01,-2.159384e-04,3.497875e-05,0.000000e+00,3.500000e-05,2.326486e-03,-2.124182e-04,-2.124182e-05,0.000000e+00,-2.124182e-05,-3.107845e-05,3.921553e-06,3.500000e-05,-2.721769e-06,-9.815380e-06
1.180000e-10,2.465740e+02,2.279562e-03,0.000000e+00,1.912489e+01,-6.017388e-06,2.928527e-05,1.940059e+01,-1.989852e-04,3.590882e-05,0.000000e+00,3.500000e-05,2.273545e-03,-2.096697e-04,-2.096697e-05,0.000000e+00,-2.096697e-05,-2.910293e-05,5.897071e-06,3.500000e-05,-1.823451e-07,-9.044780e-06
1.181000e-10,2.472446e+02,2.143931e-03,0.000000e+00,1.913195e+01,5.998418e-05,2.463416e-05,1.934465e+01,-1.737430e-04,3.614782e-05,0.000000e+00,3.500000e-05,2.203915e-03,-1.970228e-04,-1.970228e-05,0.000000e+00,-1.970228e-05,-2.645186e-05,8.548137e-06,3.500000e-05,1.817703e-06,-7.897410e-06
1.182000e-10,2.478849e+02,2.057352e-03,0.000000e+00,1.915576e+01,1.059749e-04,2.023603e-05,1.929708e+01,-1.427934e-04,3.564815e-05,0.000000e+00,3.500000e-05,2.163327e-03,-1.760493e-04,-1.760493e-05,0.000000e+00,-1.760493e-05,-2.344739e-05,1.155261e-05,3.500000e-05,3.211361e-06,-6.490608e-06
1.183000e-10,2.485128e+02,2.045973e-03,0.000000e+00,1.919042e+01,1.318752e-04,1.639628e-05,1.925915e+01,-1.089887e-04,3.445463e-05,0.000000e+00,3.500000e-05,2.177848e-03,-1.489310e-04,-1.489310e-05,0.000000e+00,-1.489310e-05,-2.039250e-05,1.460750e-05,3.500000e-05,3.996218e-06,-4.954030e-06
1.184000e-10,2.491490e+02,2.107435e-03,0.000000e+00,1.923021e+01,1.393886e-04,1.332154e-05,1.923128e+01,-7.512488e-05,3.268838e-05,0.000000e+00,3.500000e-05,2.246823e-03,-1.181905e-04,-1.181905e-05,0.000000e+00,-1.181905e-05,-1.754544e-05,1.745456e-05,3.500000e-05,4.223896e-06,-3.414767e-06
1.185000e-10,2.498087e+02,2.209882e-03,0.000000e+00,1.927011e+01,1.315292e-04,1.111717e-05,1.921315e+01,-4.366028e-05,3.052212e-05,0.000000e+00,3.500000e-05,2.341411e-03,-8.640462e-05,-8.640462e-06,0.000000e+00,-8.640462e-06,-1.510290e-05,1.989710e-05,3.500000e-05,3.985735e-06,-1.984558e-06
1.186000e-10,2.504946e+02,2.300377e-03,0.000000e+00,1.930612e+01,1.121010e-04,9.795281e-06,1.920376e+01,-1.651190e-05,2.815235e-05,0.000000e+00,3.500000e-05,2.412478e-03,-5.594086e-05,-5.594086e-06,0.000000e+00,-5.594086e-06,-1.319228e-05,2.180772e-05,3.500000e-05,3.397000e-06,-7.505409e-07
1.187000e-10,2.511948e+02,2.328189e-03,0.000000e+00,1.933538e+01,8.519649e-05,9.290483e-06,1.920166e+01,5.055711e-06,2.577309e-05,0.000000e+00,3.500000e-05,2.413386e-03,-2.875093e-05,-2.875093e-06,0.000000e+00,-2.875093e-06,-1.187219e-05,2.312781e-05,3.500000e-05,2.581712e-06,2.298050e-07
1.188000e-10,2.518886e+02,2.272402e-03,0.000000e+00,1.935623e+01,5.476872e-05,9.479953e-06,1.920510e+01,2.045209e-05,2.355457e-05,0.000000e+00,3.500000e-05,2.327171e-03,-6.238226e-06,-6.238226e-07,0.000000e+00,-6.238226e-07,-1.113961e-05,2.386039e-05,3.500000e-05,1.659658e-06,9.296404e-07
1.189000e-10,2.525556e+02,2.151148e-03,0.000000e+00,1.936810e+01,2.430567e-05,1.020493e-05,1.921226e+01,2.970686e-05,2.162867e-05,0.000000e+00,3.500000e-05,2.175453e-03,1.079553e-05,1.079553e-06,0.000000e+00,1.079553e-06,-1.094146e-05,2.405854e-05,3.500000e-05,7.365353e-07,1.350312e-06
1.190000e-10,2.531845e+02,2.007365e-03,0.000000e+00,1.937138e+01,-3.383284e-06,1.129119e-05,1.922141e+01,3.336107e-05,2.008173e-05,0.000000e+00,3.500000e-05,2.003981e-03,2.213189e-05,2.213189e-06,0.000000e+00,2.213189e-06,-1.118866e-05,2.381134e-05,3.500000e-05,-1.025238e-07,1.516412e-06
1.191000e-10,2.537764e+02,1.886880e-03,0.000000e+00,1.936714e+01,-2.627605e-05,1.256691e-05,1.923101e+01,3.232710e-05,1.895386e-05,0.000000e+00,3.500000e-05,1.860604e-03,2.806059e-05,2.806059e-06,0.000000e+00,2.806059e-06,-1.177067e-05,2.322933e-05,3.500000e-05,-7.962439e-07,1.469414e-06
1.192000e-10,2.543430e+02,1.823035e-03,0.000000e+00,1.935699e+01,-4.315760e-05,1.387687e-05,1.923983e+01,2.773884e-05,1.824339e-05,0.000000e+00,3.500000e-05,1.779878e-03,2.926685e-05,2.926685e-06,0.000000e+00,2.926685e-06,-1.256907e-05,2.243093e-05,3.500000e-05,-1.307806e-06,1.260856e-06
1.193000e-10,2.549026e+02,1.830123e-03,0.000000e+00,1.934276e+01,-5.356963e-05,1.509262e-05,1.924698e+01,2.080976e-05,1.791475e-05,0.000000e+00,3.500000e-05,1.776553e-03,2.670054e-05,2.670054e-06,0.000000e+00,2.670054e-06,-1.346930e-05,2.153070e-05,3.500000e-05,-1.623322e-06,9.458981e-07
1.194000e-10,2.554742e+02,1.901279e-03,0.000000e+00,1.932632e+01,-5.770868e-05,1.611847e-05,1.925194e+01,1.271169e-05,1.790802e-05,0.000000e+00,3.500000e-05,1.843571e-03,2.144456e-05,2.144456e-06,0.000000e+00,2.144456e-06,-1.436972e-05,2.063028e-05,3.500000e-05,-1.748748e-06,5.778043e-07
1.195000e-10,2.560716e+02,2.008237e-03,0.000000e+00,1.930944e+01,-5.628993e-05,1.689370e-05,1.925450e+01,4.481268e-06,1.814878e-05,0.000000e+00,3.500000e-05,1.951947e-03,1.459580e-05,1.459580e-06,0.000000e+00,1.459580e-06,-1.518794e-05,1.981206e-05,3.500000e-05,-1.705755e-06,2.036940e-07
1.196000e-10,2.566974e+02,2.106412e-03,0.000000e+00,1.929360e+01,-5.039263e-05,1.739139e-05,1.925474e+01,-3.043226e-06,1.855722e-05,0.000000e+00,3.500000e-05,2.056019e-03,7.167597e-06,7.167597e-07,0.000000e+00,7.167597e-07,-1.586435e-05,1.913565e-05,3.500000e-05,-1.527049e-06,-1.383285e-07
1.197000e-10,2.573417e+02,2.150716e-03,0.000000e+00,1.927996e+01,-4.130178e-05,1.761458e-05,1.925294e+01,-9.255448e-06,1.905585e-05,0.000000e+00,3.500000e-05,2.109415e-03,1.839137e-08,1.839137e-09,0.000000e+00,1.839137e-09,-1.636301e-05,1.863699e-05,3.500000e-05,-1.251569e-06,-4.207022e-07
1.198000e-10,2.579853e+02,2.117112e-03,0.000000e+00,1.926926e+01,-3.035933e-05,1.759048e-05,1.924955e+01,-1.378836e-05,1.957547e-05,0.000000e+00,3.500000e-05,2.086753e-03,-6.192346e-06,-6.192346e-07,0.000000e+00,-6.192346e-07,-1.667050e-05,1.832950e-05,3.500000e-05,-9.199798e-07,-6.267434e-07
1.199000e-10,2.586077e+02,2.013610e-03,0.000000e+00,1.926188e+01,-1.883579e-05,1.736370e-05,1.924508e+01,-1.649993e-05,2.005934e-05,0.000000e+00,3.500000e-05,1.994774e-03,-1.102263e-05,-1.102263e-06,0.000000e+00,-1.102263e-06,-1.679292e-05,1.820708e-05,3.500000e-05,-5.707815e-07,-7.499969e-07
1.200000e-10,2.591946e+02,1.872733e-03,0.000000e+00,1.925783e+01,-7.830011e-06,1.698904e-05,1.924005e+01,-1.744259e-05,2.046551e-05,0.000000e+00,3.500000e-05,1.864903e-03,-1.424434e-05,-1.424434e-06,0.000000e+00,-1.424434e-06,-1.675177e-05,1.824823e-05,3.500000e-05,-2.372730e-07,-7.928449e-07
1.201000e-10,2.597416e+02,1.734548e-03,0.000000e+00,1.925685e+01,1.798344e-06,1.652482e-05,1.923497e+01,-1.682178e-05,2.076751e-05,0.000000e+00,3.500000e-05,1.736346e-03,-1.582203e-05,-1.582203e-06,0.000000e+00,-1.582203e-06,-1.657932e-05,1.842068e-05,3.500000e-05,5.449528e-08,-7.646263e-07
1.202000e-10,2.602546e+02,1.632719e-03,0.000000e+00,1.925844e+01,9.463179e-06,1.602695e-05,1.923025e+01,-1.494913e-05,2.095372e-05,0.000000e+00,3.500000e-05,1.642182e-03,-1.587923e-05,-1.587923e-06,0.000000e+00,-1.587923e-06,-1.631371e-05,1.868629e-05,3.500000e-05,2.867630e-07,-6.795057e-07
1.203000e-10,2.607473e+02,1.588107e-03,0.000000e+00,1.926198e+01,1.485556e-05,1.554440e-05,1.922621e+01,-1.219494e-05,2.102549e-05,0.000000e+00,3.500000e-05,1.602963e-03,-1.465744e-05,-1.465744e-06,0.000000e+00,-1.465744e-06,-1.599457e-05,1.900543e-05,3.500000e-05,4.501686e-07,-5.543154e-07
1.204000e-10,2.612372e+02,1.607466e-03,0.000000e+00,1.926679e+01,1.792165e-05,1.511607e-05,1.922305e+01,-8.944226e-06,2.099464e-05,0.000000e+00,3.500000e-05,1.625388e-03,-1.247234e-05,-1.247234e-06,0.000000e+00,-1.247234e-06,-1.565915e-05,1.934085e-05,3.500000e-05,5.430803e-07,-4.065557e-07
1.205000e-10,2.617415e+02,1.683224e-03,0.000000e+00,1.927220e+01,1.882151e-05,1.476915e-05,1.922087e+01,-5.559382e-06,2.088038e-05,0.000000e+00,3.500000e-05,1.702045e-03,-9.671735e-06,-9.671735e-07,0.000000e+00,-9.671735e-07,-1.533950e-05,1.966050e-05,3.500000e-05,5.703487e-07,-2.526992e-07
1.206000e-10,2.622727e+02,1.792916e-03,0.000000e+00,1.927763e+01,1.787613e-05,1.451880e-05,1.921966e+01,-2.351635e-06,2.070622e-05,0.000000e+00,3.500000e-05,1.810792e-03,-6.598289e-06,-6.598289e-07,0.000000e+00,-6.598289e-07,-1.506050e-05,1.993950e-05,3.500000e-05,5.417010e-07,-1.068925e-07
1.207000e-10,2.628349e+02,1.901017e-03,0.000000e+00,1.928258e+01,1.550972e-05,1.436902e-05,1.921935e+01,4.377494e-07,2.049705e-05,0.000000e+00,3.500000e-05,1.916527e-03,-3.559548e-06,-3.559548e-07,0.000000e+00,-3.559548e-07,-1.483901e-05,2.016099e-05,3.500000e-05,4.699914e-07,1.989770e-08
1.208000e-10,2.634210e+02,1.968014e-03,0.000000e+00,1.928670e+01,1.219330e-05,1.431430e-05,1.921978e+01,2.646570e-06,2.027657e-05,0.000000e+00,3.500000e-05,1.980207e-03,-8.065760e-07,-8.065760e-08,0.000000e+00,-8.065760e-08,-1.468379e-05,2.031621e-05,3.500000e-05,3.694939e-07,1.202986e-07
1.209000e-10,2.640146e+02,1.966240e-03,0.000000e+00,1.928977e+01,8.394712e-06,1.434184e-05,1.922078e+01,4.192020e-06,2.006538e-05,0.000000e+00,3.500000e-05,1.974635e-03,1.478459e-06,1.478459e-07,0.000000e+00,1.478459e-07,-1.459622e-05,2.040378e-05,3.500000e-05,2.543852e-07,1.905464e-07
1.210000e-10,2.645958e+02,1.892327e-03,0.000000e+00,1.929172e+01,4.538080e-06,1.443400e-05,1.922213e+01,5.063821e-06,1.987968e-05,0.000000e+00,3.500000e-05,1.896866e-03,3.186254e-06,3.186254e-07,0.000000e+00,3.186254e-07,-1.457152e-05,2.042848e-05,3.500000e-05,1.375176e-07,2.301737e-07
1.211000e-10,2.651474e+02,1.766592e-03,0.000000e+00,1.929256e+01,9.746787e-07,1.457072e-05,1.922366e+01,5.312084e-06,1.973058e-05,0.000000e+00,3.500000e-05,1.767567e-03,4.277068e-06,4.277068e-07,0.000000e+00,4.277068e-07,-1.460026e-05,2.039974e-05,3.500000e-05,2.953572e-08,2.414584e-07
1.212000e-10,2.656598e+02,1.621574e-03,0.000000e+00,1.929243e+01,-2.034419e-06,1.473173e-05,1.922519e+01,5.031999e-06,1.962401e-05,0.000000e+00,3.500000e-05,1.619539e-03,4.771793e-06,4.771793e-07,0.000000e+00,4.771793e-07,-1.467008e-05,2.032992e-05,3.500000e-05,-6.164907e-08,2.287272e-07
1.213000e-10,2.661322e+02,1.489314e-03,0.000000e+00,1.929151e+01,-4.324631e-06,1.489833e-05,1.922658e+01,4.347306e-06,1.956119e-05,0.000000e+00,3.500000e-05,1.484990e-03,4.739216e-06,4.739216e-07,0.000000e+00,4.739216e-07,-1.476728e-05,2.023272e-05,3.500000e-05,-1.310494e-07,1.976048e-07
1.214000e-10,2.665721e+02,1.393845e-03,0.000000e+00,1.929003e+01,-5.824589e-06,1.505478e-05,1.922773e+01,3.394257e-06,1.953930e-05,0.000000e+00,3.500000e-05,1.388020e-03,4.281347e-06,4.281347e-07,0.000000e+00,4.281347e-07,-1.487828e-05,2.012172e-05,3.500000e-05,-1.765027e-07,1.542844e-07
1.215000e-10,2.669920e+02,1.349236e-03,0.000000e+00,1.928821e+01,-6.545357e-06,1.518909e-05,1.922858e+01,2.307418e-06,1.955252e-05,0.000000e+00,3.500000e-05,1.342690e-03,3.518469e-06,3.518469e-07,0.000000e+00,3.518469e-07,-1.499075e-05,2.000925e-05,3.500000e-05,-1.983442e-07,1.048826e-07
1.216000e-10,2.674075e+02,1.360355e-03,0.000000e+00,1.928627e+01,-6.564451e-06,1.529342e-05,1.922911e+01,1.208223e-06,1.959305e-05,0.000000e+00,3.500000e-05,1.353791e-03,2.575299e-06,2.575299e-07,0.000000e+00,2.575299e-07,-1.509450e-05,1.990550e-05,3.500000e-05,-1.989227e-07,5.491921e-08
1.217000e-10,2.678344e+02,1.423518e-03,0.000000e+00,1.928441e+01,-6.006962e-06,1.536400e-05,1.922933e+01,1.967676e-07,1.965216e-05,0.000000e+00,3.500000e-05,1.417511e-03,1.569289e-06,1.569289e-07,0.000000e+00,1.569289e-07,-1.518197e-05,1.981803e-05,3.500000e-05,-1.820292e-07,8.943983e-09
1.218000e-10,2.682858e+02,1.525802e-03,0.000000e+00,1.928277e+01,-5.025969e-06,1.540071e-05,1.922927e+01,-6.530197e-07,1.972110e-05,0.000000e+00,3.500000e-05,1.520776e-03,6.016947e-07,6.016947e-08,0.000000e+00,6.016947e-08,-1.524841e-05,1.975159e-05,3.500000e-05,-1.523021e-07,-2.968271e-08
1.219000e-10,2.687693e+02,1.644074e-03,0.000000e+00,1.928145e+01,-3.784031e-06,1.540644e-05,1.922898e+01,-1.295050e-06,1.979192e-05,0.000000e+00,3.500000e-05,1.640290e-03,-2.482995e-07,-2.482995e-08,0.000000e+00,-2.482995e-08,-1.529177e-05,1.970823e-05,3.500000e-05,-1.146676e-07,-5.886589e-08
1.220000e-10,2.692843e+02,1.746980e-03,0.000000e+00,1.928052e+01,-2.437199e-06,1.538628e-05,1.922854e+01,-1.710004e-06,1.985795e-05,0.000000e+00,3.500000e-05,1.744543e-03,-9.264620e-07,-9.264620e-08,0.000000e+00,-9.264620e-08,-1.531243e-05,1.968757e-05,3.500000e-05,-7.385451e-08,-7.772748e-08
1.221000e-10,2.698213e+02,1.803008e-03,0.000000e+00,1.927998e+01,-1.122485e-06,1.534668e-05,1.922801e+01,-1.902134e-06,1.991416e-05,0.000000e+00,3.500000e-05,1.801885e-03,-1.403686e-06,-1.403686e-07,0.000000e+00,-1.403686e-07,-1.531267e-05,1.968733e-05,3.500000e-05,-3.401471e-08,-8.646062e-08
1.222000e-10,2.703633e+02,1.792551e-03,0.000000e+00,1.927982e+01,5.073288e-08,1.529462e-05,1.922745e+01,-1.894574e-06,1.995735e-05,0.000000e+00,3.500000e-05,1.792602e-03,-1.673940e-06,-1.673940e-07,0.000000e+00,-1.673940e-07,-1.529616e-05,1.970384e-05,3.500000e-05,1.537360e-09,-8.611702e-08
1.223000e-10,2.708916e+02,1.715958e-03,0.000000e+00,1.927996e+01,1.005326e-06,1.523693e-05,1.922691e+01,-1.723873e-06,1.998602e-05,0.000000e+00,3.500000e-05,1.716964e-03,-1.750571e-06,-1.750571e-07,0.000000e+00,-1.750571e-07,-1.526739e-05,1.973261e-05,3.500000e-05,3.046443e-08,-7.835788e-08
1.224000e-10,2.713901e+02,1.591642e-03,0.000000e+00,1.928036e+01,1.697349e-06,1.517967e-05,1.922644e+01,-1.434332e-06,2.000025e-05,0.000000e+00,3.500000e-05,1.593339e-03,-1.661596e-06,-1.661596e-07,0.000000e+00,-1.661596e-07,-1.523111e-05,1.976889e-05,3.500000e-05,5.143483e-08,-6.519691e-08
1.225000e-10,2.718494e+02,1.446838e-03,0.000000e+00,1.928092e+01,2.113885e-06,1.512779e-05,1.922607e+01,-1.072698e-06,2.000137e-05,0.000000e+00,3.500000e-05,1.448952e-03,-1.444556e-06,-1.444556e-07,0.000000e+00,-1.444556e-07,-1.519184e-05,1.980816e-05,3.500000e-05,6.405714e-08,-4.875900e-08
1.226000e-10,2.722674e+02,1.307965e-03,0.000000e+00,1.928156e+01,2.268548e-06,1.508485e-05,1.922581e+01,-6.836066e-07,1.999163e-05,0.000000e+00,3.500000e-05,1.310234e-03,-1.141483e-06,-1.141483e-07,0.000000e+00,-1.141483e-07,-1.515359e-05,1.984641e-05,3.500000e-05,6.874389e-08,-3.107303e-08
1.227000e-10,2.726489e+02,1.195095e-03,0.000000e+00,1.928222e+01,2.195464e-06,1.505298e-05,1.922566e+01,-3.060361e-07,1.997384e-05,0.000000e+00,3.500000e-05,1.197291e-03,-7.943798e-07,-7.943798e-08,0.000000e+00,-7.943798e-08,-1.511951e-05,1.988049e-05,3.500000e-05,6.652921e-08,-1.391073e-08
1.228000e-10,2.730031e+02,1.120780e-03,0.000000e+00,1.928283e+01,1.942543e-06,1.503298e-05,1.922561e+01,2.909725e-08,1.995099e-05,0.000000e+00,3.500000e-05,1.122723e-03,-4.415281e-07,-4.415281e-08,0.000000e+00,-4.415281e-08,-1.509184e-05,1.990816e-05,3.500000e-05,5.886493e-08,1.322602e-09
1.229000e-10,2.733422e+02,1.091270e-03,0.000000e+00,1.928336e+01,1.564762e-06,1.502442e-05,1.922566e+01,3.001966e-07,1.992600e-05,0.000000e+00,3.500000e-05,1.092835e-03,-1.147946e-07,-1.147946e-08,0.000000e+00,-1.147946e-08,-1.507184e-05,1.992816e-05,3.500000e-05,4.741703e-08,1.364530e-08
1.230000e-10,2.736797e+02,1.108055e-03,0.000000e+00,1.928376e+01,1.118051e-06,1.502598e-05,1.922578e+01,4.951938e-07,1.990143e-05,0.000000e+00,3.500000e-05,1.109173e-03,1.620097e-07,1.620097e-08,0.000000e+00,1.620097e-08,-1.505986e-05,1.994014e-05,3.500000e-05,3.388034e-08,2.250881e-08
1.231000e-10,2.740289e+02,1.168496e-03,0.000000e+00,1.928402e+01,6.542093e-07,1.503567e-05,1.922594e+01,6.108820e-07,1.987936e-05,0.000000e+00,3.500000e-05,1.169151e-03,3.737632e-07,3.737632e-08,0.000000e+00,3.737632e-08,-1.505550e-05,1.994450e-05,3.500000e-05,1.982452e-08,2.776736e-08
1.232000e-10,2.744015e+02,1.265113e-03,0.000000e+00,1.928416e+01,2.171087e-07,1.505117e-05,1.922612e+01,6.515888e-07,1.986126e-05,0.000000e+00,3.500000e-05,1.265330e-03,5.137868e-07,5.137868e-08,0.000000e+00,5.137868e-08,-1.505775e-05,1.994225e-05,3.500000e-05,6.579051e-09,2.961767e-08
1.233000e-10,2.748061e+02,1.383982e-03,0.000000e+00,1.928417e+01,-1.597113e-07,1.507005e-05,1.922631e+01,6.274285e-07,1.984798e-05,0.000000e+00,3.500000e-05,1.383822e-03,5.828997e-07,5.828997e-08,0.000000e+00,5.828997e-08,-1.506521e-05,1.993479e-05,3.500000e-05,-4.839737e-09,2.851948e-08
1.234000e-10,2.752456e+02,1.503843e-03,0.000000e+00,1.928408e+01,-4.541074e-07,1.509003e-05,1.922649e+01,5.523629e-07,1.983982e-05,0.000000e+00,3.500000e-05,1.503389e-03,5.879864e-07,5.879864e-08,0.000000e+00,5.879864e-08,-1.507627e-05,1.992373e-05,3.500000e-05,-1.376083e-08,2.510740e-08
1.235000e-10,2.757159e+02,1.598432e-03,0.000000e+00,1.928392e+01,-6.552017e-07,1.510917e-05,1.922664e+01,4.422767e-07,1.983655e-05,0.000000e+00,3.500000e-05,1.597777e-03,5.402917e-07,5.402917e-08,0.000000e+00,5.402917e-08,-1.508932e-05,1.991068e-05,3.500000e-05,-1.985460e-08,2.010349e-08
1.236000e-10,2.762056e+02,1.643473e-03,0.000000e+00,1.928371e+01,-7.622871e-07,1.512594e-05,1.922675e+01,3.132341e-07,1.983756e-05,0.000000e+00,3.500000e-05,1.642711e-03,4.536415e-07,4.536415e-08,0.000000e+00,4.536415e-08,-1.510284e-05,1.989716e-05,3.500000e-05,-2.309961e-08,1.423791e-08
1.237000e-10,2.766981e+02,1.625647e-03,0.000000e+00,1.928348e+01,-7.830394e-07,1.513928e-05,1.922682e+01,1.800366e-07,1.984199e-05,0.000000e+00,3.500000e-05,1.624864e-03,3.427606e-07,3.427606e-08,0.000000e+00,3.427606e-08,-1.511555e-05,1.988445e-05,3.500000e-05,-2.372847e-08,8.183484e-09
1.238000e-10,2.771758e+02,1.547589e-03,0.000000e+00,1.928326e+01,-7.313198e-07,1.514866e-05,1.922686e+01,5.515465e-08,1.984882e-05,0.000000e+00,3.500000e-05,1.546858e-03,2.218178e-07,2.218178e-08,0.000000e+00,2.218178e-08,-1.512650e-05,1.987350e-05,3.500000e-05,-2.216121e-08,2.507030e-09
1.239000e-10,2.776238e+02,1.425527e-03,0.000000e+00,1.928305e+01,-6.248341e-07,1.515396e-05,1.922686e+01,-5.194290e-08,1.985701e-05,0.000000e+00,3.500000e-05,1.424902e-03,1.032840e-07,1.032840e-08,0.000000e+00,1.032840e-08,-1.513503e-05,1.986497e-05,3.500000e-05,-1.893437e-08,-2.361041e-09
1.240000e-10,2.780328e+02,1.281971e-03,0.000000e+00,1.928289e+01,-4.828790e-07,1.515547e-05,1.922683e+01,-1.350730e-07,1.986559e-05,0.000000e+00,3.500000e-05,1.281488e-03,-2.853444e-09,-2.853444e-10,0.000000e+00,-2.853444e-10,-1.514084e-05,1.985916e-05,3.500000e-05,-1.463270e-08,-6.139680e-09
1.241000e-10,2.783997e+02,1.138434e-03,0.000000e+00,1.928277e+01,-3.243595e-07,1.515374e-05,1.922679e+01,-1.912832e-07,1.987374e-05,0.000000e+00,3.500000e-05,1.138109e-03,-8.951439e-08,-8.951439e-09,0.000000e+00,-8.951439e-09,-1.514391e-05,1.985609e-05,3.500000e-05,-9.829076e-09,-8.694689e-09
1.242000e-10,2.787269e+02,1.011277e-03,0.000000e+00,1.928270e+01,-1.661997e-07,1.514950e-05,1.922672e+01,-2.205231e-07,1.988082e-05,0.000000e+00,3.500000e-05,1.011111e-03,-1.526187e-07,-1.526187e-08,0.000000e+00,-1.526187e-08,-1.514447e-05,1.985553e-05,3.500000e-05,-5.036355e-09,-1.002378e-08
1.243000e-10,2.790205e+02,9.108782e-04,0.000000e+00,1.928267e+01,-2.221697e-08,1.514360e-05,1.922666e+01,-2.251209e-07,1.988640e-05,0.000000e+00,3.500000e-05,9.108559e-04,-1.908984e-07,-1.908984e-08,0.000000e+00,-1.908984e-08,-1.514292e-05,1.985708e-05,3.500000e-05,-6.732417e-10,-1.023277e-08
1.244000e-10,2.792891e+02,8.427523e-04,0.000000e+00,1.928268e+01,9.752712e-08,1.513684e-05,1.922659e+01,-2.091464e-07,1.989026e-05,0.000000e+00,3.500000e-05,8.428498e-04,-2.054972e-07,-2.054972e-08,0.000000e+00,-2.054972e-08,-1.513980e-05,1.986020e-05,3.500000e-05,2.955367e-09,-9.506653e-09
1.245000e-10,2.795425e+02,8.092331e-04,0.000000e+00,1.928272e+01,1.869277e-07,1.512998e-05,1.922654e+01,-1.777365e-07,1.989238e-05,0.000000e+00,3.500000e-05,8.094200e-04,-1.994313e-07,-1.994313e-08,0.000000e+00,-1.994313e-08,-1.513564e-05,1.986436e-05,3.500000e-05,5.664474e-09,-8.078932e-09
1.246000e-10,2.797912e+02,8.108357e-04,0.000000e+00,1.928278e+01,2.436534e-07,1.512364e-05,1.922649e+01,-1.364508e-07,1.989288e-05,0.000000e+00,3.500000e-05,8.110794e-04,-1.769843e-07,-1.769843e-08,0.000000e+00,-1.769843e-08,-1.513102e-05,1.986898e-05,3.500000e-05,7.383437e-09,-6.202308e-09
1.247000e-10,2.800457e+02,8.469411e-04,0.000000e+00,1.928286e+01,2.686657e-07,1.511827e-05,1.922646e+01,-9.070589e-08,1.989202e-05,0.000000e+00,3.500000e-05,8.472097e-04,-1.431002e-07,-1.431002e-08,0.000000e+00,-1.431002e-08,-1.512641e-05,1.987359e-05,3.500000e-05,8.141385e-09,-4.122995e-09
1.248000e-10,2.803160e+02,9.156897e-04,0.000000e+00,1.928294e+01,2.655353e-07,1.511418e-05,1.922644e+01,-4.532603e-08,1.989011e-05,0.000000e+00,3.500000e-05,9.159552e-04,-1.028293e-07,-1.028293e-08,0.000000e+00,-1.028293e-08,-1.512223e-05,1.987777e-05,3.500000e-05,8.046525e-09,-2.060274e-09
1.249000e-10,2.806114e+02,1.013080e-03,0.000000e+00,1.928301e+01,2.396547e-07,1.511149e-05,1.922643e+01,-4.226890e-09,1.988752e-05,0.000000e+00,3.500000e-05,1.013320e-03,-6.086528e-08,-6.086528e-09,0.000000e+00,-6.086528e-09,-1.511876e-05,1.988124e-05,3.500000e-05,7.262265e-09,-1.921314e-10
1.250000e-10,2.809390e+02,1.131432e-03,0.000000e+00,1.928307e+01,1.974333e-07,1.511019e-05,1.922643e+01,2.976309e-08,1.988460e-05,0.000000e+00,3.500000e-05,1.131629e-03,-2.119781e-08,-2.119781e-09,0.000000e+00,-2.119781e-09,-1.511617e-05,1.988383e-05,3.500000e-05,5.982828e-09,1.352868e-09
1.251000e-10,2.813030e+02,1.257818e-03,0.000000e+00,1.928313e+01,1.455497e-07,1.511012e-05,1.922644e+01,5.495353e-08,1.988166e-05,0.000000e+00,3.500000e-05,1.257963e-03,1.310990e-08,1.310990e-09,0.000000e+00,1.310990e-09,-1.511453e-05,1.988547e-05,3.500000e-05,4.410597e-09,2.497888e-09
1.252000e-10,2.817026e+02,1.373796e-03,0.000000e+00,1.928316e+01,9.031650e-08,1.511108e-05,1.922646e+01,7.073368e-08,1.987896e-05,0.000000e+00,3.500000e-05,1.373886e-03,4.002172e-08,4.002172e-09,0.000000e+00,4.002172e-09,-1.511382e-05,1.988618e-05,3.500000e-05,2.736864e-09,3.215167e-09
1.253000e-10,2.821312e+02,1.458084e-03,0.000000e+00,1.928318e+01,3.719259e-08,1.511280e-05,1.922648e+01,7.742988e-08,1.987670e-05,0.000000e+00,3.500000e-05,1.458121e-03,5.852074e-08,5.852074e-09,0.000000e+00,5.852074e-09,-1.511393e-05,1.988607e-05,3.500000e-05,1.127048e-09,3.519540e-09
1.254000e-10,2.825764e+02,1.492474e-03,0.000000e+00,1.928319e+01,-9.540906e-09,1.511498e-05,1.922651e+01,7.610651e-08,1.987500e-05,0.000000e+00,3.500000e-05,1.492465e-03,6.851333e-08,6.851333e-09,0.000000e+00,6.851333e-09,-1.511469e-05,1.988531e-05,3.500000e-05,-2.891184e-10,3.459387e-09
1.255000e-10,2.830222e+02,1.468359e-03,0.000000e+00,1.928318e+01,-4.694232e-08,1.511735e-05,1.922653e+01,6.833842e-08,1.987390e-05,0.000000e+00,3.500000e-05,1.468312e-03,7.066953e-08,7.066953e-09,0.000000e+00,7.066953e-09,-1.511593e-05,1.988407e-05,3.500000e-05,-1.422495e-09,3.106292e-09
1.256000e-10,2.834523e+02,1.389671e-03,0.000000e+00,1.928316e+01,-7.342418e-08,1.511967e-05,1.922655e+01,5.597989e-08,1.987339e-05,0.000000e+00,3.500000e-05,1.389598e-03,6.622547e-08,6.622547e-09,0.000000e+00,6.622547e-09,-1.511745e-05,1.988255e-05,3.500000e-05,-2.224975e-09,2.544541e-09
1.257000e-10,2.838531e+02,1.270474e-03,0.000000e+00,1.928314e+01,-8.864634e-08,1.512174e-05,1.922656e+01,4.095100e-08,1.987341e-05,0.000000e+00,3.500000e-05,1.270385e-03,5.677188e-08,5.677188e-09,0.000000e+00,5.677188e-09,-1.511906e-05,1.988094e-05,3.500000e-05,-2.686253e-09,1.861409e-09
1.258000e-10,2.842154e+02,1.129242e-03,0.000000e+00,1.928311e+01,-9.331910e-08,1.512343e-05,1.922657e+01,2.505712e-08,1.987385e-05,0.000000e+00,3.500000e-05,1.129148e-03,4.405005e-08,4.405005e-09,0.000000e+00,4.405005e-09,-1.512060e-05,1.987940e-05,3.500000e-05,-2.827851e-09,1.138960e-09
1.259000e-10,2.845354e+02,9.833672e-04,0.000000e+00,1.928308e+01,-8.894986e-08,1.512466e-05,1.922658e+01,9.851276e-09,1.987462e-05,0.000000e+00,3.500000e-05,9.832783e-04,2.977152e-08,2.977152e-09,0.000000e+00,2.977152e-09,-1.512196e-05,1.987804e-05,3.500000e-05,-2.695450e-09,4.477853e-10
1.260000e-10,2.848134e+02,8.459941e-04,0.000000e+00,1.928306e+01,-7.756589e-08,1.512539e-05,1.922658e+01,-3.456304e-09,1.987557e-05,0.000000e+00,3.500000e-05,8.459166e-04,1.547329e-08,1.547329e-09,0.000000e+00,1.547329e-09,-1.512304e-05,1.987696e-05,3.500000e-05,-2.350482e-09,-1.571047e-10
1.261000e-10,2.850530e+02,7.253214e-04,0.000000e+00,1.928304e+01,-6.144180e-08,1.512567e-05,1.922658e+01,-1.404213e-08,1.987659e-05,0.000000e+00,3.500000e-05,7.252599e-04,2.414588e-09,2.414588e-10,0.000000e+00,2.414588e-10,-1.512381e-05,1.987619e-05,3.500000e-05,-1.861873e-09,-6.382786e-10
1.262000e-10,2.852596e+02,6.254283e-04,0.000000e+00,1.928302e+01,-4.285489e-08,1.512555e-05,1.922657e+01,-2.147142e-08,1.987758e-05,0.000000e+00,3.500000e-05,6.253854e-04,-8.483163e-09,-8.483163e-10,0.000000e+00,-8.483163e-10,-1.512425e-05,1.987575e-05,3.500000e-05,-1.298633e-09,-9.759734e-10
1.263000e-10,2.854394e+02,5.476215e-04,0.000000e+00,1.928301e+01,-2.388472e-08,1.512510e-05,1.922656e+01,-2.566559e-08,1.987845e-05,0.000000e+00,3.500000e-05,5.475977e-04,-1.665582e-08,-1.665582e-09,0.000000e+00,-1.665582e-09,-1.512438e-05,1.987562e-05,3.500000e-05,-7.237794e-10,-1.166618e-09
1.264000e-10,2.855989e+02,4.916858e-04,0.000000e+00,1.928301e+01,-6.266465e-09,1.512444e-05,1.922656e+01,-2.684442e-08,1.987916e-05,0.000000e+00,3.500000e-05,4.916796e-04,-2.188109e-08,-2.188109e-09,0.000000e+00,-2.188109e-09,-1.512425e-05,1.987575e-05,3.500000e-05,-1.898929e-10,-1.220201e-09
1.265000e-10,2.857446e+02,4.568062e-04,0.000000e+00,1.928301e+01,8.698833e-09,1.512365e-05,1.922655e+01,-2.545249e-08,1.987967e-05,0.000000e+00,3.500000e-05,4.568149e-04,-2.423589e-08,-2.423589e-09,0.000000e+00,-2.423589e-09,-1.512391e-05,1.987609e-05,3.500000e-05,2.636010e-10,-1.156931e-09
1.266000e-10,2.858827e+02,4.421507e-04,0.000000e+00,1.928301e+01,2.017957e-08,1.512283e-05,1.922654e+01,-2.207927e-08,1.987997e-05,0.000000e+00,3.500000e-05,4.421709e-04,-2.403522e-08,-2.403522e-09,0.000000e+00,-2.403522e-09,-1.512344e-05,1.987656e-05,3.500000e-05,6.115021e-10,-1.003603e-09
1.267000e-10,2.860194e+02,4.471846e-04,0.000000e+00,1.928302e+01,2.780126e-08,1.512205e-05,1.922653e+01,-1.738106e-08,1.988007e-05,0.000000e+00,3.500000e-05,4.472124e-04,-2.176117e-08,-2.176117e-09,0.000000e+00,-2.176117e-09,-1.512290e-05,1.987710e-05,3.500000e-05,8.424623e-10,-7.900483e-10
1.268000e-10,2.861605e+02,4.717848e-04,0.000000e+00,1.928303e+01,3.159631e-08,1.512139e-05,1.922653e+01,-1.201117e-08,1.988000e-05,0.000000e+00,3.500000e-05,4.718164e-04,-1.799026e-08,-1.799026e-09,0.000000e+00,-1.799026e-09,-1.512234e-05,1.987766e-05,3.500000e-05,9.574638e-10,-5.459625e-10
1.269000e-10,2.863121e+02,5.161905e-04,0.000000e+00,1.928304e+01,3.192721e-08,1.512086e-05,1.922653e+01,-6.563144e-09,1.987980e-05,0.000000e+00,3.500000e-05,5.162224e-04,-1.332563e-08,-1.332563e-09,0.000000e+00,-1.332563e-09,-1.512183e-05,1.987817e-05,3.500000e-05,9.674912e-10,-2.983247e-10
1.270000e-10,2.864803e+02,5.807783e-04,0.000000e+00,1.928305e+01,2.939470e-08,1.512051e-05,1.922653e+01,-1.529471e-09,1.987951e-05,0.000000e+00,3.500000e-05,5.808077e-04,-8.339268e-09,-8.339268e-10,0.000000e+00,-8.339268e-10,-1.512140e-05,1.987860e-05,3.500000e-05,8.907485e-10,-6.952139e-11
1.271000e-10,2.866711e+02,6.656055e-04,0.000000e+00,1.928305e+01,2.474171e-08,1.512031e-05,1.922653e+01,2.723252e-09,1.987916e-05,0.000000e+00,3.500000e-05,6.656303e-04,-3.527406e-09,-3.527406e-10,0.000000e+00,-3.527406e-10,-1.512106e-05,1.987894e-05,3.500000e-05,7.497488e-10,1.237842e-10
1.272000e-10,2.868907e+02,7.696407e-04,0.000000e+00,1.928306e+01,1.876227e-08,1.512028e-05,1.922653e+01,5.963638e-09,1.987881e-05,0.000000e+00,3.500000e-05,7.696595e-04,7.192318e-10,7.192318e-11,0.000000e+00,7.192318e-11,-1.512084e-05,1.987916e-05,3.500000e-05,5.685538e-10,2.710744e-10
1.273000e-10,2.871441e+02,8.896362e-04,0.000000e+00,1.928306e+01,1.222253e-08,1.512037e-05,1.922653e+01,8.091243e-09,1.987848e-05,0.000000e+00,3.500000e-05,8.896484e-04,4.130578e-09,4.130578e-10,0.000000e+00,4.130578e-10,-1.512074e-05,1.987926e-05,3.500000e-05,3.703797e-10,3.677838e-10
1.274000e-10,2.874349e+02,1.018787e-03,0.000000e+00,1.928307e+01,5.798534e-09,1.512055e-05,1.922653e+01,9.121582e-09,1.987820e-05,0.000000e+00,3.500000e-05,1.018793e-03,6.558994e-09,6.558994e-10,0.000000e+00,6.558994e-10,-1.512073e-05,1.987927e-05,3.500000e-05,1.757131e-10,4.146174e-10
1.275000e-10,2.877639e+02,1.145728e-03,0.000000e+00,1.928307e+01,3.326343e-11,1.512080e-05,1.922653e+01,9.163685e-09,1.987798e-05,0.000000e+00,3.500000e-05,1.145728e-03,7.969981e-09,7.969981e-10,0.000000e+00,7.969981e-10,-1.512080e-05,1.987920e-05,3.500000e-05,1.007983e-12,4.165312e-10
1.276000e-10,2.881278e+02,1.254897e-03,0.000000e+00,1.928307e+01,-4.686847e-09,1.512108e-05,1.922654e+01,8.393526e-09,1.987784e-05,0.000000e+00,3.500000e-05,1.254892e-03,8.424634e-09,8.424634e-10,0.000000e+00,8.424634e-10,-1.512094e-05,1.987906e-05,3.500000e-05,-1.420257e-10,3.815239e-10
1.277000e-10,2.885184e+02,1.329275e-03,0.000000e+00,1.928307e+01,-8.137380e-09,1.512136e-05,1.922654e+01,7.026397e-09,1.987776e-05,0.000000e+00,3.500000e-05,1.329267e-03,8.056906e-09,8.056906e-10,0.000000e+00,8.056906e-10,-1.512111e-05,1.987889e-05,3.500000e-05,-2.465873e-10,3.193817e-10
1.278000e-10,2.889231e+02,1.355237e-03,0.000000e+00,1.928306e+01,-1.024619e-08,1.512162e-05,1.922654e+01,5.290866e-09,1.987775e-05,0.000000e+00,3.500000e-05,1.355226e-03,7.048599e-09,7.048599e-10,0.000000e+00,7.048599e-10,-1.512131e-05,1.987869e-05,3.500000e-05,-3.104905e-10,2.404939e-10
1.279000e-10,2.893269e+02,1.327266e-03,0.000000e+00,1.928306e+01,-1.107203e-08,1.512183e-05,1.922654e+01,3.406291e-09,1.987779e-05,0.000000e+00,3.500000e-05,1.327255e-03,5.604705e-09,5.604705e-10,0.000000e+00,5.604705e-10,-1.512149e-05,1.987851e-05,3.500000e-05,-3.355161e-10,1.548314e-10
1.280000e-10,2.897146e+02,1.249685e-03,0.000000e+00,1.928306e+01,-1.077565e-08,1.512199e-05,1.922654e+01,1.565235e-09,1.987788e-05,0.000000e+00,3.500000e-05,1.249674e-03,3.931189e-09,3.931189e-10,0.000000e+00,3.931189e-10,-1.512166e-05,1.987834e-05,3.500000e-05,-3.265347e-10,7.114703e-11
1.281000e-10,2.900737e+02,1.134472e-03,0.000000e+00,1.928305e+01,-9.587063e-09,1.512209e-05,1.922654e+01,-7.856784e-11,1.987798e-05,0.000000e+00,3.500000e-05,1.134463e-03,2.216736e-09,2.216736e-10,0.000000e+00,2.216736e-10,-1.512180e-05,1.987820e-05,3.500000e-05,-2.905171e-10,-3.571265e-12
1.282000e-10,2.903953e+02,9.968196e-04,0.000000e+00,1.928305e+01,-7.772838e-09,1.512213e-05,1.922654e+01,-1.416650e-09,1.987811e-05,0.000000e+00,3.500000e-05,9.968118e-04,6.193166e-10,6.193166e-11,0.000000e+00,6.193166e-11,-1.512190e-05,1.987810e-05,3.500000e-05,-2.355405e-10,-6.439318e-11
1.283000e-10,2.906748e+02,8.509141e-04,0.000000e+00,1.928305e+01,-5.605993e-09,1.512213e-05,1.922654e+01,-2.387106e-09,1.987823e-05,0.000000e+00,3.500000e-05,8.509084e-04,-7.420891e-10,-7.420891e-11,0.000000e+00,-7.420891e-11,-1.512196e-05,1.987804e-05,3.500000e-05,-1.698786e-10,-1.085048e-10
1.284000e-10,2.909113e+02,7.074481e-04,0.000000e+00,1.928305e+01,-3.340880e-09,1.512208e-05,1.922654e+01,-2.971563e-09,1.987833e-05,0.000000e+00,3.500000e-05,7.074448e-04,-1.790855e-09,-1.790855e-10,0.000000e+00,-1.790855e-10,-1.512198e-05,1.987802e-05,3.500000e-05,-1.012388e-10,-1.350710e-10
1.285000e-10,2.911062e+02,5.729742e-04,0.000000e+00,1.928305e+01,-1.194234e-09,1.512201e-05,1.922654e+01,-3.188876e-09,1.987842e-05,0.000000e+00,3.500000e-05,5.729730e-04,-2.491737e-09,-2.491737e-10,0.000000e+00,-2.491737e-10,-1.512197e-05,1.987803e-05,3.500000e-05,-3.618892e-11,-1.449489e-10
1.286000e-10,2.912625e+02,4.504435e-04,0.000000e+00,1.928305e+01,6.670076e-10,1.512192e-05,1.922654e+01,-3.086711e-09,1.987849e-05,0.000000e+00,3.500000e-05,4.504442e-04,-2.846438e-09,-2.846438e-10,0.000000e+00,-2.846438e-10,-1.512194e-05,1.987806e-05,3.500000e-05,2.021235e-11,-1.403050e-10
1.287000e-10,2.913834e+02,3.401942e-04,0.000000e+00,1.928305e+01,2.131317e-09,1.512182e-05,1.922654e+01,-2.732116e-09,1.987853e-05,0.000000e+00,3.500000e-05,3.401963e-04,-2.886751e-09,-2.886751e-10,0.000000e+00,-2.886751e-10,-1.512188e-05,1.987812e-05,3.500000e-05,6.458538e-11,-1.241871e-10
1.288000e-10,2.914726e+02,2.409101e-04,0.000000e+00,1.928305e+01,3.142292e-09,1.512172e-05,1.922654e+01,-2.202113e-09,1.987855e-05,0.000000e+00,3.500000e-05,2.409132e-04,-2.666288e-09,-2.666288e-10,0.000000e+00,-2.666288e-10,-1.512182e-05,1.987818e-05,3.500000e-05,9.522097e-11,-1.000960e-10
1.289000e-10,2.915327e+02,1.503479e-04,0.000000e+00,1.928305e+01,3.693584e-09,1.512164e-05,1.922654e+01,-1.575124e-09,1.987854e-05,0.000000e+00,3.500000e-05,1.503516e-04,-2.251813e-09,-2.251813e-10,0.000000e+00,-2.251813e-10,-1.512175e-05,1.987825e-05,3.500000e-05,1.119268e-10,-7.159654e-11
1.290000e-10,2.915661e+02,6.581031e-05,0.000000e+00,1.928305e+01,3.820360e-09,1.512158e-05,1.922654e+01,-9.238285e-10,1.987852e-05,0.000000e+00,3.500000e-05,6.581413e-05,-1.714986e-09,-1.714986e-10,0.000000e+00,-1.714986e-10,-1.512169e-05,1.987831e-05,3.500000e-05,1.157685e-10,-4.199221e-11
1.291000e-10,2.915741e+02,-1.558282e-05,0.000000e+00,1.928305e+01,3.588665e-09,1.512153e-05,1.922654e+01,-3.098278e-10,1.987849e-05,0.000000e+00,3.500000e-05,-1.557923e-05,-1.125182e-09,-1.125182e-10,0.000000e+00,-1.125182e-10,-1.512164e-05,1.987836e-05,3.500000e-05,1.087474e-10,-1.408308e-11
1.292000e-10,2.915572e+02,-9.675060e-05,0.000000e+00,1.928305e+01,3.084010e-09,1.512150e-05,1.922654e+01,2.197502e-10,1.987845e-05,0.000000e+00,3.500000e-05,-9.674751e-05,-5.438161e-10,-5.438161e-11,0.000000e+00,-5.438161e-11,-1.512160e-05,1.987840e-05,3.500000e-05,9.345486e-11,9.988644e-12
1.293000e-10,2.915149e+02,-1.805675e-04,0.000000e+00,1.928305e+01,2.400327e-09,1.512149e-05,1.922654e+01,6.337574e-10,1.987841e-05,0.000000e+00,3.500000e-05,-1.805651e-04,-2.039600e-11,-2.039600e-12,0.000000e+00,-2.039600e-12,-1.512157e-05,1.987843e-05,3.500000e-05,7.273719e-11,2.880715e-11
1.294000e-10,2.914462e+02,-2.697770e-04,0.000000e+00,1.928305e+01,1.630189e-09,1.512150e-05,1.922654e+01,9.168552e-10,1.987837e-05,0.000000e+00,3.500000e-05,-2.697753e-04,4.096571e-10,4.096571e-11,0.000000e+00,4.096571e-11,-1.512155e-05,1.987845e-05,3.500000e-05,4.939967e-11,4.167524e-11
1.295000e-10,2.913490e+02,-3.668382e-04,0.000000e+00,1.928305e+01,8.569302e-10,1.512152e-05,1.922654e+01,1.067987e-09,1.987833e-05,0.000000e+00,3.500000e-05,-3.668373e-04,7.255594e-10,7.255593e-11,0.000000e+00,7.255593e-11,-1.512155e-05,1.987845e-05,3.500000e-05,2.596758e-11,4.854487e-11
1.296000e-10,2.912206e+02,-4.736354e-04,0.000000e+00,1.928305e+01,1.490092e-10,1.512155e-05,1.922654e+01,1.097875e-09,1.987830e-05,0.000000e+00,3.500000e-05,-4.736352e-04,9.203273e-10,9.203273e-11,0.000000e+00,9.203273e-11,-1.512155e-05,1.987845e-05,3.500000e-05,4.515432e-12,4.990341e-11
1.297000e-10,2.910581e+02,-5.909716e-04,0.000000e+00,1.928305e+01,-4.432974e-10,1.512158e-05,1.922654e+01,1.025937e-09,1.987828e-05,0.000000e+00,3.500000e-05,-5.909720e-04,9.988827e-10,9.988827e-11,0.000000e+00,9.988827e-11,-1.512157e-05,1.987843e-05,3.500000e-05,-1.343326e-11,4.663349e-11
1.298000e-10,2.908586e+02,-7.177963e-04,0.000000e+00,1.928305e+01,-8.890043e-10,1.512162e-05,1.922654e+01,8.770001e-10,1.987827e-05,0.000000e+00,3.500000e-05,-7.177972e-04,9.754556e-10,9.754555e-11,0.000000e+00,9.754555e-11,-1.512159e-05,1.987841e-05,3.500000e-05,-2.693953e-11,3.986364e-11
1.299000e-10,2.906198e+02,-8.502240e-04,0.000000e+00,1.928305e+01,-1.175630e-09,1.512165e-05,1.922654e+01,6.781396e-10,1.987827e-05,0.000000e+00,3.500000e-05,-8.502252e-04,8.706431e-10,8.706430e-11,0.000000e+00,8.706430e-11,-1.512161e-05,1.987839e-05,3.500000e-05,-3.562516e-11,3.082453e-11
1.300000e-10,2.903416e+02,-9.806467e-04,0.000000e+00,1.928305e+01,-1.306930e-09,1.512167e-05,1.922654e+01,4.558912e-10,1.987827e-05,0.000000e+00,3.500000e-05,-9.806480e-04,7.084432e-10,7.084432e-11,0.000000e+00,7.084432e-11,-1.512163e-05,1.987837e-05,3.500000e-05,-3.960394e-11,2.072233e-11
1.301000e-10,2.900265e+02,-1.097597e-03,0.000000e+00,1.928305e+01,-1.299614e-09,1.512169e-05,1.922654e+01,2.340197e-10,1.987828e-05,0.000000e+00,3.500000e-05,-1.097598e-03,5.135299e-10,5.135299e-11,0.000000e+00,5.135299e-11,-1.512165e-05,1.987835e-05,3.500000e-05,-3.938223e-11,1.063726e-11
1.302000e-10,2.896810e+02,-1.187172e-03,0.000000e+00,1.928305e+01,-1.179523e-09,1.512171e-05,1.922654e+01,3.193673e-11,1.987830e-05,0.000000e+00,3.500000e-05,-1.187173e-03,3.089635e-10,3.089635e-11,0.000000e+00,3.089635e-11,-1.512167e-05,1.987833e-05,3.500000e-05,-3.574313e-11,1.451670e-12
1.303000e-10,2.893154e+02,-1.236306e-03,0.000000e+00,1.928305e+01,-9.777043e-10,1.512171e-05,1.922654e+01,-1.362125e-10,1.987831e-05,0.000000e+00,3.500000e-05,-1.236307e-03,1.144597e-10,1.144597e-11,0.000000e+00,1.144597e-11,-1.512168e-05,1.987832e-05,3.500000e-05,-2.962740e-11,-6.191478e-12
1.304000e-10,2.889430e+02,-1.236829e-03,0.000000e+00,1.928305e+01,-7.267343e-10,1.512171e-05,1.922654e+01,-2.618338e-10,1.987832e-05,0.000000e+00,3.500000e-05,-1.236829e-03,-5.473370e-11,-5.473371e-12,0.000000e+00,-5.473371e-12,-1.512169e-05,1.987831e-05,3.500000e-05,-2.202225e-11,-1.190153e-11
1.305000e-10,2.885781e+02,-1.188213e-03,0.000000e+00,1.928305e+01,-4.575836e-10,1.512171e-05,1.922654e+01,-3.416290e-10,1.987834e-05,0.000000e+00,3.500000e-05,-1.188213e-03,-1.883630e-10,-1.883631e-11,0.000000e+00,-1.883631e-11,-1.512170e-05,1.987830e-05,3.500000e-05,-1.386617e-11,-1.552859e-11
1.306000e-10,2.882342e+02,-1.097430e-03,0.000000e+00,1.928305e+01,-1.971883e-10,1.512170e-05,1.922654e+01,-3.769234e-10,1.987835e-05,0.000000e+00,3.500000e-05,-1.097430e-03,-2.811612e-10,-2.811612e-11,0.000000e+00,-2.811612e-11,-1.512170e-05,1.987830e-05,3.500000e-05,-5.975402e-12,-1.713288e-11
1.307000e-10,2.879218e+02,-9.761994e-04,0.000000e+00,1.928305e+01,3.318092e-11,1.512169e-05,1.922654e+01,-3.727081e-10,1.987836e-05,0.000000e+00,3.500000e-05,-9.761993e-04,-3.324036e-10,-3.324036e-11,0.000000e+00,-3.324036e-11,-1.512169e-05,1.987831e-05,3.500000e-05,1.005482e-12,-1.694128e-11
1.308000e-10,2.876481e+02,-8.373148e-04,0.000000e+00,1.928305e+01,2.187566e-10,1.512168e-05,1.922654e+01,-3.365360e-10,1.987836e-05,0.000000e+00,3.500000e-05,-8.373146e-04,-3.451458e-10,-3.451458e-11,0.000000e+00,-3.451458e-11,-1.512169e-05,1.987831e-05,3.500000e-05,6.628987e-12,-1.529709e-11
1.309000e-10,2.874167e+02,-6.917352e-04,0.000000e+00,1.928305e+01,3.513887e-10,1.512167e-05,1.922654e+01,-2.773925e-10,1.987837e-05,0.000000e+00,3.500000e-05,-6.917348e-04,-3.252684e-10,-3.252684e-11,0.000000e+00,-3.252684e-11,-1.512168e-05,1.987832e-05,3.500000e-05,1.064814e-11,-1.260875e-11
1.310000e-10,2.872288e+02,-5.471374e-04,0.000000e+00,1.928305e+01,4.290573e-10,1.512166e-05,1.922654e+01,-2.046464e-10,1.987837e-05,0.000000e+00,3.500000e-05,-5.471370e-04,-2.804465e-10,-2.804465e-11,0.000000e+00,-2.804465e-11,-1.512167e-05,1.987833e-05,3.500000e-05,1.300174e-11,-9.302110e-12
1.311000e-10,2.870835e+02,-4.077612e-04,0.000000e+00,1.928305e+01,4.549354e-10,1.512165e-05,1.922654e+01,-1.271577e-10,1.987836e-05,0.000000e+00,3.500000e-05,-4.077607e-04,-2.191503e-10,-2.191503e-11,0.000000e+00,-2.191503e-11,-1.512166e-05,1.987834e-05,3.500000e-05,1.378592e-11,-5.779896e-12
1.312000e-10,2.869794e+02,-2.749939e-04,0.000000e+00,1.928305e+01,4.361662e-10,1.512164e-05,1.922654e+01,-5.259189e-11,1.987836e-05,0.000000e+00,3.500000e-05,-2.749935e-04,-1.497565e-10,-1.497565e-11,0.000000e+00,-1.497565e-11,-1.512166e-05,1.987834e-05,3.500000e-05,1.321716e-11,-2.390541e-12
1.313000e-10,2.869147e+02,-1.481951e-04,0.000000e+00,1.928305e+01,3.825143e-10,1.512164e-05,1.922654e+01,1.303558e-11,1.987836e-05,0.000000e+00,3.500000e-05,-1.481947e-04,-7.982985e-11,-7.982985e-12,0.000000e+00,-7.982985e-12,-1.512165e-05,1.987835e-05,3.500000e-05,1.159134e-11,5.925263e-13
1.314000e-10,2.868879e+02,-2.547181e-05,0.000000e+00,1.928305e+01,3.050320e-10,1.512164e-05,1.922654e+01,6.558770e-11,1.987835e-05,0.000000e+00,3.500000e-05,-2.547151e-05,-1.560669e-11,-1.560669e-12,0.000000e+00,-1.560669e-12,-1.512165e-05,1.987835e-05,3.500000e-05,9.243393e-12,2.981259e-12
1.315000e-10,2.868984e+02,9.568748e-05,0.000000e+00,1.928305e+01,2.148542e-10,1.512164e-05,1.922654e+01,1.028275e-10,1.987835e-05,0.000000e+00,3.500000e-05,9.568770e-05,3.831116e-11,3.831116e-12,0.000000e+00,3.831116e-12,-1.512165e-05,1.987835e-05,3.500000e-05,6.510733e-12,4.673976e-12
1.316000e-10,2.869460e+02,2.178923e-04,0.000000e+00,1.928305e+01,1.222065e-10,1.512164e-05,1.922654e+01,1.242691e-10,1.987834e-05,0.000000e+00,3.500000e-05,2.178924e-04,7.906323e-11,7.906323e-12,0.000000e+00,7.906323e-12,-1.512164e-05,1.987836e-05,3.500000e-05,3.703227e-12,5.648595e-12
1.317000e-10,2.870315e+02,3.433561e-04,0.000000e+00,1.928305e+01,3.567226e-11,1.512164e-05,1.922654e+01,1.309020e-10,1.987834e-05,0.000000e+00,3.500000e-05,3.433561e-04,1.054651e-10,1.054651e-11,0.000000e+00,1.054651e-11,-1.512165e-05,1.987835e-05,3.500000e-05,1.080978e-12,5.950092e-12
1.318000e-10,2.871558e+02,4.733304e-04,0.000000e+00,1.928305e+01,-3.826236e-11,1.512165e-05,1.922654e+01,1.248361e-10,1.987834e-05,0.000000e+00,3.500000e-05,4.733304e-04,1.178074e-10,1.178075e-11,0.000000e+00,1.178075e-11,-1.512165e-05,1.987835e-05,3.500000e-05,-1.159465e-12,5.674367e-12
1.319000e-10,2.873203e+02,6.074011e-04,0.000000e+00,1.928305e+01,-9.539657e-11,1.512165e-05,1.922654e+01,1.089124e-10,1.987833e-05,0.000000e+00,3.500000e-05,6.074010e-04,1.175627e-10,1.175627e-11,0.000000e+00,1.175627e-11,-1.512165e-05,1.987835e-05,3.500000e-05,-2.890805e-12,4.950566e-12
1.320000e-10,2.875256e+02,7.426753e-04,0.000000e+00,1.928305e+01,-1.337683e-10,1.512166e-05,1.922654e+01,8.632130e-11,1.987833e-05,0.000000e+00,3.500000e-05,7.426752e-04,1.070406e-10,1.070406e-11,0.000000e+00,1.070406e-11,-1.512165e-05,1.987835e-05,3.500000e-05,-4.053584e-12,3.923696e-12
1.321000e-10,2.877709e+02,8.730849e-04,0.000000e+00,1.928305e+01,-1.534195e-10,1.512166e-05,1.922654e+01,6.025825e-11,1.987833e-05,0.000000e+00,3.500000e-05,8.730847e-04,8.903329e-11,8.903329e-12,0.000000e+00,8.903329e-12,-1.512165e-05,1.987835e-05,3.500000e-05,-4.649076e-12,2.739011e-12
1.322000e-10,2.880530e+02,9.892862e-04,0.000000e+00,1.928305e+01,-1.560282e-10,1.512166e-05,1.922654e+01,3.364277e-11,1.987833e-05,0.000000e+00,3.500000e-05,9.892861e-04,6.648267e-11,6.648267e-12,0.000000e+00,6.648267e-12,-1.512166e-05,1.987834e-05,3.500000e-05,-4.728127e-12,1.529217e-12
1.323000e-10,2.883658e+02,1.079755e-03,0.000000e+00,1.928305e+01,-1.444636e-10,1.512166e-05,1.922654e+01,8.912099e-12,1.987834e-05,0.000000e+00,3.500000e-05,1.079754e-03,4.219459e-11,4.219457e-12,0.000000e+00,4.219457e-12,-1.512166e-05,1.987834e-05,3.500000e-05,-4.377684e-12,4.050954e-13
1.324000e-10,2.886996e+02,1.133305e-03,0.000000e+00,1.928305e+01,-1.223177e-10,1.512166e-05,1.922654e+01,-1.210512e-11,1.987834e-05,0.000000e+00,3.500000e-05,1.133305e-03,1.861734e-11,1.861733e-12,0.000000e+00,1.861733e-12,-1.512166e-05,1.987834e-05,3.500000e-05,-3.706595e-12,-5.502327e-13
1.325000e-10,2.890423e+02,1.142349e-03,0.000000e+00,1.928305e+01,-9.345846e-11,1.512166e-05,1.922654e+01,-2.823866e-11,1.987834e-05,0.000000e+00,3.500000e-05,1.142349e-03,-2.308227e-12,-2.308236e-13,0.000000e+00,-2.308236e-13,-1.512166e-05,1.987834e-05,3.500000e-05,-2.832074e-12,-1.283576e-12
1.326000e-10,2.893805e+02,1.105345e-03,0.000000e+00,1.928305e+01,-6.164024e-11,1.512166e-05,1.922654e+01,-3.895985e-11,1.987834e-05,0.000000e+00,3.500000e-05,1.105345e-03,-1.922695e-11,-1.922695e-12,0.000000e+00,-1.922695e-12,-1.512166e-05,1.987834e-05,3.500000e-05,-1.867886e-12,-1.770902e-12
1.327000e-10,2.897012e+02,1.027130e-03,0.000000e+00,1.928305e+01,-3.019452e-11,1.512166e-05,1.922654e+01,-4.431137e-11,1.987834e-05,0.000000e+00,3.500000e-05,1.027130e-03,-3.138181e-11,-3.138180e-12,0.000000e+00,-3.138180e-12,-1.512166e-05,1.987834e-05,3.500000e-05,-9.149853e-13,-2.014153e-12
1.328000e-10,2.899939e+02,9.170566e-04,0.000000e+00,1.928305e+01,-1.814488e-12,1.512166e-05,1.922654e+01,-4.479953e-11,1.987834e-05,0.000000e+00,3.500000e-05,9.170566e-04,-3.857166e-11,-3.857166e-12,0.000000e+00,-3.857166e-12,-1.512166e-05,1.987834e-05,3.500000e-05,-5.498466e-14,-2.036342e-12
1.329000e-10,2.902507e+02,7.860789e-04,0.000000e+00,1.928305e+01,2.156547e-11,1.512166e-05,1.922654e+01,-4.126560e-11,1.987834e-05,0.000000e+00,3.500000e-05,7.860790e-04,-4.106790e-11,-4.106790e-12,0.000000e+00,-4.106790e-12,-1.512166e-05,1.987834e-05,3.500000e-05,6.534990e-13,-1.875709e-12
1.330000e-10,2.904668e+02,6.441560e-04,0.000000e+00,1.928305e+01,3.880162e-11,1.512166e-05,1.922654e+01,-3.475107e-11,1.987834e-05,0.000000e+00,3.500000e-05,6.441560e-04,-3.950462e-11,-3.950463e-12,0.000000e+00,-3.950463e-12,-1.512166e-05,1.987834e-05,3.500000e-05,1.175807e-12,-1.579594e-12
1.331000e-10,2.906399e+02,4.987263e-04,0.000000e+00,1.928305e+01,4.949758e-11,1.512166e-05,1.922654e+01,-2.636977e-11,1.987834e-05,0.000000e+00,3.500000e-05,4.987263e-04,-3.475711e-11,-3.475712e-12,0.000000e+00,-3.475712e-12,-1.512166e-05,1.987834e-05,3.500000e-05,1.499927e-12,-1.198626e-12
1.332000e-10,2.907693e+02,3.542989e-04,0.000000e+00,1.928305e+01,5.390322e-11,1.512166e-05,1.922654e+01,-1.719692e-11,1.987834e-05,0.000000e+00,3.500000e-05,3.542990e-04,-2.782106e-11,-2.782105e-12,0.000000e+00,-2.782105e-12,-1.512166e-05,1.987834e-05,3.500000e-05,1.633431e-12,-7.816784e-13
1.333000e-10,2.908556e+02,2.127983e-04,0.000000e+00,1.928305e+01,5.277531e-11,1.512166e-05,1.922654e+01,-8.181805e-12,1.987834e-05,0.000000e+00,3.500000e-05,2.127984e-04,-1.970328e-11,-1.970329e-12,0.000000e+00,-1.970329e-12,-1.512166e-05,1.987834e-05,3.500000e-05,1.599252e-12,-3.719002e-13
1.334000e-10,2.908994e+02,7.425449e-05,0.000000e+00,1.928305e+01,4.721885e-11,1.512166e-05,1.922654e+01,-8.723545e-14,1.987834e-05,0.000000e+00,3.500000e-05,7.425454e-05,-1.133140e-11,-1.133140e-12,0.000000e+00,-1.133140e-12,-1.512166e-05,1.987834e-05,3.500000e-05,1.430874e-12,-3.965248e-15
1.335000e-10,2.909013e+02,-6.242829e-05,0.000000e+00,1.928305e+01,3.852678e-11,1.512166e-05,1.922654e+01,6.543431e-12,1.987834e-05,0.000000e+00,3.500000e-05,-6.242825e-05,-3.486577e-12,-3.486585e-13,0.000000e+00,-3.486585e-13,-1.512166e-05,1.987834e-05,3.500000e-05,1.167478e-12,2.974287e-13
1.336000e-10,2.908617e+02,-1.987320e-04,0.000000e+00,1.928305e+01,2.803230e-11,1.512166e-05,1.922654e+01,1.139415e-11,1.987834e-05,0.000000e+00,3.500000e-05,-1.987320e-04,3.238186e-12,3.238189e-13,0.000000e+00,3.238189e-13,-1.512166e-05,1.987834e-05,3.500000e-05,8.494633e-13,5.179161e-13
1.337000e-10,2.907805e+02,-3.358091e-04,0.000000e+00,1.928305e+01,1.698448e-11,1.512166e-05,1.922654e+01,1.436263e-11,1.987834e-05,0.000000e+00,3.500000e-05,-3.358091e-04,8.456108e-12,8.456105e-13,0.000000e+00,8.456105e-13,-1.512166e-05,1.987834e-05,3.500000e-05,5.146813e-13,6.528469e-13
1.338000e-10,2.906575e+02,-4.737470e-04,0.000000e+00,1.928305e+01,6.453894e-12,1.512166e-05,1.922654e+01,1.553044e-11,1.987834e-05,0.000000e+00,3.500000e-05,-4.737469e-04,1.198299e-11,1.198299e-12,0.000000e+00,1.198299e-12,-1.512166e-05,1.987834e-05,3.500000e-05,1.955727e-13,7.059289e-13
1.339000e-10,2.904927e+02,-6.108053e-04,0.000000e+00,1.928305e+01,-2.728911e-12,1.512166e-05,1.922654e+01,1.512239e-11,1.987834e-05,0.000000e+00,3.500000e-05,-6.108053e-04,1.381662e-11,1.381661e-12,0.000000e+00,1.381661e-12,-1.512166e-05,1.987834e-05,3.500000e-05,-8.269410e-14,6.873814e-13
1.340000e-10,2.902873e+02,-7.427417e-04,0.000000e+00,1.928305e+01,-1.000272e-11,1.512166e-05,1.922654e+01,1.346080e-11,1.987834e-05,0.000000e+00,3.500000e-05,-7.427417e-04,1.410380e-11,1.410380e-12,0.000000e+00,1.410380e-12,-1.512166e-05,1.987834e-05,3.500000e-05,-3.031127e-13,6.118543e-13
1.341000e-10,2.900442e+02,-8.625241e-04,0.000000e+00,1.928305e+01,-1.507596e-11,1.512166e-05,1.922654e+01,1.091944e-11,1.987834e-05,0.000000e+00,3.500000e-05,-8.625241e-04,1.310049e-11,1.310049e-12,0.000000e+00,1.310049e-12,-1.512166e-05,1.987834e-05,3.500000e-05,-4.568469e-13,4.963384e-13
1.342000e-10,2.897685e+02,-9.608672e-04,0.000000e+00,1.928305e+01,-1.790325e-11,1.512166e-05,1.922654e+01,7.881374e-12,1.987834e-05,0.000000e+00,3.500000e-05,-9.608673e-04,1.112937e-11,1.112938e-12,0.000000e+00,1.112938e-12,-1.512166e-05,1.987834e-05,3.500000e-05,-5.425225e-13,3.582443e-13
1.343000e-10,2.894683e+02,-1.027892e-03,0.000000e+00,1.928305e+01,-1.864467e-11,1.512166e-05,1.922654e+01,4.703646e-12,1.987834e-05,0.000000e+00,3.500000e-05,-1.027892e-03,8.539472e-12,8.539459e-13,0.000000e+00,8.539459e-13,-1.512166e-05,1.987834e-05,3.500000e-05,-5.649902e-13,2.138021e-13
1.344000e-10,2.891545e+02,-1.055649e-03,0.000000e+00,1.928305e+01,-1.761432e-11,1.512166e-05,1.922654e+01,1.690656e-12,1.987834e-05,0.000000e+00,3.500000e-05,-1.055649e-03,5.670607e-12,5.670611e-13,0.000000e+00,5.670611e-13,-1.512166e-05,1.987834e-05,3.500000e-05,-5.337672e-13,7.684800e-14
1.345000e-10,2.888391e+02,-1.040518e-03,0.000000e+00,1.928305e+01,-1.522478e-11,1.512166e-05,1.922654e+01,-9.230226e-13,1.987834e-05,0.000000e+00,3.500000e-05,-1.040518e-03,2.825454e-12,2.825462e-13,0.000000e+00,2.825462e-13,-1.512166e-05,1.987834e-05,3.500000e-05,-4.613569e-13,-4.195557e-14
1.346000e-10,2.885345e+02,-9.842925e-04,0.000000e+00,1.928305e+01,-1.193293e-11,1.512166e-05,1.922654e+01,-2.980510e-12,1.987834e-05,0.000000e+00,3.500000e-05,-9.842925e-04,2.494690e-13,2.494719e-14,0.000000e+00,2.494719e-14,-1.512166e-05,1.987834e-05,3.500000e-05,-3.616039e-13,-1.354777e-13
1.347000e-10,2.882520e+02,-8.934344e-04,0.000000e+00,1.928305e+01,-8.191829e-12,1.512166e-05,1.922654e+01,-4.402251e-12,1.987834e-05,0.000000e+00,3.500000e-05,-8.934344e-04,-1.880100e-12,-1.880105e-13,0.000000e+00,-1.880105e-13,-1.512166e-05,1.987834e-05,3.500000e-05,-2.482375e-13,-2.001023e-13
1.348000e-10,2.880005e+02,-7.769882e-04,0.000000e+00,1.928305e+01,-4.411612e-12,1.512166e-05,1.922654e+01,-5.179039e-12,1.987834e-05,0.000000e+00,3.500000e-05,-7.769882e-04,-3.457455e-12,-3.457466e-13,0.000000e+00,-3.457466e-13,-1.512166e-05,1.987834e-05,3.500000e-05,-1.336853e-13,-2.354109e-13
1.349000e-10,2.877861e+02,-6.442294e-04,0.000000e+00,1.928305e+01,-9.312886e-13,1.512166e-05,1.922654e+01,-5.359894e-12,1.987834e-05,0.000000e+00,3.500000e-05,-6.442294e-04,-4.444509e-12,-4.444524e-13,0.000000e+00,-4.444524e-13,-1.512166e-05,1.987834e-05,3.500000e-05,-2.822070e-14,-2.436316e-13
1.350000e-10,2.876128e+02,-5.029161e-04,0.000000e+00,1.928305e+01,1.998092e-12,1.512166e-05,1.922654e+01,-5.037277e-12,1.987834e-05,0.000000e+00,3.500000e-05,-5.029161e-04,-4.861912e-12,-4.861919e-13,0.000000e+00,-4.861919e-13,-1.512166e-05,1.987834e-05,3.500000e-05,6.054802e-14,-2.289672e-13
1.351000e-10,2.874824e+02,-3.584743e-04,0.000000e+00,1.928305e+01,4.219492e-12,1.512166e-05,1.922654e+01,-4.331046e-12,1.987834e-05,0.000000e+00,3.500000e-05,-3.584743e-04,-4.776553e-12,-4.776561e-13,0.000000e+00,-4.776561e-13,-1.512166e-05,1.987834e-05,3.500000e-05,1.278632e-13,-1.968657e-13
1.352000e-10,2.873956e+02,-2.139856e-04,0.000000e+00,1.928305e+01,5.666585e-12,1.512166e-05,1.922654e+01,-3.372929e-12,1.987834e-05,0.000000e+00,3.500000e-05,-2.139855e-04,-4.287340e-12,-4.287336e-13,0.000000e+00,-4.287336e-13,-1.512166e-05,1.987834e-05,3.500000e-05,1.717147e-13,-1.533149e-13
1.353000e-10,2.873524e+02,-7.066993e-05,0.000000e+00,1.928305e+01,6.353086e-12,1.512166e-05,1.922654e+01,-2.292851e-12,1.987834e-05,0.000000e+00,3.500000e-05,-7.066992e-05,-3.510617e-12,-3.510620e-13,0.000000e+00,-3.510620e-13,-1.512166e-05,1.987834e-05,3.500000e-05,1.925178e-13,-1.042205e-13
1.354000e-10,2.873524e+02,7.140833e-05,0.000000e+00,1.928305e+01,6.356991e-12,1.512166e-05,1.922654e+01,-1.207827e-12,1.987834e-05,0.000000e+00,3.500000e-05,7.140833e-05,-2.566887e-12,-2.566884e-13,0.000000e+00,-2.566884e-13,-1.512166e-05,1.987834e-05,3.500000e-05,1.926363e-13,-5.490122e-14
1.355000e-10,2.873955e+02,2.125681e-04,0.000000e+00,1.928305e+01,5.802052e-12,1.512166e-05,1.922654e+01,-2.140022e-13,1.987834e-05,0.000000e+00,3.500000e-05,2.125681e-04,-1.569344e-12,-1.569339e-13,0.000000e+00,-1.569339e-13,-1.512166e-05,1.987834e-05,3.500000e-05,1.758198e-13,-9.727373e-15
1.356000e-10,2.874813e+02,3.527285e-04,0.000000e+00,1.928305e+01,4.838588e-12,1.512166e-05,1.922654e+01,6.179266e-13,1.987834e-05,0.000000e+00,3.500000e-05,3.527285e-04,-6.153616e-13,-6.153581e-14,0.000000e+00,-6.153581e-14,-1.512166e-05,1.987834e-05,3.500000e-05,1.466238e-13,2.808757e-14
1.357000e-10,2.876093e+02,4.906405e-04,0.000000e+00,1.928305e+01,3.625458e-12,1.512166e-05,1.922654e+01,1.244359e-12,1.987834e-05,0.000000e+00,3.500000e-05,4.906405e-04,2.192155e-13,2.192108e-14,0.000000e+00,2.192108e-14,-1.512166e-05,1.987834e-05,3.500000e-05,1.098625e-13,5.656178e-14
1.358000e-10,2.877782e+02,6.232053e-04,0.000000e+00,1.928305e+01,2.314559e-12,1.512166e-05,1.922654e+01,1.647670e-12,1.987834e-05,0.000000e+00,3.500000e-05,6.232053e-04,8.828117e-13,8.828059e-14,0.000000e+00,8.828059e-14,-1.512166e-05,1.987834e-05,3.500000e-05,7.013828e-14,7.489408e-14
1.359000e-10,2.879854e+02,7.450675e-04,0.000000e+00,1.928305e+01,1.038763e-12,1.512166e-05,1.922654e+01,1.832997e-12,1.987834e-05,0.000000e+00,3.500000e-05,7.450675e-04,1.348265e-12,1.348268e-13,0.000000e+00,1.348268e-13,-1.512166e-05,1.987834e-05,3.500000e-05,3.147751e-14,8.331804e-14
1.360000e-10,2.882264e+02,8.487897e-04,0.000000e+00,1.928305e+01,-9.629950e-14,1.512166e-05,1.922654e+01,1.823684e-12,1.987834e-05,0.000000e+00,3.500000e-05,8.487897e-04,1.610734e-12,1.610739e-13,0.000000e+00,1.610739e-13,-1.512166e-05,1.987834e-05,3.500000e-05,-2.918265e-15,8.289473e-14
1.361000e-10,2.884943e+02,9.258872e-04,0.000000e+00,1.928305e+01,-1.016555e-12,1.512166e-05,1.922654e+01,1.655948e-12,1.987834e-05,0.000000e+00,3.500000e-05,9.258872e-04,1.684070e-12,1.684059e-13,0.000000e+00,1.684059e-13,-1.512166e-05,1.987834e-05,3.500000e-05,-3.080468e-14,7.527035e-14
1.362000e-10,2.887798e+02,9.686831e-04,0.000000e+00,1.928305e+01,-1.680261e-12,1.512166e-05,1.922654e+01,1.373336e-12,1.987834e-05,0.000000e+00,3.500000e-05,9.686831e-04,1.596204e-12,1.596191e-13,0.000000e+00,1.596191e-13,-1.512166e-05,1.987834e-05,3.500000e-05,-5.091684e-14,6.242435e-14
1.363000e-10,2.890720e+02,9.724082e-04,0.000000e+00,1.928305e+01,-2.075783e-12,1.512166e-05,1.922654e+01,1.021500e-12,1.987834e-05,0.000000e+00,3.500000e-05,9.724082e-04,1.384148e-12,1.384160e-13,0.000000e+00,1.384160e-13,-1.512166e-05,1.987834e-05,3.500000e-05,-6.290240e-14,4.643182e-14
1.364000e-10,2.893591e+02,9.366162e-04,0.000000e+00,1.928305e+01,-2.217151e-12,1.512166e-05,1.922654e+01,6.439534e-13,1.987834e-05,0.000000e+00,3.500000e-05,9.366162e-04,1.089150e-12,1.089144e-13,0.000000e+00,1.089144e-13,-1.512166e-05,1.987834e-05,3.500000e-05,-6.718653e-14,2.927061e-14
1.365000e-10,2.896301e+02,8.652288e-04,0.000000e+00,1.928305e+01,-2.138157e-12,1.512166e-05,1.922654e+01,2.785080e-13,1.987834e-05,0.000000e+00,3.500000e-05,8.652288e-04,7.521471e-13,7.521394e-14,0.000000e+00,7.521394e-14,-1.512166e-05,1.987834e-05,3.500000e-05,-6.479282e-14,1.265946e-14
1.366000e-10,2.898754e+02,7.652588e-04,0.000000e+00,1.928305e+01,-1.885796e-12,1.512166e-05,1.922654e+01,-4.495064e-14,1.987834e-05,0.000000e+00,3.500000e-05,7.652588e-04,4.103653e-13,4.103621e-14,0.000000e+00,4.103621e-14,-1.512166e-05,1.987834e-05,3.500000e-05,-5.714559e-14,-2.043211e-15
1.367000e-10,2.900878e+02,6.448965e-04,0.000000e+00,1.928305e+01,-1.513742e-12,1.512166e-05,1.922654e+01,-3.056573e-13,1.987834e-05,0.000000e+00,3.500000e-05,6.448965e-04,9.469361e-14,9.469674e-15,0.000000e+00,9.469674e-15,-1.512166e-05,1.987834e-05,3.500000e-05,-4.587113e-14,-1.389351e-14
1.368000e-10,2.902623e+02,5.117693e-04,0.000000e+00,1.928305e+01,-1.076422e-12,1.512166e-05,1.922654e+01,-4.921419e-13,1.987834e-05,0.000000e+00,3.500000e-05,5.117693e-04,-1.718884e-13,-1.718925e-14,0.000000e+00,-1.718925e-14,-1.512166e-05,1.987834e-05,3.500000e-05,-3.261909e-14,-2.237009e-14
1.369000e-10,2.903958e+02,3.718677e-04,0.000000e+00,1.928305e+01,-6.240946e-13,1.512166e-05,1.922654e+01,-6.015107e-13,1.987834e-05,0.000000e+00,3.500000e-05,3.718677e-04,-3.749336e-13,-3.749289e-14,0.000000e+00,-3.749289e-14,-1.512166e-05,1.987834e-05,3.500000e-05,-1.891212e-14,-2.734140e-14
1.370000e-10,2.904867e+02,2.292144e-04,0.000000e+00,1.928305e+01,-1.992034e-13,1.512166e-05,1.922654e+01,-6.381833e-13,1.987834e-05,0.000000e+00,3.500000e-05,2.292144e-04,-5.081325e-13,-5.081364e-14,0.000000e+00,-5.081364e-14,-1.512166e-05,1.987834e-05,3.500000e-05,-6.036360e-15,-2.900833e-14
1.371000e-10,2.905345e+02,8.610176e-05,0.000000e+00,1.928305e+01,1.659353e-13,1.512166e-05,1.922654e+01,-6.121565e-13,1.987834e-05,0.000000e+00,3.500000e-05,8.610177e-05,-5.725112e-13,-5.725078e-14,0.000000e+00,-5.725078e-14,-1.512166e-05,1.987834e-05,3.500000e-05,5.028174e-15,-2.782529e-14
1.372000e-10,2.905390e+02,-5.634218e-05,0.000000e+00,1.928305e+01,4.501260e-13,1.512166e-05,1.922654e+01,-5.371277e-13,1.987834e-05,0.000000e+00,3.500000e-05,-5.634218e-05,-5.749139e-13,-5.749274e-14,0.000000e+00,-5.749274e-14,-1.512166e-05,1.987834e-05,3.500000e-05,1.364001e-14,-2.441489e-14
1.373000e-10,2.905005e+02,-1.974384e-04,0.000000e+00,1.928305e+01,6.431319e-13,1.512166e-05,1.922654e+01,-4.285832e-13,1.987834e-05,0.000000e+00,3.500000e-05,-1.974384e-04,-5.264293e-13,-5.264285e-14,0.000000e+00,-5.264285e-14,-1.512166e-05,1.987834e-05,3.500000e-05,1.948876e-14,-1.948105e-14
1.374000e-10,2.904196e+02,-3.362010e-04,0.000000e+00,1.928305e+01,7.445842e-13,1.512166e-05,1.922654e+01,-3.021321e-13,1.987834e-05,0.000000e+00,3.500000e-05,-3.362010e-04,-4.405355e-13,-4.405191e-14,0.000000e+00,-4.405191e-14,-1.512166e-05,1.987834e-05,3.500000e-05,2.256328e-14,-1.373328e-14
1.375000e-10,2.902973e+02,-4.706182e-04,0.000000e+00,1.928305e+01,7.622180e-13,1.512166e-05,1.922654e+01,-1.721383e-13,1.987834e-05,0.000000e+00,3.500000e-05,-4.706182e-04,-3.315526e-13,-3.315449e-14,0.000000e+00,-3.315449e-14,-1.512166e-05,1.987834e-05,3.500000e-05,2.309740e-14,-7.824469e-15
1.376000e-10,2.901355e+02,-5.970826e-04,0.000000e+00,1.928305e+01,7.097240e-13,1.512166e-05,1.922654e+01,-5.066812e-14,1.987834e-05,0.000000e+00,3.500000e-05,-5.970826e-04,-2.132919e-13,-2.132762e-14,0.000000e+00,-2.132762e-14,-1.512166e-05,1.987834e-05,3.500000e-05,2.150673e-14,-2.303096e-15
1.377000e-10,2.899378e+02,-7.101622e-04,0.000000e+00,1.928305e+01,6.044612e-13,1.512166e-05,1.922654e+01,5.317609e-14,1.987834e-05,0.000000e+00,3.500000e-05,-7.101622e-04,-9.777158e-14,-9.778004e-15,0.000000e+00,-9.778004e-15,-1.512166e-05,1.987834e-05,3.500000e-05,1.831688e-14,2.417095e-15
1.378000e-10,2.897092e+02,-8.029545e-04,0.000000e+00,1.928305e+01,4.652635e-13,1.512166e-05,1.922654e+01,1.334664e-13,1.987834e-05,0.000000e+00,3.500000e-05,-8.029545e-04,5.287794e-15,5.301011e-16,0.000000e+00,5.301011e-16,-1.512166e-05,1.987834e-05,3.500000e-05,1.409866e-14,6.066654e-15
1.379000e-10,2.894571e+02,-8.681665e-04,0.000000e+00,1.928305e+01,3.105225e-13,1.512166e-05,1.922654e+01,1.874492e-13,1.987834e-05,0.000000e+00,3.500000e-05,-8.681665e-04,8.917343e-14,8.917866e-15,0.000000e+00,8.917866e-15,-1.512166e-05,1.987834e-05,3.500000e-05,9.409558e-15,8.520420e-15
1.380000e-10,2.891909e+02,-8.997508e-04,0.000000e+00,1.928305e+01,1.566502e-13,1.512166e-05,1.922654e+01,2.151597e-13,1.987834e-05,0.000000e+00,3.500000e-05,-8.997508e-04,1.499918e-13,1.499827e-14,0.000000e+00,1.499827e-14,-1.512166e-05,1.987834e-05,3.500000e-05,4.747030e-15,9.779988e-15
1.381000e-10,2.889209e+02,-8.945292e-04,0.000000e+00,1.928305e+01,1.699785e-14,1.512166e-05,1.922654e+01,2.189305e-13,1.987834e-05,0.000000e+00,3.500000e-05,-8.945292e-04,1.865636e-13,1.865668e-14,0.000000e+00,1.865668e-14,-1.512166e-05,1.987834e-05,3.500000e-05,5.149880e-16,9.951385e-15
1.382000e-10,2.886581e+02,-8.530903e-04,0.000000e+00,1.928305e+01,-9.875825e-14,1.512166e-05,1.922654e+01,2.027952e-13,1.987834e-05,0.000000e+00,3.500000e-05,-8.530903e-04,2.001119e-13,2.001096e-14,0.000000e+00,2.001096e-14,-1.512166e-05,1.987834e-05,3.500000e-05,-2.992670e-15,9.217966e-15
1.383000e-10,2.884126e+02,-7.795506e-04,0.000000e+00,1.928305e+01,-1.847997e-13,1.512166e-05,1.922654e+01,1.717875e-13,1.987834e-05,0.000000e+00,3.500000e-05,-7.795506e-04,1.936139e-13,1.936265e-14,0.000000e+00,1.936265e-14,-1.512166e-05,1.987834e-05,3.500000e-05,-5.600029e-15,7.808525e-15
1.384000e-10,2.881929e+02,-6.803532e-04,0.000000e+00,1.928305e+01,-2.389732e-13,1.512166e-05,1.922654e+01,1.313443e-13,1.987834e-05,0.000000e+00,3.500000e-05,-6.803532e-04,1.713359e-13,1.713284e-14,0.000000e+00,1.713284e-14,-1.512166e-05,1.987834e-05,3.500000e-05,-7.241719e-15,5.970193e-15
1.385000e-10,2.880057e+02,-5.626882e-04,0.000000e+00,1.928305e+01,-2.623162e-13,1.512166e-05,1.922654e+01,8.670930e-14,1.987834e-05,0.000000e+00,3.500000e-05,-5.626882e-04,1.380351e-13,1.380270e-14,0.000000e+00,1.380270e-14,-1.512166e-05,1.987834e-05,3.500000e-05,-7.949097e-15,3.941332e-15
1.386000e-10,2.878556e+02,-4.331430e-04,0.000000e+00,1.928305e+01,-2.583837e-13,1.512166e-05,1.922654e+01,4.256543e-14,1.987834e-05,0.000000e+00,3.500000e-05,-4.331430e-04,9.867919e-14,9.866245e-15,0.000000e+00,9.866245e-15,-1.512166e-05,1.987834e-05,3.500000e-05,-7.830049e-15,1.934792e-15
1.387000e-10,2.877454e+02,-2.969192e-04,0.000000e+00,1.928305e+01,-2.324794e-13,1.512166e-05,1.922654e+01,2.718435e-15,1.987834e-05,0.000000e+00,3.500000e-05,-2.969192e-04,5.779305e-14,5.778350e-15,0.000000e+00,5.778350e-15,-1.512166e-05,1.987834e-05,3.500000e-05,-7.045078e-15,1.235652e-16
1.388000e-10,2.876767e+02,-1.576523e-04,0.000000e+00,1.928305e+01,-1.908730e-13,1.512166e-05,1.922654e+01,-3.013078e-14,1.987834e-05,0.000000e+00,3.500000e-05,-1.576523e-04,1.926143e-14,1.926459e-15,0.000000e+00,1.926459e-15,-1.512166e-05,1.987834e-05,3.500000e-05,-5.783915e-15,-1.369581e-15
1.389000e-10,2.876503e+02,-1.768581e-05,0.000000e+00,1.928305e+01,-1.400733e-13,1.512166e-05,1.922654e+01,-5.435116e-14,1.987834e-05,0.000000e+00,3.500000e-05,-1.768581e-05,-1.392102e-14,-1.393395e-15,0.000000e+00,-1.393395e-15,-1.512166e-05,1.987834e-05,3.500000e-05,-4.244798e-15,-2.470507e-15
1.390000e-10,2.876660e+02,1.213822e-04,0.000000e+00,1.928305e+01,-8.621034e-14,1.512166e-05,1.922654e+01,-6.938147e-14,1.987834e-05,0.000000e+00,3.500000e-05,1.213822e-04,-3.987330e-14,-3.987387e-15,0.000000e+00,-3.987387e-15,-1.512166e-05,1.987834e-05,3.500000e-05,-2.612674e-15,-3.153703e-15
1.391000e-10,2.877235e+02,2.580354e-04,0.000000e+00,1.928305e+01,-3.456966e-14,1.512166e-05,1.922654e+01,-7.559003e-14,1.987834e-05,0.000000e+00,3.500000e-05,2.580354e-04,-5.756944e-14,-5.758506e-15,0.000000e+00,-5.758506e-15,-1.512166e-05,1.987834e-05,3.500000e-05,-1.047514e-15,-3.435910e-15
1.392000e-10,2.878218e+02,3.901704e-04,0.000000e+00,1.928305e+01,1.071889e-14,1.512166e-05,1.922654e+01,-7.402912e-14,1.987834e-05,0.000000e+00,3.500000e-05,3.901704e-04,-6.702257e-14,-6.702945e-15,0.000000e+00,-6.702945e-15,-1.512166e-05,1.987834e-05,3.500000e-05,3.247241e-16,-3.364960e-15
1.393000e-10,2.879587e+02,5.145438e-04,0.000000e+00,1.928305e+01,4.683678e-14,1.512166e-05,1.922654e+01,-6.625966e-14,1.987834e-05,0.000000e+00,3.500000e-05,5.145438e-04,-6.885532e-14,-6.886032e-15,0.000000e+00,-6.886032e-15,-1.512166e-05,1.987834e-05,3.500000e-05,1.419539e-15,-3.011803e-15
1.394000e-10,2.881313e+02,6.264894e-04,0.000000e+00,1.928305e+01,7.227811e-14,1.512166e-05,1.922654e+01,-5.408808e-14,1.987834e-05,0.000000e+00,3.500000e-05,6.264894e-04,-6.431291e-14,-6.431724e-15,0.000000e+00,-6.431724e-15,-1.512166e-05,1.987834e-05,3.500000e-05,2.190160e-15,-2.458549e-15
1.395000e-10,2.883347e+02,7.200965e-04,0.000000e+00,1.928305e+01,8.674946e-14,1.512166e-05,1.922654e+01,-3.939100e-14,1.987834e-05,0.000000e+00,3.500000e-05,7.200965e-04,-5.496061e-14,-5.496036e-15,0.000000e+00,-5.496036e-15,-1.512166e-05,1.987834e-05,3.500000e-05,2.628618e-15,-1.790500e-15
1.396000e-10,2.885623e+02,7.889757e-04,0.000000e+00,1.928305e+01,9.097524e-14,1.512166e-05,1.922654e+01,-2.390469e-14,1.987834e-05,0.000000e+00,3.500000e-05,7.889757e-04,-4.248651e-14,-4.248018e-15,0.000000e+00,-4.248018e-15,-1.512166e-05,1.987834e-05,3.500000e-05,2.756700e-15,-1.086577e-15
1.397000e-10,2.888058e+02,8.275229e-04,0.000000e+00,1.928305e+01,8.644662e-14,1.512166e-05,1.922654e+01,-9.119911e-15,1.987834e-05,0.000000e+00,3.500000e-05,8.275229e-04,-2.853041e-14,-2.854245e-15,0.000000e+00,-2.854245e-15,-1.512166e-05,1.987834e-05,3.500000e-05,2.619583e-15,-4.145414e-16
1.398000e-10,2.890556e+02,8.322941e-04,0.000000e+00,1.928305e+01,7.515133e-14,1.512166e-05,1.922654e+01,3.770732e-15,1.987834e-05,0.000000e+00,3.500000e-05,8.322941e-04,-1.462693e-14,-1.462882e-15,0.000000e+00,-1.462882e-15,-1.512166e-05,1.987834e-05,3.500000e-05,2.277320e-15,1.713969e-16
1.399000e-10,2.893015e+02,8.029292e-04,0.000000e+00,1.928305e+01,5.931152e-14,1.512166e-05,1.922654e+01,1.399556e-14,1.987834e-05,0.000000e+00,3.500000e-05,8.029292e-04,-1.946750e-15,-1.953771e-16,0.000000e+00,-1.953771e-16,-1.512166e-05,1.987834e-05,3.500000e-05,1.797409e-15,6.361616e-16
1.400000e-10,2.895338e+02,7.422174e-04,0.000000e+00,1.928305e+01,4.114502e-14,1.512166e-05,1.922654e+01,2.111610e-14,1.987834e-05,0.000000e+00,3.500000e-05,7.422174e-04,8.593762e-15,8.594142e-16,0.000000e+00,8.594142e-16,-1.512166e-05,1.987834e-05,3.500000e-05,1.246813e-15,9.598228e-16
1.401000e-10,2.897440e+02,6.553116e-04,0.000000e+00,1.928305e+01,2.266825e-14,1.512166e-05,1.922654e+01,2.509729e-14,1.987834e-05,0.000000e+00,3.500000e-05,6.553116e-04,1.645968e-14,1.646069e-15,0.000000e+00,1.646069e-15,-1.512166e-05,1.987834e-05,3.500000e-05,6.871821e-16,1.140786e-15
1.402000e-10,2.899251e+02,5.484762e-04,0.000000e+00,1.928305e+01,5.559612e-15,1.512166e-05,1.922654e+01,2.614959e-14,1.987834e-05,0.000000e+00,3.500000e-05,5.484762e-04,2.145810e-14,2.144259e-15,0.000000e+00,2.144259e-15,-1.512166e-05,1.987834e-05,3.500000e-05,1.684739e-16,1.188618e-15
1.403000e-10,2.900722e+02,4.278750e-04,0.000000e+00,1.928305e+01,-8.928502e-15,1.512166e-05,1.922654e+01,2.472899e-14,1.987834e-05,0.000000e+00,3.500000e-05,4.278750e-04,2.364161e-14,2.364507e-15,0.000000e+00,2.364507e-15,-1.512166e-05,1.987834e-05,3.500000e-05,-2.705148e-16,1.124045e-15
1.404000e-10,2.901817e+02,2.987522e-04,0.000000e+00,1.928305e+01,-1.999948e-14,1.512166e-05,1.922654e+01,2.139671e-14,1.987834e-05,0.000000e+00,3.500000e-05,2.987522e-04,2.338292e-14,2.338079e-15,0.000000e+00,2.338079e-15,-1.512166e-05,1.987834e-05,3.500000e-05,-6.058682e-16,9.725779e-16
1.405000e-10,2.902517e+02,1.651207e-04,0.000000e+00,1.928305e+01,-2.730143e-14,1.512166e-05,1.922654e+01,1.678414e-14,1.987834e-05,0.000000e+00,3.500000e-05,1.651207e-04,2.112049e-14,2.111629e-15,0.000000e+00,2.111629e-15,-1.512166e-05,1.987834e-05,3.500000e-05,-8.274884e-16,7.629156e-16
1.406000e-10,2.902811e+02,2.988781e-05,0.000000e+00,1.928305e+01,-3.087762e-14,1.512166e-05,1.922654e+01,1.154019e-14,1.987834e-05,0.000000e+00,3.500000e-05,2.988781e-05,1.740237e-14,1.739758e-15,0.000000e+00,1.739758e-15,-1.512166e-05,1.987834e-05,3.500000e-05,-9.359069e-16,5.245543e-16
1.407000e-10,2.902696e+02,-1.047284e-04,0.000000e+00,1.928305e+01,-3.109202e-14,1.512166e-05,1.922654e+01,6.226093e-15,1.987834e-05,0.000000e+00,3.500000e-05,-1.047284e-04,1.283803e-14,1.283681e-15,0.000000e+00,1.283681e-15,-1.512166e-05,1.987834e-05,3.500000e-05,-9.422845e-16,2.830042e-16
1.408000e-10,2.902179e+02,-2.366396e-04,0.000000e+00,1.928305e+01,-2.853684e-14,1.512166e-05,1.922654e+01,1.332910e-15,1.987834e-05,0.000000e+00,3.500000e-05,-2.366396e-04,7.962383e-15,7.968702e-16,0.000000e+00,7.968702e-16,-1.512166e-05,1.987834e-05,3.500000e-05,-8.646908e-16,6.058682e-17
1.409000e-10,2.901271e+02,-3.633134e-04,0.000000e+00,1.928305e+01,-2.394056e-14,1.512166e-05,1.922654e+01,-2.788588e-15,1.987834e-05,0.000000e+00,3.500000e-05,-3.633134e-04,3.297198e-15,3.291819e-16,0.000000e+00,3.291819e-16,-1.512166e-05,1.987834e-05,3.500000e-05,-7.254474e-16,-1.267540e-16
1.410000e-10,2.899993e+02,-4.813157e-04,0.000000e+00,1.928305e+01,-1.807730e-14,1.512166e-05,1.922654e+01,-5.927942e-15,1.987834e-05,0.000000e+00,3.500000e-05,-4.813157e-04,-8.374533e-16,-8.377026e-17,0.000000e+00,-8.377026e-17,-1.512166e-05,1.987834e-05,3.500000e-05,-5.479387e-16,-2.694519e-16
1.411000e-10,2.898380e+02,-5.861168e-04,0.000000e+00,1.928305e+01,-1.169243e-14,1.512166e-05,1.922654e+01,-7.962383e-15,1.987834e-05,0.000000e+00,3.500000e-05,-5.861168e-04,-4.134652e-15,-4.137951e-16,0.000000e+00,-4.137951e-16,-1.512166e-05,1.987834e-05,3.500000e-05,-3.544860e-16,-3.619265e-16
1.412000e-10,2.896480e+02,-6.723106e-04,0.000000e+00,1.928305e+01,-5.442064e-15,1.512166e-05,1.922654e+01,-8.926989e-15,1.987834e-05,0.000000e+00,3.500000e-05,-6.723106e-04,-6.462860e-15,-6.474645e-16,0.000000e+00,-6.474645e-16,-1.512166e-05,1.987834e-05,3.500000e-05,-1.647536e-16,-4.057722e-16
1.413000e-10,2.894359e+02,-7.343174e-04,0.000000e+00,1.928305e+01,1.492230e-16,1.512166e-05,1.922654e+01,-8.926989e-15,1.987834e-05,0.000000e+00,3.500000e-05,-7.343174e-04,-7.817693e-15,-7.817532e-16,0.000000e+00,-7.817532e-16,-1.512166e-05,1.987834e-05,3.500000e-05,4.783170e-18,-4.057722e-16
1.414000e-10,2.892098e+02,-7.674540e-04,0.000000e+00,1.928305e+01,4.710314e-15,1.512166e-05,1.922654e+01,-8.137766e-15,1.987834e-05,0.000000e+00,3.500000e-05,-7.674540e-04,-8.221073e-15,-8.224062e-16,0.000000e+00,-8.224062e-16,-1.512166e-05,1.987834e-05,3.500000e-05,1.429636e-16,-3.698985e-16
1.415000e-10,2.889786e+02,-7.690298e-04,0.000000e+00,1.928305e+01,8.027396e-15,1.512166e-05,1.922654e+01,-6.787318e-15,1.987834e-05,0.000000e+00,3.500000e-05,-7.690298e-04,-7.835231e-15,-7.834871e-16,0.000000e+00,-7.834871e-16,-1.512166e-05,1.987834e-05,3.500000e-05,2.434102e-16,-3.085145e-16
1.416000e-10,2.887518e+02,-7.390304e-04,0.000000e+00,1.928305e+01,1.003684e-14,1.512166e-05,1.922654e+01,-5.103642e-15,1.987834e-05,0.000000e+00,3.500000e-05,-7.390304e-04,-6.818010e-15,-6.825838e-16,0.000000e+00,-6.825838e-16,-1.512166e-05,1.987834e-05,3.500000e-05,3.039970e-16,-2.319837e-16
1.417000e-10,2.885385e+02,-6.801022e-04,0.000000e+00,1.928305e+01,1.080013e-14,1.512166e-05,1.922654e+01,-3.279660e-15,1.987834e-05,0.000000e+00,3.500000e-05,-6.801022e-04,-5.414947e-15,-5.421422e-16,0.000000e+00,-5.421422e-16,-1.512166e-05,1.987834e-05,3.500000e-05,3.273814e-16,-1.490755e-16
1.418000e-10,2.883465e+02,-5.968696e-04,0.000000e+00,1.928305e+01,1.047560e-14,1.512166e-05,1.922654e+01,-1.490755e-15,1.987834e-05,0.000000e+00,3.500000e-05,-5.968696e-04,-3.783886e-15,-3.794175e-16,0.000000e+00,-3.794175e-16,-1.512166e-05,1.987834e-05,3.500000e-05,3.172836e-16,-6.776157e-17
1.419000e-10,2.881822e+02,-4.949027e-04,0.000000e+00,1.928305e+01,9.289638e-15,1.512166e-05,1.922654e+01,1.052297e-16,1.987834e-05,0.000000e+00,3.500000e-05,-4.949027e-04,-2.117748e-15,-2.125408e-16,0.000000e+00,-2.125408e-16,-1.512166e-05,1.987834e-05,3.500000e-05,2.816756e-16,4.783170e-18
1.420000e-10,2.880505e+02,-3.797300e-04,0.000000e+00,1.928305e+01,7.503019e-15,1.512166e-05,1.922654e+01,1.403063e-15,1.987834e-05,0.000000e+00,3.500000e-05,-3.797300e-04,-5.743790e-16,-5.790788e-17,0.000000e+00,-5.790788e-17,-1.512166e-05,1.987834e-05,3.500000e-05,2.274663e-16,6.377560e-17
1.421000e-10,2.879547e+02,-2.561736e-04,0.000000e+00,1.928305e+01,5.380545e-15,1.512166e-05,1.922654e+01,2.350131e-15,1.987834e-05,0.000000e+00,3.500000e-05,-2.561736e-04,7.366082e-16,7.398435e-17,0.000000e+00,7.398435e-17,-1.512166e-05,1.987834e-05,3.500000e-05,1.631592e-16,1.068241e-16
1.422000e-10,2.878969e+02,-1.281023e-04,0.000000e+00,1.928305e+01,3.170543e-15,1.512166e-05,1.922654e+01,2.911356e-15,1.987834e-05,0.000000e+00,3.500000e-05,-1.281023e-04,1.775752e-15,1.764332e-16,0.000000e+00,1.764332e-16,-1.512166e-05,1.987834e-05,3.500000e-05,9.619486e-17,1.323344e-16
1.423000e-10,2.878779e+02,1.450979e-06,0.000000e+00,1.928305e+01,1.083858e-15,1.512166e-05,1.922654e+01,3.121816e-15,1.987834e-05,0.000000e+00,3.500000e-05,1.450979e-06,2.442207e-15,2.435878e-16,0.000000e+00,2.435878e-16,-1.512166e-05,1.987834e-05,3.500000e-05,3.295073e-17,1.419007e-16
1.424000e-10,2.878979e+02,1.299275e-04,0.000000e+00,1.928305e+01,-7.194361e-16,1.512166e-05,1.922654e+01,2.999048e-15,1.987834e-05,0.000000e+00,3.500000e-05,1.299275e-04,2.775434e-15,2.775820e-16,0.000000e+00,2.775820e-16,-1.512166e-05,1.987834e-05,3.500000e-05,-2.179000e-17,1.363203e-16
1.425000e-10,2.879561e+02,2.547690e-04,0.000000e+00,1.928305e+01,-2.133364e-15,1.512166e-05,1.922654e+01,2.648282e-15,1.987834e-05,0.000000e+00,3.500000e-05,2.547690e-04,2.806126e-15,2.802603e-16,0.000000e+00,2.802603e-16,-1.512166e-05,1.987834e-05,3.500000e-05,-6.483852e-17,1.203764e-16
1.426000e-10,2.880511e+02,3.729621e-04,0.000000e+00,1.928305e+01,-3.102054e-15,1.512166e-05,1.922654e+01,2.139671e-15,1.987834e-05,0.000000e+00,3.500000e-05,3.729621e-04,2.578129e-15,2.584260e-16,0.000000e+00,2.584260e-16,-1.512166e-05,1.987834e-05,3.500000e-05,-9.406901e-17,9.725779e-17
1.427000e-10,2.881801e+02,4.807305e-04,0.000000e+00,1.928305e+01,-3.621650e-15,1.512166e-05,1.922654e+01,1.525831e-15,1.987834e-05,0.000000e+00,3.500000e-05,4.807305e-04,2.179132e-15,2.182137e-16,0.000000e+00,2.182137e-16,-1.512166e-05,1.987834e-05,3.500000e-05,-1.094814e-16,6.935596e-17
1.428000e-10,2.883393e+02,5.735103e-04,0.000000e+00,1.928305e+01,-3.729342e-15,1.512166e-05,1.922654e+01,8.944528e-16,1.987834e-05,0.000000e+00,3.500000e-05,5.735103e-04,1.666138e-15,1.660369e-16,0.000000e+00,1.660369e-16,-1.512166e-05,1.987834e-05,3.500000e-05,-1.132017e-16,4.065694e-17
1.429000e-10,2.885233e+02,6.463066e-04,0.000000e+00,1.928305e+01,-3.489015e-15,1.512166e-05,1.922654e+01,2.806126e-16,1.987834e-05,0.000000e+00,3.500000e-05,6.463066e-04,1.074220e-15,1.078250e-16,0.000000e+00,1.078250e-16,-1.512166e-05,1.987834e-05,3.500000e-05,-1.057612e-16,1.275512e-17
1.430000e-10,2.887253e+02,6.944235e-04,0.000000e+00,1.928305e+01,-2.986949e-15,1.512166e-05,1.922654e+01,-2.455361e-16,1.987834e-05,0.000000e+00,3.500000e-05,6.944235e-04,5.086104e-16,5.058770e-17,0.000000e+00,5.058770e-17,-1.512166e-05,1.987834e-05,3.500000e-05,-9.034876e-17,-1.116073e-17
1.431000e-10,2.889374e+02,7.143877e-04,0.000000e+00,1.928305e+01,-2.315021e-15,1.512166e-05,1.922654e+01,-6.489167e-16,1.987834e-05,0.000000e+00,3.500000e-05,7.143877e-04,-1.315372e-17,-9.692056e-19,0.000000e+00,-9.692056e-19,-1.512166e-05,1.987834e-05,3.500000e-05,-7.015316e-17,-2.949621e-17
1.432000e-10,2.891508e+02,7.047456e-04,0.000000e+00,1.928305e+01,-1.563075e-15,1.512166e-05,1.922654e+01,-9.119911e-16,1.987834e-05,0.000000e+00,3.500000e-05,7.047456e-04,-4.296881e-16,-4.218439e-17,0.000000e+00,-4.218439e-17,-1.512166e-05,1.987834e-05,3.500000e-05,-4.730024e-17,-4.145414e-17
1.433000e-10,2.893569e+02,6.664134e-04,0.000000e+00,1.928305e+01,-8.113314e-16,1.512166e-05,1.922654e+01,-1.052297e-15,1.987834e-05,0.000000e+00,3.500000e-05,6.664134e-04,-7.103007e-16,-7.276465e-17,0.000000e+00,-7.276465e-17,-1.512166e-05,1.987834e-05,3.500000e-05,-2.444731e-17,-4.783170e-17
1.434000e-10,2.895477e+02,6.024434e-04,0.000000e+00,1.928305e+01,-1.255955e-16,1.512166e-05,1.922654e+01,-1.069836e-15,1.987834e-05,0.000000e+00,3.500000e-05,6.024434e-04,-9.207602e-16,-9.209115e-17,0.000000e+00,-9.209115e-17,-1.512166e-05,1.987834e-05,3.500000e-05,-3.720243e-18,-4.862889e-17
1.435000e-10,2.897161e+02,5.173282e-04,0.000000e+00,1.928305e+01,4.462383e-16,1.512166e-05,1.922654e+01,-9.996825e-16,1.987834e-05,0.000000e+00,3.500000e-05,5.173282e-04,-9.821442e-16,-9.849390e-17,0.000000e+00,-9.849390e-17,-1.512166e-05,1.987834e-05,3.500000e-05,1.328658e-17,-4.544011e-17
1.436000e-10,2.898565e+02,4.161313e-04,0.000000e+00,1.928305e+01,8.743761e-16,1.512166e-05,1.922654e+01,-8.418379e-16,1.987834e-05,0.000000e+00,3.500000e-05,4.161313e-04,-9.602214e-16,-9.639626e-17,0.000000e+00,-9.639626e-17,-1.512166e-05,1.987834e-05,3.500000e-05,2.657317e-17,-3.826536e-17
1.437000e-10,2.899648e+02,3.037406e-04,0.000000e+00,1.928305e+01,1.148201e-15,1.512166e-05,1.922654e+01,-6.313784e-16,1.987834e-05,0.000000e+00,3.500000e-05,3.037406e-04,-8.418379e-16,-8.488835e-17,0.000000e+00,-8.488835e-17,-1.512166e-05,1.987834e-05,3.500000e-05,3.454512e-17,-2.869902e-17
1.438000e-10,2.900383e+02,1.844257e-04,0.000000e+00,1.928305e+01,1.273264e-15,1.512166e-05,1.922654e+01,-4.209189e-16,1.987834e-05,0.000000e+00,3.500000e-05,1.844257e-04,-6.664550e-16,-6.732031e-17,0.000000e+00,-6.732031e-17,-1.512166e-05,1.987834e-05,3.500000e-05,3.879682e-17,-1.913268e-17
1.439000e-10,2.900753e+02,6.173444e-05,0.000000e+00,1.928305e+01,1.264572e-15,1.512166e-05,1.922654e+01,-2.104595e-16,1.987834e-05,0.000000e+00,3.500000e-05,6.173444e-05,-4.910721e-16,-4.875156e-17,0.000000e+00,-4.875156e-17,-1.512166e-05,1.987834e-05,3.500000e-05,3.826536e-17,-9.566340e-18
1.440000e-10,2.900752e+02,-6.133355e-05,0.000000e+00,1.928305e+01,1.147618e-15,1.512166e-05,1.922654e+01,0.000000e+00,1.987834e-05,0.000000e+00,3.500000e-05,-6.133355e-05,-2.806126e-16,-2.785236e-17,0.000000e+00,-2.785236e-17,-1.512166e-05,1.987834e-05,3.500000e-05,3.454512e-17,0.000000e+00
1.441000e-10,2.900383e+02,-1.819867e-04,0.000000e+00,1.928305e+01,9.535840e-16,1.512166e-05,1.922654e+01,1.753829e-16,1.987834e-05,0.000000e+00,3.500000e-05,-1.819867e-04,-7.892230e-17,-7.901227e-18,0.000000e+00,-7.901227e-18,-1.512166e-05,1.987834e-05,3.500000e-05,2.869902e-17,7.971950e-18
1.442000e-10,2.899658e+02,-2.972561e-04,0.000000e+00,1.928305e+01,7.124656e-16,1.512166e-05,1.922654e+01,2.981509e-16,1.987834e-05,0.000000e+00,3.500000e-05,-2.972561e-04,9.646059e-17,9.309941e-18,0.000000e+00,9.309941e-18,-1.512166e-05,1.987834e-05,3.500000e-05,2.179000e-17,1.355231e-17
1.443000e-10,2.898598e+02,-4.036884e-04,0.000000e+00,1.928305e+01,4.552917e-16,1.512166e-05,1.922654e+01,3.683041e-16,1.987834e-05,0.000000e+00,3.500000e-05,-4.036884e-04,2.323823e-16,2.237782e-17,0.000000e+00,2.237782e-17,-1.512166e-05,1.987834e-05,3.500000e-05,1.381805e-17,1.674109e-17
1.444000e-10,2.897238e+02,-4.972361e-04,0.000000e+00,1.928305e+01,2.065698e-16,1.512166e-05,1.922654e+01,3.858424e-16,1.987834e-05,0.000000e+00,3.500000e-05,-4.972361e-04,3.025355e-16,3.058867e-17,0.000000e+00,3.058867e-17,-1.512166e-05,1.987834e-05,3.500000e-05,6.377560e-18,1.753829e-17
1.445000e-10,2.895623e+02,-5.734435e-04,0.000000e+00,1.928305e+01,-1.413092e-17,1.512166e-05,1.922654e+01,3.683041e-16,1.987834e-05,0.000000e+00,3.500000e-05,-5.734434e-04,3.595349e-16,3.470563e-17,0.000000e+00,3.470563e-17,-1.512166e-05,1.987834e-05,3.500000e-05,-5.314633e-19,1.674109e-17
1.446000e-10,2.893813e+02,-6.279517e-04,0.000000e+00,1.928305e+01,-1.933189e-16,1.512166e-05,1.922654e+01,3.156892e-16,1.987834e-05,0.000000e+00,3.500000e-05,-6.279517e-04,3.419966e-16,3.478805e-17,0.000000e+00,3.478805e-17,-1.512166e-05,1.987834e-05,3.500000e-05,-5.846097e-18,1.434951e-17
1.447000e-10,2.891878e+02,-6.572253e-04,0.000000e+00,1.928305e+01,-3.227067e-16,1.512166e-05,1.922654e+01,2.630743e-16,1.987834e-05,0.000000e+00,3.500000e-05,-6.572253e-04,3.244584e-16,3.086182e-17,0.000000e+00,3.086182e-17,-1.512166e-05,1.987834e-05,3.500000e-05,-9.566340e-18,1.195792e-17
1.448000e-10,2.889897e+02,-6.592738e-04,0.000000e+00,1.928305e+01,-3.998570e-16,1.512166e-05,1.922654e+01,1.929212e-16,1.987834e-05,0.000000e+00,3.500000e-05,-6.592738e-04,2.630743e-16,2.653945e-17,0.000000e+00,2.653945e-17,-1.512166e-05,1.987834e-05,3.500000e-05,-1.222366e-17,8.769145e-18
1.449000e-10,2.887953e+02,-6.340979e-04,0.000000e+00,1.928305e+01,-4.284924e-16,1.512166e-05,1.922654e+01,1.227680e-16,1.987834e-05,0.000000e+00,3.500000e-05,-6.340979e-04,2.148440e-16,2.080599e-17,0.000000e+00,2.080599e-17,-1.512166e-05,1.987834e-05,3.500000e-05,-1.275512e-17,5.580365e-18
1.450000e-10,2.886122e+02,-5.836871e-04,0.000000e+00,1.928305e+01,-4.155010e-16,1.512166e-05,1.922654e+01,5.261487e-17,1.987834e-05,0.000000e+00,3.500000e-05,-5.836871e-04,1.446909e-16,1.368108e-17,0.000000e+00,1.368108e-17,-1.512166e-05,1.987834e-05,3.500000e-05,-1.275512e-17,2.391585e-18
1.451000e-10,2.884476e+02,-5.115815e-04,0.000000e+00,1.928305e+01,-3.681447e-16,1.512166e-05,1.922654e+01,0.000000e+00,1.987834e-05,0.000000e+00,3.500000e-05,-5.115815e-04,7.015316e-17,6.967406e-18,0.000000e+00,6.967406e-18,-1.512166e-05,1.987834e-05,3.500000e-05,-1.116073e-17,0.000000e+00
1.452000e-10,2.883072e+02,-4.221864e-04,0.000000e+00,1.928305e+01,-2.972685e-16,1.512166e-05,1.922654e+01,-5.261487e-17,1.987834e-05,0.000000e+00,3.500000e-05,-4.221864e-04,1.753829e-17,1.398789e-18,0.000000e+00,1.398789e-18,-1.512166e-05,1.987834e-05,3.500000e-05,-9.034876e-18,-2.391585e-18
1.453000e-10,2.881955e+02,-3.200858e-04,0.000000e+00,1.928305e+01,-2.128565e-16,1.512166e-05,1.922654e+01,-8.769145e-17,1.987834e-05,0.000000e+00,3.500000e-05,-3.200858e-04,-3.507658e-17,-3.371722e-18,0.000000e+00,-3.371722e-18,-1.512166e-05,1.987834e-05,3.500000e-05,-6.377560e-18,-3.985975e-18
1.454000e-10,2.881159e+02,-2.095501e-04,0.000000e+00,1.928305e+01,-1.249814e-16,1.512166e-05,1.922654e+01,-1.052297e-16,1.987834e-05,0.000000e+00,3.500000e-05,-2.095501e-04,-6.576859e-17,-7.348227e-18,0.000000e+00,-7.348227e-18,-1.512166e-05,1.987834e-05,3.500000e-05,-3.720243e-18,-4.783170e-18
1.455000e-10,2.880702e+02,-9.432061e-05,0.000000e+00,1.928305e+01,-4.314616e-17,1.512166e-05,1.922654e+01,-1.052297e-16,1.987834e-05,0.000000e+00,3.500000e-05,-9.432061e-05,-1.052297e-16,-1.018486e-17,0.000000e+00,-1.018486e-17,-1.512166e-05,1.987834e-05,3.500000e-05,-1.062927e-18,-4.783170e-18
1.456000e-10,2.880595e+02,2.234642e-05,0.000000e+00,1.928305e+01,2.697664e-17,1.512166e-05,1.922654e+01,-8.769145e-17,1.987834e-05,0.000000e+00,3.500000e-05,2.234642e-05,-1.139989e-16,-1.011625e-17,0.000000e+00,-1.011625e-17,-1.512166e-05,1.987834e-05,3.500000e-05,1.062927e-18,-3.985975e-18
1.457000e-10,2.880838e+02,1.374558e-04,0.000000e+00,1.928305e+01,8.315212e-17,1.512166e-05,1.922654e+01,-7.015316e-17,1.987834e-05,0.000000e+00,3.500000e-05,1.374558e-04,-8.769145e-17,-8.948970e-18,0.000000e+00,-8.948970e-18,-1.512166e-05,1.987834e-05,3.500000e-05,2.657317e-18,-3.188780e-18
1.458000e-10,2.881421e+02,2.479743e-04,0.000000e+00,1.928305e+01,1.227719e-16,1.512166e-05,1.922654e+01,-5.261487e-17,1.987834e-05,0.000000e+00,3.500000e-05,2.479743e-04,-7.015316e-17,-7.057811e-18,0.000000e+00,-7.057811e-18,-1.512166e-05,1.987834e-05,3.500000e-05,3.720243e-18,-2.391585e-18
1.459000e-10,2.882326e+02,3.505690e-04,0.000000e+00,1.928305e+01,1.456713e-16,1.512166e-05,1.922654e+01,-5.261487e-17,1.987834e-05,0.000000e+00,3.500000e-05,3.505690e-04,-6.576859e-17,-6.225183e-18,0.000000e+00,-6.225183e-18,-1.512166e-05,1.987834e-05,3.500000e-05,4.251707e-18,-2.391585e-18
1.460000e-10,2.883521e+02,4.414911e-04,0.000000e+00,1.928305e+01,1.536168e-16,1.512166e-05,1.922654e+01,-3.507658e-17,1.987834e-05,0.000000e+00,3.500000e-05,4.414911e-04,-5.261487e-17,-5.391260e-18,0.000000e+00,-5.391260e-18,-1.512166e-05,1.987834e-05,3.500000e-05,4.783170e-18,-1.594390e-18
1.461000e-10,2.884967e+02,5.166924e-04,0.000000e+00,1.928305e+01,1.468552e-16,1.512166e-05,1.922654e+01,-1.753829e-17,1.987834e-05,0.000000e+00,3.500000e-05,5.166924e-04,-3.507658e-17,-4.190757e-18,0.000000e+00,-4.190757e-18,-1.512166e-05,1.987834e-05,3.500000e-05,4.251707e-18,-7.971950e-19
1.462000e-10,2.886608e+02,5.722039e-04,0.000000e+00,1.928305e+01,1.277481e-16,1.512166e-05,1.922654e+01,0.000000e+00,1.987834e-05,0.000000e+00,3.500000e-05,5.722039e-04,-3.069201e-17,-3.025639e-18,0.000000e+00,-3.025639e-18,-1.512166e-05,1.987834e-05,3.500000e-05,3.720243e-18,0.000000e+00
1.463000e-10,2.888379e+02,6.047123e-04,0.000000e+00,1.928305e+01,1.013856e-16,1.512166e-05,1.922654e+01,1.753829e-17,1.987834e-05,0.000000e+00,3.500000e-05,6.047123e-04,0.000000e+00,-8.203294e-19,0.000000e+00,-8.203294e-19,-1.512166e-05,1.987834e-05,3.500000e-05,3.188780e-18,7.971950e-19
1.464000e-10,2.890210e+02,6.121676e-04,0.000000e+00,1.928305e+01,7.145232e-17,1.512166e-05,1.922654e+01,3.507658e-17,1.987834e-05,0.000000e+00,3.500000e-05,6.121676e-04,1.753829e-17,1.010201e-18,0.000000e+00,1.010201e-18,-1.512166e-05,1.987834e-05,3.500000e-05,2.125853e-18,1.594390e-18
1.465000e-10,2.892024e+02,5.942063e-04,0.000000e+00,1.928305e+01,4.110756e-17,1.512166e-05,1.922654e+01,5.261487e-17,1.987834e-05,0.000000e+00,3.500000e-05,5.942063e-04,4.384572e-17,2.802541e-18,0.000000e+00,2.802541e-18,-1.512166e-05,1.987834e-05,3.500000e-05,1.062927e-18,2.391585e-18
1.466000e-10,2.893747e+02,5.522302e-04,0.000000e+00,1.928305e+01,1.363077e-17,1.512166e-05,1.922654e+01,5.261487e-17,1.987834e-05,0.000000e+00,3.500000e-05,5.522302e-04,2.630743e-17,4.215354e-18,0.000000e+00,4.215354e-18,-1.512166e-05,1.987834e-05,3.500000e-05,5.314633e-19,2.391585e-18
1.467000e-10,2.895313e+02,4.891179e-04,0.000000e+00,1.928305e+01,-8.274693e-18,1.512166e-05,1.922654e+01,5.261487e-17,1.987834e-05,0.000000e+00,3.500000e-05,4.891179e-04,5.699944e-17,4.540940e-18,0.000000e+00,4.540940e-18,-1.512166e-05,1.987834e-05,3.500000e-05,0.000000e+00,2.391585e-18
1.468000e-10,2.896662e+02,4.086907e-04,0.000000e+00,1.928305e+01,-2.436191e-17,1.512166e-05,1.922654e+01,5.261487e-17,1.987834e-05,0.000000e+00,3.500000e-05,4.086907e-04,5.261487e-17,4.846460e-18,0.000000e+00,4.846460e-18,-1.512166e-05,1.987834e-05,3.500000e-05,-5.314633e-19,2.391585e-18
1.469000e-10,2.897750e+02,3.151278e-04,0.000000e+00,1.928305e+01,-3.468154e-17,1.512166e-05,1.922654e+01,5.261487e-17,1.987834e-05,0.000000e+00,3.500000e-05,3.151278e-04,5.699944e-17,4.445789e-18,0.000000e+00,4.445789e-18,-1.512166e-05,1.987834e-05,3.500000e-05,-1.062927e-18,2.391585e-18
1.470000e-10,2.898544e+02,2.125025e-04,0.000000e+00,1.928305e+01,-3.936652e-17,1.512166e-05,1.922654e+01,3.507658e-17,1.987834e-05,0.000000e+00,3.500000e-05,2.125025e-04,4.384572e-17,3.674221e-18,0.000000e+00,3.674221e-18,-1.512166e-05,1.987834e-05,3.500000e-05,-1.062927e-18,1.594390e-18
1.471000e-10,2.899020e+02,1.045345e-04,0.000000e+00,1.928305e+01,-3.875874e-17,1.512166e-05,1.922654e+01,1.753829e-17,1.987834e-05,0.000000e+00,3.500000e-05,1.045345e-04,1.753829e-17,2.569948e-18,0.000000e+00,2.569948e-18,-1.512166e-05,1.987834e-05,3.500000e-05,-1.062927e-18,7.971950e-19
1.472000e-10,2.899168e+02,-5.434777e-06,0.000000e+00,1.928305e+01,-3.551091e-17,1.512166e-05,1.922654e+01,0.000000e+00,1.987834e-05,0.000000e+00,3.500000e-05,-5.434777e-06,2.192286e-17,1.824704e-18,0.000000e+00,1.824704e-18,-1.512166e-05,1.987834e-05,3.500000e-05,-1.062927e-18,0.000000e+00
1.473000e-10,2.898985e+02,-1.143005e-04,0.000000e+00,1.928305e+01,-2.979396e-17,1.512166e-05,1.922654e+01,-1.753829e-17,1.987834e-05,0.000000e+00,3.500000e-05,-1.143005e-04,0.000000e+00,7.379081e-19,0.000000e+00,7.379081e-19,-1.512166e-05,1.987834e-05,3.500000e-05,-1.062927e-18,-7.971950e-19
1.474000e-10,2.898481e+02,-2.189722e-04,0.000000e+00,1.928305e+01,-2.273483e-17,1.512166e-05,1.922654e+01,-3.507658e-17,1.987834e-05,0.000000e+00,3.500000e-05,-2.189722e-04,8.769145e-18,-3.409049e-19,0.000000e+00,-3.409049e-19,-1.512166e-05,1.987834e-05,3.500000e-05,-5.314633e-19,-1.594390e-18
1.475000e-10,2.897672e+02,-3.161718e-04,0.000000e+00,1.928305e+01,-1.657471e-17,1.512166e-05,1.922654e+01,-3.507658e-17,1.987834e-05,0.000000e+00,3.500000e-05,-3.161718e-04,-8.769145e-18,-2.471345e-18,0.000000e+00,-2.471345e-18,-1.512166e-05,1.987834e-05,3.500000e-05,-5.314633e-19,-1.594390e-18
1.476000e-10,2.896588e+02,-4.023453e-04,0.000000e+00,1.928305e+01,-1.073114e-17,1.512166e-05,1.922654e+01,-1.753829e-17,1.987834e-05,0.000000e+00,3.500000e-05,-4.023453e-04,-2.630743e-17,-2.468756e-18,0.000000e+00,-2.468756e-18,-1.512166e-05,1.987834e-05,3.500000e-05,-5.314633e-19,-7.971950e-19
1.477000e-10,2.895267e+02,-4.737636e-04,0.000000e+00,1.928305e+01,-4.995205e-18,1.512166e-05,1.922654e+01,0.000000e+00,1.987834e-05,0.000000e+00,3.500000e-05,-4.737636e-04,-1.315372e-17,-1.757818e-18,0.000000e+00,-1.757818e-18,-1.512166e-05,1.987834e-05,3.500000e-05,0.000000e+00,0.000000e+00
1.478000e-10,2.893759e+02,-5.268353e-04,0.000000e+00,1.928305e+01,6.014505e-19,1.512166e-05,1.922654e+01,0.000000e+00,1.987834e-05,0.000000e+00,3.500000e-05,-5.268353e-04,-2.630743e-17,-1.031561e-18,0.000000e+00,-1.031561e-18,-1.512166e-05,1.987834e-05,3.500000e-05,0.000000e+00,0.000000e+00
1.479000e-10,2.892125e+02,-5.585794e-04,0.000000e+00,1.928305e+01,5.615649e-18,1.512166e-05,1.922654e+01,0.000000e+00,1.987834e-05,0.000000e+00,3.500000e-05,-5.585794e-04,0.000000e+00,4.466286e-20,0.000000e+00,4.466286e-20,-1.512166e-05,1.987834e-05,3.500000e-05,0.000000e+00,0.000000e+00
1.480000e-10,2.890431e+02,-5.671254e-04,0.000000e+00,1.928305e+01,9.686519e-18,1.512166e-05,1.922654e+01,0.000000e+00,1.987834e-05,0.000000e+00,3.500000e-05,-5.671254e-04,4.384572e-18,4.638896e-20,0.000000e+00,4.638896e-20,-1.512166e-05,1.987834e-05,3.500000e-05,5.314633e-19,0.000000e+00
1.481000e-10,2.888749e+02,-5.520697e-04,0.000000e+00,1.928305e+01,1.221261e-17,1.512166e-05,1.922654e+01,0.000000e+00,1.987834e-05,0.000000e+00,3.500000e-05,-5.520697e-04,0.000000e+00,5.501947e-20,0.000000e+00,5.501947e-20,-1.512166e-05,1.987834e-05,3.500000e-05,5.314633e-19,0.000000e+00
1.482000e-10,2.887145e+02,-5.145585e-04,0.000000e+00,1.928305e+01,1.316860e-17,1.512166e-05,1.922654e+01,0.000000e+00,1.987834e-05,0.000000e+00,3.500000e-05,-5.145585e-04,0.000000e+00,6.321844e-20,0.000000e+00,6.321844e-20,-1.512166e-05,1.987834e-05,3.500000e-05,5.314633e-19,0.000000e+00
1.483000e-10,2.885685e+02,-4.570704e-04,0.000000e+00,1.928305e+01,1.181375e-17,1.512166e-05,1.922654e+01,0.000000e+00,1.987834e-05,0.000000e+00,3.500000e-05,-4.570704e-04,0.000000e+00,7.789030e-20,0.000000e+00,7.789030e-20,-1.512166e-05,1.987834e-05,3.500000e-05,5.314633e-19,0.000000e+00
1.484000e-10,2.884422e+02,-3.829881e-04,0.000000e+00,1.928305e+01,1.007271e-17,1.512166e-05,1.922654e+01,0.000000e+00,1.987834e-05,0.000000e+00,3.500000e-05,-3.829881e-04,0.000000e+00,8.479471e-20,0.000000e+00,8.479471e-20,-1.512166e-05,1.987834e-05,3.500000e-05,5.314633e-19,0.000000e+00
1.485000e-10,2.883402e+02,-2.961099e-04,0.000000e+00,1.928305e+01,7.825188e-18,1.512166e-05,1.922654e+01,0.000000e+00,1.987834e-05,0.000000e+00,3.500000e-05,-2.961099e-04,0.000000e+00,9.126758e-20,0.000000e+00,9.126758e-20,-1.512166e-05,1.987834e-05,3.500000e-05,0.000000e+00,0.000000e+00
1.486000e-10,2.882656e+02,-2.002459e-04,0.000000e+00,1.928305e+01,5.647304e-18,1.512166e-05,1.922654e+01,0.000000e+00,1.987834e-05,0.000000e+00,3.500000e-05,-2.002459e-04,0.000000e+00,9.040453e-20,0.000000e+00,9.040453e-20,-1.512166e-05,1.987834e-05,3.500000e-05,0.000000e+00,0.000000e+00
1.487000e-10,2.882207e+02,-9.898299e-05,0.000000e+00,1.928305e+01,3.710000e-18,1.512166e-05,1.922654e+01,0.000000e+00,1.987834e-05,0.000000e+00,3.500000e-05,-9.898299e-05,0.000000e+00,8.954148e-20,0.000000e+00,8.954148e-20,-1.512166e-05,1.987834e-05,3.500000e-05,0.000000e+00,0.000000e+00
1.488000e-10,2.882066e+02,4.366338e-06,0.000000e+00,1.928305e+01,2.025939e-18,1.512166e-05,1.922654e+01,0.000000e+00,1.987834e-05,0.000000e+00,3.500000e-05,4.366338e-06,0.000000e+00,8.867843e-20,0.000000e+00,8.867843e-20,-1.512166e-05,1.987834e-05,3.500000e-05,0.000000e+00,0.000000e+00
1.489000e-10,2.882235e+02,1.066734e-04,0.000000e+00,1.928305e+01,5.887884e-19,1.512166e-05,1.922654e+01,0.000000e+00,1.987834e-05,0.000000e+00,3.500000e-05,1.066734e-04,0.000000e+00,8.803114e-20,0.000000e+00,8.803114e-20,-1.512166e-05,1.987834e-05,3.500000e-05,0.000000e+00,0.000000e+00
1.490000e-10,2.882706e+02,2.048334e-04,0.000000e+00,1.928305e+01,-6.394369e-19,1.512166e-05,1.922654e+01,0.000000e+00,1.987834e-05,0.000000e+00,3.500000e-05,2.048334e-04,0.000000e+00,8.759962e-20,0.000000e+00,8.759962e-20,-1.512166e-05,1.987834e-05,3.500000e-05,0.000000e+00,0.000000e+00
1.491000e-10,2.883462e+02,2.956217e-04,0.000000e+00,1.928305e+01,-1.677730e-18,1.512166e-05,1.922654e+01,0.000000e+00,1.987834e-05,0.000000e+00,3.500000e-05,2.956217e-04,0.000000e+00,8.716809e-20,0.000000e+00,8.716809e-20,-1.512166e-05,1.987834e-05,3.500000e-05,0.000000e+00,0.000000e+00
1.492000e-10,2.884475e+02,3.756481e-04,0.000000e+00,1.928305e+01,-2.557748e-18,1.512166e-05,1.922654e+01,0.000000e+00,1.987834e-05,0.000000e+00,3.500000e-05,3.756481e-04,0.000000e+00,8.673657e-20,0.000000e+00,8.673657e-20,-1.512166e-05,1.987834e-05,3.500000e-05,0.000000e+00,0.000000e+00
1.493000e-10,2.885707e+02,4.414664e-04,0.000000e+00,1.928305e+01,-3.304812e-18,1.512166e-05,1.922654e+01,0.000000e+00,1.987834e-05,0.000000e+00,3.500000e-05,4.414664e-04,0.000000e+00,8.652081e-20,0.000000e+00,8.652081e-20,-1.512166e-05,1.987834e-05,3.500000e-05,0.000000e+00,0.000000e+00
1.494000e-10,2.887110e+02,4.898545e-04,0.000000e+00,1.928305e+01,-3.944249e-18,1.512166e-05,1.922654e+01,0.000000e+00,1.987834e-05,0.000000e+00,3.500000e-05,4.898545e-04,0.000000e+00,8.608928e-20,0.000000e+00,8.608928e-20,-1.512166e-05,1.987834e-05,3.500000e-05,0.000000e+00,0.000000e+00
1.495000e-10,2.888627e+02,5.182130e-04,0.000000e+00,1.928305e+01,-4.482389e-18,1.512166e-05,1.922654e+01,0.000000e+00,1.987834e-05,0.000000e+00,3.500000e-05,5.182130e-04,0.000000e+00,8.587352e-20,0.000000e+00,8.587352e-20,-1.512166e-05,1.987834e-05,3.500000e-05,0.000000e+00,0.000000e+00
1.496000e-10,2.890197e+02,5.249713e-04,0.000000e+00,1.928305e+01,-4.944556e-18,1.512166e-05,1.922654e+01,0.000000e+00,1.987834e-05,0.000000e+00,3.500000e-05,5.249713e-04,0.000000e+00,8.565776e-20,0.000000e+00,8.565776e-20,-1.512166e-05,1.987834e-05,3.500000e-05,0.000000e+00,0.000000e+00
1.497000e-10,2.891752e+02,5.098659e-04,0.000000e+00,1.928305e+01,-5.330751e-18,1.512166e-05,1.922654e+01,0.000000e+00,1.987834e-05,0.000000e+00,3.500000e-05,5.098659e-04,0.000000e+00,8.565776e-20,0.000000e+00,8.565776e-20,-1.512166e-05,1.987834e-05,3.500000e-05,0.000000e+00,0.000000e+00
1.498000e-10,2.893231e+02,4.739922e-04,0.000000e+00,1.928305e+01,-5.659966e-18,1.512166e-05,1.922654e+01,0.000000e+00,1.987834e-05,0.000000e+00,3.500000e-05,4.739922e-04,0.000000e+00,8.544199e-20,0.000000e+00,8.544199e-20,-1.512166e-05,1.987834e-05,3.500000e-05,0.000000e+00,0.000000e+00
1.499000e-10,2.894574e+02,4.196145e-04,0.000000e+00,1.928305e+01,-5.944864e-18,1.512166e-05,1.922654e+01,0.000000e+00,1.987834e-05,0.000000e+00,3.500000e-05,4.196145e-04,0.000000e+00,8.544199e-20,0.000000e+00,8.544199e-20,-1.512166e-05,1.987834e-05,3.500000e-05,0.000000e+00,0.000000e+00
1.500000e-10,2.895730e+02,3.498075e-04,0.000000e+00,1.928305e+01,-6.185444e-18,1.512166e-05,1.922654e+01,0.000000e+00,1.987834e-05,0.000000e+00,3.500000e-05,3.498075e-04,0.000000e+00,8.501047e-20,0.000000e+00,8.501047e-20,-1.512166e-05,1.987834e-05,3.500000e-05,0.000000e+00,0.000000e+00
1.501000e-10,2.896659e+02,2.680502e-04,0.000000e+00,1.928305e+01,-6.388038e-18,1.512166e-05,1.922654e+01,0.000000e+00,1.987834e-05,0.000000e+00,3.500000e-05,2.680502e-04,0.000000e+00,8.501047e-20,0.000000e+00,8.501047e-20,-1.512166e-05,1.987834e-05,3.500000e-05,0.000000e+00,0.000000e+00
1.502000e-10,2.897329e+02,1.778882e-04,0.000000e+00,1.928305e+01,-6.558976e-18,1.512166e-05,1.922654e+01,0.000000e+00,1.987834e-05,0.000000e+00,3.500000e-05,1.778882e-04,0.000000e+00,8.501047e-20,0.000000e+00,8.501047e-20,-1.512166e-05,1.987834e-05,3.500000e-05,0.000000e+00,0.000000e+00
1.503000e-10,2.897720e+02,8.273153e-05,0.000000e+00,1.928305e+01,-6.704591e-18,1.512166e-05,1.922654e+01,0.000000e+00,1.987834e-05,0.000000e+00,3.500000e-05,8.273153e-05,0.000000e+00,8.501047e-20,0.000000e+00,8.501047e-20,-1.512166e-05,1.987834e-05,3.500000e-05,0.000000e+00,0.000000e+00
1.504000e-10,2.897821e+02,-1.419876e-05,0.000000e+00,1.928305e+01,-6.831212e-18,1.512166e-05,1.922654e+01,0.000000e+00,1.987834e-05,0.000000e+00,3.500000e-05,-1.419876e-05,0.000000e+00,8.479471e-20,0.000000e+00,8.479471e-20,-1.512166e-05,1.987834e-05,3.500000e-05,0.000000e+00,0.000000e+00
1.505000e-10,2.897632e+02,-1.098109e-04,0.000000e+00,1.928305e+01,-6.932509e-18,1.512166e-05,1.922654e+01,0.000000e+00,1.987834e-05,0.000000e+00,3.500000e-05,-1.098109e-04,0.000000e+00,8.479471e-20,0.000000e+00,8.479471e-20,-1.512166e-05,1.987834e-05,3.500000e-05,0.000000e+00,0.000000e+00
1.506000e-10,2.897162e+02,-2.010310e-04,0.000000e+00,1.928305e+01,-7.021144e-18,1.512166e-05,1.922654e+01,0.000000e+00,1.987834e-05,0.000000e+00,3.500000e-05,-2.010310e-04,0.000000e+00,8.479471e-20,0.000000e+00,8.479471e-20,-1.512166e-05,1.987834e-05,3.500000e-05,0.000000e+00,0.000000e+00
1.507000e-10,2.896429e+02,-2.847139e-04,0.000000e+00,1.928305e+01,-7.090785e-18,1.512166e-05,1.922654e+01,0.000000e+00,1.987834e-05,0.000000e+00,3.500000e-05,-2.847139e-04,0.000000e+00,8.479471e-20,0.000000e+00,8.479471e-20,-1.512166e-05,1.987834e-05,3.500000e-05,0.000000e+00,0.000000e+00
1.508000e-10,2.895460e+02,-3.576409e-04,0.000000e+00,1.928305e+01,-7.154096e-18,1.512166e-05,1.922654e+01,0.000000e+00,1.987834e-05,0.000000e+00,3.500000e-05,-3.576409e-04,0.000000e+00,8.479471e-20,0.000000e+00,8.479471e-20,-1.512166e-05,1.987834e-05,3.500000e-05,0.000000e+00,0.000000e+00
1.509000e-10,2.894293e+02,-4.166491e-04,0.000000e+00,1.928305e+01,-7.211075e-18,1.512166e-05,1.922654e+01,0.000000e+00,1.987834e-05,0.000000e+00,3.500000e-05,-4.166491e-04,0.000000e+00,8.479471e-20,0.000000e+00,8.479471e-20,-1.512166e-05,1.987834e-05,3.500000e-05,0.000000e+00,0.000000e+00
1.510000e-10,2.892974e+02,-4.588921e-04,0.000000e+00,1.928305e+01,-7.261724e-18,1.512166e-05,1.922654e+01,0.000000e+00,1.987834e-05,0.000000e+00,3.500000e-05,-4.588921e-04,0.000000e+00,8.479471e-20,0.000000e+00,8.479471e-20,-1.512166e-05,1.987834e-05,3.500000e-05,0.000000e+00,0.000000e+00
1.511000e-10,2.891558e+02,-4.821801e-04,0.000000e+00,1.928305e+01,-7.299710e-18,1.512166e-05,1.922654e+01,0.000000e+00,1.987834e-05,0.000000e+00,3.500000e-05,-4.821801e-04,0.000000e+00,8.457894e-20,0.000000e+00,8.457894e-20,-1.512166e-05,1.987834e-05,3.500000e-05,0.000000e+00,0.000000e+00
1.512000e-10,2.890103e+02,-4.853029e-04,0.000000e+00,1.928305e+01,-7.331365e-18,1.512166e-05,1.922654e+01,0.000000e+00,1.987834e-05,0.000000e+00,3.500000e-05,-4.853029e-04,0.000000e+00,8.457894e-20,0.000000e+00,8.457894e-20,-1.512166e-05,1.987834e-05,3.500000e-05,0.000000e+00,0.000000e+00
1.513000e-10,2.888669e+02,-4.682308e-04,0.000000e+00,1.928305e+01,-7.356690e-18,1.512166e-05,1.922654e+01,0.000000e+00,1.987834e-05,0.000000e+00,3.500000e-05,-4.682308e-04,0.000000e+00,8.457894e-20,0.000000e+00,8.457894e-20,-1.512166e-05,1.987834e-05,3.500000e-05,0.000000e+00,0.000000e+00
1.514000e-10,2.887316e+02,-4.321228e-04,0.000000e+00,1.928305e+01,-7.382014e-18,1.512166e-05,1.922654e+01,0.000000e+00,1.987834e-05,0.000000e+00,3.500000e-05,-4.321228e-04,0.000000e+00,8.457894e-20,0.000000e+00,8.457894e-20,-1.512166e-05,1.987834e-05,3.500000e-05,0.000000e+00,0.000000e+00
1.515000e-10,2.886097e+02,-3.791440e-04,0.000000e+00,1.928305e+01,-7.401007e-18,1.512166e-05,1.922654e+01,0.000000e+00,1.987834e-05,0.000000e+00,3.500000e-05,-3.791440e-04,0.000000e+00,8.457894e-20,0.000000e+00,8.457894e-20,-1.512166e-05,1.987834e-05,3.500000e-05,0.000000e+00,0.000000e+00
1.516000e-10,2.885058e+02,-3.121553e-04,0.000000e+00,1.928305e+01,-7.420000e-18,1.512166e-05,1.922654e+01,0.000000e+00,1.987834e-05,0.000000e+00,3.500000e-05,-3.121553e-04,0.000000e+00,8.457894e-20,0.000000e+00,8.457894e-20,-1.512166e-05,1.987834e-05,3.500000e-05,0.000000e+00,0.000000e+00
1.517000e-10,2.884237e+02,-2.343770e-04,0.000000e+00,1.928305e+01,-7.438993e-18,1.512166e-05,1.922654e+01,0.000000e+00,1.987834e-05,0.000000e+00,3.500000e-05,-2.343770e-04,0.000000e+00,8.457894e-20,0.000000e+00,8.457894e-20,-1.512166e-05,1.987834e-05,3.500000e-05,0.000000e+00,0.000000e+00
1.518000e-10,2.883662e+02,-1.491131e-04,0.000000e+00,1.928305e+01,-7.451656e-18,1.512166e-05,1.922654e+01,0.000000e+00,1.987834e-05,0.000000e+00,3.500000e-05,-1.491131e-04,0.000000e+00,8.457894e-20,0.000000e+00,8.457894e-20,-1.512166e-05,1.987834e-05,3.500000e-05,0.000000e+00,0.000000e+00
1.519000e-10,2.883349e+02,-5.958862e-05,0.000000e+00,1.928305e+01,-7.464318e-18,1.512166e-05,1.922654e+01,0.000000e+00,1.987834e-05,0.000000e+00,3.500000e-05,-5.958862e-05,0.000000e+00,8.457894e-20,0.000000e+00,8.457894e-20,-1.512166e-05,1.987834e-05,3.500000e-05,0.000000e+00,0.000000e+00
1.520000e-10,2.883308e+02,3.109603e-05,0.000000e+00,1.928305e+01,-7.476980e-18,1.512166e-05,1.922654e+01,0.000000e+00,1.987834e-05,0.000000e+00,3.500000e-05,3.109603e-05,0.000000e+00,8.457894e-20,0.000000e+00,8.457894e-20,-1.512166e-05,1.987834e-05,3.500000e-05,0.000000e+00,0.000000e+00
1.521000e-10,2.883537e+02,1.199249e-04,0.000000e+00,1.928305e+01,-7.483311e-18,1.512166e-05,1.922654e+01,0.000000e+00,1.987834e-05,0.000000e+00,3.500000e-05,1.199249e-04,0.000000e+00,8.457894e-20,0.000000e+00,8.457894e-20,-1.512166e-05,1.987834e-05,3.500000e-05,0.000000e+00,0.000000e+00
1.522000e-10,2.884027e+02,2.038956e-04,0.000000e+00,1.928305e+01,-7.483311e-18,1.512166e-05,1.922654e+01,0.000000e+00,1.987834e-05,0.000000e+00,3.500000e-05,2.038956e-04,0.000000e+00,8.457894e-20,0.000000e+00,8.457894e-20,-1.512166e-05,1.987834e-05,3.500000e-05,0.000000e+00,0.000000e+00
1.523000e-10,2.884757e+02,2.799775e-04,0.000000e+00,1.928305e+01,-7.483311e-18,1.512166e-05,1.922654e+01,0.000000e+00,1.987834e-05,0.000000e+00,3.500000e-05,2.799775e-04,0.000000e+00,8.457894e-20,0.000000e+00,8.457894e-20,-1.512166e-05,1.987834e-05,3.500000e-05,0.000000e+00,0.000000e+00
1.524000e-10,2.885699e+02,3.451518e-04,0.000000e+00,1.928305e+01,-7.483311e-18,1.512166e-05,1.922654e+01,0.000000e+00,1.987834e-05,0.000000e+00,3.500000e-05,3.451518e-04,0.000000e+00,8.457894e-20,0.000000e+00,8.457894e-20,-1.512166e-05,1.987834e-05,3.500000e-05,0.000000e+00,0.000000e+00
1.525000e-10,2.886817e+02,3.965591e-04,0.000000e+00,1.928305e+01,-7.483311e-18,1.512166e-05,1.922654e+01,0.000000e+00,1.987834e-05,0.000000e+00,3.500000e-05,3.965591e-04,0.000000e+00,8.457894e-20,0.000000e+00,8.457894e-20,-1.512166e-05,1.987834e-05,3.500000e-05,0.000000e+00,0.000000e+00
1.526000e-10,2.888064e+02,4.317443e-04,0.000000e+00,1.928305e+01,-7.483311e-18,1.512166e-05,1.922654e+01,0.000000e+00,1.987834e-05,0.000000e+00,3.500000e-05,4.317443e-04,0.000000e+00,8.457894e-20,0.000000e+00,8.457894e-20,-1.512166e-05,1.987834e-05,3.500000e-05,0.000000e+00,0.000000e+00
1.527000e-10,2.889389e+02,4.489438e-04,0.000000e+00,1.928305e+01,-7.483311e-18,1.512166e-05,1.922654e+01,0.000000e+00,1.987834e-05,0.000000e+00,3.500000e-05,4.489438e-04,0.000000e+00,8.457894e-20,0.000000e+00,8.457894e-20,-1.512166e-05,1.987834e-05,3.500000e-05,0.000000e+00,0.000000e+00
1.528000e-10,2.890737e+02,4.473339e-04,0.000000e+00,1.928305e+01,-7.483311e-18,1.512166e-05,1.922654e+01,0.000000e+00,1.987834e-05,0.000000e+00,3.500000e-05,4.473339e-04,0.000000e+00,8.457894e-20,0.000000e+00,8.457894e-20,-1.512166e-05,1.987834e-05,3.500000e-05,0.000000e+00,0.000000e+00
1.529000e-10,2.892052e+02,4.271583e-04,0.000000e+00,1.928305e+01,-7.483311e-18,1.512166e-05,1.922654e+01,0.000000e+00,1.987834e-05,0.000000e+00,3.500000e-05,4.271583e-04,0.000000e+00,8.457894e-20,0.000000e+00,8.457894e-20,-1.512166e-05,1.987834e-05,3.500000e-05,0.000000e+00,0.000000e+00
1.530000e-10,2.893279e+02,3.896946e-04,0.000000e+00,1.928305e+01,-7.483311e-18,1.512166e-05,1.922654e+01,0.000000e+00,1.987834e-05,0.000000e+00,3.500000e-05,3.896946e-04,0.000000e+00,8.457894e-20,0.000000e+00,8.457894e-20,-1.512166e-05,1.987834e-05,3.500000e-05,0.000000e+00,0.000000e+00
1.531000e-10,2.894371e+02,3.370705e-04,0.000000e+00,1.928305e+01,-7.483311e-18,1.512166e-05,1.922654e+01,0.000000e+00,1.987834e-05,0.000000e+00,3.500000e-05,3.370705e-04,0.000000e+00,8.457894e-20,0.000000e+00,8.457894e-20,-1.512166e-05,1.987834e-05,3.500000e-05,0.000000e+00,0.000000e+00
1.532000e-10,2.895286e+02,2.719936e-04,0.000000e+00,1.928305e+01,-7.483311e-18,1.512166e-05,1.922654e+01,0.000000e+00,1.987834e-05,0.000000e+00,3.500000e-05,2.719936e-04,0.000000e+00,8.457894e-20,0.000000e+00,8.457894e-20,-1.512166e-05,1.987834e-05,3.500000e-05,0.000000e+00,0.000000e+00
1.533000e-10,2.895991e+02,1.974726e-04,0.000000e+00,1.928305e+01,-7.483311e-18,1.512166e-05,1.922654e+01,0.000000e+00,1.987834e-05,0.000000e+00,3.500000e-05,1.974726e-04,0.000000e+00,8.457894e-20,0.000000e+00,8.457894e-20,-1.512166e-05,1.987834e-05,3.500000e-05,0.000000e+00,0.000000e+00
1.534000e-10,2.896462e+02,1.165984e-04,0.000000e+00,1.928305e+01,-7.483311e-18,1.512166e-05,1.922654e+01,0.000000e+00,1.987834e-05,0.000000e+00,3.500000e-05,1.165984e-04,0.000000e+00,8.457894e-20,0.000000e+00,8.457894e-20,-1.512166e-05,1.987834e-05,3.500000e-05,0.000000e+00,0.000000e+00
1.535000e-10,2.896685e+02,3.241814e-05,0.000000e+00,1.928305e+01,-7.483311e-18,1.512166e-05,1.922654e+01,0.000000e+00,1.987834e-05,0.000000e+00,3.500000e-05,3.241814e-05,0.000000e+00,8.457894e-20,0.000000e+00,8.457894e-20,-1.512166e-05,1.987834e-05,3.500000e-05,0.000000e+00,0.000000e+00
1.536000e-10,2.896654e+02,-5.209968e-05,0.000000e+00,1.928305e+01,-7.483311e-18,1.512166e-05,1.922654e+01,0.000000e+00,1.987834e-05,0.000000e+00,3.500000e-05,-5.209968e-05,0.000000e+00,8.457894e-20,0.000000e+00,8.457894e-20,-1.512166e-05,1.987834e-05,3.500000e-05,0.000000e+00,0.000000e+00
1.537000e-10,2.896372e+02,-1.340413e-04,0.000000e+00,1.928305e+01,-7.483311e-18,1.512166e-05,1.922654e+01,0.000000e+00,1.987834e-05,0.000000e+00,3.500000e-05,-1.340413e-04,0.000000e+00,8.457894e-20,0.000000e+00,8.457894e-20,-1.512166e-05,1.987834e-05,3.500000e-05,0.000000e+00,0.000000e+00
1.538000e-10,2.895851e+02,-2.105112e-04,0.000000e+00,1.928305e+01,-7.483311e-18,1.512166e-05,1.922654e+01,0.000000e+00,1.987834e-05,0.000000e+00,3.500000e-05,-2.105112e-04,0.000000e+00,8.457894e-20,0.000000e+00,8.457894e-20,-1.512166e-05,1.987834e-05,3.500000e-05,0.000000e+00,0.000000e+00
1.539000e-10,2.895114e+02,-2.786331e-04,0.000000e+00,1.928305e+01,-7.483311e-18,1.512166e-05,1.922654e+01,0.000000e+00,1.987834e-05,0.000000e+00,3.500000e-05,-2.786331e-04,0.000000e+00,8.457894e-20,0.000000e+00,8.457894e-20,-1.512166e-05,1.987834e-05,3.500000e-05,0.000000e+00,0.000000e+00
1.540000e-10,2.894188e+02,-3.356246e-04,0.000000e+00,1.928305e+01,-7.483311e-18,1.512166e-05,1.922654e+01,0.000000e+00,1.987834e-05,0.000000e+00,3.500000e-05,-3.356246e-04,0.000000e+00,8.457894e-20,0.000000e+00,8.457894e-20,-1.512166e-05,1.987834e-05,3.500000e-05,0.000000e+00,0.000000e+00
1.541000e-10,2.893111e+02,-3.789581e-04,0.000000e+00,1.928305e+01,-7.483311e-18,1.512166e-05,1.922654e+01,0.000000e+00,1.987834e-05,0.000000e+00,3.500000e-05,-3.789581e-04,0.000000e+00,8.457894e-20,0.000000e+00,8.457894e-20,-1.512166e-05,1.987834e-05,3.500000e-05,0.000000e+00,0.000000e+00
1.542000e-10,2.891929e+02,-4.065863e-04,0.000000e+00,1.928305e+01,-7.483311e-18,1.512166e-05,1.922654e+01,0.000000e+00,1.987834e-05,0.000000e+00,3.500000e-05,-4.065863e-04,0.000000e+00,8.457894e-20,0.000000e+00,8.457894e-20,-1.512166e-05,1.987834e-05,3.500000e-05,0.000000e+00,0.000000e+00
1.543000e-10,2.890690e+02,-4.171782e-04,0.000000e+00,1.928305e+01,-7.483311e-18,1.512166e-05,1.922654e+01,0.000000e+00,1.987834e-05,0.000000e+00,3.500000e-05,-4.171782e-04,0.000000e+00,8.457894e-20,0.000000e+00,8.457894e-20,-1.512166e-05,1.987834e-05,3.500000e-05,0.000000e+00,0.000000e+00
1.544000e-10,2.889446e+02,-4.102974e-04,0.000000e+00,1.928305e+01,-7.483311e-18,1.512166e-05,1.922654e+01,0.000000e+00,1.987834e-05,0.000000e+00,3.500000e-05,-4.102974e-04,0.000000e+00,8.457894e-20,0.000000e+00,8.457894e-20,-1.512166e-05,1.987834e-05,3.500000e-05,0.000000e+00,0.000000e+00
1.545000e-10,2.888248e+02,-3.864669e-04,0.000000e+00,1.928305e+01,-7.483311e-18,1.512166e-05,1.922654e+01,0.000000e+00,1.987834e-05,0.000000e+00,3.500000e-05,-3.864669e-04,0.000000e+00,8.457894e-20,0.000000e+00,8.457894e-20,-1.512166e-05,1.987834e-05,3.500000e-05,0.000000e+00,0.000000e+00
1.546000e-10,2.887146e+02,-3.470977e-04,0.000000e+00,1.928305e+01,-7.483311e-18,1.512166e-05,1.922654e+01,0.000000e+00,1.987834e-05,0.000000e+00,3.500000e-05,-3.470977e-04,0.000000e+00,8.457894e-20,0.000000e+00,8.457894e-20,-1.512166e-05,1.987834e-05,3.500000e-05,0.000000e+00,0.000000e+00
1.547000e-10,2.886182e+02,-2.943075e-04,0.000000e+00,1.928305e+01,-7.483311e-18,1.512166e-05,1.922654e+01,0.000000e+00,1.987834e-05,0.000000e+00,3.500000e-05,-2.943075e-04,0.000000e+00,8.457894e-20,0.000000e+00,8.457894e-20,-1.512166e-05,1.987834e-05,3.500000e-05,0.000000e+00,0.000000e+00
1.548000e-10,2.885394e+02,-2.306846e-04,0.000000e+00,1.928305e+01,-7.483311e-18,1.512166e-05,1.922654e+01,0.000000e+00,1.987834e-05,0.000000e+00,3.500000e-05,-2.306846e-04,0.000000e+00,8.457894e-20,0.000000e+00,8.457894e-20,-1.512166e-05,1.987834e-05,3.500000e-05,0.000000e+00,0.000000e+00
1.549000e-10,2.884809e+02,-1.590602e-04,0.000000e+00,1.928305e+01,-7.483311e-18,1.512166e-05,1.922654e+01,0.000000e+00,1.987834e-05,0.000000e+00,3.500000e-05,-1.590602e-04,0.000000e+00,8.457894e-20,0.000000e+00,8.457894e-20,-1.512166e-05,1.987834e-05,3.500000e-05,0.000000e+00,0.000000e+00
1.550000e-10,2.884447e+02,-8.233791e-05,0.000000e+00,1.928305e+01,-7.483311e-18,1.512166e-05,1.922654e+01,0.000000e+00,1.987834e-05,0.000000e+00,3.500000e-05,-8.233791e-05,0.000000e+00,8.457894e-20,0.000000e+00,8.457894e-20,-1.512166e-05,1.987834e-05,3.500000e-05,0.000000e+00,0.000000e+00
1.551000e-10,2.884319e+02,-3.399097e-06,0.000000e+00,1.928305e+01,-7.483311e-18,1.512166e-05,1.922654e+01,0.000000e+00,1.987834e-05,0.000000e+00,3.500000e-05,-3.399097e-06,0.000000e+00,8.457894e-20,0.000000e+00,8.457894e-20,-1.512166e-05,1.987834e-05,3.500000e-05,0.000000e+00,0.000000e+00
1.552000e-10,2.884429e+02,7.492461e-05,0.000000e+00,1.928305e+01,-7.483311e-18,1.512166e-05,1.922654e+01,0.000000e+00,1.987834e-05,0.000000e+00,3.500000e-05,7.492461e-05,0.000000e+00,8.457894e-20,0.000000e+00,8.457894e-20,-1.512166e-05,1.987834e-05,3.500000e-05,0.000000e+00,0.000000e+00
1.553000e-10,2.884769e+02,1.498426e-04,0.000000e+00,1.928305e+01,-7.483311e-18,1.512166e-05,1.922654e+01,0.000000e+00,1.987834e-05,0.000000e+00,3.500000e-05,1.498426e-04,0.000000e+00,8.457894e-20,0.000000e+00,8.457894e-20,-1.512166e-05,1.987834e-05,3.500000e-05,0.000000e+00,0.000000e+00
1.554000e-10,2.885325e+02,2.186004e-04,0.000000e+00,1.928305e+01,-7.483311e-18,1.512166e-05,1.922654e+01,0.000000e+00,1.987834e-05,0.000000e+00,3.500000e-05,2.186004e-04,0.000000e+00,8.457894e-20,0.000000e+00,8.457894e-20,-1.512166e-05,1.987834e-05,3.500000e-05,0.000000e+00,0.000000e+00
1.555000e-10,2.886074e+02,2.785163e-04,0.000000e+00,1.928305e+01,-7.483311e-18,1.512166e-05,1.922654e+01,0.000000e+00,1.987834e-05,0.000000e+00,3.500000e-05,2.785163e-04,0.000000e+00,8.457894e-20,0.000000e+00,8.457894e-20,-1.512166e-05,1.987834e-05,3.500000e-05,0.000000e+00,0.000000e+00
1.556000e-10,2.886987e+02,3.270830e-04,0.000000e+00,1.928305e+01,-7.483311e-18,1.512166e-05,1.922654e+01,0.000000e+00,1.987834e-05,0.000000e+00,3.500000e-05,3.270830e-04,0.000000e+00,8.457894e-20,0.000000e+00,8.457894e-20,-1.512166e-05,1.987834e-05,3.500000e-05,0.000000e+00,0.000000e+00
1.557000e-10,2.888024e+02,3.621322e-04,0.000000e+00,1.928305e+01,-7.483311e-18,1.512166e-05,1.922654e+01,0.000000e+00,1.987834e-05,0.000000e+00,3.500000e-05,3.621322e-04,0.000000e+00,8.457894e-20,0.000000e+00,8.457894e-20,-1.512166e-05,1.987834e-05,3.500000e-05,0.000000e+00,0.000000e+00
1.558000e-10,2.889144e+02,3.820350e-04,0.000000e+00,1.928305e+01,-7.483311e-18,1.512166e-05,1.922654e+01,0.000000e+00,1.987834e-05,0.000000e+00,3.500000e-05,3.820350e-04,0.000000e+00,8.457894e-20,0.000000e+00,8.457894e-20,-1.512166e-05,1.987834e-05,3.500000e-05,0.000000e+00,0.000000e+00
1.559000e-10,2.890299e+02,3.858863e-04,0.000000e+00,1.928305e+01,-7.483311e-18,1.512166e-05,1.922654e+01,0.000000e+00,1.987834e-05,0.000000e+00,3.500000e-05,3.858863e-04,0.000000e+00,8.457894e-20,0.000000e+00,8.457894e-20,-1.512166e-05,1.987834e-05,3.500000e-05,0.000000e+00,0.000000e+00
1.560000e-10,2.891441e+02,3.736198e-04,0.000000e+00,1.928305e+01,-7.483311e-18,1.512166e-05,1.922654e+01,0.000000e+00,1.987834e-05,0.000000e+00,3.500000e-05,3.736198e-04,0.000000e+00,8.457894e-20,0.000000e+00,8.457894e-20,-1.512166e-05,1.987834e-05,3.500000e-05,0.000000e+00,0.000000e+00
1.561000e-10,2.892522e+02,3.460193e-04,0.000000e+00,1.928305e+01,-7.483311e-18,1.512166e-05,1.922654e+01,0.000000e+00,1.987834e-05,0.000000e+00,3.500000e-05,3.460193e-04,0.000000e+00,8.457894e-20,0.000000e+00,8.457894e-20,-1.512166e-05,1.987834e-05,3.500000e-05,0.000000e+00,0.000000e+00
1.562000e-10,2.893500e+02,3.046207e-04,0.000000e+00,1.928305e+01,-7.483311e-18,1.512166e-05,1.922654e+01,0.000000e+00,1.987834e-05,0.000000e+00,3.500000e-05,3.046207e-04,0.000000e+00,8.457894e-20,0.000000e+00,8.457894e-20,-1.512166e-05,1.987834e-05,3.500000e-05,0.000000e+00,0.000000e+00
1.563000e-10,2.894335e+02,2.515368e-04,0.000000e+00,1.928305e+01,-7.483311e-18,1.512166e-05,1.922654e+01,0.000000e+00,1.987834e-05,0.000000e+00,3.500000e-05,2.515368e-04,0.000000e+00,8.457894e-20,0.000000e+00,8.457894e-20,-1.512166e-05,1.987834e-05,3.500000e-05,0.000000e+00,0.000000e+00
1.564000e-10,2.894997e+02,1.892542e-04,0.000000e+00,1.928305e+01,-7.483311e-18,1.512166e-05,1.922654e+01,0.000000e+00,1.987834e-05,0.000000e+00,3.500000e-05,1.892542e-04,0.000000e+00,8.457894e-20,0.000000e+00,8.457894e-20,-1.512166e-05,1.987834e-05,3.500000e-05,0.000000e+00,0.000000e+00
1.565000e-10,2.895462e+02,1.204501e-04,0.000000e+00,1.928305e+01,-7.483311e-18,1.512166e-05,1.922654e+01,0.000000e+00,1.987834e-05,0.000000e+00,3.500000e-05,1.204501e-04,0.000000e+00,8.457894e-20,0.000000e+00,8.457894e-20,-1.512166e-05,1.987834e-05,3.500000e-05,0.000000e+00,0.000000e+00
1.566000e-10,2.895714e+02,4.786125e-05,0.000000e+00,1.928305e+01,-7.483311e-18,1.512166e-05,1.922654e+01,0.000000e+00,1.987834e-05,0.000000e+00,3.500000e-05,4.786125e-05,0.000000e+00,8.457894e-20,0.000000e+00,8.457894e-20,-1.512166e-05,1.987834e-05,3.500000e-05,0.000000e+00,0.000000e+00
1.567000e-10,2.895745e+02,-2.578639e-05,0.000000e+00,1.928305e+01,-7.483311e-18,1.512166e-05,1.922654e+01,0.000000e+00,1.987834e-05,0.000000e+00,3.500000e-05,-2.578639e-05,0.000000e+00,8.457894e-20,0.000000e+00,8.457894e-20,-1.512166e-05,1.987834e-05,3.500000e-05,0.000000e+00,0.000000e+00
1.568000e-10,2.895558e+02,-9.780279e-05,0.000000e+00,1.928305e+01,-7.483311e-18,1.512166e-05,1.922654e+01,0.000000e+00,1.987834e-05,0.000000e+00,3.500000e-05,-9.780279e-05,0.000000e+00,8.457894e-20,0.000000e+00,8.457894e-20,-1.512166e-05,1.987834e-05,3.500000e-05,0.000000e+00,0.000000e+00
1.569000e-10,2.895160e+02,-1.655414e-04,0.000000e+00,1.928305e+01,-7.483311e-18,1.512166e-05,1.922654e+01,0.000000e+00,1.987834e-05,0.000000e+00,3.500000e-05,-1.655414e-04,0.000000e+00,8.457894e-20,0.000000e+00,8.457894e-20,-1.512166e-05,1.987834e-05,3.500000e-05,0.000000e+00,0.000000e+00
1.570000e-10,2.894569e+02,-2.264226e-04,0.000000e+00,1.928305e+01,-7.483311e-18,1.512166e-05,1.922654e+01,0.000000e+00,1.987834e-05,0.000000e+00,3.500000e-05,-2.264226e-04,0.000000e+00,8.457894e-20,0.000000e+00,8.457894e-20,-1.512166e-05,1.987834e-05,3.500000e-05,0.000000e+00,0.000000e+00
1.571000e-10,2.893808e+02,-2.779988e-04,0.000000e+00,1.928305e+01,-7.483311e-18,1.512166e-05,1.922654e+01,0.000000e+00,1.987834e-05,0.000000e+00,3.500000e-05,-2.779988e-04,0.000000e+00,8.457894e-20,0.000000e+00,8.457894e-20,-1.512166e-05,1.987834e-05,3.500000e-05,0.000000e+00,0.000000e+00
1.572000e-10,2.892911e+02,-3.180726e-04,0.000000e+00,1.928305e+01,-7.483311e-18,1.512166e-05,1.922654e+01,0.000000e+00,1.987834e-05,0.000000e+00,3.500000e-05,-3.180726e-04,0.000000e+00,8.457894e-20,0.000000e+00,8.457894e-20,-1.512166e-05,1.987834e-05,3.500000e-05,0.000000e+00,0.000000e+00
1.573000e-10,2.891913e+02,-3.448558e-04,0.000000e+00,1.928305e+01,-7.483311e-18,1.512166e-05,1.922654e+01,0.000000e+00,1.987834e-05,0.000000e+00,3.500000e-05,-3.448558e-04,0.000000e+00,8.457894e-20,0.000000e+00,8.457894e-20,-1.512166e-05,1.987834e-05,3.500000e-05,0.000000e+00,0.000000e+00
1.574000e-10,2.890857e+02,-3.571380e-04,0.000000e+00,1.928305e+01,-7.483311e-18,1.512166e-05,1.922654e+01,0.000000e+00,1.987834e-05,0.000000e+00,3.500000e-05,-3.571380e-04,0.000000e+00,8.457894e-20,0.000000e+00,8.457894e-20,-1.512166e-05,1.987834e-05,3.500000e-05,0.000000e+00,0.000000e+00
1.575000e-10,2.889787e+02,-3.544195e-04,0.000000e+00,1.928305e+01,-7.483311e-18,1.512166e-05,1.922654e+01,0.000000e+00,1.987834e-05,0.000000e+00,3.500000e-05,-3.544195e-04,0.000000e+00,8.457894e-20,0.000000e+00,8.457894e-20,-1.512166e-05,1.987834e-05,3.500000e-05,0.000000e+00,0.000000e+00
1.576000e-10,2.888748e+02,-3.369721e-04,0.000000e+00,1.928305e+01,-7.483311e-18,1.512166e-05,1.922654e+01,0.000000e+00,1.987834e-05,0.000000e+00,3.500000e-05,-3.369721e-04,0.000000e+00,8.457894e-20,0.000000e+00,8.457894e-20,-1.512166e-05,1.987834e-05,3.500000e-05,0.000000e+00,0.000000e+00
1.577000e-10,2.887782e+02,-3.058077e-04,0.000000e+00,1.928305e+01,-7.483311e-18,1.512166e-05,1.922654e+01,0.000000e+00,1.987834e-05,0.000000e+00,3.500000e-05,-3.058077e-04,0.000000e+00,8.457894e-20,0.000000e+00,8.457894e-20,-1.512166e-05,1.987834e-05,3.500000e-05,0.000000e+00,0.000000e+00
1.578000e-10,2.886928e+02,-2.625645e-04,0.000000e+00,1.928305e+01,-7.483311e-18,1.512166e-05,1.922654e+01,0.000000e+00,1.987834e-05,0.000000e+00,3.500000e-05,-2.625645e-04,0.000000e+00,8.457894e-20,0.000000e+00,8.457894e-20,-1.512166e-05,1.987834e-05,3.500000e-05,0.000000e+00,0.000000e+00
1.579000e-10,2.886219e+02,-2.093439e-04,0.000000e+00,1.928305e+01,-7.483311e-18,1.512166e-05,1.922654e+01,0.000000e+00,1.987834e-05,0.000000e+00,3.500000e-05,-2.093439e-04,0.000000e+00,8.457894e-20,0.000000e+00,8.457894e-20,-1.512166e-05,1.987834e-05,3.500000e-05,0.000000e+00,0.000000e+00
1.580000e-10,2.885682e+02,-1.485382e-04,0.000000e+00,1.928305e+01,-7.483311e-18,1.512166e-05,1.922654e+01,0.000000e+00,1.987834e-05,0.000000e+00,3.500000e-05,-1.485382e-04,0.000000e+00,8.457894e-20,0.000000e+00,8.457894e-20,-1.512166e-05,1.987834e-05,3.500000e-05,0.000000e+00,0.000000e+00
1.581000e-10,2.885336e+02,-8.268595e-05,0.000000e+00,1.928305e+01,-7.483311e-18,1.512166e-05,1.922654e+01,0.000000e+00,1.987834e-05,0.000000e+00,3.500000e-05,-8.268595e-05,0.000000e+00,8.457894e-20,0.000000e+00,8.457894e-20,-1.512166e-05,1.987834e-05,3.500000e-05,0.000000e+00,0.000000e+00
1.582000e-10,2.885191e+02,-1.437180e-05,0.000000e+00,1.928305e+01,-7.483311e-18,1.512166e-05,1.922654e+01,0.000000e+00,1.987834e-05,0.000000e+00,3.500000e-05,-1.437180e-05,0.000000e+00,8.457894e-20,0.000000e+00,8.457894e-20,-1.512166e-05,1.987834e-05,3.500000e-05,0.000000e+00,0.000000e+00
1.583000e-10,2.885252e+02,5.382809e-05,0.000000e+00,1.928305e+01,-7.483311e-18,1.512166e-05,1.922654e+01,0.000000e+00,1.987834e-05,0.000000e+00,3.500000e-05,5.382809e-05,0.000000e+00,8.457894e-20,0.000000e+00,8.457894e-20,-1.512166e-05,1.987834e-05,3.500000e-05,0.000000e+00,0.000000e+00
1.584000e-10,2.885514e+02,1.193735e-04,0.000000e+00,1.928305e+01,-7.483311e-18,1.512166e-05,1.922654e+01,0.000000e+00,1.987834e-05,0.000000e+00,3.500000e-05,1.193735e-04,0.000000e+00,8.457894e-20,0.000000e+00,8.457894e-20,-1.512166e-05,1.987834e-05,3.500000e-05,0.000000e+00,0.000000e+00
1.585000e-10,2.885965e+02,1.797851e-04,0.000000e+00,1.928305e+01,-7.483311e-18,1.512166e-05,1.922654e+01,0.000000e+00,1.987834e-05,0.000000e+00,3.500000e-05,1.797851e-04,0.000000e+00,8.457894e-20,0.000000e+00,8.457894e-20,-1.512166e-05,1.987834e-05,3.500000e-05,0.000000e+00,0.000000e+00
1.586000e-10,2.886587e+02,2.326916e-04,0.000000e+00,1.928305e+01,-7.483311e-18,1.512166e-05,1.922654e+01,0.000000e+00,1.987834e-05,0.000000e+00,3.500000e-05,2.326916e-04,0.000000e+00,8.457894e-20,0.000000e+00,8.457894e-20,-1.512166e-05,1.987834e-05,3.500000e-05,0.000000e+00,0.000000e+00
1.587000e-10,2.887354e+02,2.759152e-04,0.000000e+00,1.928305e+01,-7.483311e-18,1.512166e-05,1.922654e+01,0.000000e+00,1.987834e-05,0.000000e+00,3.500000e-05,2.759152e-04,0.000000e+00,8.457894e-20,0.000000e+00,8.457894e-20,-1.512166e-05,1.987834e-05,3.500000e-05,0.000000e+00,0.000000e+00
1.588000e-10,2.888232e+02,3.075961e-04,0.000000e+00,1.928305e+01,-7.483311e-18,1.512166e-05,1.922654e+01,0.000000e+00,1.987834e-05,0.000000e+00,3.500000e-05,3.075961e-04,0.000000e+00,8.457894e-20,0.000000e+00,8.457894e-20,-1.512166e-05,1.987834e-05,3.500000e-05,0.000000e+00,0.000000e+00
1.589000e-10,2.889186e+02,3.263355e-04,0.000000e+00,1.928305e+01,-7.483311e-18,1.512166e-05,1.922654e+01,0.000000e+00,1.987834e-05,0.000000e+00,3.500000e-05,3.263355e-04,0.000000e+00,8.457894e-20,0.000000e+00,8.457894e-20,-1.512166e-05,1.987834e-05,3.500000e-05,0.000000e+00,0.000000e+00
1.590000e-10,2.890175e+02,3.313281e-04,0.000000e+00,1.928305e+01,-7.483311e-18,1.512166e-05,1.922654e+01,0.000000e+00,1.987834e-05,0.000000e+00,3.500000e-05,3.313281e-04,0.000000e+00,8.457894e-20,0.000000e+00,8.457894e-20,-1.512166e-05,1.987834e-05,3.500000e-05,0.000000e+00,0.000000e+00
1.591000e-10,2.891158e+02,3.224477e-04,0.000000e+00,1.928305e+01,-7.483311e-18,1.512166e-05,1.922654e+01,0.000000e+00,1.987834e-05,0.000000e+00,3.500000e-05,3.224477e-04,0.000000e+00,8.457894e-20,0.000000e+00,8.457894e-20,-1.512166e-05,1.987834e-05,3.500000e-05,0.000000e+00,0.000000e+00
1.592000e-10,2.892094e+02,3.002612e-04,0.000000e+00,1.928305e+01,-7.483311e-18,1.512166e-05,1.922654e+01,0.000000e+00,1.987834e-05,0.000000e+00,3.500000e-05,3.002612e-04,0.000000e+00,8.457894e-20,0.000000e+00,8.457894e-20,-1.512166e-05,1.987834e-05,3.500000e-05,0.000000e+00,0.000000e+00
1.593000e-10,2.892945e+02,2.659681e-04,0.000000e+00,1.928305e+01,-7.483311e-18,1.512166e-05,1.922654e+01,0.000000e+00,1.987834e-05,0.000000e+00,3.500000e-05,2.659681e-04,0.000000e+00,8.457894e-20,0.000000e+00,8.457894e-20,-1.512166e-05,1.987834e-05,3.500000e-05,0.000000e+00,0.000000e+00
1.594000e-10,2.893676e+02,2.212804e-04,0.000000e+00,1.928305e+01,-7.483311e-18,1.512166e-05,1.922654e+01,0.000000e+00,1.987834e-05,0.000000e+00,3.500000e-05,2.212804e-04,0.000000e+00,8.457894e-20,0.000000e+00,8.457894e-20,-1.512166e-05,1.987834e-05,3.500000e-05,0.000000e+00,0.000000e+00
1.595000e-10,2.894261e+02,1.682756e-04,0.000000e+00,1.928305e+01,-7.483311e-18,1.512166e-05,1.922654e+01,0.000000e+00,1.987834e-05,0.000000e+00,3.500000e-05,1.682756e-04,0.000000e+00,8.457894e-20,0.000000e+00,8.457894e-20,-1.512166e-05,1.987834e-05,3.500000e-05,0.000000e+00,0.000000e+00
1.596000e-10,2.894677e+02,1.092538e-04,0.000000e+00,1.928305e+01,-7.483311e-18,1.512166e-05,1.922654e+01,0.000000e+00,1.987834e-05,0.000000e+00,3.500000e-05,1.092538e-04,0.000000e+00,8.457894e-20,0.000000e+00,8.457894e-20,-1.512166e-05,1.987834e-05,3.500000e-05,0.000000e+00,0.000000e+00
1.597000e-10,2.894911e+02,4.662428e-05,0.000000e+00,1.928305e+01,-7.483311e-18,1.512166e-05,1.922654e+01,0.000000e+00,1.987834e-05,0.000000e+00,3.500000e-05,4.662428e-05,0.000000e+00,8.457894e-20,0.000000e+00,8.457894e-20,-1.512166e-05,1.987834e-05,3.500000e-05,0.000000e+00,0.000000e+00
1.598000e-10,2.894954e+02,-1.717205e-05,0.000000e+00,1.928305e+01,-7.483311e-18,1.512166e-05,1.922654e+01,0.000000e+00,1.987834e-05,0.000000e+00,3.500000e-05,-1.717205e-05,0.000000e+00,8.457894e-20,0.000000e+00,8.457894e-20,-1.512166e-05,1.987834e-05,3.500000e-05,0.000000e+00,0.000000e+00
1.599000e-10,2.894806e+02,-7.970927e-05,0.000000e+00,1.928305e+01,-7.483311e-18,1.512166e-05,1.922654e+01,0.000000e+00,1.987834e-05,0.000000e+00,3.500000e-05,-7.970927e-05,0.000000e+00,8.457894e-20,0.000000e+00,8.457894e-20,-1.512166e-05,1.987834e-05,3.500000e-05,0.000000e+00,0.000000e+00
1.600000e-10,2.894477e+02,-1.386101e-04,1.768099e-18,1.928305e+01,-3.355461e-18,1.512166e-05,1.922654e+01,0.000000e+00,1.987834e-05,1.768099e-18,3.500000e-05,-1.386101e-04,0.000000e+00,8.652081e-20,1.768099e-18,8.652081e-20,-1.512166e-05,1.987834e-05,3.500000e-05,0.000000e+00,0.000000e+00
1.601000e-10,2.894005e+02,-1.786358e-04,6.840000e-06,1.928636e+01,1.632584e-05,2.132956e-05,1.922658e+01,2.115647e-07,1.999901e-05,6.840000e-06,3.500000e-05,-8.022997e-05,7.088784e-08,7.088784e-09,6.840000e-06,7.088784e-09,-1.498428e-05,2.001572e-05,3.500000e-05,4.947224e-07,9.616580e-09
1.602000e-10,2.893454e+02,-1.943467e-04,1.368000e-05,1.929777e+01,5.087832e-05,2.665286e-05,1.922683e+01,1.158792e-06,2.038759e-05,1.368000e-05,3.500000e-05,-8.874840e-05,4.511178e-07,4.511178e-08,1.368000e-05,4.511178e-08,-1.451462e-05,2.048538e-05,3.500000e-05,1.541767e-06,5.267236e-08
1.603000e-10,2.892898e+02,-1.839245e-04,2.052000e-05,1.932195e+01,1.005853e-04,3.100330e-05,1.922765e+01,3.609812e-06,2.114520e-05,2.052000e-05,3.500000e-05,-2.861911e-05,1.593760e-06,1.593760e-07,2.052000e-05,1.593760e-07,-1.353134e-05,2.146866e-05,3.500000e-05,3.048041e-06,1.640824e-07
1.604000e-10,2.892413e+02,-1.475160e-04,2.736000e-05,1.936252e+01,1.605163e-04,3.440264e-05,1.922962e+01,8.401216e-06,2.229856e-05,2.736000e-05,3.500000e-05,6.772036e-05,4.127958e-06,4.127958e-07,2.736000e-05,4.127958e-07,-1.190677e-05,2.309323e-05,3.500000e-05,4.864131e-06,3.818735e-07
1.605000e-10,2.892076e+02,-8.665898e-05,3.420000e-05,1.942169e+01,2.253454e-04,3.695394e-05,1.923357e+01,1.623846e-05,2.380456e-05,3.420000e-05,3.500000e-05,1.934064e-04,8.747451e-06,8.747451e-07,3.420000e-05,8.747451e-07,-9.582584e-06,2.541742e-05,3.500000e-05,6.828648e-06,7.381119e-07
1.606000e-10,2.891956e+02,-4.021747e-06,4.104000e-05,1.950020e+01,2.901899e-04,3.881505e-05,1.924046e+01,2.753585e-05,2.557302e-05,4.104000e-05,3.500000e-05,3.408882e-04,1.606666e-05,1.606666e-06,4.104000e-05,1.606666e-06,-6.568689e-06,2.843131e-05,3.500000e-05,8.793635e-06,1.251629e-06
1.607000e-10,2.892112e+02,9.679873e-05,4.788000e-05,1.959750e+01,3.511552e-04,4.017022e-05,1.925133e+01,4.233105e-05,2.749566e-05,4.788000e-05,3.500000e-05,5.026739e-04,2.648919e-05,2.648919e-06,4.788000e-05,2.648919e-06,-2.931286e-06,3.206871e-05,3.500000e-05,1.064107e-05,1.924139e-06
1.608000e-10,2.892592e+02,2.115021e-04,5.472000e-05,1.971211e+01,4.056696e-04,4.120133e-05,1.926717e+01,6.028326e-05,2.947325e-05,5.472000e-05,3.500000e-05,6.718917e-04,4.012249e-05,4.012249e-06,5.472000e-05,4.012249e-06,1.225652e-06,3.622565e-05,3.500000e-05,1.229302e-05,2.740148e-06
1.609000e-10,2.893432e+02,3.353818e-04,6.156000e-05,1.984201e+01,4.526279e-04,4.206234e-05,1.928880e+01,8.074470e-05,3.143591e-05,6.156000e-05,3.500000e-05,8.427297e-04,5.675530e-05,5.675530e-06,6.156000e-05,5.675530e-06,5.781658e-06,4.078166e-05,3.500000e-05,1.371600e-05,3.670214e-06
1.610000e-10,2.894651e+02,4.637550e-04,6.840000e-05,1.998504e+01,4.923513e-04,4.285967e-05,1.931686e+01,1.028834e-04,3.335430e-05,6.840000e-05,3.500000e-05,1.010826e-03,7.589777e-05,7.589777e-06,6.840000e-05,7.589777e-06,1.062060e-05,4.562060e-05,3.500000e-05,1.491974e-05,4.676518e-06
1.611000e-10,2.896232e+02,5.796352e-04,6.840000e-05,2.013604e+01,5.100698e-04,3.743226e-05,1.935165e+01,1.256184e-04,3.512113e-05,6.840000e-05,3.500000e-05,1.062345e-03,9.680023e-05,9.680023e-06,6.840000e-05,9.680023e-06,1.551108e-05,5.051108e-05,3.500000e-05,1.545666e-05,5.709928e-06
1.612000e-10,2.898130e+02,6.769358e-04,6.840000e-05,2.028878e+01,5.055307e-04,3.288867e-05,1.939316e+01,1.476514e-04,3.663364e-05,6.840000e-05,3.500000e-05,1.182466e-03,1.184716e-04,1.184716e-05,6.840000e-05,1.184716e-05,2.019222e-05,5.519222e-05,3.500000e-05,1.531911e-05,6.711427e-06
1.613000e-10,2.900291e+02,7.547822e-04,6.840000e-05,2.043762e+01,4.834453e-04,2.930517e-05,1.944095e+01,1.676296e-04,3.785085e-05,6.840000e-05,3.500000e-05,1.238227e-03,1.397460e-04,1.397460e-05,6.840000e-05,1.397460e-05,2.444498e-05,5.944498e-05,3.500000e-05,1.464986e-05,7.619526e-06
1.614000e-10,2.902665e+02,8.160423e-04,6.840000e-05,2.057836e+01,4.498453e-04,2.664249e-05,1.949423e+01,1.843635e-04,3.880456e-05,6.840000e-05,3.500000e-05,1.265888e-03,1.594111e-04,1.594111e-05,6.840000e-05,1.594111e-05,2.812583e-05,6.312583e-05,3.500000e-05,1.363168e-05,8.380157e-06
1.615000e-10,2.905212e+02,8.666239e-04,6.840000e-05,2.070842e+01,4.104680e-04,2.478907e-05,1.955190e+01,1.970145e-04,3.958037e-05,6.840000e-05,3.500000e-05,1.277092e-03,1.763694e-04,1.763694e-05,6.840000e-05,1.763694e-05,3.117251e-05,6.617251e-05,3.500000e-05,1.243842e-05,8.955204e-06
1.616000e-10,2.907914e+02,9.148632e-04,6.840000e-05,2.082674e+01,3.700583e-04,2.359262e-05,1.961269e+01,2.052020e-04,4.028724e-05,6.840000e-05,3.500000e-05,1.284922e-03,1.897889e-04,1.897889e-05,6.840000e-05,1.897889e-05,3.359349e-05,6.859349e-05,3.500000e-05,1.121389e-05,9.327365e-06
1.617000e-10,2.910781e+02,9.709297e-04,6.840000e-05,2.093346e+01,3.321505e-04,2.288461e-05,1.967529e+01,2.090159e-04,4.102895e-05,6.840000e-05,3.500000e-05,1.303080e-03,1.992055e-04,1.992055e-05,6.840000e-05,1.992055e-05,3.545023e-05,7.045023e-05,3.500000e-05,1.006517e-05,9.500724e-06
1.618000e-10,2.913857e+02,1.046322e-03,6.840000e-05,2.102963e+01,2.991121e-04,2.249822e-05,1.973849e+01,2.089501e-04,4.188428e-05,6.840000e-05,3.500000e-05,1.345434e-03,2.045577e-04,2.045577e-05,6.840000e-05,2.045577e-05,3.683778e-05,7.183778e-05,3.500000e-05,9.064002e-06,9.497730e-06
1.619000e-10,2.917218e+02,1.153383e-03,6.840000e-05,2.111685e+01,2.723174e-04,2.228047e-05,1.980124e+01,2.057867e-04,4.289796e-05,6.840000e-05,3.500000e-05,1.425701e-03,2.061558e-04,2.061558e-05,6.840000e-05,2.061558e-05,3.786748e-05,7.286748e-05,3.500000e-05,8.252042e-06,9.353942e-06
1.620000e-10,2.920981e+02,1.304389e-03,6.840000e-05,2.119704e+01,2.523693e-04,2.209923e-05,1.986276e+01,2.004642e-04,4.408091e-05,6.840000e-05,3.500000e-05,1.556759e-03,2.046030e-04,2.046030e-05,6.840000e-05,2.046030e-05,3.865322e-05,7.365322e-05,3.500000e-05,7.647555e-06,9.112008e-06
1.621000e-10,2.925292e+02,1.509104e-03,6.840000e-05,2.127225e+01,2.393191e-04,2.184604e-05,1.992256e+01,1.939545e-04,4.541667e-05,6.840000e-05,3.500000e-05,1.748423e-03,2.006909e-04,2.006909e-05,6.840000e-05,2.006909e-05,3.930187e-05,7.430187e-05,3.500000e-05,7.252095e-06,8.816114e-06
1.622000e-10,2.930313e+02,1.769113e-03,6.840000e-05,2.134449e+01,2.328605e-04,2.143600e-05,1.998041e+01,1.871684e-04,4.687068e-05,6.840000e-05,3.500000e-05,2.001973e-03,1.952929e-04,1.952929e-05,6.840000e-05,1.952929e-05,3.990762e-05,7.490762e-05,3.500000e-05,7.056380e-06,8.507653e-06
1.623000e-10,2.936176e+02,2.068268e-03,6.840000e-05,2.141567e+01,2.324874e-04,2.080555e-05,2.003633e+01,1.808938e-04,4.839976e-05,6.840000e-05,3.500000e-05,2.300756e-03,1.892718e-04,1.892718e-05,6.840000e-05,1.892718e-05,4.054938e-05,7.554938e-05,3.500000e-05,7.045073e-06,8.222444e-06
1.624000e-10,2.942922e+02,2.365003e-03,6.840000e-05,2.148752e+01,2.376143e-04,1.990902e-05,2.009058e+01,1.757679e-04,4.995985e-05,6.840000e-05,3.500000e-05,2.602617e-03,1.834126e-04,1.834126e-05,6.840000e-05,1.834126e-05,4.129055e-05,7.629055e-05,3.500000e-05,7.200433e-06,7.989448e-06
1.625000e-10,2.950442e+02,2.602619e-03,6.840000e-05,2.156165e+01,2.476620e-04,1.871480e-05,2.014356e+01,1.722753e-04,5.151138e-05,6.840000e-05,3.500000e-05,2.850281e-03,1.783822e-04,1.783822e-05,6.840000e-05,1.783822e-05,4.218029e-05,7.718029e-05,3.500000e-05,7.504910e-06,7.830694e-06
1.626000e-10,2.958515e+02,2.748009e-03,6.840000e-05,2.163945e+01,2.621136e-04,1.720154e-05,2.019581e+01,1.707656e-04,5.302204e-05,6.840000e-05,3.500000e-05,3.010122e-03,1.747152e-04,1.747152e-05,6.840000e-05,1.747152e-05,4.325563e-05,7.825563e-05,3.500000e-05,7.942837e-06,7.762072e-06
1.627000e-10,2.966838e+02,2.780164e-03,6.840000e-05,2.172221e+01,2.805438e-04,1.535483e-05,2.024797e+01,1.714815e-04,5.446734e-05,6.840000e-05,3.500000e-05,3.060708e-03,1.728189e-04,1.728189e-05,6.840000e-05,1.728189e-05,4.454384e-05,7.954384e-05,3.500000e-05,8.501327e-06,7.794615e-06
1.628000e-10,2.975255e+02,2.785411e-03,6.840000e-05,2.181110e+01,3.026268e-04,1.316472e-05,2.030072e+01,1.745913e-04,5.582955e-05,6.840000e-05,3.500000e-05,3.088038e-03,1.729925e-04,1.729925e-05,6.840000e-05,1.729925e-05,4.606477e-05,8.106477e-05,3.500000e-05,9.170510e-06,7.935970e-06
1.629000e-10,2.983762e+02,2.814726e-03,6.840000e-05,2.190720e+01,3.281249e-04,1.062417e-05,2.035481e+01,1.802208e-04,5.709550e-05,6.840000e-05,3.500000e-05,3.142851e-03,1.754529e-04,1.754529e-05,6.840000e-05,1.754529e-05,4.783265e-05,8.283265e-05,3.500000e-05,9.943178e-06,8.191855e-06
1.630000e-10,2.992376e+02,2.852450e-03,6.840000e-05,2.201152e+01,3.568573e-04,7.728773e-06,2.041102e+01,1.884818e-04,5.825364e-05,6.840000e-05,3.500000e-05,3.209307e-03,1.803638e-04,1.803638e-05,6.840000e-05,1.803638e-05,4.985737e-05,8.485737e-05,3.500000e-05,1.081386e-05,8.567354e-06
1.631000e-10,3.001156e+02,2.916567e-03,6.840000e-05,2.212502e+01,3.886519e-04,4.477810e-06,2.047017e+01,1.994956e-04,5.929061e-05,6.840000e-05,3.500000e-05,3.305218e-03,1.878626e-04,1.878626e-05,6.840000e-05,1.878626e-05,5.214486e-05,8.714486e-05,3.500000e-05,1.177733e-05,9.067983e-06
1.632000e-10,3.010048e+02,2.944978e-03,6.840000e-05,2.224860e+01,4.232757e-04,8.769755e-07,2.053312e+01,2.134109e-04,6.018749e-05,6.840000e-05,3.500000e-05,3.368254e-03,1.980850e-04,1.980850e-05,6.840000e-05,1.980850e-05,5.469649e-05,8.969649e-05,3.500000e-05,1.282654e-05,9.700493e-06
1.633000e-10,3.018854e+02,2.884272e-03,6.840000e-05,2.238305e+01,4.603463e-04,-3.057118e-06,2.060077e+01,2.304146e-04,6.091551e-05,6.840000e-05,3.500000e-05,3.344619e-03,2.111833e-04,2.111833e-05,6.840000e-05,2.111833e-05,5.750723e-05,9.250723e-05,3.500000e-05,1.394989e-05,1.047339e-05
1.634000e-10,3.027490e+02,2.813753e-03,6.840000e-05,2.252899e+01,4.992235e-04,-7.290507e-06,2.067412e+01,2.507380e-04,6.143136e-05,6.840000e-05,3.500000e-05,3.312977e-03,2.273398e-04,2.273398e-05,6.840000e-05,2.273398e-05,6.056252e-05,9.556252e-05,3.500000e-05,1.512798e-05,1.139718e-05
1.635000e-10,3.036075e+02,2.817110e-03,6.840000e-05,2.268680e+01,5.388922e-04,-1.176369e-05,2.075420e+01,2.746544e-04,6.167190e-05,6.840000e-05,3.500000e-05,3.356002e-03,2.467743e-04,2.467743e-05,6.840000e-05,2.467743e-05,6.383362e-05,9.883362e-05,3.500000e-05,1.633007e-05,1.248429e-05
1.636000e-10,3.044527e+02,2.759584e-03,6.840000e-05,2.285646e+01,5.778539e-04,-1.638239e-05,2.084217e+01,3.024706e-04,6.154863e-05,6.840000e-05,3.500000e-05,3.337438e-03,2.697437e-04,2.697437e-05,6.840000e-05,2.697437e-05,6.727167e-05,1.022717e-04,3.500000e-05,1.751072e-05,1.374867e-05
1.637000e-10,3.053223e+02,2.902472e-03,6.840000e-05,2.303740e+01,6.140636e-04,-2.100890e-05,2.093925e+01,3.345104e-04,6.094232e-05,6.840000e-05,3.500000e-05,3.516535e-03,2.965358e-04,2.965358e-05,6.840000e-05,2.965358e-05,7.080092e-05,1.058009e-04,3.500000e-05,1.860799e-05,1.520502e-05
1.638000e-10,3.062193e+02,2.997079e-03,6.840000e-05,2.322836e+01,6.449622e-04,-2.545646e-05,2.104678e+01,3.710886e-04,5.969907e-05,6.840000e-05,3.500000e-05,3.642041e-03,3.274541e-04,3.274541e-05,6.840000e-05,3.274541e-05,7.431215e-05,1.093121e-04,3.500000e-05,1.954431e-05,1.686766e-05
1.639000e-10,3.071345e+02,3.041801e-03,6.840000e-05,2.342727e+01,6.676612e-04,-2.949019e-05,2.116618e+01,4.124775e-04,5.762953e-05,6.840000e-05,3.500000e-05,3.709462e-03,3.627953e-04,3.627953e-05,6.840000e-05,3.627953e-05,7.765804e-05,1.126580e-04,3.500000e-05,2.023216e-05,1.874898e-05
1.640000e-10,3.080456e+02,2.991532e-03,6.840000e-05,2.363117e+01,6.793118e-04,-3.283790e-05,2.129893e+01,4.588627e-04,5.451357e-05,6.840000e-05,3.500000e-05,3.670844e-03,4.028173e-04,4.028173e-05,6.840000e-05,4.028173e-05,8.065269e-05,1.156527e-04,3.500000e-05,2.058521e-05,2.085740e-05
1.641000e-10,3.089270e+02,2.852234e-03,6.840000e-05,2.383641e+01,6.776403e-04,-3.521218e-05,2.144655e+01,5.102875e-04,5.011299e-05,6.840000e-05,3.500000e-05,3.529874e-03,4.476974e-04,4.476974e-05,6.840000e-05,4.476974e-05,8.307762e-05,1.180776e-04,3.500000e-05,2.053456e-05,2.319489e-05
1.642000e-10,3.097938e+02,2.828683e-03,6.840000e-05,2.403883e+01,6.615449e-04,-3.634235e-05,2.161053e+01,5.665781e-04,4.419423e-05,6.840000e-05,3.500000e-05,3.490228e-03,4.974776e-04,4.974776e-05,6.840000e-05,4.974776e-05,8.469554e-05,1.196955e-04,3.500000e-05,2.004682e-05,2.575355e-05
1.643000e-10,3.106407e+02,2.754087e-03,6.840000e-05,2.423425e+01,6.315867e-04,-3.601092e-05,2.179225e+01,6.272369e-04,3.656228e-05,6.840000e-05,3.500000e-05,3.385674e-03,5.519888e-04,5.519888e-05,6.840000e-05,5.519888e-05,8.527193e-05,1.202719e-04,3.500000e-05,1.913899e-05,2.851077e-05
1.644000e-10,3.115070e+02,2.883161e-03,6.840000e-05,2.441894e+01,5.901981e-04,-3.408705e-05,2.199285e+01,6.912862e-04,2.710570e-05,6.840000e-05,3.500000e-05,3.473359e-03,6.107446e-04,6.107446e-05,6.840000e-05,6.107446e-05,8.460226e-05,1.196023e-04,3.500000e-05,1.788479e-05,3.142210e-05
1.645000e-10,3.123981e+02,2.973472e-03,6.840000e-05,2.459020e+01,5.415035e-04,-3.055068e-05,2.221308e+01,7.570488e-04,1.585129e-05,6.840000e-05,3.500000e-05,3.514975e-03,6.727889e-04,6.727889e-05,6.840000e-05,6.727889e-05,8.254149e-05,1.175415e-04,3.500000e-05,1.640920e-05,3.441131e-05
1.646000e-10,3.133079e+02,3.025180e-03,6.840000e-05,2.474670e+01,4.907694e-04,-2.550361e-05,2.245297e+01,8.218783e-04,3.024180e-06,6.840000e-05,3.500000e-05,3.515949e-03,7.364952e-04,7.364952e-05,6.840000e-05,7.364952e-05,7.903181e-05,1.140318e-04,3.500000e-05,1.487180e-05,3.735810e-05
1.647000e-10,3.142165e+02,2.988053e-03,6.840000e-05,2.488872e+01,4.436047e-04,-1.916782e-05,2.271158e+01,8.819145e-04,-1.089580e-05,6.840000e-05,3.500000e-05,3.431658e-03,7.993403e-04,7.993403e-05,6.840000e-05,7.993403e-05,7.412526e-05,1.091253e-04,3.500000e-05,1.344257e-05,4.008702e-05
1.648000e-10,3.150984e+02,2.858414e-03,6.840000e-05,2.501812e+01,4.050857e-04,-1.187284e-05,2.298659e+01,9.320239e-04,-2.513993e-05,6.840000e-05,3.500000e-05,3.263500e-03,8.577272e-04,8.577272e-05,6.840000e-05,8.577272e-05,6.799752e-05,1.029975e-04,3.500000e-05,1.227533e-05,4.236472e-05
1.649000e-10,3.159667e+02,2.835379e-03,6.840000e-05,2.513803e+01,3.789733e-04,-4.033146e-06,2.327397e+01,9.661567e-04,-3.866703e-05,6.840000e-05,3.500000e-05,3.214352e-03,9.069992e-04,9.069992e-05,6.840000e-05,9.069992e-05,6.094911e-05,9.594911e-05,3.500000e-05,1.148404e-05,4.391621e-05
1.650000e-10,3.168135e+02,2.751563e-03,6.840000e-05,2.525237e+01,3.671501e-04,3.884775e-06,2.356794e+01,9.783034e-04,-5.026003e-05,6.840000e-05,3.500000e-05,3.118713e-03,9.418116e-04,9.418116e-05,6.840000e-05,9.418116e-05,5.338947e-05,8.838947e-05,3.500000e-05,1.112576e-05,4.446834e-05
1.651000e-10,3.176767e+02,2.867630e-03,6.840000e-05,2.536530e+01,3.693667e-04,1.140667e-05,2.386120e+01,9.639818e-04,-5.871256e-05,6.840000e-05,3.500000e-05,3.236997e-03,9.569561e-04,9.569561e-05,6.840000e-05,9.569561e-05,4.580040e-05,8.080040e-05,3.500000e-05,1.119293e-05,4.381735e-05
1.652000e-10,3.185625e+02,2.952331e-03,6.840000e-05,2.548060e+01,3.833371e-04,1.810343e-05,2.414568e+01,9.217936e-04,-6.307253e-05,6.840000e-05,3.500000e-05,3.335669e-03,9.485311e-04,9.485311e-05,6.840000e-05,9.485311e-05,3.868029e-05,7.368029e-05,3.500000e-05,1.161628e-05,4.189971e-05
1.653000e-10,3.194675e+02,3.010367e-03,6.840000e-05,2.560111e+01,4.051742e-04,2.364431e-05,2.441357e+01,8.543442e-04,-6.286665e-05,6.840000e-05,3.500000e-05,3.415542e-03,9.151050e-04,9.151050e-05,6.840000e-05,9.151050e-05,3.247768e-05,6.747768e-05,3.500000e-05,1.227801e-05,3.883383e-05
1.654000e-10,3.203744e+02,2.987354e-03,6.840000e-05,2.572840e+01,4.300901e-04,2.783753e-05,2.465844e+01,7.679978e-04,-5.822015e-05,6.840000e-05,3.500000e-05,3.417444e-03,8.584059e-04,8.584059e-05,6.840000e-05,8.584059e-05,2.752943e-05,6.252943e-05,3.500000e-05,1.303303e-05,3.490899e-05
1.655000e-10,3.212579e+02,2.869135e-03,6.840000e-05,2.586264e+01,4.532221e-04,3.064688e-05,2.487609e+01,6.715057e-04,-4.982539e-05,6.840000e-05,3.500000e-05,3.322357e-03,7.832152e-04,7.832152e-05,6.840000e-05,7.832152e-05,2.401911e-05,5.901911e-05,3.500000e-05,1.373400e-05,3.052299e-05
1.656000e-10,3.221293e+02,2.848180e-03,6.840000e-05,2.600268e+01,4.704123e-04,3.217977e-05,2.506493e+01,5.740695e-04,-3.877598e-05,6.840000e-05,3.500000e-05,3.318592e-03,6.964723e-04,6.964723e-05,6.840000e-05,6.964723e-05,2.196532e-05,5.696532e-05,3.500000e-05,1.425492e-05,2.609407e-05
1.657000e-10,3.229779e+02,2.755155e-03,6.840000e-05,2.614634e+01,4.787801e-04,3.265157e-05,2.522583e+01,4.835629e-04,-2.633096e-05,6.840000e-05,3.500000e-05,3.233935e-03,6.059077e-04,6.059077e-05,6.840000e-05,6.059077e-05,2.123994e-05,5.623994e-05,3.500000e-05,1.450849e-05,2.198013e-05
1.658000e-10,3.238395e+02,2.857155e-03,6.840000e-05,2.629085e+01,4.769915e-04,3.233730e-05,2.536159e+01,4.054077e-04,-1.368462e-05,6.840000e-05,3.500000e-05,3.334146e-03,5.186541e-04,5.186541e-05,6.840000e-05,5.186541e-05,2.160841e-05,5.660841e-05,3.500000e-05,1.445429e-05,1.842762e-05
1.659000e-10,3.247211e+02,2.934173e-03,6.840000e-05,2.643326e+01,4.652144e-04,3.152299e-05,2.547617e+01,3.422412e-04,-1.797320e-06,6.840000e-05,3.500000e-05,3.399388e-03,4.402050e-04,4.402050e-05,6.840000e-05,4.402050e-05,2.277960e-05,5.777960e-05,3.500000e-05,1.409741e-05,1.555642e-05
1.660000e-10,3.256220e+02,2.996768e-03,6.840000e-05,2.657084e+01,4.448297e-04,3.046637e-05,2.557396e+01,2.942232e-04,8.689772e-06,6.840000e-05,3.500000e-05,3.441598e-03,3.739039e-04,3.739039e-05,6.840000e-05,3.739039e-05,2.445394e-05,5.945394e-05,3.500000e-05,1.347969e-05,1.337378e-05
1.661000e-10,3.265250e+02,2.975311e-03,6.156000e-05,2.669807e+01,4.016851e-04,2.316355e-05,2.565912e+01,2.595031e-04,1.734089e-05,6.156000e-05,3.500000e-05,3.294916e-03,3.208769e-04,3.208769e-05,6.156000e-05,3.208769e-05,2.622418e-05,6.122418e-05,3.500000e-05,1.217228e-05,1.179560e-05
1.662000e-10,3.274018e+02,2.842548e-03,5.472000e-05,2.680840e+01,3.352975e-04,1.688921e-05,2.573509e+01,2.348880e-04,2.396235e-05,5.472000e-05,3.500000e-05,3.123125e-03,2.803119e-04,2.803119e-05,5.472000e-05,2.803119e-05,2.767026e-05,6.267026e-05,3.500000e-05,1.016053e-05,1.067673e-05
1.663000e-10,3.282568e+02,2.777919e-03,4.788000e-05,2.689575e+01,2.496560e-04,1.188043e-05,2.580429e+01,2.165838e-04,2.859274e-05,4.788000e-05,3.500000e-05,2.972855e-03,2.499678e-04,2.499678e-05,4.788000e-05,2.499678e-05,2.843423e-05,6.343423e-05,3.500000e-05,7.565332e-06,9.844717e-06
1.664000e-10,3.290993e+02,2.751946e-03,4.104000e-05,2.695521e+01,1.498168e-04,8.246282e-06,2.586804e+01,2.008516e-04,3.144569e-05,4.104000e-05,3.500000e-05,2.847043e-03,2.267851e-04,2.267851e-05,4.104000e-05,2.267851e-05,2.825381e-05,6.325381e-05,3.500000e-05,4.539904e-06,9.129617e-06
1.665000e-10,3.299470e+02,2.798340e-03,3.420000e-05,2.698327e+01,4.064612e-05,6.000817e-06,2.592666e+01,1.844784e-04,3.283497e-05,3.420000e-05,3.500000e-05,2.784266e-03,2.074713e-04,2.074713e-05,3.420000e-05,2.074713e-05,2.696748e-05,6.196748e-05,3.500000e-05,1.231701e-06,8.385380e-06
1.666000e-10,3.307922e+02,2.777813e-03,2.736000e-05,2.697772e+01,-7.353659e-05,5.083546e-06,2.597963e+01,1.650363e-04,3.310598e-05,2.736000e-05,3.500000e-05,2.649556e-03,1.889720e-04,1.889720e-05,2.736000e-05,1.889720e-05,2.450484e-05,5.950484e-05,3.500000e-05,-2.228382e-06,7.501651e-06
1.667000e-10,3.316587e+02,2.886440e-03,2.052000e-05,2.693761e+01,-1.889066e-04,5.372633e-06,2.602584e+01,1.409579e-04,3.258624e-05,2.052000e-05,3.500000e-05,2.642813e-03,1.687839e-04,1.687839e-05,2.052000e-05,1.687839e-05,2.087181e-05,5.587181e-05,3.500000e-05,-5.724442e-06,6.407179e-06
1.668000e-10,3.325190e+02,2.821460e-03,1.368000e-05,2.686308e+01,-3.019005e-04,6.691866e-06,2.606383e+01,1.114842e-04,3.155815e-05,1.368000e-05,3.500000e-05,2.464839e-03,1.451102e-04,1.451102e-05,1.368000e-05,1.451102e-05,1.613663e-05,5.113663e-05,3.500000e-05,-9.148500e-06,5.067462e-06
1.669000e-10,3.333659e+02,2.764808e-03,6.840000e-06,2.675540e+01,-4.089324e-04,8.812444e-06,2.609200e+01,7.654823e-05,3.025095e-05,6.840000e-06,3.500000e-05,2.301156e-03,1.168904e-04,1.168904e-05,6.840000e-06,1.168904e-05,1.041945e-05,4.541945e-05,3.500000e-05,-1.239189e-05,3.479465e-06
1.670000e-10,3.341833e+02,2.641826e-03,0.000000e+00,2.661698e+01,-5.061696e-04,1.145236e-05,2.610881e+01,3.664831e-05,2.884535e-05,0.000000e+00,3.500000e-05,2.080936e-03,8.374931e-05,8.374931e-06,0.000000e+00,8.374931e-06,3.886115e-06,3.888611e-05,3.500000e-05,-1.533847e-05,1.665832e-06
1.671000e-10,3.349617e+02,2.497511e-03,0.000000e+00,2.645473e+01,-5.731577e-04,2.048625e-05,2.611299e+01,-7.047044e-06,2.760437e-05,0.000000e+00,3.500000e-05,1.951714e-03,4.598112e-05,4.598112e-06,0.000000e+00,4.598112e-06,-3.117840e-06,3.188216e-05,3.500000e-05,-1.736841e-05,-3.203202e-07
1.672000e-10,3.357060e+02,2.393332e-03,0.000000e+00,2.627844e+01,-6.032784e-04,2.842775e-05,2.610371e+01,-5.266098e-05,2.679124e-05,0.000000e+00,3.500000e-05,1.790054e-03,4.558517e-06,4.558517e-07,0.000000e+00,4.558517e-07,-1.014659e-05,2.485341e-05,3.500000e-05,-1.828116e-05,-2.393681e-06
1.673000e-10,3.364342e+02,2.370036e-03,0.000000e+00,2.609897e+01,-5.958737e-04,3.479308e-05,2.608083e+01,-9.772399e-05,2.659508e-05,0.000000e+00,3.500000e-05,1.774162e-03,-3.889384e-05,-3.889384e-06,0.000000e+00,-3.889384e-06,-1.673630e-05,1.826370e-05,3.500000e-05,-1.805678e-05,-4.442000e-06
1.674000e-10,3.371689e+02,2.428470e-03,0.000000e+00,2.592693e+01,-5.539805e-04,3.925436e-05,2.604496e+01,-1.394193e-04,2.709091e-05,0.000000e+00,3.500000e-05,1.874489e-03,-8.220736e-05,-8.220736e-06,0.000000e+00,-8.220736e-06,-2.246707e-05,1.253293e-05,3.500000e-05,-1.678729e-05,-6.337242e-06
1.675000e-10,3.379255e+02,2.526163e-03,0.000000e+00,2.577163e+01,-4.835392e-04,4.166115e-05,2.599757e+01,-1.749084e-04,2.822877e-05,0.000000e+00,3.500000e-05,2.042624e-03,-1.228684e-04,-1.228684e-05,0.000000e+00,-1.228684e-05,-2.700845e-05,7.991548e-06,3.500000e-05,-1.465270e-05,-7.950380e-06
1.676000e-10,3.387034e+02,2.595380e-03,0.000000e+00,2.564033e+01,-3.926679e-04,4.204944e-05,2.594092e+01,-2.016842e-04,2.984596e-05,0.000000e+00,3.500000e-05,2.202712e-03,-1.582891e-04,-1.582891e-05,0.000000e+00,-1.582891e-05,-3.015041e-05,4.849590e-06,3.500000e-05,-1.189903e-05,-9.167462e-06
1.677000e-10,3.394861e+02,2.583444e-03,0.000000e+00,2.553768e+01,-2.906736e-04,4.062643e-05,2.587789e+01,-2.178995e-04,3.169771e-05,0.000000e+00,3.500000e-05,2.292771e-03,-1.861133e-04,-1.861133e-05,0.000000e+00,-1.861133e-05,-3.181814e-05,3.181861e-06,3.500000e-05,-8.808291e-06,-9.904524e-06
1.678000e-10,3.402506e+02,2.486235e-03,0.000000e+00,2.546559e+01,-1.869246e-04,3.773414e-05,2.581179e+01,-2.226172e-04,3.350036e-05,0.000000e+00,3.500000e-05,2.299310e-03,-2.045115e-04,-2.045115e-05,0.000000e+00,-2.045115e-05,-3.206976e-05,2.930236e-06,3.500000e-05,-5.664381e-06,-1.011897e-05
1.679000e-10,3.409805e+02,2.345295e-03,0.000000e+00,2.542337e+01,-8.981838e-05,3.380022e-05,2.574601e+01,-2.159384e-04,3.497875e-05,0.000000e+00,3.500000e-05,2.255477e-03,-2.124182e-04,-2.124182e-05,0.000000e+00,-2.124182e-05,-3.107845e-05,3.921553e-06,3.500000e-05,-2.721769e-06,-9.815380e-06
1.680000e-10,3.416733e+02,2.218966e-03,0.000000e+00,2.540808e+01,-6.017388e-06,2.928527e-05,2.568378e+01,-1.989852e-04,3.590882e-05,0.000000e+00,3.500000e-05,2.212948e-03,-2.096697e-04,-2.096697e-05,0.000000e+00,-2.096697e-05,-2.910293e-05,5.897071e-06,3.500000e-05,-1.823451e-07,-9.044780e-06
1.681000e-10,3.423406e+02,2.154148e-03,0.000000e+00,2.541513e+01,5.998418e-05,2.463416e-05,2.562784e+01,-1.737430e-04,3.614782e-05,0.000000e+00,3.500000e-05,2.214132e-03,-1.970228e-04,-1.970228e-05,0.000000e+00,-1.970228e-05,-2.645186e-05,8.548137e-06,3.500000e-05,1.817703e-06,-7.897410e-06
1.682000e-10,3.430026e+02,2.170124e-03,0.000000e+00,2.543895e+01,1.059749e-04,2.023603e-05,2.558027e+01,-1.427934e-04,3.564815e-05,0.000000e+00,3.500000e-05,2.276098e-03,-1.760493e-04,-1.760493e-05,0.000000e+00,-1.760493e-05,-2.344739e-05,1.155261e-05,3.500000e-05,3.211361e-06,-6.490608e-06
1.683000e-10,3.436795e+02,2.252140e-03,0.000000e+00,2.547360e+01,1.318752e-04,1.639628e-05,2.554233e+01,-1.089887e-04,3.445463e-05,0.000000e+00,3.500000e-05,2.384015e-03,-1.489310e-04,-1.489310e-05,0.000000e+00,-1.489310e-05,-2.039250e-05,1.460750e-05,3.500000e-05,3.996218e-06,-4.954030e-06
1.684000e-10,3.443820e+02,2.353903e-03,0.000000e+00,2.551339e+01,1.393886e-04,1.332154e-05,2.551447e+01,-7.512488e-05,3.268838e-05,0.000000e+00,3.500000e-05,2.493291e-03,-1.181905e-04,-1.181905e-05,0.000000e+00,-1.181905e-05,-1.754544e-05,1.745456e-05,3.500000e-05,4.223896e-06,-3.414767e-06
1.685000e-10,3.451055e+02,2.415693e-03,0.000000e+00,2.555330e+01,1.315292e-04,1.111717e-05,2.549634e+01,-4.366028e-05,3.052212e-05,0.000000e+00,3.500000e-05,2.547222e-03,-8.640462e-05,-8.640462e-06,0.000000e+00,-8.640462e-06,-1.510290e-05,1.989710e-05,3.500000e-05,3.985735e-06,-1.984558e-06
1.686000e-10,3.458321e+02,2.396690e-03,0.000000e+00,2.558931e+01,1.121010e-04,9.795281e-06,2.548695e+01,-1.651190e-05,2.815235e-05,0.000000e+00,3.500000e-05,2.508791e-03,-5.594086e-05,-5.594086e-06,0.000000e+00,-5.594086e-06,-1.319228e-05,2.180772e-05,3.500000e-05,3.397000e-06,-7.505409e-07
1.687000e-10,3.465398e+02,2.297975e-03,0.000000e+00,2.561857e+01,8.519649e-05,9.290483e-06,2.548484e+01,5.055711e-06,2.577309e-05,0.000000e+00,3.500000e-05,2.383172e-03,-2.875093e-05,-2.875093e-06,0.000000e+00,-2.875093e-06,-1.187219e-05,2.312781e-05,3.500000e-05,2.581712e-06,2.298050e-07
1.688000e-10,3.472127e+02,2.157207e-03,0.000000e+00,2.563942e+01,5.476872e-05,9.479953e-06,2.548829e+01,2.045209e-05,2.355457e-05,0.000000e+00,3.500000e-05,2.211976e-03,-6.238226e-06,-6.238226e-07,0.000000e+00,-6.238226e-07,-1.113961e-05,2.386039e-05,3.500000e-05,1.659658e-06,9.296404e-07
1.689000e-10,3.478473e+02,2.025097e-03,0.000000e+00,2.565129e+01,2.430567e-05,1.020493e-05,2.549545e+01,2.970686e-05,2.162867e-05,0.000000e+00,3.500000e-05,2.049403e-03,1.079553e-05,1.079553e-06,0.000000e+00,1.079553e-06,-1.094146e-05,2.405854e-05,3.500000e-05,7.365353e-07,1.350312e-06
1.690000e-10,3.484525e+02,1.943750e-03,0.000000e+00,2.565456e+01,-3.383284e-06,1.129119e-05,2.550460e+01,3.336107e-05,2.008173e-05,0.000000e+00,3.500000e-05,1.940367e-03,2.213189e-05,2.213189e-06,0.000000e+00,2.213189e-06,-1.118866e-05,2.381134e-05,3.500000e-05,-1.025238e-07,1.516412e-06
1.691000e-10,3.490462e+02,1.935063e-03,0.000000e+00,2.565033e+01,-2.627605e-05,1.256691e-05,2.551419e+01,3.232710e-05,1.895386e-05,0.000000e+00,3.500000e-05,1.908787e-03,2.806059e-05,2.806059e-06,0.000000e+00,2.806059e-06,-1.177067e-05,2.322933e-05,3.500000e-05,-7.962439e-07,1.469414e-06
1.692000e-10,3.496485e+02,1.996341e-03,0.000000e+00,2.564018e+01,-4.315760e-05,1.387687e-05,2.552301e+01,2.773884e-05,1.824339e-05,0.000000e+00,3.500000e-05,1.953183e-03,2.926685e-05,2.926685e-06,0.000000e+00,2.926685e-06,-1.256907e-05,2.243093e-05,3.500000e-05,-1.307806e-06,1.260856e-06
1.693000e-10,3.502746e+02,2.099498e-03,0.000000e+00,2.562594e+01,-5.356963e-05,1.509262e-05,2.553017e+01,2.080976e-05,1.791475e-05,0.000000e+00,3.500000e-05,2.045928e-03,2.670054e-05,2.670054e-06,0.000000e+00,2.670054e-06,-1.346930e-05,2.153070e-05,3.500000e-05,-1.623322e-06,9.458981e-07
1.694000e-10,3.509283e+02,2.196846e-03,0.000000e+00,2.560951e+01,-5.770868e-05,1.611847e-05,2.553513e+01,1.271169e-05,1.790802e-05,0.000000e+00,3.500000e-05,2.139138e-03,2.144456e-05,2.144456e-06,0.000000e+00,2.144456e-06,-1.436972e-05,2.063028e-05,3.500000e-05,-1.748748e-06,5.778043e-07
1.695000e-10,3.515998e+02,2.239346e-03,0.000000e+00,2.559262e+01,-5.628993e-05,1.689370e-05,2.553769e+01,4.481268e-06,1.814878e-05,0.000000e+00,3.500000e-05,2.183056e-03,1.459580e-05,1.459580e-06,0.000000e+00,1.459580e-06,-1.518794e-05,1.981206e-05,3.500000e-05,-1.705755e-06,2.036940e-07
1.696000e-10,3.522696e+02,2.201404e-03,0.000000e+00,2.557679e+01,-5.039263e-05,1.739139e-05,2.553792e+01,-3.043226e-06,1.855722e-05,0.000000e+00,3.500000e-05,2.151011e-03,7.167597e-06,7.167597e-07,0.000000e+00,7.167597e-07,-1.586435e-05,1.913565e-05,3.500000e-05,-1.527049e-06,-1.383285e-07
1.697000e-10,3.529168e+02,2.093003e-03,0.000000e+00,2.556314e+01,-4.130178e-05,1.761458e-05,2.553613e+01,-9.255448e-06,1.905585e-05,0.000000e+00,3.500000e-05,2.051702e-03,1.839137e-08,1.839137e-09,0.000000e+00,1.839137e-09,-1.636301e-05,1.863699e-05,3.500000e-05,-1.251569e-06,-4.207022e-07
1.698000e-10,3.535277e+02,1.950482e-03,0.000000e+00,2.555245e+01,-3.035933e-05,1.759048e-05,2.553274e+01,-1.378836e-05,1.957547e-05,0.000000e+00,3.500000e-05,1.920122e-03,-6.192346e-06,-6.192346e-07,0.000000e+00,-6.192346e-07,-1.667050e-05,1.832950e-05,3.500000e-05,-9.199798e-07,-6.267434e-07
1.699000e-10,3.540994e+02,1.817208e-03,0.000000e+00,2.554507e+01,-1.883579e-05,1.736370e-05,2.552826e+01,-1.649993e-05,2.005934e-05,0.000000e+00,3.500000e-05,1.798373e-03,-1.102263e-05,-1.102263e-06,0.000000e+00,-1.102263e-06,-1.679292e-05,1.820708e-05,3.500000e-05,-5.707815e-07,-7.499969e-07
1.700000e-10,3.546401e+02,1.728242e-03,0.000000e+00,2.554102e+01,-7.830011e-06,1.698904e-05,2.552324e+01,-1.744259e-05,2.046551e-05,0.000000e+00,3.500000e-05,1.720412e-03,-1.424434e-05,-1.424434e-06,0.000000e+00,-1.424434e-06,-1.675177e-05,1.824823e-05,3.500000e-05,-2.372730e-07,-7.928449e-07
1.701000e-10,3.551654e+02,1.703329e-03,0.000000e+00,2.554003e+01,1.798344e-06,1.652482e-05,2.551816e+01,-1.682178e-05,2.076751e-05,0.000000e+00,3.500000e-05,1.705127e-03,-1.582203e-05,-1.582203e-06,0.000000e+00,-1.582203e-06,-1.657932e-05,1.842068e-05,3.500000e-05,5.449528e-08,-7.646263e-07
1.702000e-10,3.556939e+02,1.745036e-03,0.000000e+00,2.554162e+01,9.463179e-06,1.602695e-05,2.551343e+01,-1.494913e-05,2.095372e-05,0.000000e+00,3.500000e-05,1.754499e-03,-1.587923e-05,-1.587923e-06,0.000000e+00,-1.587923e-06,-1.631371e-05,1.868629e-05,3.500000e-05,2.867630e-07,-6.795057e-07
1.703000e-10,3.562425e+02,1.838036e-03,0.000000e+00,2.554516e+01,1.485556e-05,1.554440e-05,2.550939e+01,-1.219494e-05,2.102549e-05,0.000000e+00,3.500000e-05,1.852892e-03,-1.465744e-05,-1.465744e-06,0.000000e+00,-1.465744e-06,-1.599457e-05,1.900543e-05,3.500000e-05,4.501686e-07,-5.543154e-07
1.704000e-10,3.568202e+02,1.949688e-03,0.000000e+00,2.554997e+01,1.792165e-05,1.511607e-05,2.550623e+01,-8.944226e-06,2.099464e-05,0.000000e+00,3.500000e-05,1.967609e-03,-1.247234e-05,-1.247234e-06,0.000000e+00,-1.247234e-06,-1.565915e-05,1.934085e-05,3.500000e-05,5.430803e-07,-4.065557e-07
1.705000e-10,3.574254e+02,2.036808e-03,0.000000e+00,2.555539e+01,1.882151e-05,1.476915e-05,2.550405e+01,-5.559382e-06,2.088038e-05,0.000000e+00,3.500000e-05,2.055629e-03,-9.671735e-06,-9.671735e-07,0.000000e+00,-9.671735e-07,-1.533950e-05,1.966050e-05,3.500000e-05,5.703487e-07,-2.526992e-07
1.706000e-10,3.580448e+02,2.061817e-03,0.000000e+00,2.556081e+01,1.787613e-05,1.451880e-05,2.550285e+01,-2.351635e-06,2.070622e-05,0.000000e+00,3.500000e-05,2.079693e-03,-6.598289e-06,-6.598289e-07,0.000000e+00,-6.598289e-07,-1.506050e-05,1.993950e-05,3.500000e-05,5.417010e-07,-1.068925e-07
1.707000e-10,3.586585e+02,2.010357e-03,0.000000e+00,2.556576e+01,1.550972e-05,1.436902e-05,2.550254e+01,4.377494e-07,2.049705e-05,0.000000e+00,3.500000e-05,2.025867e-03,-3.559548e-06,-3.559548e-07,0.000000e+00,-3.559548e-07,-1.483901e-05,2.016099e-05,3.500000e-05,4.699914e-07,1.989770e-08
1.708000e-10,3.592473e+02,1.896585e-03,0.000000e+00,2.556988e+01,1.219330e-05,1.431430e-05,2.550297e+01,2.646570e-06,2.027657e-05,0.000000e+00,3.500000e-05,1.908779e-03,-8.065760e-07,-8.065760e-08,0.000000e+00,-8.065760e-08,-1.468379e-05,2.031621e-05,3.500000e-05,3.694939e-07,1.202986e-07
1.709000e-10,3.597987e+02,1.753339e-03,0.000000e+00,2.557296e+01,8.394712e-06,1.434184e-05,2.550396e+01,4.192020e-06,2.006538e-05,0.000000e+00,3.500000e-05,1.761733e-03,1.478459e-06,1.478459e-07,0.000000e+00,1.478459e-07,-1.459622e-05,2.040378e-05,3.500000e-05,2.543852e-07,1.905464e-07
1.710000e-10,3.603101e+02,1.617004e-03,0.000000e+00,2.557490e+01,4.538080e-06,1.443400e-05,2.550532e+01,5.063821e-06,1.987968e-05,0.000000e+00,3.500000e-05,1.621542e-03,3.186254e-06,3.186254e-07,0.000000e+00,3.186254e-07,-1.457152e-05,2.042848e-05,3.500000e-05,1.375176e-07,2.301737e-07
1.711000e-10,3.607878e+02,1.516704e-03,0.000000e+00,2.557575e+01,9.746787e-07,1.457072e-05,2.550685e+01,5.312084e-06,1.973058e-05,0.000000e+00,3.500000e-05,1.517678e-03,4.277068e-06,4.277068e-07,0.000000e+00,4.277068e-07,-1.460026e-05,2.039974e-05,3.500000e-05,2.953572e-08,2.414584e-07
1.712000e-10,3.612448e+02,1.470178e-03,0.000000e+00,2.557562e+01,-2.034419e-06,1.473173e-05,2.550837e+01,5.031999e-06,1.962401e-05,0.000000e+00,3.500000e-05,1.468143e-03,4.771793e-06,4.771793e-07,0.000000e+00,4.771793e-07,-1.467008e-05,2.032992e-05,3.500000e-05,-6.164907e-08,2.287272e-07
1.713000e-10,3.616977e+02,1.483610e-03,0.000000e+00,2.557470e+01,-4.324631e-06,1.489833e-05,2.550977e+01,4.347306e-06,1.956119e-05,0.000000e+00,3.500000e-05,1.479286e-03,4.739216e-06,4.739216e-07,0.000000e+00,4.739216e-07,-1.476728e-05,2.023272e-05,3.500000e-05,-1.310494e-07,1.976048e-07
1.714000e-10,3.621630e+02,1.551938e-03,0.000000e+00,2.557321e+01,-5.824589e-06,1.505478e-05,2.551092e+01,3.394257e-06,1.953930e-05,0.000000e+00,3.500000e-05,1.546113e-03,4.281347e-06,4.281347e-07,0.000000e+00,4.281347e-07,-1.487828e-05,2.012172e-05,3.500000e-05,-1.765027e-07,1.542844e-07
1.715000e-10,3.626540e+02,1.658145e-03,0.000000e+00,2.557139e+01,-6.545357e-06,1.518909e-05,2.551177e+01,2.307418e-06,1.955252e-05,0.000000e+00,3.500000e-05,1.651599e-03,3.518469e-06,3.518469e-07,0.000000e+00,3.518469e-07,-1.499075e-05,2.000925e-05,3.500000e-05,-1.983442e-07,1.048826e-07
1.716000e-10,3.631769e+02,1.773245e-03,0.000000e+00,2.556945e+01,-6.564451e-06,1.529342e-05,2.551230e+01,1.208223e-06,1.959305e-05,0.000000e+00,3.500000e-05,1.766681e-03,2.575299e-06,2.575299e-07,0.000000e+00,2.575299e-07,-1.509450e-05,1.990550e-05,3.500000e-05,-1.989227e-07,5.491921e-08
1.717000e-10,3.637282e+02,1.861168e-03,0.000000e+00,2.556759e+01,-6.006962e-06,1.536400e-05,2.551251e+01,1.967676e-07,1.965216e-05,0.000000e+00,3.500000e-05,1.855161e-03,1.569289e-06,1.569289e-07,0.000000e+00,1.569289e-07,-1.518197e-05,1.981803e-05,3.500000e-05,-1.820292e-07,8.943983e-09
1.718000e-10,3.642950e+02,1.890690e-03,0.000000e+00,2.556595e+01,-5.025969e-06,1.540071e-05,2.551245e+01,-6.530197e-07,1.972110e-05,0.000000e+00,3.500000e-05,1.885664e-03,6.016947e-07,6.016947e-08,0.000000e+00,6.016947e-08,-1.524841e-05,1.975159e-05,3.500000e-05,-1.523021e-07,-2.968271e-08
1.719000e-10,3.648584e+02,1.848773e-03,0.000000e+00,2.556464e+01,-3.784031e-06,1.540644e-05,2.551217e+01,-1.295050e-06,1.979192e-05,0.000000e+00,3.500000e-05,1.844988e-03,-2.482995e-07,-2.482995e-08,0.000000e+00,-2.482995e-08,-1.529177e-05,1.970823e-05,3.500000e-05,-1.146676e-07,-5.886589e-08
1.720000e-10,3.653997e+02,1.745305e-03,0.000000e+00,2.556371e+01,-2.437199e-06,1.538628e-05,2.551173e+01,-1.710004e-06,1.985795e-05,0.000000e+00,3.500000e-05,1.742868e-03,-9.264620e-07,-9.264620e-08,0.000000e+00,-9.264620e-08,-1.531243e-05,1.968757e-05,3.500000e-05,-7.385451e-08,-7.772748e-08
1.721000e-10,3.659056e+02,1.606393e-03,0.000000e+00,2.556317e+01,-1.122485e-06,1.534668e-05,2.551120e+01,-1.902134e-06,1.991416e-05,0.000000e+00,3.500000e-05,1.605270e-03,-1.403686e-06,-1.403686e-07,0.000000e+00,-1.403686e-07,-1.531267e-05,1.968733e-05,3.500000e-05,-3.401471e-08,-8.646062e-08
1.722000e-10,3.663705e+02,1.462670e-03,0.000000e+00,2.556300e+01,5.073288e-08,1.529462e-05,2.551064e+01,-1.894574e-06,1.995735e-05,0.000000e+00,3.500000e-05,1.462721e-03,-1.673940e-06,-1.673940e-07,0.000000e+00,-1.673940e-07,-1.529616e-05,1.970384e-05,3.500000e-05,1.537360e-09,-8.611702e-08
1.723000e-10,3.667969e+02,1.340201e-03,0.000000e+00,2.556315e+01,1.005326e-06,1.523693e-05,2.551010e+01,-1.723873e-06,1.998602e-05,0.000000e+00,3.500000e-05,1.341206e-03,-1.750571e-06,-1.750571e-07,0.000000e+00,-1.750571e-07,-1.526739e-05,1.973261e-05,3.500000e-05,3.046443e-08,-7.835788e-08
1.724000e-10,3.671937e+02,1.256712e-03,0.000000e+00,2.556354e+01,1.697349e-06,1.517967e-05,2.550963e+01,-1.434332e-06,2.000025e-05,0.000000e+00,3.500000e-05,1.258410e-03,-1.661596e-06,-1.661596e-07,0.000000e+00,-1.661596e-07,-1.523111e-05,1.976889e-05,3.500000e-05,5.143483e-08,-6.519691e-08
1.725000e-10,3.675734e+02,1.221723e-03,0.000000e+00,2.556410e+01,2.113885e-06,1.512779e-05,2.550926e+01,-1.072698e-06,2.000137e-05,0.000000e+00,3.500000e-05,1.223837e-03,-1.444556e-06,-1.444556e-07,0.000000e+00,-1.444556e-07,-1.519184e-05,1.980816e-05,3.500000e-05,6.405714e-08,-4.875900e-08
1.726000e-10,3.679507e+02,1.237923e-03,0.000000e+00,2.556475e+01,2.268548e-06,1.508485e-05,2.550899e+01,-6.836066e-07,1.999163e-05,0.000000e+00,3.500000e-05,1.240191e-03,-1.141483e-06,-1.141483e-07,0.000000e+00,-1.141483e-07,-1.515359e-05,1.984641e-05,3.500000e-05,6.874389e-08,-3.107303e-08
1.727000e-10,3.683402e+02,1.301832e-03,0.000000e+00,2.556541e+01,2.195464e-06,1.505298e-05,2.550884e+01,-3.060361e-07,1.997384e-05,0.000000e+00,3.500000e-05,1.304027e-03,-7.943798e-07,-7.943798e-08,0.000000e+00,-7.943798e-08,-1.511951e-05,1.988049e-05,3.500000e-05,6.652921e-08,-1.391073e-08
1.728000e-10,3.687543e+02,1.403029e-03,0.000000e+00,2.556602e+01,1.942543e-06,1.503298e-05,2.550880e+01,2.909725e-08,1.995099e-05,0.000000e+00,3.500000e-05,1.404971e-03,-4.415281e-07,-4.415281e-08,0.000000e+00,-4.415281e-08,-1.509184e-05,1.990816e-05,3.500000e-05,5.886493e-08,1.322602e-09
1.729000e-10,3.692007e+02,1.522742e-03,0.000000e+00,2.556654e+01,1.564762e-06,1.502442e-05,2.550885e+01,3.001966e-07,1.992600e-05,0.000000e+00,3.500000e-05,1.524307e-03,-1.147946e-07,-1.147946e-08,0.000000e+00,-1.147946e-08,-1.507184e-05,1.992816e-05,3.500000e-05,4.741703e-08,1.364530e-08
1.730000e-10,3.696806e+02,1.634260e-03,0.000000e+00,2.556694e+01,1.118051e-06,1.502598e-05,2.550896e+01,4.951938e-07,1.990143e-05,0.000000e+00,3.500000e-05,1.635378e-03,1.620097e-07,1.620097e-08,0.000000e+00,1.620097e-08,-1.505986e-05,1.994014e-05,3.500000e-05,3.388034e-08,2.250881e-08
1.731000e-10,3.701866e+02,1.708136e-03,0.000000e+00,2.556721e+01,6.542093e-07,1.503567e-05,2.550912e+01,6.108820e-07,1.987936e-05,0.000000e+00,3.500000e-05,1.708790e-03,3.737632e-07,3.737632e-08,0.000000e+00,3.737632e-08,-1.505550e-05,1.994450e-05,3.500000e-05,1.982452e-08,2.776736e-08
1.732000e-10,3.707041e+02,1.722084e-03,0.000000e+00,2.556734e+01,2.171087e-07,1.505117e-05,2.550931e+01,6.515888e-07,1.986126e-05,0.000000e+00,3.500000e-05,1.722301e-03,5.137868e-07,5.137868e-08,0.000000e+00,5.137868e-08,-1.505775e-05,1.994225e-05,3.500000e-05,6.579051e-09,2.961767e-08
1.733000e-10,3.712149e+02,1.669948e-03,0.000000e+00,2.556735e+01,-1.597113e-07,1.507005e-05,2.550950e+01,6.274285e-07,1.984798e-05,0.000000e+00,3.500000e-05,1.669788e-03,5.828997e-07,5.828997e-08,0.000000e+00,5.828997e-08,-1.506521e-05,1.993479e-05,3.500000e-05,-4.839737e-09,2.851948e-08
1.734000e-10,3.717018e+02,1.563216e-03,0.000000e+00,2.556726e+01,-4.541074e-07,1.509003e-05,2.550967e+01,5.523629e-07,1.983982e-05,0.000000e+00,3.500000e-05,1.562761e-03,5.879864e-07,5.879864e-08,0.000000e+00,5.879864e-08,-1.507627e-05,1.992373e-05,3.500000e-05,-1.376083e-08,2.510740e-08
1.735000e-10,3.721527e+02,1.424665e-03,0.000000e+00,2.556710e+01,-6.552017e-07,1.510917e-05,2.550982e+01,4.422767e-07,1.983655e-05,0.000000e+00,3.500000e-05,1.424009e-03,5.402917e-07,5.402917e-08,0.000000e+00,5.402917e-08,-1.508932e-05,1.991068e-05,3.500000e-05,-1.985460e-08,2.010349e-08
1.736000e-10,3.725621e+02,1.279378e-03,0.000000e+00,2.556689e+01,-7.622871e-07,1.512594e-05,2.550993e+01,3.132341e-07,1.983756e-05,0.000000e+00,3.500000e-05,1.278615e-03,4.536415e-07,4.536415e-08,0.000000e+00,4.536415e-08,-1.510284e-05,1.989716e-05,3.500000e-05,-2.309961e-08,1.423791e-08
1.737000e-10,3.729312e+02,1.148236e-03,0.000000e+00,2.556667e+01,-7.830394e-07,1.513928e-05,2.551001e+01,1.800366e-07,1.984199e-05,0.000000e+00,3.500000e-05,1.147453e-03,3.427606e-07,3.427606e-08,0.000000e+00,3.427606e-08,-1.511555e-05,1.988445e-05,3.500000e-05,-2.372847e-08,8.183484e-09
1.738000e-10,3.732660e+02,1.045486e-03,0.000000e+00,2.556644e+01,-7.313198e-07,1.514866e-05,2.551004e+01,5.515465e-08,1.984882e-05,0.000000e+00,3.500000e-05,1.044755e-03,2.218178e-07,2.218178e-08,0.000000e+00,2.218178e-08,-1.512650e-05,1.987350e-05,3.500000e-05,-2.216121e-08,2.507030e-09
1.739000e-10,3.735760e+02,9.792678e-04,0.000000e+00,2.556624e+01,-6.248341e-07,1.515396e-05,2.551005e+01,-5.194290e-08,1.985701e-05,0.000000e+00,3.500000e-05,9.786430e-04,1.032840e-07,1.032840e-08,0.000000e+00,1.032840e-08,-1.513503e-05,1.986497e-05,3.500000e-05,-1.893437e-08,-2.361041e-09
1.740000e-10,3.738724e+02,9.532795e-04,0.000000e+00,2.556608e+01,-4.828790e-07,1.515547e-05,2.551002e+01,-1.350730e-07,1.986559e-05,0.000000e+00,3.500000e-05,9.527966e-04,-2.853444e-09,-2.853444e-10,0.000000e+00,-2.853444e-10,-1.514084e-05,1.985916e-05,3.500000e-05,-1.463270e-08,-6.139680e-09
1.741000e-10,3.741674e+02,9.682368e-04,0.000000e+00,2.556595e+01,-3.243595e-07,1.515374e-05,2.550997e+01,-1.912832e-07,1.987374e-05,0.000000e+00,3.500000e-05,9.679125e-04,-8.951439e-08,-8.951439e-09,0.000000e+00,-8.951439e-09,-1.514391e-05,1.985609e-05,3.500000e-05,-9.829076e-09,-8.694689e-09
1.742000e-10,3.744728e+02,1.022434e-03,0.000000e+00,2.556588e+01,-1.661997e-07,1.514950e-05,2.550991e+01,-2.205231e-07,1.988082e-05,0.000000e+00,3.500000e-05,1.022268e-03,-1.526187e-07,-1.526187e-08,0.000000e+00,-1.526187e-08,-1.514447e-05,1.985553e-05,3.500000e-05,-5.036355e-09,-1.002378e-08
1.743000e-10,3.747997e+02,1.111196e-03,0.000000e+00,2.556585e+01,-2.221697e-08,1.514360e-05,2.550984e+01,-2.251209e-07,1.988640e-05,0.000000e+00,3.500000e-05,1.111174e-03,-1.908984e-07,-1.908984e-08,0.000000e+00,-1.908984e-08,-1.514292e-05,1.985708e-05,3.500000e-05,-6.732417e-10,-1.023277e-08
1.744000e-10,3.751569e+02,1.225402e-03,0.000000e+00,2.556586e+01,9.752712e-08,1.513684e-05,2.550978e+01,-2.091464e-07,1.989026e-05,0.000000e+00,3.500000e-05,1.225499e-03,-2.054972e-07,-2.054972e-08,0.000000e+00,-2.054972e-08,-1.513980e-05,1.986020e-05,3.500000e-05,2.955367e-09,-9.506653e-09
1.745000e-10,3.755494e+02,1.349874e-03,0.000000e+00,2.556590e+01,1.869277e-07,1.512998e-05,2.550972e+01,-1.777365e-07,1.989238e-05,0.000000e+00,3.500000e-05,1.350061e-03,-1.994313e-07,-1.994313e-08,0.000000e+00,-1.994313e-08,-1.513564e-05,1.986436e-05,3.500000e-05,5.664474e-09,-8.078932e-09
1.746000e-10,3.759767e+02,1.463364e-03,0.000000e+00,2.556597e+01,2.436534e-07,1.512364e-05,2.550968e+01,-1.364508e-07,1.989288e-05,0.000000e+00,3.500000e-05,1.463608e-03,-1.769843e-07,-1.769843e-08,0.000000e+00,-1.769843e-08,-1.513102e-05,1.986898e-05,3.500000e-05,7.383437e-09,-6.202308e-09
1.747000e-10,3.764315e+02,1.542094e-03,0.000000e+00,2.556604e+01,2.686657e-07,1.511827e-05,2.550964e+01,-9.070589e-08,1.989202e-05,0.000000e+00,3.500000e-05,1.542363e-03,-1.431002e-07,-1.431002e-08,0.000000e+00,-1.431002e-08,-1.512641e-05,1.987359e-05,3.500000e-05,8.141385e-09,-4.122995e-09
1.748000e-10,3.769005e+02,1.566927e-03,0.000000e+00,2.556612e+01,2.655353e-07,1.511418e-05,2.550962e+01,-4.532603e-08,1.989011e-05,0.000000e+00,3.500000e-05,1.567192e-03,-1.028293e-07,-1.028293e-08,0.000000e+00,-1.028293e-08,-1.512223e-05,1.987777e-05,3.500000e-05,8.046525e-09,-2.060274e-09
1.749000e-10,3.773669e+02,1.530529e-03,0.000000e+00,2.556620e+01,2.396547e-07,1.511149e-05,2.550961e+01,-4.226890e-09,1.988752e-05,0.000000e+00,3.500000e-05,1.530768e-03,-6.086528e-08,-6.086528e-09,0.000000e+00,-6.086528e-09,-1.511876e-05,1.988124e-05,3.500000e-05,7.262265e-09,-1.921314e-10
1.750000e-10,3.778140e+02,1.439696e-03,0.000000e+00,2.556626e+01,1.974333e-07,1.511019e-05,2.550962e+01,2.976309e-08,1.988460e-05,0.000000e+00,3.500000e-05,1.439894e-03,-2.119781e-08,-2.119781e-09,0.000000e+00,-2.119781e-09,-1.511617e-05,1.988383e-05,3.500000e-05,5.982828e-09,1.352868e-09
1.751000e-10,3.782287e+02,1.311549e-03,0.000000e+00,2.556631e+01,1.455497e-07,1.511012e-05,2.550963e+01,5.495353e-08,1.988166e-05,0.000000e+00,3.500000e-05,1.311695e-03,1.310990e-08,1.310990e-09,0.000000e+00,1.310990e-09,-1.511453e-05,1.988547e-05,3.500000e-05,4.410597e-09,2.497888e-09
1.752000e-10,3.786033e+02,1.166730e-03,0.000000e+00,2.556635e+01,9.031650e-08,1.511108e-05,2.550965e+01,7.073368e-08,1.987896e-05,0.000000e+00,3.500000e-05,1.166821e-03,4.002172e-08,4.002172e-09,0.000000e+00,4.002172e-09,-1.511382e-05,1.988618e-05,3.500000e-05,2.736864e-09,3.215167e-09
1.753000e-10,3.789355e+02,1.023624e-03,0.000000e+00,2.556637e+01,3.719259e-08,1.511280e-05,2.550967e+01,7.742988e-08,1.987670e-05,0.000000e+00,3.500000e-05,1.023662e-03,5.852074e-08,5.852074e-09,0.000000e+00,5.852074e-09,-1.511393e-05,1.988607e-05,3.500000e-05,1.127048e-09,3.519540e-09
1.754000e-10,3.792276e+02,8.955211e-04,0.000000e+00,2.556637e+01,-9.540906e-09,1.511498e-05,2.550969e+01,7.610651e-08,1.987500e-05,0.000000e+00,3.500000e-05,8.955115e-04,6.851333e-08,6.851333e-09,0.000000e+00,6.851333e-09,-1.511469e-05,1.988531e-05,3.500000e-05,-2.891184e-10,3.459387e-09
1.755000e-10,3.794851e+02,7.904232e-04,0.000000e+00,2.556636e+01,-4.694232e-08,1.511735e-05,2.550971e+01,6.833842e-08,1.987390e-05,0.000000e+00,3.500000e-05,7.903762e-04,7.066953e-08,7.066953e-09,0.000000e+00,7.066953e-09,-1.511593e-05,1.988407e-05,3.500000e-05,-1.422495e-09,3.106292e-09
1.756000e-10,3.797152e+02,7.122645e-04,0.000000e+00,2.556634e+01,-7.342418e-08,1.511967e-05,2.550973e+01,5.597989e-08,1.987339e-05,0.000000e+00,3.500000e-05,7.121911e-04,6.622547e-08,6.622547e-09,0.000000e+00,6.622547e-09,-1.511745e-05,1.988255e-05,3.500000e-05,-2.224975e-09,2.544541e-09
1.757000e-10,3.799261e+02,6.624535e-04,0.000000e+00,2.556632e+01,-8.864634e-08,1.512174e-05,2.550975e+01,4.095100e-08,1.987341e-05,0.000000e+00,3.500000e-05,6.623648e-04,5.677188e-08,5.677188e-09,0.000000e+00,5.677188e-09,-1.511906e-05,1.988094e-05,3.500000e-05,-2.686253e-09,1.861409e-09
1.758000e-10,3.801263e+02,6.411476e-04,0.000000e+00,2.556629e+01,-9.331910e-08,1.512343e-05,2.550976e+01,2.505712e-08,1.987385e-05,0.000000e+00,3.500000e-05,6.410543e-04,4.405005e-08,4.405005e-09,0.000000e+00,4.405005e-09,-1.512060e-05,1.987940e-05,3.500000e-05,-2.827851e-09,1.138960e-09
1.759000e-10,3.803243e+02,6.480601e-04,0.000000e+00,2.556627e+01,-8.894986e-08,1.512466e-05,2.550976e+01,9.851276e-09,1.987462e-05,0.000000e+00,3.500000e-05,6.479711e-04,2.977152e-08,2.977152e-09,0.000000e+00,2.977152e-09,-1.512196e-05,1.987804e-05,3.500000e-05,-2.695450e-09,4.477853e-10
1.760000e-10,3.805286e+02,6.827848e-04,0.000000e+00,2.556624e+01,-7.756589e-08,1.512539e-05,2.550976e+01,-3.456304e-09,1.987557e-05,0.000000e+00,3.500000e-05,6.827073e-04,1.547329e-08,1.547329e-09,0.000000e+00,1.547329e-09,-1.512304e-05,1.987696e-05,3.500000e-05,-2.350482e-09,-1.571047e-10
1.761000e-10,3.807476e+02,7.446562e-04,0.000000e+00,2.556622e+01,-6.144180e-08,1.512567e-05,2.550976e+01,-1.404213e-08,1.987659e-05,0.000000e+00,3.500000e-05,7.445948e-04,2.414588e-09,2.414588e-10,0.000000e+00,2.414588e-10,-1.512381e-05,1.987619e-05,3.500000e-05,-1.861873e-09,-6.382786e-10
1.762000e-10,3.809891e+02,8.321266e-04,0.000000e+00,2.556621e+01,-4.285489e-08,1.512555e-05,2.550976e+01,-2.147142e-08,1.987758e-05,0.000000e+00,3.500000e-05,8.320837e-04,-8.483163e-09,-8.483163e-10,0.000000e+00,-8.483163e-10,-1.512425e-05,1.987575e-05,3.500000e-05,-1.298633e-09,-9.759734e-10
1.763000e-10,3.812604e+02,9.416414e-04,0.000000e+00,2.556620e+01,-2.388472e-08,1.512510e-05,2.550975e+01,-2.566559e-08,1.987845e-05,0.000000e+00,3.500000e-05,9.416175e-04,-1.665582e-08,-1.665582e-09,0.000000e+00,-1.665582e-09,-1.512438e-05,1.987562e-05,3.500000e-05,-7.237794e-10,-1.166618e-09
1.764000e-10,3.815668e+02,1.066139e-03,0.000000e+00,2.556619e+01,-6.266465e-09,1.512444e-05,2.550974e+01,-2.684442e-08,1.987916e-05,0.000000e+00,3.500000e-05,1.066133e-03,-2.188109e-08,-2.188109e-09,0.000000e+00,-2.188109e-09,-1.512425e-05,1.987575e-05,3.500000e-05,-1.898929e-10,-1.220201e-09
1.765000e-10,3.819107e+02,1.193716e-03,0.000000e+00,2.556619e+01,8.698833e-09,1.512365e-05,2.550973e+01,-2.545249e-08,1.987967e-05,0.000000e+00,3.500000e-05,1.193725e-03,-2.423589e-08,-2.423589e-09,0.000000e+00,-2.423589e-09,-1.512391e-05,1.987609e-05,3.500000e-05,2.636010e-10,-1.156931e-09
1.766000e-10,3.822902e+02,1.307606e-03,0.000000e+00,2.556620e+01,2.017957e-08,1.512283e-05,2.550973e+01,-2.207927e-08,1.987997e-05,0.000000e+00,3.500000e-05,1.307626e-03,-2.403522e-08,-2.403522e-09,0.000000e+00,-2.403522e-09,-1.512344e-05,1.987656e-05,3.500000e-05,6.115021e-10,-1.003603e-09
1.767000e-10,3.826981e+02,1.388775e-03,0.000000e+00,2.556620e+01,2.780126e-08,1.512205e-05,2.550972e+01,-1.738106e-08,1.988007e-05,0.000000e+00,3.500000e-05,1.388803e-03,-2.176117e-08,-2.176117e-09,0.000000e+00,-2.176117e-09,-1.512290e-05,1.987710e-05,3.500000e-05,8.424623e-10,-7.900483e-10
1.768000e-10,3.831219e+02,1.421213e-03,0.000000e+00,2.556621e+01,3.159631e-08,1.512139e-05,2.550972e+01,-1.201117e-08,1.988000e-05,0.000000e+00,3.500000e-05,1.421244e-03,-1.799026e-08,-1.799026e-09,0.000000e+00,-1.799026e-09,-1.512234e-05,1.987766e-05,3.500000e-05,9.574638e-10,-5.459625e-10
1.769000e-10,3.835463e+02,1.397533e-03,0.000000e+00,2.556622e+01,3.192721e-08,1.512086e-05,2.550971e+01,-6.563144e-09,1.987980e-05,0.000000e+00,3.500000e-05,1.397565e-03,-1.332563e-08,-1.332563e-09,0.000000e+00,-1.332563e-09,-1.512183e-05,1.987817e-05,3.500000e-05,9.674912e-10,-2.983247e-10
1.770000e-10,3.839554e+02,1.321441e-03,0.000000e+00,2.556623e+01,2.939470e-08,1.512051e-05,2.550971e+01,-1.529471e-09,1.987951e-05,0.000000e+00,3.500000e-05,1.321471e-03,-8.339268e-09,-8.339268e-10,0.000000e+00,-8.339268e-10,-1.512140e-05,1.987860e-05,3.500000e-05,8.907485e-10,-6.952139e-11
1.771000e-10,3.843360e+02,1.205613e-03,0.000000e+00,2.556624e+01,2.474171e-08,1.512031e-05,2.550971e+01,2.723252e-09,1.987916e-05,0.000000e+00,3.500000e-05,1.205638e-03,-3.527406e-09,-3.527406e-10,0.000000e+00,-3.527406e-10,-1.512106e-05,1.987894e-05,3.500000e-05,7.497488e-10,1.237842e-10
1.772000e-10,3.846790e+02,1.066717e-03,0.000000e+00,2.556624e+01,1.876227e-08,1.512028e-05,2.550971e+01,5.963638e-09,1.987881e-05,0.000000e+00,3.500000e-05,1.066736e-03,7.192318e-10,7.192318e-11,0.000000e+00,7.192318e-11,-1.512084e-05,1.987916e-05,3.500000e-05,5.685538e-10,2.710744e-10
1.773000e-10,3.849798e+02,9.205518e-04,0.000000e+00,2.556625e+01,1.222253e-08,1.512037e-05,2.550972e+01,8.091243e-09,1.987848e-05,0.000000e+00,3.500000e-05,9.205641e-04,4.130578e-09,4.130578e-10,0.000000e+00,4.130578e-10,-1.512074e-05,1.987926e-05,3.500000e-05,3.703797e-10,3.677838e-10
1.774000e-10,3.852379e+02,7.791443e-04,0.000000e+00,2.556625e+01,5.798534e-09,1.512055e-05,2.550972e+01,9.121582e-09,1.987820e-05,0.000000e+00,3.500000e-05,7.791501e-04,6.558994e-09,6.558994e-10,0.000000e+00,6.558994e-10,-1.512073e-05,1.987927e-05,3.500000e-05,1.757131e-10,4.146174e-10
1.775000e-10,3.854556e+02,6.499938e-04,0.000000e+00,2.556625e+01,3.326343e-11,1.512080e-05,2.550972e+01,9.163686e-09,1.987798e-05,0.000000e+00,3.500000e-05,6.499938e-04,7.969981e-09,7.969981e-10,0.000000e+00,7.969981e-10,-1.512080e-05,1.987920e-05,3.500000e-05,1.007983e-12,4.165312e-10
1.776000e-10,3.856368e+02,5.367009e-04,0.000000e+00,2.556625e+01,-4.686847e-09,1.512108e-05,2.550972e+01,8.393526e-09,1.987784e-05,0.000000e+00,3.500000e-05,5.366962e-04,8.424634e-09,8.424634e-10,0.000000e+00,8.424634e-10,-1.512094e-05,1.987906e-05,3.500000e-05,-1.420257e-10,3.815239e-10
1.777000e-10,3.857864e+02,4.401121e-04,0.000000e+00,2.556625e+01,-8.137380e-09,1.512136e-05,2.550973e+01,7.026397e-09,1.987776e-05,0.000000e+00,3.500000e-05,4.401039e-04,8.056906e-09,8.056906e-10,0.000000e+00,8.056906e-10,-1.512111e-05,1.987889e-05,3.500000e-05,-2.465873e-10,3.193817e-10
1.778000e-10,3.859091e+02,3.594223e-04,0.000000e+00,2.556625e+01,-1.024619e-08,1.512162e-05,2.550973e+01,5.290866e-09,1.987775e-05,0.000000e+00,3.500000e-05,3.594120e-04,7.048599e-09,7.048599e-10,0.000000e+00,7.048599e-10,-1.512131e-05,1.987869e-05,3.500000e-05,-3.104905e-10,2.404939e-10
1.779000e-10,3.860093e+02,2.930078e-04,0.000000e+00,2.556624e+01,-1.107203e-08,1.512183e-05,2.550973e+01,3.406291e-09,1.987779e-05,0.000000e+00,3.500000e-05,2.929967e-04,5.604705e-09,5.604705e-10,0.000000e+00,5.604705e-10,-1.512149e-05,1.987851e-05,3.500000e-05,-3.355161e-10,1.548314e-10
1.780000e-10,3.860912e+02,2.389651e-04,0.000000e+00,2.556624e+01,-1.077565e-08,1.512199e-05,2.550973e+01,1.565235e-09,1.987788e-05,0.000000e+00,3.500000e-05,2.389544e-04,3.931189e-09,3.931189e-10,0.000000e+00,3.931189e-10,-1.512166e-05,1.987834e-05,3.500000e-05,-3.265347e-10,7.114703e-11
1.781000e-10,3.861580e+02,1.954191e-04,0.000000e+00,2.556624e+01,-9.587063e-09,1.512209e-05,2.550973e+01,-7.856784e-11,1.987798e-05,0.000000e+00,3.500000e-05,1.954095e-04,2.216736e-09,2.216736e-10,0.000000e+00,2.216736e-10,-1.512180e-05,1.987820e-05,3.500000e-05,-2.905171e-10,-3.571265e-12
1.782000e-10,3.862129e+02,1.606756e-04,0.000000e+00,2.556624e+01,-7.772838e-09,1.512213e-05,2.550973e+01,-1.416650e-09,1.987811e-05,0.000000e+00,3.500000e-05,1.606678e-04,6.193166e-10,6.193166e-11,0.000000e+00,6.193166e-11,-1.512190e-05,1.987810e-05,3.500000e-05,-2.355405e-10,-6.439318e-11
1.783000e-10,3.862581e+02,1.332821e-04,0.000000e+00,2.556623e+01,-5.605993e-09,1.512213e-05,2.550973e+01,-2.387106e-09,1.987823e-05,0.000000e+00,3.500000e-05,1.332765e-04,-7.420891e-10,-7.420891e-11,0.000000e+00,-7.420891e-11,-1.512196e-05,1.987804e-05,3.500000e-05,-1.698786e-10,-1.085048e-10
1.784000e-10,3.862959e+02,1.120377e-04,0.000000e+00,2.556623e+01,-3.340880e-09,1.512208e-05,2.550973e+01,-2.971562e-09,1.987833e-05,0.000000e+00,3.500000e-05,1.120344e-04,-1.790855e-09,-1.790855e-10,0.000000e+00,-1.790855e-10,-1.512198e-05,1.987802e-05,3.500000e-05,-1.012388e-10,-1.350710e-10
1.785000e-10,3.863280e+02,9.598022e-05,0.000000e+00,2.556623e+01,-1.194234e-09,1.512201e-05,2.550973e+01,-3.188876e-09,1.987842e-05,0.000000e+00,3.500000e-05,9.597903e-05,-2.491737e-09,-2.491737e-10,0.000000e+00,-2.491737e-10,-1.512197e-05,1.987803e-05,3.500000e-05,-3.618892e-11,-1.449489e-10
1.786000e-10,3.863557e+02,8.436313e-05,0.000000e+00,2.556623e+01,6.670076e-10,1.512192e-05,2.550973e+01,-3.086711e-09,1.987849e-05,0.000000e+00,3.500000e-05,8.436379e-05,-2.846438e-09,-2.846438e-10,0.000000e+00,-2.846438e-10,-1.512194e-05,1.987806e-05,3.500000e-05,2.021235e-11,-1.403050e-10
1.787000e-10,3.863805e+02,7.663284e-05,0.000000e+00,2.556623e+01,2.131318e-09,1.512182e-05,2.550973e+01,-2.732116e-09,1.987853e-05,0.000000e+00,3.500000e-05,7.663497e-05,-2.886751e-09,-2.886751e-10,0.000000e+00,-2.886751e-10,-1.512188e-05,1.987812e-05,3.500000e-05,6.458538e-11,-1.241871e-10
1.788000e-10,3.864034e+02,7.240820e-05,0.000000e+00,2.556623e+01,3.142292e-09,1.512172e-05,2.550972e+01,-2.202113e-09,1.987855e-05,0.000000e+00,3.500000e-05,7.241135e-05,-2.666288e-09,-2.666288e-10,0.000000e+00,-2.666288e-10,-1.512182e-05,1.987818e-05,3.500000e-05,9.522097e-11,-1.000960e-10
1.789000e-10,3.864256e+02,7.146492e-05,0.000000e+00,2.556623e+01,3.693584e-09,1.512164e-05,2.550972e+01,-1.575124e-09,1.987854e-05,0.000000e+00,3.500000e-05,7.146861e-05,-2.251813e-09,-2.251813e-10,0.000000e+00,-2.251813e-10,-1.512175e-05,1.987825e-05,3.500000e-05,1.119268e-10,-7.159654e-11
1.790000e-10,3.864479e+02,7.372533e-05,0.000000e+00,2.556624e+01,3.820360e-09,1.512158e-05,2.550972e+01,-9.238285e-10,1.987852e-05,0.000000e+00,3.500000e-05,7.372915e-05,-1.714986e-09,-1.714986e-10,0.000000e+00,-1.714986e-10,-1.512169e-05,1.987831e-05,3.500000e-05,1.157685e-10,-4.199221e-11
1.791000e-10,3.864714e+02,7.925375e-05,0.000000e+00,2.556624e+01,3.588665e-09,1.512153e-05,2.550972e+01,-3.098278e-10,1.987849e-05,0.000000e+00,3.500000e-05,7.925734e-05,-1.125182e-09,-1.125182e-10,0.000000e+00,-1.125182e-10,-1.512164e-05,1.987836e-05,3.500000e-05,1.087474e-10,-1.408308e-11
1.792000e-10,3.864971e+02,8.825723e-05,0.000000e+00,2.556624e+01,3.084010e-09,1.512150e-05,2.550972e+01,2.197502e-10,1.987845e-05,0.000000e+00,3.500000e-05,8.826032e-05,-5.438161e-10,-5.438161e-11,0.000000e+00,-5.438161e-11,-1.512160e-05,1.987840e-05,3.500000e-05,9.345486e-11,9.988644e-12
1.793000e-10,3.865261e+02,1.010916e-04,0.000000e+00,2.556624e+01,2.400327e-09,1.512149e-05,2.550972e+01,6.337574e-10,1.987841e-05,0.000000e+00,3.500000e-05,1.010940e-04,-2.039601e-11,-2.039601e-12,0.000000e+00,-2.039601e-12,-1.512157e-05,1.987843e-05,3.500000e-05,7.273719e-11,2.880716e-11
1.794000e-10,3.865597e+02,1.182723e-04,0.000000e+00,2.556624e+01,1.630189e-09,1.512150e-05,2.550972e+01,9.168552e-10,1.987837e-05,0.000000e+00,3.500000e-05,1.182740e-04,4.096572e-10,4.096572e-11,0.000000e+00,4.096572e-11,-1.512155e-05,1.987845e-05,3.500000e-05,4.939967e-11,4.167524e-11
1.795000e-10,3.865994e+02,1.404893e-04,0.000000e+00,2.556624e+01,8.569302e-10,1.512152e-05,2.550972e+01,1.067987e-09,1.987833e-05,0.000000e+00,3.500000e-05,1.404901e-04,7.255594e-10,7.255594e-11,0.000000e+00,7.255594e-11,-1.512155e-05,1.987845e-05,3.500000e-05,2.596758e-11,4.854487e-11
1.796000e-10,3.866468e+02,1.686235e-04,0.000000e+00,2.556624e+01,1.490092e-10,1.512155e-05,2.550972e+01,1.097875e-09,1.987830e-05,0.000000e+00,3.500000e-05,1.686237e-04,9.203273e-10,9.203273e-11,0.000000e+00,9.203273e-11,-1.512155e-05,1.987845e-05,3.500000e-05,4.515432e-12,4.990341e-11
1.797000e-10,3.867039e+02,2.037627e-04,0.000000e+00,2.556624e+01,-4.432974e-10,1.512158e-05,2.550972e+01,1.025937e-09,1.987828e-05,0.000000e+00,3.500000e-05,2.037623e-04,9.988827e-10,9.988827e-11,0.000000e+00,9.988827e-11,-1.512157e-05,1.987843e-05,3.500000e-05,-1.343326e-11,4.663349e-11
1.798000e-10,3.867730e+02,2.472067e-04,0.000000e+00,2.556624e+01,-8.890043e-10,1.512162e-05,2.550972e+01,8.770001e-10,1.987827e-05,0.000000e+00,3.500000e-05,2.472058e-04,9.754555e-10,9.754555e-11,0.000000e+00,9.754555e-11,-1.512159e-05,1.987841e-05,3.500000e-05,-2.693953e-11,3.986364e-11
1.799000e-10,3.868569e+02,3.004505e-04,0.000000e+00,2.556624e+01,-1.175630e-09,1.512165e-05,2.550972e+01,6.781396e-10,1.987827e-05,0.000000e+00,3.500000e-05,3.004493e-04,8.706430e-10,8.706430e-11,0.000000e+00,8.706430e-11,-1.512161e-05,1.987839e-05,3.500000e-05,-3.562516e-11,3.082453e-11
1.800000e-10,3.869588e+02,3.651191e-04,0.000000e+00,2.556624e+01,-1.306930e-09,1.512167e-05,2.550973e+01,4.558911e-10,1.987827e-05,0.000000e+00,3.500000e-05,3.651178e-04,7.084432e-10,7.084432e-11,0.000000e+00,7.084432e-11,-1.512163e-05,1.987837e-05,3.500000e-05,-3.960394e-11,2.072232e-11
1.801000e-10,3.870825e+02,4.428140e-04,0.000000e+00,2.556624e+01,-1.299614e-09,1.512169e-05,2.550973e+01,2.340197e-10,1.987828e-05,0.000000e+00,3.500000e-05,4.428127e-04,5.135299e-10,5.135299e-11,0.000000e+00,5.135299e-11,-1.512165e-05,1.987835e-05,3.500000e-05,-3.938223e-11,1.063726e-11
1.802000e-10,3.872320e+02,5.348073e-04,0.000000e+00,2.556624e+01,-1.179523e-09,1.512171e-05,2.550973e+01,3.193672e-11,1.987830e-05,0.000000e+00,3.500000e-05,5.348061e-04,3.089635e-10,3.089635e-11,0.000000e+00,3.089635e-11,-1.512167e-05,1.987833e-05,3.500000e-05,-3.574313e-11,1.451669e-12
1.803000e-10,3.874118e+02,6.415043e-04,0.000000e+00,2.556624e+01,-9.777043e-10,1.512171e-05,2.550973e+01,-1.362125e-10,1.987831e-05,0.000000e+00,3.500000e-05,6.415033e-04,1.144597e-10,1.144597e-11,0.000000e+00,1.144597e-11,-1.512168e-05,1.987832e-05,3.500000e-05,-2.962740e-11,-6.191478e-12
1.804000e-10,3.876260e+02,7.616066e-04,0.000000e+00,2.556624e+01,-7.267343e-10,1.512171e-05,2.550973e+01,-2.618338e-10,1.987832e-05,0.000000e+00,3.500000e-05,7.616059e-04,-5.473372e-11,-5.473373e-12,0.000000e+00,-5.473373e-12,-1.512169e-05,1.987831e-05,3.500000e-05,-2.202225e-11,-1.190153e-11
1.805000e-10,3.878779e+02,8.910071e-04,0.000000e+00,2.556624e+01,-4.575836e-10,1.512171e-05,2.550973e+01,-3.416290e-10,1.987834e-05,0.000000e+00,3.500000e-05,8.910067e-04,-1.883631e-10,-1.883631e-11,0.000000e+00,-1.883631e-11,-1.512170e-05,1.987830e-05,3.500000e-05,-1.386617e-11,-1.552859e-11
1.806000e-10,3.881689e+02,1.021709e-03,0.000000e+00,2.556624e+01,-1.971883e-10,1.512170e-05,2.550972e+01,-3.769234e-10,1.987835e-05,0.000000e+00,3.500000e-05,1.021709e-03,-2.811612e-10,-2.811612e-11,0.000000e+00,-2.811612e-11,-1.512170e-05,1.987830e-05,3.500000e-05,-5.975403e-12,-1.713288e-11
1.807000e-10,3.884971e+02,1.141473e-03,0.000000e+00,2.556624e+01,3.318092e-11,1.512169e-05,2.550972e+01,-3.727081e-10,1.987836e-05,0.000000e+00,3.500000e-05,1.141474e-03,-3.324036e-10,-3.324036e-11,0.000000e+00,-3.324036e-11,-1.512169e-05,1.987831e-05,3.500000e-05,1.005482e-12,-1.694128e-11
1.808000e-10,3.888567e+02,1.235151e-03,0.000000e+00,2.556624e+01,2.187566e-10,1.512168e-05,2.550972e+01,-3.365359e-10,1.987836e-05,0.000000e+00,3.500000e-05,1.235151e-03,-3.451458e-10,-3.451458e-11,0.000000e+00,-3.451458e-11,-1.512169e-05,1.987831e-05,3.500000e-05,6.628987e-12,-1.529709e-11
1.809000e-10,3.892375e+02,1.288162e-03,0.000000e+00,2.556624e+01,3.513887e-10,1.512167e-05,2.550972e+01,-2.773924e-10,1.987837e-05,0.000000e+00,3.500000e-05,1.288162e-03,-3.252683e-10,-3.252683e-11,0.000000e+00,-3.252683e-11,-1.512168e-05,1.987832e-05,3.500000e-05,1.064814e-11,-1.260875e-11
1.810000e-10,3.896260e+02,1.291058e-03,0.000000e+00,2.556624e+01,4.290573e-10,1.512166e-05,2.550972e+01,-2.046464e-10,1.987837e-05,0.000000e+00,3.500000e-05,1.291059e-03,-2.804465e-10,-2.804464e-11,0.000000e+00,-2.804464e-11,-1.512167e-05,1.987833e-05,3.500000e-05,1.300174e-11,-9.302108e-12
1.811000e-10,3.900072e+02,1.242773e-03,0.000000e+00,2.556624e+01,4.549354e-10,1.512165e-05,2.550972e+01,-1.271577e-10,1.987836e-05,0.000000e+00,3.500000e-05,1.242774e-03,-2.191503e-10,-2.191503e-11,0.000000e+00,-2.191503e-11,-1.512166e-05,1.987834e-05,3.500000e-05,1.378592e-11,-5.779894e-12
1.812000e-10,3.903673e+02,1.150616e-03,0.000000e+00,2.556624e+01,4.361662e-10,1.512164e-05,2.550972e+01,-5.259189e-11,1.987836e-05,0.000000e+00,3.500000e-05,1.150617e-03,-1.497565e-10,-1.497565e-11,0.000000e+00,-1.497565e-11,-1.512166e-05,1.987834e-05,3.500000e-05,1.321716e-11,-2.390541e-12
1.813000e-10,3.906955e+02,1.027251e-03,0.000000e+00,2.556624e+01,3.825144e-10,1.512164e-05,2.550972e+01,1.303558e-11,1.987836e-05,0.000000e+00,3.500000e-05,1.027251e-03,-7.982985e-11,-7.982984e-12,0.000000e+00,-7.982984e-12,-1.512165e-05,1.987835e-05,3.500000e-05,1.159134e-11,5.925263e-13
1.814000e-10,3.909845e+02,8.865921e-04,0.000000e+00,2.556624e+01,3.050320e-10,1.512164e-05,2.550972e+01,6.558770e-11,1.987835e-05,0.000000e+00,3.500000e-05,8.865924e-04,-1.560669e-11,-1.560669e-12,0.000000e+00,-1.560669e-12,-1.512165e-05,1.987835e-05,3.500000e-05,9.243393e-12,2.981259e-12
1.815000e-10,3.912308e+02,7.405533e-04,0.000000e+00,2.556624e+01,2.148542e-10,1.512164e-05,2.550972e+01,1.028275e-10,1.987835e-05,0.000000e+00,3.500000e-05,7.405535e-04,3.831115e-11,3.831115e-12,0.000000e+00,3.831115e-12,-1.512165e-05,1.987835e-05,3.500000e-05,6.510734e-12,4.673977e-12
1.816000e-10,3.914339e+02,5.974611e-04,0.000000e+00,2.556624e+01,1.222065e-10,1.512164e-05,2.550972e+01,1.242691e-10,1.987834e-05,0.000000e+00,3.500000e-05,5.974612e-04,7.906324e-11,7.906324e-12,0.000000e+00,7.906324e-12,-1.512164e-05,1.987836e-05,3.500000e-05,3.703228e-12,5.648596e-12
1.817000e-10,3.915952e+02,4.619188e-04,0.000000e+00,2.556624e+01,3.567229e-11,1.512164e-05,2.550972e+01,1.309020e-10,1.987834e-05,0.000000e+00,3.500000e-05,4.619189e-04,1.054651e-10,1.054651e-11,0.000000e+00,1.054651e-11,-1.512165e-05,1.987835e-05,3.500000e-05,1.080978e-12,5.950093e-12
1.818000e-10,3.917169e+02,3.354762e-04,0.000000e+00,2.556624e+01,-3.826234e-11,1.512165e-05,2.550972e+01,1.248361e-10,1.987834e-05,0.000000e+00,3.500000e-05,3.354762e-04,1.178075e-10,1.178075e-11,0.000000e+00,1.178075e-11,-1.512165e-05,1.987835e-05,3.500000e-05,-1.159465e-12,5.674368e-12
1.819000e-10,3.918016e+02,2.175323e-04,0.000000e+00,2.556624e+01,-9.539654e-11,1.512165e-05,2.550972e+01,1.089125e-10,1.987833e-05,0.000000e+00,3.500000e-05,2.175322e-04,1.175627e-10,1.175627e-11,0.000000e+00,1.175627e-11,-1.512165e-05,1.987835e-05,3.500000e-05,-2.890804e-12,4.950567e-12
1.820000e-10,3.918513e+02,1.061455e-04,0.000000e+00,2.556624e+01,-1.337683e-10,1.512166e-05,2.550972e+01,8.632134e-11,1.987833e-05,0.000000e+00,3.500000e-05,1.061454e-04,1.070406e-10,1.070406e-11,0.000000e+00,1.070406e-11,-1.512165e-05,1.987835e-05,3.500000e-05,-4.053584e-12,3.923697e-12
1.821000e-10,3.918676e+02,-1.357673e-06,0.000000e+00,2.556624e+01,-1.534195e-10,1.512166e-05,2.550972e+01,6.025830e-11,1.987833e-05,0.000000e+00,3.500000e-05,-1.357826e-06,8.903335e-11,8.903333e-12,0.000000e+00,8.903333e-12,-1.512165e-05,1.987835e-05,3.500000e-05,-4.649075e-12,2.739014e-12
1.822000e-10,3.918512e+02,-1.079559e-04,0.000000e+00,2.556624e+01,-1.560282e-10,1.512166e-05,2.550972e+01,3.364279e-11,1.987833e-05,0.000000e+00,3.500000e-05,-1.079561e-04,6.648269e-11,6.648270e-12,0.000000e+00,6.648270e-12,-1.512166e-05,1.987834e-05,3.500000e-05,-4.728126e-12,1.529218e-12
1.823000e-10,3.918018e+02,-2.166103e-04,0.000000e+00,2.556624e+01,-1.444635e-10,1.512166e-05,2.550972e+01,8.912099e-12,1.987834e-05,0.000000e+00,3.500000e-05,-2.166104e-04,4.219458e-11,4.219458e-12,0.000000e+00,4.219458e-12,-1.512166e-05,1.987834e-05,3.500000e-05,-4.377684e-12,4.050954e-13
1.824000e-10,3.917185e+02,-3.299502e-04,0.000000e+00,2.556624e+01,-1.223176e-10,1.512166e-05,2.550972e+01,-1.210512e-11,1.987834e-05,0.000000e+00,3.500000e-05,-3.299503e-04,1.861735e-11,1.861735e-12,0.000000e+00,1.861735e-12,-1.512166e-05,1.987834e-05,3.500000e-05,-3.706595e-12,-5.502327e-13
1.825000e-10,3.915996e+02,-4.498689e-04,0.000000e+00,2.556624e+01,-9.345844e-11,1.512166e-05,2.550972e+01,-2.823866e-11,1.987834e-05,0.000000e+00,3.500000e-05,-4.498690e-04,-2.308232e-12,-2.308233e-13,0.000000e+00,-2.308233e-13,-1.512166e-05,1.987834e-05,3.500000e-05,-2.832074e-12,-1.283576e-12
1.826000e-10,3.914431e+02,-5.769414e-04,0.000000e+00,2.556624e+01,-6.164022e-11,1.512166e-05,2.550972e+01,-3.895985e-11,1.987834e-05,0.000000e+00,3.500000e-05,-5.769415e-04,-1.922695e-11,-1.922695e-12,0.000000e+00,-1.922695e-12,-1.512166e-05,1.987834e-05,3.500000e-05,-1.867886e-12,-1.770902e-12
1.827000e-10,3.912472e+02,-7.096357e-04,0.000000e+00,2.556624e+01,-3.019452e-11,1.512166e-05,2.550972e+01,-4.431137e-11,1.987834e-05,0.000000e+00,3.500000e-05,-7.096357e-04,-3.138181e-11,-3.138180e-12,0.000000e+00,-3.138180e-12,-1.512166e-05,1.987834e-05,3.500000e-05,-9.149853e-13,-2.014153e-12
1.828000e-10,3.910110e+02,-8.434272e-04,0.000000e+00,2.556624e+01,-1.814484e-12,1.512166e-05,2.550972e+01,-4.479953e-11,1.987834e-05,0.000000e+00,3.500000e-05,-8.434272e-04,-3.857166e-11,-3.857166e-12,0.000000e+00,-3.857166e-12,-1.512166e-05,1.987834e-05,3.500000e-05,-5.498413e-14,-2.036342e-12
1.829000e-10,3.907358e+02,-9.701895e-04,0.000000e+00,2.556624e+01,2.156547e-11,1.512166e-05,2.550972e+01,-4.126560e-11,1.987834e-05,0.000000e+00,3.500000e-05,-9.701894e-04,-4.106790e-11,-4.106790e-12,0.000000e+00,-4.106790e-12,-1.512166e-05,1.987834e-05,3.500000e-05,6.534990e-13,-1.875709e-12
1.830000e-10,3.904256e+02,-1.078513e-03,0.000000e+00,2.556624e+01,3.880162e-11,1.512166e-05,2.550972e+01,-3.475109e-11,1.987834e-05,0.000000e+00,3.500000e-05,-1.078513e-03,-3.950464e-11,-3.950464e-12,0.000000e+00,-3.950464e-12,-1.512166e-05,1.987834e-05,3.500000e-05,1.175807e-12,-1.579595e-12
1.831000e-10,3.900881e+02,-1.155569e-03,0.000000e+00,2.556624e+01,4.949757e-11,1.512166e-05,2.550972e+01,-2.636978e-11,1.987834e-05,0.000000e+00,3.500000e-05,-1.155569e-03,-3.475713e-11,-3.475714e-12,0.000000e+00,-3.475714e-12,-1.512166e-05,1.987834e-05,3.500000e-05,1.499926e-12,-1.198626e-12
1.832000e-10,3.897344e+02,-1.190429e-03,0.000000e+00,2.556624e+01,5.390321e-11,1.512166e-05,2.550972e+01,-1.719692e-11,1.987834e-05,0.000000e+00,3.500000e-05,-1.190429e-03,-2.782107e-11,-2.782108e-12,0.000000e+00,-2.782108e-12,-1.512166e-05,1.987834e-05,3.500000e-05,1.633431e-12,-7.816784e-13
1.833000e-10,3.893780e+02,-1.177534e-03,0.000000e+00,2.556624e+01,5.277530e-11,1.512166e-05,2.550972e+01,-8.181787e-12,1.987834e-05,0.000000e+00,3.500000e-05,-1.177534e-03,-1.970329e-11,-1.970331e-12,0.000000e+00,-1.970331e-12,-1.512166e-05,1.987834e-05,3.500000e-05,1.599251e-12,-3.718994e-13
1.834000e-10,3.890327e+02,-1.118486e-03,0.000000e+00,2.556624e+01,4.721884e-11,1.512166e-05,2.550972e+01,-8.723545e-14,1.987834e-05,0.000000e+00,3.500000e-05,-1.118486e-03,-1.133140e-11,-1.133139e-12,0.000000e+00,-1.133139e-12,-1.512166e-05,1.987834e-05,3.500000e-05,1.430874e-12,-3.965248e-15
1.835000e-10,3.887107e+02,-1.021181e-03,0.000000e+00,2.556624e+01,3.852677e-11,1.512166e-05,2.550972e+01,6.543413e-12,1.987834e-05,0.000000e+00,3.500000e-05,-1.021181e-03,-3.486577e-12,-3.486582e-13,0.000000e+00,-3.486582e-13,-1.512166e-05,1.987834e-05,3.500000e-05,1.167478e-12,2.974279e-13
1.836000e-10,3.884216e+02,-8.969727e-04,0.000000e+00,2.556624e+01,2.803230e-11,1.512166e-05,2.550972e+01,1.139414e-11,1.987834e-05,0.000000e+00,3.500000e-05,-8.969727e-04,3.238182e-12,3.238178e-13,0.000000e+00,3.238178e-13,-1.512166e-05,1.987834e-05,3.500000e-05,8.494633e-13,5.179153e-13
1.837000e-10,3.881719e+02,-7.574449e-04,0.000000e+00,2.556624e+01,1.698448e-11,1.512166e-05,2.550972e+01,1.436263e-11,1.987834e-05,0.000000e+00,3.500000e-05,-7.574449e-04,8.456104e-12,8.456097e-13,0.000000e+00,8.456097e-13,-1.512166e-05,1.987834e-05,3.500000e-05,5.146813e-13,6.528469e-13
1.838000e-10,3.879646e+02,-6.120766e-04,0.000000e+00,2.556624e+01,6.453904e-12,1.512166e-05,2.550972e+01,1.553044e-11,1.987834e-05,0.000000e+00,3.500000e-05,-6.120766e-04,1.198298e-11,1.198298e-12,0.000000e+00,1.198298e-12,-1.512166e-05,1.987834e-05,3.500000e-05,1.955727e-13,7.059289e-13
1.839000e-10,3.878009e+02,-4.672283e-04,0.000000e+00,2.556624e+01,-2.728896e-12,1.512166e-05,2.550972e+01,1.512239e-11,1.987834e-05,0.000000e+00,3.500000e-05,-4.672283e-04,1.381659e-11,1.381660e-12,0.000000e+00,1.381660e-12,-1.512166e-05,1.987834e-05,3.500000e-05,-8.269357e-14,6.873814e-13
1.840000e-10,3.876802e+02,-3.261825e-04,0.000000e+00,2.556624e+01,-1.000270e-11,1.512166e-05,2.550972e+01,1.346081e-11,1.987834e-05,0.000000e+00,3.500000e-05,-3.261825e-04,1.410381e-11,1.410380e-12,0.000000e+00,1.410380e-12,-1.512166e-05,1.987834e-05,3.500000e-05,-3.031121e-13,6.118551e-13
1.841000e-10,3.876016e+02,-1.897554e-04,0.000000e+00,2.556624e+01,-1.507594e-11,1.512166e-05,2.550972e+01,1.091946e-11,1.987834e-05,0.000000e+00,3.500000e-05,-1.897554e-04,1.310049e-11,1.310050e-12,0.000000e+00,1.310050e-12,-1.512166e-05,1.987834e-05,3.500000e-05,-4.568464e-13,4.963392e-13
1.842000e-10,3.875638e+02,-5.708028e-05,0.000000e+00,2.556624e+01,-1.790323e-11,1.512166e-05,2.550972e+01,7.881392e-12,1.987834e-05,0.000000e+00,3.500000e-05,-5.708029e-05,1.112939e-11,1.112938e-12,0.000000e+00,1.112938e-12,-1.512166e-05,1.987834e-05,3.500000e-05,-5.425220e-13,3.582451e-13
1.843000e-10,3.875661e+02,7.364586e-05,0.000000e+00,2.556624e+01,-1.864464e-11,1.512166e-05,2.550972e+01,4.703664e-12,1.987834e-05,0.000000e+00,3.500000e-05,7.364584e-05,8.539472e-12,8.539455e-13,0.000000e+00,8.539455e-13,-1.512166e-05,1.987834e-05,3.500000e-05,-5.649891e-13,2.138029e-13
1.844000e-10,3.876083e+02,2.044980e-04,0.000000e+00,2.556624e+01,-1.761430e-11,1.512166e-05,2.550972e+01,1.690674e-12,1.987834e-05,0.000000e+00,3.500000e-05,2.044980e-04,5.670646e-12,5.670635e-13,0.000000e+00,5.670635e-13,-1.512166e-05,1.987834e-05,3.500000e-05,-5.337667e-13,7.684880e-14
1.845000e-10,3.876907e+02,3.371947e-04,0.000000e+00,2.556624e+01,-1.522476e-11,1.512166e-05,2.550972e+01,-9.230226e-13,1.987834e-05,0.000000e+00,3.500000e-05,3.371947e-04,2.825471e-12,2.825472e-13,0.000000e+00,2.825472e-13,-1.512166e-05,1.987834e-05,3.500000e-05,-4.613564e-13,-4.195557e-14
1.846000e-10,3.878139e+02,4.724286e-04,0.000000e+00,2.556624e+01,-1.193291e-11,1.512166e-05,2.550972e+01,-2.980510e-12,1.987834e-05,0.000000e+00,3.500000e-05,4.724286e-04,2.494822e-13,2.494753e-14,0.000000e+00,2.494753e-14,-1.512166e-05,1.987834e-05,3.500000e-05,-3.616034e-13,-1.354777e-13
1.847000e-10,3.879783e+02,6.091156e-04,0.000000e+00,2.556624e+01,-8.191817e-12,1.512166e-05,2.550972e+01,-4.402269e-12,1.987834e-05,0.000000e+00,3.500000e-05,6.091156e-04,-1.880113e-12,-1.880119e-13,0.000000e+00,-1.880119e-13,-1.512166e-05,1.987834e-05,3.500000e-05,-2.482369e-13,-2.001031e-13
1.848000e-10,3.881837e+02,7.436356e-04,0.000000e+00,2.556624e+01,-4.411607e-12,1.512166e-05,2.550972e+01,-5.179039e-12,1.987834e-05,0.000000e+00,3.500000e-05,7.436356e-04,-3.457481e-12,-3.457487e-13,0.000000e+00,-3.457487e-13,-1.512166e-05,1.987834e-05,3.500000e-05,-1.336848e-13,-2.354109e-13
1.849000e-10,3.884283e+02,8.693373e-04,0.000000e+00,2.556624e+01,-9.312914e-13,1.512166e-05,2.550972e+01,-5.359877e-12,1.987834e-05,0.000000e+00,3.500000e-05,8.693373e-04,-4.444536e-12,-4.444538e-13,0.000000e+00,-4.444538e-13,-1.512166e-05,1.987834e-05,3.500000e-05,-2.822070e-14,-2.436308e-13
1.850000e-10,3.887077e+02,9.767828e-04,0.000000e+00,2.556624e+01,1.998081e-12,1.512166e-05,2.550972e+01,-5.037260e-12,1.987834e-05,0.000000e+00,3.500000e-05,9.767828e-04,-4.861912e-12,-4.861905e-13,0.000000e+00,-4.861905e-13,-1.512166e-05,1.987834e-05,3.500000e-05,6.054802e-14,-2.289664e-13
1.851000e-10,3.890146e+02,1.055188e-03,0.000000e+00,2.556624e+01,4.219476e-12,1.512166e-05,2.550972e+01,-4.331046e-12,1.987834e-05,0.000000e+00,3.500000e-05,1.055188e-03,-4.776536e-12,-4.776532e-13,0.000000e+00,-4.776532e-13,-1.512166e-05,1.987834e-05,3.500000e-05,1.278626e-13,-1.968657e-13
1.852000e-10,3.893387e+02,1.095022e-03,0.000000e+00,2.556624e+01,5.666566e-12,1.512166e-05,2.550972e+01,-3.372946e-12,1.987834e-05,0.000000e+00,3.500000e-05,1.095022e-03,-4.287331e-12,-4.287325e-13,0.000000e+00,-4.287325e-13,-1.512166e-05,1.987834e-05,3.500000e-05,1.717142e-13,-1.533157e-13
1.853000e-10,3.896677e+02,1.090856e-03,0.000000e+00,2.556624e+01,6.353062e-12,1.512166e-05,2.550972e+01,-2.292903e-12,1.987834e-05,0.000000e+00,3.500000e-05,1.090856e-03,-3.510622e-12,-3.510630e-13,0.000000e+00,-3.510630e-13,-1.512166e-05,1.987834e-05,3.500000e-05,1.925173e-13,-1.042229e-13
1.854000e-10,3.899887e+02,1.043074e-03,0.000000e+00,2.556624e+01,6.356966e-12,1.512166e-05,2.550972e+01,-1.207862e-12,1.987834e-05,0.000000e+00,3.500000e-05,1.043074e-03,-2.566922e-12,-2.566916e-13,0.000000e+00,-2.566916e-13,-1.512166e-05,1.987834e-05,3.500000e-05,1.926353e-13,-5.490282e-14
1.855000e-10,3.902896e+02,9.575536e-04,0.000000e+00,2.556624e+01,5.802025e-12,1.512166e-05,2.550972e+01,-2.140197e-13,1.987834e-05,0.000000e+00,3.500000e-05,9.575536e-04,-1.569361e-12,-1.569368e-13,0.000000e+00,-1.569368e-13,-1.512166e-05,1.987834e-05,3.500000e-05,1.758187e-13,-9.728170e-15
1.856000e-10,3.905609e+02,8.436136e-04,0.000000e+00,2.556624e+01,4.838562e-12,1.512166e-05,2.550972e+01,6.179266e-13,1.987834e-05,0.000000e+00,3.500000e-05,8.436136e-04,-6.153923e-13,-6.153972e-14,0.000000e+00,-6.153972e-14,-1.512166e-05,1.987834e-05,3.500000e-05,1.466233e-13,2.808757e-14
1.857000e-10,3.907954e+02,7.113647e-04,0.000000e+00,2.556624e+01,3.625435e-12,1.512166e-05,2.550972e+01,1.244377e-12,1.987834e-05,0.000000e+00,3.500000e-05,7.113647e-04,2.191935e-13,2.191965e-14,0.000000e+00,2.191965e-14,-1.512166e-05,1.987834e-05,3.500000e-05,1.098614e-13,5.656258e-14
1.858000e-10,3.909889e+02,5.695758e-04,0.000000e+00,2.556624e+01,2.314544e-12,1.512166e-05,2.550972e+01,1.647670e-12,1.987834e-05,0.000000e+00,3.500000e-05,5.695758e-04,8.828073e-13,8.828091e-14,0.000000e+00,8.828091e-14,-1.512166e-05,1.987834e-05,3.500000e-05,7.013775e-14,7.489408e-14
1.859000e-10,3.911394e+02,4.245533e-04,0.000000e+00,2.556624e+01,1.038755e-12,1.512166e-05,2.550972e+01,1.832979e-12,1.987834e-05,0.000000e+00,3.500000e-05,4.245533e-04,1.348265e-12,1.348272e-13,0.000000e+00,1.348272e-13,-1.512166e-05,1.987834e-05,3.500000e-05,3.147751e-14,8.331724e-14
1.860000e-10,3.912463e+02,2.799658e-04,0.000000e+00,2.556624e+01,-9.630169e-14,1.512166e-05,2.550972e+01,1.823649e-12,1.987834e-05,0.000000e+00,3.500000e-05,2.799658e-04,1.610725e-12,1.610710e-13,0.000000e+00,1.610710e-13,-1.512166e-05,1.987834e-05,3.500000e-05,-2.918265e-15,8.289313e-14
1.861000e-10,3.913097e+02,1.372726e-04,0.000000e+00,2.556624e+01,-1.016553e-12,1.512166e-05,2.550972e+01,1.655930e-12,1.987834e-05,0.000000e+00,3.500000e-05,1.372726e-04,1.684027e-12,1.684020e-13,0.000000e+00,1.684020e-13,-1.512166e-05,1.987834e-05,3.500000e-05,-3.080468e-14,7.526956e-14
1.862000e-10,3.913302e+02,-3.577882e-06,0.000000e+00,2.556624e+01,-1.680257e-12,1.512166e-05,2.550972e+01,1.373318e-12,1.987834e-05,0.000000e+00,3.500000e-05,-3.577884e-06,1.596160e-12,1.596163e-13,0.000000e+00,1.596163e-13,-1.512166e-05,1.987834e-05,3.500000e-05,-5.091684e-14,6.242356e-14
1.863000e-10,3.913079e+02,-1.433805e-04,0.000000e+00,2.556624e+01,-2.075777e-12,1.512166e-05,2.550972e+01,1.021535e-12,1.987834e-05,0.000000e+00,3.500000e-05,-1.433805e-04,1.384157e-12,1.384157e-13,0.000000e+00,1.384157e-13,-1.512166e-05,1.987834e-05,3.500000e-05,-6.290240e-14,4.643342e-14
1.864000e-10,3.912432e+02,-2.829067e-04,0.000000e+00,2.556624e+01,-2.217141e-12,1.512166e-05,2.550972e+01,6.440060e-13,1.987834e-05,0.000000e+00,3.500000e-05,-2.829067e-04,1.089172e-12,1.089165e-13,0.000000e+00,1.089165e-13,-1.512166e-05,1.987834e-05,3.500000e-05,-6.718600e-14,2.927300e-14
1.865000e-10,3.911361e+02,-4.221379e-04,0.000000e+00,2.556624e+01,-2.138141e-12,1.512166e-05,2.550972e+01,2.785431e-13,1.987834e-05,0.000000e+00,3.500000e-05,-4.221379e-04,7.521646e-13,7.521677e-14,0.000000e+00,7.521677e-14,-1.512166e-05,1.987834e-05,3.500000e-05,-6.479229e-14,1.266105e-14
1.866000e-10,3.909871e+02,-5.595036e-04,0.000000e+00,2.556624e+01,-1.885776e-12,1.512166e-05,2.550972e+01,-4.495064e-14,1.987834e-05,0.000000e+00,3.500000e-05,-5.595036e-04,4.104047e-13,4.103903e-14,0.000000e+00,4.103903e-14,-1.512166e-05,1.987834e-05,3.500000e-05,-5.714453e-14,-2.043211e-15
1.867000e-10,3.907974e+02,-6.912198e-04,0.000000e+00,2.556624e+01,-1.513720e-12,1.512166e-05,2.550972e+01,-3.056748e-13,1.987834e-05,0.000000e+00,3.500000e-05,-6.912198e-04,9.470676e-14,9.470018e-15,0.000000e+00,9.470018e-15,-1.512166e-05,1.987834e-05,3.500000e-05,-4.587007e-14,-1.389431e-14
1.868000e-10,3.905699e+02,-8.109760e-04,0.000000e+00,2.556624e+01,-1.076399e-12,1.512166e-05,2.550972e+01,-4.921419e-13,1.987834e-05,0.000000e+00,3.500000e-05,-8.109760e-04,-1.718928e-13,-1.718925e-14,0.000000e+00,-1.718925e-14,-1.512166e-05,1.987834e-05,3.500000e-05,-3.261803e-14,-2.237009e-14
1.869000e-10,3.903096e+02,-9.103402e-04,0.000000e+00,2.556624e+01,-6.240751e-13,1.512166e-05,2.550972e+01,-6.015107e-13,1.987834e-05,0.000000e+00,3.500000e-05,-9.103402e-04,-3.749336e-13,-3.749251e-14,0.000000e+00,-3.749251e-14,-1.512166e-05,1.987834e-05,3.500000e-05,-1.891159e-14,-2.734140e-14
1.870000e-10,3.900243e+02,-9.801580e-04,0.000000e+00,2.556624e+01,-1.991882e-13,1.512166e-05,2.550972e+01,-6.382008e-13,1.987834e-05,0.000000e+00,3.500000e-05,-9.801580e-04,-5.081369e-13,-5.081359e-14,0.000000e+00,-5.081359e-14,-1.512166e-05,1.987834e-05,3.500000e-05,-6.035829e-15,-2.900913e-14
1.871000e-10,3.897241e+02,-1.012768e-03,0.000000e+00,2.556624e+01,1.659444e-13,1.512166e-05,2.550972e+01,-6.121565e-13,1.987834e-05,0.000000e+00,3.500000e-05,-1.012768e-03,-5.725199e-13,-5.725285e-14,0.000000e+00,-5.725285e-14,-1.512166e-05,1.987834e-05,3.500000e-05,5.028706e-15,-2.782529e-14
1.872000e-10,3.894206e+02,-1.004231e-03,0.000000e+00,2.556624e+01,4.501278e-13,1.512166e-05,2.550972e+01,-5.370926e-13,1.987834e-05,0.000000e+00,3.500000e-05,-1.004231e-03,-5.749227e-13,-5.749196e-14,0.000000e+00,-5.749196e-14,-1.512166e-05,1.987834e-05,3.500000e-05,1.364001e-14,-2.441330e-14
1.873000e-10,3.891258e+02,-9.555105e-04,0.000000e+00,2.556624e+01,6.431294e-13,1.512166e-05,2.550972e+01,-4.285306e-13,1.987834e-05,0.000000e+00,3.500000e-05,-9.555105e-04,-5.263942e-13,-5.263888e-14,0.000000e+00,-5.263888e-14,-1.512166e-05,1.987834e-05,3.500000e-05,1.948876e-14,-1.947866e-14
1.874000e-10,3.888510e+02,-8.720361e-04,0.000000e+00,2.556624e+01,7.445801e-13,1.512166e-05,2.550972e+01,-3.020970e-13,1.987834e-05,0.000000e+00,3.500000e-05,-8.720361e-04,-4.404741e-13,-4.404797e-14,0.000000e+00,-4.404797e-14,-1.512166e-05,1.987834e-05,3.500000e-05,2.256328e-14,-1.373168e-14
1.875000e-10,3.886050e+02,-7.619657e-04,0.000000e+00,2.556624e+01,7.622150e-13,1.512166e-05,2.550972e+01,-1.721032e-13,1.987834e-05,0.000000e+00,3.500000e-05,-7.619657e-04,-3.315351e-13,-3.315200e-14,0.000000e+00,-3.315200e-14,-1.512166e-05,1.987834e-05,3.500000e-05,2.309740e-14,-7.822874e-15
1.876000e-10,3.883945e+02,-6.340406e-04,0.000000e+00,2.556624e+01,7.097228e-13,1.512166e-05,2.550972e+01,-5.065058e-14,1.987834e-05,0.000000e+00,3.500000e-05,-6.340406e-04,-2.132481e-13,-2.132551e-14,0.000000e+00,-2.132551e-14,-1.512166e-05,1.987834e-05,3.500000e-05,2.150673e-14,-2.302299e-15
1.877000e-10,3.882240e+02,-4.958712e-04,0.000000e+00,2.556624e+01,6.044619e-13,1.512166e-05,2.550972e+01,5.315856e-14,1.987834e-05,0.000000e+00,3.500000e-05,-4.958712e-04,-9.780227e-14,-9.778743e-15,0.000000e+00,-9.778743e-15,-1.512166e-05,1.987834e-05,3.500000e-05,1.831688e-14,2.416298e-15
1.878000e-10,3.880956e+02,-3.530402e-04,0.000000e+00,2.556624e+01,4.652674e-13,1.512166e-05,2.550972e+01,1.334313e-13,1.987834e-05,0.000000e+00,3.500000e-05,-3.530402e-04,5.279025e-15,5.279316e-16,0.000000e+00,5.279316e-16,-1.512166e-05,1.987834e-05,3.500000e-05,1.409919e-14,6.065059e-15
1.879000e-10,3.880105e+02,-2.089752e-04,0.000000e+00,2.556624e+01,3.105271e-13,1.512166e-05,2.550972e+01,1.874142e-13,1.987834e-05,0.000000e+00,3.500000e-05,-2.089752e-04,8.914713e-14,8.914661e-15,0.000000e+00,8.914661e-15,-1.512166e-05,1.987834e-05,3.500000e-05,9.410090e-15,8.518826e-15
1.880000e-10,3.879688e+02,-6.534138e-05,0.000000e+00,2.556624e+01,1.566528e-13,1.512166e-05,2.550972e+01,2.151422e-13,1.987834e-05,0.000000e+00,3.500000e-05,-6.534138e-05,1.499611e-13,1.499508e-14,0.000000e+00,1.499508e-14,-1.512166e-05,1.987834e-05,3.500000e-05,4.747030e-15,9.779191e-15
1.881000e-10,3.879706e+02,7.730248e-05,0.000000e+00,2.556624e+01,1.699768e-14,1.512166e-05,2.550972e+01,2.189305e-13,1.987834e-05,0.000000e+00,3.500000e-05,7.730248e-05,1.865372e-13,1.865386e-14,0.000000e+00,1.865386e-14,-1.512166e-05,1.987834e-05,3.500000e-05,5.149880e-16,9.951385e-15
1.882000e-10,3.880155e+02,2.187465e-04,0.000000e+00,2.556624e+01,-9.876071e-14,1.512166e-05,2.550972e+01,2.028128e-13,1.987834e-05,0.000000e+00,3.500000e-05,2.187465e-04,2.001031e-13,2.001029e-14,0.000000e+00,2.001029e-14,-1.512166e-05,1.987834e-05,3.500000e-05,-2.992670e-15,9.218763e-15
1.883000e-10,3.881031e+02,3.583522e-04,0.000000e+00,2.556624e+01,-1.848040e-13,1.512166e-05,2.550972e+01,1.718051e-13,1.987834e-05,0.000000e+00,3.500000e-05,3.583522e-04,1.936403e-13,1.936412e-14,0.000000e+00,1.936412e-14,-1.512166e-05,1.987834e-05,3.500000e-05,-5.600029e-15,7.809322e-15
1.884000e-10,3.882324e+02,4.943097e-04,0.000000e+00,2.556624e+01,-2.389795e-13,1.512166e-05,2.550972e+01,1.313618e-13,1.987834e-05,0.000000e+00,3.500000e-05,4.943097e-04,1.713316e-13,1.713324e-14,0.000000e+00,1.713324e-14,-1.512166e-05,1.987834e-05,3.500000e-05,-7.241719e-15,5.970990e-15
1.885000e-10,3.884017e+02,6.230308e-04,0.000000e+00,2.556624e+01,-2.623212e-13,1.512166e-05,2.550972e+01,8.676192e-14,1.987834e-05,0.000000e+00,3.500000e-05,6.230308e-04,1.380702e-13,1.380557e-14,0.000000e+00,1.380557e-14,-1.512166e-05,1.987834e-05,3.500000e-05,-7.949097e-15,3.943724e-15
1.886000e-10,3.886078e+02,7.388844e-04,0.000000e+00,2.556624e+01,-2.583859e-13,1.512166e-05,2.550972e+01,4.263558e-14,1.987834e-05,0.000000e+00,3.500000e-05,7.388844e-04,9.869672e-14,9.870869e-15,0.000000e+00,9.870869e-15,-1.512166e-05,1.987834e-05,3.500000e-05,-7.830049e-15,1.937981e-15
1.887000e-10,3.888456e+02,8.345495e-04,0.000000e+00,2.556624e+01,-2.324776e-13,1.512166e-05,2.550972e+01,2.771050e-15,1.987834e-05,0.000000e+00,3.500000e-05,8.345495e-04,5.784128e-14,5.784011e-15,0.000000e+00,5.784011e-15,-1.512166e-05,1.987834e-05,3.500000e-05,-7.044546e-15,1.259568e-16
1.888000e-10,3.891076e+02,9.021712e-04,0.000000e+00,2.556624e+01,-1.908663e-13,1.512166e-05,2.550972e+01,-3.007817e-14,1.987834e-05,0.000000e+00,3.500000e-05,9.021712e-04,1.931843e-14,1.931749e-15,0.000000e+00,1.931749e-15,-1.512166e-05,1.987834e-05,3.500000e-05,-5.783915e-15,-1.367189e-15
1.889000e-10,3.893844e+02,9.351587e-04,0.000000e+00,2.556624e+01,-1.400607e-13,1.512166e-05,2.550972e+01,-5.433362e-14,1.987834e-05,0.000000e+00,3.500000e-05,9.351587e-04,-1.388156e-14,-1.389192e-15,0.000000e+00,-1.389192e-15,-1.512166e-05,1.987834e-05,3.500000e-05,-4.244266e-15,-2.469710e-15
1.890000e-10,3.896650e+02,9.299984e-04,0.000000e+00,2.556624e+01,-8.619369e-14,1.512166e-05,2.550972e+01,-6.938147e-14,1.987834e-05,0.000000e+00,3.500000e-05,9.299984e-04,-3.984699e-14,-3.984949e-15,0.000000e+00,-3.984949e-15,-1.512166e-05,1.987834e-05,3.500000e-05,-2.612142e-15,-3.153703e-15
1.891000e-10,3.899383e+02,8.872686e-04,0.000000e+00,2.556624e+01,-3.455048e-14,1.512166e-05,2.550972e+01,-7.560757e-14,1.987834e-05,0.000000e+00,3.500000e-05,8.872686e-04,-5.757820e-14,-5.758566e-15,0.000000e+00,-5.758566e-15,-1.512166e-05,1.987834e-05,3.500000e-05,-1.046983e-15,-3.436708e-15
1.892000e-10,3.901938e+02,8.113829e-04,0.000000e+00,2.556624e+01,1.073890e-14,1.512166e-05,2.550972e+01,-7.406420e-14,1.987834e-05,0.000000e+00,3.500000e-05,8.113829e-04,-6.703134e-14,-6.703699e-15,0.000000e+00,-6.703699e-15,-1.512166e-05,1.987834e-05,3.500000e-05,3.252556e-16,-3.366554e-15
1.893000e-10,3.904226e+02,7.092544e-04,0.000000e+00,2.556624e+01,4.685317e-14,1.512166e-05,2.550972e+01,-6.629473e-14,1.987834e-05,0.000000e+00,3.500000e-05,7.092544e-04,-6.888163e-14,-6.888523e-15,0.000000e+00,-6.888523e-15,-1.512166e-05,1.987834e-05,3.500000e-05,1.419539e-15,-3.013397e-15
1.894000e-10,3.906181e+02,5.885483e-04,0.000000e+00,2.556624e+01,7.228854e-14,1.512166e-05,2.550972e+01,-5.414070e-14,1.987834e-05,0.000000e+00,3.500000e-05,5.885483e-04,-6.434798e-14,-6.434545e-15,0.000000e+00,-6.434545e-15,-1.512166e-05,1.987834e-05,3.500000e-05,2.190692e-15,-2.460941e-15
1.895000e-10,3.907757e+02,4.562040e-04,0.000000e+00,2.556624e+01,8.675366e-14,1.512166e-05,2.550972e+01,-3.942607e-14,1.987834e-05,0.000000e+00,3.500000e-05,4.562040e-04,-5.499131e-14,-5.499203e-15,0.000000e+00,-5.499203e-15,-1.512166e-05,1.987834e-05,3.500000e-05,2.629149e-15,-1.792094e-15
1.896000e-10,3.908925e+02,3.175935e-04,0.000000e+00,2.556624e+01,9.097172e-14,1.512166e-05,2.550972e+01,-2.390469e-14,1.987834e-05,0.000000e+00,3.500000e-05,3.175935e-04,-4.249528e-14,-4.250091e-15,0.000000e+00,-4.250091e-15,-1.512166e-05,1.987834e-05,3.500000e-05,2.756700e-15,-1.086577e-15
1.897000e-10,3.909672e+02,1.763370e-04,0.000000e+00,2.556624e+01,8.643642e-14,1.512166e-05,2.550972e+01,-9.119911e-15,1.987834e-05,0.000000e+00,3.500000e-05,1.763370e-04,-2.855234e-14,-2.854547e-15,0.000000e+00,-2.854547e-15,-1.512166e-05,1.987834e-05,3.500000e-05,2.619051e-15,-4.145414e-16
1.898000e-10,3.909991e+02,3.460324e-05,0.000000e+00,2.556624e+01,7.513611e-14,1.512166e-05,2.550972e+01,3.770732e-15,1.987834e-05,0.000000e+00,3.500000e-05,3.460324e-05,-1.462693e-14,-1.462104e-15,0.000000e+00,-1.462104e-15,-1.512166e-05,1.987834e-05,3.500000e-05,2.276789e-15,1.713969e-16
1.899000e-10,3.909882e+02,-1.063106e-04,0.000000e+00,2.556624e+01,5.929255e-14,1.512166e-05,2.550972e+01,1.399556e-14,1.987834e-05,0.000000e+00,3.500000e-05,-1.063106e-04,-1.946750e-15,-1.946008e-16,0.000000e+00,-1.946008e-16,-1.512166e-05,1.987834e-05,3.500000e-05,1.796877e-15,6.361616e-16
1.900000e-10,3.909349e+02,-2.452784e-04,0.000000e+00,2.556624e+01,4.112362e-14,1.512166e-05,2.550972e+01,2.111610e-14,1.987834e-05,0.000000e+00,3.500000e-05,-2.452784e-04,8.602531e-15,8.587572e-16,0.000000e+00,8.587572e-16,-1.512166e-05,1.987834e-05,3.500000e-05,1.246281e-15,9.598228e-16
1.901000e-10,3.908400e+02,-3.806285e-04,0.000000e+00,2.556624e+01,2.264792e-14,1.512166e-05,2.550972e+01,2.509729e-14,1.987834e-05,0.000000e+00,3.500000e-05,-3.806285e-04,1.646845e-14,1.646098e-15,0.000000e+00,1.646098e-15,-1.512166e-05,1.987834e-05,3.500000e-05,6.861191e-16,1.140786e-15
1.902000e-10,3.907052e+02,-5.095142e-04,0.000000e+00,2.556624e+01,5.541246e-15,1.512166e-05,2.550972e+01,2.616713e-14,1.987834e-05,0.000000e+00,3.500000e-05,-5.095142e-04,2.144933e-14,2.144632e-15,0.000000e+00,2.144632e-15,-1.512166e-05,1.987834e-05,3.500000e-05,1.679424e-16,1.189415e-15
1.903000e-10,3.905331e+02,-6.275189e-04,0.000000e+00,2.556624e+01,-8.941512e-15,1.512166e-05,2.550972e+01,2.472899e-14,1.987834e-05,0.000000e+00,3.500000e-05,-6.275189e-04,2.365038e-14,2.365933e-15,0.000000e+00,2.365933e-15,-1.512166e-05,1.987834e-05,3.500000e-05,-2.710463e-16,1.124045e-15
1.904000e-10,3.903281e+02,-7.287006e-04,0.000000e+00,2.556624e+01,-2.000621e-14,1.512166e-05,2.550972e+01,2.141425e-14,1.987834e-05,0.000000e+00,3.500000e-05,-7.287006e-04,2.340485e-14,2.339135e-15,0.000000e+00,2.339135e-15,-1.512166e-05,1.987834e-05,3.500000e-05,-6.063996e-16,9.733751e-16
1.905000e-10,3.900965e+02,-8.062595e-04,0.000000e+00,2.556624e+01,-2.730239e-14,1.512166e-05,2.550972e+01,1.680168e-14,1.987834e-05,0.000000e+00,3.500000e-05,-8.062595e-04,2.110733e-14,2.111963e-15,0.000000e+00,2.111963e-15,-1.512166e-05,1.987834e-05,3.500000e-05,-8.274884e-16,7.637128e-16
1.906000e-10,3.898463e+02,-8.538193e-04,0.000000e+00,2.556624e+01,-3.087279e-14,1.512166e-05,2.550972e+01,1.155773e-14,1.987834e-05,0.000000e+00,3.500000e-05,-8.538193e-04,1.741552e-14,1.741147e-15,0.000000e+00,1.741147e-15,-1.512166e-05,1.987834e-05,3.500000e-05,-9.353754e-16,5.253515e-16
1.907000e-10,3.895873e+02,-8.669759e-04,0.000000e+00,2.556624e+01,-3.108210e-14,1.512166e-05,2.550972e+01,6.261169e-15,1.987834e-05,0.000000e+00,3.500000e-05,-8.669759e-04,1.284680e-14,1.284371e-15,0.000000e+00,1.284371e-15,-1.512166e-05,1.987834e-05,3.500000e-05,-9.417530e-16,2.845986e-16
1.908000e-10,3.893299e+02,-8.444987e-04,0.000000e+00,2.556624e+01,-2.852251e-14,1.512166e-05,2.550972e+01,1.367987e-15,1.987834e-05,0.000000e+00,3.500000e-05,-8.444987e-04,7.988691e-15,7.993450e-16,0.000000e+00,7.993450e-16,-1.512166e-05,1.987834e-05,3.500000e-05,-8.641594e-16,6.218121e-17
1.909000e-10,3.890843e+02,-7.886449e-04,0.000000e+00,2.556624e+01,-2.392153e-14,1.512166e-05,2.550972e+01,-2.753511e-15,1.987834e-05,0.000000e+00,3.500000e-05,-7.886449e-04,3.323506e-15,3.316431e-16,0.000000e+00,3.316431e-16,-1.512166e-05,1.987834e-05,3.500000e-05,-7.249160e-16,-1.251596e-16
1.910000e-10,3.888598e+02,-7.044744e-04,0.000000e+00,2.556624e+01,-1.805498e-14,1.512166e-05,2.550972e+01,-5.892865e-15,1.987834e-05,0.000000e+00,3.500000e-05,-7.044744e-04,-8.067613e-16,-8.024082e-17,0.000000e+00,-8.024082e-17,-1.512166e-05,1.987834e-05,3.500000e-05,-5.468758e-16,-2.678575e-16
1.911000e-10,3.886637e+02,-5.985281e-04,0.000000e+00,2.556624e+01,-1.166868e-14,1.512166e-05,2.550972e+01,-7.927307e-15,1.987834e-05,0.000000e+00,3.500000e-05,-5.985281e-04,-4.112729e-15,-4.098995e-16,0.000000e+00,-4.098995e-16,-1.512166e-05,1.987834e-05,3.500000e-05,-3.534231e-16,-3.603321e-16
1.912000e-10,3.885016e+02,-4.774409e-04,0.000000e+00,2.556624e+01,-5.418436e-15,1.512166e-05,2.550972e+01,-8.891913e-15,1.987834e-05,0.000000e+00,3.500000e-05,-4.774409e-04,-6.445321e-15,-6.442853e-16,0.000000e+00,-6.442853e-16,-1.512166e-05,1.987834e-05,3.500000e-05,-1.642222e-16,-4.041779e-16
1.913000e-10,3.883773e+02,-3.469349e-04,0.000000e+00,2.556624e+01,1.740091e-16,1.512166e-05,2.550972e+01,-8.891913e-15,1.987834e-05,0.000000e+00,3.500000e-05,-3.469349e-04,-7.787001e-15,-7.778801e-16,0.000000e+00,-7.778801e-16,-1.512166e-05,1.987834e-05,3.500000e-05,5.314633e-18,-4.041779e-16
1.914000e-10,3.882930e+02,-2.113688e-04,0.000000e+00,2.556624e+01,4.736512e-15,1.512166e-05,2.550972e+01,-8.120228e-15,1.987834e-05,0.000000e+00,3.500000e-05,-2.113688e-04,-8.181612e-15,-8.174809e-16,0.000000e+00,-8.174809e-16,-1.512166e-05,1.987834e-05,3.500000e-05,1.434951e-16,-3.691013e-16
1.915000e-10,3.882500e+02,-7.378806e-05,0.000000e+00,2.556624e+01,8.056075e-15,1.512166e-05,2.550972e+01,-6.804856e-15,1.987834e-05,0.000000e+00,3.500000e-05,-7.378806e-05,-7.804539e-15,-7.806941e-16,0.000000e+00,-7.806941e-16,-1.512166e-05,1.987834e-05,3.500000e-05,2.439417e-16,-3.093117e-16
1.916000e-10,3.882486e+02,6.367869e-05,0.000000e+00,2.556624e+01,1.006515e-14,1.512166e-05,2.550972e+01,-5.138719e-15,1.987834e-05,0.000000e+00,3.500000e-05,6.367869e-05,-6.839933e-15,-6.844074e-16,0.000000e+00,-6.844074e-16,-1.512166e-05,1.987834e-05,3.500000e-05,3.050599e-16,-2.335781e-16
1.917000e-10,3.882884e+02,1.992394e-04,0.000000e+00,2.556624e+01,1.082448e-14,1.512166e-05,2.550972e+01,-3.314737e-15,1.987834e-05,0.000000e+00,3.500000e-05,1.992394e-04,-5.454408e-15,-5.453540e-16,0.000000e+00,-5.453540e-16,-1.512166e-05,1.987834e-05,3.500000e-05,3.279129e-16,-1.506699e-16
1.918000e-10,3.883687e+02,3.308068e-04,0.000000e+00,2.556624e+01,1.049370e-14,1.512166e-05,2.550972e+01,-1.508293e-15,1.987834e-05,0.000000e+00,3.500000e-05,3.308068e-04,-3.823347e-15,-3.822433e-16,0.000000e+00,-3.822433e-16,-1.512166e-05,1.987834e-05,3.500000e-05,3.178151e-16,-6.855877e-17
1.919000e-10,3.884878e+02,4.554358e-04,0.000000e+00,2.556624e+01,9.299381e-15,1.512166e-05,2.550972e+01,8.769145e-17,1.987834e-05,0.000000e+00,3.500000e-05,4.554358e-04,-2.139671e-15,-2.142734e-16,0.000000e+00,-2.142734e-16,-1.512166e-05,1.987834e-05,3.500000e-05,2.816756e-16,3.985975e-18
1.920000e-10,3.886427e+02,5.689720e-04,0.000000e+00,2.556624e+01,7.504741e-15,1.512166e-05,2.550972e+01,1.403063e-15,1.987834e-05,0.000000e+00,3.500000e-05,5.689720e-04,-5.963018e-16,-5.892024e-17,0.000000e+00,-5.892024e-17,-1.512166e-05,1.987834e-05,3.500000e-05,2.274663e-16,6.377560e-17
1.921000e-10,3.888293e+02,6.660803e-04,0.000000e+00,2.556624e+01,5.377715e-15,1.512166e-05,2.550972e+01,2.367669e-15,1.987834e-05,0.000000e+00,3.500000e-05,6.660803e-04,7.541464e-16,7.509553e-17,0.000000e+00,7.509553e-17,-1.512166e-05,1.987834e-05,3.500000e-05,1.631592e-16,1.076213e-16
1.922000e-10,3.890415e+02,7.407900e-04,0.000000e+00,2.556624e+01,3.165801e-15,1.512166e-05,2.550972e+01,2.946433e-15,1.987834e-05,0.000000e+00,3.500000e-05,7.407900e-04,1.797675e-15,1.785794e-16,0.000000e+00,1.785794e-16,-1.512166e-05,1.987834e-05,3.500000e-05,9.619486e-17,1.339288e-16
1.923000e-10,3.892718e+02,7.875343e-04,0.000000e+00,2.556624e+01,1.079756e-15,1.512166e-05,2.550972e+01,3.156892e-15,1.987834e-05,0.000000e+00,3.500000e-05,7.875343e-04,2.464130e-15,2.467781e-16,0.000000e+00,2.467781e-16,-1.512166e-05,1.987834e-05,3.500000e-05,3.295073e-17,1.434951e-16
1.924000e-10,3.895111e+02,8.024103e-04,0.000000e+00,2.556624e+01,-7.211772e-16,1.512166e-05,2.550972e+01,3.051662e-15,1.987834e-05,0.000000e+00,3.500000e-05,8.024103e-04,2.806126e-15,2.814669e-16,0.000000e+00,2.814669e-16,-1.512166e-05,1.987834e-05,3.500000e-05,-2.179000e-17,1.387119e-16
1.925000e-10,3.897497e+02,7.841802e-04,0.000000e+00,2.556624e+01,-2.129673e-15,1.512166e-05,2.550972e+01,2.700897e-15,1.987834e-05,0.000000e+00,3.500000e-05,7.841802e-04,2.858741e-15,2.858915e-16,0.000000e+00,2.858915e-16,-1.512166e-05,1.987834e-05,3.500000e-05,-6.430706e-17,1.227680e-16
1.926000e-10,3.899781e+02,7.345852e-04,0.000000e+00,2.556624e+01,-3.092108e-15,1.512166e-05,2.550972e+01,2.174748e-15,1.987834e-05,0.000000e+00,3.500000e-05,7.345852e-04,2.657051e-15,2.640371e-16,0.000000e+00,2.640371e-16,-1.512166e-05,1.987834e-05,3.500000e-05,-9.353754e-17,9.885218e-17
1.927000e-10,3.901874e+02,6.578536e-04,0.000000e+00,2.556624e+01,-3.605221e-15,1.512166e-05,2.550972e+01,1.543369e-15,1.987834e-05,0.000000e+00,3.500000e-05,6.578536e-04,2.227363e-15,2.220223e-16,0.000000e+00,2.220223e-16,-1.512166e-05,1.987834e-05,3.500000e-05,-1.094814e-16,7.015316e-17
1.928000e-10,3.903706e+02,5.596562e-04,0.000000e+00,2.556624e+01,-3.704517e-15,1.512166e-05,2.550972e+01,8.944528e-16,1.987834e-05,0.000000e+00,3.500000e-05,5.596562e-04,1.692445e-15,1.694530e-16,0.000000e+00,1.694530e-16,-1.512166e-05,1.987834e-05,3.500000e-05,-1.121388e-16,4.065694e-17
1.929000e-10,3.905220e+02,4.459531e-04,0.000000e+00,2.556624e+01,-3.459816e-15,1.512166e-05,2.550972e+01,2.630743e-16,1.987834e-05,0.000000e+00,3.500000e-05,4.459531e-04,1.087374e-15,1.087750e-16,0.000000e+00,1.087750e-16,-1.512166e-05,1.987834e-05,3.500000e-05,-1.046983e-16,1.195792e-17
1.930000e-10,3.906377e+02,3.221072e-04,0.000000e+00,2.556624e+01,-2.955566e-15,1.512166e-05,2.550972e+01,-2.806126e-16,1.987834e-05,0.000000e+00,3.500000e-05,3.221072e-04,4.998413e-16,5.013654e-17,0.000000e+00,5.013654e-17,-1.512166e-05,1.987834e-05,3.500000e-05,-8.981730e-17,-1.275512e-17
1.931000e-10,3.907153e+02,1.924442e-04,0.000000e+00,2.556624e+01,-2.283891e-15,1.512166e-05,2.550972e+01,-7.015316e-16,1.987834e-05,0.000000e+00,3.500000e-05,1.924442e-04,-3.507658e-17,-2.822175e-18,0.000000e+00,-2.822175e-18,-1.512166e-05,1.987834e-05,3.500000e-05,-6.909023e-17,-3.188780e-17
1.932000e-10,3.907533e+02,6.024624e-05,0.000000e+00,2.556624e+01,-1.534927e-15,1.512166e-05,2.550972e+01,-9.646059e-16,1.987834e-05,0.000000e+00,3.500000e-05,6.024624e-05,-4.559955e-16,-4.578288e-17,0.000000e+00,-4.578288e-17,-1.512166e-05,1.987834e-05,3.500000e-05,-4.676877e-17,-4.384572e-17
1.933000e-10,3.907514e+02,-7.193742e-05,0.000000e+00,2.556624e+01,-7.894576e-16,1.512166e-05,2.550972e+01,-1.087374e-15,1.987834e-05,0.000000e+00,3.500000e-05,-7.193742e-05,-7.629156e-16,-7.739448e-17,0.000000e+00,-7.739448e-17,-1.512166e-05,1.987834e-05,3.500000e-05,-2.391585e-17,-4.942609e-17
1.934000e-10,3.907099e+02,-2.018037e-04,0.000000e+00,2.556624e+01,-1.129524e-16,1.512166e-05,2.550972e+01,-1.087374e-15,1.987834e-05,0.000000e+00,3.500000e-05,-2.018037e-04,-9.470676e-16,-9.418836e-17,0.000000e+00,-9.418836e-17,-1.512166e-05,1.987834e-05,3.500000e-05,-3.188780e-18,-4.942609e-17
1.935000e-10,3.906299e+02,-3.267655e-04,0.000000e+00,2.556624e+01,4.503725e-16,1.512166e-05,2.550972e+01,-9.996825e-16,1.987834e-05,0.000000e+00,3.500000e-05,-3.267655e-04,-9.821442e-16,-9.844644e-17,0.000000e+00,-9.844644e-17,-1.512166e-05,1.987834e-05,3.500000e-05,1.381805e-17,-4.544011e-17
1.936000e-10,3.905134e+02,-4.435084e-04,0.000000e+00,2.556624e+01,8.691973e-16,1.512166e-05,2.550972e+01,-8.593762e-16,1.987834e-05,0.000000e+00,3.500000e-05,-4.435084e-04,-9.470676e-16,-9.527106e-17,0.000000e+00,-9.527106e-17,-1.512166e-05,1.987834e-05,3.500000e-05,2.657317e-17,-3.906255e-17
1.937000e-10,3.903636e+02,-5.477726e-04,0.000000e+00,2.556624e+01,1.134507e-15,1.512166e-05,2.550972e+01,-6.839933e-16,1.987834e-05,0.000000e+00,3.500000e-05,-5.477726e-04,-8.593762e-16,-8.554189e-17,0.000000e+00,-8.554189e-17,-1.512166e-05,1.987834e-05,3.500000e-05,3.454512e-17,-3.109060e-17
1.938000e-10,3.901851e+02,-6.345000e-04,0.000000e+00,2.556624e+01,1.249928e-15,1.512166e-05,2.550972e+01,-4.384572e-16,1.987834e-05,0.000000e+00,3.500000e-05,-6.345000e-04,-7.015316e-16,-7.008077e-17,0.000000e+00,-7.008077e-17,-1.512166e-05,1.987834e-05,3.500000e-05,3.773390e-17,-1.992987e-17
1.939000e-10,3.899841e+02,-6.984177e-04,0.000000e+00,2.556624e+01,1.233043e-15,1.512166e-05,2.550972e+01,-2.104595e-16,1.987834e-05,0.000000e+00,3.500000e-05,-6.984177e-04,-4.998413e-16,-4.973263e-17,0.000000e+00,-4.973263e-17,-1.512166e-05,1.987834e-05,3.500000e-05,3.720243e-17,-9.566340e-18
1.940000e-10,3.897683e+02,-7.349743e-04,0.000000e+00,2.556624e+01,1.111854e-15,1.512166e-05,2.550972e+01,1.753829e-17,1.987834e-05,0.000000e+00,3.500000e-05,-7.349743e-04,-2.893818e-16,-2.814990e-17,0.000000e+00,-2.814990e-17,-1.512166e-05,1.987834e-05,3.500000e-05,3.348219e-17,7.971950e-19
1.941000e-10,3.895461e+02,-7.413483e-04,0.000000e+00,2.556624e+01,9.170285e-16,1.512166e-05,2.550972e+01,1.753829e-16,1.987834e-05,0.000000e+00,3.500000e-05,-7.413483e-04,-7.892230e-17,-8.221850e-18,0.000000e+00,-8.221850e-18,-1.512166e-05,1.987834e-05,3.500000e-05,2.763609e-17,7.971950e-18
1.942000e-10,3.893268e+02,-7.171403e-04,0.000000e+00,2.556624e+01,6.798417e-16,1.512166e-05,2.550972e+01,2.981509e-16,1.987834e-05,0.000000e+00,3.500000e-05,-7.171403e-04,8.769145e-17,9.326339e-18,0.000000e+00,9.326339e-18,-1.512166e-05,1.987834e-05,3.500000e-05,2.072707e-17,1.355231e-17
1.943000e-10,3.891191e+02,-6.644613e-04,0.000000e+00,2.556624e+01,4.285367e-16,1.512166e-05,2.550972e+01,3.507658e-16,1.987834e-05,0.000000e+00,3.500000e-05,-6.644613e-04,2.367669e-16,2.379063e-17,0.000000e+00,2.379063e-17,-1.512166e-05,1.987834e-05,3.500000e-05,1.275512e-17,1.594390e-17
1.944000e-10,3.889309e+02,-5.874008e-04,0.000000e+00,2.556624e+01,1.877222e-16,1.512166e-05,2.550972e+01,3.683041e-16,1.987834e-05,0.000000e+00,3.500000e-05,-5.874008e-04,3.156892e-16,3.091576e-17,0.000000e+00,3.091576e-17,-1.512166e-05,1.987834e-05,3.500000e-05,5.846097e-18,1.674109e-17
1.945000e-10,3.887687e+02,-4.911221e-04,0.000000e+00,2.556624e+01,-2.295642e-17,1.512166e-05,2.550972e+01,3.858424e-16,1.987834e-05,0.000000e+00,3.500000e-05,-4.911221e-04,3.507658e-16,3.573029e-17,0.000000e+00,3.573029e-17,-1.512166e-05,1.987834e-05,3.500000e-05,-5.314633e-19,1.753829e-17
1.946000e-10,3.886374e+02,-3.809367e-04,0.000000e+00,2.556624e+01,-1.922932e-16,1.512166e-05,2.550972e+01,3.683041e-16,1.987834e-05,0.000000e+00,3.500000e-05,-3.809367e-04,3.683041e-16,3.686822e-17,0.000000e+00,3.686822e-17,-1.512166e-05,1.987834e-05,3.500000e-05,-5.846097e-18,1.674109e-17
1.947000e-10,3.885407e+02,-2.616357e-04,0.000000e+00,2.556624e+01,-3.094938e-16,1.512166e-05,2.550972e+01,3.156892e-16,1.987834e-05,0.000000e+00,3.500000e-05,-2.616357e-04,3.507658e-16,3.575855e-17,0.000000e+00,3.575855e-17,-1.512166e-05,1.987834e-05,3.500000e-05,-9.566340e-18,1.434951e-17
1.948000e-10,3.884806e+02,-1.371929e-04,0.000000e+00,2.556624e+01,-3.752671e-16,1.512166e-05,2.550972e+01,2.455361e-16,1.987834e-05,0.000000e+00,3.500000e-05,-1.371929e-04,3.156892e-16,3.177644e-17,0.000000e+00,3.177644e-17,-1.512166e-05,1.987834e-05,3.500000e-05,-1.116073e-17,1.116073e-17
1.949000e-10,3.884584e+02,-1.081754e-05,0.000000e+00,2.556624e+01,-3.931017e-16,1.512166e-05,2.550972e+01,1.578446e-16,1.987834e-05,0.000000e+00,3.500000e-05,-1.081754e-05,2.630743e-16,2.568201e-17,0.000000e+00,2.568201e-17,-1.512166e-05,1.987834e-05,3.500000e-05,-1.169219e-17,7.174755e-18
1.950000e-10,3.884743e+02,1.147478e-04,0.000000e+00,2.556624e+01,-3.714748e-16,1.512166e-05,2.550972e+01,5.261487e-17,1.987834e-05,0.000000e+00,3.500000e-05,1.147478e-04,1.753829e-16,1.678547e-17,0.000000e+00,1.678547e-17,-1.512166e-05,1.987834e-05,3.500000e-05,-1.116073e-17,2.391585e-18
1.951000e-10,3.885275e+02,2.368078e-04,0.000000e+00,2.556624e+01,-3.201616e-16,1.512166e-05,2.550972e+01,-3.507658e-17,1.987834e-05,0.000000e+00,3.500000e-05,2.368078e-04,7.015316e-17,7.239483e-18,0.000000e+00,7.239483e-18,-1.512166e-05,1.987834e-05,3.500000e-05,-9.566340e-18,-1.594390e-18
1.952000e-10,3.886167e+02,3.522999e-04,0.000000e+00,2.556624e+01,-2.494057e-16,1.512166e-05,2.550972e+01,-8.769145e-17,1.987834e-05,0.000000e+00,3.500000e-05,3.522999e-04,0.000000e+00,6.427568e-19,0.000000e+00,6.427568e-19,-1.512166e-05,1.987834e-05,3.500000e-05,-7.440486e-18,-3.985975e-18
1.953000e-10,3.887390e+02,4.575141e-04,0.000000e+00,2.556624e+01,-1.702232e-16,1.512166e-05,2.550972e+01,-1.052297e-16,1.987834e-05,0.000000e+00,3.500000e-05,4.575141e-04,-5.261487e-17,-5.150901e-18,0.000000e+00,-5.150901e-18,-1.512166e-05,1.987834e-05,3.500000e-05,-5.314633e-18,-4.783170e-18
1.954000e-10,3.888909e+02,5.480689e-04,0.000000e+00,2.556624e+01,-9.234482e-17,1.512166e-05,2.550972e+01,-1.227680e-16,1.987834e-05,0.000000e+00,3.500000e-05,5.480689e-04,-8.769145e-17,-8.735796e-18,0.000000e+00,-8.735796e-18,-1.512166e-05,1.987834e-05,3.500000e-05,-2.657317e-18,-5.580365e-18
1.955000e-10,3.890669e+02,6.192340e-04,0.000000e+00,2.556624e+01,-2.034169e-17,1.512166e-05,2.550972e+01,-1.052297e-16,1.987834e-05,0.000000e+00,3.500000e-05,6.192340e-04,-1.052297e-16,-1.084531e-17,0.000000e+00,-1.084531e-17,-1.512166e-05,1.987834e-05,3.500000e-05,-5.314633e-19,-4.783170e-18
1.956000e-10,3.892606e+02,6.665885e-04,0.000000e+00,2.556624e+01,4.036050e-17,1.512166e-05,2.550972e+01,-8.769145e-17,1.987834e-05,0.000000e+00,3.500000e-05,6.665885e-04,-1.052297e-16,-1.077324e-17,0.000000e+00,-1.077324e-17,-1.512166e-05,1.987834e-05,3.500000e-05,1.062927e-18,-3.985975e-18
1.957000e-10,3.894643e+02,6.868545e-04,0.000000e+00,2.556624e+01,8.695075e-17,1.512166e-05,2.550972e+01,-7.015316e-17,1.987834e-05,0.000000e+00,3.500000e-05,6.868545e-04,-8.769145e-17,-9.259668e-18,0.000000e+00,-9.259668e-18,-1.512166e-05,1.987834e-05,3.500000e-05,2.657317e-18,-3.188780e-18
1.958000e-10,3.896697e+02,6.786212e-04,0.000000e+00,2.556624e+01,1.190619e-16,1.512166e-05,2.550972e+01,-5.261487e-17,1.987834e-05,0.000000e+00,3.500000e-05,6.786212e-04,-7.015316e-17,-7.714592e-18,0.000000e+00,-7.714592e-18,-1.512166e-05,1.987834e-05,3.500000e-05,3.720243e-18,-2.391585e-18
1.959000e-10,3.898683e+02,6.426752e-04,0.000000e+00,2.556624e+01,1.378651e-16,1.512166e-05,2.550972e+01,-1.753829e-17,1.987834e-05,0.000000e+00,3.500000e-05,6.426752e-04,-5.261487e-17,-5.474329e-18,0.000000e+00,-5.474329e-18,-1.512166e-05,1.987834e-05,3.500000e-05,4.251707e-18,-7.971950e-19
1.960000e-10,3.900524e+02,5.818092e-04,0.000000e+00,2.556624e+01,1.428160e-16,1.512166e-05,2.550972e+01,0.000000e+00,1.987834e-05,0.000000e+00,3.500000e-05,5.818092e-04,-2.630743e-17,-2.516224e-18,0.000000e+00,-2.516224e-18,-1.512166e-05,1.987834e-05,3.500000e-05,4.251707e-18,0.000000e+00
1.961000e-10,3.902151e+02,5.002063e-04,0.000000e+00,2.556624e+01,1.359595e-16,1.512166e-05,2.550972e+01,3.507658e-17,1.987834e-05,0.000000e+00,3.500000e-05,5.002063e-04,-8.769145e-18,-2.871800e-19,0.000000e+00,-2.871800e-19,-1.512166e-05,1.987834e-05,3.500000e-05,4.251707e-18,1.594390e-18
1.962000e-10,3.903509e+02,4.026542e-04,0.000000e+00,2.556624e+01,1.207206e-16,1.512166e-05,2.550972e+01,1.753829e-17,1.987834e-05,0.000000e+00,3.500000e-05,4.026542e-04,1.753829e-17,1.214528e-18,0.000000e+00,1.214528e-18,-1.512166e-05,1.987834e-05,3.500000e-05,3.720243e-18,7.971950e-19
1.963000e-10,3.904557e+02,2.938541e-04,0.000000e+00,2.556624e+01,9.757427e-17,1.512166e-05,2.550972e+01,1.753829e-17,1.987834e-05,0.000000e+00,3.500000e-05,2.938541e-04,0.000000e+00,5.722024e-19,0.000000e+00,5.722024e-19,-1.512166e-05,1.987834e-05,3.500000e-05,3.188780e-18,7.971950e-19
1.964000e-10,3.905266e+02,1.779971e-04,0.000000e+00,2.556624e+01,7.002150e-17,1.512166e-05,2.550972e+01,1.753829e-17,1.987834e-05,0.000000e+00,3.500000e-05,1.779971e-04,0.000000e+00,6.211805e-19,0.000000e+00,6.211805e-19,-1.512166e-05,1.987834e-05,3.500000e-05,2.125853e-18,7.971950e-19
1.965000e-10,3.905622e+02,5.864829e-05,0.000000e+00,2.556624e+01,4.027186e-17,1.512166e-05,2.550972e+01,1.753829e-17,1.987834e-05,0.000000e+00,3.500000e-05,5.864829e-05,0.000000e+00,6.537607e-19,0.000000e+00,6.537607e-19,-1.512166e-05,1.987834e-05,3.500000e-05,1.062927e-18,7.971950e-19
1.966000e-10,3.905617e+02,-6.111099e-05,0.000000e+00,2.556624e+01,1.062352e-17,1.512166e-05,2.550972e+01,1.753829e-17,1.987834e-05,0.000000e+00,3.500000e-05,-6.111099e-05,0.000000e+00,6.716690e-19,0.000000e+00,6.716690e-19,-1.512166e-05,1.987834e-05,3.500000e-05,5.314633e-19,7.971950e-19
1.967000e-10,3.905253e+02,-1.783845e-04,0.000000e+00,2.556624e+01,-1.622017e-17,1.512166e-05,2.550972e+01,1.753829e-17,1.987834e-05,0.000000e+00,3.500000e-05,-1.783845e-04,0.000000e+00,6.751212e-19,0.000000e+00,6.751212e-19,-1.512166e-05,1.987834e-05,3.500000e-05,-5.314633e-19,7.971950e-19
1.968000e-10,3.904545e+02,-2.901206e-04,0.000000e+00,2.556624e+01,-3.949947e-17,1.512166e-05,2.550972e+01,1.753829e-17,1.987834e-05,0.000000e+00,3.500000e-05,-2.901206e-04,0.000000e+00,6.574287e-19,0.000000e+00,6.574287e-19,-1.512166e-05,1.987834e-05,3.500000e-05,-1.062927e-18,7.971950e-19
1.969000e-10,3.903513e+02,-3.928487e-04,0.000000e+00,2.556624e+01,-5.675161e-17,1.512166e-05,2.550972e+01,1.753829e-17,1.987834e-05,0.000000e+00,3.500000e-05,-3.928487e-04,0.000000e+00,6.194544e-19,0.000000e+00,6.194544e-19,-1.512166e-05,1.987834e-05,3.500000e-05,-1.594390e-18,7.971950e-19
1.970000e-10,3.902191e+02,-4.826035e-04,0.000000e+00,2.556624e+01,-6.694461e-17,1.512166e-05,2.550972e+01,1.753829e-17,1.987834e-05,0.000000e+00,3.500000e-05,-4.826035e-04,0.000000e+00,5.767335e-19,0.000000e+00,5.767335e-19,-1.512166e-05,1.987834e-05,3.500000e-05,-2.125853e-18,7.971950e-19
1.971000e-10,3.900626e+02,-5.551223e-04,0.000000e+00,2.556624e+01,-6.988222e-17,1.512166e-05,2.550972e+01,1.753829e-17,1.987834e-05,0.000000e+00,3.500000e-05,-5.551223e-04,0.000000e+00,5.301287e-19,0.000000e+00,5.301287e-19,-1.512166e-05,1.987834e-05,3.500000e-05,-2.125853e-18,7.971950e-19
1.972000e-10,3.898876e+02,-6.063265e-04,0.000000e+00,2.556624e+01,-6.619754e-17,1.512166e-05,2.550972e+01,1.753829e-17,1.987834e-05,0.000000e+00,3.500000e-05,-6.063265e-04,0.000000e+00,4.858974e-19,0.000000e+00,4.858974e-19,-1.512166e-05,1.987834e-05,3.500000e-05,-2.125853e-18,7.971950e-19
1.973000e-10,3.897011e+02,-6.329879e-04,0.000000e+00,2.556624e+01,-5.803048e-17,1.512166e-05,2.550972e+01,1.753829e-17,1.987834e-05,0.000000e+00,3.500000e-05,-6.329879e-04,0.000000e+00,4.436079e-19,0.000000e+00,4.436079e-19,-1.512166e-05,1.987834e-05,3.500000e-05,-1.594390e-18,7.971950e-19
1.974000e-10,3.895106e+02,-6.333684e-04,0.000000e+00,2.556624e+01,-4.691947e-17,1.512166e-05,2.550972e+01,1.753829e-17,1.987834e-05,0.000000e+00,3.500000e-05,-6.333684e-04,0.000000e+00,4.181479e-19,0.000000e+00,4.181479e-19,-1.512166e-05,1.987834e-05,3.500000e-05,-1.594390e-18,7.971950e-19
1.975000e-10,3.893240e+02,-6.075985e-04,0.000000e+00,2.556624e+01,-3.299748e-17,1.512166e-05,2.550972e+01,1.753829e-17,1.987834e-05,0.000000e+00,3.500000e-05,-6.075985e-04,0.000000e+00,3.859993e-19,0.000000e+00,3.859993e-19,-1.512166e-05,1.987834e-05,3.500000e-05,-1.062927e-18,7.971950e-19
1.976000e-10,3.891488e+02,-5.576481e-04,0.000000e+00,2.556624e+01,-1.658737e-17,1.512166e-05,2.550972e+01,1.753829e-17,1.987834e-05,0.000000e+00,3.500000e-05,-5.576481e-04,0.000000e+00,3.549295e-19,0.000000e+00,3.549295e-19,-1.512166e-05,1.987834e-05,3.500000e-05,-5.314633e-19,7.971950e-19
1.977000e-10,3.889918e+02,-4.869127e-04,0.000000e+00,2.556624e+01,3.861946e-19,1.512166e-05,2.550972e+01,1.753829e-17,1.987834e-05,0.000000e+00,3.500000e-05,-4.869127e-04,0.000000e+00,3.473778e-19,0.000000e+00,3.473778e-19,-1.512166e-05,1.987834e-05,3.500000e-05,0.000000e+00,7.971950e-19
1.978000e-10,3.888585e+02,-3.995868e-04,0.000000e+00,2.556624e+01,1.541613e-17,1.512166e-05,2.550972e+01,1.753829e-17,1.987834e-05,0.000000e+00,3.500000e-05,-3.995868e-04,0.000000e+00,3.460832e-19,0.000000e+00,3.460832e-19,-1.512166e-05,1.987834e-05,3.500000e-05,5.314633e-19,7.971950e-19
1.979000e-10,3.887533e+02,-3.000449e-04,0.000000e+00,2.556624e+01,2.829350e-17,1.512166e-05,2.550972e+01,1.753829e-17,1.987834e-05,0.000000e+00,3.500000e-05,-3.000449e-04,0.000000e+00,3.594605e-19,0.000000e+00,3.594605e-19,-1.512166e-05,1.987834e-05,3.500000e-05,1.062927e-18,7.971950e-19
1.980000e-10,3.886793e+02,-1.924002e-04,0.000000e+00,2.556624e+01,3.757483e-17,1.512166e-05,2.550972e+01,1.753829e-17,1.987834e-05,0.000000e+00,3.500000e-05,-1.924002e-04,0.000000e+00,3.784476e-19,0.000000e+00,3.784476e-19,-1.512166e-05,1.987834e-05,3.500000e-05,1.062927e-18,7.971950e-19
1.981000e-10,3.886383e+02,-8.031346e-05,0.000000e+00,2.556624e+01,4.301954e-17,1.512166e-05,2.550972e+01,1.753829e-17,1.987834e-05,0.000000e+00,3.500000e-05,-8.031346e-05,0.000000e+00,4.036918e-19,0.000000e+00,4.036918e-19,-1.512166e-05,1.987834e-05,3.500000e-05,1.062927e-18,7.971950e-19
1.982000e-10,3.886314e+02,3.296401e-05,0.000000e+00,2.556624e+01,4.417179e-17,1.512166e-05,2.550972e+01,1.753829e-17,1.987834e-05,0.000000e+00,3.500000e-05,3.296401e-05,0.000000e+00,4.272100e-19,0.000000e+00,4.272100e-19,-1.512166e-05,1.987834e-05,3.500000e-05,1.594390e-18,7.971950e-19
1.983000e-10,3.886583e+02,1.443894e-04,0.000000e+00,2.556624e+01,4.263335e-17,1.512166e-05,2.550972e+01,1.753829e-17,1.987834e-05,0.000000e+00,3.500000e-05,1.443894e-04,0.000000e+00,4.492178e-19,0.000000e+00,4.492178e-19,-1.512166e-05,1.987834e-05,3.500000e-05,1.062927e-18,7.971950e-19
1.984000e-10,3.887181e+02,2.508666e-04,0.000000e+00,2.556624e+01,3.889802e-17,1.512166e-05,2.550972e+01,1.753829e-17,1.987834e-05,0.000000e+00,3.500000e-05,2.508666e-04,0.000000e+00,4.705782e-19,0.000000e+00,4.705782e-19,-1.512166e-05,1.987834e-05,3.500000e-05,1.062927e-18,7.971950e-19
1.985000e-10,3.888087e+02,3.490312e-04,0.000000e+00,2.556624e+01,3.229473e-17,1.512166e-05,2.550972e+01,1.753829e-17,1.987834e-05,0.000000e+00,3.500000e-05,3.490312e-04,0.000000e+00,4.904284e-19,0.000000e+00,4.904284e-19,-1.512166e-05,1.987834e-05,3.500000e-05,1.062927e-18,7.971950e-19
1.986000e-10,3.889271e+02,4.351801e-04,0.000000e+00,2.556624e+01,2.417831e-17,1.512166e-05,2.550972e+01,1.753829e-17,1.987834e-05,0.000000e+00,3.500000e-05,4.351801e-04,0.000000e+00,5.098470e-19,0.000000e+00,5.098470e-19,-1.512166e-05,1.987834e-05,3.500000e-05,5.314633e-19,7.971950e-19
1.987000e-10,3.890689e+02,5.054203e-04,0.000000e+00,2.556624e+01,1.556174e-17,1.512166e-05,2.550972e+01,1.753829e-17,1.987834e-05,0.000000e+00,3.500000e-05,5.054203e-04,0.000000e+00,5.137308e-19,0.000000e+00,5.137308e-19,-1.512166e-05,1.987834e-05,3.500000e-05,5.314633e-19,7.971950e-19
1.988000e-10,3.892288e+02,5.560506e-04,0.000000e+00,2.556624e+01,8.072099e-18,1.512166e-05,2.550972e+01,1.753829e-17,1.987834e-05,0.000000e+00,3.500000e-05,5.560506e-04,0.000000e+00,5.180460e-19,0.000000e+00,5.180460e-19,-1.512166e-05,1.987834e-05,3.500000e-05,0.000000e+00,7.971950e-19
1.989000e-10,3.894005e+02,5.841004e-04,0.000000e+00,2.556624e+01,1.658737e-18,1.512166e-05,2.550972e+01,1.753829e-17,1.987834e-05,0.000000e+00,3.500000e-05,5.841004e-04,0.000000e+00,5.152411e-19,0.000000e+00,5.152411e-19,-1.512166e-05,1.987834e-05,3.500000e-05,0.000000e+00,7.971950e-19
1.990000e-10,3.895768e+02,5.878656e-04,0.000000e+00,2.556624e+01,-3.811297e-18,1.512166e-05,2.550972e+01,1.753829e-17,1.987834e-05,0.000000e+00,3.500000e-05,5.878656e-04,0.000000e+00,5.128677e-19,0.000000e+00,5.128677e-19,-1.512166e-05,1.987834e-05,3.500000e-05,0.000000e+00,7.971950e-19
1.991000e-10,3.897504e+02,5.672511e-04,0.000000e+00,2.556624e+01,-8.186058e-18,1.512166e-05,2.550972e+01,1.753829e-17,1.987834e-05,0.000000e+00,3.500000e-05,5.672511e-04,0.000000e+00,5.109259e-19,0.000000e+00,5.109259e-19,-1.512166e-05,1.987834e-05,3.500000e-05,0.000000e+00,7.971950e-19
1.992000e-10,3.899144e+02,5.237927e-04,0.000000e+00,2.556624e+01,-1.180109e-17,1.512166e-05,2.550972e+01,1.753829e-17,1.987834e-05,0.000000e+00,3.500000e-05,5.237927e-04,0.000000e+00,5.094155e-19,0.000000e+00,5.094155e-19,-1.512166e-05,1.987834e-05,3.500000e-05,-5.314633e-19,7.971950e-19
1.993000e-10,3.900623e+02,4.603573e-04,0.000000e+00,2.556624e+01,-1.414992e-17,1.512166e-05,2.550972e+01,1.753829e-17,1.987834e-05,0.000000e+00,3.500000e-05,4.603573e-04,0.000000e+00,4.932333e-19,0.000000e+00,4.932333e-19,-1.512166e-05,1.987834e-05,3.500000e-05,-5.314633e-19,7.971950e-19
1.994000e-10,3.901888e+02,3.806421e-04,0.000000e+00,2.556624e+01,-1.414358e-17,1.512166e-05,2.550972e+01,1.753829e-17,1.987834e-05,0.000000e+00,3.500000e-05,3.806421e-04,0.000000e+00,4.779142e-19,0.000000e+00,4.779142e-19,-1.512166e-05,1.987834e-05,3.500000e-05,-5.314633e-19,7.971950e-19
1.995000e-10,3.902894e+02,2.886485e-04,0.000000e+00,2.556624e+01,-1.189606e-17,1.512166e-05,2.550972e+01,1.753829e-17,1.987834e-05,0.000000e+00,3.500000e-05,2.886485e-04,0.000000e+00,4.561222e-19,0.000000e+00,4.561222e-19,-1.512166e-05,1.987834e-05,3.500000e-05,-5.314633e-19,7.971950e-19
1.996000e-10,3.903610e+02,1.882785e-04,0.000000e+00,2.556624e+01,-7.907492e-18,1.512166e-05,2.550972e+01,1.753829e-17,1.987834e-05,0.000000e+00,3.500000e-05,1.882785e-04,0.000000e+00,4.349774e-19,0.000000e+00,4.349774e-19,-1.512166e-05,1.987834e-05,3.500000e-05,0.000000e+00,7.971950e-19
1.997000e-10,3.904018e+02,8.312957e-05,0.000000e+00,2.556624e+01,-2.943942e-18,1.512166e-05,2.550972e+01,1.753829e-17,1.987834e-05,0.000000e+00,3.500000e-05,8.312957e-05,0.000000e+00,4.295834e-19,0.000000e+00,4.295834e-19,-1.512166e-05,1.987834e-05,3.500000e-05,0.000000e+00,7.971950e-19
1.998000e-10,3.904106e+02,-2.351353e-05,0.000000e+00,2.556624e+01,2.703362e-18,1.512166e-05,2.550972e+01,1.753829e-17,1.987834e-05,0.000000e+00,3.500000e-05,-2.351353e-05,0.000000e+00,4.244051e-19,0.000000e+00,4.244051e-19,-1.512166e-05,1.987834e-05,3.500000e-05,0.000000e+00,7.971950e-19
1.999000e-10,3.903875e+02,-1.285442e-04,0.000000e+00,2.556624e+01,8.008789e-18,1.512166e-05,2.550972e+01,1.753829e-17,1.987834e-05,0.000000e+00,3.500000e-05,-1.285442e-04,0.000000e+00,4.265627e-19,0.000000e+00,4.265627e-19,-1.512166e-05,1.987834e-05,3.500000e-05,0.000000e+00,7.971950e-19
2.000000e-10,3.903334e+02,-2.288416e-04,0.000000e+00,2.556624e+01,1.241521e-17,1.512166e-05,2.550972e+01,1.753829e-17,1.987834e-05,0.000000e+00,3.500000e-05,-2.288416e-04,0.000000e+00,4.285045e-19,0.000000e+00,4.285045e-19,-1.512166e-05,1.987834e-05,3.500000e-05,5.314633e-19,7.971950e-19
2.001000e-10,3.902504e+02,-3.211119e-04,0.000000e+00,2.556624e+01,1.612521e-17,1.512166e-05,2.550972e+01,1.753829e-17,1.987834e-05,0.000000e+00,3.500000e-05,-3.211119e-04,0.000000e+00,4.302306e-19,0.000000e+00,4.302306e-19,-1.512166e-05,1.987834e-05,3.500000e-05,5.314633e-19,7.971950e-19
2.002000e-10,3.901413e+02,-4.018492e-04,0.000000e+00,2.556624e+01,1.925908e-17,1.512166e-05,2.550972e+01,1.753829e-17,1.987834e-05,0.000000e+00,3.500000e-05,-4.018492e-04,0.000000e+00,4.315252e-19,0.000000e+00,4.315252e-19,-1.512166e-05,1.987834e-05,3.500000e-05,5.314633e-19,7.971950e-19
2.003000e-10,3.900102e+02,-4.674754e-04,0.000000e+00,2.556624e+01,2.191812e-17,1.512166e-05,2.550972e+01,1.753829e-17,1.987834e-05,0.000000e+00,3.500000e-05,-4.674754e-04,0.000000e+00,4.326040e-19,0.000000e+00,4.326040e-19,-1.512166e-05,1.987834e-05,3.500000e-05,5.314633e-19,7.971950e-19
2.004000e-10,3.898623e+02,-5.146663e-04,0.000000e+00,2.556624e+01,2.417831e-17,1.512166e-05,2.550972e+01,1.753829e-17,1.987834e-05,0.000000e+00,3.500000e-05,-5.146663e-04,0.000000e+00,4.336828e-19,0.000000e+00,4.336828e-19,-1.512166e-05,1.987834e-05,3.500000e-05,5.314633e-19,7.971950e-19
2.005000e-10,3.897034e+02,-5.407991e-04,0.000000e+00,2.556624e+01,2.609029e-17,1.512166e-05,2.550972e+01,1.753829e-17,1.987834e-05,0.000000e+00,3.500000e-05,-5.407991e-04,0.000000e+00,4.345459e-19,0.000000e+00,4.345459e-19,-1.512166e-05,1.987834e-05,3.500000e-05,5.314633e-19,7.971950e-19
2.006000e-10,3.895402e+02,-5.443889e-04,0.000000e+00,2.556624e+01,2.743248e-17,1.512166e-05,2.550972e+01,1.753829e-17,1.987834e-05,0.000000e+00,3.500000e-05,-5.443889e-04,0.000000e+00,4.349774e-19,0.000000e+00,4.349774e-19,-1.512166e-05,1.987834e-05,3.500000e-05,1.062927e-18,7.971950e-19
2.007000e-10,3.893793e+02,-5.253663e-04,0.000000e+00,2.556624e+01,2.674872e-17,1.512166e-05,2.550972e+01,1.753829e-17,1.987834e-05,0.000000e+00,3.500000e-05,-5.253663e-04,0.000000e+00,4.500808e-19,0.000000e+00,4.500808e-19,-1.512166e-05,1.987834e-05,3.500000e-05,1.062927e-18,7.971950e-19
2.008000e-10,3.892275e+02,-4.850931e-04,0.000000e+00,2.556624e+01,2.510265e-17,1.512166e-05,2.550972e+01,1.753829e-17,1.987834e-05,0.000000e+00,3.500000e-05,-4.850931e-04,0.000000e+00,4.645369e-19,0.000000e+00,4.645369e-19,-1.512166e-05,1.987834e-05,3.500000e-05,5.314633e-19,7.971950e-19
2.009000e-10,3.890905e+02,-4.261190e-04,0.000000e+00,2.556624e+01,2.246893e-17,1.512166e-05,2.550972e+01,1.753829e-17,1.987834e-05,0.000000e+00,3.500000e-05,-4.261190e-04,0.000000e+00,4.710098e-19,0.000000e+00,4.710098e-19,-1.512166e-05,1.987834e-05,3.500000e-05,5.314633e-19,7.971950e-19
2.010000e-10,3.889736e+02,-3.517692e-04,0.000000e+00,2.556624e+01,1.895519e-17,1.512166e-05,2.550972e+01,1.753829e-17,1.987834e-05,0.000000e+00,3.500000e-05,-3.517692e-04,0.000000e+00,4.770511e-19,0.000000e+00,4.770511e-19,-1.512166e-05,1.987834e-05,3.500000e-05,5.314633e-19,7.971950e-19
2.011000e-10,3.888808e+02,-2.657061e-04,0.000000e+00,2.556624e+01,1.551742e-17,1.512166e-05,2.550972e+01,1.753829e-17,1.987834e-05,0.000000e+00,3.500000e-05,-2.657061e-04,0.000000e+00,4.755408e-19,0.000000e+00,4.755408e-19,-1.512166e-05,1.987834e-05,3.500000e-05,5.314633e-19,7.971950e-19
2.012000e-10,3.888151e+02,-1.715826e-04,0.000000e+00,2.556624e+01,1.244686e-17,1.512166e-05,2.550972e+01,1.753829e-17,1.987834e-05,0.000000e+00,3.500000e-05,-1.715826e-04,0.000000e+00,4.742462e-19,0.000000e+00,4.742462e-19,-1.512166e-05,1.987834e-05,3.500000e-05,5.314633e-19,7.971950e-19
2.013000e-10,3.887785e+02,-7.285477e-05,0.000000e+00,2.556624e+01,9.781485e-18,1.512166e-05,2.550972e+01,1.753829e-17,1.987834e-05,0.000000e+00,3.500000e-05,-7.285477e-05,0.000000e+00,4.731674e-19,0.000000e+00,4.731674e-19,-1.512166e-05,1.987834e-05,3.500000e-05,5.314633e-19,7.971950e-19
2.014000e-10,3.887718e+02,2.724389e-05,0.000000e+00,2.556624e+01,7.774540e-18,1.512166e-05,2.550972e+01,1.753829e-17,1.987834e-05,0.000000e+00,3.500000e-05,2.724389e-05,0.000000e+00,4.720886e-19,0.000000e+00,4.720886e-19,-1.512166e-05,1.987834e-05,3.500000e-05,0.000000e+00,7.971950e-19
2.015000e-10,3.887950e+02,1.256123e-04,0.000000e+00,2.556624e+01,6.166451e-18,1.512166e-05,2.550972e+01,1.753829e-17,1.987834e-05,0.000000e+00,3.500000e-05,1.256123e-04,0.000000e+00,4.714413e-19,0.000000e+00,4.714413e-19,-1.512166e-05,1.987834e-05,3.500000e-05,0.000000e+00,7.971950e-19
2.016000e-10,3.888471e+02,2.191450e-04,0.000000e+00,2.556624e+01,4.836928e-18,1.512166e-05,2.550972e+01,1.753829e-17,1.987834e-05,0.000000e+00,3.500000e-05,2.191450e-04,0.000000e+00,4.710098e-19,0.000000e+00,4.710098e-19,-1.512166e-05,1.987834e-05,3.500000e-05,0.000000e+00,7.971950e-19
2.017000e-10,3.889262e+02,3.046290e-04,0.000000e+00,2.556624e+01,3.716331e-18,1.512166e-05,2.550972e+01,1.753829e-17,1.987834e-05,0.000000e+00,3.500000e-05,3.046290e-04,0.000000e+00,4.705782e-19,0.000000e+00,4.705782e-19,-1.512166e-05,1.987834e-05,3.500000e-05,0.000000e+00,7.971950e-19
2.018000e-10,3.890293e+02,3.787446e-04,0.000000e+00,2.556624e+01,2.773004e-18,1.512166e-05,2.550972e+01,1.753829e-17,1.987834e-05,0.000000e+00,3.500000e-05,3.787446e-04,0.000000e+00,4.699310e-19,0.000000e+00,4.699310e-19,-1.512166e-05,1.987834e-05,3.500000e-05,0.000000e+00,7.971950e-19
2.019000e-10,3.891524e+02,4.382139e-04,0.000000e+00,2.556624e+01,1.975290e-18,1.512166e-05,2.550972e+01,1.753829e-17,1.987834e-05,0.000000e+00,3.500000e-05,4.382139e-04,0.000000e+00,4.697152e-19,0.000000e+00,4.697152e-19,-1.512166e-05,1.987834e-05,3.500000e-05,0.000000e+00,7.971950e-19
2.020000e-10,3.892907e+02,4.800947e-04,0.000000e+00,2.556624e+01,1.304198e-18,1.512166e-05,2.550972e+01,1.753829e-17,1.987834e-05,0.000000e+00,3.500000e-05,4.800947e-04,0.000000e+00,4.694994e-19,0.000000e+00,4.694994e-19,-1.512166e-05,1.987834e-05,3.500000e-05,0.000000e+00,7.971950e-19
2.021000e-10,3.894385e+02,5.021568e-04,0.000000e+00,2.556624e+01,7.280717e-19,1.512166e-05,2.550972e+01,1.753829e-17,1.987834e-05,0.000000e+00,3.500000e-05,5.021568e-04,0.000000e+00,4.692837e-19,0.000000e+00,4.692837e-19,-1.512166e-05,1.987834e-05,3.500000e-05,0.000000e+00,7.971950e-19
2.022000e-10,3.895897e+02,5.032298e-04,0.000000e+00,2.556624e+01,2.405802e-19,1.512166e-05,2.550972e+01,1.753829e-17,1.987834e-05,0.000000e+00,3.500000e-05,5.032298e-04,0.000000e+00,4.688521e-19,0.000000e+00,4.688521e-19,-1.512166e-05,1.987834e-05,3.500000e-05,0.000000e+00,7.971950e-19
2.023000e-10,3.897381e+02,4.834072e-04,0.000000e+00,2.556624e+01,-1.709386e-19,1.512166e-05,2.550972e+01,1.753829e-17,1.987834e-05,0.000000e+00,3.500000e-05,4.834072e-04,0.000000e+00,4.688521e-19,0.000000e+00,4.688521e-19,-1.512166e-05,1.987834e-05,3.500000e-05,0.000000e+00,7.971950e-19
2.024000e-10,3.898775e+02,4.440333e-04,0.000000e+00,2.556624e+01,-5.191468e-19,1.512166e-05,2.550972e+01,1.753829e-17,1.987834e-05,0.000000e+00,3.500000e-05,4.440333e-04,0.000000e+00,4.686364e-19,0.000000e+00,4.686364e-19,-1.512166e-05,1.987834e-05,3.500000e-05,0.000000e+00,7.971950e-19
2.025000e-10,3.900024e+02,3.874831e-04,0.000000e+00,2.556624e+01,-8.167065e-19,1.512166e-05,2.550972e+01,1.753829e-17,1.987834e-05,0.000000e+00,3.500000e-05,3.874831e-04,0.000000e+00,4.684206e-19,0.000000e+00,4.684206e-19,-1.512166e-05,1.987834e-05,3.500000e-05,0.000000e+00,7.971950e-19
2.026000e-10,3.901083e+02,3.168148e-04,0.000000e+00,2.556624e+01,-1.063618e-18,1.512166e-05,2.550972e+01,1.753829e-17,1.987834e-05,0.000000e+00,3.500000e-05,3.168148e-04,0.000000e+00,4.684206e-19,0.000000e+00,4.684206e-19,-1.512166e-05,1.987834e-05,3.500000e-05,0.000000e+00,7.971950e-19
2.027000e-10,3.901912e+02,2.354051e-04,0.000000e+00,2.556624e+01,-1.272543e-18,1.512166e-05,2.550972e+01,1.753829e-17,1.987834e-05,0.000000e+00,3.500000e-05,2.354051e-04,0.000000e+00,4.684206e-19,0.000000e+00,4.684206e-19,-1.512166e-05,1.987834e-05,3.500000e-05,0.000000e+00,7.971950e-19
2.028000e-10,3.902486e+02,1.466639e-04,0.000000e+00,2.556624e+01,-1.456143e-18,1.512166e-05,2.550972e+01,1.753829e-17,1.987834e-05,0.000000e+00,3.500000e-05,1.466639e-04,0.000000e+00,4.682049e-19,0.000000e+00,4.682049e-19,-1.512166e-05,1.987834e-05,3.500000e-05,0.000000e+00,7.971950e-19
2.029000e-10,3.902786e+02,5.387850e-05,0.000000e+00,2.556624e+01,-1.608089e-18,1.512166e-05,2.550972e+01,1.753829e-17,1.987834e-05,0.000000e+00,3.500000e-05,5.387850e-05,0.000000e+00,4.679891e-19,0.000000e+00,4.679891e-19,-1.512166e-05,1.987834e-05,3.500000e-05,0.000000e+00,7.971950e-19
2.030000e-10,3.902806e+02,-3.981486e-05,0.000000e+00,2.556624e+01,-1.734710e-18,1.512166e-05,2.550972e+01,1.753829e-17,1.987834e-05,0.000000e+00,3.500000e-05,-3.981486e-05,0.000000e+00,4.679891e-19,0.000000e+00,4.679891e-19,-1.512166e-05,1.987834e-05,3.500000e-05,0.000000e+00,7.971950e-19
2.031000e-10,3.902546e+02,-1.313687e-04,0.000000e+00,2.556624e+01,-1.842338e-18,1.512166e-05,2.550972e+01,1.753829e-17,1.987834e-05,0.000000e+00,3.500000e-05,-1.313687e-04,0.000000e+00,4.679891e-19,0.000000e+00,4.679891e-19,-1.512166e-05,1.987834e-05,3.500000e-05,0.000000e+00,7.971950e-19
2.032000e-10,3.902018e+02,-2.177343e-04,0.000000e+00,2.556624e+01,-1.937304e-18,1.512166e-05,2.550972e+01,1.753829e-17,1.987834e-05,0.000000e+00,3.500000e-05,-2.177343e-04,0.000000e+00,4.679891e-19,0.000000e+00,4.679891e-19,-1.512166e-05,1.987834e-05,3.500000e-05,0.000000e+00,7.971950e-19
2.033000e-10,3.901243e+02,-2.958090e-04,0.000000e+00,2.556624e+01,-2.019608e-18,1.512166e-05,2.550972e+01,1.753829e-17,1.987834e-05,0.000000e+00,3.500000e-05,-2.958090e-04,0.000000e+00,4.679891e-19,0.000000e+00,4.679891e-19,-1.512166e-05,1.987834e-05,3.500000e-05,0.000000e+00,7.971950e-19
2.034000e-10,3.900251e+02,-3.624772e-04,0.000000e+00,2.556624e+01,-2.095580e-18,1.512166e-05,2.550972e+01,1.753829e-17,1.987834e-05,0.000000e+00,3.500000e-05,-3.624772e-04,0.000000e+00,4.677733e-19,0.000000e+00,4.677733e-19,-1.512166e-05,1.987834e-05,3.500000e-05,0.000000e+00,7.971950e-19
2.035000e-10,3.899080e+02,-4.147727e-04,0.000000e+00,2.556624e+01,-2.152560e-18,1.512166e-05,2.550972e+01,1.753829e-17,1.987834e-05,0.000000e+00,3.500000e-05,-4.147727e-04,0.000000e+00,4.677733e-19,0.000000e+00,4.677733e-19,-1.512166e-05,1.987834e-05,3.500000e-05,0.000000e+00,7.971950e-19
2.036000e-10,3.897777e+02,-4.501483e-04,0.000000e+00,2.556624e+01,-2.196877e-18,1.512166e-05,2.550972e+01,1.753829e-17,1.987834e-05,0.000000e+00,3.500000e-05,-4.501483e-04,0.000000e+00,4.677733e-19,0.000000e+00,4.677733e-19,-1.512166e-05,1.987834e-05,3.500000e-05,0.000000e+00,7.971950e-19
2.037000e-10,3.896398e+02,-4.667915e-04,0.000000e+00,2.556624e+01,-2.241195e-18,1.512166e-05,2.550972e+01,1.753829e-17,1.987834e-05,0.000000e+00,3.500000e-05,-4.667915e-04,0.000000e+00,4.677733e-19,0.000000e+00,4.677733e-19,-1.512166e-05,1.987834e-05,3.500000e-05,0.000000e+00,7.971950e-19
2.038000e-10,3.894998e+02,-4.638919e-04,0.000000e+00,2.556624e+01,-2.279181e-18,1.512166e-05,2.550972e+01,1.753829e-17,1.987834e-05,0.000000e+00,3.500000e-05,-4.638919e-04,0.000000e+00,4.677733e-19,0.000000e+00,4.677733e-19,-1.512166e-05,1.987834e-05,3.500000e-05,0.000000e+00,7.971950e-19
2.039000e-10,3.893637e+02,-4.417733e-04,0.000000e+00,2.556624e+01,-2.310836e-18,1.512166e-05,2.550972e+01,1.753829e-17,1.987834e-05,0.000000e+00,3.500000e-05,-4.417733e-04,0.000000e+00,4.677733e-19,0.000000e+00,4.677733e-19,-1.512166e-05,1.987834e-05,3.500000e-05,0.000000e+00,7.971950e-19
2.040000e-10,3.892369e+02,-4.018452e-04,0.000000e+00,2.556624e+01,-2.336160e-18,1.512166e-05,2.550972e+01,1.753829e-17,1.987834e-05,0.000000e+00,3.500000e-05,-4.018452e-04,0.000000e+00,4.677733e-19,0.000000e+00,4.677733e-19,-1.512166e-05,1.987834e-05,3.500000e-05,0.000000e+00,7.971950e-19
2.041000e-10,3.891245e+02,-3.463938e-04,0.000000e+00,2.556624e+01,-2.355154e-18,1.512166e-05,2.550972e+01,1.753829e-17,1.987834e-05,0.000000e+00,3.500000e-05,-3.463938e-04,0.000000e+00,4.677733e-19,0.000000e+00,4.677733e-19,-1.512166e-05,1.987834e-05,3.500000e-05,0.000000e+00,7.971950e-19
2.042000e-10,3.890306e+02,-2.782825e-04,0.000000e+00,2.556624e+01,-2.374147e-18,1.512166e-05,2.550972e+01,1.753829e-17,1.987834e-05,0.000000e+00,3.500000e-05,-2.782825e-04,0.000000e+00,4.677733e-19,0.000000e+00,4.677733e-19,-1.512166e-05,1.987834e-05,3.500000e-05,0.000000e+00,7.971950e-19
2.043000e-10,3.889587e+02,-2.006518e-04,0.000000e+00,2.556624e+01,-2.386809e-18,1.512166e-05,2.550972e+01,1.753829e-17,1.987834e-05,0.000000e+00,3.500000e-05,-2.006518e-04,0.000000e+00,4.677733e-19,0.000000e+00,4.677733e-19,-1.512166e-05,1.987834e-05,3.500000e-05,0.000000e+00,7.971950e-19
2.044000e-10,3.889111e+02,-1.166910e-04,0.000000e+00,2.556624e+01,-2.393140e-18,1.512166e-05,2.550972e+01,1.753829e-17,1.987834e-05,0.000000e+00,3.500000e-05,-1.166910e-04,0.000000e+00,4.677733e-19,0.000000e+00,4.677733e-19,-1.512166e-05,1.987834e-05,3.500000e-05,0.000000e+00,7.971950e-19
2.045000e-10,3.888892e+02,-2.951510e-05,0.000000e+00,2.556624e+01,-2.399471e-18,1.512166e-05,2.550972e+01,1.753829e-17,1.987834e-05,0.000000e+00,3.500000e-05,-2.951510e-05,0.000000e+00,4.677733e-19,0.000000e+00,4.677733e-19,-1.512166e-05,1.987834e-05,3.500000e-05,0.000000e+00,7.971950e-19
2.046000e-10,3.888937e+02,5.785793e-05,0.000000e+00,2.556624e+01,-2.405802e-18,1.512166e-05,2.550972e+01,1.753829e-17,1.987834e-05,0.000000e+00,3.500000e-05,5.785793e-05,0.000000e+00,4.677733e-19,0.000000e+00,4.677733e-19,-1.512166e-05,1.987834e-05,3.500000e-05,0.000000e+00,7.971950e-19
2.047000e-10,3.889240e+02,1.424676e-04,0.000000e+00,2.556624e+01,-2.418464e-18,1.512166e-05,2.550972e+01,1.753829e-17,1.987834e-05,0.000000e+00,3.500000e-05,1.424676e-04,0.000000e+00,4.677733e-19,0.000000e+00,4.677733e-19,-1.512166e-05,1.987834e-05,3.500000e-05,0.000000e+00,7.971950e-19
2.048000e-10,3.889789e+02,2.213598e-04,0.000000e+00,2.556624e+01,-2.431126e-18,1.512166e-05,2.550972e+01,1.753829e-17,1.987834e-05,0.000000e+00,3.500000e-05,2.213598e-04,0.000000e+00,4.677733e-19,0.000000e+00,4.677733e-19,-1.512166e-05,1.987834e-05,3.500000e-05,0.000000e+00,7.971950e-19
2.049000e-10,3.890563e+02,2.915798e-04,0.000000e+00,2.556624e+01,-2.437457e-18,1.512166e-05,2.550972e+01,1.753829e-17,1.987834e-05,0.000000e+00,3.500000e-05,2.915798e-04,0.000000e+00,4.677733e-19,0.000000e+00,4.677733e-19,-1.512166e-05,1.987834e-05,3.500000e-05,0.000000e+00,7.971950e-19
2.050000e-10,3.891531e+02,3.502482e-04,0.000000e+00,2.556624e+01,-2.443788e-18,1.512166e-05,2.550972e+01,1.753829e-17,1.987834e-05,0.000000e+00,3.500000e-05,3.502482e-04,0.000000e+00,4.677733e-19,0.000000e+00,4.677733e-19,-1.512166e-05,1.987834e-05,3.500000e-05,0.000000e+00,7.971950e-19
2.051000e-10,3.892653e+02,3.947344e-04,0.000000e+00,2.556624e+01,-2.450120e-18,1.512166e-05,2.550972e+01,1.753829e-17,1.987834e-05,0.000000e+00,3.500000e-05,3.947344e-04,0.000000e+00,4.677733e-19,0.000000e+00,4.677733e-19,-1.512166e-05,1.987834e-05,3.500000e-05,0.000000e+00,7.971950e-19
2.052000e-10,3.893884e+02,4.229021e-04,0.000000e+00,2.556624e+01,-2.456451e-18,1.512166e-05,2.550972e+01,1.753829e-17,1.987834e-05,0.000000e+00,3.500000e-05,4.229021e-04,0.000000e+00,4.677733e-19,0.000000e+00,4.677733e-19,-1.512166e-05,1.987834e-05,3.500000e-05,0.000000e+00,7.971950e-19
2.053000e-10,3.895172e+02,4.333676e-04,0.000000e+00,2.556624e+01,-2.462782e-18,1.512166e-05,2.550972e+01,1.753829e-17,1.987834e-05,0.000000e+00,3.500000e-05,4.333676e-04,0.000000e+00,4.677733e-19,0.000000e+00,4.677733e-19,-1.512166e-05,1.987834e-05,3.500000e-05,0.000000e+00,7.971950e-19
2.054000e-10,3.896463e+02,4.256938e-04,0.000000e+00,2.556624e+01,-2.469113e-18,1.512166e-05,2.550972e+01,1.753829e-17,1.987834e-05,0.000000e+00,3.500000e-05,4.256938e-04,0.000000e+00,4.677733e-19,0.000000e+00,4.677733e-19,-1.512166e-05,1.987834e-05,3.500000e-05,0.000000e+00,7.971950e-19
2.055000e-10,3.897705e+02,4.004578e-04,0.000000e+00,2.556624e+01,-2.475444e-18,1.512166e-05,2.550972e+01,1.753829e-17,1.987834e-05,0.000000e+00,3.500000e-05,4.004578e-04,0.000000e+00,4.677733e-19,0.000000e+00,4.677733e-19,-1.512166e-05,1.987834e-05,3.500000e-05,0.000000e+00,7.971950e-19
2.056000e-10,3.898847e+02,3.591693e-04,0.000000e+00,2.556624e+01,-2.475444e-18,1.512166e-05,2.550972e+01,1.753829e-17,1.987834e-05,0.000000e+00,3.500000e-05,3.591693e-04,0.000000e+00,4.677733e-19,0.000000e+00,4.677733e-19,-1.512166e-05,1.987834e-05,3.500000e-05,0.000000e+00,7.971950e-19
2.057000e-10,3.899843e+02,3.040693e-04,0.000000e+00,2.556624e+01,-2.475444e-18,1.512166e-05,2.550972e+01,1.753829e-17,1.987834e-05,0.000000e+00,3.500000e-05,3.040693e-04,0.000000e+00,4.677733e-19,0.000000e+00,4.677733e-19,-1.512166e-05,1.987834e-05,3.500000e-05,0.000000e+00,7.971950e-19
2.058000e-10,3.900657e+02,2.378718e-04,0.000000e+00,2.556624e+01,-2.475444e-18,1.512166e-05,2.550972e+01,1.753829e-17,1.987834e-05,0.000000e+00,3.500000e-05,2.378718e-04,0.000000e+00,4.677733e-19,0.000000e+00,4.677733e-19,-1.512166e-05,1.987834e-05,3.500000e-05,0.000000e+00,7.971950e-19
2.059000e-10,3.901260e+02,1.635196e-04,0.000000e+00,2.556624e+01,-2.475444e-18,1.512166e-05,2.550972e+01,1.753829e-17,1.987834e-05,0.000000e+00,3.500000e-05,1.635196e-04,0.000000e+00,4.677733e-19,0.000000e+00,4.677733e-19,-1.512166e-05,1.987834e-05,3.500000e-05,0.000000e+00,7.971950e-19
2.060000e-10,3.901631e+02,8.400575e-05,0.000000e+00,2.556624e+01,-2.475444e-18,1.512166e-05,2.550972e+01,1.753829e-17,1.987834e-05,0.000000e+00,3.500000e-05,8.400575e-05,0.000000e+00,4.677733e-19,0.000000e+00,4.677733e-19,-1.512166e-05,1.987834e-05,3.500000e-05,0.000000e+00,7.971950e-19
2.061000e-10,3.901759e+02,2.280709e-06,0.000000e+00,2.556624e+01,-2.475444e-18,1.512166e-05,2.550972e+01,1.753829e-17,1.987834e-05,0.000000e+00,3.500000e-05,2.280709e-06,0.000000e+00,4.677733e-19,0.000000e+00,4.677733e-19,-1.512166e-05,1.987834e-05,3.500000e-05,0.000000e+00,7.971950e-19
2.062000e-10,3.901642e+02,-7.876646e-05,0.000000e+00,2.556624e+01,-2.475444e-18,1.512166e-05,2.550972e+01,1.753829e-17,1.987834e-05,0.000000e+00,3.500000e-05,-7.876646e-05,0.000000e+00,4.677733e-19,0.000000e+00,4.677733e-19,-1.512166e-05,1.987834e-05,3.500000e-05,0.000000e+00,7.971950e-19
2.063000e-10,3.901287e+02,-1.562874e-04,0.000000e+00,2.556624e+01,-2.475444e-18,1.512166e-05,2.550972e+01,1.753829e-17,1.987834e-05,0.000000e+00,3.500000e-05,-1.562874e-04,0.000000e+00,4.677733e-19,0.000000e+00,4.677733e-19,-1.512166e-05,1.987834e-05,3.500000e-05,0.000000e+00,7.971950e-19
2.064000e-10,3.900707e+02,-2.274591e-04,0.000000e+00,2.556624e+01,-2.475444e-18,1.512166e-05,2.550972e+01,1.753829e-17,1.987834e-05,0.000000e+00,3.500000e-05,-2.274591e-04,0.000000e+00,4.677733e-19,0.000000e+00,4.677733e-19,-1.512166e-05,1.987834e-05,3.500000e-05,0.000000e+00,7.971950e-19
2.065000e-10,3.899928e+02,-2.895149e-04,0.000000e+00,2.556624e+01,-2.475444e-18,1.512166e-05,2.550972e+01,1.753829e-17,1.987834e-05,0.000000e+00,3.500000e-05,-2.895149e-04,0.000000e+00,4.677733e-19,0.000000e+00,4.677733e-19,-1.512166e-05,1.987834e-05,3.500000e-05,0.000000e+00,7.971950e-19
2.066000e-10,3.898979e+02,-3.398488e-04,0.000000e+00,2.556624e+01,-2.475444e-18,1.512166e-05,2.550972e+01,1.753829e-17,1.987834e-05,0.000000e+00,3.500000e-05,-3.398488e-04,0.000000e+00,4.677733e-19,0.000000e+00,4.677733e-19,-1.512166e-05,1.987834e-05,3.500000e-05,0.000000e+00,7.971950e-19
2.067000e-10,3.897901e+02,-3.761922e-04,0.000000e+00,2.556624e+01,-2.475444e-18,1.512166e-05,2.550972e+01,1.753829e-17,1.987834e-05,0.000000e+00,3.500000e-05,-3.761922e-04,0.000000e+00,4.677733e-19,0.000000e+00,4.677733e-19,-1.512166e-05,1.987834e-05,3.500000e-05,0.000000e+00,7.971950e-19
2.068000e-10,3.896738e+02,-3.968309e-04,0.000000e+00,2.556624e+01,-2.475444e-18,1.512166e-05,2.550972e+01,1.753829e-17,1.987834e-05,0.000000e+00,3.500000e-05,-3.968309e-04,0.000000e+00,4.677733e-19,0.000000e+00,4.677733e-19,-1.512166e-05,1.987834e-05,3.500000e-05,0.000000e+00,7.971950e-19
2.069000e-10,3.895538e+02,-4.008077e-04,0.000000e+00,2.556624e+01,-2.475444e-18,1.512166e-05,2.550972e+01,1.753829e-17,1.987834e-05,0.000000e+00,3.500000e-05,-4.008077e-04,0.000000e+00,4.677733e-19,0.000000e+00,4.677733e-19,-1.512166e-05,1.987834e-05,3.500000e-05,0.000000e+00,7.971950e-19
2.070000e-10,3.894352e+02,-3.880496e-04,0.000000e+00,2.556624e+01,-2.475444e-18,1.512166e-05,2.550972e+01,1.753829e-17,1.987834e-05,0.000000e+00,3.500000e-05,-3.880496e-04,0.000000e+00,4.677733e-19,0.000000e+00,4.677733e-19,-1.512166e-05,1.987834e-05,3.500000e-05,0.000000e+00,7.971950e-19
2.071000e-10,3.893229e+02,-3.593804e-04,0.000000e+00,2.556624e+01,-2.475444e-18,1.512166e-05,2.550972e+01,1.753829e-17,1.987834e-05,0.000000e+00,3.500000e-05,-3.593804e-04,0.000000e+00,4.677733e-19,0.000000e+00,4.677733e-19,-1.512166e-05,1.987834e-05,3.500000e-05,0.000000e+00,7.971950e-19
2.072000e-10,3.892214e+02,-3.164139e-04,0.000000e+00,2.556624e+01,-2.475444e-18,1.512166e-05,2.550972e+01,1.753829e-17,1.987834e-05,0.000000e+00,3.500000e-05,-3.164139e-04,0.000000e+00,4.677733e-19,0.000000e+00,4.677733e-19,-1.512166e-05,1.987834e-05,3.500000e-05,0.000000e+00,7.971950e-19
2.073000e-10,3.891346e+02,-2.613628e-04,0.000000e+00,2.556624e+01,-2.475444e-18,1.512166e-05,2.550972e+01,1.753829e-17,1.987834e-05,0.000000e+00,3.500000e-05,-2.613628e-04,0.000000e+00,4.677733e-19,0.000000e+00,4.677733e-19,-1.512166e-05,1.987834e-05,3.500000e-05,0.000000e+00,7.971950e-19
2.074000e-10,3.890658e+02,-1.968178e-04,0.000000e+00,2.556624e+01,-2.475444e-18,1.512166e-05,2.550972e+01,1.753829e-17,1.987834e-05,0.000000e+00,3.500000e-05,-1.968178e-04,0.000000e+00,4.677733e-19,0.000000e+00,4.677733e-19,-1.512166e-05,1.987834e-05,3.500000e-05,0.000000e+00,7.971950e-19
2.075000e-10,3.890174e+02,-1.255521e-04,0.000000e+00,2.556624e+01,-2.475444e-18,1.512166e-05,2.550972e+01,1.753829e-17,1.987834e-05,0.000000e+00,3.500000e-05,-1.255521e-04,0.000000e+00,4.677733e-19,0.000000e+00,4.677733e-19,-1.512166e-05,1.987834e-05,3.500000e-05,0.000000e+00,7.971950e-19
2.076000e-10,3.889911e+02,-5.038403e-05,0.000000e+00,2.556624e+01,-2.475444e-18,1.512166e-05,2.550972e+01,1.753829e-17,1.987834e-05,0.000000e+00,3.500000e-05,-5.038403e-05,0.000000e+00,4.677733e-19,0.000000e+00,4.677733e-19,-1.512166e-05,1.987834e-05,3.500000e-05,0.000000e+00,7.971950e-19
2.077000e-10,3.889876e+02,2.589177e-05,0.000000e+00,2.556624e+01,-2.475444e-18,1.512166e-05,2.550972e+01,1.753829e-17,1.987834e-05,0.000000e+00,3.500000e-05,2.589177e-05,0.000000e+00,4.677733e-19,0.000000e+00,4.677733e-19,-1.512166e-05,1.987834e-05,3.500000e-05,0.000000e+00,7.971950e-19
2.078000e-10,3.890067e+02,1.005224e-04,0.000000e+00,2.556624e+01,-2.475444e-18,1.512166e-05,2.550972e+01,1.753829e-17,1.987834e-05,0.000000e+00,3.500000e-05,1.005224e-04,0.000000e+00,4.677733e-19,0.000000e+00,4.677733e-19,-1.512166e-05,1.987834e-05,3.500000e-05,0.000000e+00,7.971950e-19
2.079000e-10,3.890477e+02,1.707951e-04,0.000000e+00,2.556624e+01,-2.475444e-18,1.512166e-05,2.550972e+01,1.753829e-17,1.987834e-05,0.000000e+00,3.500000e-05,1.707951e-04,0.000000e+00,4.677733e-19,0.000000e+00,4.677733e-19,-1.512166e-05,1.987834e-05,3.500000e-05,0.000000e+00,7.971950e-19
2.080000e-10,3.891088e+02,2.340534e-04,0.000000e+00,2.556624e+01,-2.475444e-18,1.512166e-05,2.550972e+01,1.753829e-17,1.987834e-05,0.000000e+00,3.500000e-05,2.340534e-04,0.000000e+00,4.677733e-19,0.000000e+00,4.677733e-19,-1.512166e-05,1.987834e-05,3.500000e-05,0.000000e+00,7.971950e-19
2.081000e-10,3.891875e+02,2.877593e-04,0.000000e+00,2.556624e+01,-2.475444e-18,1.512166e-05,2.550972e+01,1.753829e-17,1.987834e-05,0.000000e+00,3.500000e-05,2.877593e-04,0.000000e+00,4.677733e-19,0.000000e+00,4.677733e-19,-1.512166e-05,1.987834e-05,3.500000e-05,0.000000e+00,7.971950e-19
2.082000e-10,3.892805e+02,3.296160e-04,0.000000e+00,2.556624e+01,-2.475444e-18,1.512166e-05,2.550972e+01,1.753829e-17,1.987834e-05,0.000000e+00,3.500000e-05,3.296160e-04,0.000000e+00,4.677733e-19,0.000000e+00,4.677733e-19,-1.512166e-05,1.987834e-05,3.500000e-05,0.000000e+00,7.971950e-19
2.083000e-10,3.893839e+02,3.577383e-04,0.000000e+00,2.556624e+01,-2.475444e-18,1.512166e-05,2.550972e+01,1.753829e-17,1.987834e-05,0.000000e+00,3.500000e-05,3.577383e-04,0.000000e+00,4.677733e-19,0.000000e+00,4.677733e-19,-1.512166e-05,1.987834e-05,3.500000e-05,0.000000e+00,7.971950e-19
2.084000e-10,3.894935e+02,3.708357e-04,0.000000e+00,2.556624e+01,-2.475444e-18,1.512166e-05,2.550972e+01,1.753829e-17,1.987834e-05,0.000000e+00,3.500000e-05,3.708357e-04,0.000000e+00,4.677733e-19,0.000000e+00,4.677733e-19,-1.512166e-05,1.987834e-05,3.500000e-05,0.000000e+00,7.971950e-19
2.085000e-10,3.896047e+02,3.683610e-04,0.000000e+00,2.556624e+01,-2.475444e-18,1.512166e-05,2.550972e+01,1.753829e-17,1.987834e-05,0.000000e+00,3.500000e-05,3.683610e-04,0.000000e+00,4.677733e-19,0.000000e+00,4.677733e-19,-1.512166e-05,1.987834e-05,3.500000e-05,0.000000e+00,7.971950e-19
2.086000e-10,3.897127e+02,3.505789e-04,0.000000e+00,2.556624e+01,-2.475444e-18,1.512166e-05,2.550972e+01,1.753829e-17,1.987834e-05,0.000000e+00,3.500000e-05,3.505789e-04,0.000000e+00,4.677733e-19,0.000000e+00,4.677733e-19,-1.512166e-05,1.987834e-05,3.500000e-05,0.000000e+00,7.971950e-19
2.087000e-10,3.898133e+02,3.185347e-04,0.000000e+00,2.556624e+01,-2.475444e-18,1.512166e-05,2.550972e+01,1.753829e-17,1.987834e-05,0.000000e+00,3.500000e-05,3.185347e-04,0.000000e+00,4.677733e-19,0.000000e+00,4.677733e-19,-1.512166e-05,1.987834e-05,3.500000e-05,0.000000e+00,7.971950e-19
2.088000e-10,3.899023e+02,2.739319e-04,0.000000e+00,2.556624e+01,-2.475444e-18,1.512166e-05,2.550972e+01,1.753829e-17,1.987834e-05,0.000000e+00,3.500000e-05,2.739319e-04,0.000000e+00,4.677733e-19,0.000000e+00,4.677733e-19,-1.512166e-05,1.987834e-05,3.500000e-05,0.000000e+00,7.971950e-19
2.089000e-10,3.899763e+02,2.189560e-04,0.000000e+00,2.556624e+01,-2.475444e-18,1.512166e-05,2.550972e+01,1.753829e-17,1.987834e-05,0.000000e+00,3.500000e-05,2.189560e-04,0.000000e+00,4.677733e-19,0.000000e+00,4.677733e-19,-1.512166e-05,1.987834e-05,3.500000e-05,0.000000e+00,7.971950e-19
2.090000e-10,3.900326e+02,1.560885e-04,0.000000e+00,2.556624e+01,-2.475444e-18,1.512166e-05,2.550972e+01,1.753829e-17,1.987834e-05,0.000000e+00,3.500000e-05,1.560885e-04,0.000000e+00,4.677733e-19,0.000000e+00,4.677733e-19,-1.512166e-05,1.987834e-05,3.500000e-05,0.000000e+00,7.971950e-19
2.091000e-10,3.900692e+02,8.795201e-05,0.000000e+00,2.556624e+01,-2.475444e-18,1.512166e-05,2.550972e+01,1.753829e-17,1.987834e-05,0.000000e+00,3.500000e-05,8.795201e-05,0.000000e+00,4.677733e-19,0.000000e+00,4.677733e-19,-1.512166e-05,1.987834e-05,3.500000e-05,0.000000e+00,7.971950e-19
2.092000e-10,3.900849e+02,1.720679e-05,0.000000e+00,2.556624e+01,-2.475444e-18,1.512166e-05,2.550972e+01,1.753829e-17,1.987834e-05,0.000000e+00,3.500000e-05,1.720679e-05,0.000000e+00,4.677733e-19,0.000000e+00,4.677733e-19,-1.512166e-05,1.987834e-05,3.500000e-05,0.000000e+00,7.971950e-19
2.093000e-10,3.900793e+02,-5.350255e-05,0.000000e+00,2.556624e+01,-2.475444e-18,1.512166e-05,2.550972e+01,1.753829e-17,1.987834e-05,0.000000e+00,3.500000e-05,-5.350255e-05,0.000000e+00,4.677733e-19,0.000000e+00,4.677733e-19,-1.512166e-05,1.987834e-05,3.500000e-05,0.000000e+00,7.971950e-19
2.094000e-10,3.900528e+02,-1.215685e-04,0.000000e+00,2.556624e+01,-2.475444e-18,1.512166e-05,2.550972e+01,1.753829e-17,1.987834e-05,0.000000e+00,3.500000e-05,-1.215685e-04,0.000000e+00,4.677733e-19,0.000000e+00,4.677733e-19,-1.512166e-05,1.987834e-05,3.500000e-05,0.000000e+00,7.971950e-19
2.095000e-10,3.900066e+02,-1.844387e-04,0.000000e+00,2.556624e+01,-2.475444e-18,1.512166e-05,2.550972e+01,1.753829e-17,1.987834e-05,0.000000e+00,3.500000e-05,-1.844387e-04,0.000000e+00,4.677733e-19,0.000000e+00,4.677733e-19,-1.512166e-05,1.987834e-05,3.500000e-05,0.000000e+00,7.971950e-19
2.096000e-10,3.899426e+02,-2.396583e-04,0.000000e+00,2.556624e+01,-2.475444e-18,1.512166e-05,2.550972e+01,1.753829e-17,1.987834e-05,0.000000e+00,3.500000e-05,-2.396583e-04,0.000000e+00,4.677733e-19,0.000000e+00,4.677733e-19,-1.512166e-05,1.987834e-05,3.500000e-05,0.000000e+00,7.971950e-19
2.097000e-10,3.898636e+02,-2.849558e-04,0.000000e+00,2.556624e+01,-2.475444e-18,1.512166e-05,2.550972e+01,1.753829e-17,1.987834e-05,0.000000e+00,3.500000e-05,-2.849558e-04,0.000000e+00,4.677733e-19,0.000000e+00,4.677733e-19,-1.512166e-05,1.987834e-05,3.500000e-05,0.000000e+00,7.971950e-19
2.098000e-10,3.897728e+02,-3.183727e-04,0.000000e+00,2.556624e+01,-2.475444e-18,1.512166e-05,2.550972e+01,1.753829e-17,1.987834e-05,0.000000e+00,3.500000e-05,-3.183727e-04,0.000000e+00,4.677733e-19,0.000000e+00,4.677733e-19,-1.512166e-05,1.987834e-05,3.500000e-05,0.000000e+00,7.971950e-19
2.099000e-10,3.896739e+02,-3.384183e-04,0.000000e+00,2.556624e+01,-2.475444e-18,1.512166e-05,2.550972e+01,1.753829e-17,1.987834e-05,0.000000e+00,3.500000e-05,-3.384183e-04,0.000000e+00,4.677733e-19,0.000000e+00,4.677733e-19,-1.512166e-05,1.987834e-05,3.500000e-05,0.000000e+00,7.971950e-19
2.100000e-10,3.895712e+02,-3.442156e-04,0.000000e+00,2.556624e+01,-2.475444e-18,1.512166e-05,2.550972e+01,1.753829e-17,1.987834e-05,0.000000e+00,3.500000e-05,-3.442156e-04,0.000000e+00,4.677733e-19,0.000000e+00,4.677733e-19,-1.512166e-05,1.987834e-05,3.500000e-05,0.000000e+00,7.971950e-19
2.101000e-10,3.894717e+02,-3.226462e-04,6.840000e-06,2.556954e+01,1.632584e-05,2.132956e-05,2.550977e+01,2.115647e-07,1.999901e-05,6.840000e-06,3.500000e-05,-2.242404e-04,7.088784e-08,7.088784e-09,6.840000e-06,7.088784e-09,-1.498428e-05,2.001572e-05,3.500000e-05,4.947224e-07,9.616580e-09
2.102000e-10,3.893836e+02,-2.709949e-04,1.368000e-05,2.558095e+01,5.087832e-05,2.665286e-05,2.551002e+01,1.158792e-06,2.038759e-05,1.368000e-05,3.500000e-05,-1.653966e-04,4.511178e-07,4.511178e-08,1.368000e-05,4.511178e-08,-1.451462e-05,2.048538e-05,3.500000e-05,1.541767e-06,5.267236e-08
2.103000e-10,3.893156e+02,-1.904889e-04,2.052000e-05,2.560513e+01,1.005853e-04,3.100330e-05,2.551083e+01,3.609812e-06,2.114520e-05,2.052000e-05,3.500000e-05,-3.518354e-05,1.593760e-06,1.593760e-07,2.052000e-05,1.593760e-07,-1.353134e-05,2.146866e-05,3.500000e-05,3.048041e-06,1.640824e-07
2.104000e-10,3.892759e+02,-8.436347e-05,2.736000e-05,2.564571e+01,1.605163e-04,3.440264e-05,2.551280e+01,8.401216e-06,2.229856e-05,2.736000e-05,3.500000e-05,1.308729e-04,4.127958e-06,4.127958e-07,2.736000e-05,4.127958e-07,-1.190677e-05,2.309323e-05,3.500000e-05,4.864131e-06,3.818735e-07
2.105000e-10,3.892713e+02,4.293590e-05,3.420000e-05,2.570488e+01,2.253454e-04,3.695394e-05,2.551675e+01,1.623846e-05,2.380456e-05,3.420000e-05,3.500000e-05,3.230013e-04,8.747451e-06,8.747451e-07,3.420000e-05,8.747451e-07,-9.582584e-06,2.541742e-05,3.500000e-05,6.828648e-06,7.381119e-07
2.106000e-10,3.893075e+02,1.860910e-04,4.104000e-05,2.578339e+01,2.901899e-04,3.881505e-05,2.552364e+01,2.753585e-05,2.557302e-05,4.104000e-05,3.500000e-05,5.310009e-04,1.606666e-05,1.606666e-06,4.104000e-05,1.606666e-06,-6.568689e-06,2.843131e-05,3.500000e-05,8.793635e-06,1.251629e-06
2.107000e-10,3.893883e+02,3.390672e-04,4.788000e-05,2.588069e+01,3.511552e-04,4.017022e-05,2.553452e+01,4.233105e-05,2.749566e-05,4.788000e-05,3.500000e-05,7.449423e-04,2.648919e-05,2.648919e-06,4.788000e-05,2.648919e-06,-2.931286e-06,3.206871e-05,3.500000e-05,1.064107e-05,1.924139e-06
2.108000e-10,3.895155e+02,4.953046e-04,5.472000e-05,2.599530e+01,4.056696e-04,4.120133e-05,2.555035e+01,6.028326e-05,2.947325e-05,5.472000e-05,3.500000e-05,9.556942e-04,4.012249e-05,4.012249e-06,5.472000e-05,4.012249e-06,1.225652e-06,3.622565e-05,3.500000e-05,1.229302e-05,2.740148e-06
2.109000e-10,3.896892e+02,6.481771e-04,6.156000e-05,2.612519e+01,4.526279e-04,4.206234e-05,2.557199e+01,8.074470e-05,3.143591e-05,6.156000e-05,3.500000e-05,1.155525e-03,5.675530e-05,5.675530e-06,6.156000e-05,5.675530e-06,5.781658e-06,4.078166e-05,3.500000e-05,1.371600e-05,3.670214e-06
2.110000e-10,3.899075e+02,7.919092e-04,6.840000e-05,2.626822e+01,4.923513e-04,4.285967e-05,2.560004e+01,1.028834e-04,3.335430e-05,6.840000e-05,3.500000e-05,1.338980e-03,7.589777e-05,7.589777e-06,6.840000e-05,7.589777e-06,1.062060e-05,4.562060e-05,3.500000e-05,1.491974e-05,4.676518e-06
2.111000e-10,3.901647e+02,9.100178e-04,6.840000e-05,2.641923e+01,5.100698e-04,3.743226e-05,2.563484e+01,1.256184e-04,3.512113e-05,6.840000e-05,3.500000e-05,1.392728e-03,9.680023e-05,9.680023e-06,6.840000e-05,9.680023e-06,1.551108e-05,5.051108e-05,3.500000e-05,1.545666e-05,5.709928e-06
2.112000e-10,3.904528e+02,9.992087e-04,6.840000e-05,2.657196e+01,5.055307e-04,3.288867e-05,2.567635e+01,1.476514e-04,3.663364e-05,6.840000e-05,3.500000e-05,1.504739e-03,1.184716e-04,1.184716e-05,6.840000e-05,1.184716e-05,2.019222e-05,5.519222e-05,3.500000e-05,1.531911e-05,6.711427e-06
2.113000e-10,3.907643e+02,1.063824e-03,6.840000e-05,2.672081e+01,4.834453e-04,2.930517e-05,2.572414e+01,1.676296e-04,3.785085e-05,6.840000e-05,3.500000e-05,1.547269e-03,1.397460e-04,1.397460e-05,6.840000e-05,1.397460e-05,2.444498e-05,5.944498e-05,3.500000e-05,1.464986e-05,7.619526e-06
2.114000e-10,3.910938e+02,1.113835e-03,6.840000e-05,2.686155e+01,4.498453e-04,2.664249e-05,2.577742e+01,1.843635e-04,3.880456e-05,6.840000e-05,3.500000e-05,1.563681e-03,1.594111e-04,1.594111e-05,6.840000e-05,1.594111e-05,2.812583e-05,6.312583e-05,3.500000e-05,1.363168e-05,8.380157e-06
2.115000e-10,3.914392e+02,1.163158e-03,6.840000e-05,2.699161e+01,4.104680e-04,2.478907e-05,2.583509e+01,1.970145e-04,3.958037e-05,6.840000e-05,3.500000e-05,1.573626e-03,1.763694e-04,1.763694e-05,6.840000e-05,1.763694e-05,3.117251e-05,6.617251e-05,3.500000e-05,1.243842e-05,8.955204e-06
2.116000e-10,3.918031e+02,1.228022e-03,6.840000e-05,2.710993e+01,3.700583e-04,2.359262e-05,2.589588e+01,2.052020e-04,4.028724e-05,6.840000e-05,3.500000e-05,1.598080e-03,1.897889e-04,1.897889e-05,6.840000e-05,1.897889e-05,3.359349e-05,6.859349e-05,3.500000e-05,1.121389e-05,9.327365e-06
2.117000e-10,3.921929e+02,1.325449e-03,6.840000e-05,2.721665e+01,3.321505e-04,2.288461e-05,2.595848e+01,2.090159e-04,4.102895e-05,6.840000e-05,3.500000e-05,1.657600e-03,1.992055e-04,1.992055e-05,6.840000e-05,1.992055e-05,3.545023e-05,7.045023e-05,3.500000e-05,1.006517e-05,9.500724e-06
2.118000e-10,3.926209e+02,1.471397e-03,6.840000e-05,2.731281e+01,2.991121e-04,2.249822e-05,2.602167e+01,2.089501e-04,4.188428e-05,6.840000e-05,3.500000e-05,1.770509e-03,2.045577e-04,2.045577e-05,6.840000e-05,2.045577e-05,3.683778e-05,7.183778e-05,3.500000e-05,9.064002e-06,9.497730e-06
2.119000e-10,3.931033e+02,1.677177e-03,6.840000e-05,2.740003e+01,2.723174e-04,2.228047e-05,2.608442e+01,2.057867e-04,4.289796e-05,6.840000e-05,3.500000e-05,1.949494e-03,2.061558e-04,2.061558e-05,6.840000e-05,2.061558e-05,3.786748e-05,7.286748e-05,3.500000e-05,8.252042e-06,9.353942e-06
2.120000e-10,3.936575e+02,1.942105e-03,6.840000e-05,2.748023e+01,2.523693e-04,2.209923e-05,2.614595e+01,2.004642e-04,4.408091e-05,6.840000e-05,3.500000e-05,2.194474e-03,2.046030e-04,2.046030e-05,6.840000e-05,2.046030e-05,3.865322e-05,7.365322e-05,3.500000e-05,7.647555e-06,9.112008e-06
2.121000e-10,3.942966e+02,2.242558e-03,6.840000e-05,2.755544e+01,2.393191e-04,2.184604e-05,2.620575e+01,1.939545e-04,4.541667e-05,6.840000e-05,3.500000e-05,2.481878e-03,2.006909e-04,2.006909e-05,6.840000e-05,2.006909e-05,3.930187e-05,7.430187e-05,3.500000e-05,7.252095e-06,8.816114e-06
2.122000e-10,3.950215e+02,2.527089e-03,6.840000e-05,2.762768e+01,2.328605e-04,2.143600e-05,2.626359e+01,1.871684e-04,4.687068e-05,6.840000e-05,3.500000e-05,2.759949e-03,1.952929e-04,1.952929e-05,6.840000e-05,1.952929e-05,3.990762e-05,7.490762e-05,3.500000e-05,7.056380e-06,8.507653e-06
2.123000e-10,3.958190e+02,2.744019e-03,6.840000e-05,2.769885e+01,2.324874e-04,2.080555e-05,2.631952e+01,1.808938e-04,4.839976e-05,6.840000e-05,3.500000e-05,2.976506e-03,1.892718e-04,1.892718e-05,6.840000e-05,1.892718e-05,4.054938e-05,7.554938e-05,3.500000e-05,7.045073e-06,8.222444e-06
2.124000e-10,3.966346e+02,2.714316e-03,6.840000e-05,2.777071e+01,2.376143e-04,1.990902e-05,2.637377e+01,1.757679e-04,4.995985e-05,6.840000e-05,3.500000e-05,2.951931e-03,1.834126e-04,1.834126e-05,6.840000e-05,1.834126e-05,4.129055e-05,7.629055e-05,3.500000e-05,7.200433e-06,7.989448e-06
2.125000e-10,3.974582e+02,2.723263e-03,6.840000e-05,2.784483e+01,2.476620e-04,1.871480e-05,2.642675e+01,1.722753e-04,5.151138e-05,6.840000e-05,3.500000e-05,2.970925e-03,1.783822e-04,1.783822e-05,6.840000e-05,1.783822e-05,4.218029e-05,7.718029e-05,3.500000e-05,7.504910e-06,7.830694e-06
2.126000e-10,3.982924e+02,2.763277e-03,6.840000e-05,2.792263e+01,2.621136e-04,1.720154e-05,2.647900e+01,1.707656e-04,5.302204e-05,6.840000e-05,3.500000e-05,3.025390e-03,1.747152e-04,1.747152e-05,6.840000e-05,1.747152e-05,4.325563e-05,7.825563e-05,3.500000e-05,7.942837e-06,7.762072e-06
2.127000e-10,3.991418e+02,2.820340e-03,6.840000e-05,2.800540e+01,2.805438e-04,1.535483e-05,2.653115e+01,1.714815e-04,5.446734e-05,6.840000e-05,3.500000e-05,3.100884e-03,1.728189e-04,1.728189e-05,6.840000e-05,1.728189e-05,4.454384e-05,7.954384e-05,3.500000e-05,8.501327e-06,7.794615e-06
2.128000e-10,4.000083e+02,2.879748e-03,6.840000e-05,2.809429e+01,3.026268e-04,1.316472e-05,2.658390e+01,1.745913e-04,5.582955e-05,6.840000e-05,3.500000e-05,3.182375e-03,1.729925e-04,1.729925e-05,6.840000e-05,1.729925e-05,4.606477e-05,8.106477e-05,3.500000e-05,9.170510e-06,7.935970e-06
2.129000e-10,4.008936e+02,2.944372e-03,6.840000e-05,2.819039e+01,3.281249e-04,1.062417e-05,2.663800e+01,1.802208e-04,5.709550e-05,6.840000e-05,3.500000e-05,3.272497e-03,1.754529e-04,1.754529e-05,6.840000e-05,1.754529e-05,4.783265e-05,8.283265e-05,3.500000e-05,9.943178e-06,8.191855e-06
2.130000e-10,4.017864e+02,2.950968e-03,6.840000e-05,2.829471e+01,3.568573e-04,7.728773e-06,2.669421e+01,1.884818e-04,5.825364e-05,6.840000e-05,3.500000e-05,3.307826e-03,1.803638e-04,1.803638e-05,6.840000e-05,1.803638e-05,4.985737e-05,8.485737e-05,3.500000e-05,1.081386e-05,8.567354e-06
2.131000e-10,4.026640e+02,2.862979e-03,6.840000e-05,2.840821e+01,3.886519e-04,4.477810e-06,2.675335e+01,1.994956e-04,5.929061e-05,6.840000e-05,3.500000e-05,3.251630e-03,1.878626e-04,1.878626e-05,6.840000e-05,1.878626e-05,5.214486e-05,8.714486e-05,3.500000e-05,1.177733e-05,9.067983e-06
2.132000e-10,4.035345e+02,2.853347e-03,6.840000e-05,2.853179e+01,4.232757e-04,8.769755e-07,2.681630e+01,2.134109e-04,6.018749e-05,6.840000e-05,3.500000e-05,3.276623e-03,1.980850e-04,1.980850e-05,6.840000e-05,1.980850e-05,5.469649e-05,8.969649e-05,3.500000e-05,1.282654e-05,9.700493e-06
2.133000e-10,4.043808e+02,2.745053e-03,6.840000e-05,2.866623e+01,4.603463e-04,-3.057118e-06,2.688396e+01,2.304146e-04,6.091551e-05,6.840000e-05,3.500000e-05,3.205399e-03,2.111833e-04,2.111833e-05,6.840000e-05,2.111833e-05,5.750723e-05,9.250723e-05,3.500000e-05,1.394989e-05,1.047339e-05
2.134000e-10,4.052331e+02,2.815020e-03,6.840000e-05,2.881217e+01,4.992235e-04,-7.290507e-06,2.695730e+01,2.507380e-04,6.143136e-05,6.840000e-05,3.500000e-05,3.314243e-03,2.273398e-04,2.273398e-05,6.840000e-05,2.273398e-05,6.056252e-05,9.556252e-05,3.500000e-05,1.512798e-05,1.139718e-05
2.135000e-10,4.060985e+02,2.869631e-03,6.840000e-05,2.896998e+01,5.388922e-04,-1.176369e-05,2.703739e+01,2.746544e-04,6.167190e-05,6.840000e-05,3.500000e-05,3.408523e-03,2.467743e-04,2.467743e-05,6.840000e-05,2.467743e-05,6.383362e-05,9.883362e-05,3.500000e-05,1.633007e-05,1.248429e-05
2.136000e-10,4.069820e+02,2.937552e-03,6.840000e-05,2.913964e+01,5.778539e-04,-1.638239e-05,2.712535e+01,3.024706e-04,6.154863e-05,6.840000e-05,3.500000e-05,3.515406e-03,2.697437e-04,2.697437e-05,6.840000e-05,2.697437e-05,6.727167e-05,1.022717e-04,3.500000e-05,1.751072e-05,1.374867e-05
2.137000e-10,4.078764e+02,2.961547e-03,6.840000e-05,2.932058e+01,6.140636e-04,-2.100890e-05,2.722244e+01,3.345104e-04,6.094232e-05,6.840000e-05,3.500000e-05,3.575610e-03,2.965358e-04,2.965358e-05,6.840000e-05,2.965358e-05,7.080092e-05,1.058009e-04,3.500000e-05,1.860799e-05,1.520502e-05
2.138000e-10,4.087607e+02,2.893356e-03,6.840000e-05,2.951155e+01,6.449622e-04,-2.545646e-05,2.732997e+01,3.710886e-04,5.969907e-05,6.840000e-05,3.500000e-05,3.538318e-03,3.274541e-04,3.274541e-05,6.840000e-05,3.274541e-05,7.431215e-05,1.093121e-04,3.500000e-05,1.954431e-05,1.686766e-05
2.139000e-10,4.096258e+02,2.815710e-03,6.840000e-05,2.971045e+01,6.676612e-04,-2.949019e-05,2.744937e+01,4.124775e-04,5.762953e-05,6.840000e-05,3.500000e-05,3.483371e-03,3.627953e-04,3.627953e-05,6.840000e-05,3.627953e-05,7.765804e-05,1.126580e-04,3.500000e-05,2.023216e-05,1.874898e-05
2.140000e-10,4.104853e+02,2.819303e-03,6.840000e-05,2.991436e+01,6.793118e-04,-3.283790e-05,2.758212e+01,4.588627e-04,5.451357e-05,6.840000e-05,3.500000e-05,3.498614e-03,4.028173e-04,4.028173e-05,6.840000e-05,4.028173e-05,8.065269e-05,1.156527e-04,3.500000e-05,2.058521e-05,2.085740e-05
2.141000e-10,4.113324e+02,2.767436e-03,6.840000e-05,3.011960e+01,6.776403e-04,-3.521218e-05,2.772974e+01,5.102875e-04,5.011299e-05,6.840000e-05,3.500000e-05,3.445077e-03,4.476974e-04,4.476974e-05,6.840000e-05,4.476974e-05,8.307762e-05,1.180776e-04,3.500000e-05,2.053456e-05,2.319489e-05
2.142000e-10,4.122058e+02,2.917671e-03,6.840000e-05,3.032202e+01,6.615449e-04,-3.634235e-05,2.789371e+01,5.665781e-04,4.419423e-05,6.840000e-05,3.500000e-05,3.579216e-03,4.974776e-04,4.974776e-05,6.840000e-05,4.974776e-05,8.469554e-05,1.196955e-04,3.500000e-05,2.004682e-05,2.575355e-05
2.143000e-10,4.131074e+02,3.013858e-03,6.840000e-05,3.051743e+01,6.315867e-04,-3.601092e-05,2.807543e+01,6.272369e-04,3.656228e-05,6.840000e-05,3.500000e-05,3.645445e-03,5.519888e-04,5.519888e-05,6.840000e-05,5.519888e-05,8.527193e-05,1.202719e-04,3.500000e-05,1.913899e-05,2.851077e-05
2.144000e-10,4.140264e+02,3.052718e-03,6.840000e-05,3.070213e+01,5.901981e-04,-3.408705e-05,2.827604e+01,6.912862e-04,2.710570e-05,6.840000e-05,3.500000e-05,3.642917e-03,6.107446e-04,6.107446e-05,6.840000e-05,6.107446e-05,8.460226e-05,1.196023e-04,3.500000e-05,1.788479e-05,3.142210e-05
2.145000e-10,4.149390e+02,2.993050e-03,6.840000e-05,3.087338e+01,5.415035e-04,-3.055068e-05,2.849626e+01,7.570488e-04,1.585129e-05,6.840000e-05,3.500000e-05,3.534553e-03,6.727889e-04,6.727889e-05,6.840000e-05,6.727889e-05,8.254149e-05,1.175415e-04,3.500000e-05,1.640920e-05,3.441131e-05
2.146000e-10,4.158200e+02,2.847527e-03,6.840000e-05,3.102988e+01,4.907694e-04,-2.550361e-05,2.873616e+01,8.218783e-04,3.024180e-06,6.840000e-05,3.500000e-05,3.338296e-03,7.364952e-04,7.364952e-05,6.840000e-05,7.364952e-05,7.903181e-05,1.140318e-04,3.500000e-05,1.487180e-05,3.735810e-05
2.147000e-10,4.166858e+02,2.824453e-03,6.840000e-05,3.117191e+01,4.436047e-04,-1.916782e-05,2.899477e+01,8.819145e-04,-1.089580e-05,6.840000e-05,3.500000e-05,3.268057e-03,7.993403e-04,7.993403e-05,6.840000e-05,7.993403e-05,7.412526e-05,1.091253e-04,3.500000e-05,1.344257e-05,4.008702e-05
2.148000e-10,4.175329e+02,2.756855e-03,6.840000e-05,3.130131e+01,4.050857e-04,-1.187284e-05,2.926977e+01,9.320239e-04,-2.513993e-05,6.840000e-05,3.500000e-05,3.161941e-03,8.577272e-04,8.577272e-05,6.840000e-05,8.577272e-05,6.799752e-05,1.029975e-04,3.500000e-05,1.227533e-05,4.236472e-05
2.149000e-10,4.184017e+02,2.895000e-03,6.840000e-05,3.142121e+01,3.789733e-04,-4.033146e-06,2.955715e+01,9.661567e-04,-3.866703e-05,6.840000e-05,3.500000e-05,3.273973e-03,9.069992e-04,9.069992e-05,6.840000e-05,9.069992e-05,6.094911e-05,9.594911e-05,3.500000e-05,1.148404e-05,4.391621e-05
2.150000e-10,4.192966e+02,2.988415e-03,6.840000e-05,3.153555e+01,3.671501e-04,3.884775e-06,2.985112e+01,9.783034e-04,-5.026003e-05,6.840000e-05,3.500000e-05,3.355565e-03,9.418116e-04,9.418116e-05,6.840000e-05,9.418116e-05,5.338947e-05,8.838947e-05,3.500000e-05,1.112576e-05,4.446834e-05
2.151000e-10,4.202097e+02,3.034724e-03,6.840000e-05,3.164849e+01,3.693667e-04,1.140667e-05,3.014438e+01,9.639818e-04,-5.871256e-05,6.840000e-05,3.500000e-05,3.404090e-03,9.569561e-04,9.569561e-05,6.840000e-05,9.569561e-05,4.580040e-05,8.080040e-05,3.500000e-05,1.119293e-05,4.381735e-05
2.152000e-10,4.211192e+02,2.987451e-03,6.840000e-05,3.176378e+01,3.833371e-04,1.810343e-05,3.042887e+01,9.217936e-04,-6.307253e-05,6.840000e-05,3.500000e-05,3.370788e-03,9.485311e-04,9.485311e-05,6.840000e-05,9.485311e-05,3.868029e-05,7.368029e-05,3.500000e-05,1.161628e-05,4.189971e-05
2.153000e-10,4.219998e+02,2.850416e-03,6.840000e-05,3.188429e+01,4.051742e-04,2.364431e-05,3.069676e+01,8.543442e-04,-6.286665e-05,6.840000e-05,3.500000e-05,3.255590e-03,9.151050e-04,9.151050e-05,6.840000e-05,9.151050e-05,3.247768e-05,6.747768e-05,3.500000e-05,1.227801e-05,3.883383e-05
2.154000e-10,4.228660e+02,2.826926e-03,6.840000e-05,3.201159e+01,4.300901e-04,2.783753e-05,3.094163e+01,7.679978e-04,-5.822015e-05,6.840000e-05,3.500000e-05,3.257016e-03,8.584059e-04,8.584059e-05,6.840000e-05,8.584059e-05,2.752943e-05,6.252943e-05,3.500000e-05,1.303303e-05,3.490899e-05
2.155000e-10,4.237118e+02,2.750266e-03,6.840000e-05,3.214582e+01,4.532221e-04,3.064688e-05,3.115927e+01,6.715057e-04,-4.982539e-05,6.840000e-05,3.500000e-05,3.203488e-03,7.832152e-04,7.832152e-05,6.840000e-05,7.832152e-05,2.401911e-05,5.901911e-05,3.500000e-05,1.373400e-05,3.052299e-05
2.156000e-10,4.245764e+02,2.876272e-03,6.840000e-05,3.228586e+01,4.704123e-04,3.217977e-05,3.134811e+01,5.740695e-04,-3.877598e-05,6.840000e-05,3.500000e-05,3.346684e-03,6.964723e-04,6.964723e-05,6.840000e-05,6.964723e-05,2.196532e-05,5.696532e-05,3.500000e-05,1.425492e-05,2.609407e-05
2.157000e-10,4.254653e+02,2.965519e-03,6.840000e-05,3.242953e+01,4.787801e-04,3.265157e-05,3.150901e+01,4.835629e-04,-2.633096e-05,6.840000e-05,3.500000e-05,3.444299e-03,6.059077e-04,6.059077e-05,6.840000e-05,6.059077e-05,2.123994e-05,5.623994e-05,3.500000e-05,1.450849e-05,2.198013e-05
2.158000e-10,4.263732e+02,3.019236e-03,6.840000e-05,3.257404e+01,4.769915e-04,3.233730e-05,3.164477e+01,4.054077e-04,-1.368462e-05,6.840000e-05,3.500000e-05,3.496227e-03,5.186541e-04,5.186541e-05,6.840000e-05,5.186541e-05,2.160841e-05,5.660841e-05,3.500000e-05,1.445429e-05,1.842762e-05
2.159000e-10,4.272807e+02,2.986054e-03,6.840000e-05,3.271645e+01,4.652144e-04,3.152299e-05,3.175935e+01,3.422412e-04,-1.797320e-06,6.840000e-05,3.500000e-05,3.451269e-03,4.402050e-04,4.402050e-05,6.840000e-05,4.402050e-05,2.277960e-05,5.777960e-05,3.500000e-05,1.409741e-05,1.555642e-05
2.160000e-10,4.281625e+02,2.859529e-03,6.840000e-05,3.285403e+01,4.448297e-04,3.046637e-05,3.185714e+01,2.942232e-04,8.689772e-06,6.840000e-05,3.500000e-05,3.304359e-03,3.739039e-04,3.739039e-05,6.840000e-05,3.739039e-05,2.445394e-05,5.945394e-05,3.500000e-05,1.347969e-05,1.337378e-05
2.161000e-10,4.290285e+02,2.823988e-03,6.156000e-05,3.298125e+01,4.016851e-04,2.316355e-05,3.194231e+01,2.595031e-04,1.734089e-05,6.156000e-05,3.500000e-05,3.143593e-03,3.208769e-04,3.208769e-05,6.156000e-05,3.208769e-05,2.622418e-05,6.122418e-05,3.500000e-05,1.217228e-05,1.179560e-05
2.162000e-10,4.298837e+02,2.796894e-03,5.472000e-05,3.309159e+01,3.352975e-04,1.688921e-05,3.201828e+01,2.348880e-04,2.396235e-05,5.472000e-05,3.500000e-05,3.077471e-03,2.803119e-04,2.803119e-05,5.472000e-05,2.803119e-05,2.767026e-05,6.267026e-05,3.500000e-05,1.016053e-05,1.067673e-05
2.163000e-10,4.307390e+02,2.814982e-03,4.788000e-05,3.317893e+01,2.496560e-04,1.188043e-05,3.208748e+01,2.165838e-04,2.859274e-05,4.788000e-05,3.500000e-05,3.009918e-03,2.499678e-04,2.499678e-05,4.788000e-05,2.499678e-05,2.843423e-05,6.343423e-05,3.500000e-05,7.565332e-06,9.844717e-06
2.164000e-10,4.315954e+02,2.820227e-03,4.104000e-05,3.323840e+01,1.498168e-04,8.246282e-06,3.215123e+01,2.008516e-04,3.144569e-05,4.104000e-05,3.500000e-05,2.915324e-03,2.267851e-04,2.267851e-05,4.104000e-05,2.267851e-05,2.825381e-05,6.325381e-05,3.500000e-05,4.539904e-06,9.129617e-06
2.165000e-10,4.324567e+02,2.842695e-03,3.420000e-05,3.326645e+01,4.064612e-05,6.000817e-06,3.220985e+01,1.844784e-04,3.283497e-05,3.420000e-05,3.500000e-05,2.828621e-03,2.074713e-04,2.074713e-05,3.420000e-05,2.074713e-05,2.696748e-05,6.196748e-05,3.500000e-05,1.231701e-06,8.385380e-06
2.166000e-10,4.333025e+02,2.758325e-03,2.736000e-05,3.326091e+01,-7.353659e-05,5.083546e-06,3.226282e+01,1.650363e-04,3.310598e-05,2.736000e-05,3.500000e-05,2.630068e-03,1.889720e-04,1.889720e-05,2.736000e-05,1.889720e-05,2.450484e-05,5.950484e-05,3.500000e-05,-2.228382e-06,7.501651e-06
2.167000e-10,4.341317e+02,2.701371e-03,2.052000e-05,3.322080e+01,-1.889066e-04,5.372633e-06,3.230903e+01,1.409579e-04,3.258624e-05,2.052000e-05,3.500000e-05,2.457744e-03,1.687839e-04,1.687839e-05,2.052000e-05,1.687839e-05,2.087181e-05,5.587181e-05,3.500000e-05,-5.724442e-06,6.407179e-06
2.168000e-10,4.349346e+02,2.599013e-03,1.368000e-05,3.314627e+01,-3.019005e-04,6.691866e-06,3.234702e+01,1.114842e-04,3.155815e-05,1.368000e-05,3.500000e-05,2.242393e-03,1.451102e-04,1.451102e-05,1.368000e-05,1.451102e-05,1.613663e-05,5.113663e-05,3.500000e-05,-9.148500e-06,5.067462e-06
2.169000e-10,4.357054e+02,2.484145e-03,6.840000e-06,3.303859e+01,-4.089324e-04,8.812444e-06,3.237518e+01,7.654823e-05,3.025095e-05,6.840000e-06,3.500000e-05,2.020493e-03,1.168904e-04,1.168904e-05,6.840000e-06,1.168904e-05,1.041945e-05,4.541945e-05,3.500000e-05,-1.239189e-05,3.479465e-06
2.170000e-10,4.364503e+02,2.408846e-03,0.000000e+00,3.290016e+01,-5.061696e-04,1.145236e-05,3.239200e+01,3.664831e-05,2.884535e-05,0.000000e+00,3.500000e-05,1.847957e-03,8.374931e-05,8.374931e-06,0.000000e+00,8.374931e-06,3.886115e-06,3.888611e-05,3.500000e-05,-1.533847e-05,1.665832e-06
2.171000e-10,4.371877e+02,2.414527e-03,0.000000e+00,3.273791e+01,-5.731577e-04,2.048625e-05,3.239618e+01,-7.047044e-06,2.760437e-05,0.000000e+00,3.500000e-05,1.868729e-03,4.598112e-05,4.598112e-06,0.000000e+00,4.598112e-06,-3.117840e-06,3.188216e-05,3.500000e-05,-1.736841e-05,-3.203202e-07
2.172000e-10,4.379383e+02,2.491985e-03,0.000000e+00,3.256163e+01,-6.032784e-04,2.842775e-05,3.238690e+01,-5.266098e-05,2.679124e-05,0.000000e+00,3.500000e-05,1.888706e-03,4.558517e-06,4.558517e-07,0.000000e+00,4.558517e-07,-1.014659e-05,2.485341e-05,3.500000e-05,-1.828116e-05,-2.393681e-06
2.173000e-10,4.387127e+02,2.587566e-03,0.000000e+00,3.238216e+01,-5.958737e-04,3.479308e-05,3.236401e+01,-9.772399e-05,2.659508e-05,0.000000e+00,3.500000e-05,1.991692e-03,-3.889384e-05,-3.889384e-06,0.000000e+00,-3.889384e-06,-1.673630e-05,1.826370e-05,3.500000e-05,-1.805678e-05,-4.442000e-06
2.174000e-10,4.395041e+02,2.632521e-03,0.000000e+00,3.221012e+01,-5.539805e-04,3.925436e-05,3.232814e+01,-1.394193e-04,2.709091e-05,0.000000e+00,3.500000e-05,2.078540e-03,-8.220736e-05,-8.220736e-06,0.000000e+00,-8.220736e-06,-2.246707e-05,1.253293e-05,3.500000e-05,-1.678729e-05,-6.337242e-06
2.175000e-10,4.402921e+02,2.587942e-03,0.000000e+00,3.205482e+01,-4.835392e-04,4.166115e-05,3.228075e+01,-1.749084e-04,2.822877e-05,0.000000e+00,3.500000e-05,2.104403e-03,-1.228684e-04,-1.228684e-05,0.000000e+00,-1.228684e-05,-2.700845e-05,7.991548e-06,3.500000e-05,-1.465270e-05,-7.950380e-06
2.176000e-10,4.410548e+02,2.468379e-03,0.000000e+00,3.192351e+01,-3.926679e-04,4.204944e-05,3.222410e+01,-2.016842e-04,2.984596e-05,0.000000e+00,3.500000e-05,2.075711e-03,-1.582891e-04,-1.582891e-05,0.000000e+00,-1.582891e-05,-3.015041e-05,4.849590e-06,3.500000e-05,-1.189903e-05,-9.167462e-06
2.177000e-10,4.417803e+02,2.326355e-03,0.000000e+00,3.182086e+01,-2.906736e-04,4.062643e-05,3.216108e+01,-2.178995e-04,3.169771e-05,0.000000e+00,3.500000e-05,2.035682e-03,-1.861133e-04,-1.861133e-05,0.000000e+00,-1.861133e-05,-3.181814e-05,3.181861e-06,3.500000e-05,-8.808291e-06,-9.904524e-06
2.178000e-10,4.424718e+02,2.219952e-03,0.000000e+00,3.174878e+01,-1.869246e-04,3.773414e-05,3.209498e+01,-2.226172e-04,3.350036e-05,0.000000e+00,3.500000e-05,2.033027e-03,-2.045115e-04,-2.045115e-05,0.000000e+00,-2.045115e-05,-3.206976e-05,2.930236e-06,3.500000e-05,-5.664381e-06,-1.011897e-05
2.179000e-10,4.431454e+02,2.187527e-03,0.000000e+00,3.170656e+01,-8.981838e-05,3.380022e-05,3.202920e+01,-2.159384e-04,3.497875e-05,0.000000e+00,3.500000e-05,2.097708e-03,-2.124182e-04,-2.124182e-05,0.000000e+00,-2.124182e-05,-3.107845e-05,3.921553e-06,3.500000e-05,-2.721769e-06,-9.815380e-06
2.180000e-10,4.438227e+02,2.234931e-03,0.000000e+00,3.169126e+01,-6.017388e-06,2.928527e-05,3.196696e+01,-1.989852e-04,3.590882e-05,0.000000e+00,3.500000e-05,2.228914e-03,-2.096697e-04,-2.096697e-05,0.000000e+00,-2.096697e-05,-2.910293e-05,5.897071e-06,3.500000e-05,-1.823451e-07,-9.044780e-06
2.181000e-10,4.445209e+02,2.332077e-03,0.000000e+00,3.169832e+01,5.998418e-05,2.463416e-05,3.191103e+01,-1.737430e-04,3.614782e-05,0.000000e+00,3.500000e-05,2.392061e-03,-1.970228e-04,-1.970228e-05,0.000000e+00,-1.970228e-05,-2.645186e-05,8.548137e-06,3.500000e-05,1.817703e-06,-7.897410e-06
2.182000e-10,4.452442e+02,2.421934e-03,0.000000e+00,3.172214e+01,1.059749e-04,2.023603e-05,3.186345e+01,-1.427934e-04,3.564815e-05,0.000000e+00,3.500000e-05,2.527909e-03,-1.760493e-04,-1.760493e-05,0.000000e+00,-1.760493e-05,-2.344739e-05,1.155261e-05,3.500000e-05,3.211361e-06,-6.490608e-06
2.183000e-10,4.459812e+02,2.448034e-03,0.000000e+00,3.175679e+01,1.318752e-04,1.639628e-05,3.182552e+01,-1.089887e-04,3.445463e-05,0.000000e+00,3.500000e-05,2.579909e-03,-1.489310e-04,-1.489310e-05,0.000000e+00,-1.489310e-05,-2.039250e-05,1.460750e-05,3.500000e-05,3.996218e-06,-4.954030e-06
2.184000e-10,4.467105e+02,2.387540e-03,0.000000e+00,3.179658e+01,1.393886e-04,1.332154e-05,3.179766e+01,-7.512488e-05,3.268838e-05,0.000000e+00,3.500000e-05,2.526929e-03,-1.181905e-04,-1.181905e-05,0.000000e+00,-1.181905e-05,-1.754544e-05,1.745456e-05,3.500000e-05,4.223896e-06,-3.414767e-06
2.185000e-10,4.474118e+02,2.261893e-03,0.000000e+00,3.183648e+01,1.315292e-04,1.111717e-05,3.177952e+01,-4.366028e-05,3.052212e-05,0.000000e+00,3.500000e-05,2.393422e-03,-8.640462e-05,-8.640462e-06,0.000000e+00,-8.640462e-06,-1.510290e-05,1.989710e-05,3.500000e-05,3.985735e-06,-1.984558e-06
2.186000e-10,4.480749e+02,2.119481e-03,0.000000e+00,3.187249e+01,1.121010e-04,9.795281e-06,3.177013e+01,-1.651190e-05,2.815235e-05,0.000000e+00,3.500000e-05,2.231582e-03,-5.594086e-05,-5.594086e-06,0.000000e+00,-5.594086e-06,-1.319228e-05,2.180772e-05,3.500000e-05,3.397000e-06,-7.505409e-07
2.187000e-10,4.487031e+02,2.010021e-03,0.000000e+00,3.190175e+01,8.519649e-05,9.290483e-06,3.176803e+01,5.055711e-06,2.577309e-05,0.000000e+00,3.500000e-05,2.095217e-03,-2.875093e-05,-2.875093e-06,0.000000e+00,-2.875093e-06,-1.187219e-05,2.312781e-05,3.500000e-05,2.581712e-06,2.298050e-07
2.188000e-10,4.493109e+02,1.966881e-03,0.000000e+00,3.192260e+01,5.476872e-05,9.479953e-06,3.177147e+01,2.045209e-05,2.355457e-05,0.000000e+00,3.500000e-05,2.021649e-03,-6.238226e-06,-6.238226e-07,0.000000e+00,-6.238226e-07,-1.113961e-05,2.386039e-05,3.500000e-05,1.659658e-06,9.296404e-07
2.189000e-10,4.499185e+02,1.999159e-03,0.000000e+00,3.193447e+01,2.430567e-05,1.020493e-05,3.177864e+01,2.970686e-05,2.162867e-05,0.000000e+00,3.500000e-05,2.023464e-03,1.079553e-05,1.079553e-06,0.000000e+00,1.079553e-06,-1.094146e-05,2.405854e-05,3.500000e-05,7.365353e-07,1.350312e-06
2.190000e-10,4.505442e+02,2.089055e-03,0.000000e+00,3.193775e+01,-3.383284e-06,1.129119e-05,3.178778e+01,3.336107e-05,2.008173e-05,0.000000e+00,3.500000e-05,2.085672e-03,2.213189e-05,2.213189e-06,0.000000e+00,2.213189e-06,-1.118866e-05,2.381134e-05,3.500000e-05,-1.025238e-07,1.516412e-06
2.191000e-10,4.511973e+02,2.194351e-03,0.000000e+00,3.193352e+01,-2.627605e-05,1.256691e-05,3.179738e+01,3.232710e-05,1.895386e-05,0.000000e+00,3.500000e-05,2.168075e-03,2.806059e-05,2.806059e-06,0.000000e+00,2.806059e-06,-1.177067e-05,2.322933e-05,3.500000e-05,-7.962439e-07,1.469414e-06
2.192000e-10,4.518732e+02,2.262225e-03,0.000000e+00,3.192336e+01,-4.315760e-05,1.387687e-05,3.180620e+01,2.773884e-05,1.824339e-05,0.000000e+00,3.500000e-05,2.219067e-03,2.926685e-05,2.926685e-06,0.000000e+00,2.926685e-06,-1.256907e-05,2.243093e-05,3.500000e-05,-1.307806e-06,1.260856e-06
2.193000e-10,4.525553e+02,2.254619e-03,0.000000e+00,3.190913e+01,-5.356963e-05,1.509262e-05,3.181335e+01,2.080976e-05,1.791475e-05,0.000000e+00,3.500000e-05,2.201050e-03,2.670054e-05,2.670054e-06,0.000000e+00,2.670054e-06,-1.346930e-05,2.153070e-05,3.500000e-05,-1.623322e-06,9.458981e-07
2.194000e-10,4.532218e+02,2.168209e-03,0.000000e+00,3.189269e+01,-5.770868e-05,1.611847e-05,3.181831e+01,1.271169e-05,1.790802e-05,0.000000e+00,3.500000e-05,2.110500e-03,2.144456e-05,2.144456e-06,0.000000e+00,2.144456e-06,-1.436972e-05,2.063028e-05,3.500000e-05,-1.748748e-06,5.778043e-07
2.195000e-10,4.538557e+02,2.032567e-03,0.000000e+00,3.187581e+01,-5.628993e-05,1.689370e-05,3.182087e+01,4.481268e-06,1.814878e-05,0.000000e+00,3.500000e-05,1.976277e-03,1.459580e-05,1.459580e-06,0.000000e+00,1.459580e-06,-1.518794e-05,1.981206e-05,3.500000e-05,-1.705755e-06,2.036940e-07
2.196000e-10,4.544503e+02,1.891890e-03,0.000000e+00,3.185997e+01,-5.039263e-05,1.739139e-05,3.182111e+01,-3.043226e-06,1.855722e-05,0.000000e+00,3.500000e-05,1.841498e-03,7.167597e-06,7.167597e-07,0.000000e+00,7.167597e-07,-1.586435e-05,1.913565e-05,3.500000e-05,-1.527049e-06,-1.383285e-07
2.197000e-10,4.550103e+02,1.786365e-03,0.000000e+00,3.184633e+01,-4.130178e-05,1.761458e-05,3.181931e+01,-9.255448e-06,1.905585e-05,0.000000e+00,3.500000e-05,1.745063e-03,1.839137e-08,1.839137e-09,0.000000e+00,1.839137e-09,-1.636301e-05,1.863699e-05,3.500000e-05,-1.251569e-06,-4.207022e-07
2.198000e-10,4.555499e+02,1.741786e-03,0.000000e+00,3.183563e+01,-3.035933e-05,1.759048e-05,3.181592e+01,-1.378836e-05,1.957547e-05,0.000000e+00,3.500000e-05,1.711427e-03,-6.192346e-06,-6.192346e-07,0.000000e+00,-6.192346e-07,-1.667050e-05,1.832950e-05,3.500000e-05,-9.199798e-07,-6.267434e-07
2.199000e-10,4.560874e+02,1.766091e-03,0.000000e+00,3.182825e+01,-1.883579e-05,1.736370e-05,3.181145e+01,-1.649993e-05,2.005934e-05,0.000000e+00,3.500000e-05,1.747255e-03,-1.102263e-05,-1.102263e-06,0.000000e+00,-1.102263e-06,-1.679292e-05,1.820708e-05,3.500000e-05,-5.707815e-07,-7.499969e-07
2.200000e-10,4.566411e+02,1.848298e-03,0.000000e+00,3.182420e+01,-7.830011e-06,1.698904e-05,3.180642e+01,-1.744259e-05,2.046551e-05,0.000000e+00,3.500000e-05,1.840468e-03,-1.424434e-05,-1.424434e-06,0.000000e+00,-1.424434e-06,-1.675177e-05,1.824823e-05,3.500000e-05,-2.372730e-07,-7.928449e-07
2.201000e-10,4.572223e+02,1.958587e-03,0.000000e+00,3.182322e+01,1.798344e-06,1.652482e-05,3.180134e+01,-1.682178e-05,2.076751e-05,0.000000e+00,3.500000e-05,1.960385e-03,-1.582203e-05,-1.582203e-06,0.000000e+00,-1.582203e-06,-1.657932e-05,1.842068e-05,3.500000e-05,5.449528e-08,-7.646263e-07
2.202000e-10,4.578321e+02,2.053693e-03,0.000000e+00,3.182481e+01,9.463179e-06,1.602695e-05,3.179662e+01,-1.494913e-05,2.095372e-05,0.000000e+00,3.500000e-05,2.063156e-03,-1.587923e-05,-1.587923e-06,0.000000e+00,-1.587923e-06,-1.631371e-05,1.868629e-05,3.500000e-05,2.867630e-07,-6.795057e-07
2.203000e-10,4.584592e+02,2.092181e-03,0.000000e+00,3.182835e+01,1.485556e-05,1.554440e-05,3.179258e+01,-1.219494e-05,2.102549e-05,0.000000e+00,3.500000e-05,2.107036e-03,-1.465744e-05,-1.465744e-06,0.000000e+00,-1.465744e-06,-1.599457e-05,1.900543e-05,3.500000e-05,4.501686e-07,-5.543154e-07
2.204000e-10,4.590842e+02,2.053816e-03,0.000000e+00,3.183316e+01,1.792165e-05,1.511607e-05,3.178942e+01,-8.944226e-06,2.099464e-05,0.000000e+00,3.500000e-05,2.071738e-03,-1.247234e-05,-1.247234e-06,0.000000e+00,-1.247234e-06,-1.565915e-05,1.934085e-05,3.500000e-05,5.430803e-07,-4.065557e-07
2.205000e-10,4.596873e+02,1.948251e-03,0.000000e+00,3.183857e+01,1.882151e-05,1.476915e-05,3.178724e+01,-5.559382e-06,2.088038e-05,0.000000e+00,3.500000e-05,1.967072e-03,-9.671735e-06,-9.671735e-07,0.000000e+00,-9.671735e-07,-1.533950e-05,1.966050e-05,3.500000e-05,5.703487e-07,-2.526992e-07
2.206000e-10,4.602543e+02,1.807074e-03,0.000000e+00,3.184400e+01,1.787613e-05,1.451880e-05,3.178603e+01,-2.351635e-06,2.070622e-05,0.000000e+00,3.500000e-05,1.824950e-03,-6.598289e-06,-6.598289e-07,0.000000e+00,-6.598289e-07,-1.506050e-05,1.993950e-05,3.500000e-05,5.417010e-07,-1.068925e-07
2.207000e-10,4.607812e+02,1.668100e-03,0.000000e+00,3.184895e+01,1.550972e-05,1.436902e-05,3.178572e+01,4.377494e-07,2.049705e-05,0.000000e+00,3.500000e-05,1.683610e-03,-3.559548e-06,-3.559548e-07,0.000000e+00,-3.559548e-07,-1.483901e-05,2.016099e-05,3.500000e-05,4.699914e-07,1.989770e-08
2.208000e-10,4.612735e+02,1.562915e-03,0.000000e+00,3.185307e+01,1.219330e-05,1.431430e-05,3.178615e+01,2.646570e-06,2.027657e-05,0.000000e+00,3.500000e-05,1.575108e-03,-8.065760e-07,-8.065760e-08,0.000000e+00,-8.065760e-08,-1.468379e-05,2.031621e-05,3.500000e-05,3.694939e-07,1.202986e-07
2.209000e-10,4.617437e+02,1.511450e-03,0.000000e+00,3.185614e+01,8.394712e-06,1.434184e-05,3.178715e+01,4.192020e-06,2.006538e-05,0.000000e+00,3.500000e-05,1.519844e-03,1.478459e-06,1.478459e-07,0.000000e+00,1.478459e-07,-1.459622e-05,2.040378e-05,3.500000e-05,2.543852e-07,1.905464e-07
2.210000e-10,4.622086e+02,1.521232e-03,0.000000e+00,3.185809e+01,4.538080e-06,1.443400e-05,3.178850e+01,5.063821e-06,1.987968e-05,0.000000e+00,3.500000e-05,1.525770e-03,3.186254e-06,3.186254e-07,0.000000e+00,3.186254e-07,-1.457152e-05,2.042848e-05,3.500000e-05,1.375176e-07,2.301737e-07
2.211000e-10,4.626852e+02,1.587579e-03,0.000000e+00,3.185893e+01,9.746787e-07,1.457072e-05,3.179003e+01,5.312084e-06,1.973058e-05,0.000000e+00,3.500000e-05,1.588554e-03,4.277068e-06,4.277068e-07,0.000000e+00,4.277068e-07,-1.460026e-05,2.039974e-05,3.500000e-05,2.953572e-08,2.414584e-07
2.212000e-10,4.631870e+02,1.692955e-03,0.000000e+00,3.185880e+01,-2.034419e-06,1.473173e-05,3.179156e+01,5.031999e-06,1.962401e-05,0.000000e+00,3.500000e-05,1.690921e-03,4.771793e-06,4.771793e-07,0.000000e+00,4.771793e-07,-1.467008e-05,2.032992e-05,3.500000e-05,-6.164907e-08,2.287272e-07
2.213000e-10,4.637203e+02,1.807187e-03,0.000000e+00,3.185788e+01,-4.324631e-06,1.489833e-05,3.179295e+01,4.347306e-06,1.956119e-05,0.000000e+00,3.500000e-05,1.802862e-03,4.739216e-06,4.739216e-07,0.000000e+00,4.739216e-07,-1.476728e-05,2.023272e-05,3.500000e-05,-1.310494e-07,1.976048e-07
2.214000e-10,4.642816e+02,1.892949e-03,0.000000e+00,3.185640e+01,-5.824589e-06,1.505478e-05,3.179410e+01,3.394257e-06,1.953930e-05,0.000000e+00,3.500000e-05,1.887124e-03,4.281347e-06,4.281347e-07,0.000000e+00,4.281347e-07,-1.487828e-05,2.012172e-05,3.500000e-05,-1.765027e-07,1.542844e-07
2.215000e-10,4.648573e+02,1.918593e-03,0.000000e+00,3.185458e+01,-6.545357e-06,1.518909e-05,3.179495e+01,2.307418e-06,1.955252e-05,0.000000e+00,3.500000e-05,1.912047e-03,3.518469e-06,3.518469e-07,0.000000e+00,3.518469e-07,-1.499075e-05,2.000925e-05,3.500000e-05,-1.983442e-07,1.048826e-07
2.216000e-10,4.654284e+02,1.871914e-03,0.000000e+00,3.185264e+01,-6.564451e-06,1.529342e-05,3.179548e+01,1.208223e-06,1.959305e-05,0.000000e+00,3.500000e-05,1.865350e-03,2.575299e-06,2.575299e-07,0.000000e+00,2.575299e-07,-1.509450e-05,1.990550e-05,3.500000e-05,-1.989227e-07,5.491921e-08
2.217000e-10,4.659762e+02,1.764428e-03,0.000000e+00,3.185078e+01,-6.006962e-06,1.536400e-05,3.179570e+01,1.967676e-07,1.965216e-05,0.000000e+00,3.500000e-05,1.758421e-03,1.569289e-06,1.569289e-07,0.000000e+00,1.569289e-07,-1.518197e-05,1.981803e-05,3.500000e-05,-1.820292e-07,8.943983e-09
2.218000e-10,4.664877e+02,1.623765e-03,0.000000e+00,3.184914e+01,-5.025969e-06,1.540071e-05,3.179564e+01,-6.530197e-07,1.972110e-05,0.000000e+00,3.500000e-05,1.618739e-03,6.016947e-07,6.016947e-08,0.000000e+00,6.016947e-08,-1.524841e-05,1.975159e-05,3.500000e-05,-1.523021e-07,-2.968271e-08
2.219000e-10,4.669583e+02,1.481443e-03,0.000000e+00,3.184782e+01,-3.784031e-06,1.540644e-05,3.179535e+01,-1.295050e-06,1.979192e-05,0.000000e+00,3.500000e-05,1.477659e-03,-2.482995e-07,-2.482995e-08,0.000000e+00,-2.482995e-08,-1.529177e-05,1.970823e-05,3.500000e-05,-1.146676e-07,-5.886589e-08
2.220000e-10,4.673914e+02,1.363730e-03,0.000000e+00,3.184689e+01,-2.437199e-06,1.538628e-05,3.179491e+01,-1.710004e-06,1.985795e-05,0.000000e+00,3.500000e-05,1.361293e-03,-9.264620e-07,-9.264620e-08,0.000000e+00,-9.264620e-08,-1.531243e-05,1.968757e-05,3.500000e-05,-7.385451e-08,-7.772748e-08
2.221000e-10,4.677967e+02,1.288079e-03,0.000000e+00,3.184636e+01,-1.122485e-06,1.534668e-05,3.179438e+01,-1.902134e-06,1.991416e-05,0.000000e+00,3.500000e-05,1.286957e-03,-1.403686e-06,-1.403686e-07,0.000000e+00,-1.403686e-07,-1.531267e-05,1.968733e-05,3.500000e-05,-3.401471e-08,-8.646062e-08
2.222000e-10,4.681877e+02,1.263368e-03,0.000000e+00,3.184619e+01,5.073288e-08,1.529462e-05,3.179382e+01,-1.894574e-06,1.995735e-05,0.000000e+00,3.500000e-05,1.263419e-03,-1.673940e-06,-1.673940e-07,0.000000e+00,-1.673940e-07,-1.529616e-05,1.970384e-05,3.500000e-05,1.537360e-09,-8.611702e-08
2.223000e-10,4.685796e+02,1.291158e-03,0.000000e+00,3.184633e+01,1.005326e-06,1.523693e-05,3.179328e+01,-1.723873e-06,1.998602e-05,0.000000e+00,3.500000e-05,1.292163e-03,-1.750571e-06,-1.750571e-07,0.000000e+00,-1.750571e-07,-1.526739e-05,1.973261e-05,3.500000e-05,3.046443e-08,-7.835788e-08
2.224000e-10,4.689870e+02,1.366022e-03,0.000000e+00,3.184673e+01,1.697349e-06,1.517967e-05,3.179281e+01,-1.434332e-06,2.000025e-05,0.000000e+00,3.500000e-05,1.367720e-03,-1.661596e-06,-1.661596e-07,0.000000e+00,-1.661596e-07,-1.523111e-05,1.976889e-05,3.500000e-05,5.143483e-08,-6.519691e-08
2.225000e-10,4.694214e+02,1.474508e-03,0.000000e+00,3.184729e+01,2.113885e-06,1.512779e-05,3.179244e+01,-1.072698e-06,2.000137e-05,0.000000e+00,3.500000e-05,1.476622e-03,-1.444556e-06,-1.444556e-07,0.000000e+00,-1.444556e-07,-1.519184e-05,1.980816e-05,3.500000e-05,6.405714e-08,-4.875900e-08
2.226000e-10,4.698892e+02,1.594078e-03,0.000000e+00,3.184793e+01,2.268548e-06,1.508485e-05,3.179218e+01,-6.836066e-07,1.999163e-05,0.000000e+00,3.500000e-05,1.596346e-03,-1.141483e-06,-1.141483e-07,0.000000e+00,-1.141483e-07,-1.515359e-05,1.984641e-05,3.500000e-05,6.874389e-08,-3.107303e-08
2.227000e-10,4.703885e+02,1.695115e-03,0.000000e+00,3.184859e+01,2.195464e-06,1.505298e-05,3.179203e+01,-3.060361e-07,1.997384e-05,0.000000e+00,3.500000e-05,1.697311e-03,-7.943798e-07,-7.943798e-08,0.000000e+00,-7.943798e-08,-1.511951e-05,1.988049e-05,3.500000e-05,6.652921e-08,-1.391073e-08
2.228000e-10,4.709091e+02,1.748529e-03,0.000000e+00,3.184921e+01,1.942543e-06,1.503298e-05,3.179198e+01,2.909725e-08,1.995099e-05,0.000000e+00,3.500000e-05,1.750472e-03,-4.415281e-07,-4.415281e-08,0.000000e+00,-4.415281e-08,-1.509184e-05,1.990816e-05,3.500000e-05,5.886493e-08,1.322602e-09
2.229000e-10,4.714344e+02,1.736709e-03,0.000000e+00,3.184973e+01,1.564762e-06,1.502442e-05,3.179203e+01,3.001966e-07,1.992600e-05,0.000000e+00,3.500000e-05,1.738274e-03,-1.147946e-07,-1.147946e-08,0.000000e+00,-1.147946e-08,-1.507184e-05,1.992816e-05,3.500000e-05,4.741703e-08,1.364530e-08
2.230000e-10,4.719459e+02,1.660557e-03,0.000000e+00,3.185013e+01,1.118051e-06,1.502598e-05,3.179215e+01,4.951938e-07,1.990143e-05,0.000000e+00,3.500000e-05,1.661675e-03,1.620097e-07,1.620097e-08,0.000000e+00,1.620097e-08,-1.505986e-05,1.994014e-05,3.500000e-05,3.388034e-08,2.250881e-08
2.231000e-10,4.724279e+02,1.537535e-03,0.000000e+00,3.185039e+01,6.542093e-07,1.503567e-05,3.179231e+01,6.108820e-07,1.987936e-05,0.000000e+00,3.500000e-05,1.538189e-03,3.737632e-07,3.737632e-08,0.000000e+00,3.737632e-08,-1.505550e-05,1.994450e-05,3.500000e-05,1.982452e-08,2.776736e-08
2.232000e-10,4.728707e+02,1.393172e-03,0.000000e+00,3.185053e+01,2.171087e-07,1.505117e-05,3.179249e+01,6.515888e-07,1.986126e-05,0.000000e+00,3.500000e-05,1.393389e-03,5.137868e-07,5.137868e-08,0.000000e+00,5.137868e-08,-1.505775e-05,1.994225e-05,3.500000e-05,6.579051e-09,2.961767e-08
2.233000e-10,4.732720e+02,1.252237e-03,0.000000e+00,3.185054e+01,-1.597113e-07,1.507005e-05,3.179268e+01,6.274285e-07,1.984798e-05,0.000000e+00,3.500000e-05,1.252077e-03,5.828997e-07,5.828997e-08,0.000000e+00,5.828997e-08,-1.506521e-05,1.993479e-05,3.500000e-05,-4.839737e-09,2.851948e-08
2.234000e-10,4.736354e+02,1.133646e-03,0.000000e+00,3.185045e+01,-4.541074e-07,1.509003e-05,3.179286e+01,5.523629e-07,1.983982e-05,0.000000e+00,3.500000e-05,1.133192e-03,5.879864e-07,5.879864e-08,0.000000e+00,5.879864e-08,-1.507627e-05,1.992373e-05,3.500000e-05,-1.376083e-08,2.510740e-08
2.235000e-10,4.739691e+02,1.049380e-03,0.000000e+00,3.185029e+01,-6.552017e-07,1.510917e-05,3.179301e+01,4.422767e-07,1.983655e-05,0.000000e+00,3.500000e-05,1.048725e-03,5.402917e-07,5.402917e-08,0.000000e+00,5.402917e-08,-1.508932e-05,1.991068e-05,3.500000e-05,-1.985460e-08,2.010349e-08
2.236000e-10,4.742841e+02,1.005690e-03,0.000000e+00,3.185008e+01,-7.622871e-07,1.512594e-05,3.179312e+01,3.132341e-07,1.983756e-05,0.000000e+00,3.500000e-05,1.004927e-03,4.536415e-07,4.536415e-08,0.000000e+00,4.536415e-08,-1.510284e-05,1.989716e-05,3.500000e-05,-2.309961e-08,1.423791e-08
2.237000e-10,4.745926e+02,1.004773e-03,0.000000e+00,3.184985e+01,-7.830394e-07,1.513928e-05,3.179319e+01,1.800366e-07,1.984199e-05,0.000000e+00,3.500000e-05,1.003990e-03,3.427606e-07,3.427606e-08,0.000000e+00,3.427606e-08,-1.511555e-05,1.988445e-05,3.500000e-05,-2.372847e-08,8.183484e-09
2.238000e-10,4.749073e+02,1.045783e-03,0.000000e+00,3.184963e+01,-7.313198e-07,1.514866e-05,3.179323e+01,5.515465e-08,1.984882e-05,0.000000e+00,3.500000e-05,1.045052e-03,2.218178e-07,2.218178e-08,0.000000e+00,2.218178e-08,-1.512650e-05,1.987350e-05,3.500000e-05,-2.216121e-08,2.507030e-09
2.239000e-10,4.752400e+02,1.124692e-03,0.000000e+00,3.184943e+01,-6.248341e-07,1.515396e-05,3.179323e+01,-5.194290e-08,1.985701e-05,0.000000e+00,3.500000e-05,1.124067e-03,1.032840e-07,1.032840e-08,0.000000e+00,1.032840e-08,-1.513503e-05,1.986497e-05,3.500000e-05,-1.893437e-08,-2.361041e-09
2.240000e-10,4.756007e+02,1.233031e-03,0.000000e+00,3.184926e+01,-4.828790e-07,1.515547e-05,3.179320e+01,-1.350730e-07,1.986559e-05,0.000000e+00,3.500000e-05,1.232548e-03,-2.853444e-09,-2.853444e-10,0.000000e+00,-2.853444e-10,-1.514084e-05,1.985916e-05,3.500000e-05,-1.463270e-08,-6.139680e-09
2.241000e-10,4.759957e+02,1.356215e-03,0.000000e+00,3.184914e+01,-3.243595e-07,1.515374e-05,3.179316e+01,-1.912832e-07,1.987374e-05,0.000000e+00,3.500000e-05,1.355891e-03,-8.951439e-08,-8.951439e-09,0.000000e+00,-8.951439e-09,-1.514391e-05,1.985609e-05,3.500000e-05,-9.829076e-09,-8.694689e-09
2.242000e-10,4.764257e+02,1.473106e-03,0.000000e+00,3.184907e+01,-1.661997e-07,1.514950e-05,3.179310e+01,-2.205231e-07,1.988082e-05,0.000000e+00,3.500000e-05,1.472940e-03,-1.526187e-07,-1.526187e-08,0.000000e+00,-1.526187e-08,-1.514447e-05,1.985553e-05,3.500000e-05,-5.036355e-09,-1.002378e-08
2.243000e-10,4.768849e+02,1.559020e-03,0.000000e+00,3.184904e+01,-2.221697e-08,1.514360e-05,3.179303e+01,-2.251209e-07,1.988640e-05,0.000000e+00,3.500000e-05,1.558997e-03,-1.908984e-07,-1.908984e-08,0.000000e+00,-1.908984e-08,-1.514292e-05,1.985708e-05,3.500000e-05,-6.732417e-10,-1.023277e-08
2.244000e-10,4.773606e+02,1.592792e-03,0.000000e+00,3.184905e+01,9.752712e-08,1.513684e-05,3.179297e+01,-2.091464e-07,1.989026e-05,0.000000e+00,3.500000e-05,1.592890e-03,-2.054972e-07,-2.054972e-08,0.000000e+00,-2.054972e-08,-1.513980e-05,1.986020e-05,3.500000e-05,2.955367e-09,-9.506653e-09
2.245000e-10,4.778361e+02,1.564662e-03,0.000000e+00,3.184909e+01,1.869277e-07,1.512998e-05,3.179291e+01,-1.777365e-07,1.989238e-05,0.000000e+00,3.500000e-05,1.564849e-03,-1.994313e-07,-1.994313e-08,0.000000e+00,-1.994313e-08,-1.513564e-05,1.986436e-05,3.500000e-05,5.664474e-09,-8.078932e-09
2.246000e-10,4.782943e+02,1.479667e-03,0.000000e+00,3.184915e+01,2.436534e-07,1.512364e-05,3.179286e+01,-1.364508e-07,1.989288e-05,0.000000e+00,3.500000e-05,1.479911e-03,-1.769843e-07,-1.769843e-08,0.000000e+00,-1.769843e-08,-1.513102e-05,1.986898e-05,3.500000e-05,7.383437e-09,-6.202308e-09
2.247000e-10,4.787215e+02,1.354447e-03,0.000000e+00,3.184923e+01,2.686657e-07,1.511827e-05,3.179283e+01,-9.070589e-08,1.989202e-05,0.000000e+00,3.500000e-05,1.354716e-03,-1.431002e-07,-1.431002e-08,0.000000e+00,-1.431002e-08,-1.512641e-05,1.987359e-05,3.500000e-05,8.141385e-09,-4.122995e-09
2.248000e-10,4.791090e+02,1.210277e-03,0.000000e+00,3.184931e+01,2.655353e-07,1.511418e-05,3.179281e+01,-4.532603e-08,1.989011e-05,0.000000e+00,3.500000e-05,1.210542e-03,-1.028293e-07,-1.028293e-08,0.000000e+00,-1.028293e-08,-1.512223e-05,1.987777e-05,3.500000e-05,8.046525e-09,-2.060274e-09
2.249000e-10,4.794543e+02,1.066715e-03,0.000000e+00,3.184938e+01,2.396547e-07,1.511149e-05,3.179280e+01,-4.226890e-09,1.988752e-05,0.000000e+00,3.500000e-05,1.066955e-03,-6.086528e-08,-6.086528e-09,0.000000e+00,-6.086528e-09,-1.511876e-05,1.988124e-05,3.500000e-05,7.262265e-09,-1.921314e-10
2.250000e-10,4.797594e+02,9.382463e-04,0.000000e+00,3.184945e+01,1.974333e-07,1.511019e-05,3.179280e+01,2.976309e-08,1.988460e-05,0.000000e+00,3.500000e-05,9.384437e-04,-2.119781e-08,-2.119781e-09,0.000000e+00,-2.119781e-09,-1.511617e-05,1.988383e-05,3.500000e-05,5.982828e-09,1.352868e-09
2.251000e-10,4.800300e+02,8.338146e-04,0.000000e+00,3.184950e+01,1.455497e-07,1.511012e-05,3.179281e+01,5.495353e-08,1.988166e-05,0.000000e+00,3.500000e-05,8.339602e-04,1.310990e-08,1.310990e-09,0.000000e+00,1.310990e-09,-1.511453e-05,1.988547e-05,3.500000e-05,4.410597e-09,2.497888e-09
2.252000e-10,4.802738e+02,7.579972e-04,0.000000e+00,3.184953e+01,9.031650e-08,1.511108e-05,3.179283e+01,7.073368e-08,1.987896e-05,0.000000e+00,3.500000e-05,7.580875e-04,4.002172e-08,4.002172e-09,0.000000e+00,4.002172e-09,-1.511382e-05,1.988618e-05,3.500000e-05,2.736864e-09,3.215167e-09
2.253000e-10,4.804994e+02,7.125999e-04,0.000000e+00,3.184955e+01,3.719259e-08,1.511280e-05,3.179286e+01,7.742988e-08,1.987670e-05,0.000000e+00,3.500000e-05,7.126371e-04,5.852074e-08,5.852074e-09,0.000000e+00,5.852074e-09,-1.511393e-05,1.988607e-05,3.500000e-05,1.127048e-09,3.519540e-09
2.254000e-10,4.807160e+02,6.979913e-04,0.000000e+00,3.184956e+01,-9.540906e-09,1.511498e-05,3.179288e+01,7.610651e-08,1.987500e-05,0.000000e+00,3.500000e-05,6.979818e-04,6.851333e-08,6.851333e-09,0.000000e+00,6.851333e-09,-1.511469e-05,1.988531e-05,3.500000e-05,-2.891184e-10,3.459387e-09
2.255000e-10,4.809328e+02,7.139124e-04,0.000000e+00,3.184955e+01,-4.694232e-08,1.511735e-05,3.179290e+01,6.833842e-08,1.987390e-05,0.000000e+00,3.500000e-05,7.138654e-04,7.066953e-08,7.066953e-09,0.000000e+00,7.066953e-09,-1.511593e-05,1.988407e-05,3.500000e-05,-1.422495e-09,3.106292e-09
2.256000e-10,4.811590e+02,7.597136e-04,0.000000e+00,3.184953e+01,-7.342418e-08,1.511967e-05,3.179292e+01,5.597989e-08,1.987339e-05,0.000000e+00,3.500000e-05,7.596401e-04,6.622547e-08,6.622547e-09,0.000000e+00,6.622547e-09,-1.511745e-05,1.988255e-05,3.500000e-05,-2.224975e-09,2.544541e-09
2.257000e-10,4.814033e+02,8.340135e-04,0.000000e+00,3.184951e+01,-8.864634e-08,1.512174e-05,3.179293e+01,4.095100e-08,1.987341e-05,0.000000e+00,3.500000e-05,8.339249e-04,5.677188e-08,5.677188e-09,0.000000e+00,5.677188e-09,-1.511906e-05,1.988094e-05,3.500000e-05,-2.686253e-09,1.861409e-09
2.258000e-10,4.816739e+02,9.337682e-04,0.000000e+00,3.184948e+01,-9.331910e-08,1.512343e-05,3.179294e+01,2.505712e-08,1.987385e-05,0.000000e+00,3.500000e-05,9.336749e-04,4.405005e-08,4.405005e-09,0.000000e+00,4.405005e-09,-1.512060e-05,1.987940e-05,3.500000e-05,-2.827851e-09,1.138960e-09
2.259000e-10,4.819774e+02,1.052828e-03,0.000000e+00,3.184945e+01,-8.894986e-08,1.512466e-05,3.179295e+01,9.851276e-09,1.987462e-05,0.000000e+00,3.500000e-05,1.052739e-03,2.977152e-08,2.977152e-09,0.000000e+00,2.977152e-09,-1.512196e-05,1.987804e-05,3.500000e-05,-2.695450e-09,4.477853e-10
2.260000e-10,4.823176e+02,1.180396e-03,0.000000e+00,3.184943e+01,-7.756589e-08,1.512539e-05,3.179295e+01,-3.456304e-09,1.987557e-05,0.000000e+00,3.500000e-05,1.180318e-03,1.547329e-08,1.547329e-09,0.000000e+00,1.547329e-09,-1.512304e-05,1.987696e-05,3.500000e-05,-2.350482e-09,-1.571047e-10
2.261000e-10,4.826945e+02,1.300415e-03,0.000000e+00,3.184941e+01,-6.144180e-08,1.512567e-05,3.179295e+01,-1.404213e-08,1.987659e-05,0.000000e+00,3.500000e-05,1.300353e-03,2.414588e-09,2.414588e-10,0.000000e+00,2.414588e-10,-1.512381e-05,1.987619e-05,3.500000e-05,-1.861873e-09,-6.382786e-10
2.262000e-10,4.831023e+02,1.393351e-03,0.000000e+00,3.184939e+01,-4.285489e-08,1.512555e-05,3.179294e+01,-2.147142e-08,1.987758e-05,0.000000e+00,3.500000e-05,1.393308e-03,-8.483163e-09,-8.483163e-10,0.000000e+00,-8.483163e-10,-1.512425e-05,1.987575e-05,3.500000e-05,-1.298633e-09,-9.759734e-10
2.263000e-10,4.835302e+02,1.441031e-03,0.000000e+00,3.184938e+01,-2.388472e-08,1.512510e-05,3.179293e+01,-2.566559e-08,1.987845e-05,0.000000e+00,3.500000e-05,1.441007e-03,-1.665582e-08,-1.665582e-09,0.000000e+00,-1.665582e-09,-1.512438e-05,1.987562e-05,3.500000e-05,-7.237794e-10,-1.166618e-09
2.264000e-10,4.839631e+02,1.432796e-03,0.000000e+00,3.184938e+01,-6.266465e-09,1.512444e-05,3.179293e+01,-2.684442e-08,1.987916e-05,0.000000e+00,3.500000e-05,1.432790e-03,-2.188109e-08,-2.188109e-09,0.000000e+00,-2.188109e-09,-1.512425e-05,1.987575e-05,3.500000e-05,-1.898929e-10,-1.220201e-09
2.265000e-10,4.843847e+02,1.369311e-03,0.000000e+00,3.184938e+01,8.698833e-09,1.512365e-05,3.179292e+01,-2.545249e-08,1.987967e-05,0.000000e+00,3.500000e-05,1.369320e-03,-2.423589e-08,-2.423589e-09,0.000000e+00,-2.423589e-09,-1.512391e-05,1.987609e-05,3.500000e-05,2.636010e-10,-1.156931e-09
2.266000e-10,4.847808e+02,1.261602e-03,0.000000e+00,3.184938e+01,2.017957e-08,1.512283e-05,3.179291e+01,-2.207927e-08,1.987997e-05,0.000000e+00,3.500000e-05,1.261622e-03,-2.403522e-08,-2.403522e-09,0.000000e+00,-2.403522e-09,-1.512344e-05,1.987656e-05,3.500000e-05,6.115021e-10,-1.003603e-09
2.267000e-10,4.851410e+02,1.126349e-03,0.000000e+00,3.184939e+01,2.780126e-08,1.512205e-05,3.179291e+01,-1.738106e-08,1.988007e-05,0.000000e+00,3.500000e-05,1.126377e-03,-2.176117e-08,-2.176117e-09,0.000000e+00,-2.176117e-09,-1.512290e-05,1.987710e-05,3.500000e-05,8.424623e-10,-7.900483e-10
2.268000e-10,4.854597e+02,9.805190e-04,0.000000e+00,3.184940e+01,3.159631e-08,1.512139e-05,3.179290e+01,-1.201117e-08,1.988000e-05,0.000000e+00,3.500000e-05,9.805506e-04,-1.799026e-08,-1.799026e-09,0.000000e+00,-1.799026e-09,-1.512234e-05,1.987766e-05,3.500000e-05,9.574638e-10,-5.459625e-10
2.269000e-10,4.857357e+02,8.377195e-04,0.000000e+00,3.184941e+01,3.192721e-08,1.512086e-05,3.179290e+01,-6.563144e-09,1.987980e-05,0.000000e+00,3.500000e-05,8.377515e-04,-1.332563e-08,-1.332563e-09,0.000000e+00,-1.332563e-09,-1.512183e-05,1.987817e-05,3.500000e-05,9.674912e-10,-2.983247e-10
2.270000e-10,4.859708e+02,7.069153e-04,0.000000e+00,3.184942e+01,2.939470e-08,1.512051e-05,3.179290e+01,-1.529471e-09,1.987951e-05,0.000000e+00,3.500000e-05,7.069447e-04,-8.339267e-09,-8.339267e-10,0.000000e+00,-8.339267e-10,-1.512140e-05,1.987860e-05,3.500000e-05,8.907485e-10,-6.952139e-11
2.271000e-10,4.861693e+02,5.928255e-04,0.000000e+00,3.184942e+01,2.474171e-08,1.512031e-05,3.179290e+01,2.723252e-09,1.987916e-05,0.000000e+00,3.500000e-05,5.928502e-04,-3.527406e-09,-3.527406e-10,0.000000e+00,-3.527406e-10,-1.512106e-05,1.987894e-05,3.500000e-05,7.497488e-10,1.237842e-10
2.272000e-10,4.863362e+02,4.970663e-04,0.000000e+00,3.184943e+01,1.876227e-08,1.512028e-05,3.179290e+01,5.963638e-09,1.987881e-05,0.000000e+00,3.500000e-05,4.970850e-04,7.192318e-10,7.192318e-11,0.000000e+00,7.192318e-11,-1.512084e-05,1.987916e-05,3.500000e-05,5.685538e-10,2.710744e-10
2.273000e-10,4.864767e+02,4.193547e-04,0.000000e+00,3.184943e+01,1.222253e-08,1.512037e-05,3.179290e+01,8.091243e-09,1.987848e-05,0.000000e+00,3.500000e-05,4.193669e-04,4.130578e-09,4.130578e-10,0.000000e+00,4.130578e-10,-1.512074e-05,1.987926e-05,3.500000e-05,3.703797e-10,3.677838e-10
2.274000e-10,4.865962e+02,3.584598e-04,0.000000e+00,3.184944e+01,5.798534e-09,1.512055e-05,3.179290e+01,9.121582e-09,1.987820e-05,0.000000e+00,3.500000e-05,3.584656e-04,6.558994e-09,6.558994e-10,0.000000e+00,6.558994e-10,-1.512073e-05,1.987927e-05,3.500000e-05,1.757131e-10,4.146174e-10
2.275000e-10,4.866994e+02,3.128425e-04,0.000000e+00,3.184944e+01,3.326344e-11,1.512080e-05,3.179291e+01,9.163685e-09,1.987798e-05,0.000000e+00,3.500000e-05,3.128425e-04,7.969981e-09,7.969981e-10,0.000000e+00,7.969981e-10,-1.512080e-05,1.987920e-05,3.500000e-05,1.007983e-12,4.165312e-10
2.276000e-10,4.867907e+02,2.810362e-04,0.000000e+00,3.184944e+01,-4.686847e-09,1.512108e-05,3.179291e+01,8.393526e-09,1.987784e-05,0.000000e+00,3.500000e-05,2.810315e-04,8.424634e-09,8.424634e-10,0.000000e+00,8.424634e-10,-1.512094e-05,1.987906e-05,3.500000e-05,-1.420257e-10,3.815239e-10
2.277000e-10,4.868742e+02,2.618521e-04,0.000000e+00,3.184944e+01,-8.137380e-09,1.512136e-05,3.179291e+01,7.026397e-09,1.987776e-05,0.000000e+00,3.500000e-05,2.618440e-04,8.056906e-09,8.056906e-10,0.000000e+00,8.056906e-10,-1.512111e-05,1.987889e-05,3.500000e-05,-2.465873e-10,3.193817e-10
2.278000e-10,4.869536e+02,2.544770e-04,0.000000e+00,3.184943e+01,-1.024619e-08,1.512162e-05,3.179291e+01,5.290866e-09,1.987775e-05,0.000000e+00,3.500000e-05,2.544667e-04,7.048599e-09,7.048599e-10,0.000000e+00,7.048599e-10,-1.512131e-05,1.987869e-05,3.500000e-05,-3.104905e-10,2.404939e-10
2.279000e-10,4.870324e+02,2.585116e-04,0.000000e+00,3.184943e+01,-1.107203e-08,1.512183e-05,3.179291e+01,3.406291e-09,1.987779e-05,0.000000e+00,3.500000e-05,2.585006e-04,5.604705e-09,5.604705e-10,0.000000e+00,5.604705e-10,-1.512149e-05,1.987851e-05,3.500000e-05,-3.355161e-10,1.548314e-10
2.280000e-10,4.871142e+02,2.739781e-04,0.000000e+00,3.184943e+01,-1.077565e-08,1.512199e-05,3.179291e+01,1.565235e-09,1.987788e-05,0.000000e+00,3.500000e-05,2.739674e-04,3.931189e-09,3.931189e-10,0.000000e+00,3.931189e-10,-1.512166e-05,1.987834e-05,3.500000e-05,-3.265347e-10,7.114703e-11
2.281000e-10,4.872025e+02,3.013057e-04,0.000000e+00,3.184942e+01,-9.587063e-09,1.512209e-05,3.179291e+01,-7.856784e-11,1.987798e-05,0.000000e+00,3.500000e-05,3.012961e-04,2.216736e-09,2.216736e-10,0.000000e+00,2.216736e-10,-1.512180e-05,1.987820e-05,3.500000e-05,-2.905171e-10,-3.571265e-12
2.282000e-10,4.873010e+02,3.412926e-04,0.000000e+00,3.184942e+01,-7.772838e-09,1.512213e-05,3.179291e+01,-1.416650e-09,1.987811e-05,0.000000e+00,3.500000e-05,3.412848e-04,6.193166e-10,6.193166e-11,0.000000e+00,6.193166e-11,-1.512190e-05,1.987810e-05,3.500000e-05,-2.355405e-10,-6.439318e-11
2.283000e-10,4.874139e+02,3.950246e-04,0.000000e+00,3.184942e+01,-5.605993e-09,1.512213e-05,3.179291e+01,-2.387106e-09,1.987823e-05,0.000000e+00,3.500000e-05,3.950190e-04,-7.420891e-10,-7.420891e-11,0.000000e+00,-7.420891e-11,-1.512196e-05,1.987804e-05,3.500000e-05,-1.698786e-10,-1.085048e-10
2.284000e-10,4.875455e+02,4.637129e-04,0.000000e+00,3.184942e+01,-3.340880e-09,1.512208e-05,3.179291e+01,-2.971563e-09,1.987833e-05,0.000000e+00,3.500000e-05,4.637096e-04,-1.790855e-09,-1.790855e-10,0.000000e+00,-1.790855e-10,-1.512198e-05,1.987802e-05,3.500000e-05,-1.012388e-10,-1.350710e-10
2.285000e-10,4.877004e+02,5.483905e-04,0.000000e+00,3.184942e+01,-1.194234e-09,1.512201e-05,3.179291e+01,-3.188876e-09,1.987842e-05,0.000000e+00,3.500000e-05,5.483893e-04,-2.491737e-09,-2.491737e-10,0.000000e+00,-2.491737e-10,-1.512197e-05,1.987803e-05,3.500000e-05,-3.618892e-11,-1.449489e-10
2.286000e-10,4.878836e+02,6.493831e-04,0.000000e+00,3.184942e+01,6.670076e-10,1.512192e-05,3.179291e+01,-3.086711e-09,1.987849e-05,0.000000e+00,3.500000e-05,6.493837e-04,-2.846438e-09,-2.846438e-10,0.000000e+00,-2.846438e-10,-1.512194e-05,1.987806e-05,3.500000e-05,2.021235e-11,-1.403050e-10
2.287000e-10,4.880997e+02,7.654778e-04,0.000000e+00,3.184942e+01,2.131317e-09,1.512182e-05,3.179291e+01,-2.732116e-09,1.987853e-05,0.000000e+00,3.500000e-05,7.654799e-04,-2.886751e-09,-2.886751e-10,0.000000e+00,-2.886751e-10,-1.512188e-05,1.987812e-05,3.500000e-05,6.458538e-11,-1.241871e-10
2.288000e-10,4.883526e+02,8.927943e-04,0.000000e+00,3.184942e+01,3.142292e-09,1.512172e-05,3.179291e+01,-2.202113e-09,1.987855e-05,0.000000e+00,3.500000e-05,8.927975e-04,-2.666288e-09,-2.666288e-10,0.000000e+00,-2.666288e-10,-1.512182e-05,1.987818e-05,3.500000e-05,9.522097e-11,-1.000960e-10
2.289000e-10,4.886443e+02,1.023611e-03,0.000000e+00,3.184942e+01,3.693584e-09,1.512164e-05,3.179291e+01,-1.575124e-09,1.987854e-05,0.000000e+00,3.500000e-05,1.023614e-03,-2.251813e-09,-2.251813e-10,0.000000e+00,-2.251813e-10,-1.512175e-05,1.987825e-05,3.500000e-05,1.119268e-10,-7.159654e-11
2.290000e-10,4.889736e+02,1.145817e-03,0.000000e+00,3.184942e+01,3.820360e-09,1.512158e-05,3.179291e+01,-9.238285e-10,1.987852e-05,0.000000e+00,3.500000e-05,1.145820e-03,-1.714986e-09,-1.714986e-10,0.000000e+00,-1.714986e-10,-1.512169e-05,1.987831e-05,3.500000e-05,1.157685e-10,-4.199221e-11
2.291000e-10,4.893354e+02,1.244001e-03,0.000000e+00,3.184942e+01,3.588665e-09,1.512153e-05,3.179291e+01,-3.098278e-10,1.987849e-05,0.000000e+00,3.500000e-05,1.244005e-03,-1.125183e-09,-1.125182e-10,0.000000e+00,-1.125182e-10,-1.512164e-05,1.987836e-05,3.500000e-05,1.087474e-10,-1.408308e-11
2.292000e-10,4.897199e+02,1.302795e-03,0.000000e+00,3.184942e+01,3.084010e-09,1.512150e-05,3.179291e+01,2.197502e-10,1.987845e-05,0.000000e+00,3.500000e-05,1.302798e-03,-5.438161e-10,-5.438161e-11,0.000000e+00,-5.438161e-11,-1.512160e-05,1.987840e-05,3.500000e-05,9.345486e-11,9.988644e-12
2.293000e-10,4.901137e+02,1.311595e-03,0.000000e+00,3.184942e+01,2.400327e-09,1.512149e-05,3.179291e+01,6.337574e-10,1.987841e-05,0.000000e+00,3.500000e-05,1.311598e-03,-2.039601e-11,-2.039602e-12,0.000000e+00,-2.039602e-12,-1.512157e-05,1.987843e-05,3.500000e-05,7.273719e-11,2.880715e-11
2.294000e-10,4.905019e+02,1.268235e-03,0.000000e+00,3.184942e+01,1.630189e-09,1.512150e-05,3.179291e+01,9.168552e-10,1.987837e-05,0.000000e+00,3.500000e-05,1.268237e-03,4.096571e-10,4.096571e-11,0.000000e+00,4.096571e-11,-1.512155e-05,1.987845e-05,3.500000e-05,4.939967e-11,4.167524e-11
2.295000e-10,4.908702e+02,1.179398e-03,0.000000e+00,3.184942e+01,8.569302e-10,1.512152e-05,3.179291e+01,1.067987e-09,1.987833e-05,0.000000e+00,3.500000e-05,1.179399e-03,7.255594e-10,7.255594e-11,0.000000e+00,7.255594e-11,-1.512155e-05,1.987845e-05,3.500000e-05,2.596758e-11,4.854487e-11
2.296000e-10,4.912073e+02,1.057731e-03,0.000000e+00,3.184942e+01,1.490092e-10,1.512155e-05,3.179291e+01,1.097875e-09,1.987830e-05,0.000000e+00,3.500000e-05,1.057731e-03,9.203273e-10,9.203273e-11,0.000000e+00,9.203273e-11,-1.512155e-05,1.987845e-05,3.500000e-05,4.515432e-12,4.990341e-11
2.297000e-10,4.915055e+02,9.175931e-04,0.000000e+00,3.184942e+01,-4.432974e-10,1.512158e-05,3.179291e+01,1.025937e-09,1.987828e-05,0.000000e+00,3.500000e-05,9.175927e-04,9.988827e-10,9.988827e-11,0.000000e+00,9.988827e-11,-1.512157e-05,1.987843e-05,3.500000e-05,-1.343326e-11,4.663349e-11
2.298000e-10,4.917612e+02,7.715376e-04,0.000000e+00,3.184942e+01,-8.890043e-10,1.512162e-05,3.179291e+01,8.770001e-10,1.987827e-05,0.000000e+00,3.500000e-05,7.715367e-04,9.754556e-10,9.754556e-11,0.000000e+00,9.754556e-11,-1.512159e-05,1.987841e-05,3.500000e-05,-2.693952e-11,3.986364e-11
2.299000e-10,4.919737e+02,6.285080e-04,0.000000e+00,3.184942e+01,-1.175630e-09,1.512165e-05,3.179291e+01,6.781397e-10,1.987827e-05,0.000000e+00,3.500000e-05,6.285068e-04,8.706431e-10,8.706431e-11,0.000000e+00,8.706431e-11,-1.512161e-05,1.987839e-05,3.500000e-05,-3.562516e-11,3.082453e-11
2.300000e-10,4.921446e+02,4.935928e-04,0.000000e+00,3.184942e+01,-1.306930e-09,1.512167e-05,3.179291e+01,4.558912e-10,1.987827e-05,0.000000e+00,3.500000e-05,4.935915e-04,7.084432e-10,7.084433e-11,0.000000e+00,7.084433e-11,-1.512163e-05,1.987837e-05,3.500000e-05,-3.960394e-11,2.072233e-11
2.301000e-10,4.922762e+02,3.686786e-04,0.000000e+00,3.184942e+01,-1.299614e-09,1.512169e-05,3.179291e+01,2.340197e-10,1.987828e-05,0.000000e+00,3.500000e-05,3.686773e-04,5.135300e-10,5.135300e-11,0.000000e+00,5.135300e-11,-1.512165e-05,1.987835e-05,3.500000e-05,-3.938223e-11,1.063726e-11
2.302000e-10,4.923714e+02,2.533819e-04,0.000000e+00,3.184942e+01,-1.179523e-09,1.512171e-05,3.179291e+01,3.193675e-11,1.987830e-05,0.000000e+00,3.500000e-05,2.533807e-04,3.089636e-10,3.089636e-11,0.000000e+00,3.089636e-11,-1.512167e-05,1.987833e-05,3.500000e-05,-3.574313e-11,1.451671e-12
2.303000e-10,4.924327e+02,1.458958e-04,0.000000e+00,3.184942e+01,-9.777043e-10,1.512171e-05,3.179291e+01,-1.362125e-10,1.987831e-05,0.000000e+00,3.500000e-05,1.458948e-04,1.144597e-10,1.144597e-11,0.000000e+00,1.144597e-11,-1.512168e-05,1.987832e-05,3.500000e-05,-2.962740e-11,-6.191478e-12
2.304000e-10,4.924619e+02,4.362027e-05,0.000000e+00,3.184942e+01,-7.267343e-10,1.512171e-05,3.179291e+01,-2.618338e-10,1.987832e-05,0.000000e+00,3.500000e-05,4.361954e-05,-5.473371e-11,-5.473370e-12,0.000000e+00,-5.473370e-12,-1.512169e-05,1.987831e-05,3.500000e-05,-2.202225e-11,-1.190153e-11
2.305000e-10,4.924603e+02,-5.641424e-05,0.000000e+00,3.184942e+01,-4.575836e-10,1.512171e-05,3.179291e+01,-3.416290e-10,1.987834e-05,0.000000e+00,3.500000e-05,-5.641470e-05,-1.883630e-10,-1.883630e-11,0.000000e+00,-1.883630e-11,-1.512170e-05,1.987830e-05,3.500000e-05,-1.386617e-11,-1.552859e-11
2.306000e-10,4.924279e+02,-1.572621e-04,0.000000e+00,3.184942e+01,-1.971883e-10,1.512170e-05,3.179291e+01,-3.769234e-10,1.987835e-05,0.000000e+00,3.500000e-05,-1.572623e-04,-2.811612e-10,-2.811612e-11,0.000000e+00,-2.811612e-11,-1.512170e-05,1.987830e-05,3.500000e-05,-5.975402e-12,-1.713288e-11
2.307000e-10,4.923640e+02,-2.618273e-04,0.000000e+00,3.184942e+01,3.318094e-11,1.512169e-05,3.179291e+01,-3.727081e-10,1.987836e-05,0.000000e+00,3.500000e-05,-2.618273e-04,-3.324036e-10,-3.324036e-11,0.000000e+00,-3.324036e-11,-1.512169e-05,1.987831e-05,3.500000e-05,1.005483e-12,-1.694128e-11
2.308000e-10,4.922673e+02,-3.725873e-04,0.000000e+00,3.184942e+01,2.187566e-10,1.512168e-05,3.179291e+01,-3.365360e-10,1.987836e-05,0.000000e+00,3.500000e-05,-3.725870e-04,-3.451458e-10,-3.451458e-11,0.000000e+00,-3.451458e-11,-1.512169e-05,1.987831e-05,3.500000e-05,6.628987e-12,-1.529709e-11
2.309000e-10,4.921355e+02,-4.911814e-04,0.000000e+00,3.184942e+01,3.513887e-10,1.512167e-05,3.179291e+01,-2.773925e-10,1.987837e-05,0.000000e+00,3.500000e-05,-4.911811e-04,-3.252684e-10,-3.252683e-11,0.000000e+00,-3.252683e-11,-1.512168e-05,1.987832e-05,3.500000e-05,1.064814e-11,-1.260875e-11
2.310000e-10,4.919664e+02,-6.177912e-04,0.000000e+00,3.184942e+01,4.290573e-10,1.512166e-05,3.179291e+01,-2.046464e-10,1.987837e-05,0.000000e+00,3.500000e-05,-6.177908e-04,-2.804465e-10,-2.804465e-11,0.000000e+00,-2.804465e-11,-1.512167e-05,1.987833e-05,3.500000e-05,1.300174e-11,-9.302109e-12
2.311000e-10,4.917581e+02,-7.502979e-04,0.000000e+00,3.184942e+01,4.549354e-10,1.512165e-05,3.179291e+01,-1.271577e-10,1.987836e-05,0.000000e+00,3.500000e-05,-7.502975e-04,-2.191503e-10,-2.191503e-11,0.000000e+00,-2.191503e-11,-1.512166e-05,1.987834e-05,3.500000e-05,1.378592e-11,-5.779894e-12
2.312000e-10,4.915097e+02,-8.833770e-04,0.000000e+00,3.184942e+01,4.361662e-10,1.512164e-05,3.179291e+01,-5.259188e-11,1.987836e-05,0.000000e+00,3.500000e-05,-8.833766e-04,-1.497565e-10,-1.497565e-11,0.000000e+00,-1.497565e-11,-1.512166e-05,1.987834e-05,3.500000e-05,1.321716e-11,-2.390540e-12
2.313000e-10,4.912227e+02,-1.007973e-03,0.000000e+00,3.184942e+01,3.825143e-10,1.512164e-05,3.179291e+01,1.303556e-11,1.987836e-05,0.000000e+00,3.500000e-05,-1.007972e-03,-7.982983e-11,-7.982982e-12,0.000000e+00,-7.982982e-12,-1.512165e-05,1.987835e-05,3.500000e-05,1.159134e-11,5.925255e-13
2.314000e-10,4.909018e+02,-1.111869e-03,0.000000e+00,3.184942e+01,3.050320e-10,1.512164e-05,3.179291e+01,6.558766e-11,1.987835e-05,0.000000e+00,3.500000e-05,-1.111869e-03,-1.560670e-11,-1.560669e-12,0.000000e+00,-1.560669e-12,-1.512165e-05,1.987835e-05,3.500000e-05,9.243393e-12,2.981257e-12
2.315000e-10,4.905555e+02,-1.181938e-03,0.000000e+00,3.184942e+01,2.148542e-10,1.512164e-05,3.179291e+01,1.028274e-10,1.987835e-05,0.000000e+00,3.500000e-05,-1.181938e-03,3.831114e-11,3.831114e-12,0.000000e+00,3.831114e-12,-1.512165e-05,1.987835e-05,3.500000e-05,6.510733e-12,4.673975e-12
2.316000e-10,4.901953e+02,-1.207740e-03,0.000000e+00,3.184942e+01,1.222065e-10,1.512164e-05,3.179291e+01,1.242691e-10,1.987834e-05,0.000000e+00,3.500000e-05,-1.207740e-03,7.906322e-11,7.906322e-12,0.000000e+00,7.906322e-12,-1.512164e-05,1.987836e-05,3.500000e-05,3.703228e-12,5.648594e-12
2.317000e-10,4.898353e+02,-1.184938e-03,0.000000e+00,3.184942e+01,3.567226e-11,1.512164e-05,3.179291e+01,1.309020e-10,1.987834e-05,0.000000e+00,3.500000e-05,-1.184938e-03,1.054651e-10,1.054651e-11,0.000000e+00,1.054651e-11,-1.512165e-05,1.987835e-05,3.500000e-05,1.080978e-12,5.950091e-12
2.318000e-10,4.894891e+02,-1.116625e-03,0.000000e+00,3.184942e+01,-3.826237e-11,1.512165e-05,3.179291e+01,1.248361e-10,1.987834e-05,0.000000e+00,3.500000e-05,-1.116625e-03,1.178074e-10,1.178074e-11,0.000000e+00,1.178074e-11,-1.512165e-05,1.987835e-05,3.500000e-05,-1.159466e-12,5.674368e-12
2.319000e-10,4.891687e+02,-1.011911e-03,0.000000e+00,3.184942e+01,-9.539657e-11,1.512165e-05,3.179291e+01,1.089125e-10,1.987833e-05,0.000000e+00,3.500000e-05,-1.011912e-03,1.175627e-10,1.175627e-11,0.000000e+00,1.175627e-11,-1.512165e-05,1.987835e-05,3.500000e-05,-2.890805e-12,4.950566e-12
2.320000e-10,4.888830e+02,-8.827587e-04,0.000000e+00,3.184942e+01,-1.337683e-10,1.512166e-05,3.179291e+01,8.632132e-11,1.987833e-05,0.000000e+00,3.500000e-05,-8.827589e-04,1.070406e-10,1.070406e-11,0.000000e+00,1.070406e-11,-1.512165e-05,1.987835e-05,3.500000e-05,-4.053585e-12,3.923696e-12
2.321000e-10,4.886378e+02,-7.407455e-04,0.000000e+00,3.184942e+01,-1.534195e-10,1.512166e-05,3.179291e+01,6.025828e-11,1.987833e-05,0.000000e+00,3.500000e-05,-7.407456e-04,8.903331e-11,8.903329e-12,0.000000e+00,8.903329e-12,-1.512165e-05,1.987835e-05,3.500000e-05,-4.649076e-12,2.739013e-12
2.322000e-10,4.884355e+02,-5.949452e-04,0.000000e+00,3.184942e+01,-1.560282e-10,1.512166e-05,3.179291e+01,3.364281e-11,1.987833e-05,0.000000e+00,3.500000e-05,-5.949454e-04,6.648268e-11,6.648269e-12,0.000000e+00,6.648269e-12,-1.512166e-05,1.987834e-05,3.500000e-05,-4.728127e-12,1.529218e-12
2.323000e-10,4.882767e+02,-4.511549e-04,0.000000e+00,3.184942e+01,-1.444636e-10,1.512166e-05,3.179291e+01,8.912134e-12,1.987834e-05,0.000000e+00,3.500000e-05,-4.511550e-04,4.219461e-11,4.219460e-12,0.000000e+00,4.219460e-12,-1.512166e-05,1.987834e-05,3.500000e-05,-4.377684e-12,4.050970e-13
2.324000e-10,4.881605e+02,-3.121122e-04,0.000000e+00,3.184942e+01,-1.223176e-10,1.512166e-05,3.179291e+01,-1.210509e-11,1.987834e-05,0.000000e+00,3.500000e-05,-3.121123e-04,1.861737e-11,1.861736e-12,0.000000e+00,1.861736e-12,-1.512166e-05,1.987834e-05,3.500000e-05,-3.706595e-12,-5.502311e-13
2.325000e-10,4.880857e+02,-1.781903e-04,0.000000e+00,3.184942e+01,-9.345845e-11,1.512166e-05,3.179291e+01,-2.823865e-11,1.987834e-05,0.000000e+00,3.500000e-05,-1.781904e-04,-2.308206e-12,-2.308212e-13,0.000000e+00,-2.308212e-13,-1.512166e-05,1.987834e-05,3.500000e-05,-2.832074e-12,-1.283575e-12
2.326000e-10,4.880510e+02,-4.819484e-05,0.000000e+00,3.184942e+01,-6.164022e-11,1.512166e-05,3.179291e+01,-3.895987e-11,1.987834e-05,0.000000e+00,3.500000e-05,-4.819490e-05,-1.922693e-11,-1.922694e-12,0.000000e+00,-1.922694e-12,-1.512166e-05,1.987834e-05,3.500000e-05,-1.867885e-12,-1.770903e-12
2.327000e-10,4.880556e+02,7.991388e-05,0.000000e+00,3.184942e+01,-3.019450e-11,1.512166e-05,3.179291e+01,-4.431138e-11,1.987834e-05,0.000000e+00,3.500000e-05,7.991385e-05,-3.138180e-11,-3.138181e-12,0.000000e+00,-3.138181e-12,-1.512166e-05,1.987834e-05,3.500000e-05,-9.149848e-13,-2.014154e-12
2.328000e-10,4.880994e+02,2.083945e-04,0.000000e+00,3.184942e+01,-1.814469e-12,1.512166e-05,3.179291e+01,-4.479953e-11,1.987834e-05,0.000000e+00,3.500000e-05,2.083945e-04,-3.857168e-11,-3.857168e-12,0.000000e+00,-3.857168e-12,-1.512166e-05,1.987834e-05,3.500000e-05,-5.498413e-14,-2.036342e-12
2.329000e-10,4.881827e+02,3.391344e-04,0.000000e+00,3.184942e+01,2.156549e-11,1.512166e-05,3.179291e+01,-4.126560e-11,1.987834e-05,0.000000e+00,3.500000e-05,3.391344e-04,-4.106790e-11,-4.106791e-12,0.000000e+00,-4.106791e-12,-1.512166e-05,1.987834e-05,3.500000e-05,6.534995e-13,-1.875709e-12
2.330000e-10,4.883063e+02,4.730087e-04,0.000000e+00,3.184942e+01,3.880163e-11,1.512166e-05,3.179291e+01,-3.475105e-11,1.987834e-05,0.000000e+00,3.500000e-05,4.730087e-04,-3.950463e-11,-3.950463e-12,0.000000e+00,-3.950463e-12,-1.512166e-05,1.987834e-05,3.500000e-05,1.175807e-12,-1.579593e-12
2.331000e-10,4.884708e+02,6.091408e-04,0.000000e+00,3.184942e+01,4.949758e-11,1.512166e-05,3.179291e+01,-2.636975e-11,1.987834e-05,0.000000e+00,3.500000e-05,6.091408e-04,-3.475710e-11,-3.475711e-12,0.000000e+00,-3.475711e-12,-1.512166e-05,1.987834e-05,3.500000e-05,1.499927e-12,-1.198625e-12
2.332000e-10,4.886764e+02,7.441218e-04,0.000000e+00,3.184942e+01,5.390323e-11,1.512166e-05,3.179291e+01,-1.719691e-11,1.987834e-05,0.000000e+00,3.500000e-05,7.441219e-04,-2.782104e-11,-2.782105e-12,0.000000e+00,-2.782105e-12,-1.512166e-05,1.987834e-05,3.500000e-05,1.633431e-12,-7.816776e-13
2.333000e-10,4.889215e+02,8.714512e-04,0.000000e+00,3.184942e+01,5.277532e-11,1.512166e-05,3.179291e+01,-8.181787e-12,1.987834e-05,0.000000e+00,3.500000e-05,8.714512e-04,-1.970328e-11,-1.970328e-12,0.000000e+00,-1.970328e-12,-1.512166e-05,1.987834e-05,3.500000e-05,1.599252e-12,-3.718994e-13
2.334000e-10,4.892021e+02,9.816793e-04,0.000000e+00,3.184942e+01,4.721885e-11,1.512166e-05,3.179291e+01,-8.725299e-14,1.987834e-05,0.000000e+00,3.500000e-05,9.816793e-04,-1.133139e-11,-1.133138e-12,0.000000e+00,-1.133138e-12,-1.512166e-05,1.987834e-05,3.500000e-05,1.430874e-12,-3.966045e-15
2.335000e-10,4.895111e+02,1.063758e-03,0.000000e+00,3.184942e+01,3.852678e-11,1.512166e-05,3.179291e+01,6.543378e-12,1.987834e-05,0.000000e+00,3.500000e-05,1.063758e-03,-3.486594e-12,-3.486589e-13,0.000000e+00,-3.486589e-13,-1.512166e-05,1.987834e-05,3.500000e-05,1.167478e-12,2.974263e-13
2.336000e-10,4.898384e+02,1.107639e-03,0.000000e+00,3.184942e+01,2.803230e-11,1.512166e-05,3.179291e+01,1.139410e-11,1.987834e-05,0.000000e+00,3.500000e-05,1.107639e-03,3.238165e-12,3.238157e-13,0.000000e+00,3.238157e-13,-1.512166e-05,1.987834e-05,3.500000e-05,8.494639e-13,5.179137e-13
2.337000e-10,4.901718e+02,1.107258e-03,0.000000e+00,3.184942e+01,1.698448e-11,1.512166e-05,3.179291e+01,1.436261e-11,1.987834e-05,0.000000e+00,3.500000e-05,1.107258e-03,8.456078e-12,8.456069e-13,0.000000e+00,8.456069e-13,-1.512166e-05,1.987834e-05,3.500000e-05,5.146813e-13,6.528461e-13
2.338000e-10,4.904982e+02,1.062471e-03,0.000000e+00,3.184942e+01,6.453897e-12,1.512166e-05,3.179291e+01,1.553044e-11,1.987834e-05,0.000000e+00,3.500000e-05,1.062471e-03,1.198298e-11,1.198298e-12,0.000000e+00,1.198298e-12,-1.512166e-05,1.987834e-05,3.500000e-05,1.955727e-13,7.059289e-13
2.339000e-10,4.908053e+02,9.789028e-04,0.000000e+00,3.184942e+01,-2.728907e-12,1.512166e-05,3.179291e+01,1.512241e-11,1.987834e-05,0.000000e+00,3.500000e-05,9.789028e-04,1.381661e-11,1.381661e-12,0.000000e+00,1.381661e-12,-1.512166e-05,1.987834e-05,3.500000e-05,-8.269410e-14,6.873822e-13
2.340000e-10,4.910831e+02,8.659256e-04,0.000000e+00,3.184942e+01,-1.000272e-11,1.512166e-05,3.179291e+01,1.346083e-11,1.987834e-05,0.000000e+00,3.500000e-05,8.659256e-04,1.410382e-11,1.410382e-12,0.000000e+00,1.410382e-12,-1.512166e-05,1.987834e-05,3.500000e-05,-3.031127e-13,6.118559e-13
2.341000e-10,4.913243e+02,7.339244e-04,0.000000e+00,3.184942e+01,-1.507595e-11,1.512166e-05,3.179291e+01,1.091946e-11,1.987834e-05,0.000000e+00,3.500000e-05,7.339244e-04,1.310051e-11,1.310052e-12,0.000000e+00,1.310052e-12,-1.512166e-05,1.987834e-05,3.500000e-05,-4.568469e-13,4.963392e-13
2.342000e-10,4.915247e+02,5.920221e-04,0.000000e+00,3.184942e+01,-1.790324e-11,1.512166e-05,3.179291e+01,7.881374e-12,1.987834e-05,0.000000e+00,3.500000e-05,5.920220e-04,1.112940e-11,1.112939e-12,0.000000e+00,1.112939e-12,-1.512166e-05,1.987834e-05,3.500000e-05,-5.425225e-13,3.582443e-13
2.343000e-10,4.916820e+02,4.468472e-04,0.000000e+00,3.184942e+01,-1.864465e-11,1.512166e-05,3.179291e+01,4.703629e-12,1.987834e-05,0.000000e+00,3.500000e-05,4.468472e-04,8.539437e-12,8.539448e-13,0.000000e+00,8.539448e-13,-1.512166e-05,1.987834e-05,3.500000e-05,-5.649896e-13,2.138013e-13
2.344000e-10,4.917956e+02,3.022967e-04,0.000000e+00,3.184942e+01,-1.761431e-11,1.512166e-05,3.179291e+01,1.690638e-12,1.987834e-05,0.000000e+00,3.500000e-05,3.022967e-04,5.670620e-12,5.670615e-13,0.000000e+00,5.670615e-13,-1.512166e-05,1.987834e-05,3.500000e-05,-5.337667e-13,7.684720e-14
2.345000e-10,4.918659e+02,1.599424e-04,0.000000e+00,3.184942e+01,-1.522477e-11,1.512166e-05,3.179291e+01,-9.230577e-13,1.987834e-05,0.000000e+00,3.500000e-05,1.599424e-04,2.825436e-12,2.825445e-13,0.000000e+00,2.825445e-13,-1.512166e-05,1.987834e-05,3.500000e-05,-4.613564e-13,-4.195717e-14
2.346000e-10,4.918934e+02,1.972869e-05,0.000000e+00,3.184942e+01,-1.193292e-11,1.512166e-05,3.179291e+01,-2.980527e-12,1.987834e-05,0.000000e+00,3.500000e-05,1.972867e-05,2.494471e-13,2.494475e-14,0.000000e+00,2.494475e-14,-1.512166e-05,1.987834e-05,3.500000e-05,-3.616034e-13,-1.354785e-13
2.347000e-10,4.918783e+02,-1.192615e-04,0.000000e+00,3.184942e+01,-8.191824e-12,1.512166e-05,3.179291e+01,-4.402269e-12,1.987834e-05,0.000000e+00,3.500000e-05,-1.192615e-04,-1.880131e-12,-1.880118e-13,0.000000e+00,-1.880118e-13,-1.512166e-05,1.987834e-05,3.500000e-05,-2.482369e-13,-2.001031e-13
2.348000e-10,4.918211e+02,-2.580483e-04,0.000000e+00,3.184942e+01,-4.411617e-12,1.512166e-05,3.179291e+01,-5.179039e-12,1.987834e-05,0.000000e+00,3.500000e-05,-2.580483e-04,-3.457463e-12,-3.457472e-13,0.000000e+00,-3.457472e-13,-1.512166e-05,1.987834e-05,3.500000e-05,-1.336853e-13,-2.354109e-13
2.349000e-10,4.917215e+02,-3.970006e-04,0.000000e+00,3.184942e+01,-9.313007e-13,1.512166e-05,3.179291e+01,-5.359877e-12,1.987834e-05,0.000000e+00,3.500000e-05,-3.970006e-04,-4.444518e-12,-4.444523e-13,0.000000e+00,-4.444523e-13,-1.512166e-05,1.987834e-05,3.500000e-05,-2.822123e-14,-2.436308e-13
2.350000e-10,4.915800e+02,-5.350706e-04,0.000000e+00,3.184942e+01,1.998074e-12,1.512166e-05,3.179291e+01,-5.037260e-12,1.987834e-05,0.000000e+00,3.500000e-05,-5.350706e-04,-4.861912e-12,-4.861911e-13,0.000000e+00,-4.861911e-13,-1.512166e-05,1.987834e-05,3.500000e-05,6.054749e-14,-2.289664e-13
2.351000e-10,4.913973e+02,-6.690816e-04,0.000000e+00,3.184942e+01,4.219471e-12,1.512166e-05,3.179291e+01,-4.331028e-12,1.987834e-05,0.000000e+00,3.500000e-05,-6.690816e-04,-4.776544e-12,-4.776546e-13,0.000000e+00,-4.776546e-13,-1.512166e-05,1.987834e-05,3.500000e-05,1.278626e-13,-1.968649e-13
2.352000e-10,4.911757e+02,-7.932776e-04,0.000000e+00,3.184942e+01,5.666562e-12,1.512166e-05,3.179291e+01,-3.372911e-12,1.987834e-05,0.000000e+00,3.500000e-05,-7.932776e-04,-4.287305e-12,-4.287310e-13,0.000000e+00,-4.287310e-13,-1.512166e-05,1.987834e-05,3.500000e-05,1.717142e-13,-1.533141e-13
2.353000e-10,4.909196e+02,-8.995039e-04,0.000000e+00,3.184942e+01,6.353061e-12,1.512166e-05,3.179291e+01,-2.292851e-12,1.987834e-05,0.000000e+00,3.500000e-05,-8.995039e-04,-3.510604e-12,-3.510601e-13,0.000000e+00,-3.510601e-13,-1.512166e-05,1.987834e-05,3.500000e-05,1.925167e-13,-1.042205e-13
2.354000e-10,4.906360e+02,-9.783696e-04,0.000000e+00,3.184942e+01,6.356967e-12,1.512166e-05,3.179291e+01,-1.207809e-12,1.987834e-05,0.000000e+00,3.500000e-05,-9.783696e-04,-2.566869e-12,-2.566866e-13,0.000000e+00,-2.566866e-13,-1.512166e-05,1.987834e-05,3.500000e-05,1.926353e-13,-5.490043e-14
2.355000e-10,4.903346e+02,-1.021372e-03,0.000000e+00,3.184942e+01,5.802032e-12,1.512166e-05,3.179291e+01,-2.140022e-13,1.987834e-05,0.000000e+00,3.500000e-05,-1.021372e-03,-1.569326e-12,-1.569325e-13,0.000000e+00,-1.569325e-13,-1.512166e-05,1.987834e-05,3.500000e-05,1.758192e-13,-9.727373e-15
2.356000e-10,4.900269e+02,-1.023308e-03,0.000000e+00,3.184942e+01,4.838573e-12,1.512166e-05,3.179291e+01,6.179266e-13,1.987834e-05,0.000000e+00,3.500000e-05,-1.023308e-03,-6.153572e-13,-6.153616e-14,0.000000e+00,-6.153616e-14,-1.512166e-05,1.987834e-05,3.500000e-05,1.466233e-13,2.808757e-14
2.357000e-10,4.897250e+02,-9.838615e-04,0.000000e+00,3.184942e+01,3.625449e-12,1.512166e-05,3.179291e+01,1.244342e-12,1.987834e-05,0.000000e+00,3.500000e-05,-9.838615e-04,2.192111e-13,2.192109e-14,0.000000e+00,2.192109e-14,-1.512166e-05,1.987834e-05,3.500000e-05,1.098620e-13,5.656098e-14
2.358000e-10,4.894405e+02,-9.075809e-04,0.000000e+00,3.184942e+01,2.314558e-12,1.512166e-05,3.179291e+01,1.647635e-12,1.987834e-05,0.000000e+00,3.500000e-05,-9.075809e-04,8.828073e-13,8.828022e-14,0.000000e+00,8.828022e-14,-1.512166e-05,1.987834e-05,3.500000e-05,7.013828e-14,7.489248e-14
2.359000e-10,4.891831e+02,-8.023370e-04,0.000000e+00,3.184942e+01,1.038768e-12,1.512166e-05,3.179291e+01,1.832979e-12,1.987834e-05,0.000000e+00,3.500000e-05,-8.023370e-04,1.348256e-12,1.348251e-13,0.000000e+00,1.348251e-13,-1.512166e-05,1.987834e-05,3.500000e-05,3.147804e-14,8.331724e-14
2.360000e-10,4.889602e+02,-6.771164e-04,0.000000e+00,3.184942e+01,-9.629309e-14,1.512166e-05,3.179291e+01,1.823684e-12,1.987834e-05,0.000000e+00,3.500000e-05,-6.771164e-04,1.610717e-12,1.610725e-13,0.000000e+00,1.610725e-13,-1.512166e-05,1.987834e-05,3.500000e-05,-2.917734e-15,8.289473e-14
2.361000e-10,4.887765e+02,-5.400865e-04,0.000000e+00,3.184942e+01,-1.016549e-12,1.512166e-05,3.179291e+01,1.655948e-12,1.987834e-05,0.000000e+00,3.500000e-05,-5.400865e-04,1.684044e-12,1.684049e-13,0.000000e+00,1.684049e-13,-1.512166e-05,1.987834e-05,3.500000e-05,-3.080468e-14,7.527035e-14
2.362000e-10,4.886347e+02,-3.974585e-04,0.000000e+00,3.184942e+01,-1.680255e-12,1.512166e-05,3.179291e+01,1.373318e-12,1.987834e-05,0.000000e+00,3.500000e-05,-3.974585e-04,1.596168e-12,1.596185e-13,0.000000e+00,1.596185e-13,-1.512166e-05,1.987834e-05,3.500000e-05,-5.091684e-14,6.242356e-14
2.363000e-10,4.885362e+02,-2.531874e-04,0.000000e+00,3.184942e+01,-2.075777e-12,1.512166e-05,3.179291e+01,1.021518e-12,1.987834e-05,0.000000e+00,3.500000e-05,-2.531874e-04,1.384157e-12,1.384157e-13,0.000000e+00,1.384157e-13,-1.512166e-05,1.987834e-05,3.500000e-05,-6.290240e-14,4.643262e-14
2.364000e-10,4.884812e+02,-1.092710e-04,0.000000e+00,3.184942e+01,-2.217142e-12,1.512166e-05,3.179291e+01,6.440060e-13,1.987834e-05,0.000000e+00,3.500000e-05,-1.092710e-04,1.089163e-12,1.089166e-13,0.000000e+00,1.089166e-13,-1.512166e-05,1.987834e-05,3.500000e-05,-6.718600e-14,2.927300e-14
2.365000e-10,4.884697e+02,3.363030e-05,0.000000e+00,3.184942e+01,-2.138145e-12,1.512166e-05,3.179291e+01,2.785431e-13,1.987834e-05,0.000000e+00,3.500000e-05,3.363030e-05,7.521734e-13,7.521754e-14,0.000000e+00,7.521754e-14,-1.512166e-05,1.987834e-05,3.500000e-05,-6.479229e-14,1.266105e-14
2.366000e-10,4.885014e+02,1.754454e-04,0.000000e+00,3.184942e+01,-1.885781e-12,1.512166e-05,3.179291e+01,-4.491556e-14,1.987834e-05,0.000000e+00,3.500000e-05,1.754454e-04,4.103960e-13,4.103981e-14,0.000000e+00,4.103981e-14,-1.512166e-05,1.987834e-05,3.500000e-05,-5.714506e-14,-2.041616e-15
2.367000e-10,4.885760e+02,3.159121e-04,0.000000e+00,3.184942e+01,-1.513723e-12,1.512166e-05,3.179291e+01,-3.056398e-13,1.987834e-05,0.000000e+00,3.500000e-05,3.159121e-04,9.475061e-14,9.473620e-15,0.000000e+00,9.473620e-15,-1.512166e-05,1.987834e-05,3.500000e-05,-4.587060e-14,-1.389272e-14
2.368000e-10,4.886927e+02,4.538089e-04,0.000000e+00,3.184942e+01,-1.076400e-12,1.512166e-05,3.179291e+01,-4.921419e-13,1.987834e-05,0.000000e+00,3.500000e-05,4.538089e-04,-1.718752e-13,-1.718781e-14,0.000000e+00,-1.718781e-14,-1.512166e-05,1.987834e-05,3.500000e-05,-3.261803e-14,-2.237009e-14
2.369000e-10,4.888504e+02,5.862722e-04,0.000000e+00,3.184942e+01,-6.240719e-13,1.512166e-05,3.179291e+01,-6.015107e-13,1.987834e-05,0.000000e+00,3.500000e-05,5.862722e-04,-3.749336e-13,-3.749321e-14,0.000000e+00,-3.749321e-14,-1.512166e-05,1.987834e-05,3.500000e-05,-1.891106e-14,-2.734140e-14
2.370000e-10,4.890465e+02,7.083645e-04,0.000000e+00,3.184942e+01,-1.991824e-13,1.512166e-05,3.179291e+01,-6.381833e-13,1.987834e-05,0.000000e+00,3.500000e-05,7.083645e-04,-5.081369e-13,-5.081431e-14,0.000000e+00,-5.081431e-14,-1.512166e-05,1.987834e-05,3.500000e-05,-6.035829e-15,-2.900833e-14
2.371000e-10,4.892766e+02,8.131653e-04,0.000000e+00,3.184942e+01,1.659523e-13,1.512166e-05,3.179291e+01,-6.121389e-13,1.987834e-05,0.000000e+00,3.500000e-05,8.131653e-04,-5.725112e-13,-5.725216e-14,0.000000e+00,-5.725216e-14,-1.512166e-05,1.987834e-05,3.500000e-05,5.028706e-15,-2.782450e-14
2.372000e-10,4.895341e+02,8.926473e-04,0.000000e+00,3.184942e+01,4.501387e-13,1.512166e-05,3.179291e+01,-5.370926e-13,1.987834e-05,0.000000e+00,3.500000e-05,8.926473e-04,-5.749314e-13,-5.749197e-14,0.000000e+00,-5.749197e-14,-1.512166e-05,1.987834e-05,3.500000e-05,1.364054e-14,-2.441330e-14
2.373000e-10,4.898102e+02,9.393376e-04,0.000000e+00,3.184942e+01,6.431411e-13,1.512166e-05,3.179291e+01,-4.285306e-13,1.987834e-05,0.000000e+00,3.500000e-05,9.393376e-04,-5.263942e-13,-5.263888e-14,0.000000e+00,-5.263888e-14,-1.512166e-05,1.987834e-05,3.500000e-05,1.948929e-14,-1.947866e-14
2.374000e-10,4.900943e+02,9.482863e-04,0.000000e+00,3.184942e+01,7.445902e-13,1.512166e-05,3.179291e+01,-3.020970e-13,1.987834e-05,0.000000e+00,3.500000e-05,9.482863e-04,-4.404741e-13,-4.404796e-14,0.000000e+00,-4.404796e-14,-1.512166e-05,1.987834e-05,3.500000e-05,2.256328e-14,-1.373168e-14
2.375000e-10,4.903751e+02,9.185084e-04,0.000000e+00,3.184942e+01,7.622240e-13,1.512166e-05,3.179291e+01,-1.721208e-13,1.987834e-05,0.000000e+00,3.500000e-05,9.185084e-04,-3.315175e-13,-3.315271e-14,0.000000e+00,-3.315271e-14,-1.512166e-05,1.987834e-05,3.500000e-05,2.309793e-14,-7.823672e-15
2.376000e-10,4.906415e+02,8.532109e-04,0.000000e+00,3.184942e+01,7.097300e-13,1.512166e-05,3.179291e+01,-5.065058e-14,1.987834e-05,0.000000e+00,3.500000e-05,8.532109e-04,-2.132656e-13,-2.132693e-14,0.000000e+00,-2.132693e-14,-1.512166e-05,1.987834e-05,3.500000e-05,2.150673e-14,-2.302299e-15
2.377000e-10,4.908840e+02,7.587500e-04,0.000000e+00,3.184942e+01,6.044678e-13,1.512166e-05,3.179291e+01,5.319363e-14,1.987834e-05,0.000000e+00,3.500000e-05,7.587500e-04,-9.777596e-14,-9.777301e-15,0.000000e+00,-9.777301e-15,-1.512166e-05,1.987834e-05,3.500000e-05,1.831741e-14,2.417892e-15
2.378000e-10,4.910951e+02,6.428865e-04,0.000000e+00,3.184942e+01,4.652736e-13,1.512166e-05,3.179291e+01,1.335015e-13,1.987834e-05,0.000000e+00,3.500000e-05,6.428865e-04,5.314102e-15,5.322156e-16,0.000000e+00,5.322156e-16,-1.512166e-05,1.987834e-05,3.500000e-05,1.409919e-14,6.068248e-15
2.379000e-10,4.912694e+02,5.130963e-04,0.000000e+00,3.184942e+01,3.105349e-13,1.512166e-05,3.179291e+01,1.874843e-13,1.987834e-05,0.000000e+00,3.500000e-05,5.130963e-04,8.921728e-14,8.921041e-15,0.000000e+00,8.921041e-15,-1.512166e-05,1.987834e-05,3.500000e-05,9.410090e-15,8.522014e-15
2.380000e-10,4.914035e+02,3.754527e-04,0.000000e+00,3.184942e+01,1.566629e-13,1.512166e-05,3.179291e+01,2.151773e-13,1.987834e-05,0.000000e+00,3.500000e-05,3.754527e-04,1.500225e-13,1.500144e-14,0.000000e+00,1.500144e-14,-1.512166e-05,1.987834e-05,3.500000e-05,4.747562e-15,9.780785e-15
2.381000e-10,4.914957e+02,2.342113e-04,0.000000e+00,3.184942e+01,1.701129e-14,1.512166e-05,3.179291e+01,2.189655e-13,1.987834e-05,0.000000e+00,3.500000e-05,2.342113e-04,1.865899e-13,1.865879e-14,0.000000e+00,1.865879e-14,-1.512166e-05,1.987834e-05,3.500000e-05,5.155194e-16,9.952979e-15
2.382000e-10,4.915450e+02,9.196749e-05,0.000000e+00,3.184942e+01,-9.874348e-14,1.512166e-05,3.179291e+01,2.028303e-13,1.987834e-05,0.000000e+00,3.500000e-05,9.196749e-05,2.001470e-13,2.001447e-14,0.000000e+00,2.001447e-14,-1.512166e-05,1.987834e-05,3.500000e-05,-2.992138e-15,9.219560e-15
2.383000e-10,4.915514e+02,-4.983323e-05,0.000000e+00,3.184942e+01,-1.847820e-13,1.512166e-05,3.179291e+01,1.718226e-13,1.987834e-05,0.000000e+00,3.500000e-05,-4.983323e-05,1.936578e-13,1.936616e-14,0.000000e+00,1.936616e-14,-1.512166e-05,1.987834e-05,3.500000e-05,-5.599498e-15,7.810119e-15
2.384000e-10,4.915150e+02,-1.902133e-04,0.000000e+00,3.184942e+01,-2.389553e-13,1.512166e-05,3.179291e+01,1.313618e-13,1.987834e-05,0.000000e+00,3.500000e-05,-1.902133e-04,1.713403e-13,1.713458e-14,0.000000e+00,1.713458e-14,-1.512166e-05,1.987834e-05,3.500000e-05,-7.241188e-15,5.970990e-15
2.385000e-10,4.914364e+02,-3.279298e-04,0.000000e+00,3.184942e+01,-2.623006e-13,1.512166e-05,3.179291e+01,8.669177e-14,1.987834e-05,0.000000e+00,3.500000e-05,-3.279298e-04,1.380263e-13,1.380338e-14,0.000000e+00,1.380338e-14,-1.512166e-05,1.987834e-05,3.500000e-05,-7.948565e-15,3.940535e-15
2.386000e-10,4.913169e+02,-4.607806e-04,0.000000e+00,3.184942e+01,-2.583726e-13,1.512166e-05,3.179291e+01,4.254789e-14,1.987834e-05,0.000000e+00,3.500000e-05,-4.607806e-04,9.866165e-14,9.865892e-15,0.000000e+00,9.865892e-15,-1.512166e-05,1.987834e-05,3.500000e-05,-7.829518e-15,1.933995e-15
2.387000e-10,4.911585e+02,-5.850712e-04,0.000000e+00,3.184942e+01,-2.324750e-13,1.512166e-05,3.179291e+01,2.700897e-15,1.987834e-05,0.000000e+00,3.500000e-05,-5.850712e-04,5.778866e-14,5.779068e-15,0.000000e+00,5.779068e-15,-1.512166e-05,1.987834e-05,3.500000e-05,-7.044546e-15,1.227680e-16
2.388000e-10,4.909649e+02,-6.954285e-04,0.000000e+00,3.184942e+01,-1.908766e-13,1.512166e-05,3.179291e+01,-3.013078e-14,1.987834e-05,0.000000e+00,3.500000e-05,-6.954285e-04,1.926581e-14,1.928278e-15,0.000000e+00,1.928278e-15,-1.512166e-05,1.987834e-05,3.500000e-05,-5.783915e-15,-1.369581e-15
2.389000e-10,4.907413e+02,-7.851811e-04,0.000000e+00,3.184942e+01,-1.400843e-13,1.512166e-05,3.179291e+01,-5.435116e-14,1.987834e-05,0.000000e+00,3.500000e-05,-7.851811e-04,-1.392540e-14,-1.391937e-15,0.000000e+00,-1.391937e-15,-1.512166e-05,1.987834e-05,3.500000e-05,-4.244798e-15,-2.470507e-15
2.390000e-10,4.904951e+02,-8.474161e-04,0.000000e+00,3.184942e+01,-8.622873e-14,1.512166e-05,3.179291e+01,-6.936394e-14,1.987834e-05,0.000000e+00,3.500000e-05,-8.474161e-04,-3.986453e-14,-3.986282e-15,0.000000e+00,-3.986282e-15,-1.512166e-05,1.987834e-05,3.500000e-05,-2.613205e-15,-3.152906e-15
2.391000e-10,4.902354e+02,-8.765230e-04,0.000000e+00,3.184942e+01,-3.459209e-14,1.512166e-05,3.179291e+01,-7.559003e-14,1.987834e-05,0.000000e+00,3.500000e-05,-8.765230e-04,-5.757820e-14,-5.757068e-15,0.000000e+00,-5.757068e-15,-1.512166e-05,1.987834e-05,3.500000e-05,-1.048046e-15,-3.435910e-15
2.392000e-10,4.899727e+02,-8.696812e-04,0.000000e+00,3.184942e+01,1.069679e-14,1.512166e-05,3.179291e+01,-7.404666e-14,1.987834e-05,0.000000e+00,3.500000e-05,-8.696812e-04,-6.701380e-14,-6.700799e-15,0.000000e+00,-6.700799e-15,-1.512166e-05,1.987834e-05,3.500000e-05,3.241926e-16,-3.365757e-15
2.393000e-10,4.897175e+02,-8.276415e-04,0.000000e+00,3.184942e+01,4.681434e-14,1.512166e-05,3.179291e+01,-6.629473e-14,1.987834e-05,0.000000e+00,3.500000e-05,-8.276415e-04,-6.885532e-14,-6.886377e-15,0.000000e+00,-6.886377e-15,-1.512166e-05,1.987834e-05,3.500000e-05,1.418476e-15,-3.013397e-15
2.394000e-10,4.894796e+02,-7.544546e-04,0.000000e+00,3.184942e+01,7.225497e-14,1.512166e-05,3.179291e+01,-5.410562e-14,1.987834e-05,0.000000e+00,3.500000e-05,-7.544546e-04,-6.433045e-14,-6.433836e-15,0.000000e+00,-6.433836e-15,-1.512166e-05,1.987834e-05,3.500000e-05,2.189629e-15,-2.459347e-15
2.395000e-10,4.892674e+02,-6.563249e-04,0.000000e+00,3.184942e+01,8.672687e-14,1.512166e-05,3.179291e+01,-3.939100e-14,1.987834e-05,0.000000e+00,3.500000e-05,-6.563249e-04,-5.498254e-14,-5.498506e-15,0.000000e+00,-5.498506e-15,-1.512166e-05,1.987834e-05,3.500000e-05,2.628086e-15,-1.790500e-15
2.396000e-10,4.890872e+02,-5.401368e-04,0.000000e+00,3.184942e+01,9.095333e-14,1.512166e-05,3.179291e+01,-2.388715e-14,1.987834e-05,0.000000e+00,3.500000e-05,-5.401368e-04,-4.249528e-14,-4.249414e-15,0.000000e+00,-4.249414e-15,-1.512166e-05,1.987834e-05,3.500000e-05,2.756169e-15,-1.085780e-15
2.397000e-10,4.889436e+02,-4.122050e-04,0.000000e+00,3.184942e+01,8.642654e-14,1.512166e-05,3.179291e+01,-9.102372e-15,1.987834e-05,0.000000e+00,3.500000e-05,-4.122050e-04,-2.853480e-14,-2.853172e-15,0.000000e+00,-2.853172e-15,-1.512166e-05,1.987834e-05,3.500000e-05,2.619051e-15,-4.137442e-16
2.398000e-10,4.888396e+02,-2.775575e-04,0.000000e+00,3.184942e+01,7.513537e-14,1.512166e-05,3.179291e+01,3.770732e-15,1.987834e-05,0.000000e+00,3.500000e-05,-2.775575e-04,-1.460940e-14,-1.460764e-15,0.000000e+00,-1.460764e-15,-1.512166e-05,1.987834e-05,3.500000e-05,2.276789e-15,1.713969e-16
2.399000e-10,4.887766e+02,-1.397800e-04,0.000000e+00,3.184942e+01,5.930152e-14,1.512166e-05,3.179291e+01,1.397802e-14,1.987834e-05,0.000000e+00,3.500000e-05,-1.397800e-04,-1.937981e-15,-1.946882e-16,0.000000e+00,-1.946882e-16,-1.512166e-05,1.987834e-05,3.500000e-05,1.796877e-15,6.353644e-16
2.400000e-10,4.887553e+02,-1.288522e-06,0.000000e+00,3.184942e+01,4.114084e-14,1.512166e-05,3.179291e+01,2.109856e-14,1.987834e-05,0.000000e+00,3.500000e-05,-1.288522e-06,8.602531e-15,8.586886e-16,0.000000e+00,8.586886e-16,-1.512166e-05,1.987834e-05,3.500000e-05,1.246813e-15,9.590256e-16
2.401000e-10,4.887758e+02,1.361409e-04,0.000000e+00,3.184942e+01,2.266909e-14,1.512166e-05,3.179291e+01,2.507975e-14,1.987834e-05,0.000000e+00,3.500000e-05,1.361409e-04,1.645092e-14,1.644622e-15,0.000000e+00,1.644622e-15,-1.512166e-05,1.987834e-05,3.500000e-05,6.871821e-16,1.139989e-15
2.402000e-10,4.888375e+02,2.707348e-04,0.000000e+00,3.184942e+01,5.563462e-15,1.512166e-05,3.179291e+01,2.611451e-14,1.987834e-05,0.000000e+00,3.500000e-05,2.707348e-04,2.143179e-14,2.143201e-15,0.000000e+00,2.143201e-15,-1.512166e-05,1.987834e-05,3.500000e-05,1.684739e-16,1.187023e-15
2.403000e-10,4.889391e+02,4.000943e-04,0.000000e+00,3.184942e+01,-8.922880e-15,1.512166e-05,3.179291e+01,2.469391e-14,1.987834e-05,0.000000e+00,3.500000e-05,4.000943e-04,2.362408e-14,2.363100e-15,0.000000e+00,2.363100e-15,-1.512166e-05,1.987834e-05,3.500000e-05,-2.705148e-16,1.122451e-15
2.404000e-10,4.890784e+02,5.207051e-04,0.000000e+00,3.184942e+01,-1.999292e-14,1.512166e-05,3.179291e+01,2.134410e-14,1.987834e-05,0.000000e+00,3.500000e-05,5.207051e-04,2.333469e-14,2.334912e-15,0.000000e+00,2.334912e-15,-1.512166e-05,1.987834e-05,3.500000e-05,-6.058682e-16,9.701863e-16
2.405000e-10,4.892520e+02,6.277448e-04,0.000000e+00,3.184942e+01,-2.729839e-14,1.512166e-05,3.179291e+01,1.676660e-14,1.987834e-05,0.000000e+00,3.500000e-05,6.277448e-04,2.108102e-14,2.107775e-15,0.000000e+00,2.107775e-15,-1.512166e-05,1.987834e-05,3.500000e-05,-8.269569e-16,7.621184e-16
2.406000e-10,4.894548e+02,7.153604e-04,0.000000e+00,3.184942e+01,-3.087847e-14,1.512166e-05,3.179291e+01,1.154019e-14,1.987834e-05,0.000000e+00,3.500000e-05,7.153604e-04,1.738044e-14,1.737709e-15,0.000000e+00,1.737709e-15,-1.512166e-05,1.987834e-05,3.500000e-05,-9.359069e-16,5.245543e-16
2.407000e-10,4.896799e+02,7.774964e-04,0.000000e+00,3.184942e+01,-3.109545e-14,1.512166e-05,3.179291e+01,6.261169e-15,1.987834e-05,0.000000e+00,3.500000e-05,7.774964e-04,1.284680e-14,1.283063e-15,0.000000e+00,1.283063e-15,-1.512166e-05,1.987834e-05,3.500000e-05,-9.422845e-16,2.845986e-16
2.408000e-10,4.899188e+02,8.091328e-04,0.000000e+00,3.184942e+01,-2.854309e-14,1.512166e-05,3.179291e+01,1.367987e-15,1.987834e-05,0.000000e+00,3.500000e-05,8.091328e-04,7.988691e-15,7.980256e-16,0.000000e+00,7.980256e-16,-1.512166e-05,1.987834e-05,3.500000e-05,-8.646908e-16,6.218121e-17
2.409000e-10,4.901620e+02,8.075233e-04,0.000000e+00,3.184942e+01,-2.394596e-14,1.512166e-05,3.179291e+01,-2.753511e-15,1.987834e-05,0.000000e+00,3.500000e-05,8.075233e-04,3.314737e-15,3.310154e-16,0.000000e+00,3.310154e-16,-1.512166e-05,1.987834e-05,3.500000e-05,-7.254474e-16,-1.251596e-16
2.410000e-10,4.903997e+02,7.729207e-04,0.000000e+00,3.184942e+01,-1.808011e-14,1.512166e-05,3.179291e+01,-5.857789e-15,1.987834e-05,0.000000e+00,3.500000e-05,7.729207e-04,-8.155305e-16,-8.016789e-17,0.000000e+00,-8.016789e-17,-1.512166e-05,1.987834e-05,3.500000e-05,-5.479387e-16,-2.662631e-16
2.411000e-10,4.906224e+02,7.084767e-04,0.000000e+00,3.184942e+01,-1.168930e-14,1.512166e-05,3.179291e+01,-7.892230e-15,1.987834e-05,0.000000e+00,3.500000e-05,7.084767e-04,-4.068883e-15,-4.077372e-16,0.000000e+00,-4.077372e-16,-1.512166e-05,1.987834e-05,3.500000e-05,-3.539546e-16,-3.587377e-16
2.412000e-10,4.908221e+02,6.193976e-04,0.000000e+00,3.184942e+01,-5.431250e-15,1.512166e-05,3.179291e+01,-8.874375e-15,1.987834e-05,0.000000e+00,3.500000e-05,6.193976e-04,-6.419014e-15,-6.414413e-16,0.000000e+00,-6.414413e-16,-1.512166e-05,1.987834e-05,3.500000e-05,-1.647536e-16,-4.033807e-16
2.413000e-10,4.909924e+02,5.117502e-04,0.000000e+00,3.184942e+01,1.668740e-16,1.512166e-05,3.179291e+01,-8.891913e-15,1.987834e-05,0.000000e+00,3.500000e-05,5.117502e-04,-7.769462e-15,-7.764584e-16,0.000000e+00,-7.764584e-16,-1.512166e-05,1.987834e-05,3.500000e-05,5.314633e-18,-4.041779e-16
2.414000e-10,4.911284e+02,3.913738e-04,0.000000e+00,3.184942e+01,4.734017e-15,1.512166e-05,3.179291e+01,-8.137766e-15,1.987834e-05,0.000000e+00,3.500000e-05,3.913738e-04,-8.190381e-15,-8.181981e-16,0.000000e+00,-8.181981e-16,-1.512166e-05,1.987834e-05,3.500000e-05,1.434951e-16,-3.698985e-16
2.415000e-10,4.912270e+02,2.631895e-04,0.000000e+00,3.184942e+01,8.058462e-15,1.512166e-05,3.179291e+01,-6.804856e-15,1.987834e-05,0.000000e+00,3.500000e-05,2.631895e-04,-7.804539e-15,-7.806930e-16,0.000000e+00,-7.806930e-16,-1.512166e-05,1.987834e-05,3.500000e-05,2.439417e-16,-3.093117e-16
2.416000e-10,4.912865e+02,1.309841e-04,0.000000e+00,3.184942e+01,1.007248e-14,1.512166e-05,3.179291e+01,-5.086104e-15,1.987834e-05,0.000000e+00,3.500000e-05,1.309841e-04,-6.822395e-15,-6.829948e-16,0.000000e+00,-6.829948e-16,-1.512166e-05,1.987834e-05,3.500000e-05,3.050599e-16,-2.311865e-16
2.417000e-10,4.913058e+02,-2.414871e-06,0.000000e+00,3.184942e+01,1.083654e-14,1.512166e-05,3.179291e+01,-3.262122e-15,1.987834e-05,0.000000e+00,3.500000e-05,-2.414871e-06,-5.419331e-15,-5.411054e-16,0.000000e+00,-5.411054e-16,-1.512166e-05,1.987834e-05,3.500000e-05,3.284443e-16,-1.482783e-16
2.418000e-10,4.912849e+02,-1.347110e-04,0.000000e+00,3.184942e+01,1.051129e-14,1.512166e-05,3.179291e+01,-1.473216e-15,1.987834e-05,0.000000e+00,3.500000e-05,-1.347110e-04,-3.770732e-15,-3.773144e-16,0.000000e+00,-3.773144e-16,-1.512166e-05,1.987834e-05,3.500000e-05,3.183465e-16,-6.696438e-17
2.419000e-10,4.912246e+02,-2.635995e-04,0.000000e+00,3.184942e+01,9.323743e-15,1.512166e-05,3.179291e+01,1.227680e-16,1.987834e-05,0.000000e+00,3.500000e-05,-2.635995e-04,-2.104595e-15,-2.100574e-16,0.000000e+00,-2.100574e-16,-1.512166e-05,1.987834e-05,3.500000e-05,2.827385e-16,5.580365e-18
2.420000e-10,4.911262e+02,-3.862451e-04,0.000000e+00,3.184942e+01,7.533155e-15,1.512166e-05,3.179291e+01,1.420601e-15,1.987834e-05,0.000000e+00,3.500000e-05,-3.862451e-04,-5.436870e-16,-5.469496e-17,0.000000e+00,-5.469496e-17,-1.512166e-05,1.987834e-05,3.500000e-05,2.285292e-16,6.457279e-17
2.421000e-10,4.909924e+02,-4.989098e-04,0.000000e+00,3.184942e+01,5.405983e-15,1.512166e-05,3.179291e+01,2.367669e-15,1.987834e-05,0.000000e+00,3.500000e-05,-4.989098e-04,7.716847e-16,7.649432e-17,0.000000e+00,7.649432e-17,-1.512166e-05,1.987834e-05,3.500000e-05,1.636907e-16,1.076213e-16
2.422000e-10,4.908269e+02,-5.968787e-04,0.000000e+00,3.184942e+01,3.191391e-15,1.512166e-05,3.179291e+01,2.946433e-15,1.987834e-05,0.000000e+00,3.500000e-05,-5.968787e-04,1.771367e-15,1.778516e-16,0.000000e+00,1.778516e-16,-1.512166e-05,1.987834e-05,3.500000e-05,9.672632e-17,1.339288e-16
2.423000e-10,4.906350e+02,-6.748067e-04,0.000000e+00,3.184942e+01,1.100154e-15,1.512166e-05,3.179291e+01,3.156892e-15,1.987834e-05,0.000000e+00,3.500000e-05,-6.748067e-04,2.472899e-15,2.474955e-16,0.000000e+00,2.474955e-16,-1.512166e-05,1.987834e-05,3.500000e-05,3.348219e-17,1.434951e-16
2.424000e-10,4.904237e+02,-7.275049e-04,0.000000e+00,3.184942e+01,-7.060776e-16,1.512166e-05,3.179291e+01,3.034124e-15,1.987834e-05,0.000000e+00,3.500000e-05,-7.275049e-04,2.823665e-15,2.821897e-16,0.000000e+00,2.821897e-16,-1.512166e-05,1.987834e-05,3.500000e-05,-2.125853e-17,1.379147e-16
2.425000e-10,4.902011e+02,-7.509871e-04,0.000000e+00,3.184942e+01,-2.121386e-15,1.512166e-05,3.179291e+01,2.665820e-15,1.987834e-05,0.000000e+00,3.500000e-05,-7.509871e-04,2.841203e-15,2.837926e-16,0.000000e+00,2.837926e-16,-1.512166e-05,1.987834e-05,3.500000e-05,-6.430706e-17,1.211736e-16
2.426000e-10,4.899763e+02,-7.434160e-04,0.000000e+00,3.184942e+01,-3.092139e-15,1.512166e-05,3.179291e+01,2.157210e-15,1.987834e-05,0.000000e+00,3.500000e-05,-7.434160e-04,2.613205e-15,2.612413e-16,0.000000e+00,2.612413e-16,-1.512166e-05,1.987834e-05,3.500000e-05,-9.353754e-17,9.805498e-17
2.427000e-10,4.897585e+02,-7.055621e-04,0.000000e+00,3.184942e+01,-3.615294e-15,1.512166e-05,3.179291e+01,1.525831e-15,1.987834e-05,0.000000e+00,3.500000e-05,-7.055621e-04,2.192286e-15,2.199687e-16,0.000000e+00,2.199687e-16,-1.512166e-05,1.987834e-05,3.500000e-05,-1.094814e-16,6.935596e-17
2.428000e-10,4.895561e+02,-6.405907e-04,0.000000e+00,3.184942e+01,-3.727632e-15,1.512166e-05,3.179291e+01,8.944528e-16,1.987834e-05,0.000000e+00,3.500000e-05,-6.405907e-04,1.657368e-15,1.674318e-16,0.000000e+00,1.674318e-16,-1.512166e-05,1.987834e-05,3.500000e-05,-1.132017e-16,4.065694e-17
2.429000e-10,4.893765e+02,-5.532942e-04,0.000000e+00,3.184942e+01,-3.491452e-15,1.512166e-05,3.179291e+01,2.981509e-16,1.987834e-05,0.000000e+00,3.500000e-05,-5.532942e-04,1.104912e-15,1.102771e-16,0.000000e+00,1.102771e-16,-1.512166e-05,1.987834e-05,3.500000e-05,-1.057612e-16,1.355231e-17
2.430000e-10,4.892257e+02,-4.491046e-04,0.000000e+00,3.184942e+01,-2.989026e-15,1.512166e-05,3.179291e+01,-2.104595e-16,1.987834e-05,0.000000e+00,3.500000e-05,-4.491046e-04,5.349178e-16,5.444165e-17,0.000000e+00,5.444165e-17,-1.512166e-05,1.987834e-05,3.500000e-05,-9.034876e-17,-9.566340e-18
2.431000e-10,4.891079e+02,-3.332340e-04,0.000000e+00,3.184942e+01,-2.313818e-15,1.512166e-05,3.179291e+01,-6.138401e-16,1.987834e-05,0.000000e+00,3.500000e-05,-3.332340e-04,3.507658e-17,2.855402e-18,0.000000e+00,2.855402e-18,-1.512166e-05,1.987834e-05,3.500000e-05,-7.015316e-17,-2.790182e-17
2.432000e-10,4.890261e+02,-2.101560e-04,0.000000e+00,3.184942e+01,-1.557073e-15,1.512166e-05,3.179291e+01,-8.944528e-16,1.987834e-05,0.000000e+00,3.500000e-05,-2.101560e-04,-4.033807e-16,-4.017047e-17,0.000000e+00,-4.017047e-17,-1.512166e-05,1.987834e-05,3.500000e-05,-4.730024e-17,-4.065694e-17
2.433000e-10,4.889819e+02,-8.347576e-05,0.000000e+00,3.184942e+01,-8.006446e-16,1.512166e-05,3.179291e+01,-1.052297e-15,1.987834e-05,0.000000e+00,3.500000e-05,-8.347576e-05,-7.190699e-16,-7.109917e-17,0.000000e+00,-7.109917e-17,-1.512166e-05,1.987834e-05,3.500000e-05,-2.444731e-17,-4.783170e-17
2.434000e-10,4.889761e+02,4.388516e-05,0.000000e+00,3.184942e+01,-1.098249e-16,1.512166e-05,3.179291e+01,-1.087374e-15,1.987834e-05,0.000000e+00,3.500000e-05,4.388516e-05,-8.944528e-16,-9.007312e-17,0.000000e+00,-9.007312e-17,-1.512166e-05,1.987834e-05,3.500000e-05,-3.188780e-18,-4.942609e-17
2.435000e-10,4.890084e+02,1.693074e-04,0.000000e+00,3.184942e+01,4.621799e-16,1.512166e-05,3.179291e+01,-1.034759e-15,1.987834e-05,0.000000e+00,3.500000e-05,1.693074e-04,-9.909134e-16,-9.930215e-17,0.000000e+00,-9.930215e-17,-1.512166e-05,1.987834e-05,3.500000e-05,1.381805e-17,-4.703450e-17
2.436000e-10,4.890780e+02,2.900256e-04,0.000000e+00,3.184942e+01,8.896023e-16,1.512166e-05,3.179291e+01,-8.593762e-16,1.987834e-05,0.000000e+00,3.500000e-05,2.900256e-04,-9.646059e-16,-9.685432e-17,0.000000e+00,-9.685432e-17,-1.512166e-05,1.987834e-05,3.500000e-05,2.710463e-17,-3.906255e-17
2.437000e-10,4.891827e+02,4.027410e-04,0.000000e+00,3.184942e+01,1.162230e-15,1.512166e-05,3.179291e+01,-6.489167e-16,1.987834e-05,0.000000e+00,3.500000e-05,4.027410e-04,-8.506070e-16,-8.495847e-17,0.000000e+00,-8.495847e-17,-1.512166e-05,1.987834e-05,3.500000e-05,3.507658e-17,-2.949621e-17
2.438000e-10,4.893196e+02,5.034235e-04,0.000000e+00,3.184942e+01,1.281824e-15,1.512166e-05,3.179291e+01,-4.033807e-16,1.987834e-05,0.000000e+00,3.500000e-05,5.034235e-04,-6.839933e-16,-6.878685e-17,0.000000e+00,-6.878685e-17,-1.512166e-05,1.987834e-05,3.500000e-05,3.879682e-17,-1.833548e-17
2.439000e-10,4.894842e+02,5.874239e-04,0.000000e+00,3.184942e+01,1.269257e-15,1.512166e-05,3.179291e+01,-1.753829e-16,1.987834e-05,0.000000e+00,3.500000e-05,5.874239e-04,-4.823030e-16,-4.843698e-17,0.000000e+00,-4.843698e-17,-1.512166e-05,1.987834e-05,3.500000e-05,3.826536e-17,-7.971950e-18
2.440000e-10,4.896708e+02,6.499551e-04,0.000000e+00,3.184942e+01,1.149290e-15,1.512166e-05,3.179291e+01,0.000000e+00,1.987834e-05,0.000000e+00,3.500000e-05,6.499551e-04,-2.630743e-16,-2.684605e-17,0.000000e+00,-2.684605e-17,-1.512166e-05,1.987834e-05,3.500000e-05,3.507658e-17,0.000000e+00
2.441000e-10,4.898721e+02,6.868744e-04,0.000000e+00,3.184942e+01,9.526660e-16,1.512166e-05,3.179291e+01,1.578446e-16,1.987834e-05,0.000000e+00,3.500000e-05,6.868744e-04,-7.892230e-17,-9.029234e-18,0.000000e+00,-9.029234e-18,-1.512166e-05,1.987834e-05,3.500000e-05,2.869902e-17,7.174755e-18
2.442000e-10,4.900801e+02,6.955379e-04,0.000000e+00,3.184942e+01,7.096546e-16,1.512166e-05,3.179291e+01,2.630743e-16,1.987834e-05,0.000000e+00,3.500000e-05,6.955379e-04,7.015316e-17,6.413975e-18,0.000000e+00,6.413975e-18,-1.512166e-05,1.987834e-05,3.500000e-05,2.125853e-17,1.195792e-17
2.443000e-10,4.902863e+02,6.754126e-04,0.000000e+00,3.184942e+01,4.499103e-16,1.512166e-05,3.179291e+01,3.332275e-16,1.987834e-05,0.000000e+00,3.500000e-05,6.754126e-04,1.929212e-16,1.877199e-17,0.000000e+00,1.877199e-17,-1.512166e-05,1.987834e-05,3.500000e-05,1.381805e-17,1.514670e-17
2.444000e-10,4.904822e+02,6.281985e-04,0.000000e+00,3.184942e+01,1.967440e-16,1.512166e-05,3.179291e+01,3.507658e-16,1.987834e-05,0.000000e+00,3.500000e-05,6.281985e-04,2.718435e-16,2.663827e-17,0.000000e+00,2.663827e-17,-1.512166e-05,1.987834e-05,3.500000e-05,5.846097e-18,1.594390e-17
2.445000e-10,4.906605e+02,5.574254e-04,0.000000e+00,3.184942e+01,-2.691966e-17,1.512166e-05,3.179291e+01,3.683041e-16,1.987834e-05,0.000000e+00,3.500000e-05,5.574254e-04,3.156892e-16,3.149293e-17,0.000000e+00,3.149293e-17,-1.512166e-05,1.987834e-05,3.500000e-05,-1.062927e-18,1.674109e-17
2.446000e-10,4.908146e+02,4.677081e-04,0.000000e+00,3.184942e+01,-2.047401e-16,1.512166e-05,3.179291e+01,3.507658e-16,1.987834e-05,0.000000e+00,3.500000e-05,4.677081e-04,3.332275e-16,3.402878e-17,0.000000e+00,3.402878e-17,-1.512166e-05,1.987834e-05,3.500000e-05,-6.377560e-18,1.594390e-17
2.447000e-10,4.909397e+02,3.639470e-04,0.000000e+00,3.184942e+01,-3.313613e-16,1.512166e-05,3.179291e+01,2.981509e-16,1.987834e-05,0.000000e+00,3.500000e-05,3.639470e-04,3.332275e-16,3.363869e-17,0.000000e+00,3.363869e-17,-1.512166e-05,1.987834e-05,3.500000e-05,-1.009780e-17,1.355231e-17
2.448000e-10,4.910322e+02,2.507185e-04,0.000000e+00,3.184942e+01,-4.053270e-16,1.512166e-05,3.179291e+01,2.279978e-16,1.987834e-05,0.000000e+00,3.500000e-05,2.507185e-04,2.981509e-16,3.039189e-17,0.000000e+00,3.039189e-17,-1.512166e-05,1.987834e-05,3.500000e-05,-1.222366e-17,1.036353e-17
2.449000e-10,4.910898e+02,1.319733e-04,0.000000e+00,3.184942e+01,-4.294863e-16,1.512166e-05,3.179291e+01,1.227680e-16,1.987834e-05,0.000000e+00,3.500000e-05,1.319733e-04,2.279978e-16,2.356343e-17,0.000000e+00,2.356343e-17,-1.512166e-05,1.987834e-05,3.500000e-05,-1.275512e-17,5.580365e-18
2.450000e-10,4.911112e+02,1.104124e-05,0.000000e+00,3.184942e+01,-4.105818e-16,1.512166e-05,3.179291e+01,3.507658e-17,1.987834e-05,0.000000e+00,3.500000e-05,1.104124e-05,1.666138e-16,1.537438e-17,0.000000e+00,1.537438e-17,-1.512166e-05,1.987834e-05,3.500000e-05,-1.222366e-17,1.594390e-18
2.451000e-10,4.910962e+02,-1.091394e-04,0.000000e+00,3.184942e+01,-3.593762e-16,1.512166e-05,3.179291e+01,-3.507658e-17,1.987834e-05,0.000000e+00,3.500000e-05,-1.091394e-04,6.138401e-17,7.237757e-18,0.000000e+00,7.237757e-18,-1.512166e-05,1.987834e-05,3.500000e-05,-1.062927e-17,-1.594390e-18
2.452000e-10,4.910455e+02,-2.256788e-04,0.000000e+00,3.184942e+01,-2.878289e-16,1.512166e-05,3.179291e+01,-8.769145e-17,1.987834e-05,0.000000e+00,3.500000e-05,-2.256788e-04,0.000000e+00,-7.508539e-20,0.000000e+00,-7.508539e-20,-1.512166e-05,1.987834e-05,3.500000e-05,-8.503413e-18,-3.985975e-18
2.453000e-10,4.909607e+02,-3.353977e-04,0.000000e+00,3.184942e+01,-2.035942e-16,1.512166e-05,3.179291e+01,-1.227680e-16,1.987834e-05,0.000000e+00,3.500000e-05,-3.353977e-04,-5.261487e-17,-5.195995e-18,0.000000e+00,-5.195995e-18,-1.512166e-05,1.987834e-05,3.500000e-05,-6.377560e-18,-5.580365e-18
2.454000e-10,4.908444e+02,-4.346137e-04,0.000000e+00,3.184942e+01,-1.180489e-16,1.512166e-05,3.179291e+01,-1.227680e-16,1.987834e-05,0.000000e+00,3.500000e-05,-4.346137e-04,-8.769145e-17,-8.807861e-18,0.000000e+00,-8.807861e-18,-1.512166e-05,1.987834e-05,3.500000e-05,-3.720243e-18,-5.580365e-18
2.455000e-10,4.907004e+02,-5.191603e-04,0.000000e+00,3.184942e+01,-3.635927e-17,1.512166e-05,3.179291e+01,-1.227680e-16,1.987834e-05,0.000000e+00,3.500000e-05,-5.191603e-04,-1.052297e-16,-1.092816e-17,0.000000e+00,-1.092816e-17,-1.512166e-05,1.987834e-05,3.500000e-05,-1.062927e-18,-5.580365e-18
2.456000e-10,4.905340e+02,-5.847032e-04,0.000000e+00,3.184942e+01,3.458657e-17,1.512166e-05,3.179291e+01,-1.052297e-16,1.987834e-05,0.000000e+00,3.500000e-05,-5.847032e-04,-1.052297e-16,-1.085955e-17,0.000000e+00,-1.085955e-17,-1.512166e-05,1.987834e-05,3.500000e-05,1.062927e-18,-4.783170e-18
2.457000e-10,4.903515e+02,-6.273277e-04,0.000000e+00,3.184942e+01,9.164840e-17,1.512166e-05,3.179291e+01,-8.769145e-17,1.987834e-05,0.000000e+00,3.500000e-05,-6.273277e-04,-1.052297e-16,-1.005756e-17,0.000000e+00,-1.005756e-17,-1.512166e-05,1.987834e-05,3.500000e-05,2.657317e-18,-3.985975e-18
2.458000e-10,4.901601e+02,-6.442455e-04,0.000000e+00,3.184942e+01,1.315974e-16,1.512166e-05,3.179291e+01,-7.015316e-17,1.987834e-05,0.000000e+00,3.500000e-05,-6.442455e-04,-8.769145e-17,-9.240249e-18,0.000000e+00,-9.240249e-18,-1.512166e-05,1.987834e-05,3.500000e-05,4.251707e-18,-3.188780e-18
2.459000e-10,4.899678e+02,-6.343809e-04,0.000000e+00,3.184942e+01,1.532116e-16,1.512166e-05,3.179291e+01,-5.261487e-17,1.987834e-05,0.000000e+00,3.500000e-05,-6.343809e-04,-7.015316e-17,-7.654179e-18,0.000000e+00,-7.654179e-18,-1.512166e-05,1.987834e-05,3.500000e-05,4.783170e-18,-2.391585e-18
2.460000e-10,4.897825e+02,-5.986100e-04,0.000000e+00,3.184942e+01,1.588336e-16,1.512166e-05,3.179291e+01,-3.507658e-17,1.987834e-05,0.000000e+00,3.500000e-05,-5.986100e-04,-5.261487e-17,-6.090115e-18,0.000000e+00,-6.090115e-18,-1.512166e-05,1.987834e-05,3.500000e-05,4.783170e-18,-1.594390e-18
2.461000e-10,4.896114e+02,-5.395662e-04,0.000000e+00,3.184942e+01,1.484570e-16,1.512166e-05,3.179291e+01,-3.507658e-17,1.987834e-05,0.000000e+00,3.500000e-05,-5.395662e-04,-6.138401e-17,-4.540293e-18,0.000000e+00,-4.540293e-18,-1.512166e-05,1.987834e-05,3.500000e-05,4.251707e-18,-1.594390e-18
2.462000e-10,4.894609e+02,-4.611017e-04,0.000000e+00,3.184942e+01,1.283685e-16,1.512166e-05,3.179291e+01,-1.753829e-17,1.987834e-05,0.000000e+00,3.500000e-05,-4.611017e-04,-2.630743e-17,-2.278885e-18,0.000000e+00,-2.278885e-18,-1.512166e-05,1.987834e-05,3.500000e-05,3.720243e-18,-7.971950e-19
2.463000e-10,4.893363e+02,-3.676182e-04,0.000000e+00,3.184942e+01,1.010437e-16,1.512166e-05,3.179291e+01,1.753829e-17,1.987834e-05,0.000000e+00,3.500000e-05,-3.676182e-04,-8.769145e-18,-7.823552e-19,0.000000e+00,-7.823552e-19,-1.512166e-05,1.987834e-05,3.500000e-05,3.188780e-18,7.971950e-19
2.464000e-10,4.892414e+02,-2.634849e-04,0.000000e+00,3.184942e+01,6.712188e-17,1.512166e-05,3.179291e+01,1.753829e-17,1.987834e-05,0.000000e+00,3.500000e-05,-2.634849e-04,1.753829e-17,1.404615e-18,0.000000e+00,1.404615e-18,-1.512166e-05,1.987834e-05,3.500000e-05,2.125853e-18,7.971950e-19
2.465000e-10,4.891789e+02,-1.526817e-04,0.000000e+00,3.184942e+01,3.318108e-17,1.512166e-05,3.179291e+01,3.507658e-17,1.987834e-05,0.000000e+00,3.500000e-05,-1.526817e-04,1.753829e-17,1.420149e-18,0.000000e+00,1.420149e-18,-1.512166e-05,1.987834e-05,3.500000e-05,1.062927e-18,1.594390e-18
2.466000e-10,4.891502e+02,-3.870441e-05,0.000000e+00,3.184942e+01,1.386502e-18,1.512166e-05,3.179291e+01,5.261487e-17,1.987834e-05,0.000000e+00,3.500000e-05,-3.870441e-05,3.507658e-17,2.853892e-18,0.000000e+00,2.853892e-18,-1.512166e-05,1.987834e-05,3.500000e-05,0.000000e+00,2.391585e-18
2.467000e-10,4.891559e+02,7.531464e-05,0.000000e+00,3.184942e+01,-2.395039e-17,1.512166e-05,3.179291e+01,5.261487e-17,1.987834e-05,0.000000e+00,3.500000e-05,7.531464e-05,3.507658e-17,3.521030e-18,0.000000e+00,3.521030e-18,-1.512166e-05,1.987834e-05,3.500000e-05,-5.314633e-19,2.391585e-18
2.468000e-10,4.891955e+02,1.863591e-04,0.000000e+00,3.184942e+01,-4.258903e-17,1.512166e-05,3.179291e+01,3.507658e-17,1.987834e-05,0.000000e+00,3.500000e-05,1.863591e-04,4.384572e-17,4.899537e-18,0.000000e+00,4.899537e-18,-1.512166e-05,1.987834e-05,3.500000e-05,-1.062927e-18,1.594390e-18
2.469000e-10,4.892677e+02,2.912599e-04,0.000000e+00,3.184942e+01,-5.585893e-17,1.512166e-05,3.179291e+01,3.507658e-17,1.987834e-05,0.000000e+00,3.500000e-05,2.912599e-04,3.507658e-17,3.438609e-18,0.000000e+00,3.438609e-18,-1.512166e-05,1.987834e-05,3.500000e-05,-1.594390e-18,1.594390e-18
2.470000e-10,4.893701e+02,3.865124e-04,0.000000e+00,3.184942e+01,-5.839768e-17,1.512166e-05,3.179291e+01,3.507658e-17,1.987834e-05,0.000000e+00,3.500000e-05,3.865124e-04,3.507658e-17,2.645034e-18,0.000000e+00,2.645034e-18,-1.512166e-05,1.987834e-05,3.500000e-05,-1.594390e-18,1.594390e-18
2.471000e-10,4.894991e+02,4.682754e-04,0.000000e+00,3.184942e+01,-5.463070e-17,1.512166e-05,3.179291e+01,0.000000e+00,1.987834e-05,0.000000e+00,3.500000e-05,4.682754e-04,1.753829e-17,1.884902e-18,0.000000e+00,1.884902e-18,-1.512166e-05,1.987834e-05,3.500000e-05,-1.594390e-18,0.000000e+00
2.472000e-10,4.896499e+02,5.326097e-04,0.000000e+00,3.184942e+01,-4.625471e-17,1.512166e-05,3.179291e+01,1.753829e-17,1.987834e-05,0.000000e+00,3.500000e-05,5.326097e-04,1.753829e-17,1.126928e-18,0.000000e+00,1.126928e-18,-1.512166e-05,1.987834e-05,3.500000e-05,-1.594390e-18,7.971950e-19
2.473000e-10,4.898169e+02,5.759425e-04,0.000000e+00,3.184942e+01,-3.329504e-17,1.512166e-05,3.179291e+01,3.507658e-17,1.987834e-05,0.000000e+00,3.500000e-05,5.759425e-04,8.769145e-18,1.071693e-18,0.000000e+00,1.071693e-18,-1.512166e-05,1.987834e-05,3.500000e-05,-1.062927e-18,1.594390e-18
2.474000e-10,4.899932e+02,5.956450e-04,0.000000e+00,3.184942e+01,-1.794855e-17,1.512166e-05,3.179291e+01,3.507658e-17,1.987834e-05,0.000000e+00,3.500000e-05,5.956450e-04,1.753829e-17,2.464872e-18,0.000000e+00,2.464872e-18,-1.512166e-05,1.987834e-05,3.500000e-05,-5.314633e-19,1.594390e-18
2.475000e-10,4.901716e+02,5.905363e-04,0.000000e+00,3.184942e+01,-7.470649e-19,1.512166e-05,3.179291e+01,5.261487e-17,1.987834e-05,0.000000e+00,3.500000e-05,5.905363e-04,3.507658e-17,3.873802e-18,0.000000e+00,3.873802e-18,-1.512166e-05,1.987834e-05,3.500000e-05,0.000000e+00,2.391585e-18
2.476000e-10,4.903448e+02,5.611286e-04,0.000000e+00,3.184942e+01,1.912613e-17,1.512166e-05,3.179291e+01,5.261487e-17,1.987834e-05,0.000000e+00,3.500000e-05,5.611286e-04,5.261487e-17,4.553023e-18,0.000000e+00,4.553023e-18,-1.512166e-05,1.987834e-05,3.500000e-05,5.314633e-19,2.391585e-18
2.477000e-10,4.905057e+02,5.095234e-04,0.000000e+00,3.184942e+01,3.474485e-17,1.512166e-05,3.179291e+01,5.261487e-17,1.987834e-05,0.000000e+00,3.500000e-05,5.095234e-04,4.384572e-17,3.836043e-18,0.000000e+00,3.836043e-18,-1.512166e-05,1.987834e-05,3.500000e-05,1.062927e-18,2.391585e-18
2.478000e-10,4.906482e+02,4.390085e-04,0.000000e+00,3.184942e+01,4.995838e-17,1.512166e-05,3.179291e+01,5.261487e-17,1.987834e-05,0.000000e+00,3.500000e-05,4.390085e-04,4.384572e-17,4.543745e-18,0.000000e+00,4.543745e-18,-1.512166e-05,1.987834e-05,3.500000e-05,1.594390e-18,2.391585e-18
2.479000e-10,4.907674e+02,3.535109e-04,0.000000e+00,3.184942e+01,6.084147e-17,1.512166e-05,3.179291e+01,5.261487e-17,1.987834e-05,0.000000e+00,3.500000e-05,3.535109e-04,4.384572e-17,3.839927e-18,0.000000e+00,3.839927e-18,-1.512166e-05,1.987834e-05,3.500000e-05,1.594390e-18,2.391585e-18
2.480000e-10,4.908592e+02,2.570863e-04,0.000000e+00,3.184942e+01,6.708389e-17,1.512166e-05,3.179291e+01,3.507658e-17,1.987834e-05,0.000000e+00,3.500000e-05,2.570863e-04,2.630743e-17,3.857620e-18,0.000000e+00,3.857620e-18,-1.512166e-05,1.987834e-05,3.500000e-05,2.125853e-18,1.594390e-18
2.481000e-10,4.909209e+02,1.535750e-04,0.000000e+00,3.184942e+01,6.907185e-17,1.512166e-05,3.179291e+01,1.753829e-17,1.987834e-05,0.000000e+00,3.500000e-05,1.535750e-04,4.384572e-17,3.873802e-18,0.000000e+00,3.873802e-18,-1.512166e-05,1.987834e-05,3.500000e-05,2.125853e-18,7.971950e-19
2.482000e-10,4.909509e+02,4.646941e-05,0.000000e+00,3.184942e+01,6.629884e-17,1.512166e-05,3.179291e+01,-1.753829e-17,1.987834e-05,0.000000e+00,3.500000e-05,4.646941e-05,1.753829e-17,1.762349e-18,0.000000e+00,1.762349e-18,-1.512166e-05,1.987834e-05,3.500000e-05,2.125853e-18,-7.971950e-19
2.483000e-10,4.909485e+02,-6.102915e-05,0.000000e+00,3.184942e+01,5.908777e-17,1.512166e-05,3.179291e+01,-3.507658e-17,1.987834e-05,0.000000e+00,3.500000e-05,-6.102915e-05,-1.753829e-17,-1.036739e-18,0.000000e+00,-1.036739e-18,-1.512166e-05,1.987834e-05,3.500000e-05,1.594390e-18,-1.594390e-18
2.484000e-10,4.909141e+02,-1.658361e-04,0.000000e+00,3.184942e+01,4.868584e-17,1.512166e-05,3.179291e+01,-3.507658e-17,1.987834e-05,0.000000e+00,3.500000e-05,-1.658361e-04,-8.769145e-18,-1.711645e-18,0.000000e+00,-1.711645e-18,-1.512166e-05,1.987834e-05,3.500000e-05,1.594390e-18,-1.594390e-18
2.485000e-10,4.908490e+02,-2.647824e-04,0.000000e+00,3.184942e+01,3.285186e-17,1.512166e-05,3.179291e+01,-3.507658e-17,1.987834e-05,0.000000e+00,3.500000e-05,-2.647824e-04,-1.753829e-17,-2.373604e-18,0.000000e+00,-2.373604e-18,-1.512166e-05,1.987834e-05,3.500000e-05,1.062927e-18,-1.594390e-18
2.486000e-10,4.907555e+02,-3.544796e-04,0.000000e+00,3.184942e+01,1.537181e-17,1.512166e-05,3.179291e+01,-1.753829e-17,1.987834e-05,0.000000e+00,3.500000e-05,-3.544796e-04,-2.630743e-17,-2.328079e-18,0.000000e+00,-2.328079e-18,-1.512166e-05,1.987834e-05,3.500000e-05,5.314633e-19,-7.971950e-19
2.487000e-10,4.906370e+02,-4.313341e-04,0.000000e+00,3.184942e+01,-1.627082e-18,1.512166e-05,3.179291e+01,-1.753829e-17,1.987834e-05,0.000000e+00,3.500000e-05,-4.313341e-04,-1.753829e-17,-2.312544e-18,0.000000e+00,-2.312544e-18,-1.512166e-05,1.987834e-05,3.500000e-05,0.000000e+00,-7.971950e-19
2.488000e-10,4.904978e+02,-4.917562e-04,0.000000e+00,3.184942e+01,-1.770797e-17,1.512166e-05,3.179291e+01,-1.753829e-17,1.987834e-05,0.000000e+00,3.500000e-05,-4.917562e-04,-1.753829e-17,-2.304345e-18,0.000000e+00,-2.304345e-18,-1.512166e-05,1.987834e-05,3.500000e-05,-5.314633e-19,-7.971950e-19
2.489000e-10,4.903436e+02,-5.325484e-04,0.000000e+00,3.184942e+01,-3.022447e-17,1.512166e-05,3.179291e+01,-1.753829e-17,1.987834e-05,0.000000e+00,3.500000e-05,-5.325484e-04,-1.753829e-17,-2.294420e-18,0.000000e+00,-2.294420e-18,-1.512166e-05,1.987834e-05,3.500000e-05,-1.062927e-18,-7.971950e-19
2.490000e-10,4.901805e+02,-5.513810e-04,0.000000e+00,3.184942e+01,-4.138613e-17,1.512166e-05,3.179291e+01,-1.753829e-17,1.987834e-05,0.000000e+00,3.500000e-05,-5.513810e-04,-1.753829e-17,-2.299382e-18,0.000000e+00,-2.299382e-18,-1.512166e-05,1.987834e-05,3.500000e-05,-1.062927e-18,-7.971950e-19
2.491000e-10,4.900152e+02,-5.472042e-04,0.000000e+00,3.184942e+01,-4.923664e-17,1.512166e-05,3.179291e+01,0.000000e+00,1.987834e-05,0.000000e+00,3.500000e-05,-5.472042e-04,-1.753829e-17,-1.609589e-18,0.000000e+00,-1.609589e-18,-1.512166e-05,1.987834e-05,3.500000e-05,-1.594390e-18,0.000000e+00
2.492000e-10,4.898547e+02,-5.204506e-04,0.000000e+00,3.184942e+01,-5.204130e-17,1.512166e-05,3.179291e+01,1.753829e-17,1.987834e-05,0.000000e+00,3.500000e-05,-5.204506e-04,0.000000e+00,-2.166257e-19,0.000000e+00,-2.166257e-19,-1.512166e-05,1.987834e-05,3.500000e-05,-1.594390e-18,7.971950e-19
2.493000e-10,4.897054e+02,-4.729565e-04,0.000000e+00,3.184942e+01,-4.841993e-17,1.512166e-05,3.179291e+01,3.507658e-17,1.987834e-05,0.000000e+00,3.500000e-05,-4.729565e-04,1.753829e-17,1.887707e-18,0.000000e+00,1.887707e-18,-1.512166e-05,1.987834e-05,3.500000e-05,-1.594390e-18,1.594390e-18
2.494000e-10,4.895731e+02,-4.076362e-04,0.000000e+00,3.184942e+01,-3.907529e-17,1.512166e-05,3.179291e+01,3.507658e-17,1.987834e-05,0.000000e+00,3.500000e-05,-4.076362e-04,2.630743e-17,2.554629e-18,0.000000e+00,2.554629e-18,-1.512166e-05,1.987834e-05,3.500000e-05,-1.062927e-18,1.594390e-18
2.495000e-10,4.894625e+02,-3.280318e-04,0.000000e+00,3.184942e+01,-2.564079e-17,1.512166e-05,3.179291e+01,0.000000e+00,1.987834e-05,0.000000e+00,3.500000e-05,-3.280318e-04,2.630743e-17,1.806365e-18,0.000000e+00,1.806365e-18,-1.512166e-05,1.987834e-05,3.500000e-05,-5.314633e-19,0.000000e+00
2.496000e-10,4.893775e+02,-2.378826e-04,0.000000e+00,3.184942e+01,-1.290270e-17,1.512166e-05,3.179291e+01,1.753829e-17,1.987834e-05,0.000000e+00,3.500000e-05,-2.378826e-04,1.753829e-17,1.080323e-18,0.000000e+00,1.080323e-18,-1.512166e-05,1.987834e-05,3.500000e-05,-5.314633e-19,7.971950e-19
2.497000e-10,4.893206e+02,-1.408215e-04,0.000000e+00,3.184942e+01,8.356997e-19,1.512166e-05,3.179291e+01,3.507658e-17,1.987834e-05,0.000000e+00,3.500000e-05,-1.408215e-04,8.769145e-18,1.048175e-18,0.000000e+00,1.048175e-18,-1.512166e-05,1.987834e-05,3.500000e-05,0.000000e+00,1.594390e-18
2.498000e-10,4.892935e+02,-4.024421e-05,0.000000e+00,3.184942e+01,1.427021e-17,1.512166e-05,3.179291e+01,3.507658e-17,1.987834e-05,0.000000e+00,3.500000e-05,-4.024421e-05,1.753829e-17,2.463362e-18,0.000000e+00,2.463362e-18,-1.512166e-05,1.987834e-05,3.500000e-05,5.314633e-19,1.594390e-18
2.499000e-10,4.892968e+02,6.066710e-05,0.000000e+00,3.184942e+01,2.719190e-17,1.512166e-05,3.179291e+01,5.261487e-17,1.987834e-05,0.000000e+00,3.500000e-05,6.066710e-05,3.507658e-17,3.886100e-18,0.000000e+00,3.886100e-18,-1.512166e-05,1.987834e-05,3.500000e-05,1.062927e-18,2.391585e-18
2.500000e-10,4.893300e+02,1.588213e-04,0.000000e+00,3.184942e+01,3.930321e-17,1.512166e-05,3.179291e+01,5.261487e-17,1.987834e-05,0.000000e+00,3.500000e-05,1.588213e-04,5.261487e-17,4.592076e-18,0.000000e+00,4.592076e-18,-1.512166e-05,1.987834e-05,3.500000e-05,1.062927e-18,2.391585e-18
2.501000e-10,4.893920e+02,2.510759e-04,0.000000e+00,3.184942e+01,4.710307e-17,1.512166e-05,3.179291e+01,5.261487e-17,1.987834e-05,0.000000e+00,3.500000e-05,2.510759e-04,4.384572e-17,3.879412e-18,0.000000e+00,3.879412e-18,-1.512166e-05,1.987834e-05,3.500000e-05,1.594390e-18,2.391585e-18
2.502000e-10,4.894803e+02,3.341541e-04,0.000000e+00,3.184942e+01,5.378867e-17,1.512166e-05,3.179291e+01,5.261487e-17,1.987834e-05,0.000000e+00,3.500000e-05,3.341541e-04,4.384572e-17,4.598548e-18,0.000000e+00,4.598548e-18,-1.512166e-05,1.987834e-05,3.500000e-05,1.594390e-18,2.391585e-18
2.503000e-10,4.895917e+02,4.046889e-04,0.000000e+00,3.184942e+01,5.720744e-17,1.512166e-05,3.179291e+01,5.261487e-17,1.987834e-05,0.000000e+00,3.500000e-05,4.046889e-04,4.384572e-17,3.899262e-18,0.000000e+00,3.899262e-18,-1.512166e-05,1.987834e-05,3.500000e-05,1.594390e-18,2.391585e-18
2.504000e-10,4.897219e+02,4.594246e-04,0.000000e+00,3.184942e+01,5.685923e-17,1.512166e-05,3.179291e+01,3.507658e-17,1.987834e-05,0.000000e+00,3.500000e-05,4.594246e-04,2.630743e-17,3.906598e-18,0.000000e+00,3.906598e-18,-1.512166e-05,1.987834e-05,3.500000e-05,1.594390e-18,1.594390e-18
2.505000e-10,4.898657e+02,4.955566e-04,0.000000e+00,3.184942e+01,5.503589e-17,1.512166e-05,3.179291e+01,1.753829e-17,1.987834e-05,0.000000e+00,3.500000e-05,4.955566e-04,4.384572e-17,3.913502e-18,0.000000e+00,3.913502e-18,-1.512166e-05,1.987834e-05,3.500000e-05,1.594390e-18,7.971950e-19
2.506000e-10,4.900172e+02,5.111231e-04,0.000000e+00,3.184942e+01,5.138287e-17,1.512166e-05,3.179291e+01,-1.753829e-17,1.987834e-05,0.000000e+00,3.500000e-05,5.111231e-04,1.753829e-17,1.786299e-18,0.000000e+00,1.786299e-18,-1.512166e-05,1.987834e-05,3.500000e-05,1.594390e-18,-7.971950e-19
2.507000e-10,4.901700e+02,5.053298e-04,0.000000e+00,3.184942e+01,4.569125e-17,1.512166e-05,3.179291e+01,-3.507658e-17,1.987834e-05,0.000000e+00,3.500000e-05,5.053298e-04,-1.753829e-17,-1.027246e-18,0.000000e+00,-1.027246e-18,-1.512166e-05,1.987834e-05,3.500000e-05,1.594390e-18,-1.594390e-18
2.508000e-10,4.903180e+02,4.786922e-04,0.000000e+00,3.184942e+01,3.748620e-17,1.512166e-05,3.179291e+01,-3.507658e-17,1.987834e-05,0.000000e+00,3.500000e-05,4.786922e-04,-8.769145e-18,-1.708840e-18,0.000000e+00,-1.708840e-18,-1.512166e-05,1.987834e-05,3.500000e-05,1.062927e-18,-1.594390e-18
2.509000e-10,4.904550e+02,4.329500e-04,0.000000e+00,3.184942e+01,2.341225e-17,1.512166e-05,3.179291e+01,-3.507658e-17,1.987834e-05,0.000000e+00,3.500000e-05,4.329500e-04,-1.753829e-17,-2.377704e-18,0.000000e+00,-2.377704e-18,-1.512166e-05,1.987834e-05,3.500000e-05,5.314633e-19,-1.594390e-18
2.510000e-10,4.905757e+02,3.707847e-04,0.000000e+00,3.184942e+01,9.376297e-18,1.512166e-05,3.179291e+01,-1.753829e-17,1.987834e-05,0.000000e+00,3.500000e-05,3.707847e-04,-2.630743e-17,-2.345771e-18,0.000000e+00,-2.345771e-18,-1.512166e-05,1.987834e-05,3.500000e-05,5.314633e-19,-7.971950e-19
2.511000e-10,4.906759e+02,2.954439e-04,0.000000e+00,3.184942e+01,-4.260802e-18,1.512166e-05,3.179291e+01,-1.753829e-17,1.987834e-05,0.000000e+00,3.500000e-05,2.954439e-04,-1.753829e-17,-2.328942e-18,0.000000e+00,-2.328942e-18,-1.512166e-05,1.987834e-05,3.500000e-05,0.000000e+00,-7.971950e-19
2.512000e-10,4.907518e+02,2.103840e-04,0.000000e+00,3.184942e+01,-1.735343e-17,1.512166e-05,3.179291e+01,-1.753829e-17,1.987834e-05,0.000000e+00,3.500000e-05,2.103840e-04,-1.753829e-17,-2.319232e-18,0.000000e+00,-2.319232e-18,-1.512166e-05,1.987834e-05,3.500000e-05,-5.314633e-19,-7.971950e-19
2.513000e-10,4.908013e+02,1.190181e-04,0.000000e+00,3.184942e+01,-2.934445e-17,1.512166e-05,3.179291e+01,-1.753829e-17,1.987834e-05,0.000000e+00,3.500000e-05,1.190181e-04,-1.753829e-17,-2.309307e-18,0.000000e+00,-2.309307e-18,-1.512166e-05,1.987834e-05,3.500000e-05,-1.062927e-18,-7.971950e-19
2.514000e-10,4.908227e+02,2.460276e-05,0.000000e+00,3.184942e+01,-3.871442e-17,1.512166e-05,3.179291e+01,-1.753829e-17,1.987834e-05,0.000000e+00,3.500000e-05,2.460276e-05,-1.753829e-17,-2.313407e-18,0.000000e+00,-2.313407e-18,-1.512166e-05,1.987834e-05,3.500000e-05,-1.062927e-18,-7.971950e-19
2.515000e-10,4.908158e+02,-6.975133e-05,0.000000e+00,3.184942e+01,-4.471626e-17,1.512166e-05,3.179291e+01,0.000000e+00,1.987834e-05,0.000000e+00,3.500000e-05,-6.975133e-05,-1.753829e-17,-1.630302e-18,0.000000e+00,-1.630302e-18,-1.512166e-05,1.987834e-05,3.500000e-05,-1.594390e-18,0.000000e+00
2.516000e-10,4.907808e+02,-1.609954e-04,0.000000e+00,3.184942e+01,-4.583053e-17,1.512166e-05,3.179291e+01,1.753829e-17,1.987834e-05,0.000000e+00,3.500000e-05,-1.609954e-04,0.000000e+00,-2.366916e-19,0.000000e+00,-2.366916e-19,-1.512166e-05,1.987834e-05,3.500000e-05,-1.594390e-18,7.971950e-19
2.517000e-10,4.907193e+02,-2.460505e-04,0.000000e+00,3.184942e+01,-4.094928e-17,1.512166e-05,3.179291e+01,3.507658e-17,1.987834e-05,0.000000e+00,3.500000e-05,-2.460505e-04,1.753829e-17,1.860521e-18,0.000000e+00,1.860521e-18,-1.512166e-05,1.987834e-05,3.500000e-05,-1.062927e-18,1.594390e-18
2.518000e-10,4.906337e+02,-3.217740e-04,0.000000e+00,3.184942e+01,-3.039541e-17,1.512166e-05,3.179291e+01,3.507658e-17,1.987834e-05,0.000000e+00,3.500000e-05,-3.217740e-04,2.630743e-17,2.535642e-18,0.000000e+00,2.535642e-18,-1.512166e-05,1.987834e-05,3.500000e-05,-1.062927e-18,1.594390e-18
2.519000e-10,4.905271e+02,-3.850367e-04,0.000000e+00,3.184942e+01,-1.805618e-17,1.512166e-05,3.179291e+01,0.000000e+00,1.987834e-05,0.000000e+00,3.500000e-05,-3.850367e-04,2.630743e-17,1.794282e-18,0.000000e+00,1.794282e-18,-1.512166e-05,1.987834e-05,3.500000e-05,-5.314633e-19,0.000000e+00
2.520000e-10,4.904039e+02,-4.329254e-04,0.000000e+00,3.184942e+01,-3.038908e-18,1.512166e-05,3.179291e+01,1.753829e-17,1.987834e-05,0.000000e+00,3.500000e-05,-4.329254e-04,1.753829e-17,1.061768e-18,0.000000e+00,1.061768e-18,-1.512166e-05,1.987834e-05,3.500000e-05,0.000000e+00,7.971950e-19
2.521000e-10,4.902690e+02,-4.630442e-04,0.000000e+00,3.184942e+01,9.971417e-18,1.512166e-05,3.179291e+01,3.507658e-17,1.987834e-05,0.000000e+00,3.500000e-05,-4.630442e-04,8.769145e-18,1.044723e-18,0.000000e+00,1.044723e-18,-1.512166e-05,1.987834e-05,3.500000e-05,5.314633e-19,1.594390e-18
2.522000e-10,4.901281e+02,-4.738349e-04,0.000000e+00,3.184942e+01,2.229799e-17,1.512166e-05,3.179291e+01,3.507658e-17,1.987834e-05,0.000000e+00,3.500000e-05,-4.738349e-04,1.753829e-17,2.467030e-18,0.000000e+00,2.467030e-18,-1.512166e-05,1.987834e-05,3.500000e-05,5.314633e-19,1.594390e-18
2.523000e-10,4.899869e+02,-4.648191e-04,0.000000e+00,3.184942e+01,3.409908e-17,1.512166e-05,3.179291e+01,5.261487e-17,1.987834e-05,0.000000e+00,3.500000e-05,-4.648191e-04,3.507658e-17,3.889121e-18,0.000000e+00,3.889121e-18,-1.512166e-05,1.987834e-05,3.500000e-05,1.062927e-18,2.391585e-18
2.524000e-10,4.898514e+02,-4.366794e-04,0.000000e+00,3.184942e+01,4.491886e-17,1.512166e-05,3.179291e+01,5.261487e-17,1.987834e-05,0.000000e+00,3.500000e-05,-4.366794e-04,5.261487e-17,4.594665e-18,0.000000e+00,4.594665e-18,-1.512166e-05,1.987834e-05,3.500000e-05,1.594390e-18,2.391585e-18
2.525000e-10,4.897270e+02,-3.911536e-04,0.000000e+00,3.184942e+01,5.211727e-17,1.512166e-05,3.179291e+01,5.261487e-17,1.987834e-05,0.000000e+00,3.500000e-05,-3.911536e-04,4.384572e-17,3.896888e-18,0.000000e+00,3.896888e-18,-1.512166e-05,1.987834e-05,3.500000e-05,1.594390e-18,2.391585e-18
2.526000e-10,4.896186e+02,-3.307805e-04,0.000000e+00,3.184942e+01,5.830905e-17,1.512166e-05,3.179291e+01,5.261487e-17,1.987834e-05,0.000000e+00,3.500000e-05,-3.307805e-04,4.384572e-17,4.608042e-18,0.000000e+00,4.608042e-18,-1.512166e-05,1.987834e-05,3.500000e-05,1.594390e-18,2.391585e-18
2.527000e-10,4.895300e+02,-2.585824e-04,0.000000e+00,3.184942e+01,6.086046e-17,1.512166e-05,3.179291e+01,5.261487e-17,1.987834e-05,0.000000e+00,3.500000e-05,-2.585824e-04,4.384572e-17,3.900772e-18,0.000000e+00,3.900772e-18,-1.512166e-05,1.987834e-05,3.500000e-05,1.594390e-18,2.391585e-18
2.528000e-10,4.894645e+02,-1.777730e-04,0.000000e+00,3.184942e+01,5.961324e-17,1.512166e-05,3.179291e+01,3.507658e-17,1.987834e-05,0.000000e+00,3.500000e-05,-1.777730e-04,2.630743e-17,3.907892e-18,0.000000e+00,3.907892e-18,-1.512166e-05,1.987834e-05,3.500000e-05,1.594390e-18,1.594390e-18
2.529000e-10,4.894241e+02,-9.155636e-05,0.000000e+00,3.184942e+01,5.725176e-17,1.512166e-05,3.179291e+01,1.753829e-17,1.987834e-05,0.000000e+00,3.500000e-05,-9.155636e-05,4.384572e-17,3.914365e-18,0.000000e+00,3.914365e-18,-1.512166e-05,1.987834e-05,3.500000e-05,1.594390e-18,7.971950e-19
2.530000e-10,4.894100e+02,-3.037292e-06,0.000000e+00,3.184942e+01,5.321888e-17,1.512166e-05,3.179291e+01,-1.753829e-17,1.987834e-05,0.000000e+00,3.500000e-05,-3.037292e-06,1.753829e-17,1.787162e-18,0.000000e+00,1.787162e-18,-1.512166e-05,1.987834e-05,3.500000e-05,1.594390e-18,-7.971950e-19
2.531000e-10,4.894225e+02,8.477440e-05,0.000000e+00,3.184942e+01,4.723603e-17,1.512166e-05,3.179291e+01,-3.507658e-17,1.987834e-05,0.000000e+00,3.500000e-05,8.477440e-05,-1.753829e-17,-1.026598e-18,0.000000e+00,-1.026598e-18,-1.512166e-05,1.987834e-05,3.500000e-05,1.594390e-18,-1.594390e-18
2.532000e-10,4.894609e+02,1.689092e-04,0.000000e+00,3.184942e+01,3.879672e-17,1.512166e-05,3.179291e+01,-3.507658e-17,1.987834e-05,0.000000e+00,3.500000e-05,1.689092e-04,-8.769145e-18,-1.708193e-18,0.000000e+00,-1.708193e-18,-1.512166e-05,1.987834e-05,3.500000e-05,1.062927e-18,-1.594390e-18
2.533000e-10,4.895236e+02,2.463901e-04,0.000000e+00,3.184942e+01,2.452652e-17,1.512166e-05,3.179291e+01,-3.507658e-17,1.987834e-05,0.000000e+00,3.500000e-05,2.463901e-04,-1.753829e-17,-2.377272e-18,0.000000e+00,-2.377272e-18,-1.512166e-05,1.987834e-05,3.500000e-05,5.314633e-19,-1.594390e-18
2.534000e-10,4.896081e+02,3.142436e-04,0.000000e+00,3.184942e+01,1.032596e-17,1.512166e-05,3.179291e+01,-1.753829e-17,1.987834e-05,0.000000e+00,3.500000e-05,3.142436e-04,-2.630743e-17,-2.345555e-18,0.000000e+00,-2.345555e-18,-1.512166e-05,1.987834e-05,3.500000e-05,5.314633e-19,-7.971950e-19
2.535000e-10,4.897112e+02,3.696061e-04,0.000000e+00,3.184942e+01,-3.450427e-18,1.512166e-05,3.179291e+01,-1.753829e-17,1.987834e-05,0.000000e+00,3.500000e-05,3.696061e-04,-1.753829e-17,-2.328726e-18,0.000000e+00,-2.328726e-18,-1.512166e-05,1.987834e-05,3.500000e-05,0.000000e+00,-7.971950e-19
2.536000e-10,4.898286e+02,4.099272e-04,0.000000e+00,3.184942e+01,-1.667601e-17,1.512166e-05,3.179291e+01,-1.753829e-17,1.987834e-05,0.000000e+00,3.500000e-05,4.099272e-04,-1.753829e-17,-2.319017e-18,0.000000e+00,-2.319017e-18,-1.512166e-05,1.987834e-05,3.500000e-05,-5.314633e-19,-7.971950e-19
2.537000e-10,4.899555e+02,4.332337e-04,0.000000e+00,3.184942e+01,-2.876833e-17,1.512166e-05,3.179291e+01,-1.753829e-17,1.987834e-05,0.000000e+00,3.500000e-05,4.332337e-04,-1.753829e-17,-2.309091e-18,0.000000e+00,-2.309091e-18,-1.512166e-05,1.987834e-05,3.500000e-05,-1.062927e-18,-7.971950e-19
2.538000e-10,4.900866e+02,4.383850e-04,0.000000e+00,3.184942e+01,-3.823326e-17,1.512166e-05,3.179291e+01,-1.753829e-17,1.987834e-05,0.000000e+00,3.500000e-05,4.383850e-04,-1.753829e-17,-2.313191e-18,0.000000e+00,-2.313191e-18,-1.512166e-05,1.987834e-05,3.500000e-05,-1.062927e-18,-7.971950e-19
2.539000e-10,4.902164e+02,4.252402e-04,0.000000e+00,3.184942e+01,-4.431741e-17,1.512166e-05,3.179291e+01,0.000000e+00,1.987834e-05,0.000000e+00,3.500000e-05,4.252402e-04,-1.753829e-17,-1.630302e-18,0.000000e+00,-1.630302e-18,-1.512166e-05,1.987834e-05,3.500000e-05,-1.594390e-18,0.000000e+00
2.540000e-10,4.903397e+02,3.946817e-04,0.000000e+00,3.184942e+01,-4.550132e-17,1.512166e-05,3.179291e+01,1.753829e-17,1.987834e-05,0.000000e+00,3.500000e-05,3.946817e-04,0.000000e+00,-2.364758e-19,0.000000e+00,-2.364758e-19,-1.512166e-05,1.987834e-05,3.500000e-05,-1.594390e-18,7.971950e-19
2.541000e-10,4.904513e+02,3.484907e-04,0.000000e+00,3.184942e+01,-4.067072e-17,1.512166e-05,3.179291e+01,3.507658e-17,1.987834e-05,0.000000e+00,3.500000e-05,3.484907e-04,1.753829e-17,1.860737e-18,0.000000e+00,1.860737e-18,-1.512166e-05,1.987834e-05,3.500000e-05,-1.062927e-18,1.594390e-18
2.542000e-10,4.905471e+02,2.891135e-04,0.000000e+00,3.184942e+01,-3.016116e-17,1.512166e-05,3.179291e+01,3.507658e-17,1.987834e-05,0.000000e+00,3.500000e-05,2.891135e-04,2.630743e-17,2.535642e-18,0.000000e+00,2.535642e-18,-1.512166e-05,1.987834e-05,3.500000e-05,-1.062927e-18,1.594390e-18
2.543000e-10,4.906235e+02,2.193940e-04,0.000000e+00,3.184942e+01,-1.785992e-17,1.512166e-05,3.179291e+01,0.000000e+00,1.987834e-05,0.000000e+00,3.500000e-05,2.193940e-04,2.630743e-17,1.794282e-18,0.000000e+00,1.794282e-18,-1.512166e-05,1.987834e-05,3.500000e-05,-5.314633e-19,0.000000e+00
2.544000e-10,4.906778e+02,1.423391e-04,0.000000e+00,3.184942e+01,-2.874300e-18,1.512166e-05,3.179291e+01,1.753829e-17,1.987834e-05,0.000000e+00,3.500000e-05,1.423391e-04,1.753829e-17,1.061768e-18,0.000000e+00,1.061768e-18,-1.512166e-05,1.987834e-05,3.500000e-05,0.000000e+00,7.971950e-19
2.545000e-10,4.907082e+02,6.096222e-05,0.000000e+00,3.184942e+01,1.010437e-17,1.512166e-05,3.179291e+01,3.507658e-17,1.987834e-05,0.000000e+00,3.500000e-05,6.096222e-05,8.769145e-18,1.044723e-18,0.000000e+00,1.044723e-18,-1.512166e-05,1.987834e-05,3.500000e-05,5.314633e-19,1.594390e-18
2.546000e-10,4.907140e+02,-2.178389e-05,0.000000e+00,3.184942e+01,2.240562e-17,1.512166e-05,3.179291e+01,3.507658e-17,1.987834e-05,0.000000e+00,3.500000e-05,-2.178389e-05,1.753829e-17,2.467030e-18,0.000000e+00,2.467030e-18,-1.512166e-05,1.987834e-05,3.500000e-05,5.314633e-19,1.594390e-18
2.547000e-10,4.906950e+02,-1.030070e-04,0.000000e+00,3.184942e+01,3.418138e-17,1.512166e-05,3.179291e+01,5.261487e-17,1.987834e-05,0.000000e+00,3.500000e-05,-1.030070e-04,3.507658e-17,3.889121e-18,0.000000e+00,3.889121e-18,-1.512166e-05,1.987834e-05,3.500000e-05,1.062927e-18,2.391585e-18
2.548000e-10,4.906523e+02,-1.798473e-04,0.000000e+00,3.184942e+01,4.498217e-17,1.512166e-05,3.179291e+01,5.261487e-17,1.987834e-05,0.000000e+00,3.500000e-05,-1.798473e-04,5.261487e-17,4.594665e-18,0.000000e+00,4.594665e-18,-1.512166e-05,1.987834e-05,3.500000e-05,1.594390e-18,2.391585e-18
2.549000e-10,4.905875e+02,-2.494680e-04,0.000000e+00,3.184942e+01,5.216792e-17,1.512166e-05,3.179291e+01,5.261487e-17,1.987834e-05,0.000000e+00,3.500000e-05,-2.494680e-04,4.384572e-17,3.896888e-18,0.000000e+00,3.896888e-18,-1.512166e-05,1.987834e-05,3.500000e-05,1.594390e-18,2.391585e-18
2.550000e-10,4.905033e+02,-3.091047e-04,0.000000e+00,3.184942e+01,5.834070e-17,1.512166e-05,3.179291e+01,5.261487e-17,1.987834e-05,0.000000e+00,3.500000e-05,-3.091047e-04,4.384572e-17,4.608042e-18,0.000000e+00,4.608042e-18,-1.512166e-05,1.987834e-05,3.500000e-05,1.594390e-18,2.391585e-18
2.551000e-10,4.904030e+02,-3.561933e-04,0.000000e+00,3.184942e+01,6.088579e-17,1.512166e-05,3.179291e+01,5.261487e-17,1.987834e-05,0.000000e+00,3.500000e-05,-3.561933e-04,4.384572e-17,3.900772e-18,0.000000e+00,3.900772e-18,-1.512166e-05,1.987834e-05,3.500000e-05,1.594390e-18,2.391585e-18
2.552000e-10,4.902909e+02,-3.885679e-04,0.000000e+00,3.184942e+01,5.963224e-17,1.512166e-05,3.179291e+01,3.507658e-17,1.987834e-05,0.000000e+00,3.500000e-05,-3.885679e-04,2.630743e-17,3.907892e-18,0.000000e+00,3.907892e-18,-1.512166e-05,1.987834e-05,3.500000e-05,1.594390e-18,1.594390e-18
2.553000e-10,4.901716e+02,-4.046859e-04,0.000000e+00,3.184942e+01,5.726442e-17,1.512166e-05,3.179291e+01,1.753829e-17,1.987834e-05,0.000000e+00,3.500000e-05,-4.046859e-04,4.384572e-17,3.914365e-18,0.000000e+00,3.914365e-18,-1.512166e-05,1.987834e-05,3.500000e-05,1.594390e-18,7.971950e-19
2.554000e-10,4.900500e+02,-4.038212e-04,0.000000e+00,3.184942e+01,5.323154e-17,1.512166e-05,3.179291e+01,-1.753829e-17,1.987834e-05,0.000000e+00,3.500000e-05,-4.038212e-04,1.753829e-17,1.787162e-18,0.000000e+00,1.787162e-18,-1.512166e-05,1.987834e-05,3.500000e-05,1.594390e-18,-7.971950e-19
2.555000e-10,4.899312e+02,-3.861641e-04,0.000000e+00,3.184942e+01,4.724869e-17,1.512166e-05,3.179291e+01,-3.507658e-17,1.987834e-05,0.000000e+00,3.500000e-05,-3.861641e-04,-1.753829e-17,-1.026598e-18,0.000000e+00,-1.026598e-18,-1.512166e-05,1.987834e-05,3.500000e-05,1.594390e-18,-1.594390e-18
2.556000e-10,4.898202e+02,-3.527977e-04,0.000000e+00,3.184942e+01,3.880939e-17,1.512166e-05,3.179291e+01,-3.507658e-17,1.987834e-05,0.000000e+00,3.500000e-05,-3.527977e-04,-8.769145e-18,-1.708193e-18,0.000000e+00,-1.708193e-18,-1.512166e-05,1.987834e-05,3.500000e-05,1.062927e-18,-1.594390e-18
2.557000e-10,4.897213e+02,-3.055587e-04,0.000000e+00,3.184942e+01,2.453918e-17,1.512166e-05,3.179291e+01,-3.507658e-17,1.987834e-05,0.000000e+00,3.500000e-05,-3.055587e-04,-1.753829e-17,-2.377272e-18,0.000000e+00,-2.377272e-18,-1.512166e-05,1.987834e-05,3.500000e-05,5.314633e-19,-1.594390e-18
2.558000e-10,4.896383e+02,-2.468252e-04,0.000000e+00,3.184942e+01,1.033862e-17,1.512166e-05,3.179291e+01,-1.753829e-17,1.987834e-05,0.000000e+00,3.500000e-05,-2.468252e-04,-2.630743e-17,-2.345555e-18,0.000000e+00,-2.345555e-18,-1.512166e-05,1.987834e-05,3.500000e-05,5.314633e-19,-7.971950e-19
2.559000e-10,4.895743e+02,-1.792925e-04,0.000000e+00,3.184942e+01,-3.444096e-18,1.512166e-05,3.179291e+01,-1.753829e-17,1.987834e-05,0.000000e+00,3.500000e-05,-1.792925e-04,-1.753829e-17,-2.328726e-18,0.000000e+00,-2.328726e-18,-1.512166e-05,1.987834e-05,3.500000e-05,0.000000e+00,-7.971950e-19
2.560000e-10,4.895316e+02,-1.057883e-04,0.000000e+00,3.184942e+01,-1.666968e-17,1.512166e-05,3.179291e+01,-1.753829e-17,1.987834e-05,0.000000e+00,3.500000e-05,-1.057883e-04,-1.753829e-17,-2.319017e-18,0.000000e+00,-2.319017e-18,-1.512166e-05,1.987834e-05,3.500000e-05,-5.314633e-19,-7.971950e-19
2.561000e-10,4.895114e+02,-2.915378e-05,0.000000e+00,3.184942e+01,-2.876833e-17,1.512166e-05,3.179291e+01,-1.753829e-17,1.987834e-05,0.000000e+00,3.500000e-05,-2.915378e-05,-1.753829e-17,-2.309091e-18,0.000000e+00,-2.309091e-18,-1.512166e-05,1.987834e-05,3.500000e-05,-1.062927e-18,-7.971950e-19
2.562000e-10,4.895144e+02,4.780676e-05,0.000000e+00,3.184942e+01,-3.823326e-17,1.512166e-05,3.179291e+01,-1.753829e-17,1.987834e-05,0.000000e+00,3.500000e-05,4.780676e-05,-1.753829e-17,-2.313191e-18,0.000000e+00,-2.313191e-18,-1.512166e-05,1.987834e-05,3.500000e-05,-1.062927e-18,-7.971950e-19
2.563000e-10,4.895401e+02,1.223319e-04,0.000000e+00,3.184942e+01,-4.431741e-17,1.512166e-05,3.179291e+01,0.000000e+00,1.987834e-05,0.000000e+00,3.500000e-05,1.223319e-04,-1.753829e-17,-1.630302e-18,0.000000e+00,-1.630302e-18,-1.512166e-05,1.987834e-05,3.500000e-05,-1.594390e-18,0.000000e+00
2.564000e-10,4.895876e+02,1.916999e-04,0.000000e+00,3.184942e+01,-4.550132e-17,1.512166e-05,3.179291e+01,1.753829e-17,1.987834e-05,0.000000e+00,3.500000e-05,1.916999e-04,0.000000e+00,-2.364758e-19,0.000000e+00,-2.364758e-19,-1.512166e-05,1.987834e-05,3.500000e-05,-1.594390e-18,7.971950e-19
2.565000e-10,4.896547e+02,2.532524e-04,0.000000e+00,3.184942e+01,-4.067072e-17,1.512166e-05,3.179291e+01,3.507658e-17,1.987834e-05,0.000000e+00,3.500000e-05,2.532524e-04,1.753829e-17,1.860737e-18,0.000000e+00,1.860737e-18,-1.512166e-05,1.987834e-05,3.500000e-05,-1.062927e-18,1.594390e-18
2.566000e-10,4.897387e+02,3.044744e-04,0.000000e+00,3.184942e+01,-3.016116e-17,1.512166e-05,3.179291e+01,3.507658e-17,1.987834e-05,0.000000e+00,3.500000e-05,3.044744e-04,2.630743e-17,2.535642e-18,0.000000e+00,2.535642e-18,-1.512166e-05,1.987834e-05,3.500000e-05,-1.062927e-18,1.594390e-18
2.567000e-10,4.898362e+02,3.431340e-04,0.000000e+00,3.184942e+01,-1.785992e-17,1.512166e-05,3.179291e+01,0.000000e+00,1.987834e-05,0.000000e+00,3.500000e-05,3.431340e-04,2.630743e-17,1.794282e-18,0.000000e+00,1.794282e-18,-1.512166e-05,1.987834e-05,3.500000e-05,-5.314633e-19,0.000000e+00
2.568000e-10,4.899432e+02,3.674659e-04,0.000000e+00,3.184942e+01,-2.874300e-18,1.512166e-05,3.179291e+01,1.753829e-17,1.987834e-05,0.000000e+00,3.500000e-05,3.674659e-04,1.753829e-17,1.061768e-18,0.000000e+00,1.061768e-18,-1.512166e-05,1.987834e-05,3.500000e-05,0.000000e+00,7.971950e-19
2.569000e-10,4.900551e+02,3.763551e-04,0.000000e+00,3.184942e+01,1.010437e-17,1.512166e-05,3.179291e+01,3.507658e-17,1.987834e-05,0.000000e+00,3.500000e-05,3.763551e-04,8.769145e-18,1.044723e-18,0.000000e+00,1.044723e-18,-1.512166e-05,1.987834e-05,3.500000e-05,5.314633e-19,1.594390e-18
2.570000e-10,4.901672e+02,3.694710e-04,0.000000e+00,3.184942e+01,2.240562e-17,1.512166e-05,3.179291e+01,3.507658e-17,1.987834e-05,0.000000e+00,3.500000e-05,3.694710e-04,1.753829e-17,2.467030e-18,0.000000e+00,2.467030e-18,-1.512166e-05,1.987834e-05,3.500000e-05,5.314633e-19,1.594390e-18
2.571000e-10,4.902749e+02,3.473104e-04,0.000000e+00,3.184942e+01,3.418138e-17,1.512166e-05,3.179291e+01,5.261487e-17,1.987834e-05,0.000000e+00,3.500000e-05,3.473104e-04,3.507658e-17,3.889121e-18,0.000000e+00,3.889121e-18,-1.512166e-05,1.987834e-05,3.500000e-05,1.062927e-18,2.391585e-18
2.572000e-10,4.903739e+02,3.111373e-04,0.000000e+00,3.184942e+01,4.498217e-17,1.512166e-05,3.179291e+01,5.261487e-17,1.987834e-05,0.000000e+00,3.500000e-05,3.111373e-04,5.261487e-17,4.594665e-18,0.000000e+00,4.594665e-18,-1.512166e-05,1.987834e-05,3.500000e-05,1.594390e-18,2.391585e-18
2.573000e-10,4.904601e+02,2.628368e-04,0.000000e+00,3.184942e+01,5.216792e-17,1.512166e-05,3.179291e+01,5.261487e-17,1.987834e-05,0.000000e+00,3.500000e-05,2.628368e-04,4.384572e-17,3.896888e-18,0.000000e+00,3.896888e-18,-1.512166e-05,1.987834e-05,3.500000e-05,1.594390e-18,2.391585e-18
2.574000e-10,4.905303e+02,2.047264e-04,0.000000e+00,3.184942e+01,5.834070e-17,1.512166e-05,3.179291e+01,5.261487e-17,1.987834e-05,0.000000e+00,3.500000e-05,2.047264e-04,4.384572e-17,4.608042e-18,0.000000e+00,4.608042e-18,-1.512166e-05,1.987834e-05,3.500000e-05,1.594390e-18,2.391585e-18
2.575000e-10,4.905820e+02,1.393715e-04,0.000000e+00,3.184942e+01,6.088579e-17,1.512166e-05,3.179291e+01,5.261487e-17,1.987834e-05,0.000000e+00,3.500000e-05,1.393715e-04,4.384572e-17,3.900772e-18,0.000000e+00,3.900772e-18,-1.512166e-05,1.987834e-05,3.500000e-05,1.594390e-18,2.391585e-18
2.576000e-10,4.906132e+02,6.944089e-05,0.000000e+00,3.184942e+01,5.963224e-17,1.512166e-05,3.179291e+01,3.507658e-17,1.987834e-05,0.000000e+00,3.500000e-05,6.944089e-05,2.630743e-17,3.907892e-18,0.000000e+00,3.907892e-18,-1.512166e-05,1.987834e-05,3.500000e-05,1.594390e-18,1.594390e-18
2.577000e-10,4.906232e+02,-2.382206e-06,0.000000e+00,3.184942e+01,5.726442e-17,1.512166e-05,3.179291e+01,1.753829e-17,1.987834e-05,0.000000e+00,3.500000e-05,-2.382206e-06,4.384572e-17,3.914365e-18,0.000000e+00,3.914365e-18,-1.512166e-05,1.987834e-05,3.500000e-05,1.594390e-18,7.971950e-19
2.578000e-10,4.906116e+02,-7.344044e-05,0.000000e+00,3.184942e+01,5.323154e-17,1.512166e-05,3.179291e+01,-1.753829e-17,1.987834e-05,0.000000e+00,3.500000e-05,-7.344044e-05,1.753829e-17,1.787162e-18,0.000000e+00,1.787162e-18,-1.512166e-05,1.987834e-05,3.500000e-05,1.594390e-18,-7.971950e-19
2.579000e-10,4.905792e+02,-1.411176e-04,0.000000e+00,3.184942e+01,4.724869e-17,1.512166e-05,3.179291e+01,-3.507658e-17,1.987834e-05,0.000000e+00,3.500000e-05,-1.411176e-04,-1.753829e-17,-1.026598e-18,0.000000e+00,-1.026598e-18,-1.512166e-05,1.987834e-05,3.500000e-05,1.594390e-18,-1.594390e-18
2.580000e-10,4.905273e+02,-2.028585e-04,0.000000e+00,3.184942e+01,3.880939e-17,1.512166e-05,3.179291e+01,-3.507658e-17,1.987834e-05,0.000000e+00,3.500000e-05,-2.028585e-04,-8.769145e-18,-1.708193e-18,0.000000e+00,-1.708193e-18,-1.512166e-05,1.987834e-05,3.500000e-05,1.062927e-18,-1.594390e-18
2.581000e-10,4.904581e+02,-2.562213e-04,0.000000e+00,3.184942e+01,2.453918e-17,1.512166e-05,3.179291e+01,-3.507658e-17,1.987834e-05,0.000000e+00,3.500000e-05,-2.562213e-04,-1.753829e-17,-2.377272e-18,0.000000e+00,-2.377272e-18,-1.512166e-05,1.987834e-05,3.500000e-05,5.314633e-19,-1.594390e-18
2.582000e-10,4.903744e+02,-2.989768e-04,0.000000e+00,3.184942e+01,1.033862e-17,1.512166e-05,3.179291e+01,-1.753829e-17,1.987834e-05,0.000000e+00,3.500000e-05,-2.989768e-04,-2.630743e-17,-2.345555e-18,0.000000e+00,-2.345555e-18,-1.512166e-05,1.987834e-05,3.500000e-05,5.314633e-19,-7.971950e-19
2.583000e-10,4.902799e+02,-3.292508e-04,0.000000e+00,3.184942e+01,-3.444096e-18,1.512166e-05,3.179291e+01,-1.753829e-17,1.987834e-05,0.000000e+00,3.500000e-05,-3.292508e-04,-1.753829e-17,-2.328726e-18,0.000000e+00,-2.328726e-18,-1.512166e-05,1.987834e-05,3.500000e-05,0.000000e+00,-7.971950e-19
2.584000e-10,4.901783e+02,-3.456847e-04,0.000000e+00,3.184942e+01,-1.666968e-17,1.512166e-05,3.179291e+01,-1.753829e-17,1.987834e-05,0.000000e+00,3.500000e-05,-3.456847e-04,-1.753829e-17,-2.319017e-18,0.000000e+00,-2.319017e-18,-1.512166e-05,1.987834e-05,3.500000e-05,-5.314633e-19,-7.971950e-19
2.585000e-10,4.900741e+02,-3.475751e-04,0.000000e+00,3.184942e+01,-2.876833e-17,1.512166e-05,3.179291e+01,-1.753829e-17,1.987834e-05,0.000000e+00,3.500000e-05,-3.475751e-04,-1.753829e-17,-2.309091e-18,0.000000e+00,-2.309091e-18,-1.512166e-05,1.987834e-05,3.500000e-05,-1.062927e-18,-7.971950e-19
2.586000e-10,4.899714e+02,-3.349548e-04,0.000000e+00,3.184942e+01,-3.823326e-17,1.512166e-05,3.179291e+01,-1.753829e-17,1.987834e-05,0.000000e+00,3.500000e-05,-3.349548e-04,-1.753829e-17,-2.313191e-18,0.000000e+00,-2.313191e-18,-1.512166e-05,1.987834e-05,3.500000e-05,-1.062927e-18,-7.971950e-19
2.587000e-10,4.898747e+02,-3.085894e-04,0.000000e+00,3.184942e+01,-4.431741e-17,1.512166e-05,3.179291e+01,0.000000e+00,1.987834e-05,0.000000e+00,3.500000e-05,-3.085894e-04,-1.753829e-17,-1.630302e-18,0.000000e+00,-1.630302e-18,-1.512166e-05,1.987834e-05,3.500000e-05,-1.594390e-18,0.000000e+00
2.588000e-10,4.897878e+02,-2.698920e-04,0.000000e+00,3.184942e+01,-4.550132e-17,1.512166e-05,3.179291e+01,1.753829e-17,1.987834e-05,0.000000e+00,3.500000e-05,-2.698920e-04,0.000000e+00,-2.364758e-19,0.000000e+00,-2.364758e-19,-1.512166e-05,1.987834e-05,3.500000e-05,-1.594390e-18,7.971950e-19
2.589000e-10,4.897141e+02,-2.207797e-04,0.000000e+00,3.184942e+01,-4.067072e-17,1.512166e-05,3.179291e+01,3.507658e-17,1.987834e-05,0.000000e+00,3.500000e-05,-2.207797e-04,1.753829e-17,1.860737e-18,0.000000e+00,1.860737e-18,-1.512166e-05,1.987834e-05,3.500000e-05,-1.062927e-18,1.594390e-18
2.590000e-10,4.896564e+02,-1.635084e-04,0.000000e+00,3.184942e+01,-3.016116e-17,1.512166e-05,3.179291e+01,3.507658e-17,1.987834e-05,0.000000e+00,3.500000e-05,-1.635084e-04,2.630743e-17,2.535642e-18,0.000000e+00,2.535642e-18,-1.512166e-05,1.987834e-05,3.500000e-05,-1.062927e-18,1.594390e-18
2.591000e-10,4.896169e+02,-1.005239e-04,0.000000e+00,3.184942e+01,-1.785992e-17,1.512166e-05,3.179291e+01,0.000000e+00,1.987834e-05,0.000000e+00,3.500000e-05,-1.005239e-04,2.630743e-17,1.794282e-18,0.000000e+00,1.794282e-18,-1.512166e-05,1.987834e-05,3.500000e-05,-5.314633e-19,0.000000e+00
2.592000e-10,4.895967e+02,-3.435024e-05,0.000000e+00,3.184942e+01,-2.874300e-18,1.512166e-05,3.179291e+01,1.753829e-17,1.987834e-05,0.000000e+00,3.500000e-05,-3.435024e-05,1.753829e-17,1.061768e-18,0.000000e+00,1.061768e-18,-1.512166e-05,1.987834e-05,3.500000e-05,0.000000e+00,7.971950e-19
2.593000e-10,4.895966e+02,3.247879e-05,0.000000e+00,3.184942e+01,1.010437e-17,1.512166e-05,3.179291e+01,3.507658e-17,1.987834e-05,0.000000e+00,3.500000e-05,3.247879e-05,8.769145e-18,1.044723e-18,0.000000e+00,1.044723e-18,-1.512166e-05,1.987834e-05,3.500000e-05,5.314633e-19,1.594390e-18
2.594000e-10,4.896163e+02,9.745607e-05,0.000000e+00,3.184942e+01,2.240562e-17,1.512166e-05,3.179291e+01,3.507658e-17,1.987834e-05,0.000000e+00,3.500000e-05,9.745607e-05,1.753829e-17,2.467030e-18,0.000000e+00,2.467030e-18,-1.512166e-05,1.987834e-05,3.500000e-05,5.314633e-19,1.594390e-18
2.595000e-10,4.896549e+02,1.581281e-04,0.000000e+00,3.184942e+01,3.418138e-17,1.512166e-05,3.179291e+01,5.261487e-17,1.987834e-05,0.000000e+00,3.500000e-05,1.581281e-04,3.507658e-17,3.889121e-18,0.000000e+00,3.889121e-18,-1.512166e-05,1.987834e-05,3.500000e-05,1.062927e-18,2.391585e-18
2.596000e-10,4.897107e+02,2.121363e-04,0.000000e+00,3.184942e+01,4.498217e-17,1.512166e-05,3.179291e+01,5.261487e-17,1.987834e-05,0.000000e+00,3.500000e-05,2.121363e-04,5.261487e-17,4.594665e-18,0.000000e+00,4.594665e-18,-1.512166e-05,1.987834e-05,3.500000e-05,1.594390e-18,2.391585e-18
2.597000e-10,4.897814e+02,2.572897e-04,0.000000e+00,3.184942e+01,5.216792e-17,1.512166e-05,3.179291e+01,5.261487e-17,1.987834e-05,0.000000e+00,3.500000e-05,2.572897e-04,4.384572e-17,3.896888e-18,0.000000e+00,3.896888e-18,-1.512166e-05,1.987834e-05,3.500000e-05,1.594390e-18,2.391585e-18
2.598000e-10,4.898641e+02,2.916751e-04,0.000000e+00,3.184942e+01,5.834070e-17,1.512166e-05,3.179291e+01,5.261487e-17,1.987834e-05,0.000000e+00,3.500000e-05,2.916751e-04,4.384572e-17,4.608042e-18,0.000000e+00,4.608042e-18,-1.512166e-05,1.987834e-05,3.500000e-05,1.594390e-18,2.391585e-18
2.599000e-10,4.899552e+02,3.137904e-04,0.000000e+00,3.184942e+01,6.088579e-17,1.512166e-05,3.179291e+01,5.261487e-17,1.987834e-05,0.000000e+00,3.500000e-05,3.137904e-04,4.384572e-17,3.900772e-18,0.000000e+00,3.900772e-18,-1.512166e-05,1.987834e-05,3.500000e-05,1.594390e-18,2.391585e-18
2.600000e-10,4.900509e+02,3.226767e-04,0.000000e+00,3.184942e+01,5.963224e-17,1.512166e-05,3.179291e+01,3.507658e-17,1.987834e-05,0.000000e+00,3.500000e-05,3.226767e-04,2.630743e-17,3.907892e-18,0.000000e+00,3.907892e-18,-1.512166e-05,1.987834e-05,3.500000e-05,1.594390e-18,1.594390e-18
2.601000e-10,4.901499e+02,3.309653e-04,6.840000e-06,3.185273e+01,1.632584e-05,2.132956e-05,3.179295e+01,2.115647e-07,1.999901e-05,6.840000e-06,3.500000e-05,4.293712e-04,7.088784e-08,7.088784e-09,6.840000e-06,7.088784e-09,-1.498428e-05,2.001572e-05,3.500000e-05,4.947224e-07,9.616580e-09
2.602000e-10,4.902522e+02,3.422845e-04,1.368000e-05,3.186414e+01,5.087832e-05,2.665286e-05,3.179320e+01,1.158792e-06,2.038759e-05,1.368000e-05,3.500000e-05,4.478828e-04,4.511178e-07,4.511178e-08,1.368000e-05,4.511178e-08,-1.451462e-05,2.048538e-05,3.500000e-05,1.541767e-06,5.267236e-08
2.603000e-10,4.903588e+02,3.576293e-04,2.052000e-05,3.188832e+01,1.005853e-04,3.100330e-05,3.179402e+01,3.609812e-06,2.114520e-05,2.052000e-05,3.500000e-05,5.129346e-04,1.593760e-06,1.593760e-07,2.052000e-05,1.593760e-07,-1.353134e-05,2.146866e-05,3.500000e-05,3.048041e-06,1.640824e-07
2.604000e-10,4.904707e+02,3.771294e-04,2.736000e-05,3.192889e+01,1.605163e-04,3.440264e-05,3.179599e+01,8.401216e-06,2.229856e-05,2.736000e-05,3.500000e-05,5.923658e-04,4.127958e-06,4.127958e-07,2.736000e-05,4.127958e-07,-1.190677e-05,2.309323e-05,3.500000e-05,4.864131e-06,3.818735e-07
2.605000e-10,4.905892e+02,4.007029e-04,3.420000e-05,3.198806e+01,2.253454e-04,3.695394e-05,3.179994e+01,1.623846e-05,2.380456e-05,3.420000e-05,3.500000e-05,6.807683e-04,8.747451e-06,8.747451e-07,3.420000e-05,8.747451e-07,-9.582584e-06,2.541742e-05,3.500000e-05,6.828648e-06,7.381119e-07
2.606000e-10,4.907154e+02,4.283393e-04,4.104000e-05,3.206657e+01,2.901899e-04,3.881505e-05,3.180683e+01,2.753585e-05,2.557302e-05,4.104000e-05,3.500000e-05,7.732492e-04,1.606666e-05,1.606666e-06,4.104000e-05,1.606666e-06,-6.568689e-06,2.843131e-05,3.500000e-05,8.793635e-06,1.251629e-06
2.607000e-10,4.908507e+02,4.602743e-04,4.788000e-05,3.216388e+01,3.511552e-04,4.017022e-05,3.181770e+01,4.233105e-05,2.749566e-05,4.788000e-05,3.500000e-05,8.661495e-04,2.648919e-05,2.648919e-06,4.788000e-05,2.648919e-06,-2.931286e-06,3.206871e-05,3.500000e-05,1.064107e-05,1.924139e-06
2.608000e-10,4.909966e+02,4.971422e-04,5.472000e-05,3.227849e+01,4.056696e-04,4.120133e-05,3.183354e+01,6.028326e-05,2.947325e-05,5.472000e-05,3.500000e-05,9.575318e-04,4.012249e-05,4.012249e-06,5.472000e-05,4.012249e-06,1.225652e-06,3.622565e-05,3.500000e-05,1.229302e-05,2.740148e-06
2.609000e-10,4.911546e+02,5.401430e-04,6.156000e-05,3.240838e+01,4.526279e-04,4.206234e-05,3.185517e+01,8.074470e-05,3.143591e-05,6.156000e-05,3.500000e-05,1.047491e-03,5.675530e-05,5.675530e-06,6.156000e-05,5.675530e-06,5.781658e-06,4.078166e-05,3.500000e-05,1.371600e-05,3.670214e-06
2.610000e-10,4.913270e+02,5.912447e-04,6.840000e-05,3.255141e+01,4.923513e-04,4.285967e-05,3.188323e+01,1.028834e-04,3.335430e-05,6.840000e-05,3.500000e-05,1.138316e-03,7.589777e-05,7.589777e-06,6.840000e-05,7.589777e-06,1.062060e-05,4.562060e-05,3.500000e-05,1.491974e-05,4.676518e-06
2.611000e-10,4.915142e+02,6.404970e-04,6.840000e-05,3.270241e+01,5.100698e-04,3.743226e-05,3.191802e+01,1.256184e-04,3.512113e-05,6.840000e-05,3.500000e-05,1.123207e-03,9.680023e-05,9.680023e-06,6.840000e-05,9.680023e-06,1.551108e-05,5.051108e-05,3.500000e-05,1.545666e-05,5.709928e-06
2.612000e-10,4.917160e+02,6.880209e-04,6.840000e-05,3.285515e+01,5.055307e-04,3.288867e-05,3.195953e+01,1.476514e-04,3.663364e-05,6.840000e-05,3.500000e-05,1.193552e-03,1.184716e-04,1.184716e-05,6.840000e-05,1.184716e-05,2.019222e-05,5.519222e-05,3.500000e-05,1.531911e-05,6.711427e-06
2.613000e-10,4.919328e+02,7.380400e-04,6.840000e-05,3.300399e+01,4.834453e-04,2.930517e-05,3.200733e+01,1.676296e-04,3.785085e-05,6.840000e-05,3.500000e-05,1.221485e-03,1.397460e-04,1.397460e-05,6.840000e-05,1.397460e-05,2.444498e-05,5.944498e-05,3.500000e-05,1.464986e-05,7.619526e-06
2.614000e-10,4.921665e+02,7.969363e-04,6.840000e-05,3.314473e+01,4.498453e-04,2.664249e-05,3.206060e+01,1.843635e-04,3.880456e-05,6.840000e-05,3.500000e-05,1.246782e-03,1.594111e-04,1.594111e-05,6.840000e-05,1.594111e-05,2.812583e-05,6.312583e-05,3.500000e-05,1.363168e-05,8.380157e-06
2.615000e-10,4.924211e+02,8.725877e-04,6.840000e-05,3.327479e+01,4.104680e-04,2.478907e-05,3.211827e+01,1.970145e-04,3.958037e-05,6.840000e-05,3.500000e-05,1.283056e-03,1.763694e-04,1.763694e-05,6.840000e-05,1.763694e-05,3.117251e-05,6.617251e-05,3.500000e-05,1.243842e-05,8.955204e-06
2.616000e-10,4.927033e+02,9.741254e-04,6.840000e-05,3.339311e+01,3.700583e-04,2.359262e-05,3.217906e+01,2.052020e-04,4.028724e-05,6.840000e-05,3.500000e-05,1.344184e-03,1.897889e-04,1.897889e-05,6.840000e-05,1.897889e-05,3.359349e-05,6.859349e-05,3.500000e-05,1.121389e-05,9.327365e-06
2.617000e-10,4.930226e+02,1.111590e-03,6.840000e-05,3.349983e+01,3.321505e-04,2.288461e-05,3.224166e+01,2.090159e-04,4.102895e-05,6.840000e-05,3.500000e-05,1.443740e-03,1.992055e-04,1.992055e-05,6.840000e-05,1.992055e-05,3.545023e-05,7.045023e-05,3.500000e-05,1.006517e-05,9.500724e-06
2.618000e-10,4.933913e+02,1.294751e-03,6.840000e-05,3.359600e+01,2.991121e-04,2.249822e-05,3.230486e+01,2.089501e-04,4.188428e-05,6.840000e-05,3.500000e-05,1.593863e-03,2.045577e-04,2.045577e-05,6.840000e-05,2.045577e-05,3.683778e-05,7.183778e-05,3.500000e-05,9.064002e-06,9.497730e-06
2.619000e-10,4.938241e+02,1.529823e-03,6.840000e-05,3.368322e+01,2.723174e-04,2.228047e-05,3.236761e+01,2.057867e-04,4.289796e-05,6.840000e-05,3.500000e-05,1.802140e-03,2.061558e-04,2.061558e-05,6.840000e-05,2.061558e-05,3.786748e-05,7.286748e-05,3.500000e-05,8.252042e-06,9.353942e-06
2.620000e-10,4.943355e+02,1.812599e-03,6.840000e-05,3.376341e+01,2.523693e-04,2.209923e-05,3.242913e+01,2.004642e-04,4.408091e-05,6.840000e-05,3.500000e-05,2.064969e-03,2.046030e-04,2.046030e-05,6.840000e-05,2.046030e-05,3.865322e-05,7.365322e-05,3.500000e-05,7.647555e-06,9.112008e-06
2.621000e-10,4.949352e+02,2.118910e-03,6.840000e-05,3.383862e+01,2.393191e-04,2.184604e-05,3.248893e+01,1.939545e-04,4.541667e-05,6.840000e-05,3.500000e-05,2.358229e-03,2.006909e-04,2.006909e-05,6.840000e-05,2.006909e-05,3.930187e-05,7.430187e-05,3.500000e-05,7.252095e-06,8.816114e-06
2.622000e-10,4.956216e+02,2.401424e-03,6.840000e-05,3.391086e+01,2.328605e-04,2.143600e-05,3.254678e+01,1.871684e-04,4.687068e-05,6.840000e-05,3.500000e-05,2.634285e-03,1.952929e-04,1.952929e-05,6.840000e-05,1.952929e-05,3.990762e-05,7.490762e-05,3.500000e-05,7.056380e-06,8.507653e-06
2.623000e-10,4.963787e+02,2.608451e-03,6.840000e-05,3.398204e+01,2.324874e-04,2.080555e-05,3.260270e+01,1.808938e-04,4.839976e-05,6.840000e-05,3.500000e-05,2.840939e-03,1.892718e-04,1.892718e-05,6.840000e-05,1.892718e-05,4.054938e-05,7.554938e-05,3.500000e-05,7.045073e-06,8.222444e-06
2.624000e-10,4.971856e+02,2.737166e-03,6.840000e-05,3.405389e+01,2.376143e-04,1.990902e-05,3.265695e+01,1.757679e-04,4.995985e-05,6.840000e-05,3.500000e-05,2.974780e-03,1.834126e-04,1.834126e-05,6.840000e-05,1.834126e-05,4.129055e-05,7.629055e-05,3.500000e-05,7.200433e-06,7.989448e-06
2.625000e-10,4.980161e+02,2.772187e-03,6.840000e-05,3.412802e+01,2.476620e-04,1.871480e-05,3.270993e+01,1.722753e-04,5.151138e-05,6.840000e-05,3.500000e-05,3.019849e-03,1.783822e-04,1.783822e-05,6.840000e-05,1.783822e-05,4.218029e-05,7.718029e-05,3.500000e-05,7.504910e-06,7.830694e-06
2.626000e-10,4.988582e+02,2.790360e-03,6.840000e-05,3.420582e+01,2.621136e-04,1.720154e-05,3.276218e+01,1.707656e-04,5.302204e-05,6.840000e-05,3.500000e-05,3.052474e-03,1.747152e-04,1.747152e-05,6.840000e-05,1.747152e-05,4.325563e-05,7.825563e-05,3.500000e-05,7.942837e-06,7.762072e-06
2.627000e-10,4.997123e+02,2.830714e-03,6.840000e-05,3.428858e+01,2.805438e-04,1.535483e-05,3.281434e+01,1.714815e-04,5.446734e-05,6.840000e-05,3.500000e-05,3.111258e-03,1.728189e-04,1.728189e-05,6.840000e-05,1.728189e-05,4.454384e-05,7.954384e-05,3.500000e-05,8.501327e-06,7.794615e-06
2.628000e-10,5.005816e+02,2.886094e-03,6.840000e-05,3.437747e+01,3.026268e-04,1.316472e-05,3.286709e+01,1.745913e-04,5.582955e-05,6.840000e-05,3.500000e-05,3.188720e-03,1.729925e-04,1.729925e-05,6.840000e-05,1.729925e-05,4.606477e-05,8.106477e-05,3.500000e-05,9.170510e-06,7.935970e-06
2.629000e-10,5.014685e+02,2.947658e-03,6.840000e-05,3.447357e+01,3.281249e-04,1.062417e-05,3.292118e+01,1.802208e-04,5.709550e-05,6.840000e-05,3.500000e-05,3.275783e-03,1.754529e-04,1.754529e-05,6.840000e-05,1.754529e-05,4.783265e-05,8.283265e-05,3.500000e-05,9.943178e-06,8.191855e-06
2.630000e-10,5.023616e+02,2.949276e-03,6.840000e-05,3.457789e+01,3.568573e-04,7.728773e-06,3.297739e+01,1.884818e-04,5.825364e-05,6.840000e-05,3.500000e-05,3.306134e-03,1.803638e-04,1.803638e-05,6.840000e-05,1.803638e-05,4.985737e-05,8.485737e-05,3.500000e-05,1.081386e-05,8.567354e-06
2.631000e-10,5.032379e+02,2.856595e-03,6.840000e-05,3.469140e+01,3.886519e-04,4.477810e-06,3.303654e+01,1.994956e-04,5.929061e-05,6.840000e-05,3.500000e-05,3.245247e-03,1.878626e-04,1.878626e-05,6.840000e-05,1.878626e-05,5.214486e-05,8.714486e-05,3.500000e-05,1.177733e-05,9.067983e-06
2.632000e-10,5.041063e+02,2.844819e-03,6.840000e-05,3.481497e+01,4.232757e-04,8.769755e-07,3.309949e+01,2.134109e-04,6.018749e-05,6.840000e-05,3.500000e-05,3.268095e-03,1.980850e-04,1.980850e-05,6.840000e-05,1.980850e-05,5.469649e-05,8.969649e-05,3.500000e-05,1.282654e-05,9.700493e-06
2.633000e-10,5.049505e+02,2.738626e-03,6.840000e-05,3.494942e+01,4.603463e-04,-3.057118e-06,3.316714e+01,2.304146e-04,6.091551e-05,6.840000e-05,3.500000e-05,3.198972e-03,2.111833e-04,2.111833e-05,6.840000e-05,2.111833e-05,5.750723e-05,9.250723e-05,3.500000e-05,1.394989e-05,1.047339e-05
2.634000e-10,5.058017e+02,2.812887e-03,6.840000e-05,3.509536e+01,4.992235e-04,-7.290507e-06,3.324049e+01,2.507380e-04,6.143136e-05,6.840000e-05,3.500000e-05,3.312110e-03,2.273398e-04,2.273398e-05,6.840000e-05,2.273398e-05,6.056252e-05,9.556252e-05,3.500000e-05,1.512798e-05,1.139718e-05
2.635000e-10,5.066671e+02,2.871162e-03,6.840000e-05,3.525317e+01,5.388922e-04,-1.176369e-05,3.332057e+01,2.746544e-04,6.167190e-05,6.840000e-05,3.500000e-05,3.410054e-03,2.467743e-04,2.467743e-05,6.840000e-05,2.467743e-05,6.383362e-05,9.883362e-05,3.500000e-05,1.633007e-05,1.248429e-05
2.636000e-10,5.075510e+02,2.939594e-03,6.840000e-05,3.542283e+01,5.778539e-04,-1.638239e-05,3.340854e+01,3.024706e-04,6.154863e-05,6.840000e-05,3.500000e-05,3.517448e-03,2.697437e-04,2.697437e-05,6.840000e-05,2.697437e-05,6.727167e-05,1.022717e-04,3.500000e-05,1.751072e-05,1.374867e-05
2.637000e-10,5.084454e+02,2.960611e-03,6.840000e-05,3.560377e+01,6.140636e-04,-2.100890e-05,3.350562e+01,3.345104e-04,6.094232e-05,6.840000e-05,3.500000e-05,3.574675e-03,2.965358e-04,2.965358e-05,6.840000e-05,2.965358e-05,7.080092e-05,1.058009e-04,3.500000e-05,1.860799e-05,1.520502e-05
2.638000e-10,5.093286e+02,2.888473e-03,6.840000e-05,3.579473e+01,6.449622e-04,-2.545646e-05,3.361315e+01,3.710886e-04,5.969907e-05,6.840000e-05,3.500000e-05,3.533435e-03,3.274541e-04,3.274541e-05,6.840000e-05,3.274541e-05,7.431215e-05,1.093121e-04,3.500000e-05,1.954431e-05,1.686766e-05
2.639000e-10,5.101927e+02,2.812407e-03,6.840000e-05,3.599364e+01,6.676612e-04,-2.949019e-05,3.373255e+01,4.124775e-04,5.762953e-05,6.840000e-05,3.500000e-05,3.480068e-03,3.627953e-04,3.627953e-05,6.840000e-05,3.627953e-05,7.765804e-05,1.126580e-04,3.500000e-05,2.023216e-05,1.874898e-05
2.640000e-10,5.110517e+02,2.818192e-03,6.840000e-05,3.619754e+01,6.793118e-04,-3.283790e-05,3.386530e+01,4.588627e-04,5.451357e-05,6.840000e-05,3.500000e-05,3.497504e-03,4.028173e-04,4.028173e-05,6.840000e-05,4.028173e-05,8.065269e-05,1.156527e-04,3.500000e-05,2.058521e-05,2.085740e-05
2.641000e-10,5.118991e+02,2.770216e-03,6.840000e-05,3.640278e+01,6.776403e-04,-3.521218e-05,3.401292e+01,5.102875e-04,5.011299e-05,6.840000e-05,3.500000e-05,3.447857e-03,4.476974e-04,4.476974e-05,6.840000e-05,4.476974e-05,8.307762e-05,1.180776e-04,3.500000e-05,2.053456e-05,2.319489e-05
2.642000e-10,5.127740e+02,2.924587e-03,6.840000e-05,3.660520e+01,6.615449e-04,-3.634235e-05,3.417690e+01,5.665781e-04,4.419423e-05,6.840000e-05,3.500000e-05,3.586132e-03,4.974776e-04,4.974776e-05,6.840000e-05,4.974776e-05,8.469554e-05,1.196955e-04,3.500000e-05,2.004682e-05,2.575355e-05
2.643000e-10,5.136777e+02,3.021545e-03,6.840000e-05,3.680062e+01,6.315867e-04,-3.601092e-05,3.435862e+01,6.272369e-04,3.656228e-05,6.840000e-05,3.500000e-05,3.653132e-03,5.519888e-04,5.519888e-05,6.840000e-05,5.519888e-05,8.527193e-05,1.202719e-04,3.500000e-05,1.913899e-05,2.851077e-05
2.644000e-10,5.145983e+02,3.057224e-03,6.840000e-05,3.698531e+01,5.901981e-04,-3.408705e-05,3.455922e+01,6.912862e-04,2.710570e-05,6.840000e-05,3.500000e-05,3.647422e-03,6.107446e-04,6.107446e-05,6.840000e-05,6.107446e-05,8.460226e-05,1.196023e-04,3.500000e-05,1.788479e-05,3.142210e-05
2.645000e-10,5.155114e+02,2.992732e-03,6.840000e-05,3.715657e+01,5.415035e-04,-3.055068e-05,3.477945e+01,7.570488e-04,1.585129e-05,6.840000e-05,3.500000e-05,3.534235e-03,6.727889e-04,6.727889e-05,6.840000e-05,6.727889e-05,8.254149e-05,1.175415e-04,3.500000e-05,1.640920e-05,3.441131e-05
2.646000e-10,5.163919e+02,2.844251e-03,6.840000e-05,3.731307e+01,4.907694e-04,-2.550361e-05,3.501934e+01,8.218783e-04,3.024180e-06,6.840000e-05,3.500000e-05,3.335020e-03,7.364952e-04,7.364952e-05,6.840000e-05,7.364952e-05,7.903181e-05,1.140318e-04,3.500000e-05,1.487180e-05,3.735810e-05
2.647000e-10,5.172570e+02,2.821717e-03,6.840000e-05,3.745509e+01,4.436047e-04,-1.916782e-05,3.527796e+01,8.819145e-04,-1.089580e-05,6.840000e-05,3.500000e-05,3.265322e-03,7.993403e-04,7.993403e-05,6.840000e-05,7.993403e-05,7.412526e-05,1.091253e-04,3.500000e-05,1.344257e-05,4.008702e-05
2.648000e-10,5.181040e+02,2.757909e-03,6.840000e-05,3.758449e+01,4.050857e-04,-1.187284e-05,3.555296e+01,9.320239e-04,-2.513993e-05,6.840000e-05,3.500000e-05,3.162995e-03,8.577272e-04,8.577272e-05,6.840000e-05,8.577272e-05,6.799752e-05,1.029975e-04,3.500000e-05,1.227533e-05,4.236472e-05
2.649000e-10,5.189739e+02,2.900661e-03,6.840000e-05,3.770440e+01,3.789733e-04,-4.033146e-06,3.584034e+01,9.661567e-04,-3.866703e-05,6.840000e-05,3.500000e-05,3.279635e-03,9.069992e-04,9.069992e-05,6.840000e-05,9.069992e-05,6.094911e-05,9.594911e-05,3.500000e-05,1.148404e-05,4.391621e-05
2.650000e-10,5.198707e+02,2.995421e-03,6.840000e-05,3.781874e+01,3.671501e-04,3.884775e-06,3.613431e+01,9.783034e-04,-5.026003e-05,6.840000e-05,3.500000e-05,3.362571e-03,9.418116e-04,9.418116e-05,6.840000e-05,9.418116e-05,5.338947e-05,8.838947e-05,3.500000e-05,1.112576e-05,4.446834e-05
2.651000e-10,5.207852e+02,3.038758e-03,6.840000e-05,3.793167e+01,3.693667e-04,1.140667e-05,3.642757e+01,9.639818e-04,-5.871256e-05,6.840000e-05,3.500000e-05,3.408124e-03,9.569561e-04,9.569561e-05,6.840000e-05,9.569561e-05,4.580040e-05,8.080040e-05,3.500000e-05,1.119293e-05,4.381735e-05
2.652000e-10,5.216949e+02,2.986366e-03,6.840000e-05,3.804697e+01,3.833371e-04,1.810343e-05,3.671205e+01,9.217936e-04,-6.307253e-05,6.840000e-05,3.500000e-05,3.369703e-03,9.485311e-04,9.485311e-05,6.840000e-05,9.485311e-05,3.868029e-05,7.368029e-05,3.500000e-05,1.161628e-05,4.189971e-05
2.653000e-10,5.225747e+02,2.845864e-03,6.840000e-05,3.816748e+01,4.051742e-04,2.364431e-05,3.697994e+01,8.543442e-04,-6.286665e-05,6.840000e-05,3.500000e-05,3.251038e-03,9.151050e-04,9.151050e-05,6.840000e-05,9.151050e-05,3.247768e-05,6.747768e-05,3.500000e-05,1.227801e-05,3.883383e-05
2.654000e-10,5.234397e+02,2.822474e-03,6.840000e-05,3.829477e+01,4.300901e-04,2.783753e-05,3.722481e+01,7.679978e-04,-5.822015e-05,6.840000e-05,3.500000e-05,3.252564e-03,8.584059e-04,8.584059e-05,6.840000e-05,8.584059e-05,2.752943e-05,6.252943e-05,3.500000e-05,1.303303e-05,3.490899e-05
2.655000e-10,5.242850e+02,2.749615e-03,6.840000e-05,3.842901e+01,4.532221e-04,3.064688e-05,3.744246e+01,6.715057e-04,-4.982539e-05,6.840000e-05,3.500000e-05,3.202837e-03,7.832152e-04,7.832152e-05,6.840000e-05,7.832152e-05,2.401911e-05,5.901911e-05,3.500000e-05,1.373400e-05,3.052299e-05
2.656000e-10,5.251503e+02,2.880579e-03,6.840000e-05,3.856905e+01,4.704123e-04,3.217977e-05,3.763130e+01,5.740695e-04,-3.877598e-05,6.840000e-05,3.500000e-05,3.350992e-03,6.964723e-04,6.964723e-05,6.840000e-05,6.964723e-05,2.196532e-05,5.696532e-05,3.500000e-05,1.425492e-05,2.609407e-05
2.657000e-10,5.260407e+02,2.971831e-03,6.840000e-05,3.871271e+01,4.787801e-04,3.265157e-05,3.779220e+01,4.835629e-04,-2.633096e-05,6.840000e-05,3.500000e-05,3.450611e-03,6.059077e-04,6.059077e-05,6.840000e-05,6.059077e-05,2.123994e-05,5.623994e-05,3.500000e-05,1.450849e-05,2.198013e-05
2.658000e-10,5.269499e+02,3.023096e-03,6.840000e-05,3.885722e+01,4.769915e-04,3.233730e-05,3.792796e+01,4.054077e-04,-1.368462e-05,6.840000e-05,3.500000e-05,3.500088e-03,5.186541e-04,5.186541e-05,6.840000e-05,5.186541e-05,2.160841e-05,5.660841e-05,3.500000e-05,1.445429e-05,1.842762e-05
2.659000e-10,5.278576e+02,2.984801e-03,6.840000e-05,3.899963e+01,4.652144e-04,3.152299e-05,3.804254e+01,3.422412e-04,-1.797320e-06,6.840000e-05,3.500000e-05,3.450016e-03,4.402050e-04,4.402050e-05,6.840000e-05,4.402050e-05,2.277960e-05,5.777960e-05,3.500000e-05,1.409741e-05,1.555642e-05
2.660000e-10,5.287384e+02,2.854378e-03,6.840000e-05,3.913721e+01,4.448297e-04,3.046637e-05,3.814033e+01,2.942232e-04,8.689772e-06,6.840000e-05,3.500000e-05,3.299208e-03,3.739039e-04,3.739039e-05,6.840000e-05,3.739039e-05,2.445394e-05,5.945394e-05,3.500000e-05,1.347969e-05,1.337378e-05
2.661000e-10,5.296029e+02,2.818361e-03,6.156000e-05,3.926444e+01,4.016851e-04,2.316355e-05,3.822549e+01,2.595031e-04,1.734089e-05,6.156000e-05,3.500000e-05,3.137967e-03,3.208769e-04,3.208769e-05,6.156000e-05,3.208769e-05,2.622418e-05,6.122418e-05,3.500000e-05,1.217228e-05,1.179560e-05
2.662000e-10,5.304574e+02,2.795880e-03,5.472000e-05,3.937477e+01,3.352975e-04,1.688921e-05,3.830146e+01,2.348880e-04,2.396235e-05,5.472000e-05,3.500000e-05,3.076457e-03,2.803119e-04,2.803119e-05,5.472000e-05,2.803119e-05,2.767026e-05,6.267026e-05,3.500000e-05,1.016053e-05,1.067673e-05
2.663000e-10,5.313129e+02,2.816985e-03,4.788000e-05,3.946212e+01,2.496560e-04,1.188043e-05,3.837066e+01,2.165838e-04,2.859274e-05,4.788000e-05,3.500000e-05,3.011921e-03,2.499678e-04,2.499678e-05,4.788000e-05,2.499678e-05,2.843423e-05,6.343423e-05,3.500000e-05,7.565332e-06,9.844717e-06
2.664000e-10,5.321702e+02,2.824398e-03,4.104000e-05,3.952158e+01,1.498168e-04,8.246282e-06,3.843441e+01,2.008516e-04,3.144569e-05,4.104000e-05,3.500000e-05,2.919495e-03,2.267851e-04,2.267851e-05,4.104000e-05,2.267851e-05,2.825381e-05,6.325381e-05,3.500000e-05,4.539904e-06,9.129617e-06
2.665000e-10,5.330320e+02,2.843961e-03,3.420000e-05,3.954964e+01,4.064612e-05,6.000817e-06,3.849303e+01,1.844784e-04,3.283497e-05,3.420000e-05,3.500000e-05,2.829888e-03,2.074713e-04,2.074713e-05,3.420000e-05,2.074713e-05,2.696748e-05,6.196748e-05,3.500000e-05,1.231701e-06,8.385380e-06
2.666000e-10,5.338774e+02,2.754749e-03,2.736000e-05,3.954410e+01,-7.353659e-05,5.083546e-06,3.854600e+01,1.650363e-04,3.310598e-05,2.736000e-05,3.500000e-05,2.626492e-03,1.889720e-04,1.889720e-05,2.736000e-05,1.889720e-05,2.450484e-05,5.950484e-05,3.500000e-05,-2.228382e-06,7.501651e-06
2.667000e-10,5.347046e+02,2.692940e-03,2.052000e-05,3.950398e+01,-1.889066e-04,5.372633e-06,3.859221e+01,1.409579e-04,3.258624e-05,2.052000e-05,3.500000e-05,2.449313e-03,1.687839e-04,1.687839e-05,2.052000e-05,1.687839e-05,2.087181e-05,5.587181e-05,3.500000e-05,-5.724442e-06,6.407179e-06
2.668000e-10,5.355047e+02,2.588496e-03,1.368000e-05,3.942945e+01,-3.019005e-04,6.691866e-06,3.863020e+01,1.114842e-04,3.155815e-05,1.368000e-05,3.500000e-05,2.231875e-03,1.451102e-04,1.451102e-05,1.368000e-05,1.451102e-05,1.613663e-05,5.113663e-05,3.500000e-05,-9.148500e-06,5.067462e-06
2.669000e-10,5.362728e+02,2.474954e-03,6.840000e-06,3.932177e+01,-4.089324e-04,8.812444e-06,3.865837e+01,7.654823e-05,3.025095e-05,6.840000e-06,3.500000e-05,2.011301e-03,1.168904e-04,1.168904e-05,6.840000e-06,1.168904e-05,1.041945e-05,4.541945e-05,3.500000e-05,-1.239189e-05,3.479465e-06
2.670000e-10,5.370156e+02,2.403310e-03,1.612751e-18,3.918335e+01,-5.061696e-04,1.145236e-05,3.867518e+01,3.664831e-05,2.884535e-05,1.612751e-18,3.500000e-05,1.842420e-03,8.374931e-05,8.374931e-06,1.612751e-18,8.374931e-06,3.886115e-06,3.888611e-05,3.500000e-05,-1.533847e-05,1.665832e-06
2.671000e-10,5.377521e+02,2.413005e-03,0.000000e+00,3.902110e+01,-5.731577e-04,2.048625e-05,3.867936e+01,-7.047044e-06,2.760437e-05,0.000000e+00,3.500000e-05,1.867207e-03,4.598112e-05,4.598112e-06,0.000000e+00,4.598112e-06,-3.117840e-06,3.188216e-05,3.500000e-05,-1.736841e-05,-3.203202e-07
2.672000e-10,5.385025e+02,2.492752e-03,0.000000e+00,3.884481e+01,-6.032784e-04,2.842775e-05,3.867009e+01,-5.266098e-05,2.679124e-05,0.000000e+00,3.500000e-05,1.889473e-03,4.558517e-06,4.558517e-07,0.000000e+00,4.558517e-07,-1.014659e-05,2.485341e-05,3.500000e-05,-1.828116e-05,-2.393681e-06
2.673000e-10,5.392768e+02,2.587616e-03,0.000000e+00,3.866534e+01,-5.958737e-04,3.479308e-05,3.864720e+01,-9.772399e-05,2.659508e-05,0.000000e+00,3.500000e-05,1.991742e-03,-3.889384e-05,-3.889384e-06,0.000000e+00,-3.889384e-06,-1.673630e-05,1.826370e-05,3.500000e-05,-1.805678e-05,-4.442000e-06
2.674000e-10,5.400675e+02,2.629367e-03,0.000000e+00,3.849330e+01,-5.539805e-04,3.925436e-05,3.861133e+01,-1.394193e-04,2.709091e-05,0.000000e+00,3.500000e-05,2.075386e-03,-8.220736e-05,-8.220736e-06,0.000000e+00,-8.220736e-06,-2.246707e-05,1.253293e-05,3.500000e-05,-1.678729e-05,-6.337242e-06
2.675000e-10,5.408540e+02,2.581187e-03,0.000000e+00,3.833800e+01,-4.835392e-04,4.166115e-05,3.856394e+01,-1.749084e-04,2.822877e-05,0.000000e+00,3.500000e-05,2.097648e-03,-1.228684e-04,-1.228684e-05,0.000000e+00,-1.228684e-05,-2.700845e-05,7.991548e-06,3.500000e-05,-1.465270e-05,-7.950380e-06
2.676000e-10,5.416144e+02,2.459633e-03,0.000000e+00,3.820670e+01,-3.926679e-04,4.204944e-05,3.850729e+01,-2.016842e-04,2.984596e-05,0.000000e+00,3.500000e-05,2.066965e-03,-1.582891e-04,-1.582891e-05,0.000000e+00,-1.582891e-05,-3.015041e-05,4.849590e-06,3.500000e-05,-1.189903e-05,-9.167462e-06
2.677000e-10,5.423374e+02,2.317946e-03,0.000000e+00,3.810405e+01,-2.906736e-04,4.062643e-05,3.844426e+01,-2.178995e-04,3.169771e-05,0.000000e+00,3.500000e-05,2.027272e-03,-1.861133e-04,-1.861133e-05,0.000000e+00,-1.861133e-05,-3.181814e-05,3.181861e-06,3.500000e-05,-8.808291e-06,-9.904524e-06
2.678000e-10,5.430268e+02,2.213701e-03,0.000000e+00,3.803196e+01,-1.869246e-04,3.773414e-05,3.837816e+01,-2.226172e-04,3.350036e-05,0.000000e+00,3.500000e-05,2.026777e-03,-2.045115e-04,-2.045115e-05,0.000000e+00,-2.045115e-05,-3.206976e-05,2.930236e-06,3.500000e-05,-5.664381e-06,-1.011897e-05
2.679000e-10,5.436991e+02,2.184144e-03,0.000000e+00,3.798974e+01,-8.981838e-05,3.380022e-05,3.831238e+01,-2.159384e-04,3.497875e-05,0.000000e+00,3.500000e-05,2.094326e-03,-2.124182e-04,-2.124182e-05,0.000000e+00,-2.124182e-05,-3.107845e-05,3.921553e-06,3.500000e-05,-2.721769e-06,-9.815380e-06
2.680000e-10,5.443757e+02,2.233888e-03,0.000000e+00,3.797445e+01,-6.017388e-06,2.928527e-05,3.825015e+01,-1.989852e-04,3.590882e-05,0.000000e+00,3.500000e-05,2.227871e-03,-2.096697e-04,-2.096697e-05,0.000000e+00,-2.096697e-05,-2.910293e-05,5.897071e-06,3.500000e-05,-1.823451e-07,-9.044780e-06
2.681000e-10,5.450736e+02,2.331826e-03,0.000000e+00,3.798150e+01,5.998418e-05,2.463416e-05,3.819421e+01,-1.737430e-04,3.614782e-05,0.000000e+00,3.500000e-05,2.391811e-03,-1.970228e-04,-1.970228e-05,0.000000e+00,-1.970228e-05,-2.645186e-05,8.548137e-06,3.500000e-05,1.817703e-06,-7.897410e-06
2.682000e-10,5.457965e+02,2.420591e-03,0.000000e+00,3.800532e+01,1.059749e-04,2.023603e-05,3.814664e+01,-1.427934e-04,3.564815e-05,0.000000e+00,3.500000e-05,2.526566e-03,-1.760493e-04,-1.760493e-05,0.000000e+00,-1.760493e-05,-2.344739e-05,1.155261e-05,3.500000e-05,3.211361e-06,-6.490608e-06
2.683000e-10,5.465327e+02,2.444401e-03,0.000000e+00,3.803997e+01,1.318752e-04,1.639628e-05,3.810870e+01,-1.089887e-04,3.445463e-05,0.000000e+00,3.500000e-05,2.576276e-03,-1.489310e-04,-1.489310e-05,0.000000e+00,-1.489310e-05,-2.039250e-05,1.460750e-05,3.500000e-05,3.996218e-06,-4.954030e-06
2.684000e-10,5.472605e+02,2.381718e-03,0.000000e+00,3.807976e+01,1.393886e-04,1.332154e-05,3.808084e+01,-7.512488e-05,3.268838e-05,0.000000e+00,3.500000e-05,2.521107e-03,-1.181905e-04,-1.181905e-05,0.000000e+00,-1.181905e-05,-1.754544e-05,1.745456e-05,3.500000e-05,4.223896e-06,-3.414767e-06
2.685000e-10,5.479599e+02,2.254980e-03,0.000000e+00,3.811967e+01,1.315292e-04,1.111717e-05,3.806271e+01,-4.366028e-05,3.052212e-05,0.000000e+00,3.500000e-05,2.386509e-03,-8.640462e-05,-8.640462e-06,0.000000e+00,-8.640462e-06,-1.510290e-05,1.989710e-05,3.500000e-05,3.985735e-06,-1.984558e-06
2.686000e-10,5.486210e+02,2.112804e-03,0.000000e+00,3.815568e+01,1.121010e-04,9.795281e-06,3.805332e+01,-1.651190e-05,2.815235e-05,0.000000e+00,3.500000e-05,2.224905e-03,-5.594086e-05,-5.594086e-06,0.000000e+00,-5.594086e-06,-1.319228e-05,2.180772e-05,3.500000e-05,3.397000e-06,-7.505409e-07
2.687000e-10,5.492475e+02,2.004541e-03,0.000000e+00,3.818494e+01,8.519649e-05,9.290483e-06,3.805121e+01,5.055711e-06,2.577309e-05,0.000000e+00,3.500000e-05,2.089737e-03,-2.875093e-05,-2.875093e-06,0.000000e+00,-2.875093e-06,-1.187219e-05,2.312781e-05,3.500000e-05,2.581712e-06,2.298050e-07
2.688000e-10,5.498539e+02,1.962967e-03,0.000000e+00,3.820579e+01,5.476872e-05,9.479953e-06,3.805466e+01,2.045209e-05,2.355457e-05,0.000000e+00,3.500000e-05,2.017736e-03,-6.238226e-06,-6.238226e-07,0.000000e+00,-6.238226e-07,-1.113961e-05,2.386039e-05,3.500000e-05,1.659658e-06,9.296404e-07
2.689000e-10,5.504605e+02,1.996614e-03,0.000000e+00,3.821766e+01,2.430567e-05,1.020493e-05,3.806182e+01,2.970686e-05,2.162867e-05,0.000000e+00,3.500000e-05,2.020919e-03,1.079553e-05,1.079553e-06,0.000000e+00,1.079553e-06,-1.094146e-05,2.405854e-05,3.500000e-05,7.365353e-07,1.350312e-06
2.690000e-10,5.510855e+02,2.087246e-03,0.000000e+00,3.822093e+01,-3.383284e-06,1.129119e-05,3.807097e+01,3.336107e-05,2.008173e-05,0.000000e+00,3.500000e-05,2.083862e-03,2.213189e-05,2.213189e-06,0.000000e+00,2.213189e-06,-1.118866e-05,2.381134e-05,3.500000e-05,-1.025238e-07,1.516412e-06
2.691000e-10,5.517380e+02,2.192446e-03,0.000000e+00,3.821670e+01,-2.627605e-05,1.256691e-05,3.808056e+01,3.232710e-05,1.895386e-05,0.000000e+00,3.500000e-05,2.166170e-03,2.806059e-05,2.806059e-06,0.000000e+00,2.806059e-06,-1.177067e-05,2.322933e-05,3.500000e-05,-7.962439e-07,1.469414e-06
2.692000e-10,5.524132e+02,2.259549e-03,0.000000e+00,3.820655e+01,-4.315760e-05,1.387687e-05,3.808938e+01,2.773884e-05,1.824339e-05,0.000000e+00,3.500000e-05,2.216391e-03,2.926685e-05,2.926685e-06,0.000000e+00,2.926685e-06,-1.256907e-05,2.243093e-05,3.500000e-05,-1.307806e-06,1.260856e-06
2.693000e-10,5.530942e+02,2.250962e-03,0.000000e+00,3.819231e+01,-5.356963e-05,1.509262e-05,3.809654e+01,2.080976e-05,1.791475e-05,0.000000e+00,3.500000e-05,2.197392e-03,2.670054e-05,2.670054e-06,0.000000e+00,2.670054e-06,-1.346930e-05,2.153070e-05,3.500000e-05,-1.623322e-06,9.458981e-07
2.694000e-10,5.537596e+02,2.163826e-03,0.000000e+00,3.817588e+01,-5.770868e-05,1.611847e-05,3.810150e+01,1.271169e-05,1.790802e-05,0.000000e+00,3.500000e-05,2.106117e-03,2.144456e-05,2.144456e-06,0.000000e+00,2.144456e-06,-1.436972e-05,2.063028e-05,3.500000e-05,-1.748748e-06,5.778043e-07
2.695000e-10,5.543921e+02,2.027920e-03,0.000000e+00,3.815900e+01,-5.628993e-05,1.689370e-05,3.810406e+01,4.481268e-06,1.814878e-05,0.000000e+00,3.500000e-05,1.971630e-03,1.459580e-05,1.459580e-06,0.000000e+00,1.459580e-06,-1.518794e-05,1.981206e-05,3.500000e-05,-1.705755e-06,2.036940e-07
2.696000e-10,5.549853e+02,1.887362e-03,0.000000e+00,3.814316e+01,-5.039263e-05,1.739139e-05,3.810429e+01,-3.043226e-06,1.855722e-05,0.000000e+00,3.500000e-05,1.836969e-03,7.167597e-06,7.167597e-07,0.000000e+00,7.167597e-07,-1.586435e-05,1.913565e-05,3.500000e-05,-1.527049e-06,-1.383285e-07
2.697000e-10,5.555441e+02,1.782127e-03,0.000000e+00,3.812952e+01,-4.130178e-05,1.761458e-05,3.810250e+01,-9.255448e-06,1.905585e-05,0.000000e+00,3.500000e-05,1.740825e-03,1.839137e-08,1.839137e-09,0.000000e+00,1.839137e-09,-1.636301e-05,1.863699e-05,3.500000e-05,-1.251569e-06,-4.207022e-07
2.698000e-10,5.560823e+02,1.737815e-03,0.000000e+00,3.811882e+01,-3.035933e-05,1.759048e-05,3.809911e+01,-1.378836e-05,1.957547e-05,0.000000e+00,3.500000e-05,1.707456e-03,-6.192346e-06,-6.192346e-07,0.000000e+00,-6.192346e-07,-1.667050e-05,1.832950e-05,3.500000e-05,-9.199798e-07,-6.267434e-07
2.699000e-10,5.566187e+02,1.762259e-03,0.000000e+00,3.811144e+01,-1.883579e-05,1.736370e-05,3.809463e+01,-1.649993e-05,2.005934e-05,0.000000e+00,3.500000e-05,1.743423e-03,-1.102263e-05,-1.102263e-06,0.000000e+00,-1.102263e-06,-1.679292e-05,1.820708e-05,3.500000e-05,-5.707815e-07,-7.499969e-07
2.700000e-10,5.571712e+02,1.844499e-03,0.000000e+00,3.810739e+01,-7.830011e-06,1.698904e-05,3.808961e+01,-1.744259e-05,2.046551e-05,0.000000e+00,3.500000e-05,1.836669e-03,-1.424434e-05,-1.424434e-06,0.000000e+00,-1.424434e-06,-1.675177e-05,1.824823e-05,3.500000e-05,-2.372730e-07,-7.928449e-07
2.701000e-10,5.577513e+02,1.954843e-03,0.000000e+00,3.810640e+01,1.798344e-06,1.652482e-05,3.808453e+01,-1.682178e-05,2.076751e-05,0.000000e+00,3.500000e-05,1.956642e-03,-1.582203e-05,-1.582203e-06,0.000000e+00,-1.582203e-06,-1.657932e-05,1.842068e-05,3.500000e-05,5.449528e-08,-7.646263e-07
2.702000e-10,5.583600e+02,2.050189e-03,0.000000e+00,3.810799e+01,9.463179e-06,1.602695e-05,3.807981e+01,-1.494913e-05,2.095372e-05,0.000000e+00,3.500000e-05,2.059652e-03,-1.587923e-05,-1.587923e-06,0.000000e+00,-1.587923e-06,-1.631371e-05,1.868629e-05,3.500000e-05,2.867630e-07,-6.795057e-07
2.703000e-10,5.589861e+02,2.089157e-03,0.000000e+00,3.811153e+01,1.485556e-05,1.554440e-05,3.807576e+01,-1.219494e-05,2.102549e-05,0.000000e+00,3.500000e-05,2.104012e-03,-1.465744e-05,-1.465744e-06,0.000000e+00,-1.465744e-06,-1.599457e-05,1.900543e-05,3.500000e-05,4.501686e-07,-5.543154e-07
2.704000e-10,5.596103e+02,2.051391e-03,0.000000e+00,3.811634e+01,1.792165e-05,1.511607e-05,3.807260e+01,-8.944226e-06,2.099464e-05,0.000000e+00,3.500000e-05,2.069313e-03,-1.247234e-05,-1.247234e-06,0.000000e+00,-1.247234e-06,-1.565915e-05,1.934085e-05,3.500000e-05,5.430803e-07,-4.065557e-07
2.705000e-10,5.602127e+02,1.946313e-03,0.000000e+00,3.812176e+01,1.882151e-05,1.476915e-05,3.807042e+01,-5.559382e-06,2.088038e-05,0.000000e+00,3.500000e-05,1.965134e-03,-9.671735e-06,-9.671735e-07,0.000000e+00,-9.671735e-07,-1.533950e-05,1.966050e-05,3.500000e-05,5.703487e-07,-2.526992e-07
2.706000e-10,5.607791e+02,1.805304e-03,0.000000e+00,3.812718e+01,1.787613e-05,1.451880e-05,3.806922e+01,-2.351635e-06,2.070622e-05,0.000000e+00,3.500000e-05,1.823180e-03,-6.598289e-06,-6.598289e-07,0.000000e+00,-6.598289e-07,-1.506050e-05,1.993950e-05,3.500000e-05,5.417010e-07,-1.068925e-07
2.707000e-10,5.613055e+02,1.666076e-03,0.000000e+00,3.813214e+01,1.550972e-05,1.436902e-05,3.806891e+01,4.377494e-07,2.049705e-05,0.000000e+00,3.500000e-05,1.681586e-03,-3.559548e-06,-3.559548e-07,0.000000e+00,-3.559548e-07,-1.483901e-05,2.016099e-05,3.500000e-05,4.699914e-07,1.989770e-08
2.708000e-10,5.617970e+02,1.560219e-03,0.000000e+00,3.813626e+01,1.219330e-05,1.431430e-05,3.806934e+01,2.646570e-06,2.027657e-05,0.000000e+00,3.500000e-05,1.572413e-03,-8.065760e-07,-8.065760e-08,0.000000e+00,-8.065760e-08,-1.468379e-05,2.031621e-05,3.500000e-05,3.694939e-07,1.202986e-07
2.709000e-10,5.622662e+02,1.507750e-03,0.000000e+00,3.813933e+01,8.394712e-06,1.434184e-05,3.807033e+01,4.192020e-06,2.006538e-05,0.000000e+00,3.500000e-05,1.516144e-03,1.478459e-06,1.478459e-07,0.000000e+00,1.478459e-07,-1.459622e-05,2.040378e-05,3.500000e-05,2.543852e-07,1.905464e-07
2.710000e-10,5.627298e+02,1.516361e-03,0.000000e+00,3.814127e+01,4.538080e-06,1.443400e-05,3.807169e+01,5.063821e-06,1.987968e-05,0.000000e+00,3.500000e-05,1.520899e-03,3.186254e-06,3.186254e-07,0.000000e+00,3.186254e-07,-1.457152e-05,2.042848e-05,3.500000e-05,1.375176e-07,2.301737e-07
2.711000e-10,5.632047e+02,1.581639e-03,0.000000e+00,3.814212e+01,9.746787e-07,1.457072e-05,3.807322e+01,5.312084e-06,1.973058e-05,0.000000e+00,3.500000e-05,1.582614e-03,4.277068e-06,4.277068e-07,0.000000e+00,4.277068e-07,-1.460026e-05,2.039974e-05,3.500000e-05,2.953572e-08,2.414584e-07
2.712000e-10,5.637046e+02,1.686436e-03,0.000000e+00,3.814199e+01,-2.034419e-06,1.473173e-05,3.807475e+01,5.031999e-06,1.962401e-05,0.000000e+00,3.500000e-05,1.684402e-03,4.771793e-06,4.771793e-07,0.000000e+00,4.771793e-07,-1.467008e-05,2.032992e-05,3.500000e-05,-6.164907e-08,2.287272e-07
2.713000e-10,5.642361e+02,1.800984e-03,0.000000e+00,3.814107e+01,-4.324631e-06,1.489833e-05,3.807614e+01,4.347306e-06,1.956119e-05,0.000000e+00,3.500000e-05,1.796659e-03,4.739216e-06,4.739216e-07,0.000000e+00,4.739216e-07,-1.476728e-05,2.023272e-05,3.500000e-05,-1.310494e-07,1.976048e-07
2.714000e-10,5.647957e+02,1.888137e-03,0.000000e+00,3.813958e+01,-5.824589e-06,1.505478e-05,3.807729e+01,3.394257e-06,1.953930e-05,0.000000e+00,3.500000e-05,1.882313e-03,4.281347e-06,4.281347e-07,0.000000e+00,4.281347e-07,-1.487828e-05,2.012172e-05,3.500000e-05,-1.765027e-07,1.542844e-07
2.715000e-10,5.653704e+02,1.915958e-03,0.000000e+00,3.813776e+01,-6.545357e-06,1.518909e-05,3.807814e+01,2.307418e-06,1.955252e-05,0.000000e+00,3.500000e-05,1.909412e-03,3.518469e-06,3.518469e-07,0.000000e+00,3.518469e-07,-1.499075e-05,2.000925e-05,3.500000e-05,-1.983442e-07,1.048826e-07
2.716000e-10,5.659411e+02,1.871553e-03,0.000000e+00,3.813582e+01,-6.564451e-06,1.529342e-05,3.807867e+01,1.208223e-06,1.959305e-05,0.000000e+00,3.500000e-05,1.864988e-03,2.575299e-06,2.575299e-07,0.000000e+00,2.575299e-07,-1.509450e-05,1.990550e-05,3.500000e-05,-1.989227e-07,5.491921e-08
2.717000e-10,5.664890e+02,1.765721e-03,0.000000e+00,3.813396e+01,-6.006962e-06,1.536400e-05,3.807888e+01,1.967676e-07,1.965216e-05,0.000000e+00,3.500000e-05,1.759714e-03,1.569289e-06,1.569289e-07,0.000000e+00,1.569289e-07,-1.518197e-05,1.981803e-05,3.500000e-05,-1.820292e-07,8.943983e-09
2.718000e-10,5.670009e+02,1.625677e-03,0.000000e+00,3.813232e+01,-5.025969e-06,1.540071e-05,3.807882e+01,-6.530197e-07,1.972110e-05,0.000000e+00,3.500000e-05,1.620651e-03,6.016947e-07,6.016947e-08,0.000000e+00,6.016947e-08,-1.524841e-05,1.975159e-05,3.500000e-05,-1.523021e-07,-2.968271e-08
2.719000e-10,5.674720e+02,1.482884e-03,0.000000e+00,3.813101e+01,-3.784031e-06,1.540644e-05,3.807854e+01,-1.295050e-06,1.979192e-05,0.000000e+00,3.500000e-05,1.479100e-03,-2.482995e-07,-2.482995e-08,0.000000e+00,-2.482995e-08,-1.529177e-05,1.970823e-05,3.500000e-05,-1.146676e-07,-5.886589e-08
2.720000e-10,5.679052e+02,1.363791e-03,0.000000e+00,3.813008e+01,-2.437199e-06,1.538628e-05,3.807810e+01,-1.710004e-06,1.985795e-05,0.000000e+00,3.500000e-05,1.361354e-03,-9.264620e-07,-9.264620e-08,0.000000e+00,-9.264620e-08,-1.531243e-05,1.968757e-05,3.500000e-05,-7.385451e-08,-7.772748e-08
2.721000e-10,5.683102e+02,1.286112e-03,0.000000e+00,3.812954e+01,-1.122485e-06,1.534668e-05,3.807757e+01,-1.902134e-06,1.991416e-05,0.000000e+00,3.500000e-05,1.284989e-03,-1.403686e-06,-1.403686e-07,0.000000e+00,-1.403686e-07,-1.531267e-05,1.968733e-05,3.500000e-05,-3.401471e-08,-8.646062e-08
2.722000e-10,5.687002e+02,1.258995e-03,0.000000e+00,3.812937e+01,5.073288e-08,1.529462e-05,3.807701e+01,-1.894574e-06,1.995735e-05,0.000000e+00,3.500000e-05,1.259046e-03,-1.673940e-06,-1.673940e-07,0.000000e+00,-1.673940e-07,-1.529616e-05,1.970384e-05,3.500000e-05,1.537360e-09,-8.611702e-08
2.723000e-10,5.690904e+02,1.284302e-03,0.000000e+00,3.812952e+01,1.005326e-06,1.523693e-05,3.807647e+01,-1.723873e-06,1.998602e-05,0.000000e+00,3.500000e-05,1.285307e-03,-1.750571e-06,-1.750571e-07,0.000000e+00,-1.750571e-07,-1.526739e-05,1.973261e-05,3.500000e-05,3.046443e-08,-7.835788e-08
2.724000e-10,5.694953e+02,1.357006e-03,0.000000e+00,3.812991e+01,1.697349e-06,1.517967e-05,3.807600e+01,-1.434332e-06,2.000025e-05,0.000000e+00,3.500000e-05,1.358703e-03,-1.661596e-06,-1.661596e-07,0.000000e+00,-1.661596e-07,-1.523111e-05,1.976889e-05,3.500000e-05,5.143483e-08,-6.519691e-08
2.725000e-10,5.699269e+02,1.464201e-03,0.000000e+00,3.813047e+01,2.113885e-06,1.512779e-05,3.807563e+01,-1.072698e-06,2.000137e-05,0.000000e+00,3.500000e-05,1.466315e-03,-1.444556e-06,-1.444556e-07,0.000000e+00,-1.444556e-07,-1.519184e-05,1.980816e-05,3.500000e-05,6.405714e-08,-4.875900e-08
2.726000e-10,5.703916e+02,1.583965e-03,0.000000e+00,3.813112e+01,2.268548e-06,1.508485e-05,3.807536e+01,-6.836066e-07,1.999163e-05,0.000000e+00,3.500000e-05,1.586234e-03,-1.141483e-06,-1.141483e-07,0.000000e+00,-1.141483e-07,-1.515359e-05,1.984641e-05,3.500000e-05,6.874389e-08,-3.107303e-08
2.727000e-10,5.708883e+02,1.687062e-03,0.000000e+00,3.813178e+01,2.195464e-06,1.505298e-05,3.807521e+01,-3.060361e-07,1.997384e-05,0.000000e+00,3.500000e-05,1.689258e-03,-7.943798e-07,-7.943798e-08,0.000000e+00,-7.943798e-08,-1.511951e-05,1.988049e-05,3.500000e-05,6.652921e-08,-1.391073e-08
2.728000e-10,5.714071e+02,1.744159e-03,0.000000e+00,3.813239e+01,1.942543e-06,1.503298e-05,3.807517e+01,2.909725e-08,1.995099e-05,0.000000e+00,3.500000e-05,1.746101e-03,-4.415281e-07,-4.415281e-08,0.000000e+00,-4.415281e-08,-1.509184e-05,1.990816e-05,3.500000e-05,5.886493e-08,1.322602e-09
2.729000e-10,5.719319e+02,1.736699e-03,0.000000e+00,3.813291e+01,1.564762e-06,1.502442e-05,3.807522e+01,3.001966e-07,1.992600e-05,0.000000e+00,3.500000e-05,1.738264e-03,-1.147946e-07,-1.147946e-08,0.000000e+00,-1.147946e-08,-1.507184e-05,1.992816e-05,3.500000e-05,4.741703e-08,1.364530e-08
2.730000e-10,5.724440e+02,1.664369e-03,0.000000e+00,3.813331e+01,1.118051e-06,1.502598e-05,3.807533e+01,4.951938e-07,1.990143e-05,0.000000e+00,3.500000e-05,1.665487e-03,1.620097e-07,1.620097e-08,0.000000e+00,1.620097e-08,-1.505986e-05,1.994014e-05,3.500000e-05,3.388034e-08,2.250881e-08
2.731000e-10,5.729274e+02,1.543728e-03,0.000000e+00,3.813358e+01,6.542093e-07,1.503567e-05,3.807549e+01,6.108820e-07,1.987936e-05,0.000000e+00,3.500000e-05,1.544382e-03,3.737632e-07,3.737632e-08,0.000000e+00,3.737632e-08,-1.505550e-05,1.994450e-05,3.500000e-05,1.982452e-08,2.776736e-08
2.732000e-10,5.733721e+02,1.399990e-03,0.000000e+00,3.813371e+01,2.171087e-07,1.505117e-05,3.807568e+01,6.515888e-07,1.986126e-05,0.000000e+00,3.500000e-05,1.400207e-03,5.137868e-07,5.137868e-08,0.000000e+00,5.137868e-08,-1.505775e-05,1.994225e-05,3.500000e-05,6.579051e-09,2.961767e-08
2.733000e-10,5.737752e+02,1.258092e-03,0.000000e+00,3.813372e+01,-1.597113e-07,1.507005e-05,3.807587e+01,6.274285e-07,1.984798e-05,0.000000e+00,3.500000e-05,1.257932e-03,5.828997e-07,5.828997e-08,0.000000e+00,5.828997e-08,-1.506521e-05,1.993479e-05,3.500000e-05,-4.839737e-09,2.851948e-08
2.734000e-10,5.741399e+02,1.137341e-03,0.000000e+00,3.813363e+01,-4.541074e-07,1.509003e-05,3.807604e+01,5.523629e-07,1.983982e-05,0.000000e+00,3.500000e-05,1.136887e-03,5.879864e-07,5.879864e-08,0.000000e+00,5.879864e-08,-1.507627e-05,1.992373e-05,3.500000e-05,-1.376083e-08,2.510740e-08
2.735000e-10,5.744742e+02,1.050114e-03,0.000000e+00,3.813347e+01,-6.552017e-07,1.510917e-05,3.807619e+01,4.422767e-07,1.983655e-05,0.000000e+00,3.500000e-05,1.049459e-03,5.402917e-07,5.402917e-08,0.000000e+00,5.402917e-08,-1.508932e-05,1.991068e-05,3.500000e-05,-1.985460e-08,2.010349e-08
2.736000e-10,5.747888e+02,1.002974e-03,0.000000e+00,3.813326e+01,-7.622871e-07,1.512594e-05,3.807630e+01,3.132341e-07,1.983756e-05,0.000000e+00,3.500000e-05,1.002212e-03,4.536415e-07,4.536415e-08,0.000000e+00,4.536415e-08,-1.510284e-05,1.989716e-05,3.500000e-05,-2.309961e-08,1.423791e-08
2.737000e-10,5.750960e+02,9.983633e-04,0.000000e+00,3.813304e+01,-7.830394e-07,1.513928e-05,3.807638e+01,1.800366e-07,1.984199e-05,0.000000e+00,3.500000e-05,9.975802e-04,3.427606e-07,3.427606e-08,0.000000e+00,3.427606e-08,-1.511555e-05,1.988445e-05,3.500000e-05,-2.372847e-08,8.183484e-09
2.738000e-10,5.754081e+02,1.035691e-03,0.000000e+00,3.813281e+01,-7.313198e-07,1.514866e-05,3.807641e+01,5.515465e-08,1.984882e-05,0.000000e+00,3.500000e-05,1.034960e-03,2.218178e-07,2.218178e-08,0.000000e+00,2.218178e-08,-1.512650e-05,1.987350e-05,3.500000e-05,-2.216121e-08,2.507030e-09
2.739000e-10,5.757373e+02,1.111303e-03,0.000000e+00,3.813261e+01,-6.248341e-07,1.515396e-05,3.807642e+01,-5.194290e-08,1.985701e-05,0.000000e+00,3.500000e-05,1.110678e-03,1.032840e-07,1.032840e-08,0.000000e+00,1.032840e-08,-1.513503e-05,1.986497e-05,3.500000e-05,-1.893437e-08,-2.361041e-09
2.740000e-10,5.760936e+02,1.217314e-03,0.000000e+00,3.813245e+01,-4.828790e-07,1.515547e-05,3.807639e+01,-1.350730e-07,1.986559e-05,0.000000e+00,3.500000e-05,1.216831e-03,-2.853444e-09,-2.853444e-10,0.000000e+00,-2.853444e-10,-1.514084e-05,1.985916e-05,3.500000e-05,-1.463270e-08,-6.139680e-09
2.741000e-10,5.764838e+02,1.339913e-03,0.000000e+00,3.813233e+01,-3.243595e-07,1.515374e-05,3.807634e+01,-1.912832e-07,1.987374e-05,0.000000e+00,3.500000e-05,1.339589e-03,-8.951439e-08,-8.951439e-09,0.000000e+00,-8.951439e-09,-1.514391e-05,1.985609e-05,3.500000e-05,-9.829076e-09,-8.694689e-09
2.742000e-10,5.769094e+02,1.458683e-03,0.000000e+00,3.813225e+01,-1.661997e-07,1.514950e-05,3.807628e+01,-2.205231e-07,1.988082e-05,0.000000e+00,3.500000e-05,1.458517e-03,-1.526187e-07,-1.526187e-08,0.000000e+00,-1.526187e-08,-1.514447e-05,1.985553e-05,3.500000e-05,-5.036355e-09,-1.002378e-08
2.743000e-10,5.773650e+02,1.549136e-03,0.000000e+00,3.813222e+01,-2.221697e-08,1.514360e-05,3.807622e+01,-2.251209e-07,1.988640e-05,0.000000e+00,3.500000e-05,1.549114e-03,-1.908984e-07,-1.908984e-08,0.000000e+00,-1.908984e-08,-1.514292e-05,1.985708e-05,3.500000e-05,-6.732417e-10,-1.023277e-08
2.744000e-10,5.778389e+02,1.589390e-03,0.000000e+00,3.813223e+01,9.752712e-08,1.513684e-05,3.807615e+01,-2.091464e-07,1.989026e-05,0.000000e+00,3.500000e-05,1.589487e-03,-2.054972e-07,-2.054972e-08,0.000000e+00,-2.054972e-08,-1.513980e-05,1.986020e-05,3.500000e-05,2.955367e-09,-9.506653e-09
2.745000e-10,5.783145e+02,1.568182e-03,0.000000e+00,3.813227e+01,1.869277e-07,1.512998e-05,3.807609e+01,-1.777365e-07,1.989238e-05,0.000000e+00,3.500000e-05,1.568369e-03,-1.994313e-07,-1.994313e-08,0.000000e+00,-1.994313e-08,-1.513564e-05,1.986436e-05,3.500000e-05,5.664474e-09,-8.078932e-09
2.746000e-10,5.787746e+02,1.488944e-03,0.000000e+00,3.813234e+01,2.436534e-07,1.512364e-05,3.807605e+01,-1.364508e-07,1.989288e-05,0.000000e+00,3.500000e-05,1.489188e-03,-1.769843e-07,-1.769843e-08,0.000000e+00,-1.769843e-08,-1.513102e-05,1.986898e-05,3.500000e-05,7.383437e-09,-6.202308e-09
2.747000e-10,5.792050e+02,1.367283e-03,0.000000e+00,3.813241e+01,2.686657e-07,1.511827e-05,3.807601e+01,-9.070589e-08,1.989202e-05,0.000000e+00,3.500000e-05,1.367552e-03,-1.431002e-07,-1.431002e-08,0.000000e+00,-1.431002e-08,-1.512641e-05,1.987359e-05,3.500000e-05,8.141385e-09,-4.122995e-09
2.748000e-10,5.795964e+02,1.224240e-03,0.000000e+00,3.813249e+01,2.655353e-07,1.511418e-05,3.807599e+01,-4.532603e-08,1.989011e-05,0.000000e+00,3.500000e-05,1.224506e-03,-1.028293e-07,-1.028293e-08,0.000000e+00,-1.028293e-08,-1.512223e-05,1.987777e-05,3.500000e-05,8.046525e-09,-2.060274e-09
2.749000e-10,5.799456e+02,1.079726e-03,0.000000e+00,3.813257e+01,2.396547e-07,1.511149e-05,3.807598e+01,-4.226890e-09,1.988752e-05,0.000000e+00,3.500000e-05,1.079966e-03,-6.086528e-08,-6.086528e-09,0.000000e+00,-6.086528e-09,-1.511876e-05,1.988124e-05,3.500000e-05,7.262265e-09,-1.921314e-10
2.750000e-10,5.802542e+02,9.488105e-04,0.000000e+00,3.813263e+01,1.974333e-07,1.511019e-05,3.807599e+01,2.976309e-08,1.988460e-05,0.000000e+00,3.500000e-05,9.490080e-04,-2.119781e-08,-2.119781e-09,0.000000e+00,-2.119781e-09,-1.511617e-05,1.988383e-05,3.500000e-05,5.982828e-09,1.352868e-09
2.751000e-10,5.805274e+02,8.409874e-04,0.000000e+00,3.813268e+01,1.455497e-07,1.511012e-05,3.807600e+01,5.495353e-08,1.988166e-05,0.000000e+00,3.500000e-05,8.411330e-04,1.310990e-08,1.310990e-09,0.000000e+00,1.310990e-09,-1.511453e-05,1.988547e-05,3.500000e-05,4.410597e-09,2.497888e-09
2.752000e-10,5.807727e+02,7.612235e-04,0.000000e+00,3.813272e+01,9.031650e-08,1.511108e-05,3.807602e+01,7.073368e-08,1.987896e-05,0.000000e+00,3.500000e-05,7.613138e-04,4.002172e-08,4.002172e-09,0.000000e+00,4.002172e-09,-1.511382e-05,1.988618e-05,3.500000e-05,2.736864e-09,3.215167e-09
2.753000e-10,5.809986e+02,7.115465e-04,0.000000e+00,3.813274e+01,3.719259e-08,1.511280e-05,3.807604e+01,7.742988e-08,1.987670e-05,0.000000e+00,3.500000e-05,7.115837e-04,5.852074e-08,5.852074e-09,0.000000e+00,5.852074e-09,-1.511393e-05,1.988607e-05,3.500000e-05,1.127048e-09,3.519540e-09
2.754000e-10,5.812142e+02,6.924272e-04,0.000000e+00,3.813274e+01,-9.540906e-09,1.511498e-05,3.807606e+01,7.610651e-08,1.987500e-05,0.000000e+00,3.500000e-05,6.924177e-04,6.851333e-08,6.851333e-09,0.000000e+00,6.851333e-09,-1.511469e-05,1.988531e-05,3.500000e-05,-2.891184e-10,3.459387e-09
2.755000e-10,5.814286e+02,7.036591e-04,0.000000e+00,3.813273e+01,-4.694232e-08,1.511735e-05,3.807608e+01,6.833842e-08,1.987390e-05,0.000000e+00,3.500000e-05,7.036122e-04,7.066953e-08,7.066953e-09,0.000000e+00,7.066953e-09,-1.511593e-05,1.988407e-05,3.500000e-05,-1.422495e-09,3.106292e-09
2.756000e-10,5.816509e+02,7.446771e-04,0.000000e+00,3.813272e+01,-7.342418e-08,1.511967e-05,3.807610e+01,5.597989e-08,1.987339e-05,0.000000e+00,3.500000e-05,7.446037e-04,6.622547e-08,6.622547e-09,0.000000e+00,6.622547e-09,-1.511745e-05,1.988255e-05,3.500000e-05,-2.224975e-09,2.544541e-09
2.757000e-10,5.818899e+02,8.143104e-04,0.000000e+00,3.813269e+01,-8.864634e-08,1.512174e-05,3.807612e+01,4.095100e-08,1.987341e-05,0.000000e+00,3.500000e-05,8.142217e-04,5.677188e-08,5.677188e-09,0.000000e+00,5.677188e-09,-1.511906e-05,1.988094e-05,3.500000e-05,-2.686253e-09,1.861409e-09
2.758000e-10,5.821540e+02,9.099561e-04,0.000000e+00,3.813266e+01,-9.331910e-08,1.512343e-05,3.807613e+01,2.505712e-08,1.987385e-05,0.000000e+00,3.500000e-05,9.098628e-04,4.405005e-08,4.405005e-09,0.000000e+00,4.405005e-09,-1.512060e-05,1.987940e-05,3.500000e-05,-2.827851e-09,1.138960e-09
2.759000e-10,5.824498e+02,1.026218e-03,0.000000e+00,3.813264e+01,-8.894986e-08,1.512466e-05,3.807613e+01,9.851276e-09,1.987462e-05,0.000000e+00,3.500000e-05,1.026129e-03,2.977152e-08,2.977152e-09,0.000000e+00,2.977152e-09,-1.512196e-05,1.987804e-05,3.500000e-05,-2.695450e-09,4.477853e-10
2.760000e-10,5.827821e+02,1.153332e-03,0.000000e+00,3.813261e+01,-7.756589e-08,1.512539e-05,3.807613e+01,-3.456304e-09,1.987557e-05,0.000000e+00,3.500000e-05,1.153255e-03,1.547329e-08,1.547329e-09,0.000000e+00,1.547329e-09,-1.512304e-05,1.987696e-05,3.500000e-05,-2.350482e-09,-1.571047e-10
2.761000e-10,5.831514e+02,1.276270e-03,0.000000e+00,3.813259e+01,-6.144180e-08,1.512567e-05,3.807613e+01,-1.404213e-08,1.987659e-05,0.000000e+00,3.500000e-05,1.276208e-03,2.414588e-09,2.414588e-10,0.000000e+00,2.414588e-10,-1.512381e-05,1.987619e-05,3.500000e-05,-1.861873e-09,-6.382786e-10
2.762000e-10,5.835532e+02,1.375952e-03,0.000000e+00,3.813258e+01,-4.285489e-08,1.512555e-05,3.807613e+01,-2.147142e-08,1.987758e-05,0.000000e+00,3.500000e-05,1.375909e-03,-8.483163e-09,-8.483163e-10,0.000000e+00,-8.483163e-10,-1.512425e-05,1.987575e-05,3.500000e-05,-1.298633e-09,-9.759734e-10
2.763000e-10,5.839775e+02,1.433529e-03,0.000000e+00,3.813257e+01,-2.388472e-08,1.512510e-05,3.807612e+01,-2.566559e-08,1.987845e-05,0.000000e+00,3.500000e-05,1.433506e-03,-1.665582e-08,-1.665582e-09,0.000000e+00,-1.665582e-09,-1.512438e-05,1.987562e-05,3.500000e-05,-7.237794e-10,-1.166618e-09
2.764000e-10,5.844100e+02,1.436510e-03,0.000000e+00,3.813256e+01,-6.266465e-09,1.512444e-05,3.807611e+01,-2.684442e-08,1.987916e-05,0.000000e+00,3.500000e-05,1.436504e-03,-2.188109e-08,-2.188109e-09,0.000000e+00,-2.188109e-09,-1.512425e-05,1.987575e-05,3.500000e-05,-1.898929e-10,-1.220201e-09
2.765000e-10,5.848343e+02,1.383280e-03,0.000000e+00,3.813256e+01,8.698833e-09,1.512365e-05,3.807610e+01,-2.545249e-08,1.987967e-05,0.000000e+00,3.500000e-05,1.383289e-03,-2.423589e-08,-2.423589e-09,0.000000e+00,-2.423589e-09,-1.512391e-05,1.987609e-05,3.500000e-05,2.636010e-10,-1.156931e-09
2.766000e-10,5.852357e+02,1.283103e-03,0.000000e+00,3.813257e+01,2.017957e-08,1.512283e-05,3.807610e+01,-2.207927e-08,1.987997e-05,0.000000e+00,3.500000e-05,1.283124e-03,-2.403522e-08,-2.403522e-09,0.000000e+00,-2.403522e-09,-1.512344e-05,1.987656e-05,3.500000e-05,6.115021e-10,-1.003603e-09
2.767000e-10,5.856028e+02,1.151946e-03,0.000000e+00,3.813257e+01,2.780126e-08,1.512205e-05,3.807609e+01,-1.738106e-08,1.988007e-05,0.000000e+00,3.500000e-05,1.151973e-03,-2.176117e-08,-2.176117e-09,0.000000e+00,-2.176117e-09,-1.512290e-05,1.987710e-05,3.500000e-05,8.424623e-10,-7.900483e-10
2.768000e-10,5.859292e+02,1.007017e-03,0.000000e+00,3.813258e+01,3.159631e-08,1.512139e-05,3.807609e+01,-1.201117e-08,1.988000e-05,0.000000e+00,3.500000e-05,1.007048e-03,-1.799026e-08,-1.799026e-09,0.000000e+00,-1.799026e-09,-1.512234e-05,1.987766e-05,3.500000e-05,9.574638e-10,-5.459625e-10
2.769000e-10,5.862127e+02,8.627065e-04,0.000000e+00,3.813259e+01,3.192721e-08,1.512086e-05,3.807608e+01,-6.563144e-09,1.987980e-05,0.000000e+00,3.500000e-05,8.627385e-04,-1.332563e-08,-1.332563e-09,0.000000e+00,-1.332563e-09,-1.512183e-05,1.987817e-05,3.500000e-05,9.674912e-10,-2.983247e-10
2.770000e-10,5.864549e+02,7.288646e-04,0.000000e+00,3.813260e+01,2.939470e-08,1.512051e-05,3.807608e+01,-1.529471e-09,1.987951e-05,0.000000e+00,3.500000e-05,7.288939e-04,-8.339268e-09,-8.339268e-10,0.000000e+00,-8.339268e-10,-1.512140e-05,1.987860e-05,3.500000e-05,8.907485e-10,-6.952139e-11
2.771000e-10,5.866594e+02,6.109419e-04,0.000000e+00,3.813261e+01,2.474171e-08,1.512031e-05,3.807608e+01,2.723252e-09,1.987916e-05,0.000000e+00,3.500000e-05,6.109667e-04,-3.527406e-09,-3.527406e-10,0.000000e+00,-3.527406e-10,-1.512106e-05,1.987894e-05,3.500000e-05,7.497488e-10,1.237842e-10
2.772000e-10,5.868311e+02,5.110470e-04,0.000000e+00,3.813262e+01,1.876227e-08,1.512028e-05,3.807608e+01,5.963637e-09,1.987881e-05,0.000000e+00,3.500000e-05,5.110657e-04,7.192318e-10,7.192318e-11,0.000000e+00,7.192318e-11,-1.512084e-05,1.987916e-05,3.500000e-05,5.685538e-10,2.710744e-10
2.773000e-10,5.869752e+02,4.291658e-04,0.000000e+00,3.813262e+01,1.222253e-08,1.512037e-05,3.807609e+01,8.091243e-09,1.987848e-05,0.000000e+00,3.500000e-05,4.291780e-04,4.130578e-09,4.130578e-10,0.000000e+00,4.130578e-10,-1.512074e-05,1.987926e-05,3.500000e-05,3.703797e-10,3.677838e-10
2.774000e-10,5.870971e+02,3.641695e-04,0.000000e+00,3.813262e+01,5.798534e-09,1.512055e-05,3.807609e+01,9.121582e-09,1.987820e-05,0.000000e+00,3.500000e-05,3.641753e-04,6.558994e-09,6.558994e-10,0.000000e+00,6.558994e-10,-1.512073e-05,1.987927e-05,3.500000e-05,1.757131e-10,4.146174e-10
2.775000e-10,5.872014e+02,3.145094e-04,0.000000e+00,3.813262e+01,3.326342e-11,1.512080e-05,3.807609e+01,9.163686e-09,1.987798e-05,0.000000e+00,3.500000e-05,3.145095e-04,7.969981e-09,7.969981e-10,0.000000e+00,7.969981e-10,-1.512080e-05,1.987920e-05,3.500000e-05,1.007983e-12,4.165312e-10
2.776000e-10,5.872926e+02,2.786406e-04,0.000000e+00,3.813262e+01,-4.686847e-09,1.512108e-05,3.807609e+01,8.393526e-09,1.987784e-05,0.000000e+00,3.500000e-05,2.786359e-04,8.424634e-09,8.424634e-10,0.000000e+00,8.424634e-10,-1.512094e-05,1.987906e-05,3.500000e-05,-1.420257e-10,3.815239e-10
2.777000e-10,5.873747e+02,2.552539e-04,0.000000e+00,3.813262e+01,-8.137380e-09,1.512136e-05,3.807610e+01,7.026397e-09,1.987776e-05,0.000000e+00,3.500000e-05,2.552458e-04,8.056906e-09,8.056906e-10,0.000000e+00,8.056906e-10,-1.512111e-05,1.987889e-05,3.500000e-05,-2.465873e-10,3.193817e-10
2.778000e-10,5.874514e+02,2.433890e-04,0.000000e+00,3.813262e+01,-1.024619e-08,1.512162e-05,3.807610e+01,5.290866e-09,1.987775e-05,0.000000e+00,3.500000e-05,2.433788e-04,7.048599e-09,7.048599e-10,0.000000e+00,7.048599e-10,-1.512131e-05,1.987869e-05,3.500000e-05,-3.104905e-10,2.404939e-10
2.779000e-10,5.875261e+02,2.424819e-04,0.000000e+00,3.813262e+01,-1.107203e-08,1.512183e-05,3.807610e+01,3.406291e-09,1.987779e-05,0.000000e+00,3.500000e-05,2.424708e-04,5.604705e-09,5.604705e-10,0.000000e+00,5.604705e-10,-1.512149e-05,1.987851e-05,3.500000e-05,-3.355161e-10,1.548314e-10
2.780000e-10,5.876021e+02,2.523777e-04,0.000000e+00,3.813261e+01,-1.077565e-08,1.512199e-05,3.807610e+01,1.565235e-09,1.987788e-05,0.000000e+00,3.500000e-05,2.523669e-04,3.931189e-09,3.931189e-10,0.000000e+00,3.931189e-10,-1.512166e-05,1.987834e-05,3.500000e-05,-3.265347e-10,7.114703e-11
2.781000e-10,5.876828e+02,2.733253e-04,0.000000e+00,3.813261e+01,-9.587063e-09,1.512209e-05,3.807610e+01,-7.856778e-11,1.987798e-05,0.000000e+00,3.500000e-05,2.733157e-04,2.216736e-09,2.216736e-10,0.000000e+00,2.216736e-10,-1.512180e-05,1.987820e-05,3.500000e-05,-2.905171e-10,-3.571263e-12
2.782000e-10,5.877717e+02,3.059557e-04,0.000000e+00,3.813261e+01,-7.772838e-09,1.512213e-05,3.807610e+01,-1.416650e-09,1.987811e-05,0.000000e+00,3.500000e-05,3.059480e-04,6.193167e-10,6.193167e-11,0.000000e+00,6.193167e-11,-1.512190e-05,1.987810e-05,3.500000e-05,-2.355405e-10,-6.439318e-11
2.783000e-10,5.878724e+02,3.512342e-04,0.000000e+00,3.813260e+01,-5.605993e-09,1.512213e-05,3.807610e+01,-2.387106e-09,1.987823e-05,0.000000e+00,3.500000e-05,3.512286e-04,-7.420890e-10,-7.420890e-11,0.000000e+00,-7.420890e-11,-1.512196e-05,1.987804e-05,3.500000e-05,-1.698786e-10,-1.085048e-10
2.784000e-10,5.879891e+02,4.103608e-04,0.000000e+00,3.813260e+01,-3.340880e-09,1.512208e-05,3.807610e+01,-2.971562e-09,1.987833e-05,0.000000e+00,3.500000e-05,4.103574e-04,-1.790855e-09,-1.790855e-10,0.000000e+00,-1.790855e-10,-1.512198e-05,1.987802e-05,3.500000e-05,-1.012388e-10,-1.350710e-10
2.785000e-10,5.881262e+02,4.845742e-04,0.000000e+00,3.813260e+01,-1.194234e-09,1.512201e-05,3.807610e+01,-3.188876e-09,1.987842e-05,0.000000e+00,3.500000e-05,4.845730e-04,-2.491737e-09,-2.491737e-10,0.000000e+00,-2.491737e-10,-1.512197e-05,1.987803e-05,3.500000e-05,-3.618892e-11,-1.449489e-10
2.786000e-10,5.882883e+02,5.747914e-04,0.000000e+00,3.813260e+01,6.670077e-10,1.512192e-05,3.807610e+01,-3.086711e-09,1.987849e-05,0.000000e+00,3.500000e-05,5.747921e-04,-2.846438e-09,-2.846438e-10,0.000000e+00,-2.846438e-10,-1.512194e-05,1.987806e-05,3.500000e-05,2.021235e-11,-1.403050e-10
2.787000e-10,5.884803e+02,6.809958e-04,0.000000e+00,3.813260e+01,2.131318e-09,1.512182e-05,3.807610e+01,-2.732116e-09,1.987853e-05,0.000000e+00,3.500000e-05,6.809980e-04,-2.886751e-09,-2.886751e-10,0.000000e+00,-2.886751e-10,-1.512188e-05,1.987812e-05,3.500000e-05,6.458538e-11,-1.241871e-10
2.788000e-10,5.887066e+02,8.013112e-04,0.000000e+00,3.813260e+01,3.142292e-09,1.512172e-05,3.807609e+01,-2.202113e-09,1.987855e-05,0.000000e+00,3.500000e-05,8.013143e-04,-2.666288e-09,-2.666288e-10,0.000000e+00,-2.666288e-10,-1.512182e-05,1.987818e-05,3.500000e-05,9.522097e-11,-1.000960e-10
2.789000e-10,5.889706e+02,9.308211e-04,0.000000e+00,3.813260e+01,3.693584e-09,1.512164e-05,3.807609e+01,-1.575124e-09,1.987854e-05,0.000000e+00,3.500000e-05,9.308248e-04,-2.251813e-09,-2.251813e-10,0.000000e+00,-2.251813e-10,-1.512175e-05,1.987825e-05,3.500000e-05,1.119268e-10,-7.159654e-11
2.790000e-10,5.892735e+02,1.060500e-03,0.000000e+00,3.813261e+01,3.820360e-09,1.512158e-05,3.807609e+01,-9.238286e-10,1.987852e-05,0.000000e+00,3.500000e-05,1.060504e-03,-1.714986e-09,-1.714986e-10,0.000000e+00,-1.714986e-10,-1.512169e-05,1.987831e-05,3.500000e-05,1.157685e-10,-4.199221e-11
2.791000e-10,5.896128e+02,1.177061e-03,0.000000e+00,3.813261e+01,3.588665e-09,1.512153e-05,3.807609e+01,-3.098279e-10,1.987849e-05,0.000000e+00,3.500000e-05,1.177065e-03,-1.125183e-09,-1.125183e-10,0.000000e+00,-1.125183e-10,-1.512164e-05,1.987836e-05,3.500000e-05,1.087474e-10,-1.408309e-11
2.792000e-10,5.899822e+02,1.264706e-03,0.000000e+00,3.813261e+01,3.084010e-09,1.512150e-05,3.807609e+01,2.197501e-10,1.987845e-05,0.000000e+00,3.500000e-05,1.264709e-03,-5.438162e-10,-5.438162e-11,0.000000e+00,-5.438162e-11,-1.512160e-05,1.987840e-05,3.500000e-05,9.345486e-11,9.988643e-12
2.793000e-10,5.903704e+02,1.309058e-03,0.000000e+00,3.813261e+01,2.400327e-09,1.512149e-05,3.807609e+01,6.337574e-10,1.987841e-05,0.000000e+00,3.500000e-05,1.309060e-03,-2.039607e-11,-2.039603e-12,0.000000e+00,-2.039603e-12,-1.512157e-05,1.987843e-05,3.500000e-05,7.273719e-11,2.880715e-11
2.794000e-10,5.907636e+02,1.301840e-03,0.000000e+00,3.813261e+01,1.630189e-09,1.512150e-05,3.807609e+01,9.168552e-10,1.987837e-05,0.000000e+00,3.500000e-05,1.301841e-03,4.096571e-10,4.096571e-11,0.000000e+00,4.096571e-11,-1.512155e-05,1.987845e-05,3.500000e-05,4.939966e-11,4.167524e-11
2.795000e-10,5.911466e+02,1.243702e-03,0.000000e+00,3.813261e+01,8.569301e-10,1.512152e-05,3.807609e+01,1.067987e-09,1.987833e-05,0.000000e+00,3.500000e-05,1.243703e-03,7.255594e-10,7.255594e-11,0.000000e+00,7.255594e-11,-1.512155e-05,1.987845e-05,3.500000e-05,2.596758e-11,4.854487e-11
2.796000e-10,5.915059e+02,1.143521e-03,0.000000e+00,3.813261e+01,1.490092e-10,1.512155e-05,3.807609e+01,1.097875e-09,1.987830e-05,0.000000e+00,3.500000e-05,1.143521e-03,9.203273e-10,9.203273e-11,0.000000e+00,9.203273e-11,-1.512155e-05,1.987845e-05,3.500000e-05,4.515431e-12,4.990341e-11
2.797000e-10,5.918312e+02,1.014870e-03,0.000000e+00,3.813261e+01,-4.432975e-10,1.512158e-05,3.807610e+01,1.025937e-09,1.987828e-05,0.000000e+00,3.500000e-05,1.014869e-03,9.988827e-10,9.988827e-11,0.000000e+00,9.988827e-11,-1.512157e-05,1.987843e-05,3.500000e-05,-1.343326e-11,4.663349e-11
2.798000e-10,5.921163e+02,8.718188e-04,0.000000e+00,3.813261e+01,-8.890043e-10,1.512162e-05,3.807610e+01,8.770001e-10,1.987827e-05,0.000000e+00,3.500000e-05,8.718179e-04,9.754555e-10,9.754555e-11,0.000000e+00,9.754555e-11,-1.512159e-05,1.987841e-05,3.500000e-05,-2.693953e-11,3.986364e-11
2.799000e-10,5.923583e+02,7.259048e-04,0.000000e+00,3.813261e+01,-1.175630e-09,1.512165e-05,3.807610e+01,6.781396e-10,1.987827e-05,0.000000e+00,3.500000e-05,7.259036e-04,8.706430e-10,8.706430e-11,0.000000e+00,8.706430e-11,-1.512161e-05,1.987839e-05,3.500000e-05,-3.562516e-11,3.082453e-11
2.800000e-10,5.925575e+02,5.848551e-04,0.000000e+00,3.813261e+01,-1.306930e-09,1.512167e-05,3.807610e+01,4.558912e-10,1.987827e-05,0.000000e+00,3.500000e-05,5.848538e-04,7.084432e-10,7.084432e-11,0.000000e+00,7.084432e-11,-1.512163e-05,1.987837e-05,3.500000e-05,-3.960394e-11,2.072233e-11
2.801000e-10,5.927156e+02,4.526870e-04,0.000000e+00,3.813261e+01,-1.299614e-09,1.512169e-05,3.807610e+01,2.340197e-10,1.987828e-05,0.000000e+00,3.500000e-05,4.526857e-04,5.135299e-10,5.135299e-11,0.000000e+00,5.135299e-11,-1.512165e-05,1.987835e-05,3.500000e-05,-3.938223e-11,1.063726e-11
2.802000e-10,5.928352e+02,3.304948e-04,0.000000e+00,3.813261e+01,-1.179523e-09,1.512171e-05,3.807610e+01,3.193673e-11,1.987830e-05,0.000000e+00,3.500000e-05,3.304937e-04,3.089636e-10,3.089636e-11,0.000000e+00,3.089636e-11,-1.512167e-05,1.987833e-05,3.500000e-05,-3.574313e-11,1.451670e-12
2.803000e-10,5.929191e+02,2.173800e-04,0.000000e+00,3.813261e+01,-9.777043e-10,1.512171e-05,3.807610e+01,-1.362125e-10,1.987831e-05,0.000000e+00,3.500000e-05,2.173790e-04,1.144597e-10,1.144597e-11,0.000000e+00,1.144597e-11,-1.512168e-05,1.987832e-05,3.500000e-05,-2.962740e-11,-6.191477e-12
2.804000e-10,5.929696e+02,1.112351e-04,0.000000e+00,3.813261e+01,-7.267343e-10,1.512171e-05,3.807610e+01,-2.618338e-10,1.987832e-05,0.000000e+00,3.500000e-05,1.112344e-04,-5.473369e-11,-5.473368e-12,0.000000e+00,-5.473368e-12,-1.512169e-05,1.987831e-05,3.500000e-05,-2.202225e-11,-1.190153e-11
2.805000e-10,5.929884e+02,9.308145e-06,0.000000e+00,3.813261e+01,-4.575836e-10,1.512171e-05,3.807610e+01,-3.416290e-10,1.987834e-05,0.000000e+00,3.500000e-05,9.307687e-06,-1.883631e-10,-1.883630e-11,0.000000e+00,-1.883630e-11,-1.512170e-05,1.987830e-05,3.500000e-05,-1.386617e-11,-1.552859e-11
2.806000e-10,5.929761e+02,-9.142308e-05,0.000000e+00,3.813261e+01,-1.971883e-10,1.512170e-05,3.807610e+01,-3.769233e-10,1.987835e-05,0.000000e+00,3.500000e-05,-9.142328e-05,-2.811612e-10,-2.811612e-11,0.000000e+00,-2.811612e-11,-1.512170e-05,1.987830e-05,3.500000e-05,-5.975402e-12,-1.713288e-11
2.807000e-10,5.929327e+02,-1.939850e-04,0.000000e+00,3.813261e+01,3.318095e-11,1.512169e-05,3.807610e+01,-3.727080e-10,1.987836e-05,0.000000e+00,3.500000e-05,-1.939850e-04,-3.324035e-10,-3.324036e-11,0.000000e+00,-3.324036e-11,-1.512169e-05,1.987831e-05,3.500000e-05,1.005483e-12,-1.694127e-11
2.808000e-10,5.928572e+02,-3.011620e-04,0.000000e+00,3.813261e+01,2.187566e-10,1.512168e-05,3.807610e+01,-3.365359e-10,1.987836e-05,0.000000e+00,3.500000e-05,-3.011618e-04,-3.451458e-10,-3.451458e-11,0.000000e+00,-3.451458e-11,-1.512169e-05,1.987831e-05,3.500000e-05,6.628988e-12,-1.529709e-11
2.809000e-10,5.927480e+02,-4.151748e-04,0.000000e+00,3.813261e+01,3.513887e-10,1.512167e-05,3.807610e+01,-2.773925e-10,1.987837e-05,0.000000e+00,3.500000e-05,-4.151745e-04,-3.252683e-10,-3.252683e-11,0.000000e+00,-3.252683e-11,-1.512168e-05,1.987832e-05,3.500000e-05,1.064814e-11,-1.260875e-11
2.810000e-10,5.926027e+02,-5.371953e-04,0.000000e+00,3.813261e+01,4.290573e-10,1.512166e-05,3.807610e+01,-2.046464e-10,1.987837e-05,0.000000e+00,3.500000e-05,-5.371949e-04,-2.804464e-10,-2.804464e-11,0.000000e+00,-2.804464e-11,-1.512167e-05,1.987833e-05,3.500000e-05,1.300174e-11,-9.302109e-12
2.811000e-10,5.924193e+02,-6.666363e-04,0.000000e+00,3.813261e+01,4.549354e-10,1.512165e-05,3.807610e+01,-1.271577e-10,1.987836e-05,0.000000e+00,3.500000e-05,-6.666358e-04,-2.191503e-10,-2.191502e-11,0.000000e+00,-2.191502e-11,-1.512166e-05,1.987834e-05,3.500000e-05,1.378592e-11,-5.779896e-12
2.812000e-10,5.921960e+02,-8.002563e-04,0.000000e+00,3.813261e+01,4.361662e-10,1.512164e-05,3.807610e+01,-5.259193e-11,1.987836e-05,0.000000e+00,3.500000e-05,-8.002559e-04,-1.497565e-10,-1.497565e-11,0.000000e+00,-1.497565e-11,-1.512166e-05,1.987834e-05,3.500000e-05,1.321716e-11,-2.390542e-12
2.813000e-10,5.919329e+02,-9.313333e-04,0.000000e+00,3.813261e+01,3.825144e-10,1.512164e-05,3.807610e+01,1.303554e-11,1.987836e-05,0.000000e+00,3.500000e-05,-9.313329e-04,-7.982986e-11,-7.982984e-12,0.000000e+00,-7.982984e-12,-1.512165e-05,1.987835e-05,3.500000e-05,1.159134e-11,5.925247e-13
2.814000e-10,5.916327e+02,-1.049473e-03,0.000000e+00,3.813261e+01,3.050320e-10,1.512164e-05,3.807610e+01,6.558766e-11,1.987835e-05,0.000000e+00,3.500000e-05,-1.049473e-03,-1.560668e-11,-1.560670e-12,0.000000e+00,-1.560670e-12,-1.512165e-05,1.987835e-05,3.500000e-05,9.243393e-12,2.981257e-12
2.815000e-10,5.913013e+02,-1.141788e-03,0.000000e+00,3.813261e+01,2.148542e-10,1.512164e-05,3.807610e+01,1.028275e-10,1.987835e-05,0.000000e+00,3.500000e-05,-1.141788e-03,3.831113e-11,3.831113e-12,0.000000e+00,3.831113e-12,-1.512165e-05,1.987835e-05,3.500000e-05,6.510734e-12,4.673976e-12
2.816000e-10,5.909486e+02,-1.195763e-03,0.000000e+00,3.813261e+01,1.222065e-10,1.512164e-05,3.807610e+01,1.242691e-10,1.987834e-05,0.000000e+00,3.500000e-05,-1.195763e-03,7.906324e-11,7.906323e-12,0.000000e+00,7.906323e-12,-1.512164e-05,1.987836e-05,3.500000e-05,3.703228e-12,5.648597e-12
2.817000e-10,5.905873e+02,-1.203007e-03,0.000000e+00,3.813261e+01,3.567226e-11,1.512164e-05,3.807610e+01,1.309021e-10,1.987834e-05,0.000000e+00,3.500000e-05,-1.203007e-03,1.054651e-10,1.054651e-11,0.000000e+00,1.054651e-11,-1.512165e-05,1.987835e-05,3.500000e-05,1.080977e-12,5.950094e-12
2.818000e-10,5.902315e+02,-1.162038e-03,0.000000e+00,3.813261e+01,-3.826236e-11,1.512165e-05,3.807610e+01,1.248361e-10,1.987834e-05,0.000000e+00,3.500000e-05,-1.162038e-03,1.178075e-10,1.178075e-11,0.000000e+00,1.178075e-11,-1.512165e-05,1.987835e-05,3.500000e-05,-1.159466e-12,5.674370e-12
2.819000e-10,5.898944e+02,-1.078541e-03,0.000000e+00,3.813261e+01,-9.539656e-11,1.512165e-05,3.807610e+01,1.089125e-10,1.987833e-05,0.000000e+00,3.500000e-05,-1.078541e-03,1.175627e-10,1.175627e-11,0.000000e+00,1.175627e-11,-1.512165e-05,1.987835e-05,3.500000e-05,-2.890805e-12,4.950568e-12
2.820000e-10,5.895870e+02,-9.631034e-04,0.000000e+00,3.813261e+01,-1.337683e-10,1.512166e-05,3.807610e+01,8.632136e-11,1.987833e-05,0.000000e+00,3.500000e-05,-9.631035e-04,1.070406e-10,1.070406e-11,0.000000e+00,1.070406e-11,-1.512165e-05,1.987835e-05,3.500000e-05,-4.053584e-12,3.923698e-12
2.821000e-10,5.893168e+02,-8.278430e-04,0.000000e+00,3.813261e+01,-1.534195e-10,1.512166e-05,3.807610e+01,6.025827e-11,1.987833e-05,0.000000e+00,3.500000e-05,-8.278431e-04,8.903335e-11,8.903333e-12,0.000000e+00,8.903333e-12,-1.512165e-05,1.987835e-05,3.500000e-05,-4.649076e-12,2.739012e-12
2.822000e-10,5.890883e+02,-6.835250e-04,0.000000e+00,3.813261e+01,-1.560282e-10,1.512166e-05,3.807610e+01,3.364275e-11,1.987833e-05,0.000000e+00,3.500000e-05,-6.835251e-04,6.648269e-11,6.648267e-12,0.000000e+00,6.648267e-12,-1.512166e-05,1.987834e-05,3.500000e-05,-4.728127e-12,1.529216e-12
2.823000e-10,5.889031e+02,-5.379758e-04,0.000000e+00,3.813261e+01,-1.444636e-10,1.512166e-05,3.807610e+01,8.912082e-12,1.987834e-05,0.000000e+00,3.500000e-05,-5.379759e-04,4.219458e-11,4.219455e-12,0.000000e+00,4.219455e-12,-1.512166e-05,1.987834e-05,3.500000e-05,-4.377684e-12,4.050946e-13
2.824000e-10,5.887612e+02,-3.957499e-04,0.000000e+00,3.813261e+01,-1.223176e-10,1.512166e-05,3.807610e+01,-1.210514e-11,1.987834e-05,0.000000e+00,3.500000e-05,-3.957500e-04,1.861732e-11,1.861732e-12,0.000000e+00,1.861732e-12,-1.512166e-05,1.987834e-05,3.500000e-05,-3.706594e-12,-5.502335e-13
2.825000e-10,5.886616e+02,-2.585846e-04,0.000000e+00,3.813261e+01,-9.345843e-11,1.512166e-05,3.807610e+01,-2.823868e-11,1.987834e-05,0.000000e+00,3.500000e-05,-2.585847e-04,-2.308267e-12,-2.308247e-13,0.000000e+00,-2.308247e-13,-1.512166e-05,1.987834e-05,3.500000e-05,-2.832073e-12,-1.283576e-12
2.826000e-10,5.886028e+02,-1.261650e-04,0.000000e+00,3.813261e+01,-6.164021e-11,1.512166e-05,3.807610e+01,-3.895987e-11,1.987834e-05,0.000000e+00,3.500000e-05,-1.261651e-04,-1.922696e-11,-1.922697e-12,0.000000e+00,-1.922697e-12,-1.512166e-05,1.987834e-05,3.500000e-05,-1.867885e-12,-1.770903e-12
2.827000e-10,5.885838e+02,3.097269e-06,0.000000e+00,3.813261e+01,-3.019450e-11,1.512166e-05,3.807610e+01,-4.431137e-11,1.987834e-05,0.000000e+00,3.500000e-05,3.097239e-06,-3.138179e-11,-3.138179e-12,0.000000e+00,-3.138179e-12,-1.512166e-05,1.987834e-05,3.500000e-05,-9.149853e-13,-2.014153e-12
2.828000e-10,5.886041e+02,1.313805e-04,0.000000e+00,3.813261e+01,-1.814470e-12,1.512166e-05,3.807610e+01,-4.479953e-11,1.987834e-05,0.000000e+00,3.500000e-05,1.313805e-04,-3.857166e-11,-3.857166e-12,0.000000e+00,-3.857166e-12,-1.512166e-05,1.987834e-05,3.500000e-05,-5.498413e-14,-2.036342e-12
2.829000e-10,5.886637e+02,2.608464e-04,0.000000e+00,3.813261e+01,2.156548e-11,1.512166e-05,3.807610e+01,-4.126560e-11,1.987834e-05,0.000000e+00,3.500000e-05,2.608464e-04,-4.106790e-11,-4.106791e-12,0.000000e+00,-4.106791e-12,-1.512166e-05,1.987834e-05,3.500000e-05,6.534990e-13,-1.875709e-12
2.830000e-10,5.887632e+02,3.930355e-04,0.000000e+00,3.813261e+01,3.880163e-11,1.512166e-05,3.807610e+01,-3.475107e-11,1.987834e-05,0.000000e+00,3.500000e-05,3.930355e-04,-3.950464e-11,-3.950464e-12,0.000000e+00,-3.950464e-12,-1.512166e-05,1.987834e-05,3.500000e-05,1.175807e-12,-1.579594e-12
2.831000e-10,5.889033e+02,5.281850e-04,0.000000e+00,3.813261e+01,4.949757e-11,1.512166e-05,3.807610e+01,-2.636977e-11,1.987834e-05,0.000000e+00,3.500000e-05,5.281850e-04,-3.475713e-11,-3.475712e-12,0.000000e+00,-3.475712e-12,-1.512166e-05,1.987834e-05,3.500000e-05,1.499927e-12,-1.198626e-12
2.832000e-10,5.890847e+02,6.644557e-04,0.000000e+00,3.813261e+01,5.390321e-11,1.512166e-05,3.807610e+01,-1.719692e-11,1.987834e-05,0.000000e+00,3.500000e-05,6.644558e-04,-2.782105e-11,-2.782105e-12,0.000000e+00,-2.782105e-12,-1.512166e-05,1.987834e-05,3.500000e-05,1.633430e-12,-7.816784e-13
2.833000e-10,5.893066e+02,7.972005e-04,0.000000e+00,3.813261e+01,5.277530e-11,1.512166e-05,3.807610e+01,-8.181823e-12,1.987834e-05,0.000000e+00,3.500000e-05,7.972006e-04,-1.970328e-11,-1.970328e-12,0.000000e+00,-1.970328e-12,-1.512166e-05,1.987834e-05,3.500000e-05,1.599252e-12,-3.719010e-13
2.834000e-10,5.895667e+02,9.186318e-04,0.000000e+00,3.813261e+01,4.721883e-11,1.512166e-05,3.807610e+01,-8.727053e-14,1.987834e-05,0.000000e+00,3.500000e-05,9.186318e-04,-1.133137e-11,-1.133140e-12,0.000000e+00,-1.133140e-12,-1.512166e-05,1.987834e-05,3.500000e-05,1.430874e-12,-3.966842e-15
2.835000e-10,5.898596e+02,1.018419e-03,0.000000e+00,3.813261e+01,3.852676e-11,1.512166e-05,3.807610e+01,6.543396e-12,1.987834e-05,0.000000e+00,3.500000e-05,1.018419e-03,-3.486603e-12,-3.486610e-13,0.000000e+00,-3.486610e-13,-1.512166e-05,1.987834e-05,3.500000e-05,1.167477e-12,2.974271e-13
2.836000e-10,5.901772e+02,1.085595e-03,0.000000e+00,3.813261e+01,2.803228e-11,1.512166e-05,3.807610e+01,1.139414e-11,1.987834e-05,0.000000e+00,3.500000e-05,1.085595e-03,3.238182e-12,3.238164e-13,0.000000e+00,3.238164e-13,-1.512166e-05,1.987834e-05,3.500000e-05,8.494633e-13,5.179153e-13
2.837000e-10,5.905082e+02,1.111460e-03,0.000000e+00,3.813261e+01,1.698446e-11,1.512166e-05,3.807610e+01,1.436263e-11,1.987834e-05,0.000000e+00,3.500000e-05,1.111460e-03,8.456095e-12,8.456090e-13,0.000000e+00,8.456090e-13,-1.512166e-05,1.987834e-05,3.500000e-05,5.146808e-13,6.528469e-13
2.838000e-10,5.908398e+02,1.092301e-03,0.000000e+00,3.813261e+01,6.453876e-12,1.512166e-05,3.807610e+01,1.553044e-11,1.987834e-05,0.000000e+00,3.500000e-05,1.092301e-03,1.198298e-11,1.198298e-12,0.000000e+00,1.198298e-12,-1.512166e-05,1.987834e-05,3.500000e-05,1.955721e-13,7.059289e-13
2.839000e-10,5.911591e+02,1.030508e-03,0.000000e+00,3.813261e+01,-2.728928e-12,1.512166e-05,3.807610e+01,1.512239e-11,1.987834e-05,0.000000e+00,3.500000e-05,1.030508e-03,1.381664e-11,1.381661e-12,0.000000e+00,1.381661e-12,-1.512166e-05,1.987834e-05,3.500000e-05,-8.269463e-14,6.873814e-13
2.840000e-10,5.914546e+02,9.335614e-04,0.000000e+00,3.813261e+01,-1.000274e-11,1.512166e-05,3.807610e+01,1.346081e-11,1.987834e-05,0.000000e+00,3.500000e-05,9.335614e-04,1.410380e-11,1.410380e-12,0.000000e+00,1.410380e-12,-1.512166e-05,1.987834e-05,3.500000e-05,-3.031137e-13,6.118551e-13
2.841000e-10,5.917175e+02,8.115535e-04,0.000000e+00,3.813261e+01,-1.507597e-11,1.512166e-05,3.807610e+01,1.091944e-11,1.987834e-05,0.000000e+00,3.500000e-05,8.115535e-04,1.310049e-11,1.310051e-12,0.000000e+00,1.310051e-12,-1.512166e-05,1.987834e-05,3.500000e-05,-4.568480e-13,4.963384e-13
2.842000e-10,5.919418e+02,6.745422e-04,0.000000e+00,3.813261e+01,-1.790325e-11,1.512166e-05,3.807610e+01,7.881392e-12,1.987834e-05,0.000000e+00,3.500000e-05,6.745422e-04,1.112939e-11,1.112938e-12,0.000000e+00,1.112938e-12,-1.512166e-05,1.987834e-05,3.500000e-05,-5.425231e-13,3.582451e-13
2.843000e-10,5.921241e+02,5.306838e-04,0.000000e+00,3.813261e+01,-1.864466e-11,1.512166e-05,3.807610e+01,4.703664e-12,1.987834e-05,0.000000e+00,3.500000e-05,5.306838e-04,8.539472e-12,8.539468e-13,0.000000e+00,8.539468e-13,-1.512166e-05,1.987834e-05,3.500000e-05,-5.649902e-13,2.138029e-13
2.844000e-10,5.922629e+02,3.854474e-04,0.000000e+00,3.813261e+01,-1.761431e-11,1.512166e-05,3.807610e+01,1.690656e-12,1.987834e-05,0.000000e+00,3.500000e-05,3.854473e-04,5.670629e-12,5.670627e-13,0.000000e+00,5.670627e-13,-1.512166e-05,1.987834e-05,3.500000e-05,-5.337667e-13,7.684800e-14
2.845000e-10,5.923582e+02,2.416913e-04,0.000000e+00,3.813261e+01,-1.522476e-11,1.512166e-05,3.807610e+01,-9.230402e-13,1.987834e-05,0.000000e+00,3.500000e-05,2.416913e-04,2.825471e-12,2.825457e-13,0.000000e+00,2.825457e-13,-1.512166e-05,1.987834e-05,3.500000e-05,-4.613559e-13,-4.195637e-14
2.846000e-10,5.924102e+02,1.002267e-04,0.000000e+00,3.813261e+01,-1.193290e-11,1.512166e-05,3.807610e+01,-2.980527e-12,1.987834e-05,0.000000e+00,3.500000e-05,1.002267e-04,2.494734e-13,2.494604e-14,0.000000e+00,2.494604e-14,-1.512166e-05,1.987834e-05,3.500000e-05,-3.616034e-13,-1.354785e-13
2.847000e-10,5.924196e+02,-3.944062e-05,0.000000e+00,3.813261e+01,-8.191798e-12,1.512166e-05,3.807610e+01,-4.402286e-12,1.987834e-05,0.000000e+00,3.500000e-05,-3.944063e-05,-1.880140e-12,-1.880148e-13,0.000000e+00,-1.880148e-13,-1.512166e-05,1.987834e-05,3.500000e-05,-2.482359e-13,-2.001039e-13
2.848000e-10,5.923866e+02,-1.783426e-04,0.000000e+00,3.813261e+01,-4.411586e-12,1.512166e-05,3.807610e+01,-5.179057e-12,1.987834e-05,0.000000e+00,3.500000e-05,-1.783426e-04,-3.457490e-12,-3.457515e-13,0.000000e+00,-3.457515e-13,-1.512166e-05,1.987834e-05,3.500000e-05,-1.336843e-13,-2.354117e-13
2.849000e-10,5.923113e+02,-3.172946e-04,0.000000e+00,3.813261e+01,-9.312719e-13,1.512166e-05,3.807610e+01,-5.359877e-12,1.987834e-05,0.000000e+00,3.500000e-05,-3.172946e-04,-4.444553e-12,-4.444566e-13,0.000000e+00,-4.444566e-13,-1.512166e-05,1.987834e-05,3.500000e-05,-2.822070e-14,-2.436308e-13
2.850000e-10,5.921938e+02,-4.561344e-04,0.000000e+00,3.813261e+01,1.998099e-12,1.512166e-05,3.807610e+01,-5.037242e-12,1.987834e-05,0.000000e+00,3.500000e-05,-4.561344e-04,-4.861921e-12,-4.861926e-13,0.000000e+00,-4.861926e-13,-1.512166e-05,1.987834e-05,3.500000e-05,6.054855e-14,-2.289656e-13
2.851000e-10,5.920345e+02,-5.929648e-04,0.000000e+00,3.813261e+01,4.219492e-12,1.512166e-05,3.807610e+01,-4.330975e-12,1.987834e-05,0.000000e+00,3.500000e-05,-5.929648e-04,-4.776501e-12,-4.776531e-13,0.000000e+00,-4.776531e-13,-1.512166e-05,1.987834e-05,3.500000e-05,1.278637e-13,-1.968625e-13
2.852000e-10,5.918349e+02,-7.235205e-04,0.000000e+00,3.813261e+01,5.666579e-12,1.512166e-05,3.807610e+01,-3.372859e-12,1.987834e-05,0.000000e+00,3.500000e-05,-7.235205e-04,-4.287287e-12,-4.287303e-13,0.000000e+00,-4.287303e-13,-1.512166e-05,1.987834e-05,3.500000e-05,1.717147e-13,-1.533118e-13
2.853000e-10,5.915980e+02,-8.409427e-04,0.000000e+00,3.813261e+01,6.353076e-12,1.512166e-05,3.807610e+01,-2.292781e-12,1.987834e-05,0.000000e+00,3.500000e-05,-8.409427e-04,-3.510569e-12,-3.510566e-13,0.000000e+00,-3.510566e-13,-1.512166e-05,1.987834e-05,3.500000e-05,1.925173e-13,-1.042173e-13
2.854000e-10,5.913293e+02,-9.363550e-04,0.000000e+00,3.813261e+01,6.356982e-12,1.512166e-05,3.807610e+01,-1.207792e-12,1.987834e-05,0.000000e+00,3.500000e-05,-9.363550e-04,-2.566799e-12,-2.566810e-13,0.000000e+00,-2.566810e-13,-1.512166e-05,1.987834e-05,3.500000e-05,1.926363e-13,-5.489963e-14
2.855000e-10,5.910371e+02,-1.000478e-03,0.000000e+00,3.813261e+01,5.802045e-12,1.512166e-05,3.807610e+01,-2.140022e-13,1.987834e-05,0.000000e+00,3.500000e-05,-1.000478e-03,-1.569309e-12,-1.569297e-13,0.000000e+00,-1.569297e-13,-1.512166e-05,1.987834e-05,3.500000e-05,1.758198e-13,-9.727373e-15
2.856000e-10,5.907319e+02,-1.025991e-03,0.000000e+00,3.813261e+01,4.838585e-12,1.512166e-05,3.807610e+01,6.179090e-13,1.987834e-05,0.000000e+00,3.500000e-05,-1.025991e-03,-6.153309e-13,-6.153552e-14,0.000000e+00,-6.153552e-14,-1.512166e-05,1.987834e-05,3.500000e-05,1.466233e-13,2.808677e-14
2.857000e-10,5.904256e+02,-1.009713e-03,0.000000e+00,3.813261e+01,3.625460e-12,1.512166e-05,3.807610e+01,1.244342e-12,1.987834e-05,0.000000e+00,3.500000e-05,-1.009713e-03,2.191760e-13,2.192029e-14,0.000000e+00,2.192029e-14,-1.512166e-05,1.987834e-05,3.500000e-05,1.098620e-13,5.656098e-14
2.858000e-10,5.901303e+02,-9.535423e-04,0.000000e+00,3.813261e+01,2.314569e-12,1.512166e-05,3.807610e+01,1.647617e-12,1.987834e-05,0.000000e+00,3.500000e-05,-9.535423e-04,8.828073e-13,8.828014e-14,0.000000e+00,8.828014e-14,-1.512166e-05,1.987834e-05,3.500000e-05,7.013828e-14,7.489169e-14
2.859000e-10,5.898569e+02,-8.637043e-04,0.000000e+00,3.813261e+01,1.038778e-12,1.512166e-05,3.807610e+01,1.832962e-12,1.987834e-05,0.000000e+00,3.500000e-05,-8.637043e-04,1.348238e-12,1.348243e-13,0.000000e+00,1.348243e-13,-1.512166e-05,1.987834e-05,3.500000e-05,3.147857e-14,8.331644e-14
2.860000e-10,5.896141e+02,-7.488052e-04,0.000000e+00,3.813261e+01,-9.628511e-14,1.512166e-05,3.807610e+01,1.823666e-12,1.987834e-05,0.000000e+00,3.500000e-05,-7.488052e-04,1.610699e-12,1.610710e-13,0.000000e+00,1.610710e-13,-1.512166e-05,1.987834e-05,3.500000e-05,-2.917734e-15,8.289393e-14
2.861000e-10,5.894081e+02,-6.176525e-04,0.000000e+00,3.813261e+01,-1.016545e-12,1.512166e-05,3.807610e+01,1.655965e-12,1.987834e-05,0.000000e+00,3.500000e-05,-6.176525e-04,1.684062e-12,1.684049e-13,0.000000e+00,1.684049e-13,-1.512166e-05,1.987834e-05,3.500000e-05,-3.080468e-14,7.527115e-14
2.862000e-10,5.892426e+02,-4.776379e-04,0.000000e+00,3.813261e+01,-1.680254e-12,1.512166e-05,3.807610e+01,1.373353e-12,1.987834e-05,0.000000e+00,3.500000e-05,-4.776379e-04,1.596177e-12,1.596198e-13,0.000000e+00,1.596198e-13,-1.512166e-05,1.987834e-05,3.500000e-05,-5.091631e-14,6.242515e-14
2.863000e-10,5.891198e+02,-3.339828e-04,0.000000e+00,3.813261e+01,-2.075780e-12,1.512166e-05,3.807610e+01,1.021535e-12,1.987834e-05,0.000000e+00,3.500000e-05,-3.339828e-04,1.384201e-12,1.384178e-13,0.000000e+00,1.384178e-13,-1.512166e-05,1.987834e-05,3.500000e-05,-6.290294e-14,4.643342e-14
2.864000e-10,5.890405e+02,-1.897333e-04,0.000000e+00,3.813261e+01,-2.217150e-12,1.512166e-05,3.807610e+01,6.440060e-13,1.987834e-05,0.000000e+00,3.500000e-05,-1.897333e-04,1.089172e-12,1.089151e-13,0.000000e+00,1.089151e-13,-1.512166e-05,1.987834e-05,3.500000e-05,-6.718653e-14,2.927300e-14
2.865000e-10,5.890047e+02,-4.622803e-05,0.000000e+00,3.813261e+01,-2.138151e-12,1.512166e-05,3.807610e+01,2.785431e-13,1.987834e-05,0.000000e+00,3.500000e-05,-4.622804e-05,7.521822e-13,7.521673e-14,0.000000e+00,7.521673e-14,-1.512166e-05,1.987834e-05,3.500000e-05,-6.479282e-14,1.266105e-14
2.866000e-10,5.890122e+02,9.620979e-05,0.000000e+00,3.813261e+01,-1.885786e-12,1.512166e-05,3.807610e+01,-4.489802e-14,1.987834e-05,0.000000e+00,3.500000e-05,9.620979e-05,4.103960e-13,4.103827e-14,0.000000e+00,4.103827e-14,-1.512166e-05,1.987834e-05,3.500000e-05,-5.714506e-14,-2.040819e-15
2.867000e-10,5.890628e+02,2.375037e-04,0.000000e+00,3.813261e+01,-1.513729e-12,1.512166e-05,3.807610e+01,-3.056222e-13,1.987834e-05,0.000000e+00,3.500000e-05,2.375037e-04,9.474184e-14,9.472780e-15,0.000000e+00,9.472780e-15,-1.512166e-05,1.987834e-05,3.500000e-05,-4.587060e-14,-1.389192e-14
2.868000e-10,5.891561e+02,3.770436e-04,0.000000e+00,3.813261e+01,-1.076405e-12,1.512166e-05,3.807610e+01,-4.921244e-13,1.987834e-05,0.000000e+00,3.500000e-05,3.770436e-04,-1.718752e-13,-1.718722e-14,0.000000e+00,-1.718722e-14,-1.512166e-05,1.987834e-05,3.500000e-05,-3.261803e-14,-2.236929e-14
2.869000e-10,5.892911e+02,5.129436e-04,0.000000e+00,3.813261e+01,-6.240756e-13,1.512166e-05,3.807610e+01,-6.014932e-13,1.987834e-05,0.000000e+00,3.500000e-05,5.129436e-04,-3.749336e-13,-3.749192e-14,0.000000e+00,-3.749192e-14,-1.512166e-05,1.987834e-05,3.500000e-05,-1.891159e-14,-2.734060e-14
2.870000e-10,5.894660e+02,6.414440e-04,0.000000e+00,3.813261e+01,-1.991836e-13,1.512166e-05,3.807610e+01,-6.381833e-13,1.987834e-05,0.000000e+00,3.500000e-05,6.414440e-04,-5.081193e-13,-5.081089e-14,0.000000e+00,-5.081089e-14,-1.512166e-05,1.987834e-05,3.500000e-05,-6.036360e-15,-2.900833e-14
2.871000e-10,5.896776e+02,7.566773e-04,0.000000e+00,3.813261e+01,1.659552e-13,1.512166e-05,3.807610e+01,-6.121915e-13,1.987834e-05,0.000000e+00,3.500000e-05,7.566773e-04,-5.725112e-13,-5.725158e-14,0.000000e+00,-5.725158e-14,-1.512166e-05,1.987834e-05,3.500000e-05,5.028706e-15,-2.782689e-14
2.872000e-10,5.899205e+02,8.510857e-04,0.000000e+00,3.813261e+01,4.501425e-13,1.512166e-05,3.807610e+01,-5.371627e-13,1.987834e-05,0.000000e+00,3.500000e-05,8.510857e-04,-5.749402e-13,-5.749564e-14,0.000000e+00,-5.749564e-14,-1.512166e-05,1.987834e-05,3.500000e-05,1.364054e-14,-2.441649e-14
2.873000e-10,5.901872e+02,9.166704e-04,0.000000e+00,3.813261e+01,6.431432e-13,1.512166e-05,3.807610e+01,-4.286007e-13,1.987834e-05,0.000000e+00,3.500000e-05,9.166704e-04,-5.264556e-13,-5.264609e-14,0.000000e+00,-5.264609e-14,-1.512166e-05,1.987834e-05,3.500000e-05,1.948876e-14,-1.948185e-14
2.874000e-10,5.904679e+02,9.468717e-04,0.000000e+00,3.813261e+01,7.445883e-13,1.512166e-05,3.807610e+01,-3.021497e-13,1.987834e-05,0.000000e+00,3.500000e-05,9.468717e-04,-4.405531e-13,-4.405585e-14,0.000000e+00,-4.405585e-14,-1.512166e-05,1.987834e-05,3.500000e-05,2.256381e-14,-1.373408e-14
2.875000e-10,5.907515e+02,9.384048e-04,0.000000e+00,3.813261e+01,7.622156e-13,1.512166e-05,3.807610e+01,-1.721558e-13,1.987834e-05,0.000000e+00,3.500000e-05,9.384048e-04,-3.315789e-13,-3.315770e-14,0.000000e+00,-3.315770e-14,-1.512166e-05,1.987834e-05,3.500000e-05,2.309740e-14,-7.825266e-15
2.876000e-10,5.910268e+02,8.922092e-04,0.000000e+00,3.813261e+01,7.097143e-13,1.512166e-05,3.807610e+01,-5.065058e-14,1.987834e-05,0.000000e+00,3.500000e-05,8.922092e-04,-2.132919e-13,-2.132975e-14,0.000000e+00,-2.132975e-14,-1.512166e-05,1.987834e-05,3.500000e-05,2.150619e-14,-2.302299e-15
2.877000e-10,5.912833e+02,8.130736e-04,0.000000e+00,3.813261e+01,6.044483e-13,1.512166e-05,3.807610e+01,5.317609e-14,1.987834e-05,0.000000e+00,3.500000e-05,8.130736e-04,-9.778473e-14,-9.778726e-15,0.000000e+00,-9.778726e-15,-1.512166e-05,1.987834e-05,3.500000e-05,1.831635e-14,2.417095e-15
2.878000e-10,5.915122e+02,7.081915e-04,0.000000e+00,3.813261e+01,4.652502e-13,1.512166e-05,3.807610e+01,1.334664e-13,1.987834e-05,0.000000e+00,3.500000e-05,7.081915e-04,5.305333e-15,5.300800e-16,0.000000e+00,5.300800e-16,-1.512166e-05,1.987834e-05,3.500000e-05,1.409866e-14,6.066654e-15
2.879000e-10,5.917071e+02,5.853611e-04,0.000000e+00,3.813261e+01,3.105088e-13,1.512166e-05,3.807610e+01,1.874142e-13,1.987834e-05,0.000000e+00,3.500000e-05,5.853611e-04,8.914713e-14,8.917480e-15,0.000000e+00,8.917480e-15,-1.512166e-05,1.987834e-05,3.500000e-05,9.409027e-15,8.518826e-15
2.880000e-10,5.918636e+02,4.515153e-04,0.000000e+00,3.813261e+01,1.566369e-13,1.512166e-05,3.807610e+01,2.151247e-13,1.987834e-05,0.000000e+00,3.500000e-05,4.515153e-04,1.499524e-13,1.499575e-14,0.000000e+00,1.499575e-14,-1.512166e-05,1.987834e-05,3.500000e-05,4.747030e-15,9.778394e-15
2.881000e-10,5.919789e+02,3.119229e-04,0.000000e+00,3.813261e+01,1.698253e-14,1.512166e-05,3.807610e+01,2.189129e-13,1.987834e-05,0.000000e+00,3.500000e-05,3.119229e-04,1.865372e-13,1.865384e-14,0.000000e+00,1.865384e-14,-1.512166e-05,1.987834e-05,3.500000e-05,5.144565e-16,9.950588e-15
2.882000e-10,5.920518e+02,1.700544e-04,0.000000e+00,3.813261e+01,-9.877434e-14,1.512166e-05,3.807610e+01,2.027777e-13,1.987834e-05,0.000000e+00,3.500000e-05,1.700544e-04,2.001207e-13,2.000952e-14,0.000000e+00,2.000952e-14,-1.512166e-05,1.987834e-05,3.500000e-05,-2.993201e-15,9.217168e-15
2.883000e-10,5.920817e+02,2.792230e-05,0.000000e+00,3.813261e+01,-1.848157e-13,1.512166e-05,3.807610e+01,1.718051e-13,1.987834e-05,0.000000e+00,3.500000e-05,2.792230e-05,1.936052e-13,1.935908e-14,0.000000e+00,1.935908e-14,-1.512166e-05,1.987834e-05,3.500000e-05,-5.600560e-15,7.809322e-15
2.884000e-10,5.920688e+02,-1.133148e-04,0.000000e+00,3.813261e+01,-2.389878e-13,1.512166e-05,3.807610e+01,1.313618e-13,1.987834e-05,0.000000e+00,3.500000e-05,-1.133148e-04,1.712877e-13,1.712962e-14,0.000000e+00,1.712962e-14,-1.512166e-05,1.987834e-05,3.500000e-05,-7.241719e-15,5.970990e-15
2.885000e-10,5.920133e+02,-2.526360e-04,0.000000e+00,3.813261e+01,-2.623292e-13,1.512166e-05,3.807610e+01,8.674438e-14,1.987834e-05,0.000000e+00,3.500000e-05,-2.526360e-04,1.380351e-13,1.380342e-14,0.000000e+00,1.380342e-14,-1.512166e-05,1.987834e-05,3.500000e-05,-7.949628e-15,3.942926e-15
2.886000e-10,5.919161e+02,-3.884329e-04,0.000000e+00,3.813261e+01,-2.583966e-13,1.512166e-05,3.807610e+01,4.261804e-14,1.987834e-05,0.000000e+00,3.500000e-05,-3.884329e-04,9.867919e-14,9.868731e-15,0.000000e+00,9.868731e-15,-1.512166e-05,1.987834e-05,3.500000e-05,-7.830581e-15,1.937184e-15
2.887000e-10,5.917788e+02,-5.178708e-04,0.000000e+00,3.813261e+01,-2.324886e-13,1.512166e-05,3.807610e+01,2.771050e-15,1.987834e-05,0.000000e+00,3.500000e-05,-5.178708e-04,5.784128e-14,5.783283e-15,0.000000e+00,5.783283e-15,-1.512166e-05,1.987834e-05,3.500000e-05,-7.045078e-15,1.259568e-16
2.888000e-10,5.916041e+02,-6.364882e-04,0.000000e+00,3.813261e+01,-1.908760e-13,1.512166e-05,3.807610e+01,-3.006063e-14,1.987834e-05,0.000000e+00,3.500000e-05,-6.364882e-04,1.932720e-14,1.931722e-15,0.000000e+00,1.931722e-15,-1.512166e-05,1.987834e-05,3.500000e-05,-5.784447e-15,-1.366392e-15
2.889000e-10,5.913963e+02,-7.382432e-04,0.000000e+00,3.813261e+01,-1.400671e-13,1.512166e-05,3.807610e+01,-5.429854e-14,1.987834e-05,0.000000e+00,3.500000e-05,-7.382432e-04,-1.389033e-14,-1.387831e-15,0.000000e+00,-1.387831e-15,-1.512166e-05,1.987834e-05,3.500000e-05,-4.244266e-15,-2.468116e-15
2.890000e-10,5.911617e+02,-8.162014e-04,0.000000e+00,3.813261e+01,-8.619312e-14,1.512166e-05,3.807610e+01,-6.938147e-14,1.987834e-05,0.000000e+00,3.500000e-05,-8.162014e-04,-3.981192e-14,-3.982191e-15,0.000000e+00,-3.982191e-15,-1.512166e-05,1.987834e-05,3.500000e-05,-2.611611e-15,-3.153703e-15
2.891000e-10,5.909085e+02,-8.638565e-04,0.000000e+00,3.813261e+01,-3.454444e-14,1.512166e-05,3.807610e+01,-7.562510e-14,1.987834e-05,0.000000e+00,3.500000e-05,-8.638565e-04,-5.754313e-14,-5.757223e-15,0.000000e+00,-5.757223e-15,-1.512166e-05,1.987834e-05,3.500000e-05,-1.046983e-15,-3.437505e-15
2.892000e-10,5.906465e+02,-8.767256e-04,0.000000e+00,3.813261e+01,1.075062e-14,1.512166e-05,3.807610e+01,-7.408173e-14,1.987834e-05,0.000000e+00,3.500000e-05,-8.767256e-04,-6.705765e-14,-6.705210e-15,0.000000e+00,-6.705210e-15,-1.512166e-05,1.987834e-05,3.500000e-05,3.252556e-16,-3.367352e-15
2.893000e-10,5.903863e+02,-8.535825e-04,0.000000e+00,3.813261e+01,4.686740e-14,1.512166e-05,3.807610e+01,-6.632981e-14,1.987834e-05,0.000000e+00,3.500000e-05,-8.535825e-04,-6.889040e-14,-6.889309e-15,0.000000e+00,-6.889309e-15,-1.512166e-05,1.987834e-05,3.500000e-05,1.420070e-15,-3.014991e-15
2.894000e-10,5.901381e+02,-7.967707e-04,0.000000e+00,3.813261e+01,7.230240e-14,1.512166e-05,3.807610e+01,-5.415824e-14,1.987834e-05,0.000000e+00,3.500000e-05,-7.967707e-04,-6.435675e-14,-6.438128e-15,0.000000e+00,-6.438128e-15,-1.512166e-05,1.987834e-05,3.500000e-05,2.190692e-15,-2.461738e-15
2.895000e-10,5.899113e+02,-7.114844e-04,0.000000e+00,3.813261e+01,8.676208e-14,1.512166e-05,3.807610e+01,-3.946115e-14,1.987834e-05,0.000000e+00,3.500000e-05,-7.114844e-04,-5.503515e-14,-5.503465e-15,0.000000e+00,-5.503465e-15,-1.512166e-05,1.987834e-05,3.500000e-05,2.629681e-15,-1.793689e-15
2.896000e-10,5.897133e+02,-6.044018e-04,0.000000e+00,3.813261e+01,9.097342e-14,1.512166e-05,3.807610e+01,-2.392223e-14,1.987834e-05,0.000000e+00,3.500000e-05,-6.044018e-04,-4.253035e-14,-4.255042e-15,0.000000e+00,-4.255042e-15,-1.512166e-05,1.987834e-05,3.500000e-05,2.757232e-15,-1.087374e-15
2.897000e-10,5.895495e+02,-4.822613e-04,0.000000e+00,3.813261e+01,8.643056e-14,1.512166e-05,3.807610e+01,-9.119911e-15,1.987834e-05,0.000000e+00,3.500000e-05,-4.822613e-04,-2.855234e-14,-2.856637e-15,0.000000e+00,-2.856637e-15,-1.512166e-05,1.987834e-05,3.500000e-05,2.619051e-15,-4.145414e-16
2.898000e-10,5.894239e+02,-3.508373e-04,0.000000e+00,3.813261e+01,7.512597e-14,1.512166e-05,3.807610e+01,3.788271e-15,1.987834e-05,0.000000e+00,3.500000e-05,-3.508373e-04,-1.464447e-14,-1.463495e-15,0.000000e+00,-1.463495e-15,-1.512166e-05,1.987834e-05,3.500000e-05,2.276789e-15,1.721941e-16
2.899000e-10,5.893386e+02,-2.144884e-04,0.000000e+00,3.813261e+01,5.927846e-14,1.512166e-05,3.807610e+01,1.403063e-14,1.987834e-05,0.000000e+00,3.500000e-05,-2.144884e-04,-1.929212e-15,-1.938450e-16,0.000000e+00,-1.938450e-16,-1.512166e-05,1.987834e-05,3.500000e-05,1.796346e-15,6.377560e-16
2.900000e-10,5.892947e+02,-7.621849e-05,0.000000e+00,3.813261e+01,4.110797e-14,1.512166e-05,3.807610e+01,2.118625e-14,1.987834e-05,0.000000e+00,3.500000e-05,-7.621849e-05,8.611300e-15,8.601978e-16,0.000000e+00,8.601978e-16,-1.512166e-05,1.987834e-05,3.500000e-05,1.245750e-15,9.630115e-16
2.901000e-10,5.892926e+02,6.191518e-05,0.000000e+00,3.813261e+01,2.263212e-14,1.512166e-05,3.807610e+01,2.514991e-14,1.987834e-05,0.000000e+00,3.500000e-05,6.191518e-05,1.649476e-14,1.647508e-15,0.000000e+00,1.647508e-15,-1.512166e-05,1.987834e-05,3.500000e-05,6.855877e-16,1.143178e-15
2.902000e-10,5.893321e+02,1.982083e-04,0.000000e+00,3.813261e+01,5.528685e-15,1.512166e-05,3.807610e+01,2.620220e-14,1.987834e-05,0.000000e+00,3.500000e-05,1.982083e-04,2.146687e-14,2.148153e-15,0.000000e+00,2.148153e-15,-1.512166e-05,1.987834e-05,3.500000e-05,1.679424e-16,1.191009e-15
2.903000e-10,5.894122e+02,3.306634e-04,0.000000e+00,3.813261e+01,-8.948805e-15,1.512166e-05,3.807610e+01,2.476406e-14,1.987834e-05,0.000000e+00,3.500000e-05,3.306634e-04,2.372931e-14,2.369426e-15,0.000000e+00,2.369426e-15,-1.512166e-05,1.987834e-05,3.500000e-05,-2.710463e-16,1.125639e-15
2.904000e-10,5.895314e+02,4.564102e-04,0.000000e+00,3.813261e+01,-2.000979e-14,1.512166e-05,3.807610e+01,2.139671e-14,1.987834e-05,0.000000e+00,3.500000e-05,4.564102e-04,2.340485e-14,2.341198e-15,0.000000e+00,2.341198e-15,-1.512166e-05,1.987834e-05,3.500000e-05,-6.058682e-16,9.725779e-16
2.905000e-10,5.896868e+02,5.713314e-04,0.000000e+00,3.813261e+01,-2.730170e-14,1.512166e-05,3.807610e+01,1.676660e-14,1.987834e-05,0.000000e+00,3.500000e-05,5.713314e-04,2.113364e-14,2.111903e-15,0.000000e+00,2.111903e-15,-1.512166e-05,1.987834e-05,3.500000e-05,-8.269569e-16,7.621184e-16
2.906000e-10,5.898744e+02,6.700687e-04,0.000000e+00,3.813261e+01,-3.087000e-14,1.512166e-05,3.807610e+01,1.150512e-14,1.987834e-05,0.000000e+00,3.500000e-05,6.700687e-04,1.739798e-14,1.740379e-15,0.000000e+00,1.740379e-15,-1.512166e-05,1.987834e-05,3.500000e-05,-9.353754e-16,5.229599e-16
2.907000e-10,5.900881e+02,7.465542e-04,0.000000e+00,3.813261e+01,-3.108036e-14,1.512166e-05,3.807610e+01,6.173478e-15,1.987834e-05,0.000000e+00,3.500000e-05,7.465542e-04,1.282049e-14,1.281500e-15,0.000000e+00,1.281500e-15,-1.512166e-05,1.987834e-05,3.500000e-05,-9.417530e-16,2.806126e-16
2.908000e-10,5.903204e+02,7.950590e-04,0.000000e+00,3.813261e+01,-2.852541e-14,1.512166e-05,3.807610e+01,1.297833e-15,1.987834e-05,0.000000e+00,3.500000e-05,7.950590e-04,7.927307e-15,7.943691e-16,0.000000e+00,7.943691e-16,-1.512166e-05,1.987834e-05,3.500000e-05,-8.641594e-16,5.899243e-17
2.909000e-10,5.905622e+02,8.114910e-04,0.000000e+00,3.813261e+01,-2.393220e-14,1.512166e-05,3.807610e+01,-2.841203e-15,1.987834e-05,0.000000e+00,3.500000e-05,8.114910e-04,3.270891e-15,3.259936e-16,0.000000e+00,3.259936e-16,-1.512166e-05,1.987834e-05,3.500000e-05,-7.249160e-16,-1.291456e-16
2.910000e-10,5.908038e+02,7.944499e-04,0.000000e+00,3.813261e+01,-1.807519e-14,1.512166e-05,3.807610e+01,-5.963018e-15,1.987834e-05,0.000000e+00,3.500000e-05,7.944499e-04,-8.769145e-16,-8.657280e-17,0.000000e+00,-8.657280e-17,-1.512166e-05,1.987834e-05,3.500000e-05,-5.474072e-16,-2.710463e-16
2.911000e-10,5.910353e+02,7.455875e-04,0.000000e+00,3.813261e+01,-1.170211e-14,1.512166e-05,3.807610e+01,-7.997460e-15,1.987834e-05,0.000000e+00,3.500000e-05,7.455875e-04,-4.156575e-15,-4.154675e-16,0.000000e+00,-4.154675e-16,-1.512166e-05,1.987834e-05,3.500000e-05,-3.550175e-16,-3.635209e-16
2.912000e-10,5.912481e+02,6.691311e-04,0.000000e+00,3.813261e+01,-5.461899e-15,1.512166e-05,3.807610e+01,-8.979604e-15,1.987834e-05,0.000000e+00,3.500000e-05,6.691311e-04,-6.506705e-15,-6.505510e-16,0.000000e+00,-6.505510e-16,-1.512166e-05,1.987834e-05,3.500000e-05,-1.658166e-16,-4.081638e-16
2.913000e-10,5.914346e+02,5.708229e-04,0.000000e+00,3.813261e+01,1.194607e-16,1.512166e-05,3.807610e+01,-8.944528e-15,1.987834e-05,0.000000e+00,3.500000e-05,5.708229e-04,-7.857154e-15,-7.855602e-16,0.000000e+00,-7.855602e-16,-1.512166e-05,1.987834e-05,3.500000e-05,3.188780e-18,-4.065694e-16
2.914000e-10,5.915893e+02,4.567282e-04,0.000000e+00,3.813261e+01,4.676272e-15,1.512166e-05,3.807610e+01,-8.137766e-15,1.987834e-05,0.000000e+00,3.500000e-05,4.567282e-04,-8.242996e-15,-8.237463e-16,0.000000e+00,-8.237463e-16,-1.512166e-05,1.987834e-05,3.500000e-05,1.413692e-16,-3.698985e-16
2.915000e-10,5.917082e+02,3.323112e-04,0.000000e+00,3.813261e+01,7.994075e-15,1.512166e-05,3.807610e+01,-6.769780e-15,1.987834e-05,0.000000e+00,3.500000e-05,3.323112e-04,-7.822077e-15,-7.827093e-16,0.000000e+00,-7.827093e-16,-1.512166e-05,1.987834e-05,3.500000e-05,2.423473e-16,-3.077173e-16
2.916000e-10,5.917887e+02,2.019666e-04,0.000000e+00,3.813261e+01,1.000929e-14,1.512166e-05,3.807610e+01,-5.051027e-15,1.987834e-05,0.000000e+00,3.500000e-05,2.019666e-04,-6.787318e-15,-6.814909e-16,0.000000e+00,-6.814909e-16,-1.512166e-05,1.987834e-05,3.500000e-05,3.029341e-16,-2.295922e-16
2.917000e-10,5.918295e+02,6.899972e-05,0.000000e+00,3.813261e+01,1.078343e-14,1.512166e-05,3.807610e+01,-3.227045e-15,1.987834e-05,0.000000e+00,3.500000e-05,6.899972e-05,-5.401793e-15,-5.389726e-16,0.000000e+00,-5.389726e-16,-1.512166e-05,1.987834e-05,3.500000e-05,3.263185e-16,-1.466839e-16
2.918000e-10,5.918302e+02,-6.406440e-05,0.000000e+00,3.813261e+01,1.047113e-14,1.512166e-05,3.807610e+01,-1.438140e-15,1.987834e-05,0.000000e+00,3.500000e-05,-6.406440e-05,-3.744425e-15,-3.766460e-16,0.000000e+00,-3.766460e-16,-1.512166e-05,1.987834e-05,3.500000e-05,3.178151e-16,-6.536999e-17
2.919000e-10,5.917909e+02,-1.949867e-04,0.000000e+00,3.813261e+01,9.300059e-15,1.512166e-05,3.807610e+01,1.403063e-16,1.987834e-05,0.000000e+00,3.500000e-05,-1.949867e-04,-2.104595e-15,-2.094354e-16,0.000000e+00,-2.094354e-16,-1.512166e-05,1.987834e-05,3.500000e-05,2.816756e-16,6.377560e-18
2.920000e-10,5.917127e+02,-3.212684e-04,0.000000e+00,3.813261e+01,7.525906e-15,1.512166e-05,3.807610e+01,1.438140e-15,1.987834e-05,0.000000e+00,3.500000e-05,-3.212684e-04,-5.261487e-16,-5.338010e-17,0.000000e+00,-5.338010e-17,-1.512166e-05,1.987834e-05,3.500000e-05,2.285292e-16,6.536999e-17
2.921000e-10,5.915976e+02,-4.396826e-04,0.000000e+00,3.813261e+01,5.416144e-15,1.512166e-05,3.807610e+01,2.350131e-15,1.987834e-05,0.000000e+00,3.500000e-05,-4.396826e-04,7.892230e-16,7.778630e-17,0.000000e+00,7.778630e-17,-1.512166e-05,1.987834e-05,3.500000e-05,1.636907e-16,1.068241e-16
2.922000e-10,5.914486e+02,-5.460241e-04,0.000000e+00,3.813261e+01,3.215690e-15,1.512166e-05,3.807610e+01,2.876279e-15,1.987834e-05,0.000000e+00,3.500000e-05,-5.460241e-04,1.771367e-15,1.791878e-16,0.000000e+00,1.791878e-16,-1.512166e-05,1.987834e-05,3.500000e-05,9.778925e-17,1.307400e-16
2.923000e-10,5.912703e+02,-6.352201e-04,0.000000e+00,3.813261e+01,1.132677e-15,1.512166e-05,3.807610e+01,3.086739e-15,1.987834e-05,0.000000e+00,3.500000e-05,-6.352201e-04,2.472899e-15,2.438909e-16,0.000000e+00,2.438909e-16,-1.512166e-05,1.987834e-05,3.500000e-05,3.401365e-17,1.403063e-16
2.924000e-10,5.910686e+02,-7.018895e-04,0.000000e+00,3.813261e+01,-6.718013e-16,1.512166e-05,3.807610e+01,2.981509e-15,1.987834e-05,0.000000e+00,3.500000e-05,-7.018895e-04,2.753511e-15,2.779230e-16,0.000000e+00,2.779230e-16,-1.512166e-05,1.987834e-05,3.500000e-05,-2.019561e-17,1.355231e-16
2.925000e-10,5.908513e+02,-7.412828e-04,0.000000e+00,3.813261e+01,-2.088458e-15,1.512166e-05,3.807610e+01,2.630743e-15,1.987834e-05,0.000000e+00,3.500000e-05,-7.412828e-04,2.788588e-15,2.809805e-16,0.000000e+00,2.809805e-16,-1.512166e-05,1.987834e-05,3.500000e-05,-6.377560e-17,1.195792e-16
2.926000e-10,5.906268e+02,-7.503295e-04,0.000000e+00,3.813261e+01,-3.064125e-15,1.512166e-05,3.807610e+01,2.139671e-15,1.987834e-05,0.000000e+00,3.500000e-05,-7.503295e-04,2.604436e-15,2.591814e-16,0.000000e+00,2.591814e-16,-1.512166e-05,1.987834e-05,3.500000e-05,-9.247462e-17,9.725779e-17
2.927000e-10,5.904044e+02,-7.283955e-04,0.000000e+00,3.813261e+01,-3.594471e-15,1.512166e-05,3.807610e+01,1.543369e-15,1.987834e-05,0.000000e+00,3.500000e-05,-7.283955e-04,2.192286e-15,2.186368e-16,0.000000e+00,2.186368e-16,-1.512166e-05,1.987834e-05,3.500000e-05,-1.084185e-16,7.015316e-17
2.928000e-10,5.901931e+02,-6.774309e-04,0.000000e+00,3.813261e+01,-3.712520e-15,1.512166e-05,3.807610e+01,9.470676e-16,1.987834e-05,0.000000e+00,3.500000e-05,-6.774309e-04,1.683676e-15,1.675297e-16,0.000000e+00,1.675297e-16,-1.512166e-05,1.987834e-05,3.500000e-05,-1.126702e-16,4.304853e-17
2.929000e-10,5.900008e+02,-6.014691e-04,0.000000e+00,3.813261e+01,-3.482456e-15,1.512166e-05,3.807610e+01,3.507658e-16,1.987834e-05,0.000000e+00,3.500000e-05,-6.014691e-04,1.131220e-15,1.125057e-16,0.000000e+00,1.125057e-16,-1.512166e-05,1.987834e-05,3.500000e-05,-1.052297e-16,1.594390e-17
2.930000e-10,5.898343e+02,-5.057122e-04,0.000000e+00,3.813261e+01,-2.984803e-15,1.512166e-05,3.807610e+01,-1.753829e-16,1.987834e-05,0.000000e+00,3.500000e-05,-5.057122e-04,5.699944e-16,5.665279e-17,0.000000e+00,5.665279e-17,-1.512166e-05,1.987834e-05,3.500000e-05,-9.034876e-17,-7.971950e-18
2.931000e-10,5.896986e+02,-3.955692e-04,0.000000e+00,3.813261e+01,-2.312900e-15,1.512166e-05,3.807610e+01,-5.963018e-16,1.987834e-05,0.000000e+00,3.500000e-05,-3.955692e-04,3.507658e-17,5.049924e-18,0.000000e+00,5.049924e-18,-1.512166e-05,1.987834e-05,3.500000e-05,-7.015316e-17,-2.710463e-17
2.932000e-10,5.895975e+02,-2.759415e-04,0.000000e+00,3.813261e+01,-1.557928e-15,1.512166e-05,3.807610e+01,-8.769145e-16,1.987834e-05,0.000000e+00,3.500000e-05,-2.759415e-04,-3.858424e-16,-3.799946e-17,0.000000e+00,-3.799946e-17,-1.512166e-05,1.987834e-05,3.500000e-05,-4.676877e-17,-3.985975e-17
2.933000e-10,5.895332e+02,-1.508900e-04,0.000000e+00,3.813261e+01,-8.010941e-16,1.512166e-05,3.807610e+01,-1.052297e-15,1.987834e-05,0.000000e+00,3.500000e-05,-1.508900e-04,-6.927624e-16,-6.895104e-17,0.000000e+00,-6.895104e-17,-1.512166e-05,1.987834e-05,3.500000e-05,-2.444731e-17,-4.783170e-17
2.934000e-10,5.895070e+02,-2.366440e-05,0.000000e+00,3.813261e+01,-1.121737e-16,1.512166e-05,3.807610e+01,-1.087374e-15,1.987834e-05,0.000000e+00,3.500000e-05,-2.366440e-05,-8.769145e-16,-8.932745e-17,0.000000e+00,-8.932745e-17,-1.512166e-05,1.987834e-05,3.500000e-05,-3.188780e-18,-4.942609e-17
2.935000e-10,5.895192e+02,1.030048e-04,0.000000e+00,3.813261e+01,4.600590e-16,1.512166e-05,3.807610e+01,-1.017221e-15,1.987834e-05,0.000000e+00,3.500000e-05,1.030048e-04,-9.996825e-16,-9.998871e-17,0.000000e+00,-9.998871e-17,-1.512166e-05,1.987834e-05,3.500000e-05,1.381805e-17,-4.623731e-17
2.936000e-10,5.895691e+02,2.264796e-04,0.000000e+00,3.813261e+01,8.878676e-16,1.512166e-05,3.807610e+01,-8.418379e-16,1.987834e-05,0.000000e+00,3.500000e-05,2.264796e-04,-9.646059e-16,-9.683210e-17,0.000000e+00,-9.683210e-17,-1.512166e-05,1.987834e-05,3.500000e-05,2.657317e-17,-3.826536e-17
2.937000e-10,5.896554e+02,3.437807e-04,0.000000e+00,3.813261e+01,1.161458e-15,1.512166e-05,3.807610e+01,-6.313784e-16,1.987834e-05,0.000000e+00,3.500000e-05,3.437807e-04,-8.330688e-16,-8.425055e-17,0.000000e+00,-8.425055e-17,-1.512166e-05,1.987834e-05,3.500000e-05,3.507658e-17,-2.869902e-17
2.938000e-10,5.897755e+02,4.512736e-04,0.000000e+00,3.813261e+01,1.285965e-15,1.512166e-05,3.807610e+01,-3.858424e-16,1.987834e-05,0.000000e+00,3.500000e-05,4.512736e-04,-6.489167e-16,-6.739108e-17,0.000000e+00,-6.739108e-17,-1.512166e-05,1.987834e-05,3.500000e-05,3.932829e-17,-1.753829e-17
2.939000e-10,5.899259e+02,5.446054e-04,0.000000e+00,3.813261e+01,1.275784e-15,1.512166e-05,3.807610e+01,-1.403063e-16,1.987834e-05,0.000000e+00,3.500000e-05,5.446054e-04,-4.559955e-16,-4.490689e-17,0.000000e+00,-4.490689e-17,-1.512166e-05,1.987834e-05,3.500000e-05,3.826536e-17,-6.377560e-18
2.940000e-10,5.901014e+02,6.189887e-04,0.000000e+00,3.813261e+01,1.157362e-15,1.512166e-05,3.807610e+01,3.507658e-17,1.987834e-05,0.000000e+00,3.500000e-05,6.189887e-04,-2.279978e-16,-2.187552e-17,0.000000e+00,-2.187552e-17,-1.512166e-05,1.987834e-05,3.500000e-05,3.507658e-17,1.594390e-18
2.941000e-10,5.902956e+02,6.698409e-04,0.000000e+00,3.813261e+01,9.624665e-16,1.512166e-05,3.807610e+01,1.753829e-16,1.987834e-05,0.000000e+00,3.500000e-05,6.698409e-04,-5.261487e-17,-4.072951e-18,0.000000e+00,-4.072951e-18,-1.512166e-05,1.987834e-05,3.500000e-05,2.869902e-17,7.971950e-18
2.942000e-10,5.905009e+02,6.936350e-04,0.000000e+00,3.813261e+01,7.227346e-16,1.512166e-05,3.807610e+01,2.806126e-16,1.987834e-05,0.000000e+00,3.500000e-05,6.936350e-04,8.769145e-17,1.207990e-17,0.000000e+00,1.207990e-17,-1.512166e-05,1.987834e-05,3.500000e-05,2.232146e-17,1.275512e-17
2.943000e-10,5.907088e+02,6.886759e-04,0.000000e+00,3.813261e+01,4.644907e-16,1.512166e-05,3.807610e+01,3.156892e-16,1.987834e-05,0.000000e+00,3.500000e-05,6.886759e-04,2.192286e-16,2.158187e-17,0.000000e+00,2.158187e-17,-1.512166e-05,1.987834e-05,3.500000e-05,1.381805e-17,1.434951e-17
2.944000e-10,5.909109e+02,6.554999e-04,0.000000e+00,3.813261e+01,2.117929e-16,1.512166e-05,3.807610e+01,3.507658e-16,1.987834e-05,0.000000e+00,3.500000e-05,6.554999e-04,2.893818e-16,2.733799e-17,0.000000e+00,2.733799e-17,-1.512166e-05,1.987834e-05,3.500000e-05,6.377560e-18,1.594390e-17
2.945000e-10,5.910991e+02,5.967402e-04,0.000000e+00,3.813261e+01,-1.532749e-17,1.512166e-05,3.807610e+01,3.507658e-16,1.987834e-05,0.000000e+00,3.500000e-05,5.967402e-04,3.244584e-16,3.077422e-17,0.000000e+00,3.077422e-17,-1.512166e-05,1.987834e-05,3.500000e-05,0.000000e+00,1.594390e-17
2.946000e-10,5.912665e+02,5.165313e-04,0.000000e+00,3.813261e+01,-1.986623e-16,1.512166e-05,3.807610e+01,3.156892e-16,1.987834e-05,0.000000e+00,3.500000e-05,5.165313e-04,2.981509e-16,3.192877e-17,0.000000e+00,3.192877e-17,-1.512166e-05,1.987834e-05,3.500000e-05,-6.377560e-18,1.434951e-17
2.947000e-10,5.914073e+02,4.197059e-04,0.000000e+00,3.813261e+01,-3.334758e-16,1.512166e-05,3.807610e+01,2.806126e-16,1.987834e-05,0.000000e+00,3.500000e-05,4.197059e-04,2.981509e-16,3.158096e-17,0.000000e+00,3.158096e-17,-1.512166e-05,1.987834e-05,3.500000e-05,-1.062927e-17,1.275512e-17
2.948000e-10,5.915173e+02,3.110628e-04,0.000000e+00,3.813261e+01,-4.133421e-16,1.512166e-05,3.807610e+01,2.104595e-16,1.987834e-05,0.000000e+00,3.500000e-05,3.110628e-04,2.630743e-16,2.831647e-17,0.000000e+00,2.831647e-17,-1.512166e-05,1.987834e-05,3.500000e-05,-1.275512e-17,9.566340e-18
2.949000e-10,5.915934e+02,1.948975e-04,0.000000e+00,3.813261e+01,-4.428512e-16,1.512166e-05,3.807610e+01,1.403063e-16,1.987834e-05,0.000000e+00,3.500000e-05,1.948975e-04,2.279978e-16,2.079218e-17,0.000000e+00,2.079218e-17,-1.512166e-05,1.987834e-05,3.500000e-05,-1.381805e-17,6.377560e-18
2.950000e-10,5.916339e+02,7.485103e-05,0.000000e+00,3.813261e+01,-4.272325e-16,1.512166e-05,3.807610e+01,7.015316e-17,1.987834e-05,0.000000e+00,3.500000e-05,7.485103e-05,1.490755e-16,1.543587e-17,0.000000e+00,1.543587e-17,-1.512166e-05,1.987834e-05,3.500000e-05,-1.275512e-17,3.188780e-18
2.951000e-10,5.916381e+02,-4.596754e-05,0.000000e+00,3.813261e+01,-3.776160e-16,1.512166e-05,3.807610e+01,3.507658e-17,1.987834e-05,0.000000e+00,3.500000e-05,-4.596754e-05,1.227680e-16,1.013998e-17,0.000000e+00,1.013998e-17,-1.512166e-05,1.987834e-05,3.500000e-05,-1.169219e-17,1.594390e-18
2.952000e-10,5.916062e+02,-1.646847e-04,0.000000e+00,3.813261e+01,-3.003644e-16,1.512166e-05,3.807610e+01,-3.507658e-17,1.987834e-05,0.000000e+00,3.500000e-05,-1.646847e-04,3.507658e-17,4.871488e-18,0.000000e+00,4.871488e-18,-1.512166e-05,1.987834e-05,3.500000e-05,-9.566340e-18,-1.594390e-18
2.953000e-10,5.915391e+02,-2.783083e-04,0.000000e+00,3.813261e+01,-2.084058e-16,1.512166e-05,3.807610e+01,-7.015316e-17,1.987834e-05,0.000000e+00,3.500000e-05,-2.783083e-04,0.000000e+00,-2.841594e-19,0.000000e+00,-2.841594e-19,-1.512166e-05,1.987834e-05,3.500000e-05,-6.377560e-18,-3.188780e-18
2.954000e-10,5.914391e+02,-3.834356e-04,0.000000e+00,3.813261e+01,-1.142566e-16,1.512166e-05,3.807610e+01,-1.052297e-16,1.987834e-05,0.000000e+00,3.500000e-05,-3.834356e-04,-3.507658e-17,-4.631344e-18,0.000000e+00,-4.631344e-18,-1.512166e-05,1.987834e-05,3.500000e-05,-3.188780e-18,-4.783170e-18
2.955000e-10,5.913093e+02,-4.761381e-04,0.000000e+00,3.813261e+01,-2.814788e-17,1.512166e-05,3.807610e+01,-1.403063e-16,1.987834e-05,0.000000e+00,3.500000e-05,-4.761381e-04,-9.646059e-17,-8.875395e-18,0.000000e+00,-8.875395e-18,-1.512166e-05,1.987834e-05,3.500000e-05,-1.062927e-18,-6.377560e-18
2.956000e-10,5.911542e+02,-5.521184e-04,0.000000e+00,3.813261e+01,4.600780e-17,1.512166e-05,3.807610e+01,-1.403063e-16,1.987834e-05,0.000000e+00,3.500000e-05,-5.521184e-04,-1.052297e-16,-1.164687e-17,0.000000e+00,-1.164687e-17,-1.512166e-05,1.987834e-05,3.500000e-05,1.062927e-18,-6.377560e-18
2.957000e-10,5.909795e+02,-6.071638e-04,0.000000e+00,3.813261e+01,1.021073e-16,1.512166e-05,3.807610e+01,-1.052297e-16,1.987834e-05,0.000000e+00,3.500000e-05,-6.071638e-04,-1.052297e-16,-1.223201e-17,0.000000e+00,-1.223201e-17,-1.512166e-05,1.987834e-05,3.500000e-05,3.188780e-18,-4.783170e-18
2.958000e-10,5.907921e+02,-6.378149e-04,0.000000e+00,3.813261e+01,1.392770e-16,1.512166e-05,3.807610e+01,-1.052297e-16,1.987834e-05,0.000000e+00,3.500000e-05,-6.378149e-04,-1.227680e-16,-1.137759e-17,0.000000e+00,-1.137759e-17,-1.512166e-05,1.987834e-05,3.500000e-05,4.251707e-18,-4.783170e-18
2.959000e-10,5.905996e+02,-6.420448e-04,0.000000e+00,3.813261e+01,1.556681e-16,1.512166e-05,3.807610e+01,-1.052297e-16,1.987834e-05,0.000000e+00,3.500000e-05,-6.420448e-04,-1.052297e-16,-1.121836e-17,0.000000e+00,-1.121836e-17,-1.512166e-05,1.987834e-05,3.500000e-05,4.251707e-18,-4.783170e-18
2.960000e-10,5.904099e+02,-6.197009e-04,0.000000e+00,3.813261e+01,1.553832e-16,1.512166e-05,3.807610e+01,-7.015316e-17,1.987834e-05,0.000000e+00,3.500000e-05,-6.197009e-04,-9.646059e-17,-1.035013e-17,0.000000e+00,-1.035013e-17,-1.512166e-05,1.987834e-05,3.500000e-05,4.251707e-18,-3.188780e-18
2.961000e-10,5.902306e+02,-5.725379e-04,0.000000e+00,3.813261e+01,1.397771e-16,1.512166e-05,3.807610e+01,-3.507658e-17,1.987834e-05,0.000000e+00,3.500000e-05,-5.725379e-04,-5.261487e-17,-8.056144e-18,0.000000e+00,-8.056144e-18,-1.512166e-05,1.987834e-05,3.500000e-05,4.251707e-18,-1.594390e-18
2.962000e-10,5.900688e+02,-5.038407e-04,0.000000e+00,3.813261e+01,1.133576e-16,1.512166e-05,3.807610e+01,3.507658e-17,1.987834e-05,0.000000e+00,3.500000e-05,-5.038407e-04,-3.507658e-17,-5.111848e-18,0.000000e+00,-5.111848e-18,-1.512166e-05,1.987834e-05,3.500000e-05,3.188780e-18,1.594390e-18
2.963000e-10,5.899303e+02,-4.177966e-04,0.000000e+00,3.813261e+01,8.224045e-17,1.512166e-05,3.807610e+01,7.015316e-17,1.987834e-05,0.000000e+00,3.500000e-05,-4.177966e-04,0.000000e+00,-8.198979e-20,0.000000e+00,-8.198979e-20,-1.512166e-05,1.987834e-05,3.500000e-05,2.125853e-18,3.188780e-18
2.964000e-10,5.898195e+02,-3.188456e-04,0.000000e+00,3.813261e+01,5.283901e-17,1.512166e-05,3.807610e+01,7.015316e-17,1.987834e-05,0.000000e+00,3.500000e-05,-3.188456e-04,4.384572e-17,3.470542e-18,0.000000e+00,3.470542e-18,-1.512166e-05,1.987834e-05,3.500000e-05,2.125853e-18,3.188780e-18
2.965000e-10,5.897398e+02,-2.111956e-04,0.000000e+00,3.813261e+01,2.572942e-17,1.512166e-05,3.807610e+01,7.015316e-17,1.987834e-05,0.000000e+00,3.500000e-05,-2.111956e-04,7.015316e-17,5.607023e-18,0.000000e+00,5.607023e-18,-1.512166e-05,1.987834e-05,3.500000e-05,1.062927e-18,3.188780e-18
2.966000e-10,5.896932e+02,-9.859196e-05,0.000000e+00,3.813261e+01,3.735324e-18,1.512166e-05,3.807610e+01,7.015316e-17,1.987834e-05,0.000000e+00,3.500000e-05,-9.859196e-05,7.892230e-17,5.567107e-18,0.000000e+00,5.567107e-18,-1.512166e-05,1.987834e-05,3.500000e-05,0.000000e+00,3.188780e-18
2.967000e-10,5.896809e+02,1.566685e-05,0.000000e+00,3.813261e+01,-1.221894e-17,1.512166e-05,3.807610e+01,7.015316e-17,1.987834e-05,0.000000e+00,3.500000e-05,1.566685e-05,7.015316e-17,5.529564e-18,0.000000e+00,5.529564e-18,-1.512166e-05,1.987834e-05,3.500000e-05,0.000000e+00,3.188780e-18
2.968000e-10,5.897028e+02,1.285365e-04,0.000000e+00,3.813261e+01,-2.160790e-17,1.512166e-05,3.807610e+01,7.015316e-17,1.987834e-05,0.000000e+00,3.500000e-05,1.285365e-04,7.015316e-17,5.464620e-18,0.000000e+00,5.464620e-18,-1.512166e-05,1.987834e-05,3.500000e-05,-1.062927e-18,3.188780e-18
2.969000e-10,5.897581e+02,2.369572e-04,0.000000e+00,3.813261e+01,-2.613461e-17,1.512166e-05,3.807610e+01,7.015316e-17,1.987834e-05,0.000000e+00,3.500000e-05,2.369572e-04,7.015316e-17,5.416936e-18,0.000000e+00,5.416936e-18,-1.512166e-05,1.987834e-05,3.500000e-05,-1.062927e-18,3.188780e-18
2.970000e-10,5.898450e+02,3.376142e-04,0.000000e+00,3.813261e+01,-2.504567e-17,1.512166e-05,3.807610e+01,3.507658e-17,1.987834e-05,0.000000e+00,3.500000e-05,3.376142e-04,3.507658e-17,4.640406e-18,0.000000e+00,4.640406e-18,-1.512166e-05,1.987834e-05,3.500000e-05,-1.062927e-18,1.594390e-18
2.971000e-10,5.899604e+02,4.268313e-04,0.000000e+00,3.813261e+01,-2.034802e-17,1.512166e-05,3.807610e+01,0.000000e+00,1.987834e-05,0.000000e+00,3.500000e-05,4.268313e-04,3.507658e-17,3.880706e-18,0.000000e+00,3.880706e-18,-1.512166e-05,1.987834e-05,3.500000e-05,-1.062927e-18,0.000000e+00
2.972000e-10,5.901003e+02,5.006810e-04,0.000000e+00,3.813261e+01,-1.682162e-17,1.512166e-05,3.807610e+01,-3.507658e-17,1.987834e-05,0.000000e+00,3.500000e-05,5.006810e-04,1.753829e-17,-1.100174e-18,0.000000e+00,-1.100174e-18,-1.512166e-05,1.987834e-05,3.500000e-05,0.000000e+00,-1.594390e-18
2.973000e-10,5.902594e+02,5.553374e-04,0.000000e+00,3.813261e+01,-1.399797e-17,1.512166e-05,3.807610e+01,-3.507658e-17,1.987834e-05,0.000000e+00,3.500000e-05,5.553374e-04,-3.507658e-17,-3.247227e-18,0.000000e+00,-3.247227e-18,-1.512166e-05,1.987834e-05,3.500000e-05,0.000000e+00,-1.594390e-18
2.974000e-10,5.904315e+02,5.876122e-04,0.000000e+00,3.813261e+01,-1.194038e-17,1.512166e-05,3.807610e+01,0.000000e+00,1.987834e-05,0.000000e+00,3.500000e-05,5.876122e-04,-2.630743e-17,-3.932058e-18,0.000000e+00,-3.932058e-18,-1.512166e-05,1.987834e-05,3.500000e-05,0.000000e+00,0.000000e+00
2.975000e-10,5.906094e+02,5.955213e-04,0.000000e+00,3.813261e+01,-1.031329e-17,1.512166e-05,3.807610e+01,0.000000e+00,1.987834e-05,0.000000e+00,3.500000e-05,5.955213e-04,0.000000e+00,-1.066946e-18,0.000000e+00,-1.066946e-18,-1.512166e-05,1.987834e-05,3.500000e-05,0.000000e+00,0.000000e+00
2.976000e-10,5.907860e+02,5.786825e-04,0.000000e+00,3.813261e+01,-8.971110e-18,1.512166e-05,3.807610e+01,0.000000e+00,1.987834e-05,0.000000e+00,3.500000e-05,5.786825e-04,-1.753829e-17,-3.501827e-19,0.000000e+00,-3.501827e-19,-1.512166e-05,1.987834e-05,3.500000e-05,0.000000e+00,0.000000e+00
2.977000e-10,5.909539e+02,5.383971e-04,0.000000e+00,3.813261e+01,-7.844181e-18,1.512166e-05,3.807610e+01,0.000000e+00,1.987834e-05,0.000000e+00,3.500000e-05,5.383971e-04,8.769145e-18,-3.495354e-19,0.000000e+00,-3.495354e-19,-1.512166e-05,1.987834e-05,3.500000e-05,0.000000e+00,0.000000e+00
2.978000e-10,5.911066e+02,4.773901e-04,0.000000e+00,3.813261e+01,-6.894522e-18,1.512166e-05,3.807610e+01,0.000000e+00,1.987834e-05,0.000000e+00,3.500000e-05,4.773901e-04,0.000000e+00,-3.493197e-19,0.000000e+00,-3.493197e-19,-1.512166e-05,1.987834e-05,3.500000e-05,0.000000e+00,0.000000e+00
2.979000e-10,5.912384e+02,3.993168e-04,0.000000e+00,3.813261e+01,-6.090478e-18,1.512166e-05,3.807610e+01,0.000000e+00,1.987834e-05,0.000000e+00,3.500000e-05,3.993168e-04,0.000000e+00,-3.488881e-19,0.000000e+00,-3.488881e-19,-1.512166e-05,1.987834e-05,3.500000e-05,0.000000e+00,0.000000e+00
2.980000e-10,5.913447e+02,3.082147e-04,0.000000e+00,3.813261e+01,-5.406724e-18,1.512166e-05,3.807610e+01,0.000000e+00,1.987834e-05,0.000000e+00,3.500000e-05,3.082147e-04,0.000000e+00,-3.484566e-19,0.000000e+00,-3.484566e-19,-1.512166e-05,1.987834e-05,3.500000e-05,0.000000e+00,0.000000e+00
2.981000e-10,5.914223e+02,2.080622e-04,0.000000e+00,3.813261e+01,-4.830597e-18,1.512166e-05,3.807610e+01,0.000000e+00,1.987834e-05,0.000000e+00,3.500000e-05,2.080622e-04,0.000000e+00,-3.482409e-19,0.000000e+00,-3.482409e-19,-1.512166e-05,1.987834e-05,3.500000e-05,0.000000e+00,0.000000e+00
2.982000e-10,5.914690e+02,1.025345e-04,0.000000e+00,3.813261e+01,-4.336775e-18,1.512166e-05,3.807610e+01,0.000000e+00,1.987834e-05,0.000000e+00,3.500000e-05,1.025345e-04,0.000000e+00,-3.480251e-19,0.000000e+00,-3.480251e-19,-1.512166e-05,1.987834e-05,3.500000e-05,0.000000e+00,0.000000e+00
2.983000e-10,5.914835e+02,-5.031634e-06,0.000000e+00,3.813261e+01,-3.918925e-18,1.512166e-05,3.807610e+01,0.000000e+00,1.987834e-05,0.000000e+00,3.500000e-05,-5.031634e-06,0.000000e+00,-3.480251e-19,0.000000e+00,-3.480251e-19,-1.512166e-05,1.987834e-05,3.500000e-05,0.000000e+00,0.000000e+00
2.984000e-10,5.914658e+02,-1.115158e-04,0.000000e+00,3.813261e+01,-3.564386e-18,1.512166e-05,3.807610e+01,0.000000e+00,1.987834e-05,0.000000e+00,3.500000e-05,-1.115158e-04,0.000000e+00,-3.478093e-19,0.000000e+00,-3.478093e-19,-1.512166e-05,1.987834e-05,3.500000e-05,0.000000e+00,0.000000e+00
2.985000e-10,5.914165e+02,-2.138158e-04,0.000000e+00,3.813261e+01,-3.260495e-18,1.512166e-05,3.807610e+01,0.000000e+00,1.987834e-05,0.000000e+00,3.500000e-05,-2.138158e-04,0.000000e+00,-3.475936e-19,0.000000e+00,-3.475936e-19,-1.512166e-05,1.987834e-05,3.500000e-05,0.000000e+00,0.000000e+00
2.986000e-10,5.913376e+02,-3.086678e-04,0.000000e+00,3.813261e+01,-3.007253e-18,1.512166e-05,3.807610e+01,0.000000e+00,1.987834e-05,0.000000e+00,3.500000e-05,-3.086678e-04,0.000000e+00,-3.473778e-19,0.000000e+00,-3.473778e-19,-1.512166e-05,1.987834e-05,3.500000e-05,0.000000e+00,0.000000e+00
2.987000e-10,5.912318e+02,-3.925750e-04,0.000000e+00,3.813261e+01,-2.791997e-18,1.512166e-05,3.807610e+01,0.000000e+00,1.987834e-05,0.000000e+00,3.500000e-05,-3.925750e-04,0.000000e+00,-3.473778e-19,0.000000e+00,-3.473778e-19,-1.512166e-05,1.987834e-05,3.500000e-05,0.000000e+00,0.000000e+00
2.988000e-10,5.911029e+02,-4.619121e-04,0.000000e+00,3.813261e+01,-2.608396e-18,1.512166e-05,3.807610e+01,0.000000e+00,1.987834e-05,0.000000e+00,3.500000e-05,-4.619121e-04,0.000000e+00,-3.473778e-19,0.000000e+00,-3.473778e-19,-1.512166e-05,1.987834e-05,3.500000e-05,0.000000e+00,0.000000e+00
2.989000e-10,5.909560e+02,-5.132266e-04,0.000000e+00,3.813261e+01,-2.450120e-18,1.512166e-05,3.807610e+01,0.000000e+00,1.987834e-05,0.000000e+00,3.500000e-05,-5.132266e-04,0.000000e+00,-3.473778e-19,0.000000e+00,-3.473778e-19,-1.512166e-05,1.987834e-05,3.500000e-05,0.000000e+00,0.000000e+00
2.990000e-10,5.907969e+02,-5.436832e-04,0.000000e+00,3.813261e+01,-2.317167e-18,1.512166e-05,3.807610e+01,0.000000e+00,1.987834e-05,0.000000e+00,3.500000e-05,-5.436832e-04,0.000000e+00,-3.471620e-19,0.000000e+00,-3.471620e-19,-1.512166e-05,1.987834e-05,3.500000e-05,0.000000e+00,0.000000e+00
2.991000e-10,5.906321e+02,-5.515278e-04,0.000000e+00,3.813261e+01,-2.203208e-18,1.512166e-05,3.807610e+01,0.000000e+00,1.987834e-05,0.000000e+00,3.500000e-05,-5.515278e-04,0.000000e+00,-3.471620e-19,0.000000e+00,-3.471620e-19,-1.512166e-05,1.987834e-05,3.500000e-05,0.000000e+00,0.000000e+00
2.992000e-10,5.904685e+02,-5.364134e-04,0.000000e+00,3.813261e+01,-2.108242e-18,1.512166e-05,3.807610e+01,0.000000e+00,1.987834e-05,0.000000e+00,3.500000e-05,-5.364134e-04,0.000000e+00,-3.471620e-19,0.000000e+00,-3.471620e-19,-1.512166e-05,1.987834e-05,3.500000e-05,0.000000e+00,0.000000e+00
2.993000e-10,5.903128e+02,-4.994696e-04,0.000000e+00,3.813261e+01,-2.025939e-18,1.512166e-05,3.807610e+01,0.000000e+00,1.987834e-05,0.000000e+00,3.500000e-05,-4.994696e-04,0.000000e+00,-3.471620e-19,0.000000e+00,-3.471620e-19,-1.512166e-05,1.987834e-05,3.500000e-05,0.000000e+00,0.000000e+00
2.994000e-10,5.901712e+02,-4.430959e-04,0.000000e+00,3.813261e+01,-1.956297e-18,1.512166e-05,3.807610e+01,0.000000e+00,1.987834e-05,0.000000e+00,3.500000e-05,-4.430959e-04,0.000000e+00,-3.471620e-19,0.000000e+00,-3.471620e-19,-1.512166e-05,1.987834e-05,3.500000e-05,0.000000e+00,0.000000e+00
2.995000e-10,5.900489e+02,-3.705594e-04,0.000000e+00,3.813261e+01,-1.899317e-18,1.512166e-05,3.807610e+01,0.000000e+00,1.987834e-05,0.000000e+00,3.500000e-05,-3.705594e-04,0.000000e+00,-3.471620e-19,0.000000e+00,-3.471620e-19,-1.512166e-05,1.987834e-05,3.500000e-05,0.000000e+00,0.000000e+00
2.996000e-10,5.899503e+02,-2.855386e-04,0.000000e+00,3.813261e+01,-1.848669e-18,1.512166e-05,3.807610e+01,0.000000e+00,1.987834e-05,0.000000e+00,3.500000e-05,-2.855386e-04,0.000000e+00,-3.469463e-19,0.000000e+00,-3.469463e-19,-1.512166e-05,1.987834e-05,3.500000e-05,0.000000e+00,0.000000e+00
2.997000e-10,5.898786e+02,-1.917449e-04,0.000000e+00,3.813261e+01,-1.810683e-18,1.512166e-05,3.807610e+01,0.000000e+00,1.987834e-05,0.000000e+00,3.500000e-05,-1.917449e-04,0.000000e+00,-3.469463e-19,0.000000e+00,-3.469463e-19,-1.512166e-05,1.987834e-05,3.500000e-05,0.000000e+00,0.000000e+00
2.998000e-10,5.898359e+02,-9.270057e-05,0.000000e+00,3.813261e+01,-1.779027e-18,1.512166e-05,3.807610e+01,0.000000e+00,1.987834e-05,0.000000e+00,3.500000e-05,-9.270057e-05,0.000000e+00,-3.469463e-19,0.000000e+00,-3.469463e-19,-1.512166e-05,1.987834e-05,3.500000e-05,0.000000e+00,0.000000e+00
2.999000e-10,5.898234e+02,8.313007e-06,0.000000e+00,3.813261e+01,-1.747372e-18,1.512166e-05,3.807610e+01,0.000000e+00,1.987834e-05,0.000000e+00,3.500000e-05,8.313007e-06,0.000000e+00,-3.469463e-19,0.000000e+00,-3.469463e-19,-1.512166e-05,1.987834e-05,3.500000e-05,0.000000e+00,0.000000e+00
