time,"V(B1|XDUT)","V(B2|XDUT)","V(B1|XLOAD)","V(B2|XLOAD)","P(B1|XDUT)","P(B2|XDUT)","P(B1|XLOAD)","P(B2|XLOAD)"
0.000000e+00,0.000000e+00,0.000000e+00,0.000000e+00,0.000000e+00,0.000000e+00,0.000000e+00,0.000000e+00,0.000000e+00
5.000000e-14,2.629074e-07,2.881130e-07,2.867246e-07,2.577710e-07,2.662844e-05,2.918138e-05,2.904076e-05,2.610820e-05
1.000000e-13,8.706306e-07,9.540001e-07,9.493609e-07,8.527833e-07,1.236860e-04,1.355339e-04,1.348766e-04,1.211847e-04
1.500000e-13,1.842067e-06,2.018852e-06,2.008930e-06,1.802259e-06,3.426113e-04,3.754632e-04,3.736286e-04,3.354177e-04
2.000000e-13,3.170516e-06,3.476659e-06,3.459360e-06,3.098007e-06,7.367105e-04,8.075712e-04,8.035921e-04,7.206088e-04
2.500000e-13,4.836427e-06,5.308207e-06,5.281423e-06,4.718997e-06,1.357932e-03,1.489246e-03,1.481840e-03,1.326967e-03
3.000000e-13,6.812056e-06,7.486093e-06,7.447714e-06,6.635972e-06,2.254962e-03,2.474697e-03,2.462260e-03,2.201208e-03
3.500000e-13,9.063523e-06,9.976805e-06,9.924731e-06,8.813520e-06,3.471966e-03,3.813676e-03,3.794288e-03,3.385294e-03
4.000000e-13,1.155206e-05,1.274189e-05,1.267403e-05,1.121135e-05,5.047679e-03,5.550558e-03,5.521981e-03,4.915526e-03
4.500000e-13,1.423507e-05,1.573887e-05,1.565314e-05,1.378539e-05,7.014709e-03,7.723623e-03,7.683298e-03,6.821849e-03
5.000000e-13,1.706707e-05,1.892205e-05,1.881636e-05,1.648877e-05,9.399014e-03,1.036449e-02,1.030954e-02,9.127347e-03
5.500000e-13,2.000070e-05,2.224339e-05,2.211565e-05,1.927292e-05,1.221954e-02,1.349769e-02,1.342493e-02,1.184789e-02
6.000000e-13,2.298772e-05,2.565333e-05,2.550142e-05,2.208858e-05,1.548802e-02,1.714037e-02,1.704629e-02,1.499197e-02
6.500000e-13,2.597995e-05,2.910166e-05,2.892343e-05,2.488683e-05,1.920888e-02,2.130215e-02,2.118291e-02,1.856065e-02
7.000000e-13,2.893024e-05,3.253832e-05,3.233159e-05,2.762008e-05,2.337935e-02,2.598503e-02,2.583647e-02,2.254769e-02
7.500000e-13,3.179333e-05,3.591427e-05,3.567682e-05,3.024305e-05,2.798968e-02,3.118355e-02,3.100116e-02,2.693986e-02
8.000000e-13,3.452673e-05,3.918226e-05,3.891180e-05,3.271361e-05,3.302348e-02,3.688495e-02,3.666389e-02,3.171730e-02
8.500000e-13,3.709142e-05,4.229756e-05,4.199176e-05,3.499357e-05,3.845819e-02,4.306950e-02,4.280458e-02,3.685408e-02
9.000000e-13,3.945255e-05,4.521866e-05,4.487514e-05,3.704940e-05,4.426570e-02,4.971097e-02,4.939663e-02,4.231888e-02
9.500000e-13,4.158001e-05,4.790791e-05,4.752423e-05,3.885281e-05,5.041294e-02,5.677712e-02,5.640745e-02,4.807566e-02
1.000000e-12,4.344885e-05,5.033201e-05,4.990573e-05,4.038115e-05,5.686272e-02,6.423035e-02,6.379907e-02,5.408457e-02
1.050000e-12,4.503963e-05,5.246256e-05,5.199121e-05,4.161780e-05,6.357446e-02,7.202841e-02,7.152884e-02,6.030278e-02
1.100000e-12,4.633865e-05,5.427636e-05,5.375752e-05,4.255235e-05,7.050510e-02,8.012512e-02,7.955024e-02,6.668541e-02
1.150000e-12,4.733805e-05,5.575575e-05,5.518703e-05,4.318062e-05,7.760992e-02,8.847121e-02,8.781363e-02,7.318648e-02
1.200000e-12,4.803576e-05,5.688874e-05,5.626788e-05,4.350464e-05,8.484347e-02,9.701519e-02,9.626715e-02,7.975985e-02
1.250000e-12,4.843540e-05,5.766917e-05,5.699402e-05,4.353240e-05,9.216041e-02,1.057042e-01,1.048576e-01,8.636013e-02
1.300000e-12,4.854601e-05,5.809663e-05,5.736525e-05,4.327759e-05,9.951635e-02,1.144848e-01,1.135313e-01,9.294357e-02
1.350000e-12,4.838172e-05,5.817639e-05,5.738712e-05,4.275909e-05,1.068686e-01,1.233040e-01,1.222350e-01,9.946889e-02
1.400000e-12,4.796131e-05,5.791920e-05,5.707069e-05,4.200052e-05,1.141771e-01,1.321101e-01,1.309166e-01,1.058980e-01
1.450000e-12,4.730770e-05,5.734102e-05,5.643228e-05,4.102959e-05,1.214048e-01,1.408532e-01,1.395261e-01,1.121967e-01
1.500000e-12,4.644736e-05,5.646259e-05,5.549311e-05,3.987741e-05,1.285185e-01,1.494864e-01,1.480166e-01,1.183352e-01
1.550000e-12,4.540968e-05,5.530909e-05,5.427885e-05,3.857777e-05,1.354890e-01,1.579660e-01,1.563443e-01,1.242887e-01
1.600000e-12,4.422634e-05,5.390956e-05,5.281911e-05,3.716639e-05,1.422919e-01,1.662528e-01,1.644700e-01,1.300376e-01
1.650000e-12,4.293055e-05,5.229637e-05,5.114690e-05,3.568008e-05,1.489078e-01,1.743119e-01,1.723590e-01,1.355677e-01
1.700000e-12,4.155644e-05,5.050465e-05,4.929800e-05,3.415602e-05,1.553221e-01,1.821136e-01,1.799817e-01,1.408706e-01
1.750000e-12,4.013829e-05,4.857160e-05,4.731035e-05,3.263095e-05,1.615256e-01,1.896337e-01,1.873145e-01,1.459432e-01
1.800000e-12,3.870992e-05,4.653592e-05,4.522337e-05,3.114042e-05,1.675141e-01,1.968537e-01,1.943391e-01,1.507881e-01
1.850000e-12,3.730401e-05,4.443708e-05,4.307729e-05,2.971814e-05,1.732886e-01,2.037612e-01,2.010438e-01,1.554131e-01
1.900000e-12,3.595157e-05,4.231471e-05,4.091249e-05,2.839531e-05,1.788548e-01,2.103495e-01,2.074224e-01,1.598308e-01
1.950000e-12,3.468133e-05,4.020793e-05,3.876882e-05,2.720006e-05,1.842229e-01,2.166181e-01,2.134753e-01,1.640583e-01
2.000000e-12,3.351932e-05,3.815474e-05,3.668500e-05,2.615699e-05,1.894072e-01,2.225721e-01,2.192086e-01,1.681167e-01
2.050000e-12,3.248847e-05,3.619141e-05,3.469796e-05,2.528675e-05,1.944259e-01,2.282224e-01,2.246340e-01,1.720307e-01
2.100000e-12,3.160824e-05,3.435196e-05,3.284228e-05,2.460577e-05,1.993002e-01,2.335851e-01,2.297689e-01,1.758275e-01
2.150000e-12,3.089442e-05,3.266763e-05,3.114973e-05,2.412603e-05,2.040541e-01,2.386814e-01,2.346356e-01,1.795367e-01
2.200000e-12,3.035896e-05,3.116643e-05,2.964870e-05,2.385496e-05,2.087136e-01,2.435369e-01,2.392607e-01,1.831893e-01
2.250000e-12,3.000985e-05,2.987279e-05,2.836390e-05,2.379546e-05,2.133064e-01,2.481810e-01,2.436753e-01,1.868169e-01
2.300000e-12,2.985117e-05,2.880719e-05,2.731595e-05,2.394595e-05,2.178607e-01,2.526468e-01,2.479135e-01,1.904515e-01
2.350000e-12,2.988314e-05,2.798591e-05,2.652113e-05,2.430058e-05,2.224055e-01,2.569699e-01,2.520124e-01,1.941243e-01
2.400000e-12,3.010225e-05,2.742089e-05,2.599121e-05,2.484948e-05,2.269694e-01,2.611883e-01,2.560112e-01,1.978654e-01
2.450000e-12,3.050150e-05,2.711959e-05,2.573332e-05,2.557911e-05,2.315800e-01,2.653412e-01,2.599505e-01,2.017032e-01
2.500000e-12,3.107067e-05,2.708495e-05,2.574990e-05,2.647265e-05,2.362638e-01,2.694688e-01,2.638717e-01,2.056637e-01
2.550000e-12,3.179666e-05,2.731545e-05,2.603877e-05,2.751046e-05,2.410456e-01,2.736113e-01,2.678161e-01,2.097703e-01
2.600000e-12,3.266385e-05,2.780519e-05,2.659320e-05,2.867061e-05,2.459479e-01,2.778083e-01,2.718243e-01,2.140430e-01
2.650000e-12,3.365448e-05,2.854413e-05,2.740214e-05,2.992940e-05,2.509906e-01,2.820984e-01,2.759358e-01,2.184987e-01
2.700000e-12,3.474915e-05,2.951827e-05,2.845046e-05,3.126193e-05,2.561911e-01,2.865182e-01,2.801879e-01,2.231502e-01
2.750000e-12,3.592721e-05,3.070997e-05,2.971928e-05,3.264263e-05,2.615635e-01,2.911019e-01,2.846154e-01,2.280069e-01
2.800000e-12,3.716726e-05,3.209837e-05,3.118631e-05,3.404586e-05,2.671187e-01,2.958809e-01,2.892499e-01,2.330742e-01
2.850000e-12,3.844754e-05,3.365970e-05,3.282634e-05,3.544644e-05,2.728646e-01,3.008831e-01,2.941195e-01,2.383534e-01
2.900000e-12,3.974646e-05,3.536782e-05,3.461168e-05,3.682016e-05,2.788056e-01,3.061327e-01,2.992484e-01,2.438425e-01
2.950000e-12,4.104292e-05,3.719463e-05,3.651268e-05,3.814424e-05,2.849430e-01,3.116498e-01,3.046562e-01,2.495356e-01
3.000000e-12,4.231679e-05,3.911062e-05,3.849826e-05,3.939778e-05,2.912748e-01,3.174501e-01,3.103580e-01,2.554237e-01
3.050000e-12,4.354920e-05,4.108538e-05,4.053645e-05,4.056212e-05,2.977962e-01,3.235449e-01,3.163644e-01,2.614947e-01
3.100000e-12,4.472288e-05,4.308812e-05,4.259498e-05,4.162115e-05,3.044998e-01,3.299406e-01,3.226807e-01,2.677339e-01
3.150000e-12,4.582243e-05,4.508819e-05,4.464183e-05,4.256157e-05,3.113754e-01,3.366393e-01,3.293077e-01,2.741245e-01
3.200000e-12,4.683454e-05,4.705561e-05,4.664573e-05,4.337302e-05,3.184109e-01,3.436382e-01,3.362411e-01,2.806477e-01
3.250000e-12,4.774812e-05,4.896152e-05,4.857676e-05,4.404824e-05,3.255922e-01,3.509302e-01,3.434724e-01,2.872835e-01
3.300000e-12,4.855449e-05,5.077870e-05,5.040674e-05,4.458305e-05,3.329038e-01,3.585039e-01,3.509882e-01,2.940110e-01
3.350000e-12,4.924734e-05,5.248196e-05,5.210977e-05,4.497637e-05,3.403290e-01,3.663441e-01,3.587714e-01,3.008089e-01
3.400000e-12,4.982283e-05,5.404849e-05,5.366259e-05,4.523005e-05,3.478503e-01,3.744318e-01,3.668010e-01,3.076560e-01
3.450000e-12,5.027950e-05,5.545828e-05,5.504493e-05,4.534879e-05,3.554500e-01,3.827448e-01,3.750527e-01,3.145315e-01
3.500000e-12,5.061820e-05,5.669430e-05,5.623979e-05,4.533985e-05,3.631100e-01,3.912580e-01,3.834995e-01,3.214156e-01
3.550000e-12,5.084193e-05,5.774280e-05,5.723371e-05,4.521285e-05,3.708129e-01,3.999442e-01,3.921120e-01,3.282896e-01
3.600000e-12,5.095574e-05,5.859341e-05,5.801688e-05,4.497943e-05,3.785415e-01,4.087742e-01,4.008590e-01,3.351367e-01
3.650000e-12,5.096645e-05,5.923927e-05,5.858327e-05,4.465291e-05,3.862799e-01,4.177176e-01,4.097083e-01,3.419417e-01
3.700000e-12,5.088249e-05,5.967708e-05,5.893062e-05,4.424798e-05,3.940129e-01,4.267430e-01,4.186268e-01,3.486916e-01
3.750000e-12,5.071363e-05,5.990703e-05,5.906045e-05,4.378027e-05,4.017271e-01,4.358192e-01,4.275815e-01,3.553759e-01
3.800000e-12,5.047070e-05,5.993275e-05,5.897791e-05,4.326603e-05,4.094104e-01,4.449148e-01,4.365400e-01,3.619861e-01
3.850000e-12,5.016537e-05,5.976114e-05,5.869161e-05,4.272172e-05,4.170525e-01,4.539996e-01,4.454707e-01,3.685166e-01
3.900000e-12,4.980985e-05,5.940224e-05,5.821346e-05,4.216368e-05,4.246448e-01,4.630444e-01,4.543437e-01,3.749640e-01
3.950000e-12,4.941663e-05,5.886889e-05,5.755831e-05,4.160775e-05,4.321807e-01,4.720218e-01,4.631312e-01,3.813273e-01
4.000000e-12,4.899821e-05,5.817655e-05,5.674370e-05,4.106900e-05,4.396554e-01,4.809066e-01,4.718076e-01,3.876081e-01
4.050000e-12,4.856691e-05,5.734294e-05,5.578947e-05,4.056139e-05,4.470661e-01,4.896762e-01,4.803503e-01,3.938099e-01
4.100000e-12,4.813457e-05,5.638765e-05,5.471739e-05,4.009759e-05,4.544116e-01,4.983106e-01,4.887399e-01,3.999384e-01
4.150000e-12,4.771243e-05,5.533188e-05,5.355074e-05,3.968870e-05,4.616926e-01,5.067930e-01,4.969603e-01,4.060011e-01
4.200000e-12,4.731087e-05,5.419795e-05,5.231389e-05,3.934415e-05,4.689115e-01,5.151099e-01,5.049990e-01,4.120070e-01
4.250000e-12,4.693934e-05,5.300899e-05,5.103188e-05,3.907153e-05,4.760720e-01,5.232512e-01,5.128473e-01,4.179663e-01
4.300000e-12,4.660617e-05,5.178848e-05,4.972998e-05,3.887654e-05,4.831793e-01,5.312103e-01,5.205003e-01,4.238903e-01
4.350000e-12,4.631853e-05,5.055993e-05,4.843325e-05,3.876296e-05,4.902398e-01,5.389843e-01,5.279568e-01,4.297911e-01
4.400000e-12,4.608233e-05,4.934645e-05,4.716614e-05,3.873264e-05,4.972607e-01,5.465736e-01,5.352195e-01,4.356810e-01
4.450000e-12,4.590221e-05,4.817042e-05,4.595214e-05,3.878559e-05,5.042502e-01,5.539823e-01,5.422947e-01,4.415727e-01
4.500000e-12,4.578151e-05,4.705314e-05,4.481333e-05,3.892007e-05,5.112170e-01,5.612176e-01,5.491920e-01,4.474786e-01
4.550000e-12,4.572233e-05,4.601452e-05,4.377015e-05,3.913266e-05,5.181702e-01,5.682900e-01,5.559243e-01,4.534107e-01
4.600000e-12,4.572554e-05,4.507280e-05,4.284100e-05,3.941852e-05,5.251192e-01,5.752126e-01,5.625075e-01,4.593806e-01
4.650000e-12,4.579084e-05,4.424431e-05,4.204207e-05,3.977149e-05,5.320735e-01,5.820014e-01,5.689602e-01,4.653988e-01
4.700000e-12,4.591689e-05,4.354323e-05,4.138709e-05,4.018434e-05,5.390422e-01,5.886746e-01,5.753029e-01,4.714749e-01
4.750000e-12,4.610138e-05,4.298148e-05,4.088716e-05,4.064895e-05,5.460345e-01,5.952523e-01,5.815584e-01,4.776174e-01
4.800000e-12,4.634115e-05,4.256851e-05,4.055064e-05,4.115660e-05,5.530589e-01,6.017565e-01,5.877507e-01,4.838334e-01
4.850000e-12,4.663232e-05,4.231128e-05,4.038306e-05,4.169814e-05,5.601235e-01,6.082100e-01,5.939050e-01,4.901288e-01
4.900000e-12,4.697040e-05,4.221417e-05,4.038712e-05,4.226425e-05,5.672357e-01,6.146368e-01,6.000470e-01,4.965080e-01
4.950000e-12,4.735048e-05,4.227903e-05,4.056273e-05,4.284567e-05,5.744023e-01,6.210613e-01,6.062027e-01,5.029740e-01
5.000000e-12,4.776731e-05,4.250514e-05,4.090703e-05,4.343338e-05,5.816293e-01,6.275079e-01,6.123979e-01,5.095284e-01
5.050000e-12,4.795253e-05,4.260123e-05,4.112781e-05,4.376107e-05,5.888951e-01,6.339716e-01,6.186285e-01,5.161456e-01
5.100000e-12,4.781791e-05,4.247111e-05,4.112695e-05,4.374070e-05,5.961603e-01,6.404278e-01,6.248709e-01,5.227815e-01
5.150000e-12,4.733782e-05,4.208430e-05,4.087169e-05,4.334691e-05,6.033766e-01,6.468424e-01,6.310914e-01,5.293839e-01
5.200000e-12,4.651172e-05,4.143470e-05,4.035352e-05,4.258018e-05,6.104929e-01,6.531773e-01,6.372521e-01,5.358974e-01
5.250000e-12,4.535149e-05,4.052674e-05,3.957450e-05,4.145426e-05,6.174585e-01,6.593936e-01,6.433139e-01,5.422672e-01
5.300000e-12,4.387681e-05,3.937058e-05,3.854252e-05,3.999168e-05,6.242243e-01,6.654534e-01,6.492383e-01,5.484411e-01
5.350000e-12,4.211328e-05,3.798038e-05,3.726957e-05,3.822174e-05,6.307451e-01,6.713201e-01,6.549879e-01,5.543703e-01
5.400000e-12,4.009126e-05,3.637343e-05,3.577102e-05,3.617932e-05,6.369793e-01,6.769598e-01,6.605275e-01,5.600111e-01
5.450000e-12,3.784501e-05,3.456970e-05,3.406511e-05,3.390385e-05,6.428904e-01,6.823410e-01,6.658243e-01,5.653253e-01
5.500000e-12,3.541185e-05,3.259138e-05,3.217261e-05,3.143843e-05,6.484475e-01,6.874358e-01,6.708485e-01,5.702809e-01
5.550000e-12,3.283138e-05,3.046251e-05,3.011642e-05,2.882876e-05,6.536252e-01,6.922194e-01,6.755736e-01,5.748527e-01
5.600000e-12,3.014464e-05,2.820861e-05,2.792128e-05,2.612223e-05,6.584042e-01,6.966710e-01,6.799766e-01,5.790224e-01
5.650000e-12,2.739332e-05,2.585629e-05,2.561332e-05,2.336692e-05,6.627718e-01,7.007738e-01,6.840385e-01,5.827790e-01
5.700000e-12,2.461898e-05,2.343285e-05,2.321978e-05,2.061064e-05,6.667211e-01,7.045147e-01,6.877442e-01,5.861187e-01
5.750000e-12,2.186232e-05,2.096599e-05,2.076858e-05,1.789998e-05,6.702519e-01,7.078852e-01,6.910830e-01,5.890450e-01
5.800000e-12,1.916248e-05,1.848335e-05,1.828800e-05,1.527952e-05,6.733697e-01,7.108808e-01,6.940483e-01,5.915680e-01
5.850000e-12,1.655640e-05,1.601226e-05,1.580630e-05,1.279091e-05,6.760859e-01,7.135011e-01,6.966376e-01,5.937045e-01
5.900000e-12,1.407820e-05,1.357938e-05,1.335140e-05,1.047223e-05,6.784172e-01,7.157500e-01,6.988530e-01,5.954773e-01
5.950000e-12,1.175877e-05,1.121036e-05,1.095051e-05,8.357327e-06,6.803852e-01,7.176350e-01,7.007006e-01,5.969147e-01
6.000000e-12,9.625230e-06,8.929610e-06,8.629839e-06,6.475257e-06,6.820162e-01,7.191678e-01,7.021905e-01,5.980497e-01
6.050000e-12,7.700660e-06,6.759998e-06,6.414271e-06,4.849871e-06,6.833398e-01,7.203634e-01,7.033368e-01,5.989193e-01
6.100000e-12,6.003793e-06,4.722618e-06,4.327085e-06,3.499488e-06,6.843890e-01,7.212402e-01,7.041572e-01,5.995636e-01
6.150000e-12,4.548846e-06,2.836572e-06,2.389687e-06,2.436688e-06,6.851995e-01,7.218198e-01,7.046727e-01,6.000251e-01
6.200000e-12,3.345423e-06,1.118777e-06,6.213627e-07,1.668223e-06,6.858085e-01,7.221263e-01,7.049075e-01,6.003479e-01
6.250000e-12,2.398502e-06,-4.161968e-07,-9.609395e-07,1.195041e-06,6.862545e-01,7.221864e-01,7.048884e-01,6.005766e-01
6.300000e-12,1.708506e-06,-1.756264e-06,-2.342804e-06,1.012423e-06,6.865762e-01,7.220285e-01,7.046447e-01,6.007553e-01
6.350000e-12,1.271448e-06,-2.891932e-06,-3.512512e-06,1.110231e-06,6.868122e-01,7.216830e-01,7.042078e-01,6.009274e-01
6.400000e-12,1.079158e-06,-3.816377e-06,-4.461171e-06,1.473253e-06,6.870001e-01,7.211812e-01,7.036102e-01,6.011339e-01
6.450000e-12,1.119567e-06,-4.525490e-06,-5.182817e-06,2.081640e-06,6.871762e-01,7.205556e-01,7.028861e-01,6.014136e-01
6.500000e-12,1.377065e-06,-5.017891e-06,-5.674479e-06,2.911430e-06,6.873743e-01,7.198389e-01,7.020700e-01,6.018018e-01
6.550000e-12,1.832895e-06,-5.294915e-06,-5.936201e-06,3.935130e-06,6.876260e-01,7.190637e-01,7.011968e-01,6.023297e-01
6.600000e-12,2.465609e-06,-5.360560e-06,-5.971039e-06,5.122369e-06,6.879597e-01,7.182623e-01,7.003009e-01,6.030245e-01
6.650000e-12,3.251545e-06,-5.221410e-06,-5.785006e-06,6.440580e-06,6.884002e-01,7.174663e-01,6.994163e-01,6.039084e-01
6.700000e-12,4.165336e-06,-4.886519e-06,-5.386985e-06,7.855714e-06,6.889689e-01,7.167061e-01,6.985759e-01,6.049987e-01
6.750000e-12,5.180432e-06,-4.367277e-06,-4.788602e-06,9.332968e-06,6.896832e-01,7.160103e-01,6.978107e-01,6.063074e-01
6.800000e-12,6.269623e-06,-3.677233e-06,-4.004060e-06,1.083750e-05,6.905563e-01,7.154060e-01,6.971501e-01,6.078414e-01
6.850000e-12,7.405565e-06,-2.831901e-06,-3.049936e-06,1.233513e-05,6.915974e-01,7.149177e-01,6.966210e-01,6.096020e-01
6.900000e-12,8.561279e-06,-1.848541e-06,-1.944945e-06,1.379302e-05,6.928116e-01,7.145677e-01,6.962476e-01,6.115859e-01
6.950000e-12,9.710632e-06,-7.459115e-07,-7.096710e-07,1.518026e-05,6.941998e-01,7.143755e-01,6.960513e-01,6.137847e-01
7.000000e-12,1.082879e-05,4.559875e-07,6.337279e-07,1.646849e-05,6.957594e-01,7.143576e-01,6.960500e-01,6.161857e-01
7.050000e-12,1.189260e-05,1.736196e-06,2.061842e-06,1.763231e-05,6.974838e-01,7.145275e-01,6.962584e-01,6.187719e-01
7.100000e-12,1.288100e-05,3.073080e-06,3.550349e-06,1.864977e-05,6.993632e-01,7.148954e-01,6.966875e-01,6.215229e-01
7.150000e-12,1.377525e-05,4.444630e-06,5.074370e-06,1.950267e-05,7.013849e-01,7.154682e-01,6.973445e-01,6.244152e-01
7.200000e-12,1.455923e-05,5.828760e-06,6.608829e-06,2.017678e-05,7.035334e-01,7.162495e-01,6.982328e-01,6.274229e-01
7.250000e-12,1.521964e-05,7.203605e-06,8.128822e-06,2.066203e-05,7.057911e-01,7.172395e-01,6.993523e-01,6.305182e-01
7.300000e-12,1.574608e-05,8.547818e-06,9.609981e-06,2.095254e-05,7.081385e-01,7.184353e-01,7.006988e-01,6.336721e-01
7.350000e-12,1.613115e-05,9.840851e-06,1.102883e-05,2.104661e-05,7.105548e-01,7.198306e-01,7.022647e-01,6.368552e-01
7.450000e-12,1.646250e-05,1.219680e-05,1.359212e-05,2.065876e-05,7.155069e-01,7.231801e-01,7.060069e-01,6.431910e-01
7.500000e-12,1.640871e-05,1.322496e-05,1.469700e-05,2.019290e-05,7.179984e-01,7.251076e-01,7.081515e-01,6.462873e-01
7.550000e-12,1.621315e-05,1.413288e-05,1.566101e-05,1.956212e-05,7.204710e-01,7.271815e-01,7.104525e-01,6.493008e-01
7.600000e-12,1.588237e-05,1.490767e-05,1.646973e-05,1.878241e-05,7.229038e-01,7.293827e-01,7.128877e-01,6.522076e-01
7.650000e-12,1.542519e-05,1.553853e-05,1.711127e-05,1.787221e-05,7.252771e-01,7.316903e-01,7.154325e-01,6.549867e-01
7.700000e-12,1.485241e-05,1.601688e-05,1.757643e-05,1.685195e-05,7.275725e-01,7.340817e-01,7.180610e-01,6.576200e-01
7.750000e-12,1.417651e-05,1.633644e-05,1.785881e-05,1.574356e-05,7.297735e-01,7.365335e-01,7.207460e-01,6.600923e-01
7.800000e-12,1.341136e-05,1.649328e-05,1.795484e-05,1.456997e-05,7.318656e-01,7.390213e-01,7.234595e-01,6.623921e-01
7.850000e-12,1.257188e-05,1.648584e-05,1.786383e-05,1.335461e-05,7.338362e-01,7.415203e-01,7.261734e-01,6.645113e-01
7.900000e-12,1.167371e-05,1.631493e-05,1.758797e-05,1.212091e-05,7.356755e-01,7.440058e-01,7.288594e-01,6.664454e-01
7.950000e-12,1.073288e-05,1.598367e-05,1.713221e-05,1.089182e-05,7.373757e-01,7.464531e-01,7.314900e-01,6.681932e-01
8.000000e-12,9.765513e-06,1.549741e-05,1.650418e-05,9.689364e-06,7.389315e-01,7.488386e-01,7.340384e-01,6.697572e-01
8.050000e-12,8.787491e-06,1.486364e-05,1.571403e-05,8.534228e-06,7.403401e-01,7.511392e-01,7.364795e-01,6.711430e-01
8.100000e-12,7.814179e-06,1.409183e-05,1.477429e-05,7.445370e-06,7.416011e-01,7.533333e-01,7.387896e-01,6.723590e-01
8.150000e-12,6.860162e-06,1.319330e-05,1.369957e-05,6.439710e-06,7.427163e-01,7.554010e-01,7.409472e-01,6.734165e-01
8.200000e-12,5.939003e-06,1.218102e-05,1.250640e-05,5.531845e-06,7.436895e-01,7.573240e-01,7.429331e-01,6.743294e-01
8.250000e-12,5.063037e-06,1.106941e-05,1.121291e-05,4.733839e-06,7.445267e-01,7.590861e-01,7.447307e-01,6.751131e-01
8.300000e-12,4.243196e-06,9.874115e-06,9.838524e-06,4.055059e-06,7.452356e-01,7.606736e-01,7.463265e-01,6.757851e-01
8.350000e-12,3.488869e-06,8.611785e-06,8.403708e-06,3.502082e-06,7.458252e-01,7.620750e-01,7.477095e-01,6.763638e-01
8.400000e-12,2.807799e-06,7.299826e-06,6.929596e-06,3.078655e-06,7.463062e-01,7.632815e-01,7.488724e-01,6.768685e-01
8.450000e-12,2.206010e-06,5.956149e-06,5.437689e-06,2.785719e-06,7.466899e-01,7.642869e-01,7.498108e-01,6.773189e-01
8.500000e-12,1.687781e-06,4.598917e-06,3.949518e-06,2.621487e-06,7.469888e-01,7.650879e-01,7.505236e-01,6.777345e-01
8.550000e-12,1.255643e-06,3.246289e-06,2.486318e-06,2.581579e-06,7.472156e-01,7.656836e-01,7.510130e-01,6.781345e-01
8.600000e-12,9.104212e-07,1.916168e-06,1.068710e-06,2.659207e-06,7.473834e-01,7.660763e-01,7.512844e-01,6.785372e-01
8.650000e-12,6.512968e-07,6.259561e-07,-2.836072e-07,2.845398e-06,7.475053e-01,7.662706e-01,7.513462e-01,6.789596e-01
8.700000e-12,4.759074e-07,-6.076860e-07,-1.552150e-06,3.129267e-06,7.475941e-01,7.662738e-01,7.512095e-01,6.794174e-01
8.750000e-12,3.804683e-07,-1.769063e-06,-2.719918e-06,3.498311e-06,7.476623e-01,7.660957e-01,7.508885e-01,6.799243e-01
8.800000e-12,3.599180e-07,-2.843657e-06,-3.771643e-06,3.938734e-06,7.477215e-01,7.657483e-01,7.503995e-01,6.804922e-01
8.850000e-12,4.080807e-07,-3.818321e-06,-4.694005e-06,4.435786e-06,7.477825e-01,7.652458e-01,7.497611e-01,6.811308e-01
8.900000e-12,5.178458e-07,-4.681454e-06,-5.475822e-06,4.974114e-06,7.478553e-01,7.646041e-01,7.489936e-01,6.818474e-01
8.950000e-12,6.813556e-07,-5.423152e-06,-6.108201e-06,5.538112e-06,7.479486e-01,7.638410e-01,7.481192e-01,6.826472e-01
9.000000e-12,8.902011e-07,-6.035335e-06,-6.584657e-06,6.112268e-06,7.480698e-01,7.629753e-01,7.471607e-01,6.835329e-01
9.050000e-12,1.135619e-06,-6.511850e-06,-6.901187e-06,6.681492e-06,7.482253e-01,7.620272e-01,7.461423e-01,6.845049e-01
9.100000e-12,1.408686e-06,-6.848543e-06,-7.056315e-06,7.231435e-06,7.484198e-01,7.610175e-01,7.450881e-01,6.855613e-01
9.150000e-12,1.700511e-06,-7.043302e-06,-7.051084e-06,7.748767e-06,7.486568e-01,7.599675e-01,7.440225e-01,6.866983e-01
9.200000e-12,2.002411e-06,-7.096080e-06,-6.889020e-06,8.221437e-06,7.489387e-01,7.588988e-01,7.429696e-01,6.879100e-01
9.250000e-12,2.306081e-06,-7.008870e-06,-6.576043e-06,8.638888e-06,7.492662e-01,7.578327e-01,7.419526e-01,6.891888e-01
9.300000e-12,2.603745e-06,-6.785668e-06,-6.120355e-06,8.992236e-06,7.496391e-01,7.567901e-01,7.409937e-01,6.905259e-01
9.350000e-12,2.888287e-06,-6.432397e-06,-5.532277e-06,9.274404e-06,7.500559e-01,7.557910e-01,7.401137e-01,6.919110e-01
9.400000e-12,3.153365e-06,-5.956803e-06,-4.824064e-06,9.480214e-06,7.505143e-01,7.548546e-01,7.393318e-01,6.933328e-01
9.450000e-12,3.393502e-06,-5.368327e-06,-4.009679e-06,9.606434e-06,7.510107e-01,7.539988e-01,7.386650e-01,6.947798e-01
9.500000e-12,3.604154e-06,-4.677953e-06,-3.104550e-06,9.651778e-06,7.515413e-01,7.532397e-01,7.381283e-01,6.962397e-01
9.550000e-12,3.781750e-06,-3.898026e-06,-2.125299e-06,9.616867e-06,7.521012e-01,7.525919e-01,7.377342e-01,6.977003e-01
9.600000e-12,3.923720e-06,-3.042059e-06,-1.089456e-06,9.504147e-06,7.526852e-01,7.520678e-01,7.374924e-01,6.991498e-01
9.650000e-12,4.028489e-06,-2.124518e-06,-1.515599e-08,9.317767e-06,7.532879e-01,7.516780e-01,7.374103e-01,7.005768e-01
9.700000e-12,4.095455e-06,-1.160594e-06,1.079161e-06,9.063429e-06,7.539036e-01,7.514304e-01,7.374922e-01,7.019704e-01
9.750000e-12,4.124945e-06,-1.659684e-07,2.175060e-06,8.748204e-06,7.545266e-01,7.513311e-01,7.377399e-01,7.033210e-01
9.800000e-12,4.118152e-06,8.434336e-07,3.254418e-06,8.380324e-06,7.551514e-01,7.513835e-01,7.381520e-01,7.046200e-01
9.850000e-12,4.077058e-06,1.851685e-06,4.299711e-06,7.968959e-06,7.557726e-01,7.515884e-01,7.387249e-01,7.058601e-01
9.900000e-12,4.004342e-06,2.843101e-06,5.294299e-06,7.523973e-06,7.563853e-01,7.519447e-01,7.394521e-01,7.070356e-01
9.950000e-12,3.903275e-06,3.802476e-06,6.222682e-06,7.055681e-06,7.569848e-01,7.524486e-01,7.403247e-01,7.081420e-01
1.000000e-11,3.777609e-06,4.715308e-06,7.070740e-06,6.574597e-06,7.575673e-01,7.530942e-01,7.413318e-01,7.091767e-01
1.005000e-11,3.631458e-06,5.568018e-06,7.825937e-06,6.091188e-06,7.581293e-01,7.538733e-01,7.424601e-01,7.101386e-01
1.010000e-11,3.469182e-06,6.348138e-06,8.477504e-06,5.615635e-06,7.586679e-01,7.547760e-01,7.436949e-01,7.110280e-01
1.015000e-11,3.295260e-06,7.044496e-06,9.016580e-06,5.157611e-06,7.591813e-01,7.557904e-01,7.450197e-01,7.118468e-01
1.020000e-11,3.114179e-06,7.647365e-06,9.436322e-06,4.726074e-06,7.596678e-01,7.569031e-01,7.464170e-01,7.125984e-01
1.025000e-11,2.930317e-06,8.148594e-06,9.731977e-06,4.329082e-06,7.601268e-01,7.580993e-01,7.478685e-01,7.132874e-01
1.030000e-11,2.747842e-06,8.541712e-06,9.900919e-06,3.973632e-06,7.605581e-01,7.593632e-01,7.493552e-01,7.139196e-01
1.035000e-11,2.570615e-06,8.822000e-06,9.942647e-06,3.665536e-06,7.609622e-01,7.606780e-01,7.508578e-01,7.145016e-01
1.040000e-11,2.402109e-06,8.986540e-06,9.858748e-06,3.409313e-06,7.613402e-01,7.620265e-01,7.523571e-01,7.150409e-01
1.045000e-11,2.245337e-06,9.034235e-06,9.652826e-06,3.208127e-06,7.616936e-01,7.633910e-01,7.538346e-01,7.155456e-01
1.050000e-11,2.102796e-06,8.965792e-06,9.330397e-06,3.063744e-06,7.620244e-01,7.647539e-01,7.552721e-01,7.160241e-01
1.055000e-11,1.976426e-06,8.783689e-06,8.898757e-06,2.976535e-06,7.623349e-01,7.660979e-01,7.566526e-01,7.164851e-01
1.060000e-11,1.867585e-06,8.492106e-06,8.366821e-06,2.945501e-06,7.626275e-01,7.674060e-01,7.579602e-01,7.169371e-01
1.065000e-11,1.777039e-06,8.096837e-06,7.744941e-06,2.968331e-06,7.629050e-01,7.686621e-01,7.591805e-01,7.173884e-01
1.070000e-11,1.704964e-06,7.605172e-06,7.044699e-06,3.041488e-06,7.631702e-01,7.698511e-01,7.603008e-01,7.178469e-01
1.075000e-11,1.650967e-06,7.025765e-06,6.278695e-06,3.160323e-06,7.634258e-01,7.709591e-01,7.613102e-01,7.183198e-01
1.080000e-11,1.614121e-06,6.368481e-06,5.460309e-06,3.319210e-06,7.636745e-01,7.719734e-01,7.621997e-01,7.188136e-01
1.085000e-11,1.593006e-06,5.644222e-06,4.603469e-06,3.511699e-06,7.639188e-01,7.728832e-01,7.629624e-01,7.193339e-01
1.090000e-11,1.585767e-06,4.864747e-06,3.722407e-06,3.730685e-06,7.641608e-01,7.736792e-01,7.635937e-01,7.198852e-01
1.095000e-11,1.590181e-06,4.042475e-06,2.831417e-06,3.968588e-06,7.644025e-01,7.743539e-01,7.640909e-01,7.204709e-01
1.100000e-11,1.603728e-06,3.190292e-06,1.944623e-06,4.217545e-06,7.646456e-01,7.749020e-01,7.644536e-01,7.210934e-01
1.105000e-11,1.623673e-06,2.321340e-06,1.075749e-06,4.469592e-06,7.648910e-01,7.753198e-01,7.646835e-01,7.217535e-01
1.110000e-11,1.647142e-06,1.448814e-06,2.379013e-07,4.716858e-06,7.651397e-01,7.756058e-01,7.647842e-01,7.224513e-01
1.115000e-11,1.671214e-06,5.857602e-07,-5.566283e-07,4.951745e-06,7.653918e-01,7.757605e-01,7.647614e-01,7.231855e-01
1.120000e-11,1.692995e-06,-2.551212e-07,-1.296548e-06,5.167099e-06,7.656473e-01,7.757862e-01,7.646224e-01,7.239535e-01
1.125000e-11,1.709709e-06,-1.061667e-06,-1.971729e-06,5.356372e-06,7.659057e-01,7.756872e-01,7.643764e-01,7.247521e-01
1.130000e-11,1.718766e-06,-1.822430e-06,-2.573340e-06,5.513757e-06,7.661659e-01,7.754696e-01,7.640338e-01,7.255767e-01
1.135000e-11,1.717835e-06,-2.526841e-06,-3.093968e-06,5.634318e-06,7.664266e-01,7.751412e-01,7.636062e-01,7.264222e-01
1.140000e-11,1.704911e-06,-3.165363e-06,-3.527701e-06,5.714083e-06,7.666862e-01,7.747111e-01,7.631064e-01,7.272828e-01
1.145000e-11,1.678361e-06,-3.729621e-06,-3.870193e-06,5.750125e-06,7.669427e-01,7.741900e-01,7.625478e-01,7.281521e-01
1.150000e-11,1.636973e-06,-4.212514e-06,-4.118698e-06,5.740608e-06,7.671940e-01,7.735896e-01,7.619444e-01,7.290233e-01
1.155000e-11,1.579988e-06,-4.608308e-06,-4.272075e-06,5.684820e-06,7.674378e-01,7.729228e-01,7.613106e-01,7.298895e-01
1.160000e-11,1.507119e-06,-4.912705e-06,-4.330766e-06,5.583164e-06,7.676717e-01,7.722029e-01,7.606607e-01,7.307437e-01
1.165000e-11,1.418561e-06,-5.122888e-06,-4.296754e-06,5.437138e-06,7.678934e-01,7.714441e-01,7.600089e-01,7.315791e-01
1.170000e-11,1.314987e-06,-5.237546e-06,-4.173487e-06,5.249285e-06,7.681005e-01,7.706606e-01,7.593689e-01,7.323893e-01
1.175000e-11,1.197537e-06,-5.256871e-06,-3.965784e-06,5.023118e-06,7.682908e-01,7.698671e-01,7.587539e-01,7.331681e-01
1.180000e-11,1.067785e-06,-5.182534e-06,-3.679719e-06,4.763030e-06,7.684624e-01,7.690776e-01,7.581762e-01,7.339101e-01
1.185000e-11,9.277087e-07,-5.017636e-06,-3.322489e-06,4.474181e-06,7.686135e-01,7.683063e-01,7.576471e-01,7.346106e-01
1.190000e-11,7.796386e-07,-4.766639e-06,-2.902258e-06,4.162371e-06,7.687429e-01,7.675664e-01,7.571768e-01,7.352657e-01
1.195000e-11,6.262052e-07,-4.435275e-06,-2.427998e-06,3.833905e-06,7.688494e-01,7.668705e-01,7.567741e-01,7.358724e-01
1.200000e-11,4.702761e-07,-4.030438e-06,-1.909316e-06,3.495439e-06,7.689326e-01,7.662303e-01,7.564465e-01,7.364287e-01
1.205000e-11,3.148875e-07,-3.560053e-06,-1.356269e-06,3.153829e-06,7.689922e-01,7.656564e-01,7.561999e-01,7.369335e-01
1.210000e-11,1.631732e-07,-3.032937e-06,-7.791869e-07,2.815978e-06,7.690286e-01,7.651578e-01,7.560388e-01,7.373870e-01
1.215000e-11,1.828877e-08,-2.458642e-06,-1.884865e-07,2.488674e-06,7.690425e-01,7.647426e-01,7.559660e-01,7.377902e-01
1.220000e-11,-1.166628e-07,-1.847292e-06,4.055071e-07,2.178446e-06,7.690354e-01,7.644171e-01,7.559828e-01,7.381453e-01
1.225000e-11,-2.387064e-07,-1.209413e-06,9.927328e-07,1.891414e-06,7.690088e-01,7.641862e-01,7.560889e-01,7.384552e-01
1.230000e-11,-3.450657e-07,-5.557537e-07,1.563558e-06,1.633164e-06,7.689650e-01,7.640529e-01,7.562827e-01,7.387239e-01
1.235000e-11,-4.332319e-07,1.028892e-07,2.108927e-06,1.408624e-06,7.689065e-01,7.640189e-01,7.565609e-01,7.389562e-01
1.240000e-11,-5.010246e-07,7.558451e-07,2.620500e-06,1.221960e-06,7.688363e-01,7.640841e-01,7.569190e-01,7.391574e-01
1.245000e-11,-5.466475e-07,1.392740e-06,3.090774e-06,1.076493e-06,7.687575e-01,7.642469e-01,7.573514e-01,7.393335e-01
1.250000e-11,-5.687343e-07,2.003660e-06,3.513179e-06,9.746332e-07,7.686737e-01,7.645041e-01,7.578514e-01,7.394909e-01
1.255000e-11,-5.663862e-07,2.579300e-06,3.882166e-06,9.178298e-07,7.685883e-01,7.648511e-01,7.584113e-01,7.396363e-01
1.260000e-11,-5.391991e-07,3.111107e-06,4.193263e-06,9.065503e-07,7.685053e-01,7.652818e-01,7.590226e-01,7.397766e-01
1.265000e-11,-4.872797e-07,3.591399e-06,4.443120e-06,9.402764e-07,7.684282e-01,7.657892e-01,7.596764e-01,7.399186e-01
1.270000e-11,-4.112508e-07,4.013480e-06,4.629526e-06,1.017522e-06,7.683609e-01,7.663648e-01,7.603632e-01,7.400690e-01
1.275000e-11,-3.122456e-07,4.371723e-06,4.751407e-06,1.135872e-06,7.683068e-01,7.669994e-01,7.610734e-01,7.402342e-01
1.280000e-11,-1.918903e-07,4.661644e-06,4.808808e-06,1.292044e-06,7.682694e-01,7.676832e-01,7.617972e-01,7.404201e-01
1.285000e-11,-5.227641e-08,4.879948e-06,4.802851e-06,1.481959e-06,7.682516e-01,7.684053e-01,7.625249e-01,7.406322e-01
1.290000e-11,1.040771e-07,5.024563e-06,4.735677e-06,1.700842e-06,7.682562e-01,7.691550e-01,7.632472e-01,7.408751e-01
1.295000e-11,2.742711e-07,5.094646e-06,4.610374e-06,1.943322e-06,7.682855e-01,7.699208e-01,7.639549e-01,7.411529e-01
1.300000e-11,4.550821e-07,5.090570e-06,4.430891e-06,2.203559e-06,7.683414e-01,7.706917e-01,7.646395e-01,7.414687e-01
1.305000e-11,6.430248e-07,5.013896e-06,4.201937e-06,2.475363e-06,7.684252e-01,7.714565e-01,7.652934e-01,7.418247e-01
1.310000e-11,8.344209e-07,4.867318e-06,3.928871e-06,2.752336e-06,7.685376e-01,7.722044e-01,7.659092e-01,7.422221e-01
1.315000e-11,1.025472e-06,4.654600e-06,3.617593e-06,3.028004e-06,7.686789e-01,7.729252e-01,7.664809e-01,7.426613e-01
1.320000e-11,1.212335e-06,4.380488e-06,3.274413e-06,3.295957e-06,7.688488e-01,7.736091e-01,7.670031e-01,7.431415e-01
1.325000e-11,1.391201e-06,4.050614e-06,2.905939e-06,3.549981e-06,7.690464e-01,7.742473e-01,7.674715e-01,7.436612e-01
1.330000e-11,1.558370e-06,3.671385e-06,2.518941e-06,3.784191e-06,7.692701e-01,7.748319e-01,7.678828e-01,7.442176e-01
1.335000e-11,1.710326e-06,3.249861e-06,2.120239e-06,3.993149e-06,7.695178e-01,7.753560e-01,7.682346e-01,7.448076e-01
1.340000e-11,1.843810e-06,2.793629e-06,1.716580e-06,4.171976e-06,7.697872e-01,7.758136e-01,7.685258e-01,7.454268e-01
1.345000e-11,1.955886e-06,2.310667e-06,1.314526e-06,4.316447e-06,7.700751e-01,7.762002e-01,7.687560e-01,7.460704e-01
1.350000e-11,2.043999e-06,1.809205e-06,9.203514e-07,4.423075e-06,7.703781e-01,7.765123e-01,7.689259e-01,7.467329e-01
1.355000e-11,2.106031e-06,1.297586e-06,5.399456e-07,4.489179e-06,7.706924e-01,7.767477e-01,7.690372e-01,7.474084e-01
1.360000e-11,2.140344e-06,7.841316e-07,1.787294e-07,4.512929e-06,7.710139e-01,7.769056e-01,7.690925e-01,7.480907e-01
1.365000e-11,2.145813e-06,2.770021e-07,-1.584185e-07,4.493381e-06,7.713384e-01,7.769863e-01,7.690948e-01,7.487732e-01
1.370000e-11,2.121852e-06,-2.159282e-07,-4.672225e-07,4.430484e-06,7.716615e-01,7.769914e-01,7.690483e-01,7.494495e-01
1.375000e-11,2.068429e-06,-6.871947e-07,-7.440576e-07,4.325078e-06,7.719787e-01,7.769234e-01,7.689574e-01,7.501129e-01
1.380000e-11,1.986068e-06,-1.129855e-06,-9.859837e-07,4.178865e-06,7.722856e-01,7.767864e-01,7.688273e-01,7.507574e-01
1.385000e-11,1.875839e-06,-1.537588e-06,-1.190767e-06,3.994370e-06,7.725779e-01,7.765849e-01,7.686633e-01,7.513767e-01
1.390000e-11,1.739347e-06,-1.904787e-06,-1.356887e-06,3.774881e-06,7.728515e-01,7.763249e-01,7.684712e-01,7.519655e-01
1.395000e-11,1.578693e-06,-2.226633e-06,-1.483532e-06,3.524373e-06,7.731026e-01,7.760127e-01,7.682569e-01,7.525188e-01
1.400000e-11,1.396446e-06,-2.499155e-06,-1.570581e-06,3.247425e-06,7.733277e-01,7.756555e-01,7.680264e-01,7.530321e-01
1.405000e-11,1.195587e-06,-2.719278e-06,-1.618574e-06,2.949119e-06,7.735239e-01,7.752610e-01,7.677856e-01,7.535019e-01
1.410000e-11,9.794585e-07,-2.884853e-06,-1.628676e-06,2.634935e-06,7.736885e-01,7.748373e-01,7.675404e-01,7.539254e-01
1.415000e-11,7.517028e-07,-2.994669e-06,-1.602623e-06,2.310633e-06,7.738195e-01,7.743927e-01,7.672963e-01,7.543006e-01
1.420000e-11,5.161906e-07,-3.048454e-06,-1.542672e-06,1.982141e-06,7.739154e-01,7.739358e-01,7.670587e-01,7.546264e-01
1.425000e-11,2.769515e-07,-3.046858e-06,-1.451529e-06,1.655428e-06,7.739754e-01,7.734749e-01,7.668325e-01,7.549027e-01
1.430000e-11,3.809772e-08,-2.991422e-06,-1.332290e-06,1.336387e-06,7.739993e-01,7.730183e-01,7.666222e-01,7.551301e-01
1.435000e-11,-1.962526e-07,-2.884527e-06,-1.188362e-06,1.030718e-06,7.739874e-01,7.725739e-01,7.664317e-01,7.553103e-01
1.440000e-11,-4.220518e-07,-2.729340e-06,-1.023392e-06,7.438175e-07,7.739407e-01,7.721493e-01,7.662645e-01,7.554457e-01
1.445000e-11,-6.353987e-07,-2.529742e-06,-8.411877e-07,4.806692e-07,7.738607e-01,7.717516e-01,7.661236e-01,7.555395e-01
1.450000e-11,-8.326105e-07,-2.290245e-06,-6.456496e-07,2.457536e-07,7.737498e-01,7.713870e-01,7.660113e-01,7.555957e-01
1.455000e-11,-1.010292e-06,-2.015902e-06,-4.406929e-07,4.296212e-08,7.736104e-01,7.710613e-01,7.659292e-01,7.556188e-01
1.460000e-11,-1.165397e-06,-1.712211e-06,-2.301814e-07,-1.244742e-07,7.734460e-01,7.707794e-01,7.658785e-01,7.556139e-01
1.465000e-11,-1.295285e-06,-1.385012e-06,-1.786159e-08,-2.540418e-07,7.732599e-01,7.705451e-01,7.658598e-01,7.555865e-01
1.470000e-11,-1.397773e-06,-1.040377e-06,1.926954e-07,-3.439870e-07,7.730564e-01,7.703616e-01,7.658731e-01,7.555425e-01
1.475000e-11,-1.471170e-06,-6.845084e-07,3.981473e-07,-3.933428e-07,7.728395e-01,7.702311e-01,7.659178e-01,7.554880e-01
1.480000e-11,-1.514309e-06,-3.236266e-07,5.954259e-07,-4.019393e-07,7.726138e-01,7.701549e-01,7.659930e-01,7.554292e-01
1.485000e-11,-1.526570e-06,3.613268e-08,7.817755e-07,-3.703988e-07,7.723840e-01,7.701331e-01,7.660973e-01,7.553720e-01
1.490000e-11,-1.507889e-06,3.888206e-07,9.547828e-07,-3.001149e-07,7.721547e-01,7.701652e-01,7.662288e-01,7.553226e-01
1.495000e-11,-1.458758e-06,7.287704e-07,1.112400e-06,-1.932160e-07,7.719305e-01,7.702497e-01,7.663852e-01,7.552865e-01
1.500000e-11,-1.380212e-06,1.050686e-06,1.252956e-06,-5.251544e-08,7.717159e-01,7.703843e-01,7.665643e-01,7.552692e-01
1.505000e-11,-1.273814e-06,1.349721e-06,1.375169e-06,1.185521e-07,7.715154e-01,7.705659e-01,7.667633e-01,7.552754e-01
1.510000e-11,-1.141620e-06,1.621550e-06,1.478136e-06,3.160051e-07,7.713329e-01,7.707907e-01,7.669793e-01,7.553095e-01
1.515000e-11,-9.861405e-07,1.862426e-06,1.561333e-06,5.354002e-07,7.711722e-01,7.710542e-01,7.672095e-01,7.553751e-01
1.520000e-11,-8.102938e-07,2.069229e-06,1.624594e-06,7.719250e-07,7.710366e-01,7.713517e-01,7.674507e-01,7.554751e-01
1.525000e-11,-6.173506e-07,2.239503e-06,1.668094e-06,1.020497e-06,7.709289e-01,7.716776e-01,7.677001e-01,7.556119e-01
1.530000e-11,-4.108722e-07,2.371477e-06,1.692319e-06,1.275867e-06,7.708513e-01,7.720265e-01,7.679546e-01,7.557866e-01
1.535000e-11,-1.946441e-07,2.464074e-06,1.698041e-06,1.532724e-06,7.708058e-01,7.723923e-01,7.682115e-01,7.560002e-01
1.540000e-11,2.739400e-08,2.516916e-06,1.686279e-06,1.785798e-06,7.707934e-01,7.727692e-01,7.684679e-01,7.562522e-01
1.545000e-11,2.512214e-07,2.530303e-06,1.658266e-06,2.029967e-06,7.708147e-01,7.731511e-01,7.687213e-01,7.565418e-01
1.550000e-11,4.728099e-07,2.505190e-06,1.615409e-06,2.260350e-06,7.708697e-01,7.735322e-01,7.689694e-01,7.568673e-01
1.555000e-11,6.881975e-07,2.443157e-06,1.559254e-06,2.472403e-06,7.709577e-01,7.739066e-01,7.692100e-01,7.572262e-01
1.560000e-11,8.935600e-07,2.346354e-06,1.491445e-06,2.661998e-06,7.710775e-01,7.742691e-01,7.694413e-01,7.576155e-01
1.565000e-11,1.085280e-06,2.217456e-06,1.413686e-06,2.825504e-06,7.712274e-01,7.746145e-01,7.696616e-01,7.580314e-01
1.570000e-11,1.260010e-06,2.059595e-06,1.327707e-06,2.959845e-06,7.714050e-01,7.749383e-01,7.698695e-01,7.584698e-01
1.575000e-11,1.414735e-06,1.876297e-06,1.235230e-06,3.062553e-06,7.716075e-01,7.752362e-01,7.700639e-01,7.589262e-01
1.580000e-11,1.546818e-06,1.671404e-06,1.137938e-06,3.131808e-06,7.718316e-01,7.755048e-01,7.702439e-01,7.593955e-01
1.585000e-11,1.654053e-06,1.449007e-06,1.037447e-06,3.166463e-06,7.720739e-01,7.757411e-01,7.704090e-01,7.598726e-01
1.590000e-11,1.734693e-06,1.213360e-06,9.352850e-07,3.166053e-06,7.723303e-01,7.759428e-01,7.705588e-01,7.603523e-01
1.595000e-11,1.787487e-06,9.688034e-07,8.328692e-07,3.130798e-06,7.725969e-01,7.761081e-01,7.706931e-01,7.608293e-01
1.600000e-11,1.811690e-06,7.196912e-07,7.314920e-07,3.061584e-06,7.728692e-01,7.762361e-01,7.708119e-01,7.612984e-01
1.605000e-11,1.807076e-06,4.703105e-07,6.323093e-07,2.959937e-06,7.731430e-01,7.763264e-01,7.709156e-01,7.617546e-01
1.610000e-11,1.773937e-06,2.248119e-07,5.363329e-07,2.827981e-06,7.734140e-01,7.763793e-01,7.710044e-01,7.621931e-01
1.615000e-11,1.713072e-06,-1.285814e-08,4.444267e-07,2.668392e-06,7.736778e-01,7.763956e-01,7.710791e-01,7.626095e-01
1.620000e-11,1.625767e-06,-2.390191e-07,3.573073e-07,2.484330e-06,7.739304e-01,7.763769e-01,7.711402e-01,7.629999e-01
1.625000e-11,1.513771e-06,-4.503112e-07,2.755470e-07,2.279375e-06,7.741679e-01,7.763250e-01,7.711884e-01,7.633610e-01
1.630000e-11,1.379253e-06,-6.437438e-07,1.995808e-07,2.057451e-06,7.743868e-01,7.762425e-01,7.712247e-01,7.636897e-01
1.635000e-11,1.224765e-06,-8.167344e-07,1.297152e-07,1.822742e-06,7.745838e-01,7.761323e-01,7.712500e-01,7.639839e-01
1.640000e-11,1.053187e-06,-9.671412e-07,6.613937e-08,1.579608e-06,7.747561e-01,7.759976e-01,7.712651e-01,7.642419e-01
1.645000e-11,8.676737e-07,-1.093285e-06,8.938463e-09,1.332498e-06,7.749014e-01,7.758420e-01,7.712710e-01,7.644629e-01
1.650000e-11,6.715964e-07,-1.193962e-06,-4.189283e-08,1.085865e-06,7.750179e-01,7.756691e-01,7.712688e-01,7.646465e-01
1.655000e-11,4.684769e-07,-1.268453e-06,-8.643528e-08,8.440760e-07,7.751042e-01,7.754831e-01,7.712592e-01,7.647933e-01
1.660000e-11,2.619238e-07,-1.316514e-06,-1.248303e-07,6.113343e-07,7.751595e-01,7.752877e-01,7.712434e-01,7.649041e-01
1.665000e-11,5.556630e-08,-1.338368e-06,-1.572655e-07,3.915987e-07,7.751835e-01,7.750870e-01,7.712222e-01,7.649807e-01
1.670000e-11,-1.470111e-07,-1.334685e-06,-1.839603e-07,1.885130e-07,7.751767e-01,7.748849e-01,7.711965e-01,7.650253e-01
1.675000e-11,-3.423327e-07,-1.306550e-06,-2.051535e-07,5.341373e-09,7.751397e-01,7.746853e-01,7.711672e-01,7.650407e-01
1.680000e-11,-5.270932e-07,-1.255438e-06,-2.210918e-07,-1.550869e-07,7.750740e-01,7.744915e-01,7.711350e-01,7.650302e-01
1.685000e-11,-6.982148e-07,-1.183164e-06,-2.320196e-07,-2.904244e-07,7.749814e-01,7.743071e-01,7.711008e-01,7.649972e-01
1.690000e-11,-8.528998e-07,-1.091847e-06,-2.381714e-07,-3.988410e-07,7.748641e-01,7.741351e-01,7.710653e-01,7.649458e-01
1.695000e-11,-9.886779e-07,-9.838567e-07,-2.397657e-07,-4.790502e-07,7.747249e-01,7.739781e-01,7.710291e-01,7.648802e-01
1.700000e-11,-1.103446e-06,-8.617631e-07,-2.370009e-07,-5.303227e-07,7.745667e-01,7.738385e-01,7.709931e-01,7.648046e-01
1.705000e-11,-1.195504e-06,-7.282840e-07,-2.300539e-07,-5.524908e-07,7.743929e-01,7.737181e-01,7.709578e-01,7.647234e-01
1.710000e-11,-1.263574e-06,-5.862299e-07,-2.190795e-07,-5.459403e-07,7.742070e-01,7.736187e-01,7.709238e-01,7.646411e-01
1.715000e-11,-1.306827e-06,-4.384502e-07,-2.042130e-07,-5.115927e-07,7.740127e-01,7.735411e-01,7.708918e-01,7.645618e-01
1.720000e-11,-1.324885e-06,-2.877807e-07,-1.855736e-07,-4.508771e-07,7.738137e-01,7.734861e-01,7.708623e-01,7.644897e-01
1.725000e-11,-1.317823e-06,-1.369926e-07,-1.632696e-07,-3.656928e-07,7.736139e-01,7.734539e-01,7.708360e-01,7.644287e-01
1.730000e-11,-1.286166e-06,1.125546e-08,-1.374047e-07,-2.583635e-07,7.734170e-01,7.734443e-01,7.708133e-01,7.643821e-01
1.735000e-11,-1.230868e-06,1.544609e-07,-1.080851e-07,-1.315845e-07,7.732267e-01,7.734567e-01,7.707948e-01,7.643533e-01
1.740000e-11,-1.153290e-06,2.903172e-07,-7.542746e-08,1.163727e-08,7.730465e-01,7.734903e-01,7.707809e-01,7.643449e-01
1.745000e-11,-1.055176e-06,4.167476e-07,-3.956693e-08,1.680466e-07,7.728795e-01,7.735437e-01,7.707723e-01,7.643591e-01
1.750000e-11,-9.386047e-07,5.319348e-07,-6.648470e-10,3.342082e-07,7.727288e-01,7.736154e-01,7.707694e-01,7.643977e-01
1.755000e-11,-8.059586e-07,6.343433e-07,4.108360e-08,5.065766e-07,7.725969e-01,7.737035e-01,7.707726e-01,7.644618e-01
1.760000e-11,-6.598692e-07,7.227364e-07,8.544272e-08,6.815661e-07,7.724862e-01,7.738061e-01,7.707823e-01,7.645523e-01
1.765000e-11,-5.031684e-07,7.961869e-07,1.321306e-07,8.556213e-07,7.723983e-01,7.739209e-01,7.707989e-01,7.646691e-01
1.770000e-11,-3.388341e-07,8.540811e-07,1.808149e-07,1.025285e-06,7.723346e-01,7.740457e-01,7.708228e-01,7.648118e-01
1.775000e-11,-1.699337e-07,8.961173e-07,2.311098e-07,1.187260e-06,7.722962e-01,7.741781e-01,7.708541e-01,7.649797e-01
1.780000e-11,4.327685e-10,9.222982e-07,2.825750e-07,1.338476e-06,7.722835e-01,7.743156e-01,7.708932e-01,7.651712e-01
1.785000e-11,1.691892e-07,9.329178e-07,3.347164e-07,1.476133e-06,7.722963e-01,7.744559e-01,7.709401e-01,7.653846e-01
1.790000e-11,3.333391e-07,9.285431e-07,3.869887e-07,1.597761e-06,7.723344e-01,7.745968e-01,7.709950e-01,7.656175e-01
1.795000e-11,4.900182e-07,9.099917e-07,4.388000e-07,1.701251e-06,7.723967e-01,7.747359e-01,7.710577e-01,7.658675e-01
1.800000e-11,6.365449e-07,8.783054e-07,4.895180e-07,1.784893e-06,7.724820e-01,7.748712e-01,7.711282e-01,7.661316e-01
1.805000e-11,7.704658e-07,8.347201e-07,5.384784e-07,1.847395e-06,7.725884e-01,7.750008e-01,7.712062e-01,7.664067e-01
1.810000e-11,8.895961e-07,7.806337e-07,5.849946e-07,1.887904e-06,7.727140e-01,7.751231e-01,7.712915e-01,7.666896e-01
1.815000e-11,9.920555e-07,7.175722e-07,6.283690e-07,1.906008e-06,7.728563e-01,7.752366e-01,7.713835e-01,7.669770e-01
1.820000e-11,1.076296e-06,6.471542e-07,6.679055e-07,1.901734e-06,7.730128e-01,7.753399e-01,7.714819e-01,7.672654e-01
1.825000e-11,1.141127e-06,5.710556e-07,7.029226e-07,1.875541e-06,7.731805e-01,7.754322e-01,7.715859e-01,7.675515e-01
1.830000e-11,1.185728e-06,4.909742e-07,7.327678e-07,1.828295e-06,7.733565e-01,7.755127e-01,7.716947e-01,7.678320e-01
1.835000e-11,1.209656e-06,4.085959e-07,7.568317e-07,1.761246e-06,7.735377e-01,7.755809e-01,7.718077e-01,7.681039e-01
1.840000e-11,1.212853e-06,3.255621e-07,7.745618e-07,1.675995e-06,7.737210e-01,7.756366e-01,7.719238e-01,7.683643e-01
1.845000e-11,1.195633e-06,2.434395e-07,7.854771e-07,1.574453e-06,7.739031e-01,7.756799e-01,7.720420e-01,7.686106e-01
1.850000e-11,1.158674e-06,1.636927e-07,7.891802e-07,1.458797e-06,7.740812e-01,7.757109e-01,7.721614e-01,7.688404e-01
1.855000e-11,1.102999e-06,8.766014e-08,7.853695e-07,1.331422e-06,7.742523e-01,7.757301e-01,7.722807e-01,7.690519e-01
1.860000e-11,1.029948e-06,1.653340e-08,7.738501e-07,1.194890e-06,7.744137e-01,7.757381e-01,7.723989e-01,7.692434e-01
1.865000e-11,9.411512e-07,-4.865947e-08,7.545414e-07,1.051874e-06,7.745628e-01,7.757359e-01,7.725147e-01,7.694138e-01
1.870000e-11,8.384919e-07,-1.070666e-07,7.274849e-07,9.051052e-07,7.746974e-01,7.757243e-01,7.726270e-01,7.695622e-01
1.875000e-11,7.240683e-07,-1.580210e-07,6.928478e-07,7.573189e-07,7.748156e-01,7.757045e-01,7.727346e-01,7.696884e-01
1.880000e-11,6.001514e-07,-2.010447e-07,6.509257e-07,6.112010e-07,7.749158e-01,7.756775e-01,7.728364e-01,7.697924e-01
1.885000e-11,4.691398e-07,-2.358488e-07,6.021417e-07,4.693375e-07,7.749967e-01,7.756446e-01,7.729313e-01,7.698746e-01
1.890000e-11,3.335136e-07,-2.623306e-07,5.470434e-07,3.341669e-07,7.750575e-01,7.756071e-01,7.730183e-01,7.699358e-01
1.895000e-11,1.957882e-07,-2.805651e-07,4.862978e-07,2.079368e-07,7.750975e-01,7.755661e-01,7.730966e-01,7.699773e-01
1.900000e-11,5.846692e-08,-2.907950e-07,4.206825e-07,9.266501e-08,7.751168e-01,7.755230e-01,7.731653e-01,7.700005e-01
1.905000e-11,-7.600395e-08,-2.934164e-07,3.510755e-07,-9.893234e-09,7.751155e-01,7.754789e-01,7.732238e-01,7.700073e-01
1.910000e-11,-2.052789e-07,-2.889622e-07,2.784424e-07,-9.827283e-08,7.750943e-01,7.754350e-01,7.732714e-01,7.699996e-01
1.915000e-11,-3.271543e-07,-2.780836e-07,2.038210e-07,-1.713196e-07,7.750541e-01,7.753922e-01,7.733080e-01,7.699796e-01
1.920000e-11,-4.396054e-07,-2.615295e-07,1.283055e-07,-2.282046e-07,7.749962e-01,7.753514e-01,7.733332e-01,7.699499e-01
1.925000e-11,-5.408206e-07,-2.401248e-07,5.302726e-08,-2.684316e-07,7.749221e-01,7.753135e-01,7.733469e-01,7.699128e-01
1.930000e-11,-6.292297e-07,-2.147477e-07,-2.086371e-08,-2.918383e-07,7.748337e-01,7.752791e-01,7.733494e-01,7.698709e-01
1.935000e-11,-7.035286e-07,-1.863079e-07,-9.221935e-08,-2.985900e-07,7.747329e-01,7.752488e-01,7.733409e-01,7.698266e-01
1.940000e-11,-7.626972e-07,-1.557235e-07,-1.599139e-07,-2.891684e-07,7.746221e-01,7.752229e-01,7.733218e-01,7.697826e-01
1.945000e-11,-8.060127e-07,-1.239000e-07,-2.228644e-07,-2.643530e-07,7.745035e-01,7.752017e-01,7.732929e-01,7.697412e-01
1.950000e-11,-8.330571e-07,-9.170972e-08,-2.800508e-07,-2.251986e-07,7.743796e-01,7.751854e-01,7.732549e-01,7.697045e-01
1.955000e-11,-8.437183e-07,-5.997350e-08,-3.305353e-07,-1.730063e-07,7.742529e-01,7.751738e-01,7.732088e-01,7.696748e-01
1.960000e-11,-8.381861e-07,-2.944381e-08,-3.734804e-07,-1.092923e-07,7.741257e-01,7.751670e-01,7.731556e-01,7.696538e-01
1.965000e-11,-8.169424e-07,-7.904759e-10,-4.081648e-07,-3.575182e-08,7.740006e-01,7.751647e-01,7.730965e-01,7.696432e-01
1.970000e-11,-7.807463e-07,2.541113e-08,-4.339988e-07,4.577916e-08,7.738798e-01,7.751665e-01,7.730328e-01,7.696443e-01
1.975000e-11,-7.306142e-07,4.868925e-08,-4.505357e-07,1.333635e-07,7.737656e-01,7.751720e-01,7.729660e-01,7.696582e-01
1.980000e-11,-6.677959e-07,6.868198e-08,-4.574819e-07,2.250038e-07,7.736598e-01,7.751808e-01,7.728974e-01,7.696856e-01
1.985000e-11,-5.937460e-07,8.514077e-08,-4.547037e-07,3.186835e-07,7.735645e-01,7.751923e-01,7.728284e-01,7.697270e-01
1.990000e-11,-5.100933e-07,9.793094e-08,-4.422317e-07,4.124070e-07,7.734810e-01,7.752061e-01,7.727607e-01,7.697826e-01
1.995000e-11,-4.186061e-07,1.070295e-07,-4.202611e-07,5.042382e-07,7.734108e-01,7.752215e-01,7.726955e-01,7.698522e-01
2.000000e-11,-3.211573e-07,1.125204e-07,-3.891505e-07,5.923373e-07,7.733549e-01,7.752381e-01,7.726344e-01,7.699354e-01
2.005000e-11,-2.196864e-07,1.145872e-07,-3.494163e-07,6.749939e-07,7.733140e-01,7.752552e-01,7.725786e-01,7.700315e-01
2.010000e-11,-1.161628e-07,1.135036e-07,-3.017247e-07,7.506574e-07,7.732886e-01,7.752724e-01,7.725295e-01,7.701395e-01
2.015000e-11,-1.254781e-08,1.096222e-07,-2.468809e-07,8.179628e-07,7.732788e-01,7.752892e-01,7.724881e-01,7.702584e-01
2.020000e-11,8.924107e-08,1.033617e-07,-1.858156e-07,8.757524e-07,7.732846e-01,7.753053e-01,7.724555e-01,7.703867e-01
2.025000e-11,1.873654e-07,9.519241e-08,-1.195690e-07,9.230924e-07,7.733055e-01,7.753203e-01,7.724325e-01,7.705230e-01
2.030000e-11,2.800980e-07,8.562156e-08,-4.927260e-08,9.592853e-07,7.733409e-01,7.753340e-01,7.724198e-01,7.706656e-01
2.035000e-11,3.658531e-07,7.517778e-08,2.387045e-08,9.838764e-07,7.733897e-01,7.753462e-01,7.724180e-01,7.708128e-01
2.040000e-11,4.432123e-07,6.439552e-08,9.860669e-08,9.966553e-07,7.734509e-01,7.753567e-01,7.724274e-01,7.709628e-01
2.045000e-11,5.109476e-07,5.379978e-08,1.736545e-07,9.976537e-07,7.735230e-01,7.753657e-01,7.724481e-01,7.711138e-01
2.050000e-11,5.680400e-07,4.389149e-08,2.477272e-07,9.871365e-07,7.736046e-01,7.753732e-01,7.724801e-01,7.712641e-01
2.055000e-11,6.136937e-07,3.513386e-08,3.195554e-07,9.655901e-07,7.736939e-01,7.753792e-01,7.725232e-01,7.714120e-01
2.060000e-11,6.473458e-07,2.794004e-08,3.879103e-07,9.337058e-07,7.737893e-01,7.753840e-01,7.725768e-01,7.715559e-01
2.065000e-11,6.686717e-07,2.266232e-08,4.516254e-07,8.923597e-07,7.738888e-01,7.753880e-01,7.726404e-01,7.716943e-01
2.070000e-11,6.775853e-07,1.958309e-08,5.096172e-07,8.425898e-07,7.739906e-01,7.753912e-01,7.727132e-01,7.718257e-01
2.075000e-11,6.742353e-07,1.890784e-08,5.609043e-07,7.855699e-07,7.740928e-01,7.753942e-01,7.727943e-01,7.719491e-01
2.080000e-11,6.589965e-07,2.076021e-08,6.046253e-07,7.225821e-07,7.741936e-01,7.753974e-01,7.728826e-01,7.720634e-01
2.085000e-11,6.324578e-07,2.517927e-08,6.400534e-07,6.549878e-07,7.742913e-01,7.754009e-01,7.729768e-01,7.721679e-01
2.090000e-11,5.954055e-07,3.211899e-08,6.666093e-07,5.841979e-07,7.743842e-01,7.754054e-01,7.730758e-01,7.722618e-01
2.095000e-11,5.488042e-07,4.144995e-08,6.838708e-07,5.116426e-07,7.744707e-01,7.754111e-01,7.731780e-01,7.723450e-01
2.100000e-11,4.937738e-07,5.296315e-08,6.915802e-07,4.387424e-07,7.745496e-01,7.754183e-01,7.732822e-01,7.724171e-01
2.105000e-11,4.315651e-07,6.637587e-08,6.896477e-07,3.668792e-07,7.746196e-01,7.754275e-01,7.733867e-01,7.724784e-01
2.110000e-11,3.635323e-07,8.133932e-08,6.781528e-07,2.973702e-07,7.746797e-01,7.754388e-01,7.734903e-01,7.725289e-01
2.115000e-11,2.911055e-07,9.744799e-08,6.573413e-07,2.314430e-07,7.747292e-01,7.754524e-01,7.735913e-01,7.725692e-01
2.120000e-11,2.157611e-07,1.142504e-07,6.276206e-07,1.702134e-07,7.747676e-01,7.754685e-01,7.736886e-01,7.725998e-01
2.125000e-11,1.389931e-07,1.312608e-07,5.895513e-07,1.146664e-07,7.747945e-01,7.754872e-01,7.737807e-01,7.726217e-01
2.130000e-11,6.228378e-08,1.479723e-07,5.438357e-07,6.564029e-08,7.748097e-01,7.755084e-01,7.738665e-01,7.726356e-01
2.135000e-11,-1.292380e-08,1.638696e-07,4.913051e-07,2.381434e-08,7.748135e-01,7.755320e-01,7.739449e-01,7.726426e-01
2.140000e-11,-8.525265e-08,1.784426e-07,4.329030e-07,-1.030031e-08,7.748061e-01,7.755580e-01,7.740149e-01,7.726440e-01
2.145000e-11,-1.534164e-07,1.911999e-07,3.696682e-07,-3.636557e-08,7.747881e-01,7.755860e-01,7.740756e-01,7.726407e-01
2.150000e-11,-2.162417e-07,2.016816e-07,3.027148e-07,-5.421793e-08,7.747602e-01,7.756158e-01,7.741265e-01,7.726341e-01
2.155000e-11,-2.726879e-07,2.094713e-07,2.332121e-07,-6.386626e-08,7.747233e-01,7.756469e-01,7.741671e-01,7.726255e-01
2.160000e-11,-3.218633e-07,2.142077e-07,1.623625e-07,-6.548620e-08,7.746784e-01,7.756790e-01,7.741971e-01,7.726160e-01
2.165000e-11,-3.630395e-07,2.155940e-07,9.138026e-08,-5.941124e-08,7.746267e-01,7.757115e-01,7.742164e-01,7.726068e-01
2.170000e-11,-3.956601e-07,2.134065e-07,2.146918e-08,-4.612091e-08,7.745694e-01,7.757440e-01,7.742249e-01,7.725990e-01
2.175000e-11,-4.193483e-07,2.075017e-07,-4.619877e-08,-2.622620e-08,7.745078e-01,7.757758e-01,7.742231e-01,7.725938e-01
2.180000e-11,-4.339086e-07,1.978202e-07,-1.105042e-07,-4.528459e-10,7.744433e-01,7.758065e-01,7.742113e-01,7.725920e-01
2.185000e-11,-4.393269e-07,1.843908e-07,-1.704000e-07,3.037735e-08,7.743773e-01,7.758354e-01,7.741901e-01,7.725945e-01
2.190000e-11,-4.357656e-07,1.673305e-07,-2.249290e-07,6.536657e-08,7.743112e-01,7.758620e-01,7.741603e-01,7.726019e-01
2.195000e-11,-4.235563e-07,1.468434e-07,-2.732408e-07,1.035620e-07,7.742462e-01,7.758857e-01,7.741227e-01,7.726149e-01
2.200000e-11,-4.031893e-07,1.232182e-07,-3.146051e-07,1.439773e-07,7.741838e-01,7.759061e-01,7.740783e-01,7.726338e-01
2.205000e-11,-3.752994e-07,9.682215e-08,-3.484241e-07,1.856144e-07,7.741249e-01,7.759227e-01,7.740282e-01,7.726589e-01
2.210000e-11,-3.406508e-07,6.809477e-08,-3.742412e-07,2.274843e-07,7.740708e-01,7.759351e-01,7.739736e-01,7.726903e-01
2.215000e-11,-3.001180e-07,3.753882e-08,-3.917477e-07,2.686277e-07,7.740224e-01,7.759431e-01,7.739157e-01,7.727280e-01
2.220000e-11,-2.546668e-07,5.710251e-09,-4.007862e-07,3.081340e-07,7.739804e-01,7.759463e-01,7.738558e-01,7.727718e-01
2.225000e-11,-2.053326e-07,-2.679322e-08,-4.013517e-07,3.451588e-07,7.739456e-01,7.759446e-01,7.737952e-01,7.728213e-01
2.230000e-11,-1.531985e-07,-5.934462e-08,-3.935893e-07,3.789393e-07,7.739185e-01,7.759381e-01,7.737351e-01,7.728762e-01
2.235000e-11,-9.937305e-08,-9.130090e-08,-3.777899e-07,4.088081e-07,7.738994e-01,7.759267e-01,7.736768e-01,7.729359e-01
2.240000e-11,-4.496746e-08,-1.220166e-07,-3.543823e-07,4.342038e-07,7.738885e-01,7.759105e-01,7.736215e-01,7.729998e-01
2.245000e-11,8.925867e-09,-1.508578e-07,-3.239239e-07,4.546797e-07,7.738858e-01,7.758898e-01,7.735703e-01,7.730671e-01
2.250000e-11,6.125458e-08,-1.772158e-07,-2.870884e-07,4.699093e-07,7.738911e-01,7.758650e-01,7.735241e-01,7.731372e-01
2.255000e-11,1.110260e-07,-2.005202e-07,-2.446519e-07,4.796896e-07,7.739041e-01,7.758364e-01,7.734839e-01,7.732091e-01
2.260000e-11,1.573253e-07,-2.202520e-07,-1.974770e-07,4.839414e-07,7.739244e-01,7.758045e-01,7.734505e-01,7.732821e-01
2.265000e-11,1.993314e-07,-2.359546e-07,-1.464960e-07,4.827070e-07,7.739513e-01,7.757700e-01,7.734246e-01,7.733553e-01
2.270000e-11,2.363309e-07,-2.472446e-07,-9.269289e-08,4.761454e-07,7.739842e-01,7.757335e-01,7.734065e-01,7.734280e-01
2.275000e-11,2.677296e-07,-2.538205e-07,-3.708408e-08,4.645254e-07,7.740223e-01,7.756956e-01,7.733968e-01,7.734992e-01
2.280000e-11,2.930610e-07,-2.554700e-07,1.930010e-08,4.482163e-07,7.740647e-01,7.756571e-01,7.733955e-01,7.735684e-01
2.285000e-11,3.119923e-07,-2.520754e-07,7.543472e-08,4.276766e-07,7.741104e-01,7.756187e-01,7.734027e-01,7.736347e-01
2.290000e-11,3.243279e-07,-2.436170e-07,1.303187e-07,4.034419e-07,7.741585e-01,7.755813e-01,7.734183e-01,7.736977e-01
2.295000e-11,3.300094e-07,-2.301748e-07,1.829929e-07,3.761106e-07,7.742080e-01,7.755455e-01,7.734420e-01,7.737568e-01
2.300000e-11,3.291135e-07,-2.119278e-07,2.325566e-07,3.463294e-07,7.742578e-01,7.755121e-01,7.734735e-01,7.738116e-01
2.305000e-11,3.218470e-07,-1.891514e-07,2.781828e-07,3.147774e-07,7.743070e-01,7.754818e-01,7.735121e-01,7.738617e-01
2.310000e-11,3.085391e-07,-1.622128e-07,3.191323e-07,2.821514e-07,7.743546e-01,7.754553e-01,7.735573e-01,7.739070e-01
2.315000e-11,2.896320e-07,-1.315643e-07,3.547655e-07,2.491492e-07,7.743999e-01,7.754331e-01,7.736084e-01,7.739474e-01
2.320000e-11,2.656690e-07,-9.773536e-08,3.845519e-07,2.164555e-07,7.744418e-01,7.754158e-01,7.736643e-01,7.739827e-01
2.325000e-11,2.372809e-07,-6.132253e-08,4.080777e-07,1.847269e-07,7.744799e-01,7.754038e-01,7.737243e-01,7.740132e-01
2.330000e-11,2.051713e-07,-2.297805e-08,4.250515e-07,1.545788e-07,7.745133e-01,7.753975e-01,7.737873e-01,7.740390e-01
2.335000e-11,1.701003e-07,1.660247e-08,4.353065e-07,1.265732e-07,7.745417e-01,7.753971e-01,7.738524e-01,7.740605e-01
2.340000e-11,1.328680e-07,5.669356e-08,4.388015e-07,1.012081e-07,7.745646e-01,7.754027e-01,7.739186e-01,7.740779e-01
2.345000e-11,9.429709e-08,9.655391e-08,4.356187e-07,7.890864e-08,7.745818e-01,7.754143e-01,7.739847e-01,7.740917e-01
2.350000e-11,5.521579e-08,1.354408e-07,4.259597e-07,6.002004e-08,7.745931e-01,7.754319e-01,7.740499e-01,7.741023e-01
2.355000e-11,1.644076e-08,1.726246e-07,4.101393e-07,4.480224e-08,7.745986e-01,7.754553e-01,7.741132e-01,7.741104e-01
2.360000e-11,-2.123911e-08,2.074032e-07,3.885770e-07,3.342691e-08,7.745982e-01,7.754841e-01,7.741737e-01,7.741165e-01
2.365000e-11,-5.707809e-08,2.391154e-07,3.617871e-07,2.597612e-08,7.745923e-01,7.755179e-01,7.742305e-01,7.741212e-01
2.370000e-11,-9.038775e-08,2.671544e-07,3.303670e-07,2.244323e-08,7.745812e-01,7.755562e-01,7.742829e-01,7.741250e-01
2.375000e-11,-1.205496e-07,2.909796e-07,2.949841e-07,2.273545e-08,7.745653e-01,7.755985e-01,7.743302e-01,7.741286e-01
2.380000e-11,-1.470261e-07,3.101270e-07,2.563624e-07,2.667840e-08,7.745451e-01,7.756440e-01,7.743719e-01,7.741325e-01
2.385000e-11,-1.693693e-07,3.242187e-07,2.152669e-07,3.402216e-08,7.745212e-01,7.756920e-01,7.744077e-01,7.741372e-01
2.390000e-11,-1.872287e-07,3.329704e-07,1.724894e-07,4.444888e-08,7.744943e-01,7.757417e-01,7.744370e-01,7.741433e-01
2.395000e-11,-2.003551e-07,3.361969e-07,1.288324e-07,5.758166e-08,7.744650e-01,7.757923e-01,7.744599e-01,7.741512e-01
2.400000e-11,-2.086039e-07,3.338160e-07,8.509418e-08,7.299437e-08,7.744341e-01,7.758430e-01,7.744761e-01,7.741612e-01
2.405000e-11,-2.119356e-07,3.258501e-07,4.205425e-08,9.022244e-08,7.744024e-01,7.758929e-01,7.744858e-01,7.741736e-01
2.410000e-11,-2.104139e-07,3.124262e-07,4.590237e-10,1.087741e-07,7.743705e-01,7.759412e-01,7.744891e-01,7.741888e-01
2.415000e-11,-2.042021e-07,2.937731e-07,-3.899115e-08,1.281418e-07,7.743392e-01,7.759870e-01,7.744862e-01,7.742069e-01
2.420000e-11,-1.935572e-07,2.702176e-07,-7.565395e-08,1.478140e-07,7.743091e-01,7.760297e-01,7.744776e-01,7.742278e-01
2.425000e-11,-1.788229e-07,2.421779e-07,-1.089556e-07,1.672866e-07,7.742810e-01,7.760684e-01,7.744637e-01,7.742518e-01
2.430000e-11,-1.604199e-07,2.101561e-07,-1.383998e-07,1.860734e-07,7.742554e-01,7.761026e-01,7.744450e-01,7.742786e-01
2.435000e-11,-1.388358e-07,1.747281e-07,-1.635752e-07,2.037170e-07,7.742328e-01,7.761317e-01,7.744222e-01,7.743082e-01
2.440000e-11,-1.146134e-07,1.365330e-07,-1.841606e-07,2.197977e-07,7.742136e-01,7.761552e-01,7.743960e-01,7.743403e-01
2.445000e-11,-8.833825e-08,9.626102e-08,-1.999288e-07,2.339420e-07,7.741983e-01,7.761728e-01,7.743670e-01,7.743747e-01
2.450000e-11,-6.062519e-08,5.464003e-08,-2.107483e-07,2.458297e-07,7.741870e-01,7.761842e-01,7.743360e-01,7.744111e-01
2.455000e-11,-3.210529e-08,1.242205e-08,-2.165832e-07,2.551993e-07,7.741800e-01,7.761893e-01,7.743037e-01,7.744490e-01
2.460000e-11,-3.412125e-09,-2.963111e-08,-2.174915e-07,2.618531e-07,7.741774e-01,7.761880e-01,7.742709e-01,7.744882e-01
2.465000e-11,2.483140e-08,-7.076218e-08,-2.136207e-07,2.656591e-07,7.741790e-01,7.761804e-01,7.742383e-01,7.745282e-01
2.470000e-11,5.202589e-08,-1.102327e-07,-2.052034e-07,2.665530e-07,7.741848e-01,7.761667e-01,7.742067e-01,7.745685e-01
2.475000e-11,7.760745e-08,-1.473368e-07,-1.925499e-07,2.645378e-07,7.741946e-01,7.761472e-01,7.741767e-01,7.746087e-01
2.480000e-11,1.010587e-07,-1.814144e-07,-1.760404e-07,2.596820e-07,7.742081e-01,7.761223e-01,7.741488e-01,7.746485e-01
2.485000e-11,1.219188e-07,-2.118634e-07,-1.561154e-07,2.521167e-07,7.742249e-01,7.760926e-01,7.741237e-01,7.746872e-01
2.490000e-11,1.397915e-07,-2.381509e-07,-1.332663e-07,2.420313e-07,7.742447e-01,7.760585e-01,7.741019e-01,7.747247e-01
2.495000e-11,1.543527e-07,-2.598225e-07,-1.080234e-07,2.296679e-07,7.742669e-01,7.760209e-01,7.740836e-01,7.747604e-01
2.500000e-11,1.653554e-07,-2.765112e-07,-8.094590e-08,2.153147e-07,7.742911e-01,7.759803e-01,7.740694e-01,7.747941e-01
2.505000e-11,1.726334e-07,-2.879430e-07,-5.260922e-08,1.992988e-07,7.743166e-01,7.759376e-01,7.740593e-01,7.748256e-01
2.510000e-11,1.761031e-07,-2.939423e-07,-2.359416e-08,1.819779e-07,7.743430e-01,7.758936e-01,7.740535e-01,7.748545e-01
2.515000e-11,1.757638e-07,-2.944342e-07,5.524691e-09,1.637321e-07,7.743696e-01,7.758491e-01,7.740522e-01,7.748807e-01
2.520000e-11,1.716961e-07,-2.894454e-07,3.418978e-08,1.449545e-07,7.743958e-01,7.758050e-01,7.740552e-01,7.749041e-01
2.525000e-11,1.640585e-07,-2.791036e-07,6.187082e-08,1.260427e-07,7.744212e-01,7.757620e-01,7.740624e-01,7.749247e-01
2.530000e-11,1.530825e-07,-2.636337e-07,8.807418e-08,1.073899e-07,7.744452e-01,7.757210e-01,7.740738e-01,7.749424e-01
2.535000e-11,1.390667e-07,-2.433537e-07,1.123513e-07,8.937622e-08,7.744672e-01,7.756826e-01,7.740889e-01,7.749574e-01
2.540000e-11,1.223690e-07,-2.186677e-07,1.343060e-07,7.236065e-08,7.744870e-01,7.756477e-01,7.741076e-01,7.749697e-01
2.545000e-11,1.033979e-07,-1.900582e-07,1.536005e-07,5.667364e-08,7.745040e-01,7.756168e-01,7.741294e-01,7.749795e-01
2.550000e-11,8.260335e-08,-1.580758e-07,1.699599e-07,4.261045e-08,7.745181e-01,7.755905e-01,7.741538e-01,7.749871e-01
2.555000e-11,6.046606e-08,-1.233292e-07,1.831758e-07,3.042533e-08,7.745289e-01,7.755693e-01,7.741806e-01,7.749927e-01
2.560000e-11,3.748720e-08,-8.647319e-08,1.931083e-07,2.032681e-08,7.745363e-01,7.755534e-01,7.742090e-01,7.749967e-01
2.565000e-11,1.417731e-08,-4.819565e-08,1.996859e-07,1.247405e-08,7.745402e-01,7.755433e-01,7.742387e-01,7.749993e-01
2.570000e-11,-8.954531e-09,-9.204955e-09,2.029052e-07,6.974318e-09,7.745406e-01,7.755389e-01,7.742692e-01,7.750008e-01
2.575000e-11,-3.141149e-08,2.978361e-08,2.028283e-07,3.881645e-09,7.745375e-01,7.755405e-01,7.742999e-01,7.750017e-01
2.580000e-11,-5.271916e-08,6.806126e-08,1.995797e-07,3.196698e-09,7.745312e-01,7.755479e-01,7.743303e-01,7.750024e-01
2.585000e-11,-7.243523e-08,1.049388e-07,1.933414e-07,4.867771e-09,7.745217e-01,7.755610e-01,7.743601e-01,7.750031e-01
2.590000e-11,-9.015823e-08,1.397593e-07,1.843473e-07,8.792907e-09,7.745094e-01,7.755796e-01,7.743886e-01,7.750042e-01
2.595000e-11,-1.055354e-07,1.719102e-07,1.728770e-07,1.482306e-08,7.744947e-01,7.756031e-01,7.744157e-01,7.750061e-01
2.600000e-11,-1.182691e-07,2.008340e-07,1.592484e-07,2.276622e-08,7.744778e-01,7.756313e-01,7.744408e-01,7.750090e-01
2.605000e-11,-1.281227e-07,2.260384e-07,1.438101e-07,3.239234e-08,7.744591e-01,7.756636e-01,7.744638e-01,7.750133e-01
2.610000e-11,-1.349240e-07,2.471044e-07,1.269333e-07,4.343907e-08,7.744393e-01,7.756994e-01,7.744843e-01,7.750191e-01
2.615000e-11,-1.385684e-07,2.636941e-07,1.090034e-07,5.561797e-08,7.744186e-01,7.757381e-01,7.745021e-01,7.750266e-01
2.620000e-11,-1.390197e-07,2.755552e-07,9.041196e-08,6.862125e-08,7.743976e-01,7.757789e-01,7.745173e-01,7.750361e-01
2.625000e-11,-1.363100e-07,2.825255e-07,7.154815e-08,8.212873e-08,7.743769e-01,7.758211e-01,7.745295e-01,7.750476e-01
2.630000e-11,-1.305380e-07,2.845347e-07,5.279135e-08,9.581498e-08,7.743567e-01,7.758640e-01,7.745390e-01,7.750611e-01
2.635000e-11,-1.218662e-07,2.816045e-07,3.450354e-08,1.093564e-07,7.743376e-01,7.759068e-01,7.745456e-01,7.750767e-01
2.640000e-11,-1.105160e-07,2.738473e-07,1.702256e-08,1.224381e-07,7.743201e-01,7.759488e-01,7.745496e-01,7.750943e-01
2.645000e-11,-9.676274e-08,2.614632e-07,6.561172e-10,1.347606e-07,7.743044e-01,7.759893e-01,7.745509e-01,7.751138e-01
2.650000e-11,-8.092910e-08,2.447349e-07,-1.432345e-08,1.460459e-07,7.742910e-01,7.760276e-01,7.745500e-01,7.751351e-01
2.655000e-11,-6.337748e-08,2.240216e-07,-2.768351e-08,1.560429e-07,7.742801e-01,7.760630e-01,7.745468e-01,7.751580e-01
2.660000e-11,-4.450203e-08,1.997515e-07,-3.923443e-08,1.645324e-07,7.742720e-01,7.760951e-01,7.745418e-01,7.751823e-01
2.665000e-11,-2.471996e-08,1.724127e-07,-4.883193e-08,1.713315e-07,7.742668e-01,7.761232e-01,7.745352e-01,7.752078e-01
2.670000e-11,-4.462502e-09,1.425436e-07,-5.637837e-08,1.762961e-07,7.742646e-01,7.761470e-01,7.745273e-01,7.752341e-01
2.675000e-11,1.583428e-08,1.107218e-07,-6.182305e-08,1.793242e-07,7.742655e-01,7.761662e-01,7.745184e-01,7.752611e-01
2.680000e-11,3.573865e-08,7.755330e-08,-6.516146e-08,1.803565e-07,7.742694e-01,7.761804e-01,7.745088e-01,7.752883e-01
2.685000e-11,5.483212e-08,4.366054e-08,-6.643363e-08,1.793773e-07,7.742762e-01,7.761896e-01,7.744989e-01,7.753156e-01
2.690000e-11,7.271803e-08,9.670614e-09,-6.572157e-08,1.764140e-07,7.742859e-01,7.761936e-01,7.744889e-01,7.753425e-01
2.695000e-11,8.902952e-08,-2.379650e-08,-6.314590e-08,1.715358e-07,7.742981e-01,7.761926e-01,7.744792e-01,7.753689e-01
2.700000e-11,1.034368e-07,-5.613940e-08,-5.886182e-08,1.648511e-07,7.743127e-01,7.761865e-01,7.744700e-01,7.753944e-01
2.705000e-11,1.156534e-07,-8.678625e-08,-5.305439e-08,1.565052e-07,7.743292e-01,7.761757e-01,7.744616e-01,7.754187e-01
2.710000e-11,1.254419e-07,-1.152050e-07,-4.593341e-08,1.466759e-07,7.743475e-01,7.761604e-01,7.744541e-01,7.754417e-01
2.715000e-11,1.326179e-07,-1.409129e-07,-3.772792e-08,1.355694e-07,7.743670e-01,7.761411e-01,7.744478e-01,7.754631e-01
2.720000e-11,1.370534e-07,-1.634846e-07,-2.868046e-08,1.234158e-07,7.743874e-01,7.761181e-01,7.744428e-01,7.754827e-01
2.725000e-11,1.386788e-07,-1.825593e-07,-1.904125e-08,1.104631e-07,7.744082e-01,7.760919e-01,7.744392e-01,7.755004e-01
2.730000e-11,1.374835e-07,-1.978468e-07,-9.062391e-09,9.697240e-08,7.744291e-01,7.760631e-01,7.744371e-01,7.755161e-01
2.735000e-11,1.335155e-07,-2.091315e-07,1.007771e-09,8.321164e-08,7.744496e-01,7.760324e-01,7.744365e-01,7.755298e-01
2.740000e-11,1.268798e-07,-2.162755e-07,1.093001e-08,6.945019e-08,7.744692e-01,7.760002e-01,7.744374e-01,7.755414e-01
2.745000e-11,1.177355e-07,-2.192200e-07,2.047919e-08,5.595303e-08,7.744877e-01,7.759673e-01,7.744397e-01,7.755509e-01
2.750000e-11,1.062919e-07,-2.179851e-07,2.944878e-08,4.297535e-08,7.745046e-01,7.759342e-01,7.744435e-01,7.755585e-01
2.755000e-11,9.280355e-08,-2.126680e-07,3.765476e-08,3.075738e-08,7.745197e-01,7.759017e-01,7.744486e-01,7.755641e-01
2.760000e-11,7.756470e-08,-2.034405e-07,4.493897e-08,1.951967e-08,7.745326e-01,7.758702e-01,7.744548e-01,7.755680e-01
2.765000e-11,6.090265e-08,-1.905438e-07,5.117167e-08,9.458837e-09,7.745430e-01,7.758404e-01,7.744621e-01,7.755702e-01
2.770000e-11,4.317071e-08,-1.742835e-07,5.625347e-08,7.439473e-10,7.745509e-01,7.758129e-01,7.744702e-01,7.755710e-01
2.775000e-11,2.474068e-08,-1.550224e-07,6.011644e-08,-6.486498e-09,7.745560e-01,7.757880e-01,7.744790e-01,7.755706e-01
2.780000e-11,5.995041e-09,-1.331730e-07,6.272456e-08,-1.212686e-08,7.745583e-01,7.757662e-01,7.744883e-01,7.755693e-01
2.785000e-11,-1.268099e-08,-1.091886e-07,6.407330e-08,-1.610593e-08,7.745578e-01,7.757479e-01,7.744979e-01,7.755672e-01
2.790000e-11,-3.090735e-08,-8.355415e-08,6.418867e-08,-1.838774e-08,7.745545e-01,7.757333e-01,7.745076e-01,7.755646e-01
2.795000e-11,-4.831685e-08,-5.677690e-08,6.312543e-08,-1.897166e-08,7.745485e-01,7.757227e-01,7.745172e-01,7.755619e-01
2.800000e-11,-6.456247e-08,-2.937600e-08,6.096482e-08,-1.789171e-08,7.745400e-01,7.757162e-01,7.745266e-01,7.755591e-01
2.805000e-11,-7.932427e-08,-1.872742e-09,5.781170e-08,-1.521515e-08,7.745291e-01,7.757138e-01,7.745356e-01,7.755567e-01
2.810000e-11,-9.231554e-08,2.521937e-08,5.379125e-08,-1.104053e-08,7.745161e-01,7.757156e-01,7.745440e-01,7.755547e-01
2.815000e-11,-1.032883e-07,5.140419e-08,4.904529e-08,-5.494941e-09,7.745013e-01,7.757214e-01,7.745518e-01,7.755535e-01
2.820000e-11,-1.120379e-07,7.621196e-08,4.372832e-08,1.269091e-09,7.744850e-01,7.757310e-01,7.745588e-01,7.755533e-01
2.825000e-11,-1.184066e-07,9.920776e-08,3.800341e-08,9.077298e-09,7.744676e-01,7.757443e-01,7.745650e-01,7.755541e-01
2.830000e-11,-1.222866e-07,1.199990e-07,3.203795e-08,1.773768e-08,7.744494e-01,7.757609e-01,7.745703e-01,7.755562e-01
2.835000e-11,-1.236213e-07,1.382424e-07,2.599949e-08,2.704482e-08,7.744308e-01,7.757804e-01,7.745747e-01,7.755596e-01
2.840000e-11,-1.224060e-07,1.536488e-07,2.005168e-08,3.678436e-08,7.744123e-01,7.758025e-01,7.745782e-01,7.755645e-01
2.845000e-11,-1.186874e-07,1.659888e-07,1.435032e-08,4.673760e-08,7.743940e-01,7.758266e-01,7.745808e-01,7.755708e-01
2.850000e-11,-1.125625e-07,1.750947e-07,9.039833e-09,5.668611e-08,7.743766e-01,7.758524e-01,7.745826e-01,7.755787e-01
2.855000e-11,-1.041753e-07,1.808636e-07,4.250033e-09,6.641612e-08,7.743602e-01,7.758793e-01,7.745837e-01,7.755880e-01
2.860000e-11,-9.371422e-08,1.832574e-07,9.330001e-11,7.572290e-08,7.743452e-01,7.759069e-01,7.745840e-01,7.755988e-01
2.865000e-11,-8.140730e-08,1.823024e-07,-3.337714e-09,8.441469e-08,7.743320e-01,7.759345e-01,7.745838e-01,7.756110e-01
2.870000e-11,-6.751737e-08,1.780879e-07,-5.971881e-09,9.231641e-08,7.743208e-01,7.759618e-01,7.745831e-01,7.756244e-01
2.875000e-11,-5.233637e-08,1.707628e-07,-7.760831e-09,9.927283e-08,7.743117e-01,7.759881e-01,7.745821e-01,7.756389e-01
2.880000e-11,-3.617913e-08,1.605318e-07,-8.679617e-09,1.051513e-07,7.743050e-01,7.760132e-01,7.745809e-01,7.756544e-01
2.885000e-11,-1.937688e-08,1.476503e-07,-8.726803e-09,1.098442e-07,7.743008e-01,7.760365e-01,7.745796e-01,7.756707e-01
2.890000e-11,-2.270341e-09,1.324188e-07,-7.923996e-09,1.132701e-07,7.742992e-01,7.760577e-01,7.745784e-01,7.756876e-01
2.895000e-11,1.479713e-08,1.151756e-07,-6.314829e-09,1.153754e-07,7.743002e-01,7.760764e-01,7.745773e-01,7.757049e-01
2.900000e-11,3.148649e-08,9.629023e-08,-3.963439e-09,1.161343e-07,7.743037e-01,7.760924e-01,7.745766e-01,7.757224e-01
2.905000e-11,4.746968e-08,7.615543e-08,-9.524893e-10,1.155493e-07,7.743097e-01,7.761054e-01,7.745762e-01,7.757400e-01
2.910000e-11,6.243614e-08,5.517912e-08,2.619223e-09,1.136497e-07,7.743180e-01,7.761154e-01,7.745764e-01,7.757573e-01
2.915000e-11,7.609873e-08,3.377638e-08,6.639496e-09,1.104912e-07,7.743285e-01,7.761221e-01,7.745771e-01,7.757743e-01
2.920000e-11,8.819924e-08,1.236125e-08,1.098573e-08,1.061536e-07,7.743409e-01,7.761256e-01,7.745784e-01,7.757907e-01
2.925000e-11,9.851319e-08,-8.661142e-09,1.552812e-08,1.007389e-07,7.743550e-01,7.761259e-01,7.745805e-01,7.758064e-01
2.930000e-11,1.068539e-07,-2.890219e-08,2.013300e-08,9.436843e-08,7.743705e-01,7.761231e-01,7.745832e-01,7.758212e-01
2.935000e-11,1.130758e-07,-4.799695e-08,2.466620e-08,8.718027e-08,7.743872e-01,7.761173e-01,7.745866e-01,7.758349e-01
2.940000e-11,1.170770e-07,-6.561066e-08,2.899636e-08,7.932576e-08,7.744046e-01,7.761087e-01,7.745906e-01,7.758475e-01
2.945000e-11,1.188003e-07,-8.144452e-08,3.299818e-08,7.096619e-08,7.744224e-01,7.760976e-01,7.745953e-01,7.758589e-01
2.950000e-11,1.182345e-07,-9.524069e-08,3.655541e-08,6.226928e-08,7.744403e-01,7.760842e-01,7.746006e-01,7.758690e-01
2.955000e-11,1.154136e-07,-1.067864e-07,3.956365e-08,5.340559e-08,7.744580e-01,7.760690e-01,7.746064e-01,7.758778e-01
2.960000e-11,1.104157e-07,-1.159171e-07,4.193280e-08,4.454494e-08,7.744750e-01,7.760521e-01,7.746125e-01,7.758853e-01
2.965000e-11,1.033611e-07,-1.225184e-07,4.358915e-08,3.585302e-08,7.744912e-01,7.760341e-01,7.746190e-01,7.758914e-01
2.970000e-11,9.440921e-08,-1.265275e-07,4.447708e-08,2.748809e-08,7.745062e-01,7.760153e-01,7.746257e-01,7.758962e-01
2.975000e-11,8.375505e-08,-1.279330e-07,4.456027e-08,1.959793e-08,7.745196e-01,7.759961e-01,7.746324e-01,7.758998e-01
2.980000e-11,7.162490e-08,-1.267742e-07,4.382249e-08,1.231710e-08,7.745314e-01,7.759768e-01,7.746391e-01,7.759022e-01
2.985000e-11,5.827149e-08,-1.231388e-07,4.226786e-08,5.764536e-09,7.745412e-01,7.759579e-01,7.746456e-01,7.759036e-01
2.990000e-11,4.396869e-08,-1.171607e-07,3.992073e-08,4.151471e-11,7.745489e-01,7.759398e-01,7.746518e-01,7.759041e-01
2.995000e-11,2.900583e-08,-1.090157e-07,3.682492e-08,-4.769944e-09,7.745544e-01,7.759227e-01,7.746576e-01,7.759038e-01
3.000000e-11,1.368182e-08,-9.891779e-08,3.304271e-08,-8.608257e-09,7.745576e-01,7.759069e-01,7.746629e-01,7.759028e-01
3.005000e-11,-1.700906e-09,-8.711351e-08,2.865324e-08,-1.143299e-08,7.745585e-01,7.758929e-01,7.746676e-01,7.759013e-01
3.010000e-11,-1.684232e-08,-7.387675e-08,2.375061e-08,-1.322514e-08,7.745571e-01,7.758807e-01,7.746715e-01,7.758995e-01
3.015000e-11,-3.145075e-08,-5.950262e-08,1.844169e-08,-1.398693e-08,7.745535e-01,7.758706e-01,7.746747e-01,7.758974e-01
3.020000e-11,-4.524847e-08,-4.430123e-08,1.284351e-08,-1.374121e-08,7.745477e-01,7.758628e-01,7.746771e-01,7.758954e-01
3.025000e-11,-5.797703e-08,-2.859124e-08,7.080573e-09,-1.253040e-08,7.745399e-01,7.758573e-01,7.746786e-01,7.758934e-01
3.030000e-11,-6.940206e-08,-1.269341e-08,1.281962e-09,-1.041514e-08,7.745302e-01,7.758541e-01,7.746792e-01,7.758917e-01
3.035000e-11,-7.931757e-08,3.075781e-09,-4.421684e-09,-7.472517e-09,7.745190e-01,7.758534e-01,7.746790e-01,7.758904e-01
3.040000e-11,-8.754969e-08,1.841021e-08,-9.901151e-09,-3.794020e-09,7.745064e-01,7.758550e-01,7.746779e-01,7.758896e-01
3.045000e-11,-9.395960e-08,3.301996e-08,-1.503162e-08,5.167084e-10,7.744927e-01,7.758589e-01,7.746760e-01,7.758893e-01
3.050000e-11,-9.844583e-08,4.663660e-08,-1.969550e-08,5.346352e-09,7.744781e-01,7.758649e-01,7.746734e-01,7.758898e-01
3.055000e-11,-1.009458e-07,5.901806e-08,-2.378513e-08,1.057451e-08,7.744630e-01,7.758729e-01,7.746701e-01,7.758910e-01
3.060000e-11,-1.014365e-07,6.995272e-08,-2.720516e-08,1.607638e-08,7.744477e-01,7.758827e-01,7.746662e-01,7.758931e-01
3.065000e-11,-9.993428e-08,7.926290e-08,-2.987475e-08,2.172542e-08,7.744325e-01,7.758939e-01,7.746619e-01,7.758959e-01
3.070000e-11,-9.649441e-08,8.680763e-08,-3.172937e-08,2.739603e-08,7.744177e-01,7.759065e-01,7.746573e-01,7.758997e-01
3.075000e-11,-9.120903e-08,9.248450e-08,-3.272222e-08,3.296607e-08,7.744035e-01,7.759200e-01,7.746524e-01,7.759043e-01
3.080000e-11,-8.420507e-08,9.623081e-08,-3.282531e-08,3.831929e-08,7.743902e-01,7.759343e-01,7.746475e-01,7.759097e-01
3.085000e-11,-7.564125e-08,9.802386e-08,-3.203005e-08,4.334754e-08,7.743782e-01,7.759490e-01,7.746426e-01,7.759159e-01
3.090000e-11,-6.570457e-08,9.788047e-08,-3.034746e-08,4.795276e-08,7.743675e-01,7.759638e-01,7.746379e-01,7.759228e-01
3.095000e-11,-5.460620e-08,9.585564e-08,-2.780793e-08,5.204867e-08,7.743584e-01,7.759784e-01,7.746335e-01,7.759304e-01
3.100000e-11,-4.257705e-08,9.204058e-08,-2.446057e-08,5.556222e-08,7.743510e-01,7.759927e-01,7.746296e-01,7.759385e-01
3.105000e-11,-2.986298e-08,8.656000e-08,-2.037207e-08,5.843466e-08,7.743456e-01,7.760062e-01,7.746262e-01,7.759472e-01
3.110000e-11,-1.671976e-08,7.956878e-08,-1.562535e-08,6.062235e-08,7.743420e-01,7.760187e-01,7.746235e-01,7.759562e-01
3.115000e-11,-3.407930e-09,7.124816e-08,-1.031766e-08,6.209715e-08,7.743405e-01,7.760301e-01,7.746215e-01,7.759655e-01
3.120000e-11,9.812340e-09,6.180144e-08,-4.558534e-09,6.284654e-08,7.743410e-01,7.760402e-01,7.746204e-01,7.759749e-01
3.125000e-11,2.268636e-08,5.144938e-08,1.532585e-09,6.287337e-08,7.743435e-01,7.760487e-01,7.746202e-01,7.759845e-01
3.130000e-11,3.496982e-08,4.042530e-08,7.828929e-09,6.219532e-08,7.743478e-01,7.760557e-01,7.746209e-01,7.759939e-01
3.135000e-11,4.643338e-08,2.897011e-08,1.419911e-08,6.084405e-08,7.743540e-01,7.760609e-01,7.746226e-01,7.760033e-01
3.140000e-11,5.686700e-08,1.732721e-08,2.050994e-08,5.886407e-08,7.743618e-01,7.760644e-01,7.746252e-01,7.760123e-01
3.145000e-11,6.608369e-08,5.737536e-09,2.662923e-08,5.631144e-08,7.743711e-01,7.760662e-01,7.746288e-01,7.760210e-01
3.150000e-11,7.392289e-08,-5.565260e-09,3.242865e-08,5.325215e-08,7.743817e-01,7.760662e-01,7.746333e-01,7.760294e-01
3.155000e-11,8.025315e-08,-1.635938e-08,3.778637e-08,4.976046e-08,7.743934e-01,7.760646e-01,7.746386e-01,7.760372e-01
3.160000e-11,8.497434e-08,-2.643910e-08,4.258967e-08,4.591706e-08,7.744058e-01,7.760613e-01,7.746447e-01,7.760444e-01
3.165000e-11,8.801908e-08,-3.561855e-08,4.673726e-08,4.180716e-08,7.744189e-01,7.760567e-01,7.746515e-01,7.760511e-01
3.170000e-11,8.935357e-08,-4.373504e-08,5.014139e-08,3.751852e-08,7.744323e-01,7.760507e-01,7.746588e-01,7.760571e-01
3.175000e-11,8.897778e-08,-5.065181e-08,5.272967e-08,3.313957e-08,7.744458e-01,7.760435e-01,7.746666e-01,7.760624e-01
3.180000e-11,8.692490e-08,-5.626018e-08,5.444652e-08,2.875744e-08,7.744591e-01,7.760355e-01,7.746747e-01,7.760671e-01
3.185000e-11,8.326018e-08,-6.048113e-08,5.525429e-08,2.445627e-08,7.744720e-01,7.760266e-01,7.746830e-01,7.760712e-01
3.190000e-11,7.807920e-08,-6.326617e-08,5.513398e-08,2.031544e-08,7.744842e-01,7.760173e-01,7.746913e-01,7.760746e-01
3.195000e-11,7.150549e-08,-6.459762e-08,5.408560e-08,1.640811e-08,7.744955e-01,7.760076e-01,7.746996e-01,7.760774e-01
3.200000e-11,6.368774e-08,-6.448824e-08,5.212809e-08,1.279983e-08,7.745057e-01,7.759979e-01,7.747076e-01,7.760796e-01
3.205000e-11,5.479643e-08,-6.298021e-08,4.929884e-08,9.547494e-09,7.745147e-01,7.759883e-01,7.747153e-01,7.760813e-01
3.210000e-11,4.502024e-08,-6.014360e-08,4.565288e-08,6.698353e-09,7.745222e-01,7.759790e-01,7.747225e-01,7.760826e-01
3.215000e-11,3.456200e-08,-5.607422e-08,4.126168e-08,4.289402e-09,7.745282e-01,7.759702e-01,7.747291e-01,7.760834e-01
3.220000e-11,2.363459e-08,-5.089108e-08,3.621157e-08,2.346933e-09,7.745326e-01,7.759621e-01,7.747349e-01,7.760839e-01
3.225000e-11,1.245654e-08,-4.473332e-08,3.060196e-08,8.863702e-10,7.745353e-01,7.759549e-01,7.747400e-01,7.760842e-01
3.230000e-11,1.247740e-09,-3.775691e-08,2.454320e-08,-8.767402e-11,7.745364e-01,7.759486e-01,7.747441e-01,7.760843e-01
3.235000e-11,-9.774913e-09,-3.013099e-08,1.815429e-08,-5.810968e-10,7.745357e-01,7.759435e-01,7.747474e-01,7.760843e-01
3.240000e-11,-2.040168e-08,-2.203407e-08,1.156041e-08,-6.097919e-10,7.745335e-01,7.759396e-01,7.747496e-01,7.760842e-01
3.245000e-11,-3.043399e-08,-1.365008e-08,4.890339e-09,-1.989345e-10,7.745296e-01,7.759369e-01,7.747509e-01,7.760841e-01
3.250000e-11,-3.968807e-08,-5.164449e-09,-1.726187e-09,6.179129e-10,7.745243e-01,7.759354e-01,7.747511e-01,7.760842e-01
3.255000e-11,-4.799838e-08,3.239822e-09,-8.161117e-09,1.799845e-09,7.745177e-01,7.759353e-01,7.747503e-01,7.760844e-01
3.260000e-11,-5.522047e-08,1.138590e-08,-1.429066e-08,3.299787e-09,7.745099e-01,7.759364e-01,7.747487e-01,7.760848e-01
3.265000e-11,-6.123347e-08,1.910667e-08,-1.999778e-08,5.065755e-09,7.745011e-01,7.759387e-01,7.747461e-01,7.760854e-01
3.270000e-11,-6.594211e-08,2.624803e-08,-2.517450e-08,7.042190e-09,7.744915e-01,7.759421e-01,7.747426e-01,7.760864e-01
3.275000e-11,-6.927807e-08,3.267178e-08,-2.972404e-08,9.171320e-09,7.744812e-01,7.759466e-01,7.747385e-01,7.760876e-01
3.280000e-11,-7.120091e-08,3.825819e-08,-3.356264e-08,1.139452e-08,7.744706e-01,7.759519e-01,7.747337e-01,7.760892e-01
3.285000e-11,-7.169840e-08,4.290806e-08,-3.662124e-08,1.365364e-08,7.744598e-01,7.759581e-01,7.747284e-01,7.760911e-01
3.290000e-11,-7.078624e-08,4.654440e-08,-3.884669e-08,1.589229e-08,7.744491e-01,7.759648e-01,7.747227e-01,7.760933e-01
3.295000e-11,-6.850731e-08,4.911349e-08,-4.020269e-08,1.805704e-08,7.744385e-01,7.759721e-01,7.747167e-01,7.760959e-01
3.300000e-11,-6.493036e-08,5.058553e-08,-4.067045e-08,2.009848e-08,7.744284e-01,7.759796e-01,7.747106e-01,7.760988e-01
3.305000e-11,-6.014820e-08,5.095474e-08,-4.024884e-08,2.197217e-08,7.744190e-01,7.759873e-01,7.747045e-01,7.761020e-01
3.310000e-11,-5.427550e-08,5.023895e-08,-3.895434e-08,2.363948e-08,7.744103e-01,7.759949e-01,7.746985e-01,7.761054e-01
3.315000e-11,-4.744614e-08,4.847870e-08,-3.682050e-08,2.506822e-08,7.744026e-01,7.760024e-01,7.746928e-01,7.761091e-01
3.320000e-11,-3.981027e-08,4.573593e-08,-3.389714e-08,2.623310e-08,7.743961e-01,7.760095e-01,7.746875e-01,7.761130e-01
3.325000e-11,-3.153108e-08,4.209219e-08,-3.024920e-08,2.711605e-08,7.743907e-01,7.760161e-01,7.746826e-01,7.761171e-01
3.330000e-11,-2.278139e-08,3.764648e-08,-2.595531e-08,2.770636e-08,7.743866e-01,7.760222e-01,7.746784e-01,7.761212e-01
3.335000e-11,-1.374007e-08,3.251282e-08,-2.110605e-08,2.800061e-08,7.743838e-01,7.760275e-01,7.746748e-01,7.761254e-01
3.340000e-11,-4.588449e-09,2.681753e-08,-1.580209e-08,2.800248e-08,7.743824e-01,7.760319e-01,7.746720e-01,7.761297e-01
3.345000e-11,4.493289e-09,2.069625e-08,-1.015202e-08,2.772236e-08,7.743824e-01,7.760355e-01,7.746701e-01,7.761339e-01
3.350000e-11,1.332962e-08,1.429091e-08,-4.270128e-09,2.717686e-08,7.743838e-01,7.760382e-01,7.746690e-01,7.761381e-01
3.355000e-11,2.175301e-08,7.746588e-09,1.725943e-09,2.638817e-08,7.743864e-01,7.760398e-01,7.746688e-01,7.761421e-01
3.360000e-11,2.960712e-08,1.208335e-09,7.717567e-09,2.538331e-08,7.743903e-01,7.760405e-01,7.746695e-01,7.761460e-01
3.365000e-11,3.674959e-08,-5.181867e-09,1.358752e-08,2.419330e-08,7.743953e-01,7.760402e-01,7.746711e-01,7.761498e-01
3.370000e-11,4.305464e-08,-1.128809e-08,1.922228e-08,2.285228e-08,7.744013e-01,7.760390e-01,7.746736e-01,7.761534e-01
3.375000e-11,4.841521e-08,-1.698321e-08,2.451427e-08,2.139656e-08,7.744083e-01,7.760368e-01,7.746769e-01,7.761567e-01
3.380000e-11,5.274472e-08,-2.215147e-08,2.936390e-08,1.986364e-08,7.744159e-01,7.760339e-01,7.746810e-01,7.761599e-01
3.385000e-11,5.597840e-08,-2.669070e-08,3.368148e-08,1.829132e-08,7.744241e-01,7.760302e-01,7.746858e-01,7.761628e-01
3.390000e-11,5.807416e-08,-3.051424e-08,3.738885e-08,1.671674e-08,7.744327e-01,7.760259e-01,7.746912e-01,7.761654e-01
3.395000e-11,5.901302e-08,-3.355250e-08,4.042083e-08,1.517546e-08,7.744416e-01,7.760210e-01,7.746971e-01,7.761678e-01
3.400000e-11,5.879899e-08,-3.575411e-08,4.272632e-08,1.370075e-08,7.744505e-01,7.760158e-01,7.747033e-01,7.761700e-01
3.405000e-11,5.745865e-08,-3.708669e-08,4.426916e-08,1.232276e-08,7.744593e-01,7.760103e-01,7.747099e-01,7.761720e-01
3.410000e-11,5.504014e-08,-3.753719e-08,4.502865e-08,1.106796e-08,7.744678e-01,7.760047e-01,7.747167e-01,7.761738e-01
3.415000e-11,5.161184e-08,-3.711180e-08,4.499975e-08,9.958590e-09,7.744759e-01,7.759990e-01,7.747235e-01,7.761754e-01
3.420000e-11,4.726064e-08,-3.583549e-08,4.419297e-08,9.012262e-09,7.744833e-01,7.759935e-01,7.747302e-01,7.761768e-01
3.425000e-11,4.208987e-08,-3.375114e-08,4.263396e-08,8.241700e-09,7.744901e-01,7.759883e-01,7.747368e-01,7.761782e-01
3.430000e-11,3.621697e-08,-3.091832e-08,4.036281e-08,7.654584e-09,7.744960e-01,7.759834e-01,7.747431e-01,7.761794e-01
3.435000e-11,2.977090e-08,-2.741169e-08,3.743302e-08,7.253535e-09,7.745010e-01,7.759790e-01,7.747490e-01,7.761805e-01
3.440000e-11,2.288937e-08,-2.331919e-08,3.391025e-08,7.036222e-09,7.745050e-01,7.759752e-01,7.747544e-01,7.761816e-01
3.445000e-11,1.571600e-08,-1.873992e-08,2.987088e-08,6.995591e-09,7.745079e-01,7.759720e-01,7.747592e-01,7.761827e-01
3.450000e-11,8.397301e-09,-1.378184e-08,2.540031e-08,7.120198e-09,7.745097e-01,7.759695e-01,7.747634e-01,7.761838e-01
3.455000e-11,1.079797e-09,-8.559316e-09,2.059111e-08,7.394648e-09,7.745104e-01,7.759678e-01,7.747668e-01,7.761849e-01
3.460000e-11,-6.092904e-09,-3.190570e-09,1.554113e-08,7.800112e-09,7.745101e-01,7.759670e-01,7.747696e-01,7.761860e-01
3.465000e-11,-1.298288e-08,2.204886e-09,1.035144e-08,8.314924e-09,7.745086e-01,7.759669e-01,7.747715e-01,7.761873e-01
3.470000e-11,-1.946051e-08,7.508827e-09,5.124264e-09,8.915222e-09,7.745062e-01,7.759676e-01,7.747727e-01,7.761886e-01
3.475000e-11,-2.540688e-08,1.260682e-08,-3.904032e-11,9.575638e-09,7.745028e-01,7.759691e-01,7.747731e-01,7.761900e-01
3.480000e-11,-3.071593e-08,1.739058e-08,-5.039999e-09,1.027000e-08,7.744985e-01,7.759714e-01,7.747727e-01,7.761915e-01
3.485000e-11,-3.529629e-08,2.176022e-08,-9.784930e-09,1.097202e-08,7.744935e-01,7.759744e-01,7.747716e-01,7.761931e-01
3.490000e-11,-3.907282e-08,2.562619e-08,-1.418673e-08,1.165603e-08,7.744879e-01,7.759780e-01,7.747698e-01,7.761948e-01
3.495000e-11,-4.198776e-08,2.891108e-08,-1.816652e-08,1.229760e-08,7.744818e-01,7.759821e-01,7.747673e-01,7.761966e-01
3.500000e-11,-4.400156e-08,3.155103e-08,-2.165502e-08,1.287414e-08,7.744753e-01,7.759866e-01,7.747643e-01,7.761985e-01
3.505000e-11,-4.509329e-08,3.349694e-08,-2.459386e-08,1.336551e-08,7.744686e-01,7.759916e-01,7.747608e-01,7.762005e-01
3.510000e-11,-4.526068e-08,3.471524e-08,-2.693648e-08,1.375443e-08,7.744617e-01,7.759967e-01,7.747570e-01,7.762026e-01
3.515000e-11,-4.451985e-08,3.518840e-08,-2.864891e-08,1.402691e-08,7.744549e-01,7.760020e-01,7.747528e-01,7.762047e-01
3.520000e-11,-4.290456e-08,3.491505e-08,-2.971020e-08,1.417256e-08,7.744483e-01,7.760073e-01,7.747483e-01,7.762068e-01
3.525000e-11,-4.046523e-08,3.390983e-08,-3.011264e-08,1.418475e-08,7.744420e-01,7.760125e-01,7.747438e-01,7.762090e-01
3.530000e-11,-3.726761e-08,3.220275e-08,-2.986166e-08,1.406078e-08,7.744362e-01,7.760175e-01,7.747393e-01,7.762111e-01
3.535000e-11,-3.339116e-08,2.983845e-08,-2.897551e-08,1.380180e-08,7.744308e-01,7.760222e-01,7.747348e-01,7.762132e-01
3.540000e-11,-2.892720e-08,2.687495e-08,-2.748468e-08,1.341281e-08,7.744261e-01,7.760265e-01,7.747306e-01,7.762153e-01
3.545000e-11,-2.397686e-08,2.338230e-08,-2.543102e-08,1.290239e-08,7.744221e-01,7.760303e-01,7.747266e-01,7.762173e-01
3.550000e-11,-1.864887e-08,1.944091e-08,-2.286677e-08,1.228247e-08,7.744189e-01,7.760335e-01,7.747229e-01,7.762192e-01
3.555000e-11,-1.305724e-08,1.513971e-08,-1.985328e-08,1.156793e-08,7.744165e-01,7.760361e-01,7.747197e-01,7.762210e-01
3.560000e-11,-7.318908e-09,1.057415e-08,-1.645962e-08,1.077622e-08,7.744150e-01,7.760380e-01,7.747170e-01,7.762227e-01
3.565000e-11,-1.551307e-09,5.844125e-09,-1.276107e-08,9.926822e-09,7.744143e-01,7.760393e-01,7.747148e-01,7.762243e-01
3.570000e-11,4.129947e-09,1.051767e-09,-8.837504e-09,9.040759e-09,7.744145e-01,7.760398e-01,7.747131e-01,7.762257e-01
3.575000e-11,9.613347e-09,-3.700695e-09,-4.771665e-09,8.140000e-09,7.744155e-01,7.760396e-01,7.747121e-01,7.762270e-01
3.580000e-11,1.479363e-08,-8.313108e-09,-6.474931e-10,7.246895e-09,7.744174e-01,7.760387e-01,7.747117e-01,7.762282e-01
3.585000e-11,1.957376e-08,-1.268947e-08,3.451605e-09,6.383583e-09,7.744200e-01,7.760371e-01,7.747119e-01,7.762292e-01
3.590000e-11,2.386668e-08,-1.673989e-08,7.444413e-09,5.571422e-09,7.744232e-01,7.760349e-01,7.747127e-01,7.762301e-01
3.595000e-11,2.759691e-08,-2.038239e-08,1.125350e-08,4.830438e-09,7.744271e-01,7.760321e-01,7.747141e-01,7.762309e-01
3.600000e-11,3.070174e-08,-2.354455e-08,1.480669e-08,4.178822e-09,7.744315e-01,7.760288e-01,7.747161e-01,7.762316e-01
3.605000e-11,3.313229e-08,-2.616487e-08,1.803844e-08,3.632465e-09,7.744364e-01,7.760250e-01,7.747186e-01,7.762322e-01
3.610000e-11,3.485420e-08,-2.819392e-08,2.089099e-08,3.204565e-09,7.744415e-01,7.760209e-01,7.747215e-01,7.762327e-01
3.615000e-11,3.584800e-08,-2.959526e-08,2.331541e-08,2.905302e-09,7.744468e-01,7.760165e-01,7.747249e-01,7.762332e-01
3.620000e-11,3.610922e-08,-3.034598e-08,2.527238e-08,2.741583e-09,7.744523e-01,7.760120e-01,7.747286e-01,7.762336e-01
3.625000e-11,3.564819e-08,-3.043706e-08,2.673282e-08,2.716879e-09,7.744577e-01,7.760074e-01,7.747325e-01,7.762341e-01
3.630000e-11,3.448950e-08,-2.987337e-08,2.767823e-08,2.831147e-09,7.744630e-01,7.760028e-01,7.747366e-01,7.762345e-01
3.635000e-11,3.267124e-08,-2.867335e-08,2.810089e-08,3.080830e-09,7.744681e-01,7.759984e-01,7.747408e-01,7.762349e-01
3.640000e-11,3.024396e-08,-2.686854e-08,2.800377e-08,3.458955e-09,7.744728e-01,7.759942e-01,7.747451e-01,7.762354e-01
3.645000e-11,2.726940e-08,-2.450270e-08,2.740026e-08,3.955308e-09,7.744772e-01,7.759903e-01,7.747493e-01,7.762360e-01
3.650000e-11,2.381903e-08,-2.163075e-08,2.631368e-08,4.556687e-09,7.744810e-01,7.759869e-01,7.747533e-01,7.762367e-01
3.655000e-11,1.997241e-08,-1.831753e-08,2.477657e-08,5.247227e-09,7.744844e-01,7.759838e-01,7.747572e-01,7.762374e-01
3.660000e-11,1.581542e-08,-1.463631e-08,2.282991e-08,6.008793e-09,7.744871e-01,7.759814e-01,7.747608e-01,7.762383e-01
3.665000e-11,1.143842e-08,-1.066716e-08,2.052203e-08,6.821416e-09,7.744891e-01,7.759794e-01,7.747641e-01,7.762392e-01
3.670000e-11,6.934325e-09,-6.495207e-09,1.790750e-08,7.663783e-09,7.744905e-01,7.759782e-01,7.747670e-01,7.762403e-01
3.675000e-11,2.396690e-09,-2.208840e-09,1.504590e-08,8.513750e-09,7.744912e-01,7.759775e-01,7.747695e-01,7.762416e-01
3.680000e-11,-2.082189e-09,2.102189e-09,1.200048e-08,9.348876e-09,7.744912e-01,7.759775e-01,7.747715e-01,7.762429e-01
3.685000e-11,-6.413113e-09,6.348624e-09,8.836802e-09,1.014696e-08,7.744906e-01,7.759781e-01,7.747731e-01,7.762444e-01
3.690000e-11,-1.051172e-08,1.044354e-08,5.621332e-09,1.088658e-08,7.744893e-01,7.759794e-01,7.747742e-01,7.762460e-01
3.695000e-11,-1.430008e-08,1.430412e-08,2.420079e-09,1.154759e-08,7.744874e-01,7.759813e-01,7.747748e-01,7.762477e-01
3.700000e-11,-1.770814e-08,1.785329e-08,-7.027593e-10,1.211161e-08,7.744850e-01,7.759837e-01,7.747749e-01,7.762495e-01
3.705000e-11,-2.067501e-08,2.102124e-08,-3.686065e-09,1.256248e-08,7.744821e-01,7.759866e-01,7.747746e-01,7.762514e-01
3.710000e-11,-2.314995e-08,2.374681e-08,-6.472993e-09,1.288660e-08,7.744788e-01,7.759900e-01,7.747738e-01,7.762533e-01
3.715000e-11,-2.509326e-08,2.597857e-08,-9.012042e-09,1.307328e-08,7.744752e-01,7.759938e-01,7.747727e-01,7.762553e-01
3.720000e-11,-2.647679e-08,2.767584e-08,-1.125800e-08,1.311501e-08,7.744713e-01,7.759978e-01,7.747711e-01,7.762572e-01
3.725000e-11,-2.728435e-08,2.880930e-08,-1.317272e-08,1.300762e-08,7.744672e-01,7.760021e-01,7.747693e-01,7.762592e-01
3.730000e-11,-2.751174e-08,2.936154e-08,-1.472579e-08,1.275035e-08,7.744631e-01,7.760065e-01,7.747672e-01,7.762612e-01
3.735000e-11,-2.716663e-08,2.932722e-08,-1.589495e-08,1.234594e-08,7.744589e-01,7.760110e-01,7.747649e-01,7.762631e-01
3.740000e-11,-2.626814e-08,2.871303e-08,-1.666636e-08,1.180052e-08,7.744549e-01,7.760153e-01,7.747624e-01,7.762649e-01
3.745000e-11,-2.484625e-08,2.753742e-08,-1.703476e-08,1.112347e-08,7.744510e-01,7.760196e-01,7.747599e-01,7.762666e-01
3.750000e-11,-2.294095e-08,2.583008e-08,-1.700333e-08,1.032724e-08,7.744474e-01,7.760236e-01,7.747573e-01,7.762683e-01
3.755000e-11,-2.060125e-08,2.363116e-08,-1.658345e-08,9.427057e-09,7.744441e-01,7.760274e-01,7.747548e-01,7.762698e-01
3.760000e-11,-1.788400e-08,2.099039e-08,-1.579429e-08,8.440554e-09,7.744412e-01,7.760307e-01,7.747523e-01,7.762711e-01
3.765000e-11,-1.485255e-08,1.796584e-08,-1.466223e-08,7.387401e-09,7.744388e-01,7.760337e-01,7.747500e-01,7.762723e-01
3.770000e-11,-1.157538e-08,1.462274e-08,-1.322015e-08,6.288845e-09,7.744368e-01,7.760361e-01,7.747479e-01,7.762734e-01
3.775000e-11,-8.124594e-09,1.103198e-08,-1.150658e-08,5.167236e-09,7.744353e-01,7.760381e-01,7.747460e-01,7.762742e-01
3.780000e-11,-4.574346e-09,7.268639e-09,-9.564801e-09,4.045517e-09,7.744343e-01,7.760395e-01,7.747444e-01,7.762749e-01
3.785000e-11,-9.993383e-10,3.410404e-09,-7.441812e-09,2.946712e-09,7.744339e-01,7.760403e-01,7.747432e-01,7.762755e-01
3.790000e-11,2.526736e-09,-4.640711e-10,-5.187266e-09,1.893410e-09,7.744340e-01,7.760405e-01,7.747422e-01,7.762758e-01
3.795000e-11,5.932662e-09,-4.276749e-09,-2.852372e-09,9.072528e-10,7.744346e-01,7.760401e-01,7.747416e-01,7.762760e-01
3.800000e-11,9.151110e-09,-7.951798e-09,-4.887849e-10,8.460534e-12,7.744358e-01,7.760392e-01,7.747414e-01,7.762761e-01
3.805000e-11,1.211993e-08,-1.141709e-08,1.852490e-09,-7.846248e-10,7.744374e-01,7.760377e-01,7.747415e-01,7.762761e-01
3.810000e-11,1.478330e-08,-1.460564e-08,4.122152e-09,-1.455943e-09,7.744394e-01,7.760358e-01,7.747419e-01,7.762759e-01
3.815000e-11,1.709277e-08,-1.745686e-08,6.273609e-09,-1.992073e-09,7.744418e-01,7.760333e-01,7.747427e-01,7.762756e-01
3.820000e-11,1.900809e-08,-1.991774e-08,8.263892e-09,-2.382522e-09,7.744446e-01,7.760305e-01,7.747438e-01,7.762753e-01
3.825000e-11,2.049784e-08,-2.194377e-08,1.005449e-08,-2.619961e-09,7.744476e-01,7.760274e-01,7.747452e-01,7.762749e-01
3.830000e-11,2.153996e-08,-2.349981e-08,1.161204e-08,-2.700376e-09,7.744507e-01,7.760239e-01,7.747468e-01,7.762745e-01
3.835000e-11,2.212197e-08,-2.456057e-08,1.290896e-08,-2.623157e-09,7.744540e-01,7.760203e-01,7.747487e-01,7.762741e-01
3.840000e-11,2.224104e-08,-2.511109e-08,1.392386e-08,-2.391099e-09,7.744574e-01,7.760165e-01,7.747507e-01,7.762738e-01
3.845000e-11,2.190391e-08,-2.514684e-08,1.464188e-08,-2.010340e-09,7.744607e-01,7.760127e-01,7.747529e-01,7.762734e-01
3.850000e-11,2.112649e-08,-2.467369e-08,1.505484e-08,-1.490218e-09,7.744640e-01,7.760090e-01,7.747551e-01,7.762732e-01
3.855000e-11,1.993341e-08,-2.370765e-08,1.516129e-08,-8.430580e-10,7.744671e-01,7.760053e-01,7.747574e-01,7.762730e-01
3.860000e-11,1.835736e-08,-2.227442e-08,1.496637e-08,-8.389589e-11,7.744700e-01,7.760018e-01,7.747597e-01,7.762729e-01
3.865000e-11,1.643820e-08,-2.040871e-08,1.448158e-08,7.698545e-10,7.744726e-01,7.759986e-01,7.747619e-01,7.762730e-01
3.870000e-11,1.422210e-08,-1.815345e-08,1.372434e-08,1.698789e-09,7.744749e-01,7.759957e-01,7.747640e-01,7.762732e-01
3.875000e-11,1.176037e-08,-1.555879e-08,1.271755e-08,2.681941e-09,7.744769e-01,7.759932e-01,7.747660e-01,7.762735e-01
3.880000e-11,9.108424e-09,-1.268100e-08,1.148894e-08,3.697240e-09,7.744785e-01,7.759910e-01,7.747678e-01,7.762740e-01
3.885000e-11,6.324467e-09,-9.581237e-09,1.007038e-08,4.721997e-09,7.744796e-01,7.759893e-01,7.747695e-01,7.762746e-01
3.890000e-11,3.468319e-09,-6.324275e-09,8.497095e-09,5.733395e-09,7.744804e-01,7.759881e-01,7.747709e-01,7.762754e-01
3.895000e-11,6.001310e-10,-2.977122e-09,6.806868e-09,6.708985e-09,7.744807e-01,7.759874e-01,7.747720e-01,7.762764e-01
3.900000e-11,-2.220845e-09,3.923414e-10,5.039132e-09,7.627169e-09,7.744805e-01,7.759872e-01,7.747729e-01,7.762775e-01
3.905000e-11,-4.937454e-09,3.716747e-09,3.234112e-09,8.467666e-09,7.744800e-01,7.759876e-01,7.747736e-01,7.762787e-01
3.910000e-11,-7.495767e-09,6.930580e-09,1.431930e-09,9.211938e-09,7.744791e-01,7.759884e-01,7.747739e-01,7.762800e-01
3.915000e-11,-9.846124e-09,9.971468e-09,-3.282548e-10,9.843587e-09,7.744778e-01,7.759896e-01,7.747740e-01,7.762815e-01
3.920000e-11,-1.194407e-08,1.278139e-08,-2.009070e-09,1.034869e-08,7.744761e-01,7.759914e-01,7.747738e-01,7.762830e-01
3.925000e-11,-1.375119e-08,1.530778e-08,-3.575701e-09,1.071611e-08,7.744742e-01,7.759935e-01,7.747734e-01,7.762846e-01
3.930000e-11,-1.523572e-08,1.750447e-08,-4.996592e-09,1.093769e-08,7.744720e-01,7.759960e-01,7.747728e-01,7.762862e-01
3.935000e-11,-1.637316e-08,1.933260e-08,-6.244057e-09,1.100843e-08,7.744696e-01,7.759987e-01,7.747719e-01,7.762879e-01
3.940000e-11,-1.714657e-08,2.076117e-08,-7.294806e-09,1.092658e-08,7.744671e-01,7.760018e-01,7.747709e-01,7.762896e-01
3.945000e-11,-1.754682e-08,2.176767e-08,-8.130351e-09,1.069364e-08,7.744644e-01,7.760050e-01,7.747697e-01,7.762912e-01
3.950000e-11,-1.757261e-08,2.233831e-08,-8.737317e-09,1.031436e-08,7.744618e-01,7.760083e-01,7.747685e-01,7.762928e-01
3.955000e-11,-1.723035e-08,2.246819e-08,-9.107624e-09,9.796549e-09,7.744591e-01,7.760117e-01,7.747671e-01,7.762943e-01
3.960000e-11,-1.653392e-08,2.216129e-08,-9.238556e-09,9.150941e-09,7.744566e-01,7.760151e-01,7.747657e-01,7.762957e-01
3.965000e-11,-1.550420e-08,2.143024e-08,-9.132714e-09,8.390934e-09,7.744542e-01,7.760184e-01,7.747643e-01,7.762971e-01
3.970000e-11,-1.416855e-08,2.029589e-08,-8.797854e-09,7.532281e-09,7.744519e-01,7.760215e-01,7.747630e-01,7.762983e-01
3.975000e-11,-1.256010e-08,1.878685e-08,-8.246613e-09,6.592744e-09,7.744499e-01,7.760245e-01,7.747617e-01,7.762993e-01
3.980000e-11,-1.071701e-08,1.693872e-08,-7.496140e-09,5.591698e-09,7.744482e-01,7.760272e-01,7.747605e-01,7.763003e-01
3.985000e-11,-8.681546e-09,1.479331e-08,-6.567634e-09,4.549712e-09,7.744467e-01,7.760296e-01,7.747594e-01,7.763010e-01
3.990000e-11,-6.499178e-09,1.239768e-08,-5.485801e-09,3.488094e-09,7.744455e-01,7.760316e-01,7.747585e-01,7.763016e-01
3.995000e-11,-4.217564e-09,9.803142e-09,-4.278248e-09,2.428436e-09,7.744447e-01,7.760333e-01,7.747578e-01,7.763021e-01
4.000000e-11,-1.885548e-09,7.064153e-09,-2.974827e-09,1.392151e-09,7.744443e-01,7.760346e-01,7.747573e-01,7.763024e-01
4.005000e-11,4.478698e-10,4.237168e-09,-1.606934e-09,4.000161e-10,7.744442e-01,7.760355e-01,7.747569e-01,7.763025e-01
4.010000e-11,2.734537e-09,1.379487e-09,-2.067954e-10,-5.282668e-10,7.744444e-01,7.760359e-01,7.747568e-01,7.763025e-01
4.015000e-11,4.928121e-09,-1.451904e-09,1.193251e-09,-1.374482e-09,7.744450e-01,7.760359e-01,7.747568e-01,7.763024e-01
4.020000e-11,6.985030e-09,-4.201475e-09,2.561470e-09,-2.122276e-09,7.744459e-01,7.760354e-01,7.747571e-01,7.763021e-01
4.025000e-11,8.865251e-09,-6.816230e-09,3.867413e-09,-2.757497e-09,7.744471e-01,7.760346e-01,7.747576e-01,7.763017e-01
4.030000e-11,1.053311e-08,-9.246733e-09,5.082561e-09,-3.268473e-09,7.744485e-01,7.760334e-01,7.747583e-01,7.763013e-01
4.035000e-11,1.195794e-08,-1.144803e-08,6.180920e-09,-3.646247e-09,7.744502e-01,7.760318e-01,7.747591e-01,7.763008e-01
4.040000e-11,1.311458e-08,-1.338049e-08,7.139544e-09,-3.884741e-09,7.744521e-01,7.760300e-01,7.747602e-01,7.763002e-01
4.045000e-11,1.398383e-08,-1.501049e-08,7.938987e-09,-3.980868e-09,7.744542e-01,7.760278e-01,7.747613e-01,7.762996e-01
4.050000e-11,1.455275e-08,-1.631098e-08,8.563671e-09,-3.934569e-09,7.744563e-01,7.760254e-01,7.747625e-01,7.762990e-01
4.055000e-11,1.481475e-08,-1.726196e-08,9.002162e-09,-3.748795e-09,7.744586e-01,7.760229e-01,7.747639e-01,7.762984e-01
4.060000e-11,1.476970e-08,-1.785071e-08,9.247350e-09,-3.429411e-09,7.744608e-01,7.760203e-01,7.747652e-01,7.762979e-01
4.065000e-11,1.442375e-08,-1.807194e-08,9.296537e-09,-2.985054e-09,7.744630e-01,7.760175e-01,7.747666e-01,7.762974e-01
4.070000e-11,1.378911e-08,-1.792778e-08,9.151423e-09,-2.426925e-09,7.744651e-01,7.760148e-01,7.747680e-01,7.762970e-01
4.075000e-11,1.288373e-08,-1.742758e-08,8.817994e-09,-1.768525e-09,7.744672e-01,7.760121e-01,7.747694e-01,7.762967e-01
4.080000e-11,1.173078e-08,-1.658764e-08,8.306327e-09,-1.025349e-09,7.744690e-01,7.760096e-01,7.747707e-01,7.762965e-01
4.085000e-11,1.035812e-08,-1.543073e-08,7.630301e-09,-2.145426e-10,7.744707e-01,7.760072e-01,7.747719e-01,7.762964e-01
4.090000e-11,8.797632e-09,-1.398554e-08,6.807236e-09,6.454818e-10,7.744721e-01,7.760049e-01,7.747730e-01,7.762964e-01
4.095000e-11,7.084501e-09,-1.228598e-08,5.857454e-09,1.535446e-09,7.744733e-01,7.760029e-01,7.747739e-01,7.762966e-01
4.100000e-11,5.256439e-09,-1.037045e-08,4.803792e-09,2.435622e-09,7.744743e-01,7.760012e-01,7.747748e-01,7.762969e-01
4.105000e-11,3.352869e-09,-8.280959e-09,3.671062e-09,3.326262e-09,7.744749e-01,7.759998e-01,7.747754e-01,7.762973e-01
4.110000e-11,1.414085e-09,-6.062212e-09,2.485476e-09,4.188010e-09,7.744753e-01,7.759987e-01,7.747759e-01,7.762979e-01
4.115000e-11,-5.195841e-10,-3.760703e-09,1.274051e-09,5.002317e-09,7.744753e-01,7.759980e-01,7.747761e-01,7.762986e-01
4.120000e-11,-2.408600e-09,-1.423726e-09,6.400524e-11,5.751825e-09,7.744751e-01,7.759976e-01,7.747762e-01,7.762994e-01
4.125000e-11,-4.215010e-09,9.015834e-10,-1.117842e-09,6.420724e-09,7.744746e-01,7.759976e-01,7.747762e-01,7.763003e-01
4.130000e-11,-5.903200e-09,3.169183e-09,-2.245651e-09,6.995078e-09,7.744739e-01,7.759979e-01,7.747759e-01,7.763014e-01
4.135000e-11,-7.440577e-09,5.335034e-09,-3.295115e-09,7.463098e-09,7.744728e-01,7.759985e-01,7.747755e-01,7.763024e-01
4.140000e-11,-8.798184e-09,7.357944e-09,-4.243970e-09,7.815378e-09,7.744716e-01,7.759995e-01,7.747749e-01,7.763036e-01
4.145000e-11,-9.951234e-09,9.200340e-09,-5.072453e-09,8.045068e-09,7.744702e-01,7.760007e-01,7.747742e-01,7.763048e-01
4.150000e-11,-1.087954e-08,1.082896e-08,-5.763704e-09,8.147996e-09,7.744686e-01,7.760022e-01,7.747734e-01,7.763060e-01
4.155000e-11,-1.156785e-08,1.221544e-08,-6.304090e-09,8.122733e-09,7.744669e-01,7.760040e-01,7.747725e-01,7.763073e-01
4.160000e-11,-1.200608e-08,1.333678e-08,-6.683462e-09,7.970593e-09,7.744652e-01,7.760059e-01,7.747715e-01,7.763085e-01
4.165000e-11,-1.218941e-08,1.417574e-08,-6.895332e-09,7.695582e-09,7.744633e-01,7.760080e-01,7.747705e-01,7.763097e-01
4.170000e-11,-1.211834e-08,1.472103e-08,-6.936966e-09,7.304280e-09,7.744615e-01,7.760102e-01,7.747694e-01,7.763108e-01
4.175000e-11,-1.179852e-08,1.496748e-08,-6.809393e-09,6.805684e-09,7.744597e-01,7.760124e-01,7.747684e-01,7.763119e-01
4.180000e-11,-1.124061e-08,1.491598e-08,-6.517339e-09,6.210983e-09,7.744579e-01,7.760147e-01,7.747674e-01,7.763128e-01
4.185000e-11,-1.045994e-08,1.457338e-08,-6.069073e-09,5.533305e-09,7.744563e-01,7.760169e-01,7.747664e-01,7.763137e-01
4.190000e-11,-9.476129e-09,1.395222e-08,-5.476183e-09,4.787413e-09,7.744548e-01,7.760191e-01,7.747656e-01,7.763145e-01
4.195000e-11,-8.312624e-09,1.307041e-08,-4.753289e-09,3.989376e-09,7.744534e-01,7.760211e-01,7.747648e-01,7.763152e-01
4.200000e-11,-6.996132e-09,1.195069e-08,-3.917678e-09,3.156215e-09,7.744523e-01,7.760230e-01,7.747641e-01,7.763157e-01
4.205000e-11,-5.556034e-09,1.062018e-08,-2.988906e-09,2.305526e-09,7.744513e-01,7.760247e-01,7.747636e-01,7.763161e-01
4.210000e-11,-4.023741e-09,9.109664e-09,-1.988341e-09,1.455104e-09,7.744506e-01,7.760262e-01,7.747633e-01,7.763164e-01
4.215000e-11,-2.432017e-09,7.452948e-09,-9.386787e-10,6.225574e-10,7.744501e-01,7.760275e-01,7.747630e-01,7.763166e-01
4.220000e-11,-8.142870e-10,5.686106e-09,1.365623e-10,-1.750627e-10,7.744499e-01,7.760284e-01,7.747630e-01,7.763166e-01
4.225000e-11,7.960530e-10,3.846713e-09,1.213561e-09,-9.216218e-10,7.744499e-01,7.760292e-01,7.747631e-01,7.763165e-01
4.230000e-11,2.366316e-09,1.973058e-09,2.268711e-09,-1.602236e-09,7.744501e-01,7.760296e-01,7.747633e-01,7.763163e-01
4.235000e-11,3.865180e-09,1.033563e-10,3.279130e-09,-2.203578e-09,7.744506e-01,7.760298e-01,7.747638e-01,7.763161e-01
4.240000e-11,5.263299e-09,-1.725018e-09,4.223142e-09,-2.714144e-09,7.744513e-01,7.760296e-01,7.747643e-01,7.763157e-01
4.245000e-11,6.533869e-09,-3.476270e-09,5.080733e-09,-3.124482e-09,7.744522e-01,7.760292e-01,7.747650e-01,7.763152e-01
4.250000e-11,7.653129e-09,-5.116877e-09,5.833962e-09,-3.427369e-09,7.744533e-01,7.760286e-01,7.747659e-01,7.763148e-01
4.255000e-11,8.600796e-09,-6.616218e-09,6.467324e-09,-3.617947e-09,7.744545e-01,7.760277e-01,7.747668e-01,7.763142e-01
4.260000e-11,9.360413e-09,-7.947138e-09,6.968054e-09,-3.693800e-09,7.744558e-01,7.760266e-01,7.747678e-01,7.763137e-01
4.265000e-11,9.919624e-09,-9.086427e-09,7.326374e-09,-3.654980e-09,7.744573e-01,7.760253e-01,7.747689e-01,7.763131e-01
4.270000e-11,1.027035e-08,-1.001521e-08,7.535665e-09,-3.503980e-09,7.744588e-01,7.760239e-01,7.747700e-01,7.763126e-01
4.275000e-11,1.040889e-08,-1.071925e-08,7.592578e-09,-3.245660e-09,7.744604e-01,7.760223e-01,7.747711e-01,7.763121e-01
4.280000e-11,1.033591e-08,-1.118914e-08,7.497064e-09,-2.887112e-09,7.744620e-01,7.760207e-01,7.747723e-01,7.763116e-01
4.285000e-11,1.005635e-08,-1.142038e-08,7.252345e-09,-2.437490e-09,7.744635e-01,7.760190e-01,7.747734e-01,7.763112e-01
4.290000e-11,9.579282e-09,-1.141340e-08,6.864802e-09,-1.907796e-09,7.744650e-01,7.760172e-01,7.747745e-01,7.763109e-01
4.295000e-11,8.917622e-09,-1.117345e-08,6.343808e-09,-1.310618e-09,7.744664e-01,7.760155e-01,7.747755e-01,7.763106e-01
4.300000e-11,8.087816e-09,-1.071035e-08,5.701496e-09,-6.598523e-10,7.744677e-01,7.760139e-01,7.747764e-01,7.763105e-01
4.305000e-11,7.109443e-09,-1.003828e-08,4.952465e-09,2.960934e-11,7.744688e-01,7.760123e-01,7.747772e-01,7.763104e-01
4.310000e-11,6.004765e-09,-9.175322e-09,4.113446e-09,7.422085e-10,7.744698e-01,7.760108e-01,7.747779e-01,7.763105e-01
4.315000e-11,4.798230e-09,-8.143075e-09,3.202922e-09,1.462058e-09,7.744706e-01,7.760095e-01,7.747784e-01,7.763107e-01
4.320000e-11,3.515939e-09,-6.966113e-09,2.240714e-09,2.173286e-09,7.744712e-01,7.760084e-01,7.747788e-01,7.763110e-01
4.325000e-11,2.185083e-09,-5.671437e-09,1.247546e-09,2.860373e-09,7.744717e-01,7.760074e-01,7.747791e-01,7.763113e-01
4.330000e-11,8.333806e-10,-4.287875e-09,2.445949e-10,3.508480e-09,7.744719e-01,7.760067e-01,7.747792e-01,7.763118e-01
4.335000e-11,-5.115009e-10,-2.845458e-09,-7.469633e-10,4.103759e-09,7.744719e-01,7.760061e-01,7.747792e-01,7.763124e-01
4.340000e-11,-1.822500e-09,-1.374786e-09,-1.706403e-09,4.633641e-09,7.744718e-01,7.760058e-01,7.747790e-01,7.763131e-01
4.345000e-11,-3.073703e-09,9.360919e-11,-2.613883e-09,5.087085e-09,7.744714e-01,7.760057e-01,7.747787e-01,7.763138e-01
4.350000e-11,-4.240846e-09,1.529882e-09,-3.450857e-09,5.454803e-09,7.744708e-01,7.760059e-01,7.747782e-01,7.763146e-01
4.355000e-11,-5.301781e-09,2.905468e-09,-4.200450e-09,5.729442e-09,7.744701e-01,7.760062e-01,7.747776e-01,7.763154e-01
4.360000e-11,-6.236888e-09,4.193642e-09,-4.847800e-09,5.905715e-09,7.744692e-01,7.760067e-01,7.747769e-01,7.763163e-01
4.365000e-11,-7.029427e-09,5.370022e-09,-5.380344e-09,5.980499e-09,7.744682e-01,7.760074e-01,7.747762e-01,7.763172e-01
4.370000e-11,-7.665828e-09,6.413021e-09,-5.788065e-09,5.952876e-09,7.744671e-01,7.760083e-01,7.747753e-01,7.763181e-01
4.375000e-11,-8.135913e-09,7.304232e-09,-6.063669e-09,5.824132e-09,7.744659e-01,7.760094e-01,7.747744e-01,7.763190e-01
4.380000e-11,-8.433040e-09,8.028737e-09,-6.202712e-09,5.597707e-09,7.744647e-01,7.760105e-01,7.747735e-01,7.763199e-01
4.385000e-11,-8.554176e-09,8.575338e-09,-6.203659e-09,5.279099e-09,7.744634e-01,7.760118e-01,7.747726e-01,7.763207e-01
4.390000e-11,-8.499902e-09,8.936716e-09,-6.067889e-09,4.875727e-09,7.744621e-01,7.760131e-01,7.747716e-01,7.763215e-01
4.395000e-11,-8.274327e-09,9.109494e-09,-5.799628e-09,4.396751e-09,7.744608e-01,7.760145e-01,7.747707e-01,7.763222e-01
4.400000e-11,-7.884955e-09,9.094230e-09,-5.405831e-09,3.852863e-09,7.744596e-01,7.760159e-01,7.747699e-01,7.763228e-01
4.405000e-11,-7.342465e-09,8.895321e-09,-4.896007e-09,3.256039e-09,7.744585e-01,7.760172e-01,7.747691e-01,7.763233e-01
4.410000e-11,-6.660444e-09,8.520838e-09,-4.281987e-09,2.619273e-09,7.744574e-01,7.760185e-01,7.747684e-01,7.763238e-01
4.415000e-11,-5.855061e-09,7.982279e-09,-3.577655e-09,1.956288e-09,7.744565e-01,7.760198e-01,7.747678e-01,7.763241e-01
4.420000e-11,-4.944692e-09,7.294268e-09,-2.798628e-09,1.281240e-09,7.744556e-01,7.760209e-01,7.747673e-01,7.763244e-01
4.425000e-11,-3.949511e-09,6.474188e-09,-1.961915e-09,6.084040e-10,7.744550e-01,7.760220e-01,7.747670e-01,7.763245e-01
4.430000e-11,-2.891051e-09,5.541767e-09,-1.085542e-09,-4.812455e-11,7.744545e-01,7.760229e-01,7.747668e-01,7.763245e-01
4.435000e-11,-1.791745e-09,4.518623e-09,-1.881645e-10,-6.747325e-10,7.744541e-01,7.760236e-01,7.747667e-01,7.763245e-01
4.440000e-11,-6.744537e-10,3.427786e-09,7.113295e-10,-1.258574e-09,7.744539e-01,7.760242e-01,7.747667e-01,7.763243e-01
4.445000e-11,4.380009e-10,2.293187e-09,1.594216e-09,-1.787835e-09,7.744539e-01,7.760247e-01,7.747669e-01,7.763241e-01
4.450000e-11,1.523298e-09,1.139153e-09,2.442324e-09,-2.251980e-09,7.744540e-01,7.760249e-01,7.747672e-01,7.763238e-01
4.455000e-11,2.560060e-09,-1.010121e-11,3.238409e-09,-2.641958e-09,7.744544e-01,7.760250e-01,7.747676e-01,7.763234e-01
4.460000e-11,3.528268e-09,-1.130976e-09,3.966499e-09,-2.950385e-09,7.744548e-01,7.760249e-01,7.747682e-01,7.763230e-01
4.465000e-11,4.409641e-09,-2.200953e-09,4.612214e-09,-3.171685e-09,7.744554e-01,7.760247e-01,7.747688e-01,7.763226e-01
4.470000e-11,5.187973e-09,-3.199045e-09,5.163049e-09,-3.302190e-09,7.744561e-01,7.760243e-01,7.747695e-01,7.763221e-01
4.475000e-11,5.849430e-09,-4.106188e-09,5.608605e-09,-3.340198e-09,7.744570e-01,7.760237e-01,7.747704e-01,7.763216e-01
4.480000e-11,6.382778e-09,-4.905603e-09,5.940786e-09,-3.285996e-09,7.744579e-01,7.760230e-01,7.747712e-01,7.763211e-01
4.485000e-11,6.779568e-09,-5.583093e-09,6.153938e-09,-3.141829e-09,7.744589e-01,7.760222e-01,7.747721e-01,7.763206e-01
4.490000e-11,7.034257e-09,-6.127282e-09,6.244936e-09,-2.911836e-09,7.744599e-01,7.760214e-01,7.747731e-01,7.763201e-01
4.495000e-11,7.144266e-09,-6.529793e-09,6.213219e-09,-2.601943e-09,7.744610e-01,7.760204e-01,7.747740e-01,7.763197e-01
4.500000e-11,7.109980e-09,-6.785361e-09,6.060769e-09,-2.219721e-09,7.744621e-01,7.760194e-01,7.747750e-01,7.763193e-01
4.505000e-11,6.934682e-09,-6.891874e-09,5.792043e-09,-1.774208e-09,7.744631e-01,7.760184e-01,7.747759e-01,7.763190e-01
4.510000e-11,6.624443e-09,-6.850359e-09,5.413842e-09,-1.275701e-09,7.744642e-01,7.760173e-01,7.747767e-01,7.763188e-01
4.515000e-11,6.187937e-09,-6.664891e-09,4.935149e-09,-7.355311e-10,7.744651e-01,7.760163e-01,7.747775e-01,7.763187e-01
4.520000e-11,5.636231e-09,-6.342446e-09,4.366911e-09,-1.658059e-10,7.744660e-01,7.760153e-01,7.747782e-01,7.763186e-01
4.525000e-11,4.982508e-09,-5.892701e-09,3.721789e-09,4.208513e-10,7.744668e-01,7.760144e-01,7.747788e-01,7.763186e-01
4.530000e-11,4.241765e-09,-5.327778e-09,3.013873e-09,1.011575e-09,7.744675e-01,7.760136e-01,7.747793e-01,7.763187e-01
4.535000e-11,3.430481e-09,-4.661937e-09,2.258375e-09,1.593535e-09,7.744681e-01,7.760128e-01,7.747797e-01,7.763189e-01
4.540000e-11,2.566250e-09,-3.911243e-09,1.471296e-09,2.154204e-09,7.744686e-01,7.760121e-01,7.747800e-01,7.763192e-01
4.545000e-11,1.667412e-09,-3.093195e-09,6.690875e-10,2.681628e-09,7.744689e-01,7.760116e-01,7.747801e-01,7.763196e-01
4.550000e-11,7.526633e-10,-2.226329e-09,-1.316945e-10,3.164666e-09,7.744691e-01,7.760112e-01,7.747802e-01,7.763200e-01
4.555000e-11,-1.593234e-10,-1.329816e-09,-9.147344e-10,3.593226e-09,7.744691e-01,7.760109e-01,7.747801e-01,7.763205e-01
4.560000e-11,-1.050278e-09,-4.230491e-10,-1.664291e-09,3.958464e-09,7.744690e-01,7.760108e-01,7.747799e-01,7.763211e-01
4.565000e-11,-1.902694e-09,4.747635e-10,-2.365514e-09,4.252963e-09,7.744688e-01,7.760108e-01,7.747796e-01,7.763217e-01
4.570000e-11,-2.700166e-09,1.344996e-09,-3.004740e-09,4.470875e-09,7.744685e-01,7.760110e-01,7.747792e-01,7.763224e-01
4.575000e-11,-3.427705e-09,2.169979e-09,-3.569760e-09,4.608033e-09,7.744680e-01,7.760112e-01,7.747787e-01,7.763231e-01
4.580000e-11,-4.072008e-09,2.933350e-09,-4.050049e-09,4.662019e-09,7.744674e-01,7.760116e-01,7.747781e-01,7.763238e-01
4.585000e-11,-4.621703e-09,3.620366e-09,-4.436966e-09,4.632201e-09,7.744668e-01,7.760121e-01,7.747775e-01,7.763245e-01
4.590000e-11,-5.067535e-09,4.218182e-09,-4.723900e-09,4.519733e-09,7.744660e-01,7.760127e-01,7.747768e-01,7.763252e-01
4.595000e-11,-5.402518e-09,4.716077e-09,-4.906385e-09,4.327508e-09,7.744652e-01,7.760134e-01,7.747761e-01,7.763258e-01
4.600000e-11,-5.622031e-09,5.105635e-09,-4.982161e-09,4.060084e-09,7.744644e-01,7.760141e-01,7.747753e-01,7.763265e-01
4.605000e-11,-5.723870e-09,5.380880e-09,-4.951189e-09,3.723571e-09,7.744636e-01,7.760149e-01,7.747746e-01,7.763271e-01
4.610000e-11,-5.708242e-09,5.538346e-09,-4.815623e-09,3.325490e-09,7.744627e-01,7.760157e-01,7.747738e-01,7.763276e-01
4.615000e-11,-5.577719e-09,5.577104e-09,-4.579736e-09,2.874596e-09,7.744618e-01,7.760166e-01,7.747731e-01,7.763281e-01
4.620000e-11,-5.337141e-09,5.498730e-09,-4.249799e-09,2.380685e-09,7.744610e-01,7.760174e-01,7.747725e-01,7.763285e-01
4.625000e-11,-4.993473e-09,5.307222e-09,-3.833929e-09,1.854376e-09,7.744602e-01,7.760182e-01,7.747718e-01,7.763288e-01
4.630000e-11,-4.555626e-09,5.008870e-09,-3.341890e-09,1.306881e-09,7.744595e-01,7.760190e-01,7.747713e-01,7.763290e-01
4.635000e-11,-4.034239e-09,4.612079e-09,-2.784873e-09,7.497592e-10,7.744589e-01,7.760197e-01,7.747708e-01,7.763292e-01
4.640000e-11,-3.441431e-09,4.127151e-09,-2.175243e-09,1.946737e-10,7.744583e-01,7.760204e-01,7.747705e-01,7.763292e-01
4.645000e-11,-2.790526e-09,3.566037e-09,-1.526270e-09,-3.468579e-10,7.744578e-01,7.760210e-01,7.747702e-01,7.763292e-01
4.650000e-11,-2.095766e-09,2.942049e-09,-8.518364e-10,-8.637044e-10,7.744575e-01,7.760215e-01,7.747700e-01,7.763291e-01
4.655000e-11,-1.372000e-09,2.269561e-09,-1.661495e-10,-1.345352e-09,7.744572e-01,7.760219e-01,7.747699e-01,7.763290e-01
4.660000e-11,-6.343725e-10,1.563680e-09,5.165606e-10,-1.782119e-09,7.744570e-01,7.760221e-01,7.747700e-01,7.763287e-01
4.665000e-11,1.019835e-10,8.399261e-10,1.182333e-09,-2.165356e-09,7.744570e-01,7.760223e-01,7.747701e-01,7.763284e-01
4.670000e-11,8.222574e-10,1.138904e-10,1.817761e-09,-2.487612e-09,7.744571e-01,7.760224e-01,7.747703e-01,7.763281e-01
4.675000e-11,1.512252e-09,-5.990878e-10,2.410259e-09,-2.742785e-09,7.744572e-01,7.760224e-01,7.747706e-01,7.763277e-01
4.680000e-11,2.158659e-09,-1.284239e-09,2.948310e-09,-2.926238e-09,7.744575e-01,7.760222e-01,7.747710e-01,7.763273e-01
4.685000e-11,2.749311e-09,-1.927660e-09,3.421687e-09,-3.034879e-09,7.744579e-01,7.760220e-01,7.747715e-01,7.763268e-01
4.690000e-11,3.273405e-09,-2.516593e-09,3.821648e-09,-3.067214e-09,7.744583e-01,7.760216e-01,7.747721e-01,7.763264e-01
4.695000e-11,3.721696e-09,-3.039665e-09,4.141087e-09,-3.023365e-09,7.744589e-01,7.760212e-01,7.747727e-01,7.763259e-01
4.700000e-11,4.086651e-09,-3.487107e-09,4.374665e-09,-2.905048e-09,7.744595e-01,7.760207e-01,7.747733e-01,7.763254e-01
4.705000e-11,4.362569e-09,-3.850920e-09,4.518885e-09,-2.715528e-09,7.744601e-01,7.760202e-01,7.747740e-01,7.763250e-01
4.710000e-11,4.545663e-09,-4.125018e-09,4.572142e-09,-2.459528e-09,7.744608e-01,7.760196e-01,7.747747e-01,7.763246e-01
4.715000e-11,4.634095e-09,-4.305314e-09,4.534726e-09,-2.143125e-09,7.744615e-01,7.760189e-01,7.747754e-01,7.763243e-01
4.720000e-11,4.627978e-09,-4.389769e-09,4.408785e-09,-1.773602e-09,7.744622e-01,7.760183e-01,7.747760e-01,7.763240e-01
4.725000e-11,4.529332e-09,-4.378398e-09,4.198255e-09,-1.359290e-09,7.744629e-01,7.760176e-01,7.747767e-01,7.763238e-01
4.730000e-11,4.342012e-09,-4.273231e-09,3.908752e-09,-9.093782e-10,7.744635e-01,7.760170e-01,7.747773e-01,7.763236e-01
4.735000e-11,4.071584e-09,-4.078234e-09,3.547426e-09,-4.337169e-10,7.744642e-01,7.760163e-01,7.747779e-01,7.763235e-01
4.740000e-11,3.725186e-09,-3.799187e-09,3.122796e-09,5.739653e-11,7.744648e-01,7.760157e-01,7.747784e-01,7.763235e-01
4.745000e-11,3.311352e-09,-3.443533e-09,2.644547e-09,5.534374e-10,7.744653e-01,7.760152e-01,7.747788e-01,7.763235e-01
4.750000e-11,2.839805e-09,-3.020187e-09,2.123316e-09,1.043876e-09,7.744658e-01,7.760147e-01,7.747792e-01,7.763236e-01
4.755000e-11,2.321244e-09,-2.539328e-09,1.570456e-09,1.518400e-09,7.744661e-01,7.760143e-01,7.747794e-01,7.763238e-01
4.760000e-11,1.767102e-09,-2.012157e-09,9.977906e-10,1.967123e-09,7.744665e-01,7.760139e-01,7.747796e-01,7.763241e-01
4.765000e-11,1.189302e-09,-1.450646e-09,4.173625e-10,2.380795e-09,7.744667e-01,7.760137e-01,7.747797e-01,7.763244e-01
4.770000e-11,6.000062e-10,-8.672721e-10,-1.588181e-10,2.750981e-09,7.744668e-01,7.760135e-01,7.747798e-01,7.763248e-01
4.775000e-11,1.136268e-11,-2.747482e-10,-7.190221e-10,3.070237e-09,7.744669e-01,7.760134e-01,7.747797e-01,7.763252e-01
4.780000e-11,-5.647401e-10,3.142501e-10,-1.252038e-09,3.332252e-09,7.744668e-01,7.760134e-01,7.747795e-01,7.763257e-01
4.785000e-11,-1.116909e-09,8.873481e-10,-1.747398e-09,3.531969e-09,7.744667e-01,7.760135e-01,7.747793e-01,7.763262e-01
4.790000e-11,-1.634468e-09,1.432726e-09,-2.195578e-09,3.665679e-09,7.744665e-01,7.760137e-01,7.747790e-01,7.763268e-01
4.795000e-11,-2.107660e-09,1.939359e-09,-2.588184e-09,3.731087e-09,7.744662e-01,7.760139e-01,7.747787e-01,7.763273e-01
4.800000e-11,-2.527826e-09,2.397229e-09,-2.918105e-09,3.727343e-09,7.744659e-01,7.760143e-01,7.747782e-01,7.763279e-01
4.805000e-11,-2.887561e-09,2.797524e-09,-3.179640e-09,3.655047e-09,7.744654e-01,7.760147e-01,7.747778e-01,7.763285e-01
4.810000e-11,-3.180836e-09,3.132795e-09,-3.368593e-09,3.516223e-09,7.744650e-01,7.760151e-01,7.747773e-01,7.763290e-01
4.815000e-11,-3.403096e-09,3.397090e-09,-3.482336e-09,3.314261e-09,7.744645e-01,7.760156e-01,7.747768e-01,7.763295e-01
4.820000e-11,-3.551318e-09,3.586054e-09,-3.519837e-09,3.053836e-09,7.744640e-01,7.760161e-01,7.747762e-01,7.763300e-01
4.825000e-11,-3.624047e-09,3.696991e-09,-3.481658e-09,2.740794e-09,7.744634e-01,7.760167e-01,7.747757e-01,7.763304e-01
4.830000e-11,-3.621389e-09,3.728887e-09,-3.369913e-09,2.382020e-09,7.744629e-01,7.760172e-01,7.747752e-01,7.763308e-01
4.835000e-11,-3.544982e-09,3.682410e-09,-3.188204e-09,1.985286e-09,7.744623e-01,7.760178e-01,7.747747e-01,7.763312e-01
4.840000e-11,-3.397926e-09,3.559860e-09,-2.941517e-09,1.559078e-09,7.744618e-01,7.760184e-01,7.747742e-01,7.763314e-01
4.845000e-11,-3.184693e-09,3.365093e-09,-2.636100e-09,1.112412e-09,7.744613e-01,7.760189e-01,7.747738e-01,7.763316e-01
4.850000e-11,-2.911009e-09,3.103415e-09,-2.279310e-09,6.546438e-10,7.744608e-01,7.760194e-01,7.747734e-01,7.763318e-01
4.855000e-11,-2.583710e-09,2.781446e-09,-1.879446e-09,1.952686e-10,7.744604e-01,7.760198e-01,7.747731e-01,7.763318e-01
4.860000e-11,-2.210582e-09,2.406955e-09,-1.445555e-09,-2.562779e-10,7.744601e-01,7.760202e-01,7.747729e-01,7.763318e-01
4.865000e-11,-1.800181e-09,1.988682e-09,-9.872384e-10,-6.908140e-10,7.744598e-01,7.760205e-01,7.747727e-01,7.763318e-01
4.870000e-11,-1.361642e-09,1.536133e-09,-5.144399e-10,-1.099601e-09,7.744595e-01,7.760208e-01,7.747726e-01,7.763316e-01
4.875000e-11,-9.044873e-10,1.059374e-09,-3.723412e-11,-1.474522e-09,7.744594e-01,7.760210e-01,7.747725e-01,7.763314e-01
4.880000e-11,-4.384159e-10,5.688044e-10,4.343843e-10,-1.808238e-09,7.744593e-01,7.760211e-01,7.747726e-01,7.763312e-01
4.885000e-11,2.689159e-11,7.493861e-11,8.907073e-10,-2.094343e-09,7.744592e-01,7.760212e-01,7.747727e-01,7.763309e-01
4.890000e-11,4.819724e-10,-4.118185e-10,1.322510e-09,-2.327476e-09,7.744593e-01,7.760211e-01,7.747728e-01,7.763306e-01
4.895000e-11,9.177698e-10,-8.813865e-10,1.721236e-09,-2.503429e-09,7.744594e-01,7.760210e-01,7.747731e-01,7.763302e-01
4.900000e-11,1.325809e-09,-1.324215e-09,2.079161e-09,-2.619221e-09,7.744595e-01,7.760209e-01,7.747734e-01,7.763298e-01
4.905000e-11,1.698359e-09,-1.731472e-09,2.389543e-09,-2.673144e-09,7.744598e-01,7.760206e-01,7.747737e-01,7.763294e-01
4.910000e-11,2.028575e-09,-2.095221e-09,2.646742e-09,-2.664792e-09,7.744600e-01,7.760204e-01,7.747741e-01,7.763290e-01
4.915000e-11,2.310617e-09,-2.408568e-09,2.846325e-09,-2.595045e-09,7.744604e-01,7.760200e-01,7.747745e-01,7.763286e-01
4.920000e-11,2.539752e-09,-2.665785e-09,2.985131e-09,-2.466050e-09,7.744607e-01,7.760196e-01,7.747749e-01,7.763282e-01
4.925000e-11,2.712429e-09,-2.862417e-09,3.061321e-09,-2.281153e-09,7.744611e-01,7.760192e-01,7.747754e-01,7.763279e-01
4.930000e-11,2.826319e-09,-2.995349e-09,3.074392e-09,-2.044821e-09,7.744616e-01,7.760188e-01,7.747759e-01,7.763275e-01
4.935000e-11,2.880348e-09,-3.062846e-09,3.025162e-09,-1.762538e-09,7.744620e-01,7.760183e-01,7.747763e-01,7.763272e-01
4.940000e-11,2.874685e-09,-3.064572e-09,2.915738e-09,-1.440681e-09,7.744624e-01,7.760178e-01,7.747768e-01,7.763270e-01
4.945000e-11,2.810717e-09,-3.001568e-09,2.749443e-09,-1.086375e-09,7.744629e-01,7.760174e-01,7.747772e-01,7.763268e-01
4.950000e-11,2.690991e-09,-2.876208e-09,2.530730e-09,-7.073413e-10,7.744633e-01,7.760169e-01,7.747776e-01,7.763267e-01
4.955000e-11,2.519146e-09,-2.692130e-09,2.265070e-09,-3.117281e-10,7.744637e-01,7.760165e-01,7.747780e-01,7.763266e-01
4.960000e-11,2.299806e-09,-2.454134e-09,1.958819e-09,9.206036e-11,7.744640e-01,7.760161e-01,7.747783e-01,7.763266e-01
4.965000e-11,2.038471e-09,-2.168067e-09,1.619072e-09,4.955421e-10,7.744644e-01,7.760158e-01,7.747785e-01,7.763266e-01
4.970000e-11,1.741387e-09,-1.840680e-09,1.253501e-09,8.903333e-10,7.744646e-01,7.760155e-01,7.747788e-01,7.763267e-01
4.975000e-11,1.415398e-09,-1.479473e-09,8.701855e-10,1.268321e-09,7.744649e-01,7.760152e-01,7.747789e-01,7.763269e-01
4.980000e-11,1.067796e-09,-1.092527e-09,4.774381e-10,1.621827e-09,7.744651e-01,7.760150e-01,7.747790e-01,7.763271e-01
4.985000e-11,7.061634e-10,-6.883251e-10,8.362432e-11,1.943763e-09,7.744652e-01,7.760149e-01,7.747791e-01,7.763274e-01
4.990000e-11,3.382092e-10,-2.755686e-10,-3.030116e-10,2.227772e-09,7.744653e-01,7.760148e-01,7.747790e-01,7.763277e-01
4.995000e-11,-2.838994e-11,1.370066e-10,-6.745177e-10,2.468347e-09,7.744653e-01,7.760148e-01,7.747790e-01,7.763281e-01
