time,"V(OUT1)","V(B1|XDCSFQ)","V(B2|XDCSFQ)","V(B3|XDCSFQ)","P(B1|XDCSFQ)","P(B2|XDCSFQ)","P(B3|XDCSFQ)"
0.000000e+00,0.000000e+00,0.000000e+00,0.000000e+00,0.000000e+00,0.000000e+00,0.000000e+00,0.000000e+00
1.000000e-13,4.095341e-06,-5.540614e-07,1.464394e-06,1.014871e-06,-1.122357e-04,2.966408e-04,2.055814e-04
2.000000e-13,7.546373e-06,-1.792180e-06,4.737559e-06,3.315577e-06,-5.126876e-04,1.355204e-03,9.457418e-04
3.000000e-13,1.080542e-05,-3.694034e-06,9.750731e-06,6.889501e-06,-1.394468e-03,3.683254e-03,2.588061e-03
4.000000e-13,1.425460e-05,-6.168232e-06,1.622521e-05,1.157211e-05,-2.937888e-03,7.745994e-03,5.479651e-03
5.000000e-13,1.812479e-05,-9.085378e-06,2.376060e-05,1.710655e-05,-5.292777e-03,1.391340e-02,9.908771e-03
6.000000e-13,2.249688e-05,-1.229554e-05,3.188711e-05,2.318074e-05,-8.568435e-03,2.242855e-02,1.608084e-02
7.000000e-13,2.732958e-05,-1.564038e-05,4.010722e-05,2.945721e-05,-1.282858e-02,3.339141e-02,2.410532e-02
8.000000e-13,3.249305e-05,-1.896296e-05,4.793341e-05,3.559945e-05,-1.808993e-02,4.675551e-02,3.399149e-02
9.000000e-13,3.780114e-05,-2.211611e-05,5.492226e-05,4.129516e-05,-2.432376e-02,6.233576e-02,4.565200e-02
1.000000e-12,4.303998e-05,-2.496930e-05,6.070366e-05,4.627557e-05,-3.145970e-02,7.982586e-02,5.891283e-02
1.100000e-12,4.799245e-05,-2.741417e-05,6.500348e-05,5.033047e-05,-3.939161e-02,9.882358e-02,7.352850e-02
1.200000e-12,5.245822e-05,-2.936849e-05,6.765856e-05,5.331806e-05,-4.798473e-02,1.188617e-01,8.920097e-02
1.300000e-12,5.626950e-05,-3.077868e-05,6.862308e-05,5.516978e-05,-5.708391e-02,1.394420e-01,1.056008e-01
1.400000e-12,5.930224e-05,-3.162081e-05,6.796629e-05,5.588993e-05,-6.652236e-02,1.600699e-01,1.223890e-01
1.500000e-12,6.148293e-05,-3.190022e-05,6.586214e-05,5.555071e-05,-7.613051e-02,1.802875e-01,1.392379e-01
1.600000e-12,6.279113e-05,-3.164986e-05,6.257201e-05,5.428316e-05,-8.574451e-02,1.997019e-01,1.558503e-01
1.700000e-12,6.325812e-05,-3.092740e-05,5.842211e-05,5.226505e-05,-9.521410e-02,2.180078e-01,1.719750e-01
1.800000e-12,6.296201e-05,-2.981139e-05,5.377762e-05,4.970672e-05,-1.044095e-01,2.350035e-01,1.874190e-01
1.900000e-12,6.202020e-05,-2.839660e-05,4.901546e-05,4.683583e-05,-1.132269e-01,2.505977e-01,2.020545e-01
2.000000e-12,6.057964e-05,-2.678870e-05,4.449796e-05,4.388227e-05,-1.215926e-01,2.648097e-01,2.158221e-01
2.100000e-12,5.880596e-05,-2.509863e-05,4.054895e-05,4.106395e-05,-1.294654e-01,2.777610e-01,2.287297e-01
2.200000e-12,5.687216e-05,-2.343684e-05,3.743396e-05,3.857446e-05,-1.368372e-01,2.896611e-01,2.408461e-01
2.300000e-12,5.494753e-05,-2.190758e-05,3.534561e-05,3.657312e-05,-1.437323e-01,3.007877e-01,2.522936e-01
2.400000e-12,5.318767e-05,-2.060372e-05,3.439475e-05,3.517774e-05,-1.502043e-01,3.114639e-01,2.632353e-01
2.500000e-12,5.172599e-05,-1.960210e-05,3.460780e-05,3.446057e-05,-1.563324e-01,3.220331e-01,2.738632e-01
2.600000e-12,5.066718e-05,-1.895984e-05,3.592999e-05,3.444711e-05,-1.622158e-01,3.328344e-01,2.843837e-01
2.700000e-12,5.008288e-05,-1.871166e-05,3.823406e-05,3.511790e-05,-1.679673e-01,3.441799e-01,2.950044e-01
2.800000e-12,5.000967e-05,-1.886850e-05,4.133346e-05,3.641289e-05,-1.737067e-01,3.563346e-01,3.059207e-01
2.900000e-12,5.044935e-05,-1.941738e-05,4.499891e-05,3.823784e-05,-1.795532e-01,3.695016e-01,3.173053e-01
3.000000e-12,5.137130e-05,-2.032266e-05,4.897704e-05,4.047244e-05,-1.856187e-01,3.838118e-01,3.292986e-01
3.100000e-12,5.271668e-05,-2.152857e-05,5.300949e-05,4.297942e-05,-1.920016e-01,3.993199e-01,3.420027e-01
3.200000e-12,5.440404e-05,-2.296290e-05,5.685130e-05,4.561401e-05,-1.987808e-01,4.160056e-01,3.554773e-01
3.300000e-12,5.633596e-05,-2.454161e-05,6.028707e-05,4.823333e-05,-2.060119e-01,4.337798e-01,3.697395e-01
3.400000e-12,5.840619e-05,-2.617416e-05,6.314402e-05,5.070492e-05,-2.137243e-01,4.524956e-01,3.847648e-01
3.500000e-12,6.050684e-05,-2.776915e-05,6.530104e-05,5.291410e-05,-2.219203e-01,4.719621e-01,4.004920e-01
3.600000e-12,6.253519e-05,-2.923996e-05,6.669342e-05,5.476981e-05,-2.305754e-01,4.919610e-01,4.168290e-01
3.700000e-12,6.439966e-05,-3.051003e-05,6.731326e-05,5.620846e-05,-2.396409e-01,5.122629e-01,4.336608e-01
3.800000e-12,6.602472e-05,-3.151741e-05,6.720574e-05,5.719600e-05,-2.490471e-01,5.326439e-01,4.508575e-01
3.900000e-12,6.735442e-05,-3.221831e-05,6.646200e-05,5.772793e-05,-2.587090e-01,5.529008e-01,4.682837e-01
4.000000e-12,6.835449e-05,-3.258944e-05,6.520935e-05,5.782755e-05,-2.685312e-01,5.728625e-01,4.858064e-01
4.100000e-12,6.901296e-05,-3.262892e-05,6.359982e-05,5.754271e-05,-2.784149e-01,5.923997e-01,5.033037e-01
4.200000e-12,6.933933e-05,-3.235590e-05,6.179798e-05,5.694126e-05,-2.882637e-01,6.114305e-01,5.206707e-01
4.300000e-12,6.936259e-05,-3.180866e-05,5.996902e-05,5.610573e-05,-2.979901e-01,6.299219e-01,5.378250e-01
4.400000e-12,6.912813e-05,-3.104166e-05,5.826783e-05,5.512743e-05,-3.075204e-01,6.478890e-01,5.547102e-01
4.500000e-12,6.869399e-05,-3.012151e-05,5.682977e-05,5.410064e-05,-3.167988e-01,6.653900e-01,5.712977e-01
4.600000e-12,6.812653e-05,-2.912233e-05,5.576364e-05,5.311694e-05,-3.257909e-01,6.825196e-01,5.875867e-01
4.700000e-12,6.749606e-05,-2.812077e-05,5.514702e-05,5.226020e-05,-3.344846e-01,6.994006e-01,6.036027e-01
4.800000e-12,6.687255e-05,-2.719095e-05,5.502415e-05,5.160245e-05,-3.428906e-01,7.161737e-01,6.193944e-01
4.900000e-12,6.632162e-05,-2.639987e-05,5.540625e-05,5.120064e-05,-3.510404e-01,7.329884e-01,6.350299e-01
5.000000e-12,6.590121e-05,-2.580330e-05,5.627390e-05,5.109459e-05,-3.589839e-01,7.499926e-01,6.505920e-01
5.100000e-12,6.156353e-05,-2.488866e-05,5.611696e-05,5.029126e-05,-3.666734e-01,7.670282e-01,6.659668e-01
5.200000e-12,5.808028e-05,-2.354815e-05,5.449357e-05,4.850719e-05,-3.740067e-01,7.837455e-01,6.809178e-01
5.300000e-12,5.501288e-05,-2.180548e-05,5.134658e-05,4.571779e-05,-3.808683e-01,7.997191e-01,6.951624e-01
5.400000e-12,5.197289e-05,-1.973614e-05,4.680205e-05,4.202472e-05,-3.871534e-01,8.145243e-01,7.084235e-01
5.500000e-12,4.870273e-05,-1.743563e-05,4.109079e-05,3.760036e-05,-3.927803e-01,8.277831e-01,7.204606e-01
5.600000e-12,4.507583e-05,-1.500457e-05,3.450907e-05,3.265726e-05,-3.976955e-01,8.391932e-01,7.310883e-01
5.700000e-12,4.107192e-05,-1.254010e-05,2.739176e-05,2.742653e-05,-4.018741e-01,8.485452e-01,7.401866e-01
5.800000e-12,3.674811e-05,-1.013044e-05,2.008951e-05,2.214051e-05,-4.053190e-01,8.557321e-01,7.477044e-01
5.900000e-12,3.221257e-05,-7.851319e-06,1.294835e-05,1.701867e-05,-4.080578e-01,8.607507e-01,7.536577e-01
6.000000e-12,2.760238e-05,-5.763991e-06,6.291297e-06,1.225633e-05,-4.101383e-01,8.636979e-01,7.581250e-01
6.100000e-12,2.306571e-05,-3.914575e-06,4.024201e-07,8.016369e-06,-4.116248e-01,8.647619e-01,7.612379e-01
6.200000e-12,1.874775e-05,-2.334394e-06,-4.486271e-06,4.423660e-06,-4.125932e-01,8.642078e-01,7.631716e-01
6.300000e-12,1.477997e-05,-1.041110e-06,-8.204810e-06,1.562113e-06,-4.131269e-01,8.623610e-01,7.641327e-01
6.400000e-12,1.127230e-05,-4.035504e-08,-1.065177e-05,-5.258512e-07,-4.133129e-01,8.595877e-01,7.643465e-01
6.500000e-12,8.307922e-06,6.723911e-07,-1.179710e-05,-1.837726e-06,-4.132388e-01,8.562735e-01,7.640455e-01
6.600000e-12,5.940342e-06,1.109891e-06,-1.168111e-05,-2.407533e-06,-4.129892e-01,8.528026e-01,7.634575e-01
6.700000e-12,4.192573e-06,1.291392e-06,-1.040976e-05,-2.300979e-06,-4.126444e-01,8.495369e-01,7.627953e-01
6.800000e-12,3.058042e-06,1.241118e-06,-8.146409e-06,-1.609521e-06,-4.122781e-01,8.467981e-01,7.622486e-01
6.900000e-12,2.503032e-06,9.870859e-07,-5.100499e-06,-4.437283e-07,-4.119560e-01,8.448520e-01,7.619765e-01
7.000000e-12,2.470336e-06,5.602080e-07,-1.513852e-06,1.073695e-06,-4.117352e-01,8.438967e-01,7.621033e-01
7.100000e-12,2.883808e-06,-6.340396e-09,2.354539e-06,2.814839e-06,-4.116628e-01,8.440552e-01,7.627157e-01
7.200000e-12,3.653513e-06,-6.776017e-07,6.244256e-06,4.653152e-06,-4.117760e-01,8.453729e-01,7.638625e-01
7.300000e-12,4.681144e-06,-1.417258e-06,9.908709e-06,6.469343e-06,-4.121008e-01,8.478193e-01,7.655552e-01
7.400000e-12,5.865421e-06,-2.188108e-06,1.312889e-05,8.156384e-06,-4.126523e-01,8.512943e-01,7.677717e-01
7.500000e-12,7.107195e-06,-2.952676e-06,1.572482e-05,9.623471e-06,-4.134343e-01,8.556380e-01,7.704599e-01
7.600000e-12,8.314015e-06,-3.674034e-06,1.756394e-05,1.079882e-05,-4.144392e-01,8.606438e-01,7.735435e-01
7.700000e-12,9.403985e-06,-4.316831e-06,1.856622e-05,1.163132e-05,-4.156486e-01,8.660734e-01,7.769275e-01
7.800000e-12,1.030878e-05,-4.848530e-06,1.870568e-05,1.209103e-05,-4.170339e-01,8.716724e-01,7.805048e-01
7.900000e-12,1.097572e-05,-5.240785e-06,1.800858e-05,1.216867e-05,-4.185573e-01,8.771867e-01,7.841622e-01
8.000000e-12,1.136897e-05,-5.470848e-06,1.654864e-05,1.187421e-05,-4.201733e-01,8.823771e-01,7.877867e-01
8.100000e-12,1.146975e-05,-5.522919e-06,1.443975e-05,1.123476e-05,-4.218308e-01,8.870322e-01,7.912706e-01
8.200000e-12,1.127581e-05,-5.389279e-06,1.182680e-05,1.029185e-05,-4.234749e-01,8.909797e-01,7.945168e-01
8.300000e-12,1.080013e-05,-5.071107e-06,8.875469e-06,9.098450e-06,-4.250502e-01,8.940934e-01,7.974419e-01
8.400000e-12,1.006907e-05,-4.578858e-06,5.761427e-06,7.715651e-06,-4.265029e-01,8.962984e-01,7.999799e-01
8.500000e-12,9.120068e-06,-3.932141e-06,2.659754e-06,6.209431e-06,-4.277836e-01,8.975722e-01,8.020837e-01
8.600000e-12,7.999033e-06,-3.159037e-06,-2.649381e-07,4.647431e-06,-4.288505e-01,8.979431e-01,8.037264e-01
8.700000e-12,6.757601e-06,-2.294881e-06,-2.867187e-06,3.095945e-06,-4.296709e-01,8.974859e-01,8.049011e-01
8.800000e-12,5.450346e-06,-1.380538e-06,-5.027787e-06,1.617203e-06,-4.302241e-01,8.963151e-01,8.056203e-01
8.900000e-12,4.132080e-06,-4.602604e-07,-6.659041e-06,2.669854e-07,-4.305017e-01,8.945759e-01,8.059141e-01
9.000000e-12,2.855350e-06,4.207424e-07,-7.707973e-06,-9.073422e-07,-4.305090e-01,8.924347e-01,8.058282e-01
9.100000e-12,1.668192e-06,1.218885e-06,-8.157424e-06,-1.868371e-06,-4.302646e-01,8.900686e-01,8.054211e-01
9.200000e-12,6.122324e-07,1.894766e-06,-8.025073e-06,-2.589721e-06,-4.297992e-01,8.876542e-01,8.047608e-01
9.300000e-12,-2.788279e-07,2.415541e-06,-7.360509e-06,-3.056641e-06,-4.291548e-01,8.853585e-01,8.039216e-01
9.400000e-12,-9.803053e-07,2.756941e-06,-6.240599e-06,-3.266125e-06,-4.283815e-01,8.833290e-01,8.029802e-01
9.500000e-12,-1.477182e-06,2.904800e-06,-4.763494e-06,-3.226563e-06,-4.275354e-01,8.816876e-01,8.020128e-01
9.600000e-12,-1.764304e-06,2.855973e-06,-3.041680e-06,-2.956940e-06,-4.266748e-01,8.805243e-01,8.010913e-01
9.700000e-12,-1.846151e-06,2.618573e-06,-1.194540e-06,-2.485620e-06,-4.258575e-01,8.798946e-01,8.002807e-01
9.800000e-12,-1.736182e-06,2.211498e-06,6.590975e-07,-1.848768e-06,-4.251371e-01,8.798182e-01,7.996360e-01
9.900000e-12,-1.455823e-06,1.663273e-06,2.407949e-06,-1.088469e-06,-4.245600e-01,8.802805e-01,7.992006e-01
1.000000e-11,-1.033137e-06,1.010277e-06,3.954395e-06,-2.506357e-07,-4.241630e-01,8.812357e-01,7.990047e-01
1.010000e-11,2.719004e-07,4.367931e-06,8.499279e-06,8.088092e-07,-4.231458e-01,8.832757e-01,7.991032e-01
1.020000e-11,1.622226e-06,1.260677e-05,1.676803e-05,2.121482e-06,-4.202530e-01,8.873524e-01,7.995658e-01
1.030000e-11,3.108184e-06,2.537118e-05,2.855213e-05,3.690248e-06,-4.141494e-01,8.944951e-01,8.004675e-01
1.040000e-11,4.804274e-06,4.169229e-05,4.319067e-05,5.512670e-06,-4.036692e-01,9.056251e-01,8.018848e-01
1.050000e-11,6.755680e-06,6.026900e-05,5.978091e-05,7.587016e-06,-3.879672e-01,9.214448e-01,8.038941e-01
1.060000e-11,8.979788e-06,7.964303e-05,7.730644e-05,9.911422e-06,-3.666000e-01,9.423780e-01,8.065716e-01
1.070000e-11,1.147164e-05,9.833920e-05,9.473967e-05,1.248030e-05,-3.395572e-01,9.685470e-01,8.099923e-01
1.080000e-11,1.420930e-05,1.149886e-04,1.111310e-04,1.527993e-05,-3.072497e-01,9.997817e-01,8.142277e-01
1.090000e-11,1.715818e-05,1.284351e-04,1.256830e-04,1.828455e-05,-2.704636e-01,1.035653e+00,8.193434e-01
1.100000e-11,2.027410e-05,1.378212e-04,1.378061e-04,2.145367e-05,-2.302833e-01,1.075525e+00,8.253945e-01
1.110000e-11,2.350575e-05,1.426464e-04,1.471508e-04,2.473123e-05,-1.879941e-01,1.118624e+00,8.324213e-01
1.120000e-11,2.679665e-05,1.427946e-04,1.536161e-04,2.804691e-05,-1.449720e-01,1.164108e+00,8.404450e-01
1.130000e-11,3.008719e-05,1.385282e-04,1.573366e-04,3.131947e-05,-1.025697e-01,1.211141e+00,8.494639e-01
1.140000e-11,3.331668e-05,1.304481e-04,1.586498e-04,3.446178e-05,-6.201091e-02,1.258956e+00,8.594511e-01
1.150000e-11,3.642588e-05,1.194272e-04,1.580518e-04,3.738723e-05,-2.429906e-02,1.306911e+00,8.703537e-01
1.160000e-11,3.935969e-05,1.065227e-04,1.561451e-04,4.001655e-05,9.849755e-03,1.354526e+00,8.820940e-01
1.170000e-11,4.207011e-05,9.287703e-05,1.535862e-04,4.228464e-05,4.004670e-02,1.401510e+00,8.945730e-01
1.180000e-11,4.451917e-05,7.961831e-05,1.510364e-04,4.414657e-05,6.624055e-02,1.447766e+00,9.076754e-01
1.190000e-11,4.668181e-05,6.776804e-05,1.491206e-04,4.558225e-05,8.869953e-02,1.493392e+00,9.212764e-01
1.200000e-11,4.854823e-05,5.816425e-05,1.483955e-04,4.659940e-05,1.079681e-01,1.538661e+00,9.352496e-01
1.210000e-11,4.935255e-05,4.733140e-05,1.460495e-04,4.704299e-05,1.239789e-01,1.583336e+00,9.494368e-01
1.220000e-11,4.991852e-05,3.479204e-05,1.415061e-04,4.689679e-05,1.363636e-01,1.626892e+00,9.636657e-01
1.230000e-11,5.015524e-05,2.101790e-05,1.349573e-04,4.619848e-05,1.447494e-01,1.668749e+00,9.777671e-01
1.240000e-11,4.999952e-05,6.828733e-06,1.268593e-04,4.501148e-05,1.489279e-01,1.708399e+00,9.915855e-01
1.250000e-11,4.942738e-05,-6.862663e-06,1.177432e-04,4.341270e-05,1.489306e-01,1.745467e+00,1.004986e+00
1.260000e-11,4.844994e-05,-1.918405e-05,1.081342e-04,4.148579e-05,1.450454e-01,1.779728e+00,1.017856e+00
1.270000e-11,4.710489e-05,-2.938945e-05,9.851071e-05,3.931681e-05,1.377970e-01,1.811103e+00,1.030111e+00
1.280000e-11,4.544803e-05,-3.691814e-05,8.928164e-05,3.699093e-05,1.279024e-01,1.839647e+00,1.041689e+00
1.290000e-11,4.354603e-05,-4.143186e-05,8.077528e-05,3.458997e-05,1.162113e-01,1.865524e+00,1.052555e+00
1.300000e-11,4.147067e-05,-4.283120e-05,7.323512e-05,3.219037e-05,1.036381e-01,1.888985e+00,1.062698e+00
1.310000e-11,3.929452e-05,-4.125186e-05,6.682176e-05,2.986163e-05,9.109062e-02,1.910342e+00,1.072128e+00
1.320000e-11,3.708759e-05,-3.704229e-05,6.161918e-05,2.766514e-05,7.940452e-02,1.929943e+00,1.080875e+00
1.330000e-11,3.491491e-05,-3.072571e-05,5.764423e-05,2.565323e-05,6.928508e-02,1.948153e+00,1.088988e+00
1.340000e-11,3.283489e-05,-2.295044e-05,5.485849e-05,2.386864e-05,6.126289e-02,1.965336e+00,1.096527e+00
1.350000e-11,3.089806e-05,-1.443327e-05,5.318127e-05,2.234414e-05,5.566509e-02,1.981836e+00,1.103566e+00
1.360000e-11,2.914646e-05,-5.900780e-06,5.250312e-05,2.110252e-05,5.260384e-02,1.997972e+00,1.110187e+00
1.370000e-11,2.761325e-05,1.966508e-06,5.269895e-05,2.015678e-05,5.198178e-02,2.014026e+00,1.116477e+00
1.380000e-11,2.632277e-05,8.582967e-06,5.364013e-05,1.951062e-05,5.351307e-02,2.030243e+00,1.122526e+00
1.390000e-11,2.529078e-05,1.349625e-05,5.520495e-05,1.915921e-05,5.675742e-02,2.046831e+00,1.128424e+00
1.400000e-11,2.452506e-05,1.641294e-05,5.728713e-05,1.909016e-05,6.116363e-02,2.063966e+00,1.134257e+00
1.410000e-11,2.402611e-05,1.721021e-05,5.980205e-05,1.928475e-05,6.611861e-02,2.081791e+00,1.140107e+00
1.420000e-11,2.378812e-05,1.593355e-05,6.269065e-05,1.971936e-05,7.099792e-02,2.100432e+00,1.146052e+00
1.430000e-11,2.380006e-05,1.278165e-05,6.592116e-05,2.036702e-05,7.521352e-02,2.119999e+00,1.152159e+00
1.440000e-11,2.404690e-05,8.080472e-06,6.948884e-05,2.119909e-05,7.825558e-02,2.140598e+00,1.158489e+00
1.450000e-11,2.451089e-05,2.249186e-06,7.341417e-05,2.218692e-05,7.972521e-02,2.162336e+00,1.165094e+00
1.460000e-11,2.517289e-05,-4.238695e-06,7.773989e-05,2.330349e-05,7.935646e-02,2.185329e+00,1.172016e+00
1.470000e-11,2.601375e-05,-1.089581e-05,8.252758e-05,2.452498e-05,7.702639e-02,2.209711e+00,1.179291e+00
1.490000e-11,2.816288e-05,-2.292778e-05,9.380854e-05,2.721151e-05,6.668461e-02,2.263279e+00,1.195014e+00
1.500000e-11,2.944396e-05,-2.758388e-05,1.004902e-04,2.865629e-05,5.907404e-02,2.292850e+00,1.203507e+00
1.510000e-11,3.085165e-05,-3.101868e-05,1.080074e-04,3.016715e-05,5.025376e-02,2.324586e+00,1.212449e+00
1.520000e-11,3.238433e-05,-3.313913e-05,1.164788e-04,3.175267e-05,4.060071e-02,2.358759e+00,1.221862e+00
1.530000e-11,3.404668e-05,-3.396906e-05,1.260351e-04,3.342963e-05,3.050194e-02,2.395681e+00,1.231771e+00
1.540000e-11,3.585029e-05,-3.364098e-05,1.368236e-04,3.522316e-05,2.032107e-02,2.435705e+00,1.242210e+00
1.550000e-11,3.781429e-05,-3.238011e-05,1.490137e-04,3.716679e-05,1.036824e-02,2.479232e+00,1.253218e+00
1.560000e-11,3.996578e-05,-3.048269e-05,1.628043e-04,3.930249e-05,8.757816e-04,2.526720e+00,1.264849e+00
1.570000e-11,4.234041e-05,-2.829065e-05,1.784325e-04,4.168085e-05,-8.019180e-03,2.578694e+00,1.277169e+00
1.580000e-11,4.498291e-05,-2.616477e-05,1.961827e-04,4.436138e-05,-1.628434e-02,2.635759e+00,1.290262e+00
1.590000e-11,4.794778e-05,-2.445879e-05,2.163957e-04,4.741318e-05,-2.399398e-02,2.698616e+00,1.304231e+00
1.600000e-11,5.130014e-05,-2.349643e-05,2.394779e-04,5.091592e-05,-3.132351e-02,2.768079e+00,1.319201e+00
1.610000e-11,5.511678e-05,-2.355292e-05,2.659061e-04,5.496139e-05,-3.853778e-02,2.845098e+00,1.335324e+00
1.620000e-11,5.948737e-05,-2.484225e-05,2.962277e-04,5.965555e-05,-4.597480e-02,2.930777e+00,1.352783e+00
1.630000e-11,6.451596e-05,-2.751076e-05,3.310493e-04,6.512127e-05,-5.402664e-02,3.026397e+00,1.371795e+00
1.640000e-11,7.032233e-05,-3.163698e-05,3.710076e-04,7.150158e-05,-6.311925e-02,3.133425e+00,1.392616e+00
1.650000e-11,7.704314e-05,-3.723703e-05,4.167080e-04,7.896356e-05,-7.369319e-02,3.253514e+00,1.415552e+00
1.660000e-11,8.483224e-05,-4.427430e-05,4.686154e-04,8.770232e-05,-8.618644e-02,3.388470e+00,1.440963e+00
1.670000e-11,9.385928e-05,-5.267124e-05,5.268721e-04,9.794481e-05,-1.010204e-01,3.540183e+00,1.469274e+00
1.680000e-11,1.043054e-04,-6.232061e-05,5.910190e-04,1.099526e-04,-1.185893e-01,3.710477e+00,1.500983e+00
1.690000e-11,1.163547e-04,-7.309298e-05,6.596062e-04,1.240218e-04,-1.392520e-01,3.900857e+00,1.536676e+00
1.700000e-11,1.301799e-04,-8.483655e-05,7.297185e-04,1.404801e-04,-1.633248e-01,4.112135e+00,1.577031e+00
1.710000e-11,1.459228e-04,-9.736625e-05,7.965214e-04,1.596768e-04,-1.910724e-01,4.343912e+00,1.622828e+00
1.720000e-11,1.636719e-04,-1.104403e-04,8.530509e-04,1.819673e-04,-2.226934e-01,4.593972e+00,1.674955e+00
1.730000e-11,1.834436e-04,-1.237260e-04,8.905684e-04,2.076935e-04,-2.582968e-01,4.857727e+00,1.734403e+00
1.740000e-11,2.051789e-04,-1.367622e-04,8.997423e-04,2.371633e-04,-2.978684e-01,5.127906e+00,1.802260e+00
1.750000e-11,2.287640e-04,-1.489303e-04,8.725921e-04,2.706409e-04,-3.412276e-01,5.394725e+00,1.879703e+00
1.760000e-11,2.540807e-04,-1.594490e-04,8.046372e-04,3.083577e-04,-3.879801e-01,5.646660e+00,1.967981e+00
1.770000e-11,2.810776e-04,-1.674056e-04,6.963995e-04,3.505526e-04,-4.374754e-01,5.871707e+00,2.068418e+00
1.780000e-11,3.098497e-04,-1.718255e-04,5.536571e-04,3.975447e-04,-4.887804e-01,6.058876e+00,2.182427e+00
1.790000e-11,3.407095e-04,-1.717736e-04,3.864816e-04,4.498272e-04,-5.406781e-01,6.199555e+00,2.311552e+00
1.800000e-11,3.742405e-04,-1.664720e-04,2.076102e-04,5.081662e-04,-5.916993e-01,6.288503e+00,2.457532e+00
1.810000e-11,4.113297e-04,-1.554142e-04,3.077004e-05,5.736685e-04,-6.401885e-01,6.324386e+00,2.622399e+00
1.820000e-11,4.531697e-04,-1.384615e-04,-1.307139e-04,6.477730e-04,-6.843996e-01,6.309868e+00,2.808574e+00
1.830000e-11,5.012124e-04,-1.159083e-04,-2.650077e-04,7.320918e-04,-7.226161e-01,6.251347e+00,3.018931e+00
1.840000e-11,5.570351e-04,-8.851263e-05,-3.626657e-04,8.279900e-04,-7.532848e-01,6.158375e+00,3.256775e+00
1.850000e-11,6.220557e-04,-5.748913e-05,-4.173672e-04,9.357628e-04,-7.751532e-01,6.042838e+00,3.525613e+00
1.860000e-11,6.970221e-04,-2.446482e-05,-4.263851e-04,1.053281e-03,-7.873985e-01,5.917954e+00,3.828588e+00
1.870000e-11,7.812251e-04,8.602270e-06,-3.906345e-04,1.174179e-03,-7.897377e-01,5.797195e+00,4.167432e+00
1.880000e-11,8.715124e-04,3.953979e-05,-3.142731e-04,1.286198e-03,-7.825079e-01,5.693280e+00,4.540923e+00
1.890000e-11,9.614472e-04,6.611007e-05,-2.040147e-04,1.371092e-03,-7.667062e-01,5.617315e+00,4.943162e+00
1.900000e-11,1.041245e-03,8.618495e-05,-6.842064e-05,1.407764e-03,-7.439805e-01,5.578133e+00,5.362410e+00
1.910000e-11,1.099080e-03,9.793523e-05,8.262771e-05,1.378716e-03,-7.165666e-01,5.581811e+00,5.781445e+00
1.920000e-11,1.123661e-03,1.000181e-04,2.382528e-04,1.276765e-03,-6.871681e-01,5.631299e+00,6.179756e+00
1.930000e-11,1.107094e-03,9.174238e-05,3.868648e-04,1.107798e-03,-6.587845e-01,5.726162e+00,6.536932e+00
1.940000e-11,1.046747e-03,7.319043e-05,5.166734e-04,8.881512e-04,-6.344971e-01,5.862445e+00,6.835903e+00
1.950000e-11,9.454789e-04,4.527641e-05,6.166347e-04,6.390045e-04,-6.172298e-01,6.032784e+00,7.065002e+00
1.960000e-11,8.105090e-04,9.726538e-06,6.778051e-04,3.812510e-04,-6.095037e-01,6.226866e+00,7.218598e+00
1.970000e-11,6.516895e-04,-3.102657e-05,6.947377e-04,1.326437e-04,-6.132133e-01,6.432292e+00,7.296667e+00
1.980000e-11,4.798935e-04,-7.403177e-05,6.663650e-04,-9.285071e-05,-6.294464e-01,6.635752e+00,7.303881e+00
1.990000e-11,3.058813e-04,-1.160728e-04,5.959684e-04,-2.844875e-04,-6.583702e-01,6.824297e+00,7.248657e+00
2.000000e-11,1.396571e-04,-1.539581e-04,4.902750e-04,-4.339873e-04,-6.991986e-01,6.986460e+00,7.142337e+00
2.010000e-11,-9.874906e-06,-1.848086e-04,3.581165e-04,-5.352449e-04,-7.502445e-01,7.113057e+00,6.998473e+00
2.020000e-11,-1.351861e-04,-2.063045e-04,2.091825e-04,-5.846844e-04,-8.090508e-01,7.197630e+00,6.832079e+00
2.030000e-11,-2.304666e-04,-2.168584e-04,5.320695e-05,-5.819910e-04,-8.725816e-01,7.236599e+00,6.658721e+00
2.040000e-11,-2.920253e-04,-2.156975e-04,-1.003706e-04,-5.306823e-04,-9.374522e-01,7.229257e+00,6.493435e+00
2.050000e-11,-3.186178e-04,-2.028581e-04,-2.424473e-04,-4.380648e-04,-1.000168e+00,7.177697e+00,6.349602e+00
2.060000e-11,-3.115569e-04,-1.791102e-04,-3.642829e-04,-3.144779e-04,-1.057356e+00,7.086718e+00,6.237954e+00
2.070000e-11,-2.745377e-04,-1.458432e-04,-4.577627e-04,-1.720879e-04,-1.105962e+00,6.963664e+00,6.165878e+00
2.080000e-11,-2.132088e-04,-1.049408e-04,-5.160250e-04,-2.360770e-05,-1.143422e+00,6.818115e+00,6.137071e+00
2.090000e-11,-1.345866e-04,-5.866505e-05,-5.343627e-04,1.188061e-04,-1.167792e+00,6.661353e+00,6.151535e+00
2.100000e-11,-4.641111e-05,-9.557502e-06,-5.111067e-04,2.444249e-04,-1.177851e+00,6.505565e+00,6.205869e+00
2.110000e-11,4.349474e-05,3.965008e-05,-4.481340e-04,3.446524e-04,-1.173173e+00,6.362857e+00,6.293796e+00
2.120000e-11,1.278335e-04,8.612780e-05,-3.507918e-04,4.136027e-04,-1.154166e+00,6.244229e+00,6.406888e+00
2.130000e-11,2.003826e-04,1.270595e-04,-2.272863e-04,4.484964e-04,-1.122093e+00,6.158645e+00,6.535437e+00
2.140000e-11,2.564405e-04,1.597866e-04,-8.777525e-05,4.497474e-04,-1.079033e+00,6.112336e+00,6.669392e+00
2.150000e-11,2.931108e-04,1.819883e-04,5.658774e-05,4.206516e-04,-1.027815e+00,6.108363e+00,6.799254e+00
2.160000e-11,3.093776e-04,1.918872e-04,1.945363e-04,3.667106e-04,-9.718721e-01,6.146445e+00,6.916826e+00
2.170000e-11,3.059681e-04,1.884584e-04,3.155184e-04,2.947514e-04,-9.150486e-01,6.223054e+00,7.015724e+00
2.180000e-11,2.850456e-04,1.716032e-04,4.105283e-04,2.120490e-04,-8.613459e-01,6.331750e+00,7.091644e+00
2.190000e-11,2.498114e-04,1.422498e-04,4.729233e-04,1.256154e-04,-8.146296e-01,6.463782e+00,7.142397e+00
2.200000e-11,2.040910e-04,1.023476e-04,4.990824e-04,4.171891e-05,-7.783250e-01,6.608891e+00,7.167766e+00
2.210000e-11,1.519627e-04,5.474209e-05,4.886961e-04,-3.438198e-05,-7.551345e-01,6.756256e+00,7.169257e+00
2.220000e-11,9.745317e-05,2.938229e-06,4.445607e-04,-9.855785e-05,-7.468091e-01,6.895431e+00,7.149789e+00
2.230000e-11,4.430023e-05,-4.921741e-05,3.719312e-04,-1.478516e-04,-7.540039e-01,7.017165e+00,7.113350e+00
2.240000e-11,-4.230552e-06,-9.789381e-05,2.776503e-04,-1.804945e-04,-7.762324e-01,7.113986e+00,7.064641e+00
2.250000e-11,-4.548757e-05,-1.396235e-04,1.693109e-04,-1.959101e-04,-8.119253e-01,7.180557e+00,7.008719e+00
2.260000e-11,-7.753951e-05,-1.715967e-04,5.463016e-05,-1.946942e-04,-8.585831e-01,7.213814e+00,6.950640e+00
2.270000e-11,-9.924326e-05,-1.918668e-04,-5.892189e-05,-1.785409e-04,-9.130020e-01,7.212963e+00,6.895113e+00
2.280000e-11,-1.102651e-04,-1.994492e-04,-1.643104e-04,-1.500940e-04,-9.715438e-01,7.179396e+00,6.846200e+00
2.290000e-11,-1.110481e-04,-1.943123e-04,-2.550684e-04,-1.127159e-04,-1.030419e+00,7.116538e+00,6.807063e+00
2.300000e-11,-1.027230e-04,-1.772825e-04,-3.254973e-04,-7.018813e-05,-1.085957e+00,7.029649e+00,6.779799e+00
2.310000e-11,-8.696962e-05,-1.498919e-04,-3.710029e-04,-2.637687e-05,-1.134832e+00,6.925533e+00,6.765368e+00
2.320000e-11,-6.584230e-05,-1.142031e-04,-3.885393e-04,1.510000e-05,-1.174258e+00,6.812121e+00,6.763616e+00
2.330000e-11,-4.157639e-05,-7.263911e-05,-3.770493e-04,5.116554e-05,-1.202115e+00,6.697939e+00,6.773397e+00
2.340000e-11,-1.639555e-05,-2.783372e-05,-3.377450e-04,7.950629e-05,-1.217038e+00,6.591462e+00,6.792763e+00
2.350000e-11,7.663433e-06,1.749539e-05,-2.741150e-04,9.870487e-05,-1.218469e+00,6.500442e+00,6.819213e+00
2.360000e-11,2.889393e-05,6.065715e-05,-1.916290e-04,1.082750e-04,-1.206659e+00,6.431284e+00,6.849962e+00
2.370000e-11,4.602051e-05,9.909371e-05,-9.720872e-05,1.086038e-04,-1.182648e+00,6.388540e+00,6.882212e+00
2.380000e-11,5.825198e-05,1.304946e-04,1.429161e-06,1.008171e-04,-1.148211e+00,6.374581e+00,6.913384e+00
2.390000e-11,6.528638e-05,1.529242e-04,9.646019e-05,8.659182e-05,-1.105754e+00,6.389468e+00,6.941316e+00
2.400000e-11,6.727290e-05,1.649599e-04,1.806122e-04,6.794132e-05,-1.058186e+00,6.431017e+00,6.964389e+00
2.410000e-11,6.474037e-05,1.658248e-04,2.477622e-04,4.699991e-05,-1.008739e+00,6.495056e+00,6.981601e+00
2.420000e-11,5.850396e-05,1.554945e-04,2.934297e-04,2.582604e-05,-9.607583e-01,6.575841e+00,6.992570e+00
2.430000e-11,4.956157e-05,1.347500e-04,3.151119e-04,6.238518e-06,-9.174686e-01,6.666602e+00,6.997490e+00
2.440000e-11,3.898970e-05,1.051568e-04,3.124018e-04,-1.030666e-05,-8.817372e-01,6.760138e+00,6.997042e+00
2.450000e-11,2.784632e-05,6.896086e-05,2.868669e-04,-2.279558e-05,-8.558574e-01,6.849428e+00,6.992275e+00
2.460000e-11,1.708632e-05,2.890721e-05,2.417223e-04,-3.069222e-05,-8.413751e-01,6.928156e+00,6.984469e+00
2.470000e-11,7.493998e-06,-1.199879e-05,1.813792e-04,-3.393309e-05,-8.389782e-01,6.991141e+00,6.974993e+00
2.480000e-11,-3.637910e-07,-5.075717e-05,1.109688e-04,-3.288508e-05,-8.484611e-01,7.034614e+00,6.965173e+00
2.490000e-11,-6.161339e-06,-8.463322e-05,3.591738e-05,-2.827199e-05,-8.687661e-01,7.056381e+00,6.956173e+00
2.500000e-11,-9.813809e-06,-1.113802e-04,-3.839545e-05,-2.107720e-05,-8.980966e-01,7.055859e+00,6.948903e+00
2.510000e-11,-1.145438e-05,-1.294007e-04,-1.069041e-04,-1.243116e-05,-9.340860e-01,7.034030e+00,6.943961e+00
2.520000e-11,-1.139263e-05,-1.378337e-04,-1.650850e-04,-3.493576e-06,-9.740033e-01,6.993312e+00,6.941607e+00
2.530000e-11,-1.005984e-05,-1.365648e-04,-2.091774e-04,4.659336e-06,-1.014973e+00,6.937367e+00,6.941765e+00
2.540000e-11,-7.948245e-06,-1.261702e-04,-2.364120e-04,1.113287e-05,-1.054188e+00,6.870829e+00,6.944074e+00
2.550000e-11,-5.551061e-06,-1.078117e-04,-2.452262e-04,1.528869e-05,-1.089098e+00,6.798974e+00,6.947940e+00
2.560000e-11,-3.309536e-06,-8.310242e-05,-2.354265e-04,1.679068e-05,-1.117569e+00,6.727332e+00,6.952630e+00
2.570000e-11,-1.571334e-06,-5.396374e-05,-2.082466e-04,1.561903e-05,-1.137991e+00,6.661268e+00,6.957357e+00
2.580000e-11,-5.630258e-07,-2.248572e-05,-1.662681e-04,1.205283e-05,-1.149353e+00,6.605565e+00,6.961375e+00
2.590000e-11,-3.775900e-07,9.201541e-06,-1.132017e-04,6.624807e-06,-1.151277e+00,6.564067e+00,6.964056e+00
2.600000e-11,-9.765413e-07,3.904421e-05,-5.355341e-05,5.407086e-08,-1.144009e+00,6.539385e+00,6.964960e+00
2.610000e-11,-2.205173e-06,6.517053e-05,7.779524e-06,-6.835665e-06,-1.128384e+00,6.532734e+00,6.963877e+00
2.620000e-11,-3.818558e-06,8.598843e-05,6.593617e-05,-1.320413e-05,-1.105758e+00,6.543874e+00,6.960841e+00
2.630000e-11,-5.515248e-06,1.002747e-04,1.165017e-04,-1.828058e-05,-1.077903e+00,6.571187e+00,6.956126e+00
2.640000e-11,-6.975172e-06,1.072519e-04,1.558630e-04,-2.144027e-05,-1.046892e+00,6.611864e+00,6.950212e+00
2.650000e-11,-7.898015e-06,1.066456e-04,1.814794e-04,-2.226462e-05,-1.014952e+00,6.662185e+00,6.943730e+00
2.660000e-11,-8.038520e-06,9.871188e-05,1.920421e-04,-2.058004e-05,-9.843095e-01,6.717861e+00,6.937400e+00
2.670000e-11,-7.235525e-06,8.422615e-05,1.875085e-04,-1.647212e-05,-9.570337e-01,6.774403e+00,6.931954e+00
2.680000e-11,-5.432141e-06,6.442875e-05,1.690151e-04,-1.027443e-05,-9.348905e-01,6.827487e+00,6.928057e+00
2.690000e-11,-2.685211e-06,4.092739e-05,1.386915e-04,-2.533498e-06,-9.192188e-01,6.873277e+00,6.926245e+00
2.700000e-11,8.369604e-07,1.556469e-05,9.941190e-05,6.046045e-06,-9.108420e-01,6.908677e+00,6.926866e+00
2.710000e-11,4.868544e-06,-9.736232e-06,5.452188e-05,1.467033e-05,-9.100220e-01,6.931522e+00,6.930044e+00
2.720000e-11,9.070608e-06,-3.313118e-05,7.572153e-06,2.253200e-05,-9.164600e-01,6.940671e+00,6.935668e+00
2.730000e-11,1.306364e-05,-5.300215e-05,-3.792562e-05,2.888542e-05,-9.293426e-01,6.936038e+00,6.943394e+00
2.740000e-11,1.646483e-05,-6.807737e-05,-7.871595e-05,3.311440e-05,-9.474271e-01,6.918548e+00,6.952677e+00
2.750000e-11,1.892607e-05,-7.751316e-05,-1.119921e-04,3.478646e-05,-9.691571e-01,6.890032e+00,6.962818e+00
2.760000e-11,2.016881e-05,-8.093273e-05,-1.355653e-04,3.368952e-05,-9.927949e-01,6.853066e+00,6.973023e+00
2.770000e-11,2.001190e-05,-7.842225e-05,-1.480055e-04,2.984860e-05,-1.016560e+00,6.810762e+00,6.982471e+00
2.780000e-11,1.839016e-05,-7.048990e-05,-1.487404e-04,2.352212e-05,-1.038761e+00,6.766531e+00,6.990385e+00
2.790000e-11,1.536190e-05,-5.799680e-05,-1.380977e-04,1.517912e-05,-1.057909e+00,6.723813e+00,6.996098e+00
2.800000e-11,1.110550e-05,-4.206964e-05,-1.172760e-04,5.459778e-06,-1.072814e+00,6.685817e+00,6.999109e+00
2.810000e-11,5.905655e-06,-2.400470e-05,-8.824045e-05,-4.876887e-06,-1.082645e+00,6.655277e+00,6.999124e+00
2.820000e-11,1.310371e-07,-5.170705e-06,-5.354919e-05,-1.501430e-05,-1.086970e+00,6.634249e+00,6.996088e+00
2.830000e-11,-5.794666e-06,1.308397e-05,-1.612853e-05,-2.414386e-05,-1.085761e+00,6.623973e+00,6.990185e+00
2.840000e-11,-1.142597e-05,2.951624e-05,2.098083e-05,-3.153006e-05,-1.079379e+00,6.624798e+00,6.981830e+00
2.850000e-11,-1.633064e-05,4.306302e-05,5.488038e-05,-3.657046e-05,-1.068528e+00,6.636190e+00,6.971637e+00
2.860000e-11,-2.012408e-05,5.290338e-05,8.304911e-05,-3.884564e-05,-1.054195e+00,6.656810e+00,6.960371e+00
2.870000e-11,-2.250048e-05,5.850561e-05,1.035362e-04,-3.815514e-05,-1.037565e+00,6.684657e+00,6.948886e+00
2.880000e-11,-2.325831e-05,5.965635e-05,1.150942e-04,-3.453561e-05,-1.019938e+00,6.717254e+00,6.938062e+00
2.890000e-11,-2.231816e-05,5.646854e-05,1.172437e-04,-2.825931e-05,-1.002623e+00,6.751869e+00,6.928730e+00
2.900000e-11,-1.973097e-05,4.936645e-05,1.102659e-04,-1.981246e-05,-9.868514e-01,6.785744e+00,6.921605e+00
2.910000e-11,-1.567596e-05,3.904710e-05,9.513259e-05,-9.855035e-06,-9.736845e-01,6.816307e+00,6.917234e+00
2.920000e-11,-1.044786e-05,2.642041e-05,7.338425e-05,8.343924e-07,-9.639435e-01,6.841359e+00,6.915946e+00
2.930000e-11,-4.434444e-06,1.253252e-05,4.697677e-05,1.142368e-05,-9.581579e-01,6.859226e+00,6.917831e+00
2.940000e-11,1.914092e-06,-1.520729e-06,1.811199e-05,2.109594e-05,-9.565374e-01,6.868851e+00,6.922733e+00
2.950000e-11,8.121084e-06,-1.468224e-05,-1.093294e-05,2.911584e-05,-9.589714e-01,6.869845e+00,6.930265e+00
2.960000e-11,1.372167e-05,-2.601543e-05,-3.796787e-05,3.488735e-05,-9.650526e-01,6.862485e+00,6.939842e+00
2.970000e-11,1.829985e-05,-3.477216e-05,-6.103719e-05,3.799833e-05,-9.741235e-01,6.847667e+00,6.950732e+00
2.980000e-11,2.152098e-05,-4.044106e-05,-7.854782e-05,3.824866e-05,-9.853392e-01,6.826817e+00,6.962110e+00
2.990000e-11,2.315705e-05,-4.277338e-05,-8.937234e-05,3.566033e-05,-9.977423e-01,6.801762e+00,6.973126e+00
3.000000e-11,2.310266e-05,-4.178577e-05,-9.292103e-05,3.046997e-05,-1.010341e+00,6.774588e+00,6.982971e+00
3.010000e-11,2.138076e-05,-3.774192e-05,-8.917617e-05,2.310529e-05,-1.022186e+00,6.747466e+00,6.990933e+00
3.020000e-11,1.813829e-05,-3.111666e-05,-7.868317e-05,1.414827e-05,-1.032438e+00,6.722486e+00,6.996453e+00
3.030000e-11,1.363251e-05,-2.254721e-05,-6.249699e-05,4.288567e-06,-1.040422e+00,6.701499e+00,6.999161e+00
3.040000e-11,8.209568e-06,-1.277659e-05,-4.208672e-05,-5.729385e-06,-1.045672e+00,6.685978e+00,6.998904e+00
3.050000e-11,2.277365e-06,-2.593714e-06,-1.920638e-05,-1.516171e-05,-1.047947e+00,6.676914e+00,6.995747e+00
3.060000e-11,-3.725324e-06,7.225403e-06,4.255994e-06,-2.331942e-05,-1.047242e+00,6.674755e+00,6.989970e+00
3.070000e-11,-9.361170e-06,1.597209e-05,2.643686e-05,-2.961823e-05,-1.043772e+00,6.679390e+00,6.982045e+00
3.080000e-11,-1.422596e-05,2.305209e-05,4.564836e-05,-3.362056e-05,-1.037945e+00,6.690183e+00,6.972593e+00
3.090000e-11,-1.797756e-05,2.802280e-05,6.050869e-05,-3.506676e-05,-1.030326e+00,6.706037e+00,6.962339e+00
3.100000e-11,-2.036020e-05,3.061893e-05,7.004075e-05,-3.389312e-05,-1.021584e+00,6.725510e+00,6.952055e+00
3.110000e-11,-2.122244e-05,3.076472e-05,7.373141e-05,-3.023482e-05,-1.012438e+00,6.746937e+00,6.942503e+00
3.120000e-11,-2.052736e-05,2.857235e-05,7.154880e-05,-2.441347e-05,-1.003602e+00,6.768573e+00,6.934373e+00
3.130000e-11,-1.835421e-05,2.432630e-05,6.391882e-05,-1.690976e-05,-9.957285e-01,6.788732e+00,6.928238e+00
3.140000e-11,-1.489114e-05,1.845494e-05,5.166672e-05,-8.323625e-06,-9.893657e-01,6.805918e+00,6.924507e+00
3.150000e-11,-1.041956e-05,1.149175e-05,3.593187e-05,6.749224e-07,-9.849169e-01,6.818926e+00,6.923399e+00
3.160000e-11,-5.291255e-06,4.029216e-06,1.806520e-05,9.399739e-06,-9.826178e-01,6.826921e+00,6.924935e+00
3.170000e-11,9.976252e-08,-3.330299e-06,-4.814773e-07,1.720268e-05,-9.825260e-01,6.829489e+00,6.928931e+00
3.180000e-11,5.348428e-06,-1.002258e-05,-1.826634e-05,2.352315e-05,-9.845257e-01,6.826644e+00,6.935028e+00
3.190000e-11,1.007003e-05,-1.556434e-05,-3.396186e-05,2.792898e-05,-9.883451e-01,6.818817e+00,6.942718e+00
3.200000e-11,1.392923e-05,-1.958724e-05,-4.644716e-05,3.014560e-05,-9.935860e-01,6.806799e+00,6.951388e+00
3.210000e-11,1.666439e-05,-2.186082e-05,-5.488341e-05,3.007161e-05,-9.997613e-01,6.791675e+00,6.960370e+00
3.220000e-11,1.810519e-05,-2.230297e-05,-5.876794e-05,2.778024e-05,-1.006338e+00,6.774729e+00,6.968991e+00
3.230000e-11,1.818262e-05,-2.097804e-05,-5.796317e-05,2.350748e-05,-1.012779e+00,6.757339e+00,6.976626e+00
3.240000e-11,1.693068e-05,-1.808354e-05,-5.269794e-05,1.762858e-05,-1.018590e+00,6.740867e+00,6.982743e+00
3.250000e-11,1.448038e-05,-1.392743e-05,-4.354040e-05,1.062545e-05,-1.023348e+00,6.726557e+00,6.986934e+00
3.260000e-11,1.104665e-05,-8.898487e-06,-3.134424e-05,3.047744e-06,-1.026736e+00,6.715437e+00,6.988948e+00
3.270000e-11,6.909819e-06,-3.432282e-06,-1.717286e-05,-4.529332e-06,-1.028561e+00,6.708252e+00,6.988702e+00
3.280000e-11,2.393028e-06,2.024201e-06,-2.207886e-06,-1.154751e-05,-1.028759e+00,6.705410e+00,6.986281e+00
3.290000e-11,-2.162538e-06,7.046965e-06,1.234963e-05,-1.750552e-05,-1.027398e+00,6.706964e+00,6.981928e+00
3.300000e-11,-6.422869e-06,1.126596e-05,2.537643e-05,-2.199406e-05,-1.024662e+00,6.712622e+00,6.976022e+00
3.310000e-11,-1.008511e-05,1.439069e-05,3.591433e-05,-2.472355e-05,-1.020835e+00,6.721784e+00,6.969045e+00
3.320000e-11,-1.289873e-05,1.622883e-05,4.324015e-05,-2.554272e-05,-1.016272e+00,6.733597e+00,6.961545e+00
3.330000e-11,-1.468243e-05,1.669685e-05,4.691319e-05,-2.444672e-05,-1.011368e+00,6.747037e+00,6.954093e+00
3.340000e-11,-1.533582e-05,1.582193e-05,4.679711e-05,-2.157418e-05,-1.006529e+00,6.760997e+00,6.947238e+00
3.350000e-11,-1.484480e-05,1.373538e-05,4.305624e-05,-1.719336e-05,-1.002133e+00,6.774373e+00,6.941471e+00
3.360000e-11,-1.328060e-05,1.065810e-05,3.612815e-05,-1.167856e-05,-9.985092e-01,6.786149e+00,6.937182e+00
3.370000e-11,-1.079230e-05,6.879538e-06,2.667674e-05,-5.478710e-06,-9.959075e-01,6.795479e+00,6.934643e+00
3.380000e-11,-7.593563e-06,2.731827e-06,1.553075e-05,9.192723e-07,-9.944869e-01,6.801735e+00,6.933983e+00
3.390000e-11,-3.944762e-06,-1.438413e-06,3.613694e-06,7.029086e-06,-9.943048e-01,6.804552e+00,6.935187e+00
3.400000e-11,-1.318061e-07,-5.298396e-06,-8.129486e-06,1.240249e-05,-9.953174e-01,6.803844e+00,6.938100e+00
3.410000e-11,3.556396e-06,-8.555123e-06,-1.880377e-05,1.666249e-05,-9.973879e-01,6.799799e+00,6.942447e+00
3.420000e-11,6.850039e-06,-1.097696e-05,-2.762886e-05,1.952963e-05,-1.000302e+00,6.792854e+00,6.947852e+00
3.430000e-11,9.518301e-06,-1.240923e-05,-3.399353e-05,2.083961e-05,-1.003787e+00,6.783653e+00,6.953875e+00
3.440000e-11,1.138545e-05,-1.278286e-05,-3.749610e-05,2.055131e-05,-1.007538e+00,6.772991e+00,6.960046e+00
3.450000e-11,1.234206e-05,-1.211577e-05,-3.796847e-05,1.874486e-05,-1.011242e+00,6.761745e+00,6.965900e+00
3.460000e-11,1.235069e-05,-1.050733e-05,-3.548212e-05,1.561072e-05,-1.014606e+00,6.750809e+00,6.971013e+00
3.470000e-11,1.144583e-05,-8.126671e-06,-3.033553e-05,1.143106e-05,-1.017373e+00,6.741019e+00,6.975034e+00
3.480000e-11,9.728437e-06,-5.196231e-06,-2.302417e-05,6.555084e-06,-1.019348e+00,6.733091e+00,6.977701e+00
3.490000e-11,7.355850e-06,-1.971963e-06,-1.419559e-05,1.370707e-06,-1.020406e+00,6.727573e+00,6.978868e+00
3.500000e-11,4.527920e-06,1.278055e-06,-4.593367e-06,-3.725500e-06,-1.020500e+00,6.724804e+00,6.978503e+00
3.510000e-11,1.470679e-06,4.294975e-06,5.005015e-06,-8.357761e-06,-1.019661e+00,6.724894e+00,6.976688e+00
3.520000e-11,-1.581239e-06,6.848910e-06,1.385115e-05,-1.219801e-05,-1.017994e+00,6.727730e+00,6.973612e+00
3.530000e-11,-4.402136e-06,8.755669e-06,2.128404e-05,-1.498849e-05,-1.015664e+00,6.732987e+00,6.969550e+00
3.540000e-11,-6.791509e-06,9.889342e-06,2.677913e-05,-1.655855e-05,-1.012885e+00,6.740164e+00,6.964842e+00
3.550000e-11,-8.587960e-06,1.018996e-05,2.998419e-05,-1.683457e-05,-1.009894e+00,6.748630e+00,6.959863e+00
3.560000e-11,-9.679813e-06,9.665739e-06,3.073978e-05,-1.584249e-05,-1.006939e+00,6.757679e+00,6.954994e+00
3.570000e-11,-1.001178e-05,8.389975e-06,2.908332e-05,-1.370270e-05,-1.004255e+00,6.766587e+00,6.950595e+00
3.580000e-11,-9.587233e-06,6.492837e-06,2.523753e-05,-1.061798e-05,-1.002045e+00,6.774668e+00,6.946978e+00
3.590000e-11,-8.466067e-06,4.148965e-06,1.958498e-05,-6.855409e-06,-1.000467e+00,6.781329e+00,6.944383e+00
3.600000e-11,-6.758294e-06,1.561933e-06,1.263173e-05,-2.723843e-06,-9.996253e-01,6.786109e+00,6.942967e+00
3.610000e-11,-4.614054e-06,-1.053071e-06,4.963481e-06,1.451188e-06,-9.995579e-01,6.788707e+00,6.942789e+00
3.620000e-11,-2.210827e-06,-3.486850e-06,-2.802229e-06,5.353016e-06,-1.000242e+00,6.789006e+00,6.943814e+00
3.630000e-11,2.610377e-07,-5.552650e-06,-1.006395e-05,8.697801e-06,-1.001595e+00,6.787067e+00,6.945917e+00
3.640000e-11,2.613298e-06,-7.100150e-06,-1.628114e-05,1.125501e-05,-1.003484e+00,6.783122e+00,6.948898e+00
3.650000e-11,4.674077e-06,-8.025959e-06,-2.101291e-05,1.286295e-05,-1.005739e+00,6.777551e+00,6.952498e+00
3.660000e-11,6.300312e-06,-8.279915e-06,-2.394799e-05,1.343827e-05,-1.008168e+00,6.770842e+00,6.956420e+00
3.670000e-11,7.387464e-06,-7.866897e-06,-2.492418e-05,1.297905e-05,-1.010572e+00,6.763558e+00,6.960356e+00
3.680000e-11,7.875862e-06,-6.844206e-06,-2.393605e-05,1.156155e-05,-1.012759e+00,6.756280e+00,6.964010e+00
3.690000e-11,7.753341e-06,-5.314963e-06,-2.113032e-05,9.331106e-06,-1.014565e+00,6.749574e+00,6.967118e+00
3.700000e-11,7.054152e-06,-3.418209e-06,-1.678967e-05,6.488335e-06,-1.015859e+00,6.743938e+00,6.969469e+00
3.710000e-11,5.854431e-06,-1.316650e-06,-1.130632e-05,3.271759e-06,-1.016558e+00,6.739769e+00,6.970915e+00
3.720000e-11,4.264723e-06,8.169302e-07,-5.147683e-06,-6.158283e-08,-1.016625e+00,6.737336e+00,6.971385e+00
3.730000e-11,2.420281e-06,2.813492e-06,1.182856e-06,-3.256087e-06,-1.016077e+00,6.736765e+00,6.970882e+00
3.740000e-11,4.699500e-07,4.520759e-06,7.186857e-06,-6.076630e-06,-1.014979e+00,6.738031e+00,6.969483e+00
3.750000e-11,-1.435491e-06,5.814470e-06,1.240986e-05,-8.325360e-06,-1.013435e+00,6.740966e+00,6.967330e+00
3.760000e-11,-3.154662e-06,6.607096e-06,1.647546e-05,-9.855128e-06,-1.011582e+00,6.745282e+00,6.964616e+00
3.770000e-11,-4.565781e-06,6.853413e-06,1.911185e-05,-1.057868e-05,-1.009576e+00,6.750592e+00,6.961569e+00
3.780000e-11,-5.575033e-06,6.552618e-06,2.016890e-05,-1.047304e-05,-1.007580e+00,6.756448e+00,6.958432e+00
3.790000e-11,-6.122564e-06,5.746906e-06,1.962489e-05,-9.578957e-06,-1.005751e+00,6.762375e+00,6.955445e+00
3.800000e-11,-6.185714e-06,4.516717e-06,1.758292e-05,-7.995491e-06,-1.004226e+00,6.767913e+00,6.952830e+00
3.810000e-11,-5.779343e-06,2.973123e-06,1.425770e-05,-5.870339e-06,-1.003115e+00,6.772647e+00,6.950770e+00
3.820000e-11,-4.953306e-06,1.248038e-06,9.954476e-06,-3.386756e-06,-1.002492e+00,6.776241e+00,6.949397e+00
3.830000e-11,-3.787342e-06,-5.169006e-07,5.041861e-06,-7.481784e-07,-1.002389e+00,6.778461e+00,6.948787e+00
3.840000e-11,-2.383855e-06,-2.181843e-06,-7.880517e-08,1.838170e-06,-1.002797e+00,6.779185e+00,6.948957e+00
3.850000e-11,-8.592139e-07,-3.619688e-06,-5.005336e-06,4.177348e-06,-1.003666e+00,6.778412e+00,6.949859e+00
3.860000e-11,6.657063e-07,-4.725629e-06,-9.365343e-06,6.101197e-06,-1.004913e+00,6.776257e+00,6.951396e+00
3.870000e-11,2.074964e-06,-5.424582e-06,-1.284350e-05,7.480170e-06,-1.006428e+00,6.772937e+00,6.953424e+00
3.880000e-11,3.266235e-06,-5.675979e-06,-1.520356e-05,8.231684e-06,-1.008082e+00,6.768751e+00,6.955767e+00
3.890000e-11,4.158080e-06,-5.475662e-06,-1.630372e-05,8.324476e-06,-1.009743e+00,6.764053e+00,6.958234e+00
3.900000e-11,4.695303e-06,-4.854853e-06,-1.610425e-05,7.778839e-06,-1.011280e+00,6.759225e+00,6.960632e+00
3.910000e-11,4.852053e-06,-3.876411e-06,-1.466721e-05,6.662877e-06,-1.012578e+00,6.754644e+00,6.962782e+00
3.920000e-11,4.632538e-06,-2.628785e-06,-1.214822e-05,5.085303e-06,-1.013543e+00,6.750656e+00,6.964528e+00
3.930000e-11,4.069424e-06,-1.218221e-06,-8.781269e-06,3.185457e-06,-1.014111e+00,6.747548e+00,6.965755e+00
3.940000e-11,3.220128e-06,2.400961e-07,-4.857850e-06,1.121452e-06,-1.014252e+00,6.745528e+00,6.966392e+00
3.950000e-11,2.161409e-06,1.631269e-06,-7.022344e-07,-9.425937e-07,-1.013968e+00,6.744713e+00,6.966413e+00
3.960000e-11,9.827332e-07,2.849552e-06,3.355013e-06,-2.849240e-06,-1.013297e+00,6.745121e+00,6.965843e+00
3.970000e-11,-2.210440e-07,3.806209e-06,7.003102e-06,-4.459398e-06,-1.012302e+00,6.746675e+00,6.964749e+00
3.980000e-11,-1.357085e-06,4.435794e-06,9.974576e-06,-5.662160e-06,-1.011072e+00,6.749214e+00,6.963238e+00
3.990000e-11,-2.341535e-06,4.700442e-06,1.206455e-05,-6.382135e-06,-1.009709e+00,6.752504e+00,6.961441e+00
4.000000e-11,-3.105522e-06,4.591878e-06,1.314427e-05,-6.583811e-06,-1.008325e+00,6.756263e+00,6.959509e+00
4.010000e-11,-3.909064e-06,2.501697e-06,1.185617e-05,-6.349381e-06,-1.007357e+00,6.759918e+00,6.957578e+00
4.020000e-11,-4.404856e-06,-1.897151e-06,7.949312e-06,-5.754309e-06,-1.007418e+00,6.762747e+00,6.955769e+00
4.030000e-11,-4.640264e-06,-8.433127e-06,1.641781e-06,-4.895083e-06,-1.009147e+00,6.764022e+00,6.954175e+00
4.040000e-11,-4.678329e-06,-1.669326e-05,-6.579912e-06,-3.890070e-06,-1.013105e+00,6.763114e+00,6.952855e+00
4.050000e-11,-4.588985e-06,-2.613905e-05,-1.606270e-05,-2.871738e-06,-1.019719e+00,6.759558e+00,6.951834e+00
4.060000e-11,-4.444854e-06,-3.617766e-05,-2.606054e-05,-1.975261e-06,-1.029253e+00,6.753093e+00,6.951093e+00
4.070000e-11,-4.317614e-06,-4.621762e-05,-3.580047e-05,-1.326018e-06,-1.041793e+00,6.743686e+00,6.950577e+00
4.080000e-11,-4.273808e-06,-5.571572e-05,-4.454480e-05,-1.027654e-06,-1.057259e+00,6.731527e+00,6.950197e+00
4.090000e-11,-4.370216e-06,-6.421498e-05,-5.164794e-05,-1.151983e-06,-1.075422e+00,6.717012e+00,6.949837e+00
4.100000e-11,-4.649315e-06,-7.137225e-05,-5.660457e-05,-1.731698e-06,-1.095934e+00,6.700707e+00,6.949367e+00
4.110000e-11,-5.135441e-06,-7.697411e-05,-5.908615e-05,-2.756607e-06,-1.118364e+00,6.683303e+00,6.948651e+00
4.120000e-11,-5.832213e-06,-8.094095e-05,-5.896317e-05,-4.173709e-06,-1.142237e+00,6.665558e+00,6.947567e+00
4.130000e-11,-6.721589e-06,-8.331999e-05,-5.631126e-05,-5.891124e-06,-1.167073e+00,6.648236e+00,6.946013e+00
4.140000e-11,-7.764757e-06,-8.426913e-05,-5.140097e-05,-7.785540e-06,-1.192422e+00,6.632050e+00,6.943917e+00
4.150000e-11,-8.904859e-06,-8.403400e-05,-4.467191e-05,-9.712532e-06,-1.217894e+00,6.617605e+00,6.941251e+00
4.160000e-11,-1.007137e-05,-8.292090e-05,-3.669370e-05,-1.151887e-05,-1.243182e+00,6.605357e+00,6.938030e+00
4.170000e-11,-1.118580e-05,-8.126836e-05,-2.811716e-05,-1.305576e-05,-1.268074e+00,6.595579e+00,6.934311e+00
4.180000e-11,-1.216821e-05,-7.941983e-05,-1.962007e-05,-1.419190e-05,-1.292459e+00,6.588345e+00,6.930196e+00
4.190000e-11,-1.294411e-05,-7.769922e-05,-1.185230e-05,-1.482522e-05,-1.316327e+00,6.583533e+00,6.925822e+00
4.200000e-11,-1.345103e-05,-7.639104e-05,-5.384754e-06,-1.489219e-05,-1.339757e+00,6.580838e+00,6.921347e+00
4.210000e-11,-1.364422e-05,-7.572586e-05,-6.664755e-07,-1.437405e-05,-1.362907e+00,6.579805e+00,6.916944e+00
4.220000e-11,-1.350114e-05,-7.587156e-05,2.007045e-06,-1.329918e-05,-1.385993e+00,6.579867e+00,6.912782e+00
4.230000e-11,-1.302400e-05,-7.693040e-05,2.512107e-06,-1.174149e-05,-1.409272e+00,6.580397e+00,6.909016e+00
4.240000e-11,-1.224046e-05,-7.894144e-05,9.007524e-07,-9.814920e-06,-1.433023e+00,6.580756e+00,6.905773e+00
4.250000e-11,-1.120203e-05,-8.188763e-05,-2.609260e-06,-7.664428e-06,-1.457528e+00,6.580347e+00,6.903139e+00
4.260000e-11,-9.980611e-06,-8.570663e-05,-7.657003e-06,-5.454315e-06,-1.483057e+00,6.578659e+00,6.901156e+00
4.270000e-11,-8.663072e-06,-9.030425e-05,-1.377113e-05,-3.354826e-06,-1.509860e+00,6.575307e+00,6.899816e+00
4.280000e-11,-7.344612e-06,-9.556937e-05,-2.040989e-05,-1.528208e-06,-1.538154e+00,6.570055e+00,6.899059e+00
4.290000e-11,-6.121241e-06,-1.013890e-04,-2.700499e-05,-1.153934e-07,-1.568123e+00,6.562834e+00,6.898784e+00
4.300000e-11,-5.082092e-06,-1.076627e-04,-3.300606e-05,7.755566e-07,-1.599922e+00,6.553742e+00,6.898849e+00
4.310000e-11,-4.302200e-06,-1.143151e-04,-3.792214e-05,1.078310e-06,-1.633679e+00,6.543029e+00,6.899089e+00
4.320000e-11,-3.836334e-06,-1.213063e-04,-4.135732e-05,7.737045e-07,-1.669504e+00,6.531080e+00,6.899326e+00
4.330000e-11,-3.714402e-06,-1.286395e-04,-4.303792e-05,-1.086203e-07,-1.707504e+00,6.518379e+00,6.899383e+00
4.340000e-11,-3.938804e-06,-1.363659e-04,-4.282928e-05,-1.492502e-06,-1.747794e+00,6.505469e+00,6.899099e+00
4.350000e-11,-4.483932e-06,-1.445868e-04,-4.074098e-05,-3.261196e-06,-1.790513e+00,6.492913e+00,6.898344e+00
4.360000e-11,-5.297850e-06,-1.534549e-04,-3.692053e-05,-5.266477e-06,-1.835837e+00,6.481249e+00,6.897026e+00
4.370000e-11,-6.306000e-06,-1.631732e-04,-3.163587e-05,-7.340135e-06,-1.884000e+00,6.470953e+00,6.895099e+00
4.380000e-11,-7.416631e-06,-1.739948e-04,-2.524880e-05,-9.306948e-06,-1.935300e+00,6.462406e+00,6.892572e+00
4.390000e-11,-8.527513e-06,-1.862229e-04,-1.818128e-05,-1.099810e-05,-1.990123e+00,6.455874e+00,6.889502e+00
4.400000e-11,-9.533394e-06,-2.002132e-04,-1.087772e-05,-1.226400e-05,-2.048954e+00,6.451493e+00,6.885994e+00
4.410000e-11,-1.033362e-05,-2.163792e-04,-3.766271e-06,-1.298545e-05,-2.112396e+00,6.449270e+00,6.882194e+00
4.420000e-11,-1.083933e-05,-2.352017e-04,2.777816e-06,-1.308232e-05,-2.181188e+00,6.449091e+00,6.878278e+00
4.430000e-11,-1.097955e-05,-2.572427e-04,8.464043e-06,-1.251903e-05,-2.256228e+00,6.450747e+00,6.874436e+00
4.440000e-11,-1.070590e-05,-2.831646e-04,1.311153e-05,-1.130637e-05,-2.338602e+00,6.453954e+00,6.870865e+00
4.450000e-11,-9.995276e-06,-3.137546e-04,1.666537e-05,-9.499423e-06,-2.429617e+00,6.458399e+00,6.867751e+00
4.460000e-11,-8.850397e-06,-3.499509e-04,1.920376e-05,-7.191893e-06,-2.530844e+00,6.463771e+00,6.865256e+00
4.470000e-11,-7.298147e-06,-3.928672e-04,2.093592e-05,-4.507130e-06,-2.644169e+00,6.469803e+00,6.863511e+00
4.480000e-11,-5.385752e-06,-4.438047e-04,2.219162e-05,-1.586617e-06,-2.771845e+00,6.476309e+00,6.862608e+00
4.490000e-11,-3.175119e-06,-5.042300e-04,2.340346e-05,1.423154e-06,-2.916546e+00,6.483218e+00,6.862595e+00
4.500000e-11,-7.358288e-07,-5.756829e-04,2.508336e-05,4.384359e-06,-3.081394e+00,6.490602e+00,6.863479e+00
4.510000e-11,2.171826e-06,-6.579190e-04,2.910619e-05,7.257561e-06,-3.269618e+00,6.498960e+00,6.865244e+00
4.520000e-11,5.164871e-06,-7.511613e-04,3.633261e-05,9.990250e-06,-3.484521e+00,6.509105e+00,6.867856e+00
4.530000e-11,8.244637e-06,-8.546532e-04,4.720625e-05,1.255801e-05,-3.729282e+00,6.522050e+00,6.871271e+00
4.540000e-11,1.142231e-05,-9.652507e-04,6.189217e-05,1.497694e-05,-4.006399e+00,6.538902e+00,6.875443e+00
4.550000e-11,1.471307e-05,-1.075988e-03,8.030003e-05,1.730436e-05,-4.316733e+00,6.560786e+00,6.880339e+00
4.560000e-11,1.813257e-05,-1.175080e-03,1.020592e-04,1.963105e-05,-4.658212e+00,6.588754e+00,6.885947e+00
4.570000e-11,2.169186e-05,-1.246415e-03,1.264714e-04,2.206692e-05,-5.024524e+00,6.623696e+00,6.892287e+00
4.580000e-11,2.539140e-05,-1.272511e-03,1.524620e-04,2.472156e-05,-5.404399e+00,6.666228e+00,6.899408e+00
4.590000e-11,2.921591e-05,-1.239635e-03,1.785628e-04,2.768266e-05,-5.782135e+00,6.716576e+00,6.907389e+00
4.600000e-11,3.313150e-05,-1.142725e-03,2.029569e-04,3.099555e-05,-6.139528e+00,6.774472e+00,6.916328e+00
4.610000e-11,3.708402e-05,-9.872505e-04,2.236058e-04,3.464728e-05,-6.458646e+00,6.839066e+00,6.926327e+00
4.620000e-11,4.099724e-05,-7.871964e-04,2.384454e-04,3.855739e-05,-6.724480e+00,6.908899e+00,6.937470e+00
4.630000e-11,4.477022e-05,-5.608372e-04,2.456137e-04,4.257620e-05,-6.926699e+00,6.981930e+00,6.949809e+00
4.640000e-11,4.827546e-05,-3.267272e-04,2.436632e-04,4.649047e-05,-7.060290e+00,7.055633e+00,6.963339e+00
4.650000e-11,5.135959e-05,-1.012709e-04,2.317172e-04,5.003562e-05,-7.125335e+00,7.127139e+00,6.977985e+00
4.660000e-11,5.384812e-05,1.020900e-04,2.095543e-04,5.291333e-05,-7.126337e+00,7.193424e+00,6.993586e+00
4.670000e-11,5.555429e-05,2.727610e-04,1.776231e-04,5.481313e-05,-7.071417e+00,7.251499e+00,7.009889e+00
4.680000e-11,5.629144e-05,4.027086e-04,1.370076e-04,5.543652e-05,-6.971535e+00,7.298611e+00,7.026554e+00
4.690000e-11,5.588727e-05,4.864774e-04,8.936606e-05,5.452168e-05,-6.839695e+00,7.332418e+00,7.043153e+00
4.700000e-11,5.419883e-05,5.215787e-04,3.685995e-05,5.186714e-05,-6.690093e+00,7.351154e+00,7.059193e+00
4.710000e-11,5.112702e-05,5.089780e-04,-1.792163e-05,4.735272e-05,-6.537123e+00,7.353769e+00,7.074131e+00
4.720000e-11,4.662987e-05,4.532764e-04,-7.204957e-05,4.095643e-05,-6.394313e+00,7.340045e+00,7.087407e+00
4.730000e-11,4.073391e-05,3.623361e-04,-1.223691e-04,3.276663e-05,-6.273311e+00,7.310683e+00,7.098470e+00
4.740000e-11,3.354286e-05,2.463933e-04,-1.656574e-04,2.298870e-05,-6.183066e+00,7.267338e+00,7.106815e+00
4.750000e-11,2.524251e-05,1.169187e-04,-1.988344e-04,1.194611e-05,-6.129300e+00,7.212612e+00,7.112016e+00
4.760000e-11,1.610064e-05,-1.449368e-05,-2.192240e-04,7.511980e-08,-6.114314e+00,7.149962e+00,7.113765e+00
4.770000e-11,6.460973e-06,-1.370584e-04,-2.248433e-04,-1.208747e-05,-6.137082e+00,7.083533e+00,7.111900e+00
4.780000e-11,-3.269356e-06,-2.415386e-04,-2.146782e-04,-2.392462e-05,-6.193600e+00,7.017902e+00,7.106431e+00
4.790000e-11,-1.263850e-05,-3.208412e-04,-1.888935e-04,-3.476815e-05,-6.277432e+00,6.957761e+00,7.097566e+00
4.800000e-11,-2.117386e-05,-3.704740e-04,-1.489288e-04,-4.393661e-05,-6.380422e+00,6.907546e+00,7.085710e+00
4.810000e-11,-2.840986e-05,-3.888047e-04,-9.744829e-05,-5.078110e-05,-6.493512e+00,6.871068e+00,7.071472e+00
4.820000e-11,-3.391792e-05,-3.770289e-04,-3.814284e-05,-5.473631e-05,-6.607583e+00,6.851182e+00,7.055638e+00
4.830000e-11,-3.733666e-05,-3.388108e-04,2.459333e-05,-5.537279e-05,-6.714239e+00,6.849535e+00,7.039143e+00
4.840000e-11,-3.840053e-05,-2.796547e-04,8.606982e-05,-5.244513e-05,-6.806441e+00,6.866421e+00,7.023021e+00
4.850000e-11,-3.696438e-05,-2.061484e-04,1.417394e-04,-4.593015e-05,-6.878934e+00,6.900762e+00,7.008343e+00
4.860000e-11,-3.302190e-05,-1.252343e-04,1.876155e-04,-3.604946e-05,-6.928467e+00,6.950214e+00,6.996148e+00
4.870000e-11,-2.671552e-05,-4.361131e-05,2.206166e-04,-2.327198e-05,-6.953812e+00,7.011388e+00,6.987368e+00
4.880000e-11,-1.833644e-05,3.269569e-05,2.387941e-04,-8.294169e-06,-6.955638e+00,7.080151e+00,6.982762e+00
4.890000e-11,-8.313806e-06,9.862556e-05,2.414216e-04,8.001753e-06,-6.936267e+00,7.151977e+00,6.982847e+00
4.900000e-11,2.806590e-06,1.502752e-04,2.289443e-04,2.460815e-05,-6.899370e+00,7.222296e+00,6.987861e+00
4.910000e-11,1.439292e-05,1.850365e-04,2.028183e-04,4.046535e-05,-6.849588e+00,7.286821e+00,6.997729e+00
4.920000e-11,2.576530e-05,2.016866e-04,1.652842e-04,5.454057e-05,-6.792138e+00,7.341810e+00,7.012066e+00
4.930000e-11,3.623855e-05,2.004161e-04,1.191218e-04,6.590441e-05,-6.732390e+00,7.384270e+00,7.030196e+00
4.940000e-11,4.516644e-05,1.827684e-04,6.742659e-05,7.379756e-05,-6.675451e+00,7.412082e+00,7.051188e+00
4.950000e-11,5.198442e-05,1.514724e-04,1.342392e-05,7.768204e-05,-6.625788e+00,7.424072e+00,7.073921e+00
4.960000e-11,5.624720e-05,1.101711e-04,-3.967557e-05,7.727343e-05,-6.586916e+00,7.420032e+00,7.097152e+00
4.970000e-11,5.765856e-05,6.307167e-05,-8.879480e-05,7.255350e-05,-6.561183e+00,7.400698e+00,7.119593e+00
4.980000e-11,5.609109e-05,1.455677e-05,-1.311020e-04,6.376462e-05,-6.549656e+00,7.367696e+00,7.139990e+00
4.990000e-11,5.159460e-05,-3.119979e-05,-1.641323e-04,5.138907e-05,-6.552134e+00,7.323447e+00,7.157199e+00
5.000000e-11,4.439316e-05,-7.057594e-05,-1.859264e-04,3.611690e-05,-6.567256e+00,7.271035e+00,7.170251e+00
5.010000e-11,3.487129e-05,-1.007729e-04,-1.951793e-04,1.880587e-05,-6.592711e+00,7.214027e+00,7.178412e+00
5.020000e-11,2.355100e-05,-1.199950e-04,-1.913784e-04,4.356175e-07,-6.625503e+00,7.156257e+00,7.181220e+00
5.030000e-11,1.106136e-05,-1.275254e-04,-1.749002e-04,-1.794227e-05,-6.662266e+00,7.101571e+00,7.178521e+00
5.040000e-11,-1.897222e-06,-1.236986e-04,-1.470365e-04,-3.525801e-05,-6.699578e+00,7.053557e+00,7.170480e+00
5.050000e-11,-1.459216e-05,-1.097784e-04,-1.099301e-04,-5.048085e-05,-6.734253e+00,7.015284e+00,7.157573e+00
5.060000e-11,-2.629953e-05,-8.776640e-05,-6.641674e-05,-6.267868e-05,-6.763590e+00,6.989072e+00,7.140575e+00
5.070000e-11,-3.634506e-05,-6.016600e-05,-1.978833e-05,-7.107795e-05,-6.785557e+00,6.976327e+00,7.120510e+00
5.080000e-11,-4.414360e-05,-2.973217e-05,2.649434e-05,-7.512010e-05,-6.798902e+00,6.977445e+00,7.098605e+00
5.090000e-11,-4.923534e-05,7.706243e-07,6.910464e-05,-7.450913e-05,-6.803194e+00,6.991816e+00,7.076210e+00
5.100000e-11,-5.131655e-05,2.878545e-05,1.051322e-04,-6.924454e-05,-6.798794e+00,7.017903e+00,7.054718e+00
5.110000e-11,-5.026244e-05,5.214484e-05,1.323123e-04,-5.963410e-05,-6.786764e+00,7.053401e+00,7.035474e+00
5.120000e-11,-4.613974e-05,6.921114e-05,1.491779e-04,-4.628262e-05,-6.768734e+00,7.095453e+00,7.019684e+00
5.130000e-11,-3.920705e-05,7.897062e-05,1.551236e-04,-3.005553e-05,-6.746727e+00,7.140893e+00,7.008332e+00
5.140000e-11,-2.990184e-05,8.107738e-05,1.503815e-04,-1.201927e-05,-6.722968e+00,7.186502e+00,7.002114e+00
5.150000e-11,-1.881418e-05,7.584463e-05,1.359233e-04,6.636711e-06,-6.699684e+00,7.229239e+00,7.001385e+00
5.160000e-11,-6.648478e-06,6.418381e-05,1.133135e-04,2.468868e-05,-6.678922e+00,7.266439e+00,7.006144e+00
5.170000e-11,5.823947e-06,4.749682e-05,8.453736e-05,4.096966e-05,-6.662379e+00,7.295963e+00,7.016029e+00
5.180000e-11,1.781783e-05,2.753126e-05,5.182785e-05,5.445391e-05,-6.651288e+00,7.316304e+00,7.030355e+00
5.190000e-11,2.858800e-05,6.212576e-06,1.750673e-05,6.432710e-05,-6.646333e+00,7.326630e+00,7.048161e+00
5.200000e-11,3.747993e-05,-1.453059e-05,-1.615387e-05,7.003666e-05,-6.647624e+00,7.326800e+00,7.068283e+00
5.210000e-11,4.397251e-05,-3.293190e-05,-4.704887e-05,7.131914e-05,-6.654726e+00,7.317326e+00,7.089438e+00
5.220000e-11,4.770984e-05,-4.752899e-05,-7.334047e-05,6.820459e-05,-6.666721e+00,7.299311e+00,7.110305e+00
5.230000e-11,4.851980e-05,-5.726995e-05,-9.354477e-05,6.100003e-05,-6.682320e+00,7.274357e+00,7.129618e+00
5.240000e-11,4.641894e-05,-6.157726e-05,-1.066056e-04,5.025600e-05,-6.699994e+00,7.244444e+00,7.146236e+00
5.250000e-11,4.160434e-05,-6.036659e-05,-1.119528e-04,3.672108e-05,-6.718113e+00,7.211795e+00,7.159214e+00
5.260000e-11,3.443419e-05,-5.402217e-05,-1.095370e-04,2.128872e-05,-6.735096e+00,7.178723e+00,7.167852e+00
5.270000e-11,2.539956e-05,-4.333496e-05,-9.983501e-05,4.940503e-06,-6.749536e+00,7.147476e+00,7.171732e+00
5.280000e-11,1.509010e-05,-2.941210e-05,-8.381623e-05,-1.131178e-05,-6.760307e+00,7.120081e+00,7.170734e+00
5.290000e-11,4.156025e-06,-1.356800e-05,-6.286974e-05,-2.648301e-05,-6.766646e+00,7.098214e+00,7.165037e+00
5.300000e-11,-6.731265e-06,2.792931e-06,-3.869423e-05,-3.966937e-05,-6.768193e+00,7.083087e+00,7.155102e+00
5.310000e-11,-1.691832e-05,1.829258e-05,-1.316006e-05,-5.009923e-05,-6.765003e+00,7.075379e+00,7.141642e+00
5.320000e-11,-2.580688e-05,3.168673e-05,1.184288e-05,-5.717824e-05,-6.757521e+00,7.075209e+00,7.125573e+00
5.330000e-11,-3.288781e-05,4.195707e-05,3.455592e-05,-6.052615e-05,-6.746528e+00,7.082152e+00,7.107956e+00
5.340000e-11,-3.777025e-05,4.838230e-05,5.348523e-05,-6.000212e-05,-6.733063e+00,7.095301e+00,7.089929e+00
5.350000e-11,-4.020442e-05,5.058375e-05,6.750546e-05,-5.571548e-05,-6.718328e+00,7.113358e+00,7.072633e+00
5.360000e-11,-4.009632e-05,4.854277e-05,7.592468e-05,-4.801979e-05,-6.703583e+00,7.134757e+00,7.057141e+00
5.370000e-11,-3.751301e-05,4.258860e-05,7.850712e-05,-3.748890e-05,-6.690041e+00,7.157793e+00,7.044383e+00
5.380000e-11,-3.267749e-05,3.335824e-05,7.545584e-05,-2.487615e-05,-6.678769e+00,7.180757e+00,7.035091e+00
5.390000e-11,-2.595289e-05,2.173196e-05,6.736136e-05,-1.105945e-05,-6.670610e+00,7.202057e+00,7.029753e+00
5.400000e-11,-1.781681e-05,8.750781e-06,5.512591e-05,3.023290e-06,-6.666117e+00,7.220324e+00,7.028587e+00
5.410000e-11,-8.827427e-06,-4.476497e-06,3.987301e-05,1.644253e-05,-6.665527e+00,7.234490e+00,7.031528e+00
5.420000e-11,4.160632e-07,-1.686802e-05,2.285205e-05,2.834332e-05,-6.668747e+00,7.243841e+00,7.038250e+00
5.430000e-11,9.315378e-06,-2.745695e-05,5.345222e-06,3.800346e-05,-6.675382e+00,7.248041e+00,7.048189e+00
5.440000e-11,1.731412e-05,-3.546548e-05,-1.141805e-05,4.487904e-05,-6.684778e+00,7.247128e+00,7.060594e+00
5.450000e-11,2.393436e-05,-4.035908e-05,-2.633588e-05,4.863410e-05,-6.696085e+00,7.241488e+00,7.074580e+00
5.460000e-11,2.880618e-05,-4.187751e-05,-3.849598e-05,4.915325e-05,-6.708338e+00,7.231811e+00,7.089199e+00
5.470000e-11,3.168790e-05,-4.004143e-05,-4.722351e-05,4.653751e-05,-6.720533e+00,7.219019e+00,7.103499e+00
5.480000e-11,3.247635e-05,-3.513592e-05,-5.211328e-05,4.108555e-05,-6.731715e+00,7.204198e+00,7.116589e+00
5.490000e-11,3.120687e-05,-2.767398e-05,-5.304503e-05,3.326308e-05,-6.741049e+00,7.188513e+00,7.127690e+00
5.500000e-11,2.804397e-05,-1.834452e-05,-5.018021e-05,2.366405e-05,-6.747876e+00,7.173119e+00,7.136184e+00
5.510000e-11,2.326428e-05,-7.950165e-06,-4.394006e-05,1.296680e-05,-6.751762e+00,7.159087e+00,7.141642e+00
5.520000e-11,1.723343e-05,2.659854e-06,-3.496568e-05,1.888470e-06,-6.752519e+00,7.147327e+00,7.143844e+00
5.530000e-11,1.037909e-05,1.265655e-05,-2.406257e-05,-8.860046e-06,-6.750207e+00,7.138532e+00,7.142783e+00
5.540000e-11,3.161825e-06,2.129316e-05,-1.213391e-05,-1.861640e-05,-6.745123e+00,7.133143e+00,7.138658e+00
5.550000e-11,-3.954246e-06,2.795831e-05,-1.082500e-07,-2.680472e-05,-6.737765e+00,7.131325e+00,7.131853e+00
5.560000e-11,-1.052973e-05,3.221711e-05,1.113221e-05,-3.296763e-05,-6.728786e+00,7.132973e+00,7.122907e+00
5.570000e-11,-1.617565e-05,3.383745e-05,2.081631e-05,-3.679092e-05,-6.718939e+00,7.137740e+00,7.112472e+00
5.580000e-11,-2.057542e-05,3.280028e-05,2.833631e-05,-3.811948e-05,-6.709012e+00,7.145069e+00,7.101272e+00
5.590000e-11,-2.350206e-05,2.929302e-05,3.328387e-05,-3.696336e-05,-6.699769e+00,7.154254e+00,7.090051e+00
5.600000e-11,-2.482967e-05,2.368718e-05,3.546775e-05,-3.349326e-05,-6.691890e+00,7.164500e+00,7.079526e+00
5.610000e-11,-2.453846e-05,1.650215e-05,3.491307e-05,-2.802536e-05,-6.685921e+00,7.174988e+00,7.070341e+00
5.620000e-11,-2.271300e-05,8.358483e-06,3.184387e-05,-2.099635e-05,-6.682238e+00,7.184935e+00,7.063026e+00
5.630000e-11,-1.953360e-05,-7.515672e-08,2.665211e-05,-1.293033e-05,-6.681026e+00,7.193649e+00,7.057968e+00
5.640000e-11,-1.526151e-05,-8.136788e-06,1.985676e-05,-4.400086e-06,-6.682270e+00,7.200576e+00,7.055391e+00
5.650000e-11,-1.021889e-05,-1.522297e-05,1.205730e-05,4.014226e-06,-6.685768e+00,7.205328e+00,7.055345e+00
5.660000e-11,-4.765035e-06,-2.083355e-05,3.885428e-06,1.176552e-05,-6.691154e+00,7.207699e+00,7.057713e+00
5.670000e-11,7.292493e-07,-2.460586e-05,-4.041732e-06,1.837625e-05,-6.697934e+00,7.207670e+00,7.062225e+00
5.680000e-11,5.907154e-06,-2.633625e-05,-1.116386e-05,2.346821e-05,-6.705529e+00,7.205399e+00,7.068483e+00
5.690000e-11,1.044936e-05,-2.598779e-05,-1.701310e-05,2.678341e-05,-6.713325e+00,7.201196e+00,7.075994e+00
5.700000e-11,1.409379e-05,-2.368448e-05,-2.124132e-05,2.819535e-05,-6.720721e+00,7.195492e+00,7.084209e+00
5.710000e-11,1.665029e-05,-1.969336e-05,-2.363788e-05,2.771009e-05,-6.727176e+00,7.188802e+00,7.092561e+00
5.720000e-11,1.800958e-05,-1.439668e-05,-2.413716e-05,2.545820e-05,-6.732244e+00,7.181683e+00,7.100502e+00
5.730000e-11,1.814600e-05,-8.256973e-06,-2.281563e-05,2.167868e-05,-6.735606e+00,7.174688e+00,7.107540e+00
5.740000e-11,1.711459e-05,-1.778112e-06,-1.987903e-05,1.669685e-05,-6.737087e+00,7.168330e+00,7.113269e+00
5.750000e-11,1.504282e-05,4.534554e-06,-1.564071e-05,1.089817e-05,-6.736662e+00,7.163042e+00,7.117386e+00
5.760000e-11,1.211828e-05,1.021209e-05,-1.049290e-05,4.700046e-06,-6.734452e+00,7.159154e+00,7.119710e+00
5.770000e-11,8.573227e-06,1.485532e-05,-4.873342e-06,-1.476614e-06,-6.730706e+00,7.156871e+00,7.120186e+00
5.780000e-11,4.667274e-06,1.816152e-05,7.700509e-07,-7.234224e-06,-6.725778e+00,7.156265e+00,7.118879e+00
5.790000e-11,6.694385e-07,1.994277e-05,6.013540e-06,-1.222249e-05,-6.720096e+00,7.157282e+00,7.115968e+00
5.800000e-11,-3.159394e-06,2.013507e-05,1.048825e-05,-1.615827e-05,-6.714123e+00,7.159745e+00,7.111724e+00
5.810000e-11,-6.582569e-06,1.879772e-05,1.390490e-05,-1.884043e-05,-6.708324e+00,7.163383e+00,7.106493e+00
5.820000e-11,-9.401487e-06,1.610350e-05,1.607081e-05,-2.015899e-05,-6.703129e+00,7.167851e+00,7.100666e+00
5.830000e-11,-1.146642e-05,1.232044e-05,1.689853e-05,-2.009822e-05,-6.698902e+00,7.172764e+00,7.094652e+00
5.840000e-11,-1.268381e-05,7.787097e-06,1.640575e-05,-1.873348e-05,-6.695915e+00,7.177724e+00,7.088852e+00
5.850000e-11,-1.301970e-05,2.883404e-06,1.470733e-05,-1.622235e-05,-6.694335e+00,7.182357e+00,7.083633e+00
5.860000e-11,-1.249918e-05,-2.000469e-06,1.200057e-05,-1.279046e-05,-6.694214e+00,7.186333e+00,7.079302e+00
5.870000e-11,-1.120199e-05,-6.494600e-06,8.545501e-06,-8.713281e-06,-6.695489e+00,7.189389e+00,7.076094e+00
5.880000e-11,-9.254696e-06,-1.027679e-05,4.641895e-06,-4.295173e-06,-6.697996e+00,7.191348e+00,7.074154e+00
5.890000e-11,-6.820010e-06,-1.309496e-05,6.049833e-07,1.526662e-07,-6.701484e+00,7.192123e+00,7.073539e+00
5.900000e-11,-4.084153e-06,-1.478294e-05,-3.258341e-06,4.333786e-06,-6.705642e+00,7.191722e+00,7.074211e+00
5.910000e-11,-1.243165e-06,-1.526879e-05,-6.671253e-06,7.985948e-06,-6.710120e+00,7.190236e+00,7.076053e+00
5.920000e-11,1.510778e-06,-1.457540e-05,-9.405320e-06,1.089717e-05,-6.714566e+00,7.187836e+00,7.078875e+00
5.930000e-11,4.002084e-06,-1.281380e-05,-1.129438e-05,1.291736e-05,-6.718643e+00,7.184748e+00,7.082432e+00
5.940000e-11,6.082629e-06,-1.017015e-05,-1.224329e-05,1.396489e-05,-6.722063e+00,7.181239e+00,7.086446e+00
5.950000e-11,7.640118e-06,-6.887765e-06,-1.223112e-05,1.402802e-05,-6.724598e+00,7.177591e+00,7.090626e+00
5.960000e-11,8.603507e-06,-3.245868e-06,-1.130892e-05,1.316143e-05,-6.726100e+00,7.174085e+00,7.094686e+00
5.970000e-11,8.945262e-06,4.631914e-07,-9.592272e-06,1.147842e-05,-6.726507e+00,7.170973e+00,7.098364e+00
5.980000e-11,8.680547e-06,3.956486e-06,-7.249558e-06,9.139683e-06,-6.725841e+00,7.168467e+00,7.101441e+00
5.990000e-11,7.863591e-06,6.981202e-06,-4.486784e-06,6.339617e-06,-6.724205e+00,7.166723e+00,7.103751e+00
6.000000e-11,6.581684e-06,9.332073e-06,-1.530370e-06,3.291404e-06,-6.721770e+00,7.165831e+00,7.105188e+00
6.010000e-11,4.947395e-06,1.086446e-05,1.390756e-06,2.117555e-07,-6.718757e+00,7.165816e+00,7.105710e+00
6.020000e-11,3.089610e-06,1.150230e-05,4.062339e-06,-2.693562e-06,-6.715423e+00,7.166634e+00,7.105338e+00
6.030000e-11,1.144092e-06,1.124061e-05,6.299963e-06,-5.242615e-06,-6.712034e+00,7.168182e+00,7.104152e+00
6.040000e-11,-7.558449e-07,1.014250e-05,7.961135e-06,-7.287872e-06,-6.708850e+00,7.170311e+00,7.102281e+00
6.050000e-11,-2.487923e-06,8.331248e-06,8.953526e-06,-8.723943e-06,-6.706101e+00,7.172835e+00,7.099890e+00
6.060000e-11,-3.948283e-06,5.978127e-06,9.238981e-06,-9.492141e-06,-6.703974e+00,7.175547e+00,7.097170e+00
6.070000e-11,-5.057240e-06,3.287163e-06,8.833249e-06,-9.581737e-06,-6.702599e+00,7.178241e+00,7.094322e+00
6.080000e-11,-5.763140e-06,4.780894e-07,7.801753e-06,-9.027985e-06,-6.702044e+00,7.180719e+00,7.091544e+00
6.090000e-11,-6.044160e-06,-2.231102e-06,6.251974e-06,-7.907173e-06,-6.702311e+00,7.182812e+00,7.089017e+00
6.100000e-11,-5.908039e-06,-4.640632e-06,4.323252e-06,-6.329181e-06,-6.703340e+00,7.184385e+00,7.086892e+00
6.110000e-11,-5.389849e-06,-6.583202e-06,2.174906e-06,-4.428140e-06,-6.705016e+00,7.185350e+00,7.085287e+00
6.120000e-11,-4.548051e-06,-7.935061e-06,-2.636150e-08,-2.351934e-06,-6.707182e+00,7.185666e+00,7.084275e+00
6.130000e-11,-3.459198e-06,-8.623182e-06,-2.118841e-06,-2.513271e-07,-6.709651e+00,7.185342e+00,7.083887e+00
6.140000e-11,-2.211689e-06,-8.628204e-06,-3.957134e-06,1.730505e-06,-6.712222e+00,7.184433e+00,7.084108e+00
6.150000e-11,-8.990860e-07,-7.983150e-06,-5.421682e-06,3.467312e-06,-6.714696e+00,7.183031e+00,7.084884e+00
6.160000e-11,3.865429e-07,-6.768263e-06,-6.425957e-06,4.857380e-06,-6.716892e+00,7.181263e+00,7.086127e+00
6.170000e-11,1.560773e-06,-5.102564e-06,-6.920933e-06,5.828967e-06,-6.718657e+00,7.179271e+00,7.087722e+00
6.180000e-11,2.552073e-06,-3.132965e-06,-6.896665e-06,6.343329e-06,-6.719881e+00,7.177210e+00,7.089539e+00
6.190000e-11,3.305844e-06,-1.021873e-06,-6.380995e-06,6.395262e-06,-6.720495e+00,7.175231e+00,7.091440e+00
6.200000e-11,3.787039e-06,1.065703e-06,-5.435627e-06,6.011294e-06,-6.720484e+00,7.173470e+00,7.093291e+00
6.210000e-11,3.981275e-06,2.974583e-06,-4.149942e-06,5.245826e-06,-6.719878e+00,7.172042e+00,7.094971e+00
6.220000e-11,3.894464e-06,4.570486e-06,-2.633137e-06,4.175614e-06,-6.718750e+00,7.171033e+00,7.096377e+00
6.230000e-11,3.551090e-06,5.749008e-06,-1.005311e-06,2.893102e-06,-6.717210e+00,7.170493e+00,7.097431e+00
6.240000e-11,2.991339e-06,6.441946e-06,6.117744e-07,1.499137e-06,-6.715391e+00,7.170437e+00,7.098086e+00
6.250000e-11,2.267363e-06,6.620645e-06,2.103571e-06,9.558861e-08,-6.713444e+00,7.170844e+00,7.098324e+00
6.260000e-11,1.438976e-06,6.296233e-06,3.370616e-06,-1.221606e-06,-6.711519e+00,7.171663e+00,7.098156e+00
6.270000e-11,5.691228e-07,5.516891e-06,4.334861e-06,-2.368562e-06,-6.709760e+00,7.172814e+00,7.097620e+00
6.280000e-11,-2.805707e-07,4.362478e-06,4.944089e-06,-3.278356e-06,-6.708290e+00,7.174199e+00,7.096777e+00
6.290000e-11,-1.053875e-06,2.937044e-06,5.174200e-06,-3.904493e-06,-6.707205e+00,7.175709e+00,7.095706e+00
6.300000e-11,-1.703411e-06,1.359872e-06,5.029328e-06,-4.222777e-06,-6.706568e+00,7.177231e+00,7.094493e+00
6.310000e-11,-2.193288e-06,-2.441872e-07,4.539922e-06,-4.231561e-06,-6.706405e+00,7.178658e+00,7.093232e+00
6.320000e-11,-2.500810e-06,-1.754332e-06,3.759063e-06,-3.950445e-06,-6.706706e+00,7.179895e+00,7.092011e+00
6.330000e-11,-2.617171e-06,-3.062653e-06,2.757391e-06,-3.417617e-06,-6.707427e+00,7.180866e+00,7.090912e+00
6.340000e-11,-2.547173e-06,-4.081558e-06,1.617104e-06,-2.686064e-06,-6.708494e+00,7.181517e+00,7.090001e+00
6.350000e-11,-2.308032e-06,-4.749305e-06,4.254946e-07,-1.819012e-06,-6.709812e+00,7.181820e+00,7.089329e+00
6.360000e-11,-1.927403e-06,-5.033307e-06,-7.314655e-07,-8.849277e-07,-6.711271e+00,7.181773e+00,7.088926e+00
6.370000e-11,-1.440821e-06,-4.931084e-06,-1.775079e-06,4.753255e-08,-6.712756e+00,7.181398e+00,7.088801e+00
6.380000e-11,-8.887522e-07,-4.468928e-06,-2.639009e-06,9.142755e-07,-6.714156e+00,7.180738e+00,7.088945e+00
6.390000e-11,-3.134915e-07,-3.698486e-06,-3.273213e-06,1.659907e-06,-6.715372e+00,7.179855e+00,7.089329e+00
6.400000e-11,2.438641e-07,-2.691653e-06,-3.646507e-06,2.241003e-06,-6.716323e+00,7.178822e+00,7.089911e+00
6.410000e-11,7.461701e-07,-1.534226e-06,-3.747668e-06,2.628335e-06,-6.716950e+00,7.177719e+00,7.090637e+00
6.420000e-11,1.162536e-06,-3.188693e-07,-3.585081e-06,2.807971e-06,-6.717224e+00,7.176625e+00,7.091448e+00
6.430000e-11,1.470042e-06,8.620610e-07,-3.185029e-06,2.781235e-06,-6.717141e+00,7.175615e+00,7.092282e+00
6.440000e-11,1.654799e-06,1.923306e-06,-2.588822e-06,2.563617e-06,-6.716723e+00,7.174754e+00,7.093079e+00
6.450000e-11,1.712301e-06,2.792620e-06,-1.849034e-06,2.182774e-06,-6.716019e+00,7.174092e+00,7.093787e+00
6.460000e-11,1.647124e-06,3.415438e-06,-1.025161e-06,1.675817e-06,-6.715092e+00,7.173664e+00,7.094362e+00
6.470000e-11,1.472002e-06,3.758008e-06,-1.790401e-07,1.086134e-06,-6.714022e+00,7.173485e+00,7.094774e+00
6.480000e-11,1.206416e-06,3.808843e-06,6.296233e-07,4.599869e-07,-6.712893e+00,7.173553e+00,7.095005e+00
6.490000e-11,8.748008e-07,3.578458e-06,1.347313e-06,-1.568679e-07,-6.711792e+00,7.173848e+00,7.095050e+00
6.500000e-11,5.045408e-07,3.097510e-06,1.930070e-06,-7.222977e-07,-6.710798e+00,7.174338e+00,7.094918e+00
6.510000e-11,1.238844e-07,2.413538e-06,2.345986e-06,-1.200464e-06,-6.709977e+00,7.174976e+00,7.094631e+00
6.520000e-11,-2.400582e-07,1.586624e-06,2.576672e-06,-1.563887e-06,-6.709383e+00,7.175711e+00,7.094219e+00
6.530000e-11,-5.631112e-07,6.843435e-07,2.617702e-06,-1.794804e-06,-6.709046e+00,7.176486e+00,7.093718e+00
6.540000e-11,-8.255114e-07,-2.235885e-07,2.478027e-06,-1.885771e-06,-6.708979e+00,7.177247e+00,7.093169e+00
6.550000e-11,-1.012988e-06,-1.070550e-06,2.178503e-06,-1.839519e-06,-6.709173e+00,7.177941e+00,7.092613e+00
6.560000e-11,-1.117395e-06,-1.797753e-06,1.749671e-06,-1.668114e-06,-6.709602e+00,7.178527e+00,7.092090e+00
6.570000e-11,-1.136881e-06,-2.358165e-06,1.229024e-06,-1.391529e-06,-6.710223e+00,7.178972e+00,7.091634e+00
6.580000e-11,-1.075611e-06,-2.719348e-06,6.579514e-07,-1.035756e-06,-6.710981e+00,7.179253e+00,7.091272e+00
6.590000e-11,-9.430951e-07,-2.865084e-06,7.863716e-08,-6.306206e-07,-6.711814e+00,7.179363e+00,7.091024e+00
6.600000e-11,-7.531851e-07,-2.795711e-06,-4.689082e-07,-2.074677e-07,-6.712658e+00,7.179304e+00,7.090899e+00
6.610000e-11,-5.228332e-07,-2.527236e-06,-9.494582e-07,2.031087e-07,-6.713451e+00,7.179093e+00,7.090898e+00
6.620000e-11,-2.707177e-07,-2.089338e-06,-1.334681e-06,5.733434e-07,-6.714139e+00,7.178752e+00,7.091014e+00
6.630000e-11,-1.583391e-08,-1.522482e-06,-1.604636e-06,8.800467e-07,-6.714676e+00,7.178313e+00,7.091231e+00
6.640000e-11,2.238463e-07,-8.744009e-07,-1.748585e-06,1.105921e-06,-6.715032e+00,7.177812e+00,7.091528e+00
6.650000e-11,4.325582e-07,-1.962379e-07,-1.765125e-06,1.240386e-06,-6.715191e+00,7.177288e+00,7.091878e+00
6.660000e-11,5.976988e-07,4.613548e-07,-1.661659e-06,1.279878e-06,-6.715150e+00,7.176777e+00,7.092254e+00
6.670000e-11,7.104999e-07,1.051870e-06,-1.453294e-06,1.227651e-06,-6.714924e+00,7.176312e+00,7.092628e+00
6.680000e-11,7.663926e-07,1.536103e-06,-1.161284e-06,1.093113e-06,-6.714537e+00,7.175922e+00,7.092974e+00
6.690000e-11,7.650560e-07,1.884612e-06,-8.111464e-07,8.907817e-07,-6.714026e+00,7.175627e+00,7.093270e+00
6.700000e-11,7.101692e-07,2.079337e-06,-4.306142e-07,6.389496e-07,-6.713435e+00,7.175442e+00,7.093498e+00
6.710000e-11,6.089019e-07,2.114306e-06,-4.757315e-08,3.581835e-07,-6.712810e+00,7.175371e+00,7.093646e+00
6.720000e-11,4.711962e-07,1.995427e-06,3.118689e-07,6.975609e-08,-6.712197e+00,7.175410e+00,7.093710e+00
6.730000e-11,3.089031e-07,1.739424e-06,6.250542e-07,-2.058658e-07,-6.711640e+00,7.175550e+00,7.093689e+00
6.740000e-11,1.348415e-07,1.372050e-06,8.740894e-07,-4.503828e-07,-6.711177e+00,7.175773e+00,7.093591e+00
6.750000e-11,-3.814915e-08,9.257296e-07,1.046735e-06,-6.487872e-07,-6.710835e+00,7.176060e+00,7.093427e+00
6.760000e-11,-1.980982e-07,4.368485e-07,1.136840e-06,-7.901904e-07,-6.710632e+00,7.176386e+00,7.093212e+00
6.770000e-11,-3.346769e-07,-5.709934e-08,1.144317e-06,-8.683140e-07,-6.710576e+00,7.176726e+00,7.092965e+00
6.780000e-11,-4.398103e-07,-5.202925e-07,1.074709e-06,-8.816333e-07,-6.710663e+00,7.177057e+00,7.092704e+00
6.790000e-11,-5.080954e-07,-9.210871e-07,9.383888e-07,-8.331856e-07,-6.710879e+00,7.177358e+00,7.092448e+00
6.800000e-11,-5.370090e-07,-1.234080e-06,7.494903e-07,-7.300757e-07,-6.711200e+00,7.177610e+00,7.092215e+00
6.810000e-11,-5.269046e-07,-1.441601e-06,5.246595e-07,-5.827342e-07,-6.711600e+00,7.177800e+00,7.092019e+00
6.820000e-11,-4.808113e-07,-1.534567e-06,2.817262e-07,-4.039927e-07,-6.712044e+00,7.177920e+00,7.091872e+00
6.830000e-11,-4.040605e-07,-1.512653e-06,3.839561e-08,-2.080526e-07,-6.712498e+00,7.177968e+00,7.091781e+00
6.840000e-11,-3.037777e-07,-1.383824e-06,-1.889512e-07,-9.424140e-09,-6.712930e+00,7.177946e+00,7.091749e+00
6.850000e-11,-1.882816e-07,-1.163297e-06,-3.862740e-07,1.780891e-07,-6.713309e+00,7.177860e+00,7.091774e+00
6.860000e-11,-6.643897e-08,-8.720275e-07,-5.426506e-07,3.422929e-07,-6.713613e+00,7.177722e+00,7.091852e+00
6.870000e-11,5.297921e-08,-5.348724e-07,-6.507797e-07,4.733379e-07,-6.713822e+00,7.177544e+00,7.091973e+00
6.880000e-11,1.618944e-07,-1.785781e-07,-7.071959e-07,5.642482e-07,-6.713928e+00,7.177341e+00,7.092128e+00
6.890000e-11,2.534328e-07,1.702562e-07,-7.122042e-07,6.112189e-07,-6.713929e+00,7.177130e+00,7.092304e+00
6.900000e-11,3.223238e-07,4.870854e-07,-6.695608e-07,6.136783e-07,-6.713830e+00,7.176923e+00,7.092487e+00
6.910000e-11,3.651630e-07,7.510678e-07,-5.859415e-07,5.741256e-07,-6.713646e+00,7.176736e+00,7.092664e+00
6.920000e-11,3.805319e-07,9.463526e-07,-4.702523e-07,4.977688e-07,-6.713392e+00,7.176578e+00,7.092824e+00
6.930000e-11,3.689743e-07,1.062933e-06,-3.328413e-07,3.920015e-07,-6.713092e+00,7.176458e+00,7.092956e+00
6.940000e-11,3.328395e-07,1.097028e-06,-1.846756e-07,2.657642e-07,-6.712770e+00,7.176381e+00,7.093054e+00
6.950000e-11,2.760136e-07,1.050997e-06,-3.654272e-08,1.288412e-07,-6.712450e+00,7.176348e+00,7.093113e+00
6.960000e-11,2.035613e-07,9.328058e-07,1.016700e-07,-8.855119e-09,-6.712154e+00,7.176357e+00,7.093131e+00
6.970000e-11,1.213104e-07,7.551351e-07,2.215740e-07,-1.379635e-07,-6.711903e+00,7.176405e+00,7.093109e+00
6.980000e-11,3.541059e-08,5.341852e-07,3.167244e-07,-2.502721e-07,-6.711711e+00,7.176485e+00,7.093051e+00
6.990000e-11,-4.810355e-08,2.883052e-07,3.828939e-07,-3.392024e-07,-6.711588e+00,7.176590e+00,7.092963e+00
7.000000e-11,-1.237138e-07,3.654521e-08,4.181698e-07,-4.001512e-07,-6.711540e+00,7.176709e+00,7.092853e+00
7.010000e-11,-1.867609e-07,-2.027567e-07,4.228840e-07,-4.306787e-07,-6.711565e+00,7.176835e+00,7.092729e+00
7.020000e-11,-2.337071e-07,-4.132519e-07,3.993943e-07,-4.305387e-07,-6.711657e+00,7.176957e+00,7.092600e+00
7.030000e-11,-2.623083e-07,-5.816384e-07,3.517453e-07,-4.015595e-07,-6.711806e+00,7.177069e+00,7.092476e+00
7.040000e-11,-2.716873e-07,-6.984352e-07,2.852441e-07,-3.473927e-07,-6.711997e+00,7.177165e+00,7.092364e+00
7.050000e-11,-2.623111e-07,-7.584326e-07,2.059864e-07,-2.731557e-07,-6.712214e+00,7.177238e+00,7.092271e+00
7.060000e-11,-2.358791e-07,-7.608086e-07,1.203715e-07,-1.849977e-07,-6.712440e+00,7.177287e+00,7.092203e+00
7.070000e-11,-1.951350e-07,-7.089199e-07,3.464070e-08,-8.962484e-08,-6.712660e+00,7.177310e+00,7.092162e+00
7.080000e-11,-1.436206e-07,-6.098053e-07,-4.553127e-08,6.182891e-09,-6.712856e+00,7.177309e+00,7.092150e+00
7.090000e-11,-8.539055e-08,-4.734533e-07,-1.153682e-07,9.602837e-08,-6.713018e+00,7.177285e+00,7.092165e+00
7.100000e-11,-2.471075e-08,-3.119030e-07,-1.712318e-07,1.743001e-07,-6.713135e+00,7.177242e+00,7.092205e+00
7.110000e-11,3.423938e-08,-1.382520e-07,-2.107600e-07,2.364967e-07,-6.713202e+00,7.177185e+00,7.092267e+00
7.120000e-11,8.764038e-08,3.434982e-08,-2.329054e-07,2.794570e-07,-6.713217e+00,7.177119e+00,7.092344e+00
7.130000e-11,1.322655e-07,1.936486e-07,-2.378791e-07,3.014863e-07,-6.713183e+00,7.177049e+00,7.092431e+00
7.140000e-11,1.656594e-07,3.291102e-07,-2.270144e-07,3.023770e-07,-6.713105e+00,7.176980e+00,7.092521e+00
7.150000e-11,1.862554e-07,4.325698e-07,-2.025661e-07,2.833296e-07,-6.712991e+00,7.176915e+00,7.092608e+00
7.160000e-11,1.934252e-07,4.986692e-07,-1.674672e-07,2.467855e-07,-6.712852e+00,7.176860e+00,7.092687e+00
7.170000e-11,1.874645e-07,5.250655e-07,-1.250629e-07,1.961883e-07,-6.712700e+00,7.176816e+00,7.092754e+00
7.180000e-11,1.695175e-07,5.124085e-07,-7.884361e-08,1.356945e-07,-6.712545e+00,7.176786e+00,7.092803e+00
7.190000e-11,1.414508e-07,4.641048e-07,-3.219485e-08,6.985583e-08,-6.712399e+00,7.176769e+00,7.092834e+00
7.200000e-11,1.056863e-07,3.858973e-07,1.181926e-08,3.295647e-09,-6.712273e+00,7.176766e+00,7.092845e+00
7.210000e-11,6.500927e-08,2.853035e-07,5.062812e-08,-5.959819e-08,-6.712173e+00,7.176775e+00,7.092836e+00
7.220000e-11,2.236288e-08,1.709608e-07,8.227463e-08,-1.149457e-07,-6.712105e+00,7.176795e+00,7.092810e+00
7.230000e-11,-1.935389e-08,5.193380e-08,1.054802e-07,-1.595962e-07,-6.712071e+00,7.176823e+00,7.092769e+00
7.240000e-11,-5.747344e-08,-6.296568e-08,1.196562e-07,-1.912884e-07,-6.712073e+00,7.176856e+00,7.092717e+00
7.250000e-11,-8.972001e-08,-1.657962e-07,1.248671e-07,-2.087417e-07,-6.712107e+00,7.176893e+00,7.092657e+00
7.260000e-11,-1.143345e-07,-2.500015e-07,1.217530e-07,-2.116777e-07,-6.712169e+00,7.176930e+00,7.092594e+00
7.270000e-11,-1.301582e-07,-3.107919e-07,1.114215e-07,-2.007763e-07,-6.712253e+00,7.176965e+00,7.092532e+00
7.280000e-11,-1.366715e-07,-3.453735e-07,9.532059e-08,-1.775707e-07,-6.712351e+00,7.176995e+00,7.092476e+00
7.290000e-11,-1.339898e-07,-3.530179e-07,7.510289e-08,-1.442954e-07,-6.712455e+00,7.177021e+00,7.092428e+00
7.300000e-11,-1.228169e-07,-3.349780e-07,5.249222e-08,-1.036973e-07,-6.712557e+00,7.177040e+00,7.092391e+00
7.310000e-11,-1.043646e-07,-2.942673e-07,2.916171e-08,-5.882667e-08,-6.712651e+00,7.177052e+00,7.092367e+00
7.320000e-11,-8.024305e-08,-2.353249e-07,6.630224e-09,-1.282128e-08,-6.712730e+00,7.177058e+00,7.092356e+00
7.330000e-11,-5.233308e-08,-1.636013e-07,-1.381757e-08,3.130073e-08,-6.712790e+00,7.177057e+00,7.092359e+00
7.340000e-11,-2.264813e-08,-8.509821e-08,-3.118511e-08,7.082736e-08,-6.712827e+00,7.177050e+00,7.092374e+00
7.350000e-11,6.803309e-09,-5.898574e-09,-4.479127e-08,1.035074e-07,-6.712840e+00,7.177039e+00,7.092400e+00
7.360000e-11,3.414669e-08,6.827676e-08,-5.427279e-08,1.276656e-07,-6.712831e+00,7.177024e+00,7.092435e+00
7.370000e-11,5.775369e-08,1.324571e-07,-5.956492e-08,1.422738e-07,-6.712801e+00,7.177007e+00,7.092475e+00
7.380000e-11,7.633179e-08,1.827295e-07,-6.086482e-08,1.469758e-07,-6.712754e+00,7.176989e+00,7.092518e+00
7.390000e-11,8.898669e-08,2.164488e-07,-5.858263e-08,1.420675e-07,-6.712695e+00,7.176971e+00,7.092561e+00
7.400000e-11,9.525545e-08,2.323426e-07,-5.328558e-08,1.284380e-07,-6.712628e+00,7.176955e+00,7.092602e+00
7.410000e-11,9.510991e-08,2.305083e-07,-4.564008e-08,1.074750e-07,-6.712559e+00,7.176940e+00,7.092637e+00
7.420000e-11,8.893214e-08,2.123131e-07,-3.635632e-08,8.094614e-08,-6.712493e+00,7.176927e+00,7.092665e+00
7.430000e-11,7.746528e-08,1.802070e-07,-2.613886e-08,5.086289e-08,-6.712434e+00,7.176918e+00,7.092685e+00
7.440000e-11,6.174444e-08,1.374719e-07,-1.564578e-08,1.933836e-08,-6.712387e+00,7.176912e+00,7.092695e+00
7.450000e-11,4.301331e-08,8.792597e-08,-5.457847e-09,-1.155258e-08,-6.712353e+00,7.176909e+00,7.092696e+00
7.460000e-11,2.263262e-08,3.561089e-08,3.941884e-09,-3.990167e-08,-6.712335e+00,7.176908e+00,7.092689e+00
7.470000e-11,1.986948e-09,-1.551617e-08,1.217853e-08,-6.407702e-08,-6.712332e+00,7.176911e+00,7.092673e+00
7.480000e-11,-1.760433e-08,-6.186298e-08,1.898709e-08,-8.280844e-08,-6.712343e+00,7.176915e+00,7.092651e+00
7.490000e-11,-3.496646e-08,-1.004366e-07,2.420717e-08,-9.524479e-08,-6.712367e+00,7.176922e+00,7.092625e+00
7.500000e-11,-4.913470e-08,-1.290178e-07,2.777253e-08,-1.009813e-07,-6.712402e+00,7.176929e+00,7.092595e+00
7.510000e-11,-5.940251e-08,-1.462671e-07,2.969767e-08,-1.000572e-07,-6.712443e+00,7.176938e+00,7.092565e+00
7.520000e-11,-6.535045e-08,-1.517596e-07,3.006303e-08,-9.292626e-08,-6.712487e+00,7.176947e+00,7.092536e+00
7.530000e-11,-6.685538e-08,-1.459504e-07,2.900052e-08,-8.040234e-08,-6.712531e+00,7.176956e+00,7.092511e+00
7.540000e-11,-6.408041e-08,-1.300790e-07,2.668032e-08,-6.358698e-08,-6.712573e+00,7.176964e+00,7.092489e+00
7.550000e-11,-5.744750e-08,-1.060232e-07,2.329966e-08,-4.378296e-08,-6.712608e+00,7.176972e+00,7.092473e+00
7.560000e-11,-4.759562e-08,-7.611660e-08,1.907378e-08,-2.240100e-08,-6.712635e+00,7.176978e+00,7.092463e+00
7.570000e-11,-3.532773e-08,-4.294695e-08,1.422891e-08,-8.655000e-10,-6.712653e+00,7.176983e+00,7.092460e+00
7.580000e-11,-2.155087e-08,-9.149300e-09,8.996756e-09,1.947470e-08,-6.712660e+00,7.176987e+00,7.092462e+00
7.590000e-11,-7.213252e-09,2.278865e-08,3.609939e-09,3.742536e-08,-6.712658e+00,7.176989e+00,7.092471e+00
7.600000e-11,6.757317e-09,5.069673e-08,-1.702281e-09,5.201142e-08,-6.712648e+00,7.176989e+00,7.092484e+00
7.610000e-11,1.951009e-08,7.285691e-08,-6.718603e-09,6.252418e-08,-6.712629e+00,7.176988e+00,7.092501e+00
7.620000e-11,3.031980e-08,8.809524e-08,-1.123099e-08,6.854902e-08,-6.712605e+00,7.176985e+00,7.092521e+00
7.630000e-11,3.862441e-08,9.582731e-08,-1.505086e-08,6.997346e-08,-6.712578e+00,7.176981e+00,7.092542e+00
7.640000e-11,4.405046e-08,9.605734e-08,-1.801613e-08,6.697601e-08,-6.712549e+00,7.176976e+00,7.092562e+00
7.650000e-11,4.642514e-08,8.933437e-08,-1.999867e-08,5.999795e-08,-6.712521e+00,7.176970e+00,7.092581e+00
7.660000e-11,4.577533e-08,7.667181e-08,-2.091166e-08,4.970053e-08,-6.712497e+00,7.176964e+00,7.092598e+00
7.670000e-11,4.231422e-08,5.943890e-08,-2.071616e-08,3.691135e-08,-6.712476e+00,7.176958e+00,7.092611e+00
7.680000e-11,3.641727e-08,3.923419e-08,-1.942604e-08,2.256372e-08,-6.712462e+00,7.176952e+00,7.092619e+00
7.690000e-11,2.858949e-08,1.775158e-08,-1.711053e-08,7.633108e-09,-6.712453e+00,7.176946e+00,7.092624e+00
7.700000e-11,1.942669e-08,-3.350629e-09,-1.389379e-08,-6.925197e-09,-6.712451e+00,7.176942e+00,7.092624e+00
7.710000e-11,9.573387e-09,-2.256837e-08,-9.951082e-09,-2.023355e-08,-6.712455e+00,7.176938e+00,7.092620e+00
7.720000e-11,-3.198993e-10,-3.865017e-08,-5.501313e-09,-3.154130e-08,-6.712464e+00,7.176936e+00,7.092612e+00
7.730000e-11,-9.637161e-09,-5.066958e-08,-7.962896e-10,-4.026358e-08,-6.712477e+00,7.176935e+00,7.092601e+00
7.740000e-11,-1.783301e-08,-5.806830e-08,3.893008e-09,-4.600764e-08,-6.712494e+00,7.176935e+00,7.092589e+00
7.750000e-11,-2.446233e-08,-6.066892e-08,8.292228e-09,-4.858607e-08,-6.712511e+00,7.176937e+00,7.092574e+00
7.760000e-11,-2.920208e-08,-5.865871e-08,1.214055e-08,-4.801664e-08,-6.712529e+00,7.176940e+00,7.092560e+00
7.770000e-11,-3.186430e-08,-5.254770e-08,1.520749e-08,-4.450968e-08,-6.712546e+00,7.176944e+00,7.092546e+00
7.780000e-11,-3.240011e-08,-4.310633e-08,1.730838e-08,-3.844449e-08,-6.712560e+00,7.176949e+00,7.092534e+00
7.790000e-11,-3.089491e-08,-3.128851e-08,1.831731e-08,-3.033664e-08,-6.712571e+00,7.176955e+00,7.092523e+00
7.800000e-11,-2.755561e-08,-1.814719e-08,1.817641e-08,-2.079887e-08,-6.712578e+00,7.176960e+00,7.092516e+00
7.810000e-11,-2.269103e-08,-4.749050e-09,1.690085e-08,-1.049825e-08,-6.712582e+00,7.176965e+00,7.092511e+00
7.820000e-11,-1.668725e-08,7.905134e-09,1.457876e-08,-1.122558e-10,-6.712581e+00,7.176970e+00,7.092510e+00
7.830000e-11,-9.979466e-09,1.894915e-08,1.136623e-08,9.713254e-09,-6.712577e+00,7.176974e+00,7.092511e+00
7.840000e-11,-3.022443e-09,2.770460e-08,7.477454e-09,1.840194e-08,-6.712570e+00,7.176977e+00,7.092515e+00
7.850000e-11,3.738626e-09,3.371615e-08,3.170686e-09,2.547860e-08,-6.712561e+00,7.176978e+00,7.092522e+00
7.860000e-11,9.895072e-09,3.676738e-08,-1.269019e-09,3.059282e-08,-6.712551e+00,7.176979e+00,7.092530e+00
7.870000e-11,1.509799e-08,3.687771e-08,-5.549088e-09,3.353393e-08,-6.712540e+00,7.176978e+00,7.092540e+00
7.880000e-11,1.907653e-08,3.428200e-08,-9.389355e-09,3.423643e-08,-6.712529e+00,7.176975e+00,7.092550e+00
7.890000e-11,2.165041e-08,2.939578e-08,-1.254120e-08,3.277638e-08,-6.712520e+00,7.176972e+00,7.092560e+00
7.900000e-11,2.273616e-08,2.276975e-08,-1.480450e-08,2.935930e-08,-6.712512e+00,7.176968e+00,7.092569e+00
7.910000e-11,2.234705e-08,1.503792e-08,-1.604114e-08,2.430074e-08,-6.712506e+00,7.176963e+00,7.092577e+00
7.920000e-11,2.058715e-08,6.863578e-09,-1.618419e-08,1.800112e-08,-6.712503e+00,7.176958e+00,7.092584e+00
7.930000e-11,1.763999e-08,-1.112443e-09,-1.524194e-08,1.091672e-08,-6.712502e+00,7.176954e+00,7.092588e+00
7.940000e-11,1.375297e-08,-8.317726e-09,-1.329666e-08,3.528626e-09,-6.712503e+00,7.176950e+00,7.092590e+00
7.950000e-11,9.218704e-09,-1.428532e-08,-1.049812e-08,-3.688204e-09,-6.712507e+00,7.176946e+00,7.092590e+00
7.960000e-11,4.354430e-09,-1.867990e-08,-7.052400e-09,-1.029395e-08,-6.712512e+00,7.176943e+00,7.092588e+00
7.970000e-11,-5.189136e-10,-2.131183e-08,-3.206794e-09,-1.590935e-08,-6.712518e+00,7.176942e+00,7.092584e+00
7.980000e-11,-5.096819e-09,-2.213920e-08,7.679969e-10,-2.023605e-08,-6.712524e+00,7.176942e+00,7.092579e+00
7.990000e-11,-9.109257e-09,-2.125851e-08,4.597142e-09,-2.307107e-08,-6.712531e+00,7.176942e+00,7.092572e+00
8.000000e-11,-1.233566e-08,-1.888571e-08,8.020971e-09,-2.431456e-08,-6.712537e+00,7.176944e+00,7.092565e+00
8.010000e-11,-1.461609e-08,-1.532977e-08,1.081292e-08,-2.397084e-08,-6.712542e+00,7.176947e+00,7.092558e+00
8.020000e-11,-1.585802e-08,-1.096148e-08,1.279482e-08,-2.214295e-08,-6.712546e+00,7.176951e+00,7.092551e+00
8.030000e-11,-1.603866e-08,-6.180096e-09,1.384853e-08,-1.902135e-08,-6.712548e+00,7.176955e+00,7.092545e+00
8.040000e-11,-1.520274e-08,-1.380742e-09,1.392304e-08,-1.486775e-08,-6.712549e+00,7.176959e+00,7.092540e+00
8.050000e-11,-1.345632e-08,3.075220e-09,1.303673e-08,-9.995231e-09,-6.712549e+00,7.176963e+00,7.092536e+00
8.060000e-11,-1.095695e-08,6.884657e-09,1.127462e-08,-4.746242e-09,-6.712548e+00,7.176966e+00,7.092534e+00
8.070000e-11,-7.901224e-09,9.820633e-09,8.780910e-09,5.302853e-10,-6.712545e+00,7.176969e+00,7.092533e+00
8.080000e-11,-4.510500e-09,1.174300e-08,5.747520e-09,5.501069e-09,-6.712542e+00,7.176971e+00,7.092534e+00
8.090000e-11,-1.015735e-09,1.260141e-08,2.399436e-09,9.868598e-09,-6.712538e+00,7.176973e+00,7.092536e+00
8.100000e-11,2.357467e-09,1.243122e-08,-1.021939e-09,1.338806e-08,-6.712535e+00,7.176973e+00,7.092540e+00
8.110000e-11,5.402757e-09,1.134309e-08,-4.276230e-09,1.588015e-08,-6.712531e+00,7.176972e+00,7.092544e+00
8.120000e-11,7.945038e-09,9.507682e-09,-7.141039e-09,1.723920e-08,-6.712528e+00,7.176970e+00,7.092549e+00
8.130000e-11,9.849910e-09,7.137128e-09,-9.427202e-09,1.743627e-08,-6.712525e+00,7.176968e+00,7.092554e+00
8.140000e-11,1.103009e-08,4.464803e-09,-1.099129e-08,1.651727e-08,-6.712524e+00,7.176965e+00,7.092559e+00
8.150000e-11,1.144855e-08,1.725303e-09,-1.174455e-08,1.459645e-08,-6.712523e+00,7.176961e+00,7.092564e+00
8.160000e-11,1.111833e-08,-8.639339e-10,-1.165766e-08,1.184594e-08,-6.712523e+00,7.176958e+00,7.092568e+00
8.170000e-11,1.009922e-08,-3.118020e-09,-1.076124e-08,8.482028e-09,-6.712523e+00,7.176955e+00,7.092571e+00
8.180000e-11,8.491642e-09,-4.896084e-09,-9.141911e-09,4.749373e-09,-6.712524e+00,7.176952e+00,7.092573e+00
8.190000e-11,6.428244e-09,-6.108249e-09,-6.934657e-09,9.041032e-10,-6.712526e+00,7.176949e+00,7.092574e+00
8.200000e-11,4.063900e-09,-6.717947e-09,-4.311820e-09,-2.803000e-09,-6.712528e+00,7.176948e+00,7.092574e+00
8.210000e-11,1.564762e-09,-6.739801e-09,-1.469829e-09,-6.142208e-09,-6.712530e+00,7.176947e+00,7.092572e+00
8.220000e-11,-9.028584e-10,-6.233621e-09,1.385426e-09,-8.918475e-09,-6.712532e+00,7.176947e+00,7.092570e+00
8.230000e-11,-3.183083e-09,-5.295337e-09,4.053446e-09,-1.098223e-08,-6.712534e+00,7.176948e+00,7.092567e+00
8.240000e-11,-5.139878e-09,-4.045848e-09,6.353148e-09,-1.223678e-08,-6.712535e+00,7.176949e+00,7.092564e+00
8.250000e-11,-6.664751e-09,-2.618878e-09,8.135075e-09,-1.264194e-08,-6.712536e+00,7.176951e+00,7.092560e+00
8.260000e-11,-7.682312e-09,-1.148903e-09,9.290977e-09,-1.221397e-08,-6.712537e+00,7.176954e+00,7.092556e+00
8.270000e-11,-8.153455e-09,2.398868e-10,9.760159e-09,-1.102182e-08,-6.712537e+00,7.176957e+00,7.092553e+00
8.280000e-11,-8.076068e-09,1.442774e-09,9.532242e-09,-9.180195e-09,-6.712536e+00,7.176960e+00,7.092550e+00
8.290000e-11,-7.483339e-09,2.381265e-09,8.646265e-09,-6.840017e-09,-6.712536e+00,7.176962e+00,7.092547e+00
8.300000e-11,-6.439882e-09,3.007060e-09,7.186292e-09,-4.176990e-09,-6.712535e+00,7.176965e+00,7.092546e+00
8.310000e-11,-5.036036e-09,3.303155e-09,5.273975e-09,-1.379093e-09,-6.712534e+00,7.176967e+00,7.092545e+00
8.320000e-11,-3.380786e-09,3.282235e-09,3.058693e-09,1.366130e-09,-6.712533e+00,7.176968e+00,7.092545e+00
8.330000e-11,-1.593825e-09,2.982717e-09,7.060471e-10,3.883666e-09,-6.712532e+00,7.176968e+00,7.092546e+00
8.340000e-11,2.026865e-10,2.462991e-09,-1.614389e-09,6.021756e-09,-6.712531e+00,7.176968e+00,7.092547e+00
8.350000e-11,1.892122e-09,1.794467e-09,-3.741193e-09,7.660613e-09,-6.712531e+00,7.176967e+00,7.092549e+00
8.360000e-11,3.370651e-09,1.054149e-09,-5.532208e-09,8.718670e-09,-6.712530e+00,7.176966e+00,7.092552e+00
8.370000e-11,4.553322e-09,3.173749e-10,-6.873900e-09,9.156049e-09,-6.712530e+00,7.176964e+00,7.092554e+00
8.380000e-11,5.378625e-09,-3.486547e-10,-7.688360e-09,8.975165e-09,-6.712530e+00,7.176962e+00,7.092557e+00
8.390000e-11,5.811324e-09,-8.900777e-10,-7.937526e-09,8.218553e-09,-6.712530e+00,7.176960e+00,7.092559e+00
8.400000e-11,5.843447e-09,-1.269957e-09,-7.624423e-09,6.964181e-09,-6.712531e+00,7.176957e+00,7.092562e+00
8.410000e-11,5.493452e-09,-1.470070e-09,-6.791460e-09,5.318676e-09,-6.712531e+00,7.176955e+00,7.092564e+00
8.420000e-11,4.803726e-09,-1.490896e-09,-5.515989e-09,3.408995e-09,-6.712532e+00,7.176953e+00,7.092565e+00
8.430000e-11,3.836645e-09,-1.349928e-09,-3.903559e-09,1.373155e-09,-6.712532e+00,7.176952e+00,7.092566e+00
8.440000e-11,2.669521e-09,-1.078604e-09,-2.079431e-09,-6.493191e-10,-6.712532e+00,7.176951e+00,7.092566e+00
8.450000e-11,1.388824e-09,-7.182154e-10,-1.790048e-10,-2.526601e-09,-6.712533e+00,7.176951e+00,7.092565e+00
8.460000e-11,8.408525e-11,-3.152395e-10,1.662091e-09,-4.142832e-09,-6.712533e+00,7.176951e+00,7.092564e+00
8.470000e-11,-1.158105e-09,8.345445e-11,3.317562e-09,-5.404957e-09,-6.712533e+00,7.176952e+00,7.092563e+00
8.480000e-11,-2.259612e-09,4.350893e-10,4.678973e-09,-6.247734e-09,-6.712533e+00,7.176953e+00,7.092561e+00
8.490000e-11,-3.155456e-09,7.047750e-10,5.662686e-09,-6.636684e-09,-6.712533e+00,7.176954e+00,7.092559e+00
8.500000e-11,-3.797413e-09,8.683212e-10,6.214772e-09,-6.568878e-09,-6.712532e+00,7.176956e+00,7.092557e+00
8.510000e-11,-4.156355e-09,9.138804e-10,6.313638e-09,-6.071609e-09,-6.712532e+00,7.176958e+00,7.092555e+00
8.520000e-11,-4.223207e-09,8.423451e-10,5.970264e-09,-5.199134e-09,-6.712532e+00,7.176960e+00,7.092554e+00
8.530000e-11,-4.008553e-09,6.665404e-10,5.226131e-09,-4.027787e-09,-6.712532e+00,7.176962e+00,7.092552e+00
8.540000e-11,-3.540965e-09,4.093537e-10,4.149090e-09,-2.649881e-09,-6.712531e+00,7.176963e+00,7.092551e+00
8.550000e-11,-2.864226e-09,1.010306e-10,2.827530e-09,-1.166825e-09,-6.712531e+00,7.176964e+00,7.092551e+00
8.560000e-11,-2.033691e-09,-2.240754e-10,1.363345e-09,3.180196e-10,-6.712531e+00,7.176965e+00,7.092550e+00
8.570000e-11,-1.112065e-09,-5.309777e-10,-1.357681e-10,1.706273e-09,-6.712531e+00,7.176965e+00,7.092551e+00
8.580000e-11,-1.648924e-10,-7.874330e-10,-1.564100e-09,2.910813e-09,-6.712532e+00,7.176965e+00,7.092551e+00
8.590000e-11,7.439045e-10,-9.669211e-10,-2.825255e-09,3.861005e-09,-6.712532e+00,7.176964e+00,7.092553e+00
8.600000e-11,1.556175e-09,-1.050978e-09,-3.838516e-09,4.506577e-09,-6.712532e+00,7.176963e+00,7.092554e+00
8.610000e-11,2.223098e-09,-1.030704e-09,-4.543841e-09,4.819973e-09,-6.712533e+00,7.176962e+00,7.092555e+00
8.620000e-11,2.707947e-09,-9.073436e-10,-4.905193e-09,4.797065e-09,-6.712533e+00,7.176960e+00,7.092557e+00
8.630000e-11,2.987918e-09,-6.919306e-10,-4.912047e-09,4.456289e-09,-6.712533e+00,7.176959e+00,7.092558e+00
8.640000e-11,3.054951e-09,-4.040528e-10,-4.579026e-09,3.836309e-09,-6.712533e+00,7.176957e+00,7.092559e+00
8.650000e-11,2.915524e-09,-6.989104e-11,-3.943809e-09,2.992453e-09,-6.712533e+00,7.176956e+00,7.092560e+00
8.660000e-11,2.589496e-09,2.802767e-10,-3.063489e-09,1.992209e-09,-6.712533e+00,7.176955e+00,7.092561e+00
8.670000e-11,2.108119e-09,6.148684e-10,-2.009744e-09,9.101282e-10,-6.712533e+00,7.176954e+00,7.092561e+00
8.680000e-11,1.511390e-09,9.038346e-10,-8.631876e-10,-1.774943e-10,-6.712533e+00,7.176954e+00,7.092562e+00
8.690000e-11,8.449526e-10,1.121291e-09,2.926534e-10,-1.197799e-09,-6.712533e+00,7.176954e+00,7.092561e+00
8.700000e-11,1.567737e-10,1.247726e-09,1.377300e-09,-2.086058e-09,-6.712532e+00,7.176954e+00,7.092561e+00
8.710000e-11,-5.061655e-10,1.271610e-09,2.318804e-09,-2.789597e-09,-6.712532e+00,7.176955e+00,7.092560e+00
8.720000e-11,-1.100953e-09,1.190277e-09,3.058382e-09,-3.270725e-09,-6.712531e+00,7.176955e+00,7.092559e+00
8.730000e-11,-1.591400e-09,1.010036e-09,3.553927e-09,-3.508510e-09,-6.712531e+00,7.176956e+00,7.092558e+00
8.740000e-11,-1.950124e-09,7.455158e-10,3.782187e-09,-3.499352e-09,-6.712531e+00,7.176957e+00,7.092557e+00
8.750000e-11,-2.159925e-09,4.183185e-10,3.739527e-09,-3.256362e-09,-6.712531e+00,7.176959e+00,7.092556e+00
8.760000e-11,-2.214430e-09,5.512149e-11,3.441285e-09,-2.807657e-09,-6.712531e+00,7.176960e+00,7.092555e+00
8.770000e-11,-2.117968e-09,-3.146104e-10,2.919826e-09,-2.193726e-09,-6.712531e+00,7.176961e+00,7.092554e+00
8.780000e-11,-1.884743e-09,-6.610952e-10,2.221506e-09,-1.464100e-09,-6.712531e+00,7.176961e+00,7.092554e+00
8.790000e-11,-1.537386e-09,-9.566812e-10,1.402791e-09,-6.735770e-10,-6.712531e+00,7.176962e+00,7.092554e+00
8.800000e-11,-1.105016e-09,-1.178070e-09,5.258500e-10,1.217167e-10,-6.712531e+00,7.176962e+00,7.092554e+00
8.810000e-11,-6.209588e-10,-1.308137e-09,-3.460304e-10,8.681637e-10,-6.712532e+00,7.176962e+00,7.092554e+00
8.820000e-11,-1.203053e-10,-1.337221e-09,-1.152908e-09,1.518131e-09,-6.712532e+00,7.176962e+00,7.092554e+00
8.830000e-11,3.625307e-10,-1.263774e-09,-1.842189e-09,2.032871e-09,-6.712533e+00,7.176962e+00,7.092555e+00
8.840000e-11,7.960855e-10,-1.094353e-09,-2.371937e-09,2.384681e-09,-6.712533e+00,7.176961e+00,7.092555e+00
8.850000e-11,1.153806e-09,-8.429614e-10,-2.713275e-09,2.558212e-09,-6.712533e+00,7.176960e+00,7.092556e+00
8.860000e-11,1.415585e-09,-5.298125e-10,-2.851757e-09,2.550879e-09,-6.712533e+00,7.176959e+00,7.092557e+00
8.870000e-11,1.568777e-09,-1.796261e-10,-2.787678e-09,2.372394e-09,-6.712533e+00,7.176958e+00,7.092557e+00
8.880000e-11,1.608679e-09,1.803913e-10,-2.535332e-09,2.043492e-09,-6.712533e+00,7.176958e+00,7.092558e+00
8.890000e-11,1.538432e-09,5.227162e-10,-2.121334e-09,1.593978e-09,-6.712533e+00,7.176957e+00,7.092559e+00
8.900000e-11,1.368420e-09,8.216531e-10,-1.582168e-09,1.060263e-09,-6.712533e+00,7.176956e+00,7.092559e+00
8.910000e-11,1.115197e-09,1.055286e-09,-9.611646e-10,4.825768e-10,-6.712533e+00,7.176956e+00,7.092559e+00
8.920000e-11,8.000647e-10,1.207088e-09,-3.051581e-10,-9.793842e-11,-6.712533e+00,7.176956e+00,7.092559e+00
8.930000e-11,4.473963e-10,1.267076e-09,3.389381e-10,-6.420451e-10,-6.712532e+00,7.176956e+00,7.092559e+00
8.940000e-11,8.283977e-11,1.232430e-09,9.273880e-10,-1.114960e-09,-6.712532e+00,7.176956e+00,7.092559e+00
8.950000e-11,-2.684719e-10,1.107544e-09,1.422505e-09,-1.488473e-09,-6.712531e+00,7.176956e+00,7.092559e+00
8.960000e-11,-5.835857e-10,9.035209e-10,1.794957e-09,-1.742517e-09,-6.712531e+00,7.176957e+00,7.092558e+00
8.970000e-11,-8.431626e-10,6.371693e-10,2.025374e-09,-1.866102e-09,-6.712531e+00,7.176957e+00,7.092558e+00
8.980000e-11,-1.032594e-09,3.295893e-10,2.105182e-09,-1.857601e-09,-6.712531e+00,7.176958e+00,7.092557e+00
8.990000e-11,-1.142745e-09,4.469292e-12,2.036640e-09,-1.724375e-09,-6.712531e+00,7.176959e+00,7.092556e+00
9.000000e-11,-1.170286e-09,-3.137661e-10,1.832129e-09,-1.481820e-09,-6.712531e+00,7.176959e+00,7.092556e+00
9.010000e-11,-1.117622e-09,-6.018125e-10,1.512766e-09,-1.151917e-09,-6.712531e+00,7.176960e+00,7.092556e+00
9.020000e-11,-9.924361e-10,-8.392044e-10,1.106492e-09,-7.614085e-10,-6.712531e+00,7.176960e+00,7.092555e+00
9.030000e-11,-8.068995e-10,-1.009770e-09,6.457797e-10,-3.397493e-10,-6.712531e+00,7.176960e+00,7.092555e+00
9.040000e-11,-5.766211e-10,-1.102720e-09,1.651489e-10,8.302074e-11,-6.712532e+00,7.176961e+00,7.092555e+00
9.050000e-11,-3.194190e-10,-1.113298e-09,-3.013290e-10,4.783362e-10,-6.712532e+00,7.176961e+00,7.092555e+00
9.060000e-11,-5.400558e-11,-1.042962e-09,-7.223637e-10,8.209591e-10,-6.712532e+00,7.176960e+00,7.092555e+00
9.070000e-11,2.013201e-10,-8.990913e-10,-1.071462e-09,1.090512e-09,-6.712533e+00,7.176960e+00,7.092556e+00
9.080000e-11,4.298843e-10,-6.942612e-10,-1.328504e-09,1.272601e-09,-6.712533e+00,7.176960e+00,7.092556e+00
9.090000e-11,6.176787e-10,-4.451542e-10,-1.480792e-09,1.359484e-09,-6.712533e+00,7.176959e+00,7.092556e+00
9.100000e-11,7.541672e-10,-1.711991e-10,-1.523528e-09,1.350242e-09,-6.712533e+00,7.176959e+00,7.092557e+00
9.110000e-11,8.328163e-10,1.069505e-10,-1.459720e-09,1.250492e-09,-6.712533e+00,7.176958e+00,7.092557e+00
9.120000e-11,8.513285e-10,3.689772e-10,-1.299550e-09,1.071668e-09,-6.712533e+00,7.176958e+00,7.092558e+00
9.130000e-11,8.115774e-10,5.963854e-10,-1.059277e-09,8.299433e-10,-6.712533e+00,7.176958e+00,7.092558e+00
9.140000e-11,7.192651e-10,7.738009e-10,-7.597865e-10,5.448947e-10,-6.712533e+00,7.176957e+00,7.092558e+00
9.150000e-11,5.833384e-10,8.899964e-10,-4.248904e-10,2.379998e-10,-6.712533e+00,7.176957e+00,7.092558e+00
9.160000e-11,4.152169e-10,9.385745e-10,-7.952230e-11,-6.891110e-11,-6.712532e+00,7.176957e+00,7.092558e+00
9.170000e-11,2.278948e-10,9.182721e-10,2.520459e-10,-3.551487e-10,-6.712532e+00,7.176957e+00,7.092558e+00
9.180000e-11,3.498190e-11,8.328744e-10,5.478429e-10,-6.025020e-10,-6.712532e+00,7.176957e+00,7.092558e+00
9.190000e-11,-1.502452e-10,6.907625e-10,7.895861e-10,-7.963383e-10,-6.712531e+00,7.176957e+00,7.092558e+00
9.200000e-11,-3.157212e-10,5.041378e-10,9.637370e-10,-9.264034e-10,-6.712531e+00,7.176958e+00,7.092557e+00
9.210000e-11,-4.513420e-10,2.879961e-10,1.062169e-09,-9.872838e-10,-6.712531e+00,7.176958e+00,7.092557e+00
9.220000e-11,-5.495425e-10,5.893311e-11,1.082421e-09,-9.785170e-10,-6.712531e+00,7.176958e+00,7.092557e+00
9.230000e-11,-6.056741e-10,-1.661216e-10,1.027551e-09,-9.043618e-10,-6.712531e+00,7.176959e+00,7.092557e+00
9.240000e-11,-6.181643e-10,-3.711488e-10,9.056042e-10,-7.732611e-10,-6.712531e+00,7.176959e+00,7.092556e+00
9.250000e-11,-5.884609e-10,-5.421688e-10,7.287815e-10,-5.970510e-10,-6.712531e+00,7.176959e+00,7.092556e+00
9.260000e-11,-5.207759e-10,-6.681800e-10,5.123546e-10,-3.899816e-10,-6.712532e+00,7.176959e+00,7.092556e+00
9.270000e-11,-4.216556e-10,-7.418430e-10,2.734390e-10,-1.676274e-10,-6.712532e+00,7.176960e+00,7.092556e+00
9.280000e-11,-2.994169e-10,-7.598716e-10,2.970732e-11,5.423374e-11,-6.712532e+00,7.176960e+00,7.092556e+00
9.290000e-11,-1.634929e-10,-7.231135e-10,-2.018614e-10,2.606965e-10,-6.712532e+00,7.176960e+00,7.092556e+00
9.300000e-11,-2.373917e-11,-6.363266e-10,-4.061116e-10,4.386866e-10,-6.712532e+00,7.176959e+00,7.092556e+00
9.310000e-11,1.102524e-10,-5.076803e-10,-5.706491e-10,5.777452e-10,-6.712533e+00,7.176959e+00,7.092556e+00
9.320000e-11,2.297857e-10,-3.480289e-10,-6.865344e-10,6.705942e-10,-6.712533e+00,7.176959e+00,7.092556e+00
9.330000e-11,3.275976e-10,-1.700197e-10,-7.486954e-10,7.134565e-10,-6.712533e+00,7.176959e+00,7.092557e+00
9.340000e-11,3.982714e-10,1.289261e-11,-7.560491e-10,7.061231e-10,-6.712533e+00,7.176959e+00,7.092557e+00
9.350000e-11,4.385020e-10,1.874497e-10,-7.113411e-10,6.517748e-10,-6.712533e+00,7.176958e+00,7.092557e+00
9.360000e-11,4.472062e-10,3.415371e-10,-6.207291e-10,5.565860e-10,-6.712533e+00,7.176958e+00,7.092557e+00
9.370000e-11,4.254767e-10,4.650094e-10,-4.931561e-10,4.291465e-10,-6.712533e+00,7.176958e+00,7.092557e+00
9.380000e-11,3.763921e-10,5.503384e-10,-3.395685e-10,2.797529e-10,-6.712532e+00,7.176958e+00,7.092557e+00
9.390000e-11,3.047035e-10,5.930448e-10,-1.720425e-10,1.196222e-10,-6.712532e+00,7.176958e+00,7.092558e+00
9.400000e-11,2.164252e-10,5.918903e-10,-2.884719e-12,-3.991300e-11,-6.712532e+00,7.176958e+00,7.092558e+00
9.410000e-11,1.183627e-10,5.488283e-10,1.562284e-10,-1.881744e-10,-6.712532e+00,7.176958e+00,7.092558e+00
9.420000e-11,1.761249e-11,4.687258e-10,2.950167e-10,-3.158208e-10,-6.712532e+00,7.176958e+00,7.092557e+00
9.430000e-11,-7.893013e-11,3.588877e-10,4.052185e-10,-4.154043e-10,-6.712532e+00,7.176958e+00,7.092557e+00
9.440000e-11,-1.650237e-10,2.284254e-10,4.810367e-10,-4.817680e-10,-6.712532e+00,7.176958e+00,7.092557e+00
9.450000e-11,-2.354644e-10,8.752408e-11,5.193873e-10,-5.122676e-10,-6.712531e+00,7.176958e+00,7.092557e+00
9.460000e-11,-2.863790e-10,-5.333565e-11,5.199453e-10,-5.068121e-10,-6.712531e+00,7.176958e+00,7.092557e+00
9.470000e-11,-3.154128e-10,-1.841423e-10,4.849977e-10,-4.677292e-10,-6.712532e+00,7.176959e+00,7.092557e+00
9.480000e-11,-3.218054e-10,-2.960501e-10,4.191258e-10,-3.994766e-10,-6.712532e+00,7.176959e+00,7.092557e+00
9.490000e-11,-3.063545e-10,-3.819599e-10,3.287478e-10,-3.082246e-10,-6.712532e+00,7.176959e+00,7.092557e+00
9.500000e-11,-2.712779e-10,-4.369484e-10,2.215647e-10,-2.013474e-10,-6.712532e+00,7.176959e+00,7.092556e+00
9.510000e-11,-2.199866e-10,-4.585218e-10,1.059502e-10,-8.686101e-11,-6.712532e+00,7.176959e+00,7.092556e+00
9.520000e-11,-1.567913e-10,-4.466819e-10,-9.665885e-12,2.715080e-11,-6.712532e+00,7.176959e+00,7.092556e+00
9.530000e-11,-8.656415e-11,-4.038118e-10,-1.173809e-10,1.330828e-10,-6.712532e+00,7.176959e+00,7.092556e+00
9.540000e-11,-1.438093e-11,-3.343942e-10,-2.103290e-10,2.242926e-10,-6.712532e+00,7.176959e+00,7.092556e+00
9.550000e-11,5.482985e-11,-2.445934e-10,-2.830881e-10,2.954926e-10,-6.712532e+00,7.176959e+00,7.092557e+00
9.560000e-11,1.166091e-10,-1.417360e-10,-3.319608e-10,3.430297e-10,-6.712532e+00,7.176959e+00,7.092557e+00
9.570000e-11,1.672399e-10,-3.373209e-11,-3.551194e-10,3.650385e-10,-6.712533e+00,7.176959e+00,7.092557e+00
9.580000e-11,2.039552e-10,7.151675e-11,-3.526133e-10,3.614673e-10,-6.712532e+00,7.176959e+00,7.092557e+00
9.590000e-11,2.250709e-10,1.666815e-10,-3.262454e-10,3.339791e-10,-6.712532e+00,7.176958e+00,7.092557e+00
9.600000e-11,2.300380e-10,2.455016e-10,-2.793375e-10,2.857445e-10,-6.712532e+00,7.176958e+00,7.092557e+00
9.610000e-11,2.194165e-10,3.031799e-10,-2.164046e-10,2.211444e-10,-6.712532e+00,7.176958e+00,7.092557e+00
9.620000e-11,1.947764e-10,3.366544e-10,-1.427690e-10,1.454080e-10,-6.712532e+00,7.176958e+00,7.092557e+00
9.630000e-11,1.585361e-10,3.447325e-10,-6.414305e-11,6.421517e-11,-6.712532e+00,7.176958e+00,7.092557e+00
9.640000e-11,1.137539e-10,3.280843e-10,1.378752e-11,-1.670960e-11,-6.712532e+00,7.176958e+00,7.092557e+00
9.650000e-11,6.388715e-11,2.891040e-10,8.575184e-11,-9.198278e-11,-6.712532e+00,7.176958e+00,7.092557e+00
9.660000e-11,1.253968e-11,2.316539e-10,1.472283e-10,-1.569027e-10,-6.712532e+00,7.176958e+00,7.092557e+00
9.670000e-11,-3.678771e-11,1.607168e-10,1.947057e-10,-2.077256e-10,-6.712532e+00,7.176958e+00,7.092557e+00
9.680000e-11,-8.092491e-11,8.198528e-11,2.258582e-10,-2.418610e-10,-6.712532e+00,7.176958e+00,7.092557e+00
9.690000e-11,-1.172256e-10,1.420604e-12,2.396266e-10,-2.579796e-10,-6.712532e+00,7.176958e+00,7.092557e+00
9.700000e-11,-1.437144e-10,-7.518491e-11,2.362089e-10,-2.560301e-10,-6.712532e+00,7.176959e+00,7.092557e+00
9.710000e-11,-1.591805e-10,-1.426120e-10,2.169631e-10,-2.371692e-10,-6.712532e+00,7.176959e+00,7.092557e+00
9.720000e-11,-1.632155e-10,-1.965567e-10,1.842386e-10,-2.036154e-10,-6.712532e+00,7.176959e+00,7.092557e+00
9.730000e-11,-1.561949e-10,-2.338906e-10,1.411499e-10,-1.584398e-10,-6.712532e+00,7.176959e+00,7.092557e+00
9.740000e-11,-1.392088e-10,-2.528230e-10,9.131240e-11,-1.053120e-10,-6.712532e+00,7.176959e+00,7.092557e+00
9.750000e-11,-1.139484e-10,-2.529600e-10,3.856274e-11,-4.822091e-11,-6.712532e+00,7.176959e+00,7.092557e+00
9.760000e-11,-8.255934e-11,-2.352606e-10,-1.331880e-11,8.810014e-12,-6.712532e+00,7.176959e+00,7.092557e+00
9.770000e-11,-4.747261e-11,-2.018991e-10,-6.086262e-11,6.199302e-11,-6.712532e+00,7.176959e+00,7.092557e+00
9.780000e-11,-1.122665e-11,-1.560469e-10,-1.011261e-10,1.080150e-10,-6.712532e+00,7.176959e+00,7.092557e+00
9.790000e-11,2.370792e-11,-1.015956e-10,-1.318590e-10,1.442308e-10,-6.712532e+00,7.176959e+00,7.092557e+00
9.800000e-11,5.508875e-11,-4.284282e-11,-1.516111e-10,1.688007e-10,-6.712532e+00,7.176959e+00,7.092557e+00
9.810000e-11,8.103786e-11,1.583460e-11,-1.597764e-10,1.807662e-10,-6.712532e+00,7.176959e+00,7.092557e+00
9.820000e-11,1.001455e-10,7.029563e-11,-1.565783e-10,1.800624e-10,-6.712532e+00,7.176959e+00,7.092557e+00
9.830000e-11,1.115371e-10,1.169168e-10,-1.429976e-10,1.674701e-10,-6.712532e+00,7.176959e+00,7.092557e+00
9.840000e-11,1.149001e-10,1.528221e-10,-1.206544e-10,1.445146e-10,-6.712532e+00,7.176958e+00,7.092557e+00
9.850000e-11,1.104727e-10,1.760475e-10,-9.165445e-11,1.133207e-10,-6.712532e+00,7.176958e+00,7.092557e+00
9.860000e-11,9.899607e-11,1.856316e-10,-5.841230e-11,7.643586e-11,-6.712532e+00,7.176958e+00,7.092557e+00
9.870000e-11,8.163572e-11,1.816303e-10,-2.346613e-11,3.663645e-11,-6.712532e+00,7.176958e+00,7.092557e+00
9.880000e-11,5.987979e-11,1.650582e-10,1.070353e-11,-3.270506e-12,-6.712532e+00,7.176958e+00,7.092557e+00
9.890000e-11,3.542141e-11,1.377646e-10,4.183846e-11,-4.063556e-11,-6.712532e+00,7.176958e+00,7.092557e+00
9.900000e-11,1.003446e-11,1.022574e-10,6.804084e-11,-7.313351e-11,-6.712532e+00,7.176958e+00,7.092557e+00
9.910000e-11,-1.454875e-11,6.148938e-11,8.787735e-11,-9.889863e-11,-6.712532e+00,7.176958e+00,7.092557e+00
9.920000e-11,-3.674993e-11,1.862433e-11,1.004442e-10,-1.166213e-10,-6.712532e+00,7.176958e+00,7.092557e+00
9.930000e-11,-5.524039e-11,-2.319873e-11,1.053919e-10,-1.256022e-10,-6.712532e+00,7.176959e+00,7.092557e+00
9.940000e-11,-6.901450e-11,-6.108685e-11,1.029100e-10,-1.257619e-10,-6.712532e+00,7.176959e+00,7.092557e+00
9.950000e-11,-7.743730e-11,-9.258471e-11,9.367721e-11,-1.176100e-10,-6.712532e+00,7.176959e+00,7.092557e+00
9.960000e-11,-8.026481e-11,-1.158245e-10,7.878080e-11,-1.021759e-10,-6.712532e+00,7.176959e+00,7.092557e+00
9.970000e-11,-7.763721e-11,-1.296259e-10,5.961462e-11,-8.090968e-11,-6.712532e+00,7.176959e+00,7.092557e+00
9.980000e-11,-7.004690e-11,-1.335414e-10,3.776326e-11,-5.556110e-11,-6.712532e+00,7.176959e+00,7.092557e+00
9.990000e-11,-5.828520e-11,-1.278471e-10,1.488157e-11,-2.804570e-11,-6.712532e+00,7.176959e+00,7.092557e+00
1.000000e-10,-4.337235e-11,-1.134829e-10,-7.422110e-12,-3.081789e-13,-6.712532e+00,7.176959e+00,7.092557e+00
1.001000e-10,-2.647656e-11,-9.194842e-11,-2.769111e-11,2.580805e-11,-6.712532e+00,7.176959e+00,7.092557e+00
1.002000e-10,-8.827994e-12,-6.516561e-11,-4.470798e-11,4.867670e-11,-6.712532e+00,7.176959e+00,7.092557e+00
1.003000e-10,8.366106e-12,-3.531845e-11,-5.755944e-11,6.698310e-11,-6.712532e+00,7.176959e+00,7.092557e+00
1.004000e-10,2.399987e-11,-4.683649e-12,-6.567627e-11,7.979236e-11,-6.712532e+00,7.176959e+00,7.092557e+00
1.005000e-10,3.713573e-11,2.453587e-11,-6.884702e-11,8.658831e-11,-6.712532e+00,7.176959e+00,7.092557e+00
1.006000e-10,4.705633e-11,5.036272e-11,-6.720662e-11,8.728236e-11,-6.712532e+00,7.176959e+00,7.092557e+00
1.007000e-10,5.329875e-11,7.117211e-11,-6.120249e-11,8.219357e-11,-6.712532e+00,7.176959e+00,7.092557e+00
1.008000e-10,5.566986e-11,8.578667e-11,-5.154210e-11,7.200300e-11,-6.712532e+00,7.176959e+00,7.092557e+00
1.009000e-10,5.424297e-11,9.353401e-11,-3.912681e-11,5.768689e-11,-6.712532e+00,7.176959e+00,7.092557e+00
1.010000e-10,4.933711e-11,9.426519e-11,-2.497755e-11,4.043447e-11,-6.712532e+00,7.176959e+00,7.092557e+00
1.011000e-10,4.148128e-11,8.833498e-11,-1.015786e-11,2.155662e-11,-6.712532e+00,7.176959e+00,7.092557e+00
1.012000e-10,3.136703e-11,7.654757e-11,4.300202e-12,2.392174e-12,-6.712532e+00,7.176959e+00,7.092557e+00
1.013000e-10,1.979326e-11,6.007355e-11,1.746270e-11,-1.578200e-11,-6.712532e+00,7.176959e+00,7.092557e+00
1.014000e-10,7.607099e-12,4.034572e-11,2.854890e-11,-3.183129e-11,-6.712532e+00,7.176959e+00,7.092557e+00
1.015000e-10,-4.354683e-12,1.894251e-11,3.697214e-11,-4.482940e-11,-6.712532e+00,7.176959e+00,7.092557e+00
1.016000e-10,-1.532010e-11,-2.532220e-12,4.236459e-11,-5.410663e-11,-6.712532e+00,7.176959e+00,7.092557e+00
1.017000e-10,-2.462886e-11,-2.256398e-11,4.458573e-11,-5.927828e-11,-6.712532e+00,7.176959e+00,7.092557e+00
1.018000e-10,-3.176903e-11,-3.982945e-11,4.371495e-11,-6.025261e-11,-6.712532e+00,7.176959e+00,7.092557e+00
1.019000e-10,-3.640174e-11,-5.327863e-11,4.003015e-11,-5.721903e-11,-6.712532e+00,7.176959e+00,7.092557e+00
1.020000e-10,-3.837307e-11,-6.219285e-11,3.397473e-11,-5.061849e-11,-6.712532e+00,7.176959e+00,7.092557e+00
1.021000e-10,-3.771293e-11,-6.621574e-11,2.611606e-11,-4.109920e-11,-6.712532e+00,7.176959e+00,7.092557e+00
1.022000e-10,-3.462207e-11,-6.535684e-11,1.709890e-11,-2.946143e-11,-6.712532e+00,7.176959e+00,7.092557e+00
1.023000e-10,-2.944862e-11,-5.996895e-11,7.597190e-12,-1.659572e-11,-6.712532e+00,7.176959e+00,7.092557e+00
1.024000e-10,-2.265623e-11,-5.070264e-11,-1.732477e-12,-3.418920e-12,-6.712532e+00,7.176959e+00,7.092557e+00
1.025000e-10,-1.478679e-11,-3.844238e-11,-1.029268e-11,9.187457e-12,-6.712532e+00,7.176959e+00,7.092557e+00
1.026000e-10,-6.420150e-12,-2.422999e-11,-1.757994e-11,2.043290e-11,-6.712532e+00,7.176959e+00,7.092557e+00
1.027000e-10,1.866217e-12,-9.181577e-12,-2.321072e-11,2.966409e-11,-6.712532e+00,7.176959e+00,7.092557e+00
1.028000e-10,9.534891e-12,5.595738e-12,-2.693751e-11,3.639928e-11,-6.712532e+00,7.176959e+00,7.092557e+00
1.029000e-10,1.612125e-11,1.908136e-11,-2.865486e-11,4.034935e-11,-6.712532e+00,7.176959e+00,7.092557e+00
1.030000e-10,2.125953e-11,3.040794e-11,-2.839556e-11,4.142489e-11,-6.712532e+00,7.176959e+00,7.092557e+00
1.031000e-10,2.470074e-11,3.891314e-11,-2.631824e-11,3.972985e-11,-6.712532e+00,7.176959e+00,7.092557e+00
1.032000e-10,2.632191e-11,4.417375e-11,-2.268757e-11,3.554287e-11,-6.712532e+00,7.176959e+00,7.092557e+00
1.033000e-10,2.612646e-11,4.602076e-11,-1.784922e-11,2.928839e-11,-6.712532e+00,7.176959e+00,7.092557e+00
1.034000e-10,2.423634e-11,4.453559e-11,-1.220137e-11,2.149999e-11,-6.712532e+00,7.176959e+00,7.092557e+00
1.035000e-10,2.087686e-11,4.002883e-11,-6.165141e-12,1.277888e-11,-6.712532e+00,7.176959e+00,7.092557e+00
1.036000e-10,1.635573e-11,3.300407e-11,-1.557168e-13,3.750470e-12,-6.712532e+00,7.176959e+00,7.092557e+00
1.037000e-10,1.103791e-11,2.411042e-11,5.443876e-12,-4.977864e-12,-6.712532e+00,7.176959e+00,7.092557e+00
1.038000e-10,5.318359e-12,1.408768e-11,1.030490e-11,-1.285530e-11,-6.712532e+00,7.176959e+00,7.092557e+00
1.039000e-10,-4.055905e-13,3.708557e-12,1.416987e-11,-1.942003e-11,-6.712532e+00,7.176959e+00,7.092557e+00
1.040000e-10,-5.760298e-12,-6.277824e-12,1.686359e-11,-2.432385e-11,-6.712532e+00,7.176959e+00,7.092557e+00
1.041000e-10,-1.041876e-11,-1.519715e-11,1.829818e-11,-2.734796e-11,-6.712532e+00,7.176959e+00,7.092557e+00
1.042000e-10,-1.411908e-11,-2.249266e-11,1.847207e-11,-2.840921e-11,-6.712532e+00,7.176959e+00,7.092557e+00
1.043000e-10,-1.667762e-11,-2.775684e-11,1.746361e-11,-2.755728e-11,-6.712532e+00,7.176959e+00,7.092557e+00
1.044000e-10,-1.799623e-11,-3.075062e-11,1.542016e-11,-2.496327e-11,-6.712532e+00,7.176959e+00,7.092557e+00
1.045000e-10,-1.806343e-11,-3.140942e-11,1.254362e-11,-2.090121e-11,-6.712532e+00,7.176959e+00,7.092557e+00
1.046000e-10,-1.694993e-11,-2.983651e-11,9.073631e-12,-1.572390e-11,-6.712532e+00,7.176959e+00,7.092557e+00
1.047000e-10,-1.479909e-11,-2.628499e-11,5.269769e-12,-9.835213e-12,-6.712532e+00,7.176959e+00,7.092557e+00
1.048000e-10,-1.181309e-11,-2.113031e-11,1.393787e-12,-3.660753e-12,-6.712532e+00,7.176959e+00,7.092557e+00
1.049000e-10,-8.236356e-12,-1.483601e-11,-2.306866e-12,2.381126e-12,-6.712532e+00,7.176959e+00,7.092557e+00
1.050000e-10,-4.336969e-12,-7.915440e-12,-5.613389e-12,7.906013e-12,-6.712532e+00,7.176959e+00,7.092557e+00
1.051000e-10,-3.879316e-13,-8.924218e-13,-8.347091e-12,1.258631e-11,-6.712532e+00,7.176959e+00,7.092557e+00
1.052000e-10,3.350955e-12,5.736183e-12,-1.037750e-11,1.616903e-11,-6.712532e+00,7.176959e+00,7.092557e+00
1.053000e-10,6.649147e-12,1.153361e-11,-1.162688e-11,1.848765e-11,-6.712532e+00,7.176959e+00,7.092557e+00
1.054000e-10,9.318554e-12,1.614991e-11,-1.207118e-11,1.946766e-11,-6.712532e+00,7.176959e+00,7.092557e+00
1.055000e-10,1.122323e-11,1.934079e-11,-1.173759e-11,1.912580e-11,-6.712532e+00,7.176959e+00,7.092557e+00
1.056000e-10,1.228503e-11,2.097776e-11,-1.069919e-11,1.756344e-11,-6.712532e+00,7.176959e+00,7.092557e+00
1.057000e-10,1.248521e-11,2.104950e-11,-9.067166e-12,1.495491e-11,-6.712532e+00,7.176959e+00,7.092557e+00
1.058000e-10,1.186210e-11,1.965483e-11,-6.981368e-12,1.153180e-11,-6.712532e+00,7.176959e+00,7.092557e+00
1.059000e-10,1.050512e-11,1.698846e-11,-4.599735e-12,7.564521e-12,-6.712532e+00,7.176959e+00,7.092557e+00
1.060000e-10,8.546007e-12,1.332091e-11,-2.087486e-12,3.342489e-12,-6.712532e+00,7.176959e+00,7.092557e+00
1.061000e-10,6.147683e-12,8.974480e-12,3.933718e-13,-8.457431e-13,-6.712532e+00,7.176959e+00,7.092557e+00
1.062000e-10,3.491856e-12,4.297160e-12,2.693577e-12,-4.731063e-12,-6.712532e+00,7.176959e+00,7.092557e+00
1.063000e-10,7.660922e-13,-3.634598e-13,4.684702e-12,-8.080020e-12,-6.712532e+00,7.176959e+00,7.092557e+00
1.064000e-10,-1.848628e-12,-4.684506e-12,6.265425e-12,-1.070776e-11,-6.712532e+00,7.176959e+00,7.092557e+00
1.065000e-10,-4.189286e-12,-8.388737e-12,7.365760e-12,-1.248704e-11,-6.712532e+00,7.176959e+00,7.092557e+00
1.066000e-10,-6.120278e-12,-1.126083e-11,7.949133e-12,-1.335299e-11,-6.712532e+00,7.176959e+00,7.092557e+00
1.067000e-10,-7.540566e-12,-1.315818e-11,8.012345e-12,-1.330361e-11,-6.712532e+00,7.176959e+00,7.092557e+00
1.068000e-10,-8.388174e-12,-1.401592e-11,7.583585e-12,-1.239607e-11,-6.712532e+00,7.176959e+00,7.092557e+00
1.069000e-10,-8.641850e-12,-1.384603e-11,6.718726e-12,-1.073961e-11,-6.712532e+00,7.176959e+00,7.092557e+00
1.070000e-10,-8.320055e-12,-1.273122e-11,5.496251e-12,-8.485303e-12,-6.712532e+00,7.176959e+00,7.092557e+00
1.071000e-10,-7.477402e-12,-1.081420e-11,4.011192e-12,-5.813905e-12,-6.712532e+00,7.176959e+00,7.092557e+00
1.072000e-10,-6.198994e-12,-8.283565e-12,2.368501e-12,-2.922429e-12,-6.712532e+00,7.176959e+00,7.092557e+00
1.073000e-10,-4.593146e-12,-5.357388e-12,6.762522e-13,-1.049908e-14,-6.712532e+00,7.176959e+00,7.092557e+00
1.074000e-10,-2.782993e-12,-2.265929e-12,-9.608974e-13,2.732654e-12,-6.712532e+00,7.176959e+00,7.092557e+00
1.075000e-10,-8.976623e-13,7.652829e-13,-2.447660e-12,5.139765e-12,-6.712532e+00,7.176959e+00,7.092557e+00
1.076000e-10,9.364000e-13,3.530850e-12,-3.703162e-12,7.075006e-12,-6.712532e+00,7.176959e+00,7.092557e+00
1.077000e-10,2.603423e-12,5.858393e-12,-4.664856e-12,8.440885e-12,-6.712532e+00,7.176959e+00,7.092557e+00
1.078000e-10,4.005210e-12,7.618207e-12,-5.291150e-12,9.182272e-12,-6.712532e+00,7.176959e+00,7.092557e+00
1.079000e-10,5.066400e-12,8.729241e-12,-5.562677e-12,9.287476e-12,-6.712532e+00,7.176959e+00,7.092557e+00
1.080000e-10,5.738024e-12,9.161244e-12,-5.482207e-12,8.786461e-12,-6.712532e+00,7.176959e+00,7.092557e+00
1.081000e-10,5.999128e-12,8.933196e-12,-5.073287e-12,7.746501e-12,-6.712532e+00,7.176959e+00,7.092557e+00
1.082000e-10,5.856502e-12,8.108424e-12,-4.377756e-12,6.265692e-12,-6.712532e+00,7.176959e+00,7.092557e+00
1.083000e-10,5.342601e-12,6.786961e-12,-3.452332e-12,4.464862e-12,-6.712532e+00,7.176959e+00,7.092557e+00
1.084000e-10,4.512032e-12,5.095910e-12,-2.364517e-12,2.478495e-12,-6.712532e+00,7.176959e+00,7.092557e+00
1.085000e-10,3.436676e-12,3.178622e-12,-1.188079e-12,4.453023e-13,-6.712532e+00,7.176959e+00,7.092557e+00
1.086000e-10,2.200128e-12,1.183540e-12,1.601902e-15,-1.500934e-12,-6.712532e+00,7.176959e+00,7.092557e+00
1.087000e-10,8.915721e-13,-7.464848e-13,1.132056e-12,-3.239670e-12,-6.712532e+00,7.176959e+00,7.092557e+00
1.088000e-10,-4.002457e-13,-2.483689e-12,2.137864e-12,-4.670588e-12,-6.712532e+00,7.176959e+00,7.092557e+00
1.089000e-10,-1.592731e-12,-3.923134e-12,2.964196e-12,-5.718885e-12,-6.712532e+00,7.176959e+00,7.092557e+00
1.090000e-10,-2.614396e-12,-4.988266e-12,3.569568e-12,-6.338628e-12,-6.712532e+00,7.176959e+00,7.092557e+00
1.091000e-10,-3.408887e-12,-5.634082e-12,3.927694e-12,-6.514058e-12,-6.712532e+00,7.176959e+00,7.092557e+00
1.092000e-10,-3.937675e-12,-5.847853e-12,4.028371e-12,-6.258902e-12,-6.712532e+00,7.176959e+00,7.092557e+00
1.093000e-10,-4.181580e-12,-5.647551e-12,3.877373e-12,-5.613817e-12,-6.712532e+00,7.176959e+00,7.092557e+00
1.094000e-10,-4.140909e-12,-5.078259e-12,3.495410e-12,-4.642268e-12,-6.712532e+00,7.176959e+00,7.092557e+00
1.095000e-10,-3.834317e-12,-4.206965e-12,2.916249e-12,-3.425168e-12,-6.712532e+00,7.176959e+00,7.092557e+00
1.096000e-10,-3.296578e-12,-3.116249e-12,2.184131e-12,-2.054704e-12,-6.712532e+00,7.176959e+00,7.092557e+00
1.097000e-10,-2.575425e-12,-1.897364e-12,1.350675e-12,-6.277853e-13,-6.712532e+00,7.176959e+00,7.092557e+00
1.098000e-10,-1.727758e-12,-6.432690e-13,4.714548e-13,7.604425e-13,-6.712532e+00,7.176959e+00,7.092557e+00
1.099000e-10,-8.154778e-13,5.579209e-13,-3.975172e-13,2.022609e-12,-6.712532e+00,7.176959e+00,7.092557e+00
1.100000e-10,9.883703e-14,1.628622e-12,-1.203208e-12,3.084300e-12,-6.712532e+00,7.176959e+00,7.092557e+00
1.101000e-10,9.559157e-13,2.506292e-12,-1.898667e-12,3.888120e-12,-6.712532e+00,7.176959e+00,7.092557e+00
1.102000e-10,1.703527e-12,3.146533e-12,-2.445647e-12,4.396439e-12,-6.712532e+00,7.176959e+00,7.092557e+00
1.103000e-10,2.299364e-12,3.524695e-12,-2.816602e-12,4.592723e-12,-6.712532e+00,7.176959e+00,7.092557e+00
1.104000e-10,2.713287e-12,3.635978e-12,-2.995957e-12,4.481432e-12,-6.712532e+00,7.176959e+00,7.092557e+00
1.105000e-10,2.928576e-12,3.494152e-12,-2.980607e-12,4.086589e-12,-6.712532e+00,7.176959e+00,7.092557e+00
1.106000e-10,2.942241e-12,3.129102e-12,-2.779628e-12,3.449164e-12,-6.712532e+00,7.176959e+00,7.092557e+00
1.107000e-10,2.764495e-12,2.583461e-12,-2.413254e-12,2.623516e-12,-6.712532e+00,7.176959e+00,7.092557e+00
1.108000e-10,2.417333e-12,1.908637e-12,-1.911204e-12,1.673173e-12,-6.712532e+00,7.176959e+00,7.092557e+00
1.109000e-10,1.932513e-12,1.160575e-12,-1.310480e-12,6.662466e-13,-6.712532e+00,7.176959e+00,7.092557e+00
1.110000e-10,1.348936e-12,3.955513e-13,-6.527890e-13,-3.291941e-13,-6.712532e+00,7.176959e+00,7.092557e+00
1.111000e-10,7.097527e-13,-3.336925e-13,1.822870e-14,-1.249497e-12,-6.712532e+00,7.176959e+00,7.092557e+00
1.112000e-10,5.937588e-14,-9.812491e-13,6.598049e-13,-2.039285e-12,-6.712532e+00,7.176959e+00,7.092557e+00
1.113000e-10,-5.594846e-13,-1.510589e-12,1.232691e-12,-2.654576e-12,-6.712532e+00,7.176959e+00,7.092557e+00
1.114000e-10,-1.108481e-12,-1.896245e-12,1.703492e-12,-3.064997e-12,-6.712532e+00,7.176959e+00,7.092557e+00
1.115000e-10,-1.555828e-12,-2.124588e-12,2.046558e-12,-3.255018e-12,-6.712532e+00,7.176959e+00,7.092557e+00
1.116000e-10,-1.878075e-12,-2.193724e-12,2.245309e-12,-3.224156e-12,-6.712532e+00,7.176959e+00,7.092557e+00
1.117000e-10,-2.061089e-12,-2.112600e-12,2.292958e-12,-2.986205e-12,-6.712532e+00,7.176959e+00,7.092557e+00
1.118000e-10,-2.100524e-12,-1.899446e-12,2.192572e-12,-2.567589e-12,-6.712532e+00,7.176959e+00,7.092557e+00
1.119000e-10,-2.001540e-12,-1.579719e-12,1.956518e-12,-2.004993e-12,-6.712532e+00,7.176959e+00,7.092557e+00
1.120000e-10,-1.777979e-12,-1.183745e-12,1.605331e-12,-1.342451e-12,-6.712532e+00,7.176959e+00,7.092557e+00
1.121000e-10,-1.451026e-12,-7.442353e-13,1.166097e-12,-6.281221e-13,-6.712532e+00,7.176959e+00,7.092557e+00
1.122000e-10,-1.047391e-12,-2.938786e-13,6.704861e-13,8.903099e-14,-6.712532e+00,7.176959e+00,7.092557e+00
1.123000e-10,-5.973388e-13,1.368544e-13,1.525469e-13,7.624448e-13,-6.712532e+00,7.176959e+00,7.092557e+00
1.124000e-10,-1.325325e-13,5.215450e-13,-3.535629e-13,1.350833e-12,-6.712532e+00,7.176959e+00,7.092557e+00
1.125000e-10,3.161014e-13,8.392151e-13,-8.157774e-13,1.820573e-12,-6.712532e+00,7.176959e+00,7.092557e+00
1.126000e-10,7.203217e-13,1.075218e-12,-1.206110e-12,2.147480e-12,-6.712532e+00,7.176959e+00,7.092557e+00
1.127000e-10,1.056259e-12,1.221614e-12,-1.502304e-12,2.317872e-12,-6.712532e+00,7.176959e+00,7.092557e+00
1.128000e-10,1.305732e-12,1.277061e-12,-1.689058e-12,2.328909e-12,-6.712532e+00,7.176959e+00,7.092557e+00
1.129000e-10,1.457134e-12,1.246271e-12,-1.758751e-12,2.188215e-12,-6.712532e+00,7.176959e+00,7.092557e+00
1.130000e-10,1.505813e-12,1.139111e-12,-1.711647e-12,1.912838e-12,-6.712532e+00,7.176959e+00,7.092557e+00
1.131000e-10,1.454034e-12,9.694571e-13,-1.555577e-12,1.527663e-12,-6.712532e+00,7.176959e+00,7.092557e+00
1.132000e-10,1.310450e-12,7.538855e-13,-1.305141e-12,1.063397e-12,-6.712532e+00,7.176959e+00,7.092557e+00
1.133000e-10,1.089213e-12,5.103249e-13,-9.804962e-13,5.542767e-13,-6.712532e+00,7.176959e+00,7.092557e+00
1.134000e-10,8.087870e-13,2.567541e-13,-6.058299e-13,3.567766e-14,-6.712532e+00,7.176959e+00,7.092557e+00
1.135000e-10,4.904890e-13,1.003131e-14,-2.076239e-13,-4.582403e-13,-6.712532e+00,7.176959e+00,7.092557e+00
1.136000e-10,1.570028e-13,-2.150785e-13,1.871661e-13,-8.966819e-13,-6.712532e+00,7.176959e+00,7.092557e+00
1.137000e-10,-1.691985e-13,-4.066358e-13,5.528961e-13,-1.254038e-12,-6.712532e+00,7.176959e+00,7.092557e+00
1.138000e-10,-4.672924e-13,-5.559963e-13,8.668618e-13,-1.511283e-12,-6.712532e+00,7.176959e+00,7.092557e+00
1.139000e-10,-7.193461e-13,-6.580135e-13,1.110674e-12,-1.656867e-12,-6.712532e+00,7.176959e+00,7.092557e+00
1.140000e-10,-9.113772e-13,-7.109923e-13,1.271297e-12,-1.687086e-12,-6.712532e+00,7.176959e+00,7.092557e+00
1.141000e-10,-1.034018e-12,-7.164268e-13,1.341693e-12,-1.605923e-12,-6.712532e+00,7.176959e+00,7.092557e+00
1.142000e-10,-1.082889e-12,-6.785619e-13,1.321047e-12,-1.424392e-12,-6.712532e+00,7.176959e+00,7.092557e+00
1.143000e-10,-1.058659e-12,-6.038303e-13,1.214569e-12,-1.159469e-12,-6.712532e+00,7.176959e+00,7.092557e+00
1.144000e-10,-9.667017e-13,-5.002170e-13,1.032913e-12,-8.326842e-13,-6.712532e+00,7.176959e+00,7.092557e+00
1.145000e-10,-8.165214e-13,-3.765999e-13,7.912444e-13,-4.684914e-13,-6.712532e+00,7.176959e+00,7.092557e+00
1.146000e-10,-6.209212e-13,-2.421153e-13,5.080611e-13,-9.252889e-14,-6.712532e+00,7.176959e+00,7.092557e+00
1.147000e-10,-3.949974e-13,-1.055828e-13,2.038274e-13,2.701072e-13,-6.712532e+00,7.176959e+00,7.092557e+00
1.148000e-10,-1.550516e-13,2.497915e-14,-1.004609e-13,5.964686e-13,-6.712532e+00,7.176959e+00,7.092557e+00
1.149000e-10,8.255273e-14,1.427290e-13,-3.846915e-13,8.671389e-13,-6.712532e+00,7.176959e+00,7.092557e+00
1.150000e-10,3.024478e-13,2.422606e-13,-6.309343e-13,1.067320e-12,-6.712532e+00,7.176959e+00,7.092557e+00
1.151000e-10,4.911949e-13,3.197441e-13,-8.245421e-13,1.187560e-12,-6.712532e+00,7.176959e+00,7.092557e+00
1.152000e-10,6.381087e-13,3.729570e-13,-9.549876e-13,1.224103e-12,-6.712532e+00,7.176959e+00,7.092557e+00
1.153000e-10,7.357466e-13,4.012203e-13,-1.016391e-12,1.178840e-12,-6.712532e+00,7.176959e+00,7.092557e+00
1.154000e-10,7.802829e-13,4.052567e-13,-1.007716e-12,1.058903e-12,-6.712532e+00,7.176959e+00,7.092557e+00
1.155000e-10,7.715422e-13,3.869912e-13,-9.326318e-13,8.759397e-13,-6.712532e+00,7.176959e+00,7.092557e+00
1.156000e-10,7.128569e-13,3.493151e-13,-7.990693e-13,6.451159e-13,-6.712532e+00,7.176959e+00,7.092557e+00
1.157000e-10,6.106306e-13,2.958308e-13,-6.185090e-13,3.839552e-13,-6.712532e+00,7.176959e+00,7.092557e+00
1.158000e-10,4.737662e-13,2.305954e-13,-4.050613e-13,1.110736e-13,-6.712532e+00,7.176959e+00,7.092557e+00
1.159000e-10,3.130059e-13,1.578771e-13,-1.744098e-13,-1.550915e-13,-6.712532e+00,7.176959e+00,7.092557e+00
1.160000e-10,1.400827e-13,8.193321e-14,5.730646e-14,-3.974775e-13,-6.712532e+00,7.176959e+00,7.092557e+00
1.161000e-10,-3.307283e-14,6.817256e-15,2.745927e-13,-6.014417e-13,-6.712532e+00,7.176959e+00,7.092557e+00
1.162000e-10,-1.951266e-13,-6.378125e-14,4.636086e-13,-7.555973e-13,-6.712532e+00,7.176959e+00,7.092557e+00
1.163000e-10,-3.360468e-13,-1.266637e-13,6.130231e-13,-8.523939e-13,-6.712532e+00,7.176959e+00,7.092557e+00
1.164000e-10,-4.477087e-13,-1.792158e-13,7.146629e-13,-8.884185e-13,-6.712532e+00,7.176959e+00,7.092557e+00
1.165000e-10,-5.242940e-13,-2.194711e-13,7.639214e-13,-8.644101e-13,-6.712532e+00,7.176959e+00,7.092557e+00
1.166000e-10,-5.626174e-13,-2.461459e-13,7.599089e-13,-7.850014e-13,-6.712532e+00,7.176959e+00,7.092557e+00
1.167000e-10,-5.621153e-13,-2.586481e-13,7.053464e-13,-6.582198e-13,-6.712532e+00,7.176959e+00,7.092557e+00
1.168000e-10,-5.248289e-13,-2.570629e-13,6.062205e-13,-4.947891e-13,-6.712532e+00,7.176959e+00,7.092557e+00
1.169000e-10,-4.550879e-13,-2.421178e-13,4.712344e-13,-3.072921e-13,-6.712532e+00,7.176959e+00,7.092557e+00
1.170000e-10,-3.591294e-13,-2.151278e-13,3.110978e-13,-1.092510e-13,-6.712532e+00,7.176959e+00,7.092557e+00
1.171000e-10,-2.445758e-13,-1.779220e-13,1.377169e-13,8.580638e-14,-6.712532e+00,7.176959e+00,7.092557e+00
1.172000e-10,-1.199137e-13,-1.327524e-13,-3.666313e-14,2.652353e-13,-6.712532e+00,7.176959e+00,7.092557e+00
1.173000e-10,6.182247e-15,-8.218973e-14,-2.002979e-13,4.180585e-13,-6.712532e+00,7.176959e+00,7.092557e+00
1.174000e-10,1.253571e-13,-2.900353e-14,-3.427124e-13,5.356031e-13,-6.712532e+00,7.176959e+00,7.092557e+00
1.175000e-10,2.301572e-13,2.396469e-14,-4.553487e-13,6.119531e-13,-6.712532e+00,7.176959e+00,7.092557e+00
1.176000e-10,3.144506e-13,7.393553e-14,-5.320540e-13,6.441991e-13,-6.712532e+00,7.176959e+00,7.092557e+00
1.177000e-10,3.737673e-13,1.183254e-13,-5.693839e-13,6.324774e-13,-6.712532e+00,7.176959e+00,7.092557e+00
1.178000e-10,4.054765e-13,1.548741e-13,-5.667091e-13,5.798066e-13,-6.712532e+00,7.176959e+00,7.092557e+00
1.179000e-10,4.089447e-13,1.817607e-13,-5.261251e-13,4.917438e-13,-6.712532e+00,7.176959e+00,7.092557e+00
1.180000e-10,3.853842e-13,1.976995e-13,-4.521832e-13,3.758897e-13,-6.712532e+00,7.176959e+00,7.092557e+00
1.181000e-10,3.377326e-13,2.020112e-13,-3.514664e-13,2.412854e-13,-6.712532e+00,7.176959e+00,7.092557e+00
1.182000e-10,2.703703e-13,1.946630e-13,-2.320483e-13,9.774433e-14,-6.712532e+00,7.176959e+00,7.092557e+00
1.183000e-10,1.887405e-13,1.762736e-13,-1.028767e-13,-4.483255e-14,-6.712532e+00,7.176959e+00,7.092557e+00
1.184000e-10,9.893788e-14,1.480820e-13,2.687346e-14,-1.771134e-13,-6.712532e+00,7.176959e+00,7.092557e+00
1.185000e-10,7.287159e-15,1.118800e-13,1.484318e-13,-2.909205e-13,-6.712532e+00,7.176959e+00,7.092557e+00
1.186000e-10,-8.009737e-14,6.991045e-14,2.540063e-13,-3.797115e-13,-6.712532e+00,7.176959e+00,7.092557e+00
1.187000e-10,-1.576780e-13,2.473761e-14,3.372633e-13,-4.389257e-13,-6.712532e+00,7.176959e+00,7.092557e+00
1.188000e-10,-2.208684e-13,-2.090482e-14,3.936862e-13,-4.661852e-13,-6.712532e+00,7.176959e+00,7.092557e+00
1.189000e-10,-2.662532e-13,-6.427703e-14,4.207932e-13,-4.613394e-13,-6.712532e+00,7.176959e+00,7.092557e+00
1.190000e-10,-2.917714e-13,-1.027998e-13,4.182059e-13,-4.263612e-13,-6.712532e+00,7.176959e+00,7.092557e+00
1.191000e-10,-2.967851e-13,-1.342127e-13,3.875727e-13,-3.651086e-13,-6.712532e+00,7.176959e+00,7.092557e+00
1.192000e-10,-2.819938e-13,-1.567126e-13,3.323580e-13,-2.829747e-13,-6.712532e+00,7.176959e+00,7.092557e+00
1.193000e-10,-2.494208e-13,-1.690663e-13,2.575163e-13,-1.864524e-13,-6.712532e+00,7.176959e+00,7.092557e+00
1.194000e-10,-2.021419e-13,-1.706842e-13,1.690847e-13,-8.264956e-14,-6.712532e+00,7.176959e+00,7.092557e+00
1.195000e-10,-1.440069e-13,-1.616557e-13,7.371892e-14,2.121141e-14,-6.712532e+00,7.176959e+00,7.092557e+00
1.196000e-10,-7.943311e-14,-1.427380e-13,-2.178839e-14,1.182767e-13,-6.712532e+00,7.176959e+00,7.092557e+00
1.197000e-10,-1.299806e-14,-1.153047e-13,-1.109756e-13,2.024945e-13,-6.712532e+00,7.176959e+00,7.092557e+00
1.198000e-10,5.082596e-14,-8.125171e-14,-1.881340e-13,2.689732e-13,-6.712532e+00,7.176959e+00,7.092557e+00
1.199000e-10,1.079767e-13,-4.287038e-14,-2.486577e-13,3.142464e-13,-6.712532e+00,7.176959e+00,7.092557e+00
1.200000e-10,1.550122e-13,-2.694114e-15,-2.893001e-13,3.364265e-13,-6.712532e+00,7.176959e+00,7.092557e+00
1.201000e-10,1.893785e-13,3.666892e-14,-3.083264e-13,3.352501e-13,-6.712532e+00,7.176959e+00,7.092557e+00
1.202000e-10,2.094642e-13,7.270715e-14,-3.055550e-13,3.120103e-13,-6.712532e+00,7.176959e+00,7.092557e+00
1.203000e-10,2.146994e-13,1.031690e-13,-2.822904e-13,2.693908e-13,-6.712532e+00,7.176959e+00,7.092557e+00
1.204000e-10,2.055093e-13,1.262077e-13,-2.411599e-13,2.112176e-13,-6.712532e+00,7.176959e+00,7.092557e+00
1.205000e-10,1.832510e-13,1.404964e-13,-1.858671e-13,1.421455e-13,-6.712532e+00,7.176959e+00,7.092557e+00
1.206000e-10,1.500817e-13,1.453079e-13,-1.208859e-13,6.730796e-14,-6.712532e+00,7.176959e+00,7.092557e+00
1.207000e-10,1.087615e-13,1.405535e-13,-5.111597e-14,-8.047634e-15,-6.712532e+00,7.176959e+00,7.092557e+00
1.208000e-10,6.243850e-14,1.267765e-13,1.847116e-14,-7.891347e-14,-6.712532e+00,7.176959e+00,7.092557e+00
1.209000e-10,1.444717e-14,1.051048e-13,8.317417e-14,-1.408398e-13,-6.712532e+00,7.176959e+00,7.092557e+00
1.210000e-10,-3.197230e-14,7.716387e-14,1.388669e-13,-1.902010e-13,-6.712532e+00,7.176959e+00,7.092557e+00
1.211000e-10,-7.383401e-14,4.495800e-14,1.822492e-13,-2.243927e-13,-6.712532e+00,7.176959e+00,7.092557e+00
1.212000e-10,-1.086190e-13,1.072740e-14,2.110284e-13,-2.419507e-13,-6.712532e+00,7.176959e+00,7.092557e+00
1.213000e-10,-1.343915e-13,-2.320750e-14,2.240224e-13,-2.425889e-13,-6.712532e+00,7.176959e+00,7.092557e+00
1.214000e-10,-1.499261e-13,-5.460393e-14,2.211821e-13,-2.271562e-13,-6.712532e+00,7.176959e+00,7.092557e+00
1.215000e-10,-1.547513e-13,-8.144623e-14,2.035356e-13,-1.975206e-13,-6.712532e+00,7.176959e+00,7.092557e+00
1.216000e-10,-1.491018e-13,-1.020769e-13,1.730616e-13,-1.563929e-13,-6.712532e+00,7.176959e+00,7.092557e+00
1.217000e-10,-1.339005e-13,-1.152996e-13,1.325045e-13,-1.071018e-13,-6.712532e+00,7.176959e+00,7.092557e+00
1.218000e-10,-1.106732e-13,-1.204486e-13,8.514769e-14,-5.334150e-14,-6.712532e+00,7.176959e+00,7.092557e+00
1.219000e-10,-8.136670e-14,-1.174201e-13,3.456148e-14,1.092760e-15,-6.712532e+00,7.176959e+00,7.092557e+00
1.220000e-10,-4.824783e-14,-1.066643e-13,-1.565472e-14,5.256160e-14,-6.712532e+00,7.176959e+00,7.092557e+00
1.221000e-10,-1.370398e-14,-8.913972e-14,-6.211845e-14,9.781472e-14,-6.712532e+00,7.176959e+00,7.092557e+00
1.222000e-10,1.990157e-14,-6.623372e-14,-1.018829e-13,1.341858e-13,-6.712532e+00,7.176959e+00,7.092557e+00
1.223000e-10,5.040285e-14,-3.965650e-14,-1.326139e-13,1.597384e-13,-6.712532e+00,7.176959e+00,7.092557e+00
1.224000e-10,7.594518e-14,-1.131479e-14,-1.527159e-13,1.733559e-13,-6.712532e+00,7.176959e+00,7.092557e+00
1.225000e-10,9.510795e-14,1.682364e-14,-1.614002e-13,1.747723e-13,-6.712532e+00,7.176959e+00,7.092557e+00
1.226000e-10,1.069573e-13,4.286731e-14,-1.586958e-13,1.645445e-13,-6.712532e+00,7.176959e+00,7.092557e+00
1.227000e-10,1.111007e-13,6.512694e-14,-1.454034e-13,1.439719e-13,-6.712532e+00,7.176959e+00,7.092557e+00
1.228000e-10,1.076807e-13,8.222510e-14,-1.229986e-13,1.149710e-13,-6.712532e+00,7.176959e+00,7.092557e+00
1.229000e-10,9.733093e-14,9.318050e-14,-9.349537e-14,7.991412e-14,-6.712532e+00,7.176959e+00,7.092557e+00
1.230000e-10,8.109705e-14,9.746320e-14,-5.927960e-14,4.144890e-14,-6.712532e+00,7.176959e+00,7.092557e+00
1.231000e-10,6.037995e-14,9.501527e-14,-2.292694e-14,2.307004e-15,-6.712532e+00,7.176959e+00,7.092557e+00
1.232000e-10,3.678218e-14,8.623946e-14,1.298329e-14,-3.488126e-14,-6.712532e+00,7.176959e+00,7.092557e+00
1.233000e-10,1.202469e-14,7.195645e-14,4.604304e-14,-6.775575e-14,-6.712532e+00,7.176959e+00,7.092557e+00
1.234000e-10,-1.219350e-14,5.333452e-14,7.416979e-14,-9.436964e-14,-6.712532e+00,7.176959e+00,7.092557e+00
1.235000e-10,-3.430489e-14,3.179714e-14,9.573042e-14,-1.132960e-13,-6.712532e+00,7.176959e+00,7.092557e+00
1.236000e-10,-5.294590e-14,8.916370e-15,1.096273e-13,-1.236945e-13,-6.712532e+00,7.176959e+00,7.092557e+00
1.237000e-10,-6.707957e-14,-1.370053e-14,1.153433e-13,-1.253362e-13,-6.712532e+00,7.176959e+00,7.092557e+00
1.238000e-10,-7.601095e-14,-3.452248e-14,1.129449e-13,-1.185850e-13,-6.712532e+00,7.176959e+00,7.092557e+00
1.239000e-10,-7.943091e-14,-5.219795e-14,1.030451e-13,-1.043429e-13,-6.712532e+00,7.176959e+00,7.092557e+00
1.240000e-10,-7.741401e-14,-6.564088e-14,8.673161e-14,-8.395970e-14,-6.712532e+00,7.176959e+00,7.092557e+00
1.241000e-10,-7.038116e-14,-7.409624e-14,6.546621e-14,-5.911998e-14,-6.712532e+00,7.176959e+00,7.092557e+00
1.242000e-10,-5.906896e-14,-7.717924e-14,4.096505e-14,-3.171322e-14,-6.712532e+00,7.176959e+00,7.092557e+00
1.243000e-10,-4.446833e-14,-7.488859e-14,1.506742e-14,-3.696451e-15,-6.712532e+00,7.176959e+00,7.092557e+00
1.244000e-10,-2.772365e-14,-6.759163e-14,-1.039584e-14,2.303923e-14,-6.712532e+00,7.176959e+00,7.092557e+00
1.245000e-10,-1.004506e-14,-5.598538e-14,-3.372610e-14,4.679038e-14,-6.712532e+00,7.176959e+00,7.092557e+00
1.246000e-10,7.328813e-15,-4.103548e-14,-5.346512e-14,6.614461e-14,-6.712532e+00,7.176959e+00,7.092557e+00
1.247000e-10,2.326893e-14,-2.389890e-14,-6.848037e-14,8.005787e-14,-6.712532e+00,7.176959e+00,7.092557e+00
1.248000e-10,3.679752e-14,-5.837202e-15,-7.802316e-14,8.790410e-14,-6.712532e+00,7.176959e+00,7.092557e+00
1.249000e-10,4.715827e-14,1.187513e-14,-8.175804e-14,8.949446e-14,-6.712532e+00,7.176959e+00,7.092557e+00
1.250000e-10,5.383378e-14,2.803903e-14,-7.976196e-14,8.506558e-14,-6.712532e+00,7.176959e+00,7.092557e+00
1.251000e-10,5.657195e-14,4.161083e-14,-7.249550e-14,7.524151e-14,-6.712532e+00,7.176959e+00,7.092557e+00
1.252000e-10,5.541880e-14,5.176794e-14,-6.074991e-14,6.096954e-14,-6.712532e+00,7.176959e+00,7.092557e+00
1.253000e-10,5.066154e-14,5.795678e-14,-4.557431e-14,4.344073e-14,-6.712532e+00,7.176959e+00,7.092557e+00
1.254000e-10,4.280220e-14,5.991977e-14,-2.819016e-14,2.399712e-14,-6.712532e+00,7.176959e+00,7.092557e+00
1.255000e-10,3.255545e-14,5.770102e-14,-9.897967e-15,4.033575e-15,-6.712532e+00,7.176959e+00,7.092557e+00
1.256000e-10,2.070834e-14,5.163120e-14,8.014767e-15,-1.509696e-14,-6.712532e+00,7.176959e+00,7.092557e+00
1.257000e-10,8.146535e-15,4.229196e-14,2.435975e-14,-3.217110e-14,-6.712532e+00,7.176959e+00,7.092557e+00
1.258000e-10,-4.261804e-15,3.046562e-14,3.812384e-14,-4.616971e-14,-6.712532e+00,7.176959e+00,7.092557e+00
1.259000e-10,-1.570992e-14,1.707259e-14,4.852677e-14,-5.633423e-14,-6.712532e+00,7.176959e+00,7.092557e+00
1.260000e-10,-2.548094e-14,3.101246e-15,5.506043e-14,-6.220234e-14,-6.712532e+00,7.176959e+00,7.092557e+00
1.261000e-10,-3.302460e-14,-1.046325e-14,5.750795e-14,-6.362240e-14,-6.712532e+00,7.176959e+00,7.092557e+00
1.262000e-10,-3.796601e-14,-2.270667e-14,5.594120e-14,-6.074674e-14,-6.712532e+00,7.176959e+00,7.092557e+00
1.263000e-10,-4.011665e-14,-3.284608e-14,5.069871e-14,-5.400432e-14,-6.712532e+00,7.176959e+00,7.092557e+00
1.264000e-10,-3.950061e-14,-4.027845e-14,4.234767e-14,-4.405675e-14,-6.712532e+00,7.176959e+00,7.092557e+00
1.265000e-10,-3.630426e-14,-4.461361e-14,3.163218e-14,-3.174151e-14,-6.712532e+00,7.176959e+00,7.092557e+00
1.266000e-10,-3.087616e-14,-4.569279e-14,1.941219e-14,-1.800707e-14,-6.712532e+00,7.176959e+00,7.092557e+00
1.267000e-10,-2.370519e-14,-4.358934e-14,6.598833e-15,-3.843437e-15,-6.712532e+00,7.176959e+00,7.092557e+00
1.268000e-10,-1.535477e-14,-3.859278e-14,-5.910112e-15,9.786237e-15,-6.712532e+00,7.176959e+00,7.092557e+00
1.269000e-10,-6.462860e-15,-3.117902e-14,-1.729017e-14,2.200752e-14,-6.712532e+00,7.176959e+00,7.092557e+00
1.270000e-10,2.369861e-15,-2.196946e-14,-2.684157e-14,3.208860e-14,-6.712532e+00,7.176959e+00,7.092557e+00
1.271000e-10,1.054490e-14,-1.168040e-14,-3.402879e-14,3.948027e-14,-6.712532e+00,7.176959e+00,7.092557e+00
1.272000e-10,1.757337e-14,-1.070204e-15,-3.850756e-14,4.384286e-14,-6.712532e+00,7.176959e+00,7.092557e+00
1.273000e-10,2.303654e-14,9.115988e-15,-4.013634e-14,4.505660e-14,-6.712532e+00,7.176959e+00,7.092557e+00
1.274000e-10,2.668012e-14,1.819677e-14,-3.897410e-14,4.321743e-14,-6.712532e+00,7.176959e+00,7.092557e+00
1.275000e-10,2.835941e-14,2.559873e-14,-3.526435e-14,3.861830e-14,-6.712532e+00,7.176959e+00,7.092557e+00
1.276000e-10,2.805688e-14,3.089161e-14,-2.940749e-14,3.171896e-14,-6.712532e+00,7.176959e+00,7.092557e+00
1.277000e-10,2.591721e-14,3.381076e-14,-2.192420e-14,2.310575e-14,-6.712532e+00,7.176959e+00,7.092557e+00
1.278000e-10,2.218594e-14,3.426797e-14,-1.341372e-14,1.344551e-14,-6.712532e+00,7.176959e+00,7.092557e+00
1.279000e-10,1.719191e-14,3.234966e-14,-4.508873e-15,3.437351e-15,-6.712532e+00,7.176959e+00,7.092557e+00
1.280000e-10,1.134508e-14,2.830182e-14,4.169112e-15,-6.235950e-15,-6.712532e+00,7.176959e+00,7.092557e+00
1.281000e-10,5.075143e-15,2.250562e-14,1.205145e-14,-1.495225e-14,-6.712532e+00,7.176959e+00,7.092557e+00
1.282000e-10,-1.183835e-15,1.544489e-14,1.865682e-14,-2.218765e-14,-6.712532e+00,7.176959e+00,7.092557e+00
1.283000e-10,-7.015316e-15,7.667667e-15,2.361908e-14,-2.754596e-14,-6.712532e+00,7.176959e+00,7.092557e+00
1.284000e-10,-1.204880e-14,-2.554013e-16,2.670417e-14,-3.077842e-14,-6.712532e+00,7.176959e+00,7.092557e+00
1.285000e-10,-1.599711e-14,-7.771149e-15,2.781825e-14,-3.179077e-14,-6.712532e+00,7.176959e+00,7.092557e+00
1.286000e-10,-1.867609e-14,-1.438169e-14,2.700565e-14,-3.064128e-14,-6.712532e+00,7.176959e+00,7.092557e+00
1.287000e-10,-1.996953e-14,-1.967651e-14,2.443687e-14,-2.752778e-14,-6.712532e+00,7.176959e+00,7.092557e+00
1.288000e-10,-1.987088e-14,-2.335608e-14,2.039001e-14,-2.276782e-14,-6.712532e+00,7.176959e+00,7.092557e+00
1.289000e-10,-1.845247e-14,-2.524707e-14,1.522509e-14,-1.676948e-14,-6.712532e+00,7.176959e+00,7.092557e+00
1.290000e-10,-1.589627e-14,-2.530881e-14,9.355162e-15,-1.000079e-14,-6.712532e+00,7.176959e+00,7.092557e+00
1.291000e-10,-1.243026e-14,-2.362857e-14,3.215031e-15,-2.953729e-15,-6.712532e+00,7.176959e+00,7.092557e+00
1.292000e-10,-8.341649e-15,-2.040971e-14,-2.768429e-15,3.889595e-15,-6.712532e+00,7.176959e+00,7.092557e+00
1.293000e-10,-3.937346e-15,-1.595160e-14,-8.205265e-15,1.008756e-14,-6.712532e+00,7.176959e+00,7.092557e+00
1.294000e-10,4.866875e-16,-1.062424e-14,-1.276567e-14,1.526726e-14,-6.712532e+00,7.176959e+00,7.092557e+00
1.295000e-10,4.621339e-15,-4.839009e-15,-1.619890e-14,1.914370e-14,-6.712532e+00,7.176959e+00,7.092557e+00
1.296000e-10,8.225458e-15,9.826238e-16,-1.834479e-14,2.153413e-14,-6.712532e+00,7.176959e+00,7.092557e+00
1.297000e-10,1.107105e-14,6.437965e-15,-1.913860e-14,2.236498e-14,-6.712532e+00,7.176959e+00,7.092557e+00
1.298000e-10,1.303533e-14,1.117008e-14,-1.861020e-14,2.166989e-14,-6.712532e+00,7.176959e+00,7.092557e+00
1.299000e-10,1.402625e-14,1.489027e-14,-1.687588e-14,1.958171e-14,-6.712532e+00,7.176959e+00,7.092557e+00
1.300000e-10,1.402844e-14,1.739453e-14,-1.412492e-14,1.631809e-14,-6.712532e+00,7.176959e+00,7.092557e+00
1.301000e-10,1.310110e-14,1.857371e-14,-1.060283e-14,1.216149e-14,-6.712532e+00,7.176959e+00,7.092557e+00
1.302000e-10,1.137358e-14,1.841566e-14,-6.591203e-15,7.437725e-15,-6.712532e+00,7.176959e+00,7.092557e+00
1.303000e-10,8.983989e-15,1.700072e-14,-2.387297e-15,2.491499e-15,-6.712532e+00,7.176959e+00,7.092557e+00
1.304000e-10,6.138401e-15,1.449225e-14,1.717922e-15,-2.337337e-15,-6.712532e+00,7.176959e+00,7.092557e+00
1.305000e-10,3.042893e-15,1.112033e-14,5.457619e-15,-6.736390e-15,-6.712532e+00,7.176959e+00,7.092557e+00
1.306000e-10,-6.357630e-17,7.162285e-15,8.606093e-15,-1.043975e-14,-6.712532e+00,7.176959e+00,7.092557e+00
1.307000e-10,-3.003432e-15,2.921692e-15,1.099103e-14,-1.324234e-14,-6.712532e+00,7.176959e+00,7.092557e+00
1.308000e-10,-5.572791e-15,-1.294425e-15,1.250128e-14,-1.501032e-14,-6.712532e+00,7.176959e+00,7.092557e+00
1.309000e-10,-7.629156e-15,-5.196814e-15,1.309121e-14,-1.568565e-14,-6.712532e+00,7.176959e+00,7.092557e+00
1.310000e-10,-9.069488e-15,-8.533979e-15,1.277853e-14,-1.528633e-14,-6.712532e+00,7.176959e+00,7.092557e+00
1.311000e-10,-9.821442e-15,-1.110667e-14,1.163977e-14,-1.390054e-14,-6.712532e+00,7.176959e+00,7.092557e+00
1.312000e-10,-9.880634e-15,-1.277874e-14,9.801891e-15,-1.167623e-14,-6.712532e+00,7.176959e+00,7.092557e+00
1.313000e-10,-9.288717e-15,-1.348374e-14,7.429881e-15,-8.808238e-15,-6.712532e+00,7.176959e+00,7.092557e+00
1.314000e-10,-8.115843e-15,-1.322518e-14,4.713749e-15,-5.522789e-15,-6.712532e+00,7.176959e+00,7.092557e+00
1.315000e-10,-6.478206e-15,-1.207317e-14,1.854588e-15,-2.060561e-15,-6.712532e+00,7.176959e+00,7.092557e+00
1.316000e-10,-4.498571e-15,-1.015535e-14,-9.498765e-16,1.339393e-15,-6.712532e+00,7.176959e+00,7.092557e+00
1.317000e-10,-2.341362e-15,-7.645495e-15,-3.517746e-15,4.456335e-15,-6.712532e+00,7.176959e+00,7.092557e+00
1.318000e-10,-1.490755e-16,-4.748389e-15,-5.694575e-15,7.101252e-15,-6.712532e+00,7.176959e+00,7.092557e+00
1.319000e-10,1.924827e-15,-1.684429e-15,-7.361192e-15,9.127104e-15,-6.712532e+00,7.176959e+00,7.092557e+00
1.320000e-10,3.753194e-15,1.326136e-15,-8.439779e-15,1.043576e-14,-6.712532e+00,7.176959e+00,7.092557e+00
1.321000e-10,5.230795e-15,4.079485e-15,-8.895981e-15,1.098166e-14,-6.712532e+00,7.176959e+00,7.092557e+00
1.322000e-10,6.294054e-15,6.400654e-15,-8.738710e-15,1.077258e-14,-6.712532e+00,7.176959e+00,7.092557e+00
1.323000e-10,6.861856e-15,8.154071e-15,-8.016702e-15,9.865699e-15,-6.712532e+00,7.176959e+00,7.092557e+00
1.324000e-10,6.953932e-15,9.250883e-15,-6.812778e-15,8.361080e-15,-6.712532e+00,7.176959e+00,7.092557e+00
1.325000e-10,6.585628e-15,9.652371e-15,-5.236181e-15,6.392184e-15,-6.712532e+00,7.176959e+00,7.092557e+00
1.326000e-10,5.796405e-15,9.369463e-15,-3.413801e-15,4.115521e-15,-6.712532e+00,7.176959e+00,7.092557e+00
1.327000e-10,4.676146e-15,8.460161e-15,-1.480641e-15,1.698902e-15,-6.712532e+00,7.176959e+00,7.092557e+00
1.328000e-10,3.305968e-15,7.021953e-15,4.296967e-16,-6.904503e-16,-6.712532e+00,7.176959e+00,7.092557e+00
1.329000e-10,1.804252e-15,5.183429e-15,2.193262e-15,-2.896943e-15,-6.712532e+00,7.176959e+00,7.092557e+00
1.330000e-10,2.674589e-16,3.093590e-15,3.703319e-15,-4.785941e-15,-6.712532e+00,7.176959e+00,7.092557e+00
1.331000e-10,-1.201373e-15,9.102098e-16,4.877306e-15,-6.251612e-15,-6.712532e+00,7.176959e+00,7.092557e+00
1.332000e-10,-2.505783e-15,-1.211932e-15,5.659687e-15,-7.221750e-15,-6.712532e+00,7.176959e+00,7.092557e+00
1.333000e-10,-3.562465e-15,-3.130705e-15,6.023974e-15,-7.661073e-15,-6.712532e+00,7.176959e+00,7.092557e+00
1.334000e-10,-4.336342e-15,-4.725901e-15,5.972747e-15,-7.571206e-15,-6.712532e+00,7.176959e+00,7.092557e+00
1.335000e-10,-4.781376e-15,-5.906636e-15,5.535129e-15,-6.988358e-15,-6.712532e+00,7.176959e+00,7.092557e+00
1.336000e-10,-4.880029e-15,-6.615506e-15,4.764035e-15,-5.979032e-15,-6.712532e+00,7.176959e+00,7.092557e+00
1.337000e-10,-4.654224e-15,-6.831318e-15,3.730740e-15,-4.634553e-15,-6.712532e+00,7.176959e+00,7.092557e+00
1.338000e-10,-4.130267e-15,-6.567610e-15,2.519005e-15,-3.062727e-15,-6.712532e+00,7.176959e+00,7.092557e+00
1.339000e-10,-3.369544e-15,-5.870317e-15,1.219091e-15,-1.379727e-15,-6.712532e+00,7.176959e+00,7.092557e+00
1.340000e-10,-2.433438e-15,-4.812017e-15,-7.892230e-17,2.977741e-16,-6.712532e+00,7.176959e+00,7.092557e+00
1.341000e-10,-1.387717e-15,-3.486223e-15,-1.290717e-15,1.859889e-15,-6.712532e+00,7.176959e+00,7.092557e+00
1.342000e-10,-3.113046e-16,-1.999545e-15,-2.342775e-15,3.210483e-15,-6.712532e+00,7.176959e+00,7.092557e+00
1.343000e-10,7.278390e-16,-4.632318e-16,-3.176931e-15,4.273100e-15,-6.712532e+00,7.176959e+00,7.092557e+00
1.344000e-10,1.661753e-15,1.014498e-15,-3.752920e-15,4.994370e-15,-6.712532e+00,7.176959e+00,7.092557e+00
1.345000e-10,2.426861e-15,2.336095e-15,-4.049581e-15,5.346447e-15,-6.712532e+00,7.176959e+00,7.092557e+00
1.346000e-10,2.992471e-15,3.420472e-15,-4.064841e-15,5.327709e-15,-6.712532e+00,7.176959e+00,7.092557e+00
1.347000e-10,3.325698e-15,4.207451e-15,-3.815820e-15,4.961169e-15,-6.712532e+00,7.176959e+00,7.092557e+00
1.348000e-10,3.424351e-15,4.660612e-15,-3.335238e-15,4.290844e-15,-6.712532e+00,7.176959e+00,7.092557e+00
1.349000e-10,3.297198e-15,4.768736e-15,-2.668415e-15,3.377748e-15,-6.712532e+00,7.176959e+00,7.092557e+00
1.350000e-10,2.955202e-15,4.545089e-15,-1.870131e-15,2.295538e-15,-6.712532e+00,7.176959e+00,7.092557e+00
1.351000e-10,2.440015e-15,4.024755e-15,-9.998795e-16,1.124891e-15,-6.712532e+00,7.176959e+00,7.092557e+00
1.352000e-10,1.795482e-15,3.261163e-15,-1.185033e-16,-5.213531e-17,-6.712532e+00,7.176959e+00,7.092557e+00
1.353000e-10,1.067643e-15,2.320937e-15,7.165265e-16,-1.158032e-15,-6.712532e+00,7.176959e+00,7.092557e+00
1.354000e-10,3.178815e-16,1.278771e-15,1.454222e-15,-2.124616e-15,-6.712532e+00,7.176959e+00,7.092557e+00
1.355000e-10,-4.143421e-16,2.122321e-16,2.052990e-15,-2.896344e-15,-6.712532e+00,7.176959e+00,7.092557e+00
1.356000e-10,-1.082989e-15,-8.045005e-16,2.482927e-15,-3.433959e-15,-6.712532e+00,7.176959e+00,7.092557e+00
1.357000e-10,-1.635445e-15,-1.704956e-15,2.726861e-15,-3.715702e-15,-6.712532e+00,7.176959e+00,7.092557e+00
1.358000e-10,-2.049788e-15,-2.435168e-15,2.780787e-15,-3.737728e-15,-6.712532e+00,7.176959e+00,7.092557e+00
1.359000e-10,-2.306285e-15,-2.955347e-15,2.652760e-15,-3.513986e-15,-6.712532e+00,7.176959e+00,7.092557e+00
1.360000e-10,-2.393977e-15,-3.242862e-15,2.362120e-15,-3.072789e-15,-6.712532e+00,7.176959e+00,7.092557e+00
1.361000e-10,-2.326016e-15,-3.292523e-15,1.937450e-15,-2.455472e-15,-6.712532e+00,7.176959e+00,7.092557e+00
1.362000e-10,-2.104595e-15,-3.115410e-15,1.414556e-15,-1.712424e-15,-6.712532e+00,7.176959e+00,7.092557e+00
1.363000e-10,-1.766983e-15,-2.737557e-15,8.329917e-16,-8.992313e-16,-6.712532e+00,7.176959e+00,7.092557e+00
1.364000e-10,-1.321949e-15,-2.197142e-15,2.335384e-16,-7.319324e-17,-6.712532e+00,7.176959e+00,7.092557e+00
1.365000e-10,-8.242996e-16,-1.541014e-15,-3.441889e-16,7.111742e-16,-6.712532e+00,7.176959e+00,7.092557e+00
1.366000e-10,-2.981509e-16,-8.210540e-16,-8.647627e-16,1.404844e-15,-6.712532e+00,7.176959e+00,7.092557e+00
1.367000e-10,2.214209e-16,-8.971246e-17,-1.298519e-15,1.968091e-15,-6.712532e+00,7.176959e+00,7.092557e+00
1.368000e-10,6.993393e-16,6.026047e-16,-1.622943e-15,2.371112e-15,-6.712532e+00,7.176959e+00,7.092557e+00
1.369000e-10,1.100528e-15,1.210664e-15,-1.823622e-15,2.596369e-15,-6.712532e+00,7.176959e+00,7.092557e+00
1.370000e-10,1.409640e-15,1.698585e-15,-1.895180e-15,2.639024e-15,-6.712532e+00,7.176959e+00,7.092557e+00
1.371000e-10,1.609138e-15,2.040659e-15,-1.841118e-15,2.506973e-15,-6.712532e+00,7.176959e+00,7.092557e+00
1.372000e-10,1.694637e-15,2.223141e-15,-1.672560e-15,2.218791e-15,-6.712532e+00,7.176959e+00,7.092557e+00
1.373000e-10,1.650792e-15,2.243694e-15,-1.407054e-15,1.802427e-15,-6.712532e+00,7.176959e+00,7.092557e+00
1.374000e-10,1.514870e-15,2.110975e-15,-1.067172e-15,1.292387e-15,-6.712532e+00,7.176959e+00,7.092557e+00
1.375000e-10,1.278103e-15,1.843781e-15,-6.791120e-16,7.271282e-16,-6.712532e+00,7.176959e+00,7.092557e+00
1.376000e-10,9.821442e-16,1.468729e-15,-2.705761e-16,1.468832e-16,-6.712532e+00,7.176959e+00,7.092557e+00
1.377000e-10,6.357630e-16,1.018060e-15,1.310919e-16,-4.095722e-16,-6.712532e+00,7.176959e+00,7.092557e+00
1.378000e-10,2.608821e-16,5.269794e-16,5.009203e-16,-9.072468e-16,-6.712532e+00,7.176959e+00,7.092557e+00
1.379000e-10,-1.008452e-16,3.112875e-17,8.171319e-16,-1.317093e-15,-6.712532e+00,7.176959e+00,7.092557e+00
1.380000e-10,-4.428418e-16,-4.353315e-16,1.062668e-15,-1.617565e-15,-6.712532e+00,7.176959e+00,7.092557e+00
1.381000e-10,-7.278390e-16,-8.428056e-16,1.226199e-15,-1.795414e-15,-6.712532e+00,7.176959e+00,7.092557e+00
1.382000e-10,-9.558368e-16,-1.167641e-15,1.302235e-15,-1.846068e-15,-6.712532e+00,7.176959e+00,7.092557e+00
1.383000e-10,-1.104912e-15,-1.392967e-15,1.291291e-15,-1.773071e-15,-6.712532e+00,7.176959e+00,7.092557e+00
1.384000e-10,-1.175065e-15,-1.510066e-15,1.199078e-15,-1.588123e-15,-6.712532e+00,7.176959e+00,7.092557e+00
1.385000e-10,-1.166296e-15,-1.518055e-15,1.035992e-15,-1.309840e-15,-6.712532e+00,7.176959e+00,7.092557e+00
1.386000e-10,-1.082989e-15,-1.423582e-15,8.164639e-16,-9.615744e-16,-6.712532e+00,7.176959e+00,7.092557e+00
1.387000e-10,-9.273371e-16,-1.239532e-15,5.578426e-16,-5.700201e-16,-6.712532e+00,7.176959e+00,7.092557e+00
1.388000e-10,-7.234544e-16,-9.844650e-16,2.786259e-16,-1.629828e-16,-6.712532e+00,7.176959e+00,7.092557e+00
1.389000e-10,-4.823030e-16,-6.802852e-16,-2.158032e-18,2.319798e-16,-6.712532e+00,7.176959e+00,7.092557e+00
1.390000e-10,-2.236132e-16,-3.505003e-16,-2.665940e-16,5.896137e-16,-6.712532e+00,7.176959e+00,7.092557e+00
1.391000e-10,3.946115e-17,-1.876289e-17,-4.988564e-16,8.888779e-16,-6.712532e+00,7.176959e+00,7.092557e+00
1.392000e-10,2.762281e-16,2.924219e-16,-6.859458e-16,1.113836e-15,-6.712532e+00,7.176959e+00,7.092557e+00
1.393000e-10,4.844952e-16,5.636145e-16,-8.186647e-16,1.254227e-15,-6.712532e+00,7.176959e+00,7.092557e+00
1.394000e-10,6.533013e-16,7.789553e-16,-8.917038e-16,1.305678e-15,-6.712532e+00,7.176959e+00,7.092557e+00
1.395000e-10,7.694925e-16,9.277824e-16,-9.036415e-16,1.269471e-15,-6.712532e+00,7.176959e+00,7.092557e+00
1.396000e-10,8.286842e-16,1.004538e-15,-8.572096e-16,1.153177e-15,-6.712532e+00,7.176959e+00,7.092557e+00
1.397000e-10,8.221073e-16,1.008871e-15,-7.588564e-16,9.689562e-16,-6.712532e+00,7.176959e+00,7.092557e+00
1.398000e-10,7.804539e-16,9.452350e-16,-6.173940e-16,7.325319e-16,-6.712532e+00,7.176959e+00,7.092557e+00
1.399000e-10,6.796087e-16,8.226040e-16,-4.440407e-16,4.615790e-16,-6.712532e+00,7.176959e+00,7.092557e+00
1.400000e-10,5.436870e-16,6.531129e-16,-2.515477e-16,1.756997e-16,-6.712532e+00,7.176959e+00,7.092557e+00
1.401000e-10,3.792655e-16,4.510971e-16,-5.353118e-17,-1.056494e-16,-6.712532e+00,7.176959e+00,7.092557e+00
1.402000e-10,1.929212e-16,2.324765e-16,1.370778e-16,-3.639281e-16,-6.712532e+00,7.176959e+00,7.092557e+00
1.403000e-10,1.534600e-17,1.262277e-17,3.085129e-16,-5.837733e-16,-6.712532e+00,7.176959e+00,7.092557e+00
1.404000e-10,-1.622292e-16,-1.937433e-16,4.511143e-16,-7.533072e-16,-6.712532e+00,7.176959e+00,7.092557e+00
1.405000e-10,-3.178815e-16,-3.735022e-16,5.574230e-16,-8.640005e-16,-6.712532e+00,7.176959e+00,7.092557e+00
1.406000e-10,-4.384572e-16,-5.165317e-16,6.224294e-16,-9.116571e-16,-6.712532e+00,7.176959e+00,7.092557e+00
1.407000e-10,-5.305333e-16,-6.158098e-16,6.440440e-16,-8.968335e-16,-6.712532e+00,7.176959e+00,7.092557e+00
1.408000e-10,-5.765713e-16,-6.676710e-16,6.231402e-16,-8.243339e-16,-6.712532e+00,7.176959e+00,7.092557e+00
1.409000e-10,-5.831481e-16,-6.720042e-16,5.634261e-16,-7.020797e-16,-6.712532e+00,7.176959e+00,7.092557e+00
1.410000e-10,-5.568407e-16,-6.320036e-16,4.708448e-16,-5.406726e-16,-6.712532e+00,7.176959e+00,7.092557e+00
1.411000e-10,-4.910721e-16,-5.531412e-16,3.525470e-16,-3.528211e-16,-6.712532e+00,7.176959e+00,7.092557e+00
1.412000e-10,-3.946115e-16,-4.435012e-16,2.175159e-16,-1.520642e-16,-6.712532e+00,7.176959e+00,7.092557e+00
1.413000e-10,-2.849972e-16,-3.123237e-16,7.579658e-17,4.762228e-17,-6.712532e+00,7.176959e+00,7.092557e+00
1.414000e-10,-1.578446e-16,-1.696196e-16,-6.321663e-17,2.333928e-16,-6.712532e+00,7.176959e+00,7.092557e+00
1.415000e-10,-2.411515e-17,-2.526267e-17,-1.905319e-16,3.940977e-16,-6.712532e+00,7.176959e+00,7.092557e+00
1.416000e-10,9.426831e-17,1.114298e-16,-2.986562e-16,5.206680e-16,-6.712532e+00,7.176959e+00,7.092557e+00
1.417000e-10,2.060749e-16,2.316373e-16,-3.815606e-16,6.067238e-16,-6.712532e+00,7.176959e+00,7.092557e+00
1.418000e-10,3.003432e-16,3.283291e-16,-4.354257e-16,6.490280e-16,-6.712532e+00,7.176959e+00,7.092557e+00
1.419000e-10,3.639195e-16,3.965897e-16,-4.584276e-16,6.473838e-16,-6.712532e+00,7.176959e+00,7.092557e+00
1.420000e-10,4.077652e-16,4.341069e-16,-4.506433e-16,6.041461e-16,-6.712532e+00,7.176959e+00,7.092557e+00
1.421000e-10,4.165344e-16,4.403755e-16,-4.142136e-16,5.241619e-16,-6.712532e+00,7.176959e+00,7.092557e+00
1.422000e-10,4.033807e-16,4.172023e-16,-3.528896e-16,4.145134e-16,-6.712532e+00,7.176959e+00,7.092557e+00
1.423000e-10,3.595349e-16,3.681928e-16,-2.719548e-16,2.840980e-16,-6.712532e+00,7.176959e+00,7.092557e+00
1.424000e-10,3.025355e-16,2.984078e-16,-1.777636e-16,1.425757e-16,-6.712532e+00,7.176959e+00,7.092557e+00
1.425000e-10,2.214209e-16,2.136451e-16,-7.662725e-17,-1.370179e-19,-6.712532e+00,7.176959e+00,7.092557e+00
1.426000e-10,1.337295e-16,1.208926e-16,2.444913e-17,-1.349626e-16,-6.712532e+00,7.176959e+00,7.092557e+00
1.427000e-10,4.165344e-17,2.639307e-17,1.191799e-16,-2.536801e-16,-6.712532e+00,7.176959e+00,7.092557e+00
1.428000e-10,-4.823030e-17,-6.343072e-17,2.017075e-16,-3.488475e-16,-6.712532e+00,7.176959e+00,7.092557e+00
1.429000e-10,-1.293449e-16,-1.430210e-16,2.670650e-16,-4.157380e-16,-6.712532e+00,7.176959e+00,7.092557e+00
1.430000e-10,-2.016903e-16,-2.079161e-16,3.122124e-16,-4.516281e-16,-6.712532e+00,7.176959e+00,7.092557e+00
1.431000e-10,-2.499206e-16,-2.551444e-16,3.351886e-16,-4.561497e-16,-6.712532e+00,7.176959e+00,7.092557e+00
1.432000e-10,-2.806126e-16,-2.830875e-16,3.355996e-16,-4.306044e-16,-6.712532e+00,7.176959e+00,7.092557e+00
1.433000e-10,-3.003432e-16,-2.909404e-16,3.142505e-16,-3.782122e-16,-6.712532e+00,7.176959e+00,7.092557e+00
1.434000e-10,-2.828049e-16,-2.795679e-16,2.735562e-16,-3.037943e-16,-6.712532e+00,7.176959e+00,7.092557e+00
1.435000e-10,-2.564975e-16,-2.511367e-16,2.171734e-16,-2.135595e-16,-6.712532e+00,7.176959e+00,7.092557e+00
1.436000e-10,-2.148440e-16,-2.083528e-16,1.497520e-16,-1.143586e-16,-6.712532e+00,7.176959e+00,7.092557e+00
1.437000e-10,-1.644215e-16,-1.550443e-16,7.626758e-17,-1.303383e-17,-6.712532e+00,7.176959e+00,7.092557e+00
1.438000e-10,-1.008452e-16,-9.565561e-17,1.849741e-18,8.389776e-17,-6.712532e+00,7.176959e+00,7.092557e+00
1.439000e-10,-4.165344e-17,-3.413458e-17,-6.874872e-17,1.702105e-16,-6.712532e+00,7.176959e+00,7.092557e+00
1.440000e-10,2.849972e-17,2.515135e-17,-1.312289e-16,2.409203e-16,-6.712532e+00,7.176959e+00,7.092557e+00
1.441000e-10,8.330688e-17,7.868252e-17,-1.816600e-16,2.924304e-16,-6.712532e+00,7.176959e+00,7.092557e+00
1.442000e-10,1.359217e-16,1.237443e-16,-2.173189e-16,3.226514e-16,-6.712532e+00,7.176959e+00,7.092557e+00
1.443000e-10,1.753829e-16,1.578018e-16,-2.369467e-16,3.304186e-16,-6.712532e+00,7.176959e+00,7.092557e+00
1.444000e-10,1.973058e-16,1.791509e-16,-2.402523e-16,3.165713e-16,-6.712532e+00,7.176959e+00,7.092557e+00
1.445000e-10,2.104595e-16,1.873035e-16,-2.277665e-16,2.832074e-16,-6.712532e+00,7.176959e+00,7.092557e+00
1.446000e-10,2.082672e-16,1.827647e-16,-2.011851e-16,2.337268e-16,-6.712532e+00,7.176959e+00,7.092557e+00
1.447000e-10,1.973058e-16,1.667165e-16,-1.627772e-16,1.717091e-16,-6.712532e+00,7.176959e+00,7.092557e+00
1.448000e-10,1.666138e-16,1.408715e-16,-1.154890e-16,1.020869e-16,-6.712532e+00,7.176959e+00,7.092557e+00
1.449000e-10,1.337295e-16,1.075334e-16,-6.260861e-17,2.964725e-17,-6.712532e+00,7.176959e+00,7.092557e+00
1.450000e-10,8.549916e-17,6.962221e-17,-8.006983e-18,-4.038602e-17,-6.712532e+00,7.176959e+00,7.092557e+00
1.451000e-10,3.946115e-17,2.975857e-17,4.468496e-17,-1.036797e-16,-6.712532e+00,7.176959e+00,7.092557e+00
1.452000e-10,-8.769145e-18,-9.539870e-18,9.234149e-17,-1.566457e-16,-6.712532e+00,7.176959e+00,7.092557e+00
1.453000e-10,-4.823030e-17,-4.584105e-17,1.321281e-16,-1.965350e-16,-6.712532e+00,7.176959e+00,7.092557e+00
1.454000e-10,-8.549916e-17,-7.702118e-17,1.616897e-16,-2.215322e-16,-6.712532e+00,7.176959e+00,7.092557e+00
1.455000e-10,-1.139989e-16,-1.012990e-16,1.793050e-16,-2.307724e-16,-6.712532e+00,7.176959e+00,7.092557e+00
1.456000e-10,-1.315372e-16,-1.177497e-16,1.845288e-16,-2.243668e-16,-6.712532e+00,7.176959e+00,7.092557e+00
1.457000e-10,-1.424986e-16,-1.259708e-16,1.778235e-16,-2.035144e-16,-6.712532e+00,7.176959e+00,7.092557e+00
1.458000e-10,-1.424986e-16,-1.258509e-16,1.601482e-16,-1.701420e-16,-6.712532e+00,7.176959e+00,7.092557e+00
1.459000e-10,-1.403063e-16,-1.178782e-16,1.330701e-16,-1.272554e-16,-6.712532e+00,7.176959e+00,7.092557e+00
1.460000e-10,-1.183835e-16,-1.032515e-16,9.858437e-17,-7.844274e-17,-6.712532e+00,7.176959e+00,7.092557e+00
1.461000e-10,-9.646059e-17,-8.328118e-17,5.950002e-17,-2.717236e-17,-6.712532e+00,7.176959e+00,7.092557e+00
1.462000e-10,-6.357630e-17,-5.929449e-17,1.863443e-17,2.331873e-17,-6.712532e+00,7.176959e+00,7.092557e+00
1.463000e-10,-3.069201e-17,-3.302987e-17,-2.110075e-17,6.981918e-17,-6.712532e+00,7.176959e+00,7.092557e+00
1.464000e-10,0.000000e+00,-6.551168e-18,-5.703370e-17,1.097171e-16,-6.712532e+00,7.176959e+00,7.092557e+00
1.465000e-10,2.411515e-17,1.855736e-17,-8.709199e-17,1.407431e-16,-6.712532e+00,7.176959e+00,7.092557e+00
1.466000e-10,5.919173e-17,4.088271e-17,-1.095201e-16,1.612872e-16,-6.712532e+00,7.176959e+00,7.092557e+00
1.467000e-10,8.111459e-17,5.913178e-17,-1.234274e-16,1.704074e-16,-6.712532e+00,7.176959e+00,7.092557e+00
1.468000e-10,1.008452e-16,7.228550e-17,-1.283601e-16,1.681209e-16,-6.712532e+00,7.176959e+00,7.092557e+00
1.469000e-10,1.118066e-16,7.965877e-17,-1.246777e-16,1.552327e-16,-6.712532e+00,7.176959e+00,7.092557e+00
1.470000e-10,1.074220e-16,8.132012e-17,-1.132196e-16,1.332670e-16,-6.712532e+00,7.176959e+00,7.092557e+00
1.471000e-10,1.008452e-16,7.776621e-17,-9.506472e-17,1.041079e-16,-6.712532e+00,7.176959e+00,7.092557e+00
1.472000e-10,9.646059e-17,6.956227e-17,-7.140345e-17,6.977636e-17,-6.712532e+00,7.176959e+00,7.092557e+00
1.473000e-10,7.234544e-17,5.781298e-17,-4.415401e-17,3.271302e-17,-6.712532e+00,7.176959e+00,7.092557e+00
1.474000e-10,5.480715e-17,4.323771e-17,-1.512335e-17,-4.093409e-18,-6.712532e+00,7.176959e+00,7.092557e+00
1.475000e-10,2.849972e-17,2.680412e-17,1.368466e-17,-3.791970e-17,-6.712532e+00,7.176959e+00,7.092557e+00
1.476000e-10,6.576859e-18,9.694015e-18,4.053160e-17,-6.679622e-17,-6.712532e+00,7.176959e+00,7.092557e+00
1.477000e-10,-1.753829e-17,-7.124930e-18,6.384177e-17,-8.930997e-17,-6.712532e+00,7.176959e+00,7.092557e+00
1.478000e-10,-3.946115e-17,-2.236817e-17,8.217648e-17,-1.043905e-16,-6.712532e+00,7.176959e+00,7.092557e+00
1.479000e-10,-5.261487e-17,-3.562465e-17,9.435394e-17,-1.114726e-16,-6.712532e+00,7.176959e+00,7.092557e+00
1.480000e-10,-6.357630e-17,-4.598663e-17,1.000402e-16,-1.104193e-16,-6.712532e+00,7.176959e+00,7.092557e+00
1.481000e-10,-7.015316e-17,-5.288890e-17,9.924377e-17,-1.015046e-16,-6.712532e+00,7.176959e+00,7.092557e+00
1.482000e-10,-7.453773e-17,-5.641711e-17,9.240144e-17,-8.588452e-17,-6.712532e+00,7.176959e+00,7.092557e+00
1.483000e-10,-6.576859e-17,-5.663977e-17,8.029248e-17,-6.516057e-17,-6.712532e+00,7.176959e+00,7.092557e+00
1.484000e-10,-6.357630e-17,-5.365963e-17,6.391884e-17,-4.104542e-17,-6.712532e+00,7.176959e+00,7.092557e+00
1.485000e-10,-5.042258e-17,-4.763941e-17,4.480485e-17,-1.562004e-17,-6.712532e+00,7.176959e+00,7.092557e+00
1.486000e-10,-3.507658e-17,-3.887883e-17,2.404664e-17,9.479925e-18,-6.712532e+00,7.176959e+00,7.092557e+00
1.487000e-10,-1.534600e-17,-2.817430e-17,3.100030e-18,3.288429e-17,-6.712532e+00,7.176959e+00,7.092557e+00
1.488000e-10,6.576859e-18,-1.647640e-17,-1.673331e-17,5.315438e-17,-6.712532e+00,7.176959e+00,7.092557e+00
1.489000e-10,1.534600e-17,-4.290373e-18,-3.412602e-17,6.898851e-17,-6.712532e+00,7.176959e+00,7.092557e+00
1.490000e-10,3.069201e-17,7.039294e-18,-4.819604e-17,7.949607e-17,-6.712532e+00,7.176959e+00,7.092557e+00
1.491000e-10,3.946115e-17,1.744409e-17,-5.828398e-17,8.465993e-17,-6.712532e+00,7.176959e+00,7.092557e+00
1.492000e-10,5.042258e-17,2.602483e-17,-6.403017e-17,8.427456e-17,-6.712532e+00,7.176959e+00,7.092557e+00
1.493000e-10,5.261487e-17,3.215639e-17,-6.497217e-17,7.876816e-17,-6.712532e+00,7.176959e+00,7.092557e+00
1.494000e-10,4.823030e-17,3.580449e-17,-6.146965e-17,6.855176e-17,-6.712532e+00,7.176959e+00,7.092557e+00
1.495000e-10,5.042258e-17,3.685781e-17,-5.410494e-17,5.461876e-17,-6.712532e+00,7.176959e+00,7.092557e+00
1.496000e-10,4.823030e-17,3.557327e-17,-4.328909e-17,3.824512e-17,-6.712532e+00,7.176959e+00,7.092557e+00
1.497000e-10,3.726887e-17,3.183097e-17,-2.983564e-17,2.061263e-17,-6.712532e+00,7.176959e+00,7.092557e+00
1.498000e-10,2.192286e-17,2.610191e-17,-1.498633e-17,2.980139e-18,-6.712532e+00,7.176959e+00,7.092557e+00
1.499000e-10,1.096143e-17,1.896841e-17,2.997266e-19,-1.382168e-17,-6.712532e+00,7.176959e+00,7.092557e+00
1.500000e-10,6.576859e-18,1.111558e-17,1.496064e-17,-2.844834e-17,-6.712532e+00,7.176959e+00,7.092557e+00
1.501000e-10,-4.384572e-18,2.997266e-18,2.804585e-17,-4.000922e-17,-6.712532e+00,7.176959e+00,7.092557e+00
1.502000e-10,-1.753829e-17,-5.043971e-18,3.888739e-17,-4.816179e-17,-6.712532e+00,7.176959e+00,7.092557e+00
1.503000e-10,-2.192286e-17,-1.257139e-17,4.670597e-17,-5.252923e-17,-6.712532e+00,7.176959e+00,7.092557e+00
1.504000e-10,-2.849972e-17,-1.932809e-17,5.110767e-17,-5.297454e-17,-6.712532e+00,7.176959e+00,7.092557e+00
1.505000e-10,-3.507658e-17,-2.471460e-17,5.220381e-17,-4.936926e-17,-6.712532e+00,7.176959e+00,7.092557e+00
1.506000e-10,-3.069201e-17,-2.836270e-17,4.990877e-17,-4.256118e-17,-6.712532e+00,7.176959e+00,7.092557e+00
1.507000e-10,-3.069201e-17,-3.021244e-17,4.466783e-17,-3.306413e-17,-6.712532e+00,7.176959e+00,7.092557e+00
1.508000e-10,-3.069201e-17,-3.037515e-17,3.688350e-17,-2.205132e-17,-6.712532e+00,7.176959e+00,7.092557e+00
1.509000e-10,-2.192286e-17,-2.876519e-17,2.724087e-17,-9.985179e-18,-6.712532e+00,7.176959e+00,7.092557e+00
1.510000e-10,-1.753829e-17,-2.572511e-17,1.659629e-17,2.089523e-18,-6.712532e+00,7.176959e+00,7.092557e+00
1.511000e-10,-8.769145e-18,-2.119495e-17,5.797569e-18,1.361615e-17,-6.712532e+00,7.176959e+00,7.092557e+00
1.512000e-10,2.192286e-18,-1.559435e-17,-4.598663e-18,2.360989e-17,-6.712532e+00,7.176959e+00,7.092557e+00
1.513000e-10,4.384572e-18,-9.308653e-18,-1.387306e-17,3.179671e-17,-6.712532e+00,7.176959e+00,7.092557e+00
1.514000e-10,1.534600e-17,-2.920194e-18,-2.134910e-17,3.776556e-17,-6.712532e+00,7.176959e+00,7.092557e+00
1.515000e-10,1.973058e-17,3.228484e-18,-2.675274e-17,4.119100e-17,-6.712532e+00,7.176959e+00,7.092557e+00
1.516000e-10,1.973058e-17,8.948981e-18,-2.985277e-17,4.174764e-17,-6.712532e+00,7.176959e+00,7.092557e+00
1.517000e-10,2.630743e-17,1.393301e-17,-3.049504e-17,3.955535e-17,-6.712532e+00,7.176959e+00,7.092557e+00
1.518000e-10,2.630743e-17,1.749547e-17,-2.873094e-17,3.535918e-17,-6.712532e+00,7.176959e+00,7.092557e+00
1.519000e-10,1.973058e-17,1.970488e-17,-2.503146e-17,2.947597e-17,-6.712532e+00,7.176959e+00,7.092557e+00
1.520000e-10,2.630743e-17,2.057837e-17,-1.951649e-17,2.234248e-17,-6.712532e+00,7.176959e+00,7.092557e+00
1.521000e-10,1.753829e-17,2.034716e-17,-1.290537e-17,1.462666e-17,-6.712532e+00,7.176959e+00,7.092557e+00
1.522000e-10,1.973058e-17,1.866012e-17,-5.686242e-18,6.979349e-18,-6.712532e+00,7.176959e+00,7.092557e+00
1.523000e-10,1.096143e-17,1.552584e-17,1.550015e-18,-4.024900e-19,-6.712532e+00,7.176959e+00,7.092557e+00
1.524000e-10,2.192286e-18,1.114127e-17,8.392346e-18,-7.039294e-18,-6.712532e+00,7.176959e+00,7.092557e+00
1.525000e-10,-4.384572e-18,5.985969e-18,1.482362e-17,-1.226310e-17,-6.712532e+00,7.176959e+00,7.092557e+00
1.526000e-10,-2.192286e-18,3.425447e-19,2.021870e-17,-1.585126e-17,-6.712532e+00,7.176959e+00,7.092557e+00
1.527000e-10,-8.769145e-18,-5.463588e-18,2.403808e-17,-1.776094e-17,-6.712532e+00,7.176959e+00,7.092557e+00
1.528000e-10,-1.534600e-17,-1.067883e-17,2.636738e-17,-1.789796e-17,-6.712532e+00,7.176959e+00,7.092557e+00
1.529000e-10,-1.096143e-17,-1.504628e-17,2.716380e-17,-1.652778e-17,-6.712532e+00,7.176959e+00,7.092557e+00
1.530000e-10,-1.315372e-17,-1.855736e-17,2.629887e-17,-1.393301e-17,-6.712532e+00,7.176959e+00,7.092557e+00
1.531000e-10,-1.534600e-17,-2.090379e-17,2.396100e-17,-1.055038e-17,-6.712532e+00,7.176959e+00,7.092557e+00
1.532000e-10,-8.769145e-18,-2.189717e-17,2.068114e-17,-6.499786e-18,-6.712532e+00,7.176959e+00,7.092557e+00
1.533000e-10,-4.384572e-18,-2.175159e-17,1.654491e-17,-1.952505e-18,-6.712532e+00,7.176959e+00,7.092557e+00
1.534000e-10,-6.576859e-18,-2.042423e-17,1.189487e-17,2.894503e-18,-6.712532e+00,7.176959e+00,7.092557e+00
1.535000e-10,-6.576859e-18,-1.809492e-17,6.842331e-18,7.493166e-18,-6.712532e+00,7.176959e+00,7.092557e+00
1.536000e-10,2.192286e-18,-1.515760e-17,1.815487e-18,1.155232e-17,-6.712532e+00,7.176959e+00,7.092557e+00
1.537000e-10,2.192286e-18,-1.183492e-17,-2.800303e-18,1.467804e-17,-6.712532e+00,7.176959e+00,7.092557e+00
1.538000e-10,8.769145e-18,-8.075492e-18,-6.593986e-18,1.694740e-17,-6.712532e+00,7.176959e+00,7.092557e+00
1.539000e-10,4.384572e-18,-4.067719e-18,-9.548434e-18,1.818912e-17,-6.712532e+00,7.176959e+00,7.092557e+00
1.540000e-10,1.096143e-17,-5.994533e-20,-1.134679e-17,1.840321e-17,-6.712532e+00,7.176959e+00,7.092557e+00
1.541000e-10,8.769145e-18,3.511083e-18,-1.207470e-17,1.754685e-17,-6.712532e+00,7.176959e+00,7.092557e+00
1.542000e-10,8.769145e-18,6.568295e-18,-1.225454e-17,1.574849e-17,-6.712532e+00,7.176959e+00,7.092557e+00
1.543000e-10,1.315372e-17,8.769145e-18,-1.180923e-17,1.310234e-17,-6.712532e+00,7.176959e+00,7.092557e+00
1.544000e-10,1.315372e-17,1.019071e-17,-1.058463e-17,9.574125e-18,-6.712532e+00,7.176959e+00,7.092557e+00
1.545000e-10,8.769145e-18,1.079016e-17,-8.649254e-18,5.874642e-18,-6.712532e+00,7.176959e+00,7.092557e+00
1.546000e-10,4.384572e-18,1.043905e-17,-5.994533e-18,2.329304e-18,-6.712532e+00,7.176959e+00,7.092557e+00
1.547000e-10,8.769145e-18,9.223017e-18,-2.637594e-18,-9.248707e-19,-6.712532e+00,7.176959e+00,7.092557e+00
1.548000e-10,2.192286e-18,7.381839e-18,1.053325e-18,-3.605283e-18,-6.712532e+00,7.176959e+00,7.092557e+00
1.549000e-10,0.000000e+00,5.035407e-18,4.513027e-18,-5.369388e-18,-6.712532e+00,7.176959e+00,7.092557e+00
1.550000e-10,-4.384572e-18,2.295050e-18,7.878528e-18,-6.217187e-18,-6.712532e+00,7.176959e+00,7.092557e+00
1.551000e-10,-4.384572e-18,-7.535984e-19,1.071309e-17,-6.508350e-18,-6.712532e+00,7.176959e+00,7.092557e+00
1.552000e-10,-2.192286e-18,-3.673792e-18,1.288824e-17,-6.277132e-18,-6.712532e+00,7.176959e+00,7.092557e+00
1.553000e-10,-8.769145e-18,-6.491222e-18,1.418135e-17,-5.283752e-18,-6.712532e+00,7.176959e+00,7.092557e+00
1.554000e-10,-6.576859e-18,-8.717763e-18,1.468660e-17,-3.434011e-18,-6.712532e+00,7.176959e+00,7.092557e+00
1.555000e-10,-2.192286e-18,-1.039623e-17,1.418991e-17,-7.878528e-19,-6.712532e+00,7.176959e+00,7.092557e+00
1.556000e-10,-1.096143e-17,-1.120978e-17,1.323079e-17,2.252232e-18,-6.712532e+00,7.176959e+00,7.092557e+00
1.557000e-10,-4.384572e-18,-1.126116e-17,1.186917e-17,5.377952e-18,-6.712532e+00,7.176959e+00,7.092557e+00
1.558000e-10,4.384572e-18,-1.074734e-17,1.014789e-17,8.015546e-18,-6.712532e+00,7.176959e+00,7.092557e+00
1.559000e-10,0.000000e+00,-9.839597e-18,7.912783e-18,1.024209e-17,-6.712532e+00,7.176959e+00,7.092557e+00
1.560000e-10,4.384572e-18,-8.563618e-18,5.583479e-18,1.178354e-17,-6.712532e+00,7.176959e+00,7.092557e+00
1.561000e-10,8.769145e-18,-6.833767e-18,3.391193e-18,1.254570e-17,-6.712532e+00,7.176959e+00,7.092557e+00
1.562000e-10,8.769145e-18,-4.650045e-18,1.284543e-18,1.269128e-17,-6.712532e+00,7.176959e+00,7.092557e+00
1.563000e-10,6.576859e-18,-2.654722e-18,-4.281809e-19,1.240012e-17,-6.712532e+00,7.176959e+00,7.092557e+00
1.564000e-10,8.769145e-18,-8.649254e-19,-1.721287e-18,1.155232e-17,-6.712532e+00,7.176959e+00,7.092557e+00
1.565000e-10,1.534600e-17,1.061889e-18,-2.269359e-18,1.014789e-17,-6.712532e+00,7.176959e+00,7.092557e+00
1.566000e-10,8.769145e-18,2.706103e-18,-2.175159e-18,8.255328e-18,-6.712532e+00,7.176959e+00,7.092557e+00
1.567000e-10,4.384572e-18,3.862192e-18,-1.704160e-18,6.063041e-18,-6.712532e+00,7.176959e+00,7.092557e+00
1.568000e-10,4.384572e-18,4.752808e-18,-9.591252e-19,3.999210e-18,-6.712532e+00,7.176959e+00,7.092557e+00
1.569000e-10,2.192286e-18,5.592043e-18,1.883996e-19,1.978196e-18,-6.712532e+00,7.176959e+00,7.092557e+00
1.570000e-10,4.384572e-18,6.114423e-18,1.678469e-18,-4.281809e-20,-6.712532e+00,7.176959e+00,7.092557e+00
1.571000e-10,4.384572e-18,6.182932e-18,3.117157e-18,-2.055268e-18,-6.712532e+00,7.176959e+00,7.092557e+00
1.572000e-10,4.384572e-18,5.617733e-18,4.461645e-18,-3.982082e-18,-6.712532e+00,7.176959e+00,7.092557e+00
1.573000e-10,4.384572e-18,4.692863e-18,5.669115e-18,-5.694806e-18,-6.712532e+00,7.176959e+00,7.092557e+00
1.574000e-10,0.000000e+00,3.271302e-18,6.645368e-18,-6.662495e-18,-6.712532e+00,7.176959e+00,7.092557e+00
1.575000e-10,-4.384572e-18,1.601397e-18,7.501729e-18,-6.885149e-18,-6.712532e+00,7.176959e+00,7.092557e+00
1.576000e-10,-4.384572e-18,-2.140904e-19,8.323837e-18,-6.859458e-18,-6.712532e+00,7.176959e+00,7.092557e+00
1.577000e-10,-2.192286e-18,-2.063832e-18,9.128817e-18,-6.739567e-18,-6.712532e+00,7.176959e+00,7.092557e+00
1.578000e-10,-4.384572e-18,-3.759428e-18,9.796779e-18,-6.045914e-18,-6.712532e+00,7.176959e+00,7.092557e+00
1.579000e-10,-2.192286e-18,-5.009716e-18,1.046474e-17,-4.795626e-18,-6.712532e+00,7.176959e+00,7.092557e+00
1.580000e-10,-4.384572e-18,-5.840387e-18,1.096143e-17,-2.980139e-18,-6.712532e+00,7.176959e+00,7.092557e+00
1.581000e-10,-6.576859e-18,-6.097296e-18,1.106419e-17,-6.679622e-19,-6.712532e+00,7.176959e+00,7.092557e+00
1.582000e-10,0.000000e+00,-6.054478e-18,1.075590e-17,1.935378e-18,-6.712532e+00,7.176959e+00,7.092557e+00
1.583000e-10,0.000000e+00,-5.549224e-18,1.014789e-17,4.333191e-18,-6.712532e+00,7.176959e+00,7.092557e+00
1.584000e-10,6.576859e-18,-4.787062e-18,9.437107e-18,6.045914e-18,-6.712532e+00,7.176959e+00,7.092557e+00
1.585000e-10,4.384572e-18,-3.870755e-18,8.520800e-18,7.210566e-18,-6.712532e+00,7.176959e+00,7.092557e+00
1.586000e-10,4.384572e-18,-2.903066e-18,7.493166e-18,8.238200e-18,-6.712532e+00,7.176959e+00,7.092557e+00
1.587000e-10,4.384572e-18,-2.021014e-18,6.499786e-18,9.214453e-18,-6.712532e+00,7.176959e+00,7.092557e+00
1.588000e-10,4.384572e-18,-1.541451e-18,5.497843e-18,1.016501e-17,-6.712532e+00,7.176959e+00,7.092557e+00
1.589000e-10,4.384572e-18,-1.515760e-18,4.461645e-18,1.105563e-17,-6.712532e+00,7.176959e+00,7.092557e+00
1.590000e-10,4.384572e-18,-1.704160e-18,3.502520e-18,1.189487e-17,-6.712532e+00,7.176959e+00,7.092557e+00
1.591000e-10,4.384572e-18,-2.098086e-18,2.851685e-18,1.266559e-17,-6.712532e+00,7.176959e+00,7.092557e+00
1.592000e-10,4.384572e-18,-2.474886e-18,2.363559e-18,1.308521e-17,-6.712532e+00,7.176959e+00,7.092557e+00
1.593000e-10,8.769145e-18,-2.757485e-18,1.943941e-18,1.317084e-17,-6.712532e+00,7.176959e+00,7.092557e+00
1.594000e-10,8.769145e-18,-3.005830e-18,1.712724e-18,1.269128e-17,-6.712532e+00,7.176959e+00,7.092557e+00
1.595000e-10,1.096143e-17,-3.228484e-18,1.764105e-18,1.167221e-17,-6.712532e+00,7.176959e+00,7.092557e+00
1.596000e-10,1.315372e-17,-3.434011e-18,1.978196e-18,1.012220e-17,-6.712532e+00,7.176959e+00,7.092557e+00
1.597000e-10,8.769145e-18,-3.630974e-18,2.372122e-18,8.169692e-18,-6.712532e+00,7.176959e+00,7.092557e+00
1.598000e-10,4.384572e-18,-3.827937e-18,2.834558e-18,5.951714e-18,-6.712532e+00,7.176959e+00,7.092557e+00
1.599000e-10,4.384572e-18,-4.024900e-18,3.305557e-18,3.896446e-18,-6.712532e+00,7.176959e+00,7.092557e+00
1.600000e-10,2.192286e-18,-4.230427e-18,3.785119e-18,1.961069e-18,-6.712532e+00,7.176959e+00,7.092557e+00
1.601000e-10,4.384572e-18,-4.427390e-18,4.256118e-18,5.994533e-20,-6.712532e+00,7.176959e+00,7.092557e+00
1.602000e-10,4.384572e-18,-4.624354e-18,4.727117e-18,-1.789796e-18,-6.712532e+00,7.176959e+00,7.092557e+00
1.603000e-10,4.384572e-18,-4.821317e-18,5.180989e-18,-3.571029e-18,-6.712532e+00,7.176959e+00,7.092557e+00
1.604000e-10,4.384572e-18,-5.018280e-18,5.549224e-18,-5.112480e-18,-6.712532e+00,7.176959e+00,7.092557e+00
1.605000e-10,0.000000e+00,-5.206680e-18,5.797569e-18,-6.131550e-18,-6.712532e+00,7.176959e+00,7.092557e+00
1.606000e-10,0.000000e+00,-5.403643e-18,5.823260e-18,-6.542604e-18,-6.712532e+00,7.176959e+00,7.092557e+00
1.607000e-10,-4.384572e-18,-5.609170e-18,5.780442e-18,-6.534040e-18,-6.712532e+00,7.176959e+00,7.092557e+00
1.608000e-10,-4.384572e-18,-5.823260e-18,5.694806e-18,-6.105860e-18,-6.712532e+00,7.176959e+00,7.092557e+00
1.609000e-10,-6.576859e-18,-6.028787e-18,5.437897e-18,-5.198116e-18,-6.712532e+00,7.176959e+00,7.092557e+00
1.610000e-10,-4.384572e-18,-6.277132e-18,4.847008e-18,-3.862192e-18,-6.712532e+00,7.176959e+00,7.092557e+00
1.611000e-10,0.000000e+00,-6.542604e-18,4.033464e-18,-2.055268e-18,-6.712532e+00,7.176959e+00,7.092557e+00
1.612000e-10,-4.384572e-18,-6.696749e-18,3.228484e-18,-8.563618e-20,-6.712532e+00,7.176959e+00,7.092557e+00
1.613000e-10,2.192286e-18,-6.790949e-18,2.663285e-18,1.943941e-18,-6.712532e+00,7.176959e+00,7.092557e+00
1.614000e-10,0.000000e+00,-6.859458e-18,2.226541e-18,3.922137e-18,-6.712532e+00,7.176959e+00,7.092557e+00
1.615000e-10,0.000000e+00,-6.919403e-18,1.901123e-18,5.866078e-18,-6.712532e+00,7.176959e+00,7.092557e+00
1.616000e-10,4.384572e-18,-6.893712e-18,1.755542e-18,7.544547e-18,-6.712532e+00,7.176959e+00,7.092557e+00
1.617000e-10,4.384572e-18,-6.808076e-18,1.678469e-18,8.537927e-18,-6.712532e+00,7.176959e+00,7.092557e+00
1.618000e-10,8.769145e-18,-6.568295e-18,1.618524e-18,8.948981e-18,-6.712532e+00,7.176959e+00,7.092557e+00
1.619000e-10,4.384572e-18,-6.294259e-18,1.704160e-18,9.051744e-18,-6.712532e+00,7.176959e+00,7.092557e+00
1.620000e-10,1.096143e-17,-6.071605e-18,1.841178e-18,8.503673e-18,-6.712532e+00,7.176959e+00,7.092557e+00
1.621000e-10,8.769145e-18,-5.866078e-18,2.072396e-18,7.287639e-18,-6.712532e+00,7.176959e+00,7.092557e+00
1.622000e-10,4.384572e-18,-5.669115e-18,2.483449e-18,5.660551e-18,-6.712532e+00,7.176959e+00,7.092557e+00
1.623000e-10,4.384572e-18,-5.480715e-18,2.945885e-18,3.579592e-18,-6.712532e+00,7.176959e+00,7.092557e+00
1.624000e-10,2.192286e-18,-5.292316e-18,3.416884e-18,1.635651e-18,-6.712532e+00,7.176959e+00,7.092557e+00
1.625000e-10,4.384572e-18,-5.103916e-18,3.879319e-18,-2.654722e-19,-6.712532e+00,7.176959e+00,7.092557e+00
1.626000e-10,4.384572e-18,-4.915517e-18,4.350318e-18,-2.132341e-18,-6.712532e+00,7.176959e+00,7.092557e+00
1.627000e-10,4.384572e-18,-4.735681e-18,4.812753e-18,-3.905010e-18,-6.712532e+00,7.176959e+00,7.092557e+00
1.628000e-10,4.384572e-18,-4.555845e-18,5.189552e-18,-5.455025e-18,-6.712532e+00,7.176959e+00,7.092557e+00
1.629000e-10,0.000000e+00,-4.376009e-18,5.446461e-18,-6.422713e-18,-6.712532e+00,7.176959e+00,7.092557e+00
1.630000e-10,0.000000e+00,-4.213300e-18,5.472152e-18,-6.816640e-18,-6.712532e+00,7.176959e+00,7.092557e+00
1.631000e-10,-4.384572e-18,-4.059155e-18,5.412207e-18,-6.808076e-18,-6.712532e+00,7.176959e+00,7.092557e+00
1.632000e-10,-4.384572e-18,-3.905010e-18,5.335134e-18,-6.311386e-18,-6.712532e+00,7.176959e+00,7.092557e+00
1.633000e-10,-6.576859e-18,-3.750865e-18,5.086789e-18,-5.386516e-18,-6.712532e+00,7.176959e+00,7.092557e+00
1.634000e-10,-4.384572e-18,-3.639538e-18,4.495899e-18,-4.050591e-18,-6.712532e+00,7.176959e+00,7.092557e+00
1.635000e-10,0.000000e+00,-3.545338e-18,3.682356e-18,-2.243668e-18,-6.712532e+00,7.176959e+00,7.092557e+00
1.636000e-10,-4.384572e-18,-3.425447e-18,2.877376e-18,-2.911630e-19,-6.712532e+00,7.176959e+00,7.092557e+00
1.637000e-10,2.192286e-18,-3.271302e-18,2.346431e-18,1.729851e-18,-6.712532e+00,7.176959e+00,7.092557e+00
1.638000e-10,0.000000e+00,-3.108593e-18,1.969632e-18,3.708047e-18,-6.712532e+00,7.176959e+00,7.092557e+00
1.639000e-10,0.000000e+00,-2.945885e-18,1.661342e-18,5.660551e-18,-6.712532e+00,7.176959e+00,7.092557e+00
1.640000e-10,4.384572e-18,-2.783176e-18,1.524324e-18,7.356148e-18,-6.712532e+00,7.176959e+00,7.092557e+00
1.641000e-10,4.384572e-18,-2.620467e-18,1.447251e-18,8.366655e-18,-6.712532e+00,7.176959e+00,7.092557e+00
1.642000e-10,8.769145e-18,-2.457758e-18,1.395870e-18,8.786272e-18,-6.712532e+00,7.176959e+00,7.092557e+00
1.643000e-10,4.384572e-18,-2.440631e-18,1.464379e-18,8.889035e-18,-6.712532e+00,7.176959e+00,7.092557e+00
1.644000e-10,1.096143e-17,-2.320740e-18,1.601397e-18,8.340964e-18,-6.712532e+00,7.176959e+00,7.092557e+00
1.645000e-10,8.769145e-18,-2.397813e-18,1.815487e-18,7.107803e-18,-6.712532e+00,7.176959e+00,7.092557e+00
1.646000e-10,4.384572e-18,-2.329304e-18,2.046705e-18,5.497843e-18,-6.712532e+00,7.176959e+00,7.092557e+00
1.647000e-10,4.384572e-18,-2.380686e-18,2.217977e-18,3.442574e-18,-6.712532e+00,7.176959e+00,7.092557e+00
1.648000e-10,2.192286e-18,-2.517704e-18,2.380686e-18,1.532888e-18,-6.712532e+00,7.176959e+00,7.092557e+00
1.649000e-10,4.384572e-18,-2.534831e-18,2.543395e-18,-3.254175e-19,-6.712532e+00,7.176959e+00,7.092557e+00
1.650000e-10,4.384572e-18,-2.509140e-18,2.706103e-18,-2.158032e-18,-6.712532e+00,7.176959e+00,7.092557e+00
1.651000e-10,4.384572e-18,-2.474886e-18,2.860248e-18,-3.905010e-18,-6.712532e+00,7.176959e+00,7.092557e+00
1.652000e-10,4.384572e-18,-2.414940e-18,3.031521e-18,-5.437897e-18,-6.712532e+00,7.176959e+00,7.092557e+00
1.653000e-10,0.000000e+00,-2.457758e-18,3.399756e-18,-6.431277e-18,-6.712532e+00,7.176959e+00,7.092557e+00
1.654000e-10,0.000000e+00,-2.723231e-18,4.136227e-18,-6.799513e-18,-6.712532e+00,7.176959e+00,7.092557e+00
1.655000e-10,-4.384572e-18,-2.988703e-18,5.249498e-18,-6.628240e-18,-6.712532e+00,7.176959e+00,7.092557e+00
1.656000e-10,-4.384572e-18,-3.245611e-18,6.388459e-18,-5.977405e-18,-6.712532e+00,7.176959e+00,7.092557e+00
1.657000e-10,-6.576859e-18,-3.571029e-18,7.236257e-18,-4.752808e-18,-6.712532e+00,7.176959e+00,7.092557e+00
1.658000e-10,-8.769145e-18,-3.845064e-18,7.947037e-18,-2.971575e-18,-6.712532e+00,7.176959e+00,7.092557e+00
1.659000e-10,-4.384572e-18,-4.101973e-18,8.529363e-18,-7.535984e-19,-6.712532e+00,7.176959e+00,7.092557e+00
1.660000e-10,-4.384572e-18,-4.350318e-18,9.060308e-18,1.849741e-18,-6.712532e+00,7.176959e+00,7.092557e+00
1.661000e-10,0.000000e+00,-4.675735e-18,9.385725e-18,4.761372e-18,-6.712532e+00,7.176959e+00,7.092557e+00
1.662000e-10,0.000000e+00,-5.009716e-18,9.437107e-18,7.493166e-18,-6.712532e+00,7.176959e+00,7.092557e+00
1.663000e-10,6.576859e-18,-5.574915e-18,9.043181e-18,9.916670e-18,-6.712532e+00,7.176959e+00,7.092557e+00
1.664000e-10,4.384572e-18,-6.337077e-18,8.298146e-18,1.186917e-17,-6.712532e+00,7.176959e+00,7.092557e+00
1.665000e-10,8.769145e-18,-6.893712e-18,7.364711e-18,1.333355e-17,-6.712532e+00,7.176959e+00,7.092557e+00
1.666000e-10,8.769145e-18,-7.124930e-18,6.311386e-18,1.410428e-17,-6.712532e+00,7.176959e+00,7.092557e+00
1.667000e-10,1.096143e-17,-6.739567e-18,5.078225e-18,1.430981e-17,-6.712532e+00,7.176959e+00,7.092557e+00
1.668000e-10,8.769145e-18,-5.806133e-18,4.084846e-18,1.365041e-17,-6.712532e+00,7.176959e+00,7.092557e+00
1.669000e-10,1.315372e-17,-4.769935e-18,3.425447e-18,1.223741e-17,-6.712532e+00,7.176959e+00,7.092557e+00
1.670000e-10,8.769145e-18,-3.716610e-18,3.057212e-18,1.024209e-17,-6.712532e+00,7.176959e+00,7.092557e+00
1.671000e-10,8.769145e-18,-2.654722e-18,2.731794e-18,7.861401e-18,-6.712532e+00,7.176959e+00,7.092557e+00
1.672000e-10,0.000000e+00,-1.806923e-18,2.406377e-18,5.574915e-18,-6.712532e+00,7.176959e+00,7.092557e+00
1.673000e-10,4.384572e-18,-1.036198e-18,2.158032e-18,3.468265e-18,-6.712532e+00,7.176959e+00,7.092557e+00
1.674000e-10,4.384572e-18,-2.911630e-19,1.926814e-18,1.438688e-18,-6.712532e+00,7.176959e+00,7.092557e+00
1.675000e-10,4.384572e-18,4.281809e-19,1.704160e-18,-5.566352e-19,-6.712532e+00,7.176959e+00,7.092557e+00
1.676000e-10,4.384572e-18,1.147525e-18,1.481506e-18,-2.466322e-18,-6.712532e+00,7.176959e+00,7.092557e+00
1.677000e-10,4.384572e-18,1.858305e-18,1.173216e-18,-4.127664e-18,-6.712532e+00,7.176959e+00,7.092557e+00
1.678000e-10,0.000000e+00,2.389249e-18,7.450348e-19,-5.103916e-18,-6.712532e+00,7.176959e+00,7.092557e+00
1.679000e-10,0.000000e+00,2.603340e-18,2.654722e-19,-5.523534e-18,-6.712532e+00,7.176959e+00,7.092557e+00
1.680000e-10,-4.384572e-18,2.534831e-18,-7.707256e-20,-5.574915e-18,-6.712532e+00,7.176959e+00,7.092557e+00
1.681000e-10,-4.384572e-18,1.798360e-18,5.138171e-20,-5.240934e-18,-6.712532e+00,7.176959e+00,7.092557e+00
1.682000e-10,-6.576859e-18,5.737624e-19,4.966898e-19,-4.487336e-18,-6.712532e+00,7.176959e+00,7.092557e+00
1.683000e-10,-4.384572e-18,-8.820526e-19,1.301670e-18,-3.408320e-18,-6.712532e+00,7.176959e+00,7.092557e+00
1.684000e-10,0.000000e+00,-2.723231e-18,2.055268e-18,-1.926814e-18,-6.712532e+00,7.176959e+00,7.092557e+00
1.685000e-10,0.000000e+00,-4.615790e-18,2.791739e-18,-5.480715e-19,-6.712532e+00,7.176959e+00,7.092557e+00
1.686000e-10,6.576859e-18,-6.242877e-18,3.528211e-18,7.878528e-19,-6.712532e+00,7.176959e+00,7.092557e+00
1.687000e-10,4.384572e-18,-7.227694e-18,4.333191e-18,2.115214e-18,-6.712532e+00,7.176959e+00,7.092557e+00
1.688000e-10,4.384572e-18,-7.476038e-18,5.121044e-18,3.408320e-18,-6.712532e+00,7.176959e+00,7.092557e+00
1.689000e-10,4.384572e-18,-7.064985e-18,5.951714e-18,4.675735e-18,-6.712532e+00,7.176959e+00,7.092557e+00
1.690000e-10,4.384572e-18,-5.960278e-18,6.713876e-18,5.780442e-18,-6.712532e+00,7.176959e+00,7.092557e+00
1.691000e-10,4.384572e-18,-4.273245e-18,7.202003e-18,6.808076e-18,-6.712532e+00,7.176959e+00,7.092557e+00
1.692000e-10,4.384572e-18,-2.055268e-18,7.236257e-18,7.861401e-18,-6.712532e+00,7.176959e+00,7.092557e+00
1.693000e-10,4.384572e-18,2.055268e-19,7.124930e-18,8.914726e-18,-6.712532e+00,7.176959e+00,7.092557e+00
1.694000e-10,4.384572e-18,2.140904e-18,6.962221e-18,9.959488e-18,-6.712532e+00,7.176959e+00,7.092557e+00
1.695000e-10,4.384572e-18,3.742301e-18,6.748131e-18,1.073878e-17,-6.712532e+00,7.176959e+00,7.092557e+00
1.696000e-10,8.769145e-18,4.898389e-18,6.688186e-18,1.084154e-17,-6.712532e+00,7.176959e+00,7.092557e+00
1.697000e-10,8.769145e-18,5.583479e-18,6.576859e-18,1.030203e-17,-6.712532e+00,7.176959e+00,7.092557e+00
1.698000e-10,1.534600e-17,5.532097e-18,6.508350e-18,8.948981e-18,-6.712532e+00,7.176959e+00,7.092557e+00
1.699000e-10,8.769145e-18,4.667172e-18,6.448404e-18,7.090676e-18,-6.712532e+00,7.176959e+00,7.092557e+00
1.700000e-10,4.384572e-18,3.382629e-18,6.362768e-18,4.949771e-18,-6.712532e+00,7.176959e+00,7.092557e+00
1.701000e-10,4.384572e-18,1.815487e-18,6.260005e-18,2.937321e-18,-6.712532e+00,7.176959e+00,7.092557e+00
1.702000e-10,2.192286e-18,-8.563618e-20,6.131550e-18,1.027634e-18,-6.712532e+00,7.176959e+00,7.092557e+00
1.703000e-10,4.384572e-18,-2.209413e-18,5.960278e-18,-8.306709e-19,-6.712532e+00,7.176959e+00,7.092557e+00
1.704000e-10,4.384572e-18,-4.401700e-18,5.789006e-18,-2.586213e-18,-6.712532e+00,7.176959e+00,7.092557e+00
1.705000e-10,4.384572e-18,-6.422713e-18,5.549224e-18,-4.256118e-18,-6.712532e+00,7.176959e+00,7.092557e+00
1.706000e-10,4.384572e-18,-7.912783e-18,5.352261e-18,-5.617733e-18,-6.712532e+00,7.176959e+00,7.092557e+00
1.707000e-10,4.384572e-18,-8.803399e-18,5.223807e-18,-6.731004e-18,-6.712532e+00,7.176959e+00,7.092557e+00
1.708000e-10,4.384572e-18,-9.008926e-18,5.172425e-18,-7.758638e-18,-6.712532e+00,7.176959e+00,7.092557e+00
1.709000e-10,0.000000e+00,-8.435164e-18,5.112480e-18,-8.563618e-18,-6.712532e+00,7.176959e+00,7.092557e+00
1.710000e-10,-4.384572e-18,-7.527420e-18,5.095353e-18,-8.726327e-18,-6.712532e+00,7.176959e+00,7.092557e+00
1.711000e-10,-4.384572e-18,-6.200059e-18,4.975462e-18,-8.024110e-18,-6.712532e+00,7.176959e+00,7.092557e+00
1.712000e-10,-6.576859e-18,-4.453081e-18,4.864135e-18,-6.345641e-18,-6.712532e+00,7.176959e+00,7.092557e+00
1.713000e-10,-8.769145e-18,-2.611903e-18,4.555845e-18,-4.127664e-18,-6.712532e+00,7.176959e+00,7.092557e+00
1.714000e-10,-4.384572e-18,-5.908896e-19,4.016337e-18,-1.661342e-18,-6.712532e+00,7.176959e+00,7.092557e+00
1.715000e-10,0.000000e+00,1.207470e-18,3.168539e-18,7.535984e-19,-6.712532e+00,7.176959e+00,7.092557e+00
1.716000e-10,0.000000e+00,2.483449e-18,2.534831e-18,2.894503e-18,-6.712532e+00,7.176959e+00,7.092557e+00
1.717000e-10,2.192286e-18,3.374065e-18,2.166595e-18,4.769935e-18,-6.712532e+00,7.176959e+00,7.092557e+00
1.718000e-10,0.000000e+00,3.742301e-18,1.875432e-18,6.542604e-18,-6.712532e+00,7.176959e+00,7.092557e+00
1.719000e-10,0.000000e+00,3.690919e-18,1.592833e-18,8.212510e-18,-6.712532e+00,7.176959e+00,7.092557e+00
1.720000e-10,0.000000e+00,2.954448e-18,1.250288e-18,9.839597e-18,-6.712532e+00,7.176959e+00,7.092557e+00
1.721000e-10,4.384572e-18,1.601397e-18,9.762524e-19,1.119265e-17,-6.712532e+00,7.176959e+00,7.092557e+00
1.722000e-10,4.384572e-18,-3.425447e-20,7.193439e-19,1.185205e-17,-6.712532e+00,7.176959e+00,7.092557e+00
1.723000e-10,8.769145e-18,-1.592833e-18,4.966898e-19,1.193768e-17,-6.712532e+00,7.176959e+00,7.092557e+00
1.724000e-10,8.769145e-18,-2.894503e-18,4.795626e-19,1.142387e-17,-6.712532e+00,7.176959e+00,7.092557e+00
1.725000e-10,1.096143e-17,-3.836501e-18,5.737624e-19,1.045618e-17,-6.712532e+00,7.176959e+00,7.092557e+00
1.726000e-10,1.315372e-17,-4.136227e-18,8.135437e-19,8.931854e-18,-6.712532e+00,7.176959e+00,7.092557e+00
1.727000e-10,8.769145e-18,-4.247554e-18,1.284543e-18,6.996476e-18,-6.712532e+00,7.176959e+00,7.092557e+00
1.728000e-10,4.384572e-18,-4.161918e-18,1.815487e-18,4.795626e-18,-6.712532e+00,7.176959e+00,7.092557e+00
1.729000e-10,4.384572e-18,-3.956391e-18,2.303613e-18,2.748921e-18,-6.712532e+00,7.176959e+00,7.092557e+00
1.730000e-10,2.192286e-18,-3.767992e-18,2.791739e-18,8.221073e-19,-6.712532e+00,7.176959e+00,7.092557e+00
1.731000e-10,4.384572e-18,-3.588156e-18,3.271302e-18,-1.061889e-18,-6.712532e+00,7.176959e+00,7.092557e+00
1.732000e-10,4.384572e-18,-3.408320e-18,3.742301e-18,-2.851685e-18,-6.712532e+00,7.176959e+00,7.092557e+00
1.733000e-10,4.384572e-18,-3.237048e-18,4.127664e-18,-4.410263e-18,-6.712532e+00,7.176959e+00,7.092557e+00
1.734000e-10,0.000000e+00,-3.082902e-18,4.590099e-18,-5.472152e-18,-6.712532e+00,7.176959e+00,7.092557e+00
1.735000e-10,0.000000e+00,-3.074339e-18,5.189552e-18,-6.045914e-18,-6.712532e+00,7.176959e+00,7.092557e+00
1.736000e-10,-4.384572e-18,-3.040084e-18,5.771878e-18,-6.225750e-18,-6.712532e+00,7.176959e+00,7.092557e+00
1.737000e-10,-4.384572e-18,-2.997266e-18,6.354205e-18,-5.926024e-18,-6.712532e+00,7.176959e+00,7.092557e+00
1.738000e-10,-6.576859e-18,-2.945885e-18,6.705313e-18,-5.129607e-18,-6.712532e+00,7.176959e+00,7.092557e+00
1.739000e-10,-4.384572e-18,-2.903066e-18,6.987912e-18,-3.956391e-18,-6.712532e+00,7.176959e+00,7.092557e+00
1.740000e-10,0.000000e+00,-2.860248e-18,7.244821e-18,-2.312177e-18,-6.712532e+00,7.176959e+00,7.092557e+00
1.741000e-10,-4.384572e-18,-2.808867e-18,7.330457e-18,-4.795626e-19,-6.712532e+00,7.176959e+00,7.092557e+00
1.742000e-10,2.192286e-18,-2.766049e-18,7.287639e-18,1.635651e-18,-6.712532e+00,7.176959e+00,7.092557e+00
1.743000e-10,0.000000e+00,-2.723231e-18,7.193439e-18,3.870755e-18,-6.712532e+00,7.176959e+00,7.092557e+00
1.744000e-10,0.000000e+00,-2.680412e-18,7.090676e-18,6.148678e-18,-6.712532e+00,7.176959e+00,7.092557e+00
1.745000e-10,0.000000e+00,-2.637594e-18,6.979349e-18,8.366655e-18,-6.712532e+00,7.176959e+00,7.092557e+00
1.746000e-10,0.000000e+00,-2.586213e-18,6.868022e-18,1.055038e-17,-6.712532e+00,7.176959e+00,7.092557e+00
1.747000e-10,0.000000e+00,-2.543395e-18,6.825203e-18,1.248575e-17,-6.712532e+00,7.176959e+00,7.092557e+00
1.748000e-10,4.384572e-18,-2.500576e-18,6.970785e-18,1.399295e-17,-6.712532e+00,7.176959e+00,7.092557e+00
1.749000e-10,4.384572e-18,-2.449195e-18,7.193439e-18,1.477224e-17,-6.712532e+00,7.176959e+00,7.092557e+00
1.750000e-10,8.769145e-18,-2.397813e-18,7.578802e-18,1.476368e-17,-6.712532e+00,7.176959e+00,7.092557e+00
1.751000e-10,8.769145e-18,-2.449195e-18,7.998419e-18,1.384737e-17,-6.712532e+00,7.176959e+00,7.092557e+00
1.752000e-10,1.534600e-17,-2.800303e-18,8.298146e-18,1.211752e-17,-6.712532e+00,7.176959e+00,7.092557e+00
1.753000e-10,8.769145e-18,-3.262738e-18,8.144001e-18,1.009651e-17,-6.712532e+00,7.176959e+00,7.092557e+00
1.754000e-10,8.769145e-18,-3.819374e-18,7.553111e-18,7.741511e-18,-6.712532e+00,7.176959e+00,7.092557e+00
1.755000e-10,4.384572e-18,-4.401700e-18,6.585422e-18,5.540661e-18,-6.712532e+00,7.176959e+00,7.092557e+00
1.756000e-10,8.769145e-18,-5.232371e-18,5.480715e-18,3.545338e-18,-6.712532e+00,7.176959e+00,7.092557e+00
1.757000e-10,2.192286e-18,-5.926024e-18,4.350318e-18,1.832614e-18,-6.712532e+00,7.176959e+00,7.092557e+00
1.758000e-10,0.000000e+00,-6.568295e-18,3.211357e-18,1.712724e-19,-6.712532e+00,7.176959e+00,7.092557e+00
1.759000e-10,0.000000e+00,-6.970785e-18,2.149468e-18,-1.472942e-18,-6.712532e+00,7.176959e+00,7.092557e+00
1.760000e-10,0.000000e+00,-7.030730e-18,1.156088e-18,-3.040084e-18,-6.712532e+00,7.176959e+00,7.092557e+00
1.761000e-10,0.000000e+00,-6.816640e-18,2.055268e-19,-4.572972e-18,-6.712532e+00,7.176959e+00,7.092557e+00
1.762000e-10,0.000000e+00,-6.311386e-18,-5.138171e-19,-6.131550e-18,-6.712532e+00,7.176959e+00,7.092557e+00
1.763000e-10,0.000000e+00,-5.275189e-18,-5.908896e-19,-7.570238e-18,-6.712532e+00,7.176959e+00,7.092557e+00
1.764000e-10,0.000000e+00,-3.870755e-18,-3.254175e-19,-8.615000e-18,-6.712532e+00,7.176959e+00,7.092557e+00
1.765000e-10,-4.384572e-18,-2.183723e-18,-6.850894e-20,-8.991799e-18,-6.712532e+00,7.176959e+00,7.092557e+00
1.766000e-10,-8.769145e-18,-4.709990e-19,5.138171e-20,-8.418036e-18,-6.712532e+00,7.176959e+00,7.092557e+00
1.767000e-10,-6.576859e-18,1.130398e-18,1.284543e-19,-6.825203e-18,-6.712532e+00,7.176959e+00,7.092557e+00
1.768000e-10,-6.576859e-18,2.466322e-18,1.712724e-19,-4.804190e-18,-6.712532e+00,7.176959e+00,7.092557e+00
1.769000e-10,-2.192286e-18,3.742301e-18,2.483449e-19,-2.611903e-18,-6.712532e+00,7.176959e+00,7.092557e+00
1.770000e-10,-6.576859e-18,4.675735e-18,3.939264e-19,-3.596720e-19,-6.712532e+00,7.176959e+00,7.092557e+00
1.771000e-10,0.000000e+00,5.480715e-18,5.651988e-19,1.746978e-18,-6.712532e+00,7.176959e+00,7.092557e+00
1.772000e-10,0.000000e+00,6.234314e-18,7.450348e-19,3.733737e-18,-6.712532e+00,7.176959e+00,7.092557e+00
1.773000e-10,2.192286e-18,6.825203e-18,9.334344e-19,5.514970e-18,-6.712532e+00,7.176959e+00,7.092557e+00
1.774000e-10,0.000000e+00,6.953658e-18,1.113270e-18,7.150621e-18,-6.712532e+00,7.176959e+00,7.092557e+00
1.775000e-10,0.000000e+00,6.405586e-18,1.524324e-18,8.666381e-18,-6.712532e+00,7.176959e+00,7.092557e+00
1.776000e-10,0.000000e+00,5.557788e-18,2.158032e-18,1.012220e-17,-6.712532e+00,7.176959e+00,7.092557e+00
1.777000e-10,4.384572e-18,4.230427e-18,2.954448e-18,1.128685e-17,-6.712532e+00,7.176959e+00,7.092557e+00
1.778000e-10,4.384572e-18,2.337868e-18,3.742301e-18,1.174928e-17,-6.712532e+00,7.176959e+00,7.092557e+00
1.779000e-10,8.769145e-18,8.563618e-21,4.624354e-18,1.133823e-17,-6.712532e+00,7.176959e+00,7.092557e+00
1.780000e-10,1.315372e-17,-2.423504e-18,5.420770e-18,1.021640e-17,-6.712532e+00,7.176959e+00,7.092557e+00
1.781000e-10,6.576859e-18,-4.752808e-18,6.277132e-18,8.700636e-18,-6.712532e+00,7.176959e+00,7.092557e+00
1.782000e-10,1.534600e-17,-6.773822e-18,7.090676e-18,6.713876e-18,-6.712532e+00,7.176959e+00,7.092557e+00
1.783000e-10,8.769145e-18,-8.606436e-18,7.981292e-18,4.530154e-18,-6.712532e+00,7.176959e+00,7.092557e+00
1.784000e-10,4.384572e-18,-1.010507e-17,8.931854e-18,2.158032e-18,-6.712532e+00,7.176959e+00,7.092557e+00
1.785000e-10,4.384572e-18,-1.114127e-17,9.736834e-18,-1.883996e-19,-6.712532e+00,7.176959e+00,7.092557e+00
1.786000e-10,2.192286e-18,-1.138961e-17,1.007081e-17,-2.183723e-18,-6.712532e+00,7.176959e+00,7.092557e+00
1.787000e-10,4.384572e-18,-1.111558e-17,9.865288e-18,-3.827937e-18,-6.712532e+00,7.176959e+00,7.092557e+00
1.788000e-10,0.000000e+00,-1.062745e-17,9.180198e-18,-4.787062e-18,-6.712532e+00,7.176959e+00,7.092557e+00
1.789000e-10,0.000000e+00,-9.599816e-18,8.349527e-18,-5.172425e-18,-6.712532e+00,7.176959e+00,7.092557e+00
1.790000e-10,-4.384572e-18,-8.298146e-18,7.535984e-18,-4.847008e-18,-6.712532e+00,7.176959e+00,7.092557e+00
1.791000e-10,-4.384572e-18,-6.876585e-18,6.619677e-18,-3.930701e-18,-6.712532e+00,7.176959e+00,7.092557e+00
1.792000e-10,-6.576859e-18,-5.266625e-18,5.737624e-18,-2.646158e-18,-6.712532e+00,7.176959e+00,7.092557e+00
1.793000e-10,-4.384572e-18,-3.665228e-18,4.906953e-18,-1.490070e-18,-6.712532e+00,7.176959e+00,7.092557e+00
1.794000e-10,0.000000e+00,-1.806923e-18,4.144791e-18,-3.767992e-19,-6.712532e+00,7.176959e+00,7.092557e+00
1.795000e-10,0.000000e+00,1.969632e-19,3.408320e-18,5.651988e-19,-6.712532e+00,7.176959e+00,7.092557e+00
1.796000e-10,6.576859e-18,2.063832e-18,2.731794e-18,1.430124e-18,-6.712532e+00,7.176959e+00,7.092557e+00
1.797000e-10,4.384572e-18,3.519647e-18,2.397813e-18,2.158032e-18,-6.712532e+00,7.176959e+00,7.092557e+00
1.798000e-10,4.384572e-18,4.607226e-18,2.354995e-18,2.825994e-18,-6.712532e+00,7.176959e+00,7.092557e+00
1.799000e-10,4.384572e-18,5.420770e-18,2.329304e-18,3.442574e-18,-6.712532e+00,7.176959e+00,7.092557e+00
1.800000e-10,4.384572e-18,5.754751e-18,2.260795e-18,4.059155e-18,-6.712532e+00,7.176959e+00,7.092557e+00
1.801000e-10,4.384572e-18,5.677679e-18,2.192286e-18,4.667172e-18,-6.712532e+00,7.176959e+00,7.092557e+00
1.802000e-10,4.384572e-18,4.932644e-18,2.055268e-18,5.275189e-18,-6.712532e+00,7.176959e+00,7.092557e+00
1.803000e-10,4.384572e-18,3.476829e-18,1.849741e-18,5.857515e-18,-6.712532e+00,7.176959e+00,7.092557e+00
1.804000e-10,4.384572e-18,1.781233e-18,1.609960e-18,6.439841e-18,-6.712532e+00,7.176959e+00,7.092557e+00
1.805000e-10,4.384572e-18,6.850894e-20,1.344488e-18,6.970785e-18,-6.712532e+00,7.176959e+00,7.092557e+00
1.806000e-10,4.384572e-18,-1.395870e-18,1.070452e-18,7.467475e-18,-6.712532e+00,7.176959e+00,7.092557e+00
1.807000e-10,4.384572e-18,-2.697540e-18,7.964165e-19,7.955601e-18,-6.712532e+00,7.176959e+00,7.092557e+00
1.808000e-10,4.384572e-18,-3.905010e-18,5.480715e-19,8.443727e-18,-6.712532e+00,7.176959e+00,7.092557e+00
1.809000e-10,4.384572e-18,-5.078225e-18,3.082902e-19,8.923290e-18,-6.712532e+00,7.176959e+00,7.092557e+00
1.810000e-10,4.384572e-18,-6.234314e-18,5.994533e-20,9.394289e-18,-6.712532e+00,7.176959e+00,7.092557e+00
1.811000e-10,4.384572e-18,-7.219130e-18,-1.541451e-19,9.873851e-18,-6.712532e+00,7.176959e+00,7.092557e+00
1.812000e-10,8.769145e-18,-7.827147e-18,-3.168539e-19,1.017358e-17,-6.712532e+00,7.176959e+00,7.092557e+00
1.813000e-10,4.384572e-18,-7.989856e-18,-2.654722e-19,1.023352e-17,-6.712532e+00,7.176959e+00,7.092557e+00
1.814000e-10,1.096143e-17,-7.518857e-18,-8.563618e-20,9.668325e-18,-6.712532e+00,7.176959e+00,7.092557e+00
1.815000e-10,8.769145e-18,-6.294259e-18,2.312177e-19,8.452291e-18,-6.712532e+00,7.176959e+00,7.092557e+00
1.816000e-10,4.384572e-18,-4.470209e-18,6.593986e-19,6.773822e-18,-6.712532e+00,7.176959e+00,7.092557e+00
1.817000e-10,4.384572e-18,-2.354995e-18,1.070452e-18,4.709990e-18,-6.712532e+00,7.176959e+00,7.092557e+00
1.818000e-10,2.192286e-18,-5.138171e-20,1.490070e-18,2.748921e-18,-6.712532e+00,7.176959e+00,7.092557e+00
1.819000e-10,4.384572e-18,1.858305e-18,1.892560e-18,8.906163e-19,-6.712532e+00,7.176959e+00,7.092557e+00
1.820000e-10,4.384572e-18,3.493956e-18,2.286486e-18,-9.505616e-19,-6.712532e+00,7.176959e+00,7.092557e+00
1.821000e-10,4.384572e-18,4.692863e-18,2.654722e-18,-2.714667e-18,-6.712532e+00,7.176959e+00,7.092557e+00
1.822000e-10,4.384572e-18,5.540661e-18,3.014394e-18,-4.273245e-18,-6.712532e+00,7.176959e+00,7.092557e+00
1.823000e-10,0.000000e+00,5.994533e-18,3.528211e-18,-5.335134e-18,-6.712532e+00,7.176959e+00,7.092557e+00
1.824000e-10,0.000000e+00,6.037351e-18,4.358882e-18,-5.814697e-18,-6.712532e+00,7.176959e+00,7.092557e+00
1.825000e-10,-4.384572e-18,5.489279e-18,5.497843e-18,-5.746188e-18,-6.712532e+00,7.176959e+00,7.092557e+00
1.826000e-10,-4.384572e-18,4.264682e-18,6.491222e-18,-5.138171e-18,-6.712532e+00,7.176959e+00,7.092557e+00
1.827000e-10,-6.576859e-18,2.260795e-18,7.150621e-18,-3.930701e-18,-6.712532e+00,7.176959e+00,7.092557e+00
1.828000e-10,-4.384572e-18,-2.312177e-19,7.356148e-18,-2.286486e-18,-6.712532e+00,7.176959e+00,7.092557e+00
1.829000e-10,-4.384572e-18,-2.825994e-18,7.150621e-18,-2.997266e-19,-6.712532e+00,7.176959e+00,7.092557e+00
1.830000e-10,0.000000e+00,-5.300880e-18,6.542604e-18,1.746978e-18,-6.712532e+00,7.176959e+00,7.092557e+00
1.831000e-10,0.000000e+00,-7.339021e-18,5.626297e-18,3.776556e-18,-6.712532e+00,7.176959e+00,7.092557e+00
1.832000e-10,2.192286e-18,-8.880472e-18,4.358882e-18,5.540661e-18,-6.712532e+00,7.176959e+00,7.092557e+00
1.833000e-10,4.384572e-18,-1.013076e-17,3.031521e-18,6.850894e-18,-6.712532e+00,7.176959e+00,7.092557e+00
1.834000e-10,4.384572e-18,-1.066170e-17,1.738414e-18,7.869965e-18,-6.712532e+00,7.176959e+00,7.092557e+00
1.835000e-10,4.384572e-18,-1.073021e-17,5.395079e-19,8.846217e-18,-6.712532e+00,7.176959e+00,7.092557e+00
1.836000e-10,4.384572e-18,-1.022496e-17,-5.651988e-19,9.796779e-18,-6.712532e+00,7.176959e+00,7.092557e+00
1.837000e-10,4.384572e-18,-9.034617e-18,-1.387306e-18,1.069596e-17,-6.712532e+00,7.176959e+00,7.092557e+00
1.838000e-10,4.384572e-18,-7.107803e-18,-1.789796e-18,1.150094e-17,-6.712532e+00,7.176959e+00,7.092557e+00
1.839000e-10,4.384572e-18,-4.787062e-18,-1.875432e-18,1.194625e-17,-6.712532e+00,7.176959e+00,7.092557e+00
1.840000e-10,8.769145e-18,-2.577649e-18,-1.806923e-18,1.204901e-17,-6.712532e+00,7.176959e+00,7.092557e+00
1.841000e-10,8.769145e-18,-6.508350e-19,-1.575706e-18,1.156088e-17,-6.712532e+00,7.176959e+00,7.092557e+00
1.842000e-10,1.096143e-17,1.121834e-18,-1.275979e-18,1.061889e-17,-6.712532e+00,7.176959e+00,7.092557e+00
1.843000e-10,1.315372e-17,2.611903e-18,-8.820526e-19,9.145944e-18,-6.712532e+00,7.176959e+00,7.092557e+00
1.844000e-10,8.769145e-18,3.725174e-18,-3.682356e-19,7.219130e-18,-6.712532e+00,7.176959e+00,7.092557e+00
1.845000e-10,4.384572e-18,4.598663e-18,3.939264e-19,4.992589e-18,-6.712532e+00,7.176959e+00,7.092557e+00
1.846000e-10,4.384572e-18,5.386516e-18,1.327361e-18,2.911630e-18,-6.712532e+00,7.176959e+00,7.092557e+00
1.847000e-10,2.192286e-18,6.140114e-18,2.209413e-18,9.419980e-19,-6.712532e+00,7.176959e+00,7.092557e+00
1.848000e-10,4.384572e-18,6.722440e-18,3.065775e-18,-9.762524e-19,-6.712532e+00,7.176959e+00,7.092557e+00
1.849000e-10,4.384572e-18,6.850894e-18,3.939264e-18,-2.817430e-18,-6.712532e+00,7.176959e+00,7.092557e+00
1.850000e-10,4.384572e-18,6.200059e-18,4.641481e-18,-4.435954e-18,-6.712532e+00,7.176959e+00,7.092557e+00
1.851000e-10,0.000000e+00,4.881262e-18,5.163862e-18,-5.523534e-18,-6.712532e+00,7.176959e+00,7.092557e+00
1.852000e-10,0.000000e+00,2.868812e-18,5.540661e-18,-6.088732e-18,-6.712532e+00,7.176959e+00,7.092557e+00
1.853000e-10,-4.384572e-18,4.966898e-19,5.831824e-18,-6.260005e-18,-6.712532e+00,7.176959e+00,7.092557e+00
1.854000e-10,-4.384572e-18,-1.952505e-18,6.080169e-18,-5.943151e-18,-6.712532e+00,7.176959e+00,7.092557e+00
1.855000e-10,-6.576859e-18,-4.350318e-18,6.165805e-18,-5.146734e-18,-6.712532e+00,7.176959e+00,7.092557e+00
1.856000e-10,-4.384572e-18,-6.508350e-18,6.182932e-18,-3.973519e-18,-6.712532e+00,7.176959e+00,7.092557e+00
1.857000e-10,0.000000e+00,-8.118310e-18,6.217187e-18,-2.346431e-18,-6.712532e+00,7.176959e+00,7.092557e+00
1.858000e-10,-4.384572e-18,-9.154508e-18,6.157241e-18,-5.223807e-19,-6.712532e+00,7.176959e+00,7.092557e+00
1.859000e-10,2.192286e-18,-9.488489e-18,5.763315e-18,1.644215e-18,-6.712532e+00,7.176959e+00,7.092557e+00
1.860000e-10,0.000000e+00,-9.171635e-18,5.249498e-18,4.127664e-18,-6.712532e+00,7.176959e+00,7.092557e+00
1.861000e-10,0.000000e+00,-8.161128e-18,4.761372e-18,6.534040e-18,-6.712532e+00,7.176959e+00,7.092557e+00
1.862000e-10,0.000000e+00,-6.379895e-18,4.341754e-18,8.906163e-18,-6.712532e+00,7.176959e+00,7.092557e+00
1.863000e-10,0.000000e+00,-4.213300e-18,3.939264e-18,1.107276e-17,-6.712532e+00,7.176959e+00,7.092557e+00
1.864000e-10,4.384572e-18,-1.926814e-18,3.588156e-18,1.272554e-17,-6.712532e+00,7.176959e+00,7.092557e+00
1.865000e-10,4.384572e-18,4.881262e-19,3.271302e-18,1.396726e-17,-6.712532e+00,7.176959e+00,7.092557e+00
1.866000e-10,4.384572e-18,2.432067e-18,2.954448e-18,1.476368e-17,-6.712532e+00,7.176959e+00,7.092557e+00
1.867000e-10,8.769145e-18,4.076282e-18,2.834558e-18,1.484075e-17,-6.712532e+00,7.176959e+00,7.092557e+00
1.868000e-10,8.769145e-18,5.223807e-18,2.945885e-18,1.401008e-17,-6.712532e+00,7.176959e+00,7.092557e+00
1.869000e-10,1.534600e-17,6.054478e-18,3.314120e-18,1.245150e-17,-6.712532e+00,7.176959e+00,7.092557e+00
1.870000e-10,8.769145e-18,6.302823e-18,3.767992e-18,1.049043e-17,-6.712532e+00,7.176959e+00,7.092557e+00
1.871000e-10,4.384572e-18,6.191496e-18,4.238991e-18,8.203946e-18,-6.712532e+00,7.176959e+00,7.092557e+00
1.872000e-10,4.384572e-18,5.420770e-18,4.650045e-18,5.934587e-18,-6.712532e+00,7.176959e+00,7.092557e+00
1.873000e-10,2.192286e-18,3.964955e-18,4.966898e-18,3.862192e-18,-6.712532e+00,7.176959e+00,7.092557e+00
1.874000e-10,4.384572e-18,2.303613e-18,5.026844e-18,1.935378e-18,-6.712532e+00,7.176959e+00,7.092557e+00
1.875000e-10,4.384572e-18,5.052535e-19,5.001153e-18,6.850894e-20,-6.712532e+00,7.176959e+00,7.092557e+00
1.876000e-10,4.384572e-18,-1.327361e-18,4.941208e-18,-1.764105e-18,-6.712532e+00,7.176959e+00,7.092557e+00
1.877000e-10,4.384572e-18,-3.082902e-18,4.872699e-18,-3.511083e-18,-6.712532e+00,7.176959e+00,7.092557e+00
1.878000e-10,4.384572e-18,-4.718553e-18,4.735681e-18,-5.163862e-18,-6.712532e+00,7.176959e+00,7.092557e+00
1.879000e-10,4.384572e-18,-5.789006e-18,4.727117e-18,-6.474095e-18,-6.712532e+00,7.176959e+00,7.092557e+00
1.880000e-10,4.384572e-18,-6.165805e-18,4.692863e-18,-7.570238e-18,-6.712532e+00,7.176959e+00,7.092557e+00
1.881000e-10,0.000000e+00,-6.576859e-18,4.658608e-18,-8.426600e-18,-6.712532e+00,7.176959e+00,7.092557e+00
1.882000e-10,-4.384572e-18,-6.842331e-18,4.650045e-18,-8.623563e-18,-6.712532e+00,7.176959e+00,7.092557e+00
1.883000e-10,-4.384572e-18,-6.662495e-18,4.538718e-18,-7.964165e-18,-6.712532e+00,7.176959e+00,7.092557e+00
1.884000e-10,-6.576859e-18,-6.337077e-18,4.384572e-18,-6.337077e-18,-6.712532e+00,7.176959e+00,7.092557e+00
1.885000e-10,-8.769145e-18,-5.977405e-18,3.990646e-18,-4.007773e-18,-6.712532e+00,7.176959e+00,7.092557e+00
1.886000e-10,-4.384572e-18,-5.600606e-18,3.528211e-18,-1.241725e-18,-6.712532e+00,7.176959e+00,7.092557e+00
1.887000e-10,0.000000e+00,-5.223807e-18,3.040084e-18,1.455815e-18,-6.712532e+00,7.176959e+00,7.092557e+00
1.888000e-10,0.000000e+00,-4.847008e-18,2.543395e-18,3.999210e-18,-6.712532e+00,7.176959e+00,7.092557e+00
1.889000e-10,2.192286e-18,-4.470209e-18,2.106650e-18,6.337077e-18,-6.712532e+00,7.176959e+00,7.092557e+00
1.890000e-10,0.000000e+00,-4.093409e-18,1.764105e-18,8.255328e-18,-6.712532e+00,7.176959e+00,7.092557e+00
1.891000e-10,0.000000e+00,-3.716610e-18,1.464379e-18,9.959488e-18,-6.712532e+00,7.176959e+00,7.092557e+00
1.892000e-10,4.384572e-18,-3.348375e-18,1.335924e-18,1.132967e-17,-6.712532e+00,7.176959e+00,7.092557e+00
1.893000e-10,4.384572e-18,-2.988703e-18,1.258852e-18,1.198907e-17,-6.712532e+00,7.176959e+00,7.092557e+00
1.894000e-10,8.769145e-18,-2.629031e-18,1.190343e-18,1.205757e-17,-6.712532e+00,7.176959e+00,7.092557e+00
1.895000e-10,8.769145e-18,-2.269359e-18,1.275979e-18,1.154376e-17,-6.712532e+00,7.176959e+00,7.092557e+00
1.896000e-10,1.096143e-17,-2.132341e-18,1.387306e-18,1.057607e-17,-6.712532e+00,7.176959e+00,7.092557e+00
1.897000e-10,1.315372e-17,-2.080959e-18,1.601397e-18,9.051744e-18,-6.712532e+00,7.176959e+00,7.092557e+00
1.898000e-10,8.769145e-18,-2.021014e-18,1.824051e-18,7.133494e-18,-6.712532e+00,7.176959e+00,7.092557e+00
1.899000e-10,4.384572e-18,-1.961069e-18,2.038141e-18,4.958335e-18,-6.712532e+00,7.176959e+00,7.092557e+00
1.900000e-10,4.384572e-18,-1.901123e-18,2.200850e-18,2.937321e-18,-6.712532e+00,7.176959e+00,7.092557e+00
1.901000e-10,2.192286e-18,-1.832614e-18,2.354995e-18,1.027634e-18,-6.712532e+00,7.176959e+00,7.092557e+00
1.902000e-10,4.384572e-18,-1.772669e-18,2.500576e-18,-8.306709e-19,-6.712532e+00,7.176959e+00,7.092557e+00
1.903000e-10,4.384572e-18,-1.712724e-18,2.654722e-18,-2.586213e-18,-6.712532e+00,7.176959e+00,7.092557e+00
1.904000e-10,4.384572e-18,-1.687033e-18,2.817430e-18,-4.136227e-18,-6.712532e+00,7.176959e+00,7.092557e+00
1.905000e-10,0.000000e+00,-1.669905e-18,2.903066e-18,-5.155298e-18,-6.712532e+00,7.176959e+00,7.092557e+00
1.906000e-10,0.000000e+00,-1.661342e-18,2.954448e-18,-5.660551e-18,-6.712532e+00,7.176959e+00,7.092557e+00
1.907000e-10,-4.384572e-18,-1.652778e-18,2.997266e-18,-5.763315e-18,-6.712532e+00,7.176959e+00,7.092557e+00
1.908000e-10,-4.384572e-18,-1.644215e-18,3.040084e-18,-5.386516e-18,-6.712532e+00,7.176959e+00,7.092557e+00
1.909000e-10,-6.576859e-18,-1.635651e-18,2.928757e-18,-4.521590e-18,-6.712532e+00,7.176959e+00,7.092557e+00
1.910000e-10,-4.384572e-18,-1.618524e-18,2.766049e-18,-3.279866e-18,-6.712532e+00,7.176959e+00,7.092557e+00
1.911000e-10,0.000000e+00,-1.609960e-18,2.586213e-18,-1.635651e-18,-6.712532e+00,7.176959e+00,7.092557e+00
1.912000e-10,-4.384572e-18,-1.601397e-18,2.243668e-18,2.397813e-19,-6.712532e+00,7.176959e+00,7.092557e+00
1.913000e-10,2.192286e-18,-1.584269e-18,1.909687e-18,2.175159e-18,-6.712532e+00,7.176959e+00,7.092557e+00
1.914000e-10,0.000000e+00,-1.575706e-18,1.567142e-18,4.127664e-18,-6.712532e+00,7.176959e+00,7.092557e+00
1.915000e-10,0.000000e+00,-1.567142e-18,1.233161e-18,6.071605e-18,-6.712532e+00,7.176959e+00,7.092557e+00
1.916000e-10,4.384572e-18,-1.550015e-18,1.053325e-18,7.758638e-18,-6.712532e+00,7.176959e+00,7.092557e+00
1.917000e-10,4.384572e-18,-1.541451e-18,9.334344e-19,8.760581e-18,-6.712532e+00,7.176959e+00,7.092557e+00
1.918000e-10,8.769145e-18,-1.532888e-18,8.221073e-19,9.180198e-18,-6.712532e+00,7.176959e+00,7.092557e+00
1.919000e-10,4.384572e-18,-1.515760e-18,8.820526e-19,9.274398e-18,-6.712532e+00,7.176959e+00,7.092557e+00
1.920000e-10,1.096143e-17,-1.507197e-18,1.001943e-18,8.726327e-18,-6.712532e+00,7.176959e+00,7.092557e+00
1.921000e-10,8.769145e-18,-1.498633e-18,1.207470e-18,7.501729e-18,-6.712532e+00,7.176959e+00,7.092557e+00
1.922000e-10,4.384572e-18,-1.447251e-18,1.430124e-18,5.891769e-18,-6.712532e+00,7.176959e+00,7.092557e+00
1.923000e-10,4.384572e-18,-1.387306e-18,1.661342e-18,3.836501e-18,-6.712532e+00,7.176959e+00,7.092557e+00
1.924000e-10,2.192286e-18,-1.327361e-18,1.875432e-18,1.909687e-18,-6.712532e+00,7.176959e+00,7.092557e+00
1.925000e-10,4.384572e-18,-1.267415e-18,2.098086e-18,4.281809e-20,-6.712532e+00,7.176959e+00,7.092557e+00
1.926000e-10,4.384572e-18,-1.216034e-18,2.269359e-18,-1.789796e-18,-6.712532e+00,7.176959e+00,7.092557e+00
1.927000e-10,4.384572e-18,-1.156088e-18,2.423504e-18,-3.536774e-18,-6.712532e+00,7.176959e+00,7.092557e+00
1.928000e-10,4.384572e-18,-1.130398e-18,2.586213e-18,-5.078225e-18,-6.712532e+00,7.176959e+00,7.092557e+00
1.929000e-10,0.000000e+00,-1.121834e-18,2.688976e-18,-6.097296e-18,-6.712532e+00,7.176959e+00,7.092557e+00
1.930000e-10,0.000000e+00,-1.121834e-18,2.757485e-18,-6.534040e-18,-6.712532e+00,7.176959e+00,7.092557e+00
1.931000e-10,-4.384572e-18,-1.121834e-18,2.808867e-18,-6.551168e-18,-6.712532e+00,7.176959e+00,7.092557e+00
1.932000e-10,-4.384572e-18,-1.121834e-18,2.851685e-18,-6.140114e-18,-6.712532e+00,7.176959e+00,7.092557e+00
1.933000e-10,-6.576859e-18,-1.121834e-18,2.731794e-18,-5.266625e-18,-6.712532e+00,7.176959e+00,7.092557e+00
1.934000e-10,-4.384572e-18,-1.121834e-18,2.560522e-18,-4.016337e-18,-6.712532e+00,7.176959e+00,7.092557e+00
1.935000e-10,0.000000e+00,-1.121834e-18,2.380686e-18,-2.312177e-18,-6.712532e+00,7.176959e+00,7.092557e+00
1.936000e-10,-4.384572e-18,-1.121834e-18,2.046705e-18,-4.110537e-19,-6.712532e+00,7.176959e+00,7.092557e+00
1.937000e-10,2.192286e-18,-1.121834e-18,1.644215e-18,1.781233e-18,-6.712532e+00,7.176959e+00,7.092557e+00
1.938000e-10,0.000000e+00,-1.121834e-18,1.207470e-18,4.264682e-18,-6.712532e+00,7.176959e+00,7.092557e+00
1.939000e-10,0.000000e+00,-1.121834e-18,7.621620e-19,6.671058e-18,-6.712532e+00,7.176959e+00,7.092557e+00
1.940000e-10,0.000000e+00,-1.121834e-18,3.254175e-19,9.034617e-18,-6.712532e+00,7.176959e+00,7.092557e+00
1.941000e-10,0.000000e+00,-1.027634e-18,8.563618e-20,1.126972e-17,-6.712532e+00,7.176959e+00,7.092557e+00
1.942000e-10,4.384572e-18,-1.181779e-18,5.223807e-19,1.292250e-17,-6.712532e+00,7.176959e+00,7.092557e+00
1.943000e-10,4.384572e-18,-1.644215e-18,1.404433e-18,1.368466e-17,-6.712532e+00,7.176959e+00,7.092557e+00
1.944000e-10,8.769145e-18,-2.337868e-18,2.440631e-18,1.362472e-17,-6.712532e+00,7.176959e+00,7.092557e+00
1.945000e-10,8.769145e-18,-3.185666e-18,3.528211e-18,1.266559e-17,-6.712532e+00,7.176959e+00,7.092557e+00
1.946000e-10,1.096143e-17,-4.161918e-18,4.598663e-18,1.112414e-17,-6.712532e+00,7.176959e+00,7.092557e+00
1.947000e-10,8.769145e-18,-5.180989e-18,5.720497e-18,9.060308e-18,-6.712532e+00,7.176959e+00,7.092557e+00
1.948000e-10,4.384572e-18,-6.200059e-18,6.799513e-18,6.645368e-18,-6.712532e+00,7.176959e+00,7.092557e+00
1.949000e-10,4.384572e-18,-7.056421e-18,7.904219e-18,4.127664e-18,-6.712532e+00,7.176959e+00,7.092557e+00
1.950000e-10,2.192286e-18,-7.476038e-18,9.043181e-18,1.704160e-18,-6.712532e+00,7.176959e+00,7.092557e+00
1.951000e-10,4.384572e-18,-7.484602e-18,1.001087e-17,-4.453081e-19,-6.712532e+00,7.176959e+00,7.092557e+00
1.952000e-10,4.384572e-18,-7.227694e-18,1.047330e-17,-2.089523e-18,-6.712532e+00,7.176959e+00,7.092557e+00
1.953000e-10,4.384572e-18,-6.679622e-18,1.062745e-17,-3.331247e-18,-6.712532e+00,7.176959e+00,7.092557e+00
1.954000e-10,4.384572e-18,-5.977405e-18,1.045618e-17,-4.427390e-18,-6.712532e+00,7.176959e+00,7.092557e+00
1.955000e-10,4.384572e-18,-5.043971e-18,9.702579e-18,-5.403643e-18,-6.712532e+00,7.176959e+00,7.092557e+00
1.956000e-10,4.384572e-18,-3.879319e-18,8.623563e-18,-6.337077e-18,-6.712532e+00,7.176959e+00,7.092557e+00
1.957000e-10,4.384572e-18,-2.414940e-18,7.527420e-18,-7.193439e-18,-6.712532e+00,7.176959e+00,7.092557e+00
1.958000e-10,4.384572e-18,-1.216034e-18,6.465532e-18,-8.006983e-18,-6.712532e+00,7.176959e+00,7.092557e+00
1.959000e-10,0.000000e+00,-2.312177e-19,5.335134e-18,-8.606436e-18,-6.712532e+00,7.176959e+00,7.092557e+00
1.960000e-10,-4.384572e-18,6.422713e-19,4.384572e-18,-8.615000e-18,-6.712532e+00,7.176959e+00,7.092557e+00
1.961000e-10,-4.384572e-18,1.241725e-18,3.528211e-18,-7.810020e-18,-6.712532e+00,7.176959e+00,7.092557e+00
1.962000e-10,-6.576859e-18,1.472942e-18,2.971575e-18,-6.105860e-18,-6.712532e+00,7.176959e+00,7.092557e+00
1.963000e-10,-8.769145e-18,1.370179e-18,2.680412e-18,-3.810810e-18,-6.712532e+00,7.176959e+00,7.092557e+00
1.964000e-10,-8.769145e-18,1.019071e-18,2.843121e-18,-1.010507e-18,-6.712532e+00,7.176959e+00,7.092557e+00
1.965000e-10,-4.384572e-18,7.450348e-19,3.305557e-18,1.849741e-18,-6.712532e+00,7.176959e+00,7.092557e+00
1.966000e-10,0.000000e+00,4.966898e-19,3.913573e-18,4.590099e-18,-6.712532e+00,7.176959e+00,7.092557e+00
1.967000e-10,0.000000e+00,2.569085e-19,4.581536e-18,7.056421e-18,-6.712532e+00,7.176959e+00,7.092557e+00
1.968000e-10,6.576859e-18,3.425447e-20,5.240934e-18,9.111689e-18,-6.712532e+00,7.176959e+00,7.092557e+00
1.969000e-10,4.384572e-18,-1.883996e-19,5.985969e-18,1.074734e-17,-6.712532e+00,7.176959e+00,7.092557e+00
1.970000e-10,8.769145e-18,-5.651988e-19,6.748131e-18,1.198907e-17,-6.712532e+00,7.176959e+00,7.092557e+00
1.971000e-10,8.769145e-18,-9.848161e-19,7.510293e-18,1.251145e-17,-6.712532e+00,7.176959e+00,7.092557e+00
1.972000e-10,1.096143e-17,-1.421561e-18,8.426600e-18,1.229736e-17,-6.712532e+00,7.176959e+00,7.092557e+00
1.973000e-10,8.769145e-18,-1.858305e-18,9.394289e-18,1.145812e-17,-6.712532e+00,7.176959e+00,7.092557e+00
1.974000e-10,8.769145e-18,-2.209413e-18,1.036198e-17,1.033629e-17,-6.712532e+00,7.176959e+00,7.092557e+00
1.975000e-10,4.384572e-18,-2.534831e-18,1.136392e-17,8.966108e-18,-6.712532e+00,7.176959e+00,7.092557e+00
1.976000e-10,4.384572e-18,-2.697540e-18,1.240868e-17,7.458911e-18,-6.712532e+00,7.176959e+00,7.092557e+00
1.977000e-10,2.192286e-18,-2.808867e-18,1.345344e-17,6.174369e-18,-6.712532e+00,7.176959e+00,7.092557e+00
1.978000e-10,0.000000e+00,-2.997266e-18,1.426699e-17,4.872699e-18,-6.712532e+00,7.176959e+00,7.092557e+00
1.979000e-10,4.384572e-18,-3.219920e-18,1.448964e-17,3.502520e-18,-6.712532e+00,7.176959e+00,7.092557e+00
1.980000e-10,4.384572e-18,-3.493956e-18,1.415566e-17,2.123777e-18,-6.712532e+00,7.176959e+00,7.092557e+00
1.981000e-10,4.384572e-18,-3.905010e-18,1.319654e-17,8.049801e-19,-6.712532e+00,7.176959e+00,7.092557e+00
1.982000e-10,4.384572e-18,-4.341754e-18,1.170647e-17,-4.281809e-19,-6.712532e+00,7.176959e+00,7.092557e+00
1.983000e-10,4.384572e-18,-4.795626e-18,9.813906e-18,-1.618524e-18,-6.712532e+00,7.176959e+00,7.092557e+00
1.984000e-10,4.384572e-18,-5.258061e-18,7.758638e-18,-2.731794e-18,-6.712532e+00,7.176959e+00,7.092557e+00
1.985000e-10,4.384572e-18,-5.711933e-18,5.763315e-18,-3.819374e-18,-6.712532e+00,7.176959e+00,7.092557e+00
1.986000e-10,4.384572e-18,-6.165805e-18,3.802246e-18,-4.889826e-18,-6.712532e+00,7.176959e+00,7.092557e+00
1.987000e-10,4.384572e-18,-6.534040e-18,1.918250e-18,-5.943151e-18,-6.712532e+00,7.176959e+00,7.092557e+00
1.988000e-10,4.384572e-18,-6.885149e-18,7.707256e-20,-6.919403e-18,-6.712532e+00,7.176959e+00,7.092557e+00
1.989000e-10,4.384572e-18,-7.124930e-18,-1.644215e-18,-7.869965e-18,-6.712532e+00,7.176959e+00,7.092557e+00
1.990000e-10,0.000000e+00,-7.227694e-18,-3.014394e-18,-8.657818e-18,-6.712532e+00,7.176959e+00,7.092557e+00
1.991000e-10,-4.384572e-18,-6.782385e-18,-3.973519e-18,-8.880472e-18,-6.712532e+00,7.176959e+00,7.092557e+00
1.992000e-10,-4.384572e-18,-5.951714e-18,-4.470209e-18,-8.178255e-18,-6.712532e+00,7.176959e+00,7.092557e+00
1.993000e-10,-2.192286e-18,-4.718553e-18,-4.067719e-18,-6.593986e-18,-6.712532e+00,7.176959e+00,7.092557e+00
1.994000e-10,-4.384572e-18,-3.091466e-18,-3.082902e-18,-4.410263e-18,-6.712532e+00,7.176959e+00,7.092557e+00
1.995000e-10,-1.096143e-17,-1.550015e-18,-1.764105e-18,-1.712724e-18,-6.712532e+00,7.176959e+00,7.092557e+00
1.996000e-10,-4.384572e-18,-5.138171e-20,-3.425447e-20,1.053325e-18,-6.712532e+00,7.176959e+00,7.092557e+00
1.997000e-10,0.000000e+00,1.558578e-18,2.063832e-18,3.656665e-18,-6.712532e+00,7.176959e+00,7.092557e+00
1.998000e-10,0.000000e+00,2.980139e-18,4.273245e-18,6.054478e-18,-6.712532e+00,7.176959e+00,7.092557e+00
1.999000e-10,6.576859e-18,4.084846e-18,6.456968e-18,7.998419e-18,-6.712532e+00,7.176959e+00,7.092557e+00
